"snapshot","sku","graceSku","family","sizeMl","glassColor","component","catalogName","groupId","groupSlug","standard","standardVersion","plateState","plateAction","plateNext","plateCurrentSha256","plateCandidateSha256","plateCollection","plateReason","kitState","kitAction","kitNext","kitCurrentSha256","kitCandidateSha256","kitCollection","kitReason","heroState","heroAction","heroNext","heroCurrentSha256","heroCandidateSha256","heroCollection","heroReason"
"2026-09-13T00:46:11.822Z","GBBstn15BlkCapSht","GB-BSR-CLR-15ML-BLK-S","Boston Round","15","Clear","Black cap","Boston round design 15ml, 1/2 oz  Clear glass bottle with short black cap. For use with Perfume oils, essential oils, diffuser oils and aromatherapy. Price each","kh7em1j4z5a71s14sknz63zgk98dpm9w","boston-round-15ml-clear-18-400","boston-round-standard-15ml","1","plated-cap-on-only","Recover cap-off view","Keep the cap-on plate. Check isolated layers and paired uncapped master PSDs for the required view.","cb11490cbe2104d37535b896d8d685f9958eddd92041e62254a27e8554de4236","","","{""state"":""plated-cap-on-only"",""familyId"":""boston-round-15ml-clear-18-400"",""sha256"":""cb11490cbe2104d37535b896d8d685f9958eddd92041e62254a27e8554de4236"",""revision"":2,""imageUrl"":""https://yzy7l20k4yt6znzz.public.blob.vercel-storage.com/plates/boston-round-15ml-clear-18-400/GBBstn15BlkCapSht/cb11490cbe2104d37535b896d8d685f9958eddd92041e62254a27e8554de4236.front-on-1000x1100.webp"",""sourcePath"":""1.  20-400 (1 oz & 2 oz) the 15ml 18-400 Boston Round/1. Boston Round  Dropper Bottles/5.  (.5 ounce:15ml) Boston Round (Capped)/3. Clear Bottle (.5ounce:15ml) (capped)/Clear Dropper Bottler 1.5 ounce Alternating Caps (capped)/1. GBBstn15BlkCapSht.psd"",""capOff"":false,""bodyWidth"":293,""expectedWidth"":292,""sizeDeviation"":0.002,""legacySource"":false,""approval"":null,""masterSourceRecorded"":true,""checksPassed"":false,""complete"":false}","candidate","Review saved kit","Use the existing candidate. Check photographed parts and alignment; a plate correction requires a new registration check.","","e5dcb3977b72eb14d87d34e8d107017dff2ccea179b96a49f1ea445d2f8522a0","catalog-kit-candidates-2026-09-08-r7","{""state"":""candidate"",""reason"":""Source-qualified paired PSD mapping passed alpha and exact plate-parity gates; visual approval required."",""candidate"":{""state"":""pending"",""sha256"":""e5dcb3977b72eb14d87d34e8d107017dff2ccea179b96a49f1ea445d2f8522a0"",""plateSha256"":""cb11490cbe2104d37535b896d8d685f9958eddd92041e62254a27e8554de4236"",""collection"":""catalog-kit-candidates-2026-09-08-r7"",""bytesVerified"":true}}","indexed","Reuse approved Sunburst","Check this configuration against the locked glass target. Resize only if needed; changed bytes need their own review.","871d96733ee510ba8bc62bb7b997746b718be9523e35efdad81462cf283dfc40","871d96733ee510ba8bc62bb7b997746b718be9523e35efdad81462cf283dfc40","r5-boston-round-2026-09-10","{""state"":""indexed"",""generation"":""sunburst-approved"",""url"":""/images/catalog/bone-review/GBBstn15BlkCapSht.871d96733ee5.png"",""sha256"":""871d96733ee510ba8bc62bb7b997746b718be9523e35efdad81462cf283dfc40"",""manifestSha256"":""871d96733ee510ba8bc62bb7b997746b718be9523e35efdad81462cf283dfc40"",""lock"":""release-2"",""groupSlug"":""boston-round-15ml-clear-18-400"",""review"":{""status"":""approved"",""sha256"":""871d96733ee510ba8bc62bb7b997746b718be9523e35efdad81462cf283dfc40"",""collection"":""r5-boston-round-2026-09-10"",""updatedAt"":""2026-09-11T06:33:00.526Z""},""candidate"":{""state"":""approved"",""sha256"":""871d96733ee510ba8bc62bb7b997746b718be9523e35efdad81462cf283dfc40"",""collection"":""r5-boston-round-2026-09-10"",""bytesVerified"":true}}"
"2026-09-13T00:46:11.822Z","GBBstn15BlkDrp","GB-BSR-CLR-15ML-DRP-BLK","Boston Round","15","Clear","N/A","Boston round design 15ml, 1/2 oz  Clear glass bottle with a black dropper. For use with perfume oils, diffuser oils, ser","kh7em1j4z5a71s14sknz63zgk98dpm9w","boston-round-15ml-clear-18-400","boston-round-standard-15ml","1","plated-cap-on-only","Recover cap-off view","Keep the cap-on plate. Check isolated layers and paired uncapped master PSDs for the required view.","d24d28e35799cdfe3d069726b5015fe2f97be109bd6892ee0068f4ccca663235","","","{""state"":""plated-cap-on-only"",""familyId"":""boston-round-15ml-clear-18-400"",""sha256"":""d24d28e35799cdfe3d069726b5015fe2f97be109bd6892ee0068f4ccca663235"",""revision"":2,""imageUrl"":""https://yzy7l20k4yt6znzz.public.blob.vercel-storage.com/plates/boston-round-15ml-clear-18-400/GBBstn15BlkDrp/d24d28e35799cdfe3d069726b5015fe2f97be109bd6892ee0068f4ccca663235.front-on-1000x1100.webp"",""sourcePath"":""1.  20-400 (1 oz & 2 oz) the 15ml 18-400 Boston Round/1. Boston Round  Dropper Bottles/5.  (.5 ounce:15ml) Boston Round (Capped)/3. Clear Bottle (.5ounce:15ml) (capped)/Clear Dropper Bottler 1.5 ounce Alternating Caps (capped)/5.  GBBstn15BlkDrp.psd"",""capOff"":false,""bodyWidth"":292,""expectedWidth"":292,""sizeDeviation"":-0.002,""legacySource"":false,""approval"":null,""masterSourceRecorded"":true,""checksPassed"":false,""complete"":false}","held","Resolve kit hold","Recheck the recorded source or component-layer mapping. Keep unresolved identity explicit.","","d24d28e35799cdfe3d069726b5015fe2f97be109bd6892ee0068f4ccca663235","catalog-kit-needs-review-2026-09-08-r5","{""state"":""held"",""reason"":""Drp requires manual semantic mapping"",""candidate"":{""state"":""pending"",""sha256"":""d24d28e35799cdfe3d069726b5015fe2f97be109bd6892ee0068f4ccca663235"",""plateSha256"":""d24d28e35799cdfe3d069726b5015fe2f97be109bd6892ee0068f4ccca663235"",""collection"":""catalog-kit-needs-review-2026-09-08-r5"",""bytesVerified"":true}}","none","Check component coverage","A group Sunburst exists. Search saved exact-configuration images and verify the selected component; do not assume a new generation is required.","","","","{""state"":""none""}"
"2026-09-13T00:46:11.822Z","GBBstn1ozBlkCapSht","GB-BSR-CLR-30ML-BLK-S","Boston Round","30","Clear","Black cap","Boston round design 30ml, 1oz Clear glass bottle with short black cap. For use with Perfume oils, essential oils, diffuser oils and aromatherapy. Price each","kh7bb32zgnejqh02fd0bm6cgwx8dq3bd","boston-round-30ml-clear-20-400","boston-round-standard-30ml","1","plated-cap-on-only","Recover cap-off view","Keep the cap-on plate. Check isolated layers and paired uncapped master PSDs for the required view.","85d25d540709059c89bddb9ab2e820ad7cc895e52579abc9bc8924ead0f1d267","","","{""state"":""plated-cap-on-only"",""familyId"":""boston-round-30ml-clear-20-400"",""sha256"":""85d25d540709059c89bddb9ab2e820ad7cc895e52579abc9bc8924ead0f1d267"",""revision"":2,""imageUrl"":""https://yzy7l20k4yt6znzz.public.blob.vercel-storage.com/plates/boston-round-30ml-clear-20-400/GBBstn1ozBlkCapSht/85d25d540709059c89bddb9ab2e820ad7cc895e52579abc9bc8924ead0f1d267.front-on-1000x1100.webp"",""sourcePath"":""1.  20-400 (1 oz & 2 oz) the 15ml 18-400 Boston Round/1. Boston Round  Dropper Bottles/4. (1ounce:30ml) Boston Round  (Capped)/3. Clear Bottle (1oz) (capped)/Clear - Alternating Caps (capped)/17. GBBstn1ozBlkCapSht.psd"",""capOff"":false,""bodyWidth"":335,""expectedWidth"":null,""sizeDeviation"":null,""legacySource"":false,""approval"":null,""localCandidate"":{""sku"":""GBBstn1ozBlkCapSht"",""familyId"":""boston-round-30ml-clear-20-400"",""state"":""pending"",""sha256"":""a7961ffc61084fd6e36fcebf36b051e58874c19882c3d68cb095716ebe99ea3a"",""beforeSha256"":""85d25d540709059c89bddb9ab2e820ad7cc895e52579abc9bc8924ead0f1d267"",""comparisonPath"":""/Users/jordanrichter/.codex/visualizations/2026/09/12/01a097d5-52fb-77b2-9230-f5a9a5ee8e40/plate-grouping-review/index.html"",""note"":""Paused render proposal, not approved. Physical-group reconciliation required.""},""masterSourceRecorded"":true,""checksPassed"":false,""complete"":false}","candidate","Review saved kit","Use the existing candidate. Check photographed parts and alignment; a plate correction requires a new registration check.","","7970a1c7848cc013a8d9670451826e06a7be44f858a34863f2987cff1679642d","catalog-kit-candidates-2026-09-08-r7","{""state"":""candidate"",""reason"":""Source-qualified paired PSD mapping passed alpha and exact plate-parity gates; visual approval required."",""candidate"":{""state"":""pending"",""sha256"":""7970a1c7848cc013a8d9670451826e06a7be44f858a34863f2987cff1679642d"",""plateSha256"":""85d25d540709059c89bddb9ab2e820ad7cc895e52579abc9bc8924ead0f1d267"",""collection"":""catalog-kit-candidates-2026-09-08-r7"",""bytesVerified"":true}}","indexed","Resized image approved","Keep the approved final file. Verify its desktop/mobile product experience before release.","d1ca21c8a1dde2a9f2ee035cbde57e3f2bff31b5d7a8c83b99371a1f04df5401","c26a6e4cf88883e8485af6b5dfe897c8c773cb861caefa7e29dde3b20fdacde4","boston-30ml-final-size-v1-2026-09-12","{""state"":""indexed"",""generation"":""sunburst-approved"",""url"":""/images/catalog/bone-review/GBBstn1ozBlkCapSht.d1ca21c8a1dd.png"",""sha256"":""d1ca21c8a1dde2a9f2ee035cbde57e3f2bff31b5d7a8c83b99371a1f04df5401"",""manifestSha256"":""d1ca21c8a1dde2a9f2ee035cbde57e3f2bff31b5d7a8c83b99371a1f04df5401"",""lock"":""release-3"",""groupSlug"":""boston-round-30ml-clear-20-400"",""review"":{""status"":""approved"",""sha256"":""c26a6e4cf88883e8485af6b5dfe897c8c773cb861caefa7e29dde3b20fdacde4"",""collection"":""boston-30ml-final-size-v1-2026-09-12"",""updatedAt"":""2026-09-13T00:33:20.402Z""},""candidate"":{""state"":""approved"",""sha256"":""c26a6e4cf88883e8485af6b5dfe897c8c773cb861caefa7e29dde3b20fdacde4"",""collection"":""boston-30ml-final-size-v1-2026-09-12"",""bytesVerified"":true}}"
"2026-09-13T00:46:11.822Z","GBBstn1ozBlkDrp","GB-BSR-CLR-30ML-DRP-BLK-T","Boston Round","30","Clear","Dropper · Black cap","Boston round design 30ml, 1oz Clear glass bottle with black dropper. For use with perfume oils, diffuser oils, serums, primers, facial oils or face oils, moisturizers, and beard oils. Price each","kh70av3cknps9zwv11j1h53ag18dpb4z","boston-round-30ml-clear-20-400-dropper","boston-round-standard-30ml","1","plated-no-capoff-by-design","Recover approval / review","Find matching plate-specific approval evidence first. If none exists, review the current image without rebuilding it.","12d5b95f4de0b2ef36e34ef927a56b10dc0a096d68809f1ee021a7fd3690dec7","","","{""state"":""plated-no-capoff-by-design"",""familyId"":""boston-round-30ml-clear-20-400"",""sha256"":""12d5b95f4de0b2ef36e34ef927a56b10dc0a096d68809f1ee021a7fd3690dec7"",""revision"":2,""imageUrl"":""https://yzy7l20k4yt6znzz.public.blob.vercel-storage.com/plates/boston-round-30ml-clear-20-400/GBBstn1ozBlkDrp/12d5b95f4de0b2ef36e34ef927a56b10dc0a096d68809f1ee021a7fd3690dec7.front-on-1000x1100.webp"",""sourcePath"":""1.  20-400 (1 oz & 2 oz) the 15ml 18-400 Boston Round/1. Boston Round  Dropper Bottles/4. (1ounce:30ml) Boston Round  (Capped)/3. Clear Bottle (1oz) (capped)/Clear - Alternating Caps (capped)/16. GBBstn1ozBlkDrp.psd"",""capOff"":false,""bodyWidth"":336,""expectedWidth"":335,""sizeDeviation"":0.003,""legacySource"":false,""approval"":null,""localCandidate"":{""sku"":""GBBstn1ozBlkDrp"",""familyId"":""boston-round-30ml-clear-20-400"",""state"":""pending"",""sha256"":""8796a94ebd87d7f2f42595d301f76996375b3a344116827381277d8c2c562b19"",""beforeSha256"":""12d5b95f4de0b2ef36e34ef927a56b10dc0a096d68809f1ee021a7fd3690dec7"",""comparisonPath"":""/Users/jordanrichter/.codex/visualizations/2026/09/12/01a097d5-52fb-77b2-9230-f5a9a5ee8e40/plate-grouping-review/index.html"",""note"":""Paused render proposal, not approved. Physical-group reconciliation required.""},""masterSourceRecorded"":true,""checksPassed"":true,""complete"":false}","held","Resolve kit hold","Recheck the recorded source or component-layer mapping. Keep unresolved identity explicit.","","12d5b95f4de0b2ef36e34ef927a56b10dc0a096d68809f1ee021a7fd3690dec7","catalog-kit-needs-review-2026-09-08-r5","{""state"":""held"",""reason"":""Drp requires manual semantic mapping"",""candidate"":{""state"":""pending"",""sha256"":""12d5b95f4de0b2ef36e34ef927a56b10dc0a096d68809f1ee021a7fd3690dec7"",""plateSha256"":""12d5b95f4de0b2ef36e34ef927a56b10dc0a096d68809f1ee021a7fd3690dec7"",""collection"":""catalog-kit-needs-review-2026-09-08-r5"",""bytesVerified"":true}}","none","Check component coverage","A group Sunburst exists. Search saved exact-configuration images and verify the selected component; do not assume a new generation is required.","","","","{""state"":""none""}"
"2026-09-13T00:46:11.822Z","GBBstn1ozBlkDrpShnGlTrim","GB-BSR-CLR-30ML-DRP-SGTR-T-01","Boston Round","30","Clear","Dropper · Shiny Gold Trim cap","Boston round design 30ml, 1oz Clear glass bottle and black dropper with a shiny gold trim cap. For use with perfume oils, diffuser oils, serums, primers, facial oils or face oils, moisturizers, and beard oils. Price each","kh70av3cknps9zwv11j1h53ag18dpb4z","boston-round-30ml-clear-20-400-dropper","boston-round-standard-30ml","1","plated-no-capoff-by-design","Recover approval / review","Find matching plate-specific approval evidence first. If none exists, review the current image without rebuilding it.","45fcd642194824b4a5b06a87f0be48b160e25f31d332df5e2a5a4f30449af77c","","","{""state"":""plated-no-capoff-by-design"",""familyId"":""boston-round-30ml-clear-20-400"",""sha256"":""45fcd642194824b4a5b06a87f0be48b160e25f31d332df5e2a5a4f30449af77c"",""revision"":2,""imageUrl"":""https://yzy7l20k4yt6znzz.public.blob.vercel-storage.com/plates/boston-round-30ml-clear-20-400/GBBstn1ozBlkDrpShnGlTrim/45fcd642194824b4a5b06a87f0be48b160e25f31d332df5e2a5a4f30449af77c.front-on-1000x1100.webp"",""sourcePath"":""1.  20-400 (1 oz & 2 oz) the 15ml 18-400 Boston Round/1. Boston Round  Dropper Bottles/4. (1ounce:30ml) Boston Round  (Capped)/3. Clear Bottle (1oz) (capped)/Clear - Alternating Caps (capped)/12. GBBstn1ozBlkDrpShnGlTrim.psd"",""capOff"":false,""bodyWidth"":335,""expectedWidth"":335,""sizeDeviation"":0,""legacySource"":false,""approval"":null,""localCandidate"":{""sku"":""GBBstn1ozBlkDrpShnGlTrim"",""familyId"":""boston-round-30ml-clear-20-400"",""state"":""pending"",""sha256"":""c14f8f22c2a2ecdd797d88dab6b0d99674801088dca481604b852e386af437b4"",""beforeSha256"":""45fcd642194824b4a5b06a87f0be48b160e25f31d332df5e2a5a4f30449af77c"",""comparisonPath"":""/Users/jordanrichter/.codex/visualizations/2026/09/12/01a097d5-52fb-77b2-9230-f5a9a5ee8e40/plate-grouping-review/index.html"",""note"":""Paused render proposal, not approved. Physical-group reconciliation required.""},""masterSourceRecorded"":true,""checksPassed"":true,""complete"":false}","held","Resolve kit hold","Recheck the recorded source or component-layer mapping. Keep unresolved identity explicit.","","45fcd642194824b4a5b06a87f0be48b160e25f31d332df5e2a5a4f30449af77c","catalog-kit-needs-review-2026-09-08-r5","{""state"":""held"",""reason"":""Drp requires manual semantic mapping"",""candidate"":{""state"":""pending"",""sha256"":""45fcd642194824b4a5b06a87f0be48b160e25f31d332df5e2a5a4f30449af77c"",""plateSha256"":""45fcd642194824b4a5b06a87f0be48b160e25f31d332df5e2a5a4f30449af77c"",""collection"":""catalog-kit-needs-review-2026-09-08-r5"",""bytesVerified"":true}}","indexed","Reuse approved Sunburst","Check this configuration against the locked glass target. Resize only if needed; changed bytes need their own review.","79bb5e58e3630bd2ecccefe8d68c17bd7077129c1c854f933b64267219adefeb","79bb5e58e3630bd2ecccefe8d68c17bd7077129c1c854f933b64267219adefeb","r5-boston-round-2026-09-10","{""state"":""indexed"",""generation"":""sunburst-approved"",""url"":""/images/catalog/bone-review/GBBstn1ozBlkDrpShnGlTrim.79bb5e58e363.png"",""sha256"":""79bb5e58e3630bd2ecccefe8d68c17bd7077129c1c854f933b64267219adefeb"",""manifestSha256"":""79bb5e58e3630bd2ecccefe8d68c17bd7077129c1c854f933b64267219adefeb"",""lock"":""release-2"",""groupSlug"":""boston-round-30ml-clear-20-400-dropper"",""review"":{""status"":""approved"",""sha256"":""79bb5e58e3630bd2ecccefe8d68c17bd7077129c1c854f933b64267219adefeb"",""collection"":""r5-boston-round-2026-09-10"",""updatedAt"":""2026-09-11T06:33:02.589Z""},""candidate"":{""state"":""approved"",""sha256"":""79bb5e58e3630bd2ecccefe8d68c17bd7077129c1c854f933b64267219adefeb"",""collection"":""r5-boston-round-2026-09-10"",""bytesVerified"":true}}"
"2026-09-13T00:46:11.822Z","GBBstn1ozMtlRollonBlk","GB-BSR-CLR-30ML-MRL-BLK","Boston Round","30","Clear","Metal Roller Ball · Black cap","Boston round clear glass bottle with metal roll on and black cap, 1 oz capacity","kh7beaghvaf5dggxbjxy0xe17n8dp7kv","boston-round-30ml-clear-20-400-rollon","boston-round-standard-30ml","1","plated","Recover approval / review","Find matching plate-specific approval evidence first. If none exists, review the current image without rebuilding it.","3d22572a0804b0b8862a65d67468b6ccb36d7c765b0d36d26d832f908146726c","","","{""state"":""plated"",""familyId"":""boston-round-30ml-clear-20-400"",""sha256"":""3d22572a0804b0b8862a65d67468b6ccb36d7c765b0d36d26d832f908146726c"",""revision"":2,""imageUrl"":""https://yzy7l20k4yt6znzz.public.blob.vercel-storage.com/plates/boston-round-30ml-clear-20-400/GBBstn1ozMtlRollonBlk/3d22572a0804b0b8862a65d67468b6ccb36d7c765b0d36d26d832f908146726c.front-on-1000x1100.webp"",""sourcePath"":""1.  20-400 (1 oz & 2 oz) the 15ml 18-400 Boston Round/1. Boston Round  Dropper Bottles/4. (1ounce:30ml) Boston Round  (Capped)/3. Clear Bottle (1oz) (capped)/Clear - Alternating Caps (capped)/18. GBBstn1ozMtlRollonBlk.psd"",""capOff"":true,""bodyWidth"":336,""expectedWidth"":336,""sizeDeviation"":0,""legacySource"":false,""approval"":null,""localCandidate"":{""sku"":""GBBstn1ozMtlRollonBlk"",""familyId"":""boston-round-30ml-clear-20-400"",""state"":""pending"",""sha256"":""7de3e15f601935463b75d18552ddd5ebcbc8cc652bfe81d715f0eb398a4c0641"",""beforeSha256"":""3d22572a0804b0b8862a65d67468b6ccb36d7c765b0d36d26d832f908146726c"",""comparisonPath"":""/Users/jordanrichter/.codex/visualizations/2026/09/12/01a097d5-52fb-77b2-9230-f5a9a5ee8e40/plate-grouping-review/index.html"",""note"":""Paused render proposal, not approved. Physical-group reconciliation required.""},""masterSourceRecorded"":true,""checksPassed"":true,""complete"":false}","held","Resolve kit hold","Search paired master files and embedded layers for a real component. An old extraction failure does not prove photography is missing.","","3d22572a0804b0b8862a65d67468b6ccb36d7c765b0d36d26d832f908146726c","catalog-kit-needs-review-2026-09-08-r5","{""state"":""held"",""reason"":""roller is not independently recoverable"",""candidate"":{""state"":""pending"",""sha256"":""3d22572a0804b0b8862a65d67468b6ccb36d7c765b0d36d26d832f908146726c"",""plateSha256"":""3d22572a0804b0b8862a65d67468b6ccb36d7c765b0d36d26d832f908146726c"",""collection"":""catalog-kit-needs-review-2026-09-08-r5"",""bytesVerified"":true}}","none","Check component coverage","A group Sunburst exists. Search saved exact-configuration images and verify the selected component; do not assume a new generation is required.","","","","{""state"":""none""}"
"2026-09-13T00:46:11.822Z","GBBstn1ozMtlRollonGl","GB-BSR-CLR-30ML-MRO-GLD","Boston Round","30","Clear","Metal Roller Ball · Gold cap","Boston round design 30ml, 1oz Clear glass bottle with metal roller plug and shiny gold cap. For use with perfume or fragrance oil, essential oils, aromatic oils and aromatherapy. Refillable bottle with large, 12mm diameter metal-roller ball. Price each","kh7beaghvaf5dggxbjxy0xe17n8dp7kv","boston-round-30ml-clear-20-400-rollon","boston-round-standard-30ml","1","plated","Resolve plate hold","Reconcile the recorded source or integrity finding against exact catalog evidence and the master PSD. Preserve this file.","f2b188b4ae452d26cc3f4f470435cee868f3742312ffead2bcbc5f9b33cdcaa6","","","{""state"":""plated"",""familyId"":""boston-round-30ml-clear-20-400"",""sha256"":""f2b188b4ae452d26cc3f4f470435cee868f3742312ffead2bcbc5f9b33cdcaa6"",""revision"":2,""imageUrl"":""https://yzy7l20k4yt6znzz.public.blob.vercel-storage.com/plates/boston-round-30ml-clear-20-400/GBBstn1ozMtlRollonGl/f2b188b4ae452d26cc3f4f470435cee868f3742312ffead2bcbc5f9b33cdcaa6.front-on-1000x1100.webp"",""sourcePath"":""1.  20-400 (1 oz & 2 oz) the 15ml 18-400 Boston Round/1. Boston Round  Dropper Bottles/4. (1ounce:30ml) Boston Round  (Capped)/3. Clear Bottle (1oz) (capped)/Clear - Alternating Caps (capped)/4. GBBstn1ozMtlRollonGl.psd"",""capOff"":true,""bodyWidth"":335,""expectedWidth"":336,""sizeDeviation"":-0.003,""legacySource"":false,""approval"":null,""sourceHold"":{""sku"":""GBBstn1ozMtlRollonGl"",""familyId"":""boston-round-30ml-clear-20-400"",""reasons"":[""front source basename 'GBBstn1ozRollShGl' does not match website SKU 'GBBstn1ozMtlRollonGl'""]},""masterSourceRecorded"":true,""checksPassed"":false,""complete"":false}","held","Resolve kit hold","Search paired master files and embedded layers for a real component. An old extraction failure does not prove photography is missing.","","f2b188b4ae452d26cc3f4f470435cee868f3742312ffead2bcbc5f9b33cdcaa6","catalog-kit-needs-review-2026-09-08-r5","{""state"":""held"",""reason"":""roller is not independently recoverable"",""candidate"":{""state"":""pending"",""sha256"":""f2b188b4ae452d26cc3f4f470435cee868f3742312ffead2bcbc5f9b33cdcaa6"",""plateSha256"":""f2b188b4ae452d26cc3f4f470435cee868f3742312ffead2bcbc5f9b33cdcaa6"",""collection"":""catalog-kit-needs-review-2026-09-08-r5"",""bytesVerified"":true}}","none","Check component coverage","A group Sunburst exists. Search saved exact-configuration images and verify the selected component; do not assume a new generation is required.","","","","{""state"":""none""}"
"2026-09-13T00:46:11.822Z","GBBstn1ozMtlRollonMattBlk","GB-BSR-CLR-30ML-MRO-MBLK","Boston Round","30","Clear","Metal Roller Ball · Matte Black cap","Boston round design 30ml, 1oz Clear glass bottle with metal roller plug and matte black cap. For use with perfume or fragrance oil, essential oils, aromatic oils and aromatherapy. Refillable bottle with large, 12mm diameter metal-roller ball. Price each","kh7beaghvaf5dggxbjxy0xe17n8dp7kv","boston-round-30ml-clear-20-400-rollon","boston-round-standard-30ml","1","plated","Resolve plate hold","Reconcile the recorded source or integrity finding against exact catalog evidence and the master PSD. Preserve this file.","a3b8781417158f64b072594afd3c9a4369b7d29032e880664695dac3c525befd","","","{""state"":""plated"",""familyId"":""boston-round-30ml-clear-20-400"",""sha256"":""a3b8781417158f64b072594afd3c9a4369b7d29032e880664695dac3c525befd"",""revision"":2,""imageUrl"":""https://yzy7l20k4yt6znzz.public.blob.vercel-storage.com/plates/boston-round-30ml-clear-20-400/GBBstn1ozMtlRollonMattBlk/a3b8781417158f64b072594afd3c9a4369b7d29032e880664695dac3c525befd.front-on-1000x1100.webp"",""sourcePath"":""1.  20-400 (1 oz & 2 oz) the 15ml 18-400 Boston Round/1. Boston Round  Dropper Bottles/4. (1ounce:30ml) Boston Round  (Capped)/3. Clear Bottle (1oz) (capped)/Clear - Alternating Caps (capped)/3. GBBstn1ozMtlRollonMattBlk.psd"",""capOff"":true,""bodyWidth"":336,""expectedWidth"":336,""sizeDeviation"":0,""legacySource"":false,""approval"":null,""sourceHold"":{""sku"":""GBBstn1ozMtlRollonMattBlk"",""familyId"":""boston-round-30ml-clear-20-400"",""reasons"":[""front source basename 'GBBstn1ozRollMattBlk' does not match website SKU 'GBBstn1ozMtlRollonMattBlk'""]},""masterSourceRecorded"":true,""checksPassed"":false,""complete"":false}","held","Resolve kit hold","Search paired master files and embedded layers for a real component. An old extraction failure does not prove photography is missing.","","a3b8781417158f64b072594afd3c9a4369b7d29032e880664695dac3c525befd","catalog-kit-needs-review-2026-09-08-r5","{""state"":""held"",""reason"":""roller is not independently recoverable"",""candidate"":{""state"":""pending"",""sha256"":""a3b8781417158f64b072594afd3c9a4369b7d29032e880664695dac3c525befd"",""plateSha256"":""a3b8781417158f64b072594afd3c9a4369b7d29032e880664695dac3c525befd"",""collection"":""catalog-kit-needs-review-2026-09-08-r5"",""bytesVerified"":true}}","none","Check component coverage","A group Sunburst exists. Search saved exact-configuration images and verify the selected component; do not assume a new generation is required.","","","","{""state"":""none""}"
"2026-09-13T00:46:11.822Z","GBBstn1ozMtlRollonMattGl","GB-BSR-CLR-30ML-MRO-MGLD","Boston Round","30","Clear","Metal Roller Ball · Matte Gold cap","Boston round design 30ml, 1oz Clear glass bottle with metal roller plug and matte gold cap. For use with perfume or fragrance oil, essential oils, aromatic oils and aromatherapy. Refillable bottle with large, 12mm diameter metal-roller ball. Price each","kh7beaghvaf5dggxbjxy0xe17n8dp7kv","boston-round-30ml-clear-20-400-rollon","boston-round-standard-30ml","1","plated","Resolve plate hold","Reconcile the recorded source or integrity finding against exact catalog evidence and the master PSD. Preserve this file.","cd7dd82f079d9e0b65461daf0d53cffef70cae7edf8f86fccff3477f9e5556cc","","","{""state"":""plated"",""familyId"":""boston-round-30ml-clear-20-400"",""sha256"":""cd7dd82f079d9e0b65461daf0d53cffef70cae7edf8f86fccff3477f9e5556cc"",""revision"":2,""imageUrl"":""https://yzy7l20k4yt6znzz.public.blob.vercel-storage.com/plates/boston-round-30ml-clear-20-400/GBBstn1ozMtlRollonMattGl/cd7dd82f079d9e0b65461daf0d53cffef70cae7edf8f86fccff3477f9e5556cc.front-on-1000x1100.webp"",""sourcePath"":""1.  20-400 (1 oz & 2 oz) the 15ml 18-400 Boston Round/1. Boston Round  Dropper Bottles/4. (1ounce:30ml) Boston Round  (Capped)/3. Clear Bottle (1oz) (capped)/Clear - Alternating Caps (capped)/5. GBBstn1ozMtlRollonMattGl.psd"",""capOff"":true,""bodyWidth"":336,""expectedWidth"":336,""sizeDeviation"":0,""legacySource"":false,""approval"":null,""sourceHold"":{""sku"":""GBBstn1ozMtlRollonMattGl"",""familyId"":""boston-round-30ml-clear-20-400"",""reasons"":[""front source basename 'GBBstn1ozRollMattGl' does not match website SKU 'GBBstn1ozMtlRollonMattGl'""]},""masterSourceRecorded"":true,""checksPassed"":false,""complete"":false}","held","Resolve kit hold","Search paired master files and embedded layers for a real component. An old extraction failure does not prove photography is missing.","","cd7dd82f079d9e0b65461daf0d53cffef70cae7edf8f86fccff3477f9e5556cc","catalog-kit-needs-review-2026-09-08-r5","{""state"":""held"",""reason"":""roller is not independently recoverable"",""candidate"":{""state"":""pending"",""sha256"":""cd7dd82f079d9e0b65461daf0d53cffef70cae7edf8f86fccff3477f9e5556cc"",""plateSha256"":""cd7dd82f079d9e0b65461daf0d53cffef70cae7edf8f86fccff3477f9e5556cc"",""collection"":""catalog-kit-needs-review-2026-09-08-r5"",""bytesVerified"":true}}","indexed","Reuse approved Sunburst","Check this configuration against the locked glass target. Resize only if needed; changed bytes need their own review.","b33035d30ec2b2540378481cd172836ae442c412aeaf499533935ec968341d5c","b33035d30ec2b2540378481cd172836ae442c412aeaf499533935ec968341d5c","r5-boston-round-2026-09-10","{""state"":""indexed"",""generation"":""sunburst-approved"",""url"":""/images/catalog/bone-review/GBBstn1ozMtlRollonMattGl.b33035d30ec2.png"",""sha256"":""b33035d30ec2b2540378481cd172836ae442c412aeaf499533935ec968341d5c"",""manifestSha256"":""b33035d30ec2b2540378481cd172836ae442c412aeaf499533935ec968341d5c"",""lock"":""release-2"",""groupSlug"":""boston-round-30ml-clear-20-400-rollon"",""review"":{""status"":""approved"",""sha256"":""b33035d30ec2b2540378481cd172836ae442c412aeaf499533935ec968341d5c"",""collection"":""r5-boston-round-2026-09-10"",""updatedAt"":""2026-09-11T06:33:03.689Z""},""candidate"":{""state"":""approved"",""sha256"":""b33035d30ec2b2540378481cd172836ae442c412aeaf499533935ec968341d5c"",""collection"":""r5-boston-round-2026-09-10"",""bytesVerified"":true}}"
"2026-09-13T00:46:11.822Z","GBBstn1ozMtlRollonMattSl","GB-BSR-CLR-30ML-MRO-MSLV","Boston Round","30","Clear","Metal Roller Ball · Matte Silver cap","Boston round design 30ml, 1oz Clear glass bottle with metal roller plug and matte silver cap. For use with perfume, fragrance oil, essential oils, body oils, thin lotions and ointments. Refillable bottle with large, 12mm diameter metal-roller ball. Price","kh7beaghvaf5dggxbjxy0xe17n8dp7kv","boston-round-30ml-clear-20-400-rollon","boston-round-standard-30ml","1","plated","Resolve plate hold","Reconcile the recorded source or integrity finding against exact catalog evidence and the master PSD. Preserve this file.","88ff100cfbe3481e6190c3dfe0451897b7a72b17237692a2b814621288b9ad7a","","","{""state"":""plated"",""familyId"":""boston-round-30ml-clear-20-400"",""sha256"":""88ff100cfbe3481e6190c3dfe0451897b7a72b17237692a2b814621288b9ad7a"",""revision"":2,""imageUrl"":""https://yzy7l20k4yt6znzz.public.blob.vercel-storage.com/plates/boston-round-30ml-clear-20-400/GBBstn1ozMtlRollonMattSl/88ff100cfbe3481e6190c3dfe0451897b7a72b17237692a2b814621288b9ad7a.front-on-1000x1100.webp"",""sourcePath"":""1.  20-400 (1 oz & 2 oz) the 15ml 18-400 Boston Round/1. Boston Round  Dropper Bottles/4. (1ounce:30ml) Boston Round  (Capped)/3. Clear Bottle (1oz) (capped)/Clear - Alternating Caps (capped)/1. GBBstn1ozMtlRollonMattSl.psd"",""capOff"":true,""bodyWidth"":335,""expectedWidth"":336,""sizeDeviation"":-0.003,""legacySource"":false,""approval"":null,""sourceHold"":{""sku"":""GBBstn1ozMtlRollonMattSl"",""familyId"":""boston-round-30ml-clear-20-400"",""reasons"":[""front source basename 'GBBstn1ozRollMattSl' does not match website SKU 'GBBstn1ozMtlRollonMattSl'""]},""masterSourceRecorded"":true,""checksPassed"":false,""complete"":false}","held","Resolve kit hold","Search paired master files and embedded layers for a real component. An old extraction failure does not prove photography is missing.","","88ff100cfbe3481e6190c3dfe0451897b7a72b17237692a2b814621288b9ad7a","catalog-kit-needs-review-2026-09-08-r5","{""state"":""held"",""reason"":""roller is not independently recoverable"",""candidate"":{""state"":""pending"",""sha256"":""88ff100cfbe3481e6190c3dfe0451897b7a72b17237692a2b814621288b9ad7a"",""plateSha256"":""88ff100cfbe3481e6190c3dfe0451897b7a72b17237692a2b814621288b9ad7a"",""collection"":""catalog-kit-needs-review-2026-09-08-r5"",""bytesVerified"":true}}","none","Check component coverage","A group Sunburst exists. Search saved exact-configuration images and verify the selected component; do not assume a new generation is required.","","","","{""state"":""none""}"
"2026-09-13T00:46:11.822Z","GBBstn1ozMtlRollonShnSl","GB-BSR-CLR-30ML-MRO-SSLV","Boston Round","30","Clear","Metal Roller Ball · Shiny Silver cap","Boston round design 30ml, 1oz Clear glass bottle with metal roller plug and shiny silver cap. For use with perfume or fragrance oil, essential oils, aromatic oils and aromatherapy. Refillable bottle with large, 12mm diameter metal-roller ball. Price each","kh7beaghvaf5dggxbjxy0xe17n8dp7kv","boston-round-30ml-clear-20-400-rollon","boston-round-standard-30ml","1","plated","Recover approval / review","Find matching plate-specific approval evidence first. If none exists, review the current image without rebuilding it.","a8f0f09c4926ac026b2859500fd3342e4c60c9c90d9482e21995edcad79a8b94","","","{""state"":""plated"",""familyId"":""boston-round-30ml-clear-20-400"",""sha256"":""a8f0f09c4926ac026b2859500fd3342e4c60c9c90d9482e21995edcad79a8b94"",""revision"":2,""imageUrl"":""https://yzy7l20k4yt6znzz.public.blob.vercel-storage.com/plates/boston-round-30ml-clear-20-400/GBBstn1ozMtlRollonShnSl/a8f0f09c4926ac026b2859500fd3342e4c60c9c90d9482e21995edcad79a8b94.front-on-1000x1100.webp"",""sourcePath"":""1.  20-400 (1 oz & 2 oz) the 15ml 18-400 Boston Round/1. Boston Round  Dropper Bottles/4. (1ounce:30ml) Boston Round  (Capped)/3. Clear Bottle (1oz) (capped)/Clear - Alternating Caps (capped)/2. GBBstn1ozMtlRollonShnSl.psd"",""capOff"":true,""bodyWidth"":336,""expectedWidth"":336,""sizeDeviation"":0,""legacySource"":false,""approval"":null,""localCandidate"":{""sku"":""GBBstn1ozMtlRollonShnSl"",""familyId"":""boston-round-30ml-clear-20-400"",""state"":""pending"",""sha256"":""578024bc7d19dac575ef7a6e9d2d82f1bcd844c7bfe754841641b0b504299483"",""beforeSha256"":""a8f0f09c4926ac026b2859500fd3342e4c60c9c90d9482e21995edcad79a8b94"",""comparisonPath"":""/Users/jordanrichter/.codex/visualizations/2026/09/12/01a097d5-52fb-77b2-9230-f5a9a5ee8e40/plate-grouping-review/index.html"",""note"":""Paused render proposal, not approved. Physical-group reconciliation required.""},""masterSourceRecorded"":true,""checksPassed"":true,""complete"":false}","held","Resolve kit hold","Search paired master files and embedded layers for a real component. An old extraction failure does not prove photography is missing.","","a8f0f09c4926ac026b2859500fd3342e4c60c9c90d9482e21995edcad79a8b94","catalog-kit-needs-review-2026-09-08-r5","{""state"":""held"",""reason"":""roller is not independently recoverable"",""candidate"":{""state"":""pending"",""sha256"":""a8f0f09c4926ac026b2859500fd3342e4c60c9c90d9482e21995edcad79a8b94"",""plateSha256"":""a8f0f09c4926ac026b2859500fd3342e4c60c9c90d9482e21995edcad79a8b94"",""collection"":""catalog-kit-needs-review-2026-09-08-r5"",""bytesVerified"":true}}","none","Check component coverage","A group Sunburst exists. Search saved exact-configuration images and verify the selected component; do not assume a new generation is required.","","","","{""state"":""none""}"
"2026-09-13T00:46:11.822Z","GBBstn1ozRollonMattBlk","GB-BSR-CLR-30ML-RBL-MBLK","Boston Round","30","Clear","Plastic Roller Ball · Matte Black cap","Boston round design 30ml, 1oz Clear glass bottle with plastic roller ball plug and matte black cap. For use with perfume or fragrance oil, essential oils, aromatic oils and aromatherapy. Refillable bottle with large, 12mm diameter roller ball. Price each","kh7beaghvaf5dggxbjxy0xe17n8dp7kv","boston-round-30ml-clear-20-400-rollon","boston-round-standard-30ml","1","none","Plate not indexed","Search saved candidates and verified master sources before creating a plate. This is not yet a photography gap.","","","","{""state"":""none"",""approval"":null,""masterSourceRecorded"":false,""checksPassed"":false,""complete"":false}","no-plate","Plate needed first","Recover or finish the plate, then audit real component layers in its master source.","","","","{""state"":""no-plate""}","none","Check component coverage","A group Sunburst exists. Search saved exact-configuration images and verify the selected component; do not assume a new generation is required.","","","","{""state"":""none""}"
"2026-09-13T00:46:11.822Z","GBBstn1ozRollonMattGl","GB-BSR-CLR-30ML-RBL-MGLD","Boston Round","30","Clear","Plastic Roller Ball · Matte Gold cap","Boston round design 30ml, 1oz Clear glass bottle with plastic roller ball plug and matte gold cap. For use with perfume or fragrance oil, essential oils, aromatic oils and aromatherapy. Refillable bottle with large, 12mm diameter roller ball. Price each","kh7beaghvaf5dggxbjxy0xe17n8dp7kv","boston-round-30ml-clear-20-400-rollon","boston-round-standard-30ml","1","none","Plate not indexed","Search saved candidates and verified master sources before creating a plate. This is not yet a photography gap.","","","","{""state"":""none"",""approval"":null,""masterSourceRecorded"":false,""checksPassed"":false,""complete"":false}","no-plate","Plate needed first","Recover or finish the plate, then audit real component layers in its master source.","","","","{""state"":""no-plate""}","none","Check component coverage","A group Sunburst exists. Search saved exact-configuration images and verify the selected component; do not assume a new generation is required.","","","","{""state"":""none""}"
"2026-09-13T00:46:11.822Z","GBBstn1ozRollonMattSl","GB-BSR-CLR-30ML-RBL-MSLV","Boston Round","30","Clear","Plastic Roller Ball · Matte Silver cap","Boston round design 30ml, 1oz Clear glass bottle with plastic roller ball plug and matte silver cap. For use with perfume or fragrance oil, essential oils, aromatic oils and aromatherapy. Refillable bottle with large, 12mm diameter roller ball. Price each","kh7beaghvaf5dggxbjxy0xe17n8dp7kv","boston-round-30ml-clear-20-400-rollon","boston-round-standard-30ml","1","none","Plate not indexed","Search saved candidates and verified master sources before creating a plate. This is not yet a photography gap.","","","","{""state"":""none"",""approval"":null,""masterSourceRecorded"":false,""checksPassed"":false,""complete"":false}","no-plate","Plate needed first","Recover or finish the plate, then audit real component layers in its master source.","","","","{""state"":""no-plate""}","none","Check component coverage","A group Sunburst exists. Search saved exact-configuration images and verify the selected component; do not assume a new generation is required.","","","","{""state"":""none""}"
"2026-09-13T00:46:11.822Z","GBBstn1ozRollonShBlk","GB-BSR-CLR-30ML-RBL-SBLK","Boston Round","30","Clear","Plastic Roller Ball · Shiny Black cap","Boston round design 30ml, 1oz Clear glass bottle with plastic roller ball plug and shiny black cap. For use with perfume or fragrance oil, essential oils, aromatic oils and aromatherapy. Refillable bottle with large, 12mm diameter roller ball. Price each","kh7beaghvaf5dggxbjxy0xe17n8dp7kv","boston-round-30ml-clear-20-400-rollon","boston-round-standard-30ml","1","none","Plate not indexed","Search saved candidates and verified master sources before creating a plate. This is not yet a photography gap.","","","","{""state"":""none"",""approval"":null,""masterSourceRecorded"":false,""checksPassed"":false,""complete"":false}","no-plate","Plate needed first","Recover or finish the plate, then audit real component layers in its master source.","","","","{""state"":""no-plate""}","approved-not-indexed","Recover approved hero","Preserve the saved approval. Resolve exact group identity and check the locked glass target before indexing.","2a923f5d21f818efa63b1d46d1c8bde10fbdbe79cca0bc18b890481c0aa55244","2a923f5d21f818efa63b1d46d1c8bde10fbdbe79cca0bc18b890481c0aa55244","r7-resettle-approved-2026-09-11","{""state"":""approved-not-indexed"",""sha256"":""2a923f5d21f818efa63b1d46d1c8bde10fbdbe79cca0bc18b890481c0aa55244"",""lock"":""release-3"",""why"":""no registry row for this product yet"",""review"":{""status"":""approved"",""sha256"":""2a923f5d21f818efa63b1d46d1c8bde10fbdbe79cca0bc18b890481c0aa55244"",""collection"":""r7-resettle-approved-2026-09-11"",""updatedAt"":""2026-09-12T02:19:41.296Z"",""targetHeight"":42.5},""candidate"":{""state"":""approved"",""sha256"":""2a923f5d21f818efa63b1d46d1c8bde10fbdbe79cca0bc18b890481c0aa55244"",""collection"":""r7-resettle-approved-2026-09-11"",""bytesVerified"":true}}"
"2026-09-13T00:46:11.822Z","GBBstn1ozRollonShGl","GB-BSR-CLR-30ML-RBL-SGLD","Boston Round","30","Clear","Plastic Roller Ball · Shiny Gold cap","Boston round design 30ml, 1oz Clear glass bottle with plastic roller ball plug and shiny gold cap. For use with perfume or fragrance oil, essential oils, aromatic oils and aromatherapy. Refillable bottle with large, 12mm diameter roller ball. Price each","kh7beaghvaf5dggxbjxy0xe17n8dp7kv","boston-round-30ml-clear-20-400-rollon","boston-round-standard-30ml","1","none","Plate not indexed","Search saved candidates and verified master sources before creating a plate. This is not yet a photography gap.","","","","{""state"":""none"",""approval"":null,""masterSourceRecorded"":false,""checksPassed"":false,""complete"":false}","no-plate","Plate needed first","Recover or finish the plate, then audit real component layers in its master source.","","","","{""state"":""no-plate""}","none","Check component coverage","A group Sunburst exists. Search saved exact-configuration images and verify the selected component; do not assume a new generation is required.","","","","{""state"":""none""}"
"2026-09-13T00:46:11.822Z","GBBstn1ozRollonShnSl","GB-BSR-CLR-30ML-RBL-SSLV","Boston Round","30","Clear","Plastic Roller Ball · Shiny Silver cap","Boston round design 30ml, 1oz Clear glass bottle with plastic roller ball plug and shiny silver cap. For use with perfume or fragrance oil, essential oils, aromatic oils and aromatherapy. Refillable bottle with large, 12mm diameter roller ball. Price each","kh7beaghvaf5dggxbjxy0xe17n8dp7kv","boston-round-30ml-clear-20-400-rollon","boston-round-standard-30ml","1","none","Plate not indexed","Search saved candidates and verified master sources before creating a plate. This is not yet a photography gap.","","","","{""state"":""none"",""approval"":null,""masterSourceRecorded"":false,""checksPassed"":false,""complete"":false}","no-plate","Plate needed first","Recover or finish the plate, then audit real component layers in its master source.","","","","{""state"":""no-plate""}","none","Check component coverage","A group Sunburst exists. Search saved exact-configuration images and verify the selected component; do not assume a new generation is required.","","","","{""state"":""none""}"
"2026-09-13T00:46:11.822Z","GBBstn1ozWhtDrp","GB-BSR-CLR-30ML-DRP-WHT-T","Boston Round","30","Clear","Dropper · White cap","Boston round design 30ml, 1oz Clear glass bottle with white dropper. For use with perfume oils, diffuser oils, serums, primers, facial oils or face oils, moisturizers, and beard oils. Price each","kh70av3cknps9zwv11j1h53ag18dpb4z","boston-round-30ml-clear-20-400-dropper","boston-round-standard-30ml","1","plated-no-capoff-by-design","Recover approval / review","Find matching plate-specific approval evidence first. If none exists, review the current image without rebuilding it.","6d0f3e7dcc95ff4b8d15a232f1d1daf717ffd946cf861105109499fe205a4017","","","{""state"":""plated-no-capoff-by-design"",""familyId"":""boston-round-30ml-clear-20-400"",""sha256"":""6d0f3e7dcc95ff4b8d15a232f1d1daf717ffd946cf861105109499fe205a4017"",""revision"":2,""imageUrl"":""https://yzy7l20k4yt6znzz.public.blob.vercel-storage.com/plates/boston-round-30ml-clear-20-400/GBBstn1ozWhtDrp/6d0f3e7dcc95ff4b8d15a232f1d1daf717ffd946cf861105109499fe205a4017.front-on-1000x1100.webp"",""sourcePath"":""1.  20-400 (1 oz & 2 oz) the 15ml 18-400 Boston Round/1. Boston Round  Dropper Bottles/4. (1ounce:30ml) Boston Round  (Capped)/3. Clear Bottle (1oz) (capped)/Clear - Alternating Caps (capped)/11. GBBstn1ozWhtDrp.psd"",""capOff"":false,""bodyWidth"":333,""expectedWidth"":335,""sizeDeviation"":-0.006,""legacySource"":false,""approval"":null,""localCandidate"":{""sku"":""GBBstn1ozWhtDrp"",""familyId"":""boston-round-30ml-clear-20-400"",""state"":""pending"",""sha256"":""650b83eec2f0e3c64598204c7ef3943f1d4717c952872df7d0ecc26e71766111"",""beforeSha256"":""6d0f3e7dcc95ff4b8d15a232f1d1daf717ffd946cf861105109499fe205a4017"",""comparisonPath"":""/Users/jordanrichter/.codex/visualizations/2026/09/12/01a097d5-52fb-77b2-9230-f5a9a5ee8e40/plate-grouping-review/index.html"",""note"":""Paused render proposal, not approved. Physical-group reconciliation required.""},""masterSourceRecorded"":true,""checksPassed"":true,""complete"":false}","held","Resolve kit hold","Recheck the recorded source or component-layer mapping. Keep unresolved identity explicit.","","6d0f3e7dcc95ff4b8d15a232f1d1daf717ffd946cf861105109499fe205a4017","catalog-kit-needs-review-2026-09-08-r5","{""state"":""held"",""reason"":""Drp requires manual semantic mapping"",""candidate"":{""state"":""pending"",""sha256"":""6d0f3e7dcc95ff4b8d15a232f1d1daf717ffd946cf861105109499fe205a4017"",""plateSha256"":""6d0f3e7dcc95ff4b8d15a232f1d1daf717ffd946cf861105109499fe205a4017"",""collection"":""catalog-kit-needs-review-2026-09-08-r5"",""bytesVerified"":true}}","none","Check component coverage","A group Sunburst exists. Search saved exact-configuration images and verify the selected component; do not assume a new generation is required.","","","","{""state"":""none""}"
"2026-09-13T00:46:11.822Z","GBBstn1ozWhtDrpShnGlTrim","GB-BSR-CLR-30ML-DRP-SGTR-T-02","Boston Round","30","Clear","Dropper · Shiny Gold Trim cap","Boston round design 30ml, 1oz Clear glass bottle and white dropper with a shiny gold trim cap. For use with perfume oils, diffuser oils, serums, primers, facial oils or face oils, moisturizers, and beard oils. Price each","kh70av3cknps9zwv11j1h53ag18dpb4z","boston-round-30ml-clear-20-400-dropper","boston-round-standard-30ml","1","plated-no-capoff-by-design","Recover approval / review","Find matching plate-specific approval evidence first. If none exists, review the current image without rebuilding it.","d1d70f934e8327f8d0967cd41ad7ddec21c1fb6ad35a9c1edbe3b68955cc9c13","","","{""state"":""plated-no-capoff-by-design"",""familyId"":""boston-round-30ml-clear-20-400"",""sha256"":""d1d70f934e8327f8d0967cd41ad7ddec21c1fb6ad35a9c1edbe3b68955cc9c13"",""revision"":2,""imageUrl"":""https://yzy7l20k4yt6znzz.public.blob.vercel-storage.com/plates/boston-round-30ml-clear-20-400/GBBstn1ozWhtDrpShnGlTrim/d1d70f934e8327f8d0967cd41ad7ddec21c1fb6ad35a9c1edbe3b68955cc9c13.front-on-1000x1100.webp"",""sourcePath"":""1.  20-400 (1 oz & 2 oz) the 15ml 18-400 Boston Round/1. Boston Round  Dropper Bottles/4. (1ounce:30ml) Boston Round  (Capped)/3. Clear Bottle (1oz) (capped)/Clear - Alternating Caps (capped)/13. GBBstn1ozWhtDrpShnGlTrim.psd"",""capOff"":false,""bodyWidth"":335,""expectedWidth"":335,""sizeDeviation"":0,""legacySource"":false,""approval"":null,""localCandidate"":{""sku"":""GBBstn1ozWhtDrpShnGlTrim"",""familyId"":""boston-round-30ml-clear-20-400"",""state"":""pending"",""sha256"":""958c66fac23a6823a417446913d25e38bf21ea9ebf5ef21ad0dcf4b1a2e611c0"",""beforeSha256"":""d1d70f934e8327f8d0967cd41ad7ddec21c1fb6ad35a9c1edbe3b68955cc9c13"",""comparisonPath"":""/Users/jordanrichter/.codex/visualizations/2026/09/12/01a097d5-52fb-77b2-9230-f5a9a5ee8e40/plate-grouping-review/index.html"",""note"":""Paused render proposal, not approved. Physical-group reconciliation required.""},""masterSourceRecorded"":true,""checksPassed"":true,""complete"":false}","held","Resolve kit hold","Recheck the recorded source or component-layer mapping. Keep unresolved identity explicit.","","d1d70f934e8327f8d0967cd41ad7ddec21c1fb6ad35a9c1edbe3b68955cc9c13","catalog-kit-needs-review-2026-09-08-r5","{""state"":""held"",""reason"":""Drp requires manual semantic mapping"",""candidate"":{""state"":""pending"",""sha256"":""d1d70f934e8327f8d0967cd41ad7ddec21c1fb6ad35a9c1edbe3b68955cc9c13"",""plateSha256"":""d1d70f934e8327f8d0967cd41ad7ddec21c1fb6ad35a9c1edbe3b68955cc9c13"",""collection"":""catalog-kit-needs-review-2026-09-08-r5"",""bytesVerified"":true}}","none","Check component coverage","A group Sunburst exists. Search saved exact-configuration images and verify the selected component; do not assume a new generation is required.","","","","{""state"":""none""}"
"2026-09-13T00:46:11.822Z","GBBstn1ozWhtDrpShnSlTrim","GB-BSR-CLR-30ML-DRP-SSTR-T","Boston Round","30","Clear","Dropper · Shiny Silver Trim cap","Boston round design 30ml, 1oz Clear glass bottle and white dropper with a shiny silver trim cap. For use with perfume oils, diffuser oils, serums, primers, facial oils or face oils, moisturizers, and beard oils. Price each","kh70av3cknps9zwv11j1h53ag18dpb4z","boston-round-30ml-clear-20-400-dropper","boston-round-standard-30ml","1","plated-no-capoff-by-design","Recover approval / review","Find matching plate-specific approval evidence first. If none exists, review the current image without rebuilding it.","52537eca5cabfd43163cc9d2b4965357198d80c0218989450c293b57ac84916a","","","{""state"":""plated-no-capoff-by-design"",""familyId"":""boston-round-30ml-clear-20-400"",""sha256"":""52537eca5cabfd43163cc9d2b4965357198d80c0218989450c293b57ac84916a"",""revision"":2,""imageUrl"":""https://yzy7l20k4yt6znzz.public.blob.vercel-storage.com/plates/boston-round-30ml-clear-20-400/GBBstn1ozWhtDrpShnSlTrim/52537eca5cabfd43163cc9d2b4965357198d80c0218989450c293b57ac84916a.front-on-1000x1100.webp"",""sourcePath"":""1.  20-400 (1 oz & 2 oz) the 15ml 18-400 Boston Round/1. Boston Round  Dropper Bottles/4. (1ounce:30ml) Boston Round  (Capped)/3. Clear Bottle (1oz) (capped)/Clear - Alternating Caps (capped)/14. GBBstn1ozWhtDrpShnSlTrim.psd"",""capOff"":false,""bodyWidth"":333,""expectedWidth"":335,""sizeDeviation"":-0.006,""legacySource"":false,""approval"":null,""localCandidate"":{""sku"":""GBBstn1ozWhtDrpShnSlTrim"",""familyId"":""boston-round-30ml-clear-20-400"",""state"":""pending"",""sha256"":""954113332316fffe137e4898bb7492a0fdc04f3b3e5bc394ab009cb98e774044"",""beforeSha256"":""52537eca5cabfd43163cc9d2b4965357198d80c0218989450c293b57ac84916a"",""comparisonPath"":""/Users/jordanrichter/.codex/visualizations/2026/09/12/01a097d5-52fb-77b2-9230-f5a9a5ee8e40/plate-grouping-review/index.html"",""note"":""Paused render proposal, not approved. Physical-group reconciliation required.""},""masterSourceRecorded"":true,""checksPassed"":true,""complete"":false}","held","Resolve kit hold","Recheck the recorded source or component-layer mapping. Keep unresolved identity explicit.","","52537eca5cabfd43163cc9d2b4965357198d80c0218989450c293b57ac84916a","catalog-kit-needs-review-2026-09-08-r5","{""state"":""held"",""reason"":""Drp requires manual semantic mapping"",""candidate"":{""state"":""pending"",""sha256"":""52537eca5cabfd43163cc9d2b4965357198d80c0218989450c293b57ac84916a"",""plateSha256"":""52537eca5cabfd43163cc9d2b4965357198d80c0218989450c293b57ac84916a"",""collection"":""catalog-kit-needs-review-2026-09-08-r5"",""bytesVerified"":true}}","none","Check component coverage","A group Sunburst exists. Search saved exact-configuration images and verify the selected component; do not assume a new generation is required.","","","","{""state"":""none""}"
"2026-09-13T00:46:11.822Z","GBBstn2ozBlkCapSht","GB-BSR-CLR-60ML-BLK-S","Boston Round","60","Clear","Black cap","Boston round design 60ml, 2oz Clear glass bottle with short black cap. For use with Perfume oils, essential oils, diffuser oils and aromatherapy. Price each","kh71hqj8fks931wf2yqfahgjqx8dpeat","boston-round-60ml-clear-20-400","boston-round-standard-60ml","1","plated-cap-on-only","Check glass sizing","Compare the existing plate with its verified physical profile. Keep it unless a measured correction is needed.","ada43cc85a767d0851e1fefc4f91daa838deec4ac48cc21a29a1a0b080e4f7b5","","","{""state"":""plated-cap-on-only"",""familyId"":""boston-round-60ml-clear-20-400"",""sha256"":""ada43cc85a767d0851e1fefc4f91daa838deec4ac48cc21a29a1a0b080e4f7b5"",""revision"":2,""imageUrl"":""https://yzy7l20k4yt6znzz.public.blob.vercel-storage.com/plates/boston-round-60ml-clear-20-400/GBBstn2ozBlkCapSht/ada43cc85a767d0851e1fefc4f91daa838deec4ac48cc21a29a1a0b080e4f7b5.front-on-1000x1100.webp"",""sourcePath"":""1.  20-400 (1 oz & 2 oz) the 15ml 18-400 Boston Round/1. Boston Round  Dropper Bottles/2. (2 ounce:60 ml) Boston Round (Capped)/3. Clear Bottle (2 ounce:60 ml) (capped)/Clear - Alternating Caps (capped)/17. GBBstn2ozBlkCapSht.psd"",""capOff"":false,""bodyWidth"":411,""expectedWidth"":null,""sizeDeviation"":null,""legacySource"":false,""approval"":null,""sizeHold"":""Earlier sizing finding remains open; regrouping is not approval"",""localCandidate"":{""sku"":""GBBstn2ozBlkCapSht"",""familyId"":""boston-round-60ml-clear-20-400"",""state"":""pending"",""sha256"":""ada43cc85a767d0851e1fefc4f91daa838deec4ac48cc21a29a1a0b080e4f7b5"",""beforeSha256"":""ada43cc85a767d0851e1fefc4f91daa838deec4ac48cc21a29a1a0b080e4f7b5"",""comparisonPath"":""/Users/jordanrichter/.codex/visualizations/2026/09/12/01a097d5-52fb-77b2-9230-f5a9a5ee8e40/plate-grouping-review/index.html"",""note"":""Paused render proposal, not approved. Physical-group reconciliation required.""},""masterSourceRecorded"":true,""checksPassed"":false,""complete"":false}","candidate","Review saved kit","Use the existing candidate. Check photographed parts and alignment; a plate correction requires a new registration check.","","f532af5c964fadede7e42bcf74ec6367271c4ac79a00e193d7da4cd5f783f412","catalog-kit-candidates-2026-09-08-r7","{""state"":""candidate"",""reason"":""Source-qualified paired PSD mapping passed alpha and exact plate-parity gates; visual approval required."",""candidate"":{""state"":""pending"",""sha256"":""f532af5c964fadede7e42bcf74ec6367271c4ac79a00e193d7da4cd5f783f412"",""plateSha256"":""ada43cc85a767d0851e1fefc4f91daa838deec4ac48cc21a29a1a0b080e4f7b5"",""collection"":""catalog-kit-candidates-2026-09-08-r7"",""bytesVerified"":true}}","indexed","Reuse approved Sunburst","Check this configuration against the locked glass target. Resize only if needed; changed bytes need their own review.","6f5506b0bf8f1583404b55a27c3c4dae8669afae9ac0fe0d68fb07540a483adc","6f5506b0bf8f1583404b55a27c3c4dae8669afae9ac0fe0d68fb07540a483adc","r7-resettle-approved-2026-09-11","{""state"":""indexed"",""generation"":""sunburst-approved"",""url"":""/images/catalog/bone-review/GBBstn2ozBlkCapSht.6f5506b0bf8f.png"",""sha256"":""6f5506b0bf8f1583404b55a27c3c4dae8669afae9ac0fe0d68fb07540a483adc"",""manifestSha256"":""6f5506b0bf8f1583404b55a27c3c4dae8669afae9ac0fe0d68fb07540a483adc"",""lock"":""release-3"",""groupSlug"":""boston-round-60ml-clear-20-400"",""review"":{""status"":""approved"",""sha256"":""6f5506b0bf8f1583404b55a27c3c4dae8669afae9ac0fe0d68fb07540a483adc"",""collection"":""r7-resettle-approved-2026-09-11"",""updatedAt"":""2026-09-12T02:18:58.842Z"",""targetHeight"":51.5},""candidate"":{""state"":""approved"",""sha256"":""6f5506b0bf8f1583404b55a27c3c4dae8669afae9ac0fe0d68fb07540a483adc"",""collection"":""r7-resettle-approved-2026-09-11"",""bytesVerified"":true}}"
"2026-09-13T00:46:11.822Z","GBBstn2ozBlkDrpr","GB-BSR-CLR-60ML-BLK-T-01","Boston Round","60","Clear","Dropper · Black cap","Boston round design 60ml, 2oz Clear glass bottle with black dropper. For use with perfume oils, diffuser oils, serums, primers, facial oils or face oils, moisturizers, and beard oils. Price each","kh79sm9atpya350awcq2xqv4z98dqy71","boston-round-60ml-clear-20-400-dropper","boston-round-standard-60ml","1","none","Plate not indexed","Search saved candidates and verified master sources before creating a plate. This is not yet a photography gap.","","","","{""state"":""none"",""approval"":null,""masterSourceRecorded"":false,""checksPassed"":false,""complete"":false}","no-plate","Plate needed first","Recover or finish the plate, then audit real component layers in its master source.","","","","{""state"":""no-plate""}","none","Check component coverage","A group Sunburst exists. Search saved exact-configuration images and verify the selected component; do not assume a new generation is required.","","","","{""state"":""none""}"
"2026-09-13T00:46:11.822Z","GBBstn2ozBlkDrprShnGlTrim","GB-BSR-CLR-60ML-BLK-T-02","Boston Round","60","Clear","Dropper · Black cap","Boston round design 2 ounce clear glass bottle and black dropper with a shiny gold trim cap, price each","kh79sm9atpya350awcq2xqv4z98dqy71","boston-round-60ml-clear-20-400-dropper","boston-round-standard-60ml","1","none","Plate not indexed","Search saved candidates and verified master sources before creating a plate. This is not yet a photography gap.","","","","{""state"":""none"",""approval"":null,""masterSourceRecorded"":false,""checksPassed"":false,""complete"":false}","no-plate","Plate needed first","Recover or finish the plate, then audit real component layers in its master source.","","","","{""state"":""no-plate""}","indexed","Reuse approved Sunburst","Check this configuration against the locked glass target. Resize only if needed; changed bytes need their own review.","28965cd6cec063c5aa47524add4cc3e7f4b2890d9597c18121450e77b9bc9317","28965cd6cec063c5aa47524add4cc3e7f4b2890d9597c18121450e77b9bc9317","r7-resettle-approved-2026-09-11","{""state"":""indexed"",""generation"":""sunburst-approved"",""url"":""/images/catalog/bone-review/GBBstn2ozBlkDrprShnGlTrim.28965cd6cec0.png"",""sha256"":""28965cd6cec063c5aa47524add4cc3e7f4b2890d9597c18121450e77b9bc9317"",""manifestSha256"":""28965cd6cec063c5aa47524add4cc3e7f4b2890d9597c18121450e77b9bc9317"",""lock"":""release-3"",""groupSlug"":""boston-round-60ml-clear-20-400-dropper"",""review"":{""status"":""approved"",""sha256"":""28965cd6cec063c5aa47524add4cc3e7f4b2890d9597c18121450e77b9bc9317"",""collection"":""r7-resettle-approved-2026-09-11"",""updatedAt"":""2026-09-12T02:18:54.435Z"",""targetHeight"":51.5},""candidate"":{""state"":""approved"",""sha256"":""28965cd6cec063c5aa47524add4cc3e7f4b2890d9597c18121450e77b9bc9317"",""collection"":""r7-resettle-approved-2026-09-11"",""bytesVerified"":true}}"
"2026-09-13T00:46:11.822Z","GBBstn2ozBlkDrprShnSlTrim","GB-BSR-CLR-60ML-BLK-T-03","Boston Round","60","Clear","Dropper · Black cap","Boston round design 60ml, 2oz Clear glass bottle and black dropper with a shiny silver trim cap. For use with perfume oils, diffuser oils, serums, primers, facial oils or face oils, moisturizers, and beard oils. Price each","kh79sm9atpya350awcq2xqv4z98dqy71","boston-round-60ml-clear-20-400-dropper","boston-round-standard-60ml","1","none","Plate not indexed","Search saved candidates and verified master sources before creating a plate. This is not yet a photography gap.","","","","{""state"":""none"",""approval"":null,""masterSourceRecorded"":false,""checksPassed"":false,""complete"":false}","no-plate","Plate needed first","Recover or finish the plate, then audit real component layers in its master source.","","","","{""state"":""no-plate""}","none","Check component coverage","A group Sunburst exists. Search saved exact-configuration images and verify the selected component; do not assume a new generation is required.","","","","{""state"":""none""}"
"2026-09-13T00:46:11.822Z","GBBstn2ozMtlRollBlk","GB-BSR-CLR-60ML-MRL-BLK","Boston Round","60","Clear","Metal Roller Ball · Black cap","Boston round design 2 ounce clear glass bottle with metal roller ball plug and shiny black cap, price each","kh78yy18d2hchcx668d1sdwnj98dqdd0","boston-round-60ml-clear-20-400-rollon","boston-round-standard-60ml","1","none","Plate not indexed","Search saved candidates and verified master sources before creating a plate. This is not yet a photography gap.","","","","{""state"":""none"",""approval"":null,""masterSourceRecorded"":false,""checksPassed"":false,""complete"":false}","no-plate","Plate needed first","Recover or finish the plate, then audit real component layers in its master source.","","","","{""state"":""no-plate""}","none","Check component coverage","A group Sunburst exists. Search saved exact-configuration images and verify the selected component; do not assume a new generation is required.","","","","{""state"":""none""}"
"2026-09-13T00:46:11.822Z","GBBstn2ozMtlRollGl","GB-BSR-CLR-60ML-MRL-SGLD","Boston Round","60","Clear","Metal Roller Ball · Shiny Gold cap","Boston round design 60ml, 2oz Clear glass bottle with metal roller ball plug and shiny gold cap. For use with perfume or fragrance oil, essential oils, aromatic oils and aromatherapy. Refillable bottle with large, 12mm diameter metal-roller ball. Price ea","kh78yy18d2hchcx668d1sdwnj98dqdd0","boston-round-60ml-clear-20-400-rollon","boston-round-standard-60ml","1","none","Plate not indexed","Search saved candidates and verified master sources before creating a plate. This is not yet a photography gap.","","","","{""state"":""none"",""approval"":null,""masterSourceRecorded"":false,""checksPassed"":false,""complete"":false}","no-plate","Plate needed first","Recover or finish the plate, then audit real component layers in its master source.","","","","{""state"":""no-plate""}","approved-not-indexed","Recover approved hero","Preserve the saved approval. Resolve exact group identity and check the locked glass target before indexing.","cb4a33cbfcf38f4c9a659c09cd570cd1ba9c93923cf0db192bf1d10c30c57784","cb4a33cbfcf38f4c9a659c09cd570cd1ba9c93923cf0db192bf1d10c30c57784","r7-resettle-approved-2026-09-11","{""state"":""approved-not-indexed"",""sha256"":""cb4a33cbfcf38f4c9a659c09cd570cd1ba9c93923cf0db192bf1d10c30c57784"",""lock"":""release-3"",""why"":""no registry row for this product yet"",""review"":{""status"":""approved"",""sha256"":""cb4a33cbfcf38f4c9a659c09cd570cd1ba9c93923cf0db192bf1d10c30c57784"",""collection"":""r7-resettle-approved-2026-09-11"",""updatedAt"":""2026-09-12T02:19:34.681Z""},""candidate"":{""state"":""approved"",""sha256"":""cb4a33cbfcf38f4c9a659c09cd570cd1ba9c93923cf0db192bf1d10c30c57784"",""collection"":""r7-resettle-approved-2026-09-11"",""bytesVerified"":true}}"
"2026-09-13T00:46:11.822Z","GBBstn2ozMtlRollMattBlk","GB-BSR-CLR-60ML-MRL-MBLK","Boston Round","60","Clear","Metal Roller Ball · Matte Black cap","Boston round design 60ml, 2oz Clear glass bottle with metal roller ball plug and matte black cap. For use with perfume or fragrance oil, essential oils, aromatic oils and aromatherapy. Refillable bottle with large, 12mm diameter metal-roller ball. Price e","kh78yy18d2hchcx668d1sdwnj98dqdd0","boston-round-60ml-clear-20-400-rollon","boston-round-standard-60ml","1","none","Plate not indexed","Search saved candidates and verified master sources before creating a plate. This is not yet a photography gap.","","","","{""state"":""none"",""approval"":null,""masterSourceRecorded"":false,""checksPassed"":false,""complete"":false}","no-plate","Plate needed first","Recover or finish the plate, then audit real component layers in its master source.","","","","{""state"":""no-plate""}","none","Check component coverage","A group Sunburst exists. Search saved exact-configuration images and verify the selected component; do not assume a new generation is required.","","","","{""state"":""none""}"
"2026-09-13T00:46:11.822Z","GBBstn2ozMtlRollMattGl","GB-BSR-CLR-60ML-MRL-MGLD","Boston Round","60","Clear","Metal Roller Ball · Matte Gold cap","Boston round design 60ml, 2oz Clear glass bottle with metal roller ball plug and matte gold cap. For use with perfume or fragrance oil, essential oils, aromatic oils and aromatherapy. Refillable bottle with large, 12mm diameter metal-roller ball. Price ea","kh78yy18d2hchcx668d1sdwnj98dqdd0","boston-round-60ml-clear-20-400-rollon","boston-round-standard-60ml","1","none","Plate not indexed","Search saved candidates and verified master sources before creating a plate. This is not yet a photography gap.","","","","{""state"":""none"",""approval"":null,""masterSourceRecorded"":false,""checksPassed"":false,""complete"":false}","no-plate","Plate needed first","Recover or finish the plate, then audit real component layers in its master source.","","","","{""state"":""no-plate""}","none","Check component coverage","A group Sunburst exists. Search saved exact-configuration images and verify the selected component; do not assume a new generation is required.","","","","{""state"":""none""}"
"2026-09-13T00:46:11.822Z","GBBstn2ozMtlRollMattSl","GB-BSR-CLR-60ML-MRL-MSLV","Boston Round","60","Clear","Metal Roller Ball · Matte Silver cap","Boston round design 60ml, 2oz Clear glass bottle with metal roller ball plug and matte silver cap. For use with perfume, fragrance oil, essential oils, body oils, thin lotions and ointments. Refillable bottle with large, 12mm diameter metal-roller ball. P","kh78yy18d2hchcx668d1sdwnj98dqdd0","boston-round-60ml-clear-20-400-rollon","boston-round-standard-60ml","1","none","Plate not indexed","Search saved candidates and verified master sources before creating a plate. This is not yet a photography gap.","","","","{""state"":""none"",""approval"":null,""masterSourceRecorded"":false,""checksPassed"":false,""complete"":false}","no-plate","Plate needed first","Recover or finish the plate, then audit real component layers in its master source.","","","","{""state"":""no-plate""}","none","Check component coverage","A group Sunburst exists. Search saved exact-configuration images and verify the selected component; do not assume a new generation is required.","","","","{""state"":""none""}"
"2026-09-13T00:46:11.822Z","GBBstn2ozMtlRollShnSl","GB-BSR-CLR-60ML-MRL-SSLV","Boston Round","60","Clear","Metal Roller Ball · Shiny Silver cap","Boston round design 60ml, 2oz Clear glass bottle with metal roller ball plug and shiny silver cap. For use with perfume or fragrance oil, essential oils, aromatic oils and aromatherapy. Refillable bottle with large, 12mm diameter metal-roller ball. Price","kh78yy18d2hchcx668d1sdwnj98dqdd0","boston-round-60ml-clear-20-400-rollon","boston-round-standard-60ml","1","none","Plate not indexed","Search saved candidates and verified master sources before creating a plate. This is not yet a photography gap.","","","","{""state"":""none"",""approval"":null,""masterSourceRecorded"":false,""checksPassed"":false,""complete"":false}","no-plate","Plate needed first","Recover or finish the plate, then audit real component layers in its master source.","","","","{""state"":""no-plate""}","none","Check component coverage","A group Sunburst exists. Search saved exact-configuration images and verify the selected component; do not assume a new generation is required.","","","","{""state"":""none""}"
"2026-09-13T00:46:11.822Z","GBBstn2ozRollGl","GB-BSR-CLR-60ML-RBL-SGLD","Boston Round","60","Clear","Plastic Roller Ball · Shiny Gold cap","Boston round design 60ml, 2oz Clear glass bottle with plastic roller ball plug and shiny gold cap. For use with perfume or fragrance oil, essential oils, aromatic oils and aromatherapy. Refillable bottle with large, 12mm diameter roller ball. Price each","kh78yy18d2hchcx668d1sdwnj98dqdd0","boston-round-60ml-clear-20-400-rollon","boston-round-standard-60ml","1","none","Plate not indexed","Search saved candidates and verified master sources before creating a plate. This is not yet a photography gap.","","","","{""state"":""none"",""approval"":null,""masterSourceRecorded"":false,""checksPassed"":false,""complete"":false}","no-plate","Plate needed first","Recover or finish the plate, then audit real component layers in its master source.","","","","{""state"":""no-plate""}","none","Check component coverage","A group Sunburst exists. Search saved exact-configuration images and verify the selected component; do not assume a new generation is required.","","","","{""state"":""none""}"
"2026-09-13T00:46:11.822Z","GBBstn2ozRollMattBlk","GB-BSR-CLR-60ML-RBL-MBLK","Boston Round","60","Clear","Plastic Roller Ball · Matte Black cap","Boston round design 60ml, 2oz Clear glass bottle with plastic roller ball plug and matte black cap. For use with perfume or fragrance oil, essential oils, aromatic oils and aromatherapy. Refillable bottle with large, 12mm diameter roller ball. Price each","kh78yy18d2hchcx668d1sdwnj98dqdd0","boston-round-60ml-clear-20-400-rollon","boston-round-standard-60ml","1","none","Plate not indexed","Search saved candidates and verified master sources before creating a plate. This is not yet a photography gap.","","","","{""state"":""none"",""approval"":null,""masterSourceRecorded"":false,""checksPassed"":false,""complete"":false}","no-plate","Plate needed first","Recover or finish the plate, then audit real component layers in its master source.","","","","{""state"":""no-plate""}","none","Check component coverage","A group Sunburst exists. Search saved exact-configuration images and verify the selected component; do not assume a new generation is required.","","","","{""state"":""none""}"
"2026-09-13T00:46:11.822Z","GBBstn2ozRollMattSl","GB-BSR-CLR-60ML-RBL-MSLV","Boston Round","60","Clear","Plastic Roller Ball · Matte Silver cap","Boston round design 60ml, 2oz Clear glass bottle with plastic roller ball plug and matte silver cap. For use with perfume or fragrance oil, essential oils, aromatic oils and aromatherapy. Refillable bottle with large, 12mm diameter roller ball. Price each","kh78yy18d2hchcx668d1sdwnj98dqdd0","boston-round-60ml-clear-20-400-rollon","boston-round-standard-60ml","1","none","Plate not indexed","Search saved candidates and verified master sources before creating a plate. This is not yet a photography gap.","","","","{""state"":""none"",""approval"":null,""masterSourceRecorded"":false,""checksPassed"":false,""complete"":false}","no-plate","Plate needed first","Recover or finish the plate, then audit real component layers in its master source.","","","","{""state"":""no-plate""}","none","Check component coverage","A group Sunburst exists. Search saved exact-configuration images and verify the selected component; do not assume a new generation is required.","","","","{""state"":""none""}"
"2026-09-13T00:46:11.822Z","GBBstn2ozRollShnBlk","GB-BSR-CLR-60ML-RBL-SBLK","Boston Round","60","Clear","Plastic Roller Ball · Shiny Black cap","Boston round design 60ml, 2oz Clear glass bottle with plastic roller ball plug and shiny black cap. For use with perfume or fragrance oil, essential oils, aromatic oils and aromatherapy. Refillable bottle with large, 12mm diameter roller ball. Price each","kh78yy18d2hchcx668d1sdwnj98dqdd0","boston-round-60ml-clear-20-400-rollon","boston-round-standard-60ml","1","none","Plate not indexed","Search saved candidates and verified master sources before creating a plate. This is not yet a photography gap.","","","","{""state"":""none"",""approval"":null,""masterSourceRecorded"":false,""checksPassed"":false,""complete"":false}","no-plate","Plate needed first","Recover or finish the plate, then audit real component layers in its master source.","","","","{""state"":""no-plate""}","none","Check component coverage","A group Sunburst exists. Search saved exact-configuration images and verify the selected component; do not assume a new generation is required.","","","","{""state"":""none""}"
"2026-09-13T00:46:11.822Z","GBBstn2ozRollShnSl","GB-BSR-CLR-60ML-RON-SSLV","Boston Round","60","Clear","Plastic Roller Ball · Shiny Silver cap","Boston round design 60ml, 2oz Clear glass bottle with plastic roller ball plug and shiny silver cap. For use with perfume or fragrance oil, essential oils, aromatic oils and aromatherapy. Refillable bottle with large, 12mm diameter roller ball. Price each","kh78yy18d2hchcx668d1sdwnj98dqdd0","boston-round-60ml-clear-20-400-rollon","boston-round-standard-60ml","1","none","Plate not indexed","Search saved candidates and verified master sources before creating a plate. This is not yet a photography gap.","","","","{""state"":""none"",""approval"":null,""masterSourceRecorded"":false,""checksPassed"":false,""complete"":false}","no-plate","Plate needed first","Recover or finish the plate, then audit real component layers in its master source.","","","","{""state"":""no-plate""}","none","Check component coverage","A group Sunburst exists. Search saved exact-configuration images and verify the selected component; do not assume a new generation is required.","","","","{""state"":""none""}"
"2026-09-13T00:46:11.822Z","GBBstn2ozRollonMattGl","GB-BSR-CLR-60ML-RBL-MGLD","Boston Round","60","Clear","Plastic Roller Ball · Matte Gold cap","Boston round design 60ml, 2oz Clear glass bottle with plastic roller ball plug and matte gold cap. For use with perfume or fragrance oil, essential oils, aromatic oils and aromatherapy. Refillable bottle with large, 12mm diameter roller ball. Price each","kh78yy18d2hchcx668d1sdwnj98dqdd0","boston-round-60ml-clear-20-400-rollon","boston-round-standard-60ml","1","plated","Resolve plate hold","Reconcile the recorded source or integrity finding against exact catalog evidence and the master PSD. Preserve this file.","c8acff47d12a22b5be9eb6d245a53ee1f3ac2237a82857b1d334b9863763ce3c","","","{""state"":""plated"",""familyId"":""boston-round-60ml-clear-20-400"",""sha256"":""c8acff47d12a22b5be9eb6d245a53ee1f3ac2237a82857b1d334b9863763ce3c"",""revision"":2,""imageUrl"":""https://yzy7l20k4yt6znzz.public.blob.vercel-storage.com/plates/boston-round-60ml-clear-20-400/GBBstn2ozRollonMattGl/c8acff47d12a22b5be9eb6d245a53ee1f3ac2237a82857b1d334b9863763ce3c.front-on-1000x1100.webp"",""sourcePath"":""1.  20-400 (1 oz & 2 oz) the 15ml 18-400 Boston Round/1. Boston Round  Dropper Bottles/2. (2 ounce:60 ml) Boston Round (Capped)/3. Clear Bottle (2 ounce:60 ml) (capped)/Clear - Alternating Caps (capped)/10. GBBstn2ozRollonMattGl.psd"",""capOff"":true,""bodyWidth"":342,""expectedWidth"":null,""sizeDeviation"":null,""legacySource"":false,""approval"":null,""sourceHold"":{""sku"":""GBBstn2ozRollonMattGl"",""familyId"":""boston-round-60ml-clear-20-400"",""reasons"":[""front source basename 'GBBstn2ozMtlRollonMattGl' does not match website SKU 'GBBstn2ozRollonMattGl'""]},""masterSourceRecorded"":true,""checksPassed"":false,""complete"":false}","held","Resolve kit hold","Search paired master files and embedded layers for a real component. An old extraction failure does not prove photography is missing.","","c8acff47d12a22b5be9eb6d245a53ee1f3ac2237a82857b1d334b9863763ce3c","catalog-kit-needs-review-2026-09-08-r5","{""state"":""held"",""reason"":""roller is not independently recoverable"",""candidate"":{""state"":""pending"",""sha256"":""c8acff47d12a22b5be9eb6d245a53ee1f3ac2237a82857b1d334b9863763ce3c"",""plateSha256"":""c8acff47d12a22b5be9eb6d245a53ee1f3ac2237a82857b1d334b9863763ce3c"",""collection"":""catalog-kit-needs-review-2026-09-08-r5"",""bytesVerified"":true}}","indexed","Reuse approved Sunburst","Check this configuration against the locked glass target. Resize only if needed; changed bytes need their own review.","4727d62681e859f8b1b3a9bc2176104deeb4dc6170c8798e55e325690d8467fc","4727d62681e859f8b1b3a9bc2176104deeb4dc6170c8798e55e325690d8467fc","r5-boston-round-2026-09-10","{""state"":""indexed"",""generation"":""sunburst-approved"",""url"":""/images/catalog/bone-review/GBBstn2ozRollonMattGl.4727d62681e8.png"",""sha256"":""4727d62681e859f8b1b3a9bc2176104deeb4dc6170c8798e55e325690d8467fc"",""manifestSha256"":""4727d62681e859f8b1b3a9bc2176104deeb4dc6170c8798e55e325690d8467fc"",""lock"":""release-2"",""groupSlug"":""boston-round-60ml-clear-20-400-rollon"",""review"":{""status"":""approved"",""sha256"":""4727d62681e859f8b1b3a9bc2176104deeb4dc6170c8798e55e325690d8467fc"",""collection"":""r5-boston-round-2026-09-10"",""updatedAt"":""2026-09-11T06:34:06.027Z""},""candidate"":{""state"":""approved"",""sha256"":""4727d62681e859f8b1b3a9bc2176104deeb4dc6170c8798e55e325690d8467fc"",""collection"":""r5-boston-round-2026-09-10"",""bytesVerified"":true}}"
"2026-09-13T00:46:11.822Z","GBBstn2ozWhtDrpr","GB-BSR-CLR-60ML-WHT-T-01","Boston Round","60","Clear","Dropper · White cap","Boston round design 60ml, 2oz Clear glass bottle with white dropper. For use with perfume oils, diffuser oils, serums, primers, facial oils or face oils, moisturizers, and beard oils. Price each","kh79sm9atpya350awcq2xqv4z98dqy71","boston-round-60ml-clear-20-400-dropper","boston-round-standard-60ml","1","none","Plate not indexed","Search saved candidates and verified master sources before creating a plate. This is not yet a photography gap.","","","","{""state"":""none"",""approval"":null,""masterSourceRecorded"":false,""checksPassed"":false,""complete"":false}","no-plate","Plate needed first","Recover or finish the plate, then audit real component layers in its master source.","","","","{""state"":""no-plate""}","none","Check component coverage","A group Sunburst exists. Search saved exact-configuration images and verify the selected component; do not assume a new generation is required.","","","","{""state"":""none""}"
"2026-09-13T00:46:11.822Z","GBBstn2ozWhtDrprShnGlTrim","GB-BSR-CLR-60ML-WHT-T-02","Boston Round","60","Clear","Dropper · White cap","Boston round design 60ml, 2oz Clear glass bottle and white dropper with a shiny gold trim cap. For use with perfume oils, diffuser oils, serums, primers, facial oils or face oils, moisturizers, and beard oils. Price each","kh79sm9atpya350awcq2xqv4z98dqy71","boston-round-60ml-clear-20-400-dropper","boston-round-standard-60ml","1","none","Plate not indexed","Search saved candidates and verified master sources before creating a plate. This is not yet a photography gap.","","","","{""state"":""none"",""approval"":null,""masterSourceRecorded"":false,""checksPassed"":false,""complete"":false}","no-plate","Plate needed first","Recover or finish the plate, then audit real component layers in its master source.","","","","{""state"":""no-plate""}","none","Check component coverage","A group Sunburst exists. Search saved exact-configuration images and verify the selected component; do not assume a new generation is required.","","","","{""state"":""none""}"
"2026-09-13T00:46:11.822Z","GBBstn2ozWhtDrprShnSlTrim","GB-BSR-CLR-60ML-WHT-T-03","Boston Round","60","Clear","Dropper · White cap","Boston round design 2 ounce clear glass bottle and white dropper with a shiny silver trim cap, price each","kh79sm9atpya350awcq2xqv4z98dqy71","boston-round-60ml-clear-20-400-dropper","boston-round-standard-60ml","1","none","Plate not indexed","Search saved candidates and verified master sources before creating a plate. This is not yet a photography gap.","","","","{""state"":""none"",""approval"":null,""masterSourceRecorded"":false,""checksPassed"":false,""complete"":false}","no-plate","Plate needed first","Recover or finish the plate, then audit real component layers in its master source.","","","","{""state"":""no-plate""}","none","Check component coverage","A group Sunburst exists. Search saved exact-configuration images and verify the selected component; do not assume a new generation is required.","","","","{""state"":""none""}"
"2026-09-13T00:46:11.822Z","GBBstnAmb15mlBlkCapSht","GB-BSR-AMB-15ML-BLK-S","Boston Round","15","Amber","Black cap","Boston round design 15ml, 1/2 oz  Amber glass bottle with short black cap. For use with Perfume oils, essential oils, diffuser oils and aromatherapy. Price each","kh7bbete9a8hmk9j8r6ngfb0bs8dqv80","boston-round-15ml-amber-18-400","boston-round-standard-15ml","1","plated-cap-on-only","Check glass sizing","Compare the existing plate with its verified physical profile. Keep it unless a measured correction is needed.","cb5fd6a6964f6ab8543ef4e99a0b9c8f4cd094cae711d565e363f6eb6a6da053","","","{""state"":""plated-cap-on-only"",""familyId"":""boston-round-15ml-amber-18-400"",""sha256"":""cb5fd6a6964f6ab8543ef4e99a0b9c8f4cd094cae711d565e363f6eb6a6da053"",""revision"":2,""imageUrl"":""https://yzy7l20k4yt6znzz.public.blob.vercel-storage.com/plates/boston-round-15ml-amber-18-400/GBBstnAmb15mlBlkCapSht/cb5fd6a6964f6ab8543ef4e99a0b9c8f4cd094cae711d565e363f6eb6a6da053.front-on-1000x1100.webp"",""sourcePath"":""1.  20-400 (1 oz & 2 oz) the 15ml 18-400 Boston Round/1. Boston Round  Dropper Bottles/5.  (.5 ounce:15ml) Boston Round (Capped)/1. Amber Bottle (.5ounce:15ml) (capped)/Amber Bottle (1.5 ounce) Alternating Caps (capped)/1. GBBstnAmb15mlBlkCapSht.psd"",""capOff"":false,""bodyWidth"":362,""expectedWidth"":null,""sizeDeviation"":null,""legacySource"":false,""approval"":null,""sizeHold"":""Earlier sizing finding remains open; regrouping is not approval"",""localCandidate"":{""sku"":""GBBstnAmb15mlBlkCapSht"",""familyId"":""boston-round-15ml-amber-18-400"",""state"":""pending"",""sha256"":""6f4c763d8f35413beac690277a9aba1d02b212f95f3e19ec5b911285f127fcd1"",""beforeSha256"":""cb5fd6a6964f6ab8543ef4e99a0b9c8f4cd094cae711d565e363f6eb6a6da053"",""comparisonPath"":""/Users/jordanrichter/.codex/visualizations/2026/09/12/01a097d5-52fb-77b2-9230-f5a9a5ee8e40/plate-grouping-review/index.html"",""note"":""Paused render proposal, not approved. Physical-group reconciliation required.""},""masterSourceRecorded"":true,""checksPassed"":false,""complete"":false}","held","Resolve kit hold","Inspect extraction edges in the saved parts and original master layers.","","cb5fd6a6964f6ab8543ef4e99a0b9c8f4cd094cae711d565e363f6eb6a6da053","catalog-kit-needs-review-2026-09-08-r5","{""state"":""held"",""reason"":""ValueError: body alpha gate failed: {'transparentFraction': 0.6911, 'semiTransparentPixels': 20695, 'touchesOwnEdge': True}"",""candidate"":{""state"":""pending"",""sha256"":""cb5fd6a6964f6ab8543ef4e99a0b9c8f4cd094cae711d565e363f6eb6a6da053"",""plateSha256"":""cb5fd6a6964f6ab8543ef4e99a0b9c8f4cd094cae711d565e363f6eb6a6da053"",""collection"":""catalog-kit-needs-review-2026-09-08-r5"",""bytesVerified"":true}}","indexed","Reuse approved Sunburst","Check this configuration against the locked glass target. Resize only if needed; changed bytes need their own review.","7f3b89f726c9bfa9c6010fdae80aa64aca18d5d6e7341d4af73fea87ffc7fb4b","7f3b89f726c9bfa9c6010fdae80aa64aca18d5d6e7341d4af73fea87ffc7fb4b","r5-boston-round-2026-09-10","{""state"":""indexed"",""generation"":""sunburst-approved"",""url"":""/images/catalog/bone-review/GBBstnAmb15mlBlkCapSht.7f3b89f726c9.png"",""sha256"":""7f3b89f726c9bfa9c6010fdae80aa64aca18d5d6e7341d4af73fea87ffc7fb4b"",""manifestSha256"":""7f3b89f726c9bfa9c6010fdae80aa64aca18d5d6e7341d4af73fea87ffc7fb4b"",""lock"":""release-2"",""groupSlug"":""boston-round-15ml-amber-18-400"",""review"":{""status"":""approved"",""sha256"":""7f3b89f726c9bfa9c6010fdae80aa64aca18d5d6e7341d4af73fea87ffc7fb4b"",""collection"":""r5-boston-round-2026-09-10"",""updatedAt"":""2026-09-11T06:34:04.933Z""},""candidate"":{""state"":""approved"",""sha256"":""7f3b89f726c9bfa9c6010fdae80aa64aca18d5d6e7341d4af73fea87ffc7fb4b"",""collection"":""r5-boston-round-2026-09-10"",""bytesVerified"":true}}"
"2026-09-13T00:46:11.822Z","GBBstnAmb15mlBlkDropper","GB-BSR-AMB-15ML-BLK-T-01","Boston Round","15","Amber","Dropper · Black cap","Boston round design 15ml, 1/2 oz  Amber glass bottle with a black dropper. For use with perfume oils, diffuser oils, serums, primers, facial oils or face oils, moisturizers, and beard oils. Price each","kh70b67y176d4jftmy5xyd930x8dp2jn","boston-round-15ml-amber-18-400-dropper","boston-round-standard-15ml","1","plated-no-capoff-by-design","Recover approval / review","Find matching plate-specific approval evidence first. If none exists, review the current image without rebuilding it.","8bb5c40482dfd8c65ec250f05482ca5a15131bfe04ba2e9b89b05966433e8c13","","","{""state"":""plated-no-capoff-by-design"",""familyId"":""boston-round-15ml-amber-18-400"",""sha256"":""8bb5c40482dfd8c65ec250f05482ca5a15131bfe04ba2e9b89b05966433e8c13"",""revision"":2,""imageUrl"":""https://yzy7l20k4yt6znzz.public.blob.vercel-storage.com/plates/boston-round-15ml-amber-18-400/GBBstnAmb15mlBlkDropper/8bb5c40482dfd8c65ec250f05482ca5a15131bfe04ba2e9b89b05966433e8c13.front-on-1000x1100.webp"",""sourcePath"":""1.  20-400 (1 oz & 2 oz) the 15ml 18-400 Boston Round/1. Boston Round  Dropper Bottles/5.  (.5 ounce:15ml) Boston Round (Capped)/1. Amber Bottle (.5ounce:15ml) (capped)/Amber Bottle (1.5 ounce) Alternating Caps (capped)/5. GBBstnAmb15mlBlkDropper.psd"",""capOff"":false,""bodyWidth"":286,""expectedWidth"":285,""sizeDeviation"":0.004,""legacySource"":false,""approval"":null,""localCandidate"":{""sku"":""GBBstnAmb15mlBlkDropper"",""familyId"":""boston-round-15ml-amber-18-400"",""state"":""pending"",""sha256"":""0032d7cebbfc4c10818da97934b95b21241785397f7fa2a91e0e59cc8dff9ef4"",""beforeSha256"":""8bb5c40482dfd8c65ec250f05482ca5a15131bfe04ba2e9b89b05966433e8c13"",""comparisonPath"":""/Users/jordanrichter/.codex/visualizations/2026/09/12/01a097d5-52fb-77b2-9230-f5a9a5ee8e40/plate-grouping-review/index.html"",""note"":""Paused render proposal, not approved. Physical-group reconciliation required.""},""masterSourceRecorded"":true,""checksPassed"":true,""complete"":false}","candidate","Review saved kit","Use the existing candidate. Check photographed parts and alignment; a plate correction requires a new registration check.","","ac63ec381780e787141c5e1f22a254fc25fedbe6d89592bdbf51af6eac11cd8c","catalog-kit-candidates-2026-09-08-r7","{""state"":""candidate"",""reason"":""Source-qualified paired PSD mapping passed alpha and exact plate-parity gates; visual approval required."",""candidate"":{""state"":""pending"",""sha256"":""ac63ec381780e787141c5e1f22a254fc25fedbe6d89592bdbf51af6eac11cd8c"",""plateSha256"":""8bb5c40482dfd8c65ec250f05482ca5a15131bfe04ba2e9b89b05966433e8c13"",""collection"":""catalog-kit-candidates-2026-09-08-r7"",""bytesVerified"":true}}","none","Check component coverage","A group Sunburst exists. Search saved exact-configuration images and verify the selected component; do not assume a new generation is required.","","","","{""state"":""none""}"
"2026-09-13T00:46:11.822Z","GBBstnAmb15mlBlkDropperGlTrim","GB-BSR-AMB-15ML-BLK-T-02","Boston Round","15","Amber","Dropper · Black cap","Boston round design 15ml, 1/2 oz  Amber glass bottle with black dropper with a shiny gold trim cap. For use with perfume oils, diffuser oils, serums, primers, facial oils or face oils, moisturizers, and beard oils. Price each","kh70b67y176d4jftmy5xyd930x8dp2jn","boston-round-15ml-amber-18-400-dropper","boston-round-standard-15ml","1","plated-no-capoff-by-design","Recover approval / review","Find matching plate-specific approval evidence first. If none exists, review the current image without rebuilding it.","d758a0411c4623b9ed88ddda94bd539168c041c65210164e5e0857ef6b18578f","","","{""state"":""plated-no-capoff-by-design"",""familyId"":""boston-round-15ml-amber-18-400"",""sha256"":""d758a0411c4623b9ed88ddda94bd539168c041c65210164e5e0857ef6b18578f"",""revision"":2,""imageUrl"":""https://yzy7l20k4yt6znzz.public.blob.vercel-storage.com/plates/boston-round-15ml-amber-18-400/GBBstnAmb15mlBlkDropperGlTrim/d758a0411c4623b9ed88ddda94bd539168c041c65210164e5e0857ef6b18578f.front-on-1000x1100.webp"",""sourcePath"":""1.  20-400 (1 oz & 2 oz) the 15ml 18-400 Boston Round/1. Boston Round  Dropper Bottles/5.  (.5 ounce:15ml) Boston Round (Capped)/1. Amber Bottle (.5ounce:15ml) (capped)/Amber Bottle (1.5 ounce) Alternating Caps (capped)/7. GBBstnAmb15mlBlkDropperGlTrim.psd"",""capOff"":false,""bodyWidth"":285,""expectedWidth"":285,""sizeDeviation"":0,""legacySource"":false,""approval"":null,""localCandidate"":{""sku"":""GBBstnAmb15mlBlkDropperGlTrim"",""familyId"":""boston-round-15ml-amber-18-400"",""state"":""pending"",""sha256"":""ad57478e971a0972a8ba52c1e505bdf90312fe1cb1d4048cfdc7ef3525686b7b"",""beforeSha256"":""d758a0411c4623b9ed88ddda94bd539168c041c65210164e5e0857ef6b18578f"",""comparisonPath"":""/Users/jordanrichter/.codex/visualizations/2026/09/12/01a097d5-52fb-77b2-9230-f5a9a5ee8e40/plate-grouping-review/index.html"",""note"":""Paused render proposal, not approved. Physical-group reconciliation required.""},""masterSourceRecorded"":true,""checksPassed"":true,""complete"":false}","candidate","Review saved kit","Use the existing candidate. Check photographed parts and alignment; a plate correction requires a new registration check.","","399b0d7ff038455c3b2b6a58248b7b7959e20b80967c6d48bc6616f4eb20583d","catalog-kit-candidates-2026-09-08-r7","{""state"":""candidate"",""reason"":""Source-qualified paired PSD mapping passed alpha and exact plate-parity gates; visual approval required."",""candidate"":{""state"":""pending"",""sha256"":""399b0d7ff038455c3b2b6a58248b7b7959e20b80967c6d48bc6616f4eb20583d"",""plateSha256"":""d758a0411c4623b9ed88ddda94bd539168c041c65210164e5e0857ef6b18578f"",""collection"":""catalog-kit-candidates-2026-09-08-r7"",""bytesVerified"":true}}","none","Check component coverage","A group Sunburst exists. Search saved exact-configuration images and verify the selected component; do not assume a new generation is required.","","","","{""state"":""none""}"
"2026-09-13T00:46:11.822Z","GBBstnAmb15mlBlkDropperSlTrim","GB-BSR-AMB-15ML-BLK-T-03","Boston Round","15","Amber","Dropper · Black cap","Boston round design 15ml, 1/2 oz  Amber glass bottle and black dropper with a shiny silver trim cap. For use with perfume oils, diffuser oils, serums, primers, facial oils or face oils, moisturizers, and beard oils. Price each","kh70b67y176d4jftmy5xyd930x8dp2jn","boston-round-15ml-amber-18-400-dropper","boston-round-standard-15ml","1","plated-no-capoff-by-design","Recover approval / review","Find matching plate-specific approval evidence first. If none exists, review the current image without rebuilding it.","08a35a73905a0a3f1c8e8148070b5f05dac3c8354dedcec6fedc18950bca5ec6","","","{""state"":""plated-no-capoff-by-design"",""familyId"":""boston-round-15ml-amber-18-400"",""sha256"":""08a35a73905a0a3f1c8e8148070b5f05dac3c8354dedcec6fedc18950bca5ec6"",""revision"":2,""imageUrl"":""https://yzy7l20k4yt6znzz.public.blob.vercel-storage.com/plates/boston-round-15ml-amber-18-400/GBBstnAmb15mlBlkDropperSlTrim/08a35a73905a0a3f1c8e8148070b5f05dac3c8354dedcec6fedc18950bca5ec6.front-on-1000x1100.webp"",""sourcePath"":""1.  20-400 (1 oz & 2 oz) the 15ml 18-400 Boston Round/1. Boston Round  Dropper Bottles/5.  (.5 ounce:15ml) Boston Round (Capped)/1. Amber Bottle (.5ounce:15ml) (capped)/Amber Bottle (1.5 ounce) Alternating Caps (capped)/2. GBBstnAmb15mlBlkDropperSlTrim.psd"",""capOff"":false,""bodyWidth"":285,""expectedWidth"":285,""sizeDeviation"":0,""legacySource"":false,""approval"":null,""localCandidate"":{""sku"":""GBBstnAmb15mlBlkDropperSlTrim"",""familyId"":""boston-round-15ml-amber-18-400"",""state"":""pending"",""sha256"":""11431bc6e19548aaf5f4b197c3fa8d43169964eb711e1535c5c9cf8070a64945"",""beforeSha256"":""08a35a73905a0a3f1c8e8148070b5f05dac3c8354dedcec6fedc18950bca5ec6"",""comparisonPath"":""/Users/jordanrichter/.codex/visualizations/2026/09/12/01a097d5-52fb-77b2-9230-f5a9a5ee8e40/plate-grouping-review/index.html"",""note"":""Paused render proposal, not approved. Physical-group reconciliation required.""},""masterSourceRecorded"":true,""checksPassed"":true,""complete"":false}","candidate","Review saved kit","Use the existing candidate. Check photographed parts and alignment; a plate correction requires a new registration check.","","f6a72d0944763aea8afbedcbae1e1a04051c39c12e2de29ff8ff5cb3f5cb2c95","catalog-kit-candidates-2026-09-08-r7","{""state"":""candidate"",""reason"":""Source-qualified paired PSD mapping passed alpha and exact plate-parity gates; visual approval required."",""candidate"":{""state"":""pending"",""sha256"":""f6a72d0944763aea8afbedcbae1e1a04051c39c12e2de29ff8ff5cb3f5cb2c95"",""plateSha256"":""08a35a73905a0a3f1c8e8148070b5f05dac3c8354dedcec6fedc18950bca5ec6"",""collection"":""catalog-kit-candidates-2026-09-08-r7"",""bytesVerified"":true}}","none","Check component coverage","A group Sunburst exists. Search saved exact-configuration images and verify the selected component; do not assume a new generation is required.","","","","{""state"":""none""}"
"2026-09-13T00:46:11.822Z","GBBstnAmb15mlWhtDropper","GB-BSR-AMB-15ML-WHT-T-01","Boston Round","15","Amber","Dropper · White cap","Boston round design 15ml, 1/2 oz  Amber glass bottle with a white dropper. For use with perfume oils, diffuser oils, serums, primers, facial oils or face oils, moisturizers, and beard oils. Price each","kh70b67y176d4jftmy5xyd930x8dp2jn","boston-round-15ml-amber-18-400-dropper","boston-round-standard-15ml","1","plated-no-capoff-by-design","Recover approval / review","Find matching plate-specific approval evidence first. If none exists, review the current image without rebuilding it.","b4b6d06794c43f95d7c225b6f38459ff2571e4586daa5e5fd1a628da7b02ce0f","","","{""state"":""plated-no-capoff-by-design"",""familyId"":""boston-round-15ml-amber-18-400"",""sha256"":""b4b6d06794c43f95d7c225b6f38459ff2571e4586daa5e5fd1a628da7b02ce0f"",""revision"":2,""imageUrl"":""https://yzy7l20k4yt6znzz.public.blob.vercel-storage.com/plates/boston-round-15ml-amber-18-400/GBBstnAmb15mlWhtDropper/b4b6d06794c43f95d7c225b6f38459ff2571e4586daa5e5fd1a628da7b02ce0f.front-on-1000x1100.webp"",""sourcePath"":""1.  20-400 (1 oz & 2 oz) the 15ml 18-400 Boston Round/1. Boston Round  Dropper Bottles/5.  (.5 ounce:15ml) Boston Round (Capped)/1. Amber Bottle (.5ounce:15ml) (capped)/Amber Bottle (1.5 ounce) Alternating Caps (capped)/6. GBBstnAmb15mlWhtDropper.psd"",""capOff"":false,""bodyWidth"":285,""expectedWidth"":285,""sizeDeviation"":0,""legacySource"":false,""approval"":null,""localCandidate"":{""sku"":""GBBstnAmb15mlWhtDropper"",""familyId"":""boston-round-15ml-amber-18-400"",""state"":""pending"",""sha256"":""b4b6d06794c43f95d7c225b6f38459ff2571e4586daa5e5fd1a628da7b02ce0f"",""beforeSha256"":""b4b6d06794c43f95d7c225b6f38459ff2571e4586daa5e5fd1a628da7b02ce0f"",""comparisonPath"":""/Users/jordanrichter/.codex/visualizations/2026/09/12/01a097d5-52fb-77b2-9230-f5a9a5ee8e40/plate-grouping-review/index.html"",""note"":""Paused render proposal, not approved. Physical-group reconciliation required.""},""masterSourceRecorded"":true,""checksPassed"":true,""complete"":false}","candidate","Review saved kit","Use the existing candidate. Check photographed parts and alignment; a plate correction requires a new registration check.","","54a49f1231a0c5f4477d574111a6bb66c2f113871d0d46c0d4c87639d0ecdc00","catalog-kit-candidates-2026-09-08-r7","{""state"":""candidate"",""reason"":""Source-qualified paired PSD mapping passed alpha and exact plate-parity gates; visual approval required."",""candidate"":{""state"":""pending"",""sha256"":""54a49f1231a0c5f4477d574111a6bb66c2f113871d0d46c0d4c87639d0ecdc00"",""plateSha256"":""b4b6d06794c43f95d7c225b6f38459ff2571e4586daa5e5fd1a628da7b02ce0f"",""collection"":""catalog-kit-candidates-2026-09-08-r7"",""bytesVerified"":true}}","none","Check component coverage","A group Sunburst exists. Search saved exact-configuration images and verify the selected component; do not assume a new generation is required.","","","","{""state"":""none""}"
"2026-09-13T00:46:11.822Z","GBBstnAmb15mlWhtDropperGlTrim","GB-BSR-AMB-15ML-WHT-T-02","Boston Round","15","Amber","Dropper · White cap","Boston round design 15ml, 1/2 oz  Amber glass bottle and white dropper with a shiny gold trim cap. For use with perfume oils, diffuser oils, serums, primers, facial oils or face oils, moisturizers, and beard oils. Price each","kh70b67y176d4jftmy5xyd930x8dp2jn","boston-round-15ml-amber-18-400-dropper","boston-round-standard-15ml","1","plated-no-capoff-by-design","Recover approval / review","Find matching plate-specific approval evidence first. If none exists, review the current image without rebuilding it.","05a83d94f12996e1a0d4c1012a837087d418ae44224b4adf10192efdfba399b8","","","{""state"":""plated-no-capoff-by-design"",""familyId"":""boston-round-15ml-amber-18-400"",""sha256"":""05a83d94f12996e1a0d4c1012a837087d418ae44224b4adf10192efdfba399b8"",""revision"":2,""imageUrl"":""https://yzy7l20k4yt6znzz.public.blob.vercel-storage.com/plates/boston-round-15ml-amber-18-400/GBBstnAmb15mlWhtDropperGlTrim/05a83d94f12996e1a0d4c1012a837087d418ae44224b4adf10192efdfba399b8.front-on-1000x1100.webp"",""sourcePath"":""1.  20-400 (1 oz & 2 oz) the 15ml 18-400 Boston Round/1. Boston Round  Dropper Bottles/5.  (.5 ounce:15ml) Boston Round (Capped)/1. Amber Bottle (.5ounce:15ml) (capped)/Amber Bottle (1.5 ounce) Alternating Caps (capped)/4. GBBstnAmb15mlWhtDropperGlTrim.psd"",""capOff"":false,""bodyWidth"":285,""expectedWidth"":285,""sizeDeviation"":0,""legacySource"":false,""approval"":null,""localCandidate"":{""sku"":""GBBstnAmb15mlWhtDropperGlTrim"",""familyId"":""boston-round-15ml-amber-18-400"",""state"":""pending"",""sha256"":""05a83d94f12996e1a0d4c1012a837087d418ae44224b4adf10192efdfba399b8"",""beforeSha256"":""05a83d94f12996e1a0d4c1012a837087d418ae44224b4adf10192efdfba399b8"",""comparisonPath"":""/Users/jordanrichter/.codex/visualizations/2026/09/12/01a097d5-52fb-77b2-9230-f5a9a5ee8e40/plate-grouping-review/index.html"",""note"":""Paused render proposal, not approved. Physical-group reconciliation required.""},""masterSourceRecorded"":true,""checksPassed"":true,""complete"":false}","candidate","Review saved kit","Use the existing candidate. Check photographed parts and alignment; a plate correction requires a new registration check.","","d414a0f4b0909db1ce292e26984b85a44ccf0d50ba389429909ff47da3863eff","catalog-kit-candidates-2026-09-08-r7","{""state"":""candidate"",""reason"":""Source-qualified paired PSD mapping passed alpha and exact plate-parity gates; visual approval required."",""candidate"":{""state"":""pending"",""sha256"":""d414a0f4b0909db1ce292e26984b85a44ccf0d50ba389429909ff47da3863eff"",""plateSha256"":""05a83d94f12996e1a0d4c1012a837087d418ae44224b4adf10192efdfba399b8"",""collection"":""catalog-kit-candidates-2026-09-08-r7"",""bytesVerified"":true}}","indexed","Reuse approved Sunburst","Check this configuration against the locked glass target. Resize only if needed; changed bytes need their own review.","328611f750e9d8064545727a040da7e45f372730d3737ae41e082a79522f1891","328611f750e9d8064545727a040da7e45f372730d3737ae41e082a79522f1891","r7-resettle-approved-2026-09-11","{""state"":""indexed"",""generation"":""sunburst-approved"",""url"":""/images/catalog/bone-review/GBBstnAmb15mlWhtDropperGlTrim.328611f750e9.png"",""sha256"":""328611f750e9d8064545727a040da7e45f372730d3737ae41e082a79522f1891"",""manifestSha256"":""328611f750e9d8064545727a040da7e45f372730d3737ae41e082a79522f1891"",""lock"":""release-3"",""groupSlug"":""boston-round-15ml-amber-18-400-dropper"",""review"":{""status"":""approved"",""sha256"":""328611f750e9d8064545727a040da7e45f372730d3737ae41e082a79522f1891"",""collection"":""r7-resettle-approved-2026-09-11"",""updatedAt"":""2026-09-12T02:19:33.420Z""},""candidate"":{""state"":""approved"",""sha256"":""328611f750e9d8064545727a040da7e45f372730d3737ae41e082a79522f1891"",""collection"":""r7-resettle-approved-2026-09-11"",""bytesVerified"":true}}"
"2026-09-13T00:46:11.822Z","GBBstnAmb15mlWhtDropperSlTrim","GB-BSR-AMB-15ML-WHT-T-03","Boston Round","15","Amber","Dropper · White cap","Boston round design 15ml, 1/2 oz  Amber glass bottle and white dropper with a shiny silver trim cap. For use with perfume oils, diffuser oils, serums, primers, facial oils or face oils, moisturizers, and beard oils. Price each","kh70b67y176d4jftmy5xyd930x8dp2jn","boston-round-15ml-amber-18-400-dropper","boston-round-standard-15ml","1","plated-no-capoff-by-design","Recover approval / review","Find matching plate-specific approval evidence first. If none exists, review the current image without rebuilding it.","a96b9754fba89803b3ac02ebd6eea40aee0576b99f934f4bd6a334b5c04e3ae8","","","{""state"":""plated-no-capoff-by-design"",""familyId"":""boston-round-15ml-amber-18-400"",""sha256"":""a96b9754fba89803b3ac02ebd6eea40aee0576b99f934f4bd6a334b5c04e3ae8"",""revision"":2,""imageUrl"":""https://yzy7l20k4yt6znzz.public.blob.vercel-storage.com/plates/boston-round-15ml-amber-18-400/GBBstnAmb15mlWhtDropperSlTrim/a96b9754fba89803b3ac02ebd6eea40aee0576b99f934f4bd6a334b5c04e3ae8.front-on-1000x1100.webp"",""sourcePath"":""1.  20-400 (1 oz & 2 oz) the 15ml 18-400 Boston Round/1. Boston Round  Dropper Bottles/5.  (.5 ounce:15ml) Boston Round (Capped)/1. Amber Bottle (.5ounce:15ml) (capped)/Amber Bottle (1.5 ounce) Alternating Caps (capped)/3. GBBstnAmb15mlWhtDropperSlTrim.psd"",""capOff"":false,""bodyWidth"":285,""expectedWidth"":285,""sizeDeviation"":0,""legacySource"":false,""approval"":null,""localCandidate"":{""sku"":""GBBstnAmb15mlWhtDropperSlTrim"",""familyId"":""boston-round-15ml-amber-18-400"",""state"":""pending"",""sha256"":""a96b9754fba89803b3ac02ebd6eea40aee0576b99f934f4bd6a334b5c04e3ae8"",""beforeSha256"":""a96b9754fba89803b3ac02ebd6eea40aee0576b99f934f4bd6a334b5c04e3ae8"",""comparisonPath"":""/Users/jordanrichter/.codex/visualizations/2026/09/12/01a097d5-52fb-77b2-9230-f5a9a5ee8e40/plate-grouping-review/index.html"",""note"":""Paused render proposal, not approved. Physical-group reconciliation required.""},""masterSourceRecorded"":true,""checksPassed"":true,""complete"":false}","candidate","Review saved kit","Use the existing candidate. Check photographed parts and alignment; a plate correction requires a new registration check.","","dc3b3cfe633896a7c1097246c209c9f947325e150474fa1b44b9f149167b82cf","catalog-kit-candidates-2026-09-08-r7","{""state"":""candidate"",""reason"":""Source-qualified paired PSD mapping passed alpha and exact plate-parity gates; visual approval required."",""candidate"":{""state"":""pending"",""sha256"":""dc3b3cfe633896a7c1097246c209c9f947325e150474fa1b44b9f149167b82cf"",""plateSha256"":""a96b9754fba89803b3ac02ebd6eea40aee0576b99f934f4bd6a334b5c04e3ae8"",""collection"":""catalog-kit-candidates-2026-09-08-r7"",""bytesVerified"":true}}","none","Check component coverage","A group Sunburst exists. Search saved exact-configuration images and verify the selected component; do not assume a new generation is required.","","","","{""state"":""none""}"
"2026-09-13T00:46:11.822Z","GBBstnAmb1ozBlkCapSht","GB-BSR-AMB-30ML-BLK-S","Boston Round","30","Amber","Black cap","Boston round design 30ml, 1oz Amber glass bottle with short black cap. For use with Perfume oils, essential oils, diffuser oils and aromatherapy. Price each","kh701bf09an4958zyxw5e110wd8dppyt","boston-round-30ml-amber-20-400","boston-round-standard-30ml","1","plated-cap-on-only","Check glass sizing","Compare the existing plate with its verified physical profile. Keep it unless a measured correction is needed.","5d84d04e2772063de96644e8669d73370d213d91b3ca1162a8e75215239f1ed3","","","{""state"":""plated-cap-on-only"",""familyId"":""boston-round-30ml-amber-20-400"",""sha256"":""5d84d04e2772063de96644e8669d73370d213d91b3ca1162a8e75215239f1ed3"",""revision"":2,""imageUrl"":""https://yzy7l20k4yt6znzz.public.blob.vercel-storage.com/plates/boston-round-30ml-amber-20-400/GBBstnAmb1ozBlkCapSht/5d84d04e2772063de96644e8669d73370d213d91b3ca1162a8e75215239f1ed3.front-on-1000x1100.webp"",""sourcePath"":""1.  20-400 (1 oz & 2 oz) the 15ml 18-400 Boston Round/1. Boston Round  Dropper Bottles/4. (1ounce:30ml) Boston Round  (Capped)/1. Amber Bottle (1oz) (capped)/Amber - Alternating Caps (capped)/17. GBBstnAmb1ozBlkCapSht.psd"",""capOff"":false,""bodyWidth"":413,""expectedWidth"":null,""sizeDeviation"":null,""legacySource"":false,""approval"":null,""sizeHold"":""Earlier sizing finding remains open; regrouping is not approval"",""localCandidate"":{""sku"":""GBBstnAmb1ozBlkCapSht"",""familyId"":""boston-round-30ml-amber-20-400"",""state"":""pending"",""sha256"":""be58af79e03e507d5cf2aa66260f280f4e46bca27a3d0e66f91165426ee706a3"",""beforeSha256"":""5d84d04e2772063de96644e8669d73370d213d91b3ca1162a8e75215239f1ed3"",""comparisonPath"":""/Users/jordanrichter/.codex/visualizations/2026/09/12/01a097d5-52fb-77b2-9230-f5a9a5ee8e40/plate-grouping-review/index.html"",""note"":""Paused render proposal, not approved. Physical-group reconciliation required.""},""masterSourceRecorded"":true,""checksPassed"":false,""complete"":false}","held","Resolve kit hold","Inspect extraction edges in the saved parts and original master layers.","","5d84d04e2772063de96644e8669d73370d213d91b3ca1162a8e75215239f1ed3","catalog-kit-needs-review-2026-09-08-r5","{""state"":""held"",""reason"":""ValueError: body alpha gate failed: {'transparentFraction': 0.4256, 'semiTransparentPixels': 7449, 'touchesOwnEdge': True}"",""candidate"":{""state"":""pending"",""sha256"":""5d84d04e2772063de96644e8669d73370d213d91b3ca1162a8e75215239f1ed3"",""plateSha256"":""5d84d04e2772063de96644e8669d73370d213d91b3ca1162a8e75215239f1ed3"",""collection"":""catalog-kit-needs-review-2026-09-08-r5"",""bytesVerified"":true}}","indexed","Reuse approved Sunburst","Check this configuration against the locked glass target. Resize only if needed; changed bytes need their own review.","862068a58da1641185d127450dcd5496e19cca80f47f6d9f79f53cf96aba421e","862068a58da1641185d127450dcd5496e19cca80f47f6d9f79f53cf96aba421e","r7-resettle-approved-2026-09-11","{""state"":""indexed"",""generation"":""sunburst-approved"",""url"":""/images/catalog/bone-review/GBBstnAmb1ozBlkCapSht.862068a58da1.png"",""sha256"":""862068a58da1641185d127450dcd5496e19cca80f47f6d9f79f53cf96aba421e"",""manifestSha256"":""862068a58da1641185d127450dcd5496e19cca80f47f6d9f79f53cf96aba421e"",""lock"":""release-3"",""groupSlug"":""boston-round-30ml-amber-20-400"",""review"":{""status"":""approved"",""sha256"":""862068a58da1641185d127450dcd5496e19cca80f47f6d9f79f53cf96aba421e"",""collection"":""r7-resettle-approved-2026-09-11"",""updatedAt"":""2026-09-12T02:19:31.707Z""},""candidate"":{""state"":""approved"",""sha256"":""862068a58da1641185d127450dcd5496e19cca80f47f6d9f79f53cf96aba421e"",""collection"":""r7-resettle-approved-2026-09-11"",""bytesVerified"":true}}"
"2026-09-13T00:46:11.822Z","GBBstnAmb1ozBlkDropper","GB-BSR-AMB-30ML-BLK-T-01","Boston Round","30","Amber","Dropper · Black cap","Boston round design 30ml, 1oz Amber glass bottle with black dropper. For use with perfume oils, diffuser oils, serums, primers, facial oils or face oils, moisturizers, and beard oils. Price each","kh76cthp5ysk49hky1ceay825s8dpqmm","boston-round-30ml-amber-20-400-dropper","boston-round-standard-30ml","1","plated-no-capoff-by-design","Recover approval / review","Find matching plate-specific approval evidence first. If none exists, review the current image without rebuilding it.","a84c7770ef8417f567812a883ffb4b03daeae707e026974a786ac720ef845bd4","","","{""state"":""plated-no-capoff-by-design"",""familyId"":""boston-round-30ml-amber-20-400"",""sha256"":""a84c7770ef8417f567812a883ffb4b03daeae707e026974a786ac720ef845bd4"",""revision"":2,""imageUrl"":""https://yzy7l20k4yt6znzz.public.blob.vercel-storage.com/plates/boston-round-30ml-amber-20-400/GBBstnAmb1ozBlkDropper/a84c7770ef8417f567812a883ffb4b03daeae707e026974a786ac720ef845bd4.front-on-1000x1100.webp"",""sourcePath"":""1.  20-400 (1 oz & 2 oz) the 15ml 18-400 Boston Round/1. Boston Round  Dropper Bottles/4. (1ounce:30ml) Boston Round  (Capped)/1. Amber Bottle (1oz) (capped)/Amber - Alternating Caps (capped)/16. GBBstnAmb1ozBlkDropper.psd"",""capOff"":false,""bodyWidth"":330,""expectedWidth"":330,""sizeDeviation"":0,""legacySource"":false,""approval"":null,""localCandidate"":{""sku"":""GBBstnAmb1ozBlkDropper"",""familyId"":""boston-round-30ml-amber-20-400"",""state"":""pending"",""sha256"":""a84c7770ef8417f567812a883ffb4b03daeae707e026974a786ac720ef845bd4"",""beforeSha256"":""a84c7770ef8417f567812a883ffb4b03daeae707e026974a786ac720ef845bd4"",""comparisonPath"":""/Users/jordanrichter/.codex/visualizations/2026/09/12/01a097d5-52fb-77b2-9230-f5a9a5ee8e40/plate-grouping-review/index.html"",""note"":""Paused render proposal, not approved. Physical-group reconciliation required.""},""masterSourceRecorded"":true,""checksPassed"":true,""complete"":false}","candidate","Review saved kit","Use the existing candidate. Check photographed parts and alignment; a plate correction requires a new registration check.","","49ecd9c75f7e8d140393f4f3f935ba8c3c4490ccc722728535a29f247688c495","catalog-kit-candidates-2026-09-08-r7","{""state"":""candidate"",""reason"":""Source-qualified paired PSD mapping passed alpha and exact plate-parity gates; visual approval required."",""candidate"":{""state"":""pending"",""sha256"":""49ecd9c75f7e8d140393f4f3f935ba8c3c4490ccc722728535a29f247688c495"",""plateSha256"":""a84c7770ef8417f567812a883ffb4b03daeae707e026974a786ac720ef845bd4"",""collection"":""catalog-kit-candidates-2026-09-08-r7"",""bytesVerified"":true}}","none","Check component coverage","A group Sunburst exists. Search saved exact-configuration images and verify the selected component; do not assume a new generation is required.","","","","{""state"":""none""}"
"2026-09-13T00:46:11.822Z","GBBstnAmb1ozBlkDrpShnGl","GB-BSR-AMB-30ML-BLK-T-02","Boston Round","30","Amber","Dropper · Black cap","Boston round design 30ml, 1oz Amber glass bottle and black dropper with a shiny gold trim cap. For use with perfume oils, diffuser oils, serums, primers, facial oils or face oils, moisturizers, and beard oils. Price each","kh76cthp5ysk49hky1ceay825s8dpqmm","boston-round-30ml-amber-20-400-dropper","boston-round-standard-30ml","1","none","Plate not indexed","Search saved candidates and verified master sources before creating a plate. This is not yet a photography gap.","","","","{""state"":""none"",""approval"":null,""masterSourceRecorded"":false,""checksPassed"":false,""complete"":false}","no-plate","Plate needed first","Recover or finish the plate, then audit real component layers in its master source.","","","","{""state"":""no-plate""}","none","Check component coverage","A group Sunburst exists. Search saved exact-configuration images and verify the selected component; do not assume a new generation is required.","","","","{""state"":""none""}"
"2026-09-13T00:46:11.822Z","GBBstnAmb1ozMtlRollonGl","GB-BSR-AMB-30ML-MRO-GLD","Boston Round","30","Amber","Metal Roller Ball · Gold cap","Boston round design 30ml, 1oz Amber glass bottle with metal roller plug and shiny gold cap. For use with perfume or fragrance oil, essential oils, aromatic oils and aromatherapy. Refillable bottle with large, 12mm diameter metal-roller ball. Price each","kh78vztmsmmv18mr8cvbb01mxx8dq9kr","boston-round-30ml-amber-20-400-rollon","boston-round-standard-30ml","1","plated","Resolve plate hold","Reconcile the recorded source or integrity finding against exact catalog evidence and the master PSD. Preserve this file.","eceb3b6fd028736f77be0686027e7483266579f6080ab8fcf27b12cb0e513176","","","{""state"":""plated"",""familyId"":""boston-round-30ml-amber-20-400"",""sha256"":""eceb3b6fd028736f77be0686027e7483266579f6080ab8fcf27b12cb0e513176"",""revision"":2,""imageUrl"":""https://yzy7l20k4yt6znzz.public.blob.vercel-storage.com/plates/boston-round-30ml-amber-20-400/GBBstnAmb1ozMtlRollonGl/eceb3b6fd028736f77be0686027e7483266579f6080ab8fcf27b12cb0e513176.front-on-1000x1100.webp"",""sourcePath"":""1.  20-400 (1 oz & 2 oz) the 15ml 18-400 Boston Round/1. Boston Round  Dropper Bottles/4. (1ounce:30ml) Boston Round  (Capped)/1. Amber Bottle (1oz) (capped)/Amber - Alternating Caps (capped)/4. GBBstnAmb1ozMtlRollonGl.psd"",""capOff"":true,""bodyWidth"":341,""expectedWidth"":341,""sizeDeviation"":0,""legacySource"":false,""approval"":null,""sourceHold"":{""sku"":""GBBstnAmb1ozMtlRollonGl"",""familyId"":""boston-round-30ml-amber-20-400"",""reasons"":[""front source basename 'GBBstnAmb1ozRollonGl' does not match website SKU 'GBBstnAmb1ozMtlRollonGl'""]},""masterSourceRecorded"":true,""checksPassed"":false,""complete"":false}","held","Resolve kit hold","Check alignment against the exact current plate; preserve usable parts.","","eceb3b6fd028736f77be0686027e7483266579f6080ab8fcf27b12cb0e513176","catalog-kit-needs-review-2026-09-08-r5","{""state"":""held"",""reason"":""ValueError: plate parity failed: {'ok': False, 'mean': 32.8604, 'tailOver40': 0.201337}"",""candidate"":{""state"":""pending"",""sha256"":""eceb3b6fd028736f77be0686027e7483266579f6080ab8fcf27b12cb0e513176"",""plateSha256"":""eceb3b6fd028736f77be0686027e7483266579f6080ab8fcf27b12cb0e513176"",""collection"":""catalog-kit-needs-review-2026-09-08-r5"",""bytesVerified"":true}}","none","Check component coverage","A group Sunburst exists. Search saved exact-configuration images and verify the selected component; do not assume a new generation is required.","","","","{""state"":""none""}"
"2026-09-13T00:46:11.822Z","GBBstnAmb1ozMtlRollonMattBlk","GB-BSR-AMB-30ML-MRL-MBLK","Boston Round","30","Amber","Metal Roller Ball · Matte Black cap","Boston round design 30ml, 1oz Amber glass bottle with metal roller plug and matte black cap. For use with perfume or fragrance oil, essential oils, aromatic oils and aromatherapy. Refillable bottle with large, 12mm diameter metal-roller ball. Price each","kh78vztmsmmv18mr8cvbb01mxx8dq9kr","boston-round-30ml-amber-20-400-rollon","boston-round-standard-30ml","1","plated","Recover approval / review","Find matching plate-specific approval evidence first. If none exists, review the current image without rebuilding it.","3c0ca7e4cee9abb42876b60c2998c2bad05734d0a51b4fe4b8908ead359c05c0","","","{""state"":""plated"",""familyId"":""boston-round-30ml-amber-20-400"",""sha256"":""3c0ca7e4cee9abb42876b60c2998c2bad05734d0a51b4fe4b8908ead359c05c0"",""revision"":2,""imageUrl"":""https://yzy7l20k4yt6znzz.public.blob.vercel-storage.com/plates/boston-round-30ml-amber-20-400/GBBstnAmb1ozMtlRollonMattBlk/3c0ca7e4cee9abb42876b60c2998c2bad05734d0a51b4fe4b8908ead359c05c0.front-on-1000x1100.webp"",""sourcePath"":""1.  20-400 (1 oz & 2 oz) the 15ml 18-400 Boston Round/1. Boston Round  Dropper Bottles/4. (1ounce:30ml) Boston Round  (Capped)/1. Amber Bottle (1oz) (capped)/Amber - Alternating Caps (capped)/3. GBBstnAmb1ozMtlRollonMattBlk.psd"",""capOff"":true,""bodyWidth"":341,""expectedWidth"":341,""sizeDeviation"":0,""legacySource"":false,""approval"":null,""localCandidate"":{""sku"":""GBBstnAmb1ozMtlRollonMattBlk"",""familyId"":""boston-round-30ml-amber-20-400"",""state"":""pending"",""sha256"":""bd5c2108f3538520ae86f714109a622637996cebfd866bb35119e9956b16e5a6"",""beforeSha256"":""3c0ca7e4cee9abb42876b60c2998c2bad05734d0a51b4fe4b8908ead359c05c0"",""comparisonPath"":""/Users/jordanrichter/.codex/visualizations/2026/09/12/01a097d5-52fb-77b2-9230-f5a9a5ee8e40/plate-grouping-review/index.html"",""note"":""Paused render proposal, not approved. Physical-group reconciliation required.""},""masterSourceRecorded"":true,""checksPassed"":true,""complete"":false}","candidate","Review saved kit","Use the existing candidate. Check photographed parts and alignment; a plate correction requires a new registration check.","","80a799d70ef8bd01a6a637c97f7f058d3d22dc0895d34a2c865be50403346b28","catalog-kit-candidates-2026-09-08-r7","{""state"":""candidate"",""reason"":""Source-qualified paired PSD mapping passed alpha and exact plate-parity gates; visual approval required."",""candidate"":{""state"":""pending"",""sha256"":""80a799d70ef8bd01a6a637c97f7f058d3d22dc0895d34a2c865be50403346b28"",""plateSha256"":""3c0ca7e4cee9abb42876b60c2998c2bad05734d0a51b4fe4b8908ead359c05c0"",""collection"":""catalog-kit-candidates-2026-09-08-r7"",""bytesVerified"":true}}","none","Check component coverage","A group Sunburst exists. Search saved exact-configuration images and verify the selected component; do not assume a new generation is required.","","","","{""state"":""none""}"
"2026-09-13T00:46:11.822Z","GBBstnAmb1ozMtlRollonMattGl","GB-BSR-AMB-30ML-MRL-MGLD","Boston Round","30","Amber","Metal Roller Ball · Matte Gold cap","Boston round design 30ml, 1oz Amber glass bottle with metal roller plug and matte gold cap. For use with perfume or fragrance oil, essential oils, aromatic oils and aromatherapy. Refillable bottle with large, 12mm diameter metal-roller ball. Price each","kh78vztmsmmv18mr8cvbb01mxx8dq9kr","boston-round-30ml-amber-20-400-rollon","boston-round-standard-30ml","1","plated","Recover approval / review","Find matching plate-specific approval evidence first. If none exists, review the current image without rebuilding it.","a77ff9999dea782f13ce14c1479116b296da4a5196cc697a4d83eed6ab7c6c3d","","","{""state"":""plated"",""familyId"":""boston-round-30ml-amber-20-400"",""sha256"":""a77ff9999dea782f13ce14c1479116b296da4a5196cc697a4d83eed6ab7c6c3d"",""revision"":2,""imageUrl"":""https://yzy7l20k4yt6znzz.public.blob.vercel-storage.com/plates/boston-round-30ml-amber-20-400/GBBstnAmb1ozMtlRollonMattGl/a77ff9999dea782f13ce14c1479116b296da4a5196cc697a4d83eed6ab7c6c3d.front-on-1000x1100.webp"",""sourcePath"":""1.  20-400 (1 oz & 2 oz) the 15ml 18-400 Boston Round/1. Boston Round  Dropper Bottles/4. (1ounce:30ml) Boston Round  (Capped)/1. Amber Bottle (1oz) (capped)/Amber - Alternating Caps (capped)/5. GBBstnAmb1ozMtlRollonMattGl.psd"",""capOff"":true,""bodyWidth"":341,""expectedWidth"":341,""sizeDeviation"":0,""legacySource"":false,""approval"":null,""localCandidate"":{""sku"":""GBBstnAmb1ozMtlRollonMattGl"",""familyId"":""boston-round-30ml-amber-20-400"",""state"":""pending"",""sha256"":""0d9ed777e25a4b48bfc9b1887dd964d53910987c95ac9e1b8ce699b8eba90e5f"",""beforeSha256"":""a77ff9999dea782f13ce14c1479116b296da4a5196cc697a4d83eed6ab7c6c3d"",""comparisonPath"":""/Users/jordanrichter/.codex/visualizations/2026/09/12/01a097d5-52fb-77b2-9230-f5a9a5ee8e40/plate-grouping-review/index.html"",""note"":""Paused render proposal, not approved. Physical-group reconciliation required.""},""masterSourceRecorded"":true,""checksPassed"":true,""complete"":false}","held","Resolve kit hold","Check alignment against the exact current plate; preserve usable parts.","","a77ff9999dea782f13ce14c1479116b296da4a5196cc697a4d83eed6ab7c6c3d","catalog-kit-needs-review-2026-09-08-r5","{""state"":""held"",""reason"":""ValueError: plate parity failed: {'ok': False, 'mean': 30.9174, 'tailOver40': 0.219065}"",""candidate"":{""state"":""pending"",""sha256"":""a77ff9999dea782f13ce14c1479116b296da4a5196cc697a4d83eed6ab7c6c3d"",""plateSha256"":""a77ff9999dea782f13ce14c1479116b296da4a5196cc697a4d83eed6ab7c6c3d"",""collection"":""catalog-kit-needs-review-2026-09-08-r5"",""bytesVerified"":true}}","none","Check component coverage","A group Sunburst exists. Search saved exact-configuration images and verify the selected component; do not assume a new generation is required.","","","","{""state"":""none""}"
"2026-09-13T00:46:11.822Z","GBBstnAmb1ozMtlRollonMattSl","GB-BSR-AMB-30ML-MRL-MSLV","Boston Round","30","Amber","Metal Roller Ball · Matte Silver cap","Boston round design 30ml, 1oz Amber glass bottle with metal roller plug and matte silver cap. For use with perfume, fragrance oil, essential oils, body oils, thin lotions and ointments. Refillable bottle with large, 12mm diameter metal-roller ball. Price","kh78vztmsmmv18mr8cvbb01mxx8dq9kr","boston-round-30ml-amber-20-400-rollon","boston-round-standard-30ml","1","plated","Recover approval / review","Find matching plate-specific approval evidence first. If none exists, review the current image without rebuilding it.","1c1bde3986c1e513506d7ec7008502514588dc10a8f3cf212a3ede5b29a68f68","","","{""state"":""plated"",""familyId"":""boston-round-30ml-amber-20-400"",""sha256"":""1c1bde3986c1e513506d7ec7008502514588dc10a8f3cf212a3ede5b29a68f68"",""revision"":2,""imageUrl"":""https://yzy7l20k4yt6znzz.public.blob.vercel-storage.com/plates/boston-round-30ml-amber-20-400/GBBstnAmb1ozMtlRollonMattSl/1c1bde3986c1e513506d7ec7008502514588dc10a8f3cf212a3ede5b29a68f68.front-on-1000x1100.webp"",""sourcePath"":""1.  20-400 (1 oz & 2 oz) the 15ml 18-400 Boston Round/1. Boston Round  Dropper Bottles/4. (1ounce:30ml) Boston Round  (Capped)/1. Amber Bottle (1oz) (capped)/Amber - Alternating Caps (capped)/1. GBBstnAmb1ozMtlRollonMattSl.psd"",""capOff"":true,""bodyWidth"":341,""expectedWidth"":341,""sizeDeviation"":0,""legacySource"":false,""approval"":null,""localCandidate"":{""sku"":""GBBstnAmb1ozMtlRollonMattSl"",""familyId"":""boston-round-30ml-amber-20-400"",""state"":""pending"",""sha256"":""c5020767e7f76b434784bcbab925d38823fbd8c3e68277e467bb5f78b91e4600"",""beforeSha256"":""1c1bde3986c1e513506d7ec7008502514588dc10a8f3cf212a3ede5b29a68f68"",""comparisonPath"":""/Users/jordanrichter/.codex/visualizations/2026/09/12/01a097d5-52fb-77b2-9230-f5a9a5ee8e40/plate-grouping-review/index.html"",""note"":""Paused render proposal, not approved. Physical-group reconciliation required.""},""masterSourceRecorded"":true,""checksPassed"":true,""complete"":false}","candidate","Review saved kit","Use the existing candidate. Check photographed parts and alignment; a plate correction requires a new registration check.","","ccae8c4355cf8ba872376043f2b80b0999fcde3c6a40d42aa0f6a525312626f2","catalog-kit-candidates-2026-09-08-r7","{""state"":""candidate"",""reason"":""Source-qualified paired PSD mapping passed alpha and exact plate-parity gates; visual approval required."",""candidate"":{""state"":""pending"",""sha256"":""ccae8c4355cf8ba872376043f2b80b0999fcde3c6a40d42aa0f6a525312626f2"",""plateSha256"":""1c1bde3986c1e513506d7ec7008502514588dc10a8f3cf212a3ede5b29a68f68"",""collection"":""catalog-kit-candidates-2026-09-08-r7"",""bytesVerified"":true}}","indexed","Reuse approved Sunburst","Check this configuration against the locked glass target. Resize only if needed; changed bytes need their own review.","c8abdf0ac6d2471ae3e259798caeb96b64fdd00f2b62e619c14d86fa0412a4f8","c8abdf0ac6d2471ae3e259798caeb96b64fdd00f2b62e619c14d86fa0412a4f8","r7-resettle-approved-2026-09-11","{""state"":""indexed"",""generation"":""sunburst-approved"",""url"":""/images/catalog/bone-review/GBBstnAmb1ozMtlRollonMattSl.c8abdf0ac6d2.png"",""sha256"":""c8abdf0ac6d2471ae3e259798caeb96b64fdd00f2b62e619c14d86fa0412a4f8"",""manifestSha256"":""c8abdf0ac6d2471ae3e259798caeb96b64fdd00f2b62e619c14d86fa0412a4f8"",""lock"":""release-3"",""groupSlug"":""boston-round-30ml-amber-20-400-rollon"",""review"":{""status"":""approved"",""sha256"":""c8abdf0ac6d2471ae3e259798caeb96b64fdd00f2b62e619c14d86fa0412a4f8"",""collection"":""r7-resettle-approved-2026-09-11"",""updatedAt"":""2026-09-12T02:19:31.121Z""},""candidate"":{""state"":""approved"",""sha256"":""c8abdf0ac6d2471ae3e259798caeb96b64fdd00f2b62e619c14d86fa0412a4f8"",""collection"":""r7-resettle-approved-2026-09-11"",""bytesVerified"":true}}"
"2026-09-13T00:46:11.822Z","GBBstnAmb1ozMtlRollonShnBlk","GB-BSR-AMB-30ML-MRL-SBLK","Boston Round","30","Amber","Metal Roller Ball · Shiny Black cap","Boston round design 30ml, 1oz Amber glass bottle with metal roller plug and shiny black cap. For use with perfume or fragrance oil, essential oils, aromatic oils and aromatherapy. Refillable bottle with large, 12mm diameter metal-roller ball. Price each","kh78vztmsmmv18mr8cvbb01mxx8dq9kr","boston-round-30ml-amber-20-400-rollon","boston-round-standard-30ml","1","plated","Recover approval / review","Find matching plate-specific approval evidence first. If none exists, review the current image without rebuilding it.","6cedf7227ec064de77bba2cf25d6981785918fa7490775fb15ef195d4efca6db","","","{""state"":""plated"",""familyId"":""boston-round-30ml-amber-20-400"",""sha256"":""6cedf7227ec064de77bba2cf25d6981785918fa7490775fb15ef195d4efca6db"",""revision"":2,""imageUrl"":""https://yzy7l20k4yt6znzz.public.blob.vercel-storage.com/plates/boston-round-30ml-amber-20-400/GBBstnAmb1ozMtlRollonShnBlk/6cedf7227ec064de77bba2cf25d6981785918fa7490775fb15ef195d4efca6db.front-on-1000x1100.webp"",""sourcePath"":""1.  20-400 (1 oz & 2 oz) the 15ml 18-400 Boston Round/1. Boston Round  Dropper Bottles/4. (1ounce:30ml) Boston Round  (Capped)/1. Amber Bottle (1oz) (capped)/Amber - Alternating Caps (capped)/19. GBBstnAmb1ozMtlRollonShnBlk.psd"",""capOff"":true,""bodyWidth"":341,""expectedWidth"":341,""sizeDeviation"":0,""legacySource"":false,""approval"":null,""localCandidate"":{""sku"":""GBBstnAmb1ozMtlRollonShnBlk"",""familyId"":""boston-round-30ml-amber-20-400"",""state"":""pending"",""sha256"":""61984b2b274a8a5577ec2297575557cb28c131f1835ab4276e26907820ba1ed0"",""beforeSha256"":""6cedf7227ec064de77bba2cf25d6981785918fa7490775fb15ef195d4efca6db"",""comparisonPath"":""/Users/jordanrichter/.codex/visualizations/2026/09/12/01a097d5-52fb-77b2-9230-f5a9a5ee8e40/plate-grouping-review/index.html"",""note"":""Paused render proposal, not approved. Physical-group reconciliation required.""},""masterSourceRecorded"":true,""checksPassed"":true,""complete"":false}","held","Resolve kit hold","Check alignment against the exact current plate; preserve usable parts.","","6cedf7227ec064de77bba2cf25d6981785918fa7490775fb15ef195d4efca6db","catalog-kit-needs-review-2026-09-08-r5","{""state"":""held"",""reason"":""ValueError: plate parity failed: {'ok': False, 'mean': 25.2045, 'tailOver40': 0.142166}"",""candidate"":{""state"":""pending"",""sha256"":""6cedf7227ec064de77bba2cf25d6981785918fa7490775fb15ef195d4efca6db"",""plateSha256"":""6cedf7227ec064de77bba2cf25d6981785918fa7490775fb15ef195d4efca6db"",""collection"":""catalog-kit-needs-review-2026-09-08-r5"",""bytesVerified"":true}}","none","Check component coverage","A group Sunburst exists. Search saved exact-configuration images and verify the selected component; do not assume a new generation is required.","","","","{""state"":""none""}"
"2026-09-13T00:46:11.822Z","GBBstnAmb1ozMtlRollonShnSl","GB-BSR-AMB-30ML-MRL-SSLV","Boston Round","30","Amber","Metal Roller Ball · Shiny Silver cap","Boston round design 30ml, 1oz Amber glass bottle with metal roller plug and shiny silver cap. For use with perfume or fragrance oil, essential oils, aromatic oils and aromatherapy. Refillable bottle with large, 12mm diameter metal-roller ball. Price each","kh78vztmsmmv18mr8cvbb01mxx8dq9kr","boston-round-30ml-amber-20-400-rollon","boston-round-standard-30ml","1","plated","Resolve plate hold","Reconcile the recorded source or integrity finding against exact catalog evidence and the master PSD. Preserve this file.","34d0177d3ffc48dcc74a840d44ad76ede6c8f1a8515d00bca08827a8485162ec","","","{""state"":""plated"",""familyId"":""boston-round-30ml-amber-20-400"",""sha256"":""34d0177d3ffc48dcc74a840d44ad76ede6c8f1a8515d00bca08827a8485162ec"",""revision"":2,""imageUrl"":""https://yzy7l20k4yt6znzz.public.blob.vercel-storage.com/plates/boston-round-30ml-amber-20-400/GBBstnAmb1ozMtlRollonShnSl/34d0177d3ffc48dcc74a840d44ad76ede6c8f1a8515d00bca08827a8485162ec.front-on-1000x1100.webp"",""sourcePath"":""1.  20-400 (1 oz & 2 oz) the 15ml 18-400 Boston Round/1. Boston Round  Dropper Bottles/4. (1ounce:30ml) Boston Round  (Capped)/1. Amber Bottle (1oz) (capped)/Amber - Alternating Caps (capped)/2. GBBstnAmb1ozMtlRollonShnSl.psd"",""capOff"":true,""bodyWidth"":342,""expectedWidth"":341,""sizeDeviation"":0.003,""legacySource"":false,""approval"":null,""sourceHold"":{""sku"":""GBBstnAmb1ozMtlRollonShnSl"",""familyId"":""boston-round-30ml-amber-20-400"",""reasons"":[""front source basename 'GBBstnAmb1ozRollonShnSl' does not match website SKU 'GBBstnAmb1ozMtlRollonShnSl'""]},""masterSourceRecorded"":true,""checksPassed"":false,""complete"":false}","candidate","Review saved kit","Use the existing candidate. Check photographed parts and alignment; a plate correction requires a new registration check.","","e27fb09a09ac07ea7938ddcd3bd717ea52f977ae5290d0c9fa92b323aa32393b","catalog-kit-candidates-2026-09-08-r7","{""state"":""candidate"",""reason"":""Source-qualified paired PSD mapping passed alpha and exact plate-parity gates; visual approval required."",""candidate"":{""state"":""pending"",""sha256"":""e27fb09a09ac07ea7938ddcd3bd717ea52f977ae5290d0c9fa92b323aa32393b"",""plateSha256"":""34d0177d3ffc48dcc74a840d44ad76ede6c8f1a8515d00bca08827a8485162ec"",""collection"":""catalog-kit-candidates-2026-09-08-r7"",""bytesVerified"":true}}","none","Check component coverage","A group Sunburst exists. Search saved exact-configuration images and verify the selected component; do not assume a new generation is required.","","","","{""state"":""none""}"
"2026-09-13T00:46:11.822Z","GBBstnAmb1ozRollonGl","GB-BSR-AMB-30ML-RON-GLD","Boston Round","30","Amber","Plastic Roller Ball · Gold cap","Boston round design 30ml, 1oz Amber glass bottle with plastic roller ball plug and shiny gold cap. For use with perfume or fragrance oil, essential oils, aromatic oils and aromatherapy. Refillable bottle with large, 12mm diameter roller ball. Price each","kh78vztmsmmv18mr8cvbb01mxx8dq9kr","boston-round-30ml-amber-20-400-rollon","boston-round-standard-30ml","1","plated","Recover approval / review","Find matching plate-specific approval evidence first. If none exists, review the current image without rebuilding it.","eceb3b6fd028736f77be0686027e7483266579f6080ab8fcf27b12cb0e513176","","","{""state"":""plated"",""familyId"":""boston-round-30ml-amber-20-400"",""sha256"":""eceb3b6fd028736f77be0686027e7483266579f6080ab8fcf27b12cb0e513176"",""revision"":2,""imageUrl"":""https://yzy7l20k4yt6znzz.public.blob.vercel-storage.com/plates/boston-round-30ml-amber-20-400/GBBstnAmb1ozRollonGl/eceb3b6fd028736f77be0686027e7483266579f6080ab8fcf27b12cb0e513176.front-on-1000x1100.webp"",""sourcePath"":""1.  20-400 (1 oz & 2 oz) the 15ml 18-400 Boston Round/1. Boston Round  Dropper Bottles/4. (1ounce:30ml) Boston Round  (Capped)/1. Amber Bottle (1oz) (capped)/Amber - Alternating Caps (capped)/9. GBBstnAmb1ozRollonGl.psd"",""capOff"":true,""bodyWidth"":341,""expectedWidth"":341,""sizeDeviation"":0,""legacySource"":false,""approval"":null,""localCandidate"":{""sku"":""GBBstnAmb1ozRollonGl"",""familyId"":""boston-round-30ml-amber-20-400"",""state"":""pending"",""sha256"":""d14b359bc080905776d516db93ed966d8a8e402f955fd862437a96223c0faad1"",""beforeSha256"":""eceb3b6fd028736f77be0686027e7483266579f6080ab8fcf27b12cb0e513176"",""comparisonPath"":""/Users/jordanrichter/.codex/visualizations/2026/09/12/01a097d5-52fb-77b2-9230-f5a9a5ee8e40/plate-grouping-review/index.html"",""note"":""Paused render proposal, not approved. Physical-group reconciliation required.""},""masterSourceRecorded"":true,""checksPassed"":true,""complete"":false}","held","Resolve kit hold","Recheck the recorded source or component-layer mapping. Keep unresolved identity explicit.","","","","{""state"":""held"",""reason"":""Source recovery or identity reconciliation required: source_preflight:front source basename 'GBBstnAmb1ozMtlRollonGl' does not match website SKU 'GBBstnAmb1ozRollonGl'""}","none","Check component coverage","A group Sunburst exists. Search saved exact-configuration images and verify the selected component; do not assume a new generation is required.","","","","{""state"":""none""}"
"2026-09-13T00:46:11.822Z","GBBstnAmb1ozRollonMattBlk","GB-BSR-AMB-30ML-RON-MBLK","Boston Round","30","Amber","Plastic Roller Ball · Matte Black cap","Boston round design 30ml, 1oz Amber glass bottle with plastic roller ball plug and matte black cap. For use with perfume or fragrance oil, essential oils, aromatic oils and aromatherapy. Refillable bottle with large, 12mm diameter roller ball. Price each","kh78vztmsmmv18mr8cvbb01mxx8dq9kr","boston-round-30ml-amber-20-400-rollon","boston-round-standard-30ml","1","plated","Recover approval / review","Find matching plate-specific approval evidence first. If none exists, review the current image without rebuilding it.","3c0ca7e4cee9abb42876b60c2998c2bad05734d0a51b4fe4b8908ead359c05c0","","","{""state"":""plated"",""familyId"":""boston-round-30ml-amber-20-400"",""sha256"":""3c0ca7e4cee9abb42876b60c2998c2bad05734d0a51b4fe4b8908ead359c05c0"",""revision"":2,""imageUrl"":""https://yzy7l20k4yt6znzz.public.blob.vercel-storage.com/plates/boston-round-30ml-amber-20-400/GBBstnAmb1ozRollonMattBlk/3c0ca7e4cee9abb42876b60c2998c2bad05734d0a51b4fe4b8908ead359c05c0.front-on-1000x1100.webp"",""sourcePath"":""1.  20-400 (1 oz & 2 oz) the 15ml 18-400 Boston Round/1. Boston Round  Dropper Bottles/4. (1ounce:30ml) Boston Round  (Capped)/1. Amber Bottle (1oz) (capped)/Amber - Alternating Caps (capped)/8. GBBstnAmb1ozRollonMattBlk.psd"",""capOff"":true,""bodyWidth"":341,""expectedWidth"":341,""sizeDeviation"":0,""legacySource"":false,""approval"":null,""localCandidate"":{""sku"":""GBBstnAmb1ozRollonMattBlk"",""familyId"":""boston-round-30ml-amber-20-400"",""state"":""pending"",""sha256"":""bd5c2108f3538520ae86f714109a622637996cebfd866bb35119e9956b16e5a6"",""beforeSha256"":""3c0ca7e4cee9abb42876b60c2998c2bad05734d0a51b4fe4b8908ead359c05c0"",""comparisonPath"":""/Users/jordanrichter/.codex/visualizations/2026/09/12/01a097d5-52fb-77b2-9230-f5a9a5ee8e40/plate-grouping-review/index.html"",""note"":""Paused render proposal, not approved. Physical-group reconciliation required.""},""masterSourceRecorded"":true,""checksPassed"":true,""complete"":false}","candidate","Review saved kit","Use the existing candidate. Check photographed parts and alignment; a plate correction requires a new registration check.","","80a799d70ef8bd01a6a637c97f7f058d3d22dc0895d34a2c865be50403346b28","catalog-kit-candidates-2026-09-08-r7","{""state"":""candidate"",""reason"":""Source-qualified paired PSD mapping passed alpha and exact plate-parity gates; visual approval required."",""candidate"":{""state"":""pending"",""sha256"":""80a799d70ef8bd01a6a637c97f7f058d3d22dc0895d34a2c865be50403346b28"",""plateSha256"":""3c0ca7e4cee9abb42876b60c2998c2bad05734d0a51b4fe4b8908ead359c05c0"",""collection"":""catalog-kit-candidates-2026-09-08-r7"",""bytesVerified"":true}}","none","Check component coverage","A group Sunburst exists. Search saved exact-configuration images and verify the selected component; do not assume a new generation is required.","","","","{""state"":""none""}"
"2026-09-13T00:46:11.822Z","GBBstnAmb1ozRollonMattGl","GB-BSR-AMB-30ML-RON-MGLD","Boston Round","30","Amber","Plastic Roller Ball · Matte Gold cap","Boston round design 30ml, 1oz Amber glass bottle with plastic roller ball plug and matte gold cap. For use with perfume or fragrance oil, essential oils, aromatic oils and aromatherapy. Refillable bottle with large, 12mm diameter roller ball. Price each","kh78vztmsmmv18mr8cvbb01mxx8dq9kr","boston-round-30ml-amber-20-400-rollon","boston-round-standard-30ml","1","plated","Recover approval / review","Find matching plate-specific approval evidence first. If none exists, review the current image without rebuilding it.","ac72badff5c321207c6fe8e71be17aab160f2eda6427c35bef927d83cb11ef81","","","{""state"":""plated"",""familyId"":""boston-round-30ml-amber-20-400"",""sha256"":""ac72badff5c321207c6fe8e71be17aab160f2eda6427c35bef927d83cb11ef81"",""revision"":2,""imageUrl"":""https://yzy7l20k4yt6znzz.public.blob.vercel-storage.com/plates/boston-round-30ml-amber-20-400/GBBstnAmb1ozRollonMattGl/ac72badff5c321207c6fe8e71be17aab160f2eda6427c35bef927d83cb11ef81.front-on-1000x1100.webp"",""sourcePath"":""1.  20-400 (1 oz & 2 oz) the 15ml 18-400 Boston Round/1. Boston Round  Dropper Bottles/4. (1ounce:30ml) Boston Round  (Capped)/1. Amber Bottle (1oz) (capped)/Amber - Alternating Caps (capped)/10. GBBstnAmb1ozRollonMattGl.psd"",""capOff"":true,""bodyWidth"":341,""expectedWidth"":341,""sizeDeviation"":0,""legacySource"":false,""approval"":null,""localCandidate"":{""sku"":""GBBstnAmb1ozRollonMattGl"",""familyId"":""boston-round-30ml-amber-20-400"",""state"":""pending"",""sha256"":""fc7b3b5692fac84fe71f45f74f2f8892cad15c26fc47ad5056a818b6fbf21a76"",""beforeSha256"":""ac72badff5c321207c6fe8e71be17aab160f2eda6427c35bef927d83cb11ef81"",""comparisonPath"":""/Users/jordanrichter/.codex/visualizations/2026/09/12/01a097d5-52fb-77b2-9230-f5a9a5ee8e40/plate-grouping-review/index.html"",""note"":""Paused render proposal, not approved. Physical-group reconciliation required.""},""masterSourceRecorded"":true,""checksPassed"":true,""complete"":false}","held","Resolve kit hold","Check alignment against the exact current plate; preserve usable parts.","","ac72badff5c321207c6fe8e71be17aab160f2eda6427c35bef927d83cb11ef81","catalog-kit-needs-review-2026-09-08-r5","{""state"":""held"",""reason"":""ValueError: plate parity failed: {'ok': False, 'mean': 30.4423, 'tailOver40': 0.217877}"",""candidate"":{""state"":""pending"",""sha256"":""ac72badff5c321207c6fe8e71be17aab160f2eda6427c35bef927d83cb11ef81"",""plateSha256"":""ac72badff5c321207c6fe8e71be17aab160f2eda6427c35bef927d83cb11ef81"",""collection"":""catalog-kit-needs-review-2026-09-08-r5"",""bytesVerified"":true}}","approved-not-indexed","Recover approved hero","Preserve the saved approval. Resolve exact group identity and check the locked glass target before indexing.","1265d93107afd5b09c3c347726d83cf11d17b5430b068a6b9615ad81dc7e243d","1265d93107afd5b09c3c347726d83cf11d17b5430b068a6b9615ad81dc7e243d","r7-resettle-approved-2026-09-11","{""state"":""approved-not-indexed"",""sha256"":""1265d93107afd5b09c3c347726d83cf11d17b5430b068a6b9615ad81dc7e243d"",""lock"":""release-3"",""why"":""no registry row for this product yet"",""review"":{""status"":""approved"",""sha256"":""1265d93107afd5b09c3c347726d83cf11d17b5430b068a6b9615ad81dc7e243d"",""collection"":""r7-resettle-approved-2026-09-11"",""updatedAt"":""2026-09-12T02:19:55.451Z""},""candidate"":{""state"":""approved"",""sha256"":""1265d93107afd5b09c3c347726d83cf11d17b5430b068a6b9615ad81dc7e243d"",""collection"":""r7-resettle-approved-2026-09-11"",""bytesVerified"":true}}"
"2026-09-13T00:46:11.822Z","GBBstnAmb1ozRollonMattSl","GB-BSR-AMB-30ML-RON-MSLV","Boston Round","30","Amber","Plastic Roller Ball · Matte Silver cap","Boston round design 30ml, 1oz Amber glass bottle with plastic roller ball plug and matte silver cap. For use with perfume or fragrance oil, essential oils, aromatic oils and aromatherapy. Refillable bottle with large, 12mm diameter roller ball. Price each","kh78vztmsmmv18mr8cvbb01mxx8dq9kr","boston-round-30ml-amber-20-400-rollon","boston-round-standard-30ml","1","plated","Recover approval / review","Find matching plate-specific approval evidence first. If none exists, review the current image without rebuilding it.","1c1bde3986c1e513506d7ec7008502514588dc10a8f3cf212a3ede5b29a68f68","","","{""state"":""plated"",""familyId"":""boston-round-30ml-amber-20-400"",""sha256"":""1c1bde3986c1e513506d7ec7008502514588dc10a8f3cf212a3ede5b29a68f68"",""revision"":2,""imageUrl"":""https://yzy7l20k4yt6znzz.public.blob.vercel-storage.com/plates/boston-round-30ml-amber-20-400/GBBstnAmb1ozRollonMattSl/1c1bde3986c1e513506d7ec7008502514588dc10a8f3cf212a3ede5b29a68f68.front-on-1000x1100.webp"",""sourcePath"":""1.  20-400 (1 oz & 2 oz) the 15ml 18-400 Boston Round/1. Boston Round  Dropper Bottles/4. (1ounce:30ml) Boston Round  (Capped)/1. Amber Bottle (1oz) (capped)/Amber - Alternating Caps (capped)/6. GBBstnAmb1ozRollonMattSl.psd"",""capOff"":true,""bodyWidth"":341,""expectedWidth"":341,""sizeDeviation"":0,""legacySource"":false,""approval"":null,""localCandidate"":{""sku"":""GBBstnAmb1ozRollonMattSl"",""familyId"":""boston-round-30ml-amber-20-400"",""state"":""pending"",""sha256"":""c5020767e7f76b434784bcbab925d38823fbd8c3e68277e467bb5f78b91e4600"",""beforeSha256"":""1c1bde3986c1e513506d7ec7008502514588dc10a8f3cf212a3ede5b29a68f68"",""comparisonPath"":""/Users/jordanrichter/.codex/visualizations/2026/09/12/01a097d5-52fb-77b2-9230-f5a9a5ee8e40/plate-grouping-review/index.html"",""note"":""Paused render proposal, not approved. Physical-group reconciliation required.""},""masterSourceRecorded"":true,""checksPassed"":true,""complete"":false}","candidate","Review saved kit","Use the existing candidate. Check photographed parts and alignment; a plate correction requires a new registration check.","","ccae8c4355cf8ba872376043f2b80b0999fcde3c6a40d42aa0f6a525312626f2","catalog-kit-candidates-2026-09-08-r7","{""state"":""candidate"",""reason"":""Source-qualified paired PSD mapping passed alpha and exact plate-parity gates; visual approval required."",""candidate"":{""state"":""pending"",""sha256"":""ccae8c4355cf8ba872376043f2b80b0999fcde3c6a40d42aa0f6a525312626f2"",""plateSha256"":""1c1bde3986c1e513506d7ec7008502514588dc10a8f3cf212a3ede5b29a68f68"",""collection"":""catalog-kit-candidates-2026-09-08-r7"",""bytesVerified"":true}}","none","Check component coverage","A group Sunburst exists. Search saved exact-configuration images and verify the selected component; do not assume a new generation is required.","","","","{""state"":""none""}"
"2026-09-13T00:46:11.822Z","GBBstnAmb1ozRollonShnBlk","GB-BSR-AMB-30ML-RBL-SBLK","Boston Round","30","Amber","Plastic Roller Ball · Shiny Black cap","Cylinder design 30ml,1 oz Amber glass bottle with plastic roller ball plug and shiny black cap. For use with perfume or fragrance oil, essential oils, aromatic oils and aromatherapy. Price each","kh78vztmsmmv18mr8cvbb01mxx8dq9kr","boston-round-30ml-amber-20-400-rollon","boston-round-standard-30ml","1","plated","Recover approval / review","Find matching plate-specific approval evidence first. If none exists, review the current image without rebuilding it.","184424a4073aefc26b5c36e886c398d69e529eae868913beab450f2c97384e17","","","{""state"":""plated"",""familyId"":""boston-round-30ml-amber-20-400"",""sha256"":""184424a4073aefc26b5c36e886c398d69e529eae868913beab450f2c97384e17"",""revision"":2,""imageUrl"":""https://yzy7l20k4yt6znzz.public.blob.vercel-storage.com/plates/boston-round-30ml-amber-20-400/GBBstnAmb1ozRollonShnBlk/184424a4073aefc26b5c36e886c398d69e529eae868913beab450f2c97384e17.front-on-1000x1100.webp"",""sourcePath"":""1.  20-400 (1 oz & 2 oz) the 15ml 18-400 Boston Round/1. Boston Round  Dropper Bottles/4. (1ounce:30ml) Boston Round  (Capped)/1. Amber Bottle (1oz) (capped)/Amber - Alternating Caps (capped)/18. GBBstnAmb1ozRollonShnBlk.psd"",""capOff"":true,""bodyWidth"":341,""expectedWidth"":341,""sizeDeviation"":0,""legacySource"":false,""approval"":null,""localCandidate"":{""sku"":""GBBstnAmb1ozRollonShnBlk"",""familyId"":""boston-round-30ml-amber-20-400"",""state"":""pending"",""sha256"":""e544dac8a355d747d8558b816f630a54a5dc31723f7f4b3bec98dc2106a1e7af"",""beforeSha256"":""184424a4073aefc26b5c36e886c398d69e529eae868913beab450f2c97384e17"",""comparisonPath"":""/Users/jordanrichter/.codex/visualizations/2026/09/12/01a097d5-52fb-77b2-9230-f5a9a5ee8e40/plate-grouping-review/index.html"",""note"":""Paused render proposal, not approved. Physical-group reconciliation required.""},""masterSourceRecorded"":true,""checksPassed"":true,""complete"":false}","held","Resolve kit hold","Check alignment against the exact current plate; preserve usable parts.","","184424a4073aefc26b5c36e886c398d69e529eae868913beab450f2c97384e17","catalog-kit-needs-review-2026-09-08-r5","{""state"":""held"",""reason"":""ValueError: plate parity failed: {'ok': False, 'mean': 25.917, 'tailOver40': 0.14461}"",""candidate"":{""state"":""pending"",""sha256"":""184424a4073aefc26b5c36e886c398d69e529eae868913beab450f2c97384e17"",""plateSha256"":""184424a4073aefc26b5c36e886c398d69e529eae868913beab450f2c97384e17"",""collection"":""catalog-kit-needs-review-2026-09-08-r5"",""bytesVerified"":true}}","none","Check component coverage","A group Sunburst exists. Search saved exact-configuration images and verify the selected component; do not assume a new generation is required.","","","","{""state"":""none""}"
"2026-09-13T00:46:11.822Z","GBBstnAmb1ozRollonShnSl","GB-BSR-AMB-30ML-RON-SSLV","Boston Round","30","Amber","Plastic Roller Ball · Shiny Silver cap","Boston round design 30ml, 1oz Amber glass bottle with plastic roller ball plug and shiny silver cap. For use with perfume or fragrance oil, essential oils, aromatic oils and aromatherapy. Refillable bottle with large, 12mm diameter roller ball. Price each","kh78vztmsmmv18mr8cvbb01mxx8dq9kr","boston-round-30ml-amber-20-400-rollon","boston-round-standard-30ml","1","plated","Recover approval / review","Find matching plate-specific approval evidence first. If none exists, review the current image without rebuilding it.","34d0177d3ffc48dcc74a840d44ad76ede6c8f1a8515d00bca08827a8485162ec","","","{""state"":""plated"",""familyId"":""boston-round-30ml-amber-20-400"",""sha256"":""34d0177d3ffc48dcc74a840d44ad76ede6c8f1a8515d00bca08827a8485162ec"",""revision"":2,""imageUrl"":""https://yzy7l20k4yt6znzz.public.blob.vercel-storage.com/plates/boston-round-30ml-amber-20-400/GBBstnAmb1ozRollonShnSl/34d0177d3ffc48dcc74a840d44ad76ede6c8f1a8515d00bca08827a8485162ec.front-on-1000x1100.webp"",""sourcePath"":""1.  20-400 (1 oz & 2 oz) the 15ml 18-400 Boston Round/1. Boston Round  Dropper Bottles/4. (1ounce:30ml) Boston Round  (Capped)/1. Amber Bottle (1oz) (capped)/Amber - Alternating Caps (capped)/7. GBBstnAmb1ozRollonShnSl.psd"",""capOff"":true,""bodyWidth"":342,""expectedWidth"":341,""sizeDeviation"":0.003,""legacySource"":false,""approval"":null,""localCandidate"":{""sku"":""GBBstnAmb1ozRollonShnSl"",""familyId"":""boston-round-30ml-amber-20-400"",""state"":""pending"",""sha256"":""d3a581b7157939f3f2226c536be3cd5efb8f2b26e0fee8a721a7e1255d638569"",""beforeSha256"":""34d0177d3ffc48dcc74a840d44ad76ede6c8f1a8515d00bca08827a8485162ec"",""comparisonPath"":""/Users/jordanrichter/.codex/visualizations/2026/09/12/01a097d5-52fb-77b2-9230-f5a9a5ee8e40/plate-grouping-review/index.html"",""note"":""Paused render proposal, not approved. Physical-group reconciliation required.""},""masterSourceRecorded"":true,""checksPassed"":true,""complete"":false}","held","Resolve kit hold","Recheck the recorded source or component-layer mapping. Keep unresolved identity explicit.","","","","{""state"":""held"",""reason"":""Source recovery or identity reconciliation required: source_preflight:front source basename 'GBBstnAmb1ozMtlRollonShnSl' does not match website SKU 'GBBstnAmb1ozRollonShnSl'""}","none","Check component coverage","A group Sunburst exists. Search saved exact-configuration images and verify the selected component; do not assume a new generation is required.","","","","{""state"":""none""}"
"2026-09-13T00:46:11.822Z","GBBstnAmb1ozWhtDropper","GB-BSR-AMB-30ML-WHT-T-01","Boston Round","30","Amber","Dropper · White cap","Boston round design 30ml, 1oz Amber glass bottle with white dropper. For use with perfume oils, diffuser oils, serums, primers, facial oils or face oils, moisturizers, and beard oils. Price each","kh76cthp5ysk49hky1ceay825s8dpqmm","boston-round-30ml-amber-20-400-dropper","boston-round-standard-30ml","1","plated-no-capoff-by-design","Recover approval / review","Find matching plate-specific approval evidence first. If none exists, review the current image without rebuilding it.","f3988ef6c611fe928353d5d6b6e56706aae1f89bd844185ddadf7e05fce0ccd2","","","{""state"":""plated-no-capoff-by-design"",""familyId"":""boston-round-30ml-amber-20-400"",""sha256"":""f3988ef6c611fe928353d5d6b6e56706aae1f89bd844185ddadf7e05fce0ccd2"",""revision"":2,""imageUrl"":""https://yzy7l20k4yt6znzz.public.blob.vercel-storage.com/plates/boston-round-30ml-amber-20-400/GBBstnAmb1ozWhtDropper/f3988ef6c611fe928353d5d6b6e56706aae1f89bd844185ddadf7e05fce0ccd2.front-on-1000x1100.webp"",""sourcePath"":""1.  20-400 (1 oz & 2 oz) the 15ml 18-400 Boston Round/1. Boston Round  Dropper Bottles/4. (1ounce:30ml) Boston Round  (Capped)/1. Amber Bottle (1oz) (capped)/Amber - Alternating Caps (capped)/11. GBBstnAmb1ozWhtDropper.psd"",""capOff"":false,""bodyWidth"":330,""expectedWidth"":330,""sizeDeviation"":0,""legacySource"":false,""approval"":null,""localCandidate"":{""sku"":""GBBstnAmb1ozWhtDropper"",""familyId"":""boston-round-30ml-amber-20-400"",""state"":""pending"",""sha256"":""f3988ef6c611fe928353d5d6b6e56706aae1f89bd844185ddadf7e05fce0ccd2"",""beforeSha256"":""f3988ef6c611fe928353d5d6b6e56706aae1f89bd844185ddadf7e05fce0ccd2"",""comparisonPath"":""/Users/jordanrichter/.codex/visualizations/2026/09/12/01a097d5-52fb-77b2-9230-f5a9a5ee8e40/plate-grouping-review/index.html"",""note"":""Paused render proposal, not approved. Physical-group reconciliation required.""},""masterSourceRecorded"":true,""checksPassed"":true,""complete"":false}","candidate","Review saved kit","Use the existing candidate. Check photographed parts and alignment; a plate correction requires a new registration check.","","590e06a614c93dd7f27aeb3a487c8bdf645fdd70ed858af9feb43cc48d52e51f","catalog-kit-candidates-2026-09-08-r7","{""state"":""candidate"",""reason"":""Source-qualified paired PSD mapping passed alpha and exact plate-parity gates; visual approval required."",""candidate"":{""state"":""pending"",""sha256"":""590e06a614c93dd7f27aeb3a487c8bdf645fdd70ed858af9feb43cc48d52e51f"",""plateSha256"":""f3988ef6c611fe928353d5d6b6e56706aae1f89bd844185ddadf7e05fce0ccd2"",""collection"":""catalog-kit-candidates-2026-09-08-r7"",""bytesVerified"":true}}","none","Check component coverage","A group Sunburst exists. Search saved exact-configuration images and verify the selected component; do not assume a new generation is required.","","","","{""state"":""none""}"
"2026-09-13T00:46:11.822Z","GBBstnAmb1ozWhtDropperShnGlTrim","GB-BSR-AMB-30ML-WHT-T-02","Boston Round","30","Amber","Dropper · White cap","Boston round design 30ml, 1oz Amber glass bottle and white dropper with a shiny gold trim cap. For use with perfume oils, diffuser oils, serums, primers, facial oils or face oils, moisturizers, and beard oils. Price each","kh76cthp5ysk49hky1ceay825s8dpqmm","boston-round-30ml-amber-20-400-dropper","boston-round-standard-30ml","1","plated-no-capoff-by-design","Recover approval / review","Find matching plate-specific approval evidence first. If none exists, review the current image without rebuilding it.","670125261174a6335c63e692493c21112b487645a2c33a409c1da30c82c55f03","","","{""state"":""plated-no-capoff-by-design"",""familyId"":""boston-round-30ml-amber-20-400"",""sha256"":""670125261174a6335c63e692493c21112b487645a2c33a409c1da30c82c55f03"",""revision"":2,""imageUrl"":""https://yzy7l20k4yt6znzz.public.blob.vercel-storage.com/plates/boston-round-30ml-amber-20-400/GBBstnAmb1ozWhtDropperShnGlTrim/670125261174a6335c63e692493c21112b487645a2c33a409c1da30c82c55f03.front-on-1000x1100.webp"",""sourcePath"":""1.  20-400 (1 oz & 2 oz) the 15ml 18-400 Boston Round/1. Boston Round  Dropper Bottles/4. (1ounce:30ml) Boston Round  (Capped)/1. Amber Bottle (1oz) (capped)/Amber - Alternating Caps (capped)/13. GBBstnAmb1ozWhtDropperShnGlTrim.psd"",""capOff"":false,""bodyWidth"":330,""expectedWidth"":330,""sizeDeviation"":0,""legacySource"":false,""approval"":null,""localCandidate"":{""sku"":""GBBstnAmb1ozWhtDropperShnGlTrim"",""familyId"":""boston-round-30ml-amber-20-400"",""state"":""pending"",""sha256"":""670125261174a6335c63e692493c21112b487645a2c33a409c1da30c82c55f03"",""beforeSha256"":""670125261174a6335c63e692493c21112b487645a2c33a409c1da30c82c55f03"",""comparisonPath"":""/Users/jordanrichter/.codex/visualizations/2026/09/12/01a097d5-52fb-77b2-9230-f5a9a5ee8e40/plate-grouping-review/index.html"",""note"":""Paused render proposal, not approved. Physical-group reconciliation required.""},""masterSourceRecorded"":true,""checksPassed"":true,""complete"":false}","candidate","Review saved kit","Use the existing candidate. Check photographed parts and alignment; a plate correction requires a new registration check.","","b37fbd74edacafc4e749abb9d0564d98e08387e5044c4b4054b2f44208c0ed55","catalog-kit-candidates-2026-09-08-r7","{""state"":""candidate"",""reason"":""Source-qualified paired PSD mapping passed alpha and exact plate-parity gates; visual approval required."",""candidate"":{""state"":""pending"",""sha256"":""b37fbd74edacafc4e749abb9d0564d98e08387e5044c4b4054b2f44208c0ed55"",""plateSha256"":""670125261174a6335c63e692493c21112b487645a2c33a409c1da30c82c55f03"",""collection"":""catalog-kit-candidates-2026-09-08-r7"",""bytesVerified"":true}}","indexed","Reuse approved Sunburst","Check this configuration against the locked glass target. Resize only if needed; changed bytes need their own review.","7ca9ea270a2f451cc13dfa2eddce87b5dda54bc30cc8d27c99eb68e4037149ea","7ca9ea270a2f451cc13dfa2eddce87b5dda54bc30cc8d27c99eb68e4037149ea","r7-resettle-approved-2026-09-11","{""state"":""indexed"",""generation"":""sunburst-approved"",""url"":""/images/catalog/bone-review/GBBstnAmb1ozWhtDropperShnGlTrim.7ca9ea270a2f.png"",""sha256"":""7ca9ea270a2f451cc13dfa2eddce87b5dda54bc30cc8d27c99eb68e4037149ea"",""manifestSha256"":""7ca9ea270a2f451cc13dfa2eddce87b5dda54bc30cc8d27c99eb68e4037149ea"",""lock"":""release-3"",""groupSlug"":""boston-round-30ml-amber-20-400-dropper"",""review"":{""status"":""approved"",""sha256"":""7ca9ea270a2f451cc13dfa2eddce87b5dda54bc30cc8d27c99eb68e4037149ea"",""collection"":""r7-resettle-approved-2026-09-11"",""updatedAt"":""2026-09-12T02:19:54.800Z""},""candidate"":{""state"":""approved"",""sha256"":""7ca9ea270a2f451cc13dfa2eddce87b5dda54bc30cc8d27c99eb68e4037149ea"",""collection"":""r7-resettle-approved-2026-09-11"",""bytesVerified"":true}}"
"2026-09-13T00:46:11.822Z","GBBstnAmb1ozWhtDrprShnSlTrim","GB-BSR-AMB-30ML-WHT-T-03","Boston Round","30","Amber","Dropper · White cap","Boston round design 30ml, 1oz Amber glass bottle and white dropper with a shiny silver trim cap. For use with perfume oils, diffuser oils, serums, primers, facial oils or face oils, moisturizers, and beard oils. Price each","kh76cthp5ysk49hky1ceay825s8dpqmm","boston-round-30ml-amber-20-400-dropper","boston-round-standard-30ml","1","none","Plate not indexed","Search saved candidates and verified master sources before creating a plate. This is not yet a photography gap.","","","","{""state"":""none"",""approval"":null,""masterSourceRecorded"":false,""checksPassed"":false,""complete"":false}","no-plate","Plate needed first","Recover or finish the plate, then audit real component layers in its master source.","","","","{""state"":""no-plate""}","none","Check component coverage","A group Sunburst exists. Search saved exact-configuration images and verify the selected component; do not assume a new generation is required.","","","","{""state"":""none""}"
"2026-09-13T00:46:11.822Z","GBBstnAmb2ozBlkCapSht","GB-BSR-AMB-60ML-BLK-S","Boston Round","60","Amber","Black cap","Boston round design 60ml, 2oz Amber glass bottle with short black cap. For use with Perfume oils, essential oils, diffuser oils and aromatherapy. Price each","kh74fjj3ngy8a25a6r9bybsm6n8dp9s0","boston-round-60ml-amber-20-400","boston-round-standard-60ml","1","plated-cap-on-only","Check glass sizing","Compare the existing plate with its verified physical profile. Keep it unless a measured correction is needed.","36f2b2939e7c82ec37cc9dc10122d09d1401e823db6c489af85111d1b0f94b81","","","{""state"":""plated-cap-on-only"",""familyId"":""boston-round-60ml-amber-20-400"",""sha256"":""36f2b2939e7c82ec37cc9dc10122d09d1401e823db6c489af85111d1b0f94b81"",""revision"":2,""imageUrl"":""https://yzy7l20k4yt6znzz.public.blob.vercel-storage.com/plates/boston-round-60ml-amber-20-400/GBBstnAmb2ozBlkCapSht/36f2b2939e7c82ec37cc9dc10122d09d1401e823db6c489af85111d1b0f94b81.front-on-1000x1100.webp"",""sourcePath"":""1.  20-400 (1 oz & 2 oz) the 15ml 18-400 Boston Round/1. Boston Round  Dropper Bottles/2. (2 ounce:60 ml) Boston Round (Capped)/1. Amber Bottle (2 ounce:60 ml) (capped)/Amber - Alternating Caps (capped)/17. GBBstnAmb2ozBlkCapSht.psd"",""capOff"":false,""bodyWidth"":396,""expectedWidth"":null,""sizeDeviation"":null,""legacySource"":false,""approval"":null,""sizeHold"":""Earlier sizing finding remains open; regrouping is not approval"",""localCandidate"":{""sku"":""GBBstnAmb2ozBlkCapSht"",""familyId"":""boston-round-60ml-amber-20-400"",""state"":""pending"",""sha256"":""296bae4cc18f5594f577aad301970ef909757cd7f07a25b4018d988c4dd6033c"",""beforeSha256"":""36f2b2939e7c82ec37cc9dc10122d09d1401e823db6c489af85111d1b0f94b81"",""comparisonPath"":""/Users/jordanrichter/.codex/visualizations/2026/09/12/01a097d5-52fb-77b2-9230-f5a9a5ee8e40/plate-grouping-review/index.html"",""note"":""Paused render proposal, not approved. Physical-group reconciliation required.""},""masterSourceRecorded"":true,""checksPassed"":false,""complete"":false}","held","Resolve kit hold","Inspect extraction edges in the saved parts and original master layers.","","36f2b2939e7c82ec37cc9dc10122d09d1401e823db6c489af85111d1b0f94b81","catalog-kit-needs-review-2026-09-08-r5","{""state"":""held"",""reason"":""ValueError: body alpha gate failed: {'transparentFraction': 0.3499, 'semiTransparentPixels': 7980, 'touchesOwnEdge': True}"",""candidate"":{""state"":""pending"",""sha256"":""36f2b2939e7c82ec37cc9dc10122d09d1401e823db6c489af85111d1b0f94b81"",""plateSha256"":""36f2b2939e7c82ec37cc9dc10122d09d1401e823db6c489af85111d1b0f94b81"",""collection"":""catalog-kit-needs-review-2026-09-08-r5"",""bytesVerified"":true}}","indexed","Reuse approved Sunburst","Check this configuration against the locked glass target. Resize only if needed; changed bytes need their own review.","1ed776afb876d9efcc3ac0c9cef518802dc518d3a3b21d696e2db8e7295689ea","1ed776afb876d9efcc3ac0c9cef518802dc518d3a3b21d696e2db8e7295689ea","r7-resettle-approved-2026-09-11","{""state"":""indexed"",""generation"":""sunburst-approved"",""url"":""/images/catalog/bone-review/GBBstnAmb2ozBlkCapSht.1ed776afb876.png"",""sha256"":""1ed776afb876d9efcc3ac0c9cef518802dc518d3a3b21d696e2db8e7295689ea"",""manifestSha256"":""1ed776afb876d9efcc3ac0c9cef518802dc518d3a3b21d696e2db8e7295689ea"",""lock"":""release-3"",""groupSlug"":""boston-round-60ml-amber-20-400"",""review"":{""status"":""approved"",""sha256"":""1ed776afb876d9efcc3ac0c9cef518802dc518d3a3b21d696e2db8e7295689ea"",""collection"":""r7-resettle-approved-2026-09-11"",""updatedAt"":""2026-09-12T02:19:54.201Z""},""candidate"":{""state"":""approved"",""sha256"":""1ed776afb876d9efcc3ac0c9cef518802dc518d3a3b21d696e2db8e7295689ea"",""collection"":""r7-resettle-approved-2026-09-11"",""bytesVerified"":true}}"
"2026-09-13T00:46:11.822Z","GBBstnAmb2ozBlkDropperShnGlTrim","GB-BSR-AMB-60ML-BLK-T-01","Boston Round","60","Amber","Dropper · Black cap","Boston round design 60ml, 2oz Amber glass bottle and black dropper with a shiny gold trim cap. For use with perfume oils, diffuser oils, serums, primers, facial oils or face oils, moisturizers, and beard oils. Price each","kh777dtpw7yx3x5g09s5vggbs98dpm7a","boston-round-60ml-amber-20-400-dropper","boston-round-standard-60ml","1","plated-no-capoff-by-design","Recover approval / review","Find matching plate-specific approval evidence first. If none exists, review the current image without rebuilding it.","e232d5aab5ca083a917f13c204b2d9332eb7760b48e9bd55cb4ade52099cb8e3","","","{""state"":""plated-no-capoff-by-design"",""familyId"":""boston-round-60ml-amber-20-400"",""sha256"":""e232d5aab5ca083a917f13c204b2d9332eb7760b48e9bd55cb4ade52099cb8e3"",""revision"":2,""imageUrl"":""https://yzy7l20k4yt6znzz.public.blob.vercel-storage.com/plates/boston-round-60ml-amber-20-400/GBBstnAmb2ozBlkDropperShnGlTrim/e232d5aab5ca083a917f13c204b2d9332eb7760b48e9bd55cb4ade52099cb8e3.front-on-1000x1100.webp"",""sourcePath"":""1.  20-400 (1 oz & 2 oz) the 15ml 18-400 Boston Round/1. Boston Round  Dropper Bottles/2. (2 ounce:60 ml) Boston Round (Capped)/1. Amber Bottle (2 ounce:60 ml) (capped)/Amber - Alternating Caps (capped)/15. GBBstnAmb2ozBlkDropperShnGlTrim.psd"",""capOff"":false,""bodyWidth"":343,""expectedWidth"":340,""sizeDeviation"":0.009,""legacySource"":false,""approval"":null,""localCandidate"":{""sku"":""GBBstnAmb2ozBlkDropperShnGlTrim"",""familyId"":""boston-round-60ml-amber-20-400"",""state"":""pending"",""sha256"":""dc80638655c02993b4d62ed020d05a4ace08dd0a6d44996f8b3f9636fa6bfc8a"",""beforeSha256"":""e232d5aab5ca083a917f13c204b2d9332eb7760b48e9bd55cb4ade52099cb8e3"",""comparisonPath"":""/Users/jordanrichter/.codex/visualizations/2026/09/12/01a097d5-52fb-77b2-9230-f5a9a5ee8e40/plate-grouping-review/index.html"",""note"":""Paused render proposal, not approved. Physical-group reconciliation required.""},""masterSourceRecorded"":true,""checksPassed"":true,""complete"":false}","held","Resolve kit hold","Inspect extraction edges in the saved parts and original master layers.","","e232d5aab5ca083a917f13c204b2d9332eb7760b48e9bd55cb4ade52099cb8e3","catalog-kit-needs-review-2026-09-08-r5","{""state"":""held"",""reason"":""ValueError: body alpha gate failed: {'transparentFraction': 0.6218, 'semiTransparentPixels': 5766, 'touchesOwnEdge': True}"",""candidate"":{""state"":""pending"",""sha256"":""e232d5aab5ca083a917f13c204b2d9332eb7760b48e9bd55cb4ade52099cb8e3"",""plateSha256"":""e232d5aab5ca083a917f13c204b2d9332eb7760b48e9bd55cb4ade52099cb8e3"",""collection"":""catalog-kit-needs-review-2026-09-08-r5"",""bytesVerified"":true}}","indexed","Reuse approved Sunburst","Check this configuration against the locked glass target. Resize only if needed; changed bytes need their own review.","b8fb228d863ee858ce20e6e5b5a31ed38550b9574a6e4e13004b55c2527073b5","b8fb228d863ee858ce20e6e5b5a31ed38550b9574a6e4e13004b55c2527073b5","r7-resettle-approved-2026-09-11","{""state"":""indexed"",""generation"":""sunburst-approved"",""url"":""/images/catalog/bone-review/GBBstnAmb2ozBlkDropperShnGlTrim.b8fb228d863e.png"",""sha256"":""b8fb228d863ee858ce20e6e5b5a31ed38550b9574a6e4e13004b55c2527073b5"",""manifestSha256"":""b8fb228d863ee858ce20e6e5b5a31ed38550b9574a6e4e13004b55c2527073b5"",""lock"":""release-3"",""groupSlug"":""boston-round-60ml-amber-20-400-dropper"",""review"":{""status"":""approved"",""sha256"":""b8fb228d863ee858ce20e6e5b5a31ed38550b9574a6e4e13004b55c2527073b5"",""collection"":""r7-resettle-approved-2026-09-11"",""updatedAt"":""2026-09-12T02:19:53.732Z""},""candidate"":{""state"":""approved"",""sha256"":""b8fb228d863ee858ce20e6e5b5a31ed38550b9574a6e4e13004b55c2527073b5"",""collection"":""r7-resettle-approved-2026-09-11"",""bytesVerified"":true}}"
"2026-09-13T00:46:11.822Z","GBBstnAmb2ozBlkDrpr","GB-BSR-AMB-60ML-BLK-T-02","Boston Round","60","Amber","Dropper · Black cap","Boston round design 2 ounce amber glass bottle with black dropper, price each","kh777dtpw7yx3x5g09s5vggbs98dpm7a","boston-round-60ml-amber-20-400-dropper","boston-round-standard-60ml","1","none","Plate not indexed","Search saved candidates and verified master sources before creating a plate. This is not yet a photography gap.","","","","{""state"":""none"",""approval"":null,""masterSourceRecorded"":false,""checksPassed"":false,""complete"":false}","no-plate","Plate needed first","Recover or finish the plate, then audit real component layers in its master source.","","","","{""state"":""no-plate""}","none","Check component coverage","A group Sunburst exists. Search saved exact-configuration images and verify the selected component; do not assume a new generation is required.","","","","{""state"":""none""}"
"2026-09-13T00:46:11.822Z","GBBstnAmb2ozBlkDrprShnSlTrim","GB-BSR-AMB-60ML-BLK-T-03","Boston Round","60","Amber","Dropper · Black cap","Boston round design 60ml, 2oz Amber glass bottle and black dropper with a shiny silver trim cap. For use with perfume oils, diffuser oils, serums, primers, facial oils or face oils, moisturizers, and beard oils. Price each","kh777dtpw7yx3x5g09s5vggbs98dpm7a","boston-round-60ml-amber-20-400-dropper","boston-round-standard-60ml","1","none","Plate not indexed","Search saved candidates and verified master sources before creating a plate. This is not yet a photography gap.","","","","{""state"":""none"",""approval"":null,""masterSourceRecorded"":false,""checksPassed"":false,""complete"":false}","no-plate","Plate needed first","Recover or finish the plate, then audit real component layers in its master source.","","","","{""state"":""no-plate""}","none","Check component coverage","A group Sunburst exists. Search saved exact-configuration images and verify the selected component; do not assume a new generation is required.","","","","{""state"":""none""}"
"2026-09-13T00:46:11.822Z","GBBstnAmb2ozMtlRollonGl","GB-BSR-AMB-60ML-MRL-SGLD","Boston Round","60","Amber","Metal Roller Ball · Shiny Gold cap","Boston round design 60ml, 2oz Amber glass bottle with metal roller ball plug and shiny gold cap. For use with perfume, fragrance oil, essential oils, body oils, thin lotions and ointments. Refillable bottle with large, 12mm diameter metal-roller ball. Pri","kh79h0rk045gy6sxmgx2y856f98dp0xq","boston-round-60ml-amber-20-400-rollon","boston-round-standard-60ml","1","plated","Recover approval / review","Find matching plate-specific approval evidence first. If none exists, review the current image without rebuilding it.","b0a50b890de4b04bfb422c3e8e1e54ca9df9af049786c62b20ed36327453251d","","","{""state"":""plated"",""familyId"":""boston-round-60ml-amber-20-400"",""sha256"":""b0a50b890de4b04bfb422c3e8e1e54ca9df9af049786c62b20ed36327453251d"",""revision"":2,""imageUrl"":""https://yzy7l20k4yt6znzz.public.blob.vercel-storage.com/plates/boston-round-60ml-amber-20-400/GBBstnAmb2ozMtlRollonGl/b0a50b890de4b04bfb422c3e8e1e54ca9df9af049786c62b20ed36327453251d.front-on-1000x1100.webp"",""sourcePath"":""1.  20-400 (1 oz & 2 oz) the 15ml 18-400 Boston Round/1. Boston Round  Dropper Bottles/2. (2 ounce:60 ml) Boston Round (Capped)/1. Amber Bottle (2 ounce:60 ml) (capped)/Amber - Alternating Caps (capped)/4. GBBstnAmb2ozMtlRollonGl.psd"",""capOff"":true,""bodyWidth"":343,""expectedWidth"":343,""sizeDeviation"":0,""legacySource"":false,""approval"":null,""localCandidate"":{""sku"":""GBBstnAmb2ozMtlRollonGl"",""familyId"":""boston-round-60ml-amber-20-400"",""state"":""pending"",""sha256"":""9b27ed43af5f6a8b0c65fb53b45ca1ec00a40812016234648e3c707edd833581"",""beforeSha256"":""b0a50b890de4b04bfb422c3e8e1e54ca9df9af049786c62b20ed36327453251d"",""comparisonPath"":""/Users/jordanrichter/.codex/visualizations/2026/09/12/01a097d5-52fb-77b2-9230-f5a9a5ee8e40/plate-grouping-review/index.html"",""note"":""Paused render proposal, not approved. Physical-group reconciliation required.""},""masterSourceRecorded"":true,""checksPassed"":true,""complete"":false}","held","Resolve kit hold","Inspect extraction edges in the saved parts and original master layers.","","b0a50b890de4b04bfb422c3e8e1e54ca9df9af049786c62b20ed36327453251d","catalog-kit-needs-review-2026-09-08-r5","{""state"":""held"",""reason"":""ValueError: body alpha gate failed: {'transparentFraction': 0.4253, 'semiTransparentPixels': 4668, 'touchesOwnEdge': True}"",""candidate"":{""state"":""pending"",""sha256"":""b0a50b890de4b04bfb422c3e8e1e54ca9df9af049786c62b20ed36327453251d"",""plateSha256"":""b0a50b890de4b04bfb422c3e8e1e54ca9df9af049786c62b20ed36327453251d"",""collection"":""catalog-kit-needs-review-2026-09-08-r5"",""bytesVerified"":true}}","none","Check component coverage","A group Sunburst exists. Search saved exact-configuration images and verify the selected component; do not assume a new generation is required.","","","","{""state"":""none""}"
"2026-09-13T00:46:11.822Z","GBBstnAmb2ozMtlRollonMattBlk","GB-BSR-AMB-60ML-MRL-MBLK","Boston Round","60","Amber","Metal Roller Ball · Matte Black cap","Boston round design 60ml, 2oz Amber glass bottle with metal roller ball plug and matte black cap. For use with perfume, fragrance oil, essential oils, body oils, thin lotions and ointments. Refillable bottle with large, 12mm diameter metal-roller ball. Pr","kh79h0rk045gy6sxmgx2y856f98dp0xq","boston-round-60ml-amber-20-400-rollon","boston-round-standard-60ml","1","plated","Recover approval / review","Find matching plate-specific approval evidence first. If none exists, review the current image without rebuilding it.","2654ed988127e1128bab75c76a1aa11375679bc534cab08a76913e7aa89bb608","","","{""state"":""plated"",""familyId"":""boston-round-60ml-amber-20-400"",""sha256"":""2654ed988127e1128bab75c76a1aa11375679bc534cab08a76913e7aa89bb608"",""revision"":2,""imageUrl"":""https://yzy7l20k4yt6znzz.public.blob.vercel-storage.com/plates/boston-round-60ml-amber-20-400/GBBstnAmb2ozMtlRollonMattBlk/2654ed988127e1128bab75c76a1aa11375679bc534cab08a76913e7aa89bb608.front-on-1000x1100.webp"",""sourcePath"":""1.  20-400 (1 oz & 2 oz) the 15ml 18-400 Boston Round/1. Boston Round  Dropper Bottles/2. (2 ounce:60 ml) Boston Round (Capped)/1. Amber Bottle (2 ounce:60 ml) (capped)/Amber - Alternating Caps (capped)/3. GBBstnAmb2ozMtlRollonMattBlk.psd"",""capOff"":true,""bodyWidth"":343,""expectedWidth"":343,""sizeDeviation"":0,""legacySource"":false,""approval"":null,""localCandidate"":{""sku"":""GBBstnAmb2ozMtlRollonMattBlk"",""familyId"":""boston-round-60ml-amber-20-400"",""state"":""pending"",""sha256"":""f3a2cd92a22d4d03e05a13c4faced5c96fd7838b3ebfb996e68d4a604f470eea"",""beforeSha256"":""2654ed988127e1128bab75c76a1aa11375679bc534cab08a76913e7aa89bb608"",""comparisonPath"":""/Users/jordanrichter/.codex/visualizations/2026/09/12/01a097d5-52fb-77b2-9230-f5a9a5ee8e40/plate-grouping-review/index.html"",""note"":""Paused render proposal, not approved. Physical-group reconciliation required.""},""masterSourceRecorded"":true,""checksPassed"":true,""complete"":false}","held","Resolve kit hold","Inspect extraction edges in the saved parts and original master layers.","","2654ed988127e1128bab75c76a1aa11375679bc534cab08a76913e7aa89bb608","catalog-kit-needs-review-2026-09-08-r5","{""state"":""held"",""reason"":""ValueError: body alpha gate failed: {'transparentFraction': 0.4253, 'semiTransparentPixels': 5658, 'touchesOwnEdge': True}"",""candidate"":{""state"":""pending"",""sha256"":""2654ed988127e1128bab75c76a1aa11375679bc534cab08a76913e7aa89bb608"",""plateSha256"":""2654ed988127e1128bab75c76a1aa11375679bc534cab08a76913e7aa89bb608"",""collection"":""catalog-kit-needs-review-2026-09-08-r5"",""bytesVerified"":true}}","none","Check component coverage","A group Sunburst exists. Search saved exact-configuration images and verify the selected component; do not assume a new generation is required.","","","","{""state"":""none""}"
"2026-09-13T00:46:11.822Z","GBBstnAmb2ozMtlRollonMattGl","GB-BSR-AMB-60ML-MRL-MGLD","Boston Round","60","Amber","Metal Roller Ball · Matte Gold cap","Boston round design 60ml, 2oz Amber glass bottle with metal roller ball plug and matte gold cap. For use with perfume, fragrance oil, essential oils, body oils, thin lotions and ointments. Refillable bottle with large, 12mm diameter metal-roller ball. Pri","kh79h0rk045gy6sxmgx2y856f98dp0xq","boston-round-60ml-amber-20-400-rollon","boston-round-standard-60ml","1","plated","Recover approval / review","Find matching plate-specific approval evidence first. If none exists, review the current image without rebuilding it.","c8a7aafafbc7dec2bffc12c818df30e056391bb6844296d8747d91401bfca490","","","{""state"":""plated"",""familyId"":""boston-round-60ml-amber-20-400"",""sha256"":""c8a7aafafbc7dec2bffc12c818df30e056391bb6844296d8747d91401bfca490"",""revision"":2,""imageUrl"":""https://yzy7l20k4yt6znzz.public.blob.vercel-storage.com/plates/boston-round-60ml-amber-20-400/GBBstnAmb2ozMtlRollonMattGl/c8a7aafafbc7dec2bffc12c818df30e056391bb6844296d8747d91401bfca490.front-on-1000x1100.webp"",""sourcePath"":""1.  20-400 (1 oz & 2 oz) the 15ml 18-400 Boston Round/1. Boston Round  Dropper Bottles/2. (2 ounce:60 ml) Boston Round (Capped)/1. Amber Bottle (2 ounce:60 ml) (capped)/Amber - Alternating Caps (capped)/5. GBBstnAmb2ozMtlRollonMattGl.psd"",""capOff"":true,""bodyWidth"":342,""expectedWidth"":343,""sizeDeviation"":-0.003,""legacySource"":false,""approval"":null,""localCandidate"":{""sku"":""GBBstnAmb2ozMtlRollonMattGl"",""familyId"":""boston-round-60ml-amber-20-400"",""state"":""pending"",""sha256"":""35a97c08d74bebb2d319a346223aa0a73609ee807ef4094c621b03f96719544a"",""beforeSha256"":""c8a7aafafbc7dec2bffc12c818df30e056391bb6844296d8747d91401bfca490"",""comparisonPath"":""/Users/jordanrichter/.codex/visualizations/2026/09/12/01a097d5-52fb-77b2-9230-f5a9a5ee8e40/plate-grouping-review/index.html"",""note"":""Paused render proposal, not approved. Physical-group reconciliation required.""},""masterSourceRecorded"":true,""checksPassed"":true,""complete"":false}","held","Resolve kit hold","Inspect extraction edges in the saved parts and original master layers.","","c8a7aafafbc7dec2bffc12c818df30e056391bb6844296d8747d91401bfca490","catalog-kit-needs-review-2026-09-08-r5","{""state"":""held"",""reason"":""ValueError: body alpha gate failed: {'transparentFraction': 0.4313, 'semiTransparentPixels': 5617, 'touchesOwnEdge': True}"",""candidate"":{""state"":""pending"",""sha256"":""c8a7aafafbc7dec2bffc12c818df30e056391bb6844296d8747d91401bfca490"",""plateSha256"":""c8a7aafafbc7dec2bffc12c818df30e056391bb6844296d8747d91401bfca490"",""collection"":""catalog-kit-needs-review-2026-09-08-r5"",""bytesVerified"":true}}","indexed","Reuse approved Sunburst","Check this configuration against the locked glass target. Resize only if needed; changed bytes need their own review.","45ed3646a6bea88e4f5b7088a0dd413cc77221829655743ec0e473a45cefa87a","45ed3646a6bea88e4f5b7088a0dd413cc77221829655743ec0e473a45cefa87a","r7-resettle-approved-2026-09-11","{""state"":""indexed"",""generation"":""sunburst-approved"",""url"":""/images/catalog/bone-review/GBBstnAmb2ozMtlRollonMattGl.45ed3646a6be.png"",""sha256"":""45ed3646a6bea88e4f5b7088a0dd413cc77221829655743ec0e473a45cefa87a"",""manifestSha256"":""45ed3646a6bea88e4f5b7088a0dd413cc77221829655743ec0e473a45cefa87a"",""lock"":""release-3"",""groupSlug"":""boston-round-60ml-amber-20-400-rollon"",""review"":{""status"":""approved"",""sha256"":""45ed3646a6bea88e4f5b7088a0dd413cc77221829655743ec0e473a45cefa87a"",""collection"":""r7-resettle-approved-2026-09-11"",""updatedAt"":""2026-09-12T02:20:00.603Z""},""candidate"":{""state"":""approved"",""sha256"":""45ed3646a6bea88e4f5b7088a0dd413cc77221829655743ec0e473a45cefa87a"",""collection"":""r7-resettle-approved-2026-09-11"",""bytesVerified"":true}}"
"2026-09-13T00:46:11.822Z","GBBstnAmb2ozMtlRollonMattSl","GB-BSR-AMB-60ML-MRL-MSLV","Boston Round","60","Amber","Metal Roller Ball · Matte Silver cap","Boston round design 60ml, 2oz Amber glass bottle with metal roller ball plug and matte silver cap. For use with perfume, fragrance oil, essential oils, body oils, thin lotions and ointments. Refillable bottle with large, 12mm diameter metal-roller ball. P","kh79h0rk045gy6sxmgx2y856f98dp0xq","boston-round-60ml-amber-20-400-rollon","boston-round-standard-60ml","1","plated","Resolve plate hold","Reconcile the recorded source or integrity finding against exact catalog evidence and the master PSD. Preserve this file.","4e9f63b507952b493213212f434c614b7db1c4cb9a073035be4ad791b664ac8d","","","{""state"":""plated"",""familyId"":""boston-round-60ml-amber-20-400"",""sha256"":""4e9f63b507952b493213212f434c614b7db1c4cb9a073035be4ad791b664ac8d"",""revision"":2,""imageUrl"":""https://yzy7l20k4yt6znzz.public.blob.vercel-storage.com/plates/boston-round-60ml-amber-20-400/GBBstnAmb2ozMtlRollonMattSl/4e9f63b507952b493213212f434c614b7db1c4cb9a073035be4ad791b664ac8d.front-on-1000x1100.webp"",""sourcePath"":""1.  20-400 (1 oz & 2 oz) the 15ml 18-400 Boston Round/1. Boston Round  Dropper Bottles/2. (2 ounce:60 ml) Boston Round (Capped)/1. Amber Bottle (2 ounce:60 ml) (capped)/Amber - Alternating Caps (capped)/1. GBBstnAmb2ozMtlRollonMattSl.psd"",""capOff"":true,""bodyWidth"":343,""expectedWidth"":343,""sizeDeviation"":0,""legacySource"":false,""approval"":null,""sourceHold"":{""sku"":""GBBstnAmb2ozMtlRollonMattSl"",""familyId"":""boston-round-60ml-amber-20-400"",""reasons"":[""front source basename 'GBBstnAmb2ozRollonMattSl' does not match website SKU 'GBBstnAmb2ozMtlRollonMattSl'""]},""masterSourceRecorded"":true,""checksPassed"":false,""complete"":false}","held","Resolve kit hold","Inspect extraction edges in the saved parts and original master layers.","","4e9f63b507952b493213212f434c614b7db1c4cb9a073035be4ad791b664ac8d","catalog-kit-needs-review-2026-09-08-r5","{""state"":""held"",""reason"":""ValueError: body alpha gate failed: {'transparentFraction': 0.4333, 'semiTransparentPixels': 5628, 'touchesOwnEdge': True}"",""candidate"":{""state"":""pending"",""sha256"":""4e9f63b507952b493213212f434c614b7db1c4cb9a073035be4ad791b664ac8d"",""plateSha256"":""4e9f63b507952b493213212f434c614b7db1c4cb9a073035be4ad791b664ac8d"",""collection"":""catalog-kit-needs-review-2026-09-08-r5"",""bytesVerified"":true}}","none","Check component coverage","A group Sunburst exists. Search saved exact-configuration images and verify the selected component; do not assume a new generation is required.","","","","{""state"":""none""}"
"2026-09-13T00:46:11.822Z","GBBstnAmb2ozMtlRollonShnSl","GB-BSR-AMB-60ML-MRL-SSLV","Boston Round","60","Amber","Metal Roller Ball · Shiny Silver cap","Boston round design 60ml, 2oz Amber glass bottle with metal roller ball plug and shiny silver cap. For use with perfume, fragrance oil, essential oils, body oils, thin lotions and ointments. Refillable bottle with large, 12mm diameter metal-roller ball. P","kh79h0rk045gy6sxmgx2y856f98dp0xq","boston-round-60ml-amber-20-400-rollon","boston-round-standard-60ml","1","plated","Resolve plate hold","Reconcile the recorded source or integrity finding against exact catalog evidence and the master PSD. Preserve this file.","2e906a46a61ff78b9d522587672ea08d955051f355d0cac906c800ecf89968a1","","","{""state"":""plated"",""familyId"":""boston-round-60ml-amber-20-400"",""sha256"":""2e906a46a61ff78b9d522587672ea08d955051f355d0cac906c800ecf89968a1"",""revision"":2,""imageUrl"":""https://yzy7l20k4yt6znzz.public.blob.vercel-storage.com/plates/boston-round-60ml-amber-20-400/GBBstnAmb2ozMtlRollonShnSl/2e906a46a61ff78b9d522587672ea08d955051f355d0cac906c800ecf89968a1.front-on-1000x1100.webp"",""sourcePath"":""1.  20-400 (1 oz & 2 oz) the 15ml 18-400 Boston Round/1. Boston Round  Dropper Bottles/2. (2 ounce:60 ml) Boston Round (Capped)/1. Amber Bottle (2 ounce:60 ml) (capped)/Amber - Alternating Caps (capped)/2. GBBstnAmb2ozMtlRollonShnSl.psd"",""capOff"":true,""bodyWidth"":343,""expectedWidth"":343,""sizeDeviation"":0,""legacySource"":false,""approval"":null,""sourceHold"":{""sku"":""GBBstnAmb2ozMtlRollonShnSl"",""familyId"":""boston-round-60ml-amber-20-400"",""reasons"":[""front source basename 'GBBstnAmb2ozRollonShnSl' does not match website SKU 'GBBstnAmb2ozMtlRollonShnSl'""]},""masterSourceRecorded"":true,""checksPassed"":false,""complete"":false}","held","Resolve kit hold","Inspect extraction edges in the saved parts and original master layers.","","2e906a46a61ff78b9d522587672ea08d955051f355d0cac906c800ecf89968a1","catalog-kit-needs-review-2026-09-08-r5","{""state"":""held"",""reason"":""ValueError: body alpha gate failed: {'transparentFraction': 0.4293, 'semiTransparentPixels': 5628, 'touchesOwnEdge': True}"",""candidate"":{""state"":""pending"",""sha256"":""2e906a46a61ff78b9d522587672ea08d955051f355d0cac906c800ecf89968a1"",""plateSha256"":""2e906a46a61ff78b9d522587672ea08d955051f355d0cac906c800ecf89968a1"",""collection"":""catalog-kit-needs-review-2026-09-08-r5"",""bytesVerified"":true}}","none","Check component coverage","A group Sunburst exists. Search saved exact-configuration images and verify the selected component; do not assume a new generation is required.","","","","{""state"":""none""}"
"2026-09-13T00:46:11.822Z","GBBstnAmb2ozRollonGl","GB-BSR-AMB-60ML-RON-GLD","Boston Round","60","Amber","Plastic Roller Ball · Gold cap","Boston round design 60ml, 2oz Amber glass bottle with plastic roller ball plug and shiny gold cap. For use with perfume, fragrance oil, essential oils, body oils, thin lotions and ointments. Refillable bottle with large, 12mm diameter roller ball. Price e","kh79h0rk045gy6sxmgx2y856f98dp0xq","boston-round-60ml-amber-20-400-rollon","boston-round-standard-60ml","1","plated","Resolve plate hold","Reconcile the recorded source or integrity finding against exact catalog evidence and the master PSD. Preserve this file.","b0a50b890de4b04bfb422c3e8e1e54ca9df9af049786c62b20ed36327453251d","","","{""state"":""plated"",""familyId"":""boston-round-60ml-amber-20-400"",""sha256"":""b0a50b890de4b04bfb422c3e8e1e54ca9df9af049786c62b20ed36327453251d"",""revision"":2,""imageUrl"":""https://yzy7l20k4yt6znzz.public.blob.vercel-storage.com/plates/boston-round-60ml-amber-20-400/GBBstnAmb2ozRollonGl/b0a50b890de4b04bfb422c3e8e1e54ca9df9af049786c62b20ed36327453251d.front-on-1000x1100.webp"",""sourcePath"":""1.  20-400 (1 oz & 2 oz) the 15ml 18-400 Boston Round/1. Boston Round  Dropper Bottles/2. (2 ounce:60 ml) Boston Round (Capped)/1. Amber Bottle (2 ounce:60 ml) (capped)/Amber - Alternating Caps (capped)/9. GBBstnAmb2ozRollonGl.psd"",""capOff"":true,""bodyWidth"":343,""expectedWidth"":343,""sizeDeviation"":0,""legacySource"":false,""approval"":null,""sourceHold"":{""sku"":""GBBstnAmb2ozRollonGl"",""familyId"":""boston-round-60ml-amber-20-400"",""reasons"":[""front source basename 'GBBstnAmb2ozMtlRollonGl' does not match website SKU 'GBBstnAmb2ozRollonGl'""]},""masterSourceRecorded"":true,""checksPassed"":false,""complete"":false}","held","Resolve kit hold","Recheck the recorded source or component-layer mapping. Keep unresolved identity explicit.","","","","{""state"":""held"",""reason"":""Source recovery or identity reconciliation required: source_preflight:front source basename 'GBBstnAmb2ozMtlRollonGl' does not match website SKU 'GBBstnAmb2ozRollonGl'""}","none","Check component coverage","A group Sunburst exists. Search saved exact-configuration images and verify the selected component; do not assume a new generation is required.","","","","{""state"":""none""}"
"2026-09-13T00:46:11.822Z","GBBstnAmb2ozRollonMattBlk","GB-BSR-AMB-60ML-RON-MBLK","Boston Round","60","Amber","Plastic Roller Ball · Matte Black cap","Boston round design 60ml, 2oz Amber glass bottle with plastic roller ball plug and matte black cap. For use with perfume, fragrance oil, essential oils, body oils, thin lotions and ointments. Refillable bottle with large, 12mm diameter roller ball. Price","kh79h0rk045gy6sxmgx2y856f98dp0xq","boston-round-60ml-amber-20-400-rollon","boston-round-standard-60ml","1","plated","Resolve plate hold","Reconcile the recorded source or integrity finding against exact catalog evidence and the master PSD. Preserve this file.","2654ed988127e1128bab75c76a1aa11375679bc534cab08a76913e7aa89bb608","","","{""state"":""plated"",""familyId"":""boston-round-60ml-amber-20-400"",""sha256"":""2654ed988127e1128bab75c76a1aa11375679bc534cab08a76913e7aa89bb608"",""revision"":2,""imageUrl"":""https://yzy7l20k4yt6znzz.public.blob.vercel-storage.com/plates/boston-round-60ml-amber-20-400/GBBstnAmb2ozRollonMattBlk/2654ed988127e1128bab75c76a1aa11375679bc534cab08a76913e7aa89bb608.front-on-1000x1100.webp"",""sourcePath"":""1.  20-400 (1 oz & 2 oz) the 15ml 18-400 Boston Round/1. Boston Round  Dropper Bottles/2. (2 ounce:60 ml) Boston Round (Capped)/1. Amber Bottle (2 ounce:60 ml) (capped)/Amber - Alternating Caps (capped)/8. GBBstnAmb2ozRollonMattBlk.psd"",""capOff"":true,""bodyWidth"":343,""expectedWidth"":343,""sizeDeviation"":0,""legacySource"":false,""approval"":null,""sourceHold"":{""sku"":""GBBstnAmb2ozRollonMattBlk"",""familyId"":""boston-round-60ml-amber-20-400"",""reasons"":[""front source basename 'GBBstnAmb2ozMtlRollonMattBlk' does not match website SKU 'GBBstnAmb2ozRollonMattBlk'""]},""masterSourceRecorded"":true,""checksPassed"":false,""complete"":false}","held","Resolve kit hold","Recheck the recorded source or component-layer mapping. Keep unresolved identity explicit.","","","","{""state"":""held"",""reason"":""Source recovery or identity reconciliation required: source_preflight:front source basename 'GBBstnAmb2ozMtlRollonMattBlk' does not match website SKU 'GBBstnAmb2ozRollonMattBlk'""}","none","Check component coverage","A group Sunburst exists. Search saved exact-configuration images and verify the selected component; do not assume a new generation is required.","","","","{""state"":""none""}"
"2026-09-13T00:46:11.822Z","GBBstnAmb2ozRollonMattGl","GB-BSR-AMB-60ML-RON-MGLD","Boston Round","60","Amber","Plastic Roller Ball · Matte Gold cap","Boston round design 60ml, 2oz Amber glass bottle with plastic roller ball plug and matte gold cap. For use with perfume, fragrance oil, essential oils, body oils, thin lotions and ointments. Refillable bottle with large, 12mm diameter roller ball. Price e","kh79h0rk045gy6sxmgx2y856f98dp0xq","boston-round-60ml-amber-20-400-rollon","boston-round-standard-60ml","1","plated","Recover approval / review","Find matching plate-specific approval evidence first. If none exists, review the current image without rebuilding it.","ed9c53ac7231e87523a714f6540623a4f5b15d4ee2b210ff2657082e1db1f8d3","","","{""state"":""plated"",""familyId"":""boston-round-60ml-amber-20-400"",""sha256"":""ed9c53ac7231e87523a714f6540623a4f5b15d4ee2b210ff2657082e1db1f8d3"",""revision"":2,""imageUrl"":""https://yzy7l20k4yt6znzz.public.blob.vercel-storage.com/plates/boston-round-60ml-amber-20-400/GBBstnAmb2ozRollonMattGl/ed9c53ac7231e87523a714f6540623a4f5b15d4ee2b210ff2657082e1db1f8d3.front-on-1000x1100.webp"",""sourcePath"":""1.  20-400 (1 oz & 2 oz) the 15ml 18-400 Boston Round/1. Boston Round  Dropper Bottles/2. (2 ounce:60 ml) Boston Round (Capped)/1. Amber Bottle (2 ounce:60 ml) (capped)/Amber - Alternating Caps (capped)/10. GBBstnAmb2ozRollonMattGl.psd"",""capOff"":true,""bodyWidth"":343,""expectedWidth"":343,""sizeDeviation"":0,""legacySource"":false,""approval"":null,""localCandidate"":{""sku"":""GBBstnAmb2ozRollonMattGl"",""familyId"":""boston-round-60ml-amber-20-400"",""state"":""pending"",""sha256"":""5fbda9d0314c2ffb30086fa7506aadb398b24d923c641ad384e824d0fb4dc36f"",""beforeSha256"":""ed9c53ac7231e87523a714f6540623a4f5b15d4ee2b210ff2657082e1db1f8d3"",""comparisonPath"":""/Users/jordanrichter/.codex/visualizations/2026/09/12/01a097d5-52fb-77b2-9230-f5a9a5ee8e40/plate-grouping-review/index.html"",""note"":""Paused render proposal, not approved. Physical-group reconciliation required.""},""masterSourceRecorded"":true,""checksPassed"":true,""complete"":false}","held","Resolve kit hold","Inspect extraction edges in the saved parts and original master layers.","","ed9c53ac7231e87523a714f6540623a4f5b15d4ee2b210ff2657082e1db1f8d3","catalog-kit-needs-review-2026-09-08-r5","{""state"":""held"",""reason"":""ValueError: body alpha gate failed: {'transparentFraction': 0.4313, 'semiTransparentPixels': 4604, 'touchesOwnEdge': True}"",""candidate"":{""state"":""pending"",""sha256"":""ed9c53ac7231e87523a714f6540623a4f5b15d4ee2b210ff2657082e1db1f8d3"",""plateSha256"":""ed9c53ac7231e87523a714f6540623a4f5b15d4ee2b210ff2657082e1db1f8d3"",""collection"":""catalog-kit-needs-review-2026-09-08-r5"",""bytesVerified"":true}}","approved-not-indexed","Recover approved hero","Preserve the saved approval. Resolve exact group identity and check the locked glass target before indexing.","5b727e39ed91c9b84bb50b110f0774725b25d0d02323db23a223e47f732ae1c4","5b727e39ed91c9b84bb50b110f0774725b25d0d02323db23a223e47f732ae1c4","r7-resettle-approved-2026-09-11","{""state"":""approved-not-indexed"",""sha256"":""5b727e39ed91c9b84bb50b110f0774725b25d0d02323db23a223e47f732ae1c4"",""lock"":""release-3"",""why"":""no registry row for this product yet"",""review"":{""status"":""approved"",""sha256"":""5b727e39ed91c9b84bb50b110f0774725b25d0d02323db23a223e47f732ae1c4"",""collection"":""r7-resettle-approved-2026-09-11"",""updatedAt"":""2026-09-12T02:20:01.343Z""},""candidate"":{""state"":""approved"",""sha256"":""5b727e39ed91c9b84bb50b110f0774725b25d0d02323db23a223e47f732ae1c4"",""collection"":""r7-resettle-approved-2026-09-11"",""bytesVerified"":true}}"
"2026-09-13T00:46:11.822Z","GBBstnAmb2ozRollonMattSl","GB-BSR-AMB-60ML-RON-MSLV","Boston Round","60","Amber","Plastic Roller Ball · Matte Silver cap","Boston round design 60ml, 2oz Amber glass bottle with plastic roller ball plug and matte silver cap. For use with perfume, fragrance oil, essential oils, body oils, thin lotions and ointments. Refillable bottle with large, 12mm diameter roller ball. Price","kh79h0rk045gy6sxmgx2y856f98dp0xq","boston-round-60ml-amber-20-400-rollon","boston-round-standard-60ml","1","plated","Recover approval / review","Find matching plate-specific approval evidence first. If none exists, review the current image without rebuilding it.","4e9f63b507952b493213212f434c614b7db1c4cb9a073035be4ad791b664ac8d","","","{""state"":""plated"",""familyId"":""boston-round-60ml-amber-20-400"",""sha256"":""4e9f63b507952b493213212f434c614b7db1c4cb9a073035be4ad791b664ac8d"",""revision"":2,""imageUrl"":""https://yzy7l20k4yt6znzz.public.blob.vercel-storage.com/plates/boston-round-60ml-amber-20-400/GBBstnAmb2ozRollonMattSl/4e9f63b507952b493213212f434c614b7db1c4cb9a073035be4ad791b664ac8d.front-on-1000x1100.webp"",""sourcePath"":""1.  20-400 (1 oz & 2 oz) the 15ml 18-400 Boston Round/1. Boston Round  Dropper Bottles/2. (2 ounce:60 ml) Boston Round (Capped)/1. Amber Bottle (2 ounce:60 ml) (capped)/Amber - Alternating Caps (capped)/6. GBBstnAmb2ozRollonMattSl.psd"",""capOff"":true,""bodyWidth"":343,""expectedWidth"":343,""sizeDeviation"":0,""legacySource"":false,""approval"":null,""localCandidate"":{""sku"":""GBBstnAmb2ozRollonMattSl"",""familyId"":""boston-round-60ml-amber-20-400"",""state"":""pending"",""sha256"":""82e7bf0e9a14c8aa9a52f1af612bf48576264a7294ab617168fab7d34f52d72b"",""beforeSha256"":""4e9f63b507952b493213212f434c614b7db1c4cb9a073035be4ad791b664ac8d"",""comparisonPath"":""/Users/jordanrichter/.codex/visualizations/2026/09/12/01a097d5-52fb-77b2-9230-f5a9a5ee8e40/plate-grouping-review/index.html"",""note"":""Paused render proposal, not approved. Physical-group reconciliation required.""},""masterSourceRecorded"":true,""checksPassed"":true,""complete"":false}","held","Resolve kit hold","Recheck the recorded source or component-layer mapping. Keep unresolved identity explicit.","","","","{""state"":""held"",""reason"":""Source recovery or identity reconciliation required: source_preflight:front source basename 'GBBstnAmb2ozMtlRollonMattSl' does not match website SKU 'GBBstnAmb2ozRollonMattSl'""}","none","Check component coverage","A group Sunburst exists. Search saved exact-configuration images and verify the selected component; do not assume a new generation is required.","","","","{""state"":""none""}"
"2026-09-13T00:46:11.822Z","GBBstnAmb2ozRollonShnBlk","GB-BSR-AMB-60ML-RBL-SBLK","Boston Round","60","Amber","Plastic Roller Ball · Shiny Black cap","Boston Round design 60ml,2 oz Amber glass bottle with plastic roller ball plug and shiny black cap. For use with perfume or fragrance oil, essential oils, aromatic oils and aromatherapy. Price each","kh79h0rk045gy6sxmgx2y856f98dp0xq","boston-round-60ml-amber-20-400-rollon","boston-round-standard-60ml","1","plated","Resolve plate hold","Reconcile the recorded source or integrity finding against exact catalog evidence and the master PSD. Preserve this file.","acaa98c4d94ab9bc55aeafd439557ca787f729d21146e23f6b0c6fbc659567f5","","","{""state"":""plated"",""familyId"":""boston-round-60ml-amber-20-400"",""sha256"":""acaa98c4d94ab9bc55aeafd439557ca787f729d21146e23f6b0c6fbc659567f5"",""revision"":2,""imageUrl"":""https://yzy7l20k4yt6znzz.public.blob.vercel-storage.com/plates/boston-round-60ml-amber-20-400/GBBstnAmb2ozRollonShnBlk/acaa98c4d94ab9bc55aeafd439557ca787f729d21146e23f6b0c6fbc659567f5.front-on-1000x1100.webp"",""sourcePath"":""1.  20-400 (1 oz & 2 oz) the 15ml 18-400 Boston Round/1. Boston Round  Dropper Bottles/2. (2 ounce:60 ml) Boston Round (Capped)/1. Amber Bottle (2 ounce:60 ml) (capped)/Amber - Alternating Caps (capped)/19. GBBstnAmb2ozRollonShnBlk.psd"",""capOff"":true,""bodyWidth"":343,""expectedWidth"":343,""sizeDeviation"":0,""legacySource"":false,""approval"":null,""sourceHold"":{""sku"":""GBBstnAmb2ozRollonShnBlk"",""familyId"":""boston-round-60ml-amber-20-400"",""reasons"":[""front source basename 'GBBstnAmb2ozMtlRollonShnBlk' does not match website SKU 'GBBstnAmb2ozRollonShnBlk'""]},""masterSourceRecorded"":true,""checksPassed"":false,""complete"":false}","held","Resolve kit hold","Inspect extraction edges in the saved parts and original master layers.","","acaa98c4d94ab9bc55aeafd439557ca787f729d21146e23f6b0c6fbc659567f5","catalog-kit-needs-review-2026-09-08-r5","{""state"":""held"",""reason"":""ValueError: body alpha gate failed: {'transparentFraction': 0.4273, 'semiTransparentPixels': 5759, 'touchesOwnEdge': True}"",""candidate"":{""state"":""pending"",""sha256"":""acaa98c4d94ab9bc55aeafd439557ca787f729d21146e23f6b0c6fbc659567f5"",""plateSha256"":""acaa98c4d94ab9bc55aeafd439557ca787f729d21146e23f6b0c6fbc659567f5"",""collection"":""catalog-kit-needs-review-2026-09-08-r5"",""bytesVerified"":true}}","none","Check component coverage","A group Sunburst exists. Search saved exact-configuration images and verify the selected component; do not assume a new generation is required.","","","","{""state"":""none""}"
"2026-09-13T00:46:11.822Z","GBBstnAmb2ozRollonShnSl","GB-BSR-AMB-60ML-RON-SSLV","Boston Round","60","Amber","Plastic Roller Ball · Shiny Silver cap","Boston round design 60ml, 2oz Amber glass bottle with plastic roller ball plug and shiny silver cap. For use with perfume, fragrance oil, essential oils, body oils, thin lotions and ointments. Refillable bottle with large, 12mm diameter roller ball. Price","kh79h0rk045gy6sxmgx2y856f98dp0xq","boston-round-60ml-amber-20-400-rollon","boston-round-standard-60ml","1","plated","Recover approval / review","Find matching plate-specific approval evidence first. If none exists, review the current image without rebuilding it.","2e906a46a61ff78b9d522587672ea08d955051f355d0cac906c800ecf89968a1","","","{""state"":""plated"",""familyId"":""boston-round-60ml-amber-20-400"",""sha256"":""2e906a46a61ff78b9d522587672ea08d955051f355d0cac906c800ecf89968a1"",""revision"":2,""imageUrl"":""https://yzy7l20k4yt6znzz.public.blob.vercel-storage.com/plates/boston-round-60ml-amber-20-400/GBBstnAmb2ozRollonShnSl/2e906a46a61ff78b9d522587672ea08d955051f355d0cac906c800ecf89968a1.front-on-1000x1100.webp"",""sourcePath"":""1.  20-400 (1 oz & 2 oz) the 15ml 18-400 Boston Round/1. Boston Round  Dropper Bottles/2. (2 ounce:60 ml) Boston Round (Capped)/1. Amber Bottle (2 ounce:60 ml) (capped)/Amber - Alternating Caps (capped)/7. GBBstnAmb2ozRollonShnSl.psd"",""capOff"":true,""bodyWidth"":343,""expectedWidth"":343,""sizeDeviation"":0,""legacySource"":false,""approval"":null,""localCandidate"":{""sku"":""GBBstnAmb2ozRollonShnSl"",""familyId"":""boston-round-60ml-amber-20-400"",""state"":""pending"",""sha256"":""6c8e078f991c6a18a6a84096083cd170323c760b094f81a269a100b4bfd1d1eb"",""beforeSha256"":""2e906a46a61ff78b9d522587672ea08d955051f355d0cac906c800ecf89968a1"",""comparisonPath"":""/Users/jordanrichter/.codex/visualizations/2026/09/12/01a097d5-52fb-77b2-9230-f5a9a5ee8e40/plate-grouping-review/index.html"",""note"":""Paused render proposal, not approved. Physical-group reconciliation required.""},""masterSourceRecorded"":true,""checksPassed"":true,""complete"":false}","held","Resolve kit hold","Recheck the recorded source or component-layer mapping. Keep unresolved identity explicit.","","","","{""state"":""held"",""reason"":""Source recovery or identity reconciliation required: source_preflight:front source basename 'GBBstnAmb2ozMtlRollonShnSl' does not match website SKU 'GBBstnAmb2ozRollonShnSl'""}","none","Check component coverage","A group Sunburst exists. Search saved exact-configuration images and verify the selected component; do not assume a new generation is required.","","","","{""state"":""none""}"
"2026-09-13T00:46:11.822Z","GBBstnAmb2ozWhtDropperShnGlTrim","GB-BSR-AMB-60ML-WHT-T-01","Boston Round","60","Amber","Dropper · White cap","Boston round design 60ml, 2oz Amber glass bottle and white dropper with a shiny gold trim cap. For use with perfume oils, diffuser oils, serums, primers, facial oils or face oils, moisturizers, and beard oils. Price each","kh777dtpw7yx3x5g09s5vggbs98dpm7a","boston-round-60ml-amber-20-400-dropper","boston-round-standard-60ml","1","plated-no-capoff-by-design","Recover approval / review","Find matching plate-specific approval evidence first. If none exists, review the current image without rebuilding it.","2a4b2637b9e37c1655a73cadbde813137a197ab2a18b37902078a32eb6b2ecf6","","","{""state"":""plated-no-capoff-by-design"",""familyId"":""boston-round-60ml-amber-20-400"",""sha256"":""2a4b2637b9e37c1655a73cadbde813137a197ab2a18b37902078a32eb6b2ecf6"",""revision"":2,""imageUrl"":""https://yzy7l20k4yt6znzz.public.blob.vercel-storage.com/plates/boston-round-60ml-amber-20-400/GBBstnAmb2ozWhtDropperShnGlTrim/2a4b2637b9e37c1655a73cadbde813137a197ab2a18b37902078a32eb6b2ecf6.front-on-1000x1100.webp"",""sourcePath"":""1.  20-400 (1 oz & 2 oz) the 15ml 18-400 Boston Round/1. Boston Round  Dropper Bottles/2. (2 ounce:60 ml) Boston Round (Capped)/1. Amber Bottle (2 ounce:60 ml) (capped)/Amber - Alternating Caps (capped)/13. GBBstnAmb2ozWhtDropperShnGlTrim.psd"",""capOff"":false,""bodyWidth"":340,""expectedWidth"":340,""sizeDeviation"":0,""legacySource"":false,""approval"":null,""localCandidate"":{""sku"":""GBBstnAmb2ozWhtDropperShnGlTrim"",""familyId"":""boston-round-60ml-amber-20-400"",""state"":""pending"",""sha256"":""2645b3d1e199cb2b14308795af579abaa9d204f5f3c83fda56a31e12587ea40d"",""beforeSha256"":""2a4b2637b9e37c1655a73cadbde813137a197ab2a18b37902078a32eb6b2ecf6"",""comparisonPath"":""/Users/jordanrichter/.codex/visualizations/2026/09/12/01a097d5-52fb-77b2-9230-f5a9a5ee8e40/plate-grouping-review/index.html"",""note"":""Paused render proposal, not approved. Physical-group reconciliation required.""},""masterSourceRecorded"":true,""checksPassed"":true,""complete"":false}","candidate","Review saved kit","Use the existing candidate. Check photographed parts and alignment; a plate correction requires a new registration check.","","732cca804137bd4cfbd9296f174963bc21f021ba70a7b8728f8fe00f2a849612","catalog-kit-candidates-2026-09-08-r7","{""state"":""candidate"",""reason"":""Source-qualified paired PSD mapping passed alpha and exact plate-parity gates; visual approval required."",""candidate"":{""state"":""pending"",""sha256"":""732cca804137bd4cfbd9296f174963bc21f021ba70a7b8728f8fe00f2a849612"",""plateSha256"":""2a4b2637b9e37c1655a73cadbde813137a197ab2a18b37902078a32eb6b2ecf6"",""collection"":""catalog-kit-candidates-2026-09-08-r7"",""bytesVerified"":true}}","none","Check component coverage","A group Sunburst exists. Search saved exact-configuration images and verify the selected component; do not assume a new generation is required.","","","","{""state"":""none""}"
"2026-09-13T00:46:11.822Z","GBBstnAmb2ozWhtDropperShnSlTrim","GB-BSR-AMB-60ML-WHT-T-02","Boston Round","60","Amber","Dropper · White cap","Boston round design 60ml, 2oz Amber glass bottle and white dropper with a shiny silver trim cap. For use with perfume oils, diffuser oils, serums, primers, facial oils or face oils, moisturizers, and beard oils. Price each","kh777dtpw7yx3x5g09s5vggbs98dpm7a","boston-round-60ml-amber-20-400-dropper","boston-round-standard-60ml","1","plated-no-capoff-by-design","Recover approval / review","Find matching plate-specific approval evidence first. If none exists, review the current image without rebuilding it.","bfc2730c9b553ff63a6fb131a45f4ddb2e3b95985058ca52f841115ebdf01079","","","{""state"":""plated-no-capoff-by-design"",""familyId"":""boston-round-60ml-amber-20-400"",""sha256"":""bfc2730c9b553ff63a6fb131a45f4ddb2e3b95985058ca52f841115ebdf01079"",""revision"":2,""imageUrl"":""https://yzy7l20k4yt6znzz.public.blob.vercel-storage.com/plates/boston-round-60ml-amber-20-400/GBBstnAmb2ozWhtDropperShnSlTrim/bfc2730c9b553ff63a6fb131a45f4ddb2e3b95985058ca52f841115ebdf01079.front-on-1000x1100.webp"",""sourcePath"":""1.  20-400 (1 oz & 2 oz) the 15ml 18-400 Boston Round/1. Boston Round  Dropper Bottles/2. (2 ounce:60 ml) Boston Round (Capped)/1. Amber Bottle (2 ounce:60 ml) (capped)/Amber - Alternating Caps (capped)/14. GBBstnAmb2ozWhtDropperShnSlTrim.psd"",""capOff"":false,""bodyWidth"":339,""expectedWidth"":340,""sizeDeviation"":-0.003,""legacySource"":false,""approval"":null,""localCandidate"":{""sku"":""GBBstnAmb2ozWhtDropperShnSlTrim"",""familyId"":""boston-round-60ml-amber-20-400"",""state"":""pending"",""sha256"":""42b0d2e2240609c9578372fd10b4f04187092778f2fd79021afacad0448e7f4f"",""beforeSha256"":""bfc2730c9b553ff63a6fb131a45f4ddb2e3b95985058ca52f841115ebdf01079"",""comparisonPath"":""/Users/jordanrichter/.codex/visualizations/2026/09/12/01a097d5-52fb-77b2-9230-f5a9a5ee8e40/plate-grouping-review/index.html"",""note"":""Paused render proposal, not approved. Physical-group reconciliation required.""},""masterSourceRecorded"":true,""checksPassed"":true,""complete"":false}","candidate","Review saved kit","Use the existing candidate. Check photographed parts and alignment; a plate correction requires a new registration check.","","07e9556e1efc55a7283bddefdd42d99760950e4b284cf97852c257ad6e631e01","catalog-kit-candidates-2026-09-08-r7","{""state"":""candidate"",""reason"":""Source-qualified paired PSD mapping passed alpha and exact plate-parity gates; visual approval required."",""candidate"":{""state"":""pending"",""sha256"":""07e9556e1efc55a7283bddefdd42d99760950e4b284cf97852c257ad6e631e01"",""plateSha256"":""bfc2730c9b553ff63a6fb131a45f4ddb2e3b95985058ca52f841115ebdf01079"",""collection"":""catalog-kit-candidates-2026-09-08-r7"",""bytesVerified"":true}}","none","Check component coverage","A group Sunburst exists. Search saved exact-configuration images and verify the selected component; do not assume a new generation is required.","","","","{""state"":""none""}"
"2026-09-13T00:46:11.822Z","GBBstnAmb2ozWhtDrpr","GB-BSR-AMB-60ML-WHT-T-03","Boston Round","60","Amber","Dropper · White cap","Boston round design 60ml, 2oz Amber glass bottle with white dropper. For use with perfume oils, diffuser oils, serums, primers, facial oils or face oils, moisturizers, and beard oils. Price each","kh777dtpw7yx3x5g09s5vggbs98dpm7a","boston-round-60ml-amber-20-400-dropper","boston-round-standard-60ml","1","none","Plate not indexed","Search saved candidates and verified master sources before creating a plate. This is not yet a photography gap.","","","","{""state"":""none"",""approval"":null,""masterSourceRecorded"":false,""checksPassed"":false,""complete"":false}","no-plate","Plate needed first","Recover or finish the plate, then audit real component layers in its master source.","","","","{""state"":""no-plate""}","none","Check component coverage","A group Sunburst exists. Search saved exact-configuration images and verify the selected component; do not assume a new generation is required.","","","","{""state"":""none""}"
"2026-09-13T00:46:11.822Z","GBBstnBlu15BlkCapSht","GB-BSR-CBL-15ML-BLK-S","Boston Round","15","Cobalt Blue","Black cap","Boston round design 15ml, 1/2 oz  Cobalt blue glass bottle with short black cap. For use with Perfume oils, essential oils, diffuser oils and aromatherapy. Price each","kh70nt59vyfdnkts72wkf17km58dpvy3","boston-round-15ml-cobalt-blue-18-400","boston-round-standard-15ml","1","plated-cap-on-only","Check glass sizing","Compare the existing plate with its verified physical profile. Keep it unless a measured correction is needed.","a369622563f186545615ef06f2e3905096bd03ca03489f441254c542060bf96c","","","{""state"":""plated-cap-on-only"",""familyId"":""boston-round-15ml-cobalt-blue-18-400"",""sha256"":""a369622563f186545615ef06f2e3905096bd03ca03489f441254c542060bf96c"",""revision"":2,""imageUrl"":""https://yzy7l20k4yt6znzz.public.blob.vercel-storage.com/plates/boston-round-15ml-cobalt-blue-18-400/GBBstnBlu15BlkCapSht/a369622563f186545615ef06f2e3905096bd03ca03489f441254c542060bf96c.front-on-1000x1100.webp"",""sourcePath"":""1.  20-400 (1 oz & 2 oz) the 15ml 18-400 Boston Round/1. Boston Round  Dropper Bottles/5.  (.5 ounce:15ml) Boston Round (Capped)/2. Cobalt Blue Bottle (.5ounce:15ml) (capped)/1. GBBstnBlu15BlkCapSht.psd"",""capOff"":false,""bodyWidth"":362,""expectedWidth"":null,""sizeDeviation"":null,""legacySource"":false,""approval"":null,""sizeHold"":""Earlier sizing finding remains open; regrouping is not approval"",""localCandidate"":{""sku"":""GBBstnBlu15BlkCapSht"",""familyId"":""boston-round-15ml-cobalt-blue-18-400"",""state"":""pending"",""sha256"":""537c8ffd2c6a2f5d109881060f66b5285af830dbf69ea4662b998b4f6dcd5adc"",""beforeSha256"":""a369622563f186545615ef06f2e3905096bd03ca03489f441254c542060bf96c"",""comparisonPath"":""/Users/jordanrichter/.codex/visualizations/2026/09/12/01a097d5-52fb-77b2-9230-f5a9a5ee8e40/plate-grouping-review/index.html"",""note"":""Paused render proposal, not approved. Physical-group reconciliation required.""},""masterSourceRecorded"":true,""checksPassed"":false,""complete"":false}","held","Resolve kit hold","Inspect extraction edges in the saved parts and original master layers.","","a369622563f186545615ef06f2e3905096bd03ca03489f441254c542060bf96c","catalog-kit-needs-review-2026-09-08-r5","{""state"":""held"",""reason"":""ValueError: body alpha gate failed: {'transparentFraction': 0.6911, 'semiTransparentPixels': 20695, 'touchesOwnEdge': True}"",""candidate"":{""state"":""pending"",""sha256"":""a369622563f186545615ef06f2e3905096bd03ca03489f441254c542060bf96c"",""plateSha256"":""a369622563f186545615ef06f2e3905096bd03ca03489f441254c542060bf96c"",""collection"":""catalog-kit-needs-review-2026-09-08-r5"",""bytesVerified"":true}}","indexed","Reuse approved Sunburst","Check this configuration against the locked glass target. Resize only if needed; changed bytes need their own review.","a79ca8c075a42407e25fde99196e8762e7634573ff10406d9c869b4e1e23f202","a79ca8c075a42407e25fde99196e8762e7634573ff10406d9c869b4e1e23f202","r7-resettle-approved-2026-09-11","{""state"":""indexed"",""generation"":""sunburst-approved"",""url"":""/images/catalog/bone-review/GBBstnBlu15BlkCapSht.a79ca8c075a4.png"",""sha256"":""a79ca8c075a42407e25fde99196e8762e7634573ff10406d9c869b4e1e23f202"",""manifestSha256"":""a79ca8c075a42407e25fde99196e8762e7634573ff10406d9c869b4e1e23f202"",""lock"":""release-3"",""groupSlug"":""boston-round-15ml-cobalt-blue-18-400"",""review"":{""status"":""approved"",""sha256"":""a79ca8c075a42407e25fde99196e8762e7634573ff10406d9c869b4e1e23f202"",""collection"":""r7-resettle-approved-2026-09-11"",""updatedAt"":""2026-09-12T02:20:02.142Z""},""candidate"":{""state"":""approved"",""sha256"":""a79ca8c075a42407e25fde99196e8762e7634573ff10406d9c869b4e1e23f202"",""collection"":""r7-resettle-approved-2026-09-11"",""bytesVerified"":true}}"
"2026-09-13T00:46:11.822Z","GBBstnBlu15BlkDrpr","GB-BSR-CBL-15ML-BLK-T-01","Boston Round","15","Cobalt Blue","Dropper · Black cap","Boston round design 15ml, 1/2 oz  Cobalt blue glass bottle with a black dropper. For use with perfume oils, diffuser oils, serums, primers, facial oils or face oils, moisturizers, and beard oils. Price each","kh74gnrjnzjqm2deqcxzx1zswn8dqs1a","boston-round-15ml-cobalt-blue-18-400-dropper","boston-round-standard-15ml","1","none","Plate not indexed","Search saved candidates and verified master sources before creating a plate. This is not yet a photography gap.","","","","{""state"":""none"",""approval"":null,""masterSourceRecorded"":false,""checksPassed"":false,""complete"":false}","no-plate","Plate needed first","Recover or finish the plate, then audit real component layers in its master source.","","","","{""state"":""no-plate""}","none","Check component coverage","A group Sunburst exists. Search saved exact-configuration images and verify the selected component; do not assume a new generation is required.","","","","{""state"":""none""}"
"2026-09-13T00:46:11.822Z","GBBstnBlu15BlkDrprGlTrim","GB-BSR-CBL-15ML-BLK-T-02","Boston Round","15","Cobalt Blue","Dropper · Black cap","Boston round design 15ml, 1/2 oz  Cobalt blue glass bottle with black dropper shiny gold trim cap. For use with perfume oils, diffuser oils, serums, primers, facial oils or face oils, moisturizers, and beard oils. Price each","kh74gnrjnzjqm2deqcxzx1zswn8dqs1a","boston-round-15ml-cobalt-blue-18-400-dropper","boston-round-standard-15ml","1","none","Plate not indexed","Search saved candidates and verified master sources before creating a plate. This is not yet a photography gap.","","","","{""state"":""none"",""approval"":null,""masterSourceRecorded"":false,""checksPassed"":false,""complete"":false}","no-plate","Plate needed first","Recover or finish the plate, then audit real component layers in its master source.","","","","{""state"":""no-plate""}","none","Check component coverage","A group Sunburst exists. Search saved exact-configuration images and verify the selected component; do not assume a new generation is required.","","","","{""state"":""none""}"
"2026-09-13T00:46:11.822Z","GBBstnBlu15WhtDrpr","GB-BSR-CBL-15ML-WHT-T-01","Boston Round","15","Cobalt Blue","Dropper · White cap","Boston round design 15ml, 1/2 oz  Cobalt blue glass bottle with a white dropper. For use with perfume oils, diffuser oils, serums, primers, facial oils or face oils, moisturizers, and beard oils. Price each","kh74gnrjnzjqm2deqcxzx1zswn8dqs1a","boston-round-15ml-cobalt-blue-18-400-dropper","boston-round-standard-15ml","1","none","Plate not indexed","Search saved candidates and verified master sources before creating a plate. This is not yet a photography gap.","","","","{""state"":""none"",""approval"":null,""masterSourceRecorded"":false,""checksPassed"":false,""complete"":false}","no-plate","Plate needed first","Recover or finish the plate, then audit real component layers in its master source.","","","","{""state"":""no-plate""}","none","Check component coverage","A group Sunburst exists. Search saved exact-configuration images and verify the selected component; do not assume a new generation is required.","","","","{""state"":""none""}"
"2026-09-13T00:46:11.822Z","GBBstnBlu15WhtDrprGlTrim","GB-BSR-CBL-15ML-WHT-T-02","Boston Round","15","Cobalt Blue","Dropper · White cap","Boston round design 15ml, 1/2 oz  Cobalt blue glass bottle and white dropper and a shiny gold trim cap. For use with perfume oils, diffuser oils, serums, primers, facial oils or face oils, moisturizers, and beard oils. Price each","kh74gnrjnzjqm2deqcxzx1zswn8dqs1a","boston-round-15ml-cobalt-blue-18-400-dropper","boston-round-standard-15ml","1","none","Plate not indexed","Search saved candidates and verified master sources before creating a plate. This is not yet a photography gap.","","","","{""state"":""none"",""approval"":null,""masterSourceRecorded"":false,""checksPassed"":false,""complete"":false}","no-plate","Plate needed first","Recover or finish the plate, then audit real component layers in its master source.","","","","{""state"":""no-plate""}","none","Check component coverage","A group Sunburst exists. Search saved exact-configuration images and verify the selected component; do not assume a new generation is required.","","","","{""state"":""none""}"
"2026-09-13T00:46:11.822Z","GBBstnBlu15WhtDrprSlTrim","GB-BSR-CBL-15ML-WHT-T-03","Boston Round","15","Cobalt Blue","Dropper · White cap","Boston round design 15ml, 1/2 oz  Cobalt blue glass bottle and white dropper and a shiny silver trim cap. For use with perfume oils, diffuser oils, serums, primers, facial oils or face oils, moisturizers, and beard oils. Price each","kh74gnrjnzjqm2deqcxzx1zswn8dqs1a","boston-round-15ml-cobalt-blue-18-400-dropper","boston-round-standard-15ml","1","none","Plate not indexed","Search saved candidates and verified master sources before creating a plate. This is not yet a photography gap.","","","","{""state"":""none"",""approval"":null,""masterSourceRecorded"":false,""checksPassed"":false,""complete"":false}","no-plate","Plate needed first","Recover or finish the plate, then audit real component layers in its master source.","","","","{""state"":""no-plate""}","none","Check component coverage","A group Sunburst exists. Search saved exact-configuration images and verify the selected component; do not assume a new generation is required.","","","","{""state"":""none""}"
"2026-09-13T00:46:11.822Z","GBBstnBlu15mlBlkDropperSlTrim","GB-BSR-CBL-15ML-BLK-T-03","Boston Round","15","Cobalt Blue","Dropper · Black cap","Boston round design 15ml, 1/2 oz  Cobalt blue glass bottle and black dropper and a shiny silver trim cap. For use with perfume oils, diffuser oils, serums, primers, facial oils or face oils, moisturizers, and beard oils. Price each","kh74gnrjnzjqm2deqcxzx1zswn8dqs1a","boston-round-15ml-cobalt-blue-18-400-dropper","boston-round-standard-15ml","1","plated-no-capoff-by-design","Recover approval / review","Find matching plate-specific approval evidence first. If none exists, review the current image without rebuilding it.","5062fa1ffc152d60569e6244d4c701636b1973e6e5aaf6dbb57c8450cc661f6c","","","{""state"":""plated-no-capoff-by-design"",""familyId"":""boston-round-15ml-cobalt-blue-18-400"",""sha256"":""5062fa1ffc152d60569e6244d4c701636b1973e6e5aaf6dbb57c8450cc661f6c"",""revision"":2,""imageUrl"":""https://yzy7l20k4yt6znzz.public.blob.vercel-storage.com/plates/boston-round-15ml-cobalt-blue-18-400/GBBstnBlu15mlBlkDropperSlTrim/5062fa1ffc152d60569e6244d4c701636b1973e6e5aaf6dbb57c8450cc661f6c.front-on-1000x1100.webp"",""sourcePath"":""1.  20-400 (1 oz & 2 oz) the 15ml 18-400 Boston Round/1. Boston Round  Dropper Bottles/5.  (.5 ounce:15ml) Boston Round (Capped)/2. Cobalt Blue Bottle (.5ounce:15ml) (capped)/2. GBBstnBlu15mlBlkDropperSlTrim.psd"",""capOff"":false,""bodyWidth"":287,""expectedWidth"":null,""sizeDeviation"":null,""legacySource"":false,""approval"":null,""localCandidate"":{""sku"":""GBBstnBlu15mlBlkDropperSlTrim"",""familyId"":""boston-round-15ml-cobalt-blue-18-400"",""state"":""pending"",""sha256"":""5062fa1ffc152d60569e6244d4c701636b1973e6e5aaf6dbb57c8450cc661f6c"",""beforeSha256"":""5062fa1ffc152d60569e6244d4c701636b1973e6e5aaf6dbb57c8450cc661f6c"",""comparisonPath"":""/Users/jordanrichter/.codex/visualizations/2026/09/12/01a097d5-52fb-77b2-9230-f5a9a5ee8e40/plate-grouping-review/index.html"",""note"":""Paused render proposal, not approved. Physical-group reconciliation required.""},""masterSourceRecorded"":true,""checksPassed"":true,""complete"":false}","candidate","Review saved kit","Use the existing candidate. Check photographed parts and alignment; a plate correction requires a new registration check.","","88d51a41f1dee910df455e79049270acaab5b0f93714351de761add86886c515","catalog-kit-candidates-2026-09-08-r7","{""state"":""candidate"",""reason"":""Source-qualified paired PSD mapping passed alpha and exact plate-parity gates; visual approval required."",""candidate"":{""state"":""pending"",""sha256"":""88d51a41f1dee910df455e79049270acaab5b0f93714351de761add86886c515"",""plateSha256"":""5062fa1ffc152d60569e6244d4c701636b1973e6e5aaf6dbb57c8450cc661f6c"",""collection"":""catalog-kit-candidates-2026-09-08-r7"",""bytesVerified"":true}}","indexed","Reuse approved Sunburst","Check this configuration against the locked glass target. Resize only if needed; changed bytes need their own review.","b70a912a72eab5190d1398d83b28b33136d03c8ad1041fe82ab0b263d9ddf139","b70a912a72eab5190d1398d83b28b33136d03c8ad1041fe82ab0b263d9ddf139","r7-resettle-approved-2026-09-11","{""state"":""indexed"",""generation"":""sunburst-approved"",""url"":""/images/catalog/bone-review/GBBstnBlu15mlBlkDropperSlTrim.b70a912a72ea.png"",""sha256"":""b70a912a72eab5190d1398d83b28b33136d03c8ad1041fe82ab0b263d9ddf139"",""manifestSha256"":""b70a912a72eab5190d1398d83b28b33136d03c8ad1041fe82ab0b263d9ddf139"",""lock"":""release-3"",""groupSlug"":""boston-round-15ml-cobalt-blue-18-400-dropper"",""review"":{""status"":""approved"",""sha256"":""b70a912a72eab5190d1398d83b28b33136d03c8ad1041fe82ab0b263d9ddf139"",""collection"":""r7-resettle-approved-2026-09-11"",""updatedAt"":""2026-09-12T02:20:02.682Z""},""candidate"":{""state"":""approved"",""sha256"":""b70a912a72eab5190d1398d83b28b33136d03c8ad1041fe82ab0b263d9ddf139"",""collection"":""r7-resettle-approved-2026-09-11"",""bytesVerified"":true}}"
"2026-09-13T00:46:11.822Z","GBBstnBlu1ozBlkCapSht","GB-BSR-CBL-30ML-BLK-S","Boston Round","30","Cobalt Blue","Black cap","Boston round design 30ml, 1oz Cobalt blue glass bottle with short black cap. For use with Perfume oils, essential oils, diffuser oils and aromatherapy. Price each","kh78xmwqbv64gbbjxzkrhg7qms8dqpes","boston-round-30ml-cobalt-blue-20-400","boston-round-standard-30ml","1","plated-cap-on-only","Check glass sizing","Compare the existing plate with its verified physical profile. Keep it unless a measured correction is needed.","7471b44e7761178f216b68416dc4741302f0b783208946f3300ff6d025dd2817","","","{""state"":""plated-cap-on-only"",""familyId"":""boston-round-30ml-cobalt-blue-20-400"",""sha256"":""7471b44e7761178f216b68416dc4741302f0b783208946f3300ff6d025dd2817"",""revision"":2,""imageUrl"":""https://yzy7l20k4yt6znzz.public.blob.vercel-storage.com/plates/boston-round-30ml-cobalt-blue-20-400/GBBstnBlu1ozBlkCapSht/7471b44e7761178f216b68416dc4741302f0b783208946f3300ff6d025dd2817.front-on-1000x1100.webp"",""sourcePath"":""1.  20-400 (1 oz & 2 oz) the 15ml 18-400 Boston Round/1. Boston Round  Dropper Bottles/4. (1ounce:30ml) Boston Round  (Capped)/2. Cobalt Blue Bottle (1oz) (capped)/Cobalt Blue - Alternating Caps (capped)/17. GBBstnBlu1ozBlkCapSht.psd"",""capOff"":false,""bodyWidth"":414,""expectedWidth"":null,""sizeDeviation"":null,""legacySource"":false,""approval"":null,""sizeHold"":""Earlier sizing finding remains open; regrouping is not approval"",""localCandidate"":{""sku"":""GBBstnBlu1ozBlkCapSht"",""familyId"":""boston-round-30ml-cobalt-blue-20-400"",""state"":""pending"",""sha256"":""a8a40170928f99a0a3518a9356dadb7ed9a84ea325eadd6270e22cf1c2a77532"",""beforeSha256"":""7471b44e7761178f216b68416dc4741302f0b783208946f3300ff6d025dd2817"",""comparisonPath"":""/Users/jordanrichter/.codex/visualizations/2026/09/12/01a097d5-52fb-77b2-9230-f5a9a5ee8e40/plate-grouping-review/index.html"",""note"":""Paused render proposal, not approved. Physical-group reconciliation required.""},""masterSourceRecorded"":true,""checksPassed"":false,""complete"":false}","held","Resolve kit hold","Inspect extraction edges in the saved parts and original master layers.","","7471b44e7761178f216b68416dc4741302f0b783208946f3300ff6d025dd2817","catalog-kit-needs-review-2026-09-08-r5","{""state"":""held"",""reason"":""ValueError: body alpha gate failed: {'transparentFraction': 0.4109, 'semiTransparentPixels': 8078, 'touchesOwnEdge': True}"",""candidate"":{""state"":""pending"",""sha256"":""7471b44e7761178f216b68416dc4741302f0b783208946f3300ff6d025dd2817"",""plateSha256"":""7471b44e7761178f216b68416dc4741302f0b783208946f3300ff6d025dd2817"",""collection"":""catalog-kit-needs-review-2026-09-08-r5"",""bytesVerified"":true}}","indexed","Reuse approved Sunburst","Check this configuration against the locked glass target. Resize only if needed; changed bytes need their own review.","8b395c7b718dfa095cb2a39d981f1d525c2e38745c7712167e13d49389a7e42a","8b395c7b718dfa095cb2a39d981f1d525c2e38745c7712167e13d49389a7e42a","r5-boston-round-2026-09-10","{""state"":""indexed"",""generation"":""sunburst-approved"",""url"":""/images/catalog/bone-review/GBBstnBlu1ozBlkCapSht.8b395c7b718d.png"",""sha256"":""8b395c7b718dfa095cb2a39d981f1d525c2e38745c7712167e13d49389a7e42a"",""manifestSha256"":""8b395c7b718dfa095cb2a39d981f1d525c2e38745c7712167e13d49389a7e42a"",""lock"":""release-2"",""groupSlug"":""boston-round-30ml-cobalt-blue-20-400"",""review"":{""status"":""approved"",""sha256"":""8b395c7b718dfa095cb2a39d981f1d525c2e38745c7712167e13d49389a7e42a"",""collection"":""r5-boston-round-2026-09-10"",""updatedAt"":""2026-09-11T06:34:41.697Z""},""candidate"":{""state"":""approved"",""sha256"":""8b395c7b718dfa095cb2a39d981f1d525c2e38745c7712167e13d49389a7e42a"",""collection"":""r5-boston-round-2026-09-10"",""bytesVerified"":true}}"
"2026-09-13T00:46:11.822Z","GBBstnBlu1ozBlkDropper","GB-BSR-CBL-30ML-BLK-T-01","Boston Round","30","Cobalt Blue","Dropper · Black cap","Boston round design 30ml, 1oz Cobalt blue glass bottle with black dropper. For use with perfume oils, diffuser oils, serums, primers, facial oils or face oils, moisturizers, and beard oils. Price each","kh73sfz15bankpnj62myjyh54n8dppwh","boston-round-30ml-cobalt-blue-20-400-dropper","boston-round-standard-30ml","1","plated-no-capoff-by-design","Recover approval / review","Find matching plate-specific approval evidence first. If none exists, review the current image without rebuilding it.","a19ab57869f6462802540cc0f080dc2fcf46e80195c94fc89dcef0555a78ea2d","","","{""state"":""plated-no-capoff-by-design"",""familyId"":""boston-round-30ml-cobalt-blue-20-400"",""sha256"":""a19ab57869f6462802540cc0f080dc2fcf46e80195c94fc89dcef0555a78ea2d"",""revision"":2,""imageUrl"":""https://yzy7l20k4yt6znzz.public.blob.vercel-storage.com/plates/boston-round-30ml-cobalt-blue-20-400/GBBstnBlu1ozBlkDropper/a19ab57869f6462802540cc0f080dc2fcf46e80195c94fc89dcef0555a78ea2d.front-on-1000x1100.webp"",""sourcePath"":""1.  20-400 (1 oz & 2 oz) the 15ml 18-400 Boston Round/1. Boston Round  Dropper Bottles/4. (1ounce:30ml) Boston Round  (Capped)/2. Cobalt Blue Bottle (1oz) (capped)/Cobalt Blue - Alternating Caps (capped)/16. GBBstnBlu1ozBlkDropper.psd"",""capOff"":false,""bodyWidth"":328,""expectedWidth"":331,""sizeDeviation"":-0.009,""legacySource"":false,""approval"":null,""localCandidate"":{""sku"":""GBBstnBlu1ozBlkDropper"",""familyId"":""boston-round-30ml-cobalt-blue-20-400"",""state"":""pending"",""sha256"":""a19ab57869f6462802540cc0f080dc2fcf46e80195c94fc89dcef0555a78ea2d"",""beforeSha256"":""a19ab57869f6462802540cc0f080dc2fcf46e80195c94fc89dcef0555a78ea2d"",""comparisonPath"":""/Users/jordanrichter/.codex/visualizations/2026/09/12/01a097d5-52fb-77b2-9230-f5a9a5ee8e40/plate-grouping-review/index.html"",""note"":""Paused render proposal, not approved. Physical-group reconciliation required.""},""masterSourceRecorded"":true,""checksPassed"":true,""complete"":false}","candidate","Review saved kit","Use the existing candidate. Check photographed parts and alignment; a plate correction requires a new registration check.","","169380dab6180874b89c8787b3946d314fe9232f5621d01dd24c104f80e6e6a2","catalog-kit-candidates-2026-09-08-r7","{""state"":""candidate"",""reason"":""Source-qualified paired PSD mapping passed alpha and exact plate-parity gates; visual approval required."",""candidate"":{""state"":""pending"",""sha256"":""169380dab6180874b89c8787b3946d314fe9232f5621d01dd24c104f80e6e6a2"",""plateSha256"":""a19ab57869f6462802540cc0f080dc2fcf46e80195c94fc89dcef0555a78ea2d"",""collection"":""catalog-kit-candidates-2026-09-08-r7"",""bytesVerified"":true}}","none","Check component coverage","A group Sunburst exists. Search saved exact-configuration images and verify the selected component; do not assume a new generation is required.","","","","{""state"":""none""}"
"2026-09-13T00:46:11.822Z","GBBstnBlu1ozBlkDropperShnGlTrim","GB-BSR-CBL-30ML-BLK-T-02","Boston Round","30","Cobalt Blue","Dropper · Black cap","Boston round design 30ml, 1oz Cobalt blue glass bottle and black dropper with a shiny gold trim cap. For use with perfume oils, diffuser oils, serums, primers, facial oils or face oils, moisturizers, and beard oils. Price each","kh73sfz15bankpnj62myjyh54n8dppwh","boston-round-30ml-cobalt-blue-20-400-dropper","boston-round-standard-30ml","1","plated-no-capoff-by-design","Recover approval / review","Find matching plate-specific approval evidence first. If none exists, review the current image without rebuilding it.","9a9e152e8d1527ba2749a6776d9e595d256488637fb1516de7b16683edf4c4ea","","","{""state"":""plated-no-capoff-by-design"",""familyId"":""boston-round-30ml-cobalt-blue-20-400"",""sha256"":""9a9e152e8d1527ba2749a6776d9e595d256488637fb1516de7b16683edf4c4ea"",""revision"":2,""imageUrl"":""https://yzy7l20k4yt6znzz.public.blob.vercel-storage.com/plates/boston-round-30ml-cobalt-blue-20-400/GBBstnBlu1ozBlkDropperShnGlTrim/9a9e152e8d1527ba2749a6776d9e595d256488637fb1516de7b16683edf4c4ea.front-on-1000x1100.webp"",""sourcePath"":""1.  20-400 (1 oz & 2 oz) the 15ml 18-400 Boston Round/1. Boston Round  Dropper Bottles/4. (1ounce:30ml) Boston Round  (Capped)/2. Cobalt Blue Bottle (1oz) (capped)/Cobalt Blue - Alternating Caps (capped)/12. GBBstnBlu1ozBlkDropperShnGlTrim.psd"",""capOff"":false,""bodyWidth"":329,""expectedWidth"":331,""sizeDeviation"":-0.006,""legacySource"":false,""approval"":null,""localCandidate"":{""sku"":""GBBstnBlu1ozBlkDropperShnGlTrim"",""familyId"":""boston-round-30ml-cobalt-blue-20-400"",""state"":""pending"",""sha256"":""9a9e152e8d1527ba2749a6776d9e595d256488637fb1516de7b16683edf4c4ea"",""beforeSha256"":""9a9e152e8d1527ba2749a6776d9e595d256488637fb1516de7b16683edf4c4ea"",""comparisonPath"":""/Users/jordanrichter/.codex/visualizations/2026/09/12/01a097d5-52fb-77b2-9230-f5a9a5ee8e40/plate-grouping-review/index.html"",""note"":""Paused render proposal, not approved. Physical-group reconciliation required.""},""masterSourceRecorded"":true,""checksPassed"":true,""complete"":false}","candidate","Review saved kit","Use the existing candidate. Check photographed parts and alignment; a plate correction requires a new registration check.","","89ce3d4dceff1d6e61f3e4052e1cf76646c2c279c7356ccd66367dd91c1aab6c","catalog-kit-candidates-2026-09-08-r7","{""state"":""candidate"",""reason"":""Source-qualified paired PSD mapping passed alpha and exact plate-parity gates; visual approval required."",""candidate"":{""state"":""pending"",""sha256"":""89ce3d4dceff1d6e61f3e4052e1cf76646c2c279c7356ccd66367dd91c1aab6c"",""plateSha256"":""9a9e152e8d1527ba2749a6776d9e595d256488637fb1516de7b16683edf4c4ea"",""collection"":""catalog-kit-candidates-2026-09-08-r7"",""bytesVerified"":true}}","indexed","Reuse approved Sunburst","Check this configuration against the locked glass target. Resize only if needed; changed bytes need their own review.","036590a86c6e4929a61628aa6f3bb72fced37e2a3f5ec1722ab7a4ca9fedda77","036590a86c6e4929a61628aa6f3bb72fced37e2a3f5ec1722ab7a4ca9fedda77","r7-resettle-approved-2026-09-11","{""state"":""indexed"",""generation"":""sunburst-approved"",""url"":""/images/catalog/bone-review/GBBstnBlu1ozBlkDropperShnGlTrim.036590a86c6e.png"",""sha256"":""036590a86c6e4929a61628aa6f3bb72fced37e2a3f5ec1722ab7a4ca9fedda77"",""manifestSha256"":""036590a86c6e4929a61628aa6f3bb72fced37e2a3f5ec1722ab7a4ca9fedda77"",""lock"":""release-3"",""groupSlug"":""boston-round-30ml-cobalt-blue-20-400-dropper"",""review"":{""status"":""approved"",""sha256"":""036590a86c6e4929a61628aa6f3bb72fced37e2a3f5ec1722ab7a4ca9fedda77"",""collection"":""r7-resettle-approved-2026-09-11"",""updatedAt"":""2026-09-12T02:20:10.887Z""},""candidate"":{""state"":""approved"",""sha256"":""036590a86c6e4929a61628aa6f3bb72fced37e2a3f5ec1722ab7a4ca9fedda77"",""collection"":""r7-resettle-approved-2026-09-11"",""bytesVerified"":true}}"
"2026-09-13T00:46:11.822Z","GBBstnBlu1ozMtlRollonGl","GB-BSR-BLU-30ML-MRO-GLD","Boston Round","30","Cobalt Blue","Metal Roller Ball · Gold cap","Boston round design 30ml, 1oz Cobalt blue glass bottle with metal roller plug and shiny gold cap. For use with perfume or fragrance oil, essential oils, aromatic oils and aromatherapy. Refillable bottle with large, 12mm diameter metal-roller ball. Price e","kh77jqvwd4zc959n8zp80502658dq64d","boston-round-30ml-cobalt-blue-20-400-rollon","boston-round-standard-30ml","1","plated","Resolve plate hold","Reconcile the recorded source or integrity finding against exact catalog evidence and the master PSD. Preserve this file.","b07a4f5def35b97f28e5a5ba6ae3ede6207e742abfc510635cb04cb90b296466","","","{""state"":""plated"",""familyId"":""boston-round-30ml-cobalt-blue-20-400"",""sha256"":""b07a4f5def35b97f28e5a5ba6ae3ede6207e742abfc510635cb04cb90b296466"",""revision"":2,""imageUrl"":""https://yzy7l20k4yt6znzz.public.blob.vercel-storage.com/plates/boston-round-30ml-cobalt-blue-20-400/GBBstnBlu1ozMtlRollonGl/b07a4f5def35b97f28e5a5ba6ae3ede6207e742abfc510635cb04cb90b296466.front-on-1000x1100.webp"",""sourcePath"":""1.  20-400 (1 oz & 2 oz) the 15ml 18-400 Boston Round/1. Boston Round  Dropper Bottles/4. (1ounce:30ml) Boston Round  (Capped)/2. Cobalt Blue Bottle (1oz) (capped)/Cobalt Blue - Alternating Caps (capped)/4. GBBstnBlu1ozMtlRollonGl.psd"",""capOff"":true,""bodyWidth"":342,""expectedWidth"":342,""sizeDeviation"":0,""legacySource"":false,""approval"":null,""sourceHold"":{""sku"":""GBBstnBlu1ozMtlRollonGl"",""familyId"":""boston-round-30ml-cobalt-blue-20-400"",""reasons"":[""front source basename 'GBBstnBlu1ozRollonGl' does not match website SKU 'GBBstnBlu1ozMtlRollonGl'""]},""masterSourceRecorded"":true,""checksPassed"":false,""complete"":false}","held","Resolve kit hold","Search paired master files and embedded layers for a real component. An old extraction failure does not prove photography is missing.","","b07a4f5def35b97f28e5a5ba6ae3ede6207e742abfc510635cb04cb90b296466","catalog-kit-needs-review-2026-09-08-r5","{""state"":""held"",""reason"":""roller is not independently recoverable"",""candidate"":{""state"":""pending"",""sha256"":""b07a4f5def35b97f28e5a5ba6ae3ede6207e742abfc510635cb04cb90b296466"",""plateSha256"":""b07a4f5def35b97f28e5a5ba6ae3ede6207e742abfc510635cb04cb90b296466"",""collection"":""catalog-kit-needs-review-2026-09-08-r5"",""bytesVerified"":true}}","none","Check component coverage","A group Sunburst exists. Search saved exact-configuration images and verify the selected component; do not assume a new generation is required.","","","","{""state"":""none""}"
"2026-09-13T00:46:11.822Z","GBBstnBlu1ozMtlRollonMattBlk","GB-BSR-BLU-30ML-MRO-MBLK","Boston Round","30","Cobalt Blue","Metal Roller Ball · Matte Black cap","Boston round design 30ml, 1oz Cobalt blue glass bottle with metal roller plug and matte black cap. For use with perfume or fragrance oil, essential oils, aromatic oils and aromatherapy. Refillable bottle with large, 12mm diameter metal-roller ball. Price","kh77jqvwd4zc959n8zp80502658dq64d","boston-round-30ml-cobalt-blue-20-400-rollon","boston-round-standard-30ml","1","plated","Recover approval / review","Find matching plate-specific approval evidence first. If none exists, review the current image without rebuilding it.","4d7b2f05ae2ce258f757e2572f02f1cc9535cbcf3971f1f4197c2e55082fa31e","","","{""state"":""plated"",""familyId"":""boston-round-30ml-cobalt-blue-20-400"",""sha256"":""4d7b2f05ae2ce258f757e2572f02f1cc9535cbcf3971f1f4197c2e55082fa31e"",""revision"":2,""imageUrl"":""https://yzy7l20k4yt6znzz.public.blob.vercel-storage.com/plates/boston-round-30ml-cobalt-blue-20-400/GBBstnBlu1ozMtlRollonMattBlk/4d7b2f05ae2ce258f757e2572f02f1cc9535cbcf3971f1f4197c2e55082fa31e.front-on-1000x1100.webp"",""sourcePath"":""1.  20-400 (1 oz & 2 oz) the 15ml 18-400 Boston Round/1. Boston Round  Dropper Bottles/4. (1ounce:30ml) Boston Round  (Capped)/2. Cobalt Blue Bottle (1oz) (capped)/Cobalt Blue - Alternating Caps (capped)/3. GBBstnBlu1ozMtlRollonMattBlk.psd"",""capOff"":true,""bodyWidth"":342,""expectedWidth"":342,""sizeDeviation"":0,""legacySource"":false,""approval"":null,""localCandidate"":{""sku"":""GBBstnBlu1ozMtlRollonMattBlk"",""familyId"":""boston-round-30ml-cobalt-blue-20-400"",""state"":""pending"",""sha256"":""7b1a9a53885e3abfa16af9f43edecf7a1615bac3134bda3636315b9b54c0fc51"",""beforeSha256"":""4d7b2f05ae2ce258f757e2572f02f1cc9535cbcf3971f1f4197c2e55082fa31e"",""comparisonPath"":""/Users/jordanrichter/.codex/visualizations/2026/09/12/01a097d5-52fb-77b2-9230-f5a9a5ee8e40/plate-grouping-review/index.html"",""note"":""Paused render proposal, not approved. Physical-group reconciliation required.""},""masterSourceRecorded"":true,""checksPassed"":true,""complete"":false}","held","Resolve kit hold","Recheck the recorded source or component-layer mapping. Keep unresolved identity explicit.","","","","{""state"":""held"",""reason"":""Source recovery or identity reconciliation required: source_preflight:front source basename 'GBBstnBlu1ozMtlRollonMattBlk copy' does not match website SKU 'GBBstnBlu1ozMtlRollonMattBlk'""}","none","Check component coverage","A group Sunburst exists. Search saved exact-configuration images and verify the selected component; do not assume a new generation is required.","","","","{""state"":""none""}"
"2026-09-13T00:46:11.822Z","GBBstnBlu1ozMtlRollonMattGl","GB-BSR-BLU-30ML-MRO-MGLD","Boston Round","30","Cobalt Blue","Metal Roller Ball · Matte Gold cap","Boston round design 30ml, 1oz Cobalt blue glass bottle with metal roller plug and matte gold cap. For use with perfume or fragrance oil, essential oils, aromatic oils and aromatherapy. Refillable bottle with large, 12mm diameter metal-roller ball. Price e","kh77jqvwd4zc959n8zp80502658dq64d","boston-round-30ml-cobalt-blue-20-400-rollon","boston-round-standard-30ml","1","plated","Recover approval / review","Find matching plate-specific approval evidence first. If none exists, review the current image without rebuilding it.","4799515eec5ada9ed18e8de3eb70808247e5b9272c07e763a1af1e5253c1c5ef","","","{""state"":""plated"",""familyId"":""boston-round-30ml-cobalt-blue-20-400"",""sha256"":""4799515eec5ada9ed18e8de3eb70808247e5b9272c07e763a1af1e5253c1c5ef"",""revision"":2,""imageUrl"":""https://yzy7l20k4yt6znzz.public.blob.vercel-storage.com/plates/boston-round-30ml-cobalt-blue-20-400/GBBstnBlu1ozMtlRollonMattGl/4799515eec5ada9ed18e8de3eb70808247e5b9272c07e763a1af1e5253c1c5ef.front-on-1000x1100.webp"",""sourcePath"":""1.  20-400 (1 oz & 2 oz) the 15ml 18-400 Boston Round/1. Boston Round  Dropper Bottles/4. (1ounce:30ml) Boston Round  (Capped)/2. Cobalt Blue Bottle (1oz) (capped)/Cobalt Blue - Alternating Caps (capped)/5. GBBstnBlu1ozMtlRollonMattGl.psd"",""capOff"":true,""bodyWidth"":343,""expectedWidth"":342,""sizeDeviation"":0.003,""legacySource"":false,""approval"":null,""localCandidate"":{""sku"":""GBBstnBlu1ozMtlRollonMattGl"",""familyId"":""boston-round-30ml-cobalt-blue-20-400"",""state"":""pending"",""sha256"":""bb19c52276453a62c2e1c880064f0e8c88f861a376158aa4f51564eaff402549"",""beforeSha256"":""4799515eec5ada9ed18e8de3eb70808247e5b9272c07e763a1af1e5253c1c5ef"",""comparisonPath"":""/Users/jordanrichter/.codex/visualizations/2026/09/12/01a097d5-52fb-77b2-9230-f5a9a5ee8e40/plate-grouping-review/index.html"",""note"":""Paused render proposal, not approved. Physical-group reconciliation required.""},""masterSourceRecorded"":true,""checksPassed"":true,""complete"":false}","held","Resolve kit hold","Recheck the recorded source or component-layer mapping. Keep unresolved identity explicit.","","","","{""state"":""held"",""reason"":""Source recovery or identity reconciliation required: source_preflight:front source basename 'GBBstnBlu1ozRollonMattGl' does not match website SKU 'GBBstnBlu1ozMtlRollonMattGl'""}","none","Check component coverage","A group Sunburst exists. Search saved exact-configuration images and verify the selected component; do not assume a new generation is required.","","","","{""state"":""none""}"
"2026-09-13T00:46:11.822Z","GBBstnBlu1ozMtlRollonMattSl","GB-BSR-BLU-30ML-MRO-MSLV","Boston Round","30","Cobalt Blue","Metal Roller Ball · Matte Silver cap","Boston round design 30ml, 1oz Cobalt blue glass bottle with metal roller plug and matte silver cap. For use with perfume, fragrance oil, essential oils, body oils, thin lotions and ointments. Refillable bottle with large, 12mm diameter metal-roller ball.","kh77jqvwd4zc959n8zp80502658dq64d","boston-round-30ml-cobalt-blue-20-400-rollon","boston-round-standard-30ml","1","plated","Resolve plate hold","Reconcile the recorded source or integrity finding against exact catalog evidence and the master PSD. Preserve this file.","388327c194991b041ae962332f1c03c5d02a7e843cb996eaf708dbbb904ecfcc","","","{""state"":""plated"",""familyId"":""boston-round-30ml-cobalt-blue-20-400"",""sha256"":""388327c194991b041ae962332f1c03c5d02a7e843cb996eaf708dbbb904ecfcc"",""revision"":2,""imageUrl"":""https://yzy7l20k4yt6znzz.public.blob.vercel-storage.com/plates/boston-round-30ml-cobalt-blue-20-400/GBBstnBlu1ozMtlRollonMattSl/388327c194991b041ae962332f1c03c5d02a7e843cb996eaf708dbbb904ecfcc.front-on-1000x1100.webp"",""sourcePath"":""1.  20-400 (1 oz & 2 oz) the 15ml 18-400 Boston Round/1. Boston Round  Dropper Bottles/4. (1ounce:30ml) Boston Round  (Capped)/2. Cobalt Blue Bottle (1oz) (capped)/Cobalt Blue - Alternating Caps (capped)/1. GBBstnBlu1ozMtlRollonMattSl copy.psd"",""capOff"":true,""bodyWidth"":342,""expectedWidth"":342,""sizeDeviation"":0,""legacySource"":false,""approval"":null,""sourceHold"":{""sku"":""GBBstnBlu1ozMtlRollonMattSl"",""familyId"":""boston-round-30ml-cobalt-blue-20-400"",""reasons"":[""front source basename 'GBBstnBlu1ozMtlRollonMattSl copy' does not match website SKU 'GBBstnBlu1ozMtlRollonMattSl'""]},""masterSourceRecorded"":true,""checksPassed"":false,""complete"":false}","held","Resolve kit hold","Recheck the recorded source or component-layer mapping. Keep unresolved identity explicit.","","","","{""state"":""held"",""reason"":""Source recovery or identity reconciliation required: source_preflight:front source basename 'GBBstnBlu1ozMtlRollonMattSl copy' does not match website SKU 'GBBstnBlu1ozMtlRollonMattSl'""}","indexed","Reuse approved Sunburst","Check this configuration against the locked glass target. Resize only if needed; changed bytes need their own review.","679b1224b48f482565bdf69b6d09fe3205e9e5f735fa311d130a6adf5b02886d","679b1224b48f482565bdf69b6d09fe3205e9e5f735fa311d130a6adf5b02886d","r5-boston-round-2026-09-10","{""state"":""indexed"",""generation"":""sunburst-approved"",""url"":""/images/catalog/bone-review/GBBstnBlu1ozMtlRollonMattSl.679b1224b48f.png"",""sha256"":""679b1224b48f482565bdf69b6d09fe3205e9e5f735fa311d130a6adf5b02886d"",""manifestSha256"":""679b1224b48f482565bdf69b6d09fe3205e9e5f735fa311d130a6adf5b02886d"",""lock"":""release-2"",""groupSlug"":""boston-round-30ml-cobalt-blue-20-400-rollon"",""review"":{""status"":""approved"",""sha256"":""679b1224b48f482565bdf69b6d09fe3205e9e5f735fa311d130a6adf5b02886d"",""collection"":""r5-boston-round-2026-09-10"",""updatedAt"":""2026-09-11T06:34:43.806Z""},""candidate"":{""state"":""approved"",""sha256"":""679b1224b48f482565bdf69b6d09fe3205e9e5f735fa311d130a6adf5b02886d"",""collection"":""r5-boston-round-2026-09-10"",""bytesVerified"":true}}"
"2026-09-13T00:46:11.822Z","GBBstnBlu1ozMtlRollonShnSl","GB-BSR-BLU-30ML-MRO-SSLV","Boston Round","30","Cobalt Blue","Metal Roller Ball · Shiny Silver cap","Boston round design 30ml, 1oz Cobalt blue glass bottle with metal roller plug and shiny silver cap. For use with perfume or fragrance oil, essential oils, aromatic oils and aromatherapy. Refillable bottle with large, 12mm diameter metal-roller ball. Price","kh77jqvwd4zc959n8zp80502658dq64d","boston-round-30ml-cobalt-blue-20-400-rollon","boston-round-standard-30ml","1","plated","Resolve plate hold","Reconcile the recorded source or integrity finding against exact catalog evidence and the master PSD. Preserve this file.","7b7a7e080c86a52ba6d1ec7084b8da4bc7d94dcc924e70502cd84cb4237d48e8","","","{""state"":""plated"",""familyId"":""boston-round-30ml-cobalt-blue-20-400"",""sha256"":""7b7a7e080c86a52ba6d1ec7084b8da4bc7d94dcc924e70502cd84cb4237d48e8"",""revision"":2,""imageUrl"":""https://yzy7l20k4yt6znzz.public.blob.vercel-storage.com/plates/boston-round-30ml-cobalt-blue-20-400/GBBstnBlu1ozMtlRollonShnSl/7b7a7e080c86a52ba6d1ec7084b8da4bc7d94dcc924e70502cd84cb4237d48e8.front-on-1000x1100.webp"",""sourcePath"":""1.  20-400 (1 oz & 2 oz) the 15ml 18-400 Boston Round/1. Boston Round  Dropper Bottles/4. (1ounce:30ml) Boston Round  (Capped)/2. Cobalt Blue Bottle (1oz) (capped)/Cobalt Blue - Alternating Caps (capped)/2. GBBstnBlu1ozMtlRollonShnSl copy.psd"",""capOff"":true,""bodyWidth"":342,""expectedWidth"":342,""sizeDeviation"":0,""legacySource"":false,""approval"":null,""sourceHold"":{""sku"":""GBBstnBlu1ozMtlRollonShnSl"",""familyId"":""boston-round-30ml-cobalt-blue-20-400"",""reasons"":[""front source basename 'GBBstnBlu1ozRollonShnSl' does not match website SKU 'GBBstnBlu1ozMtlRollonShnSl'""]},""masterSourceRecorded"":true,""checksPassed"":false,""complete"":false}","held","Resolve kit hold","Recheck the recorded source or component-layer mapping. Keep unresolved identity explicit.","","","","{""state"":""held"",""reason"":""Source recovery or identity reconciliation required: source_preflight:front source basename 'GBBstnBlu1ozMtlRollonShnSl copy' does not match website SKU 'GBBstnBlu1ozMtlRollonShnSl'""}","none","Check component coverage","A group Sunburst exists. Search saved exact-configuration images and verify the selected component; do not assume a new generation is required.","","","","{""state"":""none""}"
"2026-09-13T00:46:11.822Z","GBBstnBlu1ozRollonGl","GB-BSR-BLU-30ML-RON-GLD","Boston Round","30","Cobalt Blue","Plastic Roller Ball · Gold cap","Boston round design 30ml, 1oz Cobalt blue glass bottle with plastic roller ball plug and shiny gold cap. For use with perfume or fragrance oil, essential oils, aromatic oils and aromatherapy. Refillable bottle with large, 12mm diameter roller ball. Price","kh77jqvwd4zc959n8zp80502658dq64d","boston-round-30ml-cobalt-blue-20-400-rollon","boston-round-standard-30ml","1","plated","Recover approval / review","Find matching plate-specific approval evidence first. If none exists, review the current image without rebuilding it.","b07a4f5def35b97f28e5a5ba6ae3ede6207e742abfc510635cb04cb90b296466","","","{""state"":""plated"",""familyId"":""boston-round-30ml-cobalt-blue-20-400"",""sha256"":""b07a4f5def35b97f28e5a5ba6ae3ede6207e742abfc510635cb04cb90b296466"",""revision"":2,""imageUrl"":""https://yzy7l20k4yt6znzz.public.blob.vercel-storage.com/plates/boston-round-30ml-cobalt-blue-20-400/GBBstnBlu1ozRollonGl/b07a4f5def35b97f28e5a5ba6ae3ede6207e742abfc510635cb04cb90b296466.front-on-1000x1100.webp"",""sourcePath"":""1.  20-400 (1 oz & 2 oz) the 15ml 18-400 Boston Round/1. Boston Round  Dropper Bottles/4. (1ounce:30ml) Boston Round  (Capped)/2. Cobalt Blue Bottle (1oz) (capped)/Cobalt Blue - Alternating Caps (capped)/9. GBBstnBlu1ozRollonGl.psd"",""capOff"":true,""bodyWidth"":342,""expectedWidth"":342,""sizeDeviation"":0,""legacySource"":false,""approval"":null,""localCandidate"":{""sku"":""GBBstnBlu1ozRollonGl"",""familyId"":""boston-round-30ml-cobalt-blue-20-400"",""state"":""pending"",""sha256"":""41bcb6241949b694c54ac80bfdd5ad63794ecb31e14ff7bdcab5399d2bdf06b3"",""beforeSha256"":""b07a4f5def35b97f28e5a5ba6ae3ede6207e742abfc510635cb04cb90b296466"",""comparisonPath"":""/Users/jordanrichter/.codex/visualizations/2026/09/12/01a097d5-52fb-77b2-9230-f5a9a5ee8e40/plate-grouping-review/index.html"",""note"":""Paused render proposal, not approved. Physical-group reconciliation required.""},""masterSourceRecorded"":true,""checksPassed"":true,""complete"":false}","held","Resolve kit hold","Recheck the recorded source or component-layer mapping. Keep unresolved identity explicit.","","","","{""state"":""held"",""reason"":""Source recovery or identity reconciliation required: source_preflight:front source basename 'GBBstnBlu1ozMtlRollonGl' does not match website SKU 'GBBstnBlu1ozRollonGl'""}","none","Check component coverage","A group Sunburst exists. Search saved exact-configuration images and verify the selected component; do not assume a new generation is required.","","","","{""state"":""none""}"
"2026-09-13T00:46:11.822Z","GBBstnBlu1ozRollonMattBlk","GB-BSR-BLU-30ML-RON-MBLK","Boston Round","30","Cobalt Blue","Plastic Roller Ball · Matte Black cap","Boston round design 30ml, 1oz Cobalt blue glass bottle with plastic roller ball plug and matte black cap. For use with perfume or fragrance oil, essential oils, aromatic oils and aromatherapy. Refillable bottle with large, 12mm diameter roller ball. Price","kh77jqvwd4zc959n8zp80502658dq64d","boston-round-30ml-cobalt-blue-20-400-rollon","boston-round-standard-30ml","1","plated","Resolve plate hold","Reconcile the recorded source or integrity finding against exact catalog evidence and the master PSD. Preserve this file.","4d7b2f05ae2ce258f757e2572f02f1cc9535cbcf3971f1f4197c2e55082fa31e","","","{""state"":""plated"",""familyId"":""boston-round-30ml-cobalt-blue-20-400"",""sha256"":""4d7b2f05ae2ce258f757e2572f02f1cc9535cbcf3971f1f4197c2e55082fa31e"",""revision"":2,""imageUrl"":""https://yzy7l20k4yt6znzz.public.blob.vercel-storage.com/plates/boston-round-30ml-cobalt-blue-20-400/GBBstnBlu1ozRollonMattBlk/4d7b2f05ae2ce258f757e2572f02f1cc9535cbcf3971f1f4197c2e55082fa31e.front-on-1000x1100.webp"",""sourcePath"":""1.  20-400 (1 oz & 2 oz) the 15ml 18-400 Boston Round/1. Boston Round  Dropper Bottles/4. (1ounce:30ml) Boston Round  (Capped)/2. Cobalt Blue Bottle (1oz) (capped)/Cobalt Blue - Alternating Caps (capped)/8. GBBstnBlu1ozRollonMattBlk.psd"",""capOff"":true,""bodyWidth"":342,""expectedWidth"":342,""sizeDeviation"":0,""legacySource"":false,""approval"":null,""sourceHold"":{""sku"":""GBBstnBlu1ozRollonMattBlk"",""familyId"":""boston-round-30ml-cobalt-blue-20-400"",""reasons"":[""front source basename 'GBBstnBlu1ozMtlRollonMattBlk' does not match website SKU 'GBBstnBlu1ozRollonMattBlk'""]},""masterSourceRecorded"":true,""checksPassed"":false,""complete"":false}","held","Resolve kit hold","Recheck the recorded source or component-layer mapping. Keep unresolved identity explicit.","","","","{""state"":""held"",""reason"":""Source recovery or identity reconciliation required: source_preflight:front source basename 'GBBstnBlu1ozMtlRollonMattBlk copy' does not match website SKU 'GBBstnBlu1ozRollonMattBlk'""}","approved-not-indexed","Recover approved hero","Preserve the saved approval. Resolve exact group identity and check the locked glass target before indexing.","538c7caa02ec82a0e8b331664979d10178da2bed6e1f5f1993ab38fdffc3d75f","538c7caa02ec82a0e8b331664979d10178da2bed6e1f5f1993ab38fdffc3d75f","r7-resettle-approved-2026-09-11","{""state"":""approved-not-indexed"",""sha256"":""538c7caa02ec82a0e8b331664979d10178da2bed6e1f5f1993ab38fdffc3d75f"",""lock"":""release-3"",""why"":""no registry row for this product yet"",""review"":{""status"":""approved"",""sha256"":""538c7caa02ec82a0e8b331664979d10178da2bed6e1f5f1993ab38fdffc3d75f"",""collection"":""r7-resettle-approved-2026-09-11"",""updatedAt"":""2026-09-12T02:20:11.512Z""},""candidate"":{""state"":""approved"",""sha256"":""538c7caa02ec82a0e8b331664979d10178da2bed6e1f5f1993ab38fdffc3d75f"",""collection"":""r7-resettle-approved-2026-09-11"",""bytesVerified"":true}}"
"2026-09-13T00:46:11.822Z","GBBstnBlu1ozRollonMattGl","GB-BSR-BLU-30ML-RON-MGLD","Boston Round","30","Cobalt Blue","Plastic Roller Ball · Matte Gold cap","Boston round design 30ml, 1oz Cobalt blue glass bottle with plastic roller ball plug and matte gold cap. For use with perfume or fragrance oil, essential oils, aromatic oils and aromatherapy. Refillable bottle with large, 12mm diameter roller ball. Price","kh77jqvwd4zc959n8zp80502658dq64d","boston-round-30ml-cobalt-blue-20-400-rollon","boston-round-standard-30ml","1","plated","Resolve plate hold","Reconcile the recorded source or integrity finding against exact catalog evidence and the master PSD. Preserve this file.","4799515eec5ada9ed18e8de3eb70808247e5b9272c07e763a1af1e5253c1c5ef","","","{""state"":""plated"",""familyId"":""boston-round-30ml-cobalt-blue-20-400"",""sha256"":""4799515eec5ada9ed18e8de3eb70808247e5b9272c07e763a1af1e5253c1c5ef"",""revision"":2,""imageUrl"":""https://yzy7l20k4yt6znzz.public.blob.vercel-storage.com/plates/boston-round-30ml-cobalt-blue-20-400/GBBstnBlu1ozRollonMattGl/4799515eec5ada9ed18e8de3eb70808247e5b9272c07e763a1af1e5253c1c5ef.front-on-1000x1100.webp"",""sourcePath"":""1.  20-400 (1 oz & 2 oz) the 15ml 18-400 Boston Round/1. Boston Round  Dropper Bottles/4. (1ounce:30ml) Boston Round  (Capped)/2. Cobalt Blue Bottle (1oz) (capped)/Cobalt Blue - Alternating Caps (capped)/10. GBBstnBlu1ozRollonMattGl.psd"",""capOff"":true,""bodyWidth"":343,""expectedWidth"":342,""sizeDeviation"":0.003,""legacySource"":false,""approval"":null,""sourceHold"":{""sku"":""GBBstnBlu1ozRollonMattGl"",""familyId"":""boston-round-30ml-cobalt-blue-20-400"",""reasons"":[""front source basename 'GBBstnBlu1ozMtlRollonMattGl' does not match website SKU 'GBBstnBlu1ozRollonMattGl'""]},""masterSourceRecorded"":true,""checksPassed"":false,""complete"":false}","held","Resolve kit hold","Search paired master files and embedded layers for a real component. An old extraction failure does not prove photography is missing.","","4799515eec5ada9ed18e8de3eb70808247e5b9272c07e763a1af1e5253c1c5ef","catalog-kit-needs-review-2026-09-08-r5","{""state"":""held"",""reason"":""roller is not independently recoverable"",""candidate"":{""state"":""pending"",""sha256"":""4799515eec5ada9ed18e8de3eb70808247e5b9272c07e763a1af1e5253c1c5ef"",""plateSha256"":""4799515eec5ada9ed18e8de3eb70808247e5b9272c07e763a1af1e5253c1c5ef"",""collection"":""catalog-kit-needs-review-2026-09-08-r5"",""bytesVerified"":true}}","none","Check component coverage","A group Sunburst exists. Search saved exact-configuration images and verify the selected component; do not assume a new generation is required.","","","","{""state"":""none""}"
"2026-09-13T00:46:11.822Z","GBBstnBlu1ozRollonMattSl","GB-BSR-CBL-30ML-RBL-MSLV","Boston Round","30","Cobalt Blue","Plastic Roller Ball · Matte Silver cap","Boston round design 30ml, 1oz Cobalt blue glass bottle with plastic roller ball plug and matte silver cap. For use with perfume or fragrance oil, essential oils, aromatic oils and aromatherapy. Refillable bottle with large, 12mm diameter roller ball. Pric","kh77jqvwd4zc959n8zp80502658dq64d","boston-round-30ml-cobalt-blue-20-400-rollon","boston-round-standard-30ml","1","plated","Resolve plate hold","Reconcile the recorded source or integrity finding against exact catalog evidence and the master PSD. Preserve this file.","388327c194991b041ae962332f1c03c5d02a7e843cb996eaf708dbbb904ecfcc","","","{""state"":""plated"",""familyId"":""boston-round-30ml-cobalt-blue-20-400"",""sha256"":""388327c194991b041ae962332f1c03c5d02a7e843cb996eaf708dbbb904ecfcc"",""revision"":2,""imageUrl"":""https://yzy7l20k4yt6znzz.public.blob.vercel-storage.com/plates/boston-round-30ml-cobalt-blue-20-400/GBBstnBlu1ozRollonMattSl/388327c194991b041ae962332f1c03c5d02a7e843cb996eaf708dbbb904ecfcc.front-on-1000x1100.webp"",""sourcePath"":""1.  20-400 (1 oz & 2 oz) the 15ml 18-400 Boston Round/1. Boston Round  Dropper Bottles/4. (1ounce:30ml) Boston Round  (Capped)/2. Cobalt Blue Bottle (1oz) (capped)/Cobalt Blue - Alternating Caps (capped)/6. GBBstnBlu1ozRollonMattSl.psd"",""capOff"":true,""bodyWidth"":342,""expectedWidth"":342,""sizeDeviation"":0,""legacySource"":false,""approval"":null,""sourceHold"":{""sku"":""GBBstnBlu1ozRollonMattSl"",""familyId"":""boston-round-30ml-cobalt-blue-20-400"",""reasons"":[""front source basename 'GBBstnBlu1ozMtlRollonMattSl copy' does not match website SKU 'GBBstnBlu1ozRollonMattSl'""]},""masterSourceRecorded"":true,""checksPassed"":false,""complete"":false}","held","Resolve kit hold","Recheck the recorded source or component-layer mapping. Keep unresolved identity explicit.","","","","{""state"":""held"",""reason"":""Source recovery or identity reconciliation required: source_preflight:front source basename 'GBBstnBlu1ozMtlRollonMattSl copy' does not match website SKU 'GBBstnBlu1ozRollonMattSl'""}","none","Check component coverage","A group Sunburst exists. Search saved exact-configuration images and verify the selected component; do not assume a new generation is required.","","","","{""state"":""none""}"
"2026-09-13T00:46:11.822Z","GBBstnBlu1ozRollonShnBlk","GB-BSR-CBL-30ML-RBL-SBLK","Boston Round","30","Cobalt Blue","Plastic Roller Ball · Shiny Black cap","Cylinder design 30ml,1 oz Blue glass bottle with plastic roller ball plug and shiny black cap. For use with perfume or fragrance oil, essential oils, aromatic oils and aromatherapy. Price each","kh77jqvwd4zc959n8zp80502658dq64d","boston-round-30ml-cobalt-blue-20-400-rollon","boston-round-standard-30ml","1","plated","Recover approval / review","Find matching plate-specific approval evidence first. If none exists, review the current image without rebuilding it.","2ec2df24211a89f4d516f16784c1c6f7dae3ebd74883576106d2c437392332ba","","","{""state"":""plated"",""familyId"":""boston-round-30ml-cobalt-blue-20-400"",""sha256"":""2ec2df24211a89f4d516f16784c1c6f7dae3ebd74883576106d2c437392332ba"",""revision"":2,""imageUrl"":""https://yzy7l20k4yt6znzz.public.blob.vercel-storage.com/plates/boston-round-30ml-cobalt-blue-20-400/GBBstnBlu1ozRollonShnBlk/2ec2df24211a89f4d516f16784c1c6f7dae3ebd74883576106d2c437392332ba.front-on-1000x1100.webp"",""sourcePath"":""1.  20-400 (1 oz & 2 oz) the 15ml 18-400 Boston Round/1. Boston Round  Dropper Bottles/4. (1ounce:30ml) Boston Round  (Capped)/2. Cobalt Blue Bottle (1oz) (capped)/Cobalt Blue - Alternating Caps (capped)/19. GBBstnBlu1ozRollonShnBlk.psd"",""capOff"":true,""bodyWidth"":342,""expectedWidth"":342,""sizeDeviation"":0,""legacySource"":false,""approval"":null,""localCandidate"":{""sku"":""GBBstnBlu1ozRollonShnBlk"",""familyId"":""boston-round-30ml-cobalt-blue-20-400"",""state"":""pending"",""sha256"":""4902cf56a44435f5ce497e43158742b455a55cc3c9b9e1e66cc86be57c41ebb1"",""beforeSha256"":""2ec2df24211a89f4d516f16784c1c6f7dae3ebd74883576106d2c437392332ba"",""comparisonPath"":""/Users/jordanrichter/.codex/visualizations/2026/09/12/01a097d5-52fb-77b2-9230-f5a9a5ee8e40/plate-grouping-review/index.html"",""note"":""Paused render proposal, not approved. Physical-group reconciliation required.""},""masterSourceRecorded"":true,""checksPassed"":true,""complete"":false}","held","Resolve kit hold","Recheck the recorded source or component-layer mapping. Keep unresolved identity explicit.","","","","{""state"":""held"",""reason"":""Source recovery or identity reconciliation required: source_preflight:front source basename 'GBBstnBlu1ozRollonShnBlk copy' does not match website SKU 'GBBstnBlu1ozRollonShnBlk'""}","none","Check component coverage","A group Sunburst exists. Search saved exact-configuration images and verify the selected component; do not assume a new generation is required.","","","","{""state"":""none""}"
"2026-09-13T00:46:11.822Z","GBBstnBlu1ozRollonShnSl","GB-BSR-BLU-30ML-RON-SSLV","Boston Round","30","Cobalt Blue","Plastic Roller Ball · Shiny Silver cap","Boston round design 30ml, 1oz Cobalt blue glass bottle with plastic roller ball plug and shiny silver cap. For use with perfume or fragrance oil, essential oils, aromatic oils and aromatherapy. Refillable bottle with large, 12mm diameter roller ball. Pric","kh77jqvwd4zc959n8zp80502658dq64d","boston-round-30ml-cobalt-blue-20-400-rollon","boston-round-standard-30ml","1","plated","Recover approval / review","Find matching plate-specific approval evidence first. If none exists, review the current image without rebuilding it.","7b7a7e080c86a52ba6d1ec7084b8da4bc7d94dcc924e70502cd84cb4237d48e8","","","{""state"":""plated"",""familyId"":""boston-round-30ml-cobalt-blue-20-400"",""sha256"":""7b7a7e080c86a52ba6d1ec7084b8da4bc7d94dcc924e70502cd84cb4237d48e8"",""revision"":2,""imageUrl"":""https://yzy7l20k4yt6znzz.public.blob.vercel-storage.com/plates/boston-round-30ml-cobalt-blue-20-400/GBBstnBlu1ozRollonShnSl/7b7a7e080c86a52ba6d1ec7084b8da4bc7d94dcc924e70502cd84cb4237d48e8.front-on-1000x1100.webp"",""sourcePath"":""1.  20-400 (1 oz & 2 oz) the 15ml 18-400 Boston Round/1. Boston Round  Dropper Bottles/4. (1ounce:30ml) Boston Round  (Capped)/2. Cobalt Blue Bottle (1oz) (capped)/Cobalt Blue - Alternating Caps (capped)/7. GBBstnBlu1ozRollonShnSl.psd"",""capOff"":true,""bodyWidth"":342,""expectedWidth"":342,""sizeDeviation"":0,""legacySource"":false,""approval"":null,""localCandidate"":{""sku"":""GBBstnBlu1ozRollonShnSl"",""familyId"":""boston-round-30ml-cobalt-blue-20-400"",""state"":""pending"",""sha256"":""dffb608af662e5d4b52527903dfa1b2222ee884a486a085886f2b2142841745e"",""beforeSha256"":""7b7a7e080c86a52ba6d1ec7084b8da4bc7d94dcc924e70502cd84cb4237d48e8"",""comparisonPath"":""/Users/jordanrichter/.codex/visualizations/2026/09/12/01a097d5-52fb-77b2-9230-f5a9a5ee8e40/plate-grouping-review/index.html"",""note"":""Paused render proposal, not approved. Physical-group reconciliation required.""},""masterSourceRecorded"":true,""checksPassed"":true,""complete"":false}","held","Resolve kit hold","Recheck the recorded source or component-layer mapping. Keep unresolved identity explicit.","","","","{""state"":""held"",""reason"":""Source recovery or identity reconciliation required: source_preflight:front source basename 'GBBstnBlu1ozMtlRollonShnSl copy' does not match website SKU 'GBBstnBlu1ozRollonShnSl'""}","none","Check component coverage","A group Sunburst exists. Search saved exact-configuration images and verify the selected component; do not assume a new generation is required.","","","","{""state"":""none""}"
"2026-09-13T00:46:11.822Z","GBBstnBlu1ozWhtDropper","GB-BSR-CBL-30ML-WHT-T-01","Boston Round","30","Cobalt Blue","Dropper · White cap","Boston round design 30ml, 1oz Cobalt blue glass bottle with white dropper. For use with perfume oils, diffuser oils, serums, primers, facial oils or face oils, moisturizers, and beard oils. Price each","kh73sfz15bankpnj62myjyh54n8dppwh","boston-round-30ml-cobalt-blue-20-400-dropper","boston-round-standard-30ml","1","plated-no-capoff-by-design","Recover approval / review","Find matching plate-specific approval evidence first. If none exists, review the current image without rebuilding it.","0949b3812b026b85b1f5b92a984acc268ebfa7ac39c7b5b5748f3e6e8f243d1d","","","{""state"":""plated-no-capoff-by-design"",""familyId"":""boston-round-30ml-cobalt-blue-20-400"",""sha256"":""0949b3812b026b85b1f5b92a984acc268ebfa7ac39c7b5b5748f3e6e8f243d1d"",""revision"":2,""imageUrl"":""https://yzy7l20k4yt6znzz.public.blob.vercel-storage.com/plates/boston-round-30ml-cobalt-blue-20-400/GBBstnBlu1ozWhtDropper/0949b3812b026b85b1f5b92a984acc268ebfa7ac39c7b5b5748f3e6e8f243d1d.front-on-1000x1100.webp"",""sourcePath"":""1.  20-400 (1 oz & 2 oz) the 15ml 18-400 Boston Round/1. Boston Round  Dropper Bottles/4. (1ounce:30ml) Boston Round  (Capped)/2. Cobalt Blue Bottle (1oz) (capped)/Cobalt Blue - Alternating Caps (capped)/11. GBBstnBlu1ozWhtDropper.psd"",""capOff"":false,""bodyWidth"":331,""expectedWidth"":331,""sizeDeviation"":0,""legacySource"":false,""approval"":null,""localCandidate"":{""sku"":""GBBstnBlu1ozWhtDropper"",""familyId"":""boston-round-30ml-cobalt-blue-20-400"",""state"":""pending"",""sha256"":""e047714b15ba5a5de2e7e6db6e8b0293f769bd14531e2c221cde1627af845da0"",""beforeSha256"":""0949b3812b026b85b1f5b92a984acc268ebfa7ac39c7b5b5748f3e6e8f243d1d"",""comparisonPath"":""/Users/jordanrichter/.codex/visualizations/2026/09/12/01a097d5-52fb-77b2-9230-f5a9a5ee8e40/plate-grouping-review/index.html"",""note"":""Paused render proposal, not approved. Physical-group reconciliation required.""},""masterSourceRecorded"":true,""checksPassed"":true,""complete"":false}","candidate","Review saved kit","Use the existing candidate. Check photographed parts and alignment; a plate correction requires a new registration check.","","bda13ef95d3766d97a93f6ba89ebc78d032d350b52d7aed2d98b2b91d5a0e6f1","catalog-kit-candidates-2026-09-08-r7","{""state"":""candidate"",""reason"":""Source-qualified paired PSD mapping passed alpha and exact plate-parity gates; visual approval required."",""candidate"":{""state"":""pending"",""sha256"":""bda13ef95d3766d97a93f6ba89ebc78d032d350b52d7aed2d98b2b91d5a0e6f1"",""plateSha256"":""0949b3812b026b85b1f5b92a984acc268ebfa7ac39c7b5b5748f3e6e8f243d1d"",""collection"":""catalog-kit-candidates-2026-09-08-r7"",""bytesVerified"":true}}","none","Check component coverage","A group Sunburst exists. Search saved exact-configuration images and verify the selected component; do not assume a new generation is required.","","","","{""state"":""none""}"
"2026-09-13T00:46:11.822Z","GBBstnBlu1ozWhtDropperShnGlTrim","GB-BSR-CBL-30ML-WHT-T-02","Boston Round","30","Cobalt Blue","Dropper · White cap","Boston round design 30ml, 1oz Cobalt blue glass bottle and white dropper with a shiny gold trim cap. For use with perfume oils, diffuser oils, serums, primers, facial oils or face oils, moisturizers, and beard oils. Price each","kh73sfz15bankpnj62myjyh54n8dppwh","boston-round-30ml-cobalt-blue-20-400-dropper","boston-round-standard-30ml","1","plated-no-capoff-by-design","Recover approval / review","Find matching plate-specific approval evidence first. If none exists, review the current image without rebuilding it.","d64484a81219160a05df35267a0a7ecc14171de2c4ee993f1f1d0787a199a3b1","","","{""state"":""plated-no-capoff-by-design"",""familyId"":""boston-round-30ml-cobalt-blue-20-400"",""sha256"":""d64484a81219160a05df35267a0a7ecc14171de2c4ee993f1f1d0787a199a3b1"",""revision"":2,""imageUrl"":""https://yzy7l20k4yt6znzz.public.blob.vercel-storage.com/plates/boston-round-30ml-cobalt-blue-20-400/GBBstnBlu1ozWhtDropperShnGlTrim/d64484a81219160a05df35267a0a7ecc14171de2c4ee993f1f1d0787a199a3b1.front-on-1000x1100.webp"",""sourcePath"":""1.  20-400 (1 oz & 2 oz) the 15ml 18-400 Boston Round/1. Boston Round  Dropper Bottles/4. (1ounce:30ml) Boston Round  (Capped)/2. Cobalt Blue Bottle (1oz) (capped)/Cobalt Blue - Alternating Caps (capped)/13. GBBstnBlu1ozWhtDropperShnGlTrim.psd"",""capOff"":false,""bodyWidth"":331,""expectedWidth"":331,""sizeDeviation"":0,""legacySource"":false,""approval"":null,""localCandidate"":{""sku"":""GBBstnBlu1ozWhtDropperShnGlTrim"",""familyId"":""boston-round-30ml-cobalt-blue-20-400"",""state"":""pending"",""sha256"":""e92ea22c804b35219ff249b38930cedaec8396ae12264f6c7a16a173dcd31d9c"",""beforeSha256"":""d64484a81219160a05df35267a0a7ecc14171de2c4ee993f1f1d0787a199a3b1"",""comparisonPath"":""/Users/jordanrichter/.codex/visualizations/2026/09/12/01a097d5-52fb-77b2-9230-f5a9a5ee8e40/plate-grouping-review/index.html"",""note"":""Paused render proposal, not approved. Physical-group reconciliation required.""},""masterSourceRecorded"":true,""checksPassed"":true,""complete"":false}","candidate","Review saved kit","Use the existing candidate. Check photographed parts and alignment; a plate correction requires a new registration check.","","9689c6e0bb623c16b6d208a1d0c2a9f892b8360b2f1ee9e3052b8c5f742f4dc3","catalog-kit-candidates-2026-09-08-r7","{""state"":""candidate"",""reason"":""Source-qualified paired PSD mapping passed alpha and exact plate-parity gates; visual approval required."",""candidate"":{""state"":""pending"",""sha256"":""9689c6e0bb623c16b6d208a1d0c2a9f892b8360b2f1ee9e3052b8c5f742f4dc3"",""plateSha256"":""d64484a81219160a05df35267a0a7ecc14171de2c4ee993f1f1d0787a199a3b1"",""collection"":""catalog-kit-candidates-2026-09-08-r7"",""bytesVerified"":true}}","none","Check component coverage","A group Sunburst exists. Search saved exact-configuration images and verify the selected component; do not assume a new generation is required.","","","","{""state"":""none""}"
"2026-09-13T00:46:11.822Z","GBBstnBlu1ozWhtDropperShnSlTrim","GB-BSR-CBL-30ML-WHT-T-03","Boston Round","30","Cobalt Blue","Dropper · White cap","Boston round design 30ml, 1oz Cobalt blue glass bottle and white dropper with a shiny silver trim cap. For use with perfume oils, diffuser oils, serums, primers, facial oils or face oils, moisturizers, and beard oils. Price each","kh73sfz15bankpnj62myjyh54n8dppwh","boston-round-30ml-cobalt-blue-20-400-dropper","boston-round-standard-30ml","1","plated-no-capoff-by-design","Recover approval / review","Find matching plate-specific approval evidence first. If none exists, review the current image without rebuilding it.","83117b4269800cf2e27f78ed2334aad2905ae40b75f3084f5ceb27e59eb9dd46","","","{""state"":""plated-no-capoff-by-design"",""familyId"":""boston-round-30ml-cobalt-blue-20-400"",""sha256"":""83117b4269800cf2e27f78ed2334aad2905ae40b75f3084f5ceb27e59eb9dd46"",""revision"":2,""imageUrl"":""https://yzy7l20k4yt6znzz.public.blob.vercel-storage.com/plates/boston-round-30ml-cobalt-blue-20-400/GBBstnBlu1ozWhtDropperShnSlTrim/83117b4269800cf2e27f78ed2334aad2905ae40b75f3084f5ceb27e59eb9dd46.front-on-1000x1100.webp"",""sourcePath"":""1.  20-400 (1 oz & 2 oz) the 15ml 18-400 Boston Round/1. Boston Round  Dropper Bottles/4. (1ounce:30ml) Boston Round  (Capped)/2. Cobalt Blue Bottle (1oz) (capped)/Cobalt Blue - Alternating Caps (capped)/14. GBBstnBlu1ozWhtDropperShnSlTrim.psd"",""capOff"":false,""bodyWidth"":331,""expectedWidth"":331,""sizeDeviation"":0,""legacySource"":false,""approval"":null,""localCandidate"":{""sku"":""GBBstnBlu1ozWhtDropperShnSlTrim"",""familyId"":""boston-round-30ml-cobalt-blue-20-400"",""state"":""pending"",""sha256"":""b234e0ddc8ddf44f757808b912000b2026e5da2a53af7e35ca412479a8dfb157"",""beforeSha256"":""83117b4269800cf2e27f78ed2334aad2905ae40b75f3084f5ceb27e59eb9dd46"",""comparisonPath"":""/Users/jordanrichter/.codex/visualizations/2026/09/12/01a097d5-52fb-77b2-9230-f5a9a5ee8e40/plate-grouping-review/index.html"",""note"":""Paused render proposal, not approved. Physical-group reconciliation required.""},""masterSourceRecorded"":true,""checksPassed"":true,""complete"":false}","candidate","Review saved kit","Use the existing candidate. Check photographed parts and alignment; a plate correction requires a new registration check.","","3ca3145261108ec6d047beaced79fbc3ce30342ac4a2a101fdd49c52b9234d0f","catalog-kit-candidates-2026-09-08-r7","{""state"":""candidate"",""reason"":""Source-qualified paired PSD mapping passed alpha and exact plate-parity gates; visual approval required."",""candidate"":{""state"":""pending"",""sha256"":""3ca3145261108ec6d047beaced79fbc3ce30342ac4a2a101fdd49c52b9234d0f"",""plateSha256"":""83117b4269800cf2e27f78ed2334aad2905ae40b75f3084f5ceb27e59eb9dd46"",""collection"":""catalog-kit-candidates-2026-09-08-r7"",""bytesVerified"":true}}","none","Check component coverage","A group Sunburst exists. Search saved exact-configuration images and verify the selected component; do not assume a new generation is required.","","","","{""state"":""none""}"
"2026-09-13T00:46:11.822Z","GBBstnBlu2ozBlkCapSht","GB-BSR-BLU-60ML-BLK-S","Boston Round","60","Cobalt Blue","Black cap","Boston round design 60ml, 2oz Cobalt blue glass bottle with short black cap. For use with Perfume oils, essential oils, diffuser oils and aromatherapy. Price each","kh7d04rmj7hs17c440qg5xb4cn8dpg5a","boston-round-60ml-cobalt-blue-20-400","boston-round-standard-60ml","1","plated-cap-on-only","Check glass sizing","Compare the existing plate with its verified physical profile. Keep it unless a measured correction is needed.","47b2e424baf5745545d39cdd6388f00dc48d13a2ec9e3982c0a75eeda84ffb18","","","{""state"":""plated-cap-on-only"",""familyId"":""boston-round-60ml-cobalt-blue-20-400"",""sha256"":""47b2e424baf5745545d39cdd6388f00dc48d13a2ec9e3982c0a75eeda84ffb18"",""revision"":2,""imageUrl"":""https://yzy7l20k4yt6znzz.public.blob.vercel-storage.com/plates/boston-round-60ml-cobalt-blue-20-400/GBBstnBlu2ozBlkCapSht/47b2e424baf5745545d39cdd6388f00dc48d13a2ec9e3982c0a75eeda84ffb18.front-on-1000x1100.webp"",""sourcePath"":""1.  20-400 (1 oz & 2 oz) the 15ml 18-400 Boston Round/1. Boston Round  Dropper Bottles/2. (2 ounce:60 ml) Boston Round (Capped)/2. Cobalt Blue Bottle (2 ounce:60 ml) (capped)/Cobalt Blue 2oz - Alternating Caps (capped)/17. GBBstnBlu2ozBlkCapSht.psd"",""capOff"":false,""bodyWidth"":407,""expectedWidth"":null,""sizeDeviation"":null,""legacySource"":false,""approval"":null,""sizeHold"":""Earlier sizing finding remains open; regrouping is not approval"",""localCandidate"":{""sku"":""GBBstnBlu2ozBlkCapSht"",""familyId"":""boston-round-60ml-cobalt-blue-20-400"",""state"":""pending"",""sha256"":""22cfb9af42dda6b5ec91e249fbf63b7eaebe9138d502e1eccf08217986fd24bc"",""beforeSha256"":""47b2e424baf5745545d39cdd6388f00dc48d13a2ec9e3982c0a75eeda84ffb18"",""comparisonPath"":""/Users/jordanrichter/.codex/visualizations/2026/09/12/01a097d5-52fb-77b2-9230-f5a9a5ee8e40/plate-grouping-review/index.html"",""note"":""Paused render proposal, not approved. Physical-group reconciliation required.""},""masterSourceRecorded"":true,""checksPassed"":false,""complete"":false}","held","Resolve kit hold","Search paired master files and embedded layers for a real component. An old extraction failure does not prove photography is missing.","","47b2e424baf5745545d39cdd6388f00dc48d13a2ec9e3982c0a75eeda84ffb18","catalog-kit-needs-review-2026-09-08-r5","{""state"":""held"",""reason"":""assembled source exposes no independent component layer"",""candidate"":{""state"":""pending"",""sha256"":""47b2e424baf5745545d39cdd6388f00dc48d13a2ec9e3982c0a75eeda84ffb18"",""plateSha256"":""47b2e424baf5745545d39cdd6388f00dc48d13a2ec9e3982c0a75eeda84ffb18"",""collection"":""catalog-kit-needs-review-2026-09-08-r5"",""bytesVerified"":true}}","indexed","Reuse approved Sunburst","Check this configuration against the locked glass target. Resize only if needed; changed bytes need their own review.","289623853ece3f8a30aaebd41cef8c7f309912a91c02b78c13a12a69380ecc02","289623853ece3f8a30aaebd41cef8c7f309912a91c02b78c13a12a69380ecc02","r7-resettle-approved-2026-09-11","{""state"":""indexed"",""generation"":""sunburst-approved"",""url"":""/images/catalog/bone-review/GBBstnBlu2ozBlkCapSht.289623853ece.png"",""sha256"":""289623853ece3f8a30aaebd41cef8c7f309912a91c02b78c13a12a69380ecc02"",""manifestSha256"":""289623853ece3f8a30aaebd41cef8c7f309912a91c02b78c13a12a69380ecc02"",""lock"":""release-3"",""groupSlug"":""boston-round-60ml-cobalt-blue-20-400"",""review"":{""status"":""approved"",""sha256"":""289623853ece3f8a30aaebd41cef8c7f309912a91c02b78c13a12a69380ecc02"",""collection"":""r7-resettle-approved-2026-09-11"",""updatedAt"":""2026-09-12T02:20:12.114Z""},""candidate"":{""state"":""approved"",""sha256"":""289623853ece3f8a30aaebd41cef8c7f309912a91c02b78c13a12a69380ecc02"",""collection"":""r7-resettle-approved-2026-09-11"",""bytesVerified"":true}}"
"2026-09-13T00:46:11.822Z","GBBstnBlu2ozBlkDropper","GB-BSR-CBL-60ML-BLK-T-01","Boston Round","60","Cobalt Blue","Dropper · Black cap","Boston round design 2 ounce cobalt blue glass bottle with black dropper, price each","kh7e5h1vzrdbtz42t9rqcg81sx8dq4sz","boston-round-60ml-cobalt-blue-20-400-dropper","boston-round-standard-60ml","1","plated-no-capoff-by-design","Recover approval / review","Find matching plate-specific approval evidence first. If none exists, review the current image without rebuilding it.","a018ae15d225c01c4215f34822690a2093972ea9b2d88e1f923f337a5794f632","","","{""state"":""plated-no-capoff-by-design"",""familyId"":""boston-round-60ml-cobalt-blue-20-400"",""sha256"":""a018ae15d225c01c4215f34822690a2093972ea9b2d88e1f923f337a5794f632"",""revision"":2,""imageUrl"":""https://yzy7l20k4yt6znzz.public.blob.vercel-storage.com/plates/boston-round-60ml-cobalt-blue-20-400/GBBstnBlu2ozBlkDropper/a018ae15d225c01c4215f34822690a2093972ea9b2d88e1f923f337a5794f632.front-on-1000x1100.webp"",""sourcePath"":""1.  20-400 (1 oz & 2 oz) the 15ml 18-400 Boston Round/1. Boston Round  Dropper Bottles/2. (2 ounce:60 ml) Boston Round (Capped)/2. Cobalt Blue Bottle (2 ounce:60 ml) (capped)/Cobalt Blue 2oz - Alternating Caps (capped)/16. GBBstnBlu2ozBlkDropper.psd"",""capOff"":false,""bodyWidth"":340,""expectedWidth"":339,""sizeDeviation"":0.003,""legacySource"":false,""approval"":null,""localCandidate"":{""sku"":""GBBstnBlu2ozBlkDropper"",""familyId"":""boston-round-60ml-cobalt-blue-20-400"",""state"":""pending"",""sha256"":""d0b80b3d380624502fb1c65c62a2e9f7c781ef7085dd5632495f14483ee55b5e"",""beforeSha256"":""a018ae15d225c01c4215f34822690a2093972ea9b2d88e1f923f337a5794f632"",""comparisonPath"":""/Users/jordanrichter/.codex/visualizations/2026/09/12/01a097d5-52fb-77b2-9230-f5a9a5ee8e40/plate-grouping-review/index.html"",""note"":""Paused render proposal, not approved. Physical-group reconciliation required.""},""masterSourceRecorded"":true,""checksPassed"":true,""complete"":false}","held","Resolve kit hold","Search paired master files and embedded layers for a real component. An old extraction failure does not prove photography is missing.","","a018ae15d225c01c4215f34822690a2093972ea9b2d88e1f923f337a5794f632","catalog-kit-needs-review-2026-09-08-r5","{""state"":""held"",""reason"":""assembled source exposes no independent component layer"",""candidate"":{""state"":""pending"",""sha256"":""a018ae15d225c01c4215f34822690a2093972ea9b2d88e1f923f337a5794f632"",""plateSha256"":""a018ae15d225c01c4215f34822690a2093972ea9b2d88e1f923f337a5794f632"",""collection"":""catalog-kit-needs-review-2026-09-08-r5"",""bytesVerified"":true}}","none","Check component coverage","A group Sunburst exists. Search saved exact-configuration images and verify the selected component; do not assume a new generation is required.","","","","{""state"":""none""}"
"2026-09-13T00:46:11.822Z","GBBstnBlu2ozBlkDropperShnGlTrim","GB-BSR-CBL-60ML-BLK-T-02","Boston Round","60","Cobalt Blue","Dropper · Black cap","Boston round design 60ml, 2oz Cobalt blue glass bottle and black dropper with a shiny gold trim cap. For use with perfume oils, diffuser oils, serums, primers, facial oils or face oils, moisturizers, and beard oils. Price each","kh7e5h1vzrdbtz42t9rqcg81sx8dq4sz","boston-round-60ml-cobalt-blue-20-400-dropper","boston-round-standard-60ml","1","plated-no-capoff-by-design","Recover approval / review","Find matching plate-specific approval evidence first. If none exists, review the current image without rebuilding it.","7aa2489da1ed54c9df7d4432bb41851785d76a627ee57d093e8502b6f0d4d6ec","","","{""state"":""plated-no-capoff-by-design"",""familyId"":""boston-round-60ml-cobalt-blue-20-400"",""sha256"":""7aa2489da1ed54c9df7d4432bb41851785d76a627ee57d093e8502b6f0d4d6ec"",""revision"":2,""imageUrl"":""https://yzy7l20k4yt6znzz.public.blob.vercel-storage.com/plates/boston-round-60ml-cobalt-blue-20-400/GBBstnBlu2ozBlkDropperShnGlTrim/7aa2489da1ed54c9df7d4432bb41851785d76a627ee57d093e8502b6f0d4d6ec.front-on-1000x1100.webp"",""sourcePath"":""1.  20-400 (1 oz & 2 oz) the 15ml 18-400 Boston Round/1. Boston Round  Dropper Bottles/2. (2 ounce:60 ml) Boston Round (Capped)/2. Cobalt Blue Bottle (2 ounce:60 ml) (capped)/Cobalt Blue 2oz - Alternating Caps (capped)/12. GBBstnBlu2ozBlkDropperShnGlTrim.psd"",""capOff"":false,""bodyWidth"":341,""expectedWidth"":339,""sizeDeviation"":0.006,""legacySource"":false,""approval"":null,""localCandidate"":{""sku"":""GBBstnBlu2ozBlkDropperShnGlTrim"",""familyId"":""boston-round-60ml-cobalt-blue-20-400"",""state"":""pending"",""sha256"":""6947f394c55058e8f0b680c0dc8cd96b0551f49db35b31214f086c602a9307b0"",""beforeSha256"":""7aa2489da1ed54c9df7d4432bb41851785d76a627ee57d093e8502b6f0d4d6ec"",""comparisonPath"":""/Users/jordanrichter/.codex/visualizations/2026/09/12/01a097d5-52fb-77b2-9230-f5a9a5ee8e40/plate-grouping-review/index.html"",""note"":""Paused render proposal, not approved. Physical-group reconciliation required.""},""masterSourceRecorded"":true,""checksPassed"":true,""complete"":false}","held","Resolve kit hold","Check alignment against the exact current plate; preserve usable parts.","","7aa2489da1ed54c9df7d4432bb41851785d76a627ee57d093e8502b6f0d4d6ec","catalog-kit-needs-review-2026-09-08-r5","{""state"":""held"",""reason"":""ValueError: plate parity failed: {'ok': False, 'mean': 31.6304, 'tailOver40': 0.620589}"",""candidate"":{""state"":""pending"",""sha256"":""7aa2489da1ed54c9df7d4432bb41851785d76a627ee57d093e8502b6f0d4d6ec"",""plateSha256"":""7aa2489da1ed54c9df7d4432bb41851785d76a627ee57d093e8502b6f0d4d6ec"",""collection"":""catalog-kit-needs-review-2026-09-08-r5"",""bytesVerified"":true}}","indexed","Reuse approved Sunburst","Check this configuration against the locked glass target. Resize only if needed; changed bytes need their own review.","650b424ffa6e448dedb5f0be7b14d5eb48a735ad6c71264f1fe4f76dae971bd7","650b424ffa6e448dedb5f0be7b14d5eb48a735ad6c71264f1fe4f76dae971bd7","r7-resettle-approved-2026-09-11","{""state"":""indexed"",""generation"":""sunburst-approved"",""url"":""/images/catalog/bone-review/GBBstnBlu2ozBlkDropperShnGlTrim.650b424ffa6e.png"",""sha256"":""650b424ffa6e448dedb5f0be7b14d5eb48a735ad6c71264f1fe4f76dae971bd7"",""manifestSha256"":""650b424ffa6e448dedb5f0be7b14d5eb48a735ad6c71264f1fe4f76dae971bd7"",""lock"":""release-3"",""groupSlug"":""boston-round-60ml-cobalt-blue-20-400-dropper"",""review"":{""status"":""approved"",""sha256"":""650b424ffa6e448dedb5f0be7b14d5eb48a735ad6c71264f1fe4f76dae971bd7"",""collection"":""r7-resettle-approved-2026-09-11"",""updatedAt"":""2026-09-12T02:20:12.955Z""},""candidate"":{""state"":""approved"",""sha256"":""650b424ffa6e448dedb5f0be7b14d5eb48a735ad6c71264f1fe4f76dae971bd7"",""collection"":""r7-resettle-approved-2026-09-11"",""bytesVerified"":true}}"
"2026-09-13T00:46:11.822Z","GBBstnBlu2ozMtlRollonGl","GB-BSR-CBL-60ML-MRL-SGLD","Boston Round","60","Cobalt Blue","Metal Roller Ball · Shiny Gold cap","Boston round design 60ml, 2oz Cobalt blue glass bottle with metal roller ball plug and shiny gold cap. For use with perfume or fragrance oil, essential oils, aromatic oils and aromatherapy. Refillable bottle with large, 12mm diameter metal-roller ball. Pr","kh7fa6r13e1h081b1n7ganfcan8dp5mh","boston-round-60ml-cobalt-blue-20-400-rollon","boston-round-standard-60ml","1","plated","Recover approval / review","Find matching plate-specific approval evidence first. If none exists, review the current image without rebuilding it.","0f6f2a5c094212425fe2345870ae3c01918105e435d6d0e89f429cc492af1c2d","","","{""state"":""plated"",""familyId"":""boston-round-60ml-cobalt-blue-20-400"",""sha256"":""0f6f2a5c094212425fe2345870ae3c01918105e435d6d0e89f429cc492af1c2d"",""revision"":2,""imageUrl"":""https://yzy7l20k4yt6znzz.public.blob.vercel-storage.com/plates/boston-round-60ml-cobalt-blue-20-400/GBBstnBlu2ozMtlRollonGl/0f6f2a5c094212425fe2345870ae3c01918105e435d6d0e89f429cc492af1c2d.front-on-1000x1100.webp"",""sourcePath"":""1.  20-400 (1 oz & 2 oz) the 15ml 18-400 Boston Round/1. Boston Round  Dropper Bottles/2. (2 ounce:60 ml) Boston Round (Capped)/2. Cobalt Blue Bottle (2 ounce:60 ml) (capped)/Cobalt Blue 2oz - Alternating Caps (capped)/4. GBBstnBlu2ozMtlRollonGl.psd"",""capOff"":true,""bodyWidth"":354,""expectedWidth"":353,""sizeDeviation"":0.003,""legacySource"":false,""approval"":null,""localCandidate"":{""sku"":""GBBstnBlu2ozMtlRollonGl"",""familyId"":""boston-round-60ml-cobalt-blue-20-400"",""state"":""pending"",""sha256"":""494b67614912d9094ca080857f15ee9a0f6940ed88805402b652b5f162af6c84"",""beforeSha256"":""0f6f2a5c094212425fe2345870ae3c01918105e435d6d0e89f429cc492af1c2d"",""comparisonPath"":""/Users/jordanrichter/.codex/visualizations/2026/09/12/01a097d5-52fb-77b2-9230-f5a9a5ee8e40/plate-grouping-review/index.html"",""note"":""Paused render proposal, not approved. Physical-group reconciliation required.""},""masterSourceRecorded"":true,""checksPassed"":true,""complete"":false}","held","Resolve kit hold","Search paired master files and embedded layers for a real component. An old extraction failure does not prove photography is missing.","","0f6f2a5c094212425fe2345870ae3c01918105e435d6d0e89f429cc492af1c2d","catalog-kit-needs-review-2026-09-08-r5","{""state"":""held"",""reason"":""roller is not independently recoverable"",""candidate"":{""state"":""pending"",""sha256"":""0f6f2a5c094212425fe2345870ae3c01918105e435d6d0e89f429cc492af1c2d"",""plateSha256"":""0f6f2a5c094212425fe2345870ae3c01918105e435d6d0e89f429cc492af1c2d"",""collection"":""catalog-kit-needs-review-2026-09-08-r5"",""bytesVerified"":true}}","none","Check component coverage","A group Sunburst exists. Search saved exact-configuration images and verify the selected component; do not assume a new generation is required.","","","","{""state"":""none""}"
"2026-09-13T00:46:11.822Z","GBBstnBlu2ozMtlRollonMattBlk","GB-BSR-BLU-60ML-MRO-MBLK","Boston Round","60","Cobalt Blue","Metal Roller Ball · Matte Black cap","Boston round design 60ml, 2oz Cobalt blue glass bottle with metal roller ball plug and matte black cap. For use with perfume or fragrance oil, essential oils, aromatic oils and aromatherapy. Refillable bottle with large, 12mm diameter metal-roller ball. P","kh7fa6r13e1h081b1n7ganfcan8dp5mh","boston-round-60ml-cobalt-blue-20-400-rollon","boston-round-standard-60ml","1","plated","Recover approval / review","Find matching plate-specific approval evidence first. If none exists, review the current image without rebuilding it.","f1ba080a58803122ec1425385e57e3a04cd169c02f359c4a2af3c3087f10b586","","","{""state"":""plated"",""familyId"":""boston-round-60ml-cobalt-blue-20-400"",""sha256"":""f1ba080a58803122ec1425385e57e3a04cd169c02f359c4a2af3c3087f10b586"",""revision"":2,""imageUrl"":""https://yzy7l20k4yt6znzz.public.blob.vercel-storage.com/plates/boston-round-60ml-cobalt-blue-20-400/GBBstnBlu2ozMtlRollonMattBlk/f1ba080a58803122ec1425385e57e3a04cd169c02f359c4a2af3c3087f10b586.front-on-1000x1100.webp"",""sourcePath"":""1.  20-400 (1 oz & 2 oz) the 15ml 18-400 Boston Round/1. Boston Round  Dropper Bottles/2. (2 ounce:60 ml) Boston Round (Capped)/2. Cobalt Blue Bottle (2 ounce:60 ml) (capped)/Cobalt Blue 2oz - Alternating Caps (capped)/3. GBBstnBlu2ozMtlRollonMattBlk.psd"",""capOff"":true,""bodyWidth"":353,""expectedWidth"":353,""sizeDeviation"":0,""legacySource"":false,""approval"":null,""localCandidate"":{""sku"":""GBBstnBlu2ozMtlRollonMattBlk"",""familyId"":""boston-round-60ml-cobalt-blue-20-400"",""state"":""pending"",""sha256"":""e6f865316a6ce1b87e11bc37d72840e9cad0105604deacc98520c0fccb4d1503"",""beforeSha256"":""f1ba080a58803122ec1425385e57e3a04cd169c02f359c4a2af3c3087f10b586"",""comparisonPath"":""/Users/jordanrichter/.codex/visualizations/2026/09/12/01a097d5-52fb-77b2-9230-f5a9a5ee8e40/plate-grouping-review/index.html"",""note"":""Paused render proposal, not approved. Physical-group reconciliation required.""},""masterSourceRecorded"":true,""checksPassed"":true,""complete"":false}","held","Resolve kit hold","Search paired master files and embedded layers for a real component. An old extraction failure does not prove photography is missing.","","f1ba080a58803122ec1425385e57e3a04cd169c02f359c4a2af3c3087f10b586","catalog-kit-needs-review-2026-09-08-r5","{""state"":""held"",""reason"":""roller is not independently recoverable"",""candidate"":{""state"":""pending"",""sha256"":""f1ba080a58803122ec1425385e57e3a04cd169c02f359c4a2af3c3087f10b586"",""plateSha256"":""f1ba080a58803122ec1425385e57e3a04cd169c02f359c4a2af3c3087f10b586"",""collection"":""catalog-kit-needs-review-2026-09-08-r5"",""bytesVerified"":true}}","none","Check component coverage","A group Sunburst exists. Search saved exact-configuration images and verify the selected component; do not assume a new generation is required.","","","","{""state"":""none""}"
"2026-09-13T00:46:11.822Z","GBBstnBlu2ozMtlRollonMattGl","GB-BSR-CBL-60ML-MRL-MGLD","Boston Round","60","Cobalt Blue","Metal Roller Ball · Matte Gold cap","Boston round design 60ml, 2oz Cobalt blue glass bottle with metal roller ball plug and matte gold cap. For use with perfume or fragrance oil, essential oils, aromatic oils and aromatherapy. Refillable bottle with large, 12mm diameter metal-roller ball. Pr","kh7fa6r13e1h081b1n7ganfcan8dp5mh","boston-round-60ml-cobalt-blue-20-400-rollon","boston-round-standard-60ml","1","plated","Recover approval / review","Find matching plate-specific approval evidence first. If none exists, review the current image without rebuilding it.","d83a9e836595654e7bf688084ea51ba1fdc60a3aa6c0d7452c8692977d73ddda","","","{""state"":""plated"",""familyId"":""boston-round-60ml-cobalt-blue-20-400"",""sha256"":""d83a9e836595654e7bf688084ea51ba1fdc60a3aa6c0d7452c8692977d73ddda"",""revision"":2,""imageUrl"":""https://yzy7l20k4yt6znzz.public.blob.vercel-storage.com/plates/boston-round-60ml-cobalt-blue-20-400/GBBstnBlu2ozMtlRollonMattGl/d83a9e836595654e7bf688084ea51ba1fdc60a3aa6c0d7452c8692977d73ddda.front-on-1000x1100.webp"",""sourcePath"":""1.  20-400 (1 oz & 2 oz) the 15ml 18-400 Boston Round/1. Boston Round  Dropper Bottles/2. (2 ounce:60 ml) Boston Round (Capped)/2. Cobalt Blue Bottle (2 ounce:60 ml) (capped)/Cobalt Blue 2oz - Alternating Caps (capped)/5. GBBstnBlu2ozMtlRollonMattGl.psd"",""capOff"":true,""bodyWidth"":353,""expectedWidth"":353,""sizeDeviation"":0,""legacySource"":false,""approval"":null,""localCandidate"":{""sku"":""GBBstnBlu2ozMtlRollonMattGl"",""familyId"":""boston-round-60ml-cobalt-blue-20-400"",""state"":""pending"",""sha256"":""540061de09d2fe4f5142233eb268ef0822e3561380b48aa181a538e98bc54257"",""beforeSha256"":""d83a9e836595654e7bf688084ea51ba1fdc60a3aa6c0d7452c8692977d73ddda"",""comparisonPath"":""/Users/jordanrichter/.codex/visualizations/2026/09/12/01a097d5-52fb-77b2-9230-f5a9a5ee8e40/plate-grouping-review/index.html"",""note"":""Paused render proposal, not approved. Physical-group reconciliation required.""},""masterSourceRecorded"":true,""checksPassed"":true,""complete"":false}","held","Resolve kit hold","Search paired master files and embedded layers for a real component. An old extraction failure does not prove photography is missing.","","d83a9e836595654e7bf688084ea51ba1fdc60a3aa6c0d7452c8692977d73ddda","catalog-kit-needs-review-2026-09-08-r5","{""state"":""held"",""reason"":""roller is not independently recoverable"",""candidate"":{""state"":""pending"",""sha256"":""d83a9e836595654e7bf688084ea51ba1fdc60a3aa6c0d7452c8692977d73ddda"",""plateSha256"":""d83a9e836595654e7bf688084ea51ba1fdc60a3aa6c0d7452c8692977d73ddda"",""collection"":""catalog-kit-needs-review-2026-09-08-r5"",""bytesVerified"":true}}","none","Check component coverage","A group Sunburst exists. Search saved exact-configuration images and verify the selected component; do not assume a new generation is required.","","","","{""state"":""none""}"
"2026-09-13T00:46:11.822Z","GBBstnBlu2ozMtlRollonMattSl","GB-BSR-BLU-60ML-MRO-MSLV","Boston Round","60","Cobalt Blue","Metal Roller Ball · Matte Silver cap","Boston round design 60ml, 2oz Cobalt blue glass bottle with metal roller ball plug and matte silver cap. For use with perfume, fragrance oil, essential oils, body oils, thin lotions and ointments. Refillable bottle with large, 12mm diameter metal-roller b","kh7fa6r13e1h081b1n7ganfcan8dp5mh","boston-round-60ml-cobalt-blue-20-400-rollon","boston-round-standard-60ml","1","plated","Recover approval / review","Find matching plate-specific approval evidence first. If none exists, review the current image without rebuilding it.","beab00f3d22f82be79f68a42b3623890b557e197830192d788b9ef4cd542fd06","","","{""state"":""plated"",""familyId"":""boston-round-60ml-cobalt-blue-20-400"",""sha256"":""beab00f3d22f82be79f68a42b3623890b557e197830192d788b9ef4cd542fd06"",""revision"":2,""imageUrl"":""https://yzy7l20k4yt6znzz.public.blob.vercel-storage.com/plates/boston-round-60ml-cobalt-blue-20-400/GBBstnBlu2ozMtlRollonMattSl/beab00f3d22f82be79f68a42b3623890b557e197830192d788b9ef4cd542fd06.front-on-1000x1100.webp"",""sourcePath"":""1.  20-400 (1 oz & 2 oz) the 15ml 18-400 Boston Round/1. Boston Round  Dropper Bottles/2. (2 ounce:60 ml) Boston Round (Capped)/2. Cobalt Blue Bottle (2 ounce:60 ml) (capped)/Cobalt Blue 2oz - Alternating Caps (capped)/1. GBBstnBlu2ozMtlRollonMattSl.psd"",""capOff"":true,""bodyWidth"":354,""expectedWidth"":353,""sizeDeviation"":0.003,""legacySource"":false,""approval"":null,""localCandidate"":{""sku"":""GBBstnBlu2ozMtlRollonMattSl"",""familyId"":""boston-round-60ml-cobalt-blue-20-400"",""state"":""pending"",""sha256"":""9bb4d2454dec37b370885e93ee0a3cfdd9063aaaf95ebe323e525e257af3cbb8"",""beforeSha256"":""beab00f3d22f82be79f68a42b3623890b557e197830192d788b9ef4cd542fd06"",""comparisonPath"":""/Users/jordanrichter/.codex/visualizations/2026/09/12/01a097d5-52fb-77b2-9230-f5a9a5ee8e40/plate-grouping-review/index.html"",""note"":""Paused render proposal, not approved. Physical-group reconciliation required.""},""masterSourceRecorded"":true,""checksPassed"":true,""complete"":false}","held","Resolve kit hold","Search paired master files and embedded layers for a real component. An old extraction failure does not prove photography is missing.","","beab00f3d22f82be79f68a42b3623890b557e197830192d788b9ef4cd542fd06","catalog-kit-needs-review-2026-09-08-r5","{""state"":""held"",""reason"":""roller is not independently recoverable"",""candidate"":{""state"":""pending"",""sha256"":""beab00f3d22f82be79f68a42b3623890b557e197830192d788b9ef4cd542fd06"",""plateSha256"":""beab00f3d22f82be79f68a42b3623890b557e197830192d788b9ef4cd542fd06"",""collection"":""catalog-kit-needs-review-2026-09-08-r5"",""bytesVerified"":true}}","indexed","Reuse approved Sunburst","Check this configuration against the locked glass target. Resize only if needed; changed bytes need their own review.","23530986302fbba3adcc405e4ddd41e55f00a4858b87c68807baa761e4aca399","23530986302fbba3adcc405e4ddd41e55f00a4858b87c68807baa761e4aca399","r5-boston-round-2026-09-10","{""state"":""indexed"",""generation"":""sunburst-approved"",""url"":""/images/catalog/bone-review/GBBstnBlu2ozMtlRollonMattSl.23530986302f.png"",""sha256"":""23530986302fbba3adcc405e4ddd41e55f00a4858b87c68807baa761e4aca399"",""manifestSha256"":""23530986302fbba3adcc405e4ddd41e55f00a4858b87c68807baa761e4aca399"",""lock"":""release-2"",""groupSlug"":""boston-round-60ml-cobalt-blue-20-400-rollon"",""review"":{""status"":""approved"",""sha256"":""23530986302fbba3adcc405e4ddd41e55f00a4858b87c68807baa761e4aca399"",""collection"":""r5-boston-round-2026-09-10"",""updatedAt"":""2026-09-11T06:34:51.190Z""},""candidate"":{""state"":""approved"",""sha256"":""23530986302fbba3adcc405e4ddd41e55f00a4858b87c68807baa761e4aca399"",""collection"":""r5-boston-round-2026-09-10"",""bytesVerified"":true}}"
"2026-09-13T00:46:11.822Z","GBBstnBlu2ozMtlRollonShnSl","GB-BSR-BLU-60ML-MRO-SSLV","Boston Round","60","Cobalt Blue","Metal Roller Ball · Shiny Silver cap","Boston round design 60ml, 2oz Cobalt blue glass bottle with metal roller ball plug and shiny silver cap. For use with perfume or fragrance oil, essential oils, aromatic oils and aromatherapy. Refillable bottle with large, 12mm diameter metal-roller ball.","kh7fa6r13e1h081b1n7ganfcan8dp5mh","boston-round-60ml-cobalt-blue-20-400-rollon","boston-round-standard-60ml","1","plated","Recover approval / review","Find matching plate-specific approval evidence first. If none exists, review the current image without rebuilding it.","be80293d74890bba010de8184596facd8f5b8751508c55f71b47409e2e40f50f","","","{""state"":""plated"",""familyId"":""boston-round-60ml-cobalt-blue-20-400"",""sha256"":""be80293d74890bba010de8184596facd8f5b8751508c55f71b47409e2e40f50f"",""revision"":2,""imageUrl"":""https://yzy7l20k4yt6znzz.public.blob.vercel-storage.com/plates/boston-round-60ml-cobalt-blue-20-400/GBBstnBlu2ozMtlRollonShnSl/be80293d74890bba010de8184596facd8f5b8751508c55f71b47409e2e40f50f.front-on-1000x1100.webp"",""sourcePath"":""1.  20-400 (1 oz & 2 oz) the 15ml 18-400 Boston Round/1. Boston Round  Dropper Bottles/2. (2 ounce:60 ml) Boston Round (Capped)/2. Cobalt Blue Bottle (2 ounce:60 ml) (capped)/Cobalt Blue 2oz - Alternating Caps (capped)/2. GBBstnBlu2ozMtlRollonShnSl.psd"",""capOff"":true,""bodyWidth"":354,""expectedWidth"":353,""sizeDeviation"":0.003,""legacySource"":false,""approval"":null,""localCandidate"":{""sku"":""GBBstnBlu2ozMtlRollonShnSl"",""familyId"":""boston-round-60ml-cobalt-blue-20-400"",""state"":""pending"",""sha256"":""bdcecfad28eb6dc4865cbcfba4192f5a0479402e3721b1fd1cef30688f5aa6d9"",""beforeSha256"":""be80293d74890bba010de8184596facd8f5b8751508c55f71b47409e2e40f50f"",""comparisonPath"":""/Users/jordanrichter/.codex/visualizations/2026/09/12/01a097d5-52fb-77b2-9230-f5a9a5ee8e40/plate-grouping-review/index.html"",""note"":""Paused render proposal, not approved. Physical-group reconciliation required.""},""masterSourceRecorded"":true,""checksPassed"":true,""complete"":false}","held","Resolve kit hold","Search paired master files and embedded layers for a real component. An old extraction failure does not prove photography is missing.","","be80293d74890bba010de8184596facd8f5b8751508c55f71b47409e2e40f50f","catalog-kit-needs-review-2026-09-08-r5","{""state"":""held"",""reason"":""roller is not independently recoverable"",""candidate"":{""state"":""pending"",""sha256"":""be80293d74890bba010de8184596facd8f5b8751508c55f71b47409e2e40f50f"",""plateSha256"":""be80293d74890bba010de8184596facd8f5b8751508c55f71b47409e2e40f50f"",""collection"":""catalog-kit-needs-review-2026-09-08-r5"",""bytesVerified"":true}}","none","Check component coverage","A group Sunburst exists. Search saved exact-configuration images and verify the selected component; do not assume a new generation is required.","","","","{""state"":""none""}"
"2026-09-13T00:46:11.822Z","GBBstnBlu2ozRollonGl","GB-BSR-BLU-60ML-RON-GLD","Boston Round","60","Cobalt Blue","Plastic Roller Ball · Gold cap","Boston round design 60ml, 2oz Cobalt blue glass bottle with plastic roller ball plug and shiny gold cap. For use with perfume or fragrance oil, essential oils, aromatic oils and aromatherapy. .   oils. Refillable bottle with large, 12mm diameter roller ba","kh7fa6r13e1h081b1n7ganfcan8dp5mh","boston-round-60ml-cobalt-blue-20-400-rollon","boston-round-standard-60ml","1","plated","Recover approval / review","Find matching plate-specific approval evidence first. If none exists, review the current image without rebuilding it.","adf9e5d9f1d207eaaee94cf4054d555f97a8c05666dd545f02e29ce3cf482384","","","{""state"":""plated"",""familyId"":""boston-round-60ml-cobalt-blue-20-400"",""sha256"":""adf9e5d9f1d207eaaee94cf4054d555f97a8c05666dd545f02e29ce3cf482384"",""revision"":2,""imageUrl"":""https://yzy7l20k4yt6znzz.public.blob.vercel-storage.com/plates/boston-round-60ml-cobalt-blue-20-400/GBBstnBlu2ozRollonGl/adf9e5d9f1d207eaaee94cf4054d555f97a8c05666dd545f02e29ce3cf482384.front-on-1000x1100.webp"",""sourcePath"":""1.  20-400 (1 oz & 2 oz) the 15ml 18-400 Boston Round/1. Boston Round  Dropper Bottles/2. (2 ounce:60 ml) Boston Round (Capped)/2. Cobalt Blue Bottle (2 ounce:60 ml) (capped)/Cobalt Blue 2oz - Alternating Caps (capped)/9. GBBstnBlu2ozRollonGl.psd"",""capOff"":true,""bodyWidth"":353,""expectedWidth"":353,""sizeDeviation"":0,""legacySource"":false,""approval"":null,""localCandidate"":{""sku"":""GBBstnBlu2ozRollonGl"",""familyId"":""boston-round-60ml-cobalt-blue-20-400"",""state"":""pending"",""sha256"":""b30dd2e86caf7dd44bd0aee49d3769744baab3ab6ab60e6f41ec4edeb84f0ca6"",""beforeSha256"":""adf9e5d9f1d207eaaee94cf4054d555f97a8c05666dd545f02e29ce3cf482384"",""comparisonPath"":""/Users/jordanrichter/.codex/visualizations/2026/09/12/01a097d5-52fb-77b2-9230-f5a9a5ee8e40/plate-grouping-review/index.html"",""note"":""Paused render proposal, not approved. Physical-group reconciliation required.""},""masterSourceRecorded"":true,""checksPassed"":true,""complete"":false}","held","Resolve kit hold","Search paired master files and embedded layers for a real component. An old extraction failure does not prove photography is missing.","","adf9e5d9f1d207eaaee94cf4054d555f97a8c05666dd545f02e29ce3cf482384","catalog-kit-needs-review-2026-09-08-r5","{""state"":""held"",""reason"":""roller is not independently recoverable"",""candidate"":{""state"":""pending"",""sha256"":""adf9e5d9f1d207eaaee94cf4054d555f97a8c05666dd545f02e29ce3cf482384"",""plateSha256"":""adf9e5d9f1d207eaaee94cf4054d555f97a8c05666dd545f02e29ce3cf482384"",""collection"":""catalog-kit-needs-review-2026-09-08-r5"",""bytesVerified"":true}}","none","Check component coverage","A group Sunburst exists. Search saved exact-configuration images and verify the selected component; do not assume a new generation is required.","","","","{""state"":""none""}"
"2026-09-13T00:46:11.822Z","GBBstnBlu2ozRollonMattBlk","GB-BSR-BLU-60ML-RON-MBLK","Boston Round","60","Cobalt Blue","Plastic Roller Ball · Matte Black cap","Boston round design 60ml, 2oz Cobalt blue glass bottle with plastic roller ball plug and matte black cap. For use with perfume or fragrance oil, essential oils, aromatic oils and aromatherapy. Refillable bottle with large, 12mm diameter roller ball. Price","kh7fa6r13e1h081b1n7ganfcan8dp5mh","boston-round-60ml-cobalt-blue-20-400-rollon","boston-round-standard-60ml","1","plated","Recover approval / review","Find matching plate-specific approval evidence first. If none exists, review the current image without rebuilding it.","f3dfded19723ede66e77bb85f82fad314e3e20495a03c217e89ce8e2787321c6","","","{""state"":""plated"",""familyId"":""boston-round-60ml-cobalt-blue-20-400"",""sha256"":""f3dfded19723ede66e77bb85f82fad314e3e20495a03c217e89ce8e2787321c6"",""revision"":2,""imageUrl"":""https://yzy7l20k4yt6znzz.public.blob.vercel-storage.com/plates/boston-round-60ml-cobalt-blue-20-400/GBBstnBlu2ozRollonMattBlk/f3dfded19723ede66e77bb85f82fad314e3e20495a03c217e89ce8e2787321c6.front-on-1000x1100.webp"",""sourcePath"":""1.  20-400 (1 oz & 2 oz) the 15ml 18-400 Boston Round/1. Boston Round  Dropper Bottles/2. (2 ounce:60 ml) Boston Round (Capped)/2. Cobalt Blue Bottle (2 ounce:60 ml) (capped)/Cobalt Blue 2oz - Alternating Caps (capped)/8. GBBstnBlu2ozRollonMattBlk.psd"",""capOff"":true,""bodyWidth"":354,""expectedWidth"":353,""sizeDeviation"":0.003,""legacySource"":false,""approval"":null,""localCandidate"":{""sku"":""GBBstnBlu2ozRollonMattBlk"",""familyId"":""boston-round-60ml-cobalt-blue-20-400"",""state"":""pending"",""sha256"":""c1f810e59aecf76b4c612609d3ab2654a9e745568d1cbb796372808991c91d3a"",""beforeSha256"":""f3dfded19723ede66e77bb85f82fad314e3e20495a03c217e89ce8e2787321c6"",""comparisonPath"":""/Users/jordanrichter/.codex/visualizations/2026/09/12/01a097d5-52fb-77b2-9230-f5a9a5ee8e40/plate-grouping-review/index.html"",""note"":""Paused render proposal, not approved. Physical-group reconciliation required.""},""masterSourceRecorded"":true,""checksPassed"":true,""complete"":false}","held","Resolve kit hold","Search paired master files and embedded layers for a real component. An old extraction failure does not prove photography is missing.","","f3dfded19723ede66e77bb85f82fad314e3e20495a03c217e89ce8e2787321c6","catalog-kit-needs-review-2026-09-08-r5","{""state"":""held"",""reason"":""roller is not independently recoverable"",""candidate"":{""state"":""pending"",""sha256"":""f3dfded19723ede66e77bb85f82fad314e3e20495a03c217e89ce8e2787321c6"",""plateSha256"":""f3dfded19723ede66e77bb85f82fad314e3e20495a03c217e89ce8e2787321c6"",""collection"":""catalog-kit-needs-review-2026-09-08-r5"",""bytesVerified"":true}}","none","Check component coverage","A group Sunburst exists. Search saved exact-configuration images and verify the selected component; do not assume a new generation is required.","","","","{""state"":""none""}"
"2026-09-13T00:46:11.822Z","GBBstnBlu2ozRollonMattGl","GB-BSR-BLU-60ML-RON-MGLD","Boston Round","60","Cobalt Blue","Plastic Roller Ball · Matte Gold cap","Boston round design 60ml, 2oz Cobalt blue glass bottle with plastic roller ball plug and matte gold cap. For use with perfume or fragrance oil, essential oils, aromatic oils and aromatherapy. .   oils. Refillable bottle with large, 12mm diameter roller ba","kh7fa6r13e1h081b1n7ganfcan8dp5mh","boston-round-60ml-cobalt-blue-20-400-rollon","boston-round-standard-60ml","1","plated","Recover approval / review","Find matching plate-specific approval evidence first. If none exists, review the current image without rebuilding it.","34c5143261d9b04e268979902c6256edff60db466a6b4aadd108123d43d41186","","","{""state"":""plated"",""familyId"":""boston-round-60ml-cobalt-blue-20-400"",""sha256"":""34c5143261d9b04e268979902c6256edff60db466a6b4aadd108123d43d41186"",""revision"":2,""imageUrl"":""https://yzy7l20k4yt6znzz.public.blob.vercel-storage.com/plates/boston-round-60ml-cobalt-blue-20-400/GBBstnBlu2ozRollonMattGl/34c5143261d9b04e268979902c6256edff60db466a6b4aadd108123d43d41186.front-on-1000x1100.webp"",""sourcePath"":""1.  20-400 (1 oz & 2 oz) the 15ml 18-400 Boston Round/1. Boston Round  Dropper Bottles/2. (2 ounce:60 ml) Boston Round (Capped)/2. Cobalt Blue Bottle (2 ounce:60 ml) (capped)/Cobalt Blue 2oz - Alternating Caps (capped)/10. GBBstnBlu2ozRollonMattGl.psd"",""capOff"":true,""bodyWidth"":353,""expectedWidth"":353,""sizeDeviation"":0,""legacySource"":false,""approval"":null,""localCandidate"":{""sku"":""GBBstnBlu2ozRollonMattGl"",""familyId"":""boston-round-60ml-cobalt-blue-20-400"",""state"":""pending"",""sha256"":""b1b9dbc85de929f8d846f107c7fbd304e342dc35b7bd6339493e16f93a671e44"",""beforeSha256"":""34c5143261d9b04e268979902c6256edff60db466a6b4aadd108123d43d41186"",""comparisonPath"":""/Users/jordanrichter/.codex/visualizations/2026/09/12/01a097d5-52fb-77b2-9230-f5a9a5ee8e40/plate-grouping-review/index.html"",""note"":""Paused render proposal, not approved. Physical-group reconciliation required.""},""masterSourceRecorded"":true,""checksPassed"":true,""complete"":false}","held","Resolve kit hold","Search paired master files and embedded layers for a real component. An old extraction failure does not prove photography is missing.","","34c5143261d9b04e268979902c6256edff60db466a6b4aadd108123d43d41186","catalog-kit-needs-review-2026-09-08-r5","{""state"":""held"",""reason"":""roller is not independently recoverable"",""candidate"":{""state"":""pending"",""sha256"":""34c5143261d9b04e268979902c6256edff60db466a6b4aadd108123d43d41186"",""plateSha256"":""34c5143261d9b04e268979902c6256edff60db466a6b4aadd108123d43d41186"",""collection"":""catalog-kit-needs-review-2026-09-08-r5"",""bytesVerified"":true}}","approved-not-indexed","Recover approved hero","Preserve the saved approval. Resolve exact group identity and check the locked glass target before indexing.","4752f301b07b2a9befb4d45c9da7d785400e7ead2ada66cf9717a76ab34e85e5","4752f301b07b2a9befb4d45c9da7d785400e7ead2ada66cf9717a76ab34e85e5","r7-resettle-approved-2026-09-11","{""state"":""approved-not-indexed"",""sha256"":""4752f301b07b2a9befb4d45c9da7d785400e7ead2ada66cf9717a76ab34e85e5"",""lock"":""release-3"",""why"":""no registry row for this product yet"",""review"":{""status"":""approved"",""sha256"":""4752f301b07b2a9befb4d45c9da7d785400e7ead2ada66cf9717a76ab34e85e5"",""collection"":""r7-resettle-approved-2026-09-11"",""updatedAt"":""2026-09-12T02:20:17.006Z""},""candidate"":{""state"":""approved"",""sha256"":""4752f301b07b2a9befb4d45c9da7d785400e7ead2ada66cf9717a76ab34e85e5"",""collection"":""r7-resettle-approved-2026-09-11"",""bytesVerified"":true}}"
"2026-09-13T00:46:11.822Z","GBBstnBlu2ozRollonMattSl","GB-BSR-BLU-60ML-RON-MSLV","Boston Round","60","Cobalt Blue","Plastic Roller Ball · Matte Silver cap","Boston round design 60ml, 2oz Cobalt blue glass bottle with plastic roller ball plug and matte silver cap. For use with perfume or fragrance oil, essential oils, aromatic oils and aromatherapy. Refillable bottle with large, 12mm diameter roller ball. Pric","kh7fa6r13e1h081b1n7ganfcan8dp5mh","boston-round-60ml-cobalt-blue-20-400-rollon","boston-round-standard-60ml","1","plated","Recover approval / review","Find matching plate-specific approval evidence first. If none exists, review the current image without rebuilding it.","84a9aa4e8eb1b7ac5ebe86698b59cb55ccc5517c0321f227157f665bf72d22fc","","","{""state"":""plated"",""familyId"":""boston-round-60ml-cobalt-blue-20-400"",""sha256"":""84a9aa4e8eb1b7ac5ebe86698b59cb55ccc5517c0321f227157f665bf72d22fc"",""revision"":2,""imageUrl"":""https://yzy7l20k4yt6znzz.public.blob.vercel-storage.com/plates/boston-round-60ml-cobalt-blue-20-400/GBBstnBlu2ozRollonMattSl/84a9aa4e8eb1b7ac5ebe86698b59cb55ccc5517c0321f227157f665bf72d22fc.front-on-1000x1100.webp"",""sourcePath"":""1.  20-400 (1 oz & 2 oz) the 15ml 18-400 Boston Round/1. Boston Round  Dropper Bottles/2. (2 ounce:60 ml) Boston Round (Capped)/2. Cobalt Blue Bottle (2 ounce:60 ml) (capped)/Cobalt Blue 2oz - Alternating Caps (capped)/6. GBBstnBlu2ozRollonMattSl.psd"",""capOff"":true,""bodyWidth"":354,""expectedWidth"":353,""sizeDeviation"":0.003,""legacySource"":false,""approval"":null,""localCandidate"":{""sku"":""GBBstnBlu2ozRollonMattSl"",""familyId"":""boston-round-60ml-cobalt-blue-20-400"",""state"":""pending"",""sha256"":""2eb95b5ae928ce414ab8cc5f0440d3cdefe551b6347c855160bfb842f3e45060"",""beforeSha256"":""84a9aa4e8eb1b7ac5ebe86698b59cb55ccc5517c0321f227157f665bf72d22fc"",""comparisonPath"":""/Users/jordanrichter/.codex/visualizations/2026/09/12/01a097d5-52fb-77b2-9230-f5a9a5ee8e40/plate-grouping-review/index.html"",""note"":""Paused render proposal, not approved. Physical-group reconciliation required.""},""masterSourceRecorded"":true,""checksPassed"":true,""complete"":false}","held","Resolve kit hold","Inspect extraction edges in the saved parts and original master layers.","","84a9aa4e8eb1b7ac5ebe86698b59cb55ccc5517c0321f227157f665bf72d22fc","catalog-kit-needs-review-2026-09-08-r5","{""state"":""held"",""reason"":""ValueError: body alpha gate failed: {'transparentFraction': 0.6341, 'semiTransparentPixels': 5436, 'touchesOwnEdge': True}"",""candidate"":{""state"":""pending"",""sha256"":""84a9aa4e8eb1b7ac5ebe86698b59cb55ccc5517c0321f227157f665bf72d22fc"",""plateSha256"":""84a9aa4e8eb1b7ac5ebe86698b59cb55ccc5517c0321f227157f665bf72d22fc"",""collection"":""catalog-kit-needs-review-2026-09-08-r5"",""bytesVerified"":true}}","none","Check component coverage","A group Sunburst exists. Search saved exact-configuration images and verify the selected component; do not assume a new generation is required.","","","","{""state"":""none""}"
"2026-09-13T00:46:11.822Z","GBBstnBlu2ozRollonShnBlk","GB-BSR-CBL-60ML-RBL-SBLK","Boston Round","60","Cobalt Blue","Plastic Roller Ball · Shiny Black cap","Boston design 60ml,2 oz blue glass bottle with plastic roller ball plug and black cap. For use with perfume or fragrance oil, essential oils, aromatic oils and aromatherapy. Price each","kh7fa6r13e1h081b1n7ganfcan8dp5mh","boston-round-60ml-cobalt-blue-20-400-rollon","boston-round-standard-60ml","1","plated","Recover approval / review","Find matching plate-specific approval evidence first. If none exists, review the current image without rebuilding it.","4214684baa019c36b5d7311aaa213eff2ef19f3773a8418bab2d973822cfd78c","","","{""state"":""plated"",""familyId"":""boston-round-60ml-cobalt-blue-20-400"",""sha256"":""4214684baa019c36b5d7311aaa213eff2ef19f3773a8418bab2d973822cfd78c"",""revision"":2,""imageUrl"":""https://yzy7l20k4yt6znzz.public.blob.vercel-storage.com/plates/boston-round-60ml-cobalt-blue-20-400/GBBstnBlu2ozRollonShnBlk/4214684baa019c36b5d7311aaa213eff2ef19f3773a8418bab2d973822cfd78c.front-on-1000x1100.webp"",""sourcePath"":""1.  20-400 (1 oz & 2 oz) the 15ml 18-400 Boston Round/1. Boston Round  Dropper Bottles/2. (2 ounce:60 ml) Boston Round (Capped)/2. Cobalt Blue Bottle (2 ounce:60 ml) (capped)/Cobalt Blue 2oz - Alternating Caps (capped)/19. GBBstnBlu2ozRollonShnBlk.psd"",""capOff"":true,""bodyWidth"":353,""expectedWidth"":353,""sizeDeviation"":0,""legacySource"":false,""approval"":null,""localCandidate"":{""sku"":""GBBstnBlu2ozRollonShnBlk"",""familyId"":""boston-round-60ml-cobalt-blue-20-400"",""state"":""pending"",""sha256"":""560a60dc606d794505adb0dd2ecad171bc0886c1fefe992df57dc91026026e9b"",""beforeSha256"":""4214684baa019c36b5d7311aaa213eff2ef19f3773a8418bab2d973822cfd78c"",""comparisonPath"":""/Users/jordanrichter/.codex/visualizations/2026/09/12/01a097d5-52fb-77b2-9230-f5a9a5ee8e40/plate-grouping-review/index.html"",""note"":""Paused render proposal, not approved. Physical-group reconciliation required.""},""masterSourceRecorded"":true,""checksPassed"":true,""complete"":false}","held","Resolve kit hold","Search paired master files and embedded layers for a real component. An old extraction failure does not prove photography is missing.","","4214684baa019c36b5d7311aaa213eff2ef19f3773a8418bab2d973822cfd78c","catalog-kit-needs-review-2026-09-08-r5","{""state"":""held"",""reason"":""roller is not independently recoverable"",""candidate"":{""state"":""pending"",""sha256"":""4214684baa019c36b5d7311aaa213eff2ef19f3773a8418bab2d973822cfd78c"",""plateSha256"":""4214684baa019c36b5d7311aaa213eff2ef19f3773a8418bab2d973822cfd78c"",""collection"":""catalog-kit-needs-review-2026-09-08-r5"",""bytesVerified"":true}}","none","Check component coverage","A group Sunburst exists. Search saved exact-configuration images and verify the selected component; do not assume a new generation is required.","","","","{""state"":""none""}"
"2026-09-13T00:46:11.822Z","GBBstnBlu2ozRollonShnSl","GB-BSR-BLU-60ML-RON-SSLV","Boston Round","60","Cobalt Blue","Plastic Roller Ball · Shiny Silver cap","Boston round design 60ml, 2oz Cobalt blue glass bottle with plastic roller ball plug and shiny silver cap. For use with perfume or fragrance oil, essential oils, aromatic oils and aromatherapy. Refillable bottle with large, 12mm diameter roller ball. Pric","kh7fa6r13e1h081b1n7ganfcan8dp5mh","boston-round-60ml-cobalt-blue-20-400-rollon","boston-round-standard-60ml","1","plated","Recover approval / review","Find matching plate-specific approval evidence first. If none exists, review the current image without rebuilding it.","a4e518ad8379df7282ed905b967987728a44e01122ac5464cce54f42d8c8544d","","","{""state"":""plated"",""familyId"":""boston-round-60ml-cobalt-blue-20-400"",""sha256"":""a4e518ad8379df7282ed905b967987728a44e01122ac5464cce54f42d8c8544d"",""revision"":2,""imageUrl"":""https://yzy7l20k4yt6znzz.public.blob.vercel-storage.com/plates/boston-round-60ml-cobalt-blue-20-400/GBBstnBlu2ozRollonShnSl/a4e518ad8379df7282ed905b967987728a44e01122ac5464cce54f42d8c8544d.front-on-1000x1100.webp"",""sourcePath"":""1.  20-400 (1 oz & 2 oz) the 15ml 18-400 Boston Round/1. Boston Round  Dropper Bottles/2. (2 ounce:60 ml) Boston Round (Capped)/2. Cobalt Blue Bottle (2 ounce:60 ml) (capped)/Cobalt Blue 2oz - Alternating Caps (capped)/7. GBBstnBlu2ozRollonShnSl.psd"",""capOff"":true,""bodyWidth"":353,""expectedWidth"":353,""sizeDeviation"":0,""legacySource"":false,""approval"":null,""localCandidate"":{""sku"":""GBBstnBlu2ozRollonShnSl"",""familyId"":""boston-round-60ml-cobalt-blue-20-400"",""state"":""pending"",""sha256"":""55c01fe0ec641d819c4242025d2dcbb2bce615a869c2f400e26cf8acc22f4c35"",""beforeSha256"":""a4e518ad8379df7282ed905b967987728a44e01122ac5464cce54f42d8c8544d"",""comparisonPath"":""/Users/jordanrichter/.codex/visualizations/2026/09/12/01a097d5-52fb-77b2-9230-f5a9a5ee8e40/plate-grouping-review/index.html"",""note"":""Paused render proposal, not approved. Physical-group reconciliation required.""},""masterSourceRecorded"":true,""checksPassed"":true,""complete"":false}","held","Resolve kit hold","Inspect extraction edges in the saved parts and original master layers.","","a4e518ad8379df7282ed905b967987728a44e01122ac5464cce54f42d8c8544d","catalog-kit-needs-review-2026-09-08-r5","{""state"":""held"",""reason"":""ValueError: body alpha gate failed: {'transparentFraction': 0.6334, 'semiTransparentPixels': 6478, 'touchesOwnEdge': True}"",""candidate"":{""state"":""pending"",""sha256"":""a4e518ad8379df7282ed905b967987728a44e01122ac5464cce54f42d8c8544d"",""plateSha256"":""a4e518ad8379df7282ed905b967987728a44e01122ac5464cce54f42d8c8544d"",""collection"":""catalog-kit-needs-review-2026-09-08-r5"",""bytesVerified"":true}}","none","Check component coverage","A group Sunburst exists. Search saved exact-configuration images and verify the selected component; do not assume a new generation is required.","","","","{""state"":""none""}"
"2026-09-13T00:46:11.822Z","GBBstnBlu2ozWhtDropper","GB-BSR-CBL-60ML-WHT-T-01","Boston Round","60","Cobalt Blue","Dropper · White cap","Boston round design 60ml, 2oz Cobalt blue glass bottle with white dropper. For use with perfume oils, diffuser oils, serums, primers, facial oils or face oils, moisturizers, and beard oils. Price each","kh7e5h1vzrdbtz42t9rqcg81sx8dq4sz","boston-round-60ml-cobalt-blue-20-400-dropper","boston-round-standard-60ml","1","plated-no-capoff-by-design","Recover approval / review","Find matching plate-specific approval evidence first. If none exists, review the current image without rebuilding it.","ed37984df5fa1fbc4dc141fcbe570765c68ba6efa9773fd5d492247e4d4d1ce5","","","{""state"":""plated-no-capoff-by-design"",""familyId"":""boston-round-60ml-cobalt-blue-20-400"",""sha256"":""ed37984df5fa1fbc4dc141fcbe570765c68ba6efa9773fd5d492247e4d4d1ce5"",""revision"":2,""imageUrl"":""https://yzy7l20k4yt6znzz.public.blob.vercel-storage.com/plates/boston-round-60ml-cobalt-blue-20-400/GBBstnBlu2ozWhtDropper/ed37984df5fa1fbc4dc141fcbe570765c68ba6efa9773fd5d492247e4d4d1ce5.front-on-1000x1100.webp"",""sourcePath"":""1.  20-400 (1 oz & 2 oz) the 15ml 18-400 Boston Round/1. Boston Round  Dropper Bottles/2. (2 ounce:60 ml) Boston Round (Capped)/2. Cobalt Blue Bottle (2 ounce:60 ml) (capped)/Cobalt Blue 2oz - Alternating Caps (capped)/11. GBBstnBlu2ozWhtDropper.psd"",""capOff"":false,""bodyWidth"":338,""expectedWidth"":339,""sizeDeviation"":-0.003,""legacySource"":false,""approval"":null,""localCandidate"":{""sku"":""GBBstnBlu2ozWhtDropper"",""familyId"":""boston-round-60ml-cobalt-blue-20-400"",""state"":""pending"",""sha256"":""acb2fc8c2b7bb4a4a7ad0f5666da42dfc3d1aee325715f1b21113fd6cdb269bd"",""beforeSha256"":""ed37984df5fa1fbc4dc141fcbe570765c68ba6efa9773fd5d492247e4d4d1ce5"",""comparisonPath"":""/Users/jordanrichter/.codex/visualizations/2026/09/12/01a097d5-52fb-77b2-9230-f5a9a5ee8e40/plate-grouping-review/index.html"",""note"":""Paused render proposal, not approved. Physical-group reconciliation required.""},""masterSourceRecorded"":true,""checksPassed"":true,""complete"":false}","held","Resolve kit hold","Check alignment against the exact current plate; preserve usable parts.","","ed37984df5fa1fbc4dc141fcbe570765c68ba6efa9773fd5d492247e4d4d1ce5","catalog-kit-needs-review-2026-09-08-r5","{""state"":""held"",""reason"":""ValueError: plate parity failed: {'ok': False, 'mean': 30.3185, 'tailOver40': 0.616941}"",""candidate"":{""state"":""pending"",""sha256"":""ed37984df5fa1fbc4dc141fcbe570765c68ba6efa9773fd5d492247e4d4d1ce5"",""plateSha256"":""ed37984df5fa1fbc4dc141fcbe570765c68ba6efa9773fd5d492247e4d4d1ce5"",""collection"":""catalog-kit-needs-review-2026-09-08-r5"",""bytesVerified"":true}}","none","Check component coverage","A group Sunburst exists. Search saved exact-configuration images and verify the selected component; do not assume a new generation is required.","","","","{""state"":""none""}"
"2026-09-13T00:46:11.822Z","GBBstnBlu2ozWhtDropperShnGlTrim","GB-BSR-CBL-60ML-WHT-T-02","Boston Round","60","Cobalt Blue","Dropper · White cap","Boston round design 60ml, 2oz Cobalt blue glass bottle and white dropper with a shiny gold trim cap. For use with perfume oils, diffuser oils, serums, primers, facial oils or face oils, moisturizers, and beard oils. Price each","kh7e5h1vzrdbtz42t9rqcg81sx8dq4sz","boston-round-60ml-cobalt-blue-20-400-dropper","boston-round-standard-60ml","1","plated-no-capoff-by-design","Recover approval / review","Find matching plate-specific approval evidence first. If none exists, review the current image without rebuilding it.","fd08d80563c735587794f50b05966159fb4f1fb46f35b8ec1af315c56301c3a0","","","{""state"":""plated-no-capoff-by-design"",""familyId"":""boston-round-60ml-cobalt-blue-20-400"",""sha256"":""fd08d80563c735587794f50b05966159fb4f1fb46f35b8ec1af315c56301c3a0"",""revision"":2,""imageUrl"":""https://yzy7l20k4yt6znzz.public.blob.vercel-storage.com/plates/boston-round-60ml-cobalt-blue-20-400/GBBstnBlu2ozWhtDropperShnGlTrim/fd08d80563c735587794f50b05966159fb4f1fb46f35b8ec1af315c56301c3a0.front-on-1000x1100.webp"",""sourcePath"":""1.  20-400 (1 oz & 2 oz) the 15ml 18-400 Boston Round/1. Boston Round  Dropper Bottles/2. (2 ounce:60 ml) Boston Round (Capped)/2. Cobalt Blue Bottle (2 ounce:60 ml) (capped)/Cobalt Blue 2oz - Alternating Caps (capped)/13. GBBstnBlu2ozWhtDropperShnGlTrim.psd"",""capOff"":false,""bodyWidth"":338,""expectedWidth"":339,""sizeDeviation"":-0.003,""legacySource"":false,""approval"":null,""localCandidate"":{""sku"":""GBBstnBlu2ozWhtDropperShnGlTrim"",""familyId"":""boston-round-60ml-cobalt-blue-20-400"",""state"":""pending"",""sha256"":""14ca0caa93867d7d3237c7cc53954ffdc70bcae61f2fa0cb1b838c7ec92bd3cb"",""beforeSha256"":""fd08d80563c735587794f50b05966159fb4f1fb46f35b8ec1af315c56301c3a0"",""comparisonPath"":""/Users/jordanrichter/.codex/visualizations/2026/09/12/01a097d5-52fb-77b2-9230-f5a9a5ee8e40/plate-grouping-review/index.html"",""note"":""Paused render proposal, not approved. Physical-group reconciliation required.""},""masterSourceRecorded"":true,""checksPassed"":true,""complete"":false}","held","Resolve kit hold","Check alignment against the exact current plate; preserve usable parts.","","fd08d80563c735587794f50b05966159fb4f1fb46f35b8ec1af315c56301c3a0","catalog-kit-needs-review-2026-09-08-r5","{""state"":""held"",""reason"":""ValueError: plate parity failed: {'ok': False, 'mean': 31.2208, 'tailOver40': 0.613449}"",""candidate"":{""state"":""pending"",""sha256"":""fd08d80563c735587794f50b05966159fb4f1fb46f35b8ec1af315c56301c3a0"",""plateSha256"":""fd08d80563c735587794f50b05966159fb4f1fb46f35b8ec1af315c56301c3a0"",""collection"":""catalog-kit-needs-review-2026-09-08-r5"",""bytesVerified"":true}}","none","Check component coverage","A group Sunburst exists. Search saved exact-configuration images and verify the selected component; do not assume a new generation is required.","","","","{""state"":""none""}"
"2026-09-13T00:46:11.822Z","GBBstnBlu2ozWhtDropperShnSlTrim","GB-BSR-CBL-60ML-WHT-T-03","Boston Round","60","Cobalt Blue","Dropper · White cap","Boston round design 60ml, 2oz Cobalt blue glass bottle and white dropper with a shiny silver trim cap. For use with perfume oils, diffuser oils, serums, primers, facial oils or face oils, moisturizers, and beard oils. Price each","kh7e5h1vzrdbtz42t9rqcg81sx8dq4sz","boston-round-60ml-cobalt-blue-20-400-dropper","boston-round-standard-60ml","1","plated-no-capoff-by-design","Recover approval / review","Find matching plate-specific approval evidence first. If none exists, review the current image without rebuilding it.","2cac833430ce93b2ffeb756bc45662ceb8fbe71181a0461c127199be89e9c9fd","","","{""state"":""plated-no-capoff-by-design"",""familyId"":""boston-round-60ml-cobalt-blue-20-400"",""sha256"":""2cac833430ce93b2ffeb756bc45662ceb8fbe71181a0461c127199be89e9c9fd"",""revision"":2,""imageUrl"":""https://yzy7l20k4yt6znzz.public.blob.vercel-storage.com/plates/boston-round-60ml-cobalt-blue-20-400/GBBstnBlu2ozWhtDropperShnSlTrim/2cac833430ce93b2ffeb756bc45662ceb8fbe71181a0461c127199be89e9c9fd.front-on-1000x1100.webp"",""sourcePath"":""1.  20-400 (1 oz & 2 oz) the 15ml 18-400 Boston Round/1. Boston Round  Dropper Bottles/2. (2 ounce:60 ml) Boston Round (Capped)/2. Cobalt Blue Bottle (2 ounce:60 ml) (capped)/Cobalt Blue 2oz - Alternating Caps (capped)/14. GBBstnBlu2ozWhtDropperShnSlTrim.psd"",""capOff"":false,""bodyWidth"":339,""expectedWidth"":339,""sizeDeviation"":0,""legacySource"":false,""approval"":null,""localCandidate"":{""sku"":""GBBstnBlu2ozWhtDropperShnSlTrim"",""familyId"":""boston-round-60ml-cobalt-blue-20-400"",""state"":""pending"",""sha256"":""69b9a7af88e58342a0975e3867eff725e2c29a1341bd4bd3cf8f81b74f0abe35"",""beforeSha256"":""2cac833430ce93b2ffeb756bc45662ceb8fbe71181a0461c127199be89e9c9fd"",""comparisonPath"":""/Users/jordanrichter/.codex/visualizations/2026/09/12/01a097d5-52fb-77b2-9230-f5a9a5ee8e40/plate-grouping-review/index.html"",""note"":""Paused render proposal, not approved. Physical-group reconciliation required.""},""masterSourceRecorded"":true,""checksPassed"":true,""complete"":false}","held","Resolve kit hold","Check alignment against the exact current plate; preserve usable parts.","","2cac833430ce93b2ffeb756bc45662ceb8fbe71181a0461c127199be89e9c9fd","catalog-kit-needs-review-2026-09-08-r5","{""state"":""held"",""reason"":""ValueError: plate parity failed: {'ok': False, 'mean': 31.6954, 'tailOver40': 0.623347}"",""candidate"":{""state"":""pending"",""sha256"":""2cac833430ce93b2ffeb756bc45662ceb8fbe71181a0461c127199be89e9c9fd"",""plateSha256"":""2cac833430ce93b2ffeb756bc45662ceb8fbe71181a0461c127199be89e9c9fd"",""collection"":""catalog-kit-needs-review-2026-09-08-r5"",""bytesVerified"":true}}","none","Check component coverage","A group Sunburst exists. Search saved exact-configuration images and verify the selected component; do not assume a new generation is required.","","","","{""state"":""none""}"