websiteSku,graceSku,productId,family,category,productGroupId,mediaStatus,reconciliationAction,priority,shopifyState,shopifyImageUrl,convexImageUrl,plateImageUrl,plateSourcePath,localFallbackPath,localFallbackExists,catalogHeroPath,catalogHeroExists,sourceMatchKind,sourcePublishable,legacyProductUrl,reasons
13-415CAP4SpryCuMt,CMP-SPR-MTCP-13-415-01,BB-SP-000-0005,Sprayer,Component,kh76b4hty9rvvsjbbn9wmepvx98dp41m,no_verified_source,source_recovery,P0,missing_variant_image,,,,,,false,,false,no-psd,false,https://www.bestbottles.com/product/spray-top-copper-13-415,Shopify variant has no assigned image | No exact Convex product plate | No exact catalog hero record | Source blocker: match:no-psd
13-415CAP4SpryGlSh,CMP-SPR-SHGD-13-415-01,BB-SP-000-0007,Sprayer,Component,kh76b4hty9rvvsjbbn9wmepvx98dp41m,no_verified_source,source_recovery,P0,missing_variant_image,,,,,,false,,false,no-psd,false,https://www.bestbottles.com/product/Caps-lids-top-bottle-shiny-gold-Color-13-415,Shopify variant has no assigned image | No exact Convex product plate | No exact catalog hero record | Source blocker: match:no-psd
13-415CAP4SprySlMt,CMP-SPR-MTSL-13-415-01,BB-SP-000-0009,Sprayer,Component,kh76b4hty9rvvsjbbn9wmepvx98dp41m,no_verified_source,source_recovery,P0,missing_variant_image,,,,,,false,,false,no-psd,false,https://www.bestbottles.com/product/Caps-lids-top-bottle-shiny-silver-Color-13-415,Shopify variant has no assigned image | No exact Convex product plate | No exact catalog hero record | Source blocker: match:no-psd
18-400CpAppBlk,CMP-APP-BLK-18-400,BB-CL-000-0198,Cap/Closure,Component,kh798jdjn0wdengqfhsjsa1jnn8dptmr,remote_only_healthy,remote_only_plate_needed,P1,assigned,https://cdn.shopify.com/s/files/1/0739/9420/7524/files/CMP-APP-BLK-18-400__18-400CpAppBlk__pdp-main__v001.png?v=1781251878,https://cdn.shopify.com/s/files/1/0739/9420/7524/files/CMP-APP-BLK-18-400__18-400CpAppBlk__pdp-main__v001.png?v=1781251878,,,,false,,false,no-psd,false,https://www.bestbottles.com/product/Caps-lid-with-applicator-top-black-Color-8-425,No exact Convex product plate | No exact catalog hero record | Source blocker: match:no-psd
18-400CpShortBlk,CMP-CAP-BLK-18-400,BB-CL-000-0199,Cap/Closure,Component,kh798jdjn0wdengqfhsjsa1jnn8dptmr,remote_only_healthy,remote_only_plate_needed,P1,assigned,https://cdn.shopify.com/s/files/1/0739/9420/7524/files/CMP-CAP-BLK-18-400__18-400CpShortBlk__pdp-main__v001.png?v=1781251878,https://cdn.shopify.com/s/files/1/0739/9420/7524/files/CMP-CAP-BLK-18-400__18-400CpShortBlk__pdp-main__v001.png?v=1781251878,,,,false,/Users/jordanrichter/Projects/Clients/Nemat-International/Best-Bottles-Website-02-20-2026/.worktrees/priority-family-kits/public/images/catalog/bone-review/18-400CpShortBlk.d3832fb4de1a.png,true,no-psd,false,https://www.bestbottles.com/product/Caps-lid-short-top-black-Color-18-400,No exact Convex product plate | Source blocker: match:no-psd
18-415CAP4SpryMtGl,CMP-SPR-MTGD-18-415-01,BB-SP-000-0038,Sprayer,Component,kh7fgvmtebqfxc2mxkc08yd4xx8dpjy9,no_verified_source,source_recovery,P0,missing_variant_image,,,,,,false,,false,no-psd,false,https://www.bestbottles.com/product/Vintage-antique-bulb-sprayer-gold,Shopify variant has no assigned image | No exact Convex product plate | No exact catalog hero record | Source blocker: match:no-psd
18-415CAP4SpryShnBlk,CMP-SPR-SHBK-18-415-01,BB-SP-000-0040,Sprayer,Component,kh7fgvmtebqfxc2mxkc08yd4xx8dpjy9,no_verified_source,source_recovery,P0,missing_variant_image,,,,,,false,,false,no-psd,false,https://www.bestbottles.com/product/Vintage-antique-bulb-sprayer-Black,Shopify variant has no assigned image | No exact Convex product plate | No exact catalog hero record | Source blocker: match:no-psd
8-425CpShortBlack,CMP-CAP-BLK-8-425,BB-CL-000-0202,Cap/Closure,Component,kh7a5qzvws6t123vkdcv2krpms8dp5wv,remote_only_healthy,remote_only_plate_needed,P1,missing_variant_image,,https://www.bestbottles.com/images/store/enlarged_pics/CP8-425ShortBlack.gif,,,,false,,false,no-psd,false,https://www.bestbottles.com/product/Caps-short-lid-top-black-Color-8-425,Shopify variant has no assigned image | No exact Convex product plate | No exact catalog hero record | Source blocker: match:no-psd
8-425CpShortWhite,CMP-CAP-WHT-8-425,BB-CL-000-0203,Cap/Closure,Component,kh7a5qzvws6t123vkdcv2krpms8dp5wv,remote_only_healthy,remote_only_plate_needed,P1,missing_variant_image,,https://www.bestbottles.com/images/store/enlarged_pics/CP8-425ShortWhite.gif,,,,false,/Users/jordanrichter/Projects/Clients/Nemat-International/Best-Bottles-Website-02-20-2026/.worktrees/priority-family-kits/public/images/catalog/bone-review/8-425CpShortWhite.6eebb7a02984.png,true,no-psd,false,https://www.bestbottles.com/product/Caps-short-lid-top-White-Color-8-425,Shopify variant has no assigned image | No exact Convex product plate | Source blocker: match:no-psd
Alu100mlSprayBlack,AB-ALU-CLR-100ML-SPR-BLK,BB-AL-100-0001,Aluminum Bottle,Aluminum Bottle,kh7134v41n6zq4rhk658mqgvd18dq93f,no_verified_source,source_recovery,P0,missing_variant_image,,https://cdn.shopify.com/s/files/1/0739/9420/7524/files/1779309006217-7ad8f883-c75d-423c-b193-52530f05977e_f1269a6c-e22a-4fcb-9380-9d9cfd1ff881.png?v=1781510362,,,,false,/Users/jordanrichter/Projects/Clients/Nemat-International/Best-Bottles-Website-02-20-2026/.worktrees/priority-family-kits/public/images/catalog/bone-review/Alu100mlSprayBlack.560df11fa2c4.png,true,no-psd,false,https://www.bestbottles.com/product/Cylinder-shaped-matte-aluminum-100ml-bottle-black-sprayer,Shopify variant has no assigned image | Assigned remote image returned 404 | No exact Convex product plate | Source blocker: match:no-psd
Alu250SpryBl,BB-ALU250SPRYBL,NEW-ALU250SPRYBL,Aluminum Bottle,Component,kh7ee2qj7m906yrheksxx0ea058dpsw5,remote_only_healthy,remote_only_plate_needed,P1,assigned,https://cdn.shopify.com/s/files/1/0739/9420/7524/files/BB-ALU250SPRYBL.png?v=1781510348,https://cdn.shopify.com/s/files/1/0739/9420/7524/files/BB-ALU250SPRYBL.png?v=1781510348,,,,false,/Users/jordanrichter/Projects/Clients/Nemat-International/Best-Bottles-Website-02-20-2026/.worktrees/priority-family-kits/public/images/catalog/bone-review/Alu250SpryBl.983a8faddfac.png,true,no-psd,false,https://www.bestbottles.com/product/Cylinder-shaped-matte-aluminum-250ml-bottle-black-sprayer,No exact Convex product plate | Source blocker: match:no-psd
Alu500,AB-ALU-CLR-500ML,BB-AL-500-0001,Aluminum Bottle,Aluminum Bottle,kh7ce9zwavec5yk680njg345es8dqvaf,no_verified_source,source_recovery,P0,missing_variant_image,,https://cdn.shopify.com/s/files/1/0739/9420/7524/files/1779263813900-0804ad3b-7bec-4f83-ae4f-ab5e709abebb_7f47954c-a964-4ed4-839d-1e47c5a6ca4f.png?v=1781510380,,,,false,/Users/jordanrichter/Projects/Clients/Nemat-International/Best-Bottles-Website-02-20-2026/.worktrees/priority-family-kits/public/images/catalog/bone-review/Alu500.8cd5134acf51.png,true,no-psd,false,https://www.bestbottles.com/product/Aluminum-Bottle-Can-white-cap-500ml,Shopify variant has no assigned image | Assigned remote image returned 404 | No exact Convex product plate | Source blocker: match:no-psd
AnSp18-415IvyGl__RETIRED__CMP-SPR-GDIV-18-415-02__kd7eb4a9a6fvnhb98entc5h0t581v24t,CMP-SPR-GDIV-18-415-02,BB-SP-000-0061,Sprayer,Component,,remote_only_healthy,remote_only_plate_needed,P1,assigned,https://cdn.shopify.com/s/files/1/0739/9420/7524/files/CMP-SPR-IVGD-18-415-01__AnSp18-415IvyGl__pdp-main__v001.png?v=1781251881,https://cdn.shopify.com/s/files/1/0739/9420/7524/files/CMP-SPR-IVGD-18-415-01__AnSp18-415IvyGl__pdp-main__v001.png?v=1781251881,,,,false,,false,,false,https://www.bestbottles.com/product/Vintage-antique-bulb-sprayer-ivory-gold,No exact Convex product plate | No exact catalog hero record
AnSp18-415IvySl__RETIRED__CMP-SPR-IVSL-18-415-04__kd741hqcampjwg5bnsh66nchex81vczz,CMP-SPR-IVSL-18-415-04,BB-SP-000-0063,Sprayer,Component,,remote_only_healthy,remote_only_plate_needed,P1,assigned,https://cdn.shopify.com/s/files/1/0739/9420/7524/files/CMP-SPR-IVSL-18-415-01__AnSp18-415IvySl__pdp-main__v001.png?v=1781251881,https://cdn.shopify.com/s/files/1/0739/9420/7524/files/CMP-SPR-IVSL-18-415-01__AnSp18-415IvySl__pdp-main__v001.png?v=1781251881,,,,false,,false,,false,https://www.bestbottles.com/product/Vintage-antique-bulb-sprayer-ivory-silver,No exact Convex product plate | No exact catalog hero record
AnSp18-415Lvn__RETIRED__CMP-SPR-LVSL-18-415-02__kd7anwmhnmf45dqgmemweffp8d81vftk,CMP-SPR-LVSL-18-415-02,BB-SP-000-0065,Sprayer,Component,,remote_only_healthy,remote_only_plate_needed,P1,assigned,https://cdn.shopify.com/s/files/1/0739/9420/7524/files/CMP-SPR-LVN-18-415-01__AnSp18-415Lvn__pdp-main__v001.png?v=1781251882,https://cdn.shopify.com/s/files/1/0739/9420/7524/files/CMP-SPR-LVN-18-415-01__AnSp18-415Lvn__pdp-main__v001.png?v=1781251882,,,,false,,false,,false,https://www.bestbottles.com/product/Vintage-antique-bulb-sprayer-lavender,No exact Convex product plate | No exact catalog hero record
AnSp18-415MtSl__RETIRED__CMP-SPR-MTSL-18-415-04__kd7ap72dx52zvyzkfgbk5vnwsh81vfjb,CMP-SPR-MTSL-18-415-04,BB-SP-000-0067,Sprayer,Component,,remote_only_healthy,remote_only_plate_needed,P1,assigned,https://cdn.shopify.com/s/files/1/0739/9420/7524/files/CMP-SPR-MSLV-18-415-01__AnSp18-415MtSl__pdp-main__v001.png?v=1781251882,https://cdn.shopify.com/s/files/1/0739/9420/7524/files/CMP-SPR-MSLV-18-415-01__AnSp18-415MtSl__pdp-main__v001.png?v=1781251882,,,,false,,false,,false,https://www.bestbottles.com/product/Vintage-antique-bulb-sprayer-matte-silver,No exact Convex product plate | No exact catalog hero record
AnSp18-415Red__RETIRED__CMP-SPR-RDSL-18-415-02__kd79de1mhnabh8e7ms4gbwfet181tz25,CMP-SPR-RDSL-18-415-02,BB-SP-000-0072,Sprayer,Component,,remote_only_healthy,remote_only_plate_needed,P1,assigned,https://cdn.shopify.com/s/files/1/0739/9420/7524/files/CMP-SPR-RED-18-415-01__AnSp18-415Red__pdp-main__v001.png?v=1781251881,https://cdn.shopify.com/s/files/1/0739/9420/7524/files/CMP-SPR-RED-18-415-01__AnSp18-415Red__pdp-main__v001.png?v=1781251881,,,,false,,false,,false,https://www.bestbottles.com/product/Vintage-antique-bulb-sprayer-red,No exact Convex product plate | No exact catalog hero record
AnSp18-415Wht,CMP-SPR-WHT-18-415-01,BB-SP-000-0077,Sprayer,Component,kh7fgvmtebqfxc2mxkc08yd4xx8dpjy9,remote_only_healthy,remote_only_plate_needed,P1,assigned,https://cdn.shopify.com/s/files/1/0739/9420/7524/files/CMP-SPR-WHT-18-415-01__AnSp18-415Wht__pdp-main__v001_38b296db-e25d-480b-9bfc-f93663f84b75.png?v=1781252123,https://cdn.shopify.com/s/files/1/0739/9420/7524/files/CMP-SPR-WHT-18-415-01__AnSp18-415Wht__pdp-main__v001_38b296db-e25d-480b-9bfc-f93663f84b75.png?v=1781252123,,,,false,,false,alias,true,https://www.bestbottles.com/product/Vintage-antique-bulb-sprayer-white,No exact Convex product plate | No exact catalog hero record
AnSp18-415Wht__RETIRED__CMP-SPR-SLWH-18-415-02__kd7dq0dhka01wge6eepfy1hgq981vc5c,CMP-SPR-SLWH-18-415-02,BB-SP-000-0077,Sprayer,Component,,remote_only_healthy,remote_only_plate_needed,P1,assigned,https://cdn.shopify.com/s/files/1/0739/9420/7524/files/CMP-SPR-WHT-18-415-01__AnSp18-415Wht__pdp-main__v001.png?v=1781251881,https://cdn.shopify.com/s/files/1/0739/9420/7524/files/CMP-SPR-WHT-18-415-01__AnSp18-415Wht__pdp-main__v001.png?v=1781251881,,,,false,,false,,false,https://www.bestbottles.com/product/Vintage-antique-bulb-sprayer-white,No exact Convex product plate | No exact catalog hero record
AnSpTsl18-415Blk__RETIRED__CMP-SPR-BKSLWH-18-415-02__kd762fh1ne0kk95wvr3r07g3x181tjfy,CMP-SPR-BKSLWH-18-415-02,BB-SP-000-0079,Sprayer,Component,,remote_only_healthy,remote_only_plate_needed,P1,assigned,https://cdn.shopify.com/s/files/1/0739/9420/7524/files/CMP-SPR-BLK-18-415-02__AnSpTsl18-415Blk__pdp-main__v001.png?v=1781251923,https://cdn.shopify.com/s/files/1/0739/9420/7524/files/CMP-SPR-BLK-18-415-02__AnSpTsl18-415Blk__pdp-main__v001.png?v=1781251923,,,,false,,false,,false,https://www.bestbottles.com/product/Vintage-antique-bulb-sprayer-Black-Tassel,No exact Convex product plate | No exact catalog hero record
AnSpTsl18-415IvyGl__RETIRED__CMP-SPR-GDIVSLWH-18-415-02__kd7dm97dts1cys39frk415gs0s81v3pn,CMP-SPR-GDIVSLWH-18-415-02,BB-SP-000-0084,Sprayer,Component,,remote_only_healthy,remote_only_plate_needed,P1,assigned,https://cdn.shopify.com/s/files/1/0739/9420/7524/files/CMP-SPR-IVGD-18-415-02__AnSpTsl18-415IvyGl__pdp-main__v001.png?v=1781251923,https://cdn.shopify.com/s/files/1/0739/9420/7524/files/CMP-SPR-IVGD-18-415-02__AnSpTsl18-415IvyGl__pdp-main__v001.png?v=1781251923,,,,false,,false,,false,https://www.bestbottles.com/product/Vintage-antique-bulb-sprayer-ivory-gold-Tassel,No exact Convex product plate | No exact catalog hero record
AnSpTsl18-415IvySl__RETIRED__CMP-SPR-IVSLWH-18-415-02__kd7djxwjjp841tfepxgj0bty2n81tkn0,CMP-SPR-IVSLWH-18-415-02,BB-SP-000-0086,Sprayer,Component,,remote_only_healthy,remote_only_plate_needed,P1,assigned,https://cdn.shopify.com/s/files/1/0739/9420/7524/files/CMP-SPR-IVSL-18-415-02__AnSpTsl18-415IvySl__pdp-main__v001.png?v=1781251923,https://cdn.shopify.com/s/files/1/0739/9420/7524/files/CMP-SPR-IVSL-18-415-02__AnSpTsl18-415IvySl__pdp-main__v001.png?v=1781251923,,,,false,,false,,false,https://www.bestbottles.com/product/Vintage-antique-bulb-sprayer-ivory-silver-Tassel,No exact Convex product plate | No exact catalog hero record
AnSpTsl18-415Lvn__RETIRED__CMP-SPR-LVSLWH-18-415-02__kd73dndn4vw7d48aytw1z1wg8581ttje,CMP-SPR-LVSLWH-18-415-02,BB-SP-000-0088,Sprayer,Component,,remote_only_healthy,remote_only_plate_needed,P1,assigned,https://cdn.shopify.com/s/files/1/0739/9420/7524/files/CMP-SPR-LVN-18-415-02__AnSpTsl18-415Lvn__pdp-main__v001.png?v=1781251923,https://cdn.shopify.com/s/files/1/0739/9420/7524/files/CMP-SPR-LVN-18-415-02__AnSpTsl18-415Lvn__pdp-main__v001.png?v=1781251923,,,,false,,false,,false,https://www.bestbottles.com/product/Vintage-antique-bulb-sprayer-lavender-Tassel,No exact Convex product plate | No exact catalog hero record
AnSpTsl18-415MtS__RETIRED__CMP-SPR-MTSLWH-18-415-02__kd72by78z0kx33zbp20bghqpy181vpff,CMP-SPR-MTSLWH-18-415-02,BB-SP-000-0090,Sprayer,Component,,remote_only_healthy,remote_only_plate_needed,P1,assigned,https://cdn.shopify.com/s/files/1/0739/9420/7524/files/CMP-SPR-MSLV-18-415-02__AnSpTsl18-415MtS__pdp-main__v001.png?v=1781251923,https://cdn.shopify.com/s/files/1/0739/9420/7524/files/CMP-SPR-MSLV-18-415-02__AnSpTsl18-415MtS__pdp-main__v001.png?v=1781251923,,,,false,,false,,false,https://www.bestbottles.com/product/Vintage-antique-bulb-sprayer-matte-silver-Tassel,No exact Convex product plate | No exact catalog hero record
AnSpTsl18-415Pnk__RETIRED__CMP-SPR-GDPKSLWH-18-415-02__kd78ngb55khwmvp657kxeqe5q581vne9,CMP-SPR-GDPKSLWH-18-415-02,BB-SP-000-0092,Sprayer,Component,,remote_only_healthy,remote_only_plate_needed,P1,assigned,https://cdn.shopify.com/s/files/1/0739/9420/7524/files/CMP-SPR-PNK-18-415__AnSpTsl18-415Pnk__pdp-main__v001.png?v=1781251923,https://cdn.shopify.com/s/files/1/0739/9420/7524/files/CMP-SPR-PNK-18-415__AnSpTsl18-415Pnk__pdp-main__v001.png?v=1781251923,,,,false,,false,,false,https://www.bestbottles.com/product/Vintage-antique-bulb-sprayer-pink-Tassel,No exact Convex product plate | No exact catalog hero record
AnSpTsl18-415Red__RETIRED__CMP-SPR-RDSLWH-18-415-02__kd7daxyma8tbeqe97z9ppwm8f981vjq3,CMP-SPR-RDSLWH-18-415-02,BB-SP-000-0094,Sprayer,Component,,remote_only_healthy,remote_only_plate_needed,P1,assigned,https://cdn.shopify.com/s/files/1/0739/9420/7524/files/CMP-SPR-RED-18-415-02__AnSpTsl18-415Red__pdp-main__v001.png?v=1781251923,https://cdn.shopify.com/s/files/1/0739/9420/7524/files/CMP-SPR-RED-18-415-02__AnSpTsl18-415Red__pdp-main__v001.png?v=1781251923,,,,false,,false,,false,https://www.bestbottles.com/product/Vintage-antique-bulb-sprayer-red-Tassel,No exact Convex product plate | No exact catalog hero record
AnSpTsl18-415Wht__RETIRED__CMP-SPR-SLWH-18-415-04__kd7e6328a279960jy22fjm5fz181t3bh,CMP-SPR-SLWH-18-415-04,BB-SP-000-0096,Sprayer,Component,,remote_only_healthy,remote_only_plate_needed,P1,assigned,https://cdn.shopify.com/s/files/1/0739/9420/7524/files/CMP-SPR-WHT-18-415-02__AnSpTsl18-415Wht__pdp-main__v001.png?v=1781251923,https://cdn.shopify.com/s/files/1/0739/9420/7524/files/CMP-SPR-WHT-18-415-02__AnSpTsl18-415Wht__pdp-main__v001.png?v=1781251923,,,,false,,false,,false,https://www.bestbottles.com/product/Vintage-antique-bulb-sprayer-white-Tassel,No exact Convex product plate | No exact catalog hero record
AntqSprBulbLavender,CMP-SPR-LVN-BULB,BB-SP-000-0102,Sprayer,Component,kh7dfy9zty97mw3q4xp0ppes198dqj2q,remote_only_healthy,remote_only_plate_needed,P1,assigned,https://cdn.shopify.com/s/files/1/0739/9420/7524/files/CMP-SPR-LVN-BULB__AntqSprBulbLavender__pdp-main__v001.png?v=1781252634,https://cdn.shopify.com/s/files/1/0739/9420/7524/files/CMP-SPR-LVN-BULB__AntqSprBulbLavender__pdp-main__v001.png?v=1781252634,,,,false,/Users/jordanrichter/Projects/Clients/Nemat-International/Best-Bottles-Website-02-20-2026/.worktrees/priority-family-kits/public/images/catalog/bone-review/AntqSprBulbLavender.0af70b666c7c.png,true,no-psd,false,https://www.bestbottles.com/product/Vintage-antique-bulb-sprayer-Lavender,No exact Convex product plate | Source blocker: match:no-psd | Source blocker: familyId:missing:neck
Box-4x4x4,PKG-BOX-WHT-4X4X4,BB-PK-000-0001,Gift Box,Packaging,kh7f6q5415xetn8163qss00ry98dp4tb,remote_only_healthy,remote_only_plate_needed,P1,assigned,https://cdn.shopify.com/s/files/1/0739/9420/7524/files/PKG-BOX-WHT-4X4X4__Box-4x4x4__pdp-main__v001.png?v=1781252466,https://cdn.shopify.com/s/files/1/0739/9420/7524/files/PKG-BOX-WHT-4X4X4__Box-4x4x4__pdp-main__v001.png?v=1781252466,,,,false,,false,no-psd,false,https://www.bestbottles.com/product/Brown-Shipping-Packaging-Box-4x4x4,No exact Convex product plate | No exact catalog hero record | Source blocker: match:no-psd | Source blocker: familyId:missing:neck
Box-5x5x5,PKG-BOX-WHT-5X5X5,BB-PK-000-0002,Gift Box,Packaging,kh7f6q5415xetn8163qss00ry98dp4tb,remote_only_healthy,remote_only_plate_needed,P1,assigned,https://cdn.shopify.com/s/files/1/0739/9420/7524/files/PKG-BOX-WHT-5X5X5__Box-5x5x5__pdp-main__v001.png?v=1781252466,https://cdn.shopify.com/s/files/1/0739/9420/7524/files/PKG-BOX-WHT-5X5X5__Box-5x5x5__pdp-main__v001.png?v=1781252466,,,,false,,false,no-psd,false,https://www.bestbottles.com/product/Brown-Shipping-Packaging-Box-5x5x5,No exact Convex product plate | No exact catalog hero record | Source blocker: match:no-psd | Source blocker: familyId:missing:neck
BoxBWndwBlueFthr,PKG-BOX-BWIN-BLU,BB-PK-000-0003,Gift Box,Packaging,kh7067qch4pk7wd1srhsv8za318dqm02,remote_only_healthy,remote_only_plate_needed,P1,assigned,https://cdn.shopify.com/s/files/1/0739/9420/7524/files/PKG-BOX-BWIN-BLU__BoxBWndwBlueFthr__pdp-main__v001.png?v=1781252466,https://cdn.shopify.com/s/files/1/0739/9420/7524/files/PKG-BOX-BWIN-BLU__BoxBWndwBlueFthr__pdp-main__v001.png?v=1781252466,,,,false,/Users/jordanrichter/Projects/Clients/Nemat-International/Best-Bottles-Website-02-20-2026/.worktrees/priority-family-kits/public/images/catalog/bone-review/BoxBWndwBlueFthr.d01bce4f2949.png,true,no-psd,false,https://www.bestbottles.com/product/Gift-box-B-small-window-Blue-feather,No exact Convex product plate | Source blocker: match:no-psd | Source blocker: familyId:missing:neck
BoxBWndwEarthBrush,PKG-BOX-BWIN-ERTH,BB-PK-000-0004,Gift Box,Packaging,kh70gc8n44phdqtnfv203e6nxn8dqe4s,remote_only_healthy,remote_only_plate_needed,P1,assigned,https://cdn.shopify.com/s/files/1/0739/9420/7524/files/PKG-BOX-BWIN-ERTH__BoxBWndwEarthBrush__pdp-main__v001.png?v=1781252466,https://cdn.shopify.com/s/files/1/0739/9420/7524/files/PKG-BOX-BWIN-ERTH__BoxBWndwEarthBrush__pdp-main__v001.png?v=1781252466,,,,false,/Users/jordanrichter/Projects/Clients/Nemat-International/Best-Bottles-Website-02-20-2026/.worktrees/priority-family-kits/public/images/catalog/bone-review/BoxBWndwEarthBrush.2f69207043b9.png,true,no-psd,false,https://www.bestbottles.com/product/Gift-box-B-small-window-earth-brush,No exact Convex product plate | Source blocker: match:no-psd | Source blocker: familyId:missing:neck
BoxBWndwGreenBrush,PKG-BOX-BWIN-GRN,BB-PK-000-0005,Gift Box,Packaging,kh72dct1qnvs0a1ecpx1ewye8d8dp0wz,remote_only_healthy,remote_only_plate_needed,P1,assigned,https://cdn.shopify.com/s/files/1/0739/9420/7524/files/PKG-BOX-BWIN-GRN__BoxBWndwGreenBrush__pdp-main__v001.png?v=1781252466,https://cdn.shopify.com/s/files/1/0739/9420/7524/files/PKG-BOX-BWIN-GRN__BoxBWndwGreenBrush__pdp-main__v001.png?v=1781252466,,,,false,/Users/jordanrichter/Projects/Clients/Nemat-International/Best-Bottles-Website-02-20-2026/.worktrees/priority-family-kits/public/images/catalog/bone-review/BoxBWndwGreenBrush.784b4d501681.png,true,no-psd,false,https://www.bestbottles.com/product/Gift-box-B-small-window-Green-brush,No exact Convex product plate | Source blocker: match:no-psd | Source blocker: familyId:missing:neck
BoxBWndwOrngShade,PKG-BOX-BWIN-ORNG,BB-PK-000-0006,Gift Box,Packaging,kh70gc8n44phdqtnfv203e6nxn8dqe4s,remote_only_healthy,remote_only_plate_needed,P1,assigned,https://cdn.shopify.com/s/files/1/0739/9420/7524/files/PKG-BOX-BWIN-ORNG__BoxBWndwOrngShade__pdp-main__v001.png?v=1781252466,https://cdn.shopify.com/s/files/1/0739/9420/7524/files/PKG-BOX-BWIN-ORNG__BoxBWndwOrngShade__pdp-main__v001.png?v=1781252466,,,,false,,false,no-psd,false,https://www.bestbottles.com/product/Gift-box-B-small-window-Orange-Shade,No exact Convex product plate | No exact catalog hero record | Source blocker: match:no-psd | Source blocker: familyId:missing:neck
BoxCWndwBlueDots,PKG-BOX-CWIN-BLU,BB-PK-000-0007,Gift Box,Packaging,kh7067qch4pk7wd1srhsv8za318dqm02,remote_only_healthy,remote_only_plate_needed,P1,assigned,https://cdn.shopify.com/s/files/1/0739/9420/7524/files/PKG-BOX-CWIN-BLU__BoxCWndwBlueDots__pdp-main__v001.png?v=1781252466,https://cdn.shopify.com/s/files/1/0739/9420/7524/files/PKG-BOX-CWIN-BLU__BoxCWndwBlueDots__pdp-main__v001.png?v=1781252466,,,,false,,false,no-psd,false,https://www.bestbottles.com/product/Gift-box-C-small-window-Blue-dots,No exact Convex product plate | No exact catalog hero record | Source blocker: match:no-psd | Source blocker: familyId:missing:neck
BoxCWndwGreenPrint,PKG-BOX-CWIN-GNPR,BB-PK-000-0008,Gift Box,Packaging,kh72dct1qnvs0a1ecpx1ewye8d8dp0wz,remote_only_healthy,remote_only_plate_needed,P1,assigned,https://cdn.shopify.com/s/files/1/0739/9420/7524/files/PKG-BOX-CWIN-GNPR__BoxCWndwGreenPrint__pdp-main__v001.png?v=1781252466,https://cdn.shopify.com/s/files/1/0739/9420/7524/files/PKG-BOX-CWIN-GNPR__BoxCWndwGreenPrint__pdp-main__v001.png?v=1781252466,,,,false,,false,no-psd,false,https://www.bestbottles.com/product/Gift-box-C-small-window-Green-print,No exact Convex product plate | No exact catalog hero record | Source blocker: match:no-psd | Source blocker: familyId:missing:neck
BoxCWndwGrnShd,PKG-BOX-CWIN-GNSH,BB-PK-000-0009,Gift Box,Packaging,kh72dct1qnvs0a1ecpx1ewye8d8dp0wz,remote_only_healthy,remote_only_plate_needed,P1,assigned,https://cdn.shopify.com/s/files/1/0739/9420/7524/files/PKG-BOX-CWIN-GNSH__BoxCWndwGrnShd__pdp-main__v001.png?v=1781252466,https://cdn.shopify.com/s/files/1/0739/9420/7524/files/PKG-BOX-CWIN-GNSH__BoxCWndwGrnShd__pdp-main__v001.png?v=1781252466,,,,false,,false,no-psd,false,https://www.bestbottles.com/product/Gift-box-C-small-window-Green-Shade,No exact Convex product plate | No exact catalog hero record | Source blocker: match:no-psd | Source blocker: familyId:missing:neck
BoxCWndwSlvrSunFlwr,PKG-BOX-CWIN-SLV,BB-PK-000-0010,Gift Box,Packaging,kh7ahsaxnqmn0zr3b5twfhwnys8dpkmp,remote_only_healthy,remote_only_plate_needed,P1,assigned,https://cdn.shopify.com/s/files/1/0739/9420/7524/files/PKG-BOX-CWIN-SLV__BoxCWndwSlvrSunFlwr__pdp-main__v001.png?v=1781252466,https://cdn.shopify.com/s/files/1/0739/9420/7524/files/PKG-BOX-CWIN-SLV__BoxCWndwSlvrSunFlwr__pdp-main__v001.png?v=1781252466,,,,false,/Users/jordanrichter/Projects/Clients/Nemat-International/Best-Bottles-Website-02-20-2026/.worktrees/priority-family-kits/public/images/catalog/bone-review/BoxCWndwSlvrSunFlwr.e4a0b12cd7e0.png,true,no-psd,false,https://www.bestbottles.com/product/Gift-box-C-small-window-Silver-Sunflower,No exact Convex product plate | Source blocker: match:no-psd | Source blocker: familyId:missing:neck
BoxCWndwWhite,PKG-BOX-CWIN-WHT,BB-PK-000-0011,Gift Box,Packaging,kh7b3y7q7dy3eftqmb8hyz2nn58dphd8,remote_only_healthy,remote_only_plate_needed,P1,assigned,https://cdn.shopify.com/s/files/1/0739/9420/7524/files/PKG-BOX-CWIN-WHT__BoxCWndwWhite__pdp-main__v001.png?v=1781252466,https://cdn.shopify.com/s/files/1/0739/9420/7524/files/PKG-BOX-CWIN-WHT__BoxCWndwWhite__pdp-main__v001.png?v=1781252466,,,,false,/Users/jordanrichter/Projects/Clients/Nemat-International/Best-Bottles-Website-02-20-2026/.worktrees/priority-family-kits/public/images/catalog/bone-review/BoxCWndwWhite.e678b14e4668.png,true,no-psd,false,https://www.bestbottles.com/product/Gift-box-C-small-window-white-color,No exact Convex product plate | Source blocker: match:no-psd | Source blocker: familyId:missing:neck
BoxECreamMatteCube,PKG-BOX-ECRM-CUBE,BB-PK-000-0012,Gift Box,Packaging,kh7058fc1j6qadsqbejw8qqx758dpy6m,remote_only_healthy,remote_only_plate_needed,P1,assigned,https://cdn.shopify.com/s/files/1/0739/9420/7524/files/PKG-BOX-ECRM-CUBE__BoxECreamMatteCube__pdp-main__v001.png?v=1781252466,https://cdn.shopify.com/s/files/1/0739/9420/7524/files/PKG-BOX-ECRM-CUBE__BoxECreamMatteCube__pdp-main__v001.png?v=1781252466,,,,false,/Users/jordanrichter/Projects/Clients/Nemat-International/Best-Bottles-Website-02-20-2026/.worktrees/priority-family-kits/public/images/catalog/bone-review/BoxECreamMatteCube.cacc731f6150.png,true,no-psd,false,https://www.bestbottles.com/product/Gift-Box-Cream-butter-balm-color-4x3-5x4,No exact Convex product plate | Source blocker: match:no-psd | Source blocker: familyId:missing:neck
BoxECreamMatteRctMed,PKG-BOX-ECRM-RECT,BB-PK-000-0013,Gift Box,Packaging,kh7058fc1j6qadsqbejw8qqx758dpy6m,remote_only_healthy,remote_only_plate_needed,P1,assigned,https://cdn.shopify.com/s/files/1/0739/9420/7524/files/PKG-BOX-ECRM-RECT__BoxECreamMatteRctMed__pdp-main__v001.png?v=1781252466,https://cdn.shopify.com/s/files/1/0739/9420/7524/files/PKG-BOX-ECRM-RECT__BoxECreamMatteRctMed__pdp-main__v001.png?v=1781252466,,,,false,,false,no-psd,false,https://www.bestbottles.com/product/Gift-Box-Cream-butter-balm-color-3-1x2-75x5-9,No exact Convex product plate | No exact catalog hero record | Source blocker: match:no-psd | Source blocker: familyId:missing:neck
BoxWhite101020,PKG-BOX-WHT-1X1X2,BB-PK-000-0014,Gift Box,Packaging,kh7f6q5415xetn8163qss00ry98dp4tb,remote_only_healthy,remote_only_plate_needed,P1,assigned,https://cdn.shopify.com/s/files/1/0739/9420/7524/files/PKG-BOX-WHT-1X1X2__BoxWhite101020__pdp-main__v001.png?v=1781252466,https://cdn.shopify.com/s/files/1/0739/9420/7524/files/PKG-BOX-WHT-1X1X2__BoxWhite101020__pdp-main__v001.png?v=1781252466,,,,false,/Users/jordanrichter/Projects/Clients/Nemat-International/Best-Bottles-Website-02-20-2026/.worktrees/priority-family-kits/public/images/catalog/bone-review/BoxWhite101020.26109fa0366c.png,true,no-psd,false,https://www.bestbottles.com/product/Gift-Box-White-1x1x2,No exact Convex product plate | Source blocker: match:no-psd | Source blocker: familyId:missing:neck
CJ30BlkCap,CMP-CLS-BLK-06,BB-CL-000-0008,Cap/Closure,Component,kh780e2mr65apzgqw7tv3txhzh8dqjra,no_verified_source,source_recovery,P0,missing_variant_image,,,,,,false,,false,no-psd,false,https://www.bestbottles.com/product/cream-jar-style-30-ml-frosted-glass-bottle-black-cap,Shopify variant has no assigned image | No exact Convex product plate | No exact catalog hero record | Source blocker: match:no-psd
CJ30SlCap,CMP-CLS-SLV-02,BB-CL-000-0009,Cap/Closure,Component,kh780e2mr65apzgqw7tv3txhzh8dqjra,no_verified_source,source_recovery,P0,missing_variant_image,,,,,,false,,false,no-psd,false,https://www.bestbottles.com/product/cream-jar-style-30-ml-frosted-glass-bottle-silver-cap,Shopify variant has no assigned image | No exact Convex product plate | No exact catalog hero record | Source blocker: match:no-psd
CJ40BlkCap,CMP-CLS-BLK-07,BB-CL-000-0010,Cap/Closure,Component,kh780e2mr65apzgqw7tv3txhzh8dqjra,no_verified_source,source_recovery,P0,missing_variant_image,,,,,,false,,false,no-psd,false,https://www.bestbottles.com/product/cream-jar-style-40-ml-frosted-glass-bottle-black-cap,Shopify variant has no assigned image | No exact Convex product plate | No exact catalog hero record | Source blocker: match:no-psd
CJ40SlCap,CMP-CLS-SLV-03,BB-CL-000-0011,Cap/Closure,Component,kh780e2mr65apzgqw7tv3txhzh8dqjra,no_verified_source,source_recovery,P0,missing_variant_image,,,,,,false,,false,no-psd,false,https://www.bestbottles.com/product/cream-jar-style-40-ml-frosted-glass-bottle-silver-cap,Shopify variant has no assigned image | No exact Convex product plate | No exact catalog hero record | Source blocker: match:no-psd
CJ5BlkCap,CMP-CLS-BLK-08,BB-CL-000-0012,Cap/Closure,Component,kh780e2mr65apzgqw7tv3txhzh8dqjra,no_verified_source,source_recovery,P0,missing_variant_image,,,,,,false,,false,no-psd,false,https://www.bestbottles.com/product/cream-jar-style-5-ml-amber-glass-bottle-black-cap,Shopify variant has no assigned image | No exact Convex product plate | No exact catalog hero record | Source blocker: match:no-psd
CJ5SlCap,CMP-CLS-SLV-04,BB-CL-000-0013,Cap/Closure,Component,kh780e2mr65apzgqw7tv3txhzh8dqjra,no_verified_source,source_recovery,P0,missing_variant_image,,,,,,false,,false,no-psd,false,https://www.bestbottles.com/product/cream-jar-style-5-ml-amber-glass-bottle-silver-cap,Shopify variant has no assigned image | No exact Convex product plate | No exact catalog hero record | Source blocker: match:no-psd
CJAmb30BlkCap,CJ-JAR-AMB-30ML-BLK,BB-CJ-030-0001,Cream Jar,Glass Jar,kh70xbssy25grhkk4jgr33c2g18dp85n,no_verified_source,source_recovery,P0,missing_variant_image,,https://cdn.shopify.com/s/files/1/0739/9420/7524/files/master_corrected_1779532377433_68ke8f.png?v=1781252542,,,,false,/Users/jordanrichter/Projects/Clients/Nemat-International/Best-Bottles-Website-02-20-2026/.worktrees/priority-family-kits/public/images/catalog/bone-review/CJAmb30BlkCap.11cec945cba3.png,true,no-psd,false,https://www.bestbottles.com/product/cream-jar-style-30-ml-amber-glass-bottle-black-cap,Shopify variant has no assigned image | Assigned remote image returned 404 | No exact Convex product plate | Source blocker: match:no-psd
CJBlu3,CJ-JAR-CBL-9ML,BB-CJ-009-0001,Cream Jar,Glass Jar,kh7a589thqcf1pw74wfc86j3918dqxta,no_verified_source,source_recovery,P0,missing_variant_image,,https://cdn.shopify.com/s/files/1/0739/9420/7524/files/master_corrected_1779532003923_vx5wfh.png?v=1779532077,,,,false,/Users/jordanrichter/Projects/Clients/Nemat-International/Best-Bottles-Website-02-20-2026/.worktrees/priority-family-kits/public/images/catalog/bone-review/CJBlu3.7c0118ae3871.png,true,no-psd,false,https://www.bestbottles.com/product/cream-jar-style-3-ml-blue-plastic-bottle-blue-cap,Shopify variant has no assigned image | Assigned remote image returned 404 | No exact Convex product plate | Source blocker: match:no-psd
CP13-415SpryBlkMt__RETIRED__CMP-SPR-MTBK-13-415-07__kd72baqmp72ys1hmvztz5mk1w581t3vm,CMP-SPR-MTBK-13-415-07,BB-SP-000-0114,Sprayer,Component,,remote_only_healthy,remote_only_plate_needed,P1,assigned,https://cdn.shopify.com/s/files/1/0739/9420/7524/files/CMP-CAP-BLK-13-415-01__CP13-415SpryBlkMt__pdp-main__v001.png?v=1781251785,https://cdn.shopify.com/s/files/1/0739/9420/7524/files/CMP-CAP-BLK-13-415-01__CP13-415SpryBlkMt__pdp-main__v001.png?v=1781251785,,,,false,,false,,false,https://www.bestbottles.com/product/spray-top-matte-black-13-415,No exact Convex product plate | No exact catalog hero record
CP13-415SpryBlkSh__RETIRED__CMP-SPR-SHBK-13-415-07__kd7fv9jptth8sycbfevk9dm7hh81t1m5,CMP-SPR-SHBK-13-415-07,BB-SP-000-0117,Sprayer,Component,,remote_only_healthy,remote_only_plate_needed,P1,assigned,https://cdn.shopify.com/s/files/1/0739/9420/7524/files/CMP-CAP-BLK-13-415-02__CP13-415SpryBlkSh__pdp-main__v001.png?v=1781251785,https://cdn.shopify.com/s/files/1/0739/9420/7524/files/CMP-CAP-BLK-13-415-02__CP13-415SpryBlkSh__pdp-main__v001.png?v=1781251785,,,,false,,false,,false,https://www.bestbottles.com/product/spray-top-shiny-black-13-415,No exact Convex product plate | No exact catalog hero record
CP13-415SpryBluMt__RETIRED__CMP-SPR-MTBL-13-415-07__kd740pmxrjeycm4j4zb7d5cja181v80r,CMP-SPR-MTBL-13-415-07,BB-SP-000-0120,Sprayer,Component,,remote_only_healthy,remote_only_plate_needed,P1,assigned,https://cdn.shopify.com/s/files/1/0739/9420/7524/files/CMP-CAP-13-415__CP13-415SpryBluMt__pdp-main__v001.png?v=1781251785,https://cdn.shopify.com/s/files/1/0739/9420/7524/files/CMP-CAP-13-415__CP13-415SpryBluMt__pdp-main__v001.png?v=1781251785,,,,false,,false,,false,https://www.bestbottles.com/product/spray-top-matte-blue-13-415,No exact Convex product plate | No exact catalog hero record
CP13-415SpryGlMt__RETIRED__CMP-SPR-MTGD-13-415-07__kd7fh3qwsytnvqp8jd7h7echq581tntw,CMP-SPR-MTGD-13-415-07,BB-SP-000-0126,Sprayer,Component,,remote_only_healthy,remote_only_plate_needed,P1,assigned,https://cdn.shopify.com/s/files/1/0739/9420/7524/files/CMP-CAP-SGLD-13-415-02__CP13-415SpryGlMt__pdp-main__v001.png?v=1781251785,https://cdn.shopify.com/s/files/1/0739/9420/7524/files/CMP-CAP-SGLD-13-415-02__CP13-415SpryGlMt__pdp-main__v001.png?v=1781251785,,,,false,,false,,false,https://www.bestbottles.com/product/spray-top-matte-gold-13-415,No exact Convex product plate | No exact catalog hero record
CP13-415SpryGlSh,CMP-CAP-SGLD-13-415-03,BB-SP-000-0129,Cap/Closure,Component,kh76b4hty9rvvsjbbn9wmepvx98dp41m,remote_only_healthy,remote_only_plate_needed,P1,assigned,https://cdn.shopify.com/s/files/1/0739/9420/7524/files/CMP-CAP-SGLD-13-415-03__CP13-415SpryGlSh__pdp-main__v001_b806de2c-0f21-4550-892a-47c1bda2b77f.png?v=1781252665,https://cdn.shopify.com/s/files/1/0739/9420/7524/files/CMP-CAP-SGLD-13-415-03__CP13-415SpryGlSh__pdp-main__v001_b806de2c-0f21-4550-892a-47c1bda2b77f.png?v=1781252665,,,,false,,false,exact,true,https://www.bestbottles.com/product/spray-top-shiny-gold-13-415,No exact Convex product plate | No exact catalog hero record
CP13-415SpryGlSh__RETIRED__CMP-SPR-SHGD-13-415-07__kd7cr6yqfsxemgm3rd74zcf6ks81tm1y,CMP-SPR-SHGD-13-415-07,BB-SP-000-0129,Sprayer,Component,,remote_only_healthy,remote_only_plate_needed,P1,assigned,https://cdn.shopify.com/s/files/1/0739/9420/7524/files/CMP-CAP-SGLD-13-415-03__CP13-415SpryGlSh__pdp-main__v001.png?v=1781251785,https://cdn.shopify.com/s/files/1/0739/9420/7524/files/CMP-CAP-SGLD-13-415-03__CP13-415SpryGlSh__pdp-main__v001.png?v=1781251785,,,,false,,false,,false,https://www.bestbottles.com/product/spray-top-shiny-gold-13-415,No exact Convex product plate | No exact catalog hero record
CP13-415SprySlMt,CMP-CAP-SLV-13-415-02,BB-SP-000-0133,Cap/Closure,Component,kh76b4hty9rvvsjbbn9wmepvx98dp41m,remote_only_healthy,remote_only_plate_needed,P1,assigned,https://cdn.shopify.com/s/files/1/0739/9420/7524/files/CMP-CAP-SLV-13-415-02__CP13-415SprySlMt__pdp-main__v001_b46daa3f-51d7-4769-9f42-83734e7666b4.png?v=1781252669,https://cdn.shopify.com/s/files/1/0739/9420/7524/files/CMP-CAP-SLV-13-415-02__CP13-415SprySlMt__pdp-main__v001_b46daa3f-51d7-4769-9f42-83734e7666b4.png?v=1781252669,,,,false,,false,exact,true,https://www.bestbottles.com/product/spray-top-matte-silver-13-415,No exact Convex product plate | No exact catalog hero record
CP13-415SprySlMt__RETIRED__CMP-SPR-MTSL-13-415-07__kd76392bqmeh4kbzfm81283z5981vhd3,CMP-SPR-MTSL-13-415-07,BB-SP-000-0133,Sprayer,Component,,remote_only_healthy,remote_only_plate_needed,P1,assigned,https://cdn.shopify.com/s/files/1/0739/9420/7524/files/CMP-CAP-SLV-13-415-02__CP13-415SprySlMt__pdp-main__v001.png?v=1781251785,https://cdn.shopify.com/s/files/1/0739/9420/7524/files/CMP-CAP-SLV-13-415-02__CP13-415SprySlMt__pdp-main__v001.png?v=1781251785,,,,false,,false,,false,https://www.bestbottles.com/product/spray-top-matte-silver-13-415,No exact Convex product plate | No exact catalog hero record
CP13-415SprySlSh,CMP-CAP-SLV-13-415-03,BB-SP-000-0136,Cap/Closure,Component,kh76b4hty9rvvsjbbn9wmepvx98dp41m,remote_only_healthy,remote_only_plate_needed,P1,assigned,https://cdn.shopify.com/s/files/1/0739/9420/7524/files/CMP-CAP-SLV-13-415-03__CP13-415SprySlSh__pdp-main__v001_62935185-d87a-40cd-ac6a-24172e39d78e.png?v=1781252669,https://cdn.shopify.com/s/files/1/0739/9420/7524/files/CMP-CAP-SLV-13-415-03__CP13-415SprySlSh__pdp-main__v001_62935185-d87a-40cd-ac6a-24172e39d78e.png?v=1781252669,,,,false,,false,exact,true,https://www.bestbottles.com/product/spray-top-shiny-silver-13-415,No exact Convex product plate | No exact catalog hero record
CP13-415SprySlSh__RETIRED__CMP-SPR-SHSL-13-415-07__kd7213hha1xkgtw0tbys446sen81vrnn,CMP-SPR-SHSL-13-415-07,BB-SP-000-0136,Sprayer,Component,,remote_only_healthy,remote_only_plate_needed,P1,assigned,https://cdn.shopify.com/s/files/1/0739/9420/7524/files/CMP-CAP-SLV-13-415-03__CP13-415SprySlSh__pdp-main__v001.png?v=1781251785,https://cdn.shopify.com/s/files/1/0739/9420/7524/files/CMP-CAP-SLV-13-415-03__CP13-415SprySlSh__pdp-main__v001.png?v=1781251785,,,,false,,false,,false,https://www.bestbottles.com/product/spray-top-shiny-silver-13-415,No exact Convex product plate | No exact catalog hero record
CP13-425Blk,CMP-CLS-BLK-13-425,BB-CL-000-0022,Cap/Closure,Component,kh7fn59ed1ysgcvzze72e3ygg98dp4jp,no_verified_source,source_recovery,P0,missing_variant_image,,,,,,false,,false,no-psd,false,https://www.bestbottles.com/product/caps-lids-top-bottle-black-color-1oz-20-400,Shopify variant has no assigned image | No exact Convex product plate | No exact catalog hero record | Source blocker: match:no-psd
CP13-425Wht,CMP-CLS-WHT-13-425,BB-CL-000-0023,Cap/Closure,Component,kh7fn59ed1ysgcvzze72e3ygg98dp4jp,no_verified_source,source_recovery,P0,missing_variant_image,,,,,,false,,false,no-psd,false,https://www.bestbottles.com/product/dropper-white-rubber-bulb-copper-trim-glass-pipette,Shopify variant has no assigned image | No exact Convex product plate | No exact catalog hero record | Source blocker: match:no-psd
CP18-415ShnBlkTall,CMP-CAP-SBLK-18415-T,BB-CL-000-0211,Cap/Closure,Component,kh7ffvmp1v92mjgp08jwswbwr98dp703,remote_only_healthy,remote_only_plate_needed,P1,missing_variant_image,,https://www.bestbottles.com/images/store/enlarged_pics/CP18-415ShnBlkTall.gif,,,,false,,false,exact,true,https://www.bestbottles.com/product/Caps-reducer-lids-top-bottle-shiny-black-tall-18-415,Shopify variant has no assigned image | No exact Convex product plate | No exact catalog hero record
CP24-400BlkPls,CMP-CAP-PHN-24400-BLK,BB-CL-000-0066,Cap/Closure,Component,kh7aebfgz11njsjp2gn2sec76s8dp2ce,no_verified_source,source_recovery,P0,missing_variant_image,,,,,,false,,false,no-psd,false,https://www.bestbottles.com/product/caps-lids-top-bottle-black-color-2oz-20-400,Shopify variant has no assigned image | No exact Convex product plate | No exact catalog hero record | Source blocker: match:no-psd
CP8-425TallBlack,CMP-CAP-BLK-8425-T,BB-CL-000-0215,Cap/Closure,Component,kh7a5qzvws6t123vkdcv2krpms8dp5wv,remote_only_healthy,remote_only_plate_needed,P1,missing_variant_image,,https://www.bestbottles.com/images/store/enlarged_pics/CP8-425TallBlack.gif,,,,false,,false,exact,true,https://www.bestbottles.com/product/Caps-tall-lid-top-black-Color-8-425,Shopify variant has no assigned image | No exact Convex product plate | No exact catalog hero record
CPKeyChnGld,CMP-CLS-GLD-02,BB-CL-000-0083,Cap/Closure,Component,kh7dp1znppm69v04xp8kvatnw58dpefm,no_verified_source,source_recovery,P0,missing_variant_image,,,,,,false,,false,no-psd,false,https://www.bestbottles.com/product/caps-lids-top-bottle-shiny-gold-color-15-415,Shopify variant has no assigned image | No exact Convex product plate | No exact catalog hero record | Source blocker: match:no-psd
CPTslRed,CMP-CLS-GDRD,BB-CL-000-0090,Cap/Closure,Component,kh7dp1znppm69v04xp8kvatnw58dpefm,no_verified_source,source_recovery,P0,missing_variant_image,,,,,,false,,false,no-psd,false,https://www.bestbottles.com/product/vintage-antique-bulb-sprayer-black-tassel,Shopify variant has no assigned image | No exact Convex product plate | No exact catalog hero record | Source blocker: match:no-psd
CPWhite1Oz,CMP-ROC-WHT-03,BB-RC-000-0055,Roll-On Cap,Component,kh7a25jc0ag3hwbwfr5mtjygq58dp2er,no_verified_source,source_recovery,P0,missing_variant_image,,,,,,false,,false,no-psd,false,https://www.bestbottles.com/product/caps-lids-top-roll-on-bottle-black-dot-color-13-415,Shopify variant has no assigned image | No exact Convex product plate | No exact catalog hero record | Source blocker: match:no-psd | Source blocker: familyId:missing:neck
CapBlackPoly22mm-400,CMP-CLS-BLK-03,BB-CL-000-0005,Cap/Closure,Component,kh7c7pyrz4bb6hby4yv33r0n418dpcv0,no_verified_source,source_recovery,P0,missing_variant_image,,,,,,false,,false,no-psd,false,https://www.bestbottles.com/product/caps-lids-top-bottle-black-color-1oz-20-400,Shopify variant has no assigned image | No exact Convex product plate | No exact catalog hero record | Source blocker: match:no-psd
CreamJarAmb40Blkcap,CJ-JAR-AMB-40ML-01,BB-CJ-040-0001,Cream Jar,Glass Jar,kh7b0k275c1yprzknzv6hbz7n58dp4vg,no_verified_source,source_recovery,P0,missing_variant_image,,https://cdn.shopify.com/s/files/1/0739/9420/7524/files/master_corrected_1779532598399_6jkgj4.png?v=1781252546,,,,false,/Users/jordanrichter/Projects/Clients/Nemat-International/Best-Bottles-Website-02-20-2026/.worktrees/priority-family-kits/public/images/catalog/bone-review/CreamJarAmb40Blkcap.9d2e6f554c40.png,true,no-psd,false,https://www.bestbottles.com/product/cream-jar-style-40-ml-amber-glass-bottle-black-cap,Shopify variant has no assigned image | Assigned remote image returned 404 | No exact Convex product plate | Source blocker: match:no-psd
CreamJarAmb5mlSlcap,BB-CREAMJARAMB5MLSLCAP,NEW-CREAMJARAMB5MLSLCAP,Cream Jar,Component,kh74ga4dsx2myff10rxb9d55kn8dpzcb,remote_only_healthy,remote_only_plate_needed,P1,assigned,https://cdn.shopify.com/s/files/1/0739/9420/7524/files/BB-CREAMJARAMB5MLSLCAP__CreamJarAmb5mlSlcap__pdp-main__v001.png?v=1781252535,https://cdn.shopify.com/s/files/1/0739/9420/7524/files/BB-CREAMJARAMB5MLSLCAP__CreamJarAmb5mlSlcap__pdp-main__v001.png?v=1781252535,,,,false,/Users/jordanrichter/Projects/Clients/Nemat-International/Best-Bottles-Website-02-20-2026/.worktrees/priority-family-kits/public/images/catalog/bone-review/CreamJarAmb5mlSlcap.f2657d1ff236.png,true,no-psd,false,https://www.bestbottles.com/product/cream-jar-style-5-ml-amber-glass-bottle-silver-cap,No exact Convex product plate | Source blocker: match:no-psd
CreamJarFrstdPlsBlkPls2oz,CJ-JAR-FRS-60ML,BB-CJ-060-0001,Cream Jar,Glass Jar,kh7c4czc0jzw7y2pdf0b99qx3h8dpt1v,no_verified_source,source_recovery,P0,missing_variant_image,,https://cdn.shopify.com/s/files/1/0739/9420/7524/files/master_corrected_1779532808027_fncjnu.png?v=1781252553,,,,false,/Users/jordanrichter/Projects/Clients/Nemat-International/Best-Bottles-Website-02-20-2026/.worktrees/priority-family-kits/public/images/catalog/bone-review/CreamJarFrstdPlsBlkPls2oz.b4704e34c7b2.png,true,no-psd,false,https://www.bestbottles.com/product/Cream-jar-Plastic-Frosted-Black-cap-2oz,Shopify variant has no assigned image | Assigned remote image returned 404 | No exact Convex product plate | Source blocker: match:no-psd
Droppers1ozElg,CMP-DRP-AMB,BB-DR-000-0012,Dropper,Component,kh78wnh4117f2tqnej50ddchm58dqbq9,no_verified_source,source_recovery,P0,missing_variant_image,,,,,,false,,false,no-psd,false,https://www.bestbottles.com/product/dropper-black-rubber-bulb-black-trim-glass-pipette-15ml,Shopify variant has no assigned image | No exact Convex product plate | No exact catalog hero record | Source blocker: match:no-psd
FunnelMetalGl,ACC-FNL-GLD,BB-AC-000-0026,Tool,Accessory,kh7bj3p4mceg5yaqdjr6t57ht98dp4ms,remote_only_healthy,remote_only_plate_needed,P1,assigned,https://cdn.shopify.com/s/files/1/0739/9420/7524/files/ACC-FNL-GLD__FunnelMetalGl__pdp-main__v001.png?v=1781252377,https://cdn.shopify.com/s/files/1/0739/9420/7524/files/ACC-FNL-GLD__FunnelMetalGl__pdp-main__v001.png?v=1781252377,,,,false,/Users/jordanrichter/Projects/Clients/Nemat-International/Best-Bottles-Website-02-20-2026/.worktrees/priority-family-kits/public/images/catalog/bone-review/FunnelMetalGl.d01f5de8abd2.png,true,no-psd,false,https://www.bestbottles.com/product/Funnel-small-metal-Gold-color,No exact Convex product plate | Source blocker: match:no-psd | Source blocker: familyId:missing:neck
FunnelMetalSl,ACC-FNL-SLV,BB-AC-000-0027,Tool,Accessory,kh7egt13fzesq3gzntx7qvparn8dq363,remote_only_healthy,remote_only_plate_needed,P1,assigned,https://cdn.shopify.com/s/files/1/0739/9420/7524/files/ACC-FNL-SLV__FunnelMetalSl__pdp-main__v001.png?v=1781252377,https://cdn.shopify.com/s/files/1/0739/9420/7524/files/ACC-FNL-SLV__FunnelMetalSl__pdp-main__v001.png?v=1781252377,,,,false,/Users/jordanrichter/Projects/Clients/Nemat-International/Best-Bottles-Website-02-20-2026/.worktrees/priority-family-kits/public/images/catalog/bone-review/FunnelMetalSl.d77e83cc28ab.png,true,no-psd,false,https://www.bestbottles.com/product/Funnel-Small-Metal-Silver,No exact Convex product plate | Source blocker: match:no-psd | Source blocker: familyId:missing:neck
GB1mlVWht,GB-VIA-CLR-1ML-WHT-T,BB-GB-001-0004,Vial,Glass Bottle,kh725fg9p2vc7w02vy9rmgaxa58dp14h,no_verified_source,source_recovery,P0,missing_variant_image,,https://cdn.shopify.com/s/files/1/0739/9420/7524/files/master_corrected_1779592025758_pi8ip6.png?v=1779593978,,,,false,,false,no-psd,false,https://www.bestbottles.com/product/Vial-style-1-ml-glass-bottle-white-applicator,Shopify variant has no assigned image | Assigned remote image returned 404 | No exact Convex product plate | No exact catalog hero record | Source blocker: match:no-psd
GBATom5RedBurg,CMP-SPR-RED-02,BB-SP-000-0144,Sprayer,Component,kh76b4hty9rvvsjbbn9wmepvx98dp41m,no_verified_source,source_recovery,P0,missing_variant_image,,,,,,false,,false,no-psd,false,https://www.bestbottles.com/product/spray-top-black-trim-color-17-415,Shopify variant has no assigned image | No exact Convex product plate | No exact catalog hero record | Source blocker: match:no-psd
GBAtom5Blk__RETIRED__GB-CYL-BLK-5ML-ATM-BLK-01__kd7apc9jynjqdhxggavfx0sbe186ahs2,GB-CYL-BLK-5ML-ATM-BLK-01,BB-GB-005-0001,Atomizer,Metal Atomizer,,no_verified_source,source_recovery,P1,missing_variant_image,,https://cdn.shopify.com/s/files/1/0739/9420/7524/files/master_corrected_1779588720462_tigzk8.png?v=1779603616,,,,false,,false,,false,https://www.bestbottles.com/product/black-atomizer-design-5-ml-bottle,Shopify variant has no assigned image | Assigned remote image returned 404 | No exact Convex product plate | No exact catalog hero record
GBAtom5PnkDot__RETIRED__GB-CYL-PNK-5ML-ATM-PNK__kd7fxnd2qktjhv64seta8kw8eh86a2jf,GB-CYL-PNK-5ML-ATM-PNK,BB-GB-005-0005,Atomizer,Metal Atomizer,,no_verified_source,source_recovery,P1,missing_variant_image,,https://cdn.shopify.com/s/files/1/0739/9420/7524/files/master_corrected_1779588669269_7lh598_41b371dd-aed4-4187-a16f-1db23fd71646.png?v=1779603521,,,,false,,false,,false,https://www.bestbottles.com/product/pink-atomizer-design-5-ml-bottle-dots,Shopify variant has no assigned image | Assigned remote image returned 404 | No exact Convex product plate | No exact catalog hero record
GBAtom5SlimGl,GB-SLM-CLR-5ML-ATM-GLD-T,BB-GB-005-0011,Atomizer,Metal Atomizer,kh7bnpjya3c95y2898etfeqa698dqsdy,remote_only_healthy,remote_only_plate_needed,P1,missing_variant_image,,https://cdn.shopify.com/s/files/1/0739/9420/7524/files/master_corrected_1779588088625_bcij1v_bb6f1470-9d52-4e6e-9862-145e6d16bf29.png?v=1779602562,,,,false,/Users/jordanrichter/Projects/Clients/Nemat-International/Best-Bottles-Website-02-20-2026/.worktrees/priority-family-kits/public/images/catalog/bone-review/GBAtom5SlimGl.830f3564d618.png,true,exact,true,https://www.bestbottles.com/product/gold-slim-atomizer-design-5-ml-bottle,Shopify variant has no assigned image | No exact Convex product plate | Source inventory contains only a cap-off view; assembled-front plate still needs recovery
GBAtom5SlimSl,GB-SLM-CLR-5ML-ATM-SLV-T,BB-GB-005-0012,Atomizer,Metal Atomizer,kh7bnpjya3c95y2898etfeqa698dqsdy,remote_only_healthy,remote_only_plate_needed,P1,missing_variant_image,,https://cdn.shopify.com/s/files/1/0739/9420/7524/files/master_corrected_1779588140614_j2unbh_fa555608-e72c-471a-8506-6fe01160585d.png?v=1779602557,,,,false,/Users/jordanrichter/Projects/Clients/Nemat-International/Best-Bottles-Website-02-20-2026/.worktrees/priority-family-kits/public/images/catalog/bone-review/GBAtom5SlimSl.a936104e9673.png,true,exact,true,https://www.bestbottles.com/product/silver-slim-atomizer-design-5-ml-bottle,Shopify variant has no assigned image | No exact Convex product plate | Source inventory contains only a cap-off view; assembled-front plate still needs recovery
GBBell10BlkShSht,GB-BEL-CLR-10ML-SHT-SBLK,kd73sx2npgqkxz87dettd3df2d82064e,Bell,Glass Bottle,kh732k25mgqvmvvw4yve19358d8dpp16,no_verified_source,source_recovery,P0,missing_variant_image,,https://cdn.shopify.com/s/files/1/0739/9420/7524/files/1781512452821-06639a23-ca20-4c77-b120-c6cdbefd7ccd.png?v=1781515335,,,,false,/Users/jordanrichter/Projects/Clients/Nemat-International/Best-Bottles-Website-02-20-2026/.worktrees/priority-family-kits/public/images/catalog/bone-review/GBBell10BlkShSht.9ed2c6ec12a5.png,true,no-psd,false,https://www.bestbottles.com/product/bell-design-10-ml-glass-bottle-short-shiny-black-cap,Shopify variant has no assigned image | Assigned remote image returned 404 | No exact Convex product plate | Source blocker: match:no-psd
GBBell10MtlRollBlkDot,GB-BEL-CLR-10ML-MRL-BLDOT,kd7bt6p6mve9vf3z8bqfvj38hh820efp,Bell,Glass Bottle,kh71maegdqexr99751mrxnb3518dp6ej,no_verified_source,source_recovery,P0,missing_variant_image,,https://cdn.shopify.com/s/files/1/0739/9420/7524/files/master_corrected_1779585406639_0wb6yh.png?v=1779588183,,,,false,/Users/jordanrichter/Projects/Clients/Nemat-International/Best-Bottles-Website-02-20-2026/.worktrees/priority-family-kits/public/images/catalog/bone-review/GBBell10MtlRollBlkDot.546f75b9fbb0.png,true,no-psd,false,https://www.bestbottles.com/product/bell-design-10-ml-glass-bottle-metal-roller-ball-plug-black-shiny-cap-with-dots,Shopify variant has no assigned image | Assigned remote image returned 404 | No exact Convex product plate | Source blocker: match:no-psd | Source blocker: convex_duplicate_websiteSku
GBBell10MtlRollBlkDot__RETIRED__GB-BLL-CLR-10ML-MRL-BDOT__kd774rnn3rkk3smtk0kk536j9s82ayk3,GB-BLL-CLR-10ML-MRL-BDOT,kd774rnn3rkk3smtk0kk536j9s82ayk3,Bell,Glass Bottle,,no_verified_source,source_recovery,P1,missing_variant_image,,https://cdn.shopify.com/s/files/1/0739/9420/7524/files/master_corrected_1779585406639_0wb6yh.png?v=1779588183,,,,false,,false,,false,https://www.bestbottles.com/product/bell-design-10-ml-glass-bottle-metal-roller-ball-plug-black-shiny-cap-with-dots,Shopify variant has no assigned image | Assigned remote image returned 404 | No exact Convex product plate | No exact catalog hero record
GBBell10RollBlkDot,GB-BEL-CLR-10ML-ROL-BLDOT,kd761a97t8jj0bm0nwdnmgdtc1821kcd,Bell,Glass Bottle,kh71maegdqexr99751mrxnb3518dp6ej,no_verified_source,source_recovery,P0,missing_variant_image,,https://cdn.shopify.com/s/files/1/0739/9420/7524/files/master_corrected_1781857434439_h6p8jw.png?v=1781857590,,,,false,,false,no-psd,false,https://www.bestbottles.com/product/bell-design-10-ml-glass-bottle-plastic-roller-ball-plug-black-shiny-cap-with-dots,Shopify variant has no assigned image | Assigned remote image returned 404 | No exact Convex product plate | No exact catalog hero record | Source blocker: match:no-psd | Source blocker: convex_duplicate_websiteSku
GBBell10RollBlkDot__RETIRED__GB-BLL-CLR-10ML-RBL-BDOT__kd736nen3kgkxrt5e7zng2qz5n82a76x,GB-BLL-CLR-10ML-RBL-BDOT,kd736nen3kgkxrt5e7zng2qz5n82a76x,Bell,Glass Bottle,,no_verified_source,source_recovery,P1,missing_variant_image,,https://cdn.shopify.com/s/files/1/0739/9420/7524/files/master_corrected_1781857434439_h6p8jw.png?v=1781857590,,,,false,,false,,false,https://www.bestbottles.com/product/bell-design-10-ml-glass-bottle-plastic-roller-ball-plug-black-shiny-cap-with-dots,Shopify variant has no assigned image | Assigned remote image returned 404 | No exact Convex product plate | No exact catalog hero record
GBBell10SpryBlkSh,GB-BEL-CLR-10ML-SPR-SBLK,kd7ara5fj53z0swds6d2yeg6bx81xhv7,Bell,Glass Bottle,kh75z555pxfh7trsamvthkzp2x8dqth3,remote_only_healthy,remote_only_plate_needed,P1,assigned,https://cdn.shopify.com/s/files/1/0739/9420/7524/files/GB-BEL-CLR-10ML-SPR-SBLK__GBBell10SpryBlkSh__pdp-main__v001.png?v=1781252610,https://cdn.shopify.com/s/files/1/0739/9420/7524/files/GB-BEL-CLR-10ML-SPR-SBLK__GBBell10SpryBlkSh__pdp-main__v001.png?v=1781252610,,,,false,/Users/jordanrichter/Projects/Clients/Nemat-International/Best-Bottles-Website-02-20-2026/.worktrees/priority-family-kits/public/images/catalog/bone-review/GBBell10SpryBlkSh.b8753aff858f.png,true,no-psd,false,https://www.bestbottles.com/product/bell-design-10-ml-clear-glass-bottle-shiny-black-spray,No exact Convex product plate | Source blocker: match:no-psd
GBBstn1ozRollonMattBlk,GB-BSR-CLR-30ML-RBL-MBLK,BB-GB-030-0013,Boston Round,Glass Bottle,kh7beaghvaf5dggxbjxy0xe17n8dp7kv,no_verified_source,source_recovery,P0,missing_variant_image,,https://cdn.shopify.com/s/files/1/0739/9420/7524/files/master_corrected_1779650988053_aqmyuj_854a4015-888a-44bd-ae38-4f605fda5c0c.png?v=1779661081,,,,false,,false,no-psd,false,https://www.bestbottles.com/product/boston-round-design-1-oz-clear-glass-bottle-plastic-roller-ball-matte-black-cap,Shopify variant has no assigned image | Assigned remote image returned 404 | No exact Convex product plate | No exact catalog hero record | Source blocker: match:no-psd
GBBstn1ozRollonMattGl,GB-BSR-CLR-30ML-RBL-MGLD,BB-GB-030-0014,Boston Round,Glass Bottle,kh7beaghvaf5dggxbjxy0xe17n8dp7kv,no_verified_source,source_recovery,P0,missing_variant_image,,https://cdn.shopify.com/s/files/1/0739/9420/7524/files/master_corrected_1779650932453_zrm5xu_e5c7935f-bb57-4b58-be3e-fd7a41dc600e.png?v=1779661357,,,,false,,false,no-psd,false,https://www.bestbottles.com/product/boston-round-design-1-oz-clear-glass-bottle-plastic-roller-ball-matte-gold-cap,Shopify variant has no assigned image | Assigned remote image returned 404 | No exact Convex product plate | No exact catalog hero record | Source blocker: match:no-psd
GBBstn1ozRollonMattSl,GB-BSR-CLR-30ML-RBL-MSLV,BB-GB-030-0015,Boston Round,Glass Bottle,kh7beaghvaf5dggxbjxy0xe17n8dp7kv,no_verified_source,source_recovery,P0,missing_variant_image,,https://cdn.shopify.com/s/files/1/0739/9420/7524/files/master_corrected_1779650814769_7gm5vo_2dfaec4e-121b-480f-a147-a62a9c0750a5.png?v=1779661366,,,,false,,false,no-psd,false,https://www.bestbottles.com/product/boston-round-design-1-oz-clear-glass-bottle-plastic-roller-ball-matte-silver-cap,Shopify variant has no assigned image | Assigned remote image returned 404 | No exact Convex product plate | No exact catalog hero record | Source blocker: match:no-psd
GBBstn1ozRollonShBlk,GB-BSR-CLR-30ML-RBL-SBLK,BB-GB-030-0016,Boston Round,Glass Bottle,kh7beaghvaf5dggxbjxy0xe17n8dp7kv,no_verified_source,source_recovery,P0,missing_variant_image,,https://cdn.shopify.com/s/files/1/0739/9420/7524/files/master_corrected_1779650712747_q7eslu_3d690e50-4ac7-4b8b-8c15-9d0b7c137021.png?v=1779661375,,,,false,,false,no-psd,false,https://www.bestbottles.com/product/boston-round-design-1-oz-clear-glass-bottle-plastic-roller-ball-shiny-black-cap,Shopify variant has no assigned image | Assigned remote image returned 404 | No exact Convex product plate | No exact catalog hero record | Source blocker: match:no-psd
GBBstn1ozRollonShGl,GB-BSR-CLR-30ML-RBL-SGLD,BB-GB-030-0017,Boston Round,Glass Bottle,kh7beaghvaf5dggxbjxy0xe17n8dp7kv,no_verified_source,source_recovery,P0,missing_variant_image,,https://cdn.shopify.com/s/files/1/0739/9420/7524/files/master_corrected_1779650762080_vfs81a_8398385b-1545-4ae1-a2ad-6169fbfd6a5e.png?v=1779661371,,,,false,,false,no-psd,false,https://www.bestbottles.com/product/boston-round-design-1-oz-clear-glass-bottle-plastic-roller-ball-shiny-gold-cap,Shopify variant has no assigned image | Assigned remote image returned 404 | No exact Convex product plate | No exact catalog hero record | Source blocker: match:no-psd
GBBstn1ozRollonShnSl,GB-BSR-CLR-30ML-RBL-SSLV,BB-GB-030-0018,Boston Round,Glass Bottle,kh7beaghvaf5dggxbjxy0xe17n8dp7kv,no_verified_source,source_recovery,P0,missing_variant_image,,https://cdn.shopify.com/s/files/1/0739/9420/7524/files/master_corrected_1779650872575_7fr2eg_38b43ac3-2ae4-4475-ae2c-e6ce0c58b61a.png?v=1779661361,,,,false,,false,no-psd,false,https://www.bestbottles.com/product/boston-round-design-1-oz-clear-glass-bottle-plastic-roller-ball-shiny-silver-cap,Shopify variant has no assigned image | Assigned remote image returned 404 | No exact Convex product plate | No exact catalog hero record | Source blocker: match:no-psd
GBBstn2ozBlkDrpr,GB-BSR-CLR-60ML-BLK-T-01,BB-GB-060-0002,Boston Round,Glass Bottle,kh79sm9atpya350awcq2xqv4z98dqy71,no_verified_source,source_recovery,P0,missing_variant_image,,https://cdn.shopify.com/s/files/1/0739/9420/7524/files/master_corrected_1779655937682_2r5y34.png?v=1779660484,,,,false,,false,no-psd,false,https://www.bestbottles.com/product/boston-round-2-oz-clear-glass-bottle-black-dropper,Shopify variant has no assigned image | Assigned remote image returned 404 | No exact Convex product plate | No exact catalog hero record | Source blocker: match:no-psd
GBBstn2ozBlkDrprShnGlTrim,GB-BSR-CLR-60ML-BLK-T-02,BB-GB-060-0003,Boston Round,Glass Bottle,kh79sm9atpya350awcq2xqv4z98dqy71,no_verified_source,source_recovery,P0,missing_variant_image,,https://cdn.shopify.com/s/files/1/0739/9420/7524/files/master_corrected_1779655746901_e2x167.png?v=1779660500,,,,false,/Users/jordanrichter/Projects/Clients/Nemat-International/Best-Bottles-Website-02-20-2026/.worktrees/priority-family-kits/public/images/catalog/bone-review/GBBstn2ozBlkDrprShnGlTrim.ac269235f317.png,true,no-psd,false,https://www.bestbottles.com/product/boston-round-2-oz-clear-glass-bottle-black-dropper-shiny-gold-trim-cap,Shopify variant has no assigned image | Assigned remote image returned 404 | No exact Convex product plate | Source blocker: match:no-psd
GBBstn2ozBlkDrprShnSlTrim,GB-BSR-CLR-60ML-BLK-T-03,BB-GB-060-0004,Boston Round,Glass Bottle,kh79sm9atpya350awcq2xqv4z98dqy71,no_verified_source,source_recovery,P0,missing_variant_image,,https://cdn.shopify.com/s/files/1/0739/9420/7524/files/master_corrected_1779655846005_3niprf.png?v=1779660492,,,,false,,false,no-psd,false,https://www.bestbottles.com/product/boston-round-2-oz-clear-glass-bottle-black-dropper-shiny-silver-trim-cap,Shopify variant has no assigned image | Assigned remote image returned 404 | No exact Convex product plate | No exact catalog hero record | Source blocker: match:no-psd
GBBstn2ozMtlRollBlk,GB-BSR-CLR-60ML-MRL-BLK,BB-GB-060-0005,Boston Round,Glass Bottle,kh78yy18d2hchcx668d1sdwnj98dqdd0,no_verified_source,source_recovery,P0,missing_variant_image,,https://cdn.shopify.com/s/files/1/0739/9420/7524/files/master_corrected_1779652989469_bxg616.png?v=1779660957,,,,false,,false,no-psd,false,https://www.bestbottles.com/product/boston-round-2-oz-clear-glass-bottle-metal-roller-ball-black-cap,Shopify variant has no assigned image | Assigned remote image returned 404 | No exact Convex product plate | No exact catalog hero record | Source blocker: match:no-psd
GBBstn2ozMtlRollGl,GB-BSR-CLR-60ML-MRL-SGLD,BB-GB-060-0006,Boston Round,Glass Bottle,kh78yy18d2hchcx668d1sdwnj98dqdd0,no_verified_source,source_recovery,P0,missing_variant_image,,https://cdn.shopify.com/s/files/1/0739/9420/7524/files/master_corrected_1779652358113_eb8uw5.png?v=1779661001,,,,false,,false,no-psd,false,https://www.bestbottles.com/product/boston-round-2-oz-clear-glass-bottle-metal-roller-ball-shiny-gold-cap,Shopify variant has no assigned image | Assigned remote image returned 404 | No exact Convex product plate | No exact catalog hero record | Source blocker: match:no-psd
GBBstn2ozMtlRollMattBlk,GB-BSR-CLR-60ML-MRL-MBLK,BB-GB-060-0007,Boston Round,Glass Bottle,kh78yy18d2hchcx668d1sdwnj98dqdd0,no_verified_source,source_recovery,P0,missing_variant_image,,https://cdn.shopify.com/s/files/1/0739/9420/7524/files/master_corrected_1779652426568_tuhwir.png?v=1779660997,,,,false,,false,no-psd,false,https://www.bestbottles.com/product/boston-round-2-oz-clear-glass-bottle-metal-roller-ball-matte-black-cap,Shopify variant has no assigned image | Assigned remote image returned 404 | No exact Convex product plate | No exact catalog hero record | Source blocker: match:no-psd
GBBstn2ozMtlRollMattGl,GB-BSR-CLR-60ML-MRL-MGLD,BB-GB-060-0008,Boston Round,Glass Bottle,kh78yy18d2hchcx668d1sdwnj98dqdd0,no_verified_source,source_recovery,P0,missing_variant_image,,https://cdn.shopify.com/s/files/1/0739/9420/7524/files/master_corrected_1779652485101_vvv2r6.png?v=1779660993,,,,false,,false,no-psd,false,https://www.bestbottles.com/product/boston-round-2-oz-clear-glass-bottle-metal-roller-ball-matte-gold-cap,Shopify variant has no assigned image | Assigned remote image returned 404 | No exact Convex product plate | No exact catalog hero record | Source blocker: match:no-psd
GBBstn2ozMtlRollMattSl,GB-BSR-CLR-60ML-MRL-MSLV,BB-GB-060-0009,Boston Round,Glass Bottle,kh78yy18d2hchcx668d1sdwnj98dqdd0,no_verified_source,source_recovery,P0,missing_variant_image,,https://cdn.shopify.com/s/files/1/0739/9420/7524/files/master_corrected_1779652546543_58chuc.png?v=1779660989,,,,false,,false,no-psd,false,https://www.bestbottles.com/product/boston-round-2-oz-clear-glass-bottle-metal-roller-ball-matte-silver-cap,Shopify variant has no assigned image | Assigned remote image returned 404 | No exact Convex product plate | No exact catalog hero record | Source blocker: match:no-psd
GBBstn2ozMtlRollShnSl,GB-BSR-CLR-60ML-MRL-SSLV,BB-GB-060-0010,Boston Round,Glass Bottle,kh78yy18d2hchcx668d1sdwnj98dqdd0,no_verified_source,source_recovery,P0,missing_variant_image,,https://cdn.shopify.com/s/files/1/0739/9420/7524/files/master_corrected_1779652598470_4f9hyt.png?v=1779660985,,,,false,,false,no-psd,false,https://www.bestbottles.com/product/boston-round-2-oz-clear-glass-bottle-metal-roller-ball-shiny-silver-cap,Shopify variant has no assigned image | Assigned remote image returned 404 | No exact Convex product plate | No exact catalog hero record | Source blocker: match:no-psd
GBBstn2ozRollGl,GB-BSR-CLR-60ML-RBL-SGLD,BB-GB-060-0011,Boston Round,Glass Bottle,kh78yy18d2hchcx668d1sdwnj98dqdd0,no_verified_source,source_recovery,P0,missing_variant_image,,https://cdn.shopify.com/s/files/1/0739/9420/7524/files/master_corrected_1779652926220_s6qzqj.png?v=1779660961,,,,false,,false,no-psd,false,https://www.bestbottles.com/product/boston-round-2-oz-clear-glass-bottle-plastic-roller-ball-shiny-gold-cap,Shopify variant has no assigned image | Assigned remote image returned 404 | No exact Convex product plate | No exact catalog hero record | Source blocker: match:no-psd
GBBstn2ozRollMattBlk,GB-BSR-CLR-60ML-RBL-MBLK,BB-GB-060-0012,Boston Round,Glass Bottle,kh78yy18d2hchcx668d1sdwnj98dqdd0,no_verified_source,source_recovery,P0,missing_variant_image,,https://cdn.shopify.com/s/files/1/0739/9420/7524/files/master_corrected_1779652759644_o6t06e.png?v=1779660973,,,,false,,false,no-psd,false,https://www.bestbottles.com/product/boston-round-2-oz-clear-glass-bottle-plastic-roller-ball-matte-black-cap,Shopify variant has no assigned image | Assigned remote image returned 404 | No exact Convex product plate | No exact catalog hero record | Source blocker: match:no-psd
GBBstn2ozRollMattSl,GB-BSR-CLR-60ML-RBL-MSLV,BB-GB-060-0014,Boston Round,Glass Bottle,kh78yy18d2hchcx668d1sdwnj98dqdd0,no_verified_source,source_recovery,P0,missing_variant_image,,https://cdn.shopify.com/s/files/1/0739/9420/7524/files/master_corrected_1779652812228_pqy9kf.png?v=1779660969,,,,false,,false,no-psd,false,https://www.bestbottles.com/product/boston-round-2-oz-clear-glass-bottle-plastic-roller-ball-matte-silver-cap,Shopify variant has no assigned image | Assigned remote image returned 404 | No exact Convex product plate | No exact catalog hero record | Source blocker: match:no-psd
GBBstn2ozRollShnBlk,GB-BSR-CLR-60ML-RBL-SBLK,BB-GB-060-0015,Boston Round,Glass Bottle,kh78yy18d2hchcx668d1sdwnj98dqdd0,no_verified_source,source_recovery,P0,missing_variant_image,,https://cdn.shopify.com/s/files/1/0739/9420/7524/files/master_corrected_1779652653254_djsiaf.png?v=1779660981,,,,false,,false,no-psd,false,https://www.bestbottles.com/product/boston-round-design-2-oz-clear-glass-bottle-plastic-roller-ball-shiny-black-cap,Shopify variant has no assigned image | Assigned remote image returned 404 | No exact Convex product plate | No exact catalog hero record | Source blocker: match:no-psd
GBBstn2ozRollShnSl,GB-BSR-CLR-60ML-RON-SSLV,BB-GB-060-0016,Boston Round,Glass Bottle,kh78yy18d2hchcx668d1sdwnj98dqdd0,no_verified_source,source_recovery,P0,missing_variant_image,,https://cdn.shopify.com/s/files/1/0739/9420/7524/files/master_corrected_1779652867542_zw900z.png?v=1779660965,,,,false,,false,no-psd,false,https://www.bestbottles.com/product/boston-round-2-oz-clear-glass-bottle-plastic-roller-ball-shiny-silver-cap,Shopify variant has no assigned image | Assigned remote image returned 404 | No exact Convex product plate | No exact catalog hero record | Source blocker: match:no-psd
GBBstn2ozWhtDrpr,GB-BSR-CLR-60ML-WHT-T-01,BB-GB-060-0017,Boston Round,Glass Bottle,kh79sm9atpya350awcq2xqv4z98dqy71,no_verified_source,source_recovery,P0,missing_variant_image,,https://cdn.shopify.com/s/files/1/0739/9420/7524/files/master_corrected_1779655696351_hdna07.png?v=1779660503,,,,false,,false,no-psd,false,https://www.bestbottles.com/product/boston-round-2-oz-clear-glass-bottle-white-dropper,Shopify variant has no assigned image | Assigned remote image returned 404 | No exact Convex product plate | No exact catalog hero record | Source blocker: match:no-psd
GBBstn2ozWhtDrprShnGlTrim,GB-BSR-CLR-60ML-WHT-T-02,BB-GB-060-0018,Boston Round,Glass Bottle,kh79sm9atpya350awcq2xqv4z98dqy71,no_verified_source,source_recovery,P0,missing_variant_image,,https://cdn.shopify.com/s/files/1/0739/9420/7524/files/master_corrected_1779655891276_h28qtf.png?v=1779660488,,,,false,,false,no-psd,false,https://www.bestbottles.com/product/boston-round-2-oz-clear-glass-bottle-white-dropper-shiny-gold-trim-cap,Shopify variant has no assigned image | Assigned remote image returned 404 | No exact Convex product plate | No exact catalog hero record | Source blocker: match:no-psd
GBBstn2ozWhtDrprShnSlTrim,GB-BSR-CLR-60ML-WHT-T-03,BB-GB-060-0019,Boston Round,Glass Bottle,kh79sm9atpya350awcq2xqv4z98dqy71,no_verified_source,source_recovery,P0,missing_variant_image,,https://cdn.shopify.com/s/files/1/0739/9420/7524/files/master_corrected_1779655797195_xk22gb.png?v=1779660496,,,,false,,false,no-psd,false,https://www.bestbottles.com/product/boston-round-2-oz-clear-glass-bottle-white-dropper-shiny-silver-trim-cap,Shopify variant has no assigned image | Assigned remote image returned 404 | No exact Convex product plate | No exact catalog hero record | Source blocker: match:no-psd
GBBstnAmb1ozBlkDrpShnGl,GB-BSR-AMB-30ML-BLK-T-02,BB-GB-030-0024,Boston Round,Glass Bottle,kh76cthp5ysk49hky1ceay825s8dpqmm,no_verified_source,source_recovery,P0,missing_variant_image,,https://cdn.shopify.com/s/files/1/0739/9420/7524/files/master_corrected_1779655166283_l0axxu.png?v=1779660543,,,,false,,false,no-psd,false,https://www.bestbottles.com/product/boston-round-design-1-oz-amber-glass-bottle-black-dropper-shiny-silver-trim-cap,Shopify variant has no assigned image | Assigned remote image returned 404 | No exact Convex product plate | No exact catalog hero record | Source blocker: match:no-psd
GBBstnAmb1ozWhtDrprShnSlTrim,GB-BSR-AMB-30ML-WHT-T-03,BB-GB-030-0039,Boston Round,Glass Bottle,kh76cthp5ysk49hky1ceay825s8dpqmm,no_verified_source,source_recovery,P0,missing_variant_image,,https://cdn.shopify.com/s/files/1/0739/9420/7524/files/master_corrected_1779655331448_2olpqg.png?v=1779660531,,,,false,,false,no-psd,false,https://www.bestbottles.com/product/boston-round-design-1-oz-amber-glass-bottle-white-dropper-shiny-silver-trim-cap,Shopify variant has no assigned image | Assigned remote image returned 404 | No exact Convex product plate | No exact catalog hero record | Source blocker: match:no-psd
GBBstnAmb2ozBlkDrpr,GB-BSR-AMB-60ML-BLK-T-02,BB-GB-060-0022,Boston Round,Glass Bottle,kh777dtpw7yx3x5g09s5vggbs98dpm7a,no_verified_source,source_recovery,P0,missing_variant_image,,https://cdn.shopify.com/s/files/1/0739/9420/7524/files/GB-BSR-AMB-60ML-BLK-T-02_1779650214878_q3nww8.png?v=1781251956,,,,false,,false,no-psd,false,https://www.bestbottles.com/product/boston-round-2-oz-amber-glass-bottle-black-dropper-black-cap,Shopify variant has no assigned image | Assigned remote image returned 404 | No exact Convex product plate | No exact catalog hero record | Source blocker: match:no-psd
GBBstnAmb2ozBlkDrprShnSlTrim,GB-BSR-AMB-60ML-BLK-T-03,BB-GB-060-0023,Boston Round,Glass Bottle,kh777dtpw7yx3x5g09s5vggbs98dpm7a,no_verified_source,source_recovery,P0,missing_variant_image,,https://cdn.shopify.com/s/files/1/0739/9420/7524/files/master_corrected_1779656038074_lgsp10.png?v=1779660476,,,,false,,false,no-psd,false,https://www.bestbottles.com/product/boston-round-2-oz-amber-glass-bottle-black-dropper-shiny-silver-trim-cap,Shopify variant has no assigned image | Assigned remote image returned 404 | No exact Convex product plate | No exact catalog hero record | Source blocker: match:no-psd
GBBstnAmb2ozWhtDrpr,GB-BSR-AMB-60ML-WHT-T-03,BB-GB-060-0037,Boston Round,Glass Bottle,kh777dtpw7yx3x5g09s5vggbs98dpm7a,no_verified_source,source_recovery,P0,missing_variant_image,,https://cdn.shopify.com/s/files/1/0739/9420/7524/files/1779656085445-576a2fef-7139-4133-a0c0-516d26d57303.png?v=1779660472,,,,false,,false,no-psd,false,https://www.bestbottles.com/product/boston-round-2-oz-amber-glass-bottle-white-dropper,Shopify variant has no assigned image | Assigned remote image returned 404 | No exact Convex product plate | No exact catalog hero record | Source blocker: match:no-psd
GBBstnBlu15BlkDrpr,GB-BSR-CBL-15ML-BLK-T-01,BB-GB-015-0011,Boston Round,Glass Bottle,kh74gnrjnzjqm2deqcxzx1zswn8dqs1a,no_verified_source,source_recovery,P0,missing_variant_image,,https://cdn.shopify.com/s/files/1/0739/9420/7524/files/master_corrected_1779654851597_5ytice.png?v=1779660567,,,,false,,false,no-psd,false,https://www.bestbottles.com/product/boston-round-design-15-ml-cobalt-blue-glass-bottle-black-dropper,Shopify variant has no assigned image | Assigned remote image returned 404 | No exact Convex product plate | No exact catalog hero record | Source blocker: match:no-psd
GBBstnBlu15BlkDrprGlTrim,GB-BSR-CBL-15ML-BLK-T-02,BB-GB-015-0012,Boston Round,Glass Bottle,kh74gnrjnzjqm2deqcxzx1zswn8dqs1a,no_verified_source,source_recovery,P0,missing_variant_image,,https://cdn.shopify.com/s/files/1/0739/9420/7524/files/master_corrected_1779654802554_s4wpsc.png?v=1779660570,,,,false,,false,no-psd,false,https://www.bestbottles.com/product/boston-round-design-15-ml-amber-glass-bottle-black-droppershiny-gold-trim-cap,Shopify variant has no assigned image | Assigned remote image returned 404 | No exact Convex product plate | No exact catalog hero record | Source blocker: match:no-psd
GBBstnBlu15WhtDrpr,GB-BSR-CBL-15ML-WHT-T-01,BB-GB-015-0013,Boston Round,Glass Bottle,kh74gnrjnzjqm2deqcxzx1zswn8dqs1a,no_verified_source,source_recovery,P0,missing_variant_image,,https://cdn.shopify.com/s/files/1/0739/9420/7524/files/master_corrected_1779654601094_rjhev5.png?v=1779660586,,,,false,,false,no-psd,false,https://www.bestbottles.com/product/boston-round-design-15-ml-cobalt-blue-glass-bottle-white-dropper,Shopify variant has no assigned image | Assigned remote image returned 404 | No exact Convex product plate | No exact catalog hero record | Source blocker: match:no-psd
GBBstnBlu15WhtDrprGlTrim,GB-BSR-CBL-15ML-WHT-T-02,BB-GB-015-0014,Boston Round,Glass Bottle,kh74gnrjnzjqm2deqcxzx1zswn8dqs1a,no_verified_source,source_recovery,P0,missing_variant_image,,https://cdn.shopify.com/s/files/1/0739/9420/7524/files/master_corrected_1779654694637_ed6ih4.png?v=1779660578,,,,false,,false,no-psd,false,https://www.bestbottles.com/product/boston-round-design-15-ml-cobalt-blue-glass-bottle-white-dropper-shiny-gold-trim-cap,Shopify variant has no assigned image | Assigned remote image returned 404 | No exact Convex product plate | No exact catalog hero record | Source blocker: match:no-psd
GBBstnBlu15WhtDrprSlTrim,GB-BSR-CBL-15ML-WHT-T-03,BB-GB-015-0015,Boston Round,Glass Bottle,kh74gnrjnzjqm2deqcxzx1zswn8dqs1a,no_verified_source,source_recovery,P0,missing_variant_image,,https://cdn.shopify.com/s/files/1/0739/9420/7524/files/master_corrected_1779654646904_pz0k7m.png?v=1779660582,,,,false,,false,no-psd,false,https://www.bestbottles.com/product/boston-round-design-15-ml-cobalt-blue-glass-bottle-white-dropper-shiny-silver-trim-cap,Shopify variant has no assigned image | Assigned remote image returned 404 | No exact Convex product plate | No exact catalog hero record | Source blocker: match:no-psd
GBCrcl100RdcrShnBlk__RETIRED__GB-CIR-CLR-100ML-RDC-SBLK-01__kd7c1wcdk96j90fmdnpfvgj1yh86aabt,GB-CIR-CLR-100ML-RDC-SBLK-01,BB-GB-100-0026,Circle,Glass Bottle,,no_verified_source,source_recovery,P1,missing_variant_image,,https://cdn.shopify.com/s/files/1/0739/9420/7524/files/master_corrected_1779404922940_funqun.png?v=1779405336,,,,false,,false,,false,https://www.bestbottles.com/product/circle-design-100-ml-glass-bottle-reducer-black-shiny-cap,Shopify variant has no assigned image | Assigned remote image returned 404 | No exact Convex product plate | No exact catalog hero record
GBCrcl50RdcrMtSl__RETIRED__GB-CIR-CLR-50ML-RDC-MSLV-01__kd7cafjqq7cp23m8h35f9r932h86bqw8,GB-CIR-CLR-50ML-RDC-MSLV-01,BB-GB-050-0026,Circle,Glass Bottle,,remote_only_healthy,remote_only_plate_needed,P1,assigned,https://cdn.shopify.com/s/files/1/0739/9420/7524/files/GB-CIR-CLR-50ML-RDC-MSLV-01__GBCrcl50RdcrMtSl__pdp-main__v001.png?v=1781252028,https://cdn.shopify.com/s/files/1/0739/9420/7524/files/GB-CIR-CLR-50ML-RDC-MSLV-01__GBCrcl50RdcrMtSl__pdp-main__v001.png?v=1781252028,,,,false,,false,,false,https://www.bestbottles.com/product/circle-design-50-ml-glass-bottle-reducer-silver-matte-cap,No exact Convex product plate | No exact catalog hero record
GBCrcl50RdcrShnBlk__RETIRED__GB-CIR-CLR-50ML-RDC-SBLK-01__kd7ay22swne9wk7tht5maq38jn86b2q2,GB-CIR-CLR-50ML-RDC-SBLK-01,BB-GB-050-0029,Circle,Glass Bottle,,remote_only_healthy,remote_only_plate_needed,P1,assigned,https://cdn.shopify.com/s/files/1/0739/9420/7524/files/GB-CIR-CLR-50ML-RDC-SBLK-01__GBCrcl50RdcrShnBlk__pdp-main__v001.png?v=1781252028,https://cdn.shopify.com/s/files/1/0739/9420/7524/files/GB-CIR-CLR-50ML-RDC-SBLK-01__GBCrcl50RdcrShnBlk__pdp-main__v001.png?v=1781252028,,,,false,,false,,false,https://www.bestbottles.com/product/circle-design-50-ml-glass-bottle-reducer-black-shiny-cap,No exact Convex product plate | No exact catalog hero record
GBCrclFrst50RdcrShnBlk__RETIRED__GB-CIR-FRS-50ML-RDC-SBLK-01__kd72z90yaffjgv50fnea5z3be986ajda,GB-CIR-FRS-50ML-RDC-SBLK-01,BB-GB-050-0067,Circle,Glass Bottle,,no_verified_source,source_recovery,P1,missing_variant_image,,https://cdn.shopify.com/s/files/1/0739/9420/7524/files/master_corrected_1779594410565_a5l972_04647fff-0907-484e-b5b2-f5f9d1aa82f7.png?v=1779595433,,,,false,,false,,false,https://www.bestbottles.com/product/circle-design-50-ml-frosted-glass-bottle-reducer-black-shiny-cap,Shopify variant has no assigned image | Assigned remote image returned 404 | No exact Convex product plate | No exact catalog hero record
GBCrclFrst50SpryCu,GB-CIR-FRS-50ML-SPR-CPR,BB-GB-050-0072,Circle,Glass Bottle,kh76jdzq85sw6rcp3j4s05jt0h8dqgzf,source_match_pending,identity_review,P1,missing_variant_image,,https://cdn.shopify.com/s/files/1/0739/9420/7524/files/master_corrected_1779594036629_tiq1oe_2ea49dae-c911-4653-a7a4-293ccc55e561.png?v=1779595497,,,,false,,false,exact,false,https://www.bestbottles.com/product/circle-design-50-ml-frosted-glass-bottle-matte-copper-spray-and-cap,Shopify variant has no assigned image | Assigned remote image returned 404 | No exact Convex product plate | No exact catalog hero record | Source blocker: SAME_STEM_DIFFERENT_PHOTOGRAPH | Source inventory contains only a cap-off view; assembled-front plate still needs recovery
GBCrclFrst50SpryMtGl,GB-CIR-FRS-50ML-SPR-MGLD,BB-GB-050-0073,Circle,Glass Bottle,kh76jdzq85sw6rcp3j4s05jt0h8dqgzf,source_match_pending,identity_review,P1,missing_variant_image,,https://cdn.shopify.com/s/files/1/0739/9420/7524/files/GB-CIR-FRS-50ML-SPR-MGLD.png?v=1781751455,,,,false,/Users/jordanrichter/Projects/Clients/Nemat-International/Best-Bottles-Website-02-20-2026/.worktrees/priority-family-kits/public/images/catalog/bone-review/GBCrclFrst50SpryMtGl.d9557a8a06fb.png,true,exact,false,https://www.bestbottles.com/product/circle-design-50-ml-frosted-glass-bottle-matte-gold-spray-pump-and-cap,Shopify variant has no assigned image | Assigned remote image returned 404 | No exact Convex product plate | Source blocker: SAME_STEM_DIFFERENT_PHOTOGRAPH | Source inventory contains only a cap-off view; assembled-front plate still needs recovery
GBCrclFrst50SpryMtSl,GB-CIR-FRS-50ML-SPR-MSLV,BB-GB-050-0074,Circle,Glass Bottle,kh76jdzq85sw6rcp3j4s05jt0h8dqgzf,source_match_pending,identity_review,P1,missing_variant_image,,https://cdn.shopify.com/s/files/1/0739/9420/7524/files/GB-CIR-FRS-50ML-SPR-MSLV.png?v=1781751455,,,,false,,false,exact,false,https://www.bestbottles.com/product/circle-design-50-ml-frosted-glass-bottle-matte-silver-spray-pump-and-cap,Shopify variant has no assigned image | Assigned remote image returned 404 | No exact Convex product plate | No exact catalog hero record | Source blocker: SAME_STEM_DIFFERENT_PHOTOGRAPH | Source inventory contains only a cap-off view; assembled-front plate still needs recovery
GBCrclFrst50SpryShnBlk,GB-CIR-FRS-50ML-SPR-SBLK,BB-GB-050-0075,Circle,Glass Bottle,kh76jdzq85sw6rcp3j4s05jt0h8dqgzf,source_match_pending,identity_review,P1,missing_variant_image,,https://cdn.shopify.com/s/files/1/0739/9420/7524/files/GB-CIR-FRS-50ML-SPR-SBLK.png?v=1781751455,,,,false,,false,exact,false,https://www.bestbottles.com/product/circle-design-50-ml-frosted-glass-bottle-shiny-black-spray-pump-and-cap,Shopify variant has no assigned image | Assigned remote image returned 404 | No exact Convex product plate | No exact catalog hero record | Source blocker: SAME_STEM_DIFFERENT_PHOTOGRAPH | Source inventory contains only a cap-off view; assembled-front plate still needs recovery
GBCrclFrst50SpryShnGl,GB-CIR-FRS-50ML-SPR-SGLD,BB-GB-050-0076,Circle,Glass Bottle,kh76jdzq85sw6rcp3j4s05jt0h8dqgzf,source_match_pending,identity_review,P1,missing_variant_image,,https://cdn.shopify.com/s/files/1/0739/9420/7524/files/GB-CIR-FRS-50ML-SPR-SGLD.png?v=1781751455,,,,false,,false,exact,false,https://www.bestbottles.com/product/circle-design-50-ml-frosted-glass-bottle-shiny-gold-spray-pump-and-cap,Shopify variant has no assigned image | Assigned remote image returned 404 | No exact Convex product plate | No exact catalog hero record | Source blocker: SAME_STEM_DIFFERENT_PHOTOGRAPH | Source inventory contains only a cap-off view; assembled-front plate still needs recovery
GBCrclFrst50SpryShnSl,GB-CIR-FRS-50ML-SPR-SSLV,BB-GB-050-0077,Circle,Glass Bottle,kh76jdzq85sw6rcp3j4s05jt0h8dqgzf,source_match_pending,identity_review,P1,missing_variant_image,,https://cdn.shopify.com/s/files/1/0739/9420/7524/files/GB-CIR-FRS-50ML-SPR-SSLV.png?v=1781751455,,,,false,,false,exact,false,https://www.bestbottles.com/product/circle-design-50-ml-frosted-glass-bottle-shiny-silver-spray-and-cap,Shopify variant has no assigned image | Assigned remote image returned 404 | No exact Convex product plate | No exact catalog hero record | Source blocker: SAME_STEM_DIFFERENT_PHOTOGRAPH | Source inventory contains only a cap-off view; assembled-front plate still needs recovery
GBCyl100RdcrMtSl__RETIRED__GB-CYL-CLR-100ML-RDC-MSLV-01__kd76rfaq3a35zw8zgqx2azycnx86ajzj,GB-CYL-CLR-100ML-RDC-MSLV-01,BB-GB-100-0095,Cylinder,Glass Bottle,,no_verified_source,source_recovery,P1,missing_variant_image,,https://cdn.shopify.com/s/files/1/0739/9420/7524/files/master_corrected_1779533691418_mt2h22_13e17ee9-b9a1-4f9e-ae16-aa013526f01d.png?v=1779556325,,,,false,,false,,false,https://www.bestbottles.com/product/cylinder-design-100-ml-glass-bottle-reducer-silver-matte-cap,Shopify variant has no assigned image | Assigned remote image returned 404 | No exact Convex product plate | No exact catalog hero record
GBCyl100RdcrShnBlk__RETIRED__GB-CYL-CLR-100ML-RDC-SBLK-01__kd7656hhftpfrsjv2a719heg9h86ahtd,GB-CYL-CLR-100ML-RDC-SBLK-01,BB-GB-100-0098,Cylinder,Glass Bottle,,no_verified_source,source_recovery,P1,missing_variant_image,,https://cdn.shopify.com/s/files/1/0739/9420/7524/files/master_corrected_1779533402572_jdhgtw_155da559-9fff-49b7-980a-715f34a3e464.png?v=1779556349,,,,false,,false,,false,https://www.bestbottles.com/product/cylinder-design-100-ml-glass-bottle-reducer-black-shiny-cap,Shopify variant has no assigned image | Assigned remote image returned 404 | No exact Convex product plate | No exact catalog hero record
GBCyl50RdcrMtSl__RETIRED__GB-CYL-CLR-50ML-RDC-MSLV-01__kd7a3y0btqvr24m2hv8fsj24qx86aj5y,GB-CYL-CLR-50ML-RDC-MSLV-01,BB-GB-050-0102,Cylinder,Glass Bottle,,no_verified_source,source_recovery,P1,missing_variant_image,,https://cdn.shopify.com/s/files/1/0739/9420/7524/files/master_corrected_1779982461485_0evs3z.png?v=1781252041,,,,false,,false,,false,https://www.bestbottles.com/product/cylinder-design-50-ml-glass-bottle-reducer-silver-matte-cap,Shopify variant has no assigned image | Assigned remote image returned 404 | No exact Convex product plate | No exact catalog hero record
GBCyl50RdcrShnBlk__RETIRED__GB-CYL-CLR-50ML-RDC-SBLK-01__kd755tjzwd7a06m6f36m8knffd86bawg,GB-CYL-CLR-50ML-RDC-SBLK-01,BB-GB-050-0105,Cylinder,Glass Bottle,,no_verified_source,source_recovery,P1,missing_variant_image,,https://cdn.shopify.com/s/files/1/0739/9420/7524/files/master_corrected_1779982549870_fljoj5.png?v=1781252041,,,,false,,false,,false,https://www.bestbottles.com/product/cylinder-design-50-ml-glass-bottle-reducer-black-shiny-cap,Shopify variant has no assigned image | Assigned remote image returned 404 | No exact Convex product plate | No exact catalog hero record
GBCyl5WhtSht__RETIRED__GBCyl5WhtSht__kd7227hkh2tsrhwwz9mg4hqjw985cf47,GBCyl5WhtSht,kd7227hkh2tsrhwwz9mg4hqjw985cf47,Cylinder,Glass Bottle,,covered_exact_plate,plate_alias_reconciliation,OK,missing_variant_image,,https://cdn.shopify.com/s/files/1/0739/9420/7524/files/master_corrected_1780288678157_070vlm.png?v=1781252638,https://yzy7l20k4yt6znzz.public.blob.vercel-storage.com/plates/cylinder-5ml-clear-13-415/GBCyl5WhtSht/33cd973f44bea137d299ae491d504bbe584c598b7c80f7094af1a32db40c4d94.front-on-1000x1100.webp,5.  13-415 Bottles/2. Clear 5ml Cylinder/2. Clear 5ml Cly (Capped) PSD/2. GBCyl5WhtSht.psd,,false,,false,,false,https://www.bestbottles.com/product/cylinder-design-5-ml-glass-bottle-short-white-cap,Shopify variant has no assigned image | Assigned remote image returned 404 | No exact catalog hero record
GBCylSwrl9MtlRollWht__RETIRED__GBCylSwrl9MtlRollWht__kd7avtmhsf7k6hvfvkx8p5mbrh85c01x,GBCylSwrl9MtlRollWht,kd7avtmhsf7k6hvfvkx8p5mbrh85c01x,Cylinder,Roll-On Bottle,,covered_exact_plate,plate_alias_reconciliation,OK,missing_variant_image,,https://cdn.shopify.com/s/files/1/0739/9420/7524/files/master_corrected_1780303626373_2ykdcr.png?v=1781252644,https://yzy7l20k4yt6znzz.public.blob.vercel-storage.com/plates/cylinder-9ml-swirl-17-415/GBCylSwrl9MtlRollWht/c83055b117abd7b9c622ce92eb36b7b751caa4a62447e8ebe9ae25db00a10d32.front-on-1000x1100.webp,3.  17-415 Bottles/8. Swirl 9ml (Capped)/10. GBCylSwrl9MtlRollWht.psd,,false,,false,,false,https://www.bestbottles.com/product/cylinder-design-9-ml-swirl-glass-bottle-metal-roller-ball-white-cap,Shopify variant has no assigned image | Assigned remote image returned 404 | No exact catalog hero record
GBCylSwrl9RollWht__RETIRED__GBCylSwrl9RollWht__kd777kxnjf1rv2vxj6h4bh95gx85cpjm,GBCylSwrl9RollWht,kd777kxnjf1rv2vxj6h4bh95gx85cpjm,Cylinder,Roll-On Bottle,,covered_exact_plate,plate_alias_reconciliation,OK,missing_variant_image,,https://cdn.shopify.com/s/files/1/0739/9420/7524/files/master_corrected_1780303701203_uiiad7.png?v=1781252644,https://yzy7l20k4yt6znzz.public.blob.vercel-storage.com/plates/cylinder-9ml-swirl-17-415/GBCylSwrl9RollWht/46d1c9d95edddf0953811df02e1ddef05ea06f97632c4dd76aebab8823c35820.front-on-1000x1100.webp,3.  17-415 Bottles/8. Swirl 9ml (Capped)/20. GBCylSwrl9RollWht.psd,,false,,false,,false,https://www.bestbottles.com/product/cylinder-design-9-ml-swirl-glass-bottle-plastic-roller-ball-white-cap,Shopify variant has no assigned image | Assigned remote image returned 404 | No exact catalog hero record
GBDiva100AnSpTslLvn,GB-DVA-CLR-100ML-AST-LVN,BB-GB-100-0121,Diva,Glass Bottle,kh78athh6vazkpnwea4x1ets118dqdnm,remote_only_healthy,remote_only_plate_needed,P1,missing_variant_image,,https://cdn.shopify.com/s/files/1/0739/9420/7524/files/master_corrected_1779491878698_in9p15_eb869f97-9033-457f-a213-f8de768a8e13.png?v=1779505890,,,,false,,false,exact,true,https://www.bestbottles.com/product/diva-design-100-ml-glass-bottle-lavender-vintage-style-sprayer-with-tassel-shiny-silver-collar,Shopify variant has no assigned image | No exact Convex product plate | No exact catalog hero record | Source inventory contains only a cap-off view; assembled-front plate still needs recovery
GBDiva100AnSpTslPnk,GB-DVA-CLR-100ML-AST-PNK,BB-GB-100-0123,Diva,Glass Bottle,kh78athh6vazkpnwea4x1ets118dqdnm,remote_only_healthy,remote_only_plate_needed,P1,missing_variant_image,,https://cdn.shopify.com/s/files/1/0739/9420/7524/files/master_corrected_1779491936420_da3ikn_a01f50a9-c6ef-4bde-8efa-a354615528be.png?v=1779505886,,,,false,,false,exact,true,https://www.bestbottles.com/product/diva-design-100-ml-glass-bottle-pink-vintage-style-sprayer-with-tassel-shiny-gold-collar,Shopify variant has no assigned image | No exact Convex product plate | No exact catalog hero record | Source inventory contains only a cap-off view; assembled-front plate still needs recovery
GBDiva100RdcrMtSl__RETIRED__GB-DVA-CLR-100ML-RDC-MSLV-01__kd7ded8vjbkq64mmw0mbg54pms86astb,GB-DVA-CLR-100ML-RDC-MSLV-01,BB-GB-100-0131,Diva,Glass Bottle,,no_verified_source,source_recovery,P1,missing_variant_image,,https://cdn.shopify.com/s/files/1/0739/9420/7524/files/master_corrected_1779490342254_bb8utc.png?v=1779490636,,,,false,,false,,false,https://www.bestbottles.com/product/diva-design-100-ml-glass-bottle-reducer-silver-matte-cap,Shopify variant has no assigned image | Assigned remote image returned 404 | No exact Convex product plate | No exact catalog hero record
GBDiva100RdcrShnBlk__RETIRED__GB-DVA-CLR-100ML-RDC-SBLK-01__kd74a0e0bqn3men8dn3wjvsfr186brm9,GB-DVA-CLR-100ML-RDC-SBLK-01,BB-GB-100-0134,Diva,Glass Bottle,,no_verified_source,source_recovery,P1,missing_variant_image,,https://cdn.shopify.com/s/files/1/0739/9420/7524/files/master_corrected_1779490074247_0iz4ln.png?v=1779490657,,,,false,,false,,false,https://www.bestbottles.com/product/diva-design-100-ml-glass-bottle-reducer-black-shiny-cap,Shopify variant has no assigned image | Assigned remote image returned 404 | No exact Convex product plate | No exact catalog hero record
GBDiva30RdcrBlkLthr,GB-DVA-CLR-30ML-RDC-BKLT,BB-GB-030-0070,Diva,Glass Bottle,kh75n3ef8g6s0fkx9w952dmzcd8dpmbp,remote_only_healthy,remote_only_plate_needed,P1,missing_variant_image,,https://cdn.shopify.com/s/files/1/0739/9420/7524/files/1778804355267-2cb57327-c2cd-499a-9541-e70c9b26f4f8_72ca4d5d-05dc-41a5-ba9b-81aa9e76661b.png?v=1779470692,,,,false,,false,exact,true,https://www.bestbottles.com/product/diva-design-30-ml-glass-bottle-reducer-black-faux-leather-cap,Shopify variant has no assigned image | No exact Convex product plate | No exact catalog hero record | Source inventory contains only a cap-off view; assembled-front plate still needs recovery
GBDiva30RdcrBrwnLthr,GB-DVA-CLR-30ML-RDC-BRLT,BB-GB-030-0071,Diva,Glass Bottle,kh75n3ef8g6s0fkx9w952dmzcd8dpmbp,remote_only_healthy,remote_only_plate_needed,P1,missing_variant_image,,https://cdn.shopify.com/s/files/1/0739/9420/7524/files/1778804573566-15b265e2-ffa3-42ce-89b8-990b3420a9d1_c06e64f3-03ae-47cf-8a3e-378330fa1d1d.png?v=1779470673,,,,false,,false,exact,true,https://www.bestbottles.com/product/diva-design-30-ml-glass-bottle-reducer-brown-faux-leather-cap,Shopify variant has no assigned image | No exact Convex product plate | No exact catalog hero record | Source inventory contains only a cap-off view; assembled-front plate still needs recovery
GBDiva30RdcrIvyLthr,GB-DVA-CLR-30ML-RDC-IVLT,BB-GB-030-0072,Diva,Glass Bottle,kh75n3ef8g6s0fkx9w952dmzcd8dpmbp,remote_only_healthy,remote_only_plate_needed,P1,missing_variant_image,,https://cdn.shopify.com/s/files/1/0739/9420/7524/files/1778804978605-50376cd4-339c-4921-867f-3d7fb212594d_f1d93837-41ac-42bf-a752-5ce642912efc.png?v=1779470636,,,,false,,false,exact,true,https://www.bestbottles.com/product/diva-design-30-ml-glass-bottle-reducer-ivory-faux-leather-cap,Shopify variant has no assigned image | No exact Convex product plate | No exact catalog hero record | Source inventory contains only a cap-off view; assembled-front plate still needs recovery
GBDiva30RdcrLBrwnLthr,GB-DVA-CLR-30ML-RDC-LBLT,BB-GB-030-0073,Diva,Glass Bottle,kh75n3ef8g6s0fkx9w952dmzcd8dpmbp,remote_only_healthy,remote_only_plate_needed,P1,missing_variant_image,,https://cdn.shopify.com/s/files/1/0739/9420/7524/files/1778804638369-2a9d7a1f-2f97-4300-8005-34bd638699ce_6b11cfb0-c56f-4551-8a8b-21e91de70071.png?v=1779470668,,,,false,,false,exact,true,https://www.bestbottles.com/product/diva-design-30-ml-glass-bottle-reducer-light-brown-faux-leather-cap,Shopify variant has no assigned image | No exact Convex product plate | No exact catalog hero record | Source inventory contains only a cap-off view; assembled-front plate still needs recovery
GBDiva30RdcrMtSl,GB-DVA-CLR-30ML-RDC-MSLV,BB-GB-030-0074,Diva,Glass Bottle,kh75n3ef8g6s0fkx9w952dmzcd8dpmbp,remote_only_healthy,remote_only_plate_needed,P1,missing_variant_image,,https://cdn.shopify.com/s/files/1/0739/9420/7524/files/1778804813057-797f214d-ff8d-4a39-b796-f277db6b8219_8df0f439-a5a7-4a5d-bb02-6d9122f2af04.png?v=1779470653,,,,false,,false,exact,true,https://www.bestbottles.com/product/diva-design-30-ml-glass-bottle-reducer-silver-matte-cap,Shopify variant has no assigned image | No exact Convex product plate | No exact catalog hero record | Source inventory contains only a cap-off view; assembled-front plate still needs recovery
GBDiva30RdcrMtSlTall,GB-DVA-CLR-30ML-RDC-MSLV-T,BB-GB-030-0075,Diva,Glass Bottle,kh75n3ef8g6s0fkx9w952dmzcd8dpmbp,remote_only_healthy,remote_only_plate_needed,P1,missing_variant_image,,https://cdn.shopify.com/s/files/1/0739/9420/7524/files/1778804761238-a3f99d34-6ce1-43fb-8e40-13eaed42fc17_f315ff17-baf2-4330-a6f6-99bf767fdfa8.png?v=1779470659,,,,false,,false,exact,true,https://www.bestbottles.com/product/diva-design-30-ml-glass-bottle-reducer-tall-silver-matte-cap,Shopify variant has no assigned image | No exact Convex product plate | No exact catalog hero record | Source inventory contains only a cap-off view; assembled-front plate still needs recovery
GBDiva30RdcrMtSl__RETIRED__GB-DVA-CLR-30ML-RDC-MSLV-01__kd740dbc2gztsrdh5e2wpj61wx86ayts,GB-DVA-CLR-30ML-RDC-MSLV-01,BB-GB-030-0074,Diva,Glass Bottle,,remote_only_healthy,remote_only_plate_needed,P1,missing_variant_image,,https://cdn.shopify.com/s/files/1/0739/9420/7524/files/1778804813057-797f214d-ff8d-4a39-b796-f277db6b8219_8df0f439-a5a7-4a5d-bb02-6d9122f2af04.png?v=1779470653,,,,false,,false,,false,https://www.bestbottles.com/product/diva-design-30-ml-glass-bottle-reducer-silver-matte-cap,Shopify variant has no assigned image | No exact Convex product plate | No exact catalog hero record
GBDiva30RdcrPnkLthr,GB-DVA-CLR-30ML-RDC-PKLT,BB-GB-030-0076,Diva,Glass Bottle,kh75n3ef8g6s0fkx9w952dmzcd8dpmbp,remote_only_healthy,remote_only_plate_needed,P1,missing_variant_image,,https://cdn.shopify.com/s/files/1/0739/9420/7524/files/1778804920919-e851ad30-0867-4a35-98c1-03fdb2c17a09_85508852-a06d-4dc7-9654-54ab4de3e29a.png?v=1779470641,,,,false,,false,exact,true,https://www.bestbottles.com/product/diva-design-30-ml-glass-bottle-reducer-pink-faux-leather-cap,Shopify variant has no assigned image | No exact Convex product plate | No exact catalog hero record | Source inventory contains only a cap-off view; assembled-front plate still needs recovery
GBDiva30RdcrShnBlk,GB-DVA-CLR-30ML-RDC-SBLK,BB-GB-030-0077,Diva,Glass Bottle,kh75n3ef8g6s0fkx9w952dmzcd8dpmbp,remote_only_healthy,remote_only_plate_needed,P1,missing_variant_image,,https://cdn.shopify.com/s/files/1/0739/9420/7524/files/1778804512609-618aed22-0af5-4a3f-8be4-b7d7947d5ed4_418100ac-bec4-4ca6-bd9f-ccbec82e673a.png?v=1779470678,,,,false,,false,exact,true,https://www.bestbottles.com/product/diva-design-30-ml-glass-bottle-reducer-black-shiny-cap,Shopify variant has no assigned image | No exact Convex product plate | No exact catalog hero record | Source inventory contains only a cap-off view; assembled-front plate still needs recovery
GBDiva30RdcrShnBlkTall,GB-DVA-CLR-30ML-RDC-SBLK-T,BB-GB-030-0078,Diva,Glass Bottle,kh75n3ef8g6s0fkx9w952dmzcd8dpmbp,remote_only_healthy,remote_only_plate_needed,P1,missing_variant_image,,https://cdn.shopify.com/s/files/1/0739/9420/7524/files/1778804462916-eae68f70-5b26-4d4b-bee4-3f1ed54427b1_50feeb9b-9dff-4e5e-b68c-ab6a8e443b78.png?v=1779470683,,,,false,,false,exact,true,https://www.bestbottles.com/product/diva-design-30-ml-glass-bottle-reducer-tall-black-shiny-cap,Shopify variant has no assigned image | No exact Convex product plate | No exact catalog hero record | Source inventory contains only a cap-off view; assembled-front plate still needs recovery
GBDiva30RdcrShnBlk__RETIRED__GB-DVA-CLR-30ML-RDC-SBLK-01__kd7c8xrq2q7aj2e6wvbd5zh6a986aktt,GB-DVA-CLR-30ML-RDC-SBLK-01,BB-GB-030-0077,Diva,Glass Bottle,,remote_only_healthy,remote_only_plate_needed,P1,missing_variant_image,,https://cdn.shopify.com/s/files/1/0739/9420/7524/files/1778804512609-618aed22-0af5-4a3f-8be4-b7d7947d5ed4_418100ac-bec4-4ca6-bd9f-ccbec82e673a.png?v=1779470678,,,,false,,false,,false,https://www.bestbottles.com/product/diva-design-30-ml-glass-bottle-reducer-black-shiny-cap,Shopify variant has no assigned image | No exact Convex product plate | No exact catalog hero record
GBDiva30RdcrShnGl,GB-DVA-CLR-30ML-RDC-SGLD,BB-GB-030-0079,Diva,Glass Bottle,kh75n3ef8g6s0fkx9w952dmzcd8dpmbp,remote_only_healthy,remote_only_plate_needed,P1,missing_variant_image,,https://cdn.shopify.com/s/files/1/0739/9420/7524/files/1778804413224-775eaa0d-3dbc-40e4-a6e6-f702a16a256b_e3be027c-25f2-4f9d-9960-94226d71334e.png?v=1779470687,,,,false,/Users/jordanrichter/Projects/Clients/Nemat-International/Best-Bottles-Website-02-20-2026/.worktrees/priority-family-kits/public/images/catalog/bone-review/GBDiva30RdcrShnGl.ad273685647c.png,true,exact,true,https://www.bestbottles.com/product/diva-design-30-ml-glass-bottle-reducer-shiny-gold-cap,Shopify variant has no assigned image | No exact Convex product plate | Source inventory contains only a cap-off view; assembled-front plate still needs recovery
GBDiva30RdcrShnSl,GB-DVA-CLR-30ML-RDC-SSLV,BB-GB-030-0080,Diva,Glass Bottle,kh75n3ef8g6s0fkx9w952dmzcd8dpmbp,remote_only_healthy,remote_only_plate_needed,P1,missing_variant_image,,https://cdn.shopify.com/s/files/1/0739/9420/7524/files/1778804706265-a55cc996-c674-439d-b284-e8a796515fa0_6f7ecc8e-490f-4b18-9a11-7e64acb18d21.png?v=1779470663,,,,false,,false,exact,true,https://www.bestbottles.com/product/diva-design-30-ml-glass-bottle-reducer-shiny-silver-cap,Shopify variant has no assigned image | No exact Convex product plate | No exact catalog hero record | Source inventory contains only a cap-off view; assembled-front plate still needs recovery
GBDiva30RdcrWht,GB-DVA-CLR-30ML-RDC-WHT,BB-GB-030-0081,Diva,Glass Bottle,kh75n3ef8g6s0fkx9w952dmzcd8dpmbp,remote_only_healthy,remote_only_plate_needed,P1,missing_variant_image,,https://cdn.shopify.com/s/files/1/0739/9420/7524/files/1778804863815-115e563e-7849-4ab2-b2cc-ef9b56133664_3212d4bb-01c5-4aa8-b97d-35f57dcbb9c5.png?v=1779470648,,,,false,,false,exact,true,https://www.bestbottles.com/product/diva-design-30-ml-glass-bottle-reducer-white-cap,Shopify variant has no assigned image | No exact Convex product plate | No exact catalog hero record | Source inventory contains only a cap-off view; assembled-front plate still needs recovery
GBDiva46AnSpBlkRng,GB-DVA-CLR-46ML-T-01,BB-GB-046-0002,Diva,Glass Bottle,kh7atfxa3ng8yk5xedneq0fjrx8dqgpb,no_verified_source,source_recovery,P0,missing_variant_image,,https://cdn.shopify.com/s/files/1/0739/9420/7524/files/master_corrected_1779508481668_jvq8ol.png?v=1781252058,,,,false,,false,no-psd,false,https://www.bestbottles.com/product/diva-design-46-ml-glass-bottle-black-vintage-style-sprayer-with-shiny-silver-collar-ring,Shopify variant has no assigned image | Assigned remote image returned 404 | No exact Convex product plate | No exact catalog hero record | Source blocker: match:no-psd
GBDiva46AnSpIvySlRng,GB-DVA-CLR-46ML-T-02,BB-GB-046-0006,Diva,Glass Bottle,kh7atfxa3ng8yk5xedneq0fjrx8dqgpb,no_verified_source,source_recovery,P0,missing_variant_image,,https://cdn.shopify.com/s/files/1/0739/9420/7524/files/master_corrected_1779508658491_woposo.png?v=1781252057,,,,false,,false,no-psd,false,https://www.bestbottles.com/product/diva-design-46-ml-glass-bottle-ivory-vintage-style-sprayer-with-shiny-silver-collar-ring,Shopify variant has no assigned image | Assigned remote image returned 404 | No exact Convex product plate | No exact catalog hero record | Source blocker: match:no-psd
GBDiva46AnSpLvnRng,GB-DVA-CLR-46ML-T-04,BB-GB-046-0008,Diva,Glass Bottle,kh7atfxa3ng8yk5xedneq0fjrx8dqgpb,no_verified_source,source_recovery,P0,missing_variant_image,,https://cdn.shopify.com/s/files/1/0739/9420/7524/files/master_corrected_1779508604549_68ux9e.png?v=1781252057,,,,false,,false,no-psd,false,https://www.bestbottles.com/product/diva-design-46-ml-glass-bottle-lavender-vintage-style-sprayer-with-shiny-silver-collar-ring,Shopify variant has no assigned image | Assigned remote image returned 404 | No exact Convex product plate | No exact catalog hero record | Source blocker: match:no-psd
GBDiva46AnSpRedRng,GB-DVA-CLR-46ML-T-05,BB-GB-046-0012,Diva,Glass Bottle,kh7atfxa3ng8yk5xedneq0fjrx8dqgpb,no_verified_source,source_recovery,P0,missing_variant_image,,https://cdn.shopify.com/s/files/1/0739/9420/7524/files/master_corrected_1779508721221_1l1bmv.png?v=1781252058,,,,false,,false,no-psd,false,https://www.bestbottles.com/product/diva-design-46-ml-glass-bottle-red-vintage-style-sprayer-with-shiny-silver-collar-ring,Shopify variant has no assigned image | Assigned remote image returned 404 | No exact Convex product plate | No exact catalog hero record | Source blocker: match:no-psd
GBDiva46AnSpTslBlkRng,GB-DVA-CLR-46ML-T-06,BB-GB-046-0014,Diva,Glass Bottle,kh7avq3257cf78wgr0s9pa90mh8dq8fy,remote_only_healthy,remote_only_plate_needed,P1,missing_variant_image,,https://cdn.shopify.com/s/files/1/0739/9420/7524/files/master_corrected_1781853248380_8r24v3.png?v=1781854062,,,,false,,false,no-psd,false,https://www.bestbottles.com/product/diva-design-46-ml-glass-bottle-black-vintage-style-sprayer-with-tassel-shiny-silver-collar-ring,Shopify variant has no assigned image | No exact Convex product plate | No exact catalog hero record | Source blocker: match:no-psd
GBDiva46AnSpTslGl,GB-DVA-CLR-46ML-AST-GLD,BB-GB-046-0015,Diva,Glass Bottle,kh7avq3257cf78wgr0s9pa90mh8dq8fy,remote_only_healthy,remote_only_plate_needed,P1,missing_variant_image,,https://cdn.shopify.com/s/files/1/0739/9420/7524/files/GB-DVA-CLR-46ML-AST-GLD_1779507028986_2x26ax.png?v=1781252065,,,,false,,false,exact,true,https://www.bestbottles.com/product/diva-design-46-ml-glass-bottle-gold-vintage-style-sprayer-with-tassel-shiny-gold-collar,Shopify variant has no assigned image | No exact Convex product plate | No exact catalog hero record | Source inventory contains only a cap-off view; assembled-front plate still needs recovery
GBDiva46AnSpTslIvyGl,GB-DVA-CLR-46ML-AST-IVGD,BB-GB-046-0016,Diva,Glass Bottle,kh7avq3257cf78wgr0s9pa90mh8dq8fy,remote_only_healthy,remote_only_plate_needed,P1,assigned,https://cdn.shopify.com/s/files/1/0739/9420/7524/files/master_corrected_1781853769314_7h3nhg.png?v=1785361416,https://cdn.shopify.com/s/files/1/0739/9420/7524/files/master_corrected_1781853769314_7h3nhg.png?v=1781854033,,,,false,/Users/jordanrichter/Projects/Clients/Nemat-International/Best-Bottles-Website-02-20-2026/.worktrees/priority-family-kits/public/images/catalog/bone-review/GBDiva46AnSpTslIvyGl.129b47c8513d.png,true,exact,true,https://www.bestbottles.com/product/diva-design-46-ml-glass-bottle-ivory-vintage-style-sprayer-with-tassel-shiny-gold-collar,No exact Convex product plate | Source inventory contains only a cap-off view; assembled-front plate still needs recovery
GBDiva46AnSpTslIvySl,GB-DVA-CLR-46ML-AST-IVSL,BB-GB-046-0017,Diva,Glass Bottle,kh7avq3257cf78wgr0s9pa90mh8dq8fy,remote_only_healthy,remote_only_plate_needed,P1,assigned,https://cdn.shopify.com/s/files/1/0739/9420/7524/files/master_corrected_1781854026618_3vcwe7.png?v=1785361403,https://cdn.shopify.com/s/files/1/0739/9420/7524/files/GB-DVA-CLR-46ML-AST-IVSL_1779507048488_e6c1mu.png?v=1781252065,,,,false,,false,exact,true,https://www.bestbottles.com/product/diva-design-46-ml-glass-bottle-ivory-vintage-style-sprayer-with-tassel-shiny-silver-collar,No exact Convex product plate | No exact catalog hero record | Source inventory contains only a cap-off view; assembled-front plate still needs recovery
GBDiva46AnSpTslIvySlRng,GB-DVA-CLR-46ML-T-07,BB-GB-046-0018,Diva,Glass Bottle,kh7avq3257cf78wgr0s9pa90mh8dq8fy,no_verified_source,source_recovery,P0,missing_variant_image,,https://cdn.shopify.com/s/files/1/0739/9420/7524/files/master_corrected_1781853481743_df590j.png?v=1781854047,,,,false,,false,no-psd,false,https://www.bestbottles.com/product/diva-design-46-ml-glass-bottle-ivory-vintage-style-sprayer-with-tassel-shiny-silver-collar-ring,Shopify variant has no assigned image | Assigned remote image returned 404 | No exact Convex product plate | No exact catalog hero record | Source blocker: match:no-psd
GBDiva46AnSpTslLvn,GB-DVA-CLR-46ML-AST-LVN,BB-GB-046-0019,Diva,Glass Bottle,kh7avq3257cf78wgr0s9pa90mh8dq8fy,remote_only_healthy,remote_only_plate_needed,P1,assigned,https://cdn.shopify.com/s/files/1/0739/9420/7524/files/master_corrected_1781853893843_btyesx.png?v=1785361408,https://cdn.shopify.com/s/files/1/0739/9420/7524/files/master_corrected_1781853893843_btyesx.png?v=1781854504,,,,false,,false,exact,true,https://www.bestbottles.com/product/diva-design-46-ml-glass-bottle-lavender-vintage-style-sprayer-with-tassel-shiny-silver-collar,No exact Convex product plate | No exact catalog hero record | Source inventory contains only a cap-off view; assembled-front plate still needs recovery
GBDiva46AnSpTslLvnRng,GB-DVA-CLR-46ML-T-08,BB-GB-046-0020,Diva,Glass Bottle,kh7avq3257cf78wgr0s9pa90mh8dq8fy,no_verified_source,source_recovery,P0,missing_variant_image,,https://cdn.shopify.com/s/files/1/0739/9420/7524/files/master_corrected_1781853420267_viaea9.png?v=1781854052,,,,false,,false,no-psd,false,https://www.bestbottles.com/product/diva-design-46-ml-glass-bottle-lavender-vintage-style-sprayer-with-tassel-shiny-silver-collar-ring,Shopify variant has no assigned image | Assigned remote image returned 404 | No exact Convex product plate | No exact catalog hero record | Source blocker: match:no-psd
GBDiva46AnSpTslMtSl,GB-DVA-CLR-46ML-AST-MSLV,BB-GB-046-0021,Diva,Glass Bottle,kh7avq3257cf78wgr0s9pa90mh8dq8fy,remote_only_healthy,remote_only_plate_needed,P1,assigned,https://cdn.shopify.com/s/files/1/0739/9420/7524/files/1781854241282-03027d16-b6dc-4980-b4db-bcb11c0e82e4.png?v=1785361395,https://cdn.shopify.com/s/files/1/0739/9420/7524/files/GB-DVA-CLR-46ML-AST-MSLV_1779507026549_o1eyzz.png?v=1781252065,,,,false,,false,exact,true,https://www.bestbottles.com/product/diva-design-46-ml-glass-bottle-matte-silver-vintage-style-sprayer-with-tassel-matte-silver-collar,No exact Convex product plate | No exact catalog hero record | Source inventory contains only a cap-off view; assembled-front plate still needs recovery
GBDiva46AnSpTslPnk,GB-DVA-CLR-46ML-AST-PNK,BB-GB-046-0022,Diva,Glass Bottle,kh7avq3257cf78wgr0s9pa90mh8dq8fy,remote_only_healthy,remote_only_plate_needed,P1,assigned,https://cdn.shopify.com/s/files/1/0739/9420/7524/files/master_corrected_1781853832223_6bqfr4.png?v=1785361412,https://cdn.shopify.com/s/files/1/0739/9420/7524/files/master_corrected_1781853832223_6bqfr4.png?v=1781854028,,,,false,,false,exact,true,https://www.bestbottles.com/product/diva-design-46-ml-glass-bottle-pink-vintage-style-sprayer-with-tassel-shiny-gold-collar,No exact Convex product plate | No exact catalog hero record | Source inventory contains only a cap-off view; assembled-front plate still needs recovery
GBDiva46AnSpTslRed,GB-DVA-CLR-46ML-AST-RED,BB-GB-046-0023,Diva,Glass Bottle,kh7avq3257cf78wgr0s9pa90mh8dq8fy,remote_only_healthy,remote_only_plate_needed,P1,missing_variant_image,,https://cdn.shopify.com/s/files/1/0739/9420/7524/files/master_corrected_1781854091649_9fy2d1.png?v=1781854382,,,,false,,false,exact,true,https://www.bestbottles.com/product/diva-design-46-ml-glass-bottle-red-vintage-style-sprayer-with-tassel-shiny-silver-collar,Shopify variant has no assigned image | No exact Convex product plate | No exact catalog hero record | Source inventory contains only a cap-off view; assembled-front plate still needs recovery
GBDiva46AnSpTslRedRng,GB-DVA-CLR-46ML-T-09,BB-GB-046-0024,Diva,Glass Bottle,kh7avq3257cf78wgr0s9pa90mh8dq8fy,no_verified_source,source_recovery,P0,missing_variant_image,,https://cdn.shopify.com/s/files/1/0739/9420/7524/files/master_corrected_1781853567564_gr0mlr.png?v=1781854043,,,,false,,false,no-psd,false,https://www.bestbottles.com/product/diva-design-46-ml-glass-bottle-red-vintage-style-sprayer-with-tassel-shiny-silver-collar-ring,Shopify variant has no assigned image | Assigned remote image returned 404 | No exact Convex product plate | No exact catalog hero record | Source blocker: match:no-psd
GBDiva46AnSpTslWht,GB-DVA-CLR-46ML-AST-WHT,BB-GB-046-0025,Diva,Glass Bottle,kh7avq3257cf78wgr0s9pa90mh8dq8fy,remote_only_healthy,remote_only_plate_needed,P1,assigned,https://cdn.shopify.com/s/files/1/0739/9420/7524/files/master_corrected_1781854169382_zc12ao.png?v=1785361399,https://cdn.shopify.com/s/files/1/0739/9420/7524/files/GB-DVA-CLR-46ML-AST-WHT_1779507027743_35rmrp.png?v=1781252065,,,,false,,false,exact,true,https://www.bestbottles.com/product/diva-design-46-ml-glass-bottle-white-vintage-style-sprayer-with-tassel-shiny-silver-collar,No exact Convex product plate | No exact catalog hero record | Source inventory contains only a cap-off view; assembled-front plate still needs recovery
GBDiva46AnSpTslWhtRng,GB-DVA-CLR-46ML-T-10,BB-GB-046-0026,Diva,Glass Bottle,kh7avq3257cf78wgr0s9pa90mh8dq8fy,remote_only_healthy,remote_only_plate_needed,P1,assigned,https://cdn.shopify.com/s/files/1/0739/9420/7524/files/master_corrected_1781853644775_y6up57.png?v=1785361420,https://cdn.shopify.com/s/files/1/0739/9420/7524/files/master_corrected_1781853644775_y6up57.png?v=1781854038,,,,false,,false,exact,true,https://www.bestbottles.com/product/diva-design-46-ml-glass-bottle-white-vintage-style-sprayer-with-tassel-shiny-silver-collar-ring,No exact Convex product plate | No exact catalog hero record | Source inventory contains only a cap-off view; assembled-front plate still needs recovery
GBDiva46DrpCu,GB-DVA-CLR-46ML-DRP-CPR,BB-GB-046-0029,Diva,Glass Bottle,kh77v0x5m9tg7njbrbt732929x8dp5ky,remote_only_healthy,remote_only_plate_needed,P1,assigned,https://cdn.shopify.com/s/files/1/0739/9420/7524/files/GBDiva46DrpCu_e636fa6c-2a95-408b-acd1-ba36fe085834.png?v=1788729385,https://cdn.shopify.com/s/files/1/0739/9420/7524/files/master_corrected_1779507607226_ess4ke.png?v=1781251864,,,,false,,false,exact,true,https://www.bestbottles.com/product/diva-design-46-ml-glass-bottle-white-dropper-shiny-copper-collar-cap,No exact Convex product plate | No exact catalog hero record | Source inventory contains only a cap-off view; assembled-front plate still needs recovery
GBDiva46DrpGl,GB-DVA-CLR-46ML-DRP-GLD,BB-GB-046-0030,Diva,Glass Bottle,kh77v0x5m9tg7njbrbt732929x8dp5ky,remote_only_healthy,remote_only_plate_needed,P1,assigned,https://cdn.shopify.com/s/files/1/0739/9420/7524/files/GBDiva46DrpGl_6176e25d-45c5-4778-b827-d2b99f5c5db1.png?v=1788729385,https://cdn.shopify.com/s/files/1/0739/9420/7524/files/GB-DVA-FRS-46ML-DRP-GLD.png?v=1781751487,,,,false,/Users/jordanrichter/Projects/Clients/Nemat-International/Best-Bottles-Website-02-20-2026/.worktrees/priority-family-kits/public/images/catalog/bone-review/GBDiva46DrpGl.adc5d5f7255c.png,true,exact,true,https://www.bestbottles.com/product/diva-design-46-ml-glass-bottle-white-dropper-shiny-gold-collar-cap,No exact Convex product plate | Source inventory contains only a cap-off view; assembled-front plate still needs recovery
GBDiva46DrpSl,GB-DVA-CLR-46ML-DRP-SLV,BB-GB-046-0031,Diva,Glass Bottle,kh77v0x5m9tg7njbrbt732929x8dp5ky,remote_only_healthy,remote_only_plate_needed,P1,assigned,https://cdn.shopify.com/s/files/1/0739/9420/7524/files/GBDiva46DrpSl_5515ff28-4189-40ad-b28b-5748327e2645.png?v=1788729385,https://cdn.shopify.com/s/files/1/0739/9420/7524/files/GB-DVA-FRS-46ML-DRP-SLV.png?v=1781751493,,,,false,,false,exact,true,https://www.bestbottles.com/product/diva-design-46-ml-glass-bottle-white-dropper-shiny-silver-collar-cap,No exact Convex product plate | No exact catalog hero record | Source inventory contains only a cap-off view; assembled-front plate still needs recovery
GBDiva46RdcrMtSl__RETIRED__GB-DVA-CLR-46ML-RDC-MSLV-01__kd72ym5b0r15dhfmxe4wvtmxe186a5xc,GB-DVA-CLR-46ML-RDC-MSLV-01,BB-GB-046-0036,Diva,Glass Bottle,,no_verified_source,source_recovery,P1,missing_variant_image,,https://cdn.shopify.com/s/files/1/0739/9420/7524/files/master_corrected_1779508145146_zsiwuz.png?v=1779508394,,,,false,,false,,false,https://www.bestbottles.com/product/diva-design-46-ml-glass-bottle-reducer-silver-matte-cap,Shopify variant has no assigned image | Assigned remote image returned 404 | No exact Convex product plate | No exact catalog hero record
GBDiva46RdcrShnBlk__RETIRED__GB-DVA-CLR-46ML-RDC-SBLK-01__kd7f9s0dxmng1p8tpv9p979em186bsjj,GB-DVA-CLR-46ML-RDC-SBLK-01,BB-GB-046-0039,Diva,Glass Bottle,,no_verified_source,source_recovery,P1,missing_variant_image,,https://cdn.shopify.com/s/files/1/0739/9420/7524/files/master_corrected_1779507850483_4lptk6.png?v=1779508415,,,,false,,false,,false,https://www.bestbottles.com/product/diva-design-46-ml-glass-bottle-reducer-black-shiny-cap,Shopify variant has no assigned image | Assigned remote image returned 404 | No exact Convex product plate | No exact catalog hero record
GBDivaFrst46AnSpBlk__RETIRED__GB-DVA-CLR-46ML-T-12__kd75d7d0kaskw9w9hd0y45gx6h86b0cc,GB-DVA-CLR-46ML-T-12,BB-GB-046-0050,Diva,Glass Bottle,,no_verified_source,source_recovery,P1,missing_variant_image,,https://cdn.shopify.com/s/files/1/0739/9420/7524/files/master_corrected_1779582895953_buobp3.png?v=1779583948,,,,false,,false,,false,https://www.bestbottles.com/product/diva-design-46-ml-frosted-glass-bottle-black-vintage-style-bulb-sprayer-shiny-silver-collar-cap,Shopify variant has no assigned image | Assigned remote image returned 404 | No exact Convex product plate | No exact catalog hero record
GBDivaFrst46AnSpGl__RETIRED__GB-DVA-CLR-46ML-T-13__kd733shtv2s83gnfr1kqez3das86aj12,GB-DVA-CLR-46ML-T-13,BB-GB-046-0051,Diva,Glass Bottle,,no_verified_source,source_recovery,P1,missing_variant_image,,https://cdn.shopify.com/s/files/1/0739/9420/7524/files/master_corrected_1779583196813_wk9x8z.png?v=1779583925,,,,false,,false,,false,https://www.bestbottles.com/product/diva-design-46-ml-frosted-glass-bottle-gold-vintage-style-sprayer-shiny-gold-collar-cap,Shopify variant has no assigned image | Assigned remote image returned 404 | No exact Convex product plate | No exact catalog hero record
GBDivaFrst46AnSpIvyGl__RETIRED__GB-DVA-CLR-46ML-T-14__kd77jkchne66j8e5b9y4vbfc6s86ave8,GB-DVA-CLR-46ML-T-14,BB-GB-046-0052,Diva,Glass Bottle,,no_verified_source,source_recovery,P1,missing_variant_image,,https://cdn.shopify.com/s/files/1/0739/9420/7524/files/master_corrected_1779583249671_fik131.png?v=1779583920,,,,false,,false,,false,https://www.bestbottles.com/product/diva-design-46-ml-frosted-glass-bottle-ivory-vintage-style-bulb-sprayer-shiny-gold-collar-cap,Shopify variant has no assigned image | Assigned remote image returned 404 | No exact Convex product plate | No exact catalog hero record
GBDivaFrst46AnSpIvySl__RETIRED__GB-DVA-CLR-46ML-T-15__kd7dpnvt1btxmer32wgspd1awh86axqc,GB-DVA-CLR-46ML-T-15,BB-GB-046-0053,Diva,Glass Bottle,,no_verified_source,source_recovery,P1,missing_variant_image,,https://cdn.shopify.com/s/files/1/0739/9420/7524/files/master_corrected_1779583143542_la9c74.png?v=1779583930,,,,false,,false,,false,https://www.bestbottles.com/product/diva-design-46-ml-frosted-glass-bottle-ivory-vintage-style-bulb-sprayer-shiny-silver-collar-cap,Shopify variant has no assigned image | Assigned remote image returned 404 | No exact Convex product plate | No exact catalog hero record
GBDivaFrst46AnSpLvn__RETIRED__GB-DVA-CLR-46ML-T-16__kd7220gx894k73t31n7cmc5pg186byak,GB-DVA-CLR-46ML-T-16,BB-GB-046-0054,Diva,Glass Bottle,,no_verified_source,source_recovery,P1,missing_variant_image,,https://cdn.shopify.com/s/files/1/0739/9420/7524/files/master_corrected_1779582954214_3yhde2.png?v=1779583944,,,,false,,false,,false,https://www.bestbottles.com/product/diva-design-46-ml-frosted-glass-bottle-lavender-vintage-style-bulb-sprayer-shiny-silver-collar-cap,Shopify variant has no assigned image | Assigned remote image returned 404 | No exact Convex product plate | No exact catalog hero record
GBDivaFrst46AnSpMtSl__RETIRED__GB-DVA-CLR-46ML-T-17__kd745afwpccb4j4f2fm428yw2186a931,GB-DVA-CLR-46ML-T-17,BB-GB-046-0055,Diva,Glass Bottle,,no_verified_source,source_recovery,P1,missing_variant_image,,https://cdn.shopify.com/s/files/1/0739/9420/7524/files/master_corrected_1779583089922_6b1twv.png?v=1779583934,,,,false,,false,,false,https://www.bestbottles.com/product/diva-design-46-ml-frosted-glass-bottle-matte-silver-vintage-style-sprayer-matte-silver-collar-cap,Shopify variant has no assigned image | Assigned remote image returned 404 | No exact Convex product plate | No exact catalog hero record
GBDivaFrst46AnSpPnk__RETIRED__GB-DVA-CLR-46ML-T-18__kd76m3z2fqexc02mna1q8pqxz586avgf,GB-DVA-CLR-46ML-T-18,BB-GB-046-0056,Diva,Glass Bottle,,no_verified_source,source_recovery,P1,missing_variant_image,,https://cdn.shopify.com/s/files/1/0739/9420/7524/files/master_corrected_1779583015219_iern8f.png?v=1779583939,,,,false,,false,,false,https://www.bestbottles.com/product/diva-design-46-ml-frosted-glass-bottle-pink-vintage-style-bulb-sprayer-shiny-gold-collar-cap,Shopify variant has no assigned image | Assigned remote image returned 404 | No exact Convex product plate | No exact catalog hero record
GBDivaFrst46AnSpRed__RETIRED__GB-DVA-CLR-46ML-T-19__kd7av90kq62dbmztxpjrvqtprx86bz4m,GB-DVA-CLR-46ML-T-19,BB-GB-046-0057,Diva,Glass Bottle,,no_verified_source,source_recovery,P1,missing_variant_image,,https://cdn.shopify.com/s/files/1/0739/9420/7524/files/master_corrected_1779583368531_g5fsuk.png?v=1779583911,,,,false,,false,,false,https://www.bestbottles.com/product/diva-design-46-ml-frosted-glass-bottle-red-vintage-style-bulb-sprayer-shiny-silver-collar-cap,Shopify variant has no assigned image | Assigned remote image returned 404 | No exact Convex product plate | No exact catalog hero record
GBDivaFrst46AnSpTslBlk,GB-DVA-FRS-46ML-T-20,BB-GB-046-0058,Diva,Glass Bottle,kh7b5cwn10y6akvby0ad9d5qys8dqarj,remote_only_healthy,remote_only_plate_needed,P1,missing_variant_image,,https://cdn.shopify.com/s/files/1/0739/9420/7524/files/GB-DVA-FRS-46ML-T-20_1779507037084_jzcxnt.png?v=1781252110,,,,false,,false,exact,true,https://www.bestbottles.com/product/diva-design-46-ml-frosted-glass-bottle-black-vintage-style-sprayer-with-tassel-shiny-silver-collar-ring,Shopify variant has no assigned image | No exact Convex product plate | No exact catalog hero record | Source inventory contains only a cap-off view; assembled-front plate still needs recovery
GBDivaFrst46AnSpTslBlk__RETIRED__GB-DVA-CLR-46ML-T-20__kd7ff8c295akq9g9c6fxm2bwt186avs5,GB-DVA-CLR-46ML-T-20,BB-GB-046-0058,Diva,Glass Bottle,,remote_only_healthy,remote_only_plate_needed,P1,missing_variant_image,,https://cdn.shopify.com/s/files/1/0739/9420/7524/files/GB-DVA-CLR-46ML-T-20__GBDivaFrst46AnSpTslBlk__pdp-main__v001.png?v=1781252686,,,,false,,false,,false,https://www.bestbottles.com/product/diva-design-46-ml-frosted-glass-bottle-black-vintage-style-sprayer-with-tassel-shiny-silver-collar-ring,Shopify variant has no assigned image | No exact Convex product plate | No exact catalog hero record
GBDivaFrst46AnSpTslGl,GB-DVA-FRS-46ML-T-21,BB-GB-046-0059,Diva,Glass Bottle,kh7b5cwn10y6akvby0ad9d5qys8dqarj,remote_only_healthy,remote_only_plate_needed,P1,missing_variant_image,,https://cdn.shopify.com/s/files/1/0739/9420/7524/files/GB-DVA-FRS-46ML-T-21_1779507035929_mqtmbn.png?v=1781252110,,,,false,,false,exact,true,https://www.bestbottles.com/product/diva-design-46-ml-frosted-glass-bottle-gold-vintage-style-sprayer-with-tassel-shiny-gold-collar-ring,Shopify variant has no assigned image | No exact Convex product plate | No exact catalog hero record | Source inventory contains only a cap-off view; assembled-front plate still needs recovery
GBDivaFrst46AnSpTslGl__RETIRED__GB-DVA-CLR-46ML-T-21__kd792x38x9p2m1bc008c3jgtsx86b010,GB-DVA-CLR-46ML-T-21,BB-GB-046-0059,Diva,Glass Bottle,,remote_only_healthy,remote_only_plate_needed,P1,missing_variant_image,,https://cdn.shopify.com/s/files/1/0739/9420/7524/files/GB-DVA-CLR-46ML-T-21__GBDivaFrst46AnSpTslGl__pdp-main__v001.png?v=1781252687,,,,false,,false,,false,https://www.bestbottles.com/product/diva-design-46-ml-frosted-glass-bottle-gold-vintage-style-sprayer-with-tassel-shiny-gold-collar-ring,Shopify variant has no assigned image | No exact Convex product plate | No exact catalog hero record
GBDivaFrst46AnSpTslIvyGl,GB-DVA-FRS-46ML-T-22,BB-GB-046-0060,Diva,Glass Bottle,kh7b5cwn10y6akvby0ad9d5qys8dqarj,remote_only_healthy,remote_only_plate_needed,P1,missing_variant_image,,https://cdn.shopify.com/s/files/1/0739/9420/7524/files/GB-DVA-FRS-46ML-T-22_1779507032448_hzemdy.png?v=1781252110,,,,false,/Users/jordanrichter/Projects/Clients/Nemat-International/Best-Bottles-Website-02-20-2026/.worktrees/priority-family-kits/public/images/catalog/bone-review/GBDivaFrst46AnSpTslIvyGl.23cb7e15e7fd.png,true,exact,true,https://www.bestbottles.com/product/diva-design-46-ml-frosted-glass-bottle-ivory-vintage-style-sprayer-with-tassel-shiny-gold-collar,Shopify variant has no assigned image | No exact Convex product plate | Source inventory contains only a cap-off view; assembled-front plate still needs recovery
GBDivaFrst46AnSpTslIvyGl__RETIRED__GB-DVA-CLR-46ML-T-22__kd72ktb23t1vhve423mqw7sv9h86aed2,GB-DVA-CLR-46ML-T-22,BB-GB-046-0060,Diva,Glass Bottle,,remote_only_healthy,remote_only_plate_needed,P1,missing_variant_image,,https://cdn.shopify.com/s/files/1/0739/9420/7524/files/GB-DVA-CLR-46ML-T-22__GBDivaFrst46AnSpTslIvyGl__pdp-main__v001.png?v=1781252687,,,,false,,false,,false,https://www.bestbottles.com/product/diva-design-46-ml-frosted-glass-bottle-ivory-vintage-style-sprayer-with-tassel-shiny-gold-collar,Shopify variant has no assigned image | No exact Convex product plate | No exact catalog hero record
GBDivaFrst46AnSpTslIvySl,GB-DVA-FRS-46ML-T-23,BB-GB-046-0061,Diva,Glass Bottle,kh7b5cwn10y6akvby0ad9d5qys8dqarj,remote_only_healthy,remote_only_plate_needed,P1,missing_variant_image,,https://cdn.shopify.com/s/files/1/0739/9420/7524/files/GB-DVA-FRS-46ML-T-23_1779507033542_ttf0el.png?v=1781252110,,,,false,,false,exact,true,https://www.bestbottles.com/product/diva-design-46-ml-frosted-glass-bottle-ivory-vintage-style-sprayer-with-tassel-shiny-silver-collar,Shopify variant has no assigned image | No exact Convex product plate | No exact catalog hero record | Source inventory contains only a cap-off view; assembled-front plate still needs recovery
GBDivaFrst46AnSpTslIvySl__RETIRED__GB-DVA-CLR-46ML-T-23__kd73pkgwhj4540mr8tz0ejcnv986a1hc,GB-DVA-CLR-46ML-T-23,BB-GB-046-0061,Diva,Glass Bottle,,remote_only_healthy,remote_only_plate_needed,P1,missing_variant_image,,https://cdn.shopify.com/s/files/1/0739/9420/7524/files/GB-DVA-CLR-46ML-T-23__GBDivaFrst46AnSpTslIvySl__pdp-main__v001.png?v=1781252686,,,,false,,false,,false,https://www.bestbottles.com/product/diva-design-46-ml-frosted-glass-bottle-ivory-vintage-style-sprayer-with-tassel-shiny-silver-collar,Shopify variant has no assigned image | No exact Convex product plate | No exact catalog hero record
GBDivaFrst46AnSpTslLvn,GB-DVA-FRS-46ML-T-24,BB-GB-046-0062,Diva,Glass Bottle,kh7b5cwn10y6akvby0ad9d5qys8dqarj,remote_only_healthy,remote_only_plate_needed,P1,missing_variant_image,,https://cdn.shopify.com/s/files/1/0739/9420/7524/files/GB-DVA-FRS-46ML-T-24_1779507038070_abrncn.png?v=1781252110,,,,false,,false,exact,true,https://www.bestbottles.com/product/diva-design-46-ml-frosted-glass-bottle-lavender-vintage-style-sprayer-with-tassel-shiny-silver-collar-ring,Shopify variant has no assigned image | No exact Convex product plate | No exact catalog hero record | Source inventory contains only a cap-off view; assembled-front plate still needs recovery
GBDivaFrst46AnSpTslLvn__RETIRED__GB-DVA-CLR-46ML-T-24__kd7dckcsp3e320r6e72m03g17h86brbj,GB-DVA-CLR-46ML-T-24,BB-GB-046-0062,Diva,Glass Bottle,,remote_only_healthy,remote_only_plate_needed,P1,missing_variant_image,,https://cdn.shopify.com/s/files/1/0739/9420/7524/files/GB-DVA-CLR-46ML-T-24__GBDivaFrst46AnSpTslLvn__pdp-main__v001.png?v=1781252687,,,,false,,false,,false,https://www.bestbottles.com/product/diva-design-46-ml-frosted-glass-bottle-lavender-vintage-style-sprayer-with-tassel-shiny-silver-collar-ring,Shopify variant has no assigned image | No exact Convex product plate | No exact catalog hero record
GBDivaFrst46AnSpTslMtSl,GB-DVA-FRS-46ML-T-25,BB-GB-046-0063,Diva,Glass Bottle,kh7b5cwn10y6akvby0ad9d5qys8dqarj,remote_only_healthy,remote_only_plate_needed,P1,missing_variant_image,,https://cdn.shopify.com/s/files/1/0739/9420/7524/files/GB-DVA-FRS-46ML-T-25_1779507039175_kx51ex.png?v=1781252110,,,,false,,false,exact,true,https://www.bestbottles.com/product/diva-design-46-ml-frosted-glass-bottle-matte-silver-vintage-style-sprayer-with-tassel-matte-silver-collar-ring,Shopify variant has no assigned image | No exact Convex product plate | No exact catalog hero record | Source inventory contains only a cap-off view; assembled-front plate still needs recovery
GBDivaFrst46AnSpTslMtSl__RETIRED__GB-DVA-CLR-46ML-T-25__kd720sp90nxp63a67cjkatff0s86a5j3,GB-DVA-CLR-46ML-T-25,BB-GB-046-0063,Diva,Glass Bottle,,remote_only_healthy,remote_only_plate_needed,P1,missing_variant_image,,https://cdn.shopify.com/s/files/1/0739/9420/7524/files/GB-DVA-CLR-46ML-T-25__GBDivaFrst46AnSpTslMtSl__pdp-main__v001.png?v=1781252687,,,,false,,false,,false,https://www.bestbottles.com/product/diva-design-46-ml-frosted-glass-bottle-matte-silver-vintage-style-sprayer-with-tassel-matte-silver-collar-ring,Shopify variant has no assigned image | No exact Convex product plate | No exact catalog hero record
GBDivaFrst46AnSpTslPnk,GB-DVA-FRS-46ML-T-26,BB-GB-046-0064,Diva,Glass Bottle,kh7b5cwn10y6akvby0ad9d5qys8dqarj,remote_only_healthy,remote_only_plate_needed,P1,missing_variant_image,,https://cdn.shopify.com/s/files/1/0739/9420/7524/files/GB-DVA-FRS-46ML-T-26_1779507041271_r0bxd3.png?v=1781252110,,,,false,,false,exact,true,https://www.bestbottles.com/product/diva-design-46-ml-frosted-glass-bottle-pink-vintage-style-sprayer-with-tassel-shiny-gold-collar-ring,Shopify variant has no assigned image | No exact Convex product plate | No exact catalog hero record | Source inventory contains only a cap-off view; assembled-front plate still needs recovery
GBDivaFrst46AnSpTslPnk__RETIRED__GB-DVA-CLR-46ML-T-26__kd72cs6sk6hykefrc39rrkdqa586btze,GB-DVA-CLR-46ML-T-26,BB-GB-046-0064,Diva,Glass Bottle,,remote_only_healthy,remote_only_plate_needed,P1,missing_variant_image,,https://cdn.shopify.com/s/files/1/0739/9420/7524/files/GB-DVA-CLR-46ML-T-26__GBDivaFrst46AnSpTslPnk__pdp-main__v001.png?v=1781252687,,,,false,,false,,false,https://www.bestbottles.com/product/diva-design-46-ml-frosted-glass-bottle-pink-vintage-style-sprayer-with-tassel-shiny-gold-collar-ring,Shopify variant has no assigned image | No exact Convex product plate | No exact catalog hero record
GBDivaFrst46AnSpTslRed,GB-DVA-FRS-46ML-T-27,BB-GB-046-0065,Diva,Glass Bottle,kh7b5cwn10y6akvby0ad9d5qys8dqarj,remote_only_healthy,remote_only_plate_needed,P1,missing_variant_image,,https://cdn.shopify.com/s/files/1/0739/9420/7524/files/GB-DVA-FRS-46ML-T-27_1779507040234_7p4cgl.png?v=1781252110,,,,false,,false,exact,true,https://www.bestbottles.com/product/diva-design-46-ml-frosted-glass-bottle-red-vintage-style-sprayer-with-tassel-shiny-silver-collar,Shopify variant has no assigned image | No exact Convex product plate | No exact catalog hero record | Source inventory contains only a cap-off view; assembled-front plate still needs recovery
GBDivaFrst46AnSpTslRed__RETIRED__GB-DVA-CLR-46ML-T-27__kd7ff90v31qw7yk38pj2g2zhv986brp8,GB-DVA-CLR-46ML-T-27,BB-GB-046-0065,Diva,Glass Bottle,,remote_only_healthy,remote_only_plate_needed,P1,missing_variant_image,,https://cdn.shopify.com/s/files/1/0739/9420/7524/files/GB-DVA-CLR-46ML-T-27__GBDivaFrst46AnSpTslRed__pdp-main__v001.png?v=1781252687,,,,false,,false,,false,https://www.bestbottles.com/product/diva-design-46-ml-frosted-glass-bottle-red-vintage-style-sprayer-with-tassel-shiny-silver-collar,Shopify variant has no assigned image | No exact Convex product plate | No exact catalog hero record
GBDivaFrst46AnSpTslWht,GB-DVA-FRS-46ML-T-28,BB-GB-046-0066,Diva,Glass Bottle,kh7b5cwn10y6akvby0ad9d5qys8dqarj,remote_only_healthy,remote_only_plate_needed,P1,missing_variant_image,,https://cdn.shopify.com/s/files/1/0739/9420/7524/files/GB-DVA-FRS-46ML-T-28_1779507044684_e1b2p3.png?v=1781252110,,,,false,,false,exact,true,https://www.bestbottles.com/product/diva-design-46-ml-frosted-glass-bottle-white-vintage-style-sprayer-with-tassel-shiny-silver-collar,Shopify variant has no assigned image | No exact Convex product plate | No exact catalog hero record | Source inventory contains only a cap-off view; assembled-front plate still needs recovery
GBDivaFrst46AnSpTslWht__RETIRED__GB-DVA-CLR-46ML-T-28__kd73e57qs4rmhyyzshnfskyyr186b6v6,GB-DVA-CLR-46ML-T-28,BB-GB-046-0066,Diva,Glass Bottle,,remote_only_healthy,remote_only_plate_needed,P1,missing_variant_image,,https://cdn.shopify.com/s/files/1/0739/9420/7524/files/GB-DVA-CLR-46ML-T-28__GBDivaFrst46AnSpTslWht__pdp-main__v001.png?v=1781252687,,,,false,,false,,false,https://www.bestbottles.com/product/diva-design-46-ml-frosted-glass-bottle-white-vintage-style-sprayer-with-tassel-shiny-silver-collar,Shopify variant has no assigned image | No exact Convex product plate | No exact catalog hero record
GBDivaFrst46AnSpWht__RETIRED__GB-DVA-CLR-46ML-T-29__kd7cazt0c2aghs62mfnf1v7mt186bwj2,GB-DVA-CLR-46ML-T-29,BB-GB-046-0067,Diva,Glass Bottle,,no_verified_source,source_recovery,P1,missing_variant_image,,https://cdn.shopify.com/s/files/1/0739/9420/7524/files/master_corrected_1779583301083_nnviu5.png?v=1779583915,,,,false,,false,,false,https://www.bestbottles.com/product/diva-design-46-ml-frosted-glass-bottle-white-vintage-style-bulb-sprayer-shiny-silver-collar-cap,Shopify variant has no assigned image | Assigned remote image returned 404 | No exact Convex product plate | No exact catalog hero record
GBDivaFrst46DrpCu,GB-DVA-FRS-46ML-DRP-CPR,kd74cpt4pzcpmm2fr4gx01d2sh8dndnv,Diva,Glass Bottle,kh78b4nzc68v8xnr1wbrbqj41d8dq5sr,remote_only_healthy,remote_only_plate_needed,P1,assigned,https://cdn.shopify.com/s/files/1/0739/9420/7524/files/GBDivaFrst46DrpCu.png?v=1788729385,https://cdn.shopify.com/s/files/1/0739/9420/7524/files/GBDivaFrst46DrpCu.png?v=1788729385,,,,false,,false,,false,,No exact Convex product plate | No exact catalog hero record
GBDivaFrst46DrpGl,GB-DVA-FRS-46ML-DRP-GLD,kd7axrr6xynh39kgdhcef9t8058dm1qn,Diva,Glass Bottle,kh78b4nzc68v8xnr1wbrbqj41d8dq5sr,remote_only_healthy,remote_only_plate_needed,P1,assigned,https://cdn.shopify.com/s/files/1/0739/9420/7524/files/GBDivaFrst46DrpGl.png?v=1788729385,https://cdn.shopify.com/s/files/1/0739/9420/7524/files/GBDivaFrst46DrpGl.png?v=1788729385,,,,false,/Users/jordanrichter/Projects/Clients/Nemat-International/Best-Bottles-Website-02-20-2026/.worktrees/priority-family-kits/public/images/catalog/bone-review/GBDivaFrst46DrpGl.6edd340655a5.png,true,,false,,No exact Convex product plate
GBDivaFrst46DrpSl,GB-DVA-FRS-46ML-DRP-SLV,kd7a819vr886sds9w667gwhfxh8dn1we,Diva,Glass Bottle,kh78b4nzc68v8xnr1wbrbqj41d8dq5sr,remote_only_healthy,remote_only_plate_needed,P1,assigned,https://cdn.shopify.com/s/files/1/0739/9420/7524/files/GBDivaFrst46DrpSl.png?v=1788729385,https://cdn.shopify.com/s/files/1/0739/9420/7524/files/GBDivaFrst46DrpSl.png?v=1788729385,,,,false,,false,,false,,No exact Convex product plate | No exact catalog hero record
GBDivaFrst46RdcrBlkLthr__RETIRED__GB-DVA-CLR-46ML-T-30__kd7cc6be8n6pmv8150xa32vt7186b5ed,GB-DVA-CLR-46ML-T-30,BB-GB-046-0068,Diva,Glass Bottle,,remote_only_healthy,remote_only_plate_needed,P1,missing_variant_image,,https://cdn.shopify.com/s/files/1/0739/9420/7524/files/GB-DVA-CLR-46ML-T-30__GBDivaFrst46RdcrBlkLthr__pdp-main__v001.png?v=1781252687,,,,false,,false,,false,https://www.bestbottles.com/product/diva-design-46-ml-frosted-glass-bottle-reducer-black-faux-leather-cap,Shopify variant has no assigned image | No exact Convex product plate | No exact catalog hero record
GBDivaFrst46RdcrBrwnLthr__RETIRED__GB-DVA-CLR-46ML-T-31__kd7bcry82m8b86em5ww1bs95yx86bgn1,GB-DVA-CLR-46ML-T-31,BB-GB-046-0069,Diva,Glass Bottle,,remote_only_healthy,remote_only_plate_needed,P1,missing_variant_image,,https://cdn.shopify.com/s/files/1/0739/9420/7524/files/GB-DVA-CLR-46ML-T-31__GBDivaFrst46RdcrBrwnLthr__pdp-main__v001.png?v=1781252687,,,,false,,false,,false,https://www.bestbottles.com/product/diva-design-46-ml-frosted-glass-bottle-reducer-brown-faux-leather-cap,Shopify variant has no assigned image | No exact Convex product plate | No exact catalog hero record
GBDivaFrst46RdcrIvyLthr__RETIRED__GB-DVA-CLR-46ML-T-32__kd709tngx0t54wzevy5ct2ghqd86a5vw,GB-DVA-CLR-46ML-T-32,BB-GB-046-0070,Diva,Glass Bottle,,remote_only_healthy,remote_only_plate_needed,P1,missing_variant_image,,https://cdn.shopify.com/s/files/1/0739/9420/7524/files/GB-DVA-CLR-46ML-T-32__GBDivaFrst46RdcrIvyLthr__pdp-main__v001.png?v=1781252687,,,,false,,false,,false,https://www.bestbottles.com/product/diva-design-46-ml-frosted-glass-bottle-reducer-ivory-faux-leather-cap,Shopify variant has no assigned image | No exact Convex product plate | No exact catalog hero record
GBDivaFrst46RdcrLBrwnLthr__RETIRED__GB-DVA-CLR-46ML-T-33__kd7cqmvkxyph5easdfvgg0pd6986bpqd,GB-DVA-CLR-46ML-T-33,BB-GB-046-0071,Diva,Glass Bottle,,remote_only_healthy,remote_only_plate_needed,P1,missing_variant_image,,https://cdn.shopify.com/s/files/1/0739/9420/7524/files/GB-DVA-CLR-46ML-T-33__GBDivaFrst46RdcrLBrwnLthr__pdp-main__v001.png?v=1781252687,,,,false,,false,,false,https://www.bestbottles.com/product/diva-design-46-ml-frosted-glass-bottle-reducer-light-brown-faux-leather-cap,Shopify variant has no assigned image | No exact Convex product plate | No exact catalog hero record
GBDivaFrst46RdcrMtSlTall__RETIRED__GB-DVA-CLR-46ML-T-35__kd7dmjxm20fahgyz6qcv7mfp8n86bf30,GB-DVA-CLR-46ML-T-35,BB-GB-046-0073,Diva,Glass Bottle,,remote_only_healthy,remote_only_plate_needed,P1,missing_variant_image,,https://cdn.shopify.com/s/files/1/0739/9420/7524/files/GB-DVA-CLR-46ML-T-35__GBDivaFrst46RdcrMtSlTall__pdp-main__v001.png?v=1781252687,,,,false,,false,,false,https://www.bestbottles.com/product/diva-design-46-ml-frosted-glass-bottle-reducer-tall-silver-matte-cap,Shopify variant has no assigned image | No exact Convex product plate | No exact catalog hero record
GBDivaFrst46RdcrMtSl__RETIRED__GB-DVA-CLR-46ML-T-34__kd7exe0g66ew3yy1vqge2kr6tx86atej,GB-DVA-CLR-46ML-T-34,BB-GB-046-0072,Diva,Glass Bottle,,remote_only_healthy,remote_only_plate_needed,P1,missing_variant_image,,https://cdn.shopify.com/s/files/1/0739/9420/7524/files/GB-DVA-CLR-46ML-T-34__GBDivaFrst46RdcrMtSl__pdp-main__v001.png?v=1781252687,,,,false,,false,,false,https://www.bestbottles.com/product/diva-design-46-ml-frosted-glass-bottle-reducer-silver-matte-cap,Shopify variant has no assigned image | No exact Convex product plate | No exact catalog hero record
GBDivaFrst46RdcrPnkLthr__RETIRED__GB-DVA-CLR-46ML-T-36__kd78j6h67xtw523rfqfxss83ds86aty8,GB-DVA-CLR-46ML-T-36,BB-GB-046-0074,Diva,Glass Bottle,,remote_only_healthy,remote_only_plate_needed,P1,missing_variant_image,,https://cdn.shopify.com/s/files/1/0739/9420/7524/files/GB-DVA-CLR-46ML-T-36__GBDivaFrst46RdcrPnkLthr__pdp-main__v001.png?v=1781252687,,,,false,,false,,false,https://www.bestbottles.com/product/diva-design-46-ml-frosted-glass-bottle-reducer-pink-faux-leather-cap,Shopify variant has no assigned image | No exact Convex product plate | No exact catalog hero record
GBDivaFrst46RdcrShnBlkTall__RETIRED__GB-DVA-CLR-46ML-T-38__kd7ay17wbwrjfqnh1rb6mbvvfh86ahwf,GB-DVA-CLR-46ML-T-38,BB-GB-046-0076,Diva,Glass Bottle,,remote_only_healthy,remote_only_plate_needed,P1,missing_variant_image,,https://cdn.shopify.com/s/files/1/0739/9420/7524/files/GB-DVA-CLR-46ML-T-38__GBDivaFrst46RdcrShnBlkTall__pdp-main__v001.png?v=1781252687,,,,false,,false,,false,https://www.bestbottles.com/product/diva-design-46-ml-frosted-glass-bottle-reducer-tall-black-shiny-cap,Shopify variant has no assigned image | No exact Convex product plate | No exact catalog hero record
GBDivaFrst46RdcrShnBlk__RETIRED__GB-DVA-CLR-46ML-T-37__kd7cp5gj7gehdynmbfq4xjbng986a1fp,GB-DVA-CLR-46ML-T-37,BB-GB-046-0075,Diva,Glass Bottle,,remote_only_healthy,remote_only_plate_needed,P1,missing_variant_image,,https://cdn.shopify.com/s/files/1/0739/9420/7524/files/GB-DVA-CLR-46ML-T-37__GBDivaFrst46RdcrShnBlk__pdp-main__v001.png?v=1781252687,,,,false,,false,,false,https://www.bestbottles.com/product/diva-design-46-ml-frosted-glass-bottle-reducer-black-shiny-cap,Shopify variant has no assigned image | No exact Convex product plate | No exact catalog hero record
GBDivaFrst46RdcrShnGl__RETIRED__GB-DVA-CLR-46ML-T-39__kd70r9snb3c8w9xnvf12tezad986byey,GB-DVA-CLR-46ML-T-39,BB-GB-046-0077,Diva,Glass Bottle,,remote_only_healthy,remote_only_plate_needed,P1,missing_variant_image,,https://cdn.shopify.com/s/files/1/0739/9420/7524/files/GB-DVA-CLR-46ML-T-39__GBDivaFrst46RdcrShnGl__pdp-main__v001.png?v=1781252687,,,,false,,false,,false,https://www.bestbottles.com/product/diva-design-46-ml-frosted-glass-bottle-reducer-shiny-gold-cap,Shopify variant has no assigned image | No exact Convex product plate | No exact catalog hero record
GBDivaFrst46RdcrShnSl__RETIRED__GB-DVA-CLR-46ML-T-40__kd78j3gcxey7zayacyv3tkmnm186bebs,GB-DVA-CLR-46ML-T-40,BB-GB-046-0078,Diva,Glass Bottle,,remote_only_healthy,remote_only_plate_needed,P1,missing_variant_image,,https://cdn.shopify.com/s/files/1/0739/9420/7524/files/GB-DVA-CLR-46ML-T-40__GBDivaFrst46RdcrShnSl__pdp-main__v001.png?v=1781252687,,,,false,,false,,false,https://www.bestbottles.com/product/diva-design-46-ml-frosted-glass-bottle-reducer-shiny-silver-cap,Shopify variant has no assigned image | No exact Convex product plate | No exact catalog hero record
GBDivaFrst46RdcrWht__RETIRED__GB-DVA-CLR-46ML-T-41__kd7dm3pyx50gxrcfedb1vw6jz186bb3v,GB-DVA-CLR-46ML-T-41,BB-GB-046-0079,Diva,Glass Bottle,,remote_only_healthy,remote_only_plate_needed,P1,missing_variant_image,,https://cdn.shopify.com/s/files/1/0739/9420/7524/files/GB-DVA-CLR-46ML-T-41__GBDivaFrst46RdcrWht__pdp-main__v001.png?v=1781252687,,,,false,,false,,false,https://www.bestbottles.com/product/diva-design-46-ml-frosted-glass-bottle-reducer-white-cap,Shopify variant has no assigned image | No exact Convex product plate | No exact catalog hero record
GBDivaFrst46SpryCu,GB-DVA-FRS-46ML-01,BB-GB-046-0080,Diva,Glass Bottle,kh74y16vbybj3z5b786pnxc0d98dq4d2,source_match_pending,identity_review,P1,missing_variant_image,,https://cdn.shopify.com/s/files/1/0739/9420/7524/files/GB-DVA-FRS-46ML-01.png?v=1781751479,,,,false,,false,exact,true,https://www.bestbottles.com/product/diva-design-46-ml-frosted-glass-bottle-matte-copper-spray-and-cap,Shopify variant has no assigned image | Assigned remote image returned 404 | No exact Convex product plate | No exact catalog hero record | Source inventory contains only a cap-off view; assembled-front plate still needs recovery
GBDivaFrst46SpryCu__RETIRED__GB-DVA-CLR-46ML-01__kd7e36x54zq6paw8145jynn7k986bk1x,GB-DVA-CLR-46ML-01,BB-GB-046-0080,Diva,Glass Bottle,,no_verified_source,source_recovery,P1,missing_variant_image,,https://cdn.shopify.com/s/files/1/0739/9420/7524/files/1779578673947-48607b18-2b29-43b0-8ac9-cfd633cae3d4_05adea42-6844-4776-ac8b-cc330548decf.png?v=1779581930,,,,false,,false,,false,https://www.bestbottles.com/product/diva-design-46-ml-frosted-glass-bottle-matte-copper-spray-and-cap,Shopify variant has no assigned image | Assigned remote image returned 404 | No exact Convex product plate | No exact catalog hero record
GBDivaFrst46SpryMtGl,GB-DVA-FRS-46ML-02,BB-GB-046-0081,Diva,Glass Bottle,kh74y16vbybj3z5b786pnxc0d98dq4d2,source_match_pending,identity_review,P1,missing_variant_image,,https://cdn.shopify.com/s/files/1/0739/9420/7524/files/GB-DVA-FRS-46ML-02.png?v=1781751479,,,,false,/Users/jordanrichter/Projects/Clients/Nemat-International/Best-Bottles-Website-02-20-2026/.worktrees/priority-family-kits/public/images/catalog/bone-review/GBDivaFrst46SpryMtGl.d776e654fbe4.png,true,exact,true,https://www.bestbottles.com/product/diva-design-46-ml-frosted-glass-bottle-matte-gold-spray-pump-and-cap,Shopify variant has no assigned image | Assigned remote image returned 404 | No exact Convex product plate | Source inventory contains only a cap-off view; assembled-front plate still needs recovery
GBDivaFrst46SpryMtGl__RETIRED__GB-DVA-CLR-46ML-02__kd73sgxgyzqme3xnqsh532re7d86b0y9,GB-DVA-CLR-46ML-02,BB-GB-046-0081,Diva,Glass Bottle,,no_verified_source,source_recovery,P1,missing_variant_image,,https://cdn.shopify.com/s/files/1/0739/9420/7524/files/1779578563385-dca63041-3148-45f8-9846-ce43a0462ca0_acaad63e-b31c-4b58-b58a-c310779d8ab0.png?v=1779582292,,,,false,,false,,false,https://www.bestbottles.com/product/diva-design-46-ml-frosted-glass-bottle-matte-gold-spray-pump-and-cap,Shopify variant has no assigned image | Assigned remote image returned 404 | No exact Convex product plate | No exact catalog hero record
GBDivaFrst46SpryMtSl,GB-DVA-FRS-46ML-03,BB-GB-046-0082,Diva,Glass Bottle,kh74y16vbybj3z5b786pnxc0d98dq4d2,source_match_pending,identity_review,P1,missing_variant_image,,https://cdn.shopify.com/s/files/1/0739/9420/7524/files/GB-DVA-FRS-46ML-03.png?v=1781751480,,,,false,,false,exact,true,https://www.bestbottles.com/product/diva-design-46-ml-frosted-glass-bottle-matte-silver-spray-pump-and-cap,Shopify variant has no assigned image | Assigned remote image returned 404 | No exact Convex product plate | No exact catalog hero record | Source inventory contains only a cap-off view; assembled-front plate still needs recovery
GBDivaFrst46SpryMtSl__RETIRED__GB-DVA-CLR-46ML-03__kd7f7f7zgw6d3am1aefw8c2y3586ae0e,GB-DVA-CLR-46ML-03,BB-GB-046-0082,Diva,Glass Bottle,,no_verified_source,source_recovery,P1,missing_variant_image,,https://cdn.shopify.com/s/files/1/0739/9420/7524/files/master_corrected_1779578340118_2ppjho.png?v=1779578775,,,,false,,false,,false,https://www.bestbottles.com/product/diva-design-46-ml-frosted-glass-bottle-matte-silver-spray-pump-and-cap,Shopify variant has no assigned image | Assigned remote image returned 404 | No exact Convex product plate | No exact catalog hero record
GBDivaFrst46SpryShnBlk,GB-DVA-FRS-46ML-04,BB-GB-046-0083,Diva,Glass Bottle,kh74y16vbybj3z5b786pnxc0d98dq4d2,source_match_pending,identity_review,P1,missing_variant_image,,https://cdn.shopify.com/s/files/1/0739/9420/7524/files/GB-DVA-FRS-46ML-04.png?v=1781751483,,,,false,,false,exact,true,https://www.bestbottles.com/product/diva-design-46-ml-frosted-glass-bottle-shiny-black-spray-pump-and-cap,Shopify variant has no assigned image | Assigned remote image returned 404 | No exact Convex product plate | No exact catalog hero record | Source inventory contains only a cap-off view; assembled-front plate still needs recovery
GBDivaFrst46SpryShnBlk__RETIRED__GB-DVA-CLR-46ML-04__kd7chz88rqmg8t0sm9jbxg4yf586aee9,GB-DVA-CLR-46ML-04,BB-GB-046-0083,Diva,Glass Bottle,,no_verified_source,source_recovery,P1,missing_variant_image,,https://cdn.shopify.com/s/files/1/0739/9420/7524/files/master_corrected_1779578291896_ekb7uk.png?v=1779578779,,,,false,,false,,false,https://www.bestbottles.com/product/diva-design-46-ml-frosted-glass-bottle-shiny-black-spray-pump-and-cap,Shopify variant has no assigned image | Assigned remote image returned 404 | No exact Convex product plate | No exact catalog hero record
GBDivaFrst46SpryShnGl,GB-DVA-FRS-46ML-05,BB-GB-046-0084,Diva,Glass Bottle,kh74y16vbybj3z5b786pnxc0d98dq4d2,source_match_pending,identity_review,P1,missing_variant_image,,https://cdn.shopify.com/s/files/1/0739/9420/7524/files/GB-DVA-FRS-46ML-05.png?v=1781751480,,,,false,,false,exact,true,https://www.bestbottles.com/product/diva-design-46-ml-frosted-glass-bottle-shiny-gold-spray-pump-and-cap,Shopify variant has no assigned image | Assigned remote image returned 404 | No exact Convex product plate | No exact catalog hero record | Source inventory contains only a cap-off view; assembled-front plate still needs recovery
GBDivaFrst46SpryShnGl__RETIRED__GB-DVA-CLR-46ML-05__kd776ct5x3njevesvz0gardwkd86a9kb,GB-DVA-CLR-46ML-05,BB-GB-046-0084,Diva,Glass Bottle,,no_verified_source,source_recovery,P1,missing_variant_image,,https://cdn.shopify.com/s/files/1/0739/9420/7524/files/master_corrected_1779578237635_oqjq49.png?v=1779578784,,,,false,,false,,false,https://www.bestbottles.com/product/diva-design-46-ml-frosted-glass-bottle-shiny-gold-spray-pump-and-cap,Shopify variant has no assigned image | Assigned remote image returned 404 | No exact Convex product plate | No exact catalog hero record
GBDivaFrst46SpryShnSl,GB-DVA-FRS-46ML-06,BB-GB-046-0085,Diva,Glass Bottle,kh74y16vbybj3z5b786pnxc0d98dq4d2,source_match_pending,identity_review,P1,missing_variant_image,,https://cdn.shopify.com/s/files/1/0739/9420/7524/files/GB-DVA-FRS-46ML-06.png?v=1781751480,,,,false,,false,exact,true,https://www.bestbottles.com/product/diva-design-46-ml-frosted-glass-bottle-shiny-silver-spray-and-cap,Shopify variant has no assigned image | Assigned remote image returned 404 | No exact Convex product plate | No exact catalog hero record | Source inventory contains only a cap-off view; assembled-front plate still needs recovery
GBDivaFrst46SpryShnSl__RETIRED__GB-DVA-CLR-46ML-06__kd765jht7andz536zaee9nfwns86ben7,GB-DVA-CLR-46ML-06,BB-GB-046-0085,Diva,Glass Bottle,,no_verified_source,source_recovery,P1,missing_variant_image,,https://cdn.shopify.com/s/files/1/0739/9420/7524/files/master_corrected_1779578393190_srdpnw.png?v=1779578769,,,,false,,false,,false,https://www.bestbottles.com/product/diva-design-46-ml-frosted-glass-bottle-shiny-silver-spray-and-cap,Shopify variant has no assigned image | Assigned remote image returned 404 | No exact Convex product plate | No exact catalog hero record
GBDmnd2ozRdcrMtSl__RETIRED__GB-DMD-CLR-60ML-RDC-MSLV-01__kd7daxdb5502bdb7tyrsrkaxmx86bcgw,GB-DMD-CLR-60ML-RDC-MSLV-01,BB-GB-060-0077,Diamond,Glass Bottle,,no_verified_source,source_recovery,P1,missing_variant_image,,https://cdn.shopify.com/s/files/1/0739/9420/7524/files/master_corrected_1779531758457_derymf.png?v=1779532039,,,,false,,false,,false,https://www.bestbottles.com/product/diamond-design-2-oz-glass-bottle-reducer-silver-matte-cap,Shopify variant has no assigned image | Assigned remote image returned 404 | No exact Convex product plate | No exact catalog hero record
GBDmnd2ozRdcrShnBlk__RETIRED__GB-DMD-CLR-60ML-RDC-SBLK-01__kd7egtm2c14s6xp327apyesrxx86b7p8,GB-DMD-CLR-60ML-RDC-SBLK-01,BB-GB-060-0080,Diamond,Glass Bottle,,no_verified_source,source_recovery,P1,missing_variant_image,,https://cdn.shopify.com/s/files/1/0739/9420/7524/files/master_corrected_1779531813092_7o4ehk.png?v=1779532034,,,,false,,false,,false,https://www.bestbottles.com/product/diamond-design-2-oz-glass-bottle-reducer-black-shiny-cap,Shopify variant has no assigned image | Assigned remote image returned 404 | No exact Convex product plate | No exact catalog hero record
GBDmnd2ozSpryCu,GB-DMD-CLR-60ML-SPR-CPR,BB-GB-060-0085,Diamond,Glass Bottle,kh76gv8vhqaj0a7tedvh3stfqs8dq60n,source_match_pending,identity_review,P1,missing_variant_image,,https://cdn.shopify.com/s/files/1/0739/9420/7524/files/master_corrected_1779531081536_nmb5ao.png?v=1779531125,,,,false,,false,exact,false,https://www.bestbottles.com/product/diamond-design-2-oz-glass-bottle-matte-copper-spray-and-cap,Shopify variant has no assigned image | Assigned remote image returned 404 | No exact Convex product plate | No exact catalog hero record | Source blocker: SAME_STEM_DIFFERENT_PHOTOGRAPH
GBDmnd2ozSpryMtGl,GB-DMD-CLR-60ML-SPR-MGLD,BB-GB-060-0086,Diamond,Glass Bottle,kh76gv8vhqaj0a7tedvh3stfqs8dq60n,source_match_pending,identity_review,P1,missing_variant_image,,https://cdn.shopify.com/s/files/1/0739/9420/7524/files/master_corrected_1779530906157_nseff3.png?v=1779531137,,,,false,/Users/jordanrichter/Projects/Clients/Nemat-International/Best-Bottles-Website-02-20-2026/.worktrees/priority-family-kits/public/images/catalog/bone-review/GBDmnd2ozSpryMtGl.0a63f06bbc24.png,true,exact,false,https://www.bestbottles.com/product/diamond-design-2-oz-glass-bottle-matte-gold-spray-pump-and-cap,Shopify variant has no assigned image | Assigned remote image returned 404 | No exact Convex product plate | Source blocker: SAME_STEM_DIFFERENT_PHOTOGRAPH
GBDmnd2ozSpryMtSl,GB-DMD-CLR-60ML-SPR-MSLV,BB-GB-060-0087,Diamond,Glass Bottle,kh76gv8vhqaj0a7tedvh3stfqs8dq60n,source_match_pending,identity_review,P1,missing_variant_image,,https://cdn.shopify.com/s/files/1/0739/9420/7524/files/master_corrected_1779530844703_tx8hkw.png?v=1779531141,,,,false,,false,exact,false,https://www.bestbottles.com/product/diamond-design-2-oz-glass-bottle-matte-silver-spray-pump-and-capsilver-matte-cap,Shopify variant has no assigned image | Assigned remote image returned 404 | No exact Convex product plate | No exact catalog hero record | Source blocker: SAME_STEM_DIFFERENT_PHOTOGRAPH
GBDmnd2ozSpryShnBlk,GB-DMD-CLR-60ML-SPR-SBLK,BB-GB-060-0088,Diamond,Glass Bottle,kh76gv8vhqaj0a7tedvh3stfqs8dq60n,source_match_pending,identity_review,P1,missing_variant_image,,https://cdn.shopify.com/s/files/1/0739/9420/7524/files/master_corrected_1779530970005_eqr8zj.png?v=1779531133,,,,false,,false,exact,false,https://www.bestbottles.com/product/diamond-design-2-oz-glass-bottle-shiny-black-spray-pump-and-capblack-shiny-cap,Shopify variant has no assigned image | Assigned remote image returned 404 | No exact Convex product plate | No exact catalog hero record | Source blocker: SAME_STEM_DIFFERENT_PHOTOGRAPH
GBDmnd2ozSpryShnGl,GB-DMD-CLR-60ML-SPR-SGLD,BB-GB-060-0089,Diamond,Glass Bottle,kh76gv8vhqaj0a7tedvh3stfqs8dq60n,source_match_pending,identity_review,P1,missing_variant_image,,https://cdn.shopify.com/s/files/1/0739/9420/7524/files/master_corrected_1779530787954_50cdd1.png?v=1779531145,,,,false,,false,exact,false,https://www.bestbottles.com/product/diamond-design-2-oz-glass-bottle-shiny-gold-spray-pump-and-cap,Shopify variant has no assigned image | Assigned remote image returned 404 | No exact Convex product plate | No exact catalog hero record | Source blocker: SAME_STEM_DIFFERENT_PHOTOGRAPH
GBDmnd2ozSpryShnSl,GB-DMD-CLR-60ML-SPR-SSLV,BB-GB-060-0090,Diamond,Glass Bottle,kh76gv8vhqaj0a7tedvh3stfqs8dq60n,source_match_pending,identity_review,P1,missing_variant_image,,https://cdn.shopify.com/s/files/1/0739/9420/7524/files/master_corrected_1779531024906_xunkw3.png?v=1779531129,,,,false,,false,exact,false,https://www.bestbottles.com/product/diamond-design-2-oz-glass-bottle-shiny-silver-spray-and-capshiny-silver-cap,Shopify variant has no assigned image | Assigned remote image returned 404 | No exact Convex product plate | No exact catalog hero record | Source blocker: SAME_STEM_DIFFERENT_PHOTOGRAPH
GBElg100RdcrMtSl__RETIRED__GB-ELG-CLR-100ML-RDC-MSLV-01__kd73yhmd3x93a34mwzb31qs38s86aas2,GB-ELG-CLR-100ML-RDC-MSLV-01,BB-GB-100-0167,Elegant,Glass Bottle,,no_verified_source,source_recovery,P1,missing_variant_image,,https://cdn.shopify.com/s/files/1/0739/9420/7524/files/master_corrected_1780314429481_9i6kk7.png?v=1780901333,,,,false,,false,,false,https://www.bestbottles.com/product/elegant-design-105-ml-glass-bottle-reducer-silver-matte-cap,Shopify variant has no assigned image | Assigned remote image returned 404 | No exact Convex product plate | No exact catalog hero record
GBElg100RdcrShnBlk__RETIRED__GB-ELG-CLR-100ML-RDC-SBLK-01__kd7dca1ersq1jc9z2hxgd1xcdd86bekm,GB-ELG-CLR-100ML-RDC-SBLK-01,BB-GB-100-0170,Elegant,Glass Bottle,,no_verified_source,source_recovery,P1,missing_variant_image,,https://cdn.shopify.com/s/files/1/0739/9420/7524/files/master_corrected_1780314814405_9o206y.png?v=1780901308,,,,false,,false,,false,https://www.bestbottles.com/product/elegant-design-105-ml-glass-bottle-reducer-black-shiny-cap,Shopify variant has no assigned image | Assigned remote image returned 404 | No exact Convex product plate | No exact catalog hero record
GBElg100SpryCu,GB-ELG-CLR-100ML-SPR-CPR,BB-GB-100-0175,Elegant,Glass Bottle,kh72425hwfe6j6scmjshee390s8dpx1r,source_match_pending,identity_review,P1,missing_variant_image,,https://cdn.shopify.com/s/files/1/0739/9420/7524/files/master_corrected_1780315335719_te7f17.png?v=1780901274,,,,false,,false,exact,false,https://www.bestbottles.com/product/elegant-design-105-ml-glass-bottle-matte-copper-spray-and-cap,Shopify variant has no assigned image | Assigned remote image returned 404 | No exact Convex product plate | No exact catalog hero record | Source blocker: SAME_STEM_DIFFERENT_PHOTOGRAPH
GBElg100SpryMtGl,GB-ELG-CLR-100ML-SPR-MGLD,BB-GB-100-0176,Elegant,Glass Bottle,kh72425hwfe6j6scmjshee390s8dpx1r,source_match_pending,identity_review,P1,missing_variant_image,,https://cdn.shopify.com/s/files/1/0739/9420/7524/files/master_corrected_1780315528708_kzo9dk.png?v=1780901262,,,,false,/Users/jordanrichter/Projects/Clients/Nemat-International/Best-Bottles-Website-02-20-2026/.worktrees/priority-family-kits/public/images/catalog/bone-review/GBElg100SpryMtGl.e440498f470d.png,true,exact,false,https://www.bestbottles.com/product/elegant-design-105-ml-glass-bottle-matte-gold-spray-pump-and-cap,Shopify variant has no assigned image | Assigned remote image returned 404 | No exact Convex product plate | Source blocker: SAME_STEM_DIFFERENT_PHOTOGRAPH
GBElg100SpryMtSl,GB-ELG-CLR-100ML-SPR-MSLV,BB-GB-100-0177,Elegant,Glass Bottle,kh72425hwfe6j6scmjshee390s8dpx1r,source_match_pending,identity_review,P1,missing_variant_image,,https://cdn.shopify.com/s/files/1/0739/9420/7524/files/master_corrected_1780315597734_ftgot0.png?v=1780901258,,,,false,,false,exact,false,https://www.bestbottles.com/product/elegant-design-105-ml-glass-bottle-matte-silver-spray-pump-and-cap,Shopify variant has no assigned image | Assigned remote image returned 404 | No exact Convex product plate | No exact catalog hero record | Source blocker: SAME_STEM_DIFFERENT_PHOTOGRAPH
GBElg100SpryShnBlk,GB-ELG-CLR-100ML-SPR-SBLK,BB-GB-100-0178,Elegant,Glass Bottle,kh72425hwfe6j6scmjshee390s8dpx1r,source_match_pending,identity_review,P1,missing_variant_image,,https://cdn.shopify.com/s/files/1/0739/9420/7524/files/master_corrected_1780315399721_im60s9.png?v=1780901270,,,,false,,false,exact,false,https://www.bestbottles.com/product/elegant-design-105-ml-glass-bottle-shiny-black-spray-pump-and-cap,Shopify variant has no assigned image | Assigned remote image returned 404 | No exact Convex product plate | No exact catalog hero record | Source blocker: SAME_STEM_DIFFERENT_PHOTOGRAPH
GBElg100SpryShnGl,GB-ELG-CLR-100ML-SPR-SGLD,BB-GB-100-0179,Elegant,Glass Bottle,kh72425hwfe6j6scmjshee390s8dpx1r,source_match_pending,identity_review,P1,missing_variant_image,,https://cdn.shopify.com/s/files/1/0739/9420/7524/files/master_corrected_1780315466700_60c05w.png?v=1780901266,,,,false,,false,exact,false,https://www.bestbottles.com/product/elegant-design-105-ml-glass-bottle-shiny-gold-spray-pump-and-cap,Shopify variant has no assigned image | Assigned remote image returned 404 | No exact Convex product plate | No exact catalog hero record | Source blocker: SAME_STEM_DIFFERENT_PHOTOGRAPH
GBElg100SpryShnSl,GB-ELG-CLR-100ML-SPR-SSLV,BB-GB-100-0180,Elegant,Glass Bottle,kh72425hwfe6j6scmjshee390s8dpx1r,source_match_pending,identity_review,P1,missing_variant_image,,https://cdn.shopify.com/s/files/1/0739/9420/7524/files/master_corrected_1780315659639_z0kyge.png?v=1780901253,,,,false,,false,exact,false,https://www.bestbottles.com/product/elegant-design-105-ml-glass-bottle-shiny-silver-spray-and-cap,Shopify variant has no assigned image | Assigned remote image returned 404 | No exact Convex product plate | No exact catalog hero record | Source blocker: SAME_STEM_DIFFERENT_PHOTOGRAPH
GBElg15MinarCu,GB-ELG-CLR-15ML-MNR-MCPR,kd7ehe8eg9k0389ycfmmg9rsds8285kg,Elegant,Glass Bottle,kh77j7zcydhc6re1kr27jq59bh8dpksk,remote_only_healthy,remote_only_plate_needed,P1,assigned,https://cdn.shopify.com/s/files/1/0739/9420/7524/files/GB-ELG-CLR-15ML-MNR-MCPR__GBElg15MinarCu__pdp-main__v001.png?v=1781252617,https://cdn.shopify.com/s/files/1/0739/9420/7524/files/GB-ELG-CLR-15ML-MNR-MCPR__GBElg15MinarCu__pdp-main__v001.png?v=1781252617,,,,false,/Users/jordanrichter/Projects/Clients/Nemat-International/Best-Bottles-Website-02-20-2026/.worktrees/priority-family-kits/public/images/catalog/bone-review/GBElg15MinarCu.f961d5f6f03c.png,true,no-psd,false,https://www.bestbottles.com/product/elegant-design-15-ml-glass-bottle-matte-copper-minaret-cap,No exact Convex product plate | Source blocker: match:no-psd
GBElg30SpryShGl,GB-ELG-CLR-30ML-SPR-SGLD,BB-GB-030-0093,Elegant,Glass Bottle,kh7ayrjw1a47rvbhfmfa19ajvn8dpzat,remote_only_healthy,remote_only_plate_needed,P1,missing_variant_image,,https://www.bestbottles.com/images/store/enlarged_pics/GBElg30SpryShnGl.gif,,,,false,,false,no-psd,false,https://www.bestbottles.com/product/elegant-design-30-ml-clear-glass-bottle-sprayer-shiny-gold-cap,Shopify variant has no assigned image | No exact Convex product plate | No exact catalog hero record | Source blocker: match:no-psd
GBElg30SpryShnSl,GB-ELG-CLR-30ML-SPR-SSLV,BB-GB-030-0094,Elegant,Glass Bottle,kh7ayrjw1a47rvbhfmfa19ajvn8dpzat,remote_only_healthy,remote_only_plate_needed,P1,missing_variant_image,,https://www.bestbottles.com/images/store/enlarged_pics/GBElg30SpryShSl.gif,,,,false,,false,no-psd,false,https://www.bestbottles.com/product/elegant-design-30-ml-clear-glass-bottle-sprayer-shiny-silvercap,Shopify variant has no assigned image | No exact Convex product plate | No exact catalog hero record | Source blocker: match:no-psd
GBElg60RdcrMtSl__RETIRED__GB-ELG-CLR-60ML-RDC-MSLV-01__kd73fzf887mz9kst9agkp2648986a5fr,GB-ELG-CLR-60ML-RDC-MSLV-01,BB-GB-060-0114,Elegant,Glass Bottle,,remote_only_healthy,remote_only_plate_needed,P1,assigned,https://cdn.shopify.com/s/files/1/0739/9420/7524/files/GB-ELG-CLR-60ML-RDC-MSLV-01__GBElg60RdcrMtSl__pdp-main__v001.png?v=1781252086,https://cdn.shopify.com/s/files/1/0739/9420/7524/files/GB-ELG-CLR-60ML-RDC-MSLV-01__GBElg60RdcrMtSl__pdp-main__v001.png?v=1781252086,,,,false,,false,,false,https://www.bestbottles.com/product/elegant-design-60-ml-glass-bottle-reducer-silver-matte-cap,No exact Convex product plate | No exact catalog hero record
GBElg60RdcrShnBlk__RETIRED__GB-ELG-CLR-60ML-RDC-SBLK-01__kd7arzs2a8gnw7qpdvxcztayvd86aabe,GB-ELG-CLR-60ML-RDC-SBLK-01,BB-GB-060-0117,Elegant,Glass Bottle,,remote_only_healthy,remote_only_plate_needed,P1,assigned,https://cdn.shopify.com/s/files/1/0739/9420/7524/files/GB-ELG-CLR-60ML-RDC-SBLK-01__GBElg60RdcrShnBlk__pdp-main__v001.png?v=1781252086,https://cdn.shopify.com/s/files/1/0739/9420/7524/files/GB-ELG-CLR-60ML-RDC-SBLK-01__GBElg60RdcrShnBlk__pdp-main__v001.png?v=1781252086,,,,false,,false,,false,https://www.bestbottles.com/product/elegant-design-60-ml-glass-bottle-reducer-black-shiny-cap,No exact Convex product plate | No exact catalog hero record
GBElg60SpryCu,GB-ELG-CLR-60ML-SPR-CPR,BB-GB-060-0122,Elegant,Glass Bottle,kh7cmhz8ft4yap8h3qt514aamn8dph9p,source_match_pending,identity_review,P1,missing_variant_image,,https://cdn.shopify.com/s/files/1/0739/9420/7524/files/GB-ELG-CLR-60ML-SPR-CPR_1779482957382_8hjt1c.png?v=1781251886,,,,false,,false,exact,false,https://www.bestbottles.com/product/elegant-design-60-ml-glass-bottle-matte-copper-spray-and-cap,Shopify variant has no assigned image | Assigned remote image returned 404 | No exact Convex product plate | No exact catalog hero record | Source blocker: SAME_STEM_DIFFERENT_PHOTOGRAPH
GBElg60SpryMtGl,GB-ELG-CLR-60ML-SPR-MGLD,BB-GB-060-0123,Elegant,Glass Bottle,kh7cmhz8ft4yap8h3qt514aamn8dph9p,source_match_pending,identity_review,P1,missing_variant_image,,https://cdn.shopify.com/s/files/1/0739/9420/7524/files/GB-ELG-CLR-60ML-SPR-MGLD_1779482956578_ije17m.png?v=1781251886,,,,false,/Users/jordanrichter/Projects/Clients/Nemat-International/Best-Bottles-Website-02-20-2026/.worktrees/priority-family-kits/public/images/catalog/bone-review/GBElg60SpryMtGl.1e06f28a2917.png,true,exact,false,https://www.bestbottles.com/product/elegant-design-60-ml-glass-bottle-matte-gold-spray-pump-and-cap,Shopify variant has no assigned image | Assigned remote image returned 404 | No exact Convex product plate | Source blocker: SAME_STEM_DIFFERENT_PHOTOGRAPH
GBElg60SpryMtSl,GB-ELG-CLR-60ML-SPR-MSLV,BB-GB-060-0124,Elegant,Glass Bottle,kh7cmhz8ft4yap8h3qt514aamn8dph9p,source_match_pending,identity_review,P1,missing_variant_image,,https://cdn.shopify.com/s/files/1/0739/9420/7524/files/GB-ELG-CLR-60ML-SPR-MSLV_1779482963106_suzcg0.png?v=1781251887,,,,false,,false,exact,false,https://www.bestbottles.com/product/elegant-design-60-ml-glass-bottle-matte-silver-spray-pump-and-cap,Shopify variant has no assigned image | Assigned remote image returned 404 | No exact Convex product plate | No exact catalog hero record | Source blocker: SAME_STEM_DIFFERENT_PHOTOGRAPH
GBElg60SpryShnBlk,GB-ELG-CLR-60ML-SPR-SBLK,BB-GB-060-0125,Elegant,Glass Bottle,kh7cmhz8ft4yap8h3qt514aamn8dph9p,source_match_pending,identity_review,P1,missing_variant_image,,https://cdn.shopify.com/s/files/1/0739/9420/7524/files/GB-ELG-CLR-60ML-SPR-SBLK_1779482965114_g537g4.png?v=1781251886,,,,false,,false,exact,false,https://www.bestbottles.com/product/elegant-design-60-ml-glass-bottle-shiny-black-spray-pump-and-cap,Shopify variant has no assigned image | Assigned remote image returned 404 | No exact Convex product plate | No exact catalog hero record | Source blocker: SAME_STEM_DIFFERENT_PHOTOGRAPH
GBElg60SpryShnGl,GB-ELG-CLR-60ML-SPR-SGLD,BB-GB-060-0126,Elegant,Glass Bottle,kh7cmhz8ft4yap8h3qt514aamn8dph9p,source_match_pending,identity_review,P1,missing_variant_image,,https://cdn.shopify.com/s/files/1/0739/9420/7524/files/GB-ELG-CLR-60ML-SPR-SGLD_1779482960877_fmrzhi.png?v=1781251886,,,,false,,false,exact,false,https://www.bestbottles.com/product/elegant-design-60-ml-glass-bottle-shiny-gold-spray-pump-and-cap,Shopify variant has no assigned image | Assigned remote image returned 404 | No exact Convex product plate | No exact catalog hero record | Source blocker: SAME_STEM_DIFFERENT_PHOTOGRAPH
GBElg60SpryShnSl,GB-ELG-CLR-60ML-SPR-SSLV,BB-GB-060-0127,Elegant,Glass Bottle,kh7cmhz8ft4yap8h3qt514aamn8dph9p,source_match_pending,identity_review,P1,missing_variant_image,,https://cdn.shopify.com/s/files/1/0739/9420/7524/files/GB-ELG-CLR-60ML-SPR-SSLV_1779482966090_4zdizq.png?v=1781251886,,,,false,,false,exact,false,https://www.bestbottles.com/product/elegant-design-60-ml-glass-bottle-shiny-silver-spray-and-cap,Shopify variant has no assigned image | Assigned remote image returned 404 | No exact Convex product plate | No exact catalog hero record | Source blocker: SAME_STEM_DIFFERENT_PHOTOGRAPH
GBElgFrst100AnSpWht__RETIRED__GB-ELG-CLR-100ML-ASP-WHT-02__kd7aj8yht89r9ytqsc9r0r6g9h86bm0w,GB-ELG-CLR-100ML-ASP-WHT-02,BB-GB-100-0198,Elegant,Glass Bottle,,no_verified_source,source_recovery,P1,missing_variant_image,,https://cdn.shopify.com/s/files/1/0739/9420/7524/files/master_corrected_1780316940542_ibgfjc.png?v=1780901159,,,,false,,false,,false,https://www.bestbottles.com/product/elegant-design-105-ml-frosted-glass-bottle-white-vintage-style-bulb-sprayer-shiny-silver-collar-cap,Shopify variant has no assigned image | Assigned remote image returned 404 | No exact Convex product plate | No exact catalog hero record
GBElgFrst100RdcrShnBlk__RETIRED__GB-ELG-FRS-100ML-RDC-SBLK-01__kd7cdpktbv2eb4psvf869609bn86ads0,GB-ELG-FRS-100ML-RDC-SBLK-01,BB-GB-100-0205,Elegant,Glass Bottle,,remote_only_healthy,remote_only_plate_needed,P1,assigned,https://cdn.shopify.com/s/files/1/0739/9420/7524/files/GB-ELG-FRS-100ML-RDC-SBLK-01__GBElgFrst100RdcrShnBlk__pdp-main__v001.png?v=1781251835,https://cdn.shopify.com/s/files/1/0739/9420/7524/files/GB-ELG-FRS-100ML-RDC-SBLK-01__GBElgFrst100RdcrShnBlk__pdp-main__v001.png?v=1781251835,,,,false,,false,,false,https://www.bestbottles.com/product/elegant-design-105-ml-frosted-glass-bottle-reducer-black-shiny-cap,No exact Convex product plate | No exact catalog hero record
GBElgFrst15BlkShSht,GB-ELG-FRS-15ML-CAP-SBLK,kd7bq8s3xwd128057cq3wkj7kn82bxwa,Elegant,Glass Bottle,kh7c0h4rr1vktb8r5cbjm0zv1n8dqrch,remote_only_healthy,remote_only_plate_needed,P1,assigned,https://cdn.shopify.com/s/files/1/0739/9420/7524/files/GB-ELG-FRS-15ML-CAP-SBLK__GBElgFrst15BlkShSht__pdp-main__v001.png?v=1781251911,https://cdn.shopify.com/s/files/1/0739/9420/7524/files/GB-ELG-FRS-15ML-CAP-SBLK__GBElgFrst15BlkShSht__pdp-main__v001.png?v=1781251911,,,,false,,false,no-psd,false,https://www.bestbottles.com/product/elegant-design-15-ml-frosted-glass-bottle-short-shiny-black-cap,No exact Convex product plate | No exact catalog hero record | Source blocker: match:no-psd
GBElgFrst15BlkSht__RETIRED__GB-ELG-CLR-15ML-BLK-S-02__kd78yg1z495nec1decjy9hdjxh86bb03,GB-ELG-CLR-15ML-BLK-S-02,BB-GB-015-0077,Elegant,Glass Bottle,,remote_only_healthy,remote_only_plate_needed,P1,sku_not_found,,https://cdn.shopify.com/s/files/1/0739/9420/7524/files/GB-ELG-CLR-15ML-BLK-S-02__GBElgFrst15BlkSht__pdp-main__v001.png?v=1781251897,,,,false,,false,,false,https://www.bestbottles.com/product/elegant-design-15-ml-frosted-glass-bottle-short-black-cap,Grace SKU was not found in Shopify variants | No exact Convex product plate | No exact catalog hero record
GBElgFrst15Gl__RETIRED__GB-ELG-CLR-15ML-SGLD-T__kd72varbb5ga209265cr9fqvk586aqhg,GB-ELG-CLR-15ML-SGLD-T,BB-GB-015-0078,Elegant,Glass Bottle,,remote_only_healthy,remote_only_plate_needed,P1,sku_not_found,,https://cdn.shopify.com/s/files/1/0739/9420/7524/files/GB-ELG-CLR-15ML-SGLD-T__GBElgFrst15Gl__pdp-main__v001.png?v=1781251897,,,,false,,false,,false,https://www.bestbottles.com/product/elegant-design-15-ml-frosted-glass-bottle-shiny-gold-cap,Grace SKU was not found in Shopify variants | No exact Convex product plate | No exact catalog hero record
GBElgFrst15MtlRollBlkDot__RETIRED__GB-ELG-CLR-15ML-MRL-BLK-01__kd79911yy82rt0kd9y8026wt7186bd7w,GB-ELG-CLR-15ML-MRL-BLK-01,BB-GB-015-0079,Elegant,Glass Bottle,,remote_only_healthy,remote_only_plate_needed,P1,assigned,https://cdn.shopify.com/s/files/1/0739/9420/7524/files/GB-ELG-CLR-15ML-MRL-BLK-01__GBElgFrst15MtlRollBlkDot__pdp-main__v001.png?v=1781251631,https://cdn.shopify.com/s/files/1/0739/9420/7524/files/GB-ELG-CLR-15ML-MRL-BLK-01__GBElgFrst15MtlRollBlkDot__pdp-main__v001.png?v=1781251631,,,,false,,false,,false,https://www.bestbottles.com/product/elegant-design-15-ml-frosted-glass-bottle-metal-roller-ball-plug-black-shiny-cap-with-dots,No exact Convex product plate | No exact catalog hero record
GBElgFrst15MtlRollBlkSh__RETIRED__GB-ELG-CLR-15ML-MRL-BLK-02__kd78aa7525f24zpgv1jc6rnyt986a054,GB-ELG-CLR-15ML-MRL-BLK-02,BB-GB-015-0080,Elegant,Glass Bottle,,remote_only_healthy,remote_only_plate_needed,P1,assigned,https://cdn.shopify.com/s/files/1/0739/9420/7524/files/GB-ELG-CLR-15ML-MRL-BLK-02__GBElgFrst15MtlRollBlkSh__pdp-main__v001.png?v=1781251631,https://cdn.shopify.com/s/files/1/0739/9420/7524/files/GB-ELG-CLR-15ML-MRL-BLK-02__GBElgFrst15MtlRollBlkSh__pdp-main__v001.png?v=1781251631,,,,false,,false,,false,https://www.bestbottles.com/product/elegant-design-15-ml-frosted-glass-bottle-metal-roller-ball-plug-black-shiny-cap,No exact Convex product plate | No exact catalog hero record
GBElgFrst15MtlRollCuMatt__RETIRED__GB-ELG-CLR-15ML-MRL-MCPR-02__kd7f5wzbfnqj2b5tv43f0mdehh86berd,GB-ELG-CLR-15ML-MRL-MCPR-02,BB-GB-015-0081,Elegant,Glass Bottle,,remote_only_healthy,remote_only_plate_needed,P1,assigned,https://cdn.shopify.com/s/files/1/0739/9420/7524/files/GB-ELG-CLR-15ML-MRL-MCPR-02__GBElgFrst15MtlRollCuMatt__pdp-main__v001.png?v=1781251631,https://cdn.shopify.com/s/files/1/0739/9420/7524/files/GB-ELG-CLR-15ML-MRL-MCPR-02__GBElgFrst15MtlRollCuMatt__pdp-main__v001.png?v=1781251631,,,,false,,false,,false,https://www.bestbottles.com/product/elegant-design-15-ml-frosted-glass-bottle-metal-roller-ball-plug-matte-copper-cap,No exact Convex product plate | No exact catalog hero record
GBElgFrst15MtlRollGlSh__RETIRED__GB-ELG-CLR-15ML-MRL-SGLD-02__kd70z05dbvbwpa3jzncrddqpg986azmb,GB-ELG-CLR-15ML-MRL-SGLD-02,BB-GB-015-0082,Elegant,Glass Bottle,,remote_only_healthy,remote_only_plate_needed,P1,assigned,https://cdn.shopify.com/s/files/1/0739/9420/7524/files/GB-ELG-CLR-15ML-MRL-SGLD-02__GBElgFrst15MtlRollGlSh__pdp-main__v001.png?v=1781251631,https://cdn.shopify.com/s/files/1/0739/9420/7524/files/GB-ELG-CLR-15ML-MRL-SGLD-02__GBElgFrst15MtlRollGlSh__pdp-main__v001.png?v=1781251631,,,,false,,false,,false,https://www.bestbottles.com/product/elegant-design-15-ml-frosted-glass-bottle-metal-roller-ball-plug-shiny-gold-cap,No exact Convex product plate | No exact catalog hero record
GBElgFrst15MtlRollPinkDot__RETIRED__GB-ELG-CLR-15ML-MRL__kd75gt3gsb92v8c4062sskebn586a7t3,GB-ELG-CLR-15ML-MRL,BB-GB-015-0083,Elegant,Glass Bottle,,remote_only_healthy,remote_only_plate_needed,P1,assigned,https://cdn.shopify.com/s/files/1/0739/9420/7524/files/GB-ELG-CLR-15ML-MRL__GBElgFrst15MtlRollPinkDot__pdp-main__v001.png?v=1781251631,https://cdn.shopify.com/s/files/1/0739/9420/7524/files/GB-ELG-CLR-15ML-MRL__GBElgFrst15MtlRollPinkDot__pdp-main__v001.png?v=1781251631,,,,false,,false,,false,https://www.bestbottles.com/product/elegant-design-15-ml-frosted-glass-bottle-metal-roller-ball-plug-pink-cap-with-dots,No exact Convex product plate | No exact catalog hero record
GBElgFrst15MtlRollSlDot__RETIRED__GB-ELG-CLR-15ML-MRL-SLV-01__kd76cqzcvn3fz4v5kvkmt4nnq186begr,GB-ELG-CLR-15ML-MRL-SLV-01,BB-GB-015-0084,Elegant,Glass Bottle,,remote_only_healthy,remote_only_plate_needed,P1,assigned,https://cdn.shopify.com/s/files/1/0739/9420/7524/files/GB-ELG-CLR-15ML-MRL-SLV-01__GBElgFrst15MtlRollSlDot__pdp-main__v001.png?v=1781251631,https://cdn.shopify.com/s/files/1/0739/9420/7524/files/GB-ELG-CLR-15ML-MRL-SLV-01__GBElgFrst15MtlRollSlDot__pdp-main__v001.png?v=1781251631,,,,false,,false,,false,https://www.bestbottles.com/product/elegant-design-15-ml-frosted-glass-bottle-metal-roller-ball-plug-silver-cap-with-dots,No exact Convex product plate | No exact catalog hero record
GBElgFrst15MtlRollSlMatt__RETIRED__GB-ELG-CLR-15ML-MRL-MSLV-02__kd77fe4286ey01k4vrmqqp194n86a7xj,GB-ELG-CLR-15ML-MRL-MSLV-02,BB-GB-015-0085,Elegant,Glass Bottle,,remote_only_healthy,remote_only_plate_needed,P1,assigned,https://cdn.shopify.com/s/files/1/0739/9420/7524/files/GB-ELG-CLR-15ML-MRL-MSLV-02__GBElgFrst15MtlRollSlMatt__pdp-main__v001.png?v=1781251631,https://cdn.shopify.com/s/files/1/0739/9420/7524/files/GB-ELG-CLR-15ML-MRL-MSLV-02__GBElgFrst15MtlRollSlMatt__pdp-main__v001.png?v=1781251631,,,,false,,false,,false,https://www.bestbottles.com/product/elegant-design-15-ml-frosted-glass-bottle-metal-roller-ball-plug-matte-silver-cap,No exact Convex product plate | No exact catalog hero record
GBElgFrst15MtlRollSlSh__RETIRED__GB-ELG-CLR-15ML-MRL-SLV-02__kd7bnhfsw5b9fafdms1cknc5h986a3tj,GB-ELG-CLR-15ML-MRL-SLV-02,BB-GB-015-0086,Elegant,Glass Bottle,,remote_only_healthy,remote_only_plate_needed,P1,assigned,https://cdn.shopify.com/s/files/1/0739/9420/7524/files/GB-ELG-CLR-15ML-MRL-SLV-02__GBElgFrst15MtlRollSlSh__pdp-main__v001.png?v=1781251631,https://cdn.shopify.com/s/files/1/0739/9420/7524/files/GB-ELG-CLR-15ML-MRL-SLV-02__GBElgFrst15MtlRollSlSh__pdp-main__v001.png?v=1781251631,,,,false,,false,,false,https://www.bestbottles.com/product/elegant-design-15-ml-frosted-glass-bottle-metal-roller-ball-plug-shiny-silver-cap,No exact Convex product plate | No exact catalog hero record
GBElgFrst15RollBlkDot__RETIRED__GB-ELG-CLR-15ML-RBL-BLK-01__kd76v0qs4yr9r0tc5z1jacmdds86b301,GB-ELG-CLR-15ML-RBL-BLK-01,BB-GB-015-0087,Elegant,Glass Bottle,,remote_only_healthy,remote_only_plate_needed,P1,assigned,https://cdn.shopify.com/s/files/1/0739/9420/7524/files/GB-ELG-CLR-15ML-RBL-BLK-01__GBElgFrst15RollBlkDot__pdp-main__v001.png?v=1781251631,https://cdn.shopify.com/s/files/1/0739/9420/7524/files/GB-ELG-CLR-15ML-RBL-BLK-01__GBElgFrst15RollBlkDot__pdp-main__v001.png?v=1781251631,,,,false,,false,,false,https://www.bestbottles.com/product/elegant-design-15-ml-frosted-glass-bottle-plastic-roller-ball-plug-black-shiny-cap-with-dots,No exact Convex product plate | No exact catalog hero record
GBElgFrst15RollBlkSh__RETIRED__GB-ELG-CLR-15ML-RBL-BLK-02__kd77d3fs0r8nj6z4c205ywtgw586bv1n,GB-ELG-CLR-15ML-RBL-BLK-02,BB-GB-015-0088,Elegant,Glass Bottle,,remote_only_healthy,remote_only_plate_needed,P1,assigned,https://cdn.shopify.com/s/files/1/0739/9420/7524/files/GB-ELG-CLR-15ML-RBL-BLK-02__GBElgFrst15RollBlkSh__pdp-main__v001.png?v=1781251631,https://cdn.shopify.com/s/files/1/0739/9420/7524/files/GB-ELG-CLR-15ML-RBL-BLK-02__GBElgFrst15RollBlkSh__pdp-main__v001.png?v=1781251631,,,,false,,false,,false,https://www.bestbottles.com/product/elegant-design-15-ml-frosted-glass-bottle-plastic-roller-ball-plug-black-shiny-cap,No exact Convex product plate | No exact catalog hero record
GBElgFrst15RollCuMatt__RETIRED__GB-ELG-CLR-15ML-RBL-MCPR__kd7ckw9kxwjm7qj8xcrzntd38d86bvfk,GB-ELG-CLR-15ML-RBL-MCPR,BB-GB-015-0089,Elegant,Glass Bottle,,remote_only_healthy,remote_only_plate_needed,P1,assigned,https://cdn.shopify.com/s/files/1/0739/9420/7524/files/GB-ELG-CLR-15ML-RBL-MCPR__GBElgFrst15RollCuMatt__pdp-main__v001.png?v=1781251631,https://cdn.shopify.com/s/files/1/0739/9420/7524/files/GB-ELG-CLR-15ML-RBL-MCPR__GBElgFrst15RollCuMatt__pdp-main__v001.png?v=1781251631,,,,false,,false,,false,https://www.bestbottles.com/product/elegant-design-15-ml-frosted-glass-bottle-plastic-roller-ball-plug-matte-copper-cap,No exact Convex product plate | No exact catalog hero record
GBElgFrst15RollGlSh__RETIRED__GB-ELG-CLR-15ML-RBL-SGLD__kd77d1t52hsjt1badrj46wcks986b9j8,GB-ELG-CLR-15ML-RBL-SGLD,BB-GB-015-0090,Elegant,Glass Bottle,,remote_only_healthy,remote_only_plate_needed,P1,assigned,https://cdn.shopify.com/s/files/1/0739/9420/7524/files/GB-ELG-CLR-15ML-RBL-SGLD__GBElgFrst15RollGlSh__pdp-main__v001.png?v=1781251631,https://cdn.shopify.com/s/files/1/0739/9420/7524/files/GB-ELG-CLR-15ML-RBL-SGLD__GBElgFrst15RollGlSh__pdp-main__v001.png?v=1781251631,,,,false,,false,,false,https://www.bestbottles.com/product/elegant-design-15-ml-frosted-glass-bottle-plastic-roller-ball-plug-shiny-gold-cap,No exact Convex product plate | No exact catalog hero record
GBElgFrst15RollPinkDot__RETIRED__GB-ELG-CLR-15ML-RBL__kd7em8rrz4bwpy3e3dgay3hw3n86a59n,GB-ELG-CLR-15ML-RBL,BB-GB-015-0091,Elegant,Glass Bottle,,remote_only_healthy,remote_only_plate_needed,P1,assigned,https://cdn.shopify.com/s/files/1/0739/9420/7524/files/GB-ELG-CLR-15ML-RBL__GBElgFrst15RollPinkDot__pdp-main__v001.png?v=1781251631,https://cdn.shopify.com/s/files/1/0739/9420/7524/files/GB-ELG-CLR-15ML-RBL__GBElgFrst15RollPinkDot__pdp-main__v001.png?v=1781251631,,,,false,,false,,false,https://www.bestbottles.com/product/elegant-design-15-ml-frosted-glass-bottle-plastic-roller-ball-plug-pink-cap-with-dots,No exact Convex product plate | No exact catalog hero record
GBElgFrst15RollSlDot__RETIRED__GB-ELG-CLR-15ML-RBL-SLV-01__kd7c9jjfqm677hzrdnvgvt2c0h86b7ym,GB-ELG-CLR-15ML-RBL-SLV-01,BB-GB-015-0092,Elegant,Glass Bottle,,remote_only_healthy,remote_only_plate_needed,P1,assigned,https://cdn.shopify.com/s/files/1/0739/9420/7524/files/GB-ELG-CLR-15ML-RBL-SLV-01__GBElgFrst15RollSlDot__pdp-main__v001.png?v=1781251631,https://cdn.shopify.com/s/files/1/0739/9420/7524/files/GB-ELG-CLR-15ML-RBL-SLV-01__GBElgFrst15RollSlDot__pdp-main__v001.png?v=1781251631,,,,false,,false,,false,https://www.bestbottles.com/product/elegant-design-15-ml-frosted-glass-bottle-plastic-roller-ball-plug-silver-cap-with-dots,No exact Convex product plate | No exact catalog hero record
GBElgFrst15RollSlMatt__RETIRED__GB-ELG-CLR-15ML-RBL-MSLV__kd7ass4f9jrf0gv7amn7zch88h86avty,GB-ELG-CLR-15ML-RBL-MSLV,BB-GB-015-0093,Elegant,Glass Bottle,,remote_only_healthy,remote_only_plate_needed,P1,assigned,https://cdn.shopify.com/s/files/1/0739/9420/7524/files/GB-ELG-CLR-15ML-RBL-MSLV__GBElgFrst15RollSlMatt__pdp-main__v001.png?v=1781251631,https://cdn.shopify.com/s/files/1/0739/9420/7524/files/GB-ELG-CLR-15ML-RBL-MSLV__GBElgFrst15RollSlMatt__pdp-main__v001.png?v=1781251631,,,,false,,false,,false,https://www.bestbottles.com/product/elegant-design-15-ml-frosted-glass-bottle-plastic-roller-ball-plug-matte-silver-cap,No exact Convex product plate | No exact catalog hero record
GBElgFrst15RollSlSh__RETIRED__GB-ELG-CLR-15ML-RBL-SLV-02__kd7b3v84ggnn3rdd6byv6k2n6d86b13c,GB-ELG-CLR-15ML-RBL-SLV-02,BB-GB-015-0094,Elegant,Glass Bottle,,remote_only_healthy,remote_only_plate_needed,P1,assigned,https://cdn.shopify.com/s/files/1/0739/9420/7524/files/GB-ELG-CLR-15ML-RBL-SLV-02__GBElgFrst15RollSlSh__pdp-main__v001.png?v=1781251631,https://cdn.shopify.com/s/files/1/0739/9420/7524/files/GB-ELG-CLR-15ML-RBL-SLV-02__GBElgFrst15RollSlSh__pdp-main__v001.png?v=1781251631,,,,false,,false,,false,https://www.bestbottles.com/product/elegant-design-15-ml-frosted-glass-bottle-plastic-roller-ball-plug-shiny-silver-cap,No exact Convex product plate | No exact catalog hero record
GBElgFrst15Sl__RETIRED__GB-ELG-CLR-15ML-SLV-T-02__kd7aeybydmat3vp80ryvza8xg186aqey,GB-ELG-CLR-15ML-SLV-T-02,BB-GB-015-0095,Elegant,Glass Bottle,,remote_only_healthy,remote_only_plate_needed,P1,sku_not_found,,https://cdn.shopify.com/s/files/1/0739/9420/7524/files/GB-ELG-CLR-15ML-SLV-T-02__GBElgFrst15Sl__pdp-main__v001.png?v=1781251897,,,,false,,false,,false,https://www.bestbottles.com/product/elegant-design-15-ml-frosted-glass-bottle-shiny-silver-cap,Grace SKU was not found in Shopify variants | No exact Convex product plate | No exact catalog hero record
GBElgFrst15SpryBlkMatt__RETIRED__GB-ELG-CLR-15ML-SPR-BLK-01__kd7ets0yj1y8qtsqnxcbzs165d86bgc6,GB-ELG-CLR-15ML-SPR-BLK-01,BB-GB-015-0096,Elegant,Glass Bottle,,remote_only_healthy,remote_only_plate_needed,P1,assigned,https://cdn.shopify.com/s/files/1/0739/9420/7524/files/GB-ELG-CLR-15ML-SPR-BLK-01__GBElgFrst15SpryBlkMatt__pdp-main__v001.png?v=1781251772,https://cdn.shopify.com/s/files/1/0739/9420/7524/files/GB-ELG-CLR-15ML-SPR-BLK-01__GBElgFrst15SpryBlkMatt__pdp-main__v001.png?v=1781251772,,,,false,,false,,false,https://www.bestbottles.com/product/elegant-design-15-ml-frosted-glass-bottle-matte-black-spray,No exact Convex product plate | No exact catalog hero record
GBElgFrst15SpryBlkSh__RETIRED__GB-ELG-CLR-15ML-SPR-BLK-02__kd70vm2rff7369nnbjv2m61wbn86a5sf,GB-ELG-CLR-15ML-SPR-BLK-02,BB-GB-015-0097,Elegant,Glass Bottle,,remote_only_healthy,remote_only_plate_needed,P1,assigned,https://cdn.shopify.com/s/files/1/0739/9420/7524/files/GB-ELG-CLR-15ML-SPR-BLK-02__GBElgFrst15SpryBlkSh__pdp-main__v001.png?v=1781251773,https://cdn.shopify.com/s/files/1/0739/9420/7524/files/GB-ELG-CLR-15ML-SPR-BLK-02__GBElgFrst15SpryBlkSh__pdp-main__v001.png?v=1781251773,,,,false,,false,,false,https://www.bestbottles.com/product/elegant-design-15-ml-frosted-glass-bottle-shiny-black-spray,No exact Convex product plate | No exact catalog hero record
GBElgFrst15SpryBluMatt__RETIRED__GB-ELG-CLR-15ML-SPR__kd74vhfg3ytv9n7mv5s4qe95q186a71w,GB-ELG-CLR-15ML-SPR,BB-GB-015-0098,Elegant,Glass Bottle,,remote_only_healthy,remote_only_plate_needed,P1,assigned,https://cdn.shopify.com/s/files/1/0739/9420/7524/files/GB-ELG-CLR-15ML-SPR__GBElgFrst15SpryBluMatt__pdp-main__v001.png?v=1781251773,https://cdn.shopify.com/s/files/1/0739/9420/7524/files/GB-ELG-CLR-15ML-SPR__GBElgFrst15SpryBluMatt__pdp-main__v001.png?v=1781251773,,,,false,,false,,false,https://www.bestbottles.com/product/elegant-design-15-ml-frosted-glass-bottle-matte-blue-spray,No exact Convex product plate | No exact catalog hero record
GBElgFrst15SpryCuMatt__RETIRED__GB-ELG-CLR-15ML-SPR-MCPR-02__kd7aeft8m74r5kgkfsrye8dncs86basc,GB-ELG-CLR-15ML-SPR-MCPR-02,BB-GB-015-0099,Elegant,Glass Bottle,,remote_only_healthy,remote_only_plate_needed,P1,assigned,https://cdn.shopify.com/s/files/1/0739/9420/7524/files/GB-ELG-CLR-15ML-SPR-MCPR-02__GBElgFrst15SpryCuMatt__pdp-main__v001.png?v=1781251773,https://cdn.shopify.com/s/files/1/0739/9420/7524/files/GB-ELG-CLR-15ML-SPR-MCPR-02__GBElgFrst15SpryCuMatt__pdp-main__v001.png?v=1781251773,,,,false,,false,,false,https://www.bestbottles.com/product/elegant-design-15-ml-frosted-glass-bottle-matte-copper-spray,No exact Convex product plate | No exact catalog hero record
GBElgFrst15SpryGlSh__RETIRED__GB-ELG-CLR-15ML-SPR-SGLD-02__kd742dva14e19g2r2eky6pj6x986by3t,GB-ELG-CLR-15ML-SPR-SGLD-02,BB-GB-015-0100,Elegant,Glass Bottle,,no_verified_source,source_recovery,P1,missing_variant_image,,https://cdn.shopify.com/s/files/1/0739/9420/7524/files/master_corrected_1779141772955_fa8evf.png?v=1781251773,,,,false,,false,,false,https://www.bestbottles.com/product/elegant-design-15-ml-frosted-glass-bottle-shiny-gold-spray,Shopify variant has no assigned image | Assigned remote image returned 404 | No exact Convex product plate | No exact catalog hero record
GBElgFrst15SprySlMatt__RETIRED__GB-ELG-CLR-15ML-SPR-MSLV-02__kd74rj8zqrvxyh7ejbhkedxd7h86a91h,GB-ELG-CLR-15ML-SPR-MSLV-02,BB-GB-015-0101,Elegant,Glass Bottle,,remote_only_healthy,remote_only_plate_needed,P1,assigned,https://cdn.shopify.com/s/files/1/0739/9420/7524/files/GB-ELG-CLR-15ML-SPR-MSLV-02__GBElgFrst15SprySlMatt__pdp-main__v001.png?v=1781251773,https://cdn.shopify.com/s/files/1/0739/9420/7524/files/GB-ELG-CLR-15ML-SPR-MSLV-02__GBElgFrst15SprySlMatt__pdp-main__v001.png?v=1781251773,,,,false,,false,,false,https://www.bestbottles.com/product/elegant-design-15-ml-frosted-glass-bottle-matte-silver-spray,No exact Convex product plate | No exact catalog hero record
GBElgFrst15SprySlSh__RETIRED__GB-ELG-CLR-15ML-SPR-SLV__kd78kgnccrx821dck1tkekmzr586apd0,GB-ELG-CLR-15ML-SPR-SLV,BB-GB-015-0102,Elegant,Glass Bottle,,remote_only_healthy,remote_only_plate_needed,P1,assigned,https://cdn.shopify.com/s/files/1/0739/9420/7524/files/GB-ELG-CLR-15ML-SPR-SLV__GBElgFrst15SprySlSh__pdp-main__v001.png?v=1781251773,https://cdn.shopify.com/s/files/1/0739/9420/7524/files/GB-ELG-CLR-15ML-SPR-SLV__GBElgFrst15SprySlSh__pdp-main__v001.png?v=1781251773,,,,false,,false,,false,https://www.bestbottles.com/product/elegant-design-15-ml-frosted-glass-bottle-shiny-silver-spray,No exact Convex product plate | No exact catalog hero record
GBElgFrst15WhtSht__RETIRED__GB-ELG-CLR-15ML-WHT-S__kd7fn2q8mtxywkdk43w20m64b586bzkb,GB-ELG-CLR-15ML-WHT-S,BB-GB-015-0103,Elegant,Glass Bottle,,remote_only_healthy,remote_only_plate_needed,P1,sku_not_found,,https://cdn.shopify.com/s/files/1/0739/9420/7524/files/GB-ELG-CLR-15ML-WHT-S__GBElgFrst15WhtSht__pdp-main__v001.png?v=1781251897,,,,false,,false,,false,https://www.bestbottles.com/product/elegant-design-15-ml-frosted-glass-bottle-short-white-cap,Grace SKU was not found in Shopify variants | No exact Convex product plate | No exact catalog hero record
GBElgFrst60AnSpWht__RETIRED__GB-ELG-CLR-60ML-ASP-WHT-02__kd78rmhxe1s7eqyj4vga1jbhy586a56e,GB-ELG-CLR-60ML-ASP-WHT-02,BB-GB-060-0145,Elegant,Glass Bottle,,remote_only_healthy,remote_only_plate_needed,P1,assigned,https://cdn.shopify.com/s/files/1/0739/9420/7524/files/GB-ELG-CLR-60ML-ASP-WHT-02__GBElgFrst60AnSpWht__pdp-main__v001.png?v=1781252683,https://cdn.shopify.com/s/files/1/0739/9420/7524/files/GB-ELG-CLR-60ML-ASP-WHT-02__GBElgFrst60AnSpWht__pdp-main__v001.png?v=1781252683,,,,false,,false,,false,https://www.bestbottles.com/product/elegant-design-60-ml-frosted-glass-bottle-white-vintage-style-bulb-sprayer-shiny-silver-collar-cap,No exact Convex product plate | No exact catalog hero record
GBElgFrst60RdcrMtSl__RETIRED__GB-ELG-FRS-60ML-RDC-MSLV-01__kd7ep9m74b8r71fje4c07n3xf186ay02,GB-ELG-FRS-60ML-RDC-MSLV-01,BB-GB-060-0152,Elegant,Glass Bottle,,remote_only_healthy,remote_only_plate_needed,P1,assigned,https://cdn.shopify.com/s/files/1/0739/9420/7524/files/GB-ELG-FRS-60ML-RDC-MSLV-01__GBElgFrst60RdcrMtSl__pdp-main__v001.png?v=1781252092,https://cdn.shopify.com/s/files/1/0739/9420/7524/files/GB-ELG-FRS-60ML-RDC-MSLV-01__GBElgFrst60RdcrMtSl__pdp-main__v001.png?v=1781252092,,,,false,,false,,false,https://www.bestbottles.com/product/elegant-design-60-ml-frosted-glass-bottle-reducer-silver-matte-cap,No exact Convex product plate | No exact catalog hero record
GBElgFrst60RdcrShnBlk__RETIRED__GB-ELG-FRS-60ML-RDC-SBLK-01__kd75wb11j4mfyfd6jzg8dhr3yd86b7m9,GB-ELG-FRS-60ML-RDC-SBLK-01,BB-GB-060-0155,Elegant,Glass Bottle,,remote_only_healthy,remote_only_plate_needed,P1,assigned,https://cdn.shopify.com/s/files/1/0739/9420/7524/files/GB-ELG-FRS-60ML-RDC-SBLK-01__GBElgFrst60RdcrShnBlk__pdp-main__v001.png?v=1781252092,https://cdn.shopify.com/s/files/1/0739/9420/7524/files/GB-ELG-FRS-60ML-RDC-SBLK-01__GBElgFrst60RdcrShnBlk__pdp-main__v001.png?v=1781252092,,,,false,,false,,false,https://www.bestbottles.com/product/elegant-design-60-ml-frosted-glass-bottle-reducer-black-shiny-cap,No exact Convex product plate | No exact catalog hero record
GBEmp100RdcrMtSl__RETIRED__GB-EMP-CLR-100ML-RDC-MSLV-01__kd71drkqqztgasgx9vbfa4t27186bvxq,GB-EMP-CLR-100ML-RDC-MSLV-01,BB-GB-100-0238,Empire,Glass Bottle,,no_verified_source,source_recovery,P1,missing_variant_image,,https://cdn.shopify.com/s/files/1/0739/9420/7524/files/master_corrected_1779340326554_2588y4.png?v=1779340511,,,,false,,false,,false,https://www.bestbottles.com/product/empire-design-100-ml-glass-bottle-reducer-silver-matte-cap,Shopify variant has no assigned image | Assigned remote image returned 404 | No exact Convex product plate | No exact catalog hero record
GBEmp100RdcrShnBlk__RETIRED__GB-EMP-CLR-100ML-RDC-SBLK-01__kd795y26wmybz9y9cphdzs7zb186bqrt,GB-EMP-CLR-100ML-RDC-SBLK-01,BB-GB-100-0241,Empire,Glass Bottle,,no_verified_source,source_recovery,P1,missing_variant_image,,https://cdn.shopify.com/s/files/1/0739/9420/7524/files/master_corrected_1779340552297_0safy9.png?v=1779340571,,,,false,,false,,false,https://www.bestbottles.com/product/empire-design-100-ml-glass-bottle-reducer-black-shiny-cap,Shopify variant has no assigned image | Assigned remote image returned 404 | No exact Convex product plate | No exact catalog hero record
GBEmp100SpryCu,GB-EMP-CLR-100ML-SPR-CPR,BB-GB-100-0246,Empire,Glass Bottle,kh786wekwbe5tbczqjg2x5jd1h8dpf5p,source_match_pending,identity_review,P1,missing_variant_image,,https://cdn.shopify.com/s/files/1/0739/9420/7524/files/master_corrected_1779386075033_xrja5r.png?v=1779401217,,,,false,,false,exact,false,https://www.bestbottles.com/product/empire-design-100-ml-glass-bottle-matte-copper-spray-and-cap,Shopify variant has no assigned image | Assigned remote image returned 404 | No exact Convex product plate | No exact catalog hero record | Source blocker: SAME_STEM_DIFFERENT_PHOTOGRAPH
GBEmp100SpryMtGl,GB-EMP-CLR-100ML-SPR-MGLD,BB-GB-100-0247,Empire,Glass Bottle,kh786wekwbe5tbczqjg2x5jd1h8dpf5p,source_match_pending,identity_review,P1,missing_variant_image,,https://cdn.shopify.com/s/files/1/0739/9420/7524/files/1777197131100-65f4b3cf-5624-42bd-b9e6-97c58cd9b815.png?v=1781252230,,,,false,/Users/jordanrichter/Projects/Clients/Nemat-International/Best-Bottles-Website-02-20-2026/.worktrees/priority-family-kits/public/images/catalog/bone-review/GBEmp100SpryMtGl.08bb78aa3e9c.png,true,exact,false,https://www.bestbottles.com/product/empire-design-100-ml-glass-bottle-matte-gold-spray-pump-and-cap,Shopify variant has no assigned image | Assigned remote image returned 404 | No exact Convex product plate | Source blocker: SAME_STEM_DIFFERENT_PHOTOGRAPH
GBEmp100SpryMtSl,GB-EMP-CLR-100ML-SPR-MSLV,BB-GB-100-0248,Empire,Glass Bottle,kh786wekwbe5tbczqjg2x5jd1h8dpf5p,source_match_pending,identity_review,P1,missing_variant_image,,https://cdn.shopify.com/s/files/1/0739/9420/7524/files/master_corrected_1779386311282_jtdd5c.png?v=1779386631,,,,false,,false,exact,false,https://www.bestbottles.com/product/empire-design-100-ml-glass-bottle-matte-silver-spray-pump-and-cap,Shopify variant has no assigned image | Assigned remote image returned 404 | No exact Convex product plate | No exact catalog hero record | Source blocker: SAME_STEM_DIFFERENT_PHOTOGRAPH
GBEmp100SpryShnBlk,GB-EMP-CLR-100ML-SPR-SBLK,BB-GB-100-0249,Empire,Glass Bottle,kh786wekwbe5tbczqjg2x5jd1h8dpf5p,source_match_pending,identity_review,P1,missing_variant_image,,https://cdn.shopify.com/s/files/1/0739/9420/7524/files/master_corrected_1779386250680_pidjpg.png?v=1779386635,,,,false,,false,exact,false,https://www.bestbottles.com/product/empire-design-100-ml-glass-bottle-shiny-black-spray-pump-and-cap,Shopify variant has no assigned image | Assigned remote image returned 404 | No exact Convex product plate | No exact catalog hero record | Source blocker: SAME_STEM_DIFFERENT_PHOTOGRAPH
GBEmp100SpryShnGl,GB-EMP-CLR-100ML-SPR-SGLD,BB-GB-100-0250,Empire,Glass Bottle,kh786wekwbe5tbczqjg2x5jd1h8dpf5p,source_match_pending,identity_review,P1,missing_variant_image,,https://cdn.shopify.com/s/files/1/0739/9420/7524/files/1779386755112-857bae85-ed4b-4c86-9371-d85e7c8f32dd.png?v=1779471173,,,,false,,false,exact,false,https://www.bestbottles.com/product/empire-design-100-ml-glass-bottle-shiny-gold-spray-pump-and-cap,Shopify variant has no assigned image | Assigned remote image returned 404 | No exact Convex product plate | No exact catalog hero record | Source blocker: SAME_STEM_DIFFERENT_PHOTOGRAPH
GBEmp100SpryShnSl,GB-EMP-CLR-100ML-SPR-SSLV,BB-GB-100-0251,Empire,Glass Bottle,kh786wekwbe5tbczqjg2x5jd1h8dpf5p,source_match_pending,identity_review,P1,missing_variant_image,,https://cdn.shopify.com/s/files/1/0739/9420/7524/files/master_corrected_1779386370971_xp2uz1.png?v=1779386628,,,,false,,false,exact,false,https://www.bestbottles.com/product/empire-design-100-ml-glass-bottle-shiny-silver-spray-and-cap,Shopify variant has no assigned image | Assigned remote image returned 404 | No exact Convex product plate | No exact catalog hero record | Source blocker: SAME_STEM_DIFFERENT_PHOTOGRAPH
GBEmp50RdcrMtSl__RETIRED__GB-EMP-CLR-50ML-RDC-MSLV-01__kd78k2mr1q3q6etzy7xqqcatyn86b4d5,GB-EMP-CLR-50ML-RDC-MSLV-01,BB-GB-050-0143,Empire,Glass Bottle,,no_verified_source,source_recovery,P1,missing_variant_image,,https://cdn.shopify.com/s/files/1/0739/9420/7524/files/1778803254854-ef7b6c62-7418-43b3-8f18-e6ce9067f770.png?v=1779011810,,,,false,,false,,false,https://www.bestbottles.com/product/empire-design-50-ml-glass-bottle-reducer-silver-matte-cap,Shopify variant has no assigned image | Assigned remote image returned 404 | No exact Convex product plate | No exact catalog hero record
GBEmp50RdcrShnBlk__RETIRED__GB-EMP-CLR-50ML-RDC-SBLK-01__kd7dr6k2cq74kxvce1h2d9ar9586a4wz,GB-EMP-CLR-50ML-RDC-SBLK-01,BB-GB-050-0146,Empire,Glass Bottle,,no_verified_source,source_recovery,P1,missing_variant_image,,https://cdn.shopify.com/s/files/1/0739/9420/7524/files/1778802844917-fee7983c-4cc2-477a-9035-007b4f63f051.png?v=1779011834,,,,false,,false,,false,https://www.bestbottles.com/product/empire-design-50-ml-glass-bottle-reducer-black-shiny-cap,Shopify variant has no assigned image | Assigned remote image returned 404 | No exact Convex product plate | No exact catalog hero record
GBEmp50SpryCu,GB-EMP-CLR-50ML-SPR-CPR,BB-GB-050-0151,Empire,Glass Bottle,kh7f2g12h2mptwyadmqmfq3ya58dqmft,source_match_pending,identity_review,P1,missing_variant_image,,https://cdn.shopify.com/s/files/1/0739/9420/7524/files/master_corrected_1779381605931_attkoz.png?v=1779466748,,,,false,,false,exact,false,https://www.bestbottles.com/product/empire-design-50-ml-glass-bottle-matte-copper-spray-and-cap,Shopify variant has no assigned image | Assigned remote image returned 404 | No exact Convex product plate | No exact catalog hero record | Source blocker: SAME_STEM_DIFFERENT_PHOTOGRAPH
GBEmp50SpryMtGl,GB-EMP-CLR-50ML-SPR-MGLD,BB-GB-050-0152,Empire,Glass Bottle,kh7f2g12h2mptwyadmqmfq3ya58dqmft,source_match_pending,identity_review,P1,missing_variant_image,,https://cdn.shopify.com/s/files/1/0739/9420/7524/files/1779381806579-2b4c1ec8-9cd6-4a47-a53a-6046f7f7aebf.png?v=1779381992,,,,false,/Users/jordanrichter/Projects/Clients/Nemat-International/Best-Bottles-Website-02-20-2026/.worktrees/priority-family-kits/public/images/catalog/bone-review/GBEmp50SpryMtGl.9fe529e763bc.png,true,exact,false,https://www.bestbottles.com/product/empire-design-50-ml-glass-bottle-matte-gold-spray-pump-and-cap,Shopify variant has no assigned image | Assigned remote image returned 404 | No exact Convex product plate | Source blocker: SAME_STEM_DIFFERENT_PHOTOGRAPH
GBEmp50SpryMtSl,GB-EMP-CLR-50ML-SPR-MSLV,BB-GB-050-0153,Empire,Glass Bottle,kh7f2g12h2mptwyadmqmfq3ya58dqmft,source_match_pending,identity_review,P1,missing_variant_image,,https://cdn.shopify.com/s/files/1/0739/9420/7524/files/master_corrected_1779381258023_q87v79.png?v=1779382005,,,,false,,false,exact,false,https://www.bestbottles.com/product/empire-design-50-ml-glass-bottle-matte-silver-spray-pump-and-cap,Shopify variant has no assigned image | Assigned remote image returned 404 | No exact Convex product plate | No exact catalog hero record | Source blocker: SAME_STEM_DIFFERENT_PHOTOGRAPH
GBEmp50SpryShnBlk,GB-EMP-CLR-50ML-SPR-SBLK,BB-GB-050-0154,Empire,Glass Bottle,kh7f2g12h2mptwyadmqmfq3ya58dqmft,source_match_pending,identity_review,P1,missing_variant_image,,https://cdn.shopify.com/s/files/1/0739/9420/7524/files/master_corrected_1779381474102_7mtpit.png?v=1779381994,,,,false,,false,exact,false,https://www.bestbottles.com/product/empire-design-50-ml-glass-bottle-shiny-black-spray-pump-and-cap,Shopify variant has no assigned image | Assigned remote image returned 404 | No exact Convex product plate | No exact catalog hero record | Source blocker: SAME_STEM_DIFFERENT_PHOTOGRAPH
GBEmp50SpryShnGl,GB-EMP-CLR-50ML-SPR-SGLD,BB-GB-050-0155,Empire,Glass Bottle,kh7f2g12h2mptwyadmqmfq3ya58dqmft,source_match_pending,identity_review,P1,missing_variant_image,,https://cdn.shopify.com/s/files/1/0739/9420/7524/files/master_corrected_1779381400164_fqwbve_3eb3a108-b61c-41ae-9a93-4b8498526af8.png?v=1779482366,,,,false,,false,exact,false,https://www.bestbottles.com/product/empire-design-50-ml-glass-bottle-shiny-gold-spray-pump-and-cap,Shopify variant has no assigned image | Assigned remote image returned 404 | No exact Convex product plate | No exact catalog hero record | Source blocker: SAME_STEM_DIFFERENT_PHOTOGRAPH
GBEmp50SpryShnSl,GB-EMP-CLR-50ML-SPR-SSLV,BB-GB-050-0156,Empire,Glass Bottle,kh7f2g12h2mptwyadmqmfq3ya58dqmft,source_match_pending,identity_review,P1,missing_variant_image,,https://cdn.shopify.com/s/files/1/0739/9420/7524/files/master_corrected_1779381336164_7medbi.png?v=1779382001,,,,false,,false,exact,false,https://www.bestbottles.com/product/empire-design-50-ml-glass-bottle-shiny-silver-spray-and-cap,Shopify variant has no assigned image | Assigned remote image returned 404 | No exact Convex product plate | No exact catalog hero record | Source blocker: SAME_STEM_DIFFERENT_PHOTOGRAPH
GBEternalFlameClear,GB-ETF-CLR-35ML,BB-GB-035-0002,Decorative,Glass Bottle,kh70fwjemjz2w6x29hnwbxrks18dqxyv,source_match_pending,identity_review,P1,missing_variant_image,,https://cdn.shopify.com/s/files/1/0739/9420/7524/files/1778901292425-ceb7a92b-9ef8-43c5-ac4c-4227494cb356.png?v=1781252565,,,,false,/Users/jordanrichter/Projects/Clients/Nemat-International/Best-Bottles-Website-02-20-2026/.worktrees/priority-family-kits/public/images/catalog/bone-review/GBEternalFlameClear.0d1adbbfcf18.png,true,exact,true,https://www.bestbottles.com/product/Clear-glass-perfume-Bottle-container-eternal-flame-glass-stopper,Shopify variant has no assigned image | Assigned remote image returned 404 | No exact Convex product plate | Source inventory contains only a cap-off view; assembled-front plate still needs recovery
GBGrce55RdcrMtSl__RETIRED__GB-GRC-CLR-55ML-RDC-MSLV-01__kd7d24m11yry047e3tcjayftm586b40q,GB-GRC-CLR-55ML-RDC-MSLV-01,BB-GB-055-0023,Grace,Glass Bottle,,no_verified_source,source_recovery,P1,missing_variant_image,,https://cdn.shopify.com/s/files/1/0739/9420/7524/files/master_corrected_1779488101319_bapdn9.png?v=1779488721,,,,false,,false,,false,https://www.bestbottles.com/product/grace-design-55-ml-glass-bottle-reducer-silver-matte-cap,Shopify variant has no assigned image | Assigned remote image returned 404 | No exact Convex product plate | No exact catalog hero record
GBGrce55RdcrShnBlk__RETIRED__GB-GRC-CLR-55ML-RDC-SBLK-01__kd73yrwzqk8a9gz9gjnh90fm0h86axtn,GB-GRC-CLR-55ML-RDC-SBLK-01,BB-GB-055-0026,Grace,Glass Bottle,,no_verified_source,source_recovery,P1,missing_variant_image,,https://cdn.shopify.com/s/files/1/0739/9420/7524/files/master_corrected_1779487829936_2reckh.png?v=1779488741,,,,false,,false,,false,https://www.bestbottles.com/product/grace-design-55-ml-glass-bottle-reducer-black-shiny-cap,Shopify variant has no assigned image | Assigned remote image returned 404 | No exact Convex product plate | No exact catalog hero record
GBGrce55SpryShnBlk,GB-GRC-CLR-55ML-SPR-SBLK,BB-GB-055-0034,Grace,Glass Bottle,kh74xx3ymq29dzzfxs8ee4pj718dp0v5,source_match_pending,identity_review,P1,missing_variant_image,,https://cdn.shopify.com/s/files/1/0739/9420/7524/files/master_corrected_1779487436513_t7zq06.png?v=1779487836,,,,false,,false,exact,false,https://www.bestbottles.com/product/grace-design-55-ml-glass-bottle-shiny-black-spray-pump-and-capblack-shiny-cap,Shopify variant has no assigned image | Assigned remote image returned 404 | No exact Convex product plate | No exact catalog hero record | Source blocker: SAME_STEM_DIFFERENT_PHOTOGRAPH
GBGrce55SpryShnSl,GB-GRC-CLR-55ML-SPR-SSLV,BB-GB-055-0036,Grace,Glass Bottle,kh74xx3ymq29dzzfxs8ee4pj718dp0v5,source_match_pending,identity_review,P1,missing_variant_image,,https://cdn.shopify.com/s/files/1/0739/9420/7524/files/master_corrected_1779487563574_dmac8g_f0c556df-2235-42b6-b6bb-e4814cce44d6.png?v=1779490422,,,,false,,false,exact,false,https://www.bestbottles.com/product/grace-design-55-ml-glass-bottle-shiny-silver-spray-and-capshiny-silver-cap,Shopify variant has no assigned image | Assigned remote image returned 404 | No exact Convex product plate | No exact catalog hero record | Source blocker: SAME_STEM_DIFFERENT_PHOTOGRAPH
GBHeartFrst4KeyGld,GB-DEC-FRS-4ML-GST-GLD-T,BB-GB-004-0001,Decorative,Glass Bottle,kh7997y36c8sgvh27p0cwmdngn8dq3bs,remote_only_healthy,remote_only_plate_needed,P1,assigned,https://cdn.shopify.com/s/files/1/0739/9420/7524/files/GBHeartFrst4KeyGld.gif?v=1788391294,https://www.bestbottles.com/images/store/enlarged_pics/GBHeartFrst4KeyGld.gif,,,,false,/Users/jordanrichter/Projects/Clients/Nemat-International/Best-Bottles-Website-02-20-2026/.worktrees/priority-family-kits/public/images/catalog/bone-review/GBHeartFrst4KeyGld.a32ac93d6cc2.png,true,exact,true,https://www.bestbottles.com/product/Frosted-glass-small-heart-shaped-bottle-with-gold-key-chain,No exact Convex product plate | Source inventory contains only a cap-off view; assembled-front plate still needs recovery
GBHeartFrst4TslRed,GB-DEC-FRS-4ML-GST-RED-T,BB-GB-004-0002,Decorative,Glass Bottle,kh708pvq202v9vnr48n375f2bd8dqase,remote_only_healthy,remote_only_plate_needed,P1,assigned,https://cdn.shopify.com/s/files/1/0739/9420/7524/files/GBHeartFrst4TslRed_2a2cb607-79ff-45bd-a051-fc5ddd0b834b.gif?v=1788391300,https://www.bestbottles.com/images/store/enlarged_pics/GBHeartFrst4TslRed.gif,,,,false,/Users/jordanrichter/Projects/Clients/Nemat-International/Best-Bottles-Website-02-20-2026/.worktrees/priority-family-kits/public/images/catalog/bone-review/GBHeartFrst4TslRed.e57cb4bcafdb.png,true,exact,true,https://www.bestbottles.com/product/Frosted-glass-small-heart-shaped-bottle-with-red-tassel,No exact Convex product plate | Source inventory contains only a cap-off view; assembled-front plate still needs recovery
GBPearClear4ozStpr,GB-DEC-CLR-118ML,BB-GB-118-0001,Apothecary,Glass Bottle,kh74d6w3xat1mb55181s9jh8c18dqxe4,remote_only_healthy,remote_only_plate_needed,P1,assigned,https://cdn.shopify.com/s/files/1/0739/9420/7524/files/1778827499533-71a39464-090b-4af2-a45b-f00021746213_393321a6-a3ff-4b56-8897-c1376f2ad082.png?v=1785361036,https://cdn.shopify.com/s/files/1/0739/9420/7524/files/master_corrected_1779428594734_i2bufx_c94740e8-09ad-49d8-9cbb-eb68bc879450.png?v=1781510277,,,,false,/Users/jordanrichter/Projects/Clients/Nemat-International/Best-Bottles-Website-02-20-2026/.worktrees/priority-family-kits/public/images/catalog/bone-review/GBPearClear4ozStpr.6c69149feb9e.png,true,exact,true,https://www.bestbottles.com/product/Apothecary-style-Clear-glass-cylindrical-4oz-glass-stopper,No exact Convex product plate | Source inventory contains only a cap-off view; assembled-front plate still needs recovery
GBPillar9BlkShSht,GB-PIL-CLR-9ML-CAP-BLK,kd72x5s6yh2jyrc77t2b84pdsn82bewd,Pillar,Glass Bottle,kh7bvxc5ysvsff87e5akrr5d798dpqe7,remote_only_healthy,remote_only_plate_needed,P1,missing_variant_image,,https://cdn.shopify.com/s/files/1/0739/9420/7524/files/GB-PIL-CLR-9ML-CAP-BLK__GBPillar9BlkShSht__pdp-main__v001.png?v=1781252630,,,,false,,false,no-psd,false,https://www.bestbottles.com/product/pillar-design-9-ml-glass-bottle-black-short-cap,Shopify variant has no assigned image | No exact Convex product plate | No exact catalog hero record | Source blocker: match:no-psd
GBPillar9MtlRollBlkdot,GB-PIL-CLR-9ML-MRL-BDOT,kd7ffthze08a1p24a89mcj0mw582b8n9,Pillar,Glass Bottle,kh7bvxc5ysvsff87e5akrr5d798dpqe7,remote_only_healthy,remote_only_plate_needed,P1,missing_variant_image,,https://cdn.shopify.com/s/files/1/0739/9420/7524/files/GB-PIL-CLR-9ML-MRL-BDOT__GBPillar9MtlRollBlkdot__pdp-main__v001.png?v=1781252630,,,,false,/Users/jordanrichter/Projects/Clients/Nemat-International/Best-Bottles-Website-02-20-2026/.worktrees/priority-family-kits/public/images/catalog/bone-review/GBPillar9MtlRollBlkdot.42577015470a.png,true,no-psd,false,https://www.bestbottles.com/product/pillar-design-5-ml-glass-bottle-metal-roller-ball-plug-black-dots-cap,Shopify variant has no assigned image | No exact Convex product plate | Source blocker: match:no-psd
GBPillar9RollBlkDot,GB-PIL-CLR-9ML-RBL-BDOT,kd75egzgetr8rr08my5w33zzz182ayyt,Pillar,Glass Bottle,kh7bvxc5ysvsff87e5akrr5d798dpqe7,remote_only_healthy,remote_only_plate_needed,P1,missing_variant_image,,https://cdn.shopify.com/s/files/1/0739/9420/7524/files/GB-PIL-CLR-9ML-RBL-BDOT__GBPillar9RollBlkDot__pdp-main__v001.png?v=1781252630,,,,false,,false,no-psd,false,https://www.bestbottles.com/product/pillar-design-5-ml-glass-bottle-roller-ball-plug-black-dots-cap,Shopify variant has no assigned image | No exact Convex product plate | No exact catalog hero record | Source blocker: match:no-psd
GBPillar9SpryBlkMatt,GB-PIL-CLR-9ML-SPR-MBLK,kd78d10mrsy86c1n174wf1sm2h81w1v2,Pillar,Glass Bottle,kh71x0xqrz0xcjxfn5cmr5381n8dq728,remote_only_healthy,remote_only_plate_needed,P1,assigned,https://cdn.shopify.com/s/files/1/0739/9420/7524/files/GB-PIL-CLR-9ML-SPR-MBLK__GBPillar9SpryBlkMatt__pdp-main__v001.png?v=1781252606,https://cdn.shopify.com/s/files/1/0739/9420/7524/files/GB-PIL-CLR-9ML-SPR-MBLK__GBPillar9SpryBlkMatt__pdp-main__v001.png?v=1781252606,,,,false,/Users/jordanrichter/Projects/Clients/Nemat-International/Best-Bottles-Website-02-20-2026/.worktrees/priority-family-kits/public/images/catalog/bone-review/GBPillar9SpryBlkMatt.06e4499f714b.png,true,no-psd,false,https://www.bestbottles.com/product/pillar-design-9-ml-clear-glass-bottle-matte-black-spray,No exact Convex product plate | Source blocker: match:no-psd
GBRnd128RdcrMtSl__RETIRED__GB-RND-CLR-128ML-RDC-MSLV-01__kd7aw6ratpb8bj3fpyemyez1qd86a4gt,GB-RND-CLR-128ML-RDC-MSLV-01,BB-GB-128-0024,Round,Glass Bottle,,no_verified_source,source_recovery,P1,missing_variant_image,,https://cdn.shopify.com/s/files/1/0739/9420/7524/files/master_corrected_1780333230874_3kmzkv.png?v=1780700744,,,,false,,false,,false,https://www.bestbottles.com/product/round-design-128-ml-glass-bottle-reducer-silver-matte-cap,Shopify variant has no assigned image | Assigned remote image returned 404 | No exact Convex product plate | No exact catalog hero record
GBRnd128RdcrShnBlk__RETIRED__GB-RND-CLR-128ML-RDC-SBLK-01__kd75stehtjnfek2frwhq076ab986aqmn,GB-RND-CLR-128ML-RDC-SBLK-01,BB-GB-128-0027,Round,Glass Bottle,,no_verified_source,source_recovery,P1,missing_variant_image,,https://cdn.shopify.com/s/files/1/0739/9420/7524/files/master_corrected_1780332873704_gmw5pb.png?v=1780700766,,,,false,,false,,false,https://www.bestbottles.com/product/round-design-128-ml-glass-bottle-reducer-black-shiny-cap,Shopify variant has no assigned image | Assigned remote image returned 404 | No exact Convex product plate | No exact catalog hero record
GBRnd78RdcrMtSl__RETIRED__GB-RND-CLR-78ML-RDC-MSLV-01__kd70yry0m5hhfdv5stnbwh3ha586agvc,GB-RND-CLR-78ML-RDC-MSLV-01,BB-GB-078-0023,Round,Glass Bottle,,remote_only_healthy,remote_only_plate_needed,P1,assigned,https://cdn.shopify.com/s/files/1/0739/9420/7524/files/GB-RND-CLR-78ML-RDC-MSLV-01__GBRnd78RdcrMtSl__pdp-main__v001.png?v=1781252101,https://cdn.shopify.com/s/files/1/0739/9420/7524/files/GB-RND-CLR-78ML-RDC-MSLV-01__GBRnd78RdcrMtSl__pdp-main__v001.png?v=1781252101,,,,false,,false,,false,https://www.bestbottles.com/product/round-design-78-ml-glass-bottle-reducer-silver-matte-cap,No exact Convex product plate | No exact catalog hero record
GBRnd78RdcrShnBlk__RETIRED__GB-RND-CLR-78ML-RDC-SBLK-01__kd79v2ke7q3k4j3wrj2sjsyfp986bxvg,GB-RND-CLR-78ML-RDC-SBLK-01,BB-GB-078-0026,Round,Glass Bottle,,remote_only_healthy,remote_only_plate_needed,P1,assigned,https://cdn.shopify.com/s/files/1/0739/9420/7524/files/GB-RND-CLR-78ML-RDC-SBLK-01__GBRnd78RdcrShnBlk__pdp-main__v001.png?v=1781252101,https://cdn.shopify.com/s/files/1/0739/9420/7524/files/GB-RND-CLR-78ML-RDC-SBLK-01__GBRnd78RdcrShnBlk__pdp-main__v001.png?v=1781252101,,,,false,,false,,false,https://www.bestbottles.com/product/round-design-78-ml-glass-bottle-reducer-black-shiny-cap,No exact Convex product plate | No exact catalog hero record
GBRnd78SpryMtGl,GB-RND-CLR-78ML-SPR-MGLD,BB-GB-078-0032,Round,Glass Bottle,kh74gntktr8tzwg1n9zk2tkpjn8dpqr8,covered_local_fallback,local_fallback_covered,OK,missing_variant_image,,https://cdn.shopify.com/s/files/1/0739/9420/7524/files/GB-RND-CLR-78ML-SPR-MGLD_1779532339396_dc6b0s.png?v=1781251917,,,/Users/jordanrichter/Projects/Clients/Nemat-International/Best-Bottles-Website-02-20-2026/.worktrees/priority-family-kits/public/images/pdp/round/GBRnd78SpryMtGl.png,true,,false,exact,false,https://www.bestbottles.com/product/round-design-78-ml-glass-bottle-matte-gold-spray-pump-and-cap,Shopify variant has no assigned image | Assigned remote image returned 404 | No exact Convex product plate | No exact catalog hero record | Source blocker: SAME_STEM_DIFFERENT_PHOTOGRAPH
GBRnd78SpryMtSl,GB-RND-CLR-78ML-SPR-MSLV,BB-GB-078-0033,Round,Glass Bottle,kh74gntktr8tzwg1n9zk2tkpjn8dpqr8,covered_local_fallback,local_fallback_covered,OK,missing_variant_image,,https://cdn.shopify.com/s/files/1/0739/9420/7524/files/GB-RND-CLR-78ML-SPR-MSLV_1779532344579_lhcwnj.png?v=1781251917,,,/Users/jordanrichter/Projects/Clients/Nemat-International/Best-Bottles-Website-02-20-2026/.worktrees/priority-family-kits/public/images/pdp/round/GBRnd78SpryMtSl.png,true,,false,exact,false,https://www.bestbottles.com/product/round-design-78-ml-glass-bottle-matte-silver-spray-pump-and-cap,Shopify variant has no assigned image | Assigned remote image returned 404 | No exact Convex product plate | No exact catalog hero record | Source blocker: SAME_STEM_DIFFERENT_PHOTOGRAPH
GBRnd78SpryShnBlk,GB-RND-CLR-78ML-SPR-SBLK,BB-GB-078-0034,Round,Glass Bottle,kh74gntktr8tzwg1n9zk2tkpjn8dpqr8,covered_local_fallback,local_fallback_covered,OK,missing_variant_image,,https://cdn.shopify.com/s/files/1/0739/9420/7524/files/GB-RND-CLR-78ML-SPR-SBLK_1779532342448_21p0vw.png?v=1781251916,,,/Users/jordanrichter/Projects/Clients/Nemat-International/Best-Bottles-Website-02-20-2026/.worktrees/priority-family-kits/public/images/pdp/round/GBRnd78SpryShnBlk.png,true,,false,exact,false,https://www.bestbottles.com/product/round-design-78-ml-glass-bottle-shiny-black-spray-pump-and-cap,Shopify variant has no assigned image | Assigned remote image returned 404 | No exact Convex product plate | No exact catalog hero record | Source blocker: SAME_STEM_DIFFERENT_PHOTOGRAPH
GBRnd78SpryShnGl,GB-RND-CLR-78ML-SPR-SGLD,BB-GB-078-0035,Round,Glass Bottle,kh74gntktr8tzwg1n9zk2tkpjn8dpqr8,covered_local_fallback,local_fallback_covered,OK,missing_variant_image,,https://cdn.shopify.com/s/files/1/0739/9420/7524/files/GB-RND-CLR-78ML-SPR-SGLD_1779532337247_hkyvik.png?v=1781251916,,,/Users/jordanrichter/Projects/Clients/Nemat-International/Best-Bottles-Website-02-20-2026/.worktrees/priority-family-kits/public/images/pdp/round/GBRnd78SpryShnGl.png,true,,false,exact,false,https://www.bestbottles.com/product/round-design-78-ml-glass-bottle-shiny-gold-spray-pump-and-cap,Shopify variant has no assigned image | Assigned remote image returned 404 | No exact Convex product plate | No exact catalog hero record | Source blocker: SAME_STEM_DIFFERENT_PHOTOGRAPH
GBRnd78SpryShnSl,GB-RND-CLR-78ML-SPR-SSLV,BB-GB-078-0036,Round,Glass Bottle,kh74gntktr8tzwg1n9zk2tkpjn8dpqr8,covered_local_fallback,local_fallback_covered,OK,missing_variant_image,,https://cdn.shopify.com/s/files/1/0739/9420/7524/files/GB-RND-CLR-78ML-SPR-SSLV_1779532340916_44u8bc.png?v=1781251916,,,/Users/jordanrichter/Projects/Clients/Nemat-International/Best-Bottles-Website-02-20-2026/.worktrees/priority-family-kits/public/images/pdp/round/GBRnd78SpryShnSl.png,true,,false,exact,false,https://www.bestbottles.com/product/round-design-78-ml-glass-bottle-shiny-silver-spray-and-cap,Shopify variant has no assigned image | Assigned remote image returned 404 | No exact Convex product plate | No exact catalog hero record | Source blocker: SAME_STEM_DIFFERENT_PHOTOGRAPH
GBRndFrst128RdcrMtSl__RETIRED__GB-RND-FRS-128ML-RDC-MSLV-01__kd79n5w3jt031w3gr8033v5w6986bh8j,GB-RND-FRS-128ML-RDC-MSLV-01,BB-GB-128-0061,Round,Glass Bottle,,remote_only_healthy,remote_only_plate_needed,P1,assigned,https://cdn.shopify.com/s/files/1/0739/9420/7524/files/GB-RND-FRS-128ML-RDC-MSLV-01__GBRndFrst128RdcrMtSl__pdp-main__v001.png?v=1781252173,https://cdn.shopify.com/s/files/1/0739/9420/7524/files/GB-RND-FRS-128ML-RDC-MSLV-01__GBRndFrst128RdcrMtSl__pdp-main__v001.png?v=1781252173,,,,false,,false,,false,https://www.bestbottles.com/product/round-design-128-ml-frosted-glass-bottle-reducer-silver-matte-cap,No exact Convex product plate | No exact catalog hero record
GBRndFrst128RdcrShnBlk__RETIRED__GB-RND-FRS-128ML-RDC-SBLK-01__kd7cjnac11yntc8j216eekwags86bkyy,GB-RND-FRS-128ML-RDC-SBLK-01,BB-GB-128-0064,Round,Glass Bottle,,remote_only_healthy,remote_only_plate_needed,P1,assigned,https://cdn.shopify.com/s/files/1/0739/9420/7524/files/GB-RND-FRS-128ML-RDC-SBLK-01__GBRndFrst128RdcrShnBlk__pdp-main__v001.png?v=1781252173,https://cdn.shopify.com/s/files/1/0739/9420/7524/files/GB-RND-FRS-128ML-RDC-SBLK-01__GBRndFrst128RdcrShnBlk__pdp-main__v001.png?v=1781252173,,,,false,,false,,false,https://www.bestbottles.com/product/round-design-128-ml-frosted-glass-bottle-reducer-black-shiny-cap,No exact Convex product plate | No exact catalog hero record
GBRndFrst128SpryCu,GB-RND-FRS-128ML-SPR-CPR,BB-GB-128-0069,Round,Glass Bottle,kh70s5cp8qvwexec1qhx7fed4d8dp04d,covered_local_fallback,local_fallback_covered,OK,missing_variant_image,,https://cdn.shopify.com/s/files/1/0739/9420/7524/files/GB-RND-FRS-128ML-SPR-CPR_1779532285519_3sg4c2.png?v=1781252004,,,/Users/jordanrichter/Projects/Clients/Nemat-International/Best-Bottles-Website-02-20-2026/.worktrees/priority-family-kits/public/images/pdp/round/GBRndFrst128SpryCu.png,true,,false,exact,false,https://www.bestbottles.com/product/round-design-128-ml-frosted-glass-bottle-matte-copper-spray-and-cap,Shopify variant has no assigned image | Assigned remote image returned 404 | No exact Convex product plate | No exact catalog hero record | Source blocker: SAME_STEM_DIFFERENT_PHOTOGRAPH
GBRndFrst128SpryMtGl,GB-RND-FRS-128ML-SPR-MGLD,BB-GB-128-0070,Round,Glass Bottle,kh70s5cp8qvwexec1qhx7fed4d8dp04d,covered_local_fallback,local_fallback_covered,OK,missing_variant_image,,https://cdn.shopify.com/s/files/1/0739/9420/7524/files/GB-RND-FRS-128ML-SPR-MGLD_1779532278543_7to7cw.png?v=1781252004,,,/Users/jordanrichter/Projects/Clients/Nemat-International/Best-Bottles-Website-02-20-2026/.worktrees/priority-family-kits/public/images/pdp/round/GBRndFrst128SpryMtGl.png,true,/Users/jordanrichter/Projects/Clients/Nemat-International/Best-Bottles-Website-02-20-2026/.worktrees/priority-family-kits/public/images/catalog/round-enhancement/aligned/GBRndFrst128SpryMtGl.premium-aligned-v2.png,true,exact,false,https://www.bestbottles.com/product/round-design-128-ml-frosted-glass-bottle-matte-gold-spray-pump-and-cap,Shopify variant has no assigned image | Assigned remote image returned 404 | No exact Convex product plate | Source blocker: SAME_STEM_DIFFERENT_PHOTOGRAPH
GBRndFrst128SpryMtSl,GB-RND-FRS-128ML-SPR-MSLV,BB-GB-128-0071,Round,Glass Bottle,kh70s5cp8qvwexec1qhx7fed4d8dp04d,covered_local_fallback,local_fallback_covered,OK,missing_variant_image,,https://cdn.shopify.com/s/files/1/0739/9420/7524/files/GB-RND-FRS-128ML-SPR-MSLV_1779532283867_qhyokz.png?v=1781252004,,,/Users/jordanrichter/Projects/Clients/Nemat-International/Best-Bottles-Website-02-20-2026/.worktrees/priority-family-kits/public/images/pdp/round/GBRndFrst128SpryMtSl.png,true,,false,exact,false,https://www.bestbottles.com/product/round-design-128-ml-frosted-glass-bottle-matte-silver-spray-pump-and-cap,Shopify variant has no assigned image | Assigned remote image returned 404 | No exact Convex product plate | No exact catalog hero record | Source blocker: SAME_STEM_DIFFERENT_PHOTOGRAPH
GBRndFrst128SpryShnBlk,GB-RND-FRS-128ML-SPR-SBLK,BB-GB-128-0072,Round,Glass Bottle,kh70s5cp8qvwexec1qhx7fed4d8dp04d,covered_local_fallback,local_fallback_covered,OK,missing_variant_image,,https://cdn.shopify.com/s/files/1/0739/9420/7524/files/GB-RND-FRS-128ML-SPR-SBLK_1779532287355_x931os.png?v=1781252004,,,/Users/jordanrichter/Projects/Clients/Nemat-International/Best-Bottles-Website-02-20-2026/.worktrees/priority-family-kits/public/images/pdp/round/GBRndFrst128SpryShnBlk.png,true,,false,exact,false,https://www.bestbottles.com/product/round-design-128-ml-frosted-glass-bottle-shiny-black-spray-pump-and-cap,Shopify variant has no assigned image | Assigned remote image returned 404 | No exact Convex product plate | No exact catalog hero record | Source blocker: SAME_STEM_DIFFERENT_PHOTOGRAPH
GBRndFrst128SpryShnGl,GB-RND-FRS-128ML-SPR-SGLD,BB-GB-128-0073,Round,Glass Bottle,kh70s5cp8qvwexec1qhx7fed4d8dp04d,covered_local_fallback,local_fallback_covered,OK,missing_variant_image,,https://cdn.shopify.com/s/files/1/0739/9420/7524/files/GB-RND-FRS-128ML-SPR-SGLD_1779532281353_tk4q9c.png?v=1781252004,,,/Users/jordanrichter/Projects/Clients/Nemat-International/Best-Bottles-Website-02-20-2026/.worktrees/priority-family-kits/public/images/pdp/round/GBRndFrst128SpryShnGl.png,true,,false,exact,false,https://www.bestbottles.com/product/round-design-128-ml-frosted-glass-bottle-shiny-gold-spray-pump-and-cap,Shopify variant has no assigned image | Assigned remote image returned 404 | No exact Convex product plate | No exact catalog hero record | Source blocker: SAME_STEM_DIFFERENT_PHOTOGRAPH
GBRndFrst128SpryShnSl,GB-RND-FRS-128ML-SPR-SSLV,BB-GB-128-0074,Round,Glass Bottle,kh70s5cp8qvwexec1qhx7fed4d8dp04d,covered_local_fallback,local_fallback_covered,OK,assigned,https://cdn.shopify.com/s/files/1/0739/9420/7524/files/GB-RND-FRS-128ML-SPR-SSLV__GBRndFrst128SpryShnSl__pdp-main__v001.png?v=1781252004,https://cdn.shopify.com/s/files/1/0739/9420/7524/files/GB-RND-FRS-128ML-SPR-SSLV__GBRndFrst128SpryShnSl__pdp-main__v001.png?v=1781252004,,,/Users/jordanrichter/Projects/Clients/Nemat-International/Best-Bottles-Website-02-20-2026/.worktrees/priority-family-kits/public/images/pdp/round/GBRndFrst128SpryShnSl.png,true,,false,no-psd,false,https://www.bestbottles.com/product/round-design-128-ml-frosted-glass-bottle-shiny-silver-spray-and-cap,No exact Convex product plate | No exact catalog hero record | Source blocker: match:no-psd
GBRndFrst78RdcrMtSl__RETIRED__GB-RND-FRS-78ML-RDC-MSLV-01__kd7b0fxte1xbafqebggsfp8thn86b9mc,GB-RND-FRS-78ML-RDC-MSLV-01,BB-GB-078-0059,Round,Glass Bottle,,remote_only_healthy,remote_only_plate_needed,P1,assigned,https://cdn.shopify.com/s/files/1/0739/9420/7524/files/GB-RND-FRS-78ML-RDC-MSLV-01__GBRndFrst78RdcrMtSl__pdp-main__v001.png?v=1781251561,https://cdn.shopify.com/s/files/1/0739/9420/7524/files/GB-RND-FRS-78ML-RDC-MSLV-01__GBRndFrst78RdcrMtSl__pdp-main__v001.png?v=1781251561,,,,false,,false,,false,https://www.bestbottles.com/product/round-design-78-ml-frosted-glass-bottle-reducer-silver-matte-cap,No exact Convex product plate | No exact catalog hero record
GBRndFrst78RdcrShnBlk__RETIRED__GB-RND-FRS-78ML-RDC-SBLK-01__kd7c9zyyynabrxmh6fs2ce6ghs86ab5m,GB-RND-FRS-78ML-RDC-SBLK-01,BB-GB-078-0062,Round,Glass Bottle,,remote_only_healthy,remote_only_plate_needed,P1,assigned,https://cdn.shopify.com/s/files/1/0739/9420/7524/files/GB-RND-FRS-78ML-RDC-SBLK-01__GBRndFrst78RdcrShnBlk__pdp-main__v001.png?v=1781251561,https://cdn.shopify.com/s/files/1/0739/9420/7524/files/GB-RND-FRS-78ML-RDC-SBLK-01__GBRndFrst78RdcrShnBlk__pdp-main__v001.png?v=1781251561,,,,false,,false,,false,https://www.bestbottles.com/product/round-design-78-ml-frosted-glass-bottle-reducer-black-shiny-cap,No exact Convex product plate | No exact catalog hero record
GBRndFrst78SpryCu,GB-RND-FRS-78ML-SPR-CPR,BB-GB-078-0067,Round,Glass Bottle,kh77ww55m76yhr2172gbnaakvx8dq34k,covered_local_fallback,local_fallback_covered,OK,missing_variant_image,,https://cdn.shopify.com/s/files/1/0739/9420/7524/files/GB-RND-FRS-78ML-SPR-CPR_1779532343081_031qeh.png?v=1781251929,,,/Users/jordanrichter/Projects/Clients/Nemat-International/Best-Bottles-Website-02-20-2026/.worktrees/priority-family-kits/public/images/pdp/round/GBRndFrst78SpryCu.png,true,,false,exact,false,https://www.bestbottles.com/product/round-design-78-ml-frosted-glass-bottle-matte-copper-spray-and-cap,Shopify variant has no assigned image | Assigned remote image returned 404 | No exact Convex product plate | No exact catalog hero record | Source blocker: SAME_STEM_DIFFERENT_PHOTOGRAPH
GBRndFrst78SpryMtGl,GB-RND-FRS-78ML-SPR-MGLD,BB-GB-078-0068,Round,Glass Bottle,kh77ww55m76yhr2172gbnaakvx8dq34k,covered_local_fallback,local_fallback_covered,OK,missing_variant_image,,https://cdn.shopify.com/s/files/1/0739/9420/7524/files/GB-RND-FRS-78ML-SPR-MGLD_1779532345335_99ssab.png?v=1781251929,,,/Users/jordanrichter/Projects/Clients/Nemat-International/Best-Bottles-Website-02-20-2026/.worktrees/priority-family-kits/public/images/pdp/round/GBRndFrst78SpryMtGl.png,true,/Users/jordanrichter/Projects/Clients/Nemat-International/Best-Bottles-Website-02-20-2026/.worktrees/priority-family-kits/public/images/catalog/round-enhancement/aligned/GBRndFrst78SpryMtGl.premium-aligned-v2.png,true,exact,false,https://www.bestbottles.com/product/round-design-78-ml-frosted-glass-bottle-matte-gold-spray-pump-and-cap,Shopify variant has no assigned image | Assigned remote image returned 404 | No exact Convex product plate | Source blocker: SAME_STEM_DIFFERENT_PHOTOGRAPH
GBRndFrst78SpryMtSl,GB-RND-FRS-78ML-SPR-MSLV,BB-GB-078-0069,Round,Glass Bottle,kh77ww55m76yhr2172gbnaakvx8dq34k,covered_local_fallback,local_fallback_covered,OK,missing_variant_image,,https://cdn.shopify.com/s/files/1/0739/9420/7524/files/GB-RND-FRS-78ML-SPR-MSLV_1779532340168_8ar0b8.png?v=1781251929,,,/Users/jordanrichter/Projects/Clients/Nemat-International/Best-Bottles-Website-02-20-2026/.worktrees/priority-family-kits/public/images/pdp/round/GBRndFrst78SpryMtSl.png,true,,false,exact,false,https://www.bestbottles.com/product/round-design-78-ml-frosted-glass-bottle-matte-silver-spray-pump-and-cap,Shopify variant has no assigned image | Assigned remote image returned 404 | No exact Convex product plate | No exact catalog hero record | Source blocker: SAME_STEM_DIFFERENT_PHOTOGRAPH
GBRndFrst78SpryShnBlk,GB-RND-FRS-78ML-SPR-SBLK,BB-GB-078-0070,Round,Glass Bottle,kh77ww55m76yhr2172gbnaakvx8dq34k,covered_local_fallback,local_fallback_covered,OK,missing_variant_image,,https://cdn.shopify.com/s/files/1/0739/9420/7524/files/GB-RND-FRS-78ML-SPR-SBLK_1779532338634_araohn.png?v=1781251928,,,/Users/jordanrichter/Projects/Clients/Nemat-International/Best-Bottles-Website-02-20-2026/.worktrees/priority-family-kits/public/images/pdp/round/GBRndFrst78SpryShnBlk.png,true,,false,exact,false,https://www.bestbottles.com/product/round-design-78-ml-frosted-glass-bottle-shiny-black-spray-pump-and-cap,Shopify variant has no assigned image | Assigned remote image returned 404 | No exact Convex product plate | No exact catalog hero record | Source blocker: SAME_STEM_DIFFERENT_PHOTOGRAPH
GBRndFrst78SpryShnGl,GB-RND-FRS-78ML-SPR-SGLD,BB-GB-078-0071,Round,Glass Bottle,kh77ww55m76yhr2172gbnaakvx8dq34k,covered_local_fallback,local_fallback_covered,OK,missing_variant_image,,https://cdn.shopify.com/s/files/1/0739/9420/7524/files/GB-RND-FRS-78ML-SPR-SGLD_1779532343849_ehfjwf.png?v=1781251929,,,/Users/jordanrichter/Projects/Clients/Nemat-International/Best-Bottles-Website-02-20-2026/.worktrees/priority-family-kits/public/images/pdp/round/GBRndFrst78SpryShnGl.png,true,,false,exact,false,https://www.bestbottles.com/product/round-design-78-ml-frosted-glass-bottle-shiny-gold-spray-pump-and-cap,Shopify variant has no assigned image | Assigned remote image returned 404 | No exact Convex product plate | No exact catalog hero record | Source blocker: SAME_STEM_DIFFERENT_PHOTOGRAPH
GBRndFrst78SpryShnSl,GB-RND-FRS-78ML-SPR-SSLV,BB-GB-078-0072,Round,Glass Bottle,kh77ww55m76yhr2172gbnaakvx8dq34k,covered_local_fallback,local_fallback_covered,OK,missing_variant_image,,https://cdn.shopify.com/s/files/1/0739/9420/7524/files/GB-RND-FRS-78ML-SPR-SSLV_1779532337979_mielwm.png?v=1781251928,,,/Users/jordanrichter/Projects/Clients/Nemat-International/Best-Bottles-Website-02-20-2026/.worktrees/priority-family-kits/public/images/pdp/round/GBRndFrst78SpryShnSl.png,true,,false,exact,false,https://www.bestbottles.com/product/round-design-78-ml-frosted-glass-bottle-shiny-silver-spray-and-cap,Shopify variant has no assigned image | Assigned remote image returned 404 | No exact Convex product plate | No exact catalog hero record | Source blocker: SAME_STEM_DIFFERENT_PHOTOGRAPH
GBRoyal13RollBlkDot,GB-RYL-CLR-13ML-ROL-BKDT,BB-GB-013-0012,Royal,Glass Bottle,kh7aan510gwjs6x0qcvwsgc49n8dq8zt,remote_only_healthy,remote_only_plate_needed,P1,missing_variant_image,,https://www.bestbottles.com/images/store/enlarged_pics/GBRoyal13RollBlkDot.gif,,,,false,,false,exact,true,https://www.bestbottles.com/product/royal-design-13-ml-glass-bottle-plastic-roller-ball-plug-black-shiny-cap-with-dots,Shopify variant has no assigned image | No exact Convex product plate | No exact catalog hero record | Source inventory contains only a cap-off view; assembled-front plate still needs recovery
GBSQSTBlue,GB-RCT-CLR-9ML-T-01,BB-GB-009-0133,Rectangle,Glass Bottle,kh7d9cvtpzaaq0pma35be5r89h8dqqqd,remote_only_healthy,remote_only_plate_needed,P1,missing_variant_image,,https://www.bestbottles.com/images/store/enlarged_pics/GBSQSTBlue.gif,,,,false,,false,exact,true,https://www.bestbottles.com/product/Perfume-small-Bottle-Jar-Rectangular-Blue-glass-stopper,Shopify variant has no assigned image | No exact Convex product plate | No exact catalog hero record
GBSlk100AnSpBlk,GB-SLK-CLR-100ML-ASP-BLK,BB-GB-100-0252,Sleek,Glass Bottle,kh79ctfjyx1eh908atbjhhk6n18dqf6y,remote_only_healthy,remote_only_plate_needed,P1,missing_variant_image,,https://www.bestbottles.com/images/store/enlarged_pics/GBSlk100AnSpBlk.gif,,,,false,,false,exact,true,https://www.bestbottles.com/product/sleek-design-100-ml-glass-bottle-black-vintage-style-bulb-sprayer-shiny-silver-collar-cap,Shopify variant has no assigned image | No exact Convex product plate | No exact catalog hero record | Source inventory contains only a cap-off view; assembled-front plate still needs recovery
GBSlk100AnSpGl,GB-SLK-CLR-100ML-ASP-GLD,BB-GB-100-0253,Sleek,Glass Bottle,kh79ctfjyx1eh908atbjhhk6n18dqf6y,remote_only_healthy,remote_only_plate_needed,P1,missing_variant_image,,https://www.bestbottles.com/images/store/enlarged_pics/GBSlk100AnSpGl.gif,,,,false,/Users/jordanrichter/Projects/Clients/Nemat-International/Best-Bottles-Website-02-20-2026/.worktrees/priority-family-kits/public/images/catalog/bone-review/GBSlk100AnSpGl.378bc40d8fb5.png,true,exact,true,https://www.bestbottles.com/product/sleek-design-100-ml-glass-bottle-gold-vintage-style-sprayer-shiny-gold-collar-cap,Shopify variant has no assigned image | No exact Convex product plate | Source inventory contains only a cap-off view; assembled-front plate still needs recovery
GBSlk100AnSpIvyGl,GB-SLK-CLR-100ML-ASP-IVGD,BB-GB-100-0254,Sleek,Glass Bottle,kh79ctfjyx1eh908atbjhhk6n18dqf6y,remote_only_healthy,remote_only_plate_needed,P1,missing_variant_image,,https://www.bestbottles.com/images/store/enlarged_pics/GBSlk100AnSpIvyGl.gif,,,,false,,false,exact,true,https://www.bestbottles.com/product/sleek-design-100-ml-glass-bottle-ivory-vintage-style-bulb-sprayer-shiny-gold-collar-cap,Shopify variant has no assigned image | No exact Convex product plate | No exact catalog hero record | Source inventory contains only a cap-off view; assembled-front plate still needs recovery
GBSlk100AnSpIvySl,GB-SLK-CLR-100ML-ASP-IVSL,BB-GB-100-0255,Sleek,Glass Bottle,kh79ctfjyx1eh908atbjhhk6n18dqf6y,remote_only_healthy,remote_only_plate_needed,P1,missing_variant_image,,https://www.bestbottles.com/images/store/enlarged_pics/GBSlk100AnSpIvySl.gif,,,,false,,false,exact,true,https://www.bestbottles.com/product/sleek-design-100-ml-glass-bottle-ivory-vintage-style-bulb-sprayer-shiny-silver-collar-cap,Shopify variant has no assigned image | No exact Convex product plate | No exact catalog hero record | Source inventory contains only a cap-off view; assembled-front plate still needs recovery
GBSlk100AnSpLvn,GB-SLK-CLR-100ML-ASP-LVN,BB-GB-100-0256,Sleek,Glass Bottle,kh79ctfjyx1eh908atbjhhk6n18dqf6y,remote_only_healthy,remote_only_plate_needed,P1,missing_variant_image,,https://www.bestbottles.com/images/store/enlarged_pics/GBSlk100AnSpLvn.gif,,,,false,,false,exact,true,https://www.bestbottles.com/product/sleek-design-100-ml-glass-bottle-lavender-vintage-style-bulb-sprayer-shiny-silver-collar-cap,Shopify variant has no assigned image | No exact Convex product plate | No exact catalog hero record | Source inventory contains only a cap-off view; assembled-front plate still needs recovery
GBSlk100AnSpMtSl,GB-SLK-CLR-100ML-ASP-MSLV,BB-GB-100-0257,Sleek,Glass Bottle,kh79ctfjyx1eh908atbjhhk6n18dqf6y,remote_only_healthy,remote_only_plate_needed,P1,missing_variant_image,,https://www.bestbottles.com/images/store/enlarged_pics/GBSlk100AnSpMtSl.gif,,,,false,,false,exact,true,https://www.bestbottles.com/product/sleek-design-100-ml-glass-bottle-matte-silver-vintage-style-sprayer-matte-silver-collar-cap,Shopify variant has no assigned image | No exact Convex product plate | No exact catalog hero record | Source inventory contains only a cap-off view; assembled-front plate still needs recovery
GBSlk100AnSpPnk,GB-SLK-CLR-100ML-ASP-PNK,BB-GB-100-0258,Sleek,Glass Bottle,kh79ctfjyx1eh908atbjhhk6n18dqf6y,remote_only_healthy,remote_only_plate_needed,P1,missing_variant_image,,https://www.bestbottles.com/images/store/enlarged_pics/GBSlk100AnSpPnk.gif,,,,false,,false,exact,true,https://www.bestbottles.com/product/sleek-design-100-ml-glass-bottle-pink-vintage-style-bulb-sprayer-shiny-gold-collar-cap,Shopify variant has no assigned image | No exact Convex product plate | No exact catalog hero record | Source inventory contains only a cap-off view; assembled-front plate still needs recovery
GBSlk100AnSpRed,GB-SLK-CLR-100ML-ASP-RED,BB-GB-100-0259,Sleek,Glass Bottle,kh79ctfjyx1eh908atbjhhk6n18dqf6y,remote_only_healthy,remote_only_plate_needed,P1,missing_variant_image,,https://www.bestbottles.com/images/store/enlarged_pics/GBSlk100AnSpRed.gif,,,,false,,false,exact,true,https://www.bestbottles.com/product/sleek-design-100-ml-glass-bottle-red-vintage-style-bulb-sprayer-shiny-silver-collar-cap,Shopify variant has no assigned image | No exact Convex product plate | No exact catalog hero record | Source inventory contains only a cap-off view; assembled-front plate still needs recovery
GBSlk100AnSpWht,GB-SLK-CLR-100ML-ASP-WHT,BB-GB-100-0269,Sleek,Glass Bottle,kh79ctfjyx1eh908atbjhhk6n18dqf6y,remote_only_healthy,remote_only_plate_needed,P1,missing_variant_image,,https://www.bestbottles.com/images/store/enlarged_pics/GBSlk100AnSpWht.gif,,,,false,,false,exact,true,https://www.bestbottles.com/product/sleek-design-100-ml-glass-bottle-white-vintage-style-bulb-sprayer-shiny-silver-collar-cap,Shopify variant has no assigned image | No exact Convex product plate | No exact catalog hero record | Source inventory contains only a cap-off view; assembled-front plate still needs recovery
GBSlk100RdcrBlkLthr,GB-SLK-CLR-100ML-RDC-BKLT,BB-GB-100-0270,Sleek,Glass Bottle,kh76tk3f4knnyxavqeqctjfrk58dq2s9,remote_only_healthy,remote_only_plate_needed,P1,assigned,https://cdn.shopify.com/s/files/1/0739/9420/7524/files/GBSlk100RdcrBlkLthr_84826ec4-0623-41d8-b410-b67519cf8f63.gif?v=1788391412,https://www.bestbottles.com/images/store/enlarged_pics/GBSlk100RdcrBlkLthr.gif,,,,false,,false,exact,true,https://www.bestbottles.com/product/sleek-design-100-ml-glass-bottle-reducer-black-faux-leather-cap,No exact Convex product plate | No exact catalog hero record | Source inventory contains only a cap-off view; assembled-front plate still needs recovery
GBSlk100RdcrBrwnLthr,GB-SLK-CLR-100ML-RDC-BRLT,BB-GB-100-0271,Sleek,Glass Bottle,kh76tk3f4knnyxavqeqctjfrk58dq2s9,remote_only_healthy,remote_only_plate_needed,P1,assigned,https://cdn.shopify.com/s/files/1/0739/9420/7524/files/GBSlk100RdcrBrwnLthr_6a7fb941-cce0-4e84-bb50-2b57af90c3bb.gif?v=1788391413,https://www.bestbottles.com/images/store/enlarged_pics/GBSlk100RdcrBrwnLthr.gif,,,,false,,false,exact,true,https://www.bestbottles.com/product/sleek-design-100-ml-glass-bottle-reducer-brown-faux-leather-cap,No exact Convex product plate | No exact catalog hero record | Source inventory contains only a cap-off view; assembled-front plate still needs recovery
GBSlk100RdcrIvyLthr,GB-SLK-CLR-100ML-RDC-IVLT,BB-GB-100-0272,Sleek,Glass Bottle,kh76tk3f4knnyxavqeqctjfrk58dq2s9,remote_only_healthy,remote_only_plate_needed,P1,assigned,https://cdn.shopify.com/s/files/1/0739/9420/7524/files/GBSlk100RdcrIvyLthr_b205ba63-8655-4bca-9a66-13214f476122.gif?v=1788391412,https://www.bestbottles.com/images/store/enlarged_pics/GBSlk100RdcrIvyLthr.gif,,,,false,,false,exact,true,https://www.bestbottles.com/product/sleek-design-100-ml-glass-bottle-reducer-ivory-faux-leather-cap,No exact Convex product plate | No exact catalog hero record | Source inventory contains only a cap-off view; assembled-front plate still needs recovery
GBSlk100RdcrLBrwnLthr,GB-SLK-CLR-100ML-RDC-LBLT,BB-GB-100-0273,Sleek,Glass Bottle,kh76tk3f4knnyxavqeqctjfrk58dq2s9,remote_only_healthy,remote_only_plate_needed,P1,assigned,https://cdn.shopify.com/s/files/1/0739/9420/7524/files/GBSlk100RdcrLBrwnLthr_ba11fe8d-8a9c-4221-b0c9-407d03f2eaf5.gif?v=1788391412,https://www.bestbottles.com/images/store/enlarged_pics/GBSlk100RdcrLBrwnLthr.gif,,,,false,,false,exact,true,https://www.bestbottles.com/product/sleek-design-100-ml-glass-bottle-reducer-light-brown-faux-leather-cap,No exact Convex product plate | No exact catalog hero record | Source inventory contains only a cap-off view; assembled-front plate still needs recovery
GBSlk100RdcrMtSl,GB-SLK-CLR-100ML-RDC-MSLV,BB-GB-100-0274,Sleek,Glass Bottle,kh76tk3f4knnyxavqeqctjfrk58dq2s9,remote_only_healthy,remote_only_plate_needed,P1,assigned,https://cdn.shopify.com/s/files/1/0739/9420/7524/files/GB-SLK-CLR-100ML-RDC-MSLV-01__GBSlk100RdcrMtSl__pdp-main__v001_1e8b1fac-baf8-4a49-897f-ce119eefa34f.png?v=1781251974,https://cdn.shopify.com/s/files/1/0739/9420/7524/files/GB-SLK-CLR-100ML-RDC-MSLV-01__GBSlk100RdcrMtSl__pdp-main__v001_1e8b1fac-baf8-4a49-897f-ce119eefa34f.png?v=1781251974,,,,false,,false,exact,true,https://www.bestbottles.com/product/sleek-design-100-ml-glass-bottle-reducer-silver-matte-cap,No exact Convex product plate | No exact catalog hero record | Source inventory contains only a cap-off view; assembled-front plate still needs recovery
GBSlk100RdcrMtSlTall,GB-SLK-CLR-100ML-RDC-MSLV-T,BB-GB-100-0275,Sleek,Glass Bottle,kh76tk3f4knnyxavqeqctjfrk58dq2s9,remote_only_healthy,remote_only_plate_needed,P1,assigned,https://cdn.shopify.com/s/files/1/0739/9420/7524/files/GBSlk100RdcrMtSlTall_87d2e676-61ef-4a97-8747-9b63db397fc2.gif?v=1788391412,https://www.bestbottles.com/images/store/enlarged_pics/GBSlk100RdcrMtSlTall.gif,,,,false,,false,exact,true,https://www.bestbottles.com/product/sleek-design-100-ml-glass-bottle-reducer-tall-silver-matte-cap,No exact Convex product plate | No exact catalog hero record | Source inventory contains only a cap-off view; assembled-front plate still needs recovery
GBSlk100RdcrMtSl__RETIRED__GB-SLK-CLR-100ML-RDC-MSLV-01__kd703tqs61ryhmve9wdk78q8t986ahfm,GB-SLK-CLR-100ML-RDC-MSLV-01,BB-GB-100-0274,Sleek,Glass Bottle,,remote_only_healthy,remote_only_plate_needed,P1,assigned,https://cdn.shopify.com/s/files/1/0739/9420/7524/files/GB-SLK-CLR-100ML-RDC-MSLV-01__GBSlk100RdcrMtSl__pdp-main__v001.png?v=1781251974,https://cdn.shopify.com/s/files/1/0739/9420/7524/files/GB-SLK-CLR-100ML-RDC-MSLV-01__GBSlk100RdcrMtSl__pdp-main__v001.png?v=1781251974,,,,false,,false,,false,https://www.bestbottles.com/product/sleek-design-100-ml-glass-bottle-reducer-silver-matte-cap,No exact Convex product plate | No exact catalog hero record
GBSlk100RdcrPnkLthr,GB-SLK-CLR-100ML-RDC-PKLT,BB-GB-100-0276,Sleek,Glass Bottle,kh76tk3f4knnyxavqeqctjfrk58dq2s9,remote_only_healthy,remote_only_plate_needed,P1,assigned,https://cdn.shopify.com/s/files/1/0739/9420/7524/files/GBSlk100RdcrPnkLthr_4f1f961a-6195-4fa2-8791-39ec15ffa630.gif?v=1788391412,https://www.bestbottles.com/images/store/enlarged_pics/GBSlk100RdcrPnkLthr.gif,,,,false,,false,exact,true,https://www.bestbottles.com/product/sleek-design-100-ml-glass-bottle-reducer-pink-faux-leather-cap,No exact Convex product plate | No exact catalog hero record | Source inventory contains only a cap-off view; assembled-front plate still needs recovery
GBSlk100RdcrShnBlk,GB-SLK-CLR-100ML-RDC-SBLK,BB-GB-100-0277,Sleek,Glass Bottle,kh76tk3f4knnyxavqeqctjfrk58dq2s9,remote_only_healthy,remote_only_plate_needed,P1,assigned,https://cdn.shopify.com/s/files/1/0739/9420/7524/files/GB-SLK-CLR-100ML-RDC-SBLK-01__GBSlk100RdcrShnBlk__pdp-main__v001_fdbce39d-f905-4751-8c5e-5585b86f639a.png?v=1781251974,https://cdn.shopify.com/s/files/1/0739/9420/7524/files/GB-SLK-CLR-100ML-RDC-SBLK-01__GBSlk100RdcrShnBlk__pdp-main__v001_fdbce39d-f905-4751-8c5e-5585b86f639a.png?v=1781251974,,,,false,,false,exact,true,https://www.bestbottles.com/product/sleek-design-100-ml-glass-bottle-reducer-black-shiny-cap,No exact Convex product plate | No exact catalog hero record | Source inventory contains only a cap-off view; assembled-front plate still needs recovery
GBSlk100RdcrShnBlkTall,GB-SLK-CLR-100ML-RDC-SBLK-T,BB-GB-100-0278,Sleek,Glass Bottle,kh76tk3f4knnyxavqeqctjfrk58dq2s9,remote_only_healthy,remote_only_plate_needed,P1,assigned,https://cdn.shopify.com/s/files/1/0739/9420/7524/files/GBSlk100RdcrShnBlkTall_334062ac-4daa-4af7-88ed-b9482a6aea79.gif?v=1788391412,https://www.bestbottles.com/images/store/enlarged_pics/GBSlk100RdcrShnBlkTall.gif,,,,false,,false,exact,true,https://www.bestbottles.com/product/sleek-design-100-ml-glass-bottle-reducer-tall-black-shiny-cap,No exact Convex product plate | No exact catalog hero record | Source inventory contains only a cap-off view; assembled-front plate still needs recovery
GBSlk100RdcrShnBlk__RETIRED__GB-SLK-CLR-100ML-RDC-SBLK-01__kd71nevfpx4w2wpc55pd545m6x86bgyf,GB-SLK-CLR-100ML-RDC-SBLK-01,BB-GB-100-0277,Sleek,Glass Bottle,,remote_only_healthy,remote_only_plate_needed,P1,assigned,https://cdn.shopify.com/s/files/1/0739/9420/7524/files/GB-SLK-CLR-100ML-RDC-SBLK-01__GBSlk100RdcrShnBlk__pdp-main__v001.png?v=1781251974,https://cdn.shopify.com/s/files/1/0739/9420/7524/files/GB-SLK-CLR-100ML-RDC-SBLK-01__GBSlk100RdcrShnBlk__pdp-main__v001.png?v=1781251974,,,,false,,false,,false,https://www.bestbottles.com/product/sleek-design-100-ml-glass-bottle-reducer-black-shiny-cap,No exact Convex product plate | No exact catalog hero record
GBSlk100RdcrShnGl,GB-SLK-CLR-100ML-RDC-SGLD,BB-GB-100-0279,Sleek,Glass Bottle,kh76tk3f4knnyxavqeqctjfrk58dq2s9,remote_only_healthy,remote_only_plate_needed,P1,assigned,https://cdn.shopify.com/s/files/1/0739/9420/7524/files/GBSlk100RdcrShnGl_93f633e4-08e2-48f7-bbae-b1353c299e8d.gif?v=1788391412,https://www.bestbottles.com/images/store/enlarged_pics/GBSlk100RdcrShnGl.gif,,,,false,/Users/jordanrichter/Projects/Clients/Nemat-International/Best-Bottles-Website-02-20-2026/.worktrees/priority-family-kits/public/images/catalog/bone-review/GBSlk100RdcrShnGl.fb3baa6ad65f.png,true,exact,true,https://www.bestbottles.com/product/sleek-design-100-ml-glass-bottle-reducer-shiny-gold-cap,No exact Convex product plate | Source inventory contains only a cap-off view; assembled-front plate still needs recovery
GBSlk100RdcrShnSl,GB-SLK-CLR-100ML-RDC-SSLV,BB-GB-100-0280,Sleek,Glass Bottle,kh76tk3f4knnyxavqeqctjfrk58dq2s9,remote_only_healthy,remote_only_plate_needed,P1,assigned,https://cdn.shopify.com/s/files/1/0739/9420/7524/files/GBSlk100RdcrShnSl_9c255e7b-4a26-4f4e-8a2c-444025f08633.gif?v=1788391412,https://www.bestbottles.com/images/store/enlarged_pics/GBSlk100RdcrShnSl.gif,,,,false,,false,exact,true,https://www.bestbottles.com/product/sleek-design-100-ml-glass-bottle-reducer-shiny-silver-cap,No exact Convex product plate | No exact catalog hero record | Source inventory contains only a cap-off view; assembled-front plate still needs recovery
GBSlk100RdcrWht,GB-SLK-CLR-100ML-RDC-WHT,BB-GB-100-0281,Sleek,Glass Bottle,kh76tk3f4knnyxavqeqctjfrk58dq2s9,remote_only_healthy,remote_only_plate_needed,P1,assigned,https://cdn.shopify.com/s/files/1/0739/9420/7524/files/GBSlk100RdcrWht_b03c7a62-9127-4aed-a113-551185ba3859.gif?v=1788391412,https://www.bestbottles.com/images/store/enlarged_pics/GBSlk100RdcrWht.gif,,,,false,,false,exact,true,https://www.bestbottles.com/product/sleek-design-100-ml-glass-bottle-reducer-white-cap,No exact Convex product plate | No exact catalog hero record | Source inventory contains only a cap-off view; assembled-front plate still needs recovery
GBSlk100SpryShnBlk,GB-SLK-CLR-100ML-SPR-SBLK,BB-GB-100-0285,Sleek,Glass Bottle,kh70rk5rngmd4bb3wz3qt000218dq5mb,remote_only_healthy,remote_only_plate_needed,P1,assigned,https://cdn.shopify.com/s/files/1/0739/9420/7524/files/GBSlk100SpryShnBlk_a13fa8e9-97c5-42ed-a948-784a563c4ff3.gif?v=1788391421,https://www.bestbottles.com/images/store/enlarged_pics/GBSlk100SpryShnBlk.gif,,,,false,,false,exact,false,https://www.bestbottles.com/product/sleek-design-100-ml-glass-bottle-shiny-black-spray-pump-and-cap,No exact Convex product plate | No exact catalog hero record | Source blocker: SAME_STEM_DIFFERENT_PHOTOGRAPH
GBSlk30AnSpBlk,GB-SLK-CLR-30ML-ASP-BLK,BB-GB-030-0102,Sleek,Glass Bottle,kh7aq1wt54zqpkqcvfgb1dy3358dqz2j,remote_only_healthy,remote_only_plate_needed,P1,missing_variant_image,,https://www.bestbottles.com/images/store/enlarged_pics/GBSlk30AnSpBlk.gif,,,,false,,false,exact,true,https://www.bestbottles.com/product/sleek-design-30-ml-glass-bottle-black-vintage-style-bulb-sprayer-shiny-silver-collar-cap,Shopify variant has no assigned image | No exact Convex product plate | No exact catalog hero record | Source inventory contains only a cap-off view; assembled-front plate still needs recovery
GBSlk30AnSpGl,GB-SLK-CLR-30ML-ASP-GLD,BB-GB-030-0103,Sleek,Glass Bottle,kh7aq1wt54zqpkqcvfgb1dy3358dqz2j,remote_only_healthy,remote_only_plate_needed,P1,missing_variant_image,,https://www.bestbottles.com/images/store/enlarged_pics/GBSlk30AnSpGl.gif,,,,false,/Users/jordanrichter/Projects/Clients/Nemat-International/Best-Bottles-Website-02-20-2026/.worktrees/priority-family-kits/public/images/catalog/bone-review/GBSlk30AnSpGl.079ae19a06d7.png,true,exact,true,https://www.bestbottles.com/product/sleek-design-30-ml-glass-bottle-gold-vintage-style-sprayer-shiny-gold-collar-cap,Shopify variant has no assigned image | No exact Convex product plate | Source inventory contains only a cap-off view; assembled-front plate still needs recovery
GBSlk30AnSpIvyGl,GB-SLK-CLR-30ML-ASP-IVGD,BB-GB-000-0016,Sleek,Glass Bottle,kh7aq1wt54zqpkqcvfgb1dy3358dqz2j,remote_only_healthy,remote_only_plate_needed,P1,missing_variant_image,,https://www.bestbottles.com/images/store/enlarged_pics/GBSlk30AnSpIvyGl.gif,,,,false,,false,exact,true,https://www.bestbottles.com/product/sleek-design-30-ml-glass-bottle-ivory-vintage-style-bulb-sprayer-shiny-gold-collar-cap,Shopify variant has no assigned image | No exact Convex product plate | No exact catalog hero record | Source inventory contains only a cap-off view; assembled-front plate still needs recovery
GBSlk30AnSpIvySl,GB-SLK-CLR-30ML-ASP-IVSL,BB-GB-000-0017,Sleek,Glass Bottle,kh7aq1wt54zqpkqcvfgb1dy3358dqz2j,remote_only_healthy,remote_only_plate_needed,P1,missing_variant_image,,https://www.bestbottles.com/images/store/enlarged_pics/GBSlk30AnSpIvySl.gif,,,,false,,false,exact,true,https://www.bestbottles.com/product/sleek-design-30-ml-glass-bottle-ivory-vintage-style-bulb-sprayer-shiny-silver-collar-cap,Shopify variant has no assigned image | No exact Convex product plate | No exact catalog hero record | Source inventory contains only a cap-off view; assembled-front plate still needs recovery
GBSlk30AnSpLvn,GB-SLK-CLR-30ML-ASP-LVN,BB-GB-030-0104,Sleek,Glass Bottle,kh7aq1wt54zqpkqcvfgb1dy3358dqz2j,remote_only_healthy,remote_only_plate_needed,P1,missing_variant_image,,https://www.bestbottles.com/images/store/enlarged_pics/GBSlk30AnSpLvn.gif,,,,false,,false,exact,true,https://www.bestbottles.com/product/sleek-design-30-ml-glass-bottle-lavender-vintage-style-bulb-sprayer-shiny-silver-collar-cap,Shopify variant has no assigned image | No exact Convex product plate | No exact catalog hero record | Source inventory contains only a cap-off view; assembled-front plate still needs recovery
GBSlk30AnSpMtSl,GB-SLK-CLR-30ML-ASP-MSLV,BB-GB-030-0105,Sleek,Glass Bottle,kh7aq1wt54zqpkqcvfgb1dy3358dqz2j,remote_only_healthy,remote_only_plate_needed,P1,missing_variant_image,,https://www.bestbottles.com/images/store/enlarged_pics/GBSlk30AnSpMtSl.gif,,,,false,,false,exact,true,https://www.bestbottles.com/product/sleek-design-30-ml-glass-bottle-matte-silver-vintage-style-sprayer-matte-silver-collar-cap,Shopify variant has no assigned image | No exact Convex product plate | No exact catalog hero record | Source inventory contains only a cap-off view; assembled-front plate still needs recovery
GBSlk30AnSpPnk,GB-SLK-CLR-30ML-ASP-PNK,BB-GB-000-0018,Sleek,Glass Bottle,kh7aq1wt54zqpkqcvfgb1dy3358dqz2j,remote_only_healthy,remote_only_plate_needed,P1,missing_variant_image,,https://www.bestbottles.com/images/store/enlarged_pics/GBSlk30AnSpPnk.gif,,,,false,,false,exact,true,https://www.bestbottles.com/product/sleek-design-30-ml-glass-bottle-pink-vintage-style-bulb-sprayer-shiny-gold-collar-cap,Shopify variant has no assigned image | No exact Convex product plate | No exact catalog hero record | Source inventory contains only a cap-off view; assembled-front plate still needs recovery
GBSlk30AnSpRed,GB-SLK-CLR-30ML-ASP-RED,BB-GB-000-0019,Sleek,Glass Bottle,kh7aq1wt54zqpkqcvfgb1dy3358dqz2j,remote_only_healthy,remote_only_plate_needed,P1,missing_variant_image,,https://www.bestbottles.com/images/store/enlarged_pics/GBSlk30AnSpRed.gif,,,,false,,false,exact,true,https://www.bestbottles.com/product/sleek-design-30-ml-glass-bottle-red-vintage-style-bulb-sprayer-shiny-silver-collar-cap,Shopify variant has no assigned image | No exact Convex product plate | No exact catalog hero record | Source inventory contains only a cap-off view; assembled-front plate still needs recovery
GBSlk30AnSpWht,GB-SLK-CLR-30ML-ASP-WHT,BB-GB-000-0020,Sleek,Glass Bottle,kh7aq1wt54zqpkqcvfgb1dy3358dqz2j,remote_only_healthy,remote_only_plate_needed,P1,missing_variant_image,,https://www.bestbottles.com/images/store/enlarged_pics/GBSlk30AnSpWht.gif,,,,false,,false,exact,true,https://www.bestbottles.com/product/sleek-design-30-ml-glass-bottle-white-vintage-style-bulb-sprayer-shiny-silver-collar-cap,Shopify variant has no assigned image | No exact Convex product plate | No exact catalog hero record | Source inventory contains only a cap-off view; assembled-front plate still needs recovery
GBSlk30DrpCu,GB-SLK-CLR-30ML-DRP-CPR,BB-GB-030-0106,Sleek,Glass Bottle,kh756r8vr2adnwvjee10wspk5n8dqr6k,remote_only_healthy,remote_only_plate_needed,P1,assigned,https://cdn.shopify.com/s/files/1/0739/9420/7524/files/GBSlk30DrpCu_96d63a24-580e-48a2-b1af-9cad947461ec.gif?v=1788391428,https://www.bestbottles.com/images/store/enlarged_pics/GBSlk30DrpCu.gif,,,,false,,false,exact,true,https://www.bestbottles.com/product/sleek-design-30-ml-glass-bottle-white-dropper-shiny-copper-collar-cap,No exact Convex product plate | No exact catalog hero record | Source inventory contains only a cap-off view; assembled-front plate still needs recovery
GBSlk30DrpGl,GB-SLK-CLR-30ML-DRP-GLD,BB-GB-030-0107,Sleek,Glass Bottle,kh756r8vr2adnwvjee10wspk5n8dqr6k,remote_only_healthy,remote_only_plate_needed,P1,assigned,https://cdn.shopify.com/s/files/1/0739/9420/7524/files/GBSlk30DrpGl_78288cbe-50af-4628-a5cb-4a99a081e913.gif?v=1788391428,https://www.bestbottles.com/images/store/enlarged_pics/GBSlk30DrpGl.gif,,,,false,/Users/jordanrichter/Projects/Clients/Nemat-International/Best-Bottles-Website-02-20-2026/.worktrees/priority-family-kits/public/images/catalog/bone-review/GBSlk30DrpGl.416875205a1e.png,true,exact,true,https://www.bestbottles.com/product/sleek-design-30-ml-glass-bottle-white-dropper-shiny-gold-collar-cap,No exact Convex product plate | Source inventory contains only a cap-off view; assembled-front plate still needs recovery
GBSlk30DrpSl,GB-SLK-CLR-30ML-DRP-SLV,BB-GB-030-0108,Sleek,Glass Bottle,kh756r8vr2adnwvjee10wspk5n8dqr6k,remote_only_healthy,remote_only_plate_needed,P1,assigned,https://cdn.shopify.com/s/files/1/0739/9420/7524/files/GBSlk30DrpSl_1071b1a2-ac27-4fce-8591-b44a4479acd8.gif?v=1788391428,https://www.bestbottles.com/images/store/enlarged_pics/GBSlk30DrpSl.gif,,,,false,,false,exact,true,https://www.bestbottles.com/product/sleek-design-30-ml-glass-bottle-white-dropper-shiny-silver-collar-cap,No exact Convex product plate | No exact catalog hero record | Source inventory contains only a cap-off view; assembled-front plate still needs recovery
GBSlk30RdcrBlkLthr,GB-SLK-CLR-30ML-RDC-BKLT,BB-GB-030-0109,Sleek,Glass Bottle,kh78est5b4wyz8nch092py8b5n8dq3c6,remote_only_healthy,remote_only_plate_needed,P1,assigned,https://cdn.shopify.com/s/files/1/0739/9420/7524/files/GBSlk30RdcrBlkLthr_5e572cf5-fba5-451f-b1c6-51b19235253d.gif?v=1788391434,https://www.bestbottles.com/images/store/enlarged_pics/GBSlk30RdcrBlkLthr.gif,,,,false,,false,exact,true,https://www.bestbottles.com/product/sleek-design-30-ml-glass-bottle-reducer-black-faux-leather-cap,No exact Convex product plate | No exact catalog hero record | Source inventory contains only a cap-off view; assembled-front plate still needs recovery
GBSlk30RdcrBrwnLthr,GB-SLK-CLR-30ML-RDC-BRLT,BB-GB-030-0110,Sleek,Glass Bottle,kh78est5b4wyz8nch092py8b5n8dq3c6,remote_only_healthy,remote_only_plate_needed,P1,assigned,https://cdn.shopify.com/s/files/1/0739/9420/7524/files/GBSlk30RdcrBrwnLthr_d1c32181-bb54-4d98-917e-641056baeefd.gif?v=1788391434,https://www.bestbottles.com/images/store/enlarged_pics/GBSlk30RdcrBrwnLthr.gif,,,,false,,false,exact,true,https://www.bestbottles.com/product/sleek-design-30-ml-glass-bottle-reducer-brown-faux-leather-cap,No exact Convex product plate | No exact catalog hero record | Source inventory contains only a cap-off view; assembled-front plate still needs recovery
GBSlk30RdcrIvyLthr,GB-SLK-CLR-30ML-RDC-IVLT,BB-GB-030-0111,Sleek,Glass Bottle,kh78est5b4wyz8nch092py8b5n8dq3c6,remote_only_healthy,remote_only_plate_needed,P1,assigned,https://cdn.shopify.com/s/files/1/0739/9420/7524/files/GBSlk30RdcrIvyLthr_74b1687c-6610-4e26-8a6a-3173030ac759.gif?v=1788391434,https://www.bestbottles.com/images/store/enlarged_pics/GBSlk30RdcrIvyLthr.gif,,,,false,,false,exact,true,https://www.bestbottles.com/product/sleek-design-30-ml-glass-bottle-reducer-ivory-faux-leather-cap,No exact Convex product plate | No exact catalog hero record | Source inventory contains only a cap-off view; assembled-front plate still needs recovery
GBSlk30RdcrLBrwnLthr,GB-SLK-CLR-30ML-RDC-LBLT,BB-GB-030-0112,Sleek,Glass Bottle,kh78est5b4wyz8nch092py8b5n8dq3c6,remote_only_healthy,remote_only_plate_needed,P1,assigned,https://cdn.shopify.com/s/files/1/0739/9420/7524/files/GBSlk30RdcrLBrwnLthr_0af1363f-b7d6-4fa5-a65d-403a776416dd.gif?v=1788391434,https://www.bestbottles.com/images/store/enlarged_pics/GBSlk30RdcrLBrwnLthr.gif,,,,false,,false,exact,true,https://www.bestbottles.com/product/sleek-design-30-ml-glass-bottle-reducer-light-brown-faux-leather-cap,No exact Convex product plate | No exact catalog hero record | Source inventory contains only a cap-off view; assembled-front plate still needs recovery
GBSlk30RdcrMtSl,GB-SLK-CLR-30ML-RDC-MSLV,BB-GB-030-0113,Sleek,Glass Bottle,kh78est5b4wyz8nch092py8b5n8dq3c6,remote_only_healthy,remote_only_plate_needed,P1,assigned,https://cdn.shopify.com/s/files/1/0739/9420/7524/files/GB-SLK-CLR-30ML-RDC-MSLV-01__GBSlk30RdcrMtSl__pdp-main__v001.png?v=1781252261,https://cdn.shopify.com/s/files/1/0739/9420/7524/files/GB-SLK-CLR-30ML-RDC-MSLV-01__GBSlk30RdcrMtSl__pdp-main__v001.png?v=1781252261,,,,false,,false,exact,true,https://www.bestbottles.com/product/sleek-design-30-ml-glass-bottle-reducer-silver-matte-cap,No exact Convex product plate | No exact catalog hero record | Source inventory contains only a cap-off view; assembled-front plate still needs recovery
GBSlk30RdcrMtSlTall,GB-SLK-CLR-30ML-RDC-MSLV-T,BB-GB-030-0114,Sleek,Glass Bottle,kh78est5b4wyz8nch092py8b5n8dq3c6,remote_only_healthy,remote_only_plate_needed,P1,assigned,https://cdn.shopify.com/s/files/1/0739/9420/7524/files/GBSlk30RdcrMtSlTall_e167dbf7-c7e0-4e91-a2f9-f0a3ba528779.gif?v=1788391434,https://www.bestbottles.com/images/store/enlarged_pics/GBSlk30RdcrMtSlTall.gif,,,,false,,false,exact,true,https://www.bestbottles.com/product/sleek-design-30-ml-glass-bottle-reducer-tall-silver-matte-cap,No exact Convex product plate | No exact catalog hero record | Source inventory contains only a cap-off view; assembled-front plate still needs recovery
GBSlk30RdcrMtSl__RETIRED__GB-SLK-CLR-30ML-RDC-MSLV-01__kd7bs1ksjf7nrjz88rtz6f01ws86bpxx,GB-SLK-CLR-30ML-RDC-MSLV-01,BB-GB-030-0113,Sleek,Glass Bottle,,remote_only_healthy,remote_only_plate_needed,P1,assigned,https://cdn.shopify.com/s/files/1/0739/9420/7524/files/GB-SLK-CLR-30ML-RDC-MSLV-01__GBSlk30RdcrMtSl__pdp-main__v001_455f38a0-9cb6-4314-b33b-17b346bbe345.png?v=1781252261,https://cdn.shopify.com/s/files/1/0739/9420/7524/files/GB-SLK-CLR-30ML-RDC-MSLV-01__GBSlk30RdcrMtSl__pdp-main__v001_455f38a0-9cb6-4314-b33b-17b346bbe345.png?v=1781252261,,,,false,,false,,false,https://www.bestbottles.com/product/sleek-design-30-ml-glass-bottle-reducer-silver-matte-cap,No exact Convex product plate | No exact catalog hero record
GBSlk30RdcrPnkLthr,GB-SLK-CLR-30ML-RDC-PKLT,BB-GB-030-0115,Sleek,Glass Bottle,kh78est5b4wyz8nch092py8b5n8dq3c6,remote_only_healthy,remote_only_plate_needed,P1,assigned,https://cdn.shopify.com/s/files/1/0739/9420/7524/files/GBSlk30RdcrPnkLthr_a364c35b-91f1-4d03-b9be-f8f0d5cf4842.gif?v=1788391434,https://www.bestbottles.com/images/store/enlarged_pics/GBSlk30RdcrPnkLthr.gif,,,,false,,false,exact,true,https://www.bestbottles.com/product/sleek-design-30-ml-glass-bottle-reducer-pink-faux-leather-cap,No exact Convex product plate | No exact catalog hero record | Source inventory contains only a cap-off view; assembled-front plate still needs recovery
GBSlk30RdcrShnBlk,GB-SLK-CLR-30ML-RDC-SBLK,BB-GB-030-0116,Sleek,Glass Bottle,kh78est5b4wyz8nch092py8b5n8dq3c6,remote_only_healthy,remote_only_plate_needed,P1,assigned,https://cdn.shopify.com/s/files/1/0739/9420/7524/files/GB-SLK-CLR-30ML-RDC-SBLK-01__GBSlk30RdcrShnBlk__pdp-main__v001_9586f7d0-da08-4f94-9dd7-72b866b567fc.png?v=1781252261,https://cdn.shopify.com/s/files/1/0739/9420/7524/files/GB-SLK-CLR-30ML-RDC-SBLK-01__GBSlk30RdcrShnBlk__pdp-main__v001_9586f7d0-da08-4f94-9dd7-72b866b567fc.png?v=1781252261,,,,false,,false,exact,true,https://www.bestbottles.com/product/sleek-design-30-ml-glass-bottle-reducer-black-shiny-cap,No exact Convex product plate | No exact catalog hero record | Source inventory contains only a cap-off view; assembled-front plate still needs recovery
GBSlk30RdcrShnBlkTall,GB-SLK-CLR-30ML-RDC-SBLK-T,BB-GB-030-0117,Sleek,Glass Bottle,kh78est5b4wyz8nch092py8b5n8dq3c6,remote_only_healthy,remote_only_plate_needed,P1,assigned,https://cdn.shopify.com/s/files/1/0739/9420/7524/files/GBSlk30RdcrShnBlkTall_d7187f57-5076-4edd-b875-6b8714b20fbe.gif?v=1788391434,https://www.bestbottles.com/images/store/enlarged_pics/GBSlk30RdcrShnBlkTall.gif,,,,false,,false,exact,true,https://www.bestbottles.com/product/sleek-design-30-ml-glass-bottle-reducer-tall-black-shiny-cap,No exact Convex product plate | No exact catalog hero record | Source inventory contains only a cap-off view; assembled-front plate still needs recovery
GBSlk30RdcrShnBlk__RETIRED__GB-SLK-CLR-30ML-RDC-SBLK-01__kd7f6h59et3m4022zqpacmn9cx86bw5g,GB-SLK-CLR-30ML-RDC-SBLK-01,BB-GB-030-0116,Sleek,Glass Bottle,,remote_only_healthy,remote_only_plate_needed,P1,assigned,https://cdn.shopify.com/s/files/1/0739/9420/7524/files/GB-SLK-CLR-30ML-RDC-SBLK-01__GBSlk30RdcrShnBlk__pdp-main__v001.png?v=1781252261,https://cdn.shopify.com/s/files/1/0739/9420/7524/files/GB-SLK-CLR-30ML-RDC-SBLK-01__GBSlk30RdcrShnBlk__pdp-main__v001.png?v=1781252261,,,,false,,false,,false,https://www.bestbottles.com/product/sleek-design-30-ml-glass-bottle-reducer-black-shiny-cap,No exact Convex product plate | No exact catalog hero record
GBSlk30RdcrShnGl,GB-SLK-CLR-30ML-RDC-SGLD,BB-GB-030-0118,Sleek,Glass Bottle,kh78est5b4wyz8nch092py8b5n8dq3c6,remote_only_healthy,remote_only_plate_needed,P1,assigned,https://cdn.shopify.com/s/files/1/0739/9420/7524/files/GBSlk30RdcrShnGl_416c203e-caf0-4583-8601-dea4263a490c.gif?v=1788391434,https://www.bestbottles.com/images/store/enlarged_pics/GBSlk30RdcrShnGl.gif,,,,false,/Users/jordanrichter/Projects/Clients/Nemat-International/Best-Bottles-Website-02-20-2026/.worktrees/priority-family-kits/public/images/catalog/bone-review/GBSlk30RdcrShnGl.afcc119d9ce7.png,true,exact,true,https://www.bestbottles.com/product/sleek-design-30-ml-glass-bottle-reducer-shiny-gold-cap,No exact Convex product plate | Source inventory contains only a cap-off view; assembled-front plate still needs recovery
GBSlk30RdcrShnSl,GB-SLK-CLR-30ML-RDC-SSLV,BB-GB-030-0119,Sleek,Glass Bottle,kh78est5b4wyz8nch092py8b5n8dq3c6,remote_only_healthy,remote_only_plate_needed,P1,assigned,https://cdn.shopify.com/s/files/1/0739/9420/7524/files/GBSlk30RdcrShnSl_76c03db9-991d-46af-8238-32c67bffd5d5.gif?v=1788391434,https://www.bestbottles.com/images/store/enlarged_pics/GBSlk30RdcrShnSl.gif,,,,false,,false,exact,true,https://www.bestbottles.com/product/sleek-design-30-ml-glass-bottle-reducer-shiny-silver-cap,No exact Convex product plate | No exact catalog hero record | Source inventory contains only a cap-off view; assembled-front plate still needs recovery
GBSlk30RdcrWht,GB-SLK-CLR-30ML-RDC-WHT,BB-GB-030-0120,Sleek,Glass Bottle,kh78est5b4wyz8nch092py8b5n8dq3c6,remote_only_healthy,remote_only_plate_needed,P1,assigned,https://cdn.shopify.com/s/files/1/0739/9420/7524/files/GBSlk30RdcrWht_2d79f7fb-072c-4651-a0b2-f8100b39178b.gif?v=1788391434,https://www.bestbottles.com/images/store/enlarged_pics/GBSlk30RdcrWht.gif,,,,false,,false,exact,true,https://www.bestbottles.com/product/sleek-design-30-ml-glass-bottle-reducer-white-cap,No exact Convex product plate | No exact catalog hero record | Source inventory contains only a cap-off view; assembled-front plate still needs recovery
GBSlk30SpryCu,GB-SLK-CLR-30ML-SPR-CPR,BB-GB-030-0121,Sleek,Glass Bottle,kh7bfezsb9qfpqkjmp2awk0mkh8dqsjd,remote_only_healthy,remote_only_plate_needed,P1,assigned,https://cdn.shopify.com/s/files/1/0739/9420/7524/files/GBSlk30SpryCu_7920cbbc-f911-44de-9b9f-7bd5b6bccf4c.gif?v=1788391442,https://www.bestbottles.com/images/store/enlarged_pics/GBSlk30SpryCu.gif,,,,false,,false,exact,false,https://www.bestbottles.com/product/sleek-design-30-ml-glass-bottle-matte-copper-spray-and-cap,No exact Convex product plate | No exact catalog hero record | Source blocker: SAME_STEM_DIFFERENT_PHOTOGRAPH
GBSlk30SpryMtGl,GB-SLK-CLR-30ML-SPR-MGLD,BB-GB-030-0122,Sleek,Glass Bottle,kh7bfezsb9qfpqkjmp2awk0mkh8dqsjd,source_match_pending,identity_review,P1,missing_variant_image,,https://cdn.shopify.com/s/files/1/0739/9420/7524/files/GB-SLK-CLR-30ML-SPR-MGLD.png?v=1781251650,,,,false,/Users/jordanrichter/Projects/Clients/Nemat-International/Best-Bottles-Website-02-20-2026/.worktrees/priority-family-kits/public/images/catalog/bone-review/GBSlk30SpryMtGl.86c4e280834b.png,true,exact,false,https://www.bestbottles.com/product/sleek-design-30-ml-glass-bottle-matte-gold-spray-pump-and-cap,Shopify variant has no assigned image | Assigned remote image returned 404 | No exact Convex product plate | Source blocker: SAME_STEM_DIFFERENT_PHOTOGRAPH
GBSlk30SpryMtSl,GB-SLK-CLR-30ML-SPR-MSLV,BB-GB-030-0123,Sleek,Glass Bottle,kh7bfezsb9qfpqkjmp2awk0mkh8dqsjd,source_match_pending,identity_review,P1,missing_variant_image,,https://cdn.shopify.com/s/files/1/0739/9420/7524/files/GB-SLK-CLR-30ML-SPR-MSLV.png?v=1781251651,,,,false,,false,exact,false,https://www.bestbottles.com/product/sleek-design-30-ml-glass-bottle-matte-silver-spray-pump-and-cap,Shopify variant has no assigned image | Assigned remote image returned 404 | No exact Convex product plate | No exact catalog hero record | Source blocker: SAME_STEM_DIFFERENT_PHOTOGRAPH
GBSlk30SpryShnBlk,GB-SLK-CLR-30ML-SPR-SBLK,BB-GB-030-0124,Sleek,Glass Bottle,kh7bfezsb9qfpqkjmp2awk0mkh8dqsjd,source_match_pending,identity_review,P1,missing_variant_image,,https://cdn.shopify.com/s/files/1/0739/9420/7524/files/GB-SLK-CLR-30ML-SPR-SBLK.png?v=1781251651,,,,false,,false,exact,false,https://www.bestbottles.com/product/sleek-design-30-ml-glass-bottle-shiny-black-spray-pump-and-cap,Shopify variant has no assigned image | Assigned remote image returned 404 | No exact Convex product plate | No exact catalog hero record | Source blocker: SAME_STEM_DIFFERENT_PHOTOGRAPH
GBSlk30SpryShnGl,GB-SLK-CLR-30ML-SPR-SGLD,BB-GB-030-0125,Sleek,Glass Bottle,kh7bfezsb9qfpqkjmp2awk0mkh8dqsjd,source_match_pending,identity_review,P1,missing_variant_image,,https://cdn.shopify.com/s/files/1/0739/9420/7524/files/GB-SLK-CLR-30ML-SPR-SGLD.png?v=1781251651,,,,false,,false,exact,false,https://www.bestbottles.com/product/sleek-design-30-ml-glass-bottle-shiny-gold-spray-pump-and-cap,Shopify variant has no assigned image | Assigned remote image returned 404 | No exact Convex product plate | No exact catalog hero record | Source blocker: SAME_STEM_DIFFERENT_PHOTOGRAPH
GBSlk30SpryShnSl,GB-SLK-CLR-30ML-SPR-SSLV,BB-GB-030-0126,Sleek,Glass Bottle,kh7bfezsb9qfpqkjmp2awk0mkh8dqsjd,source_match_pending,identity_review,P1,missing_variant_image,,https://cdn.shopify.com/s/files/1/0739/9420/7524/files/GB-SLK-CLR-30ML-SPR-SSLV.png?v=1781251651,,,,false,,false,exact,false,https://www.bestbottles.com/product/sleek-design-30-ml-glass-bottle-shiny-silver-spray-and-cap,Shopify variant has no assigned image | Assigned remote image returned 404 | No exact Convex product plate | No exact catalog hero record | Source blocker: SAME_STEM_DIFFERENT_PHOTOGRAPH
GBSlk50AnSpBlk,GB-SLK-CLR-50ML-ASP-BLK,BB-GB-050-0157,Sleek,Glass Bottle,kh708ny580gch06zsqdp4hxzas8dp8g1,remote_only_healthy,remote_only_plate_needed,P1,missing_variant_image,,https://www.bestbottles.com/images/store/enlarged_pics/GBSlk50AnSpBlk.gif,,,,false,,false,exact,true,https://www.bestbottles.com/product/sleek-design-50-ml-glass-bottle-black-vintage-style-bulb-sprayer-shiny-silver-collar-cap,Shopify variant has no assigned image | No exact Convex product plate | No exact catalog hero record | Source inventory contains only a cap-off view; assembled-front plate still needs recovery
GBSlk50RdcrBlkLthr,GB-SLK-CLR-50ML-RDC-BKLT,BB-GB-050-0175,Sleek,Glass Bottle,kh77by2zsvt8vgmwnpbsqdahk98dp3bp,remote_only_healthy,remote_only_plate_needed,P1,assigned,https://cdn.shopify.com/s/files/1/0739/9420/7524/files/GBSlk50RdcrBlkLthr_009061e7-e1b9-47b1-9060-052ea12d1571.gif?v=1788391446,https://www.bestbottles.com/images/store/enlarged_pics/GBSlk50RdcrBlkLthr.gif,,,,false,,false,exact,true,https://www.bestbottles.com/product/sleek-design-50-ml-glass-bottle-reducer-black-faux-leather-cap,No exact Convex product plate | No exact catalog hero record | Source inventory contains only a cap-off view; assembled-front plate still needs recovery
GBSlk50RdcrBrwnLthr,GB-SLK-CLR-50ML-RDC-BRLT,BB-GB-050-0176,Sleek,Glass Bottle,kh77by2zsvt8vgmwnpbsqdahk98dp3bp,remote_only_healthy,remote_only_plate_needed,P1,assigned,https://cdn.shopify.com/s/files/1/0739/9420/7524/files/GBSlk50RdcrBrwnLthr_c5b8204c-8baf-401a-9fd8-59c519e7205f.gif?v=1788391447,https://www.bestbottles.com/images/store/enlarged_pics/GBSlk50RdcrBrwnLthr.gif,,,,false,,false,exact,true,https://www.bestbottles.com/product/sleek-design-50-ml-glass-bottle-reducer-brown-faux-leather-cap,No exact Convex product plate | No exact catalog hero record | Source inventory contains only a cap-off view; assembled-front plate still needs recovery
GBSlk50RdcrIvyLthr,GB-SLK-CLR-50ML-RDC-IVLT,BB-GB-050-0177,Sleek,Glass Bottle,kh77by2zsvt8vgmwnpbsqdahk98dp3bp,remote_only_healthy,remote_only_plate_needed,P1,assigned,https://cdn.shopify.com/s/files/1/0739/9420/7524/files/GBSlk50RdcrIvyLthr_84da8c19-9e87-429a-a69d-6a3e0a7a96c5.gif?v=1788391447,https://www.bestbottles.com/images/store/enlarged_pics/GBSlk50RdcrIvyLthr.gif,,,,false,,false,exact,true,https://www.bestbottles.com/product/sleek-design-50-ml-glass-bottle-reducer-ivory-faux-leather-cap,No exact Convex product plate | No exact catalog hero record | Source inventory contains only a cap-off view; assembled-front plate still needs recovery
GBSlk50RdcrLBrwnLthr,GB-SLK-CLR-50ML-RDC-LBLT,BB-GB-050-0178,Sleek,Glass Bottle,kh77by2zsvt8vgmwnpbsqdahk98dp3bp,remote_only_healthy,remote_only_plate_needed,P1,assigned,https://cdn.shopify.com/s/files/1/0739/9420/7524/files/GBSlk50RdcrLBrwnLthr_db5d61f7-06a6-4993-99cd-99f8bb5f420e.gif?v=1788391446,https://www.bestbottles.com/images/store/enlarged_pics/GBSlk50RdcrLBrwnLthr.gif,,,,false,,false,exact,true,https://www.bestbottles.com/product/sleek-design-50-ml-glass-bottle-reducer-light-brown-faux-leather-cap,No exact Convex product plate | No exact catalog hero record | Source inventory contains only a cap-off view; assembled-front plate still needs recovery
GBSlk50RdcrMtSl,GB-SLK-CLR-50ML-RDC-MSLV,BB-GB-050-0179,Sleek,Glass Bottle,kh77by2zsvt8vgmwnpbsqdahk98dp3bp,remote_only_healthy,remote_only_plate_needed,P1,assigned,https://cdn.shopify.com/s/files/1/0739/9420/7524/files/GB-SLK-CLR-50ML-RDC-MSLV-01__GBSlk50RdcrMtSl__pdp-main__v001_129c0e48-6d2e-4bdd-a848-90f637a7332a.png?v=1781252487,https://cdn.shopify.com/s/files/1/0739/9420/7524/files/GB-SLK-CLR-50ML-RDC-MSLV-01__GBSlk50RdcrMtSl__pdp-main__v001_129c0e48-6d2e-4bdd-a848-90f637a7332a.png?v=1781252487,,,,false,,false,exact,true,https://www.bestbottles.com/product/sleek-design-50-ml-glass-bottle-reducer-silver-matte-cap,No exact Convex product plate | No exact catalog hero record | Source inventory contains only a cap-off view; assembled-front plate still needs recovery
GBSlk50RdcrMtSlTall,GB-SLK-CLR-50ML-RDC-MSLV-T,BB-GB-050-0180,Sleek,Glass Bottle,kh77by2zsvt8vgmwnpbsqdahk98dp3bp,remote_only_healthy,remote_only_plate_needed,P1,assigned,https://cdn.shopify.com/s/files/1/0739/9420/7524/files/GBSlk50RdcrMtSlTall_4a1f7b41-8e42-4dff-99f9-37b3441ac79d.gif?v=1788391446,https://www.bestbottles.com/images/store/enlarged_pics/GBSlk50RdcrMtSlTall.gif,,,,false,,false,exact,true,https://www.bestbottles.com/product/sleek-design-50-ml-glass-bottle-reducer-tall-silver-matte-cap,No exact Convex product plate | No exact catalog hero record | Source inventory contains only a cap-off view; assembled-front plate still needs recovery
GBSlk50RdcrMtSl__RETIRED__GB-SLK-CLR-50ML-RDC-MSLV-01__kd70bre44mf3pahcezc68jtzeh86bvcs,GB-SLK-CLR-50ML-RDC-MSLV-01,BB-GB-050-0179,Sleek,Glass Bottle,,remote_only_healthy,remote_only_plate_needed,P1,assigned,https://cdn.shopify.com/s/files/1/0739/9420/7524/files/GB-SLK-CLR-50ML-RDC-MSLV-01__GBSlk50RdcrMtSl__pdp-main__v001.png?v=1781252487,https://cdn.shopify.com/s/files/1/0739/9420/7524/files/GB-SLK-CLR-50ML-RDC-MSLV-01__GBSlk50RdcrMtSl__pdp-main__v001.png?v=1781252487,,,,false,,false,,false,https://www.bestbottles.com/product/sleek-design-50-ml-glass-bottle-reducer-silver-matte-cap,No exact Convex product plate | No exact catalog hero record
GBSlk50RdcrPnkLthr,GB-SLK-CLR-50ML-RDC-PKLT,BB-GB-050-0181,Sleek,Glass Bottle,kh77by2zsvt8vgmwnpbsqdahk98dp3bp,remote_only_healthy,remote_only_plate_needed,P1,assigned,https://cdn.shopify.com/s/files/1/0739/9420/7524/files/GBSlk50RdcrPnkLthr_850f7360-5734-44f1-8644-7bf2b8b342f4.gif?v=1788391446,https://www.bestbottles.com/images/store/enlarged_pics/GBSlk50RdcrPnkLthr.gif,,,,false,,false,exact,true,https://www.bestbottles.com/product/sleek-design-50-ml-glass-bottle-reducer-pink-faux-leather-cap,No exact Convex product plate | No exact catalog hero record | Source inventory contains only a cap-off view; assembled-front plate still needs recovery
GBSlk50RdcrShnBlk,GB-SLK-CLR-50ML-RDC-SBLK,BB-GB-050-0182,Sleek,Glass Bottle,kh77by2zsvt8vgmwnpbsqdahk98dp3bp,remote_only_healthy,remote_only_plate_needed,P1,assigned,https://cdn.shopify.com/s/files/1/0739/9420/7524/files/GB-SLK-CLR-50ML-RDC-SBLK-01__GBSlk50RdcrShnBlk__pdp-main__v001.png?v=1781252487,https://cdn.shopify.com/s/files/1/0739/9420/7524/files/GB-SLK-CLR-50ML-RDC-SBLK-01__GBSlk50RdcrShnBlk__pdp-main__v001.png?v=1781252487,,,,false,,false,exact,true,https://www.bestbottles.com/product/sleek-design-50-ml-glass-bottle-reducer-black-shiny-cap,No exact Convex product plate | No exact catalog hero record | Source inventory contains only a cap-off view; assembled-front plate still needs recovery
GBSlk50RdcrShnBlkTall,GB-SLK-CLR-50ML-RDC-SBLK-T,BB-GB-050-0183,Sleek,Glass Bottle,kh77by2zsvt8vgmwnpbsqdahk98dp3bp,remote_only_healthy,remote_only_plate_needed,P1,assigned,https://cdn.shopify.com/s/files/1/0739/9420/7524/files/GBSlk50RdcrShnBlkTall_cb99ece9-f28e-4a13-8d03-4fb3ac6e3073.gif?v=1788391446,https://www.bestbottles.com/images/store/enlarged_pics/GBSlk50RdcrShnBlkTall.gif,,,,false,,false,exact,true,https://www.bestbottles.com/product/sleek-design-50-ml-glass-bottle-reducer-tall-black-shiny-cap,No exact Convex product plate | No exact catalog hero record | Source inventory contains only a cap-off view; assembled-front plate still needs recovery
GBSlk50RdcrShnBlk__RETIRED__GB-SLK-CLR-50ML-RDC-SBLK-01__kd7a5yt4k0r7be6msp5zky7rf986a0vt,GB-SLK-CLR-50ML-RDC-SBLK-01,BB-GB-050-0182,Sleek,Glass Bottle,,remote_only_healthy,remote_only_plate_needed,P1,assigned,https://cdn.shopify.com/s/files/1/0739/9420/7524/files/GB-SLK-CLR-50ML-RDC-SBLK-01__GBSlk50RdcrShnBlk__pdp-main__v001_69e47732-a83b-4601-b5f1-482ba7c5fb9d.png?v=1781252487,https://cdn.shopify.com/s/files/1/0739/9420/7524/files/GB-SLK-CLR-50ML-RDC-SBLK-01__GBSlk50RdcrShnBlk__pdp-main__v001_69e47732-a83b-4601-b5f1-482ba7c5fb9d.png?v=1781252487,,,,false,,false,,false,https://www.bestbottles.com/product/sleek-design-50-ml-glass-bottle-reducer-black-shiny-cap,No exact Convex product plate | No exact catalog hero record
GBSlk50RdcrShnGl,GB-SLK-CLR-50ML-RDC-SGLD,BB-GB-050-0184,Sleek,Glass Bottle,kh77by2zsvt8vgmwnpbsqdahk98dp3bp,remote_only_healthy,remote_only_plate_needed,P1,assigned,https://cdn.shopify.com/s/files/1/0739/9420/7524/files/GBSlk50RdcrShnGl_db534830-2bb8-4843-9af0-4b29750c164a.gif?v=1788391446,https://www.bestbottles.com/images/store/enlarged_pics/GBSlk50RdcrShnGl.gif,,,,false,/Users/jordanrichter/Projects/Clients/Nemat-International/Best-Bottles-Website-02-20-2026/.worktrees/priority-family-kits/public/images/catalog/bone-review/GBSlk50RdcrShnGl.e9addddaa5a0.png,true,exact,true,https://www.bestbottles.com/product/sleek-design-50-ml-glass-bottle-reducer-shiny-gold-cap,No exact Convex product plate | Source inventory contains only a cap-off view; assembled-front plate still needs recovery
GBSlk50RdcrShnSl,GB-SLK-CLR-50ML-RDC-SSLV,BB-GB-050-0185,Sleek,Glass Bottle,kh77by2zsvt8vgmwnpbsqdahk98dp3bp,remote_only_healthy,remote_only_plate_needed,P1,assigned,https://cdn.shopify.com/s/files/1/0739/9420/7524/files/GBSlk50RdcrShnSl_64a8e2ef-81f3-4460-bb21-deca8e2eb4f3.gif?v=1788391446,https://www.bestbottles.com/images/store/enlarged_pics/GBSlk50RdcrShnSl.gif,,,,false,,false,exact,true,https://www.bestbottles.com/product/sleek-design-50-ml-glass-bottle-reducer-shiny-silver-cap,No exact Convex product plate | No exact catalog hero record | Source inventory contains only a cap-off view; assembled-front plate still needs recovery
GBSlk50RdcrWht,GB-SLK-CLR-50ML-RDC-WHT,BB-GB-050-0186,Sleek,Glass Bottle,kh77by2zsvt8vgmwnpbsqdahk98dp3bp,remote_only_healthy,remote_only_plate_needed,P1,assigned,https://cdn.shopify.com/s/files/1/0739/9420/7524/files/GBSlk50RdcrWht_710aadaa-8209-4976-9f53-676496b7e52b.gif?v=1788391446,https://www.bestbottles.com/images/store/enlarged_pics/GBSlk50RdcrWht.gif,,,,false,,false,exact,true,https://www.bestbottles.com/product/sleek-design-50-ml-glass-bottle-reducer-white-cap,No exact Convex product plate | No exact catalog hero record | Source inventory contains only a cap-off view; assembled-front plate still needs recovery
GBSlm100AnSpBlk,GB-SLM-CLR-100ML-ASP-BLK,BB-GB-100-0288,Slim,Glass Bottle,kh754tqfqg5ydx0kkyeavee6rd8dq7kp,remote_only_healthy,remote_only_plate_needed,P1,missing_variant_image,,https://www.bestbottles.com/images/store/enlarged_pics/GBSlm100AnSpBlk.gif,,,,false,,false,exact,true,https://www.bestbottles.com/product/slim-design-100-ml-glass-bottle-black-vintage-style-bulb-sprayer-shiny-silver-collar-cap,Shopify variant has no assigned image | No exact Convex product plate | No exact catalog hero record | Source inventory contains only a cap-off view; assembled-front plate still needs recovery
GBSlm100AnSpGl,GB-SLM-CLR-100ML-ASP-GLD,BB-GB-100-0289,Slim,Glass Bottle,kh754tqfqg5ydx0kkyeavee6rd8dq7kp,remote_only_healthy,remote_only_plate_needed,P1,missing_variant_image,,https://www.bestbottles.com/images/store/enlarged_pics/GBSlm100AnSpGl.gif,,,,false,/Users/jordanrichter/Projects/Clients/Nemat-International/Best-Bottles-Website-02-20-2026/.worktrees/priority-family-kits/public/images/catalog/bone-review/GBSlm100AnSpGl.ad9321c10bd3.png,true,exact,true,https://www.bestbottles.com/product/slim-design-100-ml-glass-bottle-gold-vintage-style-sprayer-shiny-gold-collar-cap,Shopify variant has no assigned image | No exact Convex product plate | Source inventory contains only a cap-off view; assembled-front plate still needs recovery
GBSlm100AnSpIvyGl,GB-SLM-CLR-100ML-ASP-IVGD,BB-GB-100-0290,Slim,Glass Bottle,kh754tqfqg5ydx0kkyeavee6rd8dq7kp,remote_only_healthy,remote_only_plate_needed,P1,missing_variant_image,,https://www.bestbottles.com/images/store/enlarged_pics/GBSlm100AnSpIvyGl.gif,,,,false,,false,exact,true,https://www.bestbottles.com/product/slim-design-100-ml-glass-bottle-ivory-vintage-style-bulb-sprayer-shiny-gold-collar-cap,Shopify variant has no assigned image | No exact Convex product plate | No exact catalog hero record | Source inventory contains only a cap-off view; assembled-front plate still needs recovery
GBSlm100AnSpIvySl,GB-SLM-CLR-100ML-ASP-IVSL,BB-GB-100-0291,Slim,Glass Bottle,kh754tqfqg5ydx0kkyeavee6rd8dq7kp,remote_only_healthy,remote_only_plate_needed,P1,missing_variant_image,,https://www.bestbottles.com/images/store/enlarged_pics/GBSlm100AnSpIvySl.gif,,,,false,,false,exact,true,https://www.bestbottles.com/product/slim-design-100-ml-glass-bottle-ivory-vintage-style-bulb-sprayer-shiny-silver-collar-cap,Shopify variant has no assigned image | No exact Convex product plate | No exact catalog hero record | Source inventory contains only a cap-off view; assembled-front plate still needs recovery
GBSlm100AnSpLvn,GB-SLM-CLR-100ML-ASP-LVN,BB-GB-100-0292,Slim,Glass Bottle,kh754tqfqg5ydx0kkyeavee6rd8dq7kp,remote_only_healthy,remote_only_plate_needed,P1,missing_variant_image,,https://www.bestbottles.com/images/store/enlarged_pics/GBSlm100AnSpLvn.gif,,,,false,,false,exact,true,https://www.bestbottles.com/product/slim-design-100-ml-glass-bottle-lavender-vintage-style-bulb-sprayer-shiny-silver-collar-cap,Shopify variant has no assigned image | No exact Convex product plate | No exact catalog hero record | Source inventory contains only a cap-off view; assembled-front plate still needs recovery
GBSlm100AnSpMtSl,GB-SLM-CLR-100ML-ASP-MSLV,BB-GB-100-0293,Slim,Glass Bottle,kh754tqfqg5ydx0kkyeavee6rd8dq7kp,remote_only_healthy,remote_only_plate_needed,P1,missing_variant_image,,https://www.bestbottles.com/images/store/enlarged_pics/GBSlm100AnSpMtSl.gif,,,,false,,false,exact,true,https://www.bestbottles.com/product/slim-design-100-ml-glass-bottle-matte-silver-vintage-style-sprayer-matte-silver-collar-cap,Shopify variant has no assigned image | No exact Convex product plate | No exact catalog hero record | Source inventory contains only a cap-off view; assembled-front plate still needs recovery
GBSlm100AnSpPnk,GB-SLM-CLR-100ML-ASP-PNK,BB-GB-100-0294,Slim,Glass Bottle,kh754tqfqg5ydx0kkyeavee6rd8dq7kp,remote_only_healthy,remote_only_plate_needed,P1,missing_variant_image,,https://www.bestbottles.com/images/store/enlarged_pics/GBSlm100AnSpPnk.gif,,,,false,,false,exact,true,https://www.bestbottles.com/product/slim-design-100-ml-glass-bottle-pink-vintage-style-bulb-sprayer-shiny-gold-collar-cap,Shopify variant has no assigned image | No exact Convex product plate | No exact catalog hero record | Source inventory contains only a cap-off view; assembled-front plate still needs recovery
GBSlm100AnSpRed,GB-SLM-CLR-100ML-ASP-RED,BB-GB-100-0295,Slim,Glass Bottle,kh754tqfqg5ydx0kkyeavee6rd8dq7kp,remote_only_healthy,remote_only_plate_needed,P1,missing_variant_image,,https://www.bestbottles.com/images/store/enlarged_pics/GBSlm100AnSpRed.gif,,,,false,,false,exact,true,https://www.bestbottles.com/product/slim-design-100-ml-glass-bottle-red-vintage-style-bulb-sprayer-shiny-silver-collar-cap,Shopify variant has no assigned image | No exact Convex product plate | No exact catalog hero record | Source inventory contains only a cap-off view; assembled-front plate still needs recovery
GBSlm100AnSpWht,GB-SLM-CLR-100ML-ASP-WHT,BB-GB-100-0305,Slim,Glass Bottle,kh754tqfqg5ydx0kkyeavee6rd8dq7kp,remote_only_healthy,remote_only_plate_needed,P1,missing_variant_image,,https://www.bestbottles.com/images/store/enlarged_pics/GBSlm100AnSpWht.gif,,,,false,,false,exact,true,https://www.bestbottles.com/product/slim-design-100-ml-glass-bottle-white-vintage-style-bulb-sprayer-shiny-silver-collar-cap,Shopify variant has no assigned image | No exact Convex product plate | No exact catalog hero record | Source inventory contains only a cap-off view; assembled-front plate still needs recovery
GBSlm100RdcrBlkLthr,GB-SLM-CLR-100ML-RDC-BKLT,BB-GB-100-0306,Slim,Glass Bottle,kh77dezhvs9j4zazyjhzndabr98dqef9,remote_only_healthy,remote_only_plate_needed,P1,assigned,https://cdn.shopify.com/s/files/1/0739/9420/7524/files/GBSlm100RdcrBlkLthr_850ad688-a456-4e5c-b8bd-1879ec8bb3b6.gif?v=1788391461,https://www.bestbottles.com/images/store/enlarged_pics/GBSlm100RdcrBlkLthr.gif,,,,false,,false,exact,true,https://www.bestbottles.com/product/slim-design-100-ml-glass-bottle-reducer-black-faux-leather-cap,No exact Convex product plate | No exact catalog hero record | Source inventory contains only a cap-off view; assembled-front plate still needs recovery
GBSlm100RdcrBrwnLthr,GB-SLM-CLR-100ML-RDC-BRLT,BB-GB-100-0307,Slim,Glass Bottle,kh77dezhvs9j4zazyjhzndabr98dqef9,remote_only_healthy,remote_only_plate_needed,P1,assigned,https://cdn.shopify.com/s/files/1/0739/9420/7524/files/GBSlm100RdcrBrwnLthr_6e139093-a80c-4795-8120-d240db7291c4.gif?v=1788391461,https://www.bestbottles.com/images/store/enlarged_pics/GBSlm100RdcrBrwnLthr.gif,,,,false,,false,exact,true,https://www.bestbottles.com/product/slim-design-100-ml-glass-bottle-reducer-brown-faux-leather-cap,No exact Convex product plate | No exact catalog hero record | Source inventory contains only a cap-off view; assembled-front plate still needs recovery
GBSlm100RdcrIvyLthr,GB-SLM-CLR-100ML-RDC-IVLT,BB-GB-100-0308,Slim,Glass Bottle,kh77dezhvs9j4zazyjhzndabr98dqef9,remote_only_healthy,remote_only_plate_needed,P1,assigned,https://cdn.shopify.com/s/files/1/0739/9420/7524/files/GBSlm100RdcrIvyLthr_e8e11716-1f03-4949-930d-6a91c3e6eaf5.gif?v=1788391461,https://www.bestbottles.com/images/store/enlarged_pics/GBSlm100RdcrIvyLthr.gif,,,,false,,false,exact,true,https://www.bestbottles.com/product/slim-design-100-ml-glass-bottle-reducer-ivory-faux-leather-cap,No exact Convex product plate | No exact catalog hero record | Source inventory contains only a cap-off view; assembled-front plate still needs recovery
GBSlm100RdcrLBrwnLthr,GB-SLM-CLR-100ML-RDC-LBLT,BB-GB-100-0309,Slim,Glass Bottle,kh77dezhvs9j4zazyjhzndabr98dqef9,remote_only_healthy,remote_only_plate_needed,P1,assigned,https://cdn.shopify.com/s/files/1/0739/9420/7524/files/GBSlm100RdcrLBrwnLthr_3b184ac2-08a3-4d12-80c3-274ed5465daa.gif?v=1788391461,https://www.bestbottles.com/images/store/enlarged_pics/GBSlm100RdcrLBrwnLthr.gif,,,,false,,false,exact,true,https://www.bestbottles.com/product/slim-design-100-ml-glass-bottle-reducer-light-brown-faux-leather-cap,No exact Convex product plate | No exact catalog hero record | Source inventory contains only a cap-off view; assembled-front plate still needs recovery
GBSlm100RdcrMtSl,GB-SLM-CLR-100ML-RDC-MSLV,BB-GB-100-0310,Slim,Glass Bottle,kh77dezhvs9j4zazyjhzndabr98dqef9,remote_only_healthy,remote_only_plate_needed,P1,assigned,https://cdn.shopify.com/s/files/1/0739/9420/7524/files/GB-SLM-CLR-100ML-RDC-MSLV-01__GBSlm100RdcrMtSl__pdp-main__v001_e13a1d05-df50-4a60-9c75-04993df5e894.png?v=1781252053,https://cdn.shopify.com/s/files/1/0739/9420/7524/files/GB-SLM-CLR-100ML-RDC-MSLV-01__GBSlm100RdcrMtSl__pdp-main__v001_e13a1d05-df50-4a60-9c75-04993df5e894.png?v=1781252053,,,,false,,false,exact,true,https://www.bestbottles.com/product/slim-design-100-ml-glass-bottle-reducer-silver-matte-cap,No exact Convex product plate | No exact catalog hero record | Source inventory contains only a cap-off view; assembled-front plate still needs recovery
GBSlm100RdcrMtSlTall,GB-SLM-CLR-100ML-RDC-MSLV-T,BB-GB-100-0311,Slim,Glass Bottle,kh77dezhvs9j4zazyjhzndabr98dqef9,remote_only_healthy,remote_only_plate_needed,P1,assigned,https://cdn.shopify.com/s/files/1/0739/9420/7524/files/GBSlm100RdcrMtSlTall_a58a547f-8425-4e30-b130-d6c2703238c0.gif?v=1788391461,https://www.bestbottles.com/images/store/enlarged_pics/GBSlm100RdcrMtSlTall.gif,,,,false,,false,exact,true,https://www.bestbottles.com/product/slim-design-100-ml-glass-bottle-reducer-tall-silver-matte-cap,No exact Convex product plate | No exact catalog hero record | Source inventory contains only a cap-off view; assembled-front plate still needs recovery
GBSlm100RdcrMtSl__RETIRED__GB-SLM-CLR-100ML-RDC-MSLV-01__kd7a65b0eeqhzzpnnszq70y2b586a26a,GB-SLM-CLR-100ML-RDC-MSLV-01,BB-GB-100-0310,Slim,Glass Bottle,,remote_only_healthy,remote_only_plate_needed,P1,assigned,https://cdn.shopify.com/s/files/1/0739/9420/7524/files/GB-SLM-CLR-100ML-RDC-MSLV-01__GBSlm100RdcrMtSl__pdp-main__v001.png?v=1781252053,https://cdn.shopify.com/s/files/1/0739/9420/7524/files/GB-SLM-CLR-100ML-RDC-MSLV-01__GBSlm100RdcrMtSl__pdp-main__v001.png?v=1781252053,,,,false,,false,,false,https://www.bestbottles.com/product/slim-design-100-ml-glass-bottle-reducer-silver-matte-cap,No exact Convex product plate | No exact catalog hero record
GBSlm100RdcrPnkLthr,GB-SLM-CLR-100ML-RDC-PKLT,BB-GB-100-0312,Slim,Glass Bottle,kh77dezhvs9j4zazyjhzndabr98dqef9,remote_only_healthy,remote_only_plate_needed,P1,assigned,https://cdn.shopify.com/s/files/1/0739/9420/7524/files/GBSlm100RdcrPnkLthr_330f5fc0-6dd4-46b6-9494-30af3e352d43.gif?v=1788391461,https://www.bestbottles.com/images/store/enlarged_pics/GBSlm100RdcrPnkLthr.gif,,,,false,,false,exact,true,https://www.bestbottles.com/product/slim-design-100-ml-glass-bottle-reducer-pink-faux-leather-cap,No exact Convex product plate | No exact catalog hero record | Source inventory contains only a cap-off view; assembled-front plate still needs recovery
GBSlm100RdcrShnBlk,GB-SLM-CLR-100ML-RDC-SBLK,BB-GB-100-0313,Slim,Glass Bottle,kh77dezhvs9j4zazyjhzndabr98dqef9,remote_only_healthy,remote_only_plate_needed,P1,assigned,https://cdn.shopify.com/s/files/1/0739/9420/7524/files/GB-SLM-CLR-100ML-RDC-SBLK-01__GBSlm100RdcrShnBlk__pdp-main__v001.png?v=1781252053,https://cdn.shopify.com/s/files/1/0739/9420/7524/files/GB-SLM-CLR-100ML-RDC-SBLK-01__GBSlm100RdcrShnBlk__pdp-main__v001.png?v=1781252053,,,,false,,false,exact,true,https://www.bestbottles.com/product/slim-design-100-ml-glass-bottle-reducer-black-shiny-cap,No exact Convex product plate | No exact catalog hero record | Source inventory contains only a cap-off view; assembled-front plate still needs recovery
GBSlm100RdcrShnBlkTall,GB-SLM-CLR-100ML-RDC-SBLK-T,BB-GB-100-0314,Slim,Glass Bottle,kh77dezhvs9j4zazyjhzndabr98dqef9,remote_only_healthy,remote_only_plate_needed,P1,assigned,https://cdn.shopify.com/s/files/1/0739/9420/7524/files/GBSlm100RdcrShnBlkTall_3b00b421-4623-492b-ad98-47112815c1b1.gif?v=1788391461,https://www.bestbottles.com/images/store/enlarged_pics/GBSlm100RdcrShnBlkTall.gif,,,,false,,false,exact,true,https://www.bestbottles.com/product/slim-design-100-ml-glass-bottle-reducer-tall-black-shiny-cap,No exact Convex product plate | No exact catalog hero record | Source inventory contains only a cap-off view; assembled-front plate still needs recovery
GBSlm100RdcrShnBlk__RETIRED__GB-SLM-CLR-100ML-RDC-SBLK-01__kd77cydbd9gpnbq36pewh5w9ms86aqps,GB-SLM-CLR-100ML-RDC-SBLK-01,BB-GB-100-0313,Slim,Glass Bottle,,remote_only_healthy,remote_only_plate_needed,P1,assigned,https://cdn.shopify.com/s/files/1/0739/9420/7524/files/GB-SLM-CLR-100ML-RDC-SBLK-01__GBSlm100RdcrShnBlk__pdp-main__v001_3bdc5780-574b-4d60-85d4-c92feac7d81f.png?v=1781252053,https://cdn.shopify.com/s/files/1/0739/9420/7524/files/GB-SLM-CLR-100ML-RDC-SBLK-01__GBSlm100RdcrShnBlk__pdp-main__v001_3bdc5780-574b-4d60-85d4-c92feac7d81f.png?v=1781252053,,,,false,,false,,false,https://www.bestbottles.com/product/slim-design-100-ml-glass-bottle-reducer-black-shiny-cap,No exact Convex product plate | No exact catalog hero record
GBSlm100RdcrShnGl,GB-SLM-CLR-100ML-RDC-SGLD,BB-GB-100-0315,Slim,Glass Bottle,kh77dezhvs9j4zazyjhzndabr98dqef9,remote_only_healthy,remote_only_plate_needed,P1,assigned,https://cdn.shopify.com/s/files/1/0739/9420/7524/files/GBSlm100RdcrShnGl_ac0d274a-ae46-4779-9b04-e477421ab6c6.gif?v=1788391461,https://www.bestbottles.com/images/store/enlarged_pics/GBSlm100RdcrShnGl.gif,,,,false,/Users/jordanrichter/Projects/Clients/Nemat-International/Best-Bottles-Website-02-20-2026/.worktrees/priority-family-kits/public/images/catalog/bone-review/GBSlm100RdcrShnGl.52d3627059cd.png,true,exact,true,https://www.bestbottles.com/product/slim-design-100-ml-glass-bottle-reducer-shiny-gold-cap,No exact Convex product plate | Source inventory contains only a cap-off view; assembled-front plate still needs recovery
GBSlm100RdcrShnSl,GB-SLM-CLR-100ML-RDC-SSLV,BB-GB-100-0316,Slim,Glass Bottle,kh77dezhvs9j4zazyjhzndabr98dqef9,remote_only_healthy,remote_only_plate_needed,P1,assigned,https://cdn.shopify.com/s/files/1/0739/9420/7524/files/GBSlm100RdcrShnSl_c1abccd9-7f58-4382-b7d2-7772942deab7.gif?v=1788391461,https://www.bestbottles.com/images/store/enlarged_pics/GBSlm100RdcrShnSl.gif,,,,false,,false,exact,true,https://www.bestbottles.com/product/slim-design-100-ml-glass-bottle-reducer-shiny-silver-cap,No exact Convex product plate | No exact catalog hero record | Source inventory contains only a cap-off view; assembled-front plate still needs recovery
GBSlm100RdcrWht,GB-SLM-CLR-100ML-RDC-WHT,BB-GB-100-0317,Slim,Glass Bottle,kh77dezhvs9j4zazyjhzndabr98dqef9,remote_only_healthy,remote_only_plate_needed,P1,assigned,https://cdn.shopify.com/s/files/1/0739/9420/7524/files/GBSlm100RdcrWht_fe63fc87-38d9-4b89-a88a-c9a11a2422a3.gif?v=1788391461,https://www.bestbottles.com/images/store/enlarged_pics/GBSlm100RdcrWht.gif,,,,false,,false,exact,true,https://www.bestbottles.com/product/slim-design-100-ml-glass-bottle-reducer-white-cap,No exact Convex product plate | No exact catalog hero record | Source inventory contains only a cap-off view; assembled-front plate still needs recovery
GBSlm100SpryCu,GB-SLM-CLR-100ML-SPR-CPR,BB-GB-100-0318,Slim,Glass Bottle,kh74n2dr7efj9pzfmk35z5k3jx8dqgaf,remote_only_healthy,remote_only_plate_needed,P1,assigned,https://cdn.shopify.com/s/files/1/0739/9420/7524/files/GBSlm100SpryCu_507b4154-8144-46a6-9025-15c4db52bd38.gif?v=1788391469,https://www.bestbottles.com/images/store/enlarged_pics/GBSlm100SpryCu.gif,,,,false,,false,exact,false,https://www.bestbottles.com/product/slim-design-100-ml-glass-bottle-matte-copper-spray-and-cap,No exact Convex product plate | No exact catalog hero record | Source blocker: SAME_STEM_DIFFERENT_PHOTOGRAPH
GBSlm100SpryMtGl,GB-SLM-CLR-100ML-SPR-MGLD,BB-GB-100-0319,Slim,Glass Bottle,kh74n2dr7efj9pzfmk35z5k3jx8dqgaf,remote_only_healthy,remote_only_plate_needed,P1,assigned,https://cdn.shopify.com/s/files/1/0739/9420/7524/files/GBSlm100SpryMtGl_4c4a80da-7ca5-441a-8431-7a26ee82d1e6.gif?v=1788391469,https://www.bestbottles.com/images/store/enlarged_pics/GBSlm100SpryMtGl.gif,,,,false,/Users/jordanrichter/Projects/Clients/Nemat-International/Best-Bottles-Website-02-20-2026/.worktrees/priority-family-kits/public/images/catalog/bone-review/GBSlm100SpryMtGl.21a8a30dd591.png,true,exact,false,https://www.bestbottles.com/product/slim-design-100-ml-glass-bottle-matte-gold-spray-pump-and-cap,No exact Convex product plate | Source blocker: SAME_STEM_DIFFERENT_PHOTOGRAPH
GBSlm100SpryMtSl,GB-SLM-CLR-100ML-SPR-MSLV,BB-GB-100-0320,Slim,Glass Bottle,kh74n2dr7efj9pzfmk35z5k3jx8dqgaf,remote_only_healthy,remote_only_plate_needed,P1,assigned,https://cdn.shopify.com/s/files/1/0739/9420/7524/files/GBSlm100SpryMtSl_8cbd3a9e-d97b-4c2e-bbc0-b4a6b4a6bcfc.gif?v=1788391469,https://www.bestbottles.com/images/store/enlarged_pics/GBSlm100SpryMtSl.gif,,,,false,,false,exact,true,https://www.bestbottles.com/product/slim-design-100-ml-glass-bottle-matte-silver-spray-pump-and-cap,No exact Convex product plate | No exact catalog hero record | Source inventory contains only a cap-off view; assembled-front plate still needs recovery
GBSlm100SpryShnBlk,GB-SLM-CLR-100ML-SPR-SBLK,BB-GB-100-0321,Slim,Glass Bottle,kh74n2dr7efj9pzfmk35z5k3jx8dqgaf,remote_only_healthy,remote_only_plate_needed,P1,assigned,https://cdn.shopify.com/s/files/1/0739/9420/7524/files/GBSlm100SpryShnBlk_6c4240de-6230-4433-baed-b6893c6ca2b4.gif?v=1788391469,https://www.bestbottles.com/images/store/enlarged_pics/GBSlm100SpryShnBlk.gif,,,,false,,false,exact,false,https://www.bestbottles.com/product/slim-design-100-ml-glass-bottle-shiny-black-spray-pump-and-cap,No exact Convex product plate | No exact catalog hero record | Source blocker: SAME_STEM_DIFFERENT_PHOTOGRAPH
GBSlm100SpryShnGl,GB-SLM-CLR-100ML-SPR-SGLD,BB-GB-100-0322,Slim,Glass Bottle,kh74n2dr7efj9pzfmk35z5k3jx8dqgaf,remote_only_healthy,remote_only_plate_needed,P1,assigned,https://cdn.shopify.com/s/files/1/0739/9420/7524/files/GBSlm100SpryShnGl_8b51f82e-d25a-40e8-8229-7210f12c37b7.gif?v=1788391469,https://www.bestbottles.com/images/store/enlarged_pics/GBSlm100SpryShnGl.gif,,,,false,,false,exact,false,https://www.bestbottles.com/product/slim-design-100-ml-glass-bottle-shiny-gold-spray-pump-and-cap,No exact Convex product plate | No exact catalog hero record | Source blocker: SAME_STEM_DIFFERENT_PHOTOGRAPH
GBSlm100SpryShnSl,GB-SLM-CLR-100ML-SPR-SSLV,BB-GB-100-0323,Slim,Glass Bottle,kh74n2dr7efj9pzfmk35z5k3jx8dqgaf,remote_only_healthy,remote_only_plate_needed,P1,assigned,https://cdn.shopify.com/s/files/1/0739/9420/7524/files/GBSlm100SpryShnSl_38ae7f44-97e8-4a09-9091-13d905221be5.gif?v=1788391469,https://www.bestbottles.com/images/store/enlarged_pics/GBSlm100SpryShnSl.gif,,,,false,,false,exact,false,https://www.bestbottles.com/product/slim-design-100-ml-glass-bottle-shiny-silver-spray-and-cap,No exact Convex product plate | No exact catalog hero record | Source blocker: SAME_STEM_DIFFERENT_PHOTOGRAPH
GBSlm30AnSpBlk,GB-SLM-CLR-30ML-ASP-BLK,BB-GB-030-0127,Slim,Glass Bottle,kh76t5951neccpaknf04vb0pys8dp1we,remote_only_healthy,remote_only_plate_needed,P1,missing_variant_image,,https://www.bestbottles.com/images/store/enlarged_pics/GBSlm30AnSpBlk.gif,,,,false,,false,exact,true,https://www.bestbottles.com/product/slim-design-30-ml-glass-bottle-black-vintage-style-bulb-sprayer-shiny-silver-collar-cap,Shopify variant has no assigned image | No exact Convex product plate | No exact catalog hero record | Source inventory contains only a cap-off view; assembled-front plate still needs recovery
GBSlm30AnSpGl,GB-SLM-CLR-30ML-ASP-GLD,BB-GB-030-0128,Slim,Glass Bottle,kh76t5951neccpaknf04vb0pys8dp1we,remote_only_healthy,remote_only_plate_needed,P1,missing_variant_image,,https://www.bestbottles.com/images/store/enlarged_pics/GBSlm30AnSpGl.gif,,,,false,/Users/jordanrichter/Projects/Clients/Nemat-International/Best-Bottles-Website-02-20-2026/.worktrees/priority-family-kits/public/images/catalog/bone-review/GBSlm30AnSpGl.72aafacc8e3a.png,true,exact,true,https://www.bestbottles.com/product/slim-design-30-ml-glass-bottle-gold-vintage-style-sprayer-shiny-gold-collar-cap,Shopify variant has no assigned image | No exact Convex product plate | Source inventory contains only a cap-off view; assembled-front plate still needs recovery
GBSlm30AnSpIvyGl,GB-SLM-CLR-30ML-ASP-IVGD,BB-GB-030-0129,Slim,Glass Bottle,kh76t5951neccpaknf04vb0pys8dp1we,remote_only_healthy,remote_only_plate_needed,P1,missing_variant_image,,https://www.bestbottles.com/images/store/enlarged_pics/GBSlm30AnSpIvyGl.gif,,,,false,,false,exact,true,https://www.bestbottles.com/product/slim-design-30-ml-glass-bottle-ivory-vintage-style-bulb-sprayer-shiny-gold-collar-cap,Shopify variant has no assigned image | No exact Convex product plate | No exact catalog hero record | Source inventory contains only a cap-off view; assembled-front plate still needs recovery
GBSlm30AnSpIvySl,GB-SLM-CLR-30ML-ASP-IVSL,BB-GB-000-0021,Slim,Glass Bottle,kh76t5951neccpaknf04vb0pys8dp1we,remote_only_healthy,remote_only_plate_needed,P1,missing_variant_image,,https://www.bestbottles.com/images/store/enlarged_pics/GBSlm30AnSpIvySl.gif,,,,false,,false,exact,true,https://www.bestbottles.com/product/slim-design-30-ml-glass-bottle-ivory-vintage-style-bulb-sprayer-shiny-silver-collar-cap,Shopify variant has no assigned image | No exact Convex product plate | No exact catalog hero record | Source inventory contains only a cap-off view; assembled-front plate still needs recovery
GBSlm30AnSpLvn,GB-SLM-CLR-30ML-ASP-LVN,BB-GB-030-0130,Slim,Glass Bottle,kh76t5951neccpaknf04vb0pys8dp1we,remote_only_healthy,remote_only_plate_needed,P1,missing_variant_image,,https://www.bestbottles.com/images/store/enlarged_pics/GBSlm30AnSpLvn.gif,,,,false,,false,exact,true,https://www.bestbottles.com/product/slim-design-30-ml-glass-bottle-lavender-vintage-style-bulb-sprayer-shiny-silver-collar-cap,Shopify variant has no assigned image | No exact Convex product plate | No exact catalog hero record | Source inventory contains only a cap-off view; assembled-front plate still needs recovery
GBSlm30AnSpMtSl,GB-SLM-CLR-30ML-ASP-MSLV,BB-GB-000-0022,Slim,Glass Bottle,kh76t5951neccpaknf04vb0pys8dp1we,remote_only_healthy,remote_only_plate_needed,P1,missing_variant_image,,https://www.bestbottles.com/images/store/enlarged_pics/GBSlm30AnSpMtSl.gif,,,,false,,false,exact,true,https://www.bestbottles.com/product/slim-design-30-ml-glass-bottle-matte-silver-vintage-style-sprayer-matte-silver-collar-cap,Shopify variant has no assigned image | No exact Convex product plate | No exact catalog hero record | Source inventory contains only a cap-off view; assembled-front plate still needs recovery
GBSlm30AnSpPnk,GB-SLM-CLR-30ML-ASP-PNK,BB-GB-030-0131,Slim,Glass Bottle,kh76t5951neccpaknf04vb0pys8dp1we,remote_only_healthy,remote_only_plate_needed,P1,missing_variant_image,,https://www.bestbottles.com/images/store/enlarged_pics/GBSlm30AnSpPnk.gif,,,,false,,false,exact,true,https://www.bestbottles.com/product/slim-design-30-ml-glass-bottle-pink-vintage-style-bulb-sprayer-shiny-gold-collar-cap,Shopify variant has no assigned image | No exact Convex product plate | No exact catalog hero record | Source inventory contains only a cap-off view; assembled-front plate still needs recovery
GBSlm30AnSpRed,GB-SLM-CLR-30ML-ASP-RED,BB-GB-030-0132,Slim,Glass Bottle,kh76t5951neccpaknf04vb0pys8dp1we,remote_only_healthy,remote_only_plate_needed,P1,missing_variant_image,,https://www.bestbottles.com/images/store/enlarged_pics/GBSlm30AnSpRed.gif,,,,false,,false,exact,true,https://www.bestbottles.com/product/slim-design-30-ml-glass-bottle-red-vintage-style-bulb-sprayer-shiny-silver-collar-cap,Shopify variant has no assigned image | No exact Convex product plate | No exact catalog hero record | Source inventory contains only a cap-off view; assembled-front plate still needs recovery
GBSlm30AnSpWht,GB-SLM-CLR-30ML-ASP-WHT,BB-GB-030-0133,Slim,Glass Bottle,kh76t5951neccpaknf04vb0pys8dp1we,remote_only_healthy,remote_only_plate_needed,P1,missing_variant_image,,https://www.bestbottles.com/images/store/enlarged_pics/GBSlm30AnSpWht.gif,,,,false,,false,exact,true,https://www.bestbottles.com/product/slim-design-30-ml-glass-bottle-white-vintage-style-bulb-sprayer-shiny-silver-collar-cap,Shopify variant has no assigned image | No exact Convex product plate | No exact catalog hero record | Source inventory contains only a cap-off view; assembled-front plate still needs recovery
GBSlm30DrpGl,GB-SLM-CLR-30ML-DRP-GLD,BB-GB-030-0135,Slim,Glass Bottle,kh74w6z63xc2f7m1wte3zahevn8dq5te,remote_only_healthy,remote_only_plate_needed,P1,assigned,https://cdn.shopify.com/s/files/1/0739/9420/7524/files/GBSlm30DrpGl_c15c6107-937d-4131-b751-cd5882cdeef4.gif?v=1788391476,https://www.bestbottles.com/images/store/enlarged_pics/GBSlm30DrpGl.gif,,,,false,,false,exact,true,https://www.bestbottles.com/product/slim-design-30-ml-glass-bottle-white-dropper-shiny-gold-collar-cap,No exact Convex product plate | No exact catalog hero record | Source inventory contains only a cap-off view; assembled-front plate still needs recovery
GBSlm30DrpSl,GB-SLM-CLR-30ML-DRP-SLV,BB-GB-030-0136,Slim,Glass Bottle,kh74w6z63xc2f7m1wte3zahevn8dq5te,remote_only_healthy,remote_only_plate_needed,P1,assigned,https://cdn.shopify.com/s/files/1/0739/9420/7524/files/GBSlm30DrpSl_8d00377b-09ae-4fd9-8f8a-30a60a6dbca9.gif?v=1788391476,https://www.bestbottles.com/images/store/enlarged_pics/GBSlm30DrpSl.gif,,,,false,,false,exact,true,https://www.bestbottles.com/product/slim-design-30-ml-glass-bottle-white-dropper-shiny-silver-collar-cap,No exact Convex product plate | No exact catalog hero record | Source inventory contains only a cap-off view; assembled-front plate still needs recovery
GBSlm30RdcrBlkLthr,GB-SLM-CLR-30ML-RDC-BKLT,BB-GB-030-0137,Slim,Glass Bottle,kh799p1pp8yta3ynr6rn0jcfkd8dps66,remote_only_healthy,remote_only_plate_needed,P1,assigned,https://cdn.shopify.com/s/files/1/0739/9420/7524/files/GBSlm30RdcrBlkLthr_bcac5954-3e15-44f5-ba2c-144e161fa6ce.gif?v=1788391482,https://www.bestbottles.com/images/store/enlarged_pics/GBSlm30RdcrBlkLthr.gif,,,,false,,false,exact,true,https://www.bestbottles.com/product/slim-design-30-ml-glass-bottle-reducer-black-faux-leather-cap,No exact Convex product plate | No exact catalog hero record | Source inventory contains only a cap-off view; assembled-front plate still needs recovery
GBSlm30RdcrBrwnLthr,GB-SLM-CLR-30ML-RDC-BRLT,BB-GB-030-0138,Slim,Glass Bottle,kh799p1pp8yta3ynr6rn0jcfkd8dps66,remote_only_healthy,remote_only_plate_needed,P1,assigned,https://cdn.shopify.com/s/files/1/0739/9420/7524/files/GBSlm30RdcrBrwnLthr_d459bce9-d8c7-43d2-b5eb-53691f19b817.gif?v=1788391482,https://www.bestbottles.com/images/store/enlarged_pics/GBSlm30RdcrBrwnLthr.gif,,,,false,,false,exact,true,https://www.bestbottles.com/product/slim-design-30-ml-glass-bottle-reducer-brown-faux-leather-cap,No exact Convex product plate | No exact catalog hero record | Source inventory contains only a cap-off view; assembled-front plate still needs recovery
GBSlm30RdcrIvyLthr,GB-SLM-CLR-30ML-RDC-IVLT,BB-GB-030-0139,Slim,Glass Bottle,kh799p1pp8yta3ynr6rn0jcfkd8dps66,remote_only_healthy,remote_only_plate_needed,P1,assigned,https://cdn.shopify.com/s/files/1/0739/9420/7524/files/GBSlm30RdcrIvyLthr_3f09e0fe-bf54-48ac-890b-b3aa123462b9.gif?v=1788391482,https://www.bestbottles.com/images/store/enlarged_pics/GBSlm30RdcrIvyLthr.gif,,,,false,,false,exact,true,https://www.bestbottles.com/product/slim-design-30-ml-glass-bottle-reducer-ivory-faux-leather-cap,No exact Convex product plate | No exact catalog hero record | Source inventory contains only a cap-off view; assembled-front plate still needs recovery
GBSlm30RdcrLBrwnLthr,GB-SLM-CLR-30ML-RDC-LBLT,BB-GB-030-0140,Slim,Glass Bottle,kh799p1pp8yta3ynr6rn0jcfkd8dps66,remote_only_healthy,remote_only_plate_needed,P1,assigned,https://cdn.shopify.com/s/files/1/0739/9420/7524/files/GBSlm30RdcrLBrwnLthr_d78de740-989f-476c-98de-981bffee206d.gif?v=1788391482,https://www.bestbottles.com/images/store/enlarged_pics/GBSlm30RdcrLBrwnLthr.gif,,,,false,,false,exact,true,https://www.bestbottles.com/product/slim-design-30-ml-glass-bottle-reducer-light-brown-faux-leather-cap,No exact Convex product plate | No exact catalog hero record | Source inventory contains only a cap-off view; assembled-front plate still needs recovery
GBSlm30RdcrMtSl,GB-SLM-CLR-30ML-RDC-MSLV,BB-GB-030-0141,Slim,Glass Bottle,kh799p1pp8yta3ynr6rn0jcfkd8dps66,remote_only_healthy,remote_only_plate_needed,P1,assigned,https://cdn.shopify.com/s/files/1/0739/9420/7524/files/GB-SLM-CLR-30ML-RDC-MSLV-01__GBSlm30RdcrMtSl__pdp-main__v001_f29963c0-937f-4710-a4e3-09890133f2d4.png?v=1781252356,https://cdn.shopify.com/s/files/1/0739/9420/7524/files/GB-SLM-CLR-30ML-RDC-MSLV-01__GBSlm30RdcrMtSl__pdp-main__v001_f29963c0-937f-4710-a4e3-09890133f2d4.png?v=1781252356,,,,false,,false,exact,true,https://www.bestbottles.com/product/slim-design-30-ml-glass-bottle-reducer-silver-matte-cap,No exact Convex product plate | No exact catalog hero record | Source inventory contains only a cap-off view; assembled-front plate still needs recovery
GBSlm30RdcrMtSlTall,GB-SLM-CLR-30ML-RDC-MSLV-T,BB-GB-030-0142,Slim,Glass Bottle,kh799p1pp8yta3ynr6rn0jcfkd8dps66,remote_only_healthy,remote_only_plate_needed,P1,assigned,https://cdn.shopify.com/s/files/1/0739/9420/7524/files/GBSlm30RdcrMtSlTall_ca1966c7-671a-4f44-a6a6-23a813f80bf8.gif?v=1788391483,https://www.bestbottles.com/images/store/enlarged_pics/GBSlm30RdcrMtSlTall.gif,,,,false,,false,exact,true,https://www.bestbottles.com/product/slim-design-30-ml-glass-bottle-reducer-tall-silver-matte-cap,No exact Convex product plate | No exact catalog hero record | Source inventory contains only a cap-off view; assembled-front plate still needs recovery
GBSlm30RdcrMtSl__RETIRED__GB-SLM-CLR-30ML-RDC-MSLV-01__kd7cf3h0gvhhqfaq4tb1t2z2kx86a41v,GB-SLM-CLR-30ML-RDC-MSLV-01,BB-GB-030-0141,Slim,Glass Bottle,,remote_only_healthy,remote_only_plate_needed,P1,assigned,https://cdn.shopify.com/s/files/1/0739/9420/7524/files/GB-SLM-CLR-30ML-RDC-MSLV-01__GBSlm30RdcrMtSl__pdp-main__v001.png?v=1781252356,https://cdn.shopify.com/s/files/1/0739/9420/7524/files/GB-SLM-CLR-30ML-RDC-MSLV-01__GBSlm30RdcrMtSl__pdp-main__v001.png?v=1781252356,,,,false,,false,,false,https://www.bestbottles.com/product/slim-design-30-ml-glass-bottle-reducer-silver-matte-cap,No exact Convex product plate | No exact catalog hero record
GBSlm30RdcrPnkLthr,GB-SLM-CLR-30ML-RDC-PKLT,BB-GB-030-0143,Slim,Glass Bottle,kh799p1pp8yta3ynr6rn0jcfkd8dps66,remote_only_healthy,remote_only_plate_needed,P1,assigned,https://cdn.shopify.com/s/files/1/0739/9420/7524/files/GBSlm30RdcrPnkLthr_8b16eed8-61f6-47c6-adc0-3bce16314824.gif?v=1788391482,https://www.bestbottles.com/images/store/enlarged_pics/GBSlm30RdcrPnkLthr.gif,,,,false,,false,exact,true,https://www.bestbottles.com/product/slim-design-30-ml-glass-bottle-reducer-pink-faux-leather-cap,No exact Convex product plate | No exact catalog hero record | Source inventory contains only a cap-off view; assembled-front plate still needs recovery
GBSlm30RdcrShnBlk,GB-SLM-CLR-30ML-RDC-SBLK,BB-GB-030-0144,Slim,Glass Bottle,kh799p1pp8yta3ynr6rn0jcfkd8dps66,remote_only_healthy,remote_only_plate_needed,P1,assigned,https://cdn.shopify.com/s/files/1/0739/9420/7524/files/GB-SLM-CLR-30ML-RDC-SBLK-01__GBSlm30RdcrShnBlk__pdp-main__v001_1f3bee78-4c6b-4cab-adb0-a3f0152f80e1.png?v=1781252356,https://cdn.shopify.com/s/files/1/0739/9420/7524/files/GB-SLM-CLR-30ML-RDC-SBLK-01__GBSlm30RdcrShnBlk__pdp-main__v001_1f3bee78-4c6b-4cab-adb0-a3f0152f80e1.png?v=1781252356,,,,false,,false,exact,true,https://www.bestbottles.com/product/slim-design-30-ml-glass-bottle-reducer-black-shiny-cap,No exact Convex product plate | No exact catalog hero record | Source inventory contains only a cap-off view; assembled-front plate still needs recovery
GBSlm30RdcrShnBlkTall,GB-SLM-CLR-30ML-RDC-SBLK-T,BB-GB-030-0145,Slim,Glass Bottle,kh799p1pp8yta3ynr6rn0jcfkd8dps66,remote_only_healthy,remote_only_plate_needed,P1,assigned,https://cdn.shopify.com/s/files/1/0739/9420/7524/files/GBSlm30RdcrShnBlkTall_fb8819fc-8c73-4bc2-93b6-186888af95b7.gif?v=1788391483,https://www.bestbottles.com/images/store/enlarged_pics/GBSlm30RdcrShnBlkTall.gif,,,,false,,false,exact,true,https://www.bestbottles.com/product/slim-design-30-ml-glass-bottle-reducer-tall-black-shiny-cap,No exact Convex product plate | No exact catalog hero record | Source inventory contains only a cap-off view; assembled-front plate still needs recovery
GBSlm30RdcrShnBlk__RETIRED__GB-SLM-CLR-30ML-RDC-SBLK-01__kd786qgw1jyrbp2zjmz3g2p07986abyk,GB-SLM-CLR-30ML-RDC-SBLK-01,BB-GB-030-0144,Slim,Glass Bottle,,remote_only_healthy,remote_only_plate_needed,P1,assigned,https://cdn.shopify.com/s/files/1/0739/9420/7524/files/GB-SLM-CLR-30ML-RDC-SBLK-01__GBSlm30RdcrShnBlk__pdp-main__v001.png?v=1781252356,https://cdn.shopify.com/s/files/1/0739/9420/7524/files/GB-SLM-CLR-30ML-RDC-SBLK-01__GBSlm30RdcrShnBlk__pdp-main__v001.png?v=1781252356,,,,false,,false,,false,https://www.bestbottles.com/product/slim-design-30-ml-glass-bottle-reducer-black-shiny-cap,No exact Convex product plate | No exact catalog hero record
GBSlm30RdcrShnGl,GB-SLM-CLR-30ML-RDC-SGLD,BB-GB-030-0146,Slim,Glass Bottle,kh799p1pp8yta3ynr6rn0jcfkd8dps66,remote_only_healthy,remote_only_plate_needed,P1,assigned,https://cdn.shopify.com/s/files/1/0739/9420/7524/files/GBSlm30RdcrShnGl_c51dfe95-c98b-4c72-ba21-19c88660e021.gif?v=1788391482,https://www.bestbottles.com/images/store/enlarged_pics/GBSlm30RdcrShnGl.gif,,,,false,/Users/jordanrichter/Projects/Clients/Nemat-International/Best-Bottles-Website-02-20-2026/.worktrees/priority-family-kits/public/images/catalog/bone-review/GBSlm30RdcrShnGl.d501b452834d.png,true,exact,true,https://www.bestbottles.com/product/slim-design-30-ml-glass-bottle-reducer-shiny-gold-cap,No exact Convex product plate | Source inventory contains only a cap-off view; assembled-front plate still needs recovery
GBSlm30RdcrShnSl,GB-SLM-CLR-30ML-RDC-SSLV,BB-GB-030-0147,Slim,Glass Bottle,kh799p1pp8yta3ynr6rn0jcfkd8dps66,remote_only_healthy,remote_only_plate_needed,P1,assigned,https://cdn.shopify.com/s/files/1/0739/9420/7524/files/GBSlm30RdcrShnSl_74a5093a-5242-48cc-9b31-de8589175285.gif?v=1788391482,https://www.bestbottles.com/images/store/enlarged_pics/GBSlm30RdcrShnSl.gif,,,,false,,false,exact,true,https://www.bestbottles.com/product/slim-design-30-ml-glass-bottle-reducer-shiny-silver-cap,No exact Convex product plate | No exact catalog hero record | Source inventory contains only a cap-off view; assembled-front plate still needs recovery
GBSlm30RdcrWht,GB-SLM-CLR-30ML-RDC-WHT,BB-GB-030-0148,Slim,Glass Bottle,kh799p1pp8yta3ynr6rn0jcfkd8dps66,remote_only_healthy,remote_only_plate_needed,P1,assigned,https://cdn.shopify.com/s/files/1/0739/9420/7524/files/GBSlm30RdcrWht_c2e5b9fa-6580-4a20-bc5d-ba54d283e0ca.gif?v=1788391482,https://www.bestbottles.com/images/store/enlarged_pics/GBSlm30RdcrWht.gif,,,,false,,false,exact,true,https://www.bestbottles.com/product/slim-design-30-ml-glass-bottle-reducer-white-cap,No exact Convex product plate | No exact catalog hero record | Source inventory contains only a cap-off view; assembled-front plate still needs recovery
GBSlm30SpryCu,GB-SLM-CLR-30ML-SPR-CPR,BB-GB-030-0149,Slim,Glass Bottle,kh7e26rx16mkp7m6j5h1dbk5px8dq4m1,remote_only_healthy,remote_only_plate_needed,P1,assigned,https://cdn.shopify.com/s/files/1/0739/9420/7524/files/GBSlm30SpryCu_ea754e74-df12-41e2-8042-fa9965c0b3bc.gif?v=1788391491,https://www.bestbottles.com/images/store/enlarged_pics/GBSlm30SpryCu.gif,,,,false,,false,exact,false,https://www.bestbottles.com/product/slim-design-30-ml-glass-bottle-matte-copper-spray-and-cap,No exact Convex product plate | No exact catalog hero record | Source blocker: SAME_STEM_DIFFERENT_PHOTOGRAPH
GBSlm30SpryMtGl,GB-SLM-CLR-30ML-SPR-MGLD,BB-GB-030-0150,Slim,Glass Bottle,kh7e26rx16mkp7m6j5h1dbk5px8dq4m1,source_match_pending,identity_review,P1,missing_variant_image,,https://cdn.shopify.com/s/files/1/0739/9420/7524/files/GB-SLM-CLR-30ML-SPR-MGLD.png?v=1781251673,,,,false,/Users/jordanrichter/Projects/Clients/Nemat-International/Best-Bottles-Website-02-20-2026/.worktrees/priority-family-kits/public/images/catalog/bone-review/GBSlm30SpryMtGl.81d65c16cd06.png,true,exact,false,https://www.bestbottles.com/product/slim-design-30-ml-glass-bottle-matte-gold-spray-pump-and-cap,Shopify variant has no assigned image | Assigned remote image returned 404 | No exact Convex product plate | Source blocker: SAME_STEM_DIFFERENT_PHOTOGRAPH
GBSlm30SpryMtSl,GB-SLM-CLR-30ML-SPR-MSLV,BB-GB-030-0151,Slim,Glass Bottle,kh7e26rx16mkp7m6j5h1dbk5px8dq4m1,source_match_pending,identity_review,P1,missing_variant_image,,https://cdn.shopify.com/s/files/1/0739/9420/7524/files/GB-SLM-CLR-30ML-SPR-MSLV.png?v=1781251673,,,,false,,false,exact,false,https://www.bestbottles.com/product/slim-design-30-ml-glass-bottle-matte-silver-spray-pump-and-cap,Shopify variant has no assigned image | Assigned remote image returned 404 | No exact Convex product plate | No exact catalog hero record | Source blocker: SAME_STEM_DIFFERENT_PHOTOGRAPH
GBSlm30SpryShnBlk,GB-SLM-CLR-30ML-SPR-SBLK,BB-GB-030-0152,Slim,Glass Bottle,kh7e26rx16mkp7m6j5h1dbk5px8dq4m1,source_match_pending,identity_review,P1,missing_variant_image,,https://cdn.shopify.com/s/files/1/0739/9420/7524/files/GB-SLM-CLR-30ML-SPR-SBLK.png?v=1781251674,,,,false,,false,exact,false,https://www.bestbottles.com/product/slim-design-30-ml-glass-bottle-shiny-black-spray-pump-and-cap,Shopify variant has no assigned image | Assigned remote image returned 404 | No exact Convex product plate | No exact catalog hero record | Source blocker: SAME_STEM_DIFFERENT_PHOTOGRAPH
GBSlm30SpryShnGl,GB-SLM-CLR-30ML-SPR-SGLD,BB-GB-030-0153,Slim,Glass Bottle,kh7e26rx16mkp7m6j5h1dbk5px8dq4m1,source_match_pending,identity_review,P1,missing_variant_image,,https://cdn.shopify.com/s/files/1/0739/9420/7524/files/GB-SLM-CLR-30ML-SPR-SGLD.png?v=1781251674,,,,false,,false,exact,false,https://www.bestbottles.com/product/slim-design-30-ml-glass-bottle-shiny-gold-spray-pump-and-cap,Shopify variant has no assigned image | Assigned remote image returned 404 | No exact Convex product plate | No exact catalog hero record | Source blocker: SAME_STEM_DIFFERENT_PHOTOGRAPH
GBSlm30SpryShnSl,GB-SLM-CLR-30ML-SPR-SSLV,BB-GB-030-0154,Slim,Glass Bottle,kh7e26rx16mkp7m6j5h1dbk5px8dq4m1,source_match_pending,identity_review,P1,missing_variant_image,,https://cdn.shopify.com/s/files/1/0739/9420/7524/files/GB-SLM-CLR-30ML-SPR-SSLV.png?v=1781251674,,,,false,,false,exact,false,https://www.bestbottles.com/product/slim-design-30-ml-glass-bottle-shiny-silver-spray-and-cap,Shopify variant has no assigned image | Assigned remote image returned 404 | No exact Convex product plate | No exact catalog hero record | Source blocker: SAME_STEM_DIFFERENT_PHOTOGRAPH
GBSlm50AnSpBlk,GB-SLM-CLR-50ML-ASP-BLK,BB-GB-050-0193,Slim,Glass Bottle,kh72kk495kmft237kyqbxtkt358dq6w0,remote_only_healthy,remote_only_plate_needed,P1,missing_variant_image,,https://www.bestbottles.com/images/store/enlarged_pics/GBSlm50AnSpBlk.gif,,,,false,,false,exact,true,https://www.bestbottles.com/product/slim-design-50-ml-glass-bottle-black-vintage-style-bulb-sprayer-shiny-silver-collar-cap,Shopify variant has no assigned image | No exact Convex product plate | No exact catalog hero record | Source inventory contains only a cap-off view; assembled-front plate still needs recovery
GBSlm50RdcrBlkLthr,GB-SLM-CLR-50ML-RDC-BKLT,BB-GB-050-0211,Slim,Glass Bottle,kh7fgawt5esy87867q723btsj18dpywr,remote_only_healthy,remote_only_plate_needed,P1,assigned,https://cdn.shopify.com/s/files/1/0739/9420/7524/files/GBSlm50RdcrBlkLthr_4a85e7a6-894c-4ac8-83de-3d2d7b90e942.gif?v=1788391497,https://www.bestbottles.com/images/store/enlarged_pics/GBSlm50RdcrBlkLthr.gif,,,,false,,false,exact,true,https://www.bestbottles.com/product/slim-design-50-ml-glass-bottle-reducer-black-faux-leather-cap,No exact Convex product plate | No exact catalog hero record | Source inventory contains only a cap-off view; assembled-front plate still needs recovery
GBSlm50RdcrBrwnLthr,GB-SLM-CLR-50ML-RDC,BB-GB-050-0212,Slim,Glass Bottle,kh7fgawt5esy87867q723btsj18dpywr,remote_only_healthy,remote_only_plate_needed,P1,assigned,https://cdn.shopify.com/s/files/1/0739/9420/7524/files/GBSlm50RdcrBrwnLthr_64728340-c6c7-493c-a603-8490d06244bb.gif?v=1788391497,https://www.bestbottles.com/images/store/enlarged_pics/GBSlm50RdcrBrwnLthr.gif,,,,false,,false,exact,true,https://www.bestbottles.com/product/slim-design-50-ml-glass-bottle-reducer-brown-faux-leather-cap,No exact Convex product plate | No exact catalog hero record | Source inventory contains only a cap-off view; assembled-front plate still needs recovery
GBSlm50RdcrIvyLthr,GB-SLM-CLR-50ML-RDC-IVLT,BB-GB-050-0213,Slim,Glass Bottle,kh7fgawt5esy87867q723btsj18dpywr,remote_only_healthy,remote_only_plate_needed,P1,assigned,https://cdn.shopify.com/s/files/1/0739/9420/7524/files/GBSlm50RdcrIvyLthr_6dde0d3e-2f04-44f9-b886-2ae09ecb0085.gif?v=1788391497,https://www.bestbottles.com/images/store/enlarged_pics/GBSlm50RdcrIvyLthr.gif,,,,false,,false,exact,true,https://www.bestbottles.com/product/slim-design-50-ml-glass-bottle-reducer-ivory-faux-leather-cap,No exact Convex product plate | No exact catalog hero record | Source inventory contains only a cap-off view; assembled-front plate still needs recovery
GBSlm50RdcrLBrwnLthr,GB-SLM-CLR-50ML-RDC-LBLT,BB-GB-050-0214,Slim,Glass Bottle,kh7fgawt5esy87867q723btsj18dpywr,remote_only_healthy,remote_only_plate_needed,P1,assigned,https://cdn.shopify.com/s/files/1/0739/9420/7524/files/GBSlm50RdcrLBrwnLthr_812460dc-ff0e-4013-a64c-42a21996079d.gif?v=1788391497,https://www.bestbottles.com/images/store/enlarged_pics/GBSlm50RdcrLBrwnLthr.gif,,,,false,,false,exact,true,https://www.bestbottles.com/product/slim-design-50-ml-glass-bottle-reducer-light-brown-faux-leather-cap,No exact Convex product plate | No exact catalog hero record | Source inventory contains only a cap-off view; assembled-front plate still needs recovery
GBSlm50RdcrMtSl,GB-SLM-CLR-50ML-RDC-MSLV,BB-GB-050-0215,Slim,Glass Bottle,kh7fgawt5esy87867q723btsj18dpywr,remote_only_healthy,remote_only_plate_needed,P1,assigned,https://cdn.shopify.com/s/files/1/0739/9420/7524/files/GB-SLM-CLR-50ML-RDC-MSLV-01__GBSlm50RdcrMtSl__pdp-main__v001_4b263bce-47b1-4e5e-9464-c9a97754fbe3.png?v=1781252507,https://cdn.shopify.com/s/files/1/0739/9420/7524/files/GB-SLM-CLR-50ML-RDC-MSLV-01__GBSlm50RdcrMtSl__pdp-main__v001_4b263bce-47b1-4e5e-9464-c9a97754fbe3.png?v=1781252507,,,,false,,false,exact,true,https://www.bestbottles.com/product/slim-design-50-ml-glass-bottle-reducer-silver-matte-cap,No exact Convex product plate | No exact catalog hero record | Source inventory contains only a cap-off view; assembled-front plate still needs recovery
GBSlm50RdcrMtSlTall,GB-SLM-CLR-50ML-RDC-MSLV-T,BB-GB-050-0216,Slim,Glass Bottle,kh7fgawt5esy87867q723btsj18dpywr,remote_only_healthy,remote_only_plate_needed,P1,assigned,https://cdn.shopify.com/s/files/1/0739/9420/7524/files/GBSlm50RdcrMtSlTall_64a7ca72-71e1-4a4c-9eff-7bfcd6024e6e.gif?v=1788391497,https://www.bestbottles.com/images/store/enlarged_pics/GBSlm50RdcrMtSlTall.gif,,,,false,,false,exact,true,https://www.bestbottles.com/product/slim-design-50-ml-glass-bottle-reducer-tall-silver-matte-cap,No exact Convex product plate | No exact catalog hero record | Source inventory contains only a cap-off view; assembled-front plate still needs recovery
GBSlm50RdcrMtSl__RETIRED__GB-SLM-CLR-50ML-RDC-MSLV-01__kd79r3731ta66meagvzpe4wc4d86bxxd,GB-SLM-CLR-50ML-RDC-MSLV-01,BB-GB-050-0215,Slim,Glass Bottle,,remote_only_healthy,remote_only_plate_needed,P1,assigned,https://cdn.shopify.com/s/files/1/0739/9420/7524/files/GB-SLM-CLR-50ML-RDC-MSLV-01__GBSlm50RdcrMtSl__pdp-main__v001.png?v=1781252507,https://cdn.shopify.com/s/files/1/0739/9420/7524/files/GB-SLM-CLR-50ML-RDC-MSLV-01__GBSlm50RdcrMtSl__pdp-main__v001.png?v=1781252507,,,,false,,false,,false,https://www.bestbottles.com/product/slim-design-50-ml-glass-bottle-reducer-silver-matte-cap,No exact Convex product plate | No exact catalog hero record
GBSlm50RdcrPnkLthr,GB-SLM-CLR-50ML-RDC-PKLT,BB-GB-050-0217,Slim,Glass Bottle,kh7fgawt5esy87867q723btsj18dpywr,remote_only_healthy,remote_only_plate_needed,P1,assigned,https://cdn.shopify.com/s/files/1/0739/9420/7524/files/GBSlm50RdcrPnkLthr_831c2d75-8cf1-40b2-99a3-3384364a62b7.gif?v=1788391497,https://www.bestbottles.com/images/store/enlarged_pics/GBSlm50RdcrPnkLthr.gif,,,,false,,false,exact,true,https://www.bestbottles.com/product/slim-design-50-ml-glass-bottle-reducer-pink-faux-leather-cap,No exact Convex product plate | No exact catalog hero record | Source inventory contains only a cap-off view; assembled-front plate still needs recovery
GBSlm50RdcrShnBlk,GB-SLM-CLR-50ML-RDC-SBLK,BB-GB-050-0218,Slim,Glass Bottle,kh7fgawt5esy87867q723btsj18dpywr,remote_only_healthy,remote_only_plate_needed,P1,assigned,https://cdn.shopify.com/s/files/1/0739/9420/7524/files/GB-SLM-CLR-50ML-RDC-SBLK-01__GBSlm50RdcrShnBlk__pdp-main__v001.png?v=1781252507,https://cdn.shopify.com/s/files/1/0739/9420/7524/files/GB-SLM-CLR-50ML-RDC-SBLK-01__GBSlm50RdcrShnBlk__pdp-main__v001.png?v=1781252507,,,,false,,false,exact,true,https://www.bestbottles.com/product/slim-design-50-ml-glass-bottle-reducer-black-shiny-cap,No exact Convex product plate | No exact catalog hero record | Source inventory contains only a cap-off view; assembled-front plate still needs recovery
GBSlm50RdcrShnBlkTall,GB-SLM-CLR-50ML-RDC-SBLK-T,BB-GB-050-0219,Slim,Glass Bottle,kh7fgawt5esy87867q723btsj18dpywr,remote_only_healthy,remote_only_plate_needed,P1,assigned,https://cdn.shopify.com/s/files/1/0739/9420/7524/files/GBSlm50RdcrShnBlkTall_674a683e-49b5-4eb4-bbf4-dfbe4ec79b7c.gif?v=1788391496,https://www.bestbottles.com/images/store/enlarged_pics/GBSlm50RdcrShnBlkTall.gif,,,,false,,false,exact,true,https://www.bestbottles.com/product/slim-design-50-ml-glass-bottle-reducer-tall-black-shiny-cap,No exact Convex product plate | No exact catalog hero record | Source inventory contains only a cap-off view; assembled-front plate still needs recovery
GBSlm50RdcrShnBlk__RETIRED__GB-SLM-CLR-50ML-RDC-SBLK-01__kd7d6x98vn3xg5xnb3bwfthadh86ak1n,GB-SLM-CLR-50ML-RDC-SBLK-01,BB-GB-050-0218,Slim,Glass Bottle,,remote_only_healthy,remote_only_plate_needed,P1,assigned,https://cdn.shopify.com/s/files/1/0739/9420/7524/files/GB-SLM-CLR-50ML-RDC-SBLK-01__GBSlm50RdcrShnBlk__pdp-main__v001_7fa305a7-534b-4f68-a29b-c5e653a35cd2.png?v=1781252507,https://cdn.shopify.com/s/files/1/0739/9420/7524/files/GB-SLM-CLR-50ML-RDC-SBLK-01__GBSlm50RdcrShnBlk__pdp-main__v001_7fa305a7-534b-4f68-a29b-c5e653a35cd2.png?v=1781252507,,,,false,,false,,false,https://www.bestbottles.com/product/slim-design-50-ml-glass-bottle-reducer-black-shiny-cap,No exact Convex product plate | No exact catalog hero record
GBSlm50RdcrShnGl,GB-SLM-CLR-50ML-RDC-SGLD,BB-GB-050-0220,Slim,Glass Bottle,kh7fgawt5esy87867q723btsj18dpywr,remote_only_healthy,remote_only_plate_needed,P1,assigned,https://cdn.shopify.com/s/files/1/0739/9420/7524/files/GBSlm50RdcrShnGl_b8958dd8-3723-4501-831b-e2242068239f.gif?v=1788391497,https://www.bestbottles.com/images/store/enlarged_pics/GBSlm50RdcrShnGl.gif,,,,false,/Users/jordanrichter/Projects/Clients/Nemat-International/Best-Bottles-Website-02-20-2026/.worktrees/priority-family-kits/public/images/catalog/bone-review/GBSlm50RdcrShnGl.aca7b5058e45.png,true,exact,true,https://www.bestbottles.com/product/slim-design-50-ml-glass-bottle-reducer-shiny-gold-cap,No exact Convex product plate | Source inventory contains only a cap-off view; assembled-front plate still needs recovery
GBSlm50RdcrShnSl,GB-SLM-CLR-50ML-RDC-SSLV,BB-GB-050-0221,Slim,Glass Bottle,kh7fgawt5esy87867q723btsj18dpywr,remote_only_healthy,remote_only_plate_needed,P1,assigned,https://cdn.shopify.com/s/files/1/0739/9420/7524/files/GBSlm50RdcrShnSl_a013d589-3eae-44f0-a32f-f7b98143a616.gif?v=1788391497,https://www.bestbottles.com/images/store/enlarged_pics/GBSlm50RdcrShnSl.gif,,,,false,,false,exact,true,https://www.bestbottles.com/product/slim-design-50-ml-glass-bottle-reducer-shiny-silver-cap,No exact Convex product plate | No exact catalog hero record | Source inventory contains only a cap-off view; assembled-front plate still needs recovery
GBSlm50RdcrWht,GB-SLM-CLR-50ML-RDC-WHT,BB-GB-050-0222,Slim,Glass Bottle,kh7fgawt5esy87867q723btsj18dpywr,remote_only_healthy,remote_only_plate_needed,P1,assigned,https://cdn.shopify.com/s/files/1/0739/9420/7524/files/GBSlm50RdcrWht_0c2cb9d2-d5e4-4d3e-bebb-e61793d0e6c9.gif?v=1788391497,https://www.bestbottles.com/images/store/enlarged_pics/GBSlm50RdcrWht.gif,,,,false,,false,exact,true,https://www.bestbottles.com/product/slim-design-50-ml-glass-bottle-reducer-white-cap,No exact Convex product plate | No exact catalog hero record | Source inventory contains only a cap-off view; assembled-front plate still needs recovery
GBSlm50SpryCu,GB-SLM-CLR-50ML-SPR-CPR,BB-GB-050-0223,Slim,Glass Bottle,kh74s8fw9qn7cqeps847c0adw18dpn6r,remote_only_healthy,remote_only_plate_needed,P1,assigned,https://cdn.shopify.com/s/files/1/0739/9420/7524/files/GBSlm50SpryCu_9632aca3-e08f-4edf-85a6-899323504e66.gif?v=1788391504,https://www.bestbottles.com/images/store/enlarged_pics/GBSlm50SpryCu.gif,,,,false,,false,exact,false,https://www.bestbottles.com/product/slim-design-50-ml-glass-bottle-matte-copper-spray-and-cap,No exact Convex product plate | No exact catalog hero record | Source blocker: SAME_STEM_DIFFERENT_PHOTOGRAPH
GBSlm50SpryMtGl,GB-SLM-CLR-50ML-SPR-MGLD,BB-GB-050-0224,Slim,Glass Bottle,kh74s8fw9qn7cqeps847c0adw18dpn6r,remote_only_healthy,remote_only_plate_needed,P1,assigned,https://cdn.shopify.com/s/files/1/0739/9420/7524/files/GBSlm50SpryMtGl_dff49f1c-4258-46cd-b330-e0c6f938a53a.gif?v=1788391504,https://www.bestbottles.com/images/store/enlarged_pics/GBSlm50SpryMtGl.gif,,,,false,/Users/jordanrichter/Projects/Clients/Nemat-International/Best-Bottles-Website-02-20-2026/.worktrees/priority-family-kits/public/images/catalog/bone-review/GBSlm50SpryMtGl.18da1937c994.png,true,exact,false,https://www.bestbottles.com/product/slim-design-50-ml-glass-bottle-matte-gold-spray-pump-and-cap,No exact Convex product plate | Source blocker: SAME_STEM_DIFFERENT_PHOTOGRAPH
GBSlm50SpryMtSl,GB-SLM-CLR-50ML-SPR-MSLV,BB-GB-050-0225,Slim,Glass Bottle,kh74s8fw9qn7cqeps847c0adw18dpn6r,remote_only_healthy,remote_only_plate_needed,P1,assigned,https://cdn.shopify.com/s/files/1/0739/9420/7524/files/GBSlm50SpryMtSl_5cc904ec-2cd1-410f-9728-889bd943a8e6.gif?v=1788391504,https://www.bestbottles.com/images/store/enlarged_pics/GBSlm50SpryMtSl.gif,,,,false,,false,exact,false,https://www.bestbottles.com/product/slim-design-50-ml-glass-bottle-matte-silver-spray-pump-and-cap,No exact Convex product plate | No exact catalog hero record | Source blocker: SAME_STEM_DIFFERENT_PHOTOGRAPH
GBSlm50SpryShnBlk,GB-SLM-CLR-50ML-SPR-SBLK,BB-GB-050-0226,Slim,Glass Bottle,kh74s8fw9qn7cqeps847c0adw18dpn6r,remote_only_healthy,remote_only_plate_needed,P1,assigned,https://cdn.shopify.com/s/files/1/0739/9420/7524/files/GBSlm50SpryShnBlk_a8118d01-a6f9-4a40-9d30-567dede4927e.gif?v=1788391504,https://www.bestbottles.com/images/store/enlarged_pics/GBSlm50SpryShnBlk.gif,,,,false,,false,exact,false,https://www.bestbottles.com/product/slim-design-50-ml-glass-bottle-shiny-black-spray-pump-and-cap,No exact Convex product plate | No exact catalog hero record | Source blocker: SAME_STEM_DIFFERENT_PHOTOGRAPH
GBSlm50SpryShnGl,GB-SLM-CLR-50ML-SPR-SGLD,BB-GB-050-0227,Slim,Glass Bottle,kh74s8fw9qn7cqeps847c0adw18dpn6r,remote_only_healthy,remote_only_plate_needed,P1,assigned,https://cdn.shopify.com/s/files/1/0739/9420/7524/files/GBSlm50SpryShnGl_9736d443-e098-4503-bbff-2a40739eccfc.gif?v=1788391504,https://www.bestbottles.com/images/store/enlarged_pics/GBSlm50SpryShnGl.gif,,,,false,,false,exact,false,https://www.bestbottles.com/product/slim-design-50-ml-glass-bottle-shiny-gold-spray-pump-and-cap,No exact Convex product plate | No exact catalog hero record | Source blocker: SAME_STEM_DIFFERENT_PHOTOGRAPH
GBSlm50SpryShnSl,GB-SLM-CLR-50ML-SPR-SSLV,BB-GB-050-0228,Slim,Glass Bottle,kh74s8fw9qn7cqeps847c0adw18dpn6r,remote_only_healthy,remote_only_plate_needed,P1,assigned,https://cdn.shopify.com/s/files/1/0739/9420/7524/files/GBSlm50SpryShnSl_b8544ffc-ccae-45ea-a117-dc9539756358.gif?v=1788391504,https://www.bestbottles.com/images/store/enlarged_pics/GBSlm50SpryShnSl.gif,,,,false,,false,exact,false,https://www.bestbottles.com/product/slim-design-50-ml-glass-bottle-shiny-silver-spray-and-cap,No exact Convex product plate | No exact catalog hero record | Source blocker: SAME_STEM_DIFFERENT_PHOTOGRAPH
GBTRDPClear,GB-TRD-CLR-9ML,BB-GB-009-0136,Teardrop,Glass Bottle,kh7edqrscss6wttxpvpsmwv4pn8dqjpr,remote_only_healthy,remote_only_plate_needed,P1,assigned,https://cdn.shopify.com/s/files/1/0739/9420/7524/files/GBTRDPClear.gif?v=1788391536,https://www.bestbottles.com/images/store/enlarged_pics/GBTRDPClear.gif,,,,false,/Users/jordanrichter/Projects/Clients/Nemat-International/Best-Bottles-Website-02-20-2026/.worktrees/priority-family-kits/public/images/catalog/bone-review/GBTRDPClear.56361d54a255.png,true,exact,true,https://www.bestbottles.com/product/Perfume-small-Bottle-Jar-Teardrop-Clear-glass-stopper,No exact Convex product plate | Source inventory contains only a cap-off view; assembled-front plate still needs recovery
GBTallCyl9WhtSht__RETIRED__GBTallCyl9WhtSht__kd74mjjja5crmqbxhpvhywx6rx85dhg9,GBTallCyl9WhtSht,kd74mjjja5crmqbxhpvhywx6rx85dhg9,Tall Cylinder,Glass Bottle,,covered_exact_plate,plate_alias_reconciliation,OK,assigned,https://cdn.shopify.com/s/files/1/0739/9420/7524/files/GB-CYL-WHT-9ML-WHT-S__GBTallCyl9WhtSht__pdp-main__v001.png?v=1781252649,https://cdn.shopify.com/s/files/1/0739/9420/7524/files/GB-CYL-WHT-9ML-WHT-S__GBTallCyl9WhtSht__pdp-main__v001.png?v=1781252649,https://yzy7l20k4yt6znzz.public.blob.vercel-storage.com/plates/cylinder-9ml-clear-13-415/GBTallCyl9WhtSht/1611b55c5bd3f2333d04cbc7d16321fde17cefbc079b5d219626d526569e3a12.front-on-1000x1100.webp,5.  13-415 Bottles/13. Tall Cylinder 9ml/2. Tall Cyl 9ml (capped) PSD /2. GBTallCyl9WhtSht.psd,,false,,false,,false,https://www.bestbottles.com/product/tall-cylinder-design-9-ml-glass-bottle-short-white-cap,No exact catalog hero record
GBTallRect10MtlRollPinkDo,GB-RCT-CLR-10ML-MRL,BB-GB-010-0050,Rectangle,Glass Bottle,kh79nfxrjrmbpg4thz4kspk5s58dp5c3,remote_only_healthy,remote_only_plate_needed,P1,missing_variant_image,,https://www.bestbottles.com/images/store/enlarged_pics/GBTallRect10MtlRollPinkDot.gif,,,,false,,false,no-psd,false,https://www.bestbottles.com/product/tall-rectangular-design-10-ml-glass-bottle-metal-roller-ball-plug-pink-cap-with-dots,Shopify variant has no assigned image | No exact Convex product plate | No exact catalog hero record | Source blocker: match:no-psd
GBTallRect10RollBlkSh,GB-RCT-CLR-10ML-ROL-SBLK-02,BB-GB-010-0055,Rectangle,Glass Bottle,kh79nfxrjrmbpg4thz4kspk5s58dp5c3,remote_only_healthy,remote_only_plate_needed,P1,assigned,https://cdn.shopify.com/s/files/1/0739/9420/7524/files/GBTallRect10RollBlkSh_d21bbb0a-ea9a-4105-89a0-c0f17bf926d0.gif?v=1788391597,https://www.bestbottles.com/images/store/enlarged_pics/GBTallRect10RollBlkSh.gif,,,,false,,false,exact,true,https://www.bestbottles.com/product/tall-rectangular-design-10-ml-glass-bottle-plastic-roller-ball-plug-black-shiny-cap,No exact Convex product plate | No exact catalog hero record | Source inventory contains only a cap-off view; assembled-front plate still needs recovery
GBTulip6BlkShSht,GB-TUL-CLR-6ML-CAP-SBLK,kd75eybvmbnbb00c2br2q0cgg582adf9,Tulip,Glass Bottle,kh717xh4kg9gcrqzrt8bbwdvqs8dqka9,remote_only_healthy,remote_only_plate_needed,P1,assigned,https://cdn.shopify.com/s/files/1/0739/9420/7524/files/GB-TUL-CLR-6ML-CAP-SBLK__GBTulip6BlkShSht__pdp-main__v001.png?v=1781251781,https://cdn.shopify.com/s/files/1/0739/9420/7524/files/GB-TUL-CLR-6ML-CAP-SBLK__GBTulip6BlkShSht__pdp-main__v001.png?v=1781251781,,,,false,,false,no-psd,false,https://www.bestbottles.com/product/tulip-design-6ml-bottle-short-shiny-black-cap,No exact Convex product plate | No exact catalog hero record | Source blocker: match:no-psd
GBV1DrmBlackCapSht,GB-VIA-CLR-3ML-S-01,BB-GB-004-0005,Vial,Glass Bottle,kh7064mcswf136pqmanc63jpas8dqvn8,remote_only_healthy,remote_only_plate_needed,P1,missing_variant_image,,https://www.bestbottles.com/images/store/enlarged_pics/GBVial1DrmBlackCapSht.gif,,,,false,,false,no-psd,false,https://www.bestbottles.com/product/Vial-design-1-dram-clear-glass-black-short-cap,Shopify variant has no assigned image | No exact Convex product plate | No exact catalog hero record | Source blocker: match:no-psd
GBV1DrmWhtCapSht,GB-VIA-CLR-3ML-S-02,BB-GB-004-0007,Vial,Glass Bottle,kh7064mcswf136pqmanc63jpas8dqvn8,remote_only_healthy,remote_only_plate_needed,P1,missing_variant_image,,https://www.bestbottles.com/images/store/enlarged_pics/GBVial1DrmWhtCapSht.gif,,,,false,/Users/jordanrichter/Projects/Clients/Nemat-International/Best-Bottles-Website-02-20-2026/.worktrees/priority-family-kits/public/images/catalog/bone-review/GBV1DrmWhtCapSht.b13a33fc1420.png,true,no-psd,false,https://www.bestbottles.com/product/Vial-design-1-dram-clear-glass-white-short-cap,Shopify variant has no assigned image | No exact Convex product plate | Source blocker: match:no-psd
GBVAmb1DrmBlkDrpr,GB-VIA-CLR-3ML-02,BB-GB-004-0009,Vial,Glass Bottle,kh78rzxw8s7m3wjq0x25hb8e5h8dq1fb,remote_only_healthy,remote_only_plate_needed,P1,missing_variant_image,,https://www.bestbottles.com/images/store/enlarged_pics/GBVAmb1DrmBlkDropper.gif,,,,false,/Users/jordanrichter/Projects/Clients/Nemat-International/Best-Bottles-Website-02-20-2026/.worktrees/priority-family-kits/public/images/catalog/bone-review/GBVAmb1DrmBlkDrpr.0d7b2b4814f4.png,true,no-psd,false,https://www.bestbottles.com/product/Vial-design-1-dram-amber-glass-black-dropper,Shopify variant has no assigned image | No exact Convex product plate | Source blocker: match:no-psd
GBVBlu1o9BlackCapSht,GB-VIA-BLU-3ML-BLK-S,kd71wkjqyrzvwtvz9vvdd1b0sd81vg7e,Vial,Glass Bottle,kh7992w4gga3wa0d5wsz2bv1mh8dpjkf,remote_only_healthy,remote_only_plate_needed,P1,assigned,https://cdn.shopify.com/s/files/1/0739/9420/7524/files/GB-VIA-BLU-3ML-BLK-S__GBVBlu1o9BlackCapSht__pdp-main__v001.png?v=1781252603,https://cdn.shopify.com/s/files/1/0739/9420/7524/files/GB-VIA-BLU-3ML-BLK-S__GBVBlu1o9BlackCapSht__pdp-main__v001.png?v=1781252603,,,,false,/Users/jordanrichter/Projects/Clients/Nemat-International/Best-Bottles-Website-02-20-2026/.worktrees/priority-family-kits/public/images/catalog/bone-review/GBVBlu1o9BlackCapSht.93662041f003.png,true,no-psd,false,https://www.bestbottles.com/product/Vial-design-5-8-dram-blue-glass-black-short-cap,No exact Convex product plate | Source blocker: match:no-psd
GBVGreen2o4BlackCapSht,GB-VIA-CLR-3ML-GRN-S,BB-GB-003-0004,Vial,Glass Bottle,kh7793nm0vzg543esq22x303a98dpw3q,no_verified_source,source_recovery,P0,missing_variant_image,,https://cdn.shopify.com/s/files/1/0739/9420/7524/files/1779592258165-396429dc-5554-446a-8ec1-161e15de1340_d173cec2-0a09-48db-9308-a02961849176.png?v=1779596449,,,,false,/Users/jordanrichter/Projects/Clients/Nemat-International/Best-Bottles-Website-02-20-2026/.worktrees/priority-family-kits/public/images/catalog/bone-review/GBVGreen2o4BlackCapSht.76ca43a626df.png,true,no-psd,false,https://www.bestbottles.com/product/Vial-design-5-8-dram-green-glass-black-short-cap,Shopify variant has no assigned image | Assigned remote image returned 404 | No exact Convex product plate | Source blocker: match:no-psd
GBVGreen2o4WhtCapSht,GB-GRN-GRN-20ML,BB-GB-020-0001,Vial,Glass Bottle,kh7793nm0vzg543esq22x303a98dpw3q,remote_only_healthy,remote_only_plate_needed,P1,assigned,https://cdn.shopify.com/s/files/1/0739/9420/7524/files/GB-GRN-GRN-20ML__GBVGreen2o4WhtCapSht__pdp-main__v001.png?v=1781252524,https://cdn.shopify.com/s/files/1/0739/9420/7524/files/GB-GRN-GRN-20ML__GBVGreen2o4WhtCapSht__pdp-main__v001.png?v=1781252524,,,,false,,false,no-psd,false,https://www.bestbottles.com/product/Vial-design-5-8-dram-green-glass-white-short-cap,No exact Convex product plate | No exact catalog hero record | Source blocker: match:no-psd
LB1ozGl,LB-LTB-CLR-30ML-SGLD-T,BB-GB-030-0157,Lotion Bottle,Glass Bottle,kh77fh9gch8hxtnyqhf79v4kq58dqgkn,remote_only_healthy,remote_only_plate_needed,P1,assigned,https://cdn.shopify.com/s/files/1/0739/9420/7524/files/LB-LTB-CLR-30ML-SGLD-T__LB1ozGl__pdp-main__v001.png?v=1781252582,https://cdn.shopify.com/s/files/1/0739/9420/7524/files/LB-LTB-CLR-30ML-SGLD-T__LB1ozGl__pdp-main__v001.png?v=1781252582,,,,false,/Users/jordanrichter/Projects/Clients/Nemat-International/Best-Bottles-Website-02-20-2026/.worktrees/priority-family-kits/public/images/catalog/bone-review/LB1ozGl.ca3bf5b43522.png,true,exact,false,https://www.bestbottles.com/product/Lotion-bottle-Gold-treatment-pump-cylinder-1oz,No exact Convex product plate | Source blocker: familyId:missing:neck | Source inventory contains only a cap-off view; assembled-front plate still needs recovery
LB1ozSl,LB-LTB-CLR-30ML-SLV-T,BB-GB-030-0158,Lotion Bottle,Glass Bottle,kh77fh9gch8hxtnyqhf79v4kq58dqgkn,remote_only_healthy,remote_only_plate_needed,P1,assigned,https://cdn.shopify.com/s/files/1/0739/9420/7524/files/LB-LTB-CLR-30ML-SLV-T__LB1ozSl__pdp-main__v001.png?v=1781252582,https://cdn.shopify.com/s/files/1/0739/9420/7524/files/LB-LTB-CLR-30ML-SLV-T__LB1ozSl__pdp-main__v001.png?v=1781252582,,,,false,,false,exact,false,https://www.bestbottles.com/product/Lotion-bottle-container-Silver-treatment-pump-cylinder-1oz,No exact Convex product plate | No exact catalog hero record | Source blocker: familyId:missing:neck | Source inventory contains only a cap-off view; assembled-front plate still needs recovery
LBCrclFrst50LtnClOvrCap,LB-CIR-FRS-50ML-LPM-CLR,BB-GB-050-0236,Circle,Glass Bottle,kh718x6fr1nwz3an1bf1nbebw58dq8tn,source_match_pending,identity_review,P1,missing_variant_image,,https://cdn.shopify.com/s/files/1/0739/9420/7524/files/master_corrected_1779596274720_ih7m55.png?v=1779596387,,,,false,,false,exact,false,https://www.bestbottles.com/product/circle-design-50-ml-frosted-glass-bottle-clear-over-the-cap-lotion-pump-matte-silver-collar-cap,Shopify variant has no assigned image | Assigned remote image returned 404 | No exact Convex product plate | No exact catalog hero record | Source blocker: SAME_STEM_DIFFERENT_PHOTOGRAPH | Source inventory contains only a cap-off view; assembled-front plate still needs recovery
LBCrclFrst50LtnCu,LB-CIR-FRS-50ML-LPM-CPR,BB-GB-050-0237,Circle,Glass Bottle,kh718x6fr1nwz3an1bf1nbebw58dq8tn,source_match_pending,identity_review,P1,missing_variant_image,,https://cdn.shopify.com/s/files/1/0739/9420/7524/files/master_corrected_1779596219587_z1ihil.png?v=1779596392,,,,false,,false,exact,false,https://www.bestbottles.com/product/circle-design-50-ml-frosted-glass-bottle-matte-copper-lotion-pump-and-cap,Shopify variant has no assigned image | Assigned remote image returned 404 | No exact Convex product plate | No exact catalog hero record | Source blocker: SAME_STEM_DIFFERENT_PHOTOGRAPH | Source inventory contains only a cap-off view; assembled-front plate still needs recovery
LBCrclFrst50LtnMtGl,LB-CIR-FRS-50ML-LPM-MGLD,BB-GB-050-0238,Circle,Glass Bottle,kh718x6fr1nwz3an1bf1nbebw58dq8tn,source_match_pending,identity_review,P1,missing_variant_image,,https://cdn.shopify.com/s/files/1/0739/9420/7524/files/master_corrected_1779595945687_a3jqyy.png?v=1779596412,,,,false,/Users/jordanrichter/Projects/Clients/Nemat-International/Best-Bottles-Website-02-20-2026/.worktrees/priority-family-kits/public/images/catalog/bone-review/LBCrclFrst50LtnMtGl.f31e21488965.png,true,exact,false,https://www.bestbottles.com/product/circle-design-50-ml-frosted-glass-bottle-matte-gold-lotion-pump-and-cap,Shopify variant has no assigned image | Assigned remote image returned 404 | No exact Convex product plate | Source blocker: SAME_STEM_DIFFERENT_PHOTOGRAPH | Source inventory contains only a cap-off view; assembled-front plate still needs recovery
LBCrclFrst50LtnMtSl,LB-CIR-FRS-50ML-LPM-MSLV,BB-GB-050-0239,Circle,Glass Bottle,kh718x6fr1nwz3an1bf1nbebw58dq8tn,source_match_pending,identity_review,P1,missing_variant_image,,https://cdn.shopify.com/s/files/1/0739/9420/7524/files/master_corrected_1779596108390_jjjq76.png?v=1779596399,,,,false,,false,exact,false,https://www.bestbottles.com/product/circle-design-50-ml-frosted-glass-bottle-matte-silver-lotion-pump-and-cap,Shopify variant has no assigned image | Assigned remote image returned 404 | No exact Convex product plate | No exact catalog hero record | Source blocker: SAME_STEM_DIFFERENT_PHOTOGRAPH | Source inventory contains only a cap-off view; assembled-front plate still needs recovery
LBCrclFrst50LtnShnBlk,LB-CIR-FRS-50ML-LPM-SBLK,BB-GB-050-0240,Circle,Glass Bottle,kh718x6fr1nwz3an1bf1nbebw58dq8tn,source_match_pending,identity_review,P1,missing_variant_image,,https://cdn.shopify.com/s/files/1/0739/9420/7524/files/master_corrected_1779596053434_esh96z.png?v=1779596404,,,,false,,false,exact,false,https://www.bestbottles.com/product/circle-design-50-ml-frosted-glass-bottle-shiny-black-lotion-pump-and-cap,Shopify variant has no assigned image | Assigned remote image returned 404 | No exact Convex product plate | No exact catalog hero record | Source blocker: SAME_STEM_DIFFERENT_PHOTOGRAPH | Source inventory contains only a cap-off view; assembled-front plate still needs recovery
LBCrclFrst50LtnShnGl,LB-CIR-FRS-50ML-LPM-SGLD,BB-GB-050-0241,Circle,Glass Bottle,kh718x6fr1nwz3an1bf1nbebw58dq8tn,source_match_pending,identity_review,P1,missing_variant_image,,https://cdn.shopify.com/s/files/1/0739/9420/7524/files/master_corrected_1779596001821_nyy99z.png?v=1779596408,,,,false,,false,exact,false,https://www.bestbottles.com/product/circle-design-50-ml-frosted-glass-bottle-shiny-gold-lotion-pump-and-cap,Shopify variant has no assigned image | Assigned remote image returned 404 | No exact Convex product plate | No exact catalog hero record | Source blocker: SAME_STEM_DIFFERENT_PHOTOGRAPH | Source inventory contains only a cap-off view; assembled-front plate still needs recovery
LBCrclFrst50LtnShnSl,LB-CIR-FRS-50ML-LPM-SSLV,BB-GB-050-0242,Circle,Glass Bottle,kh718x6fr1nwz3an1bf1nbebw58dq8tn,source_match_pending,identity_review,P1,missing_variant_image,,https://cdn.shopify.com/s/files/1/0739/9420/7524/files/master_corrected_1779596165057_ds40fh.png?v=1779596396,,,,false,,false,exact,false,https://www.bestbottles.com/product/circle-design-50-ml-frosted-glass-bottle-shiny-silver-lotion-pump-and-cap,Shopify variant has no assigned image | Assigned remote image returned 404 | No exact Convex product plate | No exact catalog hero record | Source blocker: SAME_STEM_DIFFERENT_PHOTOGRAPH | Source inventory contains only a cap-off view; assembled-front plate still needs recovery
LBDivaFrst46LtnClOvrCap,LB-DVA-FRS-46ML-T,BB-GB-046-0093,Diva,Glass Bottle,kh7c3gr7meeyr5x26xdvgv5tr58dqdnb,source_match_pending,identity_review,P1,missing_variant_image,,https://cdn.shopify.com/s/files/1/0739/9420/7524/files/LB-DVA-FRS-46ML-T_1779507062517_km9p9b.png?v=1781252425,,,,false,,false,exact,true,https://www.bestbottles.com/product/diva-design-46-ml-frosted-glass-bottle-clear-over-the-cap-lotion-pump-matte-silver-collar-cap,Shopify variant has no assigned image | Assigned remote image returned 404 | No exact Convex product plate | No exact catalog hero record | Source inventory contains only a cap-off view; assembled-front plate still needs recovery
LBDivaFrst46LtnClOvrCap__RETIRED__LB-DVA-CLR-46ML-T__kd7fg3t3jtz4s1c1cnhdv1dhqd86a8sv,LB-DVA-CLR-46ML-T,BB-GB-046-0093,Diva,Lotion Bottle,,remote_only_healthy,remote_only_plate_needed,P1,assigned,https://cdn.shopify.com/s/files/1/0739/9420/7524/files/LB-DVA-CLR-46ML-T__LBDivaFrst46LtnClOvrCap__pdp-main__v001.png?v=1781252394,https://cdn.shopify.com/s/files/1/0739/9420/7524/files/LB-DVA-CLR-46ML-T__LBDivaFrst46LtnClOvrCap__pdp-main__v001.png?v=1781252394,,,,false,,false,,false,https://www.bestbottles.com/product/diva-design-46-ml-frosted-glass-bottle-clear-over-the-cap-lotion-pump-matte-silver-collar-cap,No exact Convex product plate | No exact catalog hero record
LBDivaFrst46LtnCu,LB-DVA-FRS-46ML-01,BB-GB-046-0094,Diva,Glass Bottle,kh7c3gr7meeyr5x26xdvgv5tr58dqdnb,source_match_pending,identity_review,P1,missing_variant_image,,https://cdn.shopify.com/s/files/1/0739/9420/7524/files/LB-DVA-FRS-46ML-01_1779507058403_8aybs0.png?v=1781252425,,,,false,,false,exact,true,https://www.bestbottles.com/product/diva-design-46-ml-frosted-glass-bottle-matte-copper-lotion-pump-and-cap,Shopify variant has no assigned image | Assigned remote image returned 404 | No exact Convex product plate | No exact catalog hero record | Source inventory contains only a cap-off view; assembled-front plate still needs recovery
LBDivaFrst46LtnCu__RETIRED__LB-DVA-CLR-46ML-01__kd70spzkm17nsdmj4gfn4eg8rs86ba3q,LB-DVA-CLR-46ML-01,BB-GB-046-0094,Diva,Lotion Bottle,,remote_only_healthy,remote_only_plate_needed,P1,assigned,https://cdn.shopify.com/s/files/1/0739/9420/7524/files/LB-DVA-CLR-46ML-01__LBDivaFrst46LtnCu__pdp-main__v001.png?v=1781252394,https://cdn.shopify.com/s/files/1/0739/9420/7524/files/LB-DVA-CLR-46ML-01__LBDivaFrst46LtnCu__pdp-main__v001.png?v=1781252394,,,,false,,false,,false,https://www.bestbottles.com/product/diva-design-46-ml-frosted-glass-bottle-matte-copper-lotion-pump-and-cap,No exact Convex product plate | No exact catalog hero record
LBDivaFrst46LtnMtGl,LB-DVA-FRS-46ML-02,BB-GB-046-0095,Diva,Glass Bottle,kh7c3gr7meeyr5x26xdvgv5tr58dqdnb,source_match_pending,identity_review,P1,missing_variant_image,,https://cdn.shopify.com/s/files/1/0739/9420/7524/files/LB-DVA-FRS-46ML-02_1779507060504_p5uqne.png?v=1781252425,,,,false,/Users/jordanrichter/Projects/Clients/Nemat-International/Best-Bottles-Website-02-20-2026/.worktrees/priority-family-kits/public/images/catalog/bone-review/LBDivaFrst46LtnMtGl.eae338137280.png,true,exact,true,https://www.bestbottles.com/product/diva-design-46-ml-frosted-glass-bottle-matte-gold-lotion-pump-and-cap,Shopify variant has no assigned image | Assigned remote image returned 404 | No exact Convex product plate | Source inventory contains only a cap-off view; assembled-front plate still needs recovery
LBDivaFrst46LtnMtGl__RETIRED__LB-DVA-CLR-46ML-02__kd7cymqc91m673k2cnwfqtk4rd86b5t3,LB-DVA-CLR-46ML-02,BB-GB-046-0095,Diva,Lotion Bottle,,remote_only_healthy,remote_only_plate_needed,P1,assigned,https://cdn.shopify.com/s/files/1/0739/9420/7524/files/LB-DVA-CLR-46ML-02__LBDivaFrst46LtnMtGl__pdp-main__v001.png?v=1781252394,https://cdn.shopify.com/s/files/1/0739/9420/7524/files/LB-DVA-CLR-46ML-02__LBDivaFrst46LtnMtGl__pdp-main__v001.png?v=1781252394,,,,false,,false,,false,https://www.bestbottles.com/product/diva-design-46-ml-frosted-glass-bottle-matte-gold-lotion-pump-and-cap,No exact Convex product plate | No exact catalog hero record
LBDivaFrst46LtnMtSl,LB-DVA-FRS-46ML-03,BB-GB-046-0096,Diva,Glass Bottle,kh7c3gr7meeyr5x26xdvgv5tr58dqdnb,source_match_pending,identity_review,P1,missing_variant_image,,https://cdn.shopify.com/s/files/1/0739/9420/7524/files/LB-DVA-FRS-46ML-03_1779507059541_481zip.png?v=1781252425,,,,false,,false,exact,true,https://www.bestbottles.com/product/diva-design-46-ml-frosted-glass-bottle-matte-silver-lotion-pump-and-cap,Shopify variant has no assigned image | Assigned remote image returned 404 | No exact Convex product plate | No exact catalog hero record | Source inventory contains only a cap-off view; assembled-front plate still needs recovery
LBDivaFrst46LtnMtSl__RETIRED__LB-DVA-CLR-46ML-03__kd73t42k6f1eh66wtrpate902d86baky,LB-DVA-CLR-46ML-03,BB-GB-046-0096,Diva,Lotion Bottle,,remote_only_healthy,remote_only_plate_needed,P1,assigned,https://cdn.shopify.com/s/files/1/0739/9420/7524/files/LB-DVA-CLR-46ML-03__LBDivaFrst46LtnMtSl__pdp-main__v001.png?v=1781252394,https://cdn.shopify.com/s/files/1/0739/9420/7524/files/LB-DVA-CLR-46ML-03__LBDivaFrst46LtnMtSl__pdp-main__v001.png?v=1781252394,,,,false,,false,,false,https://www.bestbottles.com/product/diva-design-46-ml-frosted-glass-bottle-matte-silver-lotion-pump-and-cap,No exact Convex product plate | No exact catalog hero record
LBDivaFrst46LtnShnBlk,LB-DVA-FRS-46ML-04,BB-GB-046-0097,Diva,Glass Bottle,kh7c3gr7meeyr5x26xdvgv5tr58dqdnb,source_match_pending,identity_review,P1,missing_variant_image,,https://cdn.shopify.com/s/files/1/0739/9420/7524/files/LB-DVA-FRS-46ML-04_1779507057491_e6geyg.png?v=1781252425,,,,false,,false,exact,true,https://www.bestbottles.com/product/diva-design-46-ml-frosted-glass-bottle-shiny-black-lotion-pump-and-cap,Shopify variant has no assigned image | Assigned remote image returned 404 | No exact Convex product plate | No exact catalog hero record | Source inventory contains only a cap-off view; assembled-front plate still needs recovery
LBDivaFrst46LtnShnBlk__RETIRED__LB-DVA-CLR-46ML-04__kd7c2sz2gre0ksmretdemr3fx186b0gs,LB-DVA-CLR-46ML-04,BB-GB-046-0097,Diva,Lotion Bottle,,remote_only_healthy,remote_only_plate_needed,P1,assigned,https://cdn.shopify.com/s/files/1/0739/9420/7524/files/LB-DVA-CLR-46ML-04__LBDivaFrst46LtnShnBlk__pdp-main__v001.png?v=1781252394,https://cdn.shopify.com/s/files/1/0739/9420/7524/files/LB-DVA-CLR-46ML-04__LBDivaFrst46LtnShnBlk__pdp-main__v001.png?v=1781252394,,,,false,,false,,false,https://www.bestbottles.com/product/diva-design-46-ml-frosted-glass-bottle-shiny-black-lotion-pump-and-cap,No exact Convex product plate | No exact catalog hero record
LBDivaFrst46LtnShnGl,LB-DVA-FRS-46ML-05,BB-GB-046-0098,Diva,Glass Bottle,kh7c3gr7meeyr5x26xdvgv5tr58dqdnb,source_match_pending,identity_review,P1,missing_variant_image,,https://cdn.shopify.com/s/files/1/0739/9420/7524/files/LB-DVA-FRS-46ML-05_1779507055954_7s7nfs.png?v=1781252426,,,,false,,false,exact,true,https://www.bestbottles.com/product/diva-design-46-ml-frosted-glass-bottle-shiny-gold-lotion-pump-and-cap,Shopify variant has no assigned image | Assigned remote image returned 404 | No exact Convex product plate | No exact catalog hero record | Source inventory contains only a cap-off view; assembled-front plate still needs recovery
LBDivaFrst46LtnShnGl__RETIRED__LB-DVA-CLR-46ML-05__kd75s0d4ptcdhk6537df5x5rqx86a9hp,LB-DVA-CLR-46ML-05,BB-GB-046-0098,Diva,Lotion Bottle,,remote_only_healthy,remote_only_plate_needed,P1,assigned,https://cdn.shopify.com/s/files/1/0739/9420/7524/files/LB-DVA-CLR-46ML-05__LBDivaFrst46LtnShnGl__pdp-main__v001.png?v=1781252394,https://cdn.shopify.com/s/files/1/0739/9420/7524/files/LB-DVA-CLR-46ML-05__LBDivaFrst46LtnShnGl__pdp-main__v001.png?v=1781252394,,,,false,,false,,false,https://www.bestbottles.com/product/diva-design-46-ml-frosted-glass-bottle-shiny-gold-lotion-pump-and-cap,No exact Convex product plate | No exact catalog hero record
LBDivaFrst46LtnShnSl,LB-DVA-FRS-46ML-06,BB-GB-046-0099,Diva,Glass Bottle,kh7c3gr7meeyr5x26xdvgv5tr58dqdnb,source_match_pending,identity_review,P1,missing_variant_image,,https://cdn.shopify.com/s/files/1/0739/9420/7524/files/LB-DVA-FRS-46ML-06_1779507055110_rwtt5v.png?v=1781252425,,,,false,,false,exact,true,https://www.bestbottles.com/product/diva-design-46-ml-frosted-glass-bottle-shiny-silver-lotion-pump-and-cap,Shopify variant has no assigned image | Assigned remote image returned 404 | No exact Convex product plate | No exact catalog hero record | Source inventory contains only a cap-off view; assembled-front plate still needs recovery
LBDivaFrst46LtnShnSl__RETIRED__LB-DVA-CLR-46ML-06__kd70926p7hmhppth0xyx0a216x86ar41,LB-DVA-CLR-46ML-06,BB-GB-046-0099,Diva,Lotion Bottle,,remote_only_healthy,remote_only_plate_needed,P1,assigned,https://cdn.shopify.com/s/files/1/0739/9420/7524/files/LB-DVA-CLR-46ML-06__LBDivaFrst46LtnShnSl__pdp-main__v001.png?v=1781252394,https://cdn.shopify.com/s/files/1/0739/9420/7524/files/LB-DVA-CLR-46ML-06__LBDivaFrst46LtnShnSl__pdp-main__v001.png?v=1781252394,,,,false,,false,,false,https://www.bestbottles.com/product/diva-design-46-ml-frosted-glass-bottle-shiny-silver-lotion-pump-and-cap,No exact Convex product plate | No exact catalog hero record
LBDmnd2ozLtnClOvrCap,LB-DMD-CLR-60ML-LPM-COCP,BB-GB-060-0166,Diamond,Glass Bottle,kh79bywgdhw596ar2k3r4f9p2x8dphdv,source_match_pending,identity_review,P1,missing_variant_image,,https://cdn.shopify.com/s/files/1/0739/9420/7524/files/master_corrected_1779532325831_5w5jqo.png?v=1779532454,,,,false,,false,exact,false,https://www.bestbottles.com/product/diamond-design-2-oz-glass-bottle-clear-over-the-cap-lotion-pump-matte-silver-collar-cap,Shopify variant has no assigned image | Assigned remote image returned 404 | No exact Convex product plate | No exact catalog hero record | Source blocker: SAME_STEM_DIFFERENT_PHOTOGRAPH
LBDmnd2ozLtnCu,LB-DMD-CLR-60ML-LPM-CPR,BB-GB-060-0167,Diamond,Glass Bottle,kh79bywgdhw596ar2k3r4f9p2x8dphdv,source_match_pending,identity_review,P1,missing_variant_image,,https://cdn.shopify.com/s/files/1/0739/9420/7524/files/master_corrected_1779532267616_gyy9wa.png?v=1779532458,,,,false,,false,exact,false,https://www.bestbottles.com/product/diamond-design-2-oz-glass-bottle-matte-copper-lotion-pump-and-cap,Shopify variant has no assigned image | Assigned remote image returned 404 | No exact Convex product plate | No exact catalog hero record | Source blocker: SAME_STEM_DIFFERENT_PHOTOGRAPH
LBDmnd2ozLtnMtGl,LB-DMD-CLR-60ML-LPM-MGLD,BB-GB-060-0168,Diamond,Glass Bottle,kh79bywgdhw596ar2k3r4f9p2x8dphdv,source_match_pending,identity_review,P1,missing_variant_image,,https://cdn.shopify.com/s/files/1/0739/9420/7524/files/master_corrected_1779531987819_s6dnfp.png?v=1779532473,,,,false,/Users/jordanrichter/Projects/Clients/Nemat-International/Best-Bottles-Website-02-20-2026/.worktrees/priority-family-kits/public/images/catalog/bone-review/LBDmnd2ozLtnMtGl.887bd0702093.png,true,exact,false,https://www.bestbottles.com/product/diamond-design-2-oz-glass-bottle-matte-gold-lotion-pump-and-cap,Shopify variant has no assigned image | Assigned remote image returned 404 | No exact Convex product plate | Source blocker: SAME_STEM_DIFFERENT_PHOTOGRAPH
LBDmnd2ozLtnMtSl,LB-DMD-CLR-60ML-LPM-MSLV,BB-GB-060-0169,Diamond,Glass Bottle,kh79bywgdhw596ar2k3r4f9p2x8dphdv,source_match_pending,identity_review,P1,missing_variant_image,,https://cdn.shopify.com/s/files/1/0739/9420/7524/files/master_corrected_1779532152903_z6x9pr.png?v=1779532466,,,,false,,false,exact,false,https://www.bestbottles.com/product/diamond-design-2-oz-glass-bottle-matte-silver-lotion-pump-and-capsilver-matte-cap,Shopify variant has no assigned image | Assigned remote image returned 404 | No exact Convex product plate | No exact catalog hero record | Source blocker: SAME_STEM_DIFFERENT_PHOTOGRAPH
LBDmnd2ozLtnShnBlk,LB-DMD-CLR-60ML-LPM-SBLK,BB-GB-060-0170,Diamond,Glass Bottle,kh79bywgdhw596ar2k3r4f9p2x8dphdv,source_match_pending,identity_review,P1,missing_variant_image,,https://cdn.shopify.com/s/files/1/0739/9420/7524/files/master_corrected_1779532099314_1vz10s.png?v=1781252484,,,,false,,false,exact,false,https://www.bestbottles.com/product/diamond-design-2-oz-glass-bottle-shiny-black-lotion-pump-and-capblack-shiny-cap,Shopify variant has no assigned image | Assigned remote image returned 404 | No exact Convex product plate | No exact catalog hero record | Source blocker: SAME_STEM_DIFFERENT_PHOTOGRAPH
LBDmnd2ozLtnShnGl,LB-DMD-CLR-60ML-LPM-SGLD,BB-GB-060-0171,Diamond,Glass Bottle,kh79bywgdhw596ar2k3r4f9p2x8dphdv,source_match_pending,identity_review,P1,missing_variant_image,,https://cdn.shopify.com/s/files/1/0739/9420/7524/files/master_corrected_1779532042364_wnatoh.png?v=1779532470,,,,false,,false,exact,false,https://www.bestbottles.com/product/diamond-design-2-oz-glass-bottle-shiny-gold-lotion-pump-and-cap,Shopify variant has no assigned image | Assigned remote image returned 404 | No exact Convex product plate | No exact catalog hero record | Source blocker: SAME_STEM_DIFFERENT_PHOTOGRAPH
LBDmnd2ozLtnShnSl,LB-DMD-CLR-60ML-LPM-SSLV,BB-GB-060-0172,Diamond,Glass Bottle,kh79bywgdhw596ar2k3r4f9p2x8dphdv,source_match_pending,identity_review,P1,missing_variant_image,,https://cdn.shopify.com/s/files/1/0739/9420/7524/files/master_corrected_1779532211279_7c61p5.png?v=1779532462,,,,false,,false,exact,false,https://www.bestbottles.com/product/diamond-design-2-oz-glass-bottle-shiny-silver-lotion-pump-and-capshiny-silver-cap,Shopify variant has no assigned image | Assigned remote image returned 404 | No exact Convex product plate | No exact catalog hero record | Source blocker: SAME_STEM_DIFFERENT_PHOTOGRAPH
LBElg100LtnClOvrCap,LB-ELG-CLR-100ML-LPM-COCP,BB-GB-100-0352,Elegant,Glass Bottle,kh72bexvf4zjs8jda5jgz1y8en8dp37d,source_match_pending,identity_review,P1,missing_variant_image,,https://cdn.shopify.com/s/files/1/0739/9420/7524/files/master_corrected_1779596741492_v229hm.png?v=1781251595,,,,false,,false,exact,false,https://www.bestbottles.com/product/elegant-design-105-ml-glass-bottle-clear-over-the-cap-lotion-pump-matte-silver-collar-cap,Shopify variant has no assigned image | Assigned remote image returned 404 | No exact Convex product plate | No exact catalog hero record | Source blocker: SAME_STEM_DIFFERENT_PHOTOGRAPH
LBElg100LtnCu,LB-ELG-CLR-100ML-LPM-CPR,BB-GB-100-0353,Elegant,Glass Bottle,kh72bexvf4zjs8jda5jgz1y8en8dp37d,source_match_pending,identity_review,P1,missing_variant_image,,https://cdn.shopify.com/s/files/1/0739/9420/7524/files/master_corrected_1779597072851_n3ilur.png?v=1781251595,,,,false,,false,exact,false,https://www.bestbottles.com/product/elegant-design-105-ml-glass-bottle-matte-copper-lotion-pump-and-cap,Shopify variant has no assigned image | Assigned remote image returned 404 | No exact Convex product plate | No exact catalog hero record | Source blocker: SAME_STEM_DIFFERENT_PHOTOGRAPH
LBElg100LtnMtGl,LB-ELG-CLR-100ML-LPM-MGLD,BB-GB-100-0354,Elegant,Glass Bottle,kh72bexvf4zjs8jda5jgz1y8en8dp37d,source_match_pending,identity_review,P1,missing_variant_image,,https://cdn.shopify.com/s/files/1/0739/9420/7524/files/master_corrected_1779596794296_mem1py.png?v=1781251596,,,,false,/Users/jordanrichter/Projects/Clients/Nemat-International/Best-Bottles-Website-02-20-2026/.worktrees/priority-family-kits/public/images/catalog/bone-review/LBElg100LtnMtGl.c590ba70cd2a.png,true,exact,false,https://www.bestbottles.com/product/elegant-design-105-ml-glass-bottle-matte-gold-lotion-pump-and-cap,Shopify variant has no assigned image | Assigned remote image returned 404 | No exact Convex product plate | Source blocker: SAME_STEM_DIFFERENT_PHOTOGRAPH
LBElg100LtnMtSl,LB-ELG-CLR-100ML-LPM-MSLV,BB-GB-100-0355,Elegant,Glass Bottle,kh72bexvf4zjs8jda5jgz1y8en8dp37d,source_match_pending,identity_review,P1,missing_variant_image,,https://cdn.shopify.com/s/files/1/0739/9420/7524/files/master_corrected_1779596956833_xmgwln.png?v=1781251596,,,,false,,false,exact,false,https://www.bestbottles.com/product/elegant-design-105-ml-glass-bottle-matte-silver-lotion-pump-and-cap,Shopify variant has no assigned image | Assigned remote image returned 404 | No exact Convex product plate | No exact catalog hero record | Source blocker: SAME_STEM_DIFFERENT_PHOTOGRAPH
LBElg100LtnShnBlk,LB-ELG-CLR-100ML-LPM-SBLK,BB-GB-100-0356,Elegant,Glass Bottle,kh72bexvf4zjs8jda5jgz1y8en8dp37d,source_match_pending,identity_review,P1,missing_variant_image,,https://cdn.shopify.com/s/files/1/0739/9420/7524/files/master_corrected_1779596901867_k8fofp.png?v=1781251595,,,,false,,false,exact,false,https://www.bestbottles.com/product/elegant-design-105-ml-glass-bottle-shiny-black-lotion-pump-and-cap,Shopify variant has no assigned image | Assigned remote image returned 404 | No exact Convex product plate | No exact catalog hero record | Source blocker: SAME_STEM_DIFFERENT_PHOTOGRAPH
LBElg100LtnShnGl,LB-ELG-CLR-100ML-LPM-SGLD,BB-GB-100-0357,Elegant,Glass Bottle,kh72bexvf4zjs8jda5jgz1y8en8dp37d,source_match_pending,identity_review,P1,missing_variant_image,,https://cdn.shopify.com/s/files/1/0739/9420/7524/files/master_corrected_1779596849840_iax441.png?v=1781251595,,,,false,,false,exact,false,https://www.bestbottles.com/product/elegant-design-105-ml-glass-bottle-shiny-gold-lotion-pump-and-cap,Shopify variant has no assigned image | Assigned remote image returned 404 | No exact Convex product plate | No exact catalog hero record | Source blocker: SAME_STEM_DIFFERENT_PHOTOGRAPH
LBElg100LtnShnSl,LB-ELG-CLR-100ML-LPM-SSLV,BB-GB-100-0358,Elegant,Glass Bottle,kh72bexvf4zjs8jda5jgz1y8en8dp37d,source_match_pending,identity_review,P1,missing_variant_image,,https://cdn.shopify.com/s/files/1/0739/9420/7524/files/master_corrected_1779597008974_kkkyrm.png?v=1781251595,,,,false,,false,exact,false,https://www.bestbottles.com/product/elegant-design-105-ml-glass-bottle-shiny-silver-lotion-pump-and-cap,Shopify variant has no assigned image | Assigned remote image returned 404 | No exact Convex product plate | No exact catalog hero record | Source blocker: SAME_STEM_DIFFERENT_PHOTOGRAPH
LBElg60LtnClrOvrCap,LB-ELG-CLR-60ML-LPM-COCP,BB-GB-060-0173,Elegant,Glass Bottle,kh71tj35br18tk4d1qpxfnbttx8dq74c,source_match_pending,identity_review,P1,missing_variant_image,,https://cdn.shopify.com/s/files/1/0739/9420/7524/files/LB-ELG-CLR-60ML-LPM-COCP_1779482983920_sxs0yq.png?v=1781252491,,,,false,,false,exact,false,https://www.bestbottles.com/product/elegant-design-60-ml-glass-bottle-clear-over-the-cap-lotion-pump-matte-silver-collar-cap,Shopify variant has no assigned image | Assigned remote image returned 404 | No exact Convex product plate | No exact catalog hero record | Source blocker: SAME_STEM_DIFFERENT_PHOTOGRAPH
LBElg60LtnCu,LB-ELG-CLR-60ML-LPM-CPR,BB-GB-060-0174,Elegant,Glass Bottle,kh71tj35br18tk4d1qpxfnbttx8dq74c,source_match_pending,identity_review,P1,missing_variant_image,,https://cdn.shopify.com/s/files/1/0739/9420/7524/files/LB-ELG-CLR-60ML-LPM-CPR_1779482988111_ojl3nf.png?v=1781252491,,,,false,,false,exact,false,https://www.bestbottles.com/product/elegant-design-60-ml-glass-bottle-matte-copper-lotion-pump-and-cap,Shopify variant has no assigned image | Assigned remote image returned 404 | No exact Convex product plate | No exact catalog hero record | Source blocker: SAME_STEM_DIFFERENT_PHOTOGRAPH
LBElg60LtnMtGl,LB-ELG-CLR-60ML-LPM-MGLD,BB-GB-060-0175,Elegant,Glass Bottle,kh71tj35br18tk4d1qpxfnbttx8dq74c,source_match_pending,identity_review,P1,missing_variant_image,,https://cdn.shopify.com/s/files/1/0739/9420/7524/files/LB-ELG-CLR-60ML-LPM-MGLD_1779482984708_yqqnkn.png?v=1781252492,,,,false,/Users/jordanrichter/Projects/Clients/Nemat-International/Best-Bottles-Website-02-20-2026/.worktrees/priority-family-kits/public/images/catalog/bone-review/LBElg60LtnMtGl.b5928974d71b.png,true,exact,false,https://www.bestbottles.com/product/elegant-design-60-ml-glass-bottle-matte-gold-lotion-pump-and-cap,Shopify variant has no assigned image | Assigned remote image returned 404 | No exact Convex product plate | Source blocker: SAME_STEM_DIFFERENT_PHOTOGRAPH
LBElg60LtnMtSl,LB-ELG-CLR-60ML-LPM-MSLV,BB-GB-060-0176,Elegant,Glass Bottle,kh71tj35br18tk4d1qpxfnbttx8dq74c,source_match_pending,identity_review,P1,missing_variant_image,,https://cdn.shopify.com/s/files/1/0739/9420/7524/files/LB-ELG-CLR-60ML-LPM-MSLV_1779482978036_xjlbmk.png?v=1781252491,,,,false,,false,exact,false,https://www.bestbottles.com/product/elegant-design-60-ml-glass-bottle-matte-silver-lotion-pump-and-cap,Shopify variant has no assigned image | Assigned remote image returned 404 | No exact Convex product plate | No exact catalog hero record | Source blocker: SAME_STEM_DIFFERENT_PHOTOGRAPH
LBElg60LtnShnBlk,LB-ELG-CLR-60ML-LPM-SBLK,BB-GB-060-0177,Elegant,Glass Bottle,kh71tj35br18tk4d1qpxfnbttx8dq74c,source_match_pending,identity_review,P1,missing_variant_image,,https://cdn.shopify.com/s/files/1/0739/9420/7524/files/LB-ELG-CLR-60ML-LPM-SBLK_1779482981327_z8hjau.png?v=1781252491,,,,false,,false,exact,false,https://www.bestbottles.com/product/elegant-design-60-ml-glass-bottle-shiny-black-lotion-pump-and-cap,Shopify variant has no assigned image | Assigned remote image returned 404 | No exact Convex product plate | No exact catalog hero record | Source blocker: SAME_STEM_DIFFERENT_PHOTOGRAPH
LBElg60LtnShnGl,LB-ELG-CLR-60ML-LPM-SGLD,BB-GB-060-0178,Elegant,Glass Bottle,kh71tj35br18tk4d1qpxfnbttx8dq74c,source_match_pending,identity_review,P1,missing_variant_image,,https://cdn.shopify.com/s/files/1/0739/9420/7524/files/LB-ELG-CLR-60ML-LPM-SGLD_1779482987155_wq63p2.png?v=1781252491,,,,false,,false,exact,false,https://www.bestbottles.com/product/elegant-design-60-ml-glass-bottle-shiny-gold-lotion-pump-and-cap,Shopify variant has no assigned image | Assigned remote image returned 404 | No exact Convex product plate | No exact catalog hero record | Source blocker: SAME_STEM_DIFFERENT_PHOTOGRAPH
LBElg60LtnShnSl,LB-ELG-CLR-60ML-LPM-SSLV,BB-GB-060-0179,Elegant,Glass Bottle,kh71tj35br18tk4d1qpxfnbttx8dq74c,source_match_pending,identity_review,P1,missing_variant_image,,https://cdn.shopify.com/s/files/1/0739/9420/7524/files/LB-ELG-CLR-60ML-LPM-SSLV_1779482980507_muqn55.png?v=1781252491,,,,false,,false,exact,false,https://www.bestbottles.com/product/elegant-design-60-ml-glass-bottle-shiny-silver-lotion-pump-and-cap,Shopify variant has no assigned image | Assigned remote image returned 404 | No exact Convex product plate | No exact catalog hero record | Source blocker: SAME_STEM_DIFFERENT_PHOTOGRAPH
LBEmp100LtnClOvrCap,LB-EMP-CLR-100ML-LPM-COCP,BB-GB-100-0368,Empire,Glass Bottle,kh70axz73gj5yecg35atg433zd8dps6z,source_match_pending,identity_review,P1,missing_variant_image,,https://cdn.shopify.com/s/files/1/0739/9420/7524/files/master_corrected_1779088932224_ybybsd.png?v=1779091225,,,,false,,false,exact,false,https://www.bestbottles.com/product/empire-design-100-ml-glass-bottle-clear-over-the-cap-lotion-pump-matte-silver-collar-cap,Shopify variant has no assigned image | Assigned remote image returned 404 | No exact Convex product plate | No exact catalog hero record | Source blocker: SAME_STEM_DIFFERENT_PHOTOGRAPH
LBEmp100LtnCu,LB-EMP-CLR-100ML-LPM-CPR,BB-GB-100-0369,Empire,Glass Bottle,kh70axz73gj5yecg35atg433zd8dps6z,source_match_pending,identity_review,P1,missing_variant_image,,https://cdn.shopify.com/s/files/1/0739/9420/7524/files/master_corrected_1779089387770_1wfyca.png?v=1779091199,,,,false,,false,exact,false,https://www.bestbottles.com/product/empire-design-100-ml-glass-bottle-matte-copper-lotion-pump-and-cap,Shopify variant has no assigned image | Assigned remote image returned 404 | No exact Convex product plate | No exact catalog hero record | Source blocker: SAME_STEM_DIFFERENT_PHOTOGRAPH
LBEmp100LtnMtGl,LB-EMP-CLR-100ML-LPM-MGLD,BB-GB-100-0370,Empire,Glass Bottle,kh70axz73gj5yecg35atg433zd8dps6z,source_match_pending,identity_review,P1,missing_variant_image,,https://cdn.shopify.com/s/files/1/0739/9420/7524/files/master_corrected_1779088994150_lh4ahl.png?v=1779091221,,,,false,,false,exact,false,https://www.bestbottles.com/product/empire-design-100-ml-glass-bottle-matte-gold-lotion-pump-and-cap,Shopify variant has no assigned image | Assigned remote image returned 404 | No exact Convex product plate | No exact catalog hero record | Source blocker: SAME_STEM_DIFFERENT_PHOTOGRAPH
LBEmp100LtnMtSl,LB-EMP-CLR-100ML-LPM-MSLV,BB-GB-100-0371,Empire,Glass Bottle,kh70axz73gj5yecg35atg433zd8dps6z,source_match_pending,identity_review,P1,missing_variant_image,,https://cdn.shopify.com/s/files/1/0739/9420/7524/files/master_corrected_1779089178403_gcf7zy.png?v=1779091210,,,,false,,false,exact,false,https://www.bestbottles.com/product/empire-design-100-ml-glass-bottle-matte-silver-lotion-pump-and-cap,Shopify variant has no assigned image | Assigned remote image returned 404 | No exact Convex product plate | No exact catalog hero record | Source blocker: SAME_STEM_DIFFERENT_PHOTOGRAPH
LBEmp100LtnShnBlk,LB-EMP-CLR-100ML-LPM-SBLK,BB-GB-100-0372,Empire,Glass Bottle,kh70axz73gj5yecg35atg433zd8dps6z,source_match_pending,identity_review,P1,missing_variant_image,,https://cdn.shopify.com/s/files/1/0739/9420/7524/files/master_corrected_1779089118479_xk6ji4.png?v=1779091213,,,,false,,false,exact,false,https://www.bestbottles.com/product/empire-design-100-ml-glass-bottle-shiny-black-lotion-pump-and-cap,Shopify variant has no assigned image | Assigned remote image returned 404 | No exact Convex product plate | No exact catalog hero record | Source blocker: SAME_STEM_DIFFERENT_PHOTOGRAPH
LBEmp100LtnShnGl,LB-EMP-CLR-100ML-LPM-SGLD,BB-GB-100-0373,Empire,Glass Bottle,kh70axz73gj5yecg35atg433zd8dps6z,source_match_pending,identity_review,P1,missing_variant_image,,https://cdn.shopify.com/s/files/1/0739/9420/7524/files/master_corrected_1779089060128_6i8bhi.png?v=1779091217,,,,false,,false,exact,false,https://www.bestbottles.com/product/empire-design-100-ml-glass-bottle-shiny-gold-lotion-pump-and-cap,Shopify variant has no assigned image | Assigned remote image returned 404 | No exact Convex product plate | No exact catalog hero record | Source blocker: SAME_STEM_DIFFERENT_PHOTOGRAPH
LBEmp100LtnShnSl,LB-EMP-CLR-100ML-LPM-SSLV,BB-GB-100-0374,Empire,Glass Bottle,kh70axz73gj5yecg35atg433zd8dps6z,source_match_pending,identity_review,P1,missing_variant_image,,https://cdn.shopify.com/s/files/1/0739/9420/7524/files/master_corrected_1779089250099_duearg.png?v=1779091206,,,,false,,false,exact,false,https://www.bestbottles.com/product/empire-design-100-ml-glass-bottle-shiny-silver-lotion-pump-and-cap,Shopify variant has no assigned image | Assigned remote image returned 404 | No exact Convex product plate | No exact catalog hero record | Source blocker: SAME_STEM_DIFFERENT_PHOTOGRAPH
LBEmp50LtnClOvrCap,LB-EMP-CLR-50ML-LPM-COCP,BB-GB-050-0250,Empire,Glass Bottle,kh7542qstcqet4vy6vs71vg6sh8dpg9z,source_match_pending,identity_review,P1,missing_variant_image,,https://cdn.shopify.com/s/files/1/0739/9420/7524/files/master_corrected_1779384033172_z1iion.png?v=1779384241,,,,false,,false,exact,false,https://www.bestbottles.com/product/empire-design-50-ml-glass-bottle-clear-over-the-cap-lotion-pump-matte-silver-collar-cap,Shopify variant has no assigned image | Assigned remote image returned 404 | No exact Convex product plate | No exact catalog hero record | Source blocker: SAME_STEM_DIFFERENT_PHOTOGRAPH
LBEmp50LtnCu,LB-EMP-CLR-50ML-LPM-CPR,BB-GB-050-0251,Empire,Glass Bottle,kh7542qstcqet4vy6vs71vg6sh8dpg9z,source_match_pending,identity_review,P1,missing_variant_image,,https://cdn.shopify.com/s/files/1/0739/9420/7524/files/master_corrected_1779383975922_6ll3ye_0f09056a-c8e9-4b46-a029-b3c52cc3e85f.png?v=1779461302,,,,false,,false,exact,false,https://www.bestbottles.com/product/empire-design-50-ml-glass-bottle-matte-copper-lotion-pump-and-cap,Shopify variant has no assigned image | Assigned remote image returned 404 | No exact Convex product plate | No exact catalog hero record | Source blocker: SAME_STEM_DIFFERENT_PHOTOGRAPH
LBEmp50LtnMtGl,LB-EMP-CLR-50ML-LPM-MGLD,BB-GB-050-0252,Empire,Glass Bottle,kh7542qstcqet4vy6vs71vg6sh8dpg9z,source_match_pending,identity_review,P1,missing_variant_image,,https://cdn.shopify.com/s/files/1/0739/9420/7524/files/1777194525817-581e6031-8efd-4b96-9ca2-aca2ea1fbab3.png?v=1781252462,,,,false,,false,exact,false,https://www.bestbottles.com/product/empire-design-50-ml-glass-bottle-matte-gold-lotion-pump-and-cap,Shopify variant has no assigned image | Assigned remote image returned 404 | No exact Convex product plate | No exact catalog hero record | Source blocker: SAME_STEM_DIFFERENT_PHOTOGRAPH
LBEmp50LtnMtSl,LB-EMP-CLR-50ML-LPM-MSLV,BB-GB-050-0253,Empire,Glass Bottle,kh7542qstcqet4vy6vs71vg6sh8dpg9z,remote_only_healthy,remote_only_plate_needed,P1,missing_variant_image,,https://cdn.shopify.com/s/files/1/0739/9420/7524/files/master_corrected_1779383780030_mxurvg.png?v=1779384252,,,,false,,false,exact,false,https://www.bestbottles.com/product/empire-design-50-ml-glass-bottle-matte-silver-lotion-pump-and-cap,Shopify variant has no assigned image | No exact Convex product plate | No exact catalog hero record | Source blocker: SAME_STEM_DIFFERENT_PHOTOGRAPH
LBEmp50LtnShnBlk,LB-EMP-CLR-50ML-LPM-SBLK,BB-GB-050-0254,Empire,Glass Bottle,kh7542qstcqet4vy6vs71vg6sh8dpg9z,source_match_pending,identity_review,P1,missing_variant_image,,https://cdn.shopify.com/s/files/1/0739/9420/7524/files/master_corrected_1779383713948_j7oh0t.png?v=1779384259,,,,false,,false,exact,false,https://www.bestbottles.com/product/empire-design-50-ml-glass-bottle-shiny-black-lotion-pump-and-cap,Shopify variant has no assigned image | Assigned remote image returned 404 | No exact Convex product plate | No exact catalog hero record | Source blocker: SAME_STEM_DIFFERENT_PHOTOGRAPH
LBEmp50LtnShnGl,LB-EMP-CLR-50ML-LPM-SGLD,BB-GB-050-0255,Empire,Glass Bottle,kh7542qstcqet4vy6vs71vg6sh8dpg9z,source_match_pending,identity_review,P1,missing_variant_image,,https://cdn.shopify.com/s/files/1/0739/9420/7524/files/1779383773296-00f9a45e-574e-420e-bf73-fe9108a1ce69.png?v=1779384255,,,,false,,false,exact,false,https://www.bestbottles.com/product/empire-design-50-ml-glass-bottle-shiny-gold-lotion-pump-and-cap,Shopify variant has no assigned image | Assigned remote image returned 404 | No exact Convex product plate | No exact catalog hero record | Source blocker: SAME_STEM_DIFFERENT_PHOTOGRAPH
LBEmp50LtnShnSl,LB-EMP-CLR-50ML-LPM-SSLV,BB-GB-050-0256,Empire,Glass Bottle,kh7542qstcqet4vy6vs71vg6sh8dpg9z,source_match_pending,identity_review,P1,missing_variant_image,,https://cdn.shopify.com/s/files/1/0739/9420/7524/files/master_corrected_1779383848241_7q3xpt.png?v=1779384248,,,,false,,false,exact,false,https://www.bestbottles.com/product/empire-design-50-ml-glass-bottle-shiny-silver-lotion-pump-and-cap,Shopify variant has no assigned image | Assigned remote image returned 404 | No exact Convex product plate | No exact catalog hero record | Source blocker: SAME_STEM_DIFFERENT_PHOTOGRAPH
LBGrce55LtnClOvrCap,LB-GRC-CLR-55ML-LPM-COCP,BB-GB-055-0037,Grace,Glass Bottle,kh7d4hbjm3yr8jgce2ppbqac0d8dqgs3,source_match_pending,identity_review,P1,missing_variant_image,,https://cdn.shopify.com/s/files/1/0739/9420/7524/files/master_corrected_1779488717024_41d1i1.png?v=1779488812,,,,false,,false,exact,false,https://www.bestbottles.com/product/grace-design-55-ml-glass-bottle-clear-over-the-cap-lotion-pump-matte-silver-collar-cap,Shopify variant has no assigned image | Assigned remote image returned 404 | No exact Convex product plate | No exact catalog hero record | Source blocker: SAME_STEM_DIFFERENT_PHOTOGRAPH
LBGrce55LtnMtSl,LB-GRC-CLR-55ML-LPM-MSLV,BB-GB-055-0040,Grace,Glass Bottle,kh7d4hbjm3yr8jgce2ppbqac0d8dqgs3,source_match_pending,identity_review,P1,missing_variant_image,,https://cdn.shopify.com/s/files/1/0739/9420/7524/files/master_corrected_1779488454609_4jpf9j.png?v=1779488832,,,,false,,false,exact,false,https://www.bestbottles.com/product/grace-design-55-ml-glass-bottle-matte-silver-lotion-pump-and-capsilver-matte-cap,Shopify variant has no assigned image | Assigned remote image returned 404 | No exact Convex product plate | No exact catalog hero record | Source blocker: SAME_STEM_DIFFERENT_PHOTOGRAPH
LBGrce55LtnShnBlk,LB-GRC-CLR-55ML-LPM-SBLK,BB-GB-055-0041,Grace,Glass Bottle,kh7d4hbjm3yr8jgce2ppbqac0d8dqgs3,source_match_pending,identity_review,P1,missing_variant_image,,https://cdn.shopify.com/s/files/1/0739/9420/7524/files/master_corrected_1779488605167_cldj19.png?v=1779488820,,,,false,,false,exact,false,https://www.bestbottles.com/product/grace-design-55-ml-glass-bottle-shiny-black-lotion-pump-and-capblack-shiny-cap,Shopify variant has no assigned image | Assigned remote image returned 404 | No exact Convex product plate | No exact catalog hero record | Source blocker: SAME_STEM_DIFFERENT_PHOTOGRAPH
LBRnd78LtnClOvrCap,LB-RND-CLR-78ML-LPM-COCP,BB-GB-078-0073,Round,Glass Bottle,kh71n47hysn6vsjtj2n9dhj6fn8dp5j1,source_match_pending,identity_review,P1,missing_variant_image,,https://cdn.shopify.com/s/files/1/0739/9420/7524/files/LB-RND-CLR-78ML-LPM-COCP_1779532259265_6gruiv.png?v=1781252515,,,,false,,false,exact,false,https://www.bestbottles.com/product/round-design-78-ml-glass-bottle-clear-over-the-cap-lotion-pump-matte-silver-collar-cap,Shopify variant has no assigned image | Assigned remote image returned 404 | No exact Convex product plate | No exact catalog hero record | Source blocker: SAME_STEM_DIFFERENT_PHOTOGRAPH
LBRnd78LtnMtGl,LB-RND-CLR-78ML-LPM-MGLD,BB-GB-078-0075,Round,Glass Bottle,kh71n47hysn6vsjtj2n9dhj6fn8dp5j1,source_match_pending,identity_review,P1,missing_variant_image,,https://cdn.shopify.com/s/files/1/0739/9420/7524/files/LB-RND-CLR-78ML-LPM-MGLD_1779532259944_mg52rj.png?v=1781252515,,,,false,,false,exact,false,https://www.bestbottles.com/product/round-design-78-ml-glass-bottle-matte-gold-lotion-pump-and-cap,Shopify variant has no assigned image | Assigned remote image returned 404 | No exact Convex product plate | No exact catalog hero record | Source blocker: SAME_STEM_DIFFERENT_PHOTOGRAPH
LBRnd78LtnMtSl,LB-RND-CLR-78ML-LPM-MSLV,BB-GB-078-0076,Round,Glass Bottle,kh71n47hysn6vsjtj2n9dhj6fn8dp5j1,source_match_pending,identity_review,P1,missing_variant_image,,https://cdn.shopify.com/s/files/1/0739/9420/7524/files/LB-RND-CLR-78ML-LPM-MSLV_1779532256234_2mj04y.png?v=1781252515,,,,false,,false,exact,false,https://www.bestbottles.com/product/round-design-78-ml-glass-bottle-matte-silver-lotion-pump-and-cap,Shopify variant has no assigned image | Assigned remote image returned 404 | No exact Convex product plate | No exact catalog hero record | Source blocker: SAME_STEM_DIFFERENT_PHOTOGRAPH
LBRnd78LtnShnBlk,LB-RND-CLR-78ML-LPM-SBLK,BB-GB-078-0077,Round,Glass Bottle,kh71n47hysn6vsjtj2n9dhj6fn8dp5j1,source_match_pending,identity_review,P1,missing_variant_image,,https://cdn.shopify.com/s/files/1/0739/9420/7524/files/LB-RND-CLR-78ML-LPM-SBLK_1779532251198_orkgtr.png?v=1781252515,,,,false,,false,exact,false,https://www.bestbottles.com/product/round-design-78-ml-glass-bottle-shiny-black-lotion-pump-and-cap,Shopify variant has no assigned image | Assigned remote image returned 404 | No exact Convex product plate | No exact catalog hero record | Source blocker: SAME_STEM_DIFFERENT_PHOTOGRAPH
LBRnd78LtnShnGl,LB-RND-CLR-78ML-LPM-SGLD,BB-GB-078-0078,Round,Glass Bottle,kh71n47hysn6vsjtj2n9dhj6fn8dp5j1,source_match_pending,identity_review,P1,missing_variant_image,,https://cdn.shopify.com/s/files/1/0739/9420/7524/files/LB-RND-CLR-78ML-LPM-SGLD_1779532257835_qg3kdt.png?v=1781252515,,,,false,,false,exact,false,https://www.bestbottles.com/product/round-design-78-ml-glass-bottle-shiny-gold-lotion-pump-and-cap,Shopify variant has no assigned image | Assigned remote image returned 404 | No exact Convex product plate | No exact catalog hero record | Source blocker: SAME_STEM_DIFFERENT_PHOTOGRAPH
LBRnd78LtnShnSl,LB-RND-CLR-78ML-LPM-SSLV,BB-GB-078-0079,Round,Glass Bottle,kh71n47hysn6vsjtj2n9dhj6fn8dp5j1,source_match_pending,identity_review,P1,missing_variant_image,,https://cdn.shopify.com/s/files/1/0739/9420/7524/files/LB-RND-CLR-78ML-LPM-SSLV_1779532251904_07dsk0.png?v=1781252515,,,,false,,false,exact,false,https://www.bestbottles.com/product/round-design-78-ml-glass-bottle-shiny-silver-lotion-pump-and-cap,Shopify variant has no assigned image | Assigned remote image returned 404 | No exact Convex product plate | No exact catalog hero record | Source blocker: SAME_STEM_DIFFERENT_PHOTOGRAPH
LBRndFrst128LtnClOvrCap,LB-RND-FRS-128ML-LPM-CLR,BB-GB-128-0082,Round,Glass Bottle,kh7crve3q86ppgwvz6z6wgj8wd8dqcy7,remote_only_healthy,remote_only_plate_needed,P1,assigned,https://cdn.shopify.com/s/files/1/0739/9420/7524/files/LB-RND-FRS-128ML-LPM-CLR__LBRndFrst128LtnClOvrCap__pdp-main__v001.png?v=1781251625,https://cdn.shopify.com/s/files/1/0739/9420/7524/files/LB-RND-FRS-128ML-LPM-CLR__LBRndFrst128LtnClOvrCap__pdp-main__v001.png?v=1781251625,,,,false,,false,no-psd,false,https://www.bestbottles.com/product/round-design-128-ml-frosted-glass-bottle-clear-over-the-cap-lotion-pump-matte-silver-collar-cap,No exact Convex product plate | No exact catalog hero record | Source blocker: match:no-psd
LBRndFrst128LtnCu,LB-RND-FRS-128ML-LPM-CPR,BB-GB-128-0083,Round,Glass Bottle,kh7crve3q86ppgwvz6z6wgj8wd8dqcy7,source_match_pending,identity_review,P1,missing_variant_image,,https://cdn.shopify.com/s/files/1/0739/9420/7524/files/LB-RND-FRS-128ML-LPM-CPR.png?v=1781751560,,,,false,,false,exact,false,https://www.bestbottles.com/product/round-design-128-ml-frosted-glass-bottle-matte-copper-lotion-pump-and-cap,Shopify variant has no assigned image | Assigned remote image returned 404 | No exact Convex product plate | No exact catalog hero record | Source blocker: SAME_STEM_DIFFERENT_PHOTOGRAPH
LBRndFrst128LtnMtGl,LB-RND-FRS-128ML-LPM-MGLD,BB-GB-128-0084,Round,Glass Bottle,kh7crve3q86ppgwvz6z6wgj8wd8dqcy7,source_match_pending,identity_review,P1,missing_variant_image,,https://cdn.shopify.com/s/files/1/0739/9420/7524/files/LB-RND-FRS-128ML-LPM-MGLD_1779532297083_m1j7wf.png?v=1781251625,,,,false,/Users/jordanrichter/Projects/Clients/Nemat-International/Best-Bottles-Website-02-20-2026/.worktrees/priority-family-kits/public/images/catalog/round-enhancement/aligned/LBRndFrst128LtnMtGl.premium-aligned-v2.png,true,exact,false,https://www.bestbottles.com/product/round-design-128-ml-frosted-glass-bottle-matte-gold-lotion-pump-and-cap,Shopify variant has no assigned image | Assigned remote image returned 404 | No exact Convex product plate | Source blocker: SAME_STEM_DIFFERENT_PHOTOGRAPH
LBRndFrst128LtnMtSl,LB-RND-FRS-128ML-LPM-MSLV,BB-GB-128-0085,Round,Glass Bottle,kh7crve3q86ppgwvz6z6wgj8wd8dqcy7,source_match_pending,identity_review,P1,missing_variant_image,,https://cdn.shopify.com/s/files/1/0739/9420/7524/files/LB-RND-FRS-128ML-LPM-MSLV.png?v=1781751560,,,,false,,false,exact,false,https://www.bestbottles.com/product/round-design-128-ml-frosted-glass-bottle-matte-silver-lotion-pump-and-cap,Shopify variant has no assigned image | Assigned remote image returned 404 | No exact Convex product plate | No exact catalog hero record | Source blocker: SAME_STEM_DIFFERENT_PHOTOGRAPH
LBRndFrst128LtnShnBlk,LB-RND-FRS-128ML-LPM-SBLK,BB-GB-128-0086,Round,Glass Bottle,kh7crve3q86ppgwvz6z6wgj8wd8dqcy7,source_match_pending,identity_review,P1,missing_variant_image,,https://cdn.shopify.com/s/files/1/0739/9420/7524/files/LB-RND-FRS-128ML-LPM-SBLK.png?v=1781751561,,,,false,,false,exact,false,https://www.bestbottles.com/product/round-design-128-ml-frosted-glass-bottle-shiny-black-lotion-pump-and-cap,Shopify variant has no assigned image | Assigned remote image returned 404 | No exact Convex product plate | No exact catalog hero record | Source blocker: SAME_STEM_DIFFERENT_PHOTOGRAPH
LBRndFrst128LtnShnGl,LB-RND-FRS-128ML-LPM-SGLD,BB-GB-128-0087,Round,Glass Bottle,kh7crve3q86ppgwvz6z6wgj8wd8dqcy7,source_match_pending,identity_review,P1,missing_variant_image,,https://cdn.shopify.com/s/files/1/0739/9420/7524/files/LB-RND-FRS-128ML-LPM-SGLD.png?v=1781751561,,,,false,,false,exact,false,https://www.bestbottles.com/product/round-design-128-ml-frosted-glass-bottle-shiny-gold-lotion-pump-and-cap,Shopify variant has no assigned image | Assigned remote image returned 404 | No exact Convex product plate | No exact catalog hero record | Source blocker: SAME_STEM_DIFFERENT_PHOTOGRAPH
LBRndFrst128LtnShnSl,LB-RND-FRS-128ML-LPM-SSLV,BB-GB-128-0088,Round,Glass Bottle,kh7crve3q86ppgwvz6z6wgj8wd8dqcy7,remote_only_healthy,remote_only_plate_needed,P1,assigned,https://cdn.shopify.com/s/files/1/0739/9420/7524/files/LB-RND-FRS-128ML-LPM-SSLV__LBRndFrst128LtnShnSl__pdp-main__v001.png?v=1781251625,https://cdn.shopify.com/s/files/1/0739/9420/7524/files/LB-RND-FRS-128ML-LPM-SSLV__LBRndFrst128LtnShnSl__pdp-main__v001.png?v=1781251625,,,,false,,false,no-psd,false,https://www.bestbottles.com/product/round-design-128-ml-frosted-glass-bottle-shiny-silver-lotion-pump-and-cap,No exact Convex product plate | No exact catalog hero record | Source blocker: match:no-psd
LBRndFrst78LtnClOvrCap,LB-RND-FRS-78ML-T,BB-GB-078-0080,Round,Glass Bottle,kh763magvqtn0fpp7t3pf6xsn58dqxjr,source_match_pending,identity_review,P1,missing_variant_image,,https://cdn.shopify.com/s/files/1/0739/9420/7524/files/LB-RND-FRS-78ML-T_1779532258596_a9w49r.png?v=1781252527,,,,false,,false,exact,false,https://www.bestbottles.com/product/round-design-78-ml-frosted-glass-bottle-clear-over-the-cap-lotion-pump-matte-silver-collar-cap,Shopify variant has no assigned image | Assigned remote image returned 404 | No exact Convex product plate | No exact catalog hero record | Source blocker: SAME_STEM_DIFFERENT_PHOTOGRAPH
LBRndFrst78LtnCu,LB-RND-FRS-78ML-01,BB-GB-078-0081,Round,Glass Bottle,kh763magvqtn0fpp7t3pf6xsn58dqxjr,source_match_pending,identity_review,P1,missing_variant_image,,https://cdn.shopify.com/s/files/1/0739/9420/7524/files/LB-RND-FRS-78ML-01_1779532256913_dn1hbq.png?v=1781252527,,,,false,,false,exact,false,https://www.bestbottles.com/product/round-design-78-ml-frosted-glass-bottle-matte-copper-lotion-pump-and-cap,Shopify variant has no assigned image | Assigned remote image returned 404 | No exact Convex product plate | No exact catalog hero record | Source blocker: SAME_STEM_DIFFERENT_PHOTOGRAPH
LBRndFrst78LtnMtGl,LB-RND-FRS-78ML-02,BB-GB-078-0082,Round,Glass Bottle,kh763magvqtn0fpp7t3pf6xsn58dqxjr,source_match_pending,identity_review,P1,missing_variant_image,,https://cdn.shopify.com/s/files/1/0739/9420/7524/files/LB-RND-FRS-78ML-02_1779532254812_4ueqts.png?v=1781252527,,,,false,/Users/jordanrichter/Projects/Clients/Nemat-International/Best-Bottles-Website-02-20-2026/.worktrees/priority-family-kits/public/images/catalog/round-enhancement/aligned/LBRndFrst78LtnMtGl.premium-aligned-v2.png,true,exact,false,https://www.bestbottles.com/product/round-design-78-ml-frosted-glass-bottle-matte-gold-lotion-pump-and-cap,Shopify variant has no assigned image | Assigned remote image returned 404 | No exact Convex product plate | Source blocker: SAME_STEM_DIFFERENT_PHOTOGRAPH
LBRndFrst78LtnMtSl,LB-RND-FRS-78ML-03,BB-GB-078-0083,Round,Glass Bottle,kh763magvqtn0fpp7t3pf6xsn58dqxjr,source_match_pending,identity_review,P1,missing_variant_image,,https://cdn.shopify.com/s/files/1/0739/9420/7524/files/LB-RND-FRS-78ML-03_1779532255574_10azb9.png?v=1781252527,,,,false,,false,exact,false,https://www.bestbottles.com/product/round-design-78-ml-frosted-glass-bottle-matte-silver-lotion-pump-and-cap,Shopify variant has no assigned image | Assigned remote image returned 404 | No exact Convex product plate | No exact catalog hero record | Source blocker: SAME_STEM_DIFFERENT_PHOTOGRAPH
LBRndFrst78LtnShnBlk,LB-RND-FRS-78ML-04,BB-GB-078-0084,Round,Glass Bottle,kh763magvqtn0fpp7t3pf6xsn58dqxjr,source_match_pending,identity_review,P1,missing_variant_image,,https://cdn.shopify.com/s/files/1/0739/9420/7524/files/LB-RND-FRS-78ML-04_1779532252555_7bts9p.png?v=1781252527,,,,false,,false,exact,false,https://www.bestbottles.com/product/round-design-78-ml-frosted-glass-bottle-shiny-black-lotion-pump-and-cap,Shopify variant has no assigned image | Assigned remote image returned 404 | No exact Convex product plate | No exact catalog hero record | Source blocker: SAME_STEM_DIFFERENT_PHOTOGRAPH
LBRndFrst78LtnShnGl,LB-RND-FRS-78ML-05,BB-GB-078-0085,Round,Glass Bottle,kh763magvqtn0fpp7t3pf6xsn58dqxjr,source_match_pending,identity_review,P1,missing_variant_image,,https://cdn.shopify.com/s/files/1/0739/9420/7524/files/LB-RND-FRS-78ML-05_1779532253197_9il5dq.png?v=1781252527,,,,false,,false,exact,false,https://www.bestbottles.com/product/round-design-78-ml-frosted-glass-bottle-shiny-gold-lotion-pump-and-cap,Shopify variant has no assigned image | Assigned remote image returned 404 | No exact Convex product plate | No exact catalog hero record | Source blocker: SAME_STEM_DIFFERENT_PHOTOGRAPH
LBRndFrst78LtnShnSl,LB-RND-FRS-78ML-06,BB-GB-078-0086,Round,Glass Bottle,kh763magvqtn0fpp7t3pf6xsn58dqxjr,source_match_pending,identity_review,P1,missing_variant_image,,https://cdn.shopify.com/s/files/1/0739/9420/7524/files/LB-RND-FRS-78ML-06_1779532254059_7iu9yo.png?v=1781252527,,,,false,,false,exact,false,https://www.bestbottles.com/product/round-design-78-ml-frosted-glass-bottle-shiny-silver-lotion-pump-and-cap,Shopify variant has no assigned image | Assigned remote image returned 404 | No exact Convex product plate | No exact catalog hero record | Source blocker: SAME_STEM_DIFFERENT_PHOTOGRAPH
LBSlk100LtnShnBlk,LB-SLK-CLR-100ML-LPM-SBLK,BB-GB-100-0380,Sleek,Glass Bottle,kh7abrjv9h124y59wn6cx3j7xn8dq2fd,remote_only_healthy,remote_only_plate_needed,P1,assigned,https://cdn.shopify.com/s/files/1/0739/9420/7524/files/LBSlk100LtnShnBlk_b0521a25-b11e-4f4c-9be9-03c8bd6f9206.gif?v=1788391659,https://www.bestbottles.com/images/store/enlarged_pics/LBSlk100LtnShnBlk.gif,,,,false,,false,exact,false,https://www.bestbottles.com/product/sleek-design-100-ml-glass-bottle-shiny-black-lotion-pump-and-cap,No exact Convex product plate | No exact catalog hero record | Source blocker: SAME_STEM_DIFFERENT_PHOTOGRAPH
LBSlk30LtnClOvrCap,LB-SLK-CLR-30ML-LPM-COCP,BB-GB-030-0167,Sleek,Glass Bottle,kh782ba6hy4rhm6cpypew5kbgs8dq7d7,remote_only_healthy,remote_only_plate_needed,P1,assigned,https://cdn.shopify.com/s/files/1/0739/9420/7524/files/LBSlk30LtnClOvrCap_d10a73fd-0edf-464c-ad20-6229bed30fcf.gif?v=1788391667,https://www.bestbottles.com/images/store/enlarged_pics/LBSlk30LtnClOvrCap.gif,,,,false,,false,exact,false,https://www.bestbottles.com/product/sleek-design-30-ml-glass-bottle-clear-over-the-cap-lotion-pump-matte-silver-collar-cap,No exact Convex product plate | No exact catalog hero record | Source blocker: SAME_STEM_DIFFERENT_PHOTOGRAPH
LBSlk30LtnCu,LB-SLK-CLR-30ML-LPM-CPR,BB-GB-030-0168,Sleek,Glass Bottle,kh782ba6hy4rhm6cpypew5kbgs8dq7d7,remote_only_healthy,remote_only_plate_needed,P1,assigned,https://cdn.shopify.com/s/files/1/0739/9420/7524/files/LBSlk30LtnCu_d969e5e5-b900-4017-bf1a-37ea54fd9776.gif?v=1788391667,https://www.bestbottles.com/images/store/enlarged_pics/LBSlk30LtnCu.gif,,,,false,,false,exact,false,https://www.bestbottles.com/product/sleek-design-30-ml-glass-bottle-matte-copper-lotion-pump-and-cap,No exact Convex product plate | No exact catalog hero record | Source blocker: SAME_STEM_DIFFERENT_PHOTOGRAPH
LBSlk30LtnMtGl,LB-SLK-CLR-30ML-LPM-MGLD,BB-GB-030-0169,Sleek,Glass Bottle,kh782ba6hy4rhm6cpypew5kbgs8dq7d7,remote_only_healthy,remote_only_plate_needed,P1,assigned,https://cdn.shopify.com/s/files/1/0739/9420/7524/files/LBSlk30LtnMtGl_848719b1-f226-4486-9515-fc0ab60d789f.gif?v=1788391667,https://www.bestbottles.com/images/store/enlarged_pics/LBSlk30LtnMtGl.gif,,,,false,/Users/jordanrichter/Projects/Clients/Nemat-International/Best-Bottles-Website-02-20-2026/.worktrees/priority-family-kits/public/images/catalog/bone-review/LBSlk30LtnMtGl.0375e534b4e4.png,true,exact,false,https://www.bestbottles.com/product/sleek-design-30-ml-glass-bottle-matte-gold-lotion-pump-and-cap,No exact Convex product plate | Source blocker: SAME_STEM_DIFFERENT_PHOTOGRAPH
LBSlk30LtnMtSl,LB-SLK-CLR-30ML-LPM-MSLV,BB-GB-030-0170,Sleek,Glass Bottle,kh782ba6hy4rhm6cpypew5kbgs8dq7d7,remote_only_healthy,remote_only_plate_needed,P1,assigned,https://cdn.shopify.com/s/files/1/0739/9420/7524/files/LBSlk30LtnMtSl_8dc7271b-f9f8-4137-93b4-da7ee54c7cc2.gif?v=1788391667,https://www.bestbottles.com/images/store/enlarged_pics/LBSlk30LtnMtSl.gif,,,,false,,false,exact,false,https://www.bestbottles.com/product/sleek-design-30-ml-glass-bottle-matte-silver-lotion-pump-and-cap,No exact Convex product plate | No exact catalog hero record | Source blocker: SAME_STEM_DIFFERENT_PHOTOGRAPH
LBSlk30LtnShnBlk,LB-SLK-CLR-30ML-LPM-SBLK,BB-GB-030-0171,Sleek,Glass Bottle,kh782ba6hy4rhm6cpypew5kbgs8dq7d7,remote_only_healthy,remote_only_plate_needed,P1,assigned,https://cdn.shopify.com/s/files/1/0739/9420/7524/files/LBSlk30LtnShnBlk_c14c9e86-34f9-486d-bf8f-957c70f7c1f6.gif?v=1788391667,https://www.bestbottles.com/images/store/enlarged_pics/LBSlk30LtnShnBlk.gif,,,,false,,false,exact,false,https://www.bestbottles.com/product/sleek-design-30-ml-glass-bottle-shiny-black-lotion-pump-and-cap,No exact Convex product plate | No exact catalog hero record | Source blocker: SAME_STEM_DIFFERENT_PHOTOGRAPH
LBSlk30LtnShnGl,LB-SLK-CLR-30ML-LPM-SGLD,BB-GB-030-0172,Sleek,Glass Bottle,kh782ba6hy4rhm6cpypew5kbgs8dq7d7,remote_only_healthy,remote_only_plate_needed,P1,assigned,https://cdn.shopify.com/s/files/1/0739/9420/7524/files/LBSlk30LtnShnGl_1590bd53-1b3e-4337-884d-e1a846c3f25f.gif?v=1788391667,https://www.bestbottles.com/images/store/enlarged_pics/LBSlk30LtnShnGl.gif,,,,false,,false,exact,false,https://www.bestbottles.com/product/sleek-design-30-ml-glass-bottle-shiny-gold-lotion-pump-and-cap,No exact Convex product plate | No exact catalog hero record | Source blocker: SAME_STEM_DIFFERENT_PHOTOGRAPH
LBSlk30LtnShnSl,LB-SLK-CLR-30ML-LPM-SSLV,BB-GB-030-0173,Sleek,Glass Bottle,kh782ba6hy4rhm6cpypew5kbgs8dq7d7,remote_only_healthy,remote_only_plate_needed,P1,assigned,https://cdn.shopify.com/s/files/1/0739/9420/7524/files/LBSlk30LtnShnSl_c2d7a4bd-1c92-4b47-bac7-8a13385f0875.gif?v=1788391667,https://www.bestbottles.com/images/store/enlarged_pics/LBSlk30LtnShnSl.gif,,,,false,,false,exact,false,https://www.bestbottles.com/product/sleek-design-30-ml-glass-bottle-shiny-silver-lotion-pump-and-cap,No exact Convex product plate | No exact catalog hero record | Source blocker: SAME_STEM_DIFFERENT_PHOTOGRAPH
LBSlm100LtnCu,LB-SLM-CLR-100ML-LPM-CPR,BB-GB-100-0384,Slim,Glass Bottle,kh79a9kh1m10qc6fs924yhk6818dp8vp,remote_only_healthy,remote_only_plate_needed,P1,assigned,https://cdn.shopify.com/s/files/1/0739/9420/7524/files/LBSlm100LtnCu_a7ecc2a9-376a-4797-9b7c-832ce7dc4e5c.gif?v=1788391683,https://www.bestbottles.com/images/store/enlarged_pics/LBSlm100LtnCu.gif,,,,false,,false,exact,false,https://www.bestbottles.com/product/slim-design-100-ml-glass-bottle-matte-copper-lotion-pump-and-cap,No exact Convex product plate | No exact catalog hero record | Source blocker: SAME_STEM_DIFFERENT_PHOTOGRAPH
LBSlm100LtnMtGl,LB-SLM-CLR-100ML-LPM-MGLD,BB-GB-100-0385,Slim,Glass Bottle,kh79a9kh1m10qc6fs924yhk6818dp8vp,remote_only_healthy,remote_only_plate_needed,P1,assigned,https://cdn.shopify.com/s/files/1/0739/9420/7524/files/LBSlm100LtnMtGl_c4f3f605-beb0-4f36-8206-a619eb0c09fa.gif?v=1788391683,https://www.bestbottles.com/images/store/enlarged_pics/LBSlm100LtnMtGl.gif,,,,false,/Users/jordanrichter/Projects/Clients/Nemat-International/Best-Bottles-Website-02-20-2026/.worktrees/priority-family-kits/public/images/catalog/bone-review/LBSlm100LtnMtGl.511093c4de7b.png,true,exact,false,https://www.bestbottles.com/product/slim-design-100-ml-glass-bottle-matte-gold-lotion-pump-and-cap,No exact Convex product plate | Source blocker: SAME_STEM_DIFFERENT_PHOTOGRAPH
LBSlm100LtnMtSl,LB-SLM-CLR-100ML-LPM-MSLV,BB-GB-100-0386,Slim,Glass Bottle,kh79a9kh1m10qc6fs924yhk6818dp8vp,remote_only_healthy,remote_only_plate_needed,P1,assigned,https://cdn.shopify.com/s/files/1/0739/9420/7524/files/LBSlm100LtnMtSl_7ab2603c-b387-4078-b797-eb73ec59af26.gif?v=1788391683,https://www.bestbottles.com/images/store/enlarged_pics/LBSlm100LtnMtSl.gif,,,,false,,false,exact,false,https://www.bestbottles.com/product/slim-design-100-ml-glass-bottle-matte-silver-lotion-pump-and-cap,No exact Convex product plate | No exact catalog hero record | Source blocker: SAME_STEM_DIFFERENT_PHOTOGRAPH
LBSlm100LtnShnBlk,LB-SLM-CLR-100ML-LPM-SBLK,BB-GB-100-0387,Slim,Glass Bottle,kh79a9kh1m10qc6fs924yhk6818dp8vp,remote_only_healthy,remote_only_plate_needed,P1,assigned,https://cdn.shopify.com/s/files/1/0739/9420/7524/files/LBSlm100LtnShnBlk_abfc527b-e7e3-4df1-9ca2-539a490c524f.gif?v=1788391683,https://www.bestbottles.com/images/store/enlarged_pics/LBSlm100LtnShnBlk.gif,,,,false,,false,exact,false,https://www.bestbottles.com/product/slim-design-100-ml-glass-bottle-shiny-black-lotion-pump-and-cap,No exact Convex product plate | No exact catalog hero record | Source blocker: SAME_STEM_DIFFERENT_PHOTOGRAPH
LBSlm100LtnShnGl,LB-SLM-CLR-100ML-LPM-SGLD,BB-GB-100-0388,Slim,Glass Bottle,kh79a9kh1m10qc6fs924yhk6818dp8vp,remote_only_healthy,remote_only_plate_needed,P1,assigned,https://cdn.shopify.com/s/files/1/0739/9420/7524/files/LBSlm100LtnShnGl_aabb6fd2-8cb0-4759-9368-4b5711d39a73.gif?v=1788391683,https://www.bestbottles.com/images/store/enlarged_pics/LBSlm100LtnShnGl.gif,,,,false,,false,exact,false,https://www.bestbottles.com/product/slim-design-100-ml-glass-bottle-shiny-gold-lotion-pump-and-cap,No exact Convex product plate | No exact catalog hero record | Source blocker: SAME_STEM_DIFFERENT_PHOTOGRAPH
LBSlm100LtnShnSl,LB-SLM-CLR-100ML-LPM-SSLV,BB-GB-100-0389,Slim,Glass Bottle,kh79a9kh1m10qc6fs924yhk6818dp8vp,remote_only_healthy,remote_only_plate_needed,P1,assigned,https://cdn.shopify.com/s/files/1/0739/9420/7524/files/LBSlm100LtnShnSl_3a35db1b-7c43-48de-8cb5-0ab295bca771.gif?v=1788391683,https://www.bestbottles.com/images/store/enlarged_pics/LBSlm100LtnShnSl.gif,,,,false,,false,exact,false,https://www.bestbottles.com/product/slim-design-100-ml-glass-bottle-shiny-silver-lotion-pump-and-cap,No exact Convex product plate | No exact catalog hero record | Source blocker: SAME_STEM_DIFFERENT_PHOTOGRAPH
LBSlm100MtSlClOvrCap,LB-SLM-CLR-100ML-MSLV-T,BB-GB-100-0390,Slim,Glass Bottle,kh79a9kh1m10qc6fs924yhk6818dp8vp,remote_only_healthy,remote_only_plate_needed,P1,assigned,https://cdn.shopify.com/s/files/1/0739/9420/7524/files/LBSlm100MtSlClOvrCap_0f1ce1e3-9784-41f2-9886-b99197277c9c.gif?v=1788391683,https://www.bestbottles.com/images/store/enlarged_pics/LBSlm100MtSlClOvrCap.gif,,,,false,,false,exact,false,https://www.bestbottles.com/product/slim-design-100-ml-glass-bottle-clear-over-the-cap-lotion-pump-matte-silver-collar-cap,No exact Convex product plate | No exact catalog hero record | Source blocker: SAME_STEM_DIFFERENT_PHOTOGRAPH
LBSlm30LtnClOvrCap,LB-SLM-CLR-30ML-LPM-COCP,BB-GB-030-0175,Slim,Glass Bottle,kh7ff5ahtyjda9qhe28tg3bag58dqyp4,remote_only_healthy,remote_only_plate_needed,P1,assigned,https://cdn.shopify.com/s/files/1/0739/9420/7524/files/LBSlm30LtnClOvrCap_a2acb319-6d37-47ba-8001-b75ab3e4e9d1.gif?v=1788391691,https://www.bestbottles.com/images/store/enlarged_pics/LBSlm30LtnClOvrCap.gif,,,,false,,false,exact,false,https://www.bestbottles.com/product/slim-design-30-ml-glass-bottle-clear-over-the-cap-lotion-pump-matte-silver-collar-cap,No exact Convex product plate | No exact catalog hero record | Source blocker: SAME_STEM_DIFFERENT_PHOTOGRAPH
LBSlm30LtnCu,LB-SLM-CLR-30ML-LPM-CPR,BB-GB-030-0176,Slim,Glass Bottle,kh7ff5ahtyjda9qhe28tg3bag58dqyp4,remote_only_healthy,remote_only_plate_needed,P1,assigned,https://cdn.shopify.com/s/files/1/0739/9420/7524/files/LBSlm30LtnCu_cae3b850-8a8f-4b51-942e-f28e49d7aba6.gif?v=1788391691,https://www.bestbottles.com/images/store/enlarged_pics/LBSlm30LtnCu.gif,,,,false,,false,exact,false,https://www.bestbottles.com/product/slim-design-30-ml-glass-bottle-matte-copper-lotion-pump-and-cap,No exact Convex product plate | No exact catalog hero record | Source blocker: SAME_STEM_DIFFERENT_PHOTOGRAPH
LBSlm30LtnMtGl,LB-SLM-CLR-30ML-LPM-MGLD,BB-GB-030-0177,Slim,Glass Bottle,kh7ff5ahtyjda9qhe28tg3bag58dqyp4,remote_only_healthy,remote_only_plate_needed,P1,assigned,https://cdn.shopify.com/s/files/1/0739/9420/7524/files/LBSlm30LtnMtGl_be8fb94f-5607-4768-bc90-8e973834edf4.gif?v=1788391691,https://www.bestbottles.com/images/store/enlarged_pics/LBSlm30LtnMtGl.gif,,,,false,/Users/jordanrichter/Projects/Clients/Nemat-International/Best-Bottles-Website-02-20-2026/.worktrees/priority-family-kits/public/images/catalog/bone-review/LBSlm30LtnMtGl.f81d8b9a9fc3.png,true,exact,false,https://www.bestbottles.com/product/slim-design-30-ml-glass-bottle-matte-gold-lotion-pump-and-cap,No exact Convex product plate | Source blocker: SAME_STEM_DIFFERENT_PHOTOGRAPH
LBSlm30LtnMtSl,LB-SLM-CLR-30ML-LPM-MSLV,BB-GB-030-0178,Slim,Glass Bottle,kh7ff5ahtyjda9qhe28tg3bag58dqyp4,remote_only_healthy,remote_only_plate_needed,P1,assigned,https://cdn.shopify.com/s/files/1/0739/9420/7524/files/LBSlm30LtnMtSl_c109ed82-ed92-4449-b5d3-527e70f70b3a.gif?v=1788391691,https://www.bestbottles.com/images/store/enlarged_pics/LBSlm30LtnMtSl.gif,,,,false,,false,exact,false,https://www.bestbottles.com/product/slim-design-30-ml-glass-bottle-matte-silver-lotion-pump-and-cap,No exact Convex product plate | No exact catalog hero record | Source blocker: SAME_STEM_DIFFERENT_PHOTOGRAPH
LBSlm30LtnShnBlk,LB-SLM-CLR-30ML-LPM-SBLK,BB-GB-030-0179,Slim,Glass Bottle,kh7ff5ahtyjda9qhe28tg3bag58dqyp4,remote_only_healthy,remote_only_plate_needed,P1,assigned,https://cdn.shopify.com/s/files/1/0739/9420/7524/files/LBSlm30LtnShnBlk_a9fa3611-5f3e-474f-9d82-1bd5e2334df3.gif?v=1788391691,https://www.bestbottles.com/images/store/enlarged_pics/LBSlm30LtnShnBlk.gif,,,,false,,false,exact,false,https://www.bestbottles.com/product/slim-design-30-ml-glass-bottle-shiny-black-lotion-pump-and-cap,No exact Convex product plate | No exact catalog hero record | Source blocker: SAME_STEM_DIFFERENT_PHOTOGRAPH
LBSlm30LtnShnGl,LB-SLM-CLR-30ML-LPM-SGLD,BB-GB-030-0180,Slim,Glass Bottle,kh7ff5ahtyjda9qhe28tg3bag58dqyp4,remote_only_healthy,remote_only_plate_needed,P1,assigned,https://cdn.shopify.com/s/files/1/0739/9420/7524/files/LBSlm30LtnShnGl_68d8f8e1-1671-4cdb-943b-3e69ef5cf04e.gif?v=1788391691,https://www.bestbottles.com/images/store/enlarged_pics/LBSlm30LtnShnGl.gif,,,,false,,false,exact,false,https://www.bestbottles.com/product/slim-design-30-ml-glass-bottle-shiny-gold-lotion-pump-and-cap,No exact Convex product plate | No exact catalog hero record | Source blocker: SAME_STEM_DIFFERENT_PHOTOGRAPH
LBSlm30LtnShnSl,LB-SLM-CLR-30ML-LPM-SSLV,BB-GB-030-0181,Slim,Glass Bottle,kh7ff5ahtyjda9qhe28tg3bag58dqyp4,remote_only_healthy,remote_only_plate_needed,P1,missing_variant_image,,https://www.bestbottles.com/images/store/enlarged_pics/LBSlm30LtnShnSl.gif,,,,false,,false,exact,true,https://www.bestbottles.com/product/slim-design-30-ml-glass-bottle-shiny-silver-lotion-pump-and-cap,Shopify variant has no assigned image | No exact Convex product plate | No exact catalog hero record | Source inventory contains only a cap-off view; assembled-front plate still needs recovery
LBSlm50LtnClOvrCap,LB-SLM-CLR-50ML-LPM-COCP,BB-GB-050-0266,Slim,Glass Bottle,kh7f1qke86j6kmk0y7tgbz8m9d8dp61p,remote_only_healthy,remote_only_plate_needed,P1,assigned,https://cdn.shopify.com/s/files/1/0739/9420/7524/files/LBSlm50LtnClOvrCap_cdd9cf1d-32e6-4a39-8dfb-edd63005d0ca.gif?v=1788391698,https://www.bestbottles.com/images/store/enlarged_pics/LBSlm50LtnClOvrCap.gif,,,,false,,false,exact,false,https://www.bestbottles.com/product/slim-design-50-ml-glass-bottle-clear-over-the-cap-lotion-pump-matte-silver-collar-cap,No exact Convex product plate | No exact catalog hero record | Source blocker: SAME_STEM_DIFFERENT_PHOTOGRAPH
LBSlm50LtnCu,LB-SLM-CLR-50ML-LPM-CPR,BB-GB-050-0267,Slim,Glass Bottle,kh7f1qke86j6kmk0y7tgbz8m9d8dp61p,remote_only_healthy,remote_only_plate_needed,P1,assigned,https://cdn.shopify.com/s/files/1/0739/9420/7524/files/LBSlm50LtnCu_8ef4e82e-b939-4e24-bbd6-131e6a523e53.gif?v=1788391698,https://www.bestbottles.com/images/store/enlarged_pics/LBSlm50LtnCu.gif,,,,false,,false,exact,false,https://www.bestbottles.com/product/slim-design-50-ml-glass-bottle-matte-copper-lotion-pump-and-cap,No exact Convex product plate | No exact catalog hero record | Source blocker: SAME_STEM_DIFFERENT_PHOTOGRAPH
LBSlm50LtnMtGl,LB-SLM-CLR-50ML-LPM-MGLD,BB-GB-050-0268,Slim,Glass Bottle,kh7f1qke86j6kmk0y7tgbz8m9d8dp61p,remote_only_healthy,remote_only_plate_needed,P1,assigned,https://cdn.shopify.com/s/files/1/0739/9420/7524/files/LBSlm50LtnMtGl_2783f5e3-619d-4e59-b805-0eea8edec083.gif?v=1788391697,https://www.bestbottles.com/images/store/enlarged_pics/LBSlm50LtnMtGl.gif,,,,false,/Users/jordanrichter/Projects/Clients/Nemat-International/Best-Bottles-Website-02-20-2026/.worktrees/priority-family-kits/public/images/catalog/bone-review/LBSlm50LtnMtGl.699f3d4ef36b.png,true,exact,false,https://www.bestbottles.com/product/slim-design-50-ml-glass-bottle-matte-gold-lotion-pump-and-cap,No exact Convex product plate | Source blocker: SAME_STEM_DIFFERENT_PHOTOGRAPH
LBSlm50LtnMtSl,LB-SLM-CLR-50ML-LPM-MSLV,BB-GB-050-0269,Slim,Glass Bottle,kh7f1qke86j6kmk0y7tgbz8m9d8dp61p,remote_only_healthy,remote_only_plate_needed,P1,assigned,https://cdn.shopify.com/s/files/1/0739/9420/7524/files/LBSlm50LtnMtSl_f607d6c8-2486-44e9-8907-94db3e466634.gif?v=1788391697,https://www.bestbottles.com/images/store/enlarged_pics/LBSlm50LtnMtSl.gif,,,,false,,false,exact,false,https://www.bestbottles.com/product/slim-design-50-ml-glass-bottle-matte-silver-lotion-pump-and-cap,No exact Convex product plate | No exact catalog hero record | Source blocker: SAME_STEM_DIFFERENT_PHOTOGRAPH
LBSlm50LtnShnBlk,LB-SLM-CLR-50ML-LPM-SBLK,BB-GB-050-0270,Slim,Glass Bottle,kh7f1qke86j6kmk0y7tgbz8m9d8dp61p,remote_only_healthy,remote_only_plate_needed,P1,assigned,https://cdn.shopify.com/s/files/1/0739/9420/7524/files/LBSlm50LtnShnBlk_e765a868-5e73-44b9-be6d-95f2e6091b55.gif?v=1788391697,https://www.bestbottles.com/images/store/enlarged_pics/LBSlm50LtnShnBlk.gif,,,,false,,false,exact,false,https://www.bestbottles.com/product/slim-design-50-ml-glass-bottle-shiny-black-lotion-pump-and-cap,No exact Convex product plate | No exact catalog hero record | Source blocker: SAME_STEM_DIFFERENT_PHOTOGRAPH
LBSlm50LtnShnGl,LB-SLM-CLR-50ML-LPM-SGLD,BB-GB-050-0271,Slim,Glass Bottle,kh7f1qke86j6kmk0y7tgbz8m9d8dp61p,remote_only_healthy,remote_only_plate_needed,P1,assigned,https://cdn.shopify.com/s/files/1/0739/9420/7524/files/LBSlm50LtnShnGl_b1d42e6c-6df0-47dc-b82d-f0f79a377525.gif?v=1788391697,https://www.bestbottles.com/images/store/enlarged_pics/LBSlm50LtnShnGl.gif,,,,false,,false,exact,false,https://www.bestbottles.com/product/slim-design-50-ml-glass-bottle-shiny-gold-lotion-pump-and-cap,No exact Convex product plate | No exact catalog hero record | Source blocker: SAME_STEM_DIFFERENT_PHOTOGRAPH
LBSlm50LtnShnSl,LB-SLM-CLR-50ML-LPM-SSLV,BB-GB-050-0272,Slim,Glass Bottle,kh7f1qke86j6kmk0y7tgbz8m9d8dp61p,remote_only_healthy,remote_only_plate_needed,P1,assigned,https://cdn.shopify.com/s/files/1/0739/9420/7524/files/LBSlm50LtnShnSl_afcc81eb-205b-4c62-8a1b-e04eb8ef75e1.gif?v=1788391697,https://www.bestbottles.com/images/store/enlarged_pics/LBSlm50LtnShnSl.gif,,,,false,,false,exact,false,https://www.bestbottles.com/product/slim-design-50-ml-glass-bottle-shiny-silver-lotion-pump-and-cap,No exact Convex product plate | No exact catalog hero record | Source blocker: SAME_STEM_DIFFERENT_PHOTOGRAPH
Ltn18-415Cu__RETIRED__CMP-LPM-MTCP-18-415-05__kd784ex2me3vvcd85vy4a1a6js81thdk,CMP-LPM-MTCP-18-415-05,BB-LP-000-0050,Lotion Pump,Component,,remote_only_healthy,remote_only_plate_needed,P1,assigned,https://cdn.shopify.com/s/files/1/0739/9420/7524/files/CMP-LPM-CPR-18-415__Ltn18-415Cu__pdp-main__v001_216276e5-4f36-4dc1-9ef7-c46a9affaa23.png?v=1781251986,https://cdn.shopify.com/s/files/1/0739/9420/7524/files/CMP-LPM-CPR-18-415__Ltn18-415Cu__pdp-main__v001_216276e5-4f36-4dc1-9ef7-c46a9affaa23.png?v=1781251986,,,,false,,false,,false,https://www.bestbottles.com/product/lotion-top-copper-color-18-415,No exact Convex product plate | No exact catalog hero record
Ltn18-415MtGl__RETIRED__CMP-LPM-MTGD-18-415-07__kd77fjwrtm2y66dsm6a968d8w181tc1a,CMP-LPM-MTGD-18-415-07,BB-LP-000-0052,Lotion Pump,Component,,remote_only_healthy,remote_only_plate_needed,P1,assigned,https://cdn.shopify.com/s/files/1/0739/9420/7524/files/CMP-LPM-MGLD-18-415__Ltn18-415MtGl__pdp-main__v001.png?v=1781251985,https://cdn.shopify.com/s/files/1/0739/9420/7524/files/CMP-LPM-MGLD-18-415__Ltn18-415MtGl__pdp-main__v001.png?v=1781251985,,,,false,,false,,false,https://www.bestbottles.com/product/lotion-top-matte-gold-color-18-415,No exact Convex product plate | No exact catalog hero record
Ltn18-415MtSl__RETIRED__CMP-LPM-MTSL-18-415-06__kd77x3d2kkebyajsdjqje2g1a981tq25,CMP-LPM-MTSL-18-415-06,BB-LP-000-0054,Lotion Pump,Component,,remote_only_healthy,remote_only_plate_needed,P1,assigned,https://cdn.shopify.com/s/files/1/0739/9420/7524/files/CMP-LPM-MSLV-18-415-01__Ltn18-415MtSl__pdp-main__v001_472af63d-1d19-466b-aafc-acb6a5bb8748.png?v=1781251985,https://cdn.shopify.com/s/files/1/0739/9420/7524/files/CMP-LPM-MSLV-18-415-01__Ltn18-415MtSl__pdp-main__v001_472af63d-1d19-466b-aafc-acb6a5bb8748.png?v=1781251985,,,,false,,false,,false,https://www.bestbottles.com/product/lotion-top-matte-silver-color-18-415,No exact Convex product plate | No exact catalog hero record
OBagBlack4x6,ACC-ORG-BLK-4X6,BB-PK-000-0015,Gift Bag,Packaging,kh7dv98ff5k47m8n7g93wxa0v58dqj29,remote_only_healthy,remote_only_plate_needed,P1,assigned,https://cdn.shopify.com/s/files/1/0739/9420/7524/files/ACC-ORG-BLK-4X6__OBagBlack4x6__pdp-main__v001.png?v=1781252406,https://cdn.shopify.com/s/files/1/0739/9420/7524/files/ACC-ORG-BLK-4X6__OBagBlack4x6__pdp-main__v001.png?v=1781252406,,,,false,/Users/jordanrichter/Projects/Clients/Nemat-International/Best-Bottles-Website-02-20-2026/.worktrees/priority-family-kits/public/images/catalog/bone-review/OBagBlack4x6.d9cfce4cd9ec.png,true,no-psd,false,https://www.bestbottles.com/product/Organza-Sheer-Bag-pouch-Black--4x6,No exact Convex product plate | Source blocker: match:no-psd | Source blocker: familyId:missing:neck
OBagBlack5x8,ACC-ORG-BLK-5X8,BB-PK-000-0016,Gift Bag,Packaging,kh7dv98ff5k47m8n7g93wxa0v58dqj29,remote_only_healthy,remote_only_plate_needed,P1,assigned,https://cdn.shopify.com/s/files/1/0739/9420/7524/files/ACC-ORG-BLK-5X8__OBagBlack5x8__pdp-main__v001.png?v=1781252406,https://cdn.shopify.com/s/files/1/0739/9420/7524/files/ACC-ORG-BLK-5X8__OBagBlack5x8__pdp-main__v001.png?v=1781252406,,,,false,,false,no-psd,false,https://www.bestbottles.com/product/Organza-Sheer-Gift-Bag-Pouch-Black-5x8,No exact Convex product plate | No exact catalog hero record | Source blocker: match:no-psd | Source blocker: familyId:missing:neck
OBagChGreen4x6,ACC-ORG-CHGN-4X6,BB-PK-000-0017,Gift Bag,Packaging,kh7f7bj0rdj3gsftgre77ytbpn8dqh0p,remote_only_healthy,remote_only_plate_needed,P1,missing_variant_image,,https://www.bestbottles.com/images/store/enlarged_pics/OBagChGreen5x8.gif,,,,false,,false,no-psd,false,https://www.bestbottles.com/product/Organza-Sheer-Gift-Bag-Pouch-Green-4x6,Shopify variant has no assigned image | No exact Convex product plate | No exact catalog hero record | Source blocker: match:no-psd | Source blocker: familyId:missing:neck
OBagChGreen5x8,ACC-ORG-CHGN-5X8,BB-PK-000-0018,Gift Bag,Packaging,kh7f7bj0rdj3gsftgre77ytbpn8dqh0p,remote_only_healthy,remote_only_plate_needed,P1,assigned,https://cdn.shopify.com/s/files/1/0739/9420/7524/files/ACC-ORG-CHGN-5X8__OBagChGreen5x8__pdp-main__v001.png?v=1781252406,https://cdn.shopify.com/s/files/1/0739/9420/7524/files/ACC-ORG-CHGN-5X8__OBagChGreen5x8__pdp-main__v001.png?v=1781252406,,,,false,/Users/jordanrichter/Projects/Clients/Nemat-International/Best-Bottles-Website-02-20-2026/.worktrees/priority-family-kits/public/images/catalog/bone-review/OBagChGreen5x8.8f18cee01245.png,true,no-psd,false,https://www.bestbottles.com/product/Organza-Sheer-Gift-Bag-Pouch-Green-5x8,No exact Convex product plate | Source blocker: match:no-psd | Source blocker: familyId:missing:neck
OBagGold4x6,ACC-ORG-GLD-4X6,BB-PK-000-0019,Gift Bag,Packaging,kh77hs7jt1yw1s9pd6rmw7fw0x8dp4y6,remote_only_healthy,remote_only_plate_needed,P1,assigned,https://cdn.shopify.com/s/files/1/0739/9420/7524/files/ACC-ORG-GLD-4X6__OBagGold4x6__pdp-main__v001.png?v=1781252406,https://cdn.shopify.com/s/files/1/0739/9420/7524/files/ACC-ORG-GLD-4X6__OBagGold4x6__pdp-main__v001.png?v=1781252406,,,,false,/Users/jordanrichter/Projects/Clients/Nemat-International/Best-Bottles-Website-02-20-2026/.worktrees/priority-family-kits/public/images/catalog/bone-review/OBagGold4x6.dbc6f7f0df50.png,true,no-psd,false,https://www.bestbottles.com/product/Organza-Sheer-Gift-Bag-Pouch-Gold-4x6,No exact Convex product plate | Source blocker: match:no-psd | Source blocker: familyId:missing:neck
OBagGold5x8,ACC-ORG-GLD-5X8,BB-PK-000-0020,Gift Bag,Packaging,kh77hs7jt1yw1s9pd6rmw7fw0x8dp4y6,remote_only_healthy,remote_only_plate_needed,P1,assigned,https://cdn.shopify.com/s/files/1/0739/9420/7524/files/ACC-ORG-GLD-5X8__OBagGold5x8__pdp-main__v001.png?v=1781252406,https://cdn.shopify.com/s/files/1/0739/9420/7524/files/ACC-ORG-GLD-5X8__OBagGold5x8__pdp-main__v001.png?v=1781252406,,,,false,,false,no-psd,false,https://www.bestbottles.com/product/Organza-Sheer-Gift-Bag-Pouch-Gold-5x8,No exact Convex product plate | No exact catalog hero record | Source blocker: match:no-psd | Source blocker: familyId:missing:neck
OBagIvory4x6,ACC-ORG-IVY-4X6,BB-PK-000-0021,Gift Bag,Packaging,kh78nka5eq3tth0c5erzy04bxn8dpffe,remote_only_healthy,remote_only_plate_needed,P1,assigned,https://cdn.shopify.com/s/files/1/0739/9420/7524/files/ACC-ORG-IVY-4X6__OBagIvory4x6__pdp-main__v001.png?v=1781252406,https://cdn.shopify.com/s/files/1/0739/9420/7524/files/ACC-ORG-IVY-4X6__OBagIvory4x6__pdp-main__v001.png?v=1781252406,,,,false,/Users/jordanrichter/Projects/Clients/Nemat-International/Best-Bottles-Website-02-20-2026/.worktrees/priority-family-kits/public/images/catalog/bone-review/OBagIvory4x6.d901ff4d960b.png,true,no-psd,false,https://www.bestbottles.com/product/Organza-Sheer-Gift-Bag-Ivory-4x6,No exact Convex product plate | Source blocker: match:no-psd | Source blocker: familyId:missing:neck
OBagLavender5x8,ACC-ORG-LVN-5X8,BB-PK-000-0022,Gift Bag,Packaging,kh77xn3th2b64q5bpa393emeen8dqvhk,remote_only_healthy,remote_only_plate_needed,P1,assigned,https://cdn.shopify.com/s/files/1/0739/9420/7524/files/ACC-ORG-LVN-5X8__OBagLavender5x8__pdp-main__v001.png?v=1781252406,https://cdn.shopify.com/s/files/1/0739/9420/7524/files/ACC-ORG-LVN-5X8__OBagLavender5x8__pdp-main__v001.png?v=1781252406,,,,false,/Users/jordanrichter/Projects/Clients/Nemat-International/Best-Bottles-Website-02-20-2026/.worktrees/priority-family-kits/public/images/catalog/bone-review/OBagLavender5x8.d30b0d9b4a49.png,true,no-psd,false,https://www.bestbottles.com/product/Organza-Sheer-Gift-Bag-Pouch-Lavender-5x8,No exact Convex product plate | Source blocker: match:no-psd | Source blocker: familyId:missing:neck
OBagLightPurple5x8,ACC-ORG-LTPR-5X8,BB-PK-000-0023,Gift Bag,Packaging,kh75nrg57v8jz6a3vx4jegtqg58dqph0,remote_only_healthy,remote_only_plate_needed,P1,assigned,https://cdn.shopify.com/s/files/1/0739/9420/7524/files/ACC-ORG-LTPR-5X8__OBagLightPurple5x8__pdp-main__v001.png?v=1781252406,https://cdn.shopify.com/s/files/1/0739/9420/7524/files/ACC-ORG-LTPR-5X8__OBagLightPurple5x8__pdp-main__v001.png?v=1781252406,,,,false,/Users/jordanrichter/Projects/Clients/Nemat-International/Best-Bottles-Website-02-20-2026/.worktrees/priority-family-kits/public/images/catalog/bone-review/OBagLightPurple5x8.13e3cff31105.png,true,no-psd,false,https://www.bestbottles.com/product/Organza-Sheer-Gift-Bag-Pouch-Light-Purple-5x8,No exact Convex product plate | Source blocker: match:no-psd | Source blocker: familyId:missing:neck
OBagPink4x6,ACC-ORG-PNK-4X6,BB-PK-000-0024,Gift Bag,Packaging,kh7avyxy29fcg48xw3y4k8wc7d8dpw6d,remote_only_healthy,remote_only_plate_needed,P1,assigned,https://cdn.shopify.com/s/files/1/0739/9420/7524/files/ACC-ORG-PNK-4X6__OBagPink4x6__pdp-main__v001.png?v=1781252406,https://cdn.shopify.com/s/files/1/0739/9420/7524/files/ACC-ORG-PNK-4X6__OBagPink4x6__pdp-main__v001.png?v=1781252406,,,,false,/Users/jordanrichter/Projects/Clients/Nemat-International/Best-Bottles-Website-02-20-2026/.worktrees/priority-family-kits/public/images/catalog/bone-review/OBagPink4x6.f4a1225b957e.png,true,no-psd,false,https://www.bestbottles.com/product/Organza-Sheer-Gift-Bag-Pink-4x6,No exact Convex product plate | Source blocker: match:no-psd | Source blocker: familyId:missing:neck
OBagPurple4x6,ACC-ORG-PRP-4X6,BB-PK-000-0025,Gift Bag,Packaging,kh75nrg57v8jz6a3vx4jegtqg58dqph0,remote_only_healthy,remote_only_plate_needed,P1,assigned,https://cdn.shopify.com/s/files/1/0739/9420/7524/files/ACC-ORG-PRP-4X6__OBagPurple4x6__pdp-main__v001.png?v=1781252406,https://cdn.shopify.com/s/files/1/0739/9420/7524/files/ACC-ORG-PRP-4X6__OBagPurple4x6__pdp-main__v001.png?v=1781252406,,,,false,,false,no-psd,false,https://www.bestbottles.com/product/Organza-Sheer-Gift-Bag-Purple-4x6,No exact Convex product plate | No exact catalog hero record | Source blocker: match:no-psd | Source blocker: familyId:missing:neck
OBagRed4x6,ACC-ORG-RED-4X6,BB-PK-000-0026,Gift Bag,Packaging,kh73mhre1rzayq7gyrvagg29xd8dpcwr,remote_only_healthy,remote_only_plate_needed,P1,assigned,https://cdn.shopify.com/s/files/1/0739/9420/7524/files/ACC-ORG-RED-4X6__OBagRed4x6__pdp-main__v001.png?v=1781252406,https://cdn.shopify.com/s/files/1/0739/9420/7524/files/ACC-ORG-RED-4X6__OBagRed4x6__pdp-main__v001.png?v=1781252406,,,,false,/Users/jordanrichter/Projects/Clients/Nemat-International/Best-Bottles-Website-02-20-2026/.worktrees/priority-family-kits/public/images/catalog/bone-review/OBagRed4x6.cd653b032430.png,true,no-psd,false,https://www.bestbottles.com/product/Organza-Sheer-Gift-Bag-Pouch-Red-4x6,No exact Convex product plate | Source blocker: match:no-psd | Source blocker: familyId:missing:neck
OBagRed5x8,ACC-ORG-RED-5X8,BB-PK-000-0027,Gift Bag,Packaging,kh73mhre1rzayq7gyrvagg29xd8dpcwr,remote_only_healthy,remote_only_plate_needed,P1,assigned,https://cdn.shopify.com/s/files/1/0739/9420/7524/files/ACC-ORG-RED-5X8__OBagRed5x8__pdp-main__v001.png?v=1781252406,https://cdn.shopify.com/s/files/1/0739/9420/7524/files/ACC-ORG-RED-5X8__OBagRed5x8__pdp-main__v001.png?v=1781252406,,,,false,,false,no-psd,false,https://www.bestbottles.com/product/Organza-Sheer-Gift-Bag-Pouch-Red-5x8,No exact Convex product plate | No exact catalog hero record | Source blocker: match:no-psd | Source blocker: familyId:missing:neck
OBagSilver4x6,ACC-ORG-SLV-4X6-02,BB-PK-000-0028,Gift Bag,Packaging,kh7ayj8nhnb1han15c3jp7zdv18dqaf6,remote_only_healthy,remote_only_plate_needed,P1,assigned,https://cdn.shopify.com/s/files/1/0739/9420/7524/files/ACC-ORG-SLV-4X6-02__OBagSilver4x6__pdp-main__v001.png?v=1781252406,https://cdn.shopify.com/s/files/1/0739/9420/7524/files/ACC-ORG-SLV-4X6-02__OBagSilver4x6__pdp-main__v001.png?v=1781252406,,,,false,/Users/jordanrichter/Projects/Clients/Nemat-International/Best-Bottles-Website-02-20-2026/.worktrees/priority-family-kits/public/images/catalog/bone-review/OBagSilver4x6.900344809669.png,true,no-psd,false,https://www.bestbottles.com/product/Organza-Sheer-Gift-Bag-Silver-4x6,No exact Convex product plate | Source blocker: match:no-psd | Source blocker: familyId:missing:neck
PB10SpryNat,CMP-SPR-CLR-10ML,BB-SP-000-0241,Plastic Bottle,Plastic Bottle,kh755tpd48navw8v7pfa8r8mhh8dq8rp,remote_only_healthy,remote_only_plate_needed,P1,assigned,https://cdn.shopify.com/s/files/1/0739/9420/7524/files/CMP-SPR-CLR-10ML__PB10SpryNat__pdp-main__v001.png?v=1781251811,https://cdn.shopify.com/s/files/1/0739/9420/7524/files/CMP-SPR-CLR-10ML__PB10SpryNat__pdp-main__v001.png?v=1781251811,,,,false,/Users/jordanrichter/Projects/Clients/Nemat-International/Best-Bottles-Website-02-20-2026/.worktrees/priority-family-kits/public/images/catalog/bone-review/PB10SpryNat.6bfd27acc04d.png,true,exact,false,https://www.bestbottles.com/product/Plastic-Bottle-Clear-Natural-sprayer-10ml,No exact Convex product plate | Source blocker: familyId:missing:neck
PB1ozSprySl,CMP-SPR-SLV-,BB-SP-000-0243,Plastic Bottle,Plastic Bottle,kh782vydjf8gk0qchkxp761bxh8dphk5,remote_only_healthy,remote_only_plate_needed,P1,assigned,https://cdn.shopify.com/s/files/1/0739/9420/7524/files/CMP-SPR-SLV-__PB1ozSprySl__pdp-main__v001.png?v=1781251824,https://cdn.shopify.com/s/files/1/0739/9420/7524/files/CMP-SPR-SLV-__PB1ozSprySl__pdp-main__v001.png?v=1781251824,,,,false,,false,no-psd,false,https://www.bestbottles.com/product/Plastic-bottle-container-clear-Silver-sprayer-1oz,No exact Convex product plate | No exact catalog hero record | Source blocker: match:no-psd
Plastic,ACC-FNL-02,BB-AC-000-0028,Tool,Accessory,kh70eayvrbmk3mgxn79ts9s0vh8dqe0p,no_verified_source,source_recovery,P0,missing_variant_image,,https://cdn.shopify.com/s/files/1/0739/9420/7524/files/master_corrected_1779533295423_48yl9k_6965b0bc-ec6d-49f1-a89f-d446af521a0f.png?v=1781252377,,,,false,/Users/jordanrichter/Projects/Clients/Nemat-International/Best-Bottles-Website-02-20-2026/.worktrees/priority-family-kits/public/images/catalog/bone-review/Plastic.88dc2d2aadc7.png,true,no-psd,false,https://www.bestbottles.com/product/Funnel-Plastic-small,Shopify variant has no assigned image | Assigned remote image returned 404 | No exact Convex product plate | Source blocker: match:no-psd | Source blocker: familyId:missing:neck
REF-CMP-PLUG-BLK-VIAL,CMP-PLUG-BLK-VIAL,kd74hxawj87b96ra2xe1hbd5h58dp304,Plug/Applicator,Component,,no_verified_source,source_recovery,P0,sku_not_found,,,,,,false,,false,,false,,Grace SKU was not found in Shopify variants | No exact Convex product plate | No exact catalog hero record
REF-CMP-PLUG-WHT-VIAL,CMP-PLUG-WHT-VIAL,kd71he8z00pgnka1x9dj048w8h8dp7wb,Plug/Applicator,Component,,no_verified_source,source_recovery,P0,sku_not_found,,,,,,false,,false,,false,,Grace SKU was not found in Shopify variants | No exact Convex product plate | No exact catalog hero record
RecloseableBags12x15,ACC-RCB-12X15,BB-PK-000-0029,Packaging Supply,Packaging,kh779fhbr8nhfxa9z08m7mwtjs8dp0vd,remote_only_healthy,remote_only_plate_needed,P1,assigned,https://cdn.shopify.com/s/files/1/0739/9420/7524/files/ACC-RCB-12X15__RecloseableBags12x15__pdp-main__v001.png?v=1781252478,https://cdn.shopify.com/s/files/1/0739/9420/7524/files/ACC-RCB-12X15__RecloseableBags12x15__pdp-main__v001.png?v=1781252478,,,,false,/Users/jordanrichter/Projects/Clients/Nemat-International/Best-Bottles-Website-02-20-2026/.worktrees/priority-family-kits/public/images/catalog/bone-review/RecloseableBags12x15.f6d0c8b65a64.png,true,no-psd,false,https://www.bestbottles.com/product/Plastic-Reclosable-bag-Clear-12x15,No exact Convex product plate | Source blocker: match:no-psd | Source blocker: familyId:missing:neck
RecloseableBags2x10,ACC-RCB-2X10,BB-PK-000-0030,Packaging Supply,Packaging,kh779fhbr8nhfxa9z08m7mwtjs8dp0vd,remote_only_healthy,remote_only_plate_needed,P1,assigned,https://cdn.shopify.com/s/files/1/0739/9420/7524/files/ACC-RCB-2X10__RecloseableBags2x10__pdp-main__v001.png?v=1781252478,https://cdn.shopify.com/s/files/1/0739/9420/7524/files/ACC-RCB-2X10__RecloseableBags2x10__pdp-main__v001.png?v=1781252478,,,,false,,false,no-psd,false,https://www.bestbottles.com/product/Plastic-Reclosable-bag-Clear-Incense-2x10,No exact Convex product plate | No exact catalog hero record | Source blocker: match:no-psd | Source blocker: familyId:missing:neck
RecloseableBags2x12,ACC-RCB-2X12,BB-PK-000-0031,Packaging Supply,Packaging,kh779fhbr8nhfxa9z08m7mwtjs8dp0vd,remote_only_healthy,remote_only_plate_needed,P1,assigned,https://cdn.shopify.com/s/files/1/0739/9420/7524/files/ACC-RCB-2X12__RecloseableBags2x12__pdp-main__v001.png?v=1781252478,https://cdn.shopify.com/s/files/1/0739/9420/7524/files/ACC-RCB-2X12__RecloseableBags2x12__pdp-main__v001.png?v=1781252478,,,,false,,false,no-psd,false,https://www.bestbottles.com/product/Plastic-Reclosable-bag-Clear-Incense-2x12,No exact Convex product plate | No exact catalog hero record | Source blocker: match:no-psd | Source blocker: familyId:missing:neck
RecloseableBags3x12,ACC-RCB-3X12,BB-PK-000-0032,Packaging Supply,Packaging,kh73dkcdvdqbh2v7mnhvc54e5x8dp9t0,remote_only_healthy,remote_only_plate_needed,P1,assigned,https://cdn.shopify.com/s/files/1/0739/9420/7524/files/ACC-RCB-3X12__RecloseableBags3x12__pdp-main__v001.png?v=1781252478,https://cdn.shopify.com/s/files/1/0739/9420/7524/files/ACC-RCB-3X12__RecloseableBags3x12__pdp-main__v001.png?v=1781252478,,,,false,/Users/jordanrichter/Projects/Clients/Nemat-International/Best-Bottles-Website-02-20-2026/.worktrees/priority-family-kits/public/images/catalog/bone-review/RecloseableBags3x12.6e526dda7347.png,true,no-psd,false,https://www.bestbottles.com/product/Plastic-Reclosable-bag-Clear-Incense-3x12,No exact Convex product plate | Source blocker: match:no-psd | Source blocker: familyId:missing:neck
RecloseableBags3x3,ACC-RCB-3X3-02,BB-PK-000-0033,Packaging Supply,Packaging,kh73dkcdvdqbh2v7mnhvc54e5x8dp9t0,remote_only_healthy,remote_only_plate_needed,P1,assigned,https://cdn.shopify.com/s/files/1/0739/9420/7524/files/ACC-RCB-3X3-02__RecloseableBags3x3__pdp-main__v001.png?v=1781252478,https://cdn.shopify.com/s/files/1/0739/9420/7524/files/ACC-RCB-3X3-02__RecloseableBags3x3__pdp-main__v001.png?v=1781252478,,,,false,,false,no-psd,false,https://www.bestbottles.com/product/Plastic-Reclosable-bag-Clear-3x3,No exact Convex product plate | No exact catalog hero record | Source blocker: match:no-psd | Source blocker: familyId:missing:neck
RecloseableBags3x4,ACC-RCB-3X4,BB-PK-000-0034,Packaging Supply,Packaging,kh779fhbr8nhfxa9z08m7mwtjs8dp0vd,remote_only_healthy,remote_only_plate_needed,P1,assigned,https://cdn.shopify.com/s/files/1/0739/9420/7524/files/ACC-RCB-3X4__RecloseableBags3x4__pdp-main__v001.png?v=1781252478,https://cdn.shopify.com/s/files/1/0739/9420/7524/files/ACC-RCB-3X4__RecloseableBags3x4__pdp-main__v001.png?v=1781252478,,,,false,,false,no-psd,false,https://www.bestbottles.com/product/Plastic-Reclosable-Bag-Clear-3x4,No exact Convex product plate | No exact catalog hero record | Source blocker: match:no-psd | Source blocker: familyId:missing:neck
RecloseableBags4X5,ACC-RCB-4X5,BB-PK-000-0035,Packaging Supply,Packaging,kh779fhbr8nhfxa9z08m7mwtjs8dp0vd,remote_only_healthy,remote_only_plate_needed,P1,assigned,https://cdn.shopify.com/s/files/1/0739/9420/7524/files/ACC-RCB-4X5__RecloseableBags4X5__pdp-main__v001.png?v=1781252478,https://cdn.shopify.com/s/files/1/0739/9420/7524/files/ACC-RCB-4X5__RecloseableBags4X5__pdp-main__v001.png?v=1781252478,,,,false,,false,no-psd,false,https://www.bestbottles.com/product/Plastic-Reclosable-bag-Clear-4x5,No exact Convex product plate | No exact catalog hero record | Source blocker: match:no-psd | Source blocker: familyId:missing:neck
RecloseableBags4X6,ACC-RCB-4X6-01,BB-PK-000-0036,Packaging Supply,Packaging,kh779fhbr8nhfxa9z08m7mwtjs8dp0vd,remote_only_healthy,remote_only_plate_needed,P1,assigned,https://cdn.shopify.com/s/files/1/0739/9420/7524/files/ACC-RCB-4X6-01__RecloseableBags4X6__pdp-main__v001.png?v=1781252478,https://cdn.shopify.com/s/files/1/0739/9420/7524/files/ACC-RCB-4X6-01__RecloseableBags4X6__pdp-main__v001.png?v=1781252478,,,,false,,false,no-psd,false,https://www.bestbottles.com/product/Plastic-Reclosable-bag-Clear-4x6,No exact Convex product plate | No exact catalog hero record | Source blocker: match:no-psd | Source blocker: familyId:missing:neck
RecloseableBags4X8,ACC-RCB-4X8,BB-PK-000-0037,Packaging Supply,Packaging,kh779fhbr8nhfxa9z08m7mwtjs8dp0vd,remote_only_healthy,remote_only_plate_needed,P1,assigned,https://cdn.shopify.com/s/files/1/0739/9420/7524/files/ACC-RCB-4X8__RecloseableBags4X8__pdp-main__v001.png?v=1781252478,https://cdn.shopify.com/s/files/1/0739/9420/7524/files/ACC-RCB-4X8__RecloseableBags4X8__pdp-main__v001.png?v=1781252478,,,,false,,false,no-psd,false,https://www.bestbottles.com/product/Plastic-Reclosable-bag-Clear-4x8,No exact Convex product plate | No exact catalog hero record | Source blocker: match:no-psd | Source blocker: familyId:missing:neck
RecloseableBags4x12,ACC-RCB-4X12,BB-PK-000-0038,Packaging Supply,Packaging,kh779fhbr8nhfxa9z08m7mwtjs8dp0vd,remote_only_healthy,remote_only_plate_needed,P1,assigned,https://cdn.shopify.com/s/files/1/0739/9420/7524/files/ACC-RCB-4X12__RecloseableBags4x12__pdp-main__v001.png?v=1781252478,https://cdn.shopify.com/s/files/1/0739/9420/7524/files/ACC-RCB-4X12__RecloseableBags4x12__pdp-main__v001.png?v=1781252478,,,,false,,false,no-psd,false,https://www.bestbottles.com/product/Plastic-reclosable-Bag-Clear-4x12,No exact Convex product plate | No exact catalog hero record | Source blocker: match:no-psd | Source blocker: familyId:missing:neck
RecloseableBags6x10,ACC-RCB-6X10,BB-PK-000-0039,Packaging Supply,Packaging,kh779fhbr8nhfxa9z08m7mwtjs8dp0vd,remote_only_healthy,remote_only_plate_needed,P1,assigned,https://cdn.shopify.com/s/files/1/0739/9420/7524/files/ACC-RCB-6X10__RecloseableBags6x10__pdp-main__v001.png?v=1781252478,https://cdn.shopify.com/s/files/1/0739/9420/7524/files/ACC-RCB-6X10__RecloseableBags6x10__pdp-main__v001.png?v=1781252478,,,,false,,false,no-psd,false,https://www.bestbottles.com/product/Plastic-Reclosable-bag-Clear-6x10,No exact Convex product plate | No exact catalog hero record | Source blocker: match:no-psd | Source blocker: familyId:missing:neck
RecloseableBags9x12,ACC-RCB-9X12,BB-PK-000-0040,Packaging Supply,Packaging,kh779fhbr8nhfxa9z08m7mwtjs8dp0vd,no_verified_source,source_recovery,P0,missing_variant_image,,,,,,false,,false,no-psd,false,https://www.bestbottles.com/product/Plastic-Reclosable-bag-Clear-8x12,Shopify variant has no assigned image | No exact Convex product plate | No exact catalog hero record | Source blocker: match:no-psd | Source blocker: familyId:missing:neck
VBagBlack4x3,ACC-VLV-BLK-4X3,BB-PK-000-0041,Gift Bag,Packaging,kh7dv98ff5k47m8n7g93wxa0v58dqj29,remote_only_healthy,remote_only_plate_needed,P1,assigned,https://cdn.shopify.com/s/files/1/0739/9420/7524/files/ACC-VLV-BLK-4X3__VBagBlack4x3__pdp-main__v001.png?v=1781252406,https://cdn.shopify.com/s/files/1/0739/9420/7524/files/ACC-VLV-BLK-4X3__VBagBlack4x3__pdp-main__v001.png?v=1781252406,,,,false,,false,no-psd,false,https://www.bestbottles.com/product/Velveteen-gift-bag-Red-4x3,No exact Convex product plate | No exact catalog hero record | Source blocker: match:no-psd | Source blocker: familyId:missing:neck
VBagBlack4x5,ACC-VLV-BLK-4X5,BB-PK-000-0042,Gift Bag,Packaging,kh7dv98ff5k47m8n7g93wxa0v58dqj29,remote_only_healthy,remote_only_plate_needed,P1,assigned,https://cdn.shopify.com/s/files/1/0739/9420/7524/files/ACC-VLV-BLK-4X5__VBagBlack4x5__pdp-main__v001.png?v=1781252406,https://cdn.shopify.com/s/files/1/0739/9420/7524/files/ACC-VLV-BLK-4X5__VBagBlack4x5__pdp-main__v001.png?v=1781252406,,,,false,,false,no-psd,false,https://www.bestbottles.com/product/Small-velveteen-Black-gift-bag-pouch-4x5,No exact Convex product plate | No exact catalog hero record | Source blocker: match:no-psd | Source blocker: familyId:missing:neck
VBagBlue4x3,ACC-VLV-BLU-4X3,BB-PK-000-0043,Gift Bag,Packaging,kh785spvas1e84b39y93s730rd8dp92f,remote_only_healthy,remote_only_plate_needed,P1,assigned,https://cdn.shopify.com/s/files/1/0739/9420/7524/files/ACC-VLV-BLU-4X3__VBagBlue4x3__pdp-main__v001.png?v=1781252406,https://cdn.shopify.com/s/files/1/0739/9420/7524/files/ACC-VLV-BLU-4X3__VBagBlue4x3__pdp-main__v001.png?v=1781252406,,,,false,/Users/jordanrichter/Projects/Clients/Nemat-International/Best-Bottles-Website-02-20-2026/.worktrees/priority-family-kits/public/images/catalog/bone-review/VBagBlue4x3.480ee6ac6afb.png,true,no-psd,false,https://www.bestbottles.com/product/Velveteen-gift-bag-pouch-Blue-4x3,No exact Convex product plate | Source blocker: match:no-psd | Source blocker: familyId:missing:neck
VBagGreen4x3,ACC-VLV-GRN-4X3,BB-PK-000-0044,Gift Bag,Packaging,kh7f7bj0rdj3gsftgre77ytbpn8dqh0p,remote_only_healthy,remote_only_plate_needed,P1,assigned,https://cdn.shopify.com/s/files/1/0739/9420/7524/files/ACC-VLV-GRN-4X3__VBagGreen4x3__pdp-main__v001.png?v=1781252406,https://cdn.shopify.com/s/files/1/0739/9420/7524/files/ACC-VLV-GRN-4X3__VBagGreen4x3__pdp-main__v001.png?v=1781252406,,,,false,,false,no-psd,false,https://www.bestbottles.com/product/Velveteen-gift-bag-pouch-Green-4x3,No exact Convex product plate | No exact catalog hero record | Source blocker: match:no-psd | Source blocker: familyId:missing:neck
VBagGreen4x5,ACC-VLV-GRN-4X5,BB-PK-000-0045,Gift Bag,Packaging,kh7f7bj0rdj3gsftgre77ytbpn8dqh0p,remote_only_healthy,remote_only_plate_needed,P1,assigned,https://cdn.shopify.com/s/files/1/0739/9420/7524/files/ACC-VLV-GRN-4X5__VBagGreen4x5__pdp-main__v001.png?v=1781252406,https://cdn.shopify.com/s/files/1/0739/9420/7524/files/ACC-VLV-GRN-4X5__VBagGreen4x5__pdp-main__v001.png?v=1781252406,,,,false,,false,no-psd,false,https://www.bestbottles.com/product/Small-velveteen-Green-bag-pouch-4x5,No exact Convex product plate | No exact catalog hero record | Source blocker: match:no-psd | Source blocker: familyId:missing:neck
VBagRed4x3,ACC-VLV-RED-4X3,BB-PK-000-0046,Gift Bag,Packaging,kh73mhre1rzayq7gyrvagg29xd8dpcwr,remote_only_healthy,remote_only_plate_needed,P1,assigned,https://cdn.shopify.com/s/files/1/0739/9420/7524/files/ACC-VLV-RED-4X3__VBagRed4x3__pdp-main__v001.png?v=1781252406,https://cdn.shopify.com/s/files/1/0739/9420/7524/files/ACC-VLV-RED-4X3__VBagRed4x3__pdp-main__v001.png?v=1781252406,,,,false,,false,no-psd,false,https://www.bestbottles.com/product/Velveteen-gift-bag-pouch-Red-4x3,No exact Convex product plate | No exact catalog hero record | Source blocker: match:no-psd | Source blocker: familyId:missing:neck
VBagRed4x5,ACC-VLV-RED-4X5,BB-PK-000-0047,Gift Bag,Packaging,kh7abz4k54sd00z3dcd5ph49z98dp0eb,remote_only_healthy,remote_only_plate_needed,P1,assigned,https://cdn.shopify.com/s/files/1/0739/9420/7524/files/ACC-VLV-RED-4X5__VBagRed4x5__pdp-main__v001.png?v=1781252406,https://cdn.shopify.com/s/files/1/0739/9420/7524/files/ACC-VLV-RED-4X5__VBagRed4x5__pdp-main__v001.png?v=1781252406,,,,false,/Users/jordanrichter/Projects/Clients/Nemat-International/Best-Bottles-Website-02-20-2026/.worktrees/priority-family-kits/public/images/catalog/bone-review/VBagRed4x5.45966b3f76b9.png,true,no-psd,false,https://www.bestbottles.com/product/Small-velveteen-Red-gift-bag-pouch-4x5,No exact Convex product plate | Source blocker: match:no-psd | Source blocker: familyId:missing:neck
