websiteSku,graceSku,sku,family,familyId,plateSha256,state,completeness,reason,source
Alu100mlSprayBlack,AB-ALU-CLR-100ML-SPR-BLK,Alu100mlSprayBlack,Aluminum Bottle,aluminum-bottle-100ml-clear-20-410,5394907887f8ec54a305053d988f2b414c0bb3c93d7e70e65b6451fb4e21ca24,no_kit,,No productKits row served for current published plate (forSkus null),live-prod-2026-09-20
Alu500,AB-ALU-CLR-500ML,Alu500,Aluminum Bottle,aluminum-bottle-500ml-clear-20-410,cd1d9d9a86a6aa5b52bb95ed49b3553c93c66bd1d50ea04fab8074f6e4b8c181,no_kit,,No productKits row served for current published plate (forSkus null),live-prod-2026-09-20
Alu120mlLotionPumpBlack,AB-ALU-CLR-120ML-LPM-BLK,Alu120mlLotionPumpBlack,Aluminum Bottle 120ml Clear 20 410,aluminum-bottle-120ml-clear-20-410,2eb108679f1425e7729c967d19000f6f0d8d4ed77e071a684645e912d228afff,no_kit,,No productKits row served for current published plate (forSkus null),live-prod-2026-09-20
Alu120mlLotionPumpWhite,AB-ALU-CLR-120ML-LPM-WHT,Alu120mlLotionPumpWhite,Aluminum Bottle 120ml Clear 20 410,aluminum-bottle-120ml-clear-20-410,8433879fd825b56c4f092a8bebb9bf73612863cfb217991698d3f130222e5d97,no_kit,,No productKits row served for current published plate (forSkus null),live-prod-2026-09-20
Alu250mlSprayBlack,AB-ALU-CLR-250ML-SPR-BLK,Alu250mlSprayBlack,Aluminum Bottle 250ml Clear 20 410,aluminum-bottle-250ml-clear-20-410,e5e78ddb91abf5403d70ffc1390dd0f76d6b38519f0785cd441f03e92255d81e,no_kit,,No productKits row served for current published plate (forSkus null),live-prod-2026-09-20
Alu65mlLotionPumpBlack,AB-ALU-CLR-65ML-LPM-BLK,Alu65mlLotionPumpBlack,Aluminum Bottle 65ml Clear 20 410,aluminum-bottle-65ml-clear-20-410,55310da434251e7bab729cd59c9356beb089dfae015c79b13e55aad3ee4ef6d1,no_kit,,No productKits row served for current published plate (forSkus null),live-prod-2026-09-20
Alu65mlLotionPumpWhite,AB-CYL-WHT-65ML-LPM-WHT,Alu65mlLotionPumpWhite,Aluminum Bottle 65ml White 20 410,aluminum-bottle-65ml-white-20-410,232c25a4c709ca2c1695aadd885eaac50cebf91b0afb116dfc2c07de6af7c51d,no_kit,,No productKits row served for current published plate (forSkus null),live-prod-2026-09-20
GBPearClear4ozStpr,GB-DEC-CLR-118ML,GBPearClear4ozStpr,Apothecary 118ml Clear Ground,apothecary-118ml-clear-ground,1db3a2615c0c59316db3d652b782bcb645f0c9d9f6cff8bb357c0251dcaf6914,no_kit,,No productKits row served for current published plate (forSkus null),live-prod-2026-09-20
GB15ApthBlue,GB-APT-BLU-15ML-BLU-T,GB15ApthBlue,Apothecary 15ml Cobalt Blue Ground,apothecary-15ml-cobalt-blue-ground,0da595fba46cf1621b08820fbe2acf4a3396cd1f572e1381cd59afda5f97aadd,no_kit,,No productKits row served for current published plate (forSkus null),live-prod-2026-09-20
GB1ozApth,GB-APT-CLR-30ML-T,GB1ozApth,Apothecary 30ml Clear Ground,apothecary-30ml-clear-ground,2407f6acc431ecc3c4344421d6a32b7604b74079f0fde2531492b520bc9d9204,no_kit,,No productKits row served for current published plate (forSkus null),live-prod-2026-09-20
GB1ozApthBlue,GB-APT-BLU-30ML-BLU-T,GB1ozApthBlue,Apothecary 30ml Cobalt Blue Ground,apothecary-30ml-cobalt-blue-ground,f9221a3ac886dacabaedb13e0059cb358e0f99917b62b803d82ff7ffa67628e0,no_kit,,No productKits row served for current published plate (forSkus null),live-prod-2026-09-20
GB1ozApthGreen,GB-APT-GRN-30ML-GRN-T,GB1ozApthGreen,Apothecary 30ml Green Ground,apothecary-30ml-green-ground,359d6be84b7e01a32049b582eaa5953e039559a1d336da37c9e7de883ec90485,no_kit,,No productKits row served for current published plate (forSkus null),live-prod-2026-09-20
GBAtom10Blk,GB-CYL-BLK-10ML-ATM-BLK-01,GBAtom10Blk,Atomizer 10ml Black 17mm,atomizer-10ml-black-17mm,a2d38a2811ed3a24f2e68084190371f0bb641eb4eaf86a31544d094d2e0238e5,kit_complete,full,,live-prod-2026-09-20
GBAtom10BlkDot,GB-CYL-BLK-10ML-ATM-BLK-02,GBAtom10BlkDot,Atomizer 10ml Black 17mm,atomizer-10ml-black-17mm,6384ff494413042f478a0b006ea7b39cb1ad0314fc69f3990e7b9a7719a7b8c0,no_kit,,No productKits row served for current published plate (forSkus null),live-prod-2026-09-20
GBAtom10Gl,GB-CYL-CLR-10ML-ATM-GLD,GBAtom10Gl,Atomizer 10ml Clear 17mm,atomizer-10ml-clear-17mm,aea1d85f4c0f21af867248813ef67a817c38c51308036bf5e7ec81460b79cb4d,no_kit,,No productKits row served for current published plate (forSkus null),live-prod-2026-09-20
GBAtom10Lv,GB-CYL-CLR-10ML-ATM-LVN,GBAtom10Lv,Atomizer 10ml Clear 17mm,atomizer-10ml-clear-17mm,402b17bc2ca16cf68d12e4d2ead2712fc61d33fe611357cff1984864425d1485,no_kit,,No productKits row served for current published plate (forSkus null),live-prod-2026-09-20
GBAtom10Red,GB-CYL-CLR-10ML-ATM-RED,GBAtom10Red,Atomizer 10ml Clear 17mm,atomizer-10ml-clear-17mm,9a4b623fd5872c883c84086554009d902ec64847e5e89c9a62a6cd127b433044,no_kit,,No productKits row served for current published plate (forSkus null),live-prod-2026-09-20
GBAtom10Sl,GB-CYL-CLR-10ML-ATM-SLV-01,GBAtom10Sl,Atomizer 10ml Clear 17mm,atomizer-10ml-clear-17mm,a3f168f3c6ef855c101f822212de156e819ec3c7bc015ee7aa00f696de476bae,no_kit,,No productKits row served for current published plate (forSkus null),live-prod-2026-09-20
GBAtom10SlDot,GB-CYL-CLR-10ML-ATM-SLV-02,GBAtom10SlDot,Atomizer 10ml Clear 17mm,atomizer-10ml-clear-17mm,f50355fcc0b2a5fcbb26f641f5ef5225e556281da22d15d3254526ec6b858f95,no_kit,,No productKits row served for current published plate (forSkus null),live-prod-2026-09-20
GBAtom10SlStars,GB-CYL-CLR-10ML-ATM-SLV-03,GBAtom10SlStars,Atomizer 10ml Clear 17mm,atomizer-10ml-clear-17mm,2f6a3545aba8bddb89f71b5637c4b0159f477737c2ea9fca70c8ce3006d51fd0,no_kit,,No productKits row served for current published plate (forSkus null),live-prod-2026-09-20
GBAtom10Blu,GB-CYL-BLU-10ML-ATM-BLU,GBAtom10Blu,Atomizer 10ml Cobalt Blue 17mm,atomizer-10ml-cobalt-blue-17mm,16938d920fc1bd25fe4bf80c9429bcb4f35c16817b08fe0f5c3a3e59a6849686,no_kit,,No productKits row served for current published plate (forSkus null),live-prod-2026-09-20
GBAtom10Gr,GB-CYL-GRN-10ML-ATM-GRN,GBAtom10Gr,Atomizer 10ml Green 17mm,atomizer-10ml-green-17mm,a5dec6c35bf4f70c850a60678abcbcbd18901f38d96bf504f2995bd2a6fe2745,no_kit,,No productKits row served for current published plate (forSkus null),live-prod-2026-09-20
GBAtom10Pnk,GB-CYL-PNK-10ML-ATM-PNK,GBAtom10Pnk,Atomizer 10ml Pink 17mm,atomizer-10ml-pink-17mm,e5b7478bcd004d8e443e04e68f29cc911c8153ad4fb20852cd660d72354001d4,no_kit,,No productKits row served for current published plate (forSkus null),live-prod-2026-09-20
GBAtom5Blk,GB-CYL-BLK-5ML-ATM-BLK,GBAtom5Blk,Atomizer 5ml Black 10mm,atomizer-5ml-black-10mm,7a6629f56c69c35a7fd2922f8c0b1fad9fc5a9a8721c9bca5b689ccb295c7488,no_kit,,No productKits row served for current published plate (forSkus null),live-prod-2026-09-20
GBAtom5BlkDot,GB-CYL-BLK-5ML-ATM-BLK-02,GBAtom5BlkDot,Atomizer 5ml Black 10mm,atomizer-5ml-black-10mm,7a711a3a06d20f9f0654df7471c0d1172db2119cf169c88088b0e9aacc39df18,no_kit,,No productKits row served for current published plate (forSkus null),live-prod-2026-09-20
GBAtom5SlimBlk,GB-SLM-BLK-5ML-ATM-BLK-T,GBAtom5SlimBlk,Atomizer 5ml Black 10mm,atomizer-5ml-black-10mm,6c5fdd17a8ce8b1cf50506dface1676af4e1198e0c5cb4589b911b19e2e7730a,no_kit,,No productKits row served for current published plate (forSkus null),live-prod-2026-09-20
GBAtom5Sl,GB-CYL-CLR-5ML-ATM-SLV-01,GBAtom5Sl,Atomizer 5ml Clear 10mm,atomizer-5ml-clear-10mm,d0f0b547002723458f59fce5c08e9c161e30bd7f6ffc98f329abe2700a57a01c,kit_complete,full,,live-prod-2026-09-20
GBAtom5SlStars,GB-CYL-CLR-5ML-ATM-SLV-03,GBAtom5SlStars,Atomizer 5ml Clear 10mm,atomizer-5ml-clear-10mm,0f9371237b18a8f4831e422cedffaf5e0b4cc3810dcba59e0587d182c37fbee4,no_kit,,No productKits row served for current published plate (forSkus null),live-prod-2026-09-20
GBAtom5SlimGl,GB-SLM-CLR-5ML-ATM-GLD-T,GBAtom5SlimGl,Atomizer 5ml Clear 10mm,atomizer-5ml-clear-10mm,703a367280174d46863e0e05e4208c17b2cf0159687e570eca78dff115a6bccd,no_kit,,No productKits row served for current published plate (forSkus null),live-prod-2026-09-20
GBAtom5SlimSl,GB-SLM-CLR-5ML-ATM-SLV-T,GBAtom5SlimSl,Atomizer 5ml Clear 10mm,atomizer-5ml-clear-10mm,8135f82f638bdb532ef5dc9184283b6fcea6cb2348902ac498efac4a199be2e5,no_kit,,No productKits row served for current published plate (forSkus null),live-prod-2026-09-20
GBAtom5Gl,GB-CYL-CLR-5ML-ATM-GLD,GBAtom5Gl,Atomizer 5ml Clear 13 415,atomizer-5ml-clear-13-415,e4e2d2a58b845eff1c9814f8048f39a73255b0def5f99e3a5494c9e758ef4cd6,no_kit,,No productKits row served for current published plate (forSkus null),live-prod-2026-09-20
GBAtom5Red,GB-CYL-CLR-5ML-ATM-RED,GBAtom5Red,Atomizer 5ml Clear 13 415,atomizer-5ml-clear-13-415,5cf41c19263b542170663d2efccceef2889b95f70ae24b07de9ad84337f26798,no_kit,,No productKits row served for current published plate (forSkus null),live-prod-2026-09-20
GBAtom5SlDot,GB-CYL-CLR-5ML-ATM-SLV-02,GBAtom5SlDot,Atomizer 5ml Clear 13 415,atomizer-5ml-clear-13-415,e2fc66693957ab5b3c33a3354b66cdc0e11c7dff7c38226f23a98d1d202b8ad7,no_kit,,No productKits row served for current published plate (forSkus null),live-prod-2026-09-20
GBAtom5Blu,GB-CYL-BLU-5ML-ATM-BLU,GBAtom5Blu,Atomizer 5ml Cobalt Blue 10mm,atomizer-5ml-cobalt-blue-10mm,e2789401591752bba4371f0e94bc0311cf91634675382eafdd0b8c3a5d25e482,no_kit,,No productKits row served for current published plate (forSkus null),live-prod-2026-09-20
GBAtom5PnkDot,GB-CYL-PNK-5ML-ATM-PNK-02,GBAtom5PnkDot,Atomizer 5ml Pink 10mm,atomizer-5ml-pink-10mm,a85e4f12f56e52536e76ce3c89c8a0f3ec017a575532ca4fc27739f86f9ef493,no_kit,,No productKits row served for current published plate (forSkus null),live-prod-2026-09-20
GBBell10BlkShSht,GB-BEL-CLR-10ML-SHT-SBLK,GBBell10BlkShSht,Bell,bell-10ml-clear-13-415,a2f20e8dd12788fbc9685ea6e03f7414223b2b6d7e705a703f16c776899b78b2,no_kit,,No productKits row served for current published plate (forSkus null),live-prod-2026-09-20
GBBell10MtlRollBlkDot,GB-BEL-CLR-10ML-MRL-BLDOT,GBBell10MtlRollBlkDot,Bell,bell-10ml-clear-13-415,671b209d9eb22915e4d0b79f350de9d93fb40fb81c1d40664afa667c6f997f7f,no_kit,,No productKits row served for current published plate (forSkus null),live-prod-2026-09-20
GBBell10RollBlkDot,GB-BEL-CLR-10ML-ROL-BLDOT,GBBell10RollBlkDot,Bell,bell-10ml-clear-13-415,b9d61c13fb220f87292ff7af5b0e859562ec310fd4928b2286d37c39c3438097,no_kit,,No productKits row served for current published plate (forSkus null),live-prod-2026-09-20
GBBell10SpryBlkSh,GB-BEL-CLR-10ML-SPR-SBLK,GBBell10SpryBlkSh,Bell,bell-10ml-clear-13-415,59694973073d4f76e6e7ea9fbc7b916fd172a466100c4bb79bb5edbba2c2bb3e,no_kit,,No productKits row served for current published plate (forSkus null),live-prod-2026-09-20
GBBstnAmb15mlBlkCapSht,GB-BSR-AMB-15ML-BLK-S,GBBstnAmb15mlBlkCapSht,Boston Round 15ml Amber 18 400,boston-round-15ml-amber-18-400,cb5fd6a6964f6ab8543ef4e99a0b9c8f4cd094cae711d565e363f6eb6a6da053,no_kit,,No productKits row served for current published plate (forSkus null),live-prod-2026-09-20
GBBstnAmb15mlBlkDropper,GB-BSR-AMB-15ML-BLK-T-01,GBBstnAmb15mlBlkDropper,Boston Round 15ml Amber 18 400,boston-round-15ml-amber-18-400,8bb5c40482dfd8c65ec250f05482ca5a15131bfe04ba2e9b89b05966433e8c13,kit_complete,full,,live-prod-2026-09-20
GBBstnAmb15mlBlkDropperGlTrim,GB-BSR-AMB-15ML-BLK-T-02,GBBstnAmb15mlBlkDropperGlTrim,Boston Round 15ml Amber 18 400,boston-round-15ml-amber-18-400,d758a0411c4623b9ed88ddda94bd539168c041c65210164e5e0857ef6b18578f,kit_complete,full,,live-prod-2026-09-20
GBBstnAmb15mlBlkDropperSlTrim,GB-BSR-AMB-15ML-BLK-T-03,GBBstnAmb15mlBlkDropperSlTrim,Boston Round 15ml Amber 18 400,boston-round-15ml-amber-18-400,08a35a73905a0a3f1c8e8148070b5f05dac3c8354dedcec6fedc18950bca5ec6,kit_complete,full,,live-prod-2026-09-20
GBBstnAmb15mlWhtDropper,GB-BSR-AMB-15ML-WHT-T-01,GBBstnAmb15mlWhtDropper,Boston Round 15ml Amber 18 400,boston-round-15ml-amber-18-400,b4b6d06794c43f95d7c225b6f38459ff2571e4586daa5e5fd1a628da7b02ce0f,kit_complete,full,,live-prod-2026-09-20
GBBstnAmb15mlWhtDropperGlTrim,GB-BSR-AMB-15ML-WHT-T-02,GBBstnAmb15mlWhtDropperGlTrim,Boston Round 15ml Amber 18 400,boston-round-15ml-amber-18-400,05a83d94f12996e1a0d4c1012a837087d418ae44224b4adf10192efdfba399b8,kit_complete,full,,live-prod-2026-09-20
GBBstnAmb15mlWhtDropperSlTrim,GB-BSR-AMB-15ML-WHT-T-03,GBBstnAmb15mlWhtDropperSlTrim,Boston Round 15ml Amber 18 400,boston-round-15ml-amber-18-400,a96b9754fba89803b3ac02ebd6eea40aee0576b99f934f4bd6a334b5c04e3ae8,kit_complete,full,,live-prod-2026-09-20
GBBstn15BlkCapSht,GB-BSR-CLR-15ML-BLK-S,GBBstn15BlkCapSht,Boston Round 15ml Clear 18 400,boston-round-15ml-clear-18-400,cb11490cbe2104d37535b896d8d685f9958eddd92041e62254a27e8554de4236,no_kit,,No productKits row served for current published plate (forSkus null),live-prod-2026-09-20
GBBstn15BlkDrp,GB-BSR-CLR-15ML-DRP-BLK,GBBstn15BlkDrp,Boston Round 15ml Clear 18 400,boston-round-15ml-clear-18-400,d24d28e35799cdfe3d069726b5015fe2f97be109bd6892ee0068f4ccca663235,no_kit,,No productKits row served for current published plate (forSkus null),live-prod-2026-09-20
GBBstnBlu15BlkCapSht,GB-BSR-CBL-15ML-BLK-S,GBBstnBlu15BlkCapSht,Boston Round 15ml Cobalt Blue 18 400,boston-round-15ml-cobalt-blue-18-400,a369622563f186545615ef06f2e3905096bd03ca03489f441254c542060bf96c,no_kit,,No productKits row served for current published plate (forSkus null),live-prod-2026-09-20
GBBstnBlu15BlkDrpr,GB-BSR-CBL-15ML-BLK-T-01,GBBstnBlu15BlkDrpr,Boston Round 15ml Cobalt Blue 18 400,boston-round-15ml-cobalt-blue-18-400,97abc7b374f8d56dd11be846a7c482fa64a24d869219126ba082b61f8657a9e2,no_kit,,No productKits row served for current published plate (forSkus null),live-prod-2026-09-20
GBBstnBlu15BlkDrprGlTrim,GB-BSR-CBL-15ML-BLK-T-02,GBBstnBlu15BlkDrprGlTrim,Boston Round 15ml Cobalt Blue 18 400,boston-round-15ml-cobalt-blue-18-400,41dbe631293965471c6ab8e75064d6628a575445cc308e068c2b4da53c994691,kit_complete,full,,live-prod-2026-09-20
GBBstnBlu15WhtDrpr,GB-BSR-CBL-15ML-WHT-T-01,GBBstnBlu15WhtDrpr,Boston Round 15ml Cobalt Blue 18 400,boston-round-15ml-cobalt-blue-18-400,7782b3e777e4b7939824a4fed23c8e06f0a421bbd3cf5fc198be1e433337b8d8,kit_complete,full,,live-prod-2026-09-20
GBBstnBlu15WhtDrprGlTrim,GB-BSR-CBL-15ML-WHT-T-02,GBBstnBlu15WhtDrprGlTrim,Boston Round 15ml Cobalt Blue 18 400,boston-round-15ml-cobalt-blue-18-400,485e8f3749c330c0f935c0f7cc54c32f7657ea5340b3d5d141e6f0631a41a4c0,kit_complete,full,,live-prod-2026-09-20
GBBstnBlu15WhtDrprSlTrim,GB-BSR-CBL-15ML-WHT-T-03,GBBstnBlu15WhtDrprSlTrim,Boston Round 15ml Cobalt Blue 18 400,boston-round-15ml-cobalt-blue-18-400,457dad7e863f884944e4bcbffd8e2741f9321b0b0c09b0d1e045d1e1462e21df,kit_complete,full,,live-prod-2026-09-20
GBBstnBlu15mlBlkDropperSlTrim,GB-BSR-CBL-15ML-BLK-T-03,GBBstnBlu15mlBlkDropperSlTrim,Boston Round 15ml Cobalt Blue 18 400,boston-round-15ml-cobalt-blue-18-400,5062fa1ffc152d60569e6244d4c701636b1973e6e5aaf6dbb57c8450cc661f6c,kit_complete,full,,live-prod-2026-09-20
GBBstnAmb1ozBlkCapSht,GB-BSR-AMB-30ML-BLK-S,GBBstnAmb1ozBlkCapSht,Boston Round 30ml Amber 20 400,boston-round-30ml-amber-20-400,5d84d04e2772063de96644e8669d73370d213d91b3ca1162a8e75215239f1ed3,no_kit,,No productKits row served for current published plate (forSkus null),live-prod-2026-09-20
GBBstnAmb1ozBlkDropper,GB-BSR-AMB-30ML-BLK-T-01,GBBstnAmb1ozBlkDropper,Boston Round 30ml Amber 20 400,boston-round-30ml-amber-20-400,a84c7770ef8417f567812a883ffb4b03daeae707e026974a786ac720ef845bd4,kit_complete,full,,live-prod-2026-09-20
GBBstnAmb1ozBlkDrpShnGl,GB-BSR-AMB-30ML-BLK-T-02,GBBstnAmb1ozBlkDrpShnGl,Boston Round 30ml Amber 20 400,boston-round-30ml-amber-20-400,eede7f75bcc91a119549097d5ae4ff297af552a3fa4b6b43cfebd56458b1117b,kit_complete,full,,live-prod-2026-09-20
GBBstnAmb1ozMtlRollonGl,GB-BSR-AMB-30ML-MRO-GLD,GBBstnAmb1ozMtlRollonGl,Boston Round 30ml Amber 20 400,boston-round-30ml-amber-20-400,eceb3b6fd028736f77be0686027e7483266579f6080ab8fcf27b12cb0e513176,no_kit,,No productKits row served for current published plate (forSkus null),live-prod-2026-09-20
GBBstnAmb1ozMtlRollonMattBlk,GB-BSR-AMB-30ML-MRL-MBLK,GBBstnAmb1ozMtlRollonMattBlk,Boston Round 30ml Amber 20 400,boston-round-30ml-amber-20-400,3c0ca7e4cee9abb42876b60c2998c2bad05734d0a51b4fe4b8908ead359c05c0,kit_complete,full,,live-prod-2026-09-20
GBBstnAmb1ozMtlRollonMattGl,GB-BSR-AMB-30ML-MRL-MGLD,GBBstnAmb1ozMtlRollonMattGl,Boston Round 30ml Amber 20 400,boston-round-30ml-amber-20-400,a77ff9999dea782f13ce14c1479116b296da4a5196cc697a4d83eed6ab7c6c3d,kit_complete,full,,live-prod-2026-09-20
GBBstnAmb1ozMtlRollonMattSl,GB-BSR-AMB-30ML-MRL-MSLV,GBBstnAmb1ozMtlRollonMattSl,Boston Round 30ml Amber 20 400,boston-round-30ml-amber-20-400,1c1bde3986c1e513506d7ec7008502514588dc10a8f3cf212a3ede5b29a68f68,kit_complete,full,,live-prod-2026-09-20
GBBstnAmb1ozMtlRollonShnBlk,GB-BSR-AMB-30ML-MRL-SBLK,GBBstnAmb1ozMtlRollonShnBlk,Boston Round 30ml Amber 20 400,boston-round-30ml-amber-20-400,6cedf7227ec064de77bba2cf25d6981785918fa7490775fb15ef195d4efca6db,kit_complete,full,,live-prod-2026-09-20
GBBstnAmb1ozMtlRollonShnSl,GB-BSR-AMB-30ML-MRL-SSLV,GBBstnAmb1ozMtlRollonShnSl,Boston Round 30ml Amber 20 400,boston-round-30ml-amber-20-400,34d0177d3ffc48dcc74a840d44ad76ede6c8f1a8515d00bca08827a8485162ec,no_kit,,No productKits row served for current published plate (forSkus null),live-prod-2026-09-20
GBBstnAmb1ozRollonGl,GB-BSR-AMB-30ML-RON-GLD,GBBstnAmb1ozRollonGl,Boston Round 30ml Amber 20 400,boston-round-30ml-amber-20-400,eceb3b6fd028736f77be0686027e7483266579f6080ab8fcf27b12cb0e513176,kit_complete,full,,live-prod-2026-09-20
GBBstnAmb1ozRollonMattBlk,GB-BSR-AMB-30ML-RON-MBLK,GBBstnAmb1ozRollonMattBlk,Boston Round 30ml Amber 20 400,boston-round-30ml-amber-20-400,3c0ca7e4cee9abb42876b60c2998c2bad05734d0a51b4fe4b8908ead359c05c0,kit_complete,full,,live-prod-2026-09-20
GBBstnAmb1ozRollonMattGl,GB-BSR-AMB-30ML-RON-MGLD,GBBstnAmb1ozRollonMattGl,Boston Round 30ml Amber 20 400,boston-round-30ml-amber-20-400,ac72badff5c321207c6fe8e71be17aab160f2eda6427c35bef927d83cb11ef81,kit_complete,full,,live-prod-2026-09-20
GBBstnAmb1ozRollonMattSl,GB-BSR-AMB-30ML-RON-MSLV,GBBstnAmb1ozRollonMattSl,Boston Round 30ml Amber 20 400,boston-round-30ml-amber-20-400,1c1bde3986c1e513506d7ec7008502514588dc10a8f3cf212a3ede5b29a68f68,kit_complete,full,,live-prod-2026-09-20
GBBstnAmb1ozRollonShnBlk,GB-BSR-AMB-30ML-RBL-SBLK,GBBstnAmb1ozRollonShnBlk,Boston Round 30ml Amber 20 400,boston-round-30ml-amber-20-400,184424a4073aefc26b5c36e886c398d69e529eae868913beab450f2c97384e17,kit_complete,full,,live-prod-2026-09-20
GBBstnAmb1ozRollonShnSl,GB-BSR-AMB-30ML-RON-SSLV,GBBstnAmb1ozRollonShnSl,Boston Round 30ml Amber 20 400,boston-round-30ml-amber-20-400,34d0177d3ffc48dcc74a840d44ad76ede6c8f1a8515d00bca08827a8485162ec,kit_complete,full,,live-prod-2026-09-20
GBBstnAmb1ozWhtDropper,GB-BSR-AMB-30ML-WHT-T-01,GBBstnAmb1ozWhtDropper,Boston Round 30ml Amber 20 400,boston-round-30ml-amber-20-400,f3988ef6c611fe928353d5d6b6e56706aae1f89bd844185ddadf7e05fce0ccd2,kit_complete,full,,live-prod-2026-09-20
GBBstnAmb1ozWhtDropperShnGlTrim,GB-BSR-AMB-30ML-WHT-T-02,GBBstnAmb1ozWhtDropperShnGlTrim,Boston Round 30ml Amber 20 400,boston-round-30ml-amber-20-400,670125261174a6335c63e692493c21112b487645a2c33a409c1da30c82c55f03,kit_complete,full,,live-prod-2026-09-20
GBBstnAmb1ozWhtDrprShnSlTrim,GB-BSR-AMB-30ML-WHT-T-03,GBBstnAmb1ozWhtDrprShnSlTrim,Boston Round 30ml Amber 20 400,boston-round-30ml-amber-20-400,49fd3c9ed236b8488a6ef1af2c289177ed62d47d530911ee3c517bababde2f11,kit_complete,full,,live-prod-2026-09-20
GBBstn1ozBlkCapSht,GB-BSR-CLR-30ML-BLK-S,GBBstn1ozBlkCapSht,Boston Round 30ml Clear 20 400,boston-round-30ml-clear-20-400,85d25d540709059c89bddb9ab2e820ad7cc895e52579abc9bc8924ead0f1d267,no_kit,,No productKits row served for current published plate (forSkus null),live-prod-2026-09-20
GBBstn1ozBlkDrp,GB-BSR-CLR-30ML-DRP-BLK-T,GBBstn1ozBlkDrp,Boston Round 30ml Clear 20 400,boston-round-30ml-clear-20-400,12d5b95f4de0b2ef36e34ef927a56b10dc0a096d68809f1ee021a7fd3690dec7,kit_complete,full,,live-prod-2026-09-20
GBBstn1ozBlkDrpShnGlTrim,GB-BSR-CLR-30ML-DRP-SGTR-T-01,GBBstn1ozBlkDrpShnGlTrim,Boston Round 30ml Clear 20 400,boston-round-30ml-clear-20-400,45fcd642194824b4a5b06a87f0be48b160e25f31d332df5e2a5a4f30449af77c,kit_complete,full,,live-prod-2026-09-20
GBBstn1ozMtlRollonBlk,GB-BSR-CLR-30ML-MRL-BLK,GBBstn1ozMtlRollonBlk,Boston Round 30ml Clear 20 400,boston-round-30ml-clear-20-400,3d22572a0804b0b8862a65d67468b6ccb36d7c765b0d36d26d832f908146726c,kit_complete,full,,live-prod-2026-09-20
GBBstn1ozMtlRollonGl,GB-BSR-CLR-30ML-MRO-GLD,GBBstn1ozMtlRollonGl,Boston Round 30ml Clear 20 400,boston-round-30ml-clear-20-400,f2b188b4ae452d26cc3f4f470435cee868f3742312ffead2bcbc5f9b33cdcaa6,kit_complete,full,,live-prod-2026-09-20
GBBstn1ozMtlRollonMattBlk,GB-BSR-CLR-30ML-MRO-MBLK,GBBstn1ozMtlRollonMattBlk,Boston Round 30ml Clear 20 400,boston-round-30ml-clear-20-400,a3b8781417158f64b072594afd3c9a4369b7d29032e880664695dac3c525befd,no_kit,,No productKits row served for current published plate (forSkus null),live-prod-2026-09-20
GBBstn1ozMtlRollonMattGl,GB-BSR-CLR-30ML-MRO-MGLD,GBBstn1ozMtlRollonMattGl,Boston Round 30ml Clear 20 400,boston-round-30ml-clear-20-400,cd7dd82f079d9e0b65461daf0d53cffef70cae7edf8f86fccff3477f9e5556cc,no_kit,,No productKits row served for current published plate (forSkus null),live-prod-2026-09-20
GBBstn1ozMtlRollonMattSl,GB-BSR-CLR-30ML-MRO-MSLV,GBBstn1ozMtlRollonMattSl,Boston Round 30ml Clear 20 400,boston-round-30ml-clear-20-400,88ff100cfbe3481e6190c3dfe0451897b7a72b17237692a2b814621288b9ad7a,no_kit,,No productKits row served for current published plate (forSkus null),live-prod-2026-09-20
GBBstn1ozMtlRollonShnSl,GB-BSR-CLR-30ML-MRO-SSLV,GBBstn1ozMtlRollonShnSl,Boston Round 30ml Clear 20 400,boston-round-30ml-clear-20-400,a8f0f09c4926ac026b2859500fd3342e4c60c9c90d9482e21995edcad79a8b94,kit_complete,full,,live-prod-2026-09-20
GBBstn1ozRollonMattBlk,GB-BSR-CLR-30ML-RBL-MBLK,GBBstn1ozRollonMattBlk,Boston Round 30ml Clear 20 400,boston-round-30ml-clear-20-400,4d6a124492e706bb5ac125cc5878657b30d408e05f06a6faac0ef920cbb76d61,kit_complete,full,,live-prod-2026-09-20
GBBstn1ozRollonMattGl,GB-BSR-CLR-30ML-RBL-MGLD,GBBstn1ozRollonMattGl,Boston Round 30ml Clear 20 400,boston-round-30ml-clear-20-400,2b7b878aeccf671fc969db6487739f54bc5427ba2e6251031c8a09f571f9a6ea,kit_complete,full,,live-prod-2026-09-20
GBBstn1ozRollonMattSl,GB-BSR-CLR-30ML-RBL-MSLV,GBBstn1ozRollonMattSl,Boston Round 30ml Clear 20 400,boston-round-30ml-clear-20-400,5281a79a8bb61fe83fcd82fa1da127db364656b27cbf86f6a020abdeef9ff93c,kit_complete,full,,live-prod-2026-09-20
GBBstn1ozRollonShBlk,GB-BSR-CLR-30ML-RBL-SBLK,GBBstn1ozRollonShBlk,Boston Round 30ml Clear 20 400,boston-round-30ml-clear-20-400,7a99f7eb8222325c93d27e0bce026ec7d7e665f9ea9896a7be8f208e85b0db36,kit_complete,full,,live-prod-2026-09-20
GBBstn1ozRollonShGl,GB-BSR-CLR-30ML-RBL-SGLD,GBBstn1ozRollonShGl,Boston Round 30ml Clear 20 400,boston-round-30ml-clear-20-400,e957b986e6a00483eab649a0b78049f95d2b7c160f0956b49b70b8c35a67fbd5,no_kit,,No productKits row served for current published plate (forSkus null),live-prod-2026-09-20
GBBstn1ozRollonShnSl,GB-BSR-CLR-30ML-RBL-SSLV,GBBstn1ozRollonShnSl,Boston Round 30ml Clear 20 400,boston-round-30ml-clear-20-400,59edd5501b3980e07249e486586a3772e97f8ee17ba2251ac88c6a166be44674,no_kit,,No productKits row served for current published plate (forSkus null),live-prod-2026-09-20
GBBstn1ozWhtDrp,GB-BSR-CLR-30ML-DRP-WHT-T,GBBstn1ozWhtDrp,Boston Round 30ml Clear 20 400,boston-round-30ml-clear-20-400,6d0f3e7dcc95ff4b8d15a232f1d1daf717ffd946cf861105109499fe205a4017,kit_complete,full,,live-prod-2026-09-20
GBBstn1ozWhtDrpShnGlTrim,GB-BSR-CLR-30ML-DRP-SGTR-T-02,GBBstn1ozWhtDrpShnGlTrim,Boston Round 30ml Clear 20 400,boston-round-30ml-clear-20-400,d1d70f934e8327f8d0967cd41ad7ddec21c1fb6ad35a9c1edbe3b68955cc9c13,kit_complete,full,,live-prod-2026-09-20
GBBstn1ozWhtDrpShnSlTrim,GB-BSR-CLR-30ML-DRP-SSTR-T,GBBstn1ozWhtDrpShnSlTrim,Boston Round 30ml Clear 20 400,boston-round-30ml-clear-20-400,52537eca5cabfd43163cc9d2b4965357198d80c0218989450c293b57ac84916a,kit_complete,full,,live-prod-2026-09-20
GBBstnBlu1ozBlkCapSht,GB-BSR-CBL-30ML-BLK-S,GBBstnBlu1ozBlkCapSht,Boston Round 30ml Cobalt Blue 20 400,boston-round-30ml-cobalt-blue-20-400,7471b44e7761178f216b68416dc4741302f0b783208946f3300ff6d025dd2817,no_kit,,No productKits row served for current published plate (forSkus null),live-prod-2026-09-20
GBBstnBlu1ozBlkDropper,GB-BSR-CBL-30ML-BLK-T-01,GBBstnBlu1ozBlkDropper,Boston Round 30ml Cobalt Blue 20 400,boston-round-30ml-cobalt-blue-20-400,a19ab57869f6462802540cc0f080dc2fcf46e80195c94fc89dcef0555a78ea2d,kit_complete,full,,live-prod-2026-09-20
GBBstnBlu1ozBlkDropperShnGlTrim,GB-BSR-CBL-30ML-BLK-T-02,GBBstnBlu1ozBlkDropperShnGlTrim,Boston Round 30ml Cobalt Blue 20 400,boston-round-30ml-cobalt-blue-20-400,9a9e152e8d1527ba2749a6776d9e595d256488637fb1516de7b16683edf4c4ea,kit_complete,full,,live-prod-2026-09-20
GBBstnBlu1ozMtlRollonGl,GB-BSR-BLU-30ML-MRO-GLD,GBBstnBlu1ozMtlRollonGl,Boston Round 30ml Cobalt Blue 20 400,boston-round-30ml-cobalt-blue-20-400,b07a4f5def35b97f28e5a5ba6ae3ede6207e742abfc510635cb04cb90b296466,no_kit,,No productKits row served for current published plate (forSkus null),live-prod-2026-09-20
GBBstnBlu1ozMtlRollonMattBlk,GB-BSR-BLU-30ML-MRO-MBLK,GBBstnBlu1ozMtlRollonMattBlk,Boston Round 30ml Cobalt Blue 20 400,boston-round-30ml-cobalt-blue-20-400,4d7b2f05ae2ce258f757e2572f02f1cc9535cbcf3971f1f4197c2e55082fa31e,kit_complete,full,,live-prod-2026-09-20
GBBstnBlu1ozMtlRollonMattGl,GB-BSR-BLU-30ML-MRO-MGLD,GBBstnBlu1ozMtlRollonMattGl,Boston Round 30ml Cobalt Blue 20 400,boston-round-30ml-cobalt-blue-20-400,4799515eec5ada9ed18e8de3eb70808247e5b9272c07e763a1af1e5253c1c5ef,kit_complete,full,,live-prod-2026-09-20
GBBstnBlu1ozMtlRollonMattSl,GB-BSR-BLU-30ML-MRO-MSLV,GBBstnBlu1ozMtlRollonMattSl,Boston Round 30ml Cobalt Blue 20 400,boston-round-30ml-cobalt-blue-20-400,388327c194991b041ae962332f1c03c5d02a7e843cb996eaf708dbbb904ecfcc,no_kit,,No productKits row served for current published plate (forSkus null),live-prod-2026-09-20
GBBstnBlu1ozMtlRollonShnSl,GB-BSR-BLU-30ML-MRO-SSLV,GBBstnBlu1ozMtlRollonShnSl,Boston Round 30ml Cobalt Blue 20 400,boston-round-30ml-cobalt-blue-20-400,7b7a7e080c86a52ba6d1ec7084b8da4bc7d94dcc924e70502cd84cb4237d48e8,no_kit,,No productKits row served for current published plate (forSkus null),live-prod-2026-09-20
GBBstnBlu1ozRollonGl,GB-BSR-BLU-30ML-RON-GLD,GBBstnBlu1ozRollonGl,Boston Round 30ml Cobalt Blue 20 400,boston-round-30ml-cobalt-blue-20-400,b07a4f5def35b97f28e5a5ba6ae3ede6207e742abfc510635cb04cb90b296466,kit_complete,full,,live-prod-2026-09-20
GBBstnBlu1ozRollonMattBlk,GB-BSR-BLU-30ML-RON-MBLK,GBBstnBlu1ozRollonMattBlk,Boston Round 30ml Cobalt Blue 20 400,boston-round-30ml-cobalt-blue-20-400,4d7b2f05ae2ce258f757e2572f02f1cc9535cbcf3971f1f4197c2e55082fa31e,no_kit,,No productKits row served for current published plate (forSkus null),live-prod-2026-09-20
GBBstnBlu1ozRollonMattGl,GB-BSR-BLU-30ML-RON-MGLD,GBBstnBlu1ozRollonMattGl,Boston Round 30ml Cobalt Blue 20 400,boston-round-30ml-cobalt-blue-20-400,4799515eec5ada9ed18e8de3eb70808247e5b9272c07e763a1af1e5253c1c5ef,no_kit,,No productKits row served for current published plate (forSkus null),live-prod-2026-09-20
GBBstnBlu1ozRollonMattSl,GB-BSR-CBL-30ML-RBL-MSLV,GBBstnBlu1ozRollonMattSl,Boston Round 30ml Cobalt Blue 20 400,boston-round-30ml-cobalt-blue-20-400,388327c194991b041ae962332f1c03c5d02a7e843cb996eaf708dbbb904ecfcc,no_kit,,No productKits row served for current published plate (forSkus null),live-prod-2026-09-20
GBBstnBlu1ozRollonShnBlk,GB-BSR-CBL-30ML-RBL-SBLK,GBBstnBlu1ozRollonShnBlk,Boston Round 30ml Cobalt Blue 20 400,boston-round-30ml-cobalt-blue-20-400,2ec2df24211a89f4d516f16784c1c6f7dae3ebd74883576106d2c437392332ba,kit_complete,full,,live-prod-2026-09-20
GBBstnBlu1ozRollonShnSl,GB-BSR-BLU-30ML-RON-SSLV,GBBstnBlu1ozRollonShnSl,Boston Round 30ml Cobalt Blue 20 400,boston-round-30ml-cobalt-blue-20-400,7b7a7e080c86a52ba6d1ec7084b8da4bc7d94dcc924e70502cd84cb4237d48e8,kit_complete,full,,live-prod-2026-09-20
GBBstnBlu1ozWhtDropper,GB-BSR-CBL-30ML-WHT-T-01,GBBstnBlu1ozWhtDropper,Boston Round 30ml Cobalt Blue 20 400,boston-round-30ml-cobalt-blue-20-400,0949b3812b026b85b1f5b92a984acc268ebfa7ac39c7b5b5748f3e6e8f243d1d,kit_complete,full,,live-prod-2026-09-20
GBBstnBlu1ozWhtDropperShnGlTrim,GB-BSR-CBL-30ML-WHT-T-02,GBBstnBlu1ozWhtDropperShnGlTrim,Boston Round 30ml Cobalt Blue 20 400,boston-round-30ml-cobalt-blue-20-400,d64484a81219160a05df35267a0a7ecc14171de2c4ee993f1f1d0787a199a3b1,kit_complete,full,,live-prod-2026-09-20
GBBstnBlu1ozWhtDropperShnSlTrim,GB-BSR-CBL-30ML-WHT-T-03,GBBstnBlu1ozWhtDropperShnSlTrim,Boston Round 30ml Cobalt Blue 20 400,boston-round-30ml-cobalt-blue-20-400,83117b4269800cf2e27f78ed2334aad2905ae40b75f3084f5ceb27e59eb9dd46,kit_complete,full,,live-prod-2026-09-20
GBBstnAmb2ozBlkCapSht,GB-BSR-AMB-60ML-BLK-S,GBBstnAmb2ozBlkCapSht,Boston Round 60ml Amber 20 400,boston-round-60ml-amber-20-400,36f2b2939e7c82ec37cc9dc10122d09d1401e823db6c489af85111d1b0f94b81,no_kit,,No productKits row served for current published plate (forSkus null),live-prod-2026-09-20
GBBstnAmb2ozBlkDropperShnGlTrim,GB-BSR-AMB-60ML-BLK-T-01,GBBstnAmb2ozBlkDropperShnGlTrim,Boston Round 60ml Amber 20 400,boston-round-60ml-amber-20-400,e232d5aab5ca083a917f13c204b2d9332eb7760b48e9bd55cb4ade52099cb8e3,kit_complete,full,,live-prod-2026-09-20
GBBstnAmb2ozBlkDrpr,GB-BSR-AMB-60ML-BLK-T-02,GBBstnAmb2ozBlkDrpr,Boston Round 60ml Amber 20 400,boston-round-60ml-amber-20-400,bdea3840bc26df410217a56087194c72aa4a4fa2d3fe3e8d66c39cbc563a2115,no_kit,,No productKits row served for current published plate (forSkus null),live-prod-2026-09-20
GBBstnAmb2ozBlkDrprShnSlTrim,GB-BSR-AMB-60ML-BLK-T-03,GBBstnAmb2ozBlkDrprShnSlTrim,Boston Round 60ml Amber 20 400,boston-round-60ml-amber-20-400,b5c53d07b91f1f5f981f5720346f532ed709b128df9de1718ba06229a5df12ab,kit_complete,full,,live-prod-2026-09-20
GBBstnAmb2ozMtlRollonGl,GB-BSR-AMB-60ML-MRL-SGLD,GBBstnAmb2ozMtlRollonGl,Boston Round 60ml Amber 20 400,boston-round-60ml-amber-20-400,b0a50b890de4b04bfb422c3e8e1e54ca9df9af049786c62b20ed36327453251d,kit_complete,full,,live-prod-2026-09-20
GBBstnAmb2ozMtlRollonMattBlk,GB-BSR-AMB-60ML-MRL-MBLK,GBBstnAmb2ozMtlRollonMattBlk,Boston Round 60ml Amber 20 400,boston-round-60ml-amber-20-400,2654ed988127e1128bab75c76a1aa11375679bc534cab08a76913e7aa89bb608,kit_complete,full,,live-prod-2026-09-20
GBBstnAmb2ozMtlRollonMattGl,GB-BSR-AMB-60ML-MRL-MGLD,GBBstnAmb2ozMtlRollonMattGl,Boston Round 60ml Amber 20 400,boston-round-60ml-amber-20-400,c8a7aafafbc7dec2bffc12c818df30e056391bb6844296d8747d91401bfca490,kit_complete,full,,live-prod-2026-09-20
GBBstnAmb2ozMtlRollonMattSl,GB-BSR-AMB-60ML-MRL-MSLV,GBBstnAmb2ozMtlRollonMattSl,Boston Round 60ml Amber 20 400,boston-round-60ml-amber-20-400,4e9f63b507952b493213212f434c614b7db1c4cb9a073035be4ad791b664ac8d,no_kit,,No productKits row served for current published plate (forSkus null),live-prod-2026-09-20
GBBstnAmb2ozMtlRollonShnSl,GB-BSR-AMB-60ML-MRL-SSLV,GBBstnAmb2ozMtlRollonShnSl,Boston Round 60ml Amber 20 400,boston-round-60ml-amber-20-400,2e906a46a61ff78b9d522587672ea08d955051f355d0cac906c800ecf89968a1,no_kit,,No productKits row served for current published plate (forSkus null),live-prod-2026-09-20
GBBstnAmb2ozRollonGl,GB-BSR-AMB-60ML-RON-GLD,GBBstnAmb2ozRollonGl,Boston Round 60ml Amber 20 400,boston-round-60ml-amber-20-400,b0a50b890de4b04bfb422c3e8e1e54ca9df9af049786c62b20ed36327453251d,kit_complete,full,,live-prod-2026-09-20
GBBstnAmb2ozRollonMattBlk,GB-BSR-AMB-60ML-RON-MBLK,GBBstnAmb2ozRollonMattBlk,Boston Round 60ml Amber 20 400,boston-round-60ml-amber-20-400,2654ed988127e1128bab75c76a1aa11375679bc534cab08a76913e7aa89bb608,no_kit,,No productKits row served for current published plate (forSkus null),live-prod-2026-09-20
GBBstnAmb2ozRollonMattGl,GB-BSR-AMB-60ML-RON-MGLD,GBBstnAmb2ozRollonMattGl,Boston Round 60ml Amber 20 400,boston-round-60ml-amber-20-400,ed9c53ac7231e87523a714f6540623a4f5b15d4ee2b210ff2657082e1db1f8d3,kit_complete,full,,live-prod-2026-09-20
GBBstnAmb2ozRollonMattSl,GB-BSR-AMB-60ML-RON-MSLV,GBBstnAmb2ozRollonMattSl,Boston Round 60ml Amber 20 400,boston-round-60ml-amber-20-400,4e9f63b507952b493213212f434c614b7db1c4cb9a073035be4ad791b664ac8d,kit_complete,full,,live-prod-2026-09-20
GBBstnAmb2ozRollonShnBlk,GB-BSR-AMB-60ML-RBL-SBLK,GBBstnAmb2ozRollonShnBlk,Boston Round 60ml Amber 20 400,boston-round-60ml-amber-20-400,acaa98c4d94ab9bc55aeafd439557ca787f729d21146e23f6b0c6fbc659567f5,no_kit,,No productKits row served for current published plate (forSkus null),live-prod-2026-09-20
GBBstnAmb2ozRollonShnSl,GB-BSR-AMB-60ML-RON-SSLV,GBBstnAmb2ozRollonShnSl,Boston Round 60ml Amber 20 400,boston-round-60ml-amber-20-400,2e906a46a61ff78b9d522587672ea08d955051f355d0cac906c800ecf89968a1,kit_complete,full,,live-prod-2026-09-20
GBBstnAmb2ozWhtDropperShnGlTrim,GB-BSR-AMB-60ML-WHT-T-01,GBBstnAmb2ozWhtDropperShnGlTrim,Boston Round 60ml Amber 20 400,boston-round-60ml-amber-20-400,2a4b2637b9e37c1655a73cadbde813137a197ab2a18b37902078a32eb6b2ecf6,kit_complete,full,,live-prod-2026-09-20
GBBstnAmb2ozWhtDropperShnSlTrim,GB-BSR-AMB-60ML-WHT-T-02,GBBstnAmb2ozWhtDropperShnSlTrim,Boston Round 60ml Amber 20 400,boston-round-60ml-amber-20-400,bfc2730c9b553ff63a6fb131a45f4ddb2e3b95985058ca52f841115ebdf01079,kit_complete,full,,live-prod-2026-09-20
GBBstnAmb2ozWhtDrpr,GB-BSR-AMB-60ML-WHT-T-03,GBBstnAmb2ozWhtDrpr,Boston Round 60ml Amber 20 400,boston-round-60ml-amber-20-400,0d88413b896801dbc72410b604d4dd69c569ff52a6db812e2335b016793880b3,kit_complete,full,,live-prod-2026-09-20
GBBstn2ozBlkCapSht,GB-BSR-CLR-60ML-BLK-S,GBBstn2ozBlkCapSht,Boston Round 60ml Clear 20 400,boston-round-60ml-clear-20-400,ada43cc85a767d0851e1fefc4f91daa838deec4ac48cc21a29a1a0b080e4f7b5,no_kit,,No productKits row served for current published plate (forSkus null),live-prod-2026-09-20
GBBstn2ozBlkDrpr,GB-BSR-CLR-60ML-BLK-T-01,GBBstn2ozBlkDrpr,Boston Round 60ml Clear 20 400,boston-round-60ml-clear-20-400,791e2a93680ad213d7b484bdad0767b7a3c34e2883d36b7c49b7a63976c9b6a9,kit_complete,full,,live-prod-2026-09-20
GBBstn2ozBlkDrprShnGlTrim,GB-BSR-CLR-60ML-BLK-T-02,GBBstn2ozBlkDrprShnGlTrim,Boston Round 60ml Clear 20 400,boston-round-60ml-clear-20-400,6ec118c233d082dff05cc309dbae6e89f7b5c0394da6a80f50338ffc516ced5a,no_kit,,No productKits row served for current published plate (forSkus null),live-prod-2026-09-20
GBBstn2ozBlkDrprShnSlTrim,GB-BSR-CLR-60ML-BLK-T-03,GBBstn2ozBlkDrprShnSlTrim,Boston Round 60ml Clear 20 400,boston-round-60ml-clear-20-400,d8d93b599048b7f5829321c5cf4c75f12e39ad7d6585b19dbc8b9881fffedb4e,kit_complete,full,,live-prod-2026-09-20
GBBstn2ozMtlRollBlk,GB-BSR-CLR-60ML-MRL-BLK,GBBstn2ozMtlRollBlk,Boston Round 60ml Clear 20 400,boston-round-60ml-clear-20-400,d5450dc686026312af4e70f8cb1174d70bff2e31b615f6fceeb2870ce5056244,no_kit,,No productKits row served for current published plate (forSkus null),live-prod-2026-09-20
GBBstn2ozMtlRollGl,GB-BSR-CLR-60ML-MRL-SGLD,GBBstn2ozMtlRollGl,Boston Round 60ml Clear 20 400,boston-round-60ml-clear-20-400,b94f7cd59d80f3030ece72fa40f1488aaf1f693159d2494db56266ef785fdc7a,no_kit,,No productKits row served for current published plate (forSkus null),live-prod-2026-09-20
GBBstn2ozMtlRollMattBlk,GB-BSR-CLR-60ML-MRL-MBLK,GBBstn2ozMtlRollMattBlk,Boston Round 60ml Clear 20 400,boston-round-60ml-clear-20-400,556b0172825f4f47ab1e50094988da9298509aa23bc3c0656cc3195b1a206bb9,kit_complete,full,,live-prod-2026-09-20
GBBstn2ozMtlRollMattGl,GB-BSR-CLR-60ML-MRL-MGLD,GBBstn2ozMtlRollMattGl,Boston Round 60ml Clear 20 400,boston-round-60ml-clear-20-400,2b3a4ce3bda89464e4afdc97a2a39296da62eefb69f4438afc68e538e5e7397d,kit_complete,full,,live-prod-2026-09-20
GBBstn2ozMtlRollMattSl,GB-BSR-CLR-60ML-MRL-MSLV,GBBstn2ozMtlRollMattSl,Boston Round 60ml Clear 20 400,boston-round-60ml-clear-20-400,de0d35a247be2fd43524796e8bde18fd33b5f5852a78de32d6c582d3a470325f,kit_complete,full,,live-prod-2026-09-20
GBBstn2ozMtlRollShnSl,GB-BSR-CLR-60ML-MRL-SSLV,GBBstn2ozMtlRollShnSl,Boston Round 60ml Clear 20 400,boston-round-60ml-clear-20-400,123ba06d412f58b56b9dba23f02cebbba5869b0b61dbaa46287d8aded84b700f,kit_complete,full,,live-prod-2026-09-20
GBBstn2ozRollGl,GB-BSR-CLR-60ML-RBL-SGLD,GBBstn2ozRollGl,Boston Round 60ml Clear 20 400,boston-round-60ml-clear-20-400,ccefab3aa81950170034e50cf441e050470f246907ed85461b5e435e9e71f850,no_kit,,No productKits row served for current published plate (forSkus null),live-prod-2026-09-20
GBBstn2ozRollMattBlk,GB-BSR-CLR-60ML-RBL-MBLK,GBBstn2ozRollMattBlk,Boston Round 60ml Clear 20 400,boston-round-60ml-clear-20-400,556b0172825f4f47ab1e50094988da9298509aa23bc3c0656cc3195b1a206bb9,kit_complete,full,,live-prod-2026-09-20
GBBstn2ozRollMattSl,GB-BSR-CLR-60ML-RBL-MSLV,GBBstn2ozRollMattSl,Boston Round 60ml Clear 20 400,boston-round-60ml-clear-20-400,de0d35a247be2fd43524796e8bde18fd33b5f5852a78de32d6c582d3a470325f,kit_complete,full,,live-prod-2026-09-20
GBBstn2ozRollShnBlk,GB-BSR-CLR-60ML-RBL-SBLK,GBBstn2ozRollShnBlk,Boston Round 60ml Clear 20 400,boston-round-60ml-clear-20-400,d5450dc686026312af4e70f8cb1174d70bff2e31b615f6fceeb2870ce5056244,no_kit,,No productKits row served for current published plate (forSkus null),live-prod-2026-09-20
GBBstn2ozRollShnSl,GB-BSR-CLR-60ML-RON-SSLV,GBBstn2ozRollShnSl,Boston Round 60ml Clear 20 400,boston-round-60ml-clear-20-400,7e108a83cd184a7da117d1bbeff18193606bb17d87a4bb4cf09f25f797d3d5a8,kit_complete,full,,live-prod-2026-09-20
GBBstn2ozRollonMattGl,GB-BSR-CLR-60ML-RBL-MGLD,GBBstn2ozRollonMattGl,Boston Round 60ml Clear 20 400,boston-round-60ml-clear-20-400,c8acff47d12a22b5be9eb6d245a53ee1f3ac2237a82857b1d334b9863763ce3c,no_kit,,No productKits row served for current published plate (forSkus null),live-prod-2026-09-20
GBBstn2ozWhtDrpr,GB-BSR-CLR-60ML-WHT-T-01,GBBstn2ozWhtDrpr,Boston Round 60ml Clear 20 400,boston-round-60ml-clear-20-400,2a75455fdb57f5ae52e5af240d778e20c81cd112a3e9600f401ea2c4191777b8,kit_complete,full,,live-prod-2026-09-20
GBBstn2ozWhtDrprShnGlTrim,GB-BSR-CLR-60ML-WHT-T-02,GBBstn2ozWhtDrprShnGlTrim,Boston Round 60ml Clear 20 400,boston-round-60ml-clear-20-400,f2d3bbb82d080159853768c8d33b43c1be097b33f046fc9c6444d02f1693c934,kit_complete,full,,live-prod-2026-09-20
GBBstn2ozWhtDrprShnSlTrim,GB-BSR-CLR-60ML-WHT-T-03,GBBstn2ozWhtDrprShnSlTrim,Boston Round 60ml Clear 20 400,boston-round-60ml-clear-20-400,d0ff010f60d1ff0a19267e978f242555889e2abd238fd8d83ba0bb43db212600,no_kit,,No productKits row served for current published plate (forSkus null),live-prod-2026-09-20
GBBstnBlu2ozBlkCapSht,GB-BSR-BLU-60ML-BLK-S,GBBstnBlu2ozBlkCapSht,Boston Round 60ml Cobalt Blue 20 400,boston-round-60ml-cobalt-blue-20-400,47b2e424baf5745545d39cdd6388f00dc48d13a2ec9e3982c0a75eeda84ffb18,no_kit,,No productKits row served for current published plate (forSkus null),live-prod-2026-09-20
GBBstnBlu2ozBlkDropper,GB-BSR-CBL-60ML-BLK-T-01,GBBstnBlu2ozBlkDropper,Boston Round 60ml Cobalt Blue 20 400,boston-round-60ml-cobalt-blue-20-400,a018ae15d225c01c4215f34822690a2093972ea9b2d88e1f923f337a5794f632,kit_complete,full,,live-prod-2026-09-20
GBBstnBlu2ozBlkDropperShnGlTrim,GB-BSR-CBL-60ML-BLK-T-02,GBBstnBlu2ozBlkDropperShnGlTrim,Boston Round 60ml Cobalt Blue 20 400,boston-round-60ml-cobalt-blue-20-400,7aa2489da1ed54c9df7d4432bb41851785d76a627ee57d093e8502b6f0d4d6ec,kit_complete,full,,live-prod-2026-09-20
GBBstnBlu2ozMtlRollonGl,GB-BSR-CBL-60ML-MRL-SGLD,GBBstnBlu2ozMtlRollonGl,Boston Round 60ml Cobalt Blue 20 400,boston-round-60ml-cobalt-blue-20-400,0f6f2a5c094212425fe2345870ae3c01918105e435d6d0e89f429cc492af1c2d,kit_complete,full,,live-prod-2026-09-20
GBBstnBlu2ozMtlRollonMattBlk,GB-BSR-BLU-60ML-MRO-MBLK,GBBstnBlu2ozMtlRollonMattBlk,Boston Round 60ml Cobalt Blue 20 400,boston-round-60ml-cobalt-blue-20-400,f1ba080a58803122ec1425385e57e3a04cd169c02f359c4a2af3c3087f10b586,kit_complete,full,,live-prod-2026-09-20
GBBstnBlu2ozMtlRollonMattGl,GB-BSR-CBL-60ML-MRL-MGLD,GBBstnBlu2ozMtlRollonMattGl,Boston Round 60ml Cobalt Blue 20 400,boston-round-60ml-cobalt-blue-20-400,d83a9e836595654e7bf688084ea51ba1fdc60a3aa6c0d7452c8692977d73ddda,kit_complete,full,,live-prod-2026-09-20
GBBstnBlu2ozMtlRollonMattSl,GB-BSR-BLU-60ML-MRO-MSLV,GBBstnBlu2ozMtlRollonMattSl,Boston Round 60ml Cobalt Blue 20 400,boston-round-60ml-cobalt-blue-20-400,beab00f3d22f82be79f68a42b3623890b557e197830192d788b9ef4cd542fd06,kit_complete,full,,live-prod-2026-09-20
GBBstnBlu2ozMtlRollonShnSl,GB-BSR-BLU-60ML-MRO-SSLV,GBBstnBlu2ozMtlRollonShnSl,Boston Round 60ml Cobalt Blue 20 400,boston-round-60ml-cobalt-blue-20-400,be80293d74890bba010de8184596facd8f5b8751508c55f71b47409e2e40f50f,kit_complete,full,,live-prod-2026-09-20
GBBstnBlu2ozRollonGl,GB-BSR-BLU-60ML-RON-GLD,GBBstnBlu2ozRollonGl,Boston Round 60ml Cobalt Blue 20 400,boston-round-60ml-cobalt-blue-20-400,adf9e5d9f1d207eaaee94cf4054d555f97a8c05666dd545f02e29ce3cf482384,kit_complete,full,,live-prod-2026-09-20
GBBstnBlu2ozRollonMattBlk,GB-BSR-BLU-60ML-RON-MBLK,GBBstnBlu2ozRollonMattBlk,Boston Round 60ml Cobalt Blue 20 400,boston-round-60ml-cobalt-blue-20-400,f3dfded19723ede66e77bb85f82fad314e3e20495a03c217e89ce8e2787321c6,kit_complete,full,,live-prod-2026-09-20
GBBstnBlu2ozRollonMattGl,GB-BSR-BLU-60ML-RON-MGLD,GBBstnBlu2ozRollonMattGl,Boston Round 60ml Cobalt Blue 20 400,boston-round-60ml-cobalt-blue-20-400,34c5143261d9b04e268979902c6256edff60db466a6b4aadd108123d43d41186,kit_complete,full,,live-prod-2026-09-20
GBBstnBlu2ozRollonMattSl,GB-BSR-BLU-60ML-RON-MSLV,GBBstnBlu2ozRollonMattSl,Boston Round 60ml Cobalt Blue 20 400,boston-round-60ml-cobalt-blue-20-400,84a9aa4e8eb1b7ac5ebe86698b59cb55ccc5517c0321f227157f665bf72d22fc,kit_complete,full,,live-prod-2026-09-20
GBBstnBlu2ozRollonShnBlk,GB-BSR-CBL-60ML-RBL-SBLK,GBBstnBlu2ozRollonShnBlk,Boston Round 60ml Cobalt Blue 20 400,boston-round-60ml-cobalt-blue-20-400,4214684baa019c36b5d7311aaa213eff2ef19f3773a8418bab2d973822cfd78c,kit_complete,full,,live-prod-2026-09-20
GBBstnBlu2ozRollonShnSl,GB-BSR-BLU-60ML-RON-SSLV,GBBstnBlu2ozRollonShnSl,Boston Round 60ml Cobalt Blue 20 400,boston-round-60ml-cobalt-blue-20-400,a4e518ad8379df7282ed905b967987728a44e01122ac5464cce54f42d8c8544d,kit_complete,full,,live-prod-2026-09-20
GBBstnBlu2ozWhtDropper,GB-BSR-CBL-60ML-WHT-T-01,GBBstnBlu2ozWhtDropper,Boston Round 60ml Cobalt Blue 20 400,boston-round-60ml-cobalt-blue-20-400,ed37984df5fa1fbc4dc141fcbe570765c68ba6efa9773fd5d492247e4d4d1ce5,kit_complete,full,,live-prod-2026-09-20
GBBstnBlu2ozWhtDropperShnGlTrim,GB-BSR-CBL-60ML-WHT-T-02,GBBstnBlu2ozWhtDropperShnGlTrim,Boston Round 60ml Cobalt Blue 20 400,boston-round-60ml-cobalt-blue-20-400,fd08d80563c735587794f50b05966159fb4f1fb46f35b8ec1af315c56301c3a0,kit_complete,full,,live-prod-2026-09-20
GBBstnBlu2ozWhtDropperShnSlTrim,GB-BSR-CBL-60ML-WHT-T-03,GBBstnBlu2ozWhtDropperShnSlTrim,Boston Round 60ml Cobalt Blue 20 400,boston-round-60ml-cobalt-blue-20-400,2cac833430ce93b2ffeb756bc45662ceb8fbe71181a0461c127199be89e9c9fd,kit_complete,full,,live-prod-2026-09-20
CP18-415BlkLthr,CMP-CAP-BLK-18415-LTR,CP18-415BlkLthr,Cap Closure 18 415,cap-closure-18-415,21a66397ea676ca8fabdbef99ace40ec5a199d68d28201131d6327f66122dc17,no_kit,,No productKits row served for current published plate (forSkus null),live-prod-2026-09-20
CP18-415BrwnLthr,CMP-CAP-BRN-18415-LTR,CP18-415BrwnLthr,Cap Closure 18 415,cap-closure-18-415,2efaf033cd0ecd35d611221e1da9b93419799b36a6ec8aad91ec783a917f64eb,no_kit,,No productKits row served for current published plate (forSkus null),live-prod-2026-09-20
CP18-415LBrwnLthr,CMP-CAP-LBRN-18415-LTR,CP18-415LBrwnLthr,Cap Closure 18 415,cap-closure-18-415,03a162fdb0c5e6a37628f59022c991c74a1bbe5d0f22f9f7ede0ea49e54a05cf,no_kit,,No productKits row served for current published plate (forSkus null),live-prod-2026-09-20
CP18-415LIvyLthr,CMP-CAP-IVY-18415-LTR,CP18-415LIvyLthr,Cap Closure 18 415,cap-closure-18-415,2430a4b0c9951c839769567c430d1d9954f69285e69733461726437688d4c181,no_kit,,No productKits row served for current published plate (forSkus null),live-prod-2026-09-20
CP18-415LPnkLthr,CMP-CAP-PNK-18415-LTR,CP18-415LPnkLthr,Cap Closure 18 415,cap-closure-18-415,b8e5ac5d5ebb92ae1d4cc7604cf009604ae070bcc1a5b47070358c42190523e2,no_kit,,No productKits row served for current published plate (forSkus null),live-prod-2026-09-20
CP18-415MtSl,CMP-CAP-MSLV-18415-S,CP18-415MtSl,Cap Closure 18 415,cap-closure-18-415,dac455b73e89c406c24f0df7334e64eaad3f36abef67fcbb266369ec270c11cb,no_kit,,No productKits row served for current published plate (forSkus null),live-prod-2026-09-20
CP18-415MtSlTall,CMP-CAP-MSLV-18415-T,CP18-415MtSlTall,Cap Closure 18 415,cap-closure-18-415,19b99188401725a731c12ad9a2ceb2e0d082c8494e39240f29859163db74cde2,no_kit,,No productKits row served for current published plate (forSkus null),live-prod-2026-09-20
CP18-415ShnGl,CMP-CAP-SGLD-18415-S,CP18-415ShnGl,Cap Closure 18 415,cap-closure-18-415,95e3fdbf8728d7812dc5a6ca5d12e130d68eccba40ee1c59fcf1f3d985532a7f,no_kit,,No productKits row served for current published plate (forSkus null),live-prod-2026-09-20
CP18-415ShnSl,CMP-CAP-SSLV-18415-S,CP18-415ShnSl,Cap Closure 18 415,cap-closure-18-415,a8becde639f6446265698c1b03ad1c9eb399fa3fb25be0687c9668ffeb44d27d,no_kit,,No productKits row served for current published plate (forSkus null),live-prod-2026-09-20
CP18-415Wh,CMP-CAP-WHT-18415-T,CP18-415Wh,Cap Closure 18 415,cap-closure-18-415,0b9ca473ba9ab284d748759f72fcf2fbc934c19d7b53ab809be3ed96ba16588f,no_kit,,No productKits row served for current published plate (forSkus null),live-prod-2026-09-20
20-400Cp2ozShortBlk,CMP-CAP-BLK-20-400-2OZ,20-400Cp2ozShortBlk,Cap Closure 20 400,cap-closure-20-400,53f6084574341ddb57f3da60276706100dd95715c2beff8d07f3735243f30044,no_kit,,No productKits row served for current published plate (forSkus null),live-prod-2026-09-20
20-400cp1ozShortBlk,CMP-CAP-BLK-20-400-1OZ,20-400cp1ozShortBlk,Cap Closure 20 400,cap-closure-20-400,53f6084574341ddb57f3da60276706100dd95715c2beff8d07f3735243f30044,no_kit,,No productKits row served for current published plate (forSkus null),live-prod-2026-09-20
CP8-425TallShnGl,CMP-CAP-SGLD-8425-T,CP8-425TallShnGl,Cap Closure 8 425,cap-closure-8-425,5088f2225a60b2aba7d5d9e84e0651f9990f48a9626d7d248151a36e331125bf,no_kit,,No productKits row served for current published plate (forSkus null),live-prod-2026-09-20
CP8-425TallShnSl,CMP-CAP-SSLV-8425-T,CP8-425TallShnSl,Cap Closure 8 425,cap-closure-8-425,82ef903c4a1c52e02e1ec23e1903761808f7ba5c05fd1a66be4c421c1c4e42fa,no_kit,,No productKits row served for current published plate (forSkus null),live-prod-2026-09-20
GBCrcl100AnSpBlk,GB-CIR-CLR-100ML-ASP-BLK,GBCrcl100AnSpBlk,Circle 100ml Clear 18 415,circle-100ml-clear-18-415,c09793aa0ad1786a37f54a623eee5bddf96fdd5563c19f476f76902cda192384,kit_complete,full,,live-prod-2026-09-20
GBCrcl100AnSpGl,GB-CIR-CLR-100ML-ASP-GLD,GBCrcl100AnSpGl,Circle 100ml Clear 18 415,circle-100ml-clear-18-415,2ae0e2445158110b3b0d01b096d6fcdb660c5df43fdad54ccfbb2292ff9f28e8,kit_complete,full,,live-prod-2026-09-20
GBCrcl100AnSpIvyGl,GB-CIR-CLR-100ML-ASP-IVGD,GBCrcl100AnSpIvyGl,Circle 100ml Clear 18 415,circle-100ml-clear-18-415,c4df3839a46f77cd927b2f31e6f0c233000537cea6e6f64a227b72f89cb3640a,kit_complete,full,,live-prod-2026-09-20
GBCrcl100AnSpIvySl,GB-CIR-CLR-100ML-ASP-IVSL,GBCrcl100AnSpIvySl,Circle 100ml Clear 18 415,circle-100ml-clear-18-415,d093b76030ce02c1a4aa3e1046da8334b1e4d8523a35c8140fc44a7c189eaf53,kit_complete,full,,live-prod-2026-09-20
GBCrcl100AnSpLvn,GB-CIR-CLR-100ML-ASP-LVN,GBCrcl100AnSpLvn,Circle 100ml Clear 18 415,circle-100ml-clear-18-415,d2ace3aac79d8c3b75df3e82a80199e08446d885c2ff790743e2db608b831511,kit_complete,full,,live-prod-2026-09-20
GBCrcl100AnSpMtSl,GB-CIR-CLR-100ML-ASP-MSLV,GBCrcl100AnSpMtSl,Circle 100ml Clear 18 415,circle-100ml-clear-18-415,4fc63749f198e5a483f4a166219fda7a7bc9575cc32da08ebbe665045e6321b6,kit_complete,full,,live-prod-2026-09-20
GBCrcl100AnSpPnk,GB-CIR-CLR-100ML-ASP-PNK,GBCrcl100AnSpPnk,Circle 100ml Clear 18 415,circle-100ml-clear-18-415,87ae511c2ee686d3b89163a6edac3f984fcf966f52725e11d0b194a710042b22,kit_complete,full,,live-prod-2026-09-20
GBCrcl100AnSpRed,GB-CIR-CLR-100ML-ASP-RED,GBCrcl100AnSpRed,Circle 100ml Clear 18 415,circle-100ml-clear-18-415,cfff8f05c67c6030dd2dee4c4ef2fcba62e2d6bb2e2755b8b2b4d56bf78c7bbc,kit_complete,full,,live-prod-2026-09-20
GBCrcl100AnSpTslBlk,GB-CIR-CLR-100ML-AST-BLK,GBCrcl100AnSpTslBlk,Circle 100ml Clear 18 415,circle-100ml-clear-18-415,fe956ebfa0bde38811112b5054482c634c76f4b7d0acfd813825f3ca41b13f07,no_kit,,No productKits row served for current published plate (forSkus null),live-prod-2026-09-20
GBCrcl100AnSpTslGl,GB-CIR-CLR-100ML-AST-GLD,GBCrcl100AnSpTslGl,Circle 100ml Clear 18 415,circle-100ml-clear-18-415,aa771420fccb878acbc381be7bb967428ded3cc9cd7e219fe08bbe7420fcbb7a,kit_complete,full,,live-prod-2026-09-20
GBCrcl100AnSpTslIvyGl,GB-CIR-CLR-100ML-AST-IVGD,GBCrcl100AnSpTslIvyGl,Circle 100ml Clear 18 415,circle-100ml-clear-18-415,443f7d9b47f4db585e4331b26f6c3a846a92ea5a820f0dc31cbffe2a0f59b6a1,kit_complete,full,,live-prod-2026-09-20
GBCrcl100AnSpTslIvySl,GB-CIR-CLR-100ML-AST-IVSL,GBCrcl100AnSpTslIvySl,Circle 100ml Clear 18 415,circle-100ml-clear-18-415,b805393388cffa23ba460a29bdf854d5b52172abe5a048e0084af94c617f7914,no_kit,,No productKits row served for current published plate (forSkus null),live-prod-2026-09-20
GBCrcl100AnSpTslLvn,GB-CIR-CLR-100ML-AST-LVN,GBCrcl100AnSpTslLvn,Circle 100ml Clear 18 415,circle-100ml-clear-18-415,c9cd11c31fc3d8adb7c87b62ba1515609ea0f4982ea8796d029beb37929611b6,kit_complete,full,,live-prod-2026-09-20
GBCrcl100AnSpTslMtSl,GB-CIR-CLR-100ML-AST-MSLV,GBCrcl100AnSpTslMtSl,Circle 100ml Clear 18 415,circle-100ml-clear-18-415,622fef0e49491f34285f1dea71acdf742ed90103793264ed5911d4ce413a6ae6,kit_complete,full,,live-prod-2026-09-20
GBCrcl100AnSpTslPnk,GB-CIR-CLR-100ML-AST-PNK,GBCrcl100AnSpTslPnk,Circle 100ml Clear 18 415,circle-100ml-clear-18-415,746e00d3ec3efd6550e7886d078dcc095e08b54175ab7ee5f48889db011b3af8,no_kit,,No productKits row served for current published plate (forSkus null),live-prod-2026-09-20
GBCrcl100AnSpTslRed,GB-CIR-CLR-100ML-AST-RED,GBCrcl100AnSpTslRed,Circle 100ml Clear 18 415,circle-100ml-clear-18-415,55f2423e01abd37df3c88bcf1f0daeab07ef2a438706e446db42e08fe95a918d,no_kit,,No productKits row served for current published plate (forSkus null),live-prod-2026-09-20
GBCrcl100AnSpTslWht,GB-CIR-CLR-100ML-AST-WHT,GBCrcl100AnSpTslWht,Circle 100ml Clear 18 415,circle-100ml-clear-18-415,06b42b807b325905e7aed01163be87b499c0428236998f5e1039a6bc5f472c1d,no_kit,,No productKits row served for current published plate (forSkus null),live-prod-2026-09-20
GBCrcl100AnSpWht,GB-CIR-CLR-100ML-ASP-WHT,GBCrcl100AnSpWht,Circle 100ml Clear 18 415,circle-100ml-clear-18-415,9d1884cb0085f9a87a9b5770d7034f5f632f7f5a06fa6c22c708629dac5f25b0,kit_complete,full,,live-prod-2026-09-20
GBCrcl100RdcrBlkLthr,GB-CIR-CLR-100ML-RDC-BKLT,GBCrcl100RdcrBlkLthr,Circle 100ml Clear 18 415,circle-100ml-clear-18-415,a4ddfc965a1aeeef68613fa36941dc1b4f8617afaea8a061f5b7edc7e63e6964,kit_complete,full,,live-prod-2026-09-20
GBCrcl100RdcrBrwnLthr,GB-CIR-CLR-100ML-RDC-01,GBCrcl100RdcrBrwnLthr,Circle 100ml Clear 18 415,circle-100ml-clear-18-415,ca55172b37b3012fa66ff7f6d2550c90e9fbc0257d6f5ebc6a49ad91ac830c37,kit_complete,full,,live-prod-2026-09-20
GBCrcl100RdcrIvyLthr,GB-CIR-CLR-100ML-RDC-IVR,GBCrcl100RdcrIvyLthr,Circle 100ml Clear 18 415,circle-100ml-clear-18-415,e871ac151929aae86cac273269e11080cc265fe9b92807087b9d6cc54cb75f5d,kit_complete,full,,live-prod-2026-09-20
GBCrcl100RdcrLBrwnLthr,GB-CIR-CLR-100ML-RDC-02,GBCrcl100RdcrLBrwnLthr,Circle 100ml Clear 18 415,circle-100ml-clear-18-415,7d9a5d38493f36d99476d9c6fadcba0c26d482e5c95933ce150cdea6748c1c20,kit_complete,full,,live-prod-2026-09-20
GBCrcl100RdcrMtSl,GB-CIR-CLR-100ML-RDC-MSLV,GBCrcl100RdcrMtSl,Circle 100ml Clear 18 415,circle-100ml-clear-18-415,907a954982fdf8736540d993280934a017350e271d78eab5a8ff59b5fcb8139f,kit_complete,full,,live-prod-2026-09-20
GBCrcl100RdcrMtSlTall,GB-CIR-CLR-100ML-RDC-MSLV-T,GBCrcl100RdcrMtSlTall,Circle 100ml Clear 18 415,circle-100ml-clear-18-415,f3679edb22cac918b0ed8f600723800b42d94671ab38f8fa474115fd81af866c,kit_complete,full,,live-prod-2026-09-20
GBCrcl100RdcrPnkLthr,GB-CIR-CLR-100ML-RDC-PNK,GBCrcl100RdcrPnkLthr,Circle 100ml Clear 18 415,circle-100ml-clear-18-415,507b72db4b936c17c74804b89799be13e5e9c44b8851b29159255cadaa5933f7,kit_complete,full,,live-prod-2026-09-20
GBCrcl100RdcrShnBlk,GB-CIR-CLR-100ML-RDC-SBLK,GBCrcl100RdcrShnBlk,Circle 100ml Clear 18 415,circle-100ml-clear-18-415,869535814a029f31d71e841e22733e949d09273c7d6b663597aa10dba44998cf,kit_complete,full,,live-prod-2026-09-20
GBCrcl100RdcrShnBlkTall,GB-CIR-CLR-100ML-RDC-SBLK-T,GBCrcl100RdcrShnBlkTall,Circle 100ml Clear 18 415,circle-100ml-clear-18-415,bd6a4ae54876aee2d0a505768b7c9103c69be3c26ad68290002479f54e8b11dc,kit_complete,full,,live-prod-2026-09-20
GBCrcl100RdcrShnGl,GB-CIR-CLR-100ML-RDC-SGLD,GBCrcl100RdcrShnGl,Circle 100ml Clear 18 415,circle-100ml-clear-18-415,a64d58278c678f16d7a8a890b6f86e43db688fdaafbb1106f85f9e2025c858da,kit_complete,full,,live-prod-2026-09-20
GBCrcl100RdcrShnSl,GB-CIR-CLR-100ML-RDC-SSLV,GBCrcl100RdcrShnSl,Circle 100ml Clear 18 415,circle-100ml-clear-18-415,482cd36ae66a4b812fe68cc40f3acb6b603cdadd7d8da37317936ade016b709c,kit_complete,full,,live-prod-2026-09-20
GBCrcl100RdcrWht,GB-CIR-CLR-100ML-RDC-WHT,GBCrcl100RdcrWht,Circle 100ml Clear 18 415,circle-100ml-clear-18-415,7d363769812fd06147d292b1ebf7ebdb934a1b975f02643d4ebf3c35a8d2ab62,kit_complete,full,,live-prod-2026-09-20
GBCrcl100SpryCu,GB-CIR-CLR-100ML-SPR-CPR,GBCrcl100SpryCu,Circle 100ml Clear 18 415,circle-100ml-clear-18-415,a69087a8716ea7af2a8912d3936b3c859851d079d2cae814ec7bd1ab0b472b4e,no_kit,,No productKits row served for current published plate (forSkus null),live-prod-2026-09-20
GBCrcl100SpryMtGl,GB-CIR-CLR-100ML-SPR-MGLD,GBCrcl100SpryMtGl,Circle 100ml Clear 18 415,circle-100ml-clear-18-415,3f58d9a2f17a18ce7c02bce04ec6448afe1264f38651a01a623c675300c419ee,kit_complete,full,,live-prod-2026-09-20
GBCrcl100SpryMtSl,GB-CIR-CLR-100ML-SPR-MSLV,GBCrcl100SpryMtSl,Circle 100ml Clear 18 415,circle-100ml-clear-18-415,3292126c8959a2537c75a7cf355a9d75d847fc1003a4a89c40e7a5ebd8cb6766,kit_complete,full,,live-prod-2026-09-20
GBCrcl100SpryShnBlk,GB-CIR-CLR-100ML-SPR-SBLK,GBCrcl100SpryShnBlk,Circle 100ml Clear 18 415,circle-100ml-clear-18-415,0473f69fbb3ceeddc3ddafc294c483cb6a39d5582721a73daa5d4e7eed549409,kit_complete,full,,live-prod-2026-09-20
GBCrcl100SpryShnGl,GB-CIR-CLR-100ML-SPR-SGLD,GBCrcl100SpryShnGl,Circle 100ml Clear 18 415,circle-100ml-clear-18-415,f43efff70dca0070af12d043254326857829ac8c236a7843e8c2032cfb39dff2,kit_complete,full,,live-prod-2026-09-20
GBCrcl100SpryShnSl,GB-CIR-CLR-100ML-SPR-SSLV,GBCrcl100SpryShnSl,Circle 100ml Clear 18 415,circle-100ml-clear-18-415,e019ef7295584c6d6a33ad9f250801c7559758741ee3c42d4e222d906f191a7a,kit_complete,full,,live-prod-2026-09-20
LBCrcl100LtnClOvrCap,LB-CIR-CLR-100ML-LPM-COCP,LBCrcl100LtnClOvrCap,Circle 100ml Clear 18 415,circle-100ml-clear-18-415,d8c48f7438c428eee2c38d9d2b157226c51443ba6d54ef8662e15ca193abdade,kit_complete,full,,live-prod-2026-09-20
LBCrcl100LtnCu,LB-CIR-CLR-100ML-LPM-CPR,LBCrcl100LtnCu,Circle 100ml Clear 18 415,circle-100ml-clear-18-415,d4bfd83c17e901aadd5c5c7586871e06150d48c67a39891eabaed45270ce4b4c,no_kit,,No productKits row served for current published plate (forSkus null),live-prod-2026-09-20
LBCrcl100LtnMtGl,LB-CIR-CLR-100ML-LPM-MGLD,LBCrcl100LtnMtGl,Circle 100ml Clear 18 415,circle-100ml-clear-18-415,303251d4528d11a5d496de043b9407acd29f018dfd7290cf6c8dfb1a8e570b51,kit_complete,full,,live-prod-2026-09-20
LBCrcl100LtnMtSl,LB-CIR-CLR-100ML-LPM-MSLV,LBCrcl100LtnMtSl,Circle 100ml Clear 18 415,circle-100ml-clear-18-415,02c06d21eca66b646d7621d178cc3d1388b982265b7de219285d1402acf32ac7,kit_complete,full,,live-prod-2026-09-20
LBCrcl100LtnShnBlk,LB-CIR-CLR-100ML-LPM-SBLK,LBCrcl100LtnShnBlk,Circle 100ml Clear 18 415,circle-100ml-clear-18-415,1a22b72b5f9374fd5dd746c83dda642eb3532a69a15e397a76672130b65ee327,kit_complete,full,,live-prod-2026-09-20
LBCrcl100LtnShnGl,LB-CIR-CLR-100ML-LPM-SGLD,LBCrcl100LtnShnGl,Circle 100ml Clear 18 415,circle-100ml-clear-18-415,36b5073a44cc1f9edbf39af7c79f29d01539afbbd0ad103fa8245f3e009d5d52,kit_complete,full,,live-prod-2026-09-20
LBCrcl100LtnShnSl,LB-CIR-CLR-100ML-LPM-SSLV,LBCrcl100LtnShnSl,Circle 100ml Clear 18 415,circle-100ml-clear-18-415,557aa9e58a501bae4015240522a2cdfc8cdc44ae49da92fcef7ee1e206d30ee7,kit_complete,full,,live-prod-2026-09-20
GBCrclFrst100AnSpBlk,GB-CIR-FRS-100ML-ASP-BLK,GBCrclFrst100AnSpBlk,Circle 100ml Frosted 18 415,circle-100ml-frosted-18-415,4caa369cd7fe2eeeb4a434e25aca7469d439ee463c11e2be9d77134a07aa33a9,kit_complete,full,,live-prod-2026-09-20
GBCrclFrst100AnSpGl,GB-CIR-FRS-100ML-ASP-SGLD,GBCrclFrst100AnSpGl,Circle 100ml Frosted 18 415,circle-100ml-frosted-18-415,cd260ad7c28a0689677996d4de0081089c4b16ea58697cdc9ab384683312c6ec,kit_complete,full,,live-prod-2026-09-20
GBCrclFrst100AnSpIvyGl,GB-CIR-FRS-100ML-ASP-IVGD,GBCrclFrst100AnSpIvyGl,Circle 100ml Frosted 18 415,circle-100ml-frosted-18-415,06013e6f1fabb855dba6d0ac9e0db92316a06415aa6a5a241e938cbe146f7142,kit_complete,full,,live-prod-2026-09-20
GBCrclFrst100AnSpIvySl,GB-CIR-FRS-100ML-ASP-IVSL,GBCrclFrst100AnSpIvySl,Circle 100ml Frosted 18 415,circle-100ml-frosted-18-415,31a2675f92e34bab4e35b1dac1a4aff21bc47db95bfefc3cf5cf4fdff4d8001c,kit_complete,full,,live-prod-2026-09-20
GBCrclFrst100AnSpLvn,GB-CIR-FRS-100ML-ASP-LVN,GBCrclFrst100AnSpLvn,Circle 100ml Frosted 18 415,circle-100ml-frosted-18-415,4f1f477156e3cb1207107f48ca50858fdefab100ededcd635e86dae3de555247,kit_complete,full,,live-prod-2026-09-20
GBCrclFrst100AnSpMtSl,GB-CIR-FRS-100ML-ASP-MSLV,GBCrclFrst100AnSpMtSl,Circle 100ml Frosted 18 415,circle-100ml-frosted-18-415,a560e091a57070c4127cea88b23b1405cdcde1f057cb6ec2adc85871f18f026e,kit_complete,full,,live-prod-2026-09-20
GBCrclFrst100AnSpPnk,GB-CIR-FRS-100ML-ASP-PNK,GBCrclFrst100AnSpPnk,Circle 100ml Frosted 18 415,circle-100ml-frosted-18-415,1f3ac3fdfb0430a86f4fc0dfed761372f038a5947b75a34fa235a9422097f1aa,kit_complete,full,,live-prod-2026-09-20
GBCrclFrst100AnSpRed,GB-CIR-FRS-100ML-ASP-RED,GBCrclFrst100AnSpRed,Circle 100ml Frosted 18 415,circle-100ml-frosted-18-415,77f3cd29fd5a3f9c5967b1efb871b27a0349f8c52c1cccf78d76b6361236a820,kit_complete,full,,live-prod-2026-09-20
GBCrclFrst100AnSpTslBlk,GB-CIR-FRS-100ML-ASP-01,GBCrclFrst100AnSpTslBlk,Circle 100ml Frosted 18 415,circle-100ml-frosted-18-415,dd1e16aa5aedec741e6df64413bf0a20373dc0e7690e7e1907850f6b838b9f5e,kit_complete,full,,live-prod-2026-09-20
GBCrclFrst100AnSpTslGl,GB-CIR-FRS-100ML-AST-GLD,GBCrclFrst100AnSpTslGl,Circle 100ml Frosted 18 415,circle-100ml-frosted-18-415,240b148a750ea4d387bdb223d8d3bc177d81aa469673a8bd71606a27748341a0,kit_complete,full,,live-prod-2026-09-20
GBCrclFrst100AnSpTslIvyGl,GB-CIR-FRS-100ML-AST-IVGD,GBCrclFrst100AnSpTslIvyGl,Circle 100ml Frosted 18 415,circle-100ml-frosted-18-415,dc2ebfd397071acd5499af7134925de2755bee3b32dd920b4ffe25fe4b2d8365,kit_complete,full,,live-prod-2026-09-20
GBCrclFrst100AnSpTslIvySl,GB-CIR-FRS-100ML-ASP-02,GBCrclFrst100AnSpTslIvySl,Circle 100ml Frosted 18 415,circle-100ml-frosted-18-415,a24cf3266c346c98807a3fef6d8171a93524c3e48d59d678388da786b786e044,kit_complete,full,,live-prod-2026-09-20
GBCrclFrst100AnSpTslLvn,GB-CIR-FRS-100ML-ASP-03,GBCrclFrst100AnSpTslLvn,Circle 100ml Frosted 18 415,circle-100ml-frosted-18-415,11ae9c129d16bdaf970060179d78a49bc808b2152eca789ffeed9176b6bc0649,kit_complete,full,,live-prod-2026-09-20
GBCrclFrst100AnSpTslMtSl,GB-CIR-FRS-100ML-AST-MSLV,GBCrclFrst100AnSpTslMtSl,Circle 100ml Frosted 18 415,circle-100ml-frosted-18-415,f99e97e06433e1b845c56f6113aecfbfcb687c23705a3272f46b82045890aa66,kit_complete,full,,live-prod-2026-09-20
GBCrclFrst100AnSpTslPnk,GB-CIR-FRS-100ML-ASP-04,GBCrclFrst100AnSpTslPnk,Circle 100ml Frosted 18 415,circle-100ml-frosted-18-415,414cdce5f6a5985a8d3ce7194836473f0175a618878987aef09056291f70e6f5,kit_complete,full,,live-prod-2026-09-20
GBCrclFrst100AnSpTslRed,GB-CIR-FRS-100ML-ASP-05,GBCrclFrst100AnSpTslRed,Circle 100ml Frosted 18 415,circle-100ml-frosted-18-415,7fdb754b0b89ae725f1f0ecb47d56fa285aab5e96ec95442dbacbaae35825381,no_kit,,No productKits row served for current published plate (forSkus null),live-prod-2026-09-20
GBCrclFrst100AnSpTslWht,GB-CIR-FRS-100ML-ASP-06,GBCrclFrst100AnSpTslWht,Circle 100ml Frosted 18 415,circle-100ml-frosted-18-415,c7361865ecbab27ea40d55a75fe681bada39b46489ce416c27e8c087b56d15a7,kit_complete,full,,live-prod-2026-09-20
GBCrclFrst100AnSpWht,GB-CIR-FRS-100ML-ASP-WHT,GBCrclFrst100AnSpWht,Circle 100ml Frosted 18 415,circle-100ml-frosted-18-415,8f34a546d1fa4ad0d9e7522b0a24ef48fd128148dbda95a69d5a037ee1bc7422,kit_complete,full,,live-prod-2026-09-20
GBCrclFrst100RdcrBlkLthr,GB-CIR-FRS-100ML-RDC-BLK,GBCrclFrst100RdcrBlkLthr,Circle 100ml Frosted 18 415,circle-100ml-frosted-18-415,74dff87b8212def5da43949df74e8877bfb9c3626d79029cd98b1a56b28054ce,kit_complete,full,,live-prod-2026-09-20
GBCrclFrst100RdcrBrwnLthr,GB-CIR-FRS-100ML-RDC,GBCrclFrst100RdcrBrwnLthr,Circle 100ml Frosted 18 415,circle-100ml-frosted-18-415,0ab373a3fe942d3da1d6b8e07c0ebab581fd35305aa8f8b12495a18f9157c17a,kit_complete,full,,live-prod-2026-09-20
GBCrclFrst100RdcrIvyLthr,GB-CIR-FRS-100ML-RDC-IVR,GBCrclFrst100RdcrIvyLthr,Circle 100ml Frosted 18 415,circle-100ml-frosted-18-415,9a0375ff745a6787a56cdc7ae060adf86e79175be9d9133d008fec50e1135b93,kit_complete,full,,live-prod-2026-09-20
GBCrclFrst100RdcrLBrwnLthr,GB-CIR-FRS-100ML-RDC-LBLT,GBCrclFrst100RdcrLBrwnLthr,Circle 100ml Frosted 18 415,circle-100ml-frosted-18-415,5f55201856dceb62384551f6efbada88df2bf342930749dd4296ecbb2352ee5f,kit_complete,full,,live-prod-2026-09-20
GBCrclFrst100RdcrMtSl,GB-CIR-FRS-100ML-RDC-MSLV,GBCrclFrst100RdcrMtSl,Circle 100ml Frosted 18 415,circle-100ml-frosted-18-415,728a7eec9c0e45df80ea8779e23af4d64edd2172da6642557d5113c76886dff4,kit_complete,full,,live-prod-2026-09-20
GBCrclFrst100RdcrMtSlTall,GB-CIR-FRS-100ML-RDC-MSLV-T,GBCrclFrst100RdcrMtSlTall,Circle 100ml Frosted 18 415,circle-100ml-frosted-18-415,db7c848677bc3bc459f40778017ffe099a52fbdf476e37e32e81973a7ea87b29,kit_complete,full,,live-prod-2026-09-20
GBCrclFrst100RdcrPnkLthr,GB-CIR-FRS-100ML-RDC-PNK,GBCrclFrst100RdcrPnkLthr,Circle 100ml Frosted 18 415,circle-100ml-frosted-18-415,e98f0787a2e4a1b69d259ebc0f62808a84b5773a987ca9f5654c243fa70785da,kit_complete,full,,live-prod-2026-09-20
GBCrclFrst100RdcrShnBlk,GB-CIR-FRS-100ML-RDC-SBLK,GBCrclFrst100RdcrShnBlk,Circle 100ml Frosted 18 415,circle-100ml-frosted-18-415,f50ae15f3c491a4f14284630b8e6e7736a2f196a7fc9651485388e085352ebc7,kit_complete,full,,live-prod-2026-09-20
GBCrclFrst100RdcrShnBlkTall,GB-CIR-FRS-100ML-RDC-SBLK-T,GBCrclFrst100RdcrShnBlkTall,Circle 100ml Frosted 18 415,circle-100ml-frosted-18-415,49eced496fb8aa900adf135428248a25fa2b9127ecf92fe06f06cf12ba60e8d7,kit_complete,full,,live-prod-2026-09-20
GBCrclFrst100RdcrShnGl,GB-CIR-FRS-100ML-RDC-SGLD,GBCrclFrst100RdcrShnGl,Circle 100ml Frosted 18 415,circle-100ml-frosted-18-415,6fa7a2ad91bb30249f7c01d9ed4bc6fb51cf279b79dec40b26dbc884bcb1f0ca,kit_complete,full,,live-prod-2026-09-20
GBCrclFrst100RdcrShnSl,GB-CIR-FRS-100ML-RDC-SSLV,GBCrclFrst100RdcrShnSl,Circle 100ml Frosted 18 415,circle-100ml-frosted-18-415,24b247080de7e6dd09485bd4b74ceb0120d4bc42193687b43135a3e8c0d43ad8,kit_complete,full,,live-prod-2026-09-20
GBCrclFrst100RdcrWht,GB-CIR-FRS-100ML-RDC-WHT,GBCrclFrst100RdcrWht,Circle 100ml Frosted 18 415,circle-100ml-frosted-18-415,c1cf2f12167f052cf4aaf4393ae63683aac090429d9ba6ce9ec434b2505e16de,kit_complete,full,,live-prod-2026-09-20
GBCrclFrst100SpryCu,GB-CIR-FRS-100ML-SPR-CPR,GBCrclFrst100SpryCu,Circle 100ml Frosted 18 415,circle-100ml-frosted-18-415,3271f431f090c7200ed4150b43d72b953d8a1fe845aeb308dd042269f91a49de,kit_complete,full,,live-prod-2026-09-20
GBCrclFrst100SpryMtGl,GB-CIR-FRS-100ML-SPR-MGLD,GBCrclFrst100SpryMtGl,Circle 100ml Frosted 18 415,circle-100ml-frosted-18-415,68a6795d98c5df026384c6b456fd4ce6bb3761806b7d18c1f269f59f3ae120e6,kit_complete,full,,live-prod-2026-09-20
GBCrclFrst100SpryMtSl,GB-CIR-FRS-100ML-SPR-MSLV,GBCrclFrst100SpryMtSl,Circle 100ml Frosted 18 415,circle-100ml-frosted-18-415,91bc7beb7101b1f5c81c3f6c94b118aa7928408ec601fe73328298e1df9ddbbf,kit_complete,full,,live-prod-2026-09-20
GBCrclFrst100SpryShnBlk,GB-CIR-FRS-100ML-SPR-SBLK,GBCrclFrst100SpryShnBlk,Circle 100ml Frosted 18 415,circle-100ml-frosted-18-415,4baec44dd49066c1751bf99eb12b61c7948671d800b52617aae53daed53a1ffb,kit_complete,full,,live-prod-2026-09-20
GBCrclFrst100SpryShnGl,GB-CIR-FRS-100ML-SPR-SGLD,GBCrclFrst100SpryShnGl,Circle 100ml Frosted 18 415,circle-100ml-frosted-18-415,8bc3051fe930592a82956efb3ec2c5987475cff792ed0bf863997b428f3fd641,kit_complete,full,,live-prod-2026-09-20
GBCrclFrst100SpryShnSl,GB-CIR-FRS-100ML-SPR-SSLV,GBCrclFrst100SpryShnSl,Circle 100ml Frosted 18 415,circle-100ml-frosted-18-415,5532e9924b3339698b7de1fc0113219995ff5dad81c6199f2ce51406dec76dfd,kit_complete,full,,live-prod-2026-09-20
LBCrclFrst100LtnClOvrCap,LB-CIR-FRS-100ML-LPM-COCP,LBCrclFrst100LtnClOvrCap,Circle 100ml Frosted 18 415,circle-100ml-frosted-18-415,81f6006c6633552dfd04f6fc3439583cd98063b7e97fe2250e1c1462cc540cc5,kit_complete,full,,live-prod-2026-09-20
LBCrclFrst100LtnCu,LB-CIR-FRS-100ML-LPM-CPR,LBCrclFrst100LtnCu,Circle 100ml Frosted 18 415,circle-100ml-frosted-18-415,384a0b7d9f802329d50c466f18a92eb7f82a0e7f8f22996759c8e762ca6dbf81,no_kit,,No productKits row served for current published plate (forSkus null),live-prod-2026-09-20
LBCrclFrst100LtnMtGl,LB-CIR-FRS-100ML-LPM-MGLD,LBCrclFrst100LtnMtGl,Circle 100ml Frosted 18 415,circle-100ml-frosted-18-415,616609412454c1cd75a4301d08c61aaa086803e87bb0f538690f1f759d3c2375,kit_complete,full,,live-prod-2026-09-20
LBCrclFrst100LtnMtSl,LB-CIR-FRS-100ML-LPM-MSLV,LBCrclFrst100LtnMtSl,Circle 100ml Frosted 18 415,circle-100ml-frosted-18-415,91bc7beb7101b1f5c81c3f6c94b118aa7928408ec601fe73328298e1df9ddbbf,kit_complete,full,,live-prod-2026-09-20
LBCrclFrst100LtnShnBlk,LB-CIR-FRS-100ML-LPM-SBLK,LBCrclFrst100LtnShnBlk,Circle 100ml Frosted 18 415,circle-100ml-frosted-18-415,4baec44dd49066c1751bf99eb12b61c7948671d800b52617aae53daed53a1ffb,kit_complete,full,,live-prod-2026-09-20
LBCrclFrst100LtnShnGl,LB-CIR-FRS-100ML-LPM-SGLD,LBCrclFrst100LtnShnGl,Circle 100ml Frosted 18 415,circle-100ml-frosted-18-415,8bc3051fe930592a82956efb3ec2c5987475cff792ed0bf863997b428f3fd641,kit_complete,full,,live-prod-2026-09-20
LBCrclFrst100LtnShnSl,LB-CIR-FRS-100ML-LPM-SSLV,LBCrclFrst100LtnShnSl,Circle 100ml Frosted 18 415,circle-100ml-frosted-18-415,5532e9924b3339698b7de1fc0113219995ff5dad81c6199f2ce51406dec76dfd,kit_complete,full,,live-prod-2026-09-20
GBCrcl15BlkSht,GB-CIR-CLR-15ML-BLK-S,GBCrcl15BlkSht,Circle 15ml Clear 13 415,circle-15ml-clear-13-415,f309df0001382b6f55885860da04ffe21bc7f0a4aeafe5928b5f8b723a3d09d9,kit_complete,full,,live-prod-2026-09-20
GBCrcl15Gl,GB-CIR-CLR-15ML-GLD-T,GBCrcl15Gl,Circle 15ml Clear 13 415,circle-15ml-clear-13-415,403dcb7e596f2920db7f0ea8668bd693f9ac368f20b9d561dd29f608c2673ef6,kit_complete,full,,live-prod-2026-09-20
GBCrcl15MtlRollBlkDot,GB-CIR-CLR-15ML-MRL-BKDT,GBCrcl15MtlRollBlkDot,Circle 15ml Clear 13 415,circle-15ml-clear-13-415,3cbc7c824ce5d18990ab1c458e61d2c5072b7d86944d1b38f441119cec3b29ea,no_kit,,No productKits row served for current published plate (forSkus null),live-prod-2026-09-20
GBCrcl15MtlRollBlkSh,GB-CIR-CLR-15ML-MRL-SBLK,GBCrcl15MtlRollBlkSh,Circle 15ml Clear 13 415,circle-15ml-clear-13-415,1ccb43cee88cd84e7a02b35bb4aa9d81b15e50e24a74d7551e5851dfb40abb69,kit_complete,full,,live-prod-2026-09-20
GBCrcl15MtlRollCuMatt,GB-CIR-CLR-15ML-MRL-MCPR,GBCrcl15MtlRollCuMatt,Circle 15ml Clear 13 415,circle-15ml-clear-13-415,28094d26a7d795943b8fd1cf0e928336f6ce58d8d88193693826451416de810b,kit_complete,full,,live-prod-2026-09-20
GBCrcl15MtlRollGlMatt,GB-CIR-CLR-15ML-MRL-MGLD,GBCrcl15MtlRollGlMatt,Circle 15ml Clear 13 415,circle-15ml-clear-13-415,154f5bcb1e88bf5a1c4706ae579fa6d9f6f41c94fb1257613d38a5b8d228b3ea,kit_complete,full,,live-prod-2026-09-20
GBCrcl15MtlRollGlSh,GB-CIR-CLR-15ML-MRL-SGLD,GBCrcl15MtlRollGlSh,Circle 15ml Clear 13 415,circle-15ml-clear-13-415,245ae600ae47b39f6f23041a23083bd3c0d2829144b2f83be7e303bad610d826,kit_complete,full,,live-prod-2026-09-20
GBCrcl15MtlRollPinkDot,GB-CIR-CLR-15ML-MRL-PKDT,GBCrcl15MtlRollPinkDot,Circle 15ml Clear 13 415,circle-15ml-clear-13-415,f9890cd21d6ec35cb2dd5fb521f9d8589f72ffb3d1719d4e71a8f386ddf2f1ed,kit_complete,full,,live-prod-2026-09-20
GBCrcl15MtlRollSlDot,GB-CIR-CLR-15ML-MRL-SLDT,GBCrcl15MtlRollSlDot,Circle 15ml Clear 13 415,circle-15ml-clear-13-415,4aeca3008ae7c1fa879583409c3e9607102c1bc730f36e72f7542a2a76c29816,kit_complete,full,,live-prod-2026-09-20
GBCrcl15MtlRollSlMatt,GB-CIR-CLR-15ML-MRL-MSLV,GBCrcl15MtlRollSlMatt,Circle 15ml Clear 13 415,circle-15ml-clear-13-415,22710511f5c0fde03ad7f083f895a5232c513a2510a9dbb4a2339bc11b890ffe,kit_complete,full,,live-prod-2026-09-20
GBCrcl15MtlRollSlSh,GB-CIR-CLR-15ML-MRL-SSLV,GBCrcl15MtlRollSlSh,Circle 15ml Clear 13 415,circle-15ml-clear-13-415,ab74c6559200345b8347fa6acbb0efdcdd6b846274e9284483bd6012e3f9b495,kit_complete,full,,live-prod-2026-09-20
GBCrcl15RollBlkDot,GB-CIR-CLR-15ML-ROL-BKDT,GBCrcl15RollBlkDot,Circle 15ml Clear 13 415,circle-15ml-clear-13-415,3cbc7c824ce5d18990ab1c458e61d2c5072b7d86944d1b38f441119cec3b29ea,no_kit,,No productKits row served for current published plate (forSkus null),live-prod-2026-09-20
GBCrcl15RollBlkSh,GB-CIR-CLR-15ML-ROL-SBLK,GBCrcl15RollBlkSh,Circle 15ml Clear 13 415,circle-15ml-clear-13-415,1ccb43cee88cd84e7a02b35bb4aa9d81b15e50e24a74d7551e5851dfb40abb69,kit_complete,full,,live-prod-2026-09-20
GBCrcl15RollCuMatt,GB-CIR-CLR-15ML-ROL-MCPR,GBCrcl15RollCuMatt,Circle 15ml Clear 13 415,circle-15ml-clear-13-415,28094d26a7d795943b8fd1cf0e928336f6ce58d8d88193693826451416de810b,kit_complete,full,,live-prod-2026-09-20
GBCrcl15RollGlMatt,GB-CIR-CLR-15ML-ROL-MGLD,GBCrcl15RollGlMatt,Circle 15ml Clear 13 415,circle-15ml-clear-13-415,154f5bcb1e88bf5a1c4706ae579fa6d9f6f41c94fb1257613d38a5b8d228b3ea,kit_complete,full,,live-prod-2026-09-20
GBCrcl15RollGlSh,GB-CIR-CLR-15ML-ROL-SGLD,GBCrcl15RollGlSh,Circle 15ml Clear 13 415,circle-15ml-clear-13-415,245ae600ae47b39f6f23041a23083bd3c0d2829144b2f83be7e303bad610d826,kit_complete,full,,live-prod-2026-09-20
GBCrcl15RollPinkDot,GB-CIR-CLR-15ML-ROL-PKDT,GBCrcl15RollPinkDot,Circle 15ml Clear 13 415,circle-15ml-clear-13-415,f9890cd21d6ec35cb2dd5fb521f9d8589f72ffb3d1719d4e71a8f386ddf2f1ed,kit_complete,full,,live-prod-2026-09-20
GBCrcl15RollSlDot,GB-CIR-CLR-15ML-ROL-SLDT,GBCrcl15RollSlDot,Circle 15ml Clear 13 415,circle-15ml-clear-13-415,4aeca3008ae7c1fa879583409c3e9607102c1bc730f36e72f7542a2a76c29816,kit_complete,full,,live-prod-2026-09-20
GBCrcl15RollSlMatt,GB-CIR-CLR-15ML-ROL-MSLV,GBCrcl15RollSlMatt,Circle 15ml Clear 13 415,circle-15ml-clear-13-415,22710511f5c0fde03ad7f083f895a5232c513a2510a9dbb4a2339bc11b890ffe,kit_complete,full,,live-prod-2026-09-20
GBCrcl15RollSlSh,GB-CIR-CLR-15ML-ROL-SSLV,GBCrcl15RollSlSh,Circle 15ml Clear 13 415,circle-15ml-clear-13-415,ab74c6559200345b8347fa6acbb0efdcdd6b846274e9284483bd6012e3f9b495,kit_complete,full,,live-prod-2026-09-20
GBCrcl15Sl,GB-CIR-CLR-15ML-SLV-T,GBCrcl15Sl,Circle 15ml Clear 13 415,circle-15ml-clear-13-415,28239df653f650136b5e1c24d4a60cf5de631f9e50354d19e475d890e90e3d4f,kit_complete,full,,live-prod-2026-09-20
GBCrcl15SpryBlkMatt,GB-CIR-CLR-15ML-SPR-MBLK,GBCrcl15SpryBlkMatt,Circle 15ml Clear 13 415,circle-15ml-clear-13-415,7ca8d11a319b40e0edf1ad79b4bd6373b28e3dec1097c8c23b5abb7c6350a267,no_kit,,No productKits row served for current published plate (forSkus null),live-prod-2026-09-20
GBCrcl15SpryBlkSh,GB-CIR-CLR-15ML-SPR-SBLK,GBCrcl15SpryBlkSh,Circle 15ml Clear 13 415,circle-15ml-clear-13-415,9771eba44f8f1f43926fbda0835ce63a8e3582b5ef1f42fc13f7f63c49da25d3,kit_complete,full,,live-prod-2026-09-20
GBCrcl15SpryBluMatt,GB-CIR-CLR-15ML-SPR-MBLU,GBCrcl15SpryBluMatt,Circle 15ml Clear 13 415,circle-15ml-clear-13-415,5c1d642370e290bdf4ac466e8a713e865e9608d56b29c0b52d6d728576cfcd98,kit_complete,full,,live-prod-2026-09-20
GBCrcl15SpryCuMatt,GB-CIR-CLR-15ML-SPR-MCPR,GBCrcl15SpryCuMatt,Circle 15ml Clear 13 415,circle-15ml-clear-13-415,662ccfeb987bac98c59148fd65b3d4ea54f4a44ffb9b9c6f453f7e03479b58e8,kit_complete,full,,live-prod-2026-09-20
GBCrcl15SpryGlMatt,GB-CIR-CLR-15ML-SPR-MGLD,GBCrcl15SpryGlMatt,Circle 15ml Clear 13 415,circle-15ml-clear-13-415,90725f2a99fd684f94741359b01d7db6fd9d8319afaae65744dfa8c5f80b072b,kit_complete,full,,live-prod-2026-09-20
GBCrcl15SpryGlSh,GB-CIR-CLR-15ML-SPR-SGLD,GBCrcl15SpryGlSh,Circle 15ml Clear 13 415,circle-15ml-clear-13-415,e35e61ce81a6ad7f63f8c8af5875e867b0e38c2180942c1522aadcb7a1a06729,kit_complete,full,,live-prod-2026-09-20
GBCrcl15SprySlMatt,GB-CIR-CLR-15ML-SPR-MSLV,GBCrcl15SprySlMatt,Circle 15ml Clear 13 415,circle-15ml-clear-13-415,fbfde0b5133216433fc01d7813522a6ef7ef8f90e85a04bc034b5bd05afb01f0,kit_complete,full,,live-prod-2026-09-20
GBCrcl15SprySlSh,GB-CIR-CLR-15ML-SPR-SSLV,GBCrcl15SprySlSh,Circle 15ml Clear 13 415,circle-15ml-clear-13-415,f03c23278e51d094a8e770d509228b42a71896acb1add0396ae0d3e056737a03,kit_complete,full,,live-prod-2026-09-20
GBCrcl15WhtSht,GB-CIR-WHT-15ML-WHT-S,GBCrcl15WhtSht,Circle 15ml Clear 13 415,circle-15ml-clear-13-415,105a599e3e841217247dd0ad53901056bac14f60433456ee4f800d2b936c6f4f,kit_complete,full,,live-prod-2026-09-20
GBCrcl30GlCap,GB-CIR-CLR-30ML-GLD-T,GBCrcl30GlCap,Circle 30ml Clear 15 415,circle-30ml-clear-15-415,ecb095f90cfcbb799198936a1d95d686d5fd559710e14247df72784351b93d7c,kit_complete,full,,live-prod-2026-09-20
GBCrcl30SlCap,GB-CIR-CLR-30ML-SLV-T,GBCrcl30SlCap,Circle 30ml Clear 15 415,circle-30ml-clear-15-415,19f910d982b47f8e26623922312a495bddf079b19c04058018dadb60f21a089c,kit_complete,full,,live-prod-2026-09-20
GBCrcl30SpryBlk,GB-CIR-BLK-30ML-SPR-BLK,GBCrcl30SpryBlk,Circle 30ml Clear 15 415,circle-30ml-clear-15-415,7525f4c5f53dfd08a95cc81257371f2a07c0eb24166ed4e3237ef3994506585c,kit_complete,full,,live-prod-2026-09-20
GBCrcl30SpryMattGl,GB-CIR-CLR-30ML-SPR-MGLD,GBCrcl30SpryMattGl,Circle 30ml Clear 15 415,circle-30ml-clear-15-415,49331f127ebde5bd82fa0bab53152b46cbd1c1f294e44ef49313560b985aedf1,no_kit,,No productKits row served for current published plate (forSkus null),live-prod-2026-09-20
GBCrcl30SpryMattSl,GB-CIR-CLR-30ML-SPR-MSLV,GBCrcl30SpryMattSl,Circle 30ml Clear 15 415,circle-30ml-clear-15-415,0fcdbc4d49d45fb52920f6b7562a97183de2736ea1d17145f6a63c7ee9e7a24f,no_kit,,No productKits row served for current published plate (forSkus null),live-prod-2026-09-20
GBCrcl30SpryShSl,GB-CIR-CLR-30ML-SPR-SSLV,GBCrcl30SpryShSl,Circle 30ml Clear 15 415,circle-30ml-clear-15-415,2642abb7c519f47dda45295f53cb4057dc0727fc9784c1a2de0f7174466184cf,kit_complete,full,,live-prod-2026-09-20
GBCrcl30SpryShnGl,GB-CIR-CLR-30ML-SPR-SGLD,GBCrcl30SpryShnGl,Circle 30ml Clear 15 415,circle-30ml-clear-15-415,bafa5c1ce88e2e8312d9b1d736abd2ade5da0b0f4f26c88f2fec8c27682222ba,no_kit,,No productKits row served for current published plate (forSkus null),live-prod-2026-09-20
GBCrcl50AnSpBlk,GB-CIR-CLR-50ML-ASP-BLK,GBCrcl50AnSpBlk,Circle 50ml Clear 18 415,circle-50ml-clear-18-415,8358c0cd7da0ec78d573814b37eb1d748888c093adddb35dcb0151b4d1484acd,kit_complete,full,,live-prod-2026-09-20
GBCrcl50AnSpGl,GB-CIR-CLR-50ML-ASP-GLD,GBCrcl50AnSpGl,Circle 50ml Clear 18 415,circle-50ml-clear-18-415,3065929a27e31e94dc30f9ac1c5644c37aded45ab477a5b6f09fba9944997890,kit_complete,full,,live-prod-2026-09-20
GBCrcl50AnSpIvyGl,GB-CIR-CLR-50ML-ASP-IVGD,GBCrcl50AnSpIvyGl,Circle 50ml Clear 18 415,circle-50ml-clear-18-415,eec347d3e62a557878f3988b704363ffc3953b59a591a4c5111d89aae4a5865c,kit_complete,full,,live-prod-2026-09-20
GBCrcl50AnSpIvySl,GB-CIR-CLR-50ML-ASP-IVSL,GBCrcl50AnSpIvySl,Circle 50ml Clear 18 415,circle-50ml-clear-18-415,1314dfc6d8b065c439e64a63c174f76b77537f782780461e5ab1a62a4da8a7cb,kit_complete,full,,live-prod-2026-09-20
GBCrcl50AnSpLvn,GB-CIR-CLR-50ML-ASP-LVN,GBCrcl50AnSpLvn,Circle 50ml Clear 18 415,circle-50ml-clear-18-415,9ee81236cbafaf066fd60a06d3a300a2a93961407bf0866e5c38230ca1fc6608,kit_complete,full,,live-prod-2026-09-20
GBCrcl50AnSpMtSl,GB-CIR-CLR-50ML-ASP-MSLV,GBCrcl50AnSpMtSl,Circle 50ml Clear 18 415,circle-50ml-clear-18-415,81e37b50c55c2eea8eb1a831aeb46ff86f961165f6d3614e10fcbc3c20cc2aa1,kit_complete,full,,live-prod-2026-09-20
GBCrcl50AnSpPnk,GB-CIR-CLR-50ML-ASP-PNK,GBCrcl50AnSpPnk,Circle 50ml Clear 18 415,circle-50ml-clear-18-415,38e2e8a0e0fed47e65e066f1709bcef403a67d5037308fb2a78e8f9012d22453,no_kit,,No productKits row served for current published plate (forSkus null),live-prod-2026-09-20
GBCrcl50AnSpRed,GB-CIR-CLR-50ML-ASP-RED,GBCrcl50AnSpRed,Circle 50ml Clear 18 415,circle-50ml-clear-18-415,c07ec67d9bd363ae0ca5bc33f479cc03b8daef0c7709c7c7ab5edaed5fbd5ec6,kit_complete,full,,live-prod-2026-09-20
GBCrcl50AnSpTslBlk,GB-CIR-CLR-50ML-AST-BLK,GBCrcl50AnSpTslBlk,Circle 50ml Clear 18 415,circle-50ml-clear-18-415,e16e2b329e137899054319086d70b14c88f07838b595ab645c8b010d6f157647,kit_complete,full,,live-prod-2026-09-20
GBCrcl50AnSpTslGl,GB-CIR-CLR-50ML-AST-GLD,GBCrcl50AnSpTslGl,Circle 50ml Clear 18 415,circle-50ml-clear-18-415,60bb5fb818578b4d603454f5fb11b3cd03e35bb2fce6781dd7c69168c99199ac,no_kit,,No productKits row served for current published plate (forSkus null),live-prod-2026-09-20
GBCrcl50AnSpTslIvyGl,GB-CIR-CLR-50ML-AST-IVGD,GBCrcl50AnSpTslIvyGl,Circle 50ml Clear 18 415,circle-50ml-clear-18-415,6127243056675bbb38d893a35ff495f1aa7a2e1342f3ab41032e969895d4ac2d,kit_complete,full,,live-prod-2026-09-20
GBCrcl50AnSpTslIvySl,GB-CIR-CLR-50ML-AST-IVSL,GBCrcl50AnSpTslIvySl,Circle 50ml Clear 18 415,circle-50ml-clear-18-415,427db55d3a79110b9ef8550785ca67d54f938e7ea520667b4cc1db7504f2bdc5,no_kit,,No productKits row served for current published plate (forSkus null),live-prod-2026-09-20
GBCrcl50AnSpTslLvn,GB-CIR-CLR-50ML-AST-LVN,GBCrcl50AnSpTslLvn,Circle 50ml Clear 18 415,circle-50ml-clear-18-415,13b2c1d87b801faedc59e7e7d16826dafa74c77cb9cd8fa63b4db7c678e9caf9,no_kit,,No productKits row served for current published plate (forSkus null),live-prod-2026-09-20
GBCrcl50AnSpTslMtSl,GB-CIR-CLR-50ML-ASP-01,GBCrcl50AnSpTslMtSl,Circle 50ml Clear 18 415,circle-50ml-clear-18-415,4c167cdd382574aae1fd7ff88f153266f20800e1b351b8738c0f0f26d406acf4,kit_complete,full,,live-prod-2026-09-20
GBCrcl50AnSpTslPnk,GB-CIR-CLR-50ML-AST-PNK,GBCrcl50AnSpTslPnk,Circle 50ml Clear 18 415,circle-50ml-clear-18-415,9d81d0d69b105ef189c04d24a9652e3499b5e58e20f926dc6040f0894e7a37b5,no_kit,,No productKits row served for current published plate (forSkus null),live-prod-2026-09-20
GBCrcl50AnSpTslRed,GB-CIR-CLR-50ML-ASP-02,GBCrcl50AnSpTslRed,Circle 50ml Clear 18 415,circle-50ml-clear-18-415,04e9a8322f443dcf39e9cd77c7e99ee8d2bf8afdfab39fd464b7de038edb70d6,no_kit,,No productKits row served for current published plate (forSkus null),live-prod-2026-09-20
GBCrcl50AnSpTslWht,GB-CIR-CLR-50ML-AST-WHT,GBCrcl50AnSpTslWht,Circle 50ml Clear 18 415,circle-50ml-clear-18-415,d9cc86c6cb87b0a21b469b8511af9db147e52e8648b48561bf42e071ec86d2c5,kit_complete,full,,live-prod-2026-09-20
GBCrcl50AnSpWht,GB-CIR-CLR-50ML-ASP-WHT,GBCrcl50AnSpWht,Circle 50ml Clear 18 415,circle-50ml-clear-18-415,9f7ffc320593ffd9275ec89d18ff286aee9de30547238a3f807a068c7e05b0cd,kit_complete,full,,live-prod-2026-09-20
GBCrcl50DrpCu,GB-CIR-CLR-50ML-DRP-CPR,GBCrcl50DrpCu,Circle 50ml Clear 18 415,circle-50ml-clear-18-415,d64a2b2d17df947a42a999264aa0f26a621772000bd67bb217af9e322086f76a,kit_complete,full,,live-prod-2026-09-20
GBCrcl50DrpGl,GB-CIR-CLR-50ML-DRP-GLD,GBCrcl50DrpGl,Circle 50ml Clear 18 415,circle-50ml-clear-18-415,f344ca7696024d394f43a0d5fe0791ee476a5444d518633f1fbe2b741e448809,kit_complete,full,,live-prod-2026-09-20
GBCrcl50DrpSl,GB-CIR-CLR-50ML-DRP-SLV,GBCrcl50DrpSl,Circle 50ml Clear 18 415,circle-50ml-clear-18-415,6f3d0bee0c3655886dcaa15016c6cf8e581d4347f4f461439f55ce655b78b956,kit_complete,full,,live-prod-2026-09-20
GBCrcl50RdcrBlkLthr,GB-CIR-CLR-50ML-RDC-BKLT,GBCrcl50RdcrBlkLthr,Circle 50ml Clear 18 415,circle-50ml-clear-18-415,fd00ea3a5112e98964c99b9db33e70a8946e0014518fd60f5c876e5dafe83f61,kit_complete,full,,live-prod-2026-09-20
GBCrcl50RdcrBrwnLthr,GB-CIR-CLR-50ML-RDC-BRLT,GBCrcl50RdcrBrwnLthr,Circle 50ml Clear 18 415,circle-50ml-clear-18-415,bb81051ff0eb3401310bbc7cc8e7c0738c51015b73ef367a9a8a9b675bf12688,kit_complete,full,,live-prod-2026-09-20
GBCrcl50RdcrIvyLthr,GB-CIR-CLR-50ML-RDC-IVLT,GBCrcl50RdcrIvyLthr,Circle 50ml Clear 18 415,circle-50ml-clear-18-415,a4662fe169583c7dd745d9490ff9ba97541de6d5174ac3a55d2dbba913fa05fb,kit_complete,full,,live-prod-2026-09-20
GBCrcl50RdcrLBrwnLthr,GB-CIR-CLR-50ML-RDC-LBLT,GBCrcl50RdcrLBrwnLthr,Circle 50ml Clear 18 415,circle-50ml-clear-18-415,7e394f797b3a835f6cb75eec54626566b4366f92ad1b2fadf3f017fa38de3227,kit_complete,full,,live-prod-2026-09-20
GBCrcl50RdcrMtSl,GB-CIR-CLR-50ML-RDC-MSLV,GBCrcl50RdcrMtSl,Circle 50ml Clear 18 415,circle-50ml-clear-18-415,1cc4bc51a854f8f9fd78836995cb82ec8c13bf70ff053c32856a1a991c644463,no_kit,,No productKits row served for current published plate (forSkus null),live-prod-2026-09-20
GBCrcl50RdcrMtSlTall,GB-CIR-CLR-50ML-RDC-MSLV-T,GBCrcl50RdcrMtSlTall,Circle 50ml Clear 18 415,circle-50ml-clear-18-415,8e8035dd7a828f305d37abaee264ddb0a109645de097f6a8a1b37584462cf4b7,kit_complete,full,,live-prod-2026-09-20
GBCrcl50RdcrPnkLthr,GB-CIR-CLR-50ML-RDC-PKLT,GBCrcl50RdcrPnkLthr,Circle 50ml Clear 18 415,circle-50ml-clear-18-415,01d3996b2cc2cc9cbbf4a54e4d82f515a4da7ca6b41c18553870c6485245dd85,kit_complete,full,,live-prod-2026-09-20
GBCrcl50RdcrShnBlk,GB-CIR-CLR-50ML-RDC-SBLK,GBCrcl50RdcrShnBlk,Circle 50ml Clear 18 415,circle-50ml-clear-18-415,3a9e531887977f90b3e7426c19c09b34b405ad419ff40790290df7df252be8d3,kit_complete,full,,live-prod-2026-09-20
GBCrcl50RdcrShnBlkTall,GB-CIR-CLR-50ML-RDC-SBLK-T,GBCrcl50RdcrShnBlkTall,Circle 50ml Clear 18 415,circle-50ml-clear-18-415,e9a250cb9fa3b2d83fbbcc47607aa03fdb4cb8e06b223e318f681502d482f67c,kit_complete,full,,live-prod-2026-09-20
GBCrcl50RdcrShnGl,GB-CIR-CLR-50ML-RDC-SGLD,GBCrcl50RdcrShnGl,Circle 50ml Clear 18 415,circle-50ml-clear-18-415,11ad7226ab6061af061f560fc24e121eec354183d9f5f2a6ee19101e76f245df,kit_complete,full,,live-prod-2026-09-20
GBCrcl50RdcrShnSl,GB-CIR-CLR-50ML-RDC-SSLV,GBCrcl50RdcrShnSl,Circle 50ml Clear 18 415,circle-50ml-clear-18-415,0cd478d8c778df8220089c50e7ac7266999b8bf1630a27242e595d6263136199,kit_complete,full,,live-prod-2026-09-20
GBCrcl50RdcrWht,GB-CIR-CLR-50ML-RDC-WHT,GBCrcl50RdcrWht,Circle 50ml Clear 18 415,circle-50ml-clear-18-415,a2db5ff5d254c5b01398e4e393f31ac10f2d838f5ca84f2d9519ed885920d4db,kit_complete,full,,live-prod-2026-09-20
GBCrcl50SpryCu,GB-CIR-CLR-50ML-SPR-CPR,GBCrcl50SpryCu,Circle 50ml Clear 18 415,circle-50ml-clear-18-415,6bfc2eb75dba0b137391d1662547070ecae1e763b49c8dbaa5aa3c30be684da0,kit_complete,full,,live-prod-2026-09-20
GBCrcl50SpryMtGl,GB-CIR-CLR-50ML-SPR-MGLD,GBCrcl50SpryMtGl,Circle 50ml Clear 18 415,circle-50ml-clear-18-415,51027e56f524bd0e67c48eef3deb48ac3fa3b5f7b9623332ec6e76664f4de3c0,kit_complete,full,,live-prod-2026-09-20
GBCrcl50SpryMtSl,GB-CIR-CLR-50ML-SPR-MSLV,GBCrcl50SpryMtSl,Circle 50ml Clear 18 415,circle-50ml-clear-18-415,a3d1becf5a382aaac4c5d6c0b1ef18ac7907a4893c25704b5adc9de55a25ac39,kit_complete,full,,live-prod-2026-09-20
GBCrcl50SpryShnBlk,GB-CIR-CLR-50ML-SPR-SBLK,GBCrcl50SpryShnBlk,Circle 50ml Clear 18 415,circle-50ml-clear-18-415,a0eade499edcbda0c56f972f7ecdf49ec67dc3fcd2a3f1d1a0cf60f9e14b7271,kit_complete,full,,live-prod-2026-09-20
GBCrcl50SpryShnGl,GB-CIR-CLR-50ML-SPR-SGLD,GBCrcl50SpryShnGl,Circle 50ml Clear 18 415,circle-50ml-clear-18-415,67a768af9665f038d5e3f52f56670bcdd8ef71c483ecf4eade8f0a30e2fdc2c9,kit_complete,full,,live-prod-2026-09-20
GBCrcl50SpryShnSl,GB-CIR-CLR-50ML-SPR-SSLV,GBCrcl50SpryShnSl,Circle 50ml Clear 18 415,circle-50ml-clear-18-415,620000e143644ea1e6cd4de85556de4af942c2e97e2f211160f0045413c087dc,kit_complete,full,,live-prod-2026-09-20
LBCrcl50LtnClOvrCap,LB-CIR-CLR-50ML-LPM-COCP,LBCrcl50LtnClOvrCap,Circle 50ml Clear 18 415,circle-50ml-clear-18-415,9a004fb670fff1a3d070f004bcb95453ea5ba46b4c31340a877bd26c22364d55,kit_complete,full,,live-prod-2026-09-20
LBCrcl50LtnCu,LB-CIR-CLR-50ML-LPM-CPR,LBCrcl50LtnCu,Circle 50ml Clear 18 415,circle-50ml-clear-18-415,6bfc2eb75dba0b137391d1662547070ecae1e763b49c8dbaa5aa3c30be684da0,kit_complete,full,,live-prod-2026-09-20
LBCrcl50LtnMtGl,LB-CIR-CLR-50ML-LPM-MGLD,LBCrcl50LtnMtGl,Circle 50ml Clear 18 415,circle-50ml-clear-18-415,922c1b544693da6af51617c0aba445c635891b1ec7f6933d3294227746538428,kit_complete,full,,live-prod-2026-09-20
LBCrcl50LtnMtSl,LB-CIR-CLR-50ML-LPM-MSLV,LBCrcl50LtnMtSl,Circle 50ml Clear 18 415,circle-50ml-clear-18-415,42bc37deda47200d9c9925d811cf18de65d646131f17f1de94a10ee2a535b470,kit_complete,full,,live-prod-2026-09-20
LBCrcl50LtnShnBlk,LB-CIR-CLR-50ML-LPM-SBLK,LBCrcl50LtnShnBlk,Circle 50ml Clear 18 415,circle-50ml-clear-18-415,13fa7e806d605fc47ccb2a5841c3af9722ad391df2d16755652ef1f8f57dca9b,kit_complete,full,,live-prod-2026-09-20
LBCrcl50LtnShnGl,LB-CIR-CLR-50ML-LPM-SGLD,LBCrcl50LtnShnGl,Circle 50ml Clear 18 415,circle-50ml-clear-18-415,c00ecea1ea76df5c3a301d931d338db9bedf9ff5d372964bb5373a2c331ce207,kit_complete,full,,live-prod-2026-09-20
LBCrcl50LtnShnSl,LB-CIR-CLR-50ML-LPM-SSLV,LBCrcl50LtnShnSl,Circle 50ml Clear 18 415,circle-50ml-clear-18-415,c7914dd6b3fa43c9544cf49e869eddc7177acf8a808e9048962f3f2d87fae8bf,kit_complete,full,,live-prod-2026-09-20
GBCrclFrst50RdcrIvyLthr,GB-CIR-FRS-50ML-RDC-IVR,GBCrclFrst50RdcrIvyLthr,Circle 50ml Frosted 18 400,circle-50ml-frosted-18-400,616048d07db56ba715cfb82cf8ac66c12f94328f05bf2b28d3b47e3e68282749,kit_complete,full,,live-prod-2026-09-20
GBCrclFrst50AnSpBlk,GB-CIR-FRS-50ML-ASP-BLK,GBCrclFrst50AnSpBlk,Circle 50ml Frosted 18 415,circle-50ml-frosted-18-415,1b5b92670dee11859371e1282e1d0a9c39048ced13a1f1d8608b98a55d7ef7a6,kit_complete,full,,live-prod-2026-09-20
GBCrclFrst50AnSpGl,GB-CIR-FRS-50ML-ASP-SGLD,GBCrclFrst50AnSpGl,Circle 50ml Frosted 18 415,circle-50ml-frosted-18-415,311368d2b6574b59b9fd6a892bea477a93f25099f42dbee1a9e918c60bf34b82,kit_complete,full,,live-prod-2026-09-20
GBCrclFrst50AnSpIvyGl,GB-CIR-FRS-50ML-ASP-IVGD,GBCrclFrst50AnSpIvyGl,Circle 50ml Frosted 18 415,circle-50ml-frosted-18-415,889ce5a5ca461609f625c6a624efbbfe8939e417d657c7ccb2f35da777e8aab1,kit_complete,full,,live-prod-2026-09-20
GBCrclFrst50AnSpIvySl,GB-CIR-FRS-50ML-ASP-IVSL,GBCrclFrst50AnSpIvySl,Circle 50ml Frosted 18 415,circle-50ml-frosted-18-415,3dbfc8379a8643882ec7e49e5417b2ddae0b2bf368df1d2aac08fac2464e26b8,kit_complete,full,,live-prod-2026-09-20
GBCrclFrst50AnSpLvn,GB-CIR-FRS-50ML-ASP-LVN,GBCrclFrst50AnSpLvn,Circle 50ml Frosted 18 415,circle-50ml-frosted-18-415,ba645e429cc2769b57a5e30225c06523160560e2d3e0f8dc7186f582b66c7c89,kit_complete,full,,live-prod-2026-09-20
GBCrclFrst50AnSpMtSl,GB-CIR-FRS-50ML-ASP-MSLV,GBCrclFrst50AnSpMtSl,Circle 50ml Frosted 18 415,circle-50ml-frosted-18-415,9358a6968b32d07b4cf10023b925c016500643f5894418d9a2d6d65500b21d49,kit_complete,full,,live-prod-2026-09-20
GBCrclFrst50AnSpPnk,GB-CIR-FRS-50ML-ASP-PNK,GBCrclFrst50AnSpPnk,Circle 50ml Frosted 18 415,circle-50ml-frosted-18-415,e8a0cc986c84404a777f59fff653ae1f50231ae4d263c7aa9caefd64af8d7db3,kit_complete,full,,live-prod-2026-09-20
GBCrclFrst50AnSpRed,GB-CIR-FRS-50ML-ASP-RED,GBCrclFrst50AnSpRed,Circle 50ml Frosted 18 415,circle-50ml-frosted-18-415,ca6a839bfdb193ef0774b4e0284fe841fedf764a6f761ebf3daf3f2a0ef65485,kit_complete,full,,live-prod-2026-09-20
GBCrclFrst50AnSpWht,GB-CIR-FRS-50ML-ASP-WHT,GBCrclFrst50AnSpWht,Circle 50ml Frosted 18 415,circle-50ml-frosted-18-415,e8d54812eb819d3787daba5b9bd773b4345fa2039829e5c46ed41cb91395eb30,kit_complete,full,,live-prod-2026-09-20
GBCrclFrst50DrpCu,GB-CIR-FRS-50ML-DRP-CPR,GBCrclFrst50DrpCu,Circle 50ml Frosted 18 415,circle-50ml-frosted-18-415,dfee8bde61b97d6fef282b171a8bf196ece35556ed93fdae757b2f164d71c986,no_kit,,No productKits row served for current published plate (forSkus null),live-prod-2026-09-20
GBCrclFrst50DrpGl,GB-CIR-FRS-50ML-DRP-SGLD,GBCrclFrst50DrpGl,Circle 50ml Frosted 18 415,circle-50ml-frosted-18-415,5cb835f2a2c9528cce8bc3b69f57ca191572f2659a3a6842f15ebc64229f6e9c,no_kit,,No productKits row served for current published plate (forSkus null),live-prod-2026-09-20
GBCrclFrst50DrpSl,GB-CIR-FRS-50ML-DRP-SLV,GBCrclFrst50DrpSl,Circle 50ml Frosted 18 415,circle-50ml-frosted-18-415,9531ec39d787dcb4047e06fb6bc9e46a724a81a5994424ac50614f062393bbb5,no_kit,,No productKits row served for current published plate (forSkus null),live-prod-2026-09-20
GBCrclFrst50RdcrBlkLthr,GB-CIR-FRS-50ML-RDC-BLK,GBCrclFrst50RdcrBlkLthr,Circle 50ml Frosted 18 415,circle-50ml-frosted-18-415,34bf6cc4b43693fe33aa5f1d70c5cbe1bd73ac436ccfc9686d177630ad9450f5,kit_complete,full,,live-prod-2026-09-20
GBCrclFrst50RdcrBrwnLthr,GB-CIR-FRS-50ML-RDC-01,GBCrclFrst50RdcrBrwnLthr,Circle 50ml Frosted 18 415,circle-50ml-frosted-18-415,002b6208b4cb481cef2b72f5467a12119c7b57fddb34e14738c68455ae1d4667,kit_complete,full,,live-prod-2026-09-20
GBCrclFrst50RdcrLBrwnLthr,GB-CIR-FRS-50ML-RDC-02,GBCrclFrst50RdcrLBrwnLthr,Circle 50ml Frosted 18 415,circle-50ml-frosted-18-415,4912d03fe0b9e7f614d3bd08993abe0714952624a8f9d937771067a56372624b,kit_complete,full,,live-prod-2026-09-20
GBCrclFrst50RdcrMtSl,GB-CIR-FRS-50ML-RDC-MSLV,GBCrclFrst50RdcrMtSl,Circle 50ml Frosted 18 415,circle-50ml-frosted-18-415,71b0459d50246c16ed46d97d5ffffc679fe9c86604c37e7f5d4955529af7f64b,kit_complete,full,,live-prod-2026-09-20
GBCrclFrst50RdcrPnkLthr,GB-CIR-FRS-50ML-RDC-PNK,GBCrclFrst50RdcrPnkLthr,Circle 50ml Frosted 18 415,circle-50ml-frosted-18-415,1980f9b234d4228647a55af12f3a86e89ddb803de42f66458a5ec01ce35c0369,kit_complete,full,,live-prod-2026-09-20
GBCrclFrst50RdcrShnBlk,GB-CIR-FRS-50ML-RDC-SBLK,GBCrclFrst50RdcrShnBlk,Circle 50ml Frosted 18 415,circle-50ml-frosted-18-415,b2bd51f6e87d619c46ceb3e0fa96c27d7e09e84bc35c564e46e8ffba0f622e2f,kit_complete,full,,live-prod-2026-09-20
GBCrclFrst50RdcrShnBlkTall,GB-CIR-FRS-50ML-RDC-SBLK-T,GBCrclFrst50RdcrShnBlkTall,Circle 50ml Frosted 18 415,circle-50ml-frosted-18-415,fc1da602fa095181c5b5eb1b529e53a0d52c0ac88995585e0e6964aec32e12a4,kit_complete,full,,live-prod-2026-09-20
GBCrclFrst50RdcrShnGl,GB-CIR-FRS-50ML-RDC-SGLD,GBCrclFrst50RdcrShnGl,Circle 50ml Frosted 18 415,circle-50ml-frosted-18-415,88b24f1199b0d5120372bfe359b40fafba0a71011281e81708084fba52bbe5bf,kit_complete,full,,live-prod-2026-09-20
GBCrclFrst50RdcrShnSl,GB-CIR-FRS-50ML-RDC-SSLV,GBCrclFrst50RdcrShnSl,Circle 50ml Frosted 18 415,circle-50ml-frosted-18-415,2465f027990109879e8897f6c5c1d46cff119f6b1bcec2a4c655c5f78e5a270f,kit_complete,full,,live-prod-2026-09-20
GBCrclFrst50RdcrWht,GB-CIR-FRS-50ML-RDC-WHT,GBCrclFrst50RdcrWht,Circle 50ml Frosted 18 415,circle-50ml-frosted-18-415,a2b4f1ad50ec70429afde8ff9b47c4d26b3742a33466d95cfb37c9e5fa1f842b,kit_complete,full,,live-prod-2026-09-20
GBCrclFrst50SpryCu,GB-CIR-FRS-50ML-SPR-CPR,GBCrclFrst50SpryCu,Circle 50ml Frosted 18 415,circle-50ml-frosted-18-415,3c160f08f47c515297d5bf3e2fd8b464c2d1e542ad4c56da1de91ef3b210efa1,no_kit,,No productKits row served for current published plate (forSkus null),live-prod-2026-09-20
GBCrclFrst50SpryMtGl,GB-CIR-FRS-50ML-SPR-MGLD,GBCrclFrst50SpryMtGl,Circle 50ml Frosted 18 415,circle-50ml-frosted-18-415,fd360fcbf55d088e83af15ca1bbb44946651eaef1d27c8305b6665d45296643a,no_kit,,No productKits row served for current published plate (forSkus null),live-prod-2026-09-20
GBCrclFrst50SpryMtSl,GB-CIR-FRS-50ML-SPR-MSLV,GBCrclFrst50SpryMtSl,Circle 50ml Frosted 18 415,circle-50ml-frosted-18-415,a5645cceee3eea9d91510d082c718b59aa66d18114f5783a4e9a755ef454976a,no_kit,,No productKits row served for current published plate (forSkus null),live-prod-2026-09-20
GBCrclFrst50SpryShnBlk,GB-CIR-FRS-50ML-SPR-SBLK,GBCrclFrst50SpryShnBlk,Circle 50ml Frosted 18 415,circle-50ml-frosted-18-415,a79e24715d3a767827c88b6cc00d6d21ed5da423d2dfd709a733a67916e53cb4,no_kit,,No productKits row served for current published plate (forSkus null),live-prod-2026-09-20
GBCrclFrst50SpryShnGl,GB-CIR-FRS-50ML-SPR-SGLD,GBCrclFrst50SpryShnGl,Circle 50ml Frosted 18 415,circle-50ml-frosted-18-415,10f83a77f6e21af94740c4e9bd24e0cd96ad87a0202c7fbc4417597beaa7d6d7,no_kit,,No productKits row served for current published plate (forSkus null),live-prod-2026-09-20
GBCrclFrst50SpryShnSl,GB-CIR-FRS-50ML-SPR-SSLV,GBCrclFrst50SpryShnSl,Circle 50ml Frosted 18 415,circle-50ml-frosted-18-415,31f46fc0bfd5d7f7b929726d48bd1d9314c4b0c2c1292e5a4d56560c4960a1f1,no_kit,,No productKits row served for current published plate (forSkus null),live-prod-2026-09-20
LBCrclFrst50LtnClOvrCap,LB-CIR-FRS-50ML-LPM-CLR,LBCrclFrst50LtnClOvrCap,Circle 50ml Frosted 18 415,circle-50ml-frosted-18-415,89a30503c5ae5d856ffbaaedb543fb77190a77b6b688f27eb71ce7f99da191da,no_kit,,No productKits row served for current published plate (forSkus null),live-prod-2026-09-20
LBCrclFrst50LtnCu,LB-CIR-FRS-50ML-LPM-CPR,LBCrclFrst50LtnCu,Circle 50ml Frosted 18 415,circle-50ml-frosted-18-415,83c70bfa73bedd901602e51be07c4e072448e4fcdca647986ef25037d91a43a1,no_kit,,No productKits row served for current published plate (forSkus null),live-prod-2026-09-20
LBCrclFrst50LtnMtGl,LB-CIR-FRS-50ML-LPM-MGLD,LBCrclFrst50LtnMtGl,Circle 50ml Frosted 18 415,circle-50ml-frosted-18-415,19fd4c069fceecf870b17242f5fac358a96c36bf072e626ab7c5c19b78f67fdc,no_kit,,No productKits row served for current published plate (forSkus null),live-prod-2026-09-20
LBCrclFrst50LtnMtSl,LB-CIR-FRS-50ML-LPM-MSLV,LBCrclFrst50LtnMtSl,Circle 50ml Frosted 18 415,circle-50ml-frosted-18-415,420906a46d8dc78503379906c20800b11afecc530f7ca2fde530a41764bc7e97,no_kit,,No productKits row served for current published plate (forSkus null),live-prod-2026-09-20
LBCrclFrst50LtnShnBlk,LB-CIR-FRS-50ML-LPM-SBLK,LBCrclFrst50LtnShnBlk,Circle 50ml Frosted 18 415,circle-50ml-frosted-18-415,cacf50667b61e073cfde1437569587eb4102c0af7e6a9ec51f573e600f18bef2,no_kit,,No productKits row served for current published plate (forSkus null),live-prod-2026-09-20
LBCrclFrst50LtnShnGl,LB-CIR-FRS-50ML-LPM-SGLD,LBCrclFrst50LtnShnGl,Circle 50ml Frosted 18 415,circle-50ml-frosted-18-415,f4a1bd84dd6e7514e6a9d44a4b95d22ee1471f8d17e9463fc9164dd5f8ad334d,no_kit,,No productKits row served for current published plate (forSkus null),live-prod-2026-09-20
LBCrclFrst50LtnShnSl,LB-CIR-FRS-50ML-LPM-SSLV,LBCrclFrst50LtnShnSl,Circle 50ml Frosted 18 415,circle-50ml-frosted-18-415,f3a1f99d9634288664b08cda3f36200e6a09f07dfbbe51a1fca8f81f1f073b06,no_kit,,No productKits row served for current published plate (forSkus null),live-prod-2026-09-20
CJClr15Pnk,CJ-JAR-CLR-15ML-PNK,CJClr15Pnk,Cream Jar 15ml Clear 37mm,cream-jar-15ml-clear-37mm,67c197151ff7ec37c168039ba1d15b966650debc727cf448eb2fb50e5fb64aad,kit_complete,full,,live-prod-2026-09-20
CJClr15Wht,CJ-JAR-CLR-15ML-WHT,CJClr15Wht,Cream Jar 15ml Clear 37mm,cream-jar-15ml-clear-37mm,a656f0f7068d446ce21bca32be731e4de1d58611da5a1493e0d5cc6514116978,kit_complete,full,,live-prod-2026-09-20
CJWhite20,CJ-JAR-20ML-WHT,CJWhite20,Cream Jar 20ml White 40mm,cream-jar-20ml-white-40mm,5189ed3a55ab26c95b869ce4f1e4ff8c8bdc9f81ad160f8b207ddc818923aa9a,kit_complete,full,,live-prod-2026-09-20
CJAmb30BlkCap,CJ-JAR-AMB-30ML-BLK,CJAmb30BlkCap,Cream Jar 30ml Amber 45mm,cream-jar-30ml-amber-45mm,3a959166bd706e1d849fdf4d49e63d8ca474af71c6835f064a2f75cb02c8a284,no_kit,,No productKits row served for current published plate (forSkus null),live-prod-2026-09-20
CJAmb30SlCap,CJ-JAR-AMB-30ML-SLV,CJAmb30SlCap,Cream Jar 30ml Amber 45mm,cream-jar-30ml-amber-45mm,704b5eeedbe6a3aa6739aab974865d201af490e69bc6f23e527f88b9f7623245,kit_complete,full,,live-prod-2026-09-20
CJFrst30BlkCap,CJ-JAR-FRS-30ML-BLK,CJFrst30BlkCap,Cream Jar 30ml Frosted 45mm,cream-jar-30ml-frosted-45mm,f2fdb520bd15cd05605a81478345c61134802285c84a59f25011cff3b28210b4,kit_complete,full,,live-prod-2026-09-20
CJFrst30SlCap,CJ-JAR-FRS-30ML-SLV,CJFrst30SlCap,Cream Jar 30ml Frosted 45mm,cream-jar-30ml-frosted-45mm,2bc8d7b0953eddd2d24b87f2e762e6c27ce83a25478a49ec8a63f56f5eedf8b3,kit_complete,full,,live-prod-2026-09-20
CJClr3,CJ-JAR-CLR-3ML,CJClr3,Cream Jar 3ml Clear 20mm,cream-jar-3ml-clear-20mm,cc5e320aff6880aca0ea2b8febcd88715fa3b211a7ee8e59e0b4c99f9bf36042,no_kit,,No productKits row served for current published plate (forSkus null),live-prod-2026-09-20
CJAmb40SlCap,CJ-JAR-AMB-40ML-02,CJAmb40SlCap,Cream Jar 40ml Amber 48 400,cream-jar-40ml-amber-48-400,bd713b37839d4c4046ff5cd4f36a78acba3b6677556d3866020f2e9e35b3da28,kit_complete,full,,live-prod-2026-09-20
CreamJarAmb40Blkcap,CJ-JAR-AMB-40ML-01,CreamJarAmb40Blkcap,Cream Jar 40ml Amber 48 400,cream-jar-40ml-amber-48-400,784fa89838b2d48d73da52e906c5159f3e2028e88b6c7d2c041d724c08b3c04a,no_kit,,No productKits row served for current published plate (forSkus null),live-prod-2026-09-20
CJFrst40BlkCap,CJ-JAR-FRS-40ML-01,CJFrst40BlkCap,Cream Jar 40ml Frosted 48 400,cream-jar-40ml-frosted-48-400,37101af9d09242577be6b04b1b8a9e0b2d0ff312f22eb93c2aa5c81dbc8c2a48,kit_complete,full,,live-prod-2026-09-20
CJFrst40SlCap,CJ-JAR-FRS-40ML-02,CJFrst40SlCap,Cream Jar 40ml Frosted 48 400,cream-jar-40ml-frosted-48-400,31b0d4a63ab2bdd8b03a0429d5acb257480f36114720e780e2082bec59d296e0,kit_complete,full,,live-prod-2026-09-20
CJAmb5mlBlkCap,CJ-JAR-AMB-5ML-BLK,CJAmb5mlBlkCap,Cream Jar 5ml Amber 27mm,cream-jar-5ml-amber-27mm,76482c15c4d850b424d78e8bb71f218e61e4da2ca69831445d45f5d67bc35abb,kit_complete,full,,live-prod-2026-09-20
CJAmb5mlSlCap,CJ-JAR-AMB-5ML-SLV,CJAmb5mlSlCap,Cream Jar 5ml Amber 27mm,cream-jar-5ml-amber-27mm,9b91e9bb215b99dd29723ab6d54bc60909a643f187b250c5553eae85b525e2cd,kit_complete,full,,live-prod-2026-09-20
CJClr5mlClrCap,CJ-JAR-CLR-5ML-CLR,CJClr5mlClrCap,Cream Jar 5ml Clear 27mm,cream-jar-5ml-clear-27mm,7b042904666f895b38459b886b57180aa2f9e721be49c8b78a35f3907279cfd1,kit_complete,full,,live-prod-2026-09-20
CreamJarFrstdPlsBlkPls2oz,CJ-JAR-FRS-60ML,CreamJarFrstdPlsBlkPls2oz,Cream Jar 60ml Frosted 58mm,cream-jar-60ml-frosted-58mm,e6380ea6fe5a48ad53c6c8fd45d4418505fc26bf6029118497d1f8170fae90f0,no_kit,,No productKits row served for current published plate (forSkus null),live-prod-2026-09-20
CJWhitePlsSlFr2oz,CJ-JAR-60ML-WHT,CJWhitePlsSlFr2oz,Cream Jar 63ml White 58mm,cream-jar-63ml-white-58mm,372dcc72ac5362404e7953b0a7698a25ad37a05496d460c31be21fd92bce6f45,kit_complete,full,,live-prod-2026-09-20
GBCyl100AnSpBlk,GB-CYL-CLR-100ML-ASP-BLK,GBCyl100AnSpBlk,Cylinder 100 ml (3.38 oz) Clear,cylinder-100ml-clear-18-415,0103375db6fc790cbcc9640be83c0bf2b848400a4b35ff803e8d160786b8899a,kit_complete,full,,live-prod-2026-09-20
GBCyl100AnSpGl,GB-CYL-CLR-100ML-ASP-GLD,GBCyl100AnSpGl,Cylinder 100 ml (3.38 oz) Clear,cylinder-100ml-clear-18-415,bfcb00cd590c12b55b9930de96fcfb6bbe16eab49b4a579ff1f40aa7b14e6a63,kit_complete,full,,live-prod-2026-09-20
GBCyl100AnSpIvyGl,GB-CYL-CLR-100ML-ASP-IVGD,GBCyl100AnSpIvyGl,Cylinder 100 ml (3.38 oz) Clear,cylinder-100ml-clear-18-415,94633cfd9df7c413a054ac6ae2bfb8f63397313863c708d8f6d30260a1965e91,kit_complete,full,,live-prod-2026-09-20
GBCyl100AnSpIvySl,GB-CYL-CLR-100ML-ASP-IVSL,GBCyl100AnSpIvySl,Cylinder 100 ml (3.38 oz) Clear,cylinder-100ml-clear-18-415,983a53a2437a3df2e79b38bf4dd628a122dc79845913c87154afc119c6c2c2dc,kit_complete,full,,live-prod-2026-09-20
GBCyl100AnSpLvn,GB-CYL-CLR-100ML-ASP-LVN,GBCyl100AnSpLvn,Cylinder 100 ml (3.38 oz) Clear,cylinder-100ml-clear-18-415,9fb61794d6cce4a671ae4dc4f2c7679c5f88e7f1f41e333f2aa78c278d258bae,kit_complete,full,,live-prod-2026-09-20
GBCyl100AnSpMtSl,GB-CYL-CLR-100ML-ASP-MSLV,GBCyl100AnSpMtSl,Cylinder 100 ml (3.38 oz) Clear,cylinder-100ml-clear-18-415,7d2bf645cbd430ef9fd25d1d637da65d79427eaa2ac5199e3da1b5a286358f30,kit_complete,full,,live-prod-2026-09-20
GBCyl100AnSpPnk,GB-CYL-CLR-100ML-ASP-PNK,GBCyl100AnSpPnk,Cylinder 100 ml (3.38 oz) Clear,cylinder-100ml-clear-18-415,3c638a94116a5d5ee835450dbdc12c58278bca5ef9cea2f60133ff7975310456,kit_complete,full,,live-prod-2026-09-20
GBCyl100AnSpRed,GB-CYL-CLR-100ML-ASP-RED,GBCyl100AnSpRed,Cylinder 100 ml (3.38 oz) Clear,cylinder-100ml-clear-18-415,baf2f7abdf46d3761ee9203a44f30120e4b1b048b0fa43aed9843cf57599fc7d,kit_complete,full,,live-prod-2026-09-20
GBCyl100AnSpTslBlk,GB-CYL-CLR-100ML-AST-BLK,GBCyl100AnSpTslBlk,Cylinder 100 ml (3.38 oz) Clear,cylinder-100ml-clear-18-415,97e0cc51e5b313b9504a889c9527358f5c60d2135d8de2633a304c86dad1610c,kit_complete,full,,live-prod-2026-09-20
GBCyl100AnSpTslGl,GB-CYL-CLR-100ML-AST-GLD,GBCyl100AnSpTslGl,Cylinder 100 ml (3.38 oz) Clear,cylinder-100ml-clear-18-415,c5e08e04496a68cdc626c974830a83639f6e48ae7bd603dda394bc7a31da9470,kit_complete,full,,live-prod-2026-09-20
GBCyl100AnSpTslIvyGl,GB-CYL-CLR-100ML-AST-IVGD,GBCyl100AnSpTslIvyGl,Cylinder 100 ml (3.38 oz) Clear,cylinder-100ml-clear-18-415,184e1fa27920f500c74ea49094dee83e3a669790881e23a9a5e32e96e550c4be,kit_complete,full,,live-prod-2026-09-20
GBCyl100AnSpTslIvySl,GB-CYL-CLR-100ML-AST-IVSL,GBCyl100AnSpTslIvySl,Cylinder 100 ml (3.38 oz) Clear,cylinder-100ml-clear-18-415,78c5cd43788672655d75667c6a71554edfd6f9cbf232e88e12790149f1a8cd98,kit_complete,full,,live-prod-2026-09-20
GBCyl100AnSpTslLvn,GB-CYL-CLR-100ML-AST-LVN,GBCyl100AnSpTslLvn,Cylinder 100 ml (3.38 oz) Clear,cylinder-100ml-clear-18-415,b2ccfbe51149e3b5a3a20d3b7c9d37fc19763a77f432043048ce8adba46cdb24,kit_complete,full,,live-prod-2026-09-20
GBCyl100AnSpTslMtSl,GB-CYL-CLR-100ML-AST-MSLV,GBCyl100AnSpTslMtSl,Cylinder 100 ml (3.38 oz) Clear,cylinder-100ml-clear-18-415,31aa26d063c19c473f4ae8316ba05dd490c047924da155e601f789809da547f3,kit_complete,full,,live-prod-2026-09-20
GBCyl100AnSpTslPnk,GB-CYL-CLR-100ML-AST-PNK,GBCyl100AnSpTslPnk,Cylinder 100 ml (3.38 oz) Clear,cylinder-100ml-clear-18-415,7afdfb71d711d0b2547b014a54d09dbaf3e48169d6721885a7a189dbd3a7d27f,kit_complete,full,,live-prod-2026-09-20
GBCyl100AnSpTslRed,GB-CYL-CLR-100ML-AST-RED,GBCyl100AnSpTslRed,Cylinder 100 ml (3.38 oz) Clear,cylinder-100ml-clear-18-415,aeb7fd22dd4d459ba8db95cd3db3ad4d21fba22f39c8a74b9ee7718838ca7fa0,kit_complete,full,,live-prod-2026-09-20
GBCyl100AnSpTslWht,GB-CYL-CLR-100ML-AST-WHT,GBCyl100AnSpTslWht,Cylinder 100 ml (3.38 oz) Clear,cylinder-100ml-clear-18-415,d279c0a97b604e2d6d21bfec9d375b529be5a5aa2f88e13d92c915734a72fcb6,kit_complete,full,,live-prod-2026-09-20
GBCyl100AnSpWht,GB-CYL-CLR-100ML-ASP-WHT,GBCyl100AnSpWht,Cylinder 100 ml (3.38 oz) Clear,cylinder-100ml-clear-18-415,c8a673c0bd6517b383ad7f1d0e7da4d2d7ee755c74133a02b62c8be769ca123f,kit_complete,full,,live-prod-2026-09-20
GBCyl100RdcrBlkLthr,GB-CYL-CLR-100ML-RDC-BKLT,GBCyl100RdcrBlkLthr,Cylinder 100 ml (3.38 oz) Clear,cylinder-100ml-clear-18-415,8e1180dae8f4e8c9b0223877b33ffc6b98207cefec296373cdd733c667b94669,kit_complete,capSplit,,live-prod-2026-09-20
GBCyl100RdcrBrwnLthr,GB-CYL-CLR-100ML-RDC-BRLT,GBCyl100RdcrBrwnLthr,Cylinder 100 ml (3.38 oz) Clear,cylinder-100ml-clear-18-415,e51523f656d6a6fa359b8153b430fbdaf316f93861818c4fab809904e74c5d28,kit_complete,capSplit,,live-prod-2026-09-20
GBCyl100RdcrIvyLthr,GB-CYL-CLR-100ML-RDC-IVLT,GBCyl100RdcrIvyLthr,Cylinder 100 ml (3.38 oz) Clear,cylinder-100ml-clear-18-415,9a20ed26ff0172a1449a3b1d65077ae2ee7600e63255e81b6ae7c7903ed50730,kit_complete,capSplit,,live-prod-2026-09-20
GBCyl100RdcrLBrwnLthr,GB-CYL-CLR-100ML-RDC-LBLT,GBCyl100RdcrLBrwnLthr,Cylinder 100 ml (3.38 oz) Clear,cylinder-100ml-clear-18-415,972c64df931436a66f2fb34c0cf8f614ea535eef095e83b2c3f217171d55a1dc,kit_complete,capSplit,,live-prod-2026-09-20
GBCyl100RdcrMtSl,GB-CYL-CLR-100ML-RDC-MSLV,GBCyl100RdcrMtSl,Cylinder 100 ml (3.38 oz) Clear,cylinder-100ml-clear-18-415,6c7521ec559f74f341c26c557103f8d04be1d6f231883cb029421039e8407c07,kit_complete,capSplit,,live-prod-2026-09-20
GBCyl100RdcrMtSlTall,GB-CYL-CLR-100ML-RDC-MSLV-T,GBCyl100RdcrMtSlTall,Cylinder 100 ml (3.38 oz) Clear,cylinder-100ml-clear-18-415,76cb0f9f099bb15672f5c61b91b4779c26fd58a24eaf2fa7ecc06d68dc449481,kit_complete,capSplit,,live-prod-2026-09-20
GBCyl100RdcrPnkLthr,GB-CYL-CLR-100ML-RDC-PKLT,GBCyl100RdcrPnkLthr,Cylinder 100 ml (3.38 oz) Clear,cylinder-100ml-clear-18-415,d8cb8e2b743433188810c31a50505ceec026e9a6323bb1375f91666add31fdf6,kit_complete,capSplit,,live-prod-2026-09-20
GBCyl100RdcrShnBlk,GB-CYL-CLR-100ML-RDC-SBLK,GBCyl100RdcrShnBlk,Cylinder 100 ml (3.38 oz) Clear,cylinder-100ml-clear-18-415,3f2fbd2f683cba28a7a24db995fb195c04cbc93c24f5a8d98c35c54052f75175,kit_complete,capSplit,,live-prod-2026-09-20
GBCyl100RdcrShnBlkTall,GB-CYL-CLR-100ML-RDC-SBLK-T,GBCyl100RdcrShnBlkTall,Cylinder 100 ml (3.38 oz) Clear,cylinder-100ml-clear-18-415,65011ea00cde7879f32cd9410a46263e31d24287c1f2dc91598cdf2c352dedca,kit_complete,capSplit,,live-prod-2026-09-20
GBCyl100RdcrShnGl,GB-CYL-CLR-100ML-RDC-SGLD,GBCyl100RdcrShnGl,Cylinder 100 ml (3.38 oz) Clear,cylinder-100ml-clear-18-415,0cdc41b90f8901516d0cdf6044e578beb0ae17f3ad20f2e8b4372cf780e8fd52,kit_complete,capSplit,,live-prod-2026-09-20
GBCyl100RdcrShnSl,GB-CYL-CLR-100ML-RDC-SSLV,GBCyl100RdcrShnSl,Cylinder 100 ml (3.38 oz) Clear,cylinder-100ml-clear-18-415,41a0525b1fd286339dc8adeaa438617956be395ee62360390ccae4102d16bf95,kit_complete,capSplit,,live-prod-2026-09-20
GBCyl100RdcrWht,GB-CYL-CLR-100ML-RDC-WHT,GBCyl100RdcrWht,Cylinder 100 ml (3.38 oz) Clear,cylinder-100ml-clear-18-415,c2fe04a80229f8091ef475fe7fffb7499e0fd905da748f15c8a93f6c392fbb97,kit_complete,capSplit,,live-prod-2026-09-20
GBCyl100SpryCu,GB-CYL-CLR-100ML-SPR-CPR,GBCyl100SpryCu,Cylinder 100 ml (3.38 oz) Clear,cylinder-100ml-clear-18-415,691bfad8f543b9b64268c66767cb4f2b7bedca2166f2764b12700222f7d80dbd,kit_complete,full,,live-prod-2026-09-20
GBCyl100SpryMtGl,GB-CYL-CLR-100ML-SPR-MGLD,GBCyl100SpryMtGl,Cylinder 100 ml (3.38 oz) Clear,cylinder-100ml-clear-18-415,e0b01c2d9a3c8d5a3d2392dc474cefbe32bd1a8fc1fb8e24c536256b19ffe933,kit_complete,full,,live-prod-2026-09-20
GBCyl100SpryMtSl,GB-CYL-CLR-100ML-SPR-MSLV,GBCyl100SpryMtSl,Cylinder 100 ml (3.38 oz) Clear,cylinder-100ml-clear-18-415,92258905cee574aa0807c338d455f318b09b15140147fcb12c09d60110031911,kit_complete,full,,live-prod-2026-09-20
GBCyl100SpryShnBlk,GB-CYL-CLR-100ML-SPR-SBLK,GBCyl100SpryShnBlk,Cylinder 100 ml (3.38 oz) Clear,cylinder-100ml-clear-18-415,5c8931cf147a7bbacedec327ff8c3d6dcb61ef3ec9ad0b97b63c7bd0402242e5,kit_complete,full,,live-prod-2026-09-20
GBCyl100SpryShnGl,GB-CYL-CLR-100ML-SPR-SGLD,GBCyl100SpryShnGl,Cylinder 100 ml (3.38 oz) Clear,cylinder-100ml-clear-18-415,a4d329fedcc5432b9742c571fcc675d858fd7d372f7402a085e592143027a22a,kit_complete,full,,live-prod-2026-09-20
GBCyl100SpryShnSl,GB-CYL-CLR-100ML-SPR-SSLV,GBCyl100SpryShnSl,Cylinder 100 ml (3.38 oz) Clear,cylinder-100ml-clear-18-415,eb1e2c0c482ab68d060ca64c71a6d6f6947747e8c91f7c1afc0251b4d67eb854,kit_complete,full,,live-prod-2026-09-20
LBCyl100LtnClOvrCap,LB-CYL-CLR-100ML-LPM-COCP,LBCyl100LtnClOvrCap,Cylinder 100 ml (3.38 oz) Clear,cylinder-100ml-clear-18-415,9512d23807674f49430c40a6450b8d643ce180a82937f5151d558e6a49f968a1,kit_complete,full,,live-prod-2026-09-20
LBCyl100LtnCu,LB-CYL-CLR-100ML-LPM-CPR,LBCyl100LtnCu,Cylinder 100 ml (3.38 oz) Clear,cylinder-100ml-clear-18-415,56ed23a01cdfd14480c8e5296dbecd266fbe9deca63788c220c14aaff5106a74,kit_complete,full,,live-prod-2026-09-20
LBCyl100LtnMtGl,LB-CYL-CLR-100ML-LPM-MGLD,LBCyl100LtnMtGl,Cylinder 100 ml (3.38 oz) Clear,cylinder-100ml-clear-18-415,afd2408dc484e0c6ceb3498879637b1fade70cced04e2ffe6abb5d6ae03a301a,kit_complete,full,,live-prod-2026-09-20
LBCyl100LtnMtSl,LB-CYL-CLR-100ML-LPM-MSLV,LBCyl100LtnMtSl,Cylinder 100 ml (3.38 oz) Clear,cylinder-100ml-clear-18-415,55d8cc3cbc35ac314388c7695a948d8b63fa4e7db2b5904fd50019c128857ad5,kit_complete,full,,live-prod-2026-09-20
LBCyl100LtnShnBlk,LB-CYL-CLR-100ML-LPM-SBLK,LBCyl100LtnShnBlk,Cylinder 100 ml (3.38 oz) Clear,cylinder-100ml-clear-18-415,ee414f8da3d3dd7ede4791aea6b5e74b03d3ca3b7c00cbf7e3030bea32f9c6b1,kit_complete,full,,live-prod-2026-09-20
LBCyl100LtnShnGl,LB-CYL-CLR-100ML-LPM-SGLD,LBCyl100LtnShnGl,Cylinder 100 ml (3.38 oz) Clear,cylinder-100ml-clear-18-415,cc0a2d2a8f5255d7cafccbd6978426cf3d9157f468e7f4b7fe00f9457e7bdb42,kit_complete,full,,live-prod-2026-09-20
LBCyl100LtnShnSl,LB-CYL-CLR-100ML-LPM-SSLV,LBCyl100LtnShnSl,Cylinder 100 ml (3.38 oz) Clear,cylinder-100ml-clear-18-415,3bd564de1d20a1ab221fd61784922bb7045e19a907cb1e6860358eb0245a31ff,kit_complete,full,,live-prod-2026-09-20
PbClear4ozFlpWh,PB-CYL-CLR-118ML-WFLP,PbClear4ozFlpWh,Cylinder 114 ml (3.85 oz) Clear,cylinder-118ml-clear,fe1715099019d64da357d1699e5570b5e4ab2b8662f0c5e4719e1c386fdc51d5,no_kit,,No productKits row served for current published plate (forSkus null),live-prod-2026-09-20
PbClear8ozFlpWh,PB-CYL-227ML-WFLP,PbClear8ozFlpWh,Cylinder 227 ml (7.68 oz) Clear,cylinder-227ml-clear,26e00bec493eecbb6793c36be5f10d41db0f1b95059ac541fc627ecf991c1c9e,no_kit,,No productKits row served for current published plate (forSkus null),live-prod-2026-09-20
GBCyl25AnSpBlk,GBCyl25AnSpBlk,GBCyl25AnSpBlk,Cylinder 25 ml (0.85 oz) Clear,cylinder-25ml-clear-18-415,b918c1b4d0b8ebcb8683f448c7cf45c4c2818830adcd04aadf51d94852268572,kit_complete,full,,live-prod-2026-09-20
GBCyl25AnSpGl,GBCyl25AnSpGl,GBCyl25AnSpGl,Cylinder 25 ml (0.85 oz) Clear,cylinder-25ml-clear-18-415,c6639904bdd95af60c241989ce2f5ee7a891710a4cd060aef6ad304703b6d1a2,kit_complete,full,,live-prod-2026-09-20
GBCyl25AnSpTslIvySl,GBCyl25AnSpTslIvySl,GBCyl25AnSpTslIvySl,Cylinder 25 ml (0.85 oz) Clear,cylinder-25ml-clear-18-415,71ff73c391753039acff9738f25bc3e4fafa8ac116dc5e575efe68bf8e980508,kit_complete,full,,live-prod-2026-09-20
GBCyl25AnSpTslMtSl,GBCyl25AnSpTslMtSl,GBCyl25AnSpTslMtSl,Cylinder 25 ml (0.85 oz) Clear,cylinder-25ml-clear-18-415,0d912ca95096718107c3e398a4cdf63ea15216a9bf50dde06ef22fdd8c8bd8f8,kit_complete,full,,live-prod-2026-09-20
GBCyl25AnSpTslRed,GBCyl25AnSpTslRed,GBCyl25AnSpTslRed,Cylinder 25 ml (0.85 oz) Clear,cylinder-25ml-clear-18-415,213d1049267ce145f6ac0be7310b71ab8c07094fcba7de729bdfa564a22c95ea,kit_complete,full,,live-prod-2026-09-20
GBCyl25AnSpTslWht,GBCyl25AnSpTslWht,GBCyl25AnSpTslWht,Cylinder 25 ml (0.85 oz) Clear,cylinder-25ml-clear-18-415,aecd8af7514ebab51112fb12972c48b1c1447d633df8c98a3ed72771b9fc283d,kit_complete,full,,live-prod-2026-09-20
GBCyl25DrpCu,GBCyl25DrpCu,GBCyl25DrpCu,Cylinder 25 ml (0.85 oz) Clear,cylinder-25ml-clear-18-415,b9c277105bee32d3e6b807427de6cd36ea5812a7fba3bf2e3694f363be53d9d5,kit_complete,full,,live-prod-2026-09-20
GBCyl25DrpGl,GBCyl25DrpGl,GBCyl25DrpGl,Cylinder 25 ml (0.85 oz) Clear,cylinder-25ml-clear-18-415,99b8ddd926a96b053557b451f0ec070ef6836c3080d4dd3573fc7b1e065f1a1b,kit_complete,full,,live-prod-2026-09-20
GBCyl25DrpSl,GBCyl25DrpSl,GBCyl25DrpSl,Cylinder 25 ml (0.85 oz) Clear,cylinder-25ml-clear-18-415,3cbbf85763bc6b07c29fb9b2314a5aeea8d4219448c16bdd11c8f2c83d26e449,kit_complete,full,,live-prod-2026-09-20
GBCyl25RdcrIvyLthr,GBCyl25RdcrIvyLthr,GBCyl25RdcrIvyLthr,Cylinder 25 ml (0.85 oz) Clear,cylinder-25ml-clear-18-415,1f4e682f174f6a86cf5fbad813e956f0fa7610483b6bf6e97dbd3c39f5342727,kit_complete,capSplit,,live-prod-2026-09-20
GBCyl25RdcrShnGl,GBCyl25RdcrShnGl,GBCyl25RdcrShnGl,Cylinder 25 ml (0.85 oz) Clear,cylinder-25ml-clear-18-415,9fc5e30d5c646fb053d936f852842572df423166676938c901242b011fbab5cd,kit_complete,capSplit,,live-prod-2026-09-20
GBcyl25AnSpIvyGl,GBcyl25AnSpIvyGl,GBcyl25AnSpIvyGl,Cylinder 25 ml (0.85 oz) Clear,cylinder-25ml-clear-18-415,c56d737b962267f5d870b12e569b33194cd704bb2099cdaa7f82cd222f6b2ee2,kit_complete,full,,live-prod-2026-09-20
GBcyl25AnSpIvySl,GBcyl25AnSpIvySl,GBcyl25AnSpIvySl,Cylinder 25 ml (0.85 oz) Clear,cylinder-25ml-clear-18-415,dc833454fb505e8eb47c93728688eef42e9bb42531527a194f560b32e622bf21,kit_complete,full,,live-prod-2026-09-20
GBcyl25AnSpLvn,GBcyl25AnSpLvn,GBcyl25AnSpLvn,Cylinder 25 ml (0.85 oz) Clear,cylinder-25ml-clear-18-415,949581c6510bd00ee3aa1ebf31f7a0fc537234b8014e5dc7d571736b0bf25931,kit_complete,full,,live-prod-2026-09-20
GBcyl25AnSpMtSl,GBcyl25AnSpMtSl,GBcyl25AnSpMtSl,Cylinder 25 ml (0.85 oz) Clear,cylinder-25ml-clear-18-415,5d1a3ece4eda697f20648c6925eba84cf9c29533efc8f65b459713529a503fb5,kit_complete,full,,live-prod-2026-09-20
GBcyl25AnSpPnk,GBcyl25AnSpPnk,GBcyl25AnSpPnk,Cylinder 25 ml (0.85 oz) Clear,cylinder-25ml-clear-18-415,696f00eeb15976d71e76547b2c14eeadae6f725743d645f616d13c784115ff99,kit_complete,full,,live-prod-2026-09-20
GBcyl25AnSpRed,GBcyl25AnSpRed,GBcyl25AnSpRed,Cylinder 25 ml (0.85 oz) Clear,cylinder-25ml-clear-18-415,f2e0d4212ac517851a5ce3ce6eef84f9e9eafba6a7a135fc80e59a9654d9d55c,kit_complete,full,,live-prod-2026-09-20
GBcyl25AnSpTslBlk,GBcyl25AnSpTslBlk,GBcyl25AnSpTslBlk,Cylinder 25 ml (0.85 oz) Clear,cylinder-25ml-clear-18-415,ae963f6a728e2405454f7ad51a97a9c1e32de7965fcc5ae600f86b55c06a0fc4,kit_complete,full,,live-prod-2026-09-20
GBcyl25AnSpTslGl,GBcyl25AnSpTslGl,GBcyl25AnSpTslGl,Cylinder 25 ml (0.85 oz) Clear,cylinder-25ml-clear-18-415,5b270d3577dd44690f471284d979404d75d2a4d3233a22589ace02b594854076,kit_complete,full,,live-prod-2026-09-20
GBcyl25AnSpTslIvyGl,GBcyl25AnSpTslIvyGl,GBcyl25AnSpTslIvyGl,Cylinder 25 ml (0.85 oz) Clear,cylinder-25ml-clear-18-415,a1306c91643a3960e9f30209ee5eb32e01e4d0dbf2aeead927ebef125be67c8a,kit_complete,full,,live-prod-2026-09-20
GBcyl25AnSpTslLvn,GBcyl25AnSpTslLvn,GBcyl25AnSpTslLvn,Cylinder 25 ml (0.85 oz) Clear,cylinder-25ml-clear-18-415,7979ff866d3ac5e289f9b4e0a0894e4de3242d6cd620dfe287e6a190dc35f9b0,kit_complete,full,,live-prod-2026-09-20
GBcyl25AnSpTslPnk,GBcyl25AnSpTslPnk,GBcyl25AnSpTslPnk,Cylinder 25 ml (0.85 oz) Clear,cylinder-25ml-clear-18-415,68c9a4dad2f8f4e9f5ba84cd5f49abec1cd2c7cd432258aaba94d4b4835138e2,kit_complete,full,,live-prod-2026-09-20
GBcyl25AnSpWht,GBcyl25AnSpWht,GBcyl25AnSpWht,Cylinder 25 ml (0.85 oz) Clear,cylinder-25ml-clear-18-415,97f552c1531bad9a95ab02842de9003cfab5716640d6bb6f61f7e76ad4e59fb1,kit_complete,full,,live-prod-2026-09-20
GBcyl25RdcrBlkLthr,GBcyl25RdcrBlkLthr,GBcyl25RdcrBlkLthr,Cylinder 25 ml (0.85 oz) Clear,cylinder-25ml-clear-18-415,eae158e4bedc78b9fa908a9d138e606adc4a3907e501ab3a958ef77fdad87de0,kit_complete,capSplit,,live-prod-2026-09-20
GBcyl25RdcrBrwnLthr,GBcyl25RdcrBrwnLthr,GBcyl25RdcrBrwnLthr,Cylinder 25 ml (0.85 oz) Clear,cylinder-25ml-clear-18-415,20f0efd2ad772a387a77669370f16dd412752236cd961fb3567fa73be0064379,kit_complete,capSplit,,live-prod-2026-09-20
GBcyl25RdcrLBrwnLthr,GBcyl25RdcrLBrwnLthr,GBcyl25RdcrLBrwnLthr,Cylinder 25 ml (0.85 oz) Clear,cylinder-25ml-clear-18-415,29a6102c39abb3b68273cd612f6453c0ad5997196106bf92076ba870928afd60,kit_complete,capSplit,,live-prod-2026-09-20
GBcyl25RdcrMtSl,GBcyl25RdcrMtSl,GBcyl25RdcrMtSl,Cylinder 25 ml (0.85 oz) Clear,cylinder-25ml-clear-18-415,7603cf3cea8f7c85b3ba9bc024b3d4ef13ad8cf5ed1a63efa642c0bee04aa859,kit_complete,capSplit,,live-prod-2026-09-20
GBcyl25RdcrMtSlTall,GBcyl25RdcrMtSlTall,GBcyl25RdcrMtSlTall,Cylinder 25 ml (0.85 oz) Clear,cylinder-25ml-clear-18-415,4c6371d9314b4a7d20d51cbf52198c12d21ff91411ca1ad440dae3198a7a92dc,kit_complete,capSplit,,live-prod-2026-09-20
GBcyl25RdcrPnkLthr,GBcyl25RdcrPnkLthr,GBcyl25RdcrPnkLthr,Cylinder 25 ml (0.85 oz) Clear,cylinder-25ml-clear-18-415,2815b7cf073c6ec2261eccc89459029763ba632a84b82e6e8620be07e062351e,kit_complete,capSplit,,live-prod-2026-09-20
GBcyl25RdcrShnBlk,GBcyl25RdcrShnBlk,GBcyl25RdcrShnBlk,Cylinder 25 ml (0.85 oz) Clear,cylinder-25ml-clear-18-415,09092609dbf9a91e3cfab7a1970175c147c48476005ce74da6b80ca21affd99f,kit_complete,capSplit,,live-prod-2026-09-20
GBcyl25RdcrShnBlkTall,GBcyl25RdcrShnBlkTall,GBcyl25RdcrShnBlkTall,Cylinder 25 ml (0.85 oz) Clear,cylinder-25ml-clear-18-415,bc7ee5afbc94b222309b177be007f9be1cee412df66e9dc3958c8feeb65cdef9,kit_complete,capSplit,,live-prod-2026-09-20
GBcyl25RdcrShnSl,GBcyl25RdcrShnSl,GBcyl25RdcrShnSl,Cylinder 25 ml (0.85 oz) Clear,cylinder-25ml-clear-18-415,5772b8c6f1652977d1cb46141682fbdeeb6eac8af989b3f49fa3f600e2277a96,kit_complete,capSplit,,live-prod-2026-09-20
GBcyl25RdcrWht,GBcyl25RdcrWht,GBcyl25RdcrWht,Cylinder 25 ml (0.85 oz) Clear,cylinder-25ml-clear-18-415,a2a0939d9056112faeb4c33bba5b7245ab631d019501a168124e4e285636ebac,kit_complete,capSplit,,live-prod-2026-09-20
GBcyl25SpryCu,GBcyl25SpryCu,GBcyl25SpryCu,Cylinder 25 ml (0.85 oz) Clear,cylinder-25ml-clear-18-415,9c2363bbc7ca52cff855cd7cab670ac1726495b06d431fcd0709ade2cfffa140,kit_complete,full,,live-prod-2026-09-20
GBcyl25SpryMtGl,GBcyl25SpryMtGl,GBcyl25SpryMtGl,Cylinder 25 ml (0.85 oz) Clear,cylinder-25ml-clear-18-415,6bc290cbdb799798b63fe077d1af0151ee6103fae047ffa30777b31166c499bf,kit_complete,full,,live-prod-2026-09-20
GBcyl25SpryShnBlk,GB-CYL-CLR-25ML-SPR-SBLK,GBcyl25SpryShnBlk,Cylinder 25 ml (0.85 oz) Clear,cylinder-25ml-clear-18-415,2a56353111e03b4c801593d19642b33215170f74e7f25980b519c14948089377,kit_complete,full,,live-prod-2026-09-20
GBcyl25SpryShnGl,GBcyl25SpryShnGl,GBcyl25SpryShnGl,Cylinder 25 ml (0.85 oz) Clear,cylinder-25ml-clear-18-415,8d30fc9d3991ce298fd61898649f192dabd3faacca493ebe9c740b7ab35d5178,kit_complete,full,,live-prod-2026-09-20
GBcyl25SpryShnSl,GBcyl25SpryShnSl,GBcyl25SpryShnSl,Cylinder 25 ml (0.85 oz) Clear,cylinder-25ml-clear-18-415,29760aa2950ef17fbfe71cc28b4f3dfc598319c6d4b25be5c6a3fa3572f7ee6a,kit_complete,full,,live-prod-2026-09-20
LBCyl25LtnCu,LB-CYL-CLR-25ML-LPM-CPR,LBCyl25LtnCu,Cylinder 25 ml (0.85 oz) Clear,cylinder-25ml-clear-18-415,4a0ceaa1f71055e63e6cfcb0827e027204b71297f76c59176e3bfef90b8634bf,kit_complete,full,,live-prod-2026-09-20
LBCyl25LtnMtGl,LB-CYL-CLR-25ML-LPM-MGLD,LBCyl25LtnMtGl,Cylinder 25 ml (0.85 oz) Clear,cylinder-25ml-clear-18-415,66488fa9c6234ec8294a78fd929fb6f9706c50381c79144c28ddd80e210aaccb,kit_complete,full,,live-prod-2026-09-20
LBCyl25LtnMtSl,LB-CYL-CLR-25ML-LPM-MSLV,LBCyl25LtnMtSl,Cylinder 25 ml (0.85 oz) Clear,cylinder-25ml-clear-18-415,4313545a8d2e88eb60e4a802a1785cc699054bafa85ca8f199ac2d68ff74318f,kit_complete,full,,live-prod-2026-09-20
LBCyl25LtnShnBlk,LB-CYL-CLR-25ML-LPM-SBLK,LBCyl25LtnShnBlk,Cylinder 25 ml (0.85 oz) Clear,cylinder-25ml-clear-18-415,1f1a578d87c0490dd9b9c78d23d92ce11c9385763447222b7c158d75dd13f76e,kit_complete,full,,live-prod-2026-09-20
LBCyl25LtnShnGl,LB-CYL-CLR-25ML-LPM-SGLD,LBCyl25LtnShnGl,Cylinder 25 ml (0.85 oz) Clear,cylinder-25ml-clear-18-415,c901db6e99aa7cb764bff4bd93aba2ccd6ed00015699ebcf397fb0261dc60a89,kit_complete,full,,live-prod-2026-09-20
LBCyl25LtnShnSl,LB-CYL-CLR-25ML-LPM-SSLV,LBCyl25LtnShnSl,Cylinder 25 ml (0.85 oz) Clear,cylinder-25ml-clear-18-415,67d38d0da0099926ed665b3bc4345b50f196864a98fe5cac64681c5154378a58,kit_complete,full,,live-prod-2026-09-20
LBcyl25LtnClOvrCap,LB-CYL-CLR-25ML-LPM-CLR,LBcyl25LtnClOvrCap,Cylinder 25 ml (0.85 oz) Clear,cylinder-25ml-clear-18-415,5bc47b433f3669b62008d3c41ad89108757b9c9f5be547326f9916f10a400644,kit_complete,full,,live-prod-2026-09-20
GBCyl1ozRollWht,GB-CYL-CLR-28ML-RBL-WHT,GBCyl1ozRollWht,Cylinder 28 ml (0.95 oz) Clear,cylinder-28ml-clear-16mm,e1b5663e5ed2045effd3971c4cd08a9b1fdfa6b776a0f6df82ebd1648b277d16,kit_complete,full,,live-prod-2026-09-20
GBMtlRoll28Blk,GB-CYL-CLR-28ML-MRL-01,GBMtlRoll28Blk,Cylinder 28 ml (0.95 oz) Clear,cylinder-28ml-clear-16mm,a64c1b259fe0629ce45ae4741a1b20dd7ec3eaba15ac0935642e1b2fcfabcc80,kit_complete,full,,live-prod-2026-09-20
GBMtlRoll28Wht,GB-CYL-CLR-28ML-MRL-02,GBMtlRoll28Wht,Cylinder 28 ml (0.95 oz) Clear,cylinder-28ml-clear-16mm,1dac9f8c63fa64183174f6eaba4bd1f1be0c02f049d577504be55439aabb30ed,kit_complete,full,,live-prod-2026-09-20
GBRoll28Blk,GB-CYL-CLR-28ML-RBL,GBRoll28Blk,Cylinder 28 ml (0.95 oz) Clear,cylinder-28ml-clear-16mm,6c0edcabb89c277606e67fa93cf7c8e6eb3f08795c97ad75371f3dfc4363b6f2,kit_complete,full,,live-prod-2026-09-20
GBSpry3mlClBlk,GB-SPR-CLR-3ML-BLK,GBSpry3mlClBlk,Cylinder 3.3 ml (0.1 oz) Clear,cylinder-3.3ml-clear-12mm,24aeb2a1bc11fc779ead887d0e21de2f6bc24797265a95c9bac8901038f1beaa,no_kit,,No productKits row served for current published plate (forSkus null),live-prod-2026-09-20
GBSpry3mlClWht,GB-SPR-CLR-3ML-WHT,GBSpry3mlClWht,Cylinder 3.3 ml (0.1 oz) Clear,cylinder-3.3ml-clear-12mm,2a594a9028b0bd66c32045eafa85b852fede2c18029d82ca1fc7f6bc20790e99,kit_complete,full,,live-prod-2026-09-20
GBSpry1ozGl,GB-SPR-CLR-30ML-GLD,GBSpry1ozGl,Cylinder 30 ml (1.01 oz) Clear,cylinder-30ml-clear-18-415,bd18c4b7cb777a3eeac5820316fcd82cf332c07b9f212b92ef77e1736f913aa7,kit_complete,capSplit,,live-prod-2026-09-20
GBSpry1ozSl,GB-SPR-CLR-30ML-SLV,GBSpry1ozSl,Cylinder 30 ml (1.01 oz) Clear,cylinder-30ml-clear-18-415,f86fb5c0dd860b8567751fab3c395e9872edb6c9d9509784567bbff6f4227280,kit_complete,capSplit,,live-prod-2026-09-20
GBSpry4mlClBlk,GB-SPR-CLR-4ML-BLK,GBSpry4mlClBlk,Cylinder 4 ml (0.14 oz) Clear,cylinder-4ml-clear-12mm,4830f4ba9fa6aa42ad187772fc193cd48ca1e15908566fb51afea4065c88579a,kit_complete,full,,live-prod-2026-09-20
GBSpry4mlClWh,GB-SPR-CLR-4ML-WHT,GBSpry4mlClWh,Cylinder 4 ml (0.14 oz) Clear,cylinder-4ml-clear-12mm,b680d7c6963627e472c2d2ee30704557e6b50bb7f8b5300b3a2719749fc0da6c,kit_complete,full,,live-prod-2026-09-20
PbNat16ozFlpWh,PB-CYL-454ML-WFLP,PbNat16ozFlpWh,Cylinder 454 ml (15.35 oz) Clear,cylinder-454ml-clear,1c560dba76bf61ba0d1bc7b5990230a2bb8bf094aaaa448b43754d02c0b438b8,no_kit,,No productKits row served for current published plate (forSkus null),live-prod-2026-09-20
GBCyl5BlkShSht,GB-CYL-CLR-5ML-SBLK-S,GBCyl5BlkShSht,Cylinder 5 ml (0.17 oz) Clear,cylinder-5ml-clear-13-415,821c67e457246679d6704027471a91d5bdacf98a43cadf9eeaf3fe578bb7b879,kit_complete,capSplit,,live-prod-2026-09-20
GBCyl5BlkSht,GB-CYL-CLR-5ML-S,GBCyl5BlkSht,Cylinder 5 ml (0.17 oz) Clear,cylinder-5ml-clear-13-415,52567c630e26b7d24c83764a491a4d8fda8d0656d292ef63f05e8528e2a4bffa,kit_complete,capSplit,,live-prod-2026-09-20
GBCyl5CuSht,GB-CYL-CLR-5ML-MCPR-S,GBCyl5CuSht,Cylinder 5 ml (0.17 oz) Clear,cylinder-5ml-clear-13-415,1f996a5f37c44214cd0fe47249a869a0c66a92caeda8e9cfc737fe2229203985,kit_complete,capSplit,,live-prod-2026-09-20
GBCyl5Gl,GB-CYL-CLR-5ML-GLD-T,GBCyl5Gl,Cylinder 5 ml (0.17 oz) Clear,cylinder-5ml-clear-13-415,aae36ca0a6d2a9ec8faf32702aef4fd3a1a80917647377a720f24a89594acce5,kit_complete,capSplit,,live-prod-2026-09-20
GBCyl5GlMattSht,GB-CYL-CLR-5ML-MGLD-S,GBCyl5GlMattSht,Cylinder 5 ml (0.17 oz) Clear,cylinder-5ml-clear-13-415,b8eff513e161f8668d1dc287bd3d6d78a2797f3c29a92dad1a86b258f27a1fce,kit_complete,capSplit,,live-prod-2026-09-20
GBCyl5GlSht,GB-CYL-CLR-5ML-SGLD-S,GBCyl5GlSht,Cylinder 5 ml (0.17 oz) Clear,cylinder-5ml-clear-13-415,5f089eaecb82dd3cbf30dc48dadfaa6e08e9f414906e65dbd07fdac2fd95235a,kit_complete,capSplit,,live-prod-2026-09-20
GBCyl5MtlRollBlkDot,GB-CYL-CLR-5ML-MRL-BKDT,GBCyl5MtlRollBlkDot,Cylinder 5 ml (0.17 oz) Clear,cylinder-5ml-clear-13-415,4cae232a9d2f13d42200202e21cdb4d105fed304ec2c92ea71ebcd086b4243dc,kit_complete,full,,live-prod-2026-09-20
GBCyl5MtlRollBlkSh,GB-CYL-CLR-5ML-MRL-SBLK,GBCyl5MtlRollBlkSh,Cylinder 5 ml (0.17 oz) Clear,cylinder-5ml-clear-13-415,67c3597d387e098df50037857dbf44543b65c22f56ea2e55bc30e1a275acf9f0,kit_complete,capSplit,,live-prod-2026-09-20
GBCyl5MtlRollCuMatt,GB-CYL-CLR-5ML-MRL-MCPR,GBCyl5MtlRollCuMatt,Cylinder 5 ml (0.17 oz) Clear,cylinder-5ml-clear-13-415,a7325ad7abe9210d043b125727475ec72c67cdb175444307a334cfc0392cd2bb,kit_complete,capSplit,,live-prod-2026-09-20
GBCyl5MtlRollGlMatt,GB-CYL-CLR-5ML-MRL-MGLD,GBCyl5MtlRollGlMatt,Cylinder 5 ml (0.17 oz) Clear,cylinder-5ml-clear-13-415,7d4c41a93f9c80a4d1c91f466e9997915a7fad9ee7118272354682944153358e,kit_complete,full,,live-prod-2026-09-20
GBCyl5MtlRollGlSh,GB-CYL-CLR-5ML-MRL-SGLD,GBCyl5MtlRollGlSh,Cylinder 5 ml (0.17 oz) Clear,cylinder-5ml-clear-13-415,6e3c7e91a74775e40ec0c96dffc054aceca5e867feb2a6401434063c25d9344e,kit_complete,capSplit,,live-prod-2026-09-20
GBCyl5MtlRollPinkDot,GB-CYL-CLR-5ML-MRL-PKDT,GBCyl5MtlRollPinkDot,Cylinder 5 ml (0.17 oz) Clear,cylinder-5ml-clear-13-415,a8caa6ed12a6544764a5c22b7fc0e1edee5f92cde2cce2b143df80512e681bf0,kit_complete,capSplit,,live-prod-2026-09-20
GBCyl5MtlRollSlDot,GB-CYL-CLR-5ML-MRL-SLDT,GBCyl5MtlRollSlDot,Cylinder 5 ml (0.17 oz) Clear,cylinder-5ml-clear-13-415,fca29efeac4528ff271c5583d94dc4977d362259151abf865154549a1cc6252b,kit_complete,capSplit,,live-prod-2026-09-20
GBCyl5MtlRollSlMatt,GB-CYL-CLR-5ML-MRL-MSLV,GBCyl5MtlRollSlMatt,Cylinder 5 ml (0.17 oz) Clear,cylinder-5ml-clear-13-415,247390ece63fc694882b9a403f01560692c607d4d999a2756f82773f4aca77a9,kit_complete,capSplit,,live-prod-2026-09-20
GBCyl5MtlRollSlSh,GB-CYL-CLR-5ML-MRL-SSLV,GBCyl5MtlRollSlSh,Cylinder 5 ml (0.17 oz) Clear,cylinder-5ml-clear-13-415,caa3d53b3ae7dcb74525c33bd823fa60aeda0dfba399057f2d2772a6d05134ae,kit_complete,capSplit,,live-prod-2026-09-20
GBCyl5RollBlkDot,GB-CYL-CLR-5ML-ROL-BKDT,GBCyl5RollBlkDot,Cylinder 5 ml (0.17 oz) Clear,cylinder-5ml-clear-13-415,3d25892b8c0752860977980a5fc82f64585e70f2735717c405d7149acf0e0f73,kit_complete,full,,live-prod-2026-09-20
GBCyl5RollBlkSh,GB-CYL-CLR-5ML-ROL-SBLK,GBCyl5RollBlkSh,Cylinder 5 ml (0.17 oz) Clear,cylinder-5ml-clear-13-415,e049bf9635e69d6224a18346dde0e27378ad283bb00e705ed747c6b82ca70f90,kit_complete,capSplit,,live-prod-2026-09-20
GBCyl5RollCuMatt,GB-CYL-CLR-5ML-ROL-MCPR,GBCyl5RollCuMatt,Cylinder 5 ml (0.17 oz) Clear,cylinder-5ml-clear-13-415,fac6752784f1c4bf714a0b7474f08eabb298d11a858ddcdff74337e34532b398,kit_complete,capSplit,,live-prod-2026-09-20
GBCyl5RollGlMatt,GB-CYL-CLR-5ML-ROL-MGLD,GBCyl5RollGlMatt,Cylinder 5 ml (0.17 oz) Clear,cylinder-5ml-clear-13-415,2d7e1e65544060ab2bd8ae446317fffbbaf42f8155658bce8f7488f0a9618c7b,kit_complete,full,,live-prod-2026-09-20
GBCyl5RollGlSh,GB-CYL-CLR-5ML-ROL-SGLD,GBCyl5RollGlSh,Cylinder 5 ml (0.17 oz) Clear,cylinder-5ml-clear-13-415,b05009c22fc7521b7779751cf2ceb7f4772d89a9adce745d52884b0c6caf0a44,kit_complete,capSplit,,live-prod-2026-09-20
GBCyl5RollPinkDot,GB-CYL-CLR-5ML-ROL-PKDT,GBCyl5RollPinkDot,Cylinder 5 ml (0.17 oz) Clear,cylinder-5ml-clear-13-415,e6f43b955b35959d8922aac8f418b752b85caebdcba28c7dd95e0c2c5aa9bfac,kit_complete,capSplit,,live-prod-2026-09-20
GBCyl5RollSlDot,GB-CYL-CLR-5ML-ROL-SLDT,GBCyl5RollSlDot,Cylinder 5 ml (0.17 oz) Clear,cylinder-5ml-clear-13-415,6dadafb58af28f4a21227d7bf0622ff8bf6ef12e7b2118cccbd86c350397fb85,kit_complete,capSplit,,live-prod-2026-09-20
GBCyl5RollSlMatt,GB-CYL-CLR-5ML-ROL-MSLV,GBCyl5RollSlMatt,Cylinder 5 ml (0.17 oz) Clear,cylinder-5ml-clear-13-415,d9031fd5f263ae79457ad7c005d2d267da3af25f3e70784fa4ea264709e8d16b,kit_complete,capSplit,,live-prod-2026-09-20
GBCyl5RollSlSh,GB-CYL-CLR-5ML-ROL-SSLV,GBCyl5RollSlSh,Cylinder 5 ml (0.17 oz) Clear,cylinder-5ml-clear-13-415,01e9bb4ae28437b5bf7e500ccfd9c1c5990183541ee2e8ec051f113c648bbbb2,kit_complete,capSplit,,live-prod-2026-09-20
GBCyl5Sl,GB-CYL-CLR-5ML-SLV-T,GBCyl5Sl,Cylinder 5 ml (0.17 oz) Clear,cylinder-5ml-clear-13-415,185de365efe3d1669fdbe3e2c152fec6b58e46819d6e3337a37f17e4c5b9c30b,kit_complete,capSplit,,live-prod-2026-09-20
GBCyl5SlMattSht,GB-CYL-CLR-5ML-MSLV-S,GBCyl5SlMattSht,Cylinder 5 ml (0.17 oz) Clear,cylinder-5ml-clear-13-415,f2dc80f5b1b6680e75c62b57d4d5cd4c610f76f3965d7599c42e14059d89f7d1,kit_complete,capSplit,,live-prod-2026-09-20
GBCyl5SlSht,GB-CYL-CLR-5ML-SSLV-S,GBCyl5SlSht,Cylinder 5 ml (0.17 oz) Clear,cylinder-5ml-clear-13-415,ae6659c17dc72198f4c30684c5303f5e84e190bfc610c6f8ddf58f140097ae43,kit_complete,capSplit,,live-prod-2026-09-20
GBCyl5SpryBlkSh,GB-CYL-CLR-5ML-SPR-SBLK,GBCyl5SpryBlkSh,Cylinder 5 ml (0.17 oz) Clear,cylinder-5ml-clear-13-415,0e24ae71efc6bfde84b8fb1e4a91478f746cc5cc838e914232d8b8bacb56cbf9,kit_complete,full,,live-prod-2026-09-20
GBCyl5SpryBluMatt,GB-CYL-CLR-5ML-SPR-MBLU,GBCyl5SpryBluMatt,Cylinder 5 ml (0.17 oz) Clear,cylinder-5ml-clear-13-415,5ce5dec8561b5e7df75d27c561843c440adbc928c2a48ec4cebc5b4330897d6b,kit_complete,full,,live-prod-2026-09-20
GBCyl5SpryCuMatt,GB-CYL-CLR-5ML-SPR-MCPR,GBCyl5SpryCuMatt,Cylinder 5 ml (0.17 oz) Clear,cylinder-5ml-clear-13-415,7d37246383dd3157cd72053c8a22a184314defe239f995918fda1099860f3a64,kit_complete,full,,live-prod-2026-09-20
GBCyl5SpryGlMatt,GB-CYL-CLR-5ML-SPR-MGLD,GBCyl5SpryGlMatt,Cylinder 5 ml (0.17 oz) Clear,cylinder-5ml-clear-13-415,e94b86af0d98fbf8db41f49d0e8af7c1ebcc3f80b49ad7dc3235949fb73cb2e7,kit_complete,full,,live-prod-2026-09-20
GBCyl5SpryGlSh,GB-CYL-CLR-5ML-SPR-SGLD,GBCyl5SpryGlSh,Cylinder 5 ml (0.17 oz) Clear,cylinder-5ml-clear-13-415,e1ef1c889bcac9f86d84f2a8bbb7535aa2decb02cc456d6ef6eed122268b2b86,kit_complete,full,,live-prod-2026-09-20
GBCyl5SprySlMatt,GB-CYL-CLR-5ML-SPR-MSLV,GBCyl5SprySlMatt,Cylinder 5 ml (0.17 oz) Clear,cylinder-5ml-clear-13-415,4a61c9257d7df4ff6ba291e986f318c41b427544573885d5b0f08e2bcd22a591,kit_complete,full,,live-prod-2026-09-20
GBCyl5SprySlSh,GB-CYL-CLR-5ML-SPR-SSLV,GBCyl5SprySlSh,Cylinder 5 ml (0.17 oz) Clear,cylinder-5ml-clear-13-415,da26697d7525544e687a901ce871d562779d6d52b7a4310c650b718a198e14e3,kit_complete,full,,live-prod-2026-09-20
GBCyl5WhtSht,GB-CYL-WHT-5ML-WHT-S,GBCyl5WhtSht,Cylinder 5 ml (0.17 oz) Clear,cylinder-5ml-clear-13-415,33cd973f44bea137d299ae491d504bbe584c598b7c80f7094af1a32db40c4d94,kit_complete,capSplit,,live-prod-2026-09-20
GBCylBlu5BlkShSht,GB-CYL-BLU-5ML-CAP-SBLK,GBCylBlu5BlkShSht,Cylinder 5 ml (0.17 oz) Cobalt Blue,cylinder-5ml-cobalt-blue-13-415,2c1a440842346ba63e602d003fdf5075fc38a2c359d4c0736ef9f5670dc100e3,kit_complete,capSplit,,live-prod-2026-09-20
GBCylBlu5BlkSht,GB-CYL-CBL-5ML-S-01,GBCylBlu5BlkSht,Cylinder 5 ml (0.17 oz) Cobalt Blue,cylinder-5ml-cobalt-blue-13-415,cb96f610928212563b59f86d36202f89d16c9876938b1ecb1e059c2cf69de160,kit_complete,capSplit,,live-prod-2026-09-20
GBCylBlu5CuSht,GB-CYL-BLU-5ML-MCPR-S,GBCylBlu5CuSht,Cylinder 5 ml (0.17 oz) Cobalt Blue,cylinder-5ml-cobalt-blue-13-415,fe11a3879335e050c3760de58a625a6f2b29ba36e250c23f40e35b428d633b16,kit_complete,capSplit,,live-prod-2026-09-20
GBCylBlu5Gl,GB-CYL-BLU-5ML-GLD-T,GBCylBlu5Gl,Cylinder 5 ml (0.17 oz) Cobalt Blue,cylinder-5ml-cobalt-blue-13-415,1a34086ad617ae17cb1706c522fdfffbf83f8dd6218e9147d2271e4a69f3ffe0,kit_complete,capSplit,,live-prod-2026-09-20
GBCylBlu5GlMattSht,GB-CYL-BLU-5ML-MGLD-S,GBCylBlu5GlMattSht,Cylinder 5 ml (0.17 oz) Cobalt Blue,cylinder-5ml-cobalt-blue-13-415,2eb881967380bcc33e19def595eb48fad74e87883e778e5e2eba01333015e964,kit_complete,capSplit,,live-prod-2026-09-20
GBCylBlu5GlSht,GB-CYL-BLU-5ML-SGLD-S,GBCylBlu5GlSht,Cylinder 5 ml (0.17 oz) Cobalt Blue,cylinder-5ml-cobalt-blue-13-415,791d4c9b76a8b31ddd59c114d8bb765691c9122deaee80c0e846cee48e6e40bc,kit_complete,capSplit,,live-prod-2026-09-20
GBCylBlu5MtlRollBlkDot,GB-CYL-BLU-5ML-MRL-BKDT,GBCylBlu5MtlRollBlkDot,Cylinder 5 ml (0.17 oz) Cobalt Blue,cylinder-5ml-cobalt-blue-13-415,aac4412c689b0c719e2eee3fc13e372b6e32acb7a87cd7e8b86b408c59578ae6,kit_complete,capSplit,,live-prod-2026-09-20
GBCylBlu5MtlRollBlkSh,GB-CYL-BLU-5ML-MRL-SBLK,GBCylBlu5MtlRollBlkSh,Cylinder 5 ml (0.17 oz) Cobalt Blue,cylinder-5ml-cobalt-blue-13-415,bc4dea29cd66362d5a698b883813de1c3d2a2160bd41d7a965635a1e06d9f43d,kit_complete,capSplit,,live-prod-2026-09-20
GBCylBlu5MtlRollCuMatt,GB-CYL-BLU-5ML-MRL-MCPR,GBCylBlu5MtlRollCuMatt,Cylinder 5 ml (0.17 oz) Cobalt Blue,cylinder-5ml-cobalt-blue-13-415,2f234ae47154bbca7b416038042020657bdbf5a76f66008e9afdaf3f6a1b3660,kit_complete,capSplit,,live-prod-2026-09-20
GBCylBlu5MtlRollGlMatt,GB-CYL-BLU-5ML-MRL-MGLD,GBCylBlu5MtlRollGlMatt,Cylinder 5 ml (0.17 oz) Cobalt Blue,cylinder-5ml-cobalt-blue-13-415,5bfe0fe549df7b37b411371d74f5d5a991fe93462260d40a4cf251250f3ec272,kit_complete,capSplit,,live-prod-2026-09-20
GBCylBlu5MtlRollGlSh,GB-CYL-BLU-5ML-MRL-SGLD,GBCylBlu5MtlRollGlSh,Cylinder 5 ml (0.17 oz) Cobalt Blue,cylinder-5ml-cobalt-blue-13-415,1a34086ad617ae17cb1706c522fdfffbf83f8dd6218e9147d2271e4a69f3ffe0,kit_complete,capSplit,,live-prod-2026-09-20
GBCylBlu5MtlRollPinkDot,GB-CYL-BLU-5ML-MRL-PKDT,GBCylBlu5MtlRollPinkDot,Cylinder 5 ml (0.17 oz) Cobalt Blue,cylinder-5ml-cobalt-blue-13-415,842e73f2a05dc265d298cf2590b4d6d078b93c442c5cc7604809d7b0c9756669,kit_complete,capSplit,,live-prod-2026-09-20
GBCylBlu5MtlRollSlDot,GB-CYL-BLU-5ML-MRL-SLDT,GBCylBlu5MtlRollSlDot,Cylinder 5 ml (0.17 oz) Cobalt Blue,cylinder-5ml-cobalt-blue-13-415,df0cc76c519646692989693f2bc936b3acabd816314b5f557a26bc735df5648b,kit_complete,capSplit,,live-prod-2026-09-20
GBCylBlu5MtlRollSlMatt,GB-CYL-BLU-5ML-MRL-MSLV,GBCylBlu5MtlRollSlMatt,Cylinder 5 ml (0.17 oz) Cobalt Blue,cylinder-5ml-cobalt-blue-13-415,61372cc3c0876557d74818952eb3b0f60650e56e943f41f64a345d5c95ee903a,kit_complete,capSplit,,live-prod-2026-09-20
GBCylBlu5MtlRollSlSh,GB-CYL-BLU-5ML-MRL-SSLV,GBCylBlu5MtlRollSlSh,Cylinder 5 ml (0.17 oz) Cobalt Blue,cylinder-5ml-cobalt-blue-13-415,a68e1f6792eed2265dc14ff999ab560dd9c4409948cb61c966a24872e214e107,kit_complete,capSplit,,live-prod-2026-09-20
GBCylBlu5RollBlkDot,GB-CYL-BLU-5ML-ROL-BKDT,GBCylBlu5RollBlkDot,Cylinder 5 ml (0.17 oz) Cobalt Blue,cylinder-5ml-cobalt-blue-13-415,aaf1bb4b9abb9090926df92ed7c344e2247bc19aa11cb5746d965619e3b43acb,kit_complete,capSplit,,live-prod-2026-09-20
GBCylBlu5RollBlkSh,GB-CYL-BLU-5ML-ROL-SBLK,GBCylBlu5RollBlkSh,Cylinder 5 ml (0.17 oz) Cobalt Blue,cylinder-5ml-cobalt-blue-13-415,bef83c5a6221cd09b6d87027e6c2b83b515a2874e307656e8ee004dd2f100bc2,kit_complete,capSplit,,live-prod-2026-09-20
GBCylBlu5RollCuMatt,GB-CYL-BLU-5ML-ROL-MCPR,GBCylBlu5RollCuMatt,Cylinder 5 ml (0.17 oz) Cobalt Blue,cylinder-5ml-cobalt-blue-13-415,132b0833224147aad42180dd6d2e77a3634a68c0a2f01b4a0ee3a92a15f2e5dc,kit_complete,capSplit,,live-prod-2026-09-20
GBCylBlu5RollGlMatt,GB-CYL-BLU-5ML-ROL-MGLD,GBCylBlu5RollGlMatt,Cylinder 5 ml (0.17 oz) Cobalt Blue,cylinder-5ml-cobalt-blue-13-415,245bf92b428a0d476424fb8359f7fea486e71b51eab4c73532bd08dd2235f79b,kit_complete,capSplit,,live-prod-2026-09-20
GBCylBlu5RollGlSh,GB-CYL-BLU-5ML-ROL-SGLD,GBCylBlu5RollGlSh,Cylinder 5 ml (0.17 oz) Cobalt Blue,cylinder-5ml-cobalt-blue-13-415,0261392c3c6da08b67cae2357cce3a0d039f2ed20dec1cc8a6d2891cf454b807,kit_complete,capSplit,,live-prod-2026-09-20
GBCylBlu5RollPinkDot,GB-CYL-BLU-5ML-ROL-PKDT,GBCylBlu5RollPinkDot,Cylinder 5 ml (0.17 oz) Cobalt Blue,cylinder-5ml-cobalt-blue-13-415,316cf6e41cfc7b311f0be36996dae4494262a35ba6a91543146667f0850743f5,kit_complete,capSplit,,live-prod-2026-09-20
GBCylBlu5RollSlDot,GB-CYL-BLU-5ML-ROL-SLDT,GBCylBlu5RollSlDot,Cylinder 5 ml (0.17 oz) Cobalt Blue,cylinder-5ml-cobalt-blue-13-415,b787f846979b38f7828e3bf15fbed353eb02de285d69f7f2399738346aaf52e5,kit_complete,capSplit,,live-prod-2026-09-20
GBCylBlu5RollSlMatt,GB-CYL-BLU-5ML-ROL-MSLV,GBCylBlu5RollSlMatt,Cylinder 5 ml (0.17 oz) Cobalt Blue,cylinder-5ml-cobalt-blue-13-415,9a7b3f640872fa98e721e5b848a64df99aa0747c435d761274ea612ef1d9bd61,kit_complete,capSplit,,live-prod-2026-09-20
GBCylBlu5RollSlSh,GB-CYL-BLU-5ML-ROL-SSLV,GBCylBlu5RollSlSh,Cylinder 5 ml (0.17 oz) Cobalt Blue,cylinder-5ml-cobalt-blue-13-415,d0d518891d1794a06bb86e32bb51647b5f4320f3734eea605273903191302b2e,kit_complete,capSplit,,live-prod-2026-09-20
GBCylBlu5Sl,GB-CYL-BLU-5ML-SLV-T,GBCylBlu5Sl,Cylinder 5 ml (0.17 oz) Cobalt Blue,cylinder-5ml-cobalt-blue-13-415,c14cd139342cbcf94bc2d8aedbb4dbbe47d32772ae663508f2df5edf3fb2009f,kit_complete,capSplit,,live-prod-2026-09-20
GBCylBlu5SlMattSht,GB-CYL-BLU-5ML-MSLV-S,GBCylBlu5SlMattSht,Cylinder 5 ml (0.17 oz) Cobalt Blue,cylinder-5ml-cobalt-blue-13-415,5d3fb01718a4e163343665bebf6a4e0dc3b8b94c65858b5760847c7bfe6cc980,kit_complete,capSplit,,live-prod-2026-09-20
GBCylBlu5SlSht,GB-CYL-BLU-5ML-SSLV-S,GBCylBlu5SlSht,Cylinder 5 ml (0.17 oz) Cobalt Blue,cylinder-5ml-cobalt-blue-13-415,7796d9e4d75c9be39bbbf6acfef6d81378f233658fa39fcb4ce885974dc7e1a8,kit_complete,capSplit,,live-prod-2026-09-20
GBCylBlu5SpryBlkSh,GB-CYL-BLU-5ML-SPR-SBLK,GBCylBlu5SpryBlkSh,Cylinder 5 ml (0.17 oz) Cobalt Blue,cylinder-5ml-cobalt-blue-13-415,db2b5d5b51b32ce53fe50512b6e71c2de4d3b954fadcd5c750a4236aa1c6fa72,kit_complete,full,,live-prod-2026-09-20
GBCylBlu5SpryBluMatt,GB-CYL-BLU-5ML-SPR-MBLU,GBCylBlu5SpryBluMatt,Cylinder 5 ml (0.17 oz) Cobalt Blue,cylinder-5ml-cobalt-blue-13-415,309e3f57d5412ce22df1dab30f4062e7560afa08c5b9776ccfa1827e82a0b87f,kit_complete,full,,live-prod-2026-09-20
GBCylBlu5SpryCuMatt,GB-CYL-BLU-5ML-SPR-MCPR,GBCylBlu5SpryCuMatt,Cylinder 5 ml (0.17 oz) Cobalt Blue,cylinder-5ml-cobalt-blue-13-415,9435b9a18425fda799a5d90df03d28cb61f96d9f73a6ee7f571e2e619bac117a,kit_complete,full,,live-prod-2026-09-20
GBCylBlu5SpryGlMatt,GB-CYL-BLU-5ML-SPR-MGLD,GBCylBlu5SpryGlMatt,Cylinder 5 ml (0.17 oz) Cobalt Blue,cylinder-5ml-cobalt-blue-13-415,9803ce72d2427bd9578adfefd4078e38d360109f4a20377ada61c57991a924a7,kit_complete,full,,live-prod-2026-09-20
GBCylBlu5SpryGlSh,GB-CYL-BLU-5ML-SPR-SGLD,GBCylBlu5SpryGlSh,Cylinder 5 ml (0.17 oz) Cobalt Blue,cylinder-5ml-cobalt-blue-13-415,51c7820d4da152953da65d03e716052753f7a6b3d7f635ca93d473ca41fcc829,kit_complete,full,,live-prod-2026-09-20
GBCylBlu5SprySlMatt,GB-CYL-BLU-5ML-SPR-MSLV,GBCylBlu5SprySlMatt,Cylinder 5 ml (0.17 oz) Cobalt Blue,cylinder-5ml-cobalt-blue-13-415,74964793f88a8d6f664c99ed39f4af6a4855de899c46178ce18c1e5c16161f48,kit_complete,full,,live-prod-2026-09-20
GBCylBlu5SprySlSh,GB-CYL-BLU-5ML-SPR-SSLV,GBCylBlu5SprySlSh,Cylinder 5 ml (0.17 oz) Cobalt Blue,cylinder-5ml-cobalt-blue-13-415,594f7aea43e5fc1ae7db432d82b95970f29a6e206e9dca0e20c9acca421da2fe,kit_complete,full,,live-prod-2026-09-20
GBCylBlu5WhtSht,GB-CYL-CBL-5ML-S-02,GBCylBlu5WhtSht,Cylinder 5 ml (0.17 oz) Cobalt Blue,cylinder-5ml-cobalt-blue-13-415,0fbe5bfca6e4b6da2f6716b8790a3d1a219e5496f492b4a05df8a02ad2b26cfd,kit_complete,capSplit,,live-prod-2026-09-20
GBCyl5SpryBlkMatt,GB-CYL-CLR-5ML-SPR-MBLK,GBCyl5SpryBlkMatt,Cylinder 5.5 ml (1/6 oz) Clear,cylinder-5.5ml-clear-13-415,fdedce7d645fa93b9f3b11ad8e1ede58d3d72398bc76319fdda47ac146fd1a70,kit_complete,full,,live-prod-2026-09-20
GBCyl50AnSpBlk,GB-CYL-CLR-50ML-ASP-BLK,GBCyl50AnSpBlk,Cylinder 50 ml (1.69 oz) Clear,cylinder-50ml-clear-18-415,690f590478fb63aafcda235135fbaffb8affdf9bdef1eef4df283934f60c72a6,kit_complete,full,,live-prod-2026-09-20
GBCyl50AnSpGl,GB-CYL-CLR-50ML-ASP-GLD,GBCyl50AnSpGl,Cylinder 50 ml (1.69 oz) Clear,cylinder-50ml-clear-18-415,372c36dce2544894810f3fd9f5d696207f9e9068447bee0f44b316fd5f501bd5,kit_complete,full,,live-prod-2026-09-20
GBCyl50AnSpIvyGl,GB-CYL-CLR-50ML-ASP-IVGD,GBCyl50AnSpIvyGl,Cylinder 50 ml (1.69 oz) Clear,cylinder-50ml-clear-18-415,3c63b3e4465c8c5fa1ceac7530a6dabcf5f9a9fcbd3c6c0361dcbd3b4a1adfb1,kit_complete,full,,live-prod-2026-09-20
GBCyl50AnSpIvySl,GB-CYL-CLR-50ML-ASP-IVSL,GBCyl50AnSpIvySl,Cylinder 50 ml (1.69 oz) Clear,cylinder-50ml-clear-18-415,73c0621b39c6febc1df048b5e0e40e2b310f54c3d46dbf395b4a67480d7e9de5,kit_complete,full,,live-prod-2026-09-20
GBCyl50AnSpLvn,GB-CYL-CLR-50ML-ASP-LVN,GBCyl50AnSpLvn,Cylinder 50 ml (1.69 oz) Clear,cylinder-50ml-clear-18-415,80565e917e57b90c7ded801dddc1882d54bac69a62149e89ae2826993ca9ccaf,kit_complete,full,,live-prod-2026-09-20
GBCyl50AnSpMtSl,GB-CYL-CLR-50ML-ASP-MSLV,GBCyl50AnSpMtSl,Cylinder 50 ml (1.69 oz) Clear,cylinder-50ml-clear-18-415,0589f69a642e3a3ac46d514ae697587bc1c8ffde6712cd861847c455fbc1f579,kit_complete,full,,live-prod-2026-09-20
GBCyl50AnSpPnk,GB-CYL-CLR-50ML-ASP-PNK,GBCyl50AnSpPnk,Cylinder 50 ml (1.69 oz) Clear,cylinder-50ml-clear-18-415,e6431dfd01f74d2206a64498a98291241414f04a4a3433cf86ac9e3883c8cee5,kit_complete,full,,live-prod-2026-09-20
GBCyl50AnSpRed,GB-CYL-CLR-50ML-ASP-RED,GBCyl50AnSpRed,Cylinder 50 ml (1.69 oz) Clear,cylinder-50ml-clear-18-415,e71c3f3dac1ec138650c6fa843a51559bd0cef2e88dd41190688cff41905f5ae,kit_complete,full,,live-prod-2026-09-20
GBCyl50AnSpTslBlk,GB-CYL-CLR-50ML-AST-BLK,GBCyl50AnSpTslBlk,Cylinder 50 ml (1.69 oz) Clear,cylinder-50ml-clear-18-415,bc4ab25d57a94ff44464a3d05442efe34715bda0012e82b85c5c74fb090d568f,kit_complete,full,,live-prod-2026-09-20
GBCyl50AnSpTslGl,GB-CYL-CLR-50ML-AST-GLD,GBCyl50AnSpTslGl,Cylinder 50 ml (1.69 oz) Clear,cylinder-50ml-clear-18-415,86385b15745e16255cccdb65b121500c99c3b6b6018b31dd80be6276499448ad,kit_complete,full,,live-prod-2026-09-20
GBCyl50AnSpTslIvyGl,GB-CYL-CLR-50ML-AST-IVGD,GBCyl50AnSpTslIvyGl,Cylinder 50 ml (1.69 oz) Clear,cylinder-50ml-clear-18-415,01e712c3d727f63f4b2f07cb243b9fc175877841d5505b493dad442080f1c587,kit_complete,full,,live-prod-2026-09-20
GBCyl50AnSpTslIvySl,GB-CYL-CLR-50ML-AST-IVSL,GBCyl50AnSpTslIvySl,Cylinder 50 ml (1.69 oz) Clear,cylinder-50ml-clear-18-415,d9498802a84f1a07780c2f8062090b136ca90402ce3c43774b2bebf4e828cd8f,kit_complete,full,,live-prod-2026-09-20
GBCyl50AnSpTslLvn,GB-CYL-CLR-50ML-AST-LVN,GBCyl50AnSpTslLvn,Cylinder 50 ml (1.69 oz) Clear,cylinder-50ml-clear-18-415,327035c52757b1d232fe326ea65db38fee77ab2397021be439904d3b550eee61,kit_complete,full,,live-prod-2026-09-20
GBCyl50AnSpTslMtSl,GB-CYL-CLR-50ML-AST-MSLV,GBCyl50AnSpTslMtSl,Cylinder 50 ml (1.69 oz) Clear,cylinder-50ml-clear-18-415,cafb39111ceec2d05770004e823d59f6fdfb12dc920feccc8e2e5337ffecd521,kit_complete,full,,live-prod-2026-09-20
GBCyl50AnSpTslPnk,GB-CYL-CLR-50ML-AST-PNK,GBCyl50AnSpTslPnk,Cylinder 50 ml (1.69 oz) Clear,cylinder-50ml-clear-18-415,5445a692b1981c5a0bb4e3f9647a0797e22f1263665b886df5efcc74ebb018aa,kit_complete,full,,live-prod-2026-09-20
GBCyl50AnSpTslRed,GB-CYL-CLR-50ML-AST-RED,GBCyl50AnSpTslRed,Cylinder 50 ml (1.69 oz) Clear,cylinder-50ml-clear-18-415,506db8291ff72267256faf8e3f3135a9922b2537e809a2a4eb0250525eb363e6,kit_complete,full,,live-prod-2026-09-20
GBCyl50AnSpTslWht,GB-CYL-CLR-50ML-AST-WHT,GBCyl50AnSpTslWht,Cylinder 50 ml (1.69 oz) Clear,cylinder-50ml-clear-18-415,59871d8f675bf3b121674e7831e96e1c63eaf53ac442e601f1e572100af2f119,kit_complete,full,,live-prod-2026-09-20
GBCyl50AnSpWht,GB-CYL-CLR-50ML-ASP-WHT,GBCyl50AnSpWht,Cylinder 50 ml (1.69 oz) Clear,cylinder-50ml-clear-18-415,0af874ac5a2685749d99916379b856155feba10388b2ffe957cf977144045678,kit_complete,full,,live-prod-2026-09-20
GBCyl50MtlRollBlk,GB-CYL-BLK-50ML-MRL-BLK,GBCyl50MtlRollBlk,Cylinder 50 ml (1.69 oz) Clear,cylinder-50ml-clear-16mm,7a6e1d385b13f64f62f7cf81344e3b02c2d000aa015e596fb9d717ef31bf592e,kit_complete,full,,live-prod-2026-09-20
GBCyl50MtlRollWht,GB-CYL-WHT-50ML-MRL-WHT,GBCyl50MtlRollWht,Cylinder 50 ml (1.69 oz) Clear,cylinder-50ml-clear-16mm,f76067ffb6ccfddd403fac62cdb5d73f63216e48b8a1f03db11b066e60dca7da,kit_complete,full,,live-prod-2026-09-20
GBCyl50RdcrBlkLthr,GB-CYL-CLR-50ML-RDC-BKLT,GBCyl50RdcrBlkLthr,Cylinder 50 ml (1.69 oz) Clear,cylinder-50ml-clear-18-415,a190daade148335c982bb03f6c734ec7c3c4e51b6eee311e52a1a2779a7b2f5c,kit_complete,capSplit,,live-prod-2026-09-20
GBCyl50RdcrBrwnLthr,GB-CYL-CLR-50ML-RDC-BRLT,GBCyl50RdcrBrwnLthr,Cylinder 50 ml (1.69 oz) Clear,cylinder-50ml-clear-18-415,7eed0e8e15ea47f35261140e27caa1cf257ee941e79116da71efa73a7e07624f,kit_complete,capSplit,,live-prod-2026-09-20
GBCyl50RdcrIvyLthr,GB-CYL-CLR-50ML-RDC-IVLT,GBCyl50RdcrIvyLthr,Cylinder 50 ml (1.69 oz) Clear,cylinder-50ml-clear-18-415,56a8eb9199ebe435c4e0fa9eb46c9ad2f3ac17b1e3d19f3289ee74b54567474a,kit_complete,capSplit,,live-prod-2026-09-20
GBCyl50RdcrLBrwnLthr,GB-CYL-CLR-50ML-RDC-LBLT,GBCyl50RdcrLBrwnLthr,Cylinder 50 ml (1.69 oz) Clear,cylinder-50ml-clear-18-415,7912327344267193d2a664b49eb0221b12cf4a0b0975b5f9c06c3a6151c57210,kit_complete,capSplit,,live-prod-2026-09-20
GBCyl50RdcrMtSl,GB-CYL-CLR-50ML-RDC-MSLV,GBCyl50RdcrMtSl,Cylinder 50 ml (1.69 oz) Clear,cylinder-50ml-clear-18-415,aa79a483dda058fde7f62cf3248d400aa11db5f8464bfebcd567f54bb5296d2e,kit_complete,capSplit,,live-prod-2026-09-20
GBCyl50RdcrMtSlTall,GB-CYL-CLR-50ML-RDC-MSLV-T,GBCyl50RdcrMtSlTall,Cylinder 50 ml (1.69 oz) Clear,cylinder-50ml-clear-18-415,1a89572896e5ed3cc532894ed981aaa8a2de91f3d1a0f3993e2a34200eea065f,kit_complete,capSplit,,live-prod-2026-09-20
GBCyl50RdcrPnkLthr,GB-CYL-CLR-50ML-RDC-PKLT,GBCyl50RdcrPnkLthr,Cylinder 50 ml (1.69 oz) Clear,cylinder-50ml-clear-18-415,f0d31b7d5a486e5f7d8f7d147c5423b611a457eab82c3bf2c2ae6ac0fb40d469,kit_complete,capSplit,,live-prod-2026-09-20
GBCyl50RdcrShnBlk,GB-CYL-CLR-50ML-RDC-SBLK,GBCyl50RdcrShnBlk,Cylinder 50 ml (1.69 oz) Clear,cylinder-50ml-clear-18-415,ca9715710f4e82a25d316ea2c2575dd206790ad6d35f566ad137f97fba02ea4d,kit_complete,capSplit,,live-prod-2026-09-20
GBCyl50RdcrShnBlkTall,GB-CYL-CLR-50ML-RDC-SBLK-T,GBCyl50RdcrShnBlkTall,Cylinder 50 ml (1.69 oz) Clear,cylinder-50ml-clear-18-415,4785d3abc5e6abbd465c70138cbae4226887879c9e4e36fef95418981dc1c4e7,kit_complete,capSplit,,live-prod-2026-09-20
GBCyl50RdcrShnGl,GB-CYL-CLR-50ML-RDC-SGLD,GBCyl50RdcrShnGl,Cylinder 50 ml (1.69 oz) Clear,cylinder-50ml-clear-18-415,f717a99eb23d3c1669ef8b486810923dd05aff93310e9814034c801829d1ece7,kit_complete,capSplit,,live-prod-2026-09-20
GBCyl50RdcrShnSl,GB-CYL-CLR-50ML-RDC-SSLV,GBCyl50RdcrShnSl,Cylinder 50 ml (1.69 oz) Clear,cylinder-50ml-clear-18-415,5394d5c7c58200a949bad0ba4b7cd63df5398b858282e039e35ccbc700cafc14,kit_complete,capSplit,,live-prod-2026-09-20
GBCyl50RdcrWht,GB-CYL-CLR-50ML-RDC-WHT,GBCyl50RdcrWht,Cylinder 50 ml (1.69 oz) Clear,cylinder-50ml-clear-18-415,177a91bc05d8f77f231620120636ab1ef37d35bb6a8dbbc8ce6c8a092850baaa,kit_complete,capSplit,,live-prod-2026-09-20
GBCyl50RollBlk,GB-CYL-BLK-50ML-ROL-BLK,GBCyl50RollBlk,Cylinder 50 ml (1.69 oz) Clear,cylinder-50ml-clear-16mm,27c5ec8a425c742c9152d911f5735e9e66fd8a81b67d2cf1fbeb2c750e3a743f,kit_complete,full,,live-prod-2026-09-20
GBCyl50RollWht,GB-CYL-WHT-50ML-ROL-WHT,GBCyl50RollWht,Cylinder 50 ml (1.69 oz) Clear,cylinder-50ml-clear-16mm,f5317ce279475bed29eb0e62952614e752a307b76c5b79b45bc9fee14fe49863,kit_complete,full,,live-prod-2026-09-20
GBCyl50SpryCu,GB-CYL-CLR-50ML-SPR-CPR,GBCyl50SpryCu,Cylinder 50 ml (1.69 oz) Clear,cylinder-50ml-clear-18-415,b8c45f68d7d2ed41bbc49e2d7937ac4a75939214a2acf37e77b908be9cd13be7,kit_complete,full,,live-prod-2026-09-20
GBCyl50SpryMtGl,GB-CYL-CLR-50ML-SPR-MGLD,GBCyl50SpryMtGl,Cylinder 50 ml (1.69 oz) Clear,cylinder-50ml-clear-18-415,a47a6199e2a98327fd03274019cc1a36b663ee766c66132d1d118a61e96c8853,kit_complete,full,,live-prod-2026-09-20
GBCyl50SpryMtSl,GB-CYL-CLR-50ML-SPR-MSLV,GBCyl50SpryMtSl,Cylinder 50 ml (1.69 oz) Clear,cylinder-50ml-clear-18-415,59a8ca88de406b4dca4e4acefd625ec40faf1139ffce61ef15278cf3e3cd1bb4,kit_complete,full,,live-prod-2026-09-20
GBCyl50SpryShnBlk,GB-CYL-CLR-50ML-SPR-SBLK,GBCyl50SpryShnBlk,Cylinder 50 ml (1.69 oz) Clear,cylinder-50ml-clear-18-415,83452c60228eb94cccfbbc91cde15ad1992cd96171d7d4e9ac7bdeefca8f7d45,kit_complete,full,,live-prod-2026-09-20
GBCyl50SpryShnGl,GB-CYL-CLR-50ML-SPR-SGLD,GBCyl50SpryShnGl,Cylinder 50 ml (1.69 oz) Clear,cylinder-50ml-clear-18-415,517ce60acca3b51906dbae6e99280dfd0bbaa56f2a74e816f68b450f68e4c596,kit_complete,full,,live-prod-2026-09-20
GBCyl50SpryShnSl,GB-CYL-CLR-50ML-SPR-SSLV,GBCyl50SpryShnSl,Cylinder 50 ml (1.69 oz) Clear,cylinder-50ml-clear-18-415,ac590007ff0bc2e8ba31ba32cea3ea36cf070fe28a3449eada68b60c7c470280,kit_complete,full,,live-prod-2026-09-20
LBCyl50LtnClOvrCap,LB-CYL-CLR-50ML-LPM-COCP,LBCyl50LtnClOvrCap,Cylinder 50 ml (1.69 oz) Clear,cylinder-50ml-clear-18-415,0a4bc7908ad91d23907c1719660819d41a73556b0886bd01e7bfe3d066445b98,kit_complete,full,,live-prod-2026-09-20
LBCyl50LtnCu,LB-CYL-CLR-50ML-LPM-CPR,LBCyl50LtnCu,Cylinder 50 ml (1.69 oz) Clear,cylinder-50ml-clear-18-415,b82a6a6ad668ec4ccf2fb430dbb9b4e35fb8a26d680c7d31842a5146fffebc7a,kit_complete,full,,live-prod-2026-09-20
LBCyl50LtnMtGl,LB-CYL-CLR-50ML-LPM-MGLD,LBCyl50LtnMtGl,Cylinder 50 ml (1.69 oz) Clear,cylinder-50ml-clear-18-415,9d210105f2451b7c8bb8b8421154a464f8badbbfbcc326fbb9ee45a490a28841,kit_complete,full,,live-prod-2026-09-20
LBCyl50LtnMtSl,LB-CYL-CLR-50ML-LPM-MSLV,LBCyl50LtnMtSl,Cylinder 50 ml (1.69 oz) Clear,cylinder-50ml-clear-18-415,50297d508212a0a264df4edc8ede5c33bac8384f7fcb52fc61cced6d4be8759b,kit_complete,full,,live-prod-2026-09-20
LBCyl50LtnShnBlk,LB-CYL-CLR-50ML-LPM-SBLK,LBCyl50LtnShnBlk,Cylinder 50 ml (1.69 oz) Clear,cylinder-50ml-clear-18-415,73fc6a310ed896219150b37037edf3961b0c0eaa9f94877f55f81e3672c68630,kit_complete,full,,live-prod-2026-09-20
LBCyl50LtnShnGl,LB-CYL-CLR-50ML-LPM-SGLD,LBCyl50LtnShnGl,Cylinder 50 ml (1.69 oz) Clear,cylinder-50ml-clear-18-415,c6779f25727e1f3a285276c33bfe49bc78c66c77b55a31b4c8aa89968645dce0,kit_complete,full,,live-prod-2026-09-20
LBCyl50LtnShnSl,LB-CYL-CLR-50ML-LPM-SSLV,LBCyl50LtnShnSl,Cylinder 50 ml (1.69 oz) Clear,cylinder-50ml-clear-18-415,d796843fa6cc4320cc1cff00e46f7aa7c94b6f5370687d65159b074d10835d8b,kit_complete,full,,live-prod-2026-09-20
GBCylAmb9MtlRollBlkDot,GB-CYL-AMB-9ML-MRL-BKDT,GBCylAmb9MtlRollBlkDot,Cylinder 9 ml (0.3 oz) Amber,cylinder-9ml-amber-17-415,cfe181bb370737f4aa032cc16c0b52a2de8d4f908bdb582341607b44eeeac762,kit_complete,full,,live-prod-2026-09-20
GBCylAmb9MtlRollMattCu,GB-CYL-AMB-9ML-MRL-MCPR,GBCylAmb9MtlRollMattCu,Cylinder 9 ml (0.3 oz) Amber,cylinder-9ml-amber-17-415,de2939d3e46f5859dab91a53084b05b82a6466377a0c32eeee4f7ae308f43a91,kit_complete,full,,live-prod-2026-09-20
GBCylAmb9MtlRollMattGl,GB-CYL-AMB-9ML-MRL-MGLD,GBCylAmb9MtlRollMattGl,Cylinder 9 ml (0.3 oz) Amber,cylinder-9ml-amber-17-415,950a98b27d3d02a4e4405cd898282488ecd48a263fdc8865129cd69a6e8b1720,kit_complete,full,,live-prod-2026-09-20
GBCylAmb9MtlRollMattSl,GB-CYL-AMB-9ML-MRL-MSLV,GBCylAmb9MtlRollMattSl,Cylinder 9 ml (0.3 oz) Amber,cylinder-9ml-amber-17-415,bbf04a855c3d918d046c8243dfdd6eb9844c8a7b6dca87386ff11f41ae060cb7,kit_complete,full,,live-prod-2026-09-20
GBCylAmb9MtlRollPnkDot,GB-CYL-AMB-9ML-MRL-PKDT,GBCylAmb9MtlRollPnkDot,Cylinder 9 ml (0.3 oz) Amber,cylinder-9ml-amber-17-415,5ddff60f862a56d047162a62df8aa640c227e494a0f1830b9549b9c94ad3dbf9,kit_complete,full,,live-prod-2026-09-20
GBCylAmb9MtlRollShBlk,GB-CYL-AMB-9ML-MRL-SBLK,GBCylAmb9MtlRollShBlk,Cylinder 9 ml (0.3 oz) Amber,cylinder-9ml-amber-17-415,dda59238ccdb896b882a000c733a743500fbf945eebcc180bb70e0343a945690,kit_complete,full,,live-prod-2026-09-20
GBCylAmb9MtlRollShnGl,GB-CYL-AMB-9ML-MRL-SGLD,GBCylAmb9MtlRollShnGl,Cylinder 9 ml (0.3 oz) Amber,cylinder-9ml-amber-17-415,c798727b5f9d2fb3d3fc722f21ff20c3f9cceca1eae36058aa3b892eb009be13,kit_complete,full,,live-prod-2026-09-20
GBCylAmb9MtlRollShnSl,GB-CYL-AMB-9ML-MRL-SSLV,GBCylAmb9MtlRollShnSl,Cylinder 9 ml (0.3 oz) Amber,cylinder-9ml-amber-17-415,ee0c0c69e08d8c649eb24f1f991624a7208d3bfef626e996a5517f3f414b8a64,kit_complete,full,,live-prod-2026-09-20
GBCylAmb9MtlRollSlDot,GB-CYL-AMB-9ML-MRL-SLDT,GBCylAmb9MtlRollSlDot,Cylinder 9 ml (0.3 oz) Amber,cylinder-9ml-amber-17-415,d59c119a796699461b4b48e10d288ef3bb9a4a99ff18b3c3fd23448d25487496,kit_complete,full,,live-prod-2026-09-20
GBCylAmb9MtlRollWht,GB-CYL-AMB-9ML-MRL-WHT,GBCylAmb9MtlRollWht,Cylinder 9 ml (0.3 oz) Amber,cylinder-9ml-amber-17-415,fcb41e3b241018a9cdad25606c0b0cfee8ccbb06b40477433a4a621ff026fe25,kit_complete,full,,live-prod-2026-09-20
GBCylAmb9RollBlkDot,GB-CYL-AMB-9ML-ROL-BKDT,GBCylAmb9RollBlkDot,Cylinder 9 ml (0.3 oz) Amber,cylinder-9ml-amber-17-415,d8f73345fee83e5d6e4f9c70ba8f3d0f715e16a07a6efc8e97cd275f33c7dfc0,kit_complete,full,,live-prod-2026-09-20
GBCylAmb9RollMattCu,GB-CYL-AMB-9ML-ROL-MCPR,GBCylAmb9RollMattCu,Cylinder 9 ml (0.3 oz) Amber,cylinder-9ml-amber-17-415,475a93e09518b98a3fc86eff655052f396c6238e94f973fb9ad1ae1514a456a6,kit_complete,full,,live-prod-2026-09-20
GBCylAmb9RollMattGl,GB-CYL-AMB-9ML-ROL-MGLD,GBCylAmb9RollMattGl,Cylinder 9 ml (0.3 oz) Amber,cylinder-9ml-amber-17-415,3c2aee1780395032eb05c524b53df15a5d3075fa486ea6309bd203ee56624674,kit_complete,full,,live-prod-2026-09-20
GBCylAmb9RollMattSl,GB-CYL-AMB-9ML-ROL-MSLV,GBCylAmb9RollMattSl,Cylinder 9 ml (0.3 oz) Amber,cylinder-9ml-amber-17-415,dc55a37593ec8618a8d48ea26e601cb12137675f5c11635f4b4ed480b7c0b92a,kit_complete,full,,live-prod-2026-09-20
GBCylAmb9RollPnkDot,GB-CYL-AMB-9ML-ROL-PKDT,GBCylAmb9RollPnkDot,Cylinder 9 ml (0.3 oz) Amber,cylinder-9ml-amber-17-415,3a294d48ab134a98891301111384ea57c2c4a782a189fa8a05a32e35af5cb46a,kit_complete,full,,live-prod-2026-09-20
GBCylAmb9RollShBlk,GB-CYL-AMB-9ML-ROL-SBLK,GBCylAmb9RollShBlk,Cylinder 9 ml (0.3 oz) Amber,cylinder-9ml-amber-17-415,a94a65bb8e5432a7f10ff2e6e38bfbdff7f28d715560ce6750c336beb9cfe161,kit_complete,full,,live-prod-2026-09-20
GBCylAmb9RollShnGl,GB-CYL-AMB-9ML-ROL-SGLD,GBCylAmb9RollShnGl,Cylinder 9 ml (0.3 oz) Amber,cylinder-9ml-amber-17-415,019d39af9ad4205ad0df4c3cab57258af14d35e091a60573ac96473c455d45e2,kit_complete,full,,live-prod-2026-09-20
GBCylAmb9RollShnSl,GB-CYL-AMB-9ML-ROL-SSLV,GBCylAmb9RollShnSl,Cylinder 9 ml (0.3 oz) Amber,cylinder-9ml-amber-17-415,7d75481bfafa0ccfe8dac6e37b61ffd99ecebc6ca27781c58d33ade0e990b00b,kit_complete,full,,live-prod-2026-09-20
GBCylAmb9RollSlDot,GB-CYL-AMB-9ML-ROL-SLDT,GBCylAmb9RollSlDot,Cylinder 9 ml (0.3 oz) Amber,cylinder-9ml-amber-17-415,89fdad1d6b246ad1320160c81b26dcd690a0af3dfd506f8473a5221e8a1474e6,kit_complete,full,,live-prod-2026-09-20
GBCylAmb9RollWht,GB-CYL-AMB-9ML-ROL-WHT,GBCylAmb9RollWht,Cylinder 9 ml (0.3 oz) Amber,cylinder-9ml-amber-17-415,f80959de17d142c332555c38689a62b3b7ad6446b726655ba5d3039130855632,kit_complete,full,,live-prod-2026-09-20
GBCylAmb9SpryBlk,GB-CYL-AMB-9ML-SPR-BLK,GBCylAmb9SpryBlk,Cylinder 9 ml (0.3 oz) Amber,cylinder-9ml-amber-17-415,6566579ded3eaac38a381a8bf2d75b8f8f60e9c87166d70b07d45656b266b39a,kit_complete,full,,live-prod-2026-09-20
GBCylAmb9SpryGl,GB-CYL-AMB-9ML-SPR-GLD,GBCylAmb9SpryGl,Cylinder 9 ml (0.3 oz) Amber,cylinder-9ml-amber-17-415,5b8aa4bbbe7d6503e2cce4a185102d3b69ce34ddcaad7ccbb385016693954c61,kit_complete,full,,live-prod-2026-09-20
GBCylAmb9SpryMattSl,GB-CYL-AMB-9ML-SPR-MSLV,GBCylAmb9SpryMattSl,Cylinder 9 ml (0.3 oz) Amber,cylinder-9ml-amber-17-415,bf175bbaa2c2f17c00348e26d822e0dd048c5a73ad89a37ee2ef6071ded89af9,kit_complete,full,,live-prod-2026-09-20
GBCylAmb9SpryRd,GB-CYL-AMB-9ML-SPR-RED,GBCylAmb9SpryRd,Cylinder 9 ml (0.3 oz) Amber,cylinder-9ml-amber-17-415,9d7f029a5d327ba969c7792fb533375efdfd023fff4f222066904071945cdd29,kit_complete,full,,live-prod-2026-09-20
GBCylAmb9SpryShSl,GB-CYL-AMB-9ML-SPR-SSLV,GBCylAmb9SpryShSl,Cylinder 9 ml (0.3 oz) Amber,cylinder-9ml-amber-17-415,58bb35fae7cd88d085b8c1d9f0115b568f5a985e948da165563be2415e945ffd,kit_complete,full,,live-prod-2026-09-20
GBCylAmb9SpryTur,GB-CYL-AMB-9ML-SPR-TRQ,GBCylAmb9SpryTur,Cylinder 9 ml (0.3 oz) Amber,cylinder-9ml-amber-17-415,48c811ebfe3b939879e08c4cebdc1a33ac018ba5b4a0d84b39264e7b66113ef2,kit_complete,full,,live-prod-2026-09-20
LBCylAmb9LtnBlk,LB-CYL-AMB-9ML-LPM-BLK,LBCylAmb9LtnBlk,Cylinder 9 ml (0.3 oz) Amber,cylinder-9ml-amber-17-415,2056583b6b1cdd3ebcc64c12b4c0d351efc444ead9a297e2fdd942df870733c8,kit_complete,full,,live-prod-2026-09-20
LBCylAmb9LtnGl,LB-CYL-AMB-9ML-LPM-GLD,LBCylAmb9LtnGl,Cylinder 9 ml (0.3 oz) Amber,cylinder-9ml-amber-17-415,af9d74d97da8ba4100694be9fb8c50f10d1659f2d0fbb9a33a375d85e71430e7,kit_complete,full,,live-prod-2026-09-20
LBCylAmb9LtnMtSl,LB-CYL-AMB-9ML-LPM-MSLV,LBCylAmb9LtnMtSl,Cylinder 9 ml (0.3 oz) Amber,cylinder-9ml-amber-17-415,29d3dd4f90ff5ef9febb88b469f12c114bbb360f24315c8ee28d04f66b191a12,kit_complete,full,,live-prod-2026-09-20
GBCyl9MtlRollBlkDot,GB-CYL-CLR-9ML-T-02,GBCyl9MtlRollBlkDot,Cylinder 9 ml (0.3 oz) Clear,cylinder-9ml-clear-17-415,f4d457b4a43ee00db1ff923d54b162303adc808894cbb2270875919b2e275623,kit_complete,full,,live-prod-2026-09-20
GBCyl9MtlRollMattCu,GB-CYL-CLR-9ML-T-03,GBCyl9MtlRollMattCu,Cylinder 9 ml (0.3 oz) Clear,cylinder-9ml-clear-17-415,9ae6065851ed13fe9e54d384e5344be215d15e113c363b0613c526bf5f15f363,kit_complete,full,,live-prod-2026-09-20
GBCyl9MtlRollMattGl,GB-CYL-CLR-9ML-T-04,GBCyl9MtlRollMattGl,Cylinder 9 ml (0.3 oz) Clear,cylinder-9ml-clear-17-415,8082ad1a5b10ccdf854115566614326b9b3823ded6e7cc2c3ff51725de56b319,kit_complete,full,,live-prod-2026-09-20
GBCyl9MtlRollMattSl,GB-CYL-CLR-9ML-MRL-MSLV-01,GBCyl9MtlRollMattSl,Cylinder 9 ml (0.3 oz) Clear,cylinder-9ml-clear-17-415,4b02c75b08152d362c50a8edcc0440675f6675ac75f6b248f61a4b0f48e0be69,kit_complete,full,,live-prod-2026-09-20
GBCyl9MtlRollPnkDot,GB-CYL-CLR-9ML-T-05,GBCyl9MtlRollPnkDot,Cylinder 9 ml (0.3 oz) Clear,cylinder-9ml-clear-17-415,cc9d08571e0e87fa85f53b13f7f82a6adbc22a5fdd3af81bc1498c089c676eef,kit_complete,full,,live-prod-2026-09-20
GBCyl9MtlRollShBlk,GB-CYL-CLR-9ML-T-06,GBCyl9MtlRollShBlk,Cylinder 9 ml (0.3 oz) Clear,cylinder-9ml-clear-17-415,a6894e36117ed46c378209b4842ad55e8c69f5a5fe7c75a63a99de880f19360b,kit_complete,full,,live-prod-2026-09-20
GBCyl9MtlRollShnGl,GB-CYL-CLR-9ML-T-07,GBCyl9MtlRollShnGl,Cylinder 9 ml (0.3 oz) Clear,cylinder-9ml-clear-17-415,4362345644b2d8002cd3e523b003801924ec364e8df881ecc041b6c3c513efa1,kit_complete,full,,live-prod-2026-09-20
GBCyl9MtlRollShnSl,GB-CYL-CLR-9ML-T-08,GBCyl9MtlRollShnSl,Cylinder 9 ml (0.3 oz) Clear,cylinder-9ml-clear-17-415,437688cf5df65ed6cb4e7b63046bdcca743fe9a71cd35d2583c5b0a8d2adee0a,kit_complete,full,,live-prod-2026-09-20
GBCyl9MtlRollSlDot,GB-CYL-CLR-9ML-T-09,GBCyl9MtlRollSlDot,Cylinder 9 ml (0.3 oz) Clear,cylinder-9ml-clear-17-415,8d306fab7768d36a2f3eaf330ab769c87ea3cfca95e224df3dfce46aab9d90e1,kit_complete,full,,live-prod-2026-09-20
GBCyl9MtlRollWht,GB-CYL-CLR-9ML-T-10,GBCyl9MtlRollWht,Cylinder 9 ml (0.3 oz) Clear,cylinder-9ml-clear-17-415,a4d297ecfb7dcbe2765ba40ac161142808844b46dea9bf4a2ed7ad165c0fa569,kit_complete,full,,live-prod-2026-09-20
GBCyl9RollBlkDot,GB-CYL-CLR-9ML-T-11,GBCyl9RollBlkDot,Cylinder 9 ml (0.3 oz) Clear,cylinder-9ml-clear-17-415,5e404f965bfcf89991446aeb8ba185b3e796af4da21e9035c286a0cde52ce96e,no_kit,,No productKits row served for current published plate (forSkus null),live-prod-2026-09-20
GBCyl9RollMattCu,GB-CYL-CLR-9ML-T-12,GBCyl9RollMattCu,Cylinder 9 ml (0.3 oz) Clear,cylinder-9ml-clear-17-415,d7db2009e158122fda9891b249db1b00c89eeaf474f6c0c1875e3621ec330200,kit_complete,full,,live-prod-2026-09-20
GBCyl9RollMattGl,GB-CYL-CLR-9ML-T-13,GBCyl9RollMattGl,Cylinder 9 ml (0.3 oz) Clear,cylinder-9ml-clear-17-415,2535d92bd039121561de003239f143fa7b473058ae15431d59657b7d67ec8b32,kit_complete,full,,live-prod-2026-09-20
GBCyl9RollMattSl,GB-CYL-CLR-9ML-T-14,GBCyl9RollMattSl,Cylinder 9 ml (0.3 oz) Clear,cylinder-9ml-clear-17-415,26afb736fe4cb4cfb25ada4548f381da939991590b6a70e82be81999a91ac032,kit_complete,full,,live-prod-2026-09-20
GBCyl9RollPnkDot,GB-CYL-CLR-9ML-T-15,GBCyl9RollPnkDot,Cylinder 9 ml (0.3 oz) Clear,cylinder-9ml-clear-17-415,bd056cac0f1f37d7b21816d2faa7a2ff58acb5e5d876d8082b32d31832deb590,no_kit,,No productKits row served for current published plate (forSkus null),live-prod-2026-09-20
GBCyl9RollShBlk,GB-CYL-CLR-9ML-T-16,GBCyl9RollShBlk,Cylinder 9 ml (0.3 oz) Clear,cylinder-9ml-clear-17-415,d74862d1cd55e9424100d0ee88540b1fb23425c118ebf225373fe55ac21d2e00,kit_complete,full,,live-prod-2026-09-20
GBCyl9RollShnGl,GB-CYL-CLR-9ML-T-17,GBCyl9RollShnGl,Cylinder 9 ml (0.3 oz) Clear,cylinder-9ml-clear-17-415,2d1fa0dcad5bff5fd41a38fd82c9e8c592caebb867cb13706bbb34f92466f8c6,kit_complete,full,,live-prod-2026-09-20
GBCyl9RollShnSl,GB-CYL-CLR-9ML-T-18,GBCyl9RollShnSl,Cylinder 9 ml (0.3 oz) Clear,cylinder-9ml-clear-17-415,7870f1ced4b0a24e6b7cea9be3e108579a917392f52d6ece0970922a35e83197,kit_complete,full,,live-prod-2026-09-20
GBCyl9RollSlDot,GB-CYL-CLR-9ML-T-19,GBCyl9RollSlDot,Cylinder 9 ml (0.3 oz) Clear,cylinder-9ml-clear-17-415,08bbf1f700f490b349335661c63157d793a8240637cfc1467cfa1c1dcfb46a6f,kit_complete,full,,live-prod-2026-09-20
GBCyl9RollWht,GB-CYL-CLR-9ML-T-20,GBCyl9RollWht,Cylinder 9 ml (0.3 oz) Clear,cylinder-9ml-clear-17-415,8e7840d214ad4e3ce0b0d7ee7d74f91722a458ac2f2714dfb59db67f512c9b41,kit_complete,full,,live-prod-2026-09-20
GBCyl9SpryBlk,GB-CYL-CLR-9ML-T-21,GBCyl9SpryBlk,Cylinder 9 ml (0.3 oz) Clear,cylinder-9ml-clear-17-415,f0620ab49b262d1d90753317ceacfc82a4ce0a003dcb661fb85bf2efe59633b3,kit_complete,full,,live-prod-2026-09-20
GBCyl9SpryGl,GB-CYL-CLR-9ML-T-22,GBCyl9SpryGl,Cylinder 9 ml (0.3 oz) Clear,cylinder-9ml-clear-17-415,1376028a69d053be1f01192a63933087bcb955eac203f90034724277869f52c0,kit_complete,full,,live-prod-2026-09-20
GBCyl9SpryMattSl,GB-CYL-CLR-9ML-T-23,GBCyl9SpryMattSl,Cylinder 9 ml (0.3 oz) Clear,cylinder-9ml-clear-17-415,c0288afc1077b9b7e4ca2d6e14254e2cc53da6a05ec5184f83b8b69c268f8f83,kit_complete,full,,live-prod-2026-09-20
GBCyl9SpryRd,GB-CYL-CLR-9ML-T-24,GBCyl9SpryRd,Cylinder 9 ml (0.3 oz) Clear,cylinder-9ml-clear-17-415,02abb3d3fc7df6f3dbc30f94791aca29c76a322b41293e4a8d63ebe350c3811d,kit_complete,full,,live-prod-2026-09-20
GBCyl9SpryShSl,GB-CYL-CLR-9ML-T-25,GBCyl9SpryShSl,Cylinder 9 ml (0.3 oz) Clear,cylinder-9ml-clear-17-415,9f20b4ba5b14b7bdc436d9ee9ef618f411b9d9fdbc76a164302dd7f8fdffcc2b,no_kit,,No productKits row served for current published plate (forSkus null),live-prod-2026-09-20
GBCyl9SpryTur,GB-CYL-CLR-9ML-T-26,GBCyl9SpryTur,Cylinder 9 ml (0.3 oz) Clear,cylinder-9ml-clear-17-415,55594e9024fba432ca6a03124a264f2a047cb0b2b1e0d332b2b3cbbd246b387e,kit_complete,full,,live-prod-2026-09-20
GBTallCyl9BlkShSht,GB-CYL-CLR-9ML-SBLK-S,GBTallCyl9BlkShSht,Cylinder 9 ml (0.3 oz) Clear,cylinder-9ml-clear-13-415,f81afa36b5b75819bab1d5384403b7e22529796c1c3d657bcaa67c8465d82ec3,kit_complete,capSplit,,live-prod-2026-09-20
GBTallCyl9BlkSht,GB-CYL-CLR-9ML-S-02,GBTallCyl9BlkSht,Cylinder 9 ml (0.3 oz) Clear,cylinder-9ml-clear-13-415,278a9984948dd381095194b54687233eeb79458a6199430e3b58df382e785bda,kit_complete,capSplit,,live-prod-2026-09-20
GBTallCyl9CuSht,GB-CYL-CLR-9ML-MCPR-S,GBTallCyl9CuSht,Cylinder 9 ml (0.3 oz) Clear,cylinder-9ml-clear-13-415,bb0c04d4d2357c8833905f52aad474ab82512d303cca830729ddb5d695f6b2e9,kit_complete,capSplit,,live-prod-2026-09-20
GBTallCyl9Gl,GB-CYL-CLR-9ML-GLD-T,GBTallCyl9Gl,Cylinder 9 ml (0.3 oz) Clear,cylinder-9ml-clear-13-415,5df75c1bbb38b498da6386547c3ed6f4fca25d10a5d0de00f25ab9d89ac87d7f,kit_complete,capSplit,,live-prod-2026-09-20
GBTallCyl9GlMattSht,GB-CYL-CLR-9ML-MGLD-S,GBTallCyl9GlMattSht,Cylinder 9 ml (0.3 oz) Clear,cylinder-9ml-clear-13-415,8364a43f00c749b95b326344173f4d784ad9c54e19d0c0b9655af5aa151ce0fe,kit_complete,capSplit,,live-prod-2026-09-20
GBTallCyl9GlSht,GB-CYL-CLR-9ML-SGLD-S,GBTallCyl9GlSht,Cylinder 9 ml (0.3 oz) Clear,cylinder-9ml-clear-13-415,0acba5f300d1abf7b0f4cad8a3d50ea1260b88e674db4371248d208298a0d6bf,kit_complete,capSplit,,live-prod-2026-09-20
GBTallCyl9MtlRollBlkDot,GB-CYL-CLR-9ML-MRL-BKDT-02,GBTallCyl9MtlRollBlkDot,Cylinder 9 ml (0.3 oz) Clear,cylinder-9ml-clear-13-415,1949d4e961464b33f50cb27f36663a366581e1228658a9bcefd8a7e3308c08b7,kit_complete,capSplit,,live-prod-2026-09-20
GBTallCyl9MtlRollBlkSh,GB-CYL-CLR-9ML-MRL-SBLK-02,GBTallCyl9MtlRollBlkSh,Cylinder 9 ml (0.3 oz) Clear,cylinder-9ml-clear-13-415,d084bb557e319b571936296fbe5b91a7d73b0caeeaa04849260b0eb9a57e32c5,kit_complete,capSplit,,live-prod-2026-09-20
GBTallCyl9MtlRollCuMatt,GB-CYL-CLR-9ML-MRL-MCPR-02,GBTallCyl9MtlRollCuMatt,Cylinder 9 ml (0.3 oz) Clear,cylinder-9ml-clear-13-415,a4e24993a268e6ce9bc5ae784ce055079754ab569ddad0002a5b2f419435da49,kit_complete,capSplit,,live-prod-2026-09-20
GBTallCyl9MtlRollGlMatt,GB-CYL-CLR-9ML-MRL-MGLD-02,GBTallCyl9MtlRollGlMatt,Cylinder 9 ml (0.3 oz) Clear,cylinder-9ml-clear-13-415,6f4c395d60d55674c94e52c1c2ef0f827a82d103dc86dbd8b09e954c44e1cb05,kit_complete,capSplit,,live-prod-2026-09-20
GBTallCyl9MtlRollGlSh,GB-CYL-CLR-9ML-MRL-SGLD-02,GBTallCyl9MtlRollGlSh,Cylinder 9 ml (0.3 oz) Clear,cylinder-9ml-clear-13-415,22553ff302d63a19b57d3e8b45872438b0aa736a10c1e2ef1c1968c3be0e884b,kit_complete,capSplit,,live-prod-2026-09-20
GBTallCyl9MtlRollPinkDot,GB-CYL-CLR-9ML-MRL-PKDT-02,GBTallCyl9MtlRollPinkDot,Cylinder 9 ml (0.3 oz) Clear,cylinder-9ml-clear-13-415,098ff09084b5320cb7231a633ccac1665fb69b38924c68f0b8296bd249a883a6,kit_complete,capSplit,,live-prod-2026-09-20
GBTallCyl9MtlRollSlDot,GB-CYL-CLR-9ML-MRL-SLDT-02,GBTallCyl9MtlRollSlDot,Cylinder 9 ml (0.3 oz) Clear,cylinder-9ml-clear-13-415,c3233f1b43c1ef3a57db91f93cdd35d2cf44e86665b9452ed43e391fcf926ee5,kit_complete,capSplit,,live-prod-2026-09-20
GBTallCyl9MtlRollSlMatt,GB-CYL-CLR-9ML-MRL-MSLV-03,GBTallCyl9MtlRollSlMatt,Cylinder 9 ml (0.3 oz) Clear,cylinder-9ml-clear-13-415,0e83482d059822e75c548988b27874029f07bb867c8a83f46403aded345fc168,kit_complete,capSplit,,live-prod-2026-09-20
GBTallCyl9MtlRollSlSh,GB-CYL-CLR-9ML-MRL-SSLV-02,GBTallCyl9MtlRollSlSh,Cylinder 9 ml (0.3 oz) Clear,cylinder-9ml-clear-13-415,1a9428e38e3787acc47187f461daf3b1cc4a9370a9e37990d76cb11ac65f2c10,kit_complete,capSplit,,live-prod-2026-09-20
GBTallCyl9RollBlkDot,GB-CYL-CLR-9ML-ROL-BKDT-02,GBTallCyl9RollBlkDot,Cylinder 9 ml (0.3 oz) Clear,cylinder-9ml-clear-13-415,656492fca8a403e787f45bf638569361e8609156afdf77f1a36c35fda11b1220,kit_complete,capSplit,,live-prod-2026-09-20
GBTallCyl9RollBlkSh,GB-CYL-CLR-9ML-ROL-SBLK-02,GBTallCyl9RollBlkSh,Cylinder 9 ml (0.3 oz) Clear,cylinder-9ml-clear-13-415,46a716523e47f4999663fb618ded8db18a314d2e9afd7edd0c47667bcddf55fc,kit_complete,capSplit,,live-prod-2026-09-20
GBTallCyl9RollCuMatt,GB-CYL-CLR-9ML-ROL-MCPR-02,GBTallCyl9RollCuMatt,Cylinder 9 ml (0.3 oz) Clear,cylinder-9ml-clear-13-415,bce6192388a44de70be498dc70a396e0ec5378e18b31da2cf7989247c4774662,kit_complete,capSplit,,live-prod-2026-09-20
GBTallCyl9RollGlMatt,GB-CYL-CLR-9ML-ROL-MGLD-02,GBTallCyl9RollGlMatt,Cylinder 9 ml (0.3 oz) Clear,cylinder-9ml-clear-13-415,175ff055aebe8af9d68d4308137e20476c6a2335e61d4488d49fde6847276b49,kit_complete,capSplit,,live-prod-2026-09-20
GBTallCyl9RollGlSh,GB-CYL-CLR-9ML-ROL-SGLD-02,GBTallCyl9RollGlSh,Cylinder 9 ml (0.3 oz) Clear,cylinder-9ml-clear-13-415,a637ea75a88eaa8fc1c123f26dd0b313369132e9ade236776a21e765c3d351a9,kit_complete,capSplit,,live-prod-2026-09-20
GBTallCyl9RollPinkDot,GB-CYL-CLR-9ML-ROL-PKDT-02,GBTallCyl9RollPinkDot,Cylinder 9 ml (0.3 oz) Clear,cylinder-9ml-clear-13-415,098ff09084b5320cb7231a633ccac1665fb69b38924c68f0b8296bd249a883a6,kit_complete,capSplit,,live-prod-2026-09-20
GBTallCyl9RollSlDot,GB-CYL-CLR-9ML-ROL-SLDT-02,GBTallCyl9RollSlDot,Cylinder 9 ml (0.3 oz) Clear,cylinder-9ml-clear-13-415,c3233f1b43c1ef3a57db91f93cdd35d2cf44e86665b9452ed43e391fcf926ee5,kit_complete,capSplit,,live-prod-2026-09-20
GBTallCyl9RollSlMatt,GB-CYL-CLR-9ML-ROL-MSLV-02,GBTallCyl9RollSlMatt,Cylinder 9 ml (0.3 oz) Clear,cylinder-9ml-clear-13-415,609b99de8715fda56b03f723e7ec96db4c29112151fe61c8da0528c6d0051345,kit_complete,capSplit,,live-prod-2026-09-20
GBTallCyl9RollSlSh,GB-CYL-CLR-9ML-ROL-SSLV-02,GBTallCyl9RollSlSh,Cylinder 9 ml (0.3 oz) Clear,cylinder-9ml-clear-13-415,290516311b4e901a3034bcfd7bdab5bd0038eaaf33ccb17b9a0709c0a6ac7602,kit_complete,capSplit,,live-prod-2026-09-20
GBTallCyl9Sl,GB-CYL-CLR-9ML-SLV-T,GBTallCyl9Sl,Cylinder 9 ml (0.3 oz) Clear,cylinder-9ml-clear-13-415,98379cfb18a711213ad7fe20c9bd3163696bb9d52a6ba265808e0496f1063e79,kit_complete,capSplit,,live-prod-2026-09-20
GBTallCyl9SlMattSht,GB-CYL-CLR-9ML-MSLV-S,GBTallCyl9SlMattSht,Cylinder 9 ml (0.3 oz) Clear,cylinder-9ml-clear-13-415,c5ffefa022e264102217bc190236518bebaa01e1ba0b08156f0d41285883ec15,kit_complete,capSplit,,live-prod-2026-09-20
GBTallCyl9SlSht,GB-CYL-CLR-9ML-SSLV-S,GBTallCyl9SlSht,Cylinder 9 ml (0.3 oz) Clear,cylinder-9ml-clear-13-415,7a86ea673dabe3db7e0efd0ba48198da298169cefc2bb32682fac4449d5548cc,kit_complete,capSplit,,live-prod-2026-09-20
GBTallCyl9SpryBlkMatt,GB-CYL-CLR-9ML-SPR-MBLK,GBTallCyl9SpryBlkMatt,Cylinder 9 ml (0.3 oz) Clear,cylinder-9ml-clear-13-415,a418620e69558ff016ff89866bb094b6d1c3a90aac26a43d5325bedf7ef15cf0,kit_complete,full,,live-prod-2026-09-20
GBTallCyl9SpryBlkSh,GB-CYL-CLR-9ML-SPR-SBLK,GBTallCyl9SpryBlkSh,Cylinder 9 ml (0.3 oz) Clear,cylinder-9ml-clear-13-415,6051b505184e1198b59078bd13b03a8b9133bd68f94436bfc191e098cda84964,kit_complete,full,,live-prod-2026-09-20
GBTallCyl9SpryBluMatt,GB-CYL-CLR-9ML-SPR-MBLU,GBTallCyl9SpryBluMatt,Cylinder 9 ml (0.3 oz) Clear,cylinder-9ml-clear-13-415,e7fdc06b7e16a742fab7395c541f2701f634deb3f1da0cc4caaaa49ad29d2bb7,kit_complete,full,,live-prod-2026-09-20
GBTallCyl9SpryCuMatt,GB-CYL-CLR-9ML-SPR-MCPR,GBTallCyl9SpryCuMatt,Cylinder 9 ml (0.3 oz) Clear,cylinder-9ml-clear-13-415,bfc2393bf1a70f23b88966dc2ed52d5eb10aa76d061ff5beeb0c11999d2836f3,kit_complete,full,,live-prod-2026-09-20
GBTallCyl9SpryGlMatt,GB-CYL-CLR-9ML-SPR-MGLD,GBTallCyl9SpryGlMatt,Cylinder 9 ml (0.3 oz) Clear,cylinder-9ml-clear-13-415,b934c6341952f2a3d2f629d185ceca61e3f035b8ffb912a807589edeba50eca9,kit_complete,full,,live-prod-2026-09-20
GBTallCyl9SpryGlSh,GB-CYL-CLR-9ML-SPR-SGLD,GBTallCyl9SpryGlSh,Cylinder 9 ml (0.3 oz) Clear,cylinder-9ml-clear-13-415,e3d95a594129a75055a34049016b4499617628df97c57f763d98ef0f37a9b284,kit_complete,full,,live-prod-2026-09-20
GBTallCyl9SprySlMatt,GB-CYL-CLR-9ML-SPR-MSLV-02,GBTallCyl9SprySlMatt,Cylinder 9 ml (0.3 oz) Clear,cylinder-9ml-clear-13-415,3d2af2a50898e5cd00e95afbed2e76663cd5780be20fd585bd65e9f549e3a6a1,kit_complete,full,,live-prod-2026-09-20
GBTallCyl9SprySlSh,GB-CYL-CLR-9ML-SPR-SSLV-02,GBTallCyl9SprySlSh,Cylinder 9 ml (0.3 oz) Clear,cylinder-9ml-clear-13-415,cfd1a8236889d6a6eb27fb6069dd737f353e8e88de26c48e50e787261656e881,kit_complete,full,,live-prod-2026-09-20
GBTallCyl9WhtSht,GB-CYL-WHT-9ML-WHT-S,GBTallCyl9WhtSht,Cylinder 9 ml (0.3 oz) Clear,cylinder-9ml-clear-13-415,1611b55c5bd3f2333d04cbc7d16321fde17cefbc079b5d219626d526569e3a12,kit_complete,capSplit,,live-prod-2026-09-20
LBCyl9LtnBlk,LB-CYL-CLR-9ML-T-01,LBCyl9LtnBlk,Cylinder 9 ml (0.3 oz) Clear,cylinder-9ml-clear-17-415,9f978a6a0e933f4a3b2bfabd434bc012488a83e6ab29249fb85bb2237de8060b,kit_complete,full,,live-prod-2026-09-20
LBCyl9LtnGl,LB-CYL-CLR-9ML-T-02,LBCyl9LtnGl,Cylinder 9 ml (0.3 oz) Clear,cylinder-9ml-clear-17-415,422bf7d85ae5d764227a55622a2a14a5bd4a2700592cd3a339480a0d2d5e290e,kit_complete,full,,live-prod-2026-09-20
LBCyl9LtnMtSl,LB-CYL-CLR-9ML-T-03,LBCyl9LtnMtSl,Cylinder 9 ml (0.3 oz) Clear,cylinder-9ml-clear-17-415,df1a66afe57324944ae69e0d2aed838e8afce7af529b15217a2a675e13f68fe4,kit_complete,full,,live-prod-2026-09-20
GBCylBlu9MtlRollBlkDot,GB-CYL-BLU-9ML-MRL-BKDT,GBCylBlu9MtlRollBlkDot,Cylinder 9 ml (0.3 oz) Cobalt Blue,cylinder-9ml-cobalt-blue-17-415,0ba8322ccd8747052eb34b931156e05ecaefb46b98d6ff6020b2ab5ea849246e,kit_complete,full,,live-prod-2026-09-20
GBCylBlu9MtlRollMattCu,GB-CYL-BLU-9ML-MRL-MCPR,GBCylBlu9MtlRollMattCu,Cylinder 9 ml (0.3 oz) Cobalt Blue,cylinder-9ml-cobalt-blue-17-415,930fededfc9d0d8873dc4c8dce4b04d6bd65bf96ccc01c6d60fd532d1029973c,kit_complete,full,,live-prod-2026-09-20
GBCylBlu9MtlRollMattGl,GB-CYL-BLU-9ML-MRL-MGLD,GBCylBlu9MtlRollMattGl,Cylinder 9 ml (0.3 oz) Cobalt Blue,cylinder-9ml-cobalt-blue-17-415,18ebeca45f64601cad421e8126c5e14a2c1e8e7e458cab55e31cc522bcd0c85c,kit_complete,full,,live-prod-2026-09-20
GBCylBlu9MtlRollMattSl,GB-CYL-BLU-9ML-MRL-MSLV,GBCylBlu9MtlRollMattSl,Cylinder 9 ml (0.3 oz) Cobalt Blue,cylinder-9ml-cobalt-blue-17-415,f953680f6300f1abf6e8b1a9547a33f18baa135fe0867145c44aea5af2cc93b4,kit_complete,full,,live-prod-2026-09-20
GBCylBlu9MtlRollPnkDot,GB-CYL-BLU-9ML-MRL-PKDT,GBCylBlu9MtlRollPnkDot,Cylinder 9 ml (0.3 oz) Cobalt Blue,cylinder-9ml-cobalt-blue-17-415,66230f94d1febb157b28ac887bf61ffc87750864ad10af9767ea5cba6c3df834,kit_complete,full,,live-prod-2026-09-20
GBCylBlu9MtlRollShBlk,GB-CYL-BLU-9ML-MRL-SBLK,GBCylBlu9MtlRollShBlk,Cylinder 9 ml (0.3 oz) Cobalt Blue,cylinder-9ml-cobalt-blue-17-415,52031baf82569b79bcaedefe19287c3b64140e99e8fa27174b33e896a555139a,kit_complete,full,,live-prod-2026-09-20
GBCylBlu9MtlRollShnGl,GB-CYL-BLU-9ML-MRL-SGLD,GBCylBlu9MtlRollShnGl,Cylinder 9 ml (0.3 oz) Cobalt Blue,cylinder-9ml-cobalt-blue-17-415,fff2231e926f71551d2df0b2dc8cb994c333ea9d00e622f76abd86a65a066c13,kit_complete,full,,live-prod-2026-09-20
GBCylBlu9MtlRollShnSl,GB-CYL-BLU-9ML-MRL-SSLV,GBCylBlu9MtlRollShnSl,Cylinder 9 ml (0.3 oz) Cobalt Blue,cylinder-9ml-cobalt-blue-17-415,77d17b3ce9d0f4cab71c6995dabf3ee29654959953e584c16069e9d247cd945f,kit_complete,full,,live-prod-2026-09-20
GBCylBlu9MtlRollSlDot,GB-CYL-BLU-9ML-MRL-SLDT,GBCylBlu9MtlRollSlDot,Cylinder 9 ml (0.3 oz) Cobalt Blue,cylinder-9ml-cobalt-blue-17-415,e4d6e08908bcb1836daaa1b49978a686048d404c69118667655c90dc7bb51414,kit_complete,full,,live-prod-2026-09-20
GBCylBlu9MtlRollWht,GB-CYL-BLU-9ML-MRL-WHT,GBCylBlu9MtlRollWht,Cylinder 9 ml (0.3 oz) Cobalt Blue,cylinder-9ml-cobalt-blue-17-415,51b4a63480003e5e14701470018be2b9f18f72cadd16a623f2aa0c3891c44018,kit_complete,full,,live-prod-2026-09-20
GBCylBlu9RollBlkDot,GB-CYL-BLU-9ML-ROL-BKDT,GBCylBlu9RollBlkDot,Cylinder 9 ml (0.3 oz) Cobalt Blue,cylinder-9ml-cobalt-blue-17-415,50501fc6fe46e7ee5b90a8094fd6e9d025732476598d42e2fe9ebf695eee54e3,kit_complete,full,,live-prod-2026-09-20
GBCylBlu9RollMattCu,GB-CYL-BLU-9ML-ROL-MCPR,GBCylBlu9RollMattCu,Cylinder 9 ml (0.3 oz) Cobalt Blue,cylinder-9ml-cobalt-blue-17-415,12821f7c3c376bbf4756e7518f9b8497f0b8351faaa5e4cf07472b0fad894715,kit_complete,full,,live-prod-2026-09-20
GBCylBlu9RollMattGl,GB-CYL-BLU-9ML-ROL-MGLD,GBCylBlu9RollMattGl,Cylinder 9 ml (0.3 oz) Cobalt Blue,cylinder-9ml-cobalt-blue-17-415,8716604821ae88512a58dc36ffba2f9bf9469a90a86070f184142bfd407ff0ce,kit_complete,full,,live-prod-2026-09-20
GBCylBlu9RollMattSl,GB-CYL-BLU-9ML-ROL-MSLV,GBCylBlu9RollMattSl,Cylinder 9 ml (0.3 oz) Cobalt Blue,cylinder-9ml-cobalt-blue-17-415,a18333b2e05eb8bd089b382329cdc80aa98659455272c25425f30ee73efedc6f,kit_complete,full,,live-prod-2026-09-20
GBCylBlu9RollPnkDot,GB-CYL-BLU-9ML-ROL-PKDT,GBCylBlu9RollPnkDot,Cylinder 9 ml (0.3 oz) Cobalt Blue,cylinder-9ml-cobalt-blue-17-415,70d21ec073524781a86cf03815d222a02afe49791fdfdc6ee131434b156c3295,no_kit,,No productKits row served for current published plate (forSkus null),live-prod-2026-09-20
GBCylBlu9RollShBlk,GB-CYL-BLU-9ML-ROL-SBLK,GBCylBlu9RollShBlk,Cylinder 9 ml (0.3 oz) Cobalt Blue,cylinder-9ml-cobalt-blue-17-415,aa9026cd8f58de08c5590187661bf8f3da7225a308b32df2c3963cc1983260b8,kit_complete,full,,live-prod-2026-09-20
GBCylBlu9RollShnGl,GB-CYL-BLU-9ML-ROL-SGLD,GBCylBlu9RollShnGl,Cylinder 9 ml (0.3 oz) Cobalt Blue,cylinder-9ml-cobalt-blue-17-415,1f884646e713612e4c1b0affc3b2d1bef3f597ad45e996435c23516cda29c770,kit_complete,full,,live-prod-2026-09-20
GBCylBlu9RollShnSl,GB-CYL-BLU-9ML-ROL-SSLV,GBCylBlu9RollShnSl,Cylinder 9 ml (0.3 oz) Cobalt Blue,cylinder-9ml-cobalt-blue-17-415,05ebabc47e5c243486c50f576cfbbbe7cf414e102644e41e74d0544d31e8e167,kit_complete,full,,live-prod-2026-09-20
GBCylBlu9RollSlDot,GB-CYL-BLU-9ML-ROL-SLDT,GBCylBlu9RollSlDot,Cylinder 9 ml (0.3 oz) Cobalt Blue,cylinder-9ml-cobalt-blue-17-415,d79fe3981650eb47c48c0586d02566b484614c34eff34d2370e435d1c23e7583,no_kit,,No productKits row served for current published plate (forSkus null),live-prod-2026-09-20
GBCylBlu9RollWht,GB-CYL-BLU-9ML-ROL-WHT,GBCylBlu9RollWht,Cylinder 9 ml (0.3 oz) Cobalt Blue,cylinder-9ml-cobalt-blue-17-415,645ecd236fc7c3c6edbe66bc629ec607ea924695889f7641a3ba7b76587296c8,kit_complete,full,,live-prod-2026-09-20
GBCylBlu9SpryBlk,GB-CYL-BLU-9ML-SPR-BLK,GBCylBlu9SpryBlk,Cylinder 9 ml (0.3 oz) Cobalt Blue,cylinder-9ml-cobalt-blue-17-415,89e469ea5c744af33df86800f7420adb0d2fb5bf38314dd82adab5986ede4b66,kit_complete,full,,live-prod-2026-09-20
GBCylBlu9SpryGl,GB-CYL-BLU-9ML-SPR-GLD,GBCylBlu9SpryGl,Cylinder 9 ml (0.3 oz) Cobalt Blue,cylinder-9ml-cobalt-blue-17-415,4e9ef01cf2ea6b25e846820f748a5a40887f2ad7de60e1abc6b162a42c77c0a3,kit_complete,full,,live-prod-2026-09-20
GBCylBlu9SpryMattSl,GB-CYL-BLU-9ML-SPR-MSLV,GBCylBlu9SpryMattSl,Cylinder 9 ml (0.3 oz) Cobalt Blue,cylinder-9ml-cobalt-blue-17-415,ea80973ee05c4d4b0894b7811d4bf6b1c1d78e5ea0c19208d717f9d3c67bf96e,kit_complete,full,,live-prod-2026-09-20
GBCylBlu9SpryRd,GB-CYL-BLU-9ML-SPR-RED,GBCylBlu9SpryRd,Cylinder 9 ml (0.3 oz) Cobalt Blue,cylinder-9ml-cobalt-blue-17-415,3bfaccd47148aca379e46894a510f7e57ed6a8c65c618c77df76f0d3771cf80d,kit_complete,full,,live-prod-2026-09-20
GBCylBlu9SpryShSl,GB-CYL-BLU-9ML-SPR-SSLV,GBCylBlu9SpryShSl,Cylinder 9 ml (0.3 oz) Cobalt Blue,cylinder-9ml-cobalt-blue-17-415,928fce8ec2bfc6644f1dda90a19947b01ae5f28ad3bda17f41812a591db5cd40,kit_complete,full,,live-prod-2026-09-20
GBCylBlu9SpryTur,GB-CYL-BLU-9ML-SPR-TRQ,GBCylBlu9SpryTur,Cylinder 9 ml (0.3 oz) Cobalt Blue,cylinder-9ml-cobalt-blue-17-415,e69b99c9009136826320097999417f3400741a2f147d2fa7d85f33bfdbb8d69c,kit_complete,full,,live-prod-2026-09-20
LBCylBlu9LtnBlk,LB-CYL-BLU-9ML-LPM-BLK,LBCylBlu9LtnBlk,Cylinder 9 ml (0.3 oz) Cobalt Blue,cylinder-9ml-cobalt-blue-17-415,9a6b2aeb2cd242a25e00f360e19e4e55a616ea52c8ce003f57c429c394e9d653,kit_complete,full,,live-prod-2026-09-20
LBCylBlu9LtnGl,LB-CYL-BLU-9ML-LPM-GLD,LBCylBlu9LtnGl,Cylinder 9 ml (0.3 oz) Cobalt Blue,cylinder-9ml-cobalt-blue-17-415,532c4b38f93d89da24799f1ceb3b6b13c3d0764aeb904c9925695eaf5f906124,kit_complete,full,,live-prod-2026-09-20
LBCylBlu9LtnMattSl,LB-CYL-BLU-9ML-LPM-MSLV,LBCylBlu9LtnMattSl,Cylinder 9 ml (0.3 oz) Cobalt Blue,cylinder-9ml-cobalt-blue-17-415,d922c7e4c9602f34af6f91c63c0aabc200a7c9141bf8098fc88814ccb8f5b4df,kit_complete,full,,live-prod-2026-09-20
GBCylFrst9MtlRollBlkDot,GB-CYL-FRS-9ML-MRL-BKDT,GBCylFrst9MtlRollBlkDot,Cylinder 9 ml (0.3 oz) Frosted,cylinder-9ml-frosted-17-415,59dbffe2109893eb4bf70d1f04e462d52addbe1fbd9f382a48fbd32f02fbd0f9,kit_complete,full,,live-prod-2026-09-20
GBCylFrst9MtlRollMattCu,GB-CYL-FRS-9ML-MRL-MCPR,GBCylFrst9MtlRollMattCu,Cylinder 9 ml (0.3 oz) Frosted,cylinder-9ml-frosted-17-415,79bfb4d7c20de22a560124af530d1550d69d0d9bec7eaa775c54067cbde72911,kit_complete,full,,live-prod-2026-09-20
GBCylFrst9MtlRollMattGl,GB-CYL-FRS-9ML-MRL-MGLD,GBCylFrst9MtlRollMattGl,Cylinder 9 ml (0.3 oz) Frosted,cylinder-9ml-frosted-17-415,85d0fc1fa85daf4ed88d23e4da0d09b96e7697462b657747c687b276af01ab86,kit_complete,full,,live-prod-2026-09-20
GBCylFrst9MtlRollMattSl,GB-CYL-FRS-9ML-MRL-MSLV,GBCylFrst9MtlRollMattSl,Cylinder 9 ml (0.3 oz) Frosted,cylinder-9ml-frosted-17-415,3bcfb9f35e26e07f5eafcf7df63858bbcfb558b22f049a4046e676a6757d8971,kit_complete,full,,live-prod-2026-09-20
GBCylFrst9MtlRollPnkDot,GB-CYL-FRS-9ML-MRL-PKDT,GBCylFrst9MtlRollPnkDot,Cylinder 9 ml (0.3 oz) Frosted,cylinder-9ml-frosted-17-415,b31ead1b84020fc9aa8d1498e59a075454d179a906c0c2635f17f7655a128cb4,kit_complete,full,,live-prod-2026-09-20
GBCylFrst9MtlRollShBlk,GB-CYL-FRS-9ML-MRL-SBLK,GBCylFrst9MtlRollShBlk,Cylinder 9 ml (0.3 oz) Frosted,cylinder-9ml-frosted-17-415,054a5b77ac93aaef0c6e9c21976ba169f379f58978a3fdd032d70cb49b22a194,kit_complete,full,,live-prod-2026-09-20
GBCylFrst9MtlRollShnGl,GB-CYL-FRS-9ML-MRL-SGLD,GBCylFrst9MtlRollShnGl,Cylinder 9 ml (0.3 oz) Frosted,cylinder-9ml-frosted-17-415,3908b43f13879becb7f7b0b86b31f79f79ca0020fbf459363653fb7053b83899,kit_complete,full,,live-prod-2026-09-20
GBCylFrst9MtlRollShnSl,GB-CYL-FRS-9ML-MRL-SSLV,GBCylFrst9MtlRollShnSl,Cylinder 9 ml (0.3 oz) Frosted,cylinder-9ml-frosted-17-415,77d702ffeda48d54c141ab89391cac9f5988abb8846c4f546097659a511c1b66,kit_complete,full,,live-prod-2026-09-20
GBCylFrst9MtlRollSlDot,GB-CYL-FRS-9ML-MRL-SLDT,GBCylFrst9MtlRollSlDot,Cylinder 9 ml (0.3 oz) Frosted,cylinder-9ml-frosted-17-415,fe82d42e4c05fe3e52fa33ee49f0fa53e35db42b883c9c737681710214f7b524,kit_complete,full,,live-prod-2026-09-20
GBCylFrst9MtlRollWht,GB-CYL-FRS-9ML-MRL-WHT,GBCylFrst9MtlRollWht,Cylinder 9 ml (0.3 oz) Frosted,cylinder-9ml-frosted-17-415,aa77fa2e858cf2c9a58316d8001bfc311afd973a161cd741e91396e66c0f29de,kit_complete,full,,live-prod-2026-09-20
GBCylFrst9RollBlkDot,GB-CYL-FRS-9ML-ROL-BKDT,GBCylFrst9RollBlkDot,Cylinder 9 ml (0.3 oz) Frosted,cylinder-9ml-frosted-17-415,d078e8b728d2e14cf03b73b30c2c00e7b54cbbf1ad1acc7cd9b27551826e3680,kit_complete,full,,live-prod-2026-09-20
GBCylFrst9RollMattCu,GB-CYL-FRS-9ML-ROL-MCPR,GBCylFrst9RollMattCu,Cylinder 9 ml (0.3 oz) Frosted,cylinder-9ml-frosted-17-415,7831d64177271cb2e336fa793aeb4ce3c021d851e8175c50f2c6f2fe4488bebd,kit_complete,full,,live-prod-2026-09-20
GBCylFrst9RollMattGl,GB-CYL-FRS-9ML-ROL-MGLD,GBCylFrst9RollMattGl,Cylinder 9 ml (0.3 oz) Frosted,cylinder-9ml-frosted-17-415,a1217ed806cd90424d117140ad7c9aa95f2d97eab3e59ff3c3f59b852287e804,kit_complete,full,,live-prod-2026-09-20
GBCylFrst9RollMattSl,GB-CYL-FRS-9ML-ROL-MSLV,GBCylFrst9RollMattSl,Cylinder 9 ml (0.3 oz) Frosted,cylinder-9ml-frosted-17-415,e30ed9a7891caf5091de9384de9420e1b922a1d0db9c2e8f6f1b4cdb65c08385,kit_complete,full,,live-prod-2026-09-20
GBCylFrst9RollPnkDot,GB-CYL-FRS-9ML-ROL-PKDT,GBCylFrst9RollPnkDot,Cylinder 9 ml (0.3 oz) Frosted,cylinder-9ml-frosted-17-415,8f4143ef90fb4aeed53b9b5f7eb7556bd225b1d15cdc963f0af5b97097fc5b6f,kit_complete,full,,live-prod-2026-09-20
GBCylFrst9RollShBlk,GB-CYL-FRS-9ML-ROL-SBLK,GBCylFrst9RollShBlk,Cylinder 9 ml (0.3 oz) Frosted,cylinder-9ml-frosted-17-415,d3f427b523d19c89f591bcbfbff218fd67358d7f52f2cef18ece55b36329d9c5,kit_complete,full,,live-prod-2026-09-20
GBCylFrst9RollShnGl,GB-CYL-FRS-9ML-ROL-SGLD,GBCylFrst9RollShnGl,Cylinder 9 ml (0.3 oz) Frosted,cylinder-9ml-frosted-17-415,7fb6e54a8b9071da1d7452ee20f848765436e4a4111969dc9f65f0c93598f093,kit_complete,full,,live-prod-2026-09-20
GBCylFrst9RollShnSl,GB-CYL-FRS-9ML-ROL-SSLV,GBCylFrst9RollShnSl,Cylinder 9 ml (0.3 oz) Frosted,cylinder-9ml-frosted-17-415,0748aa65c23b77b5f506e4f0883941e9b98456be3775cfd332b8271d3f280451,kit_complete,full,,live-prod-2026-09-20
GBCylFrst9RollSlDot,GB-CYL-FRS-9ML-ROL-SLDT,GBCylFrst9RollSlDot,Cylinder 9 ml (0.3 oz) Frosted,cylinder-9ml-frosted-17-415,ba04c8bf9fec19df4a5d7ae597554e1155c83101714be4ddd3368efccce2b77e,kit_complete,full,,live-prod-2026-09-20
GBCylFrst9RollWht,GB-CYL-FRS-9ML-ROL-WHT,GBCylFrst9RollWht,Cylinder 9 ml (0.3 oz) Frosted,cylinder-9ml-frosted-17-415,18daf7fa0026a5e27d8f51e7e31d4545ebc2fdd18a99f061d112a346af054b46,kit_complete,full,,live-prod-2026-09-20
GBCylFrst9SpryBlk,GB-CYL-FRS-9ML-SPR-BLK,GBCylFrst9SpryBlk,Cylinder 9 ml (0.3 oz) Frosted,cylinder-9ml-frosted-17-415,df29a28917381f56dce294d2f20d63ba09c3a1f990eb2c3189828d398c4f56df,kit_complete,full,,live-prod-2026-09-20
GBCylFrst9SpryGl,GB-CYL-FRS-9ML-SPR-GLD,GBCylFrst9SpryGl,Cylinder 9 ml (0.3 oz) Frosted,cylinder-9ml-frosted-17-415,0bb40a4ec201ce192291564e23f3eccb1d97a42bb791deab3dbe743729ce3699,kit_complete,full,,live-prod-2026-09-20
GBCylFrst9SpryMattSl,GB-CYL-FRS-9ML-SPR-MSLV,GBCylFrst9SpryMattSl,Cylinder 9 ml (0.3 oz) Frosted,cylinder-9ml-frosted-17-415,907d5cba5cd1029a3c462758ddf2809bcd610e85bd4aad348b3db796f1532a7d,kit_complete,full,,live-prod-2026-09-20
GBCylFrst9SpryRd,GB-CYL-FRS-9ML-SPR-RED,GBCylFrst9SpryRd,Cylinder 9 ml (0.3 oz) Frosted,cylinder-9ml-frosted-17-415,577406c6d3062a476a4cf0f66e02bf5c8c93699b84822ddf540f8762e479a471,kit_complete,full,,live-prod-2026-09-20
GBCylFrst9SpryShSl,GB-CYL-FRS-9ML-SPR-SSLV,GBCylFrst9SpryShSl,Cylinder 9 ml (0.3 oz) Frosted,cylinder-9ml-frosted-17-415,558061876544bd92343e9fbcb8d480bf53ebb1ca89eaeaf27de724f2d364bbf7,kit_complete,full,,live-prod-2026-09-20
GBCylFrst9SpryTur,GB-CYL-FRS-9ML-SPR-TRQ,GBCylFrst9SpryTur,Cylinder 9 ml (0.3 oz) Frosted,cylinder-9ml-frosted-17-415,7e92cf0b655d6b82d68fc9079885a0194c59a7e9494ea3b974446e6bb2bde6b8,kit_complete,full,,live-prod-2026-09-20
GBTallCylFrst9BlkShSht,GB-CYL-FRS-9ML-SBLK-S,GBTallCylFrst9BlkShSht,Cylinder 9 ml (0.3 oz) Frosted,cylinder-9ml-frosted-13-415,4fb1000dbc4d39fa90db991b44b1d7ae420a6e7fcfa35ec56e085d8602d8af12,kit_complete,capSplit,,live-prod-2026-09-20
GBTallCylFrst9BlkSht,GB-CYL-FRS-9ML-S-01,GBTallCylFrst9BlkSht,Cylinder 9 ml (0.3 oz) Frosted,cylinder-9ml-frosted-13-415,c38ca4c2c63cc22d048120bd4f338c1ab797f436fbf5fa9b41bbbd909258ceeb,kit_complete,capSplit,,live-prod-2026-09-20
GBTallCylFrst9CuSht,GB-CYL-FRS-9ML-MCPR-S,GBTallCylFrst9CuSht,Cylinder 9 ml (0.3 oz) Frosted,cylinder-9ml-frosted-13-415,58c6bed1712e73a76798779e6e946137dfe7d0d6241c8903af4c0d403fec301d,kit_complete,capSplit,,live-prod-2026-09-20
GBTallCylFrst9Gl,GB-CYL-FRS-9ML-T-01,GBTallCylFrst9Gl,Cylinder 9 ml (0.3 oz) Frosted,cylinder-9ml-frosted-13-415,7ca58491e38bbd33ce051fcf25c13e4208ac9ade5f9ec1bed08aefdf1698d2ca,kit_complete,capSplit,,live-prod-2026-09-20
GBTallCylFrst9GlMattSht,GB-CYL-FRS-9ML-MGLD-S,GBTallCylFrst9GlMattSht,Cylinder 9 ml (0.3 oz) Frosted,cylinder-9ml-frosted-13-415,731daa1a80a94e5416e34afb38f6bffe6bed6d09592ba8339c11e6cdbf677693,kit_complete,capSplit,,live-prod-2026-09-20
GBTallCylFrst9GlSht,GB-CYL-FRS-9ML-SGLD-S,GBTallCylFrst9GlSht,Cylinder 9 ml (0.3 oz) Frosted,cylinder-9ml-frosted-13-415,97226a11e145e5c1e03873f76439e8696e5e4013b5d98d3eb91bdccae0c3acae,kit_complete,capSplit,,live-prod-2026-09-20
GBTallCylFrst9MtlRollBlkDot,GB-CYL-FRS-9ML-T-02,GBTallCylFrst9MtlRollBlkDot,Cylinder 9 ml (0.3 oz) Frosted,cylinder-9ml-frosted-13-415,de1a226b280e70713d8b0c5b79840159c644b3ec58a67e397925b29eb0a5e1b5,kit_complete,capSplit,,live-prod-2026-09-20
GBTallCylFrst9MtlRollBlkSh,GB-CYL-FRS-9ML-T-03,GBTallCylFrst9MtlRollBlkSh,Cylinder 9 ml (0.3 oz) Frosted,cylinder-9ml-frosted-13-415,79f54be6bece481d1c1fd94817e13ea73ae83c04042dcf06b1b20d901fd693f4,kit_complete,capSplit,,live-prod-2026-09-20
GBTallCylFrst9MtlRollCuMatt,GB-CYL-FRS-9ML-T-04,GBTallCylFrst9MtlRollCuMatt,Cylinder 9 ml (0.3 oz) Frosted,cylinder-9ml-frosted-13-415,31bc7e067da041f9a6c70155347770c3f451361d26f2ac2564d633f8e136e20a,kit_complete,capSplit,,live-prod-2026-09-20
GBTallCylFrst9MtlRollGlMatt,GB-CYL-FRS-9ML-T-05,GBTallCylFrst9MtlRollGlMatt,Cylinder 9 ml (0.3 oz) Frosted,cylinder-9ml-frosted-13-415,746ef8f2d195af15e2527bd26ff6965c952852439b555b04d3adb1b6169c8731,kit_complete,capSplit,,live-prod-2026-09-20
GBTallCylFrst9MtlRollGlSh,GB-CYL-FRS-9ML-T-06,GBTallCylFrst9MtlRollGlSh,Cylinder 9 ml (0.3 oz) Frosted,cylinder-9ml-frosted-13-415,22b2e1492aa2cc7670b715eec15c14af38d10d201c9f2eef34d50127dae61cd4,kit_complete,capSplit,,live-prod-2026-09-20
GBTallCylFrst9MtlRollPinkDot,GB-CYL-FRS-9ML-T-07,GBTallCylFrst9MtlRollPinkDot,Cylinder 9 ml (0.3 oz) Frosted,cylinder-9ml-frosted-13-415,d94bbf5976f6cf96f1461c1c55fdd557ee4f6f626310536958edf9ca02559124,kit_complete,capSplit,,live-prod-2026-09-20
GBTallCylFrst9MtlRollSlDot,GB-CYL-FRS-9ML-T-08,GBTallCylFrst9MtlRollSlDot,Cylinder 9 ml (0.3 oz) Frosted,cylinder-9ml-frosted-13-415,f9c38016f70b61e17a5eedf5eac0b723d0c57a057214fa7b1774e8a913626608,kit_complete,capSplit,,live-prod-2026-09-20
GBTallCylFrst9MtlRollSlMatt,GB-CYL-FRS-9ML-T-09,GBTallCylFrst9MtlRollSlMatt,Cylinder 9 ml (0.3 oz) Frosted,cylinder-9ml-frosted-13-415,df71c6694bbc59c547d7dac9f511cee979103704a050dbd70e34b50bcd6174bf,kit_complete,capSplit,,live-prod-2026-09-20
GBTallCylFrst9MtlRollSlSh,GB-CYL-FRS-9ML-T-10,GBTallCylFrst9MtlRollSlSh,Cylinder 9 ml (0.3 oz) Frosted,cylinder-9ml-frosted-13-415,9284b97f1014f536d3ef8d953fa126beffab7fa7d6dd34b654c46c9d3349f846,kit_complete,capSplit,,live-prod-2026-09-20
GBTallCylFrst9RollBlkDot,GB-CYL-FRS-9ML-T-11,GBTallCylFrst9RollBlkDot,Cylinder 9 ml (0.3 oz) Frosted,cylinder-9ml-frosted-13-415,90ffc33e438d105b812715ab2eca1d6277da7ddffff3cef3b765531fda53e20f,kit_complete,capSplit,,live-prod-2026-09-20
GBTallCylFrst9RollBlkSh,GB-CYL-FRS-9ML-T-12,GBTallCylFrst9RollBlkSh,Cylinder 9 ml (0.3 oz) Frosted,cylinder-9ml-frosted-13-415,79f54be6bece481d1c1fd94817e13ea73ae83c04042dcf06b1b20d901fd693f4,kit_complete,capSplit,,live-prod-2026-09-20
GBTallCylFrst9RollCuMatt,GB-CYL-FRS-9ML-T-13,GBTallCylFrst9RollCuMatt,Cylinder 9 ml (0.3 oz) Frosted,cylinder-9ml-frosted-13-415,31bc7e067da041f9a6c70155347770c3f451361d26f2ac2564d633f8e136e20a,kit_complete,capSplit,,live-prod-2026-09-20
GBTallCylFrst9RollGlMatt,GB-CYL-FRS-9ML-T-14,GBTallCylFrst9RollGlMatt,Cylinder 9 ml (0.3 oz) Frosted,cylinder-9ml-frosted-13-415,746ef8f2d195af15e2527bd26ff6965c952852439b555b04d3adb1b6169c8731,kit_complete,capSplit,,live-prod-2026-09-20
GBTallCylFrst9RollGlSh,GB-CYL-FRS-9ML-T-15,GBTallCylFrst9RollGlSh,Cylinder 9 ml (0.3 oz) Frosted,cylinder-9ml-frosted-13-415,22b2e1492aa2cc7670b715eec15c14af38d10d201c9f2eef34d50127dae61cd4,kit_complete,capSplit,,live-prod-2026-09-20
GBTallCylFrst9RollPinkDot,GB-CYL-FRS-9ML-T-16,GBTallCylFrst9RollPinkDot,Cylinder 9 ml (0.3 oz) Frosted,cylinder-9ml-frosted-13-415,a4b317aabb4dc6f1f463cca32c882a0c9ea8486a0d78b6b4dc3ca9089aa11d08,kit_complete,capSplit,,live-prod-2026-09-20
GBTallCylFrst9RollSlDot,GB-CYL-FRS-9ML-T-17,GBTallCylFrst9RollSlDot,Cylinder 9 ml (0.3 oz) Frosted,cylinder-9ml-frosted-13-415,f9c38016f70b61e17a5eedf5eac0b723d0c57a057214fa7b1774e8a913626608,kit_complete,capSplit,,live-prod-2026-09-20
GBTallCylFrst9RollSlMatt,GB-CYL-FRS-9ML-T-18,GBTallCylFrst9RollSlMatt,Cylinder 9 ml (0.3 oz) Frosted,cylinder-9ml-frosted-13-415,321de20a2bc73cae98d847e11426081af6e0e904e97b55a9c99b9378b3890bb5,kit_complete,capSplit,,live-prod-2026-09-20
GBTallCylFrst9RollSlSh,GB-CYL-FRS-9ML-T-19,GBTallCylFrst9RollSlSh,Cylinder 9 ml (0.3 oz) Frosted,cylinder-9ml-frosted-13-415,9284b97f1014f536d3ef8d953fa126beffab7fa7d6dd34b654c46c9d3349f846,kit_complete,capSplit,,live-prod-2026-09-20
GBTallCylFrst9Sl,GB-CYL-FRS-9ML-T-20,GBTallCylFrst9Sl,Cylinder 9 ml (0.3 oz) Frosted,cylinder-9ml-frosted-13-415,9388d7b25cc4ecf147498fadc652ae9753260d7618a931f69ccd39bf7a8c04c3,kit_complete,capSplit,,live-prod-2026-09-20
GBTallCylFrst9SlMattSht,GB-CYL-FRS-9ML-MSLV-S,GBTallCylFrst9SlMattSht,Cylinder 9 ml (0.3 oz) Frosted,cylinder-9ml-frosted-13-415,d36e9686995287fe6891b34f36c05db7ed033717011c8d45547e23d09d56c83b,kit_complete,capSplit,,live-prod-2026-09-20
GBTallCylFrst9SlSht,GB-CYL-FRS-9ML-SSLV-S,GBTallCylFrst9SlSht,Cylinder 9 ml (0.3 oz) Frosted,cylinder-9ml-frosted-13-415,7f3973171e453a17f9b1abfc2b2d89efbc89e2ea48c264557d7c6a57d5914261,kit_complete,capSplit,,live-prod-2026-09-20
GBTallCylFrst9SpryBlkMatt,GB-CYL-FRS-9ML-01,GBTallCylFrst9SpryBlkMatt,Cylinder 9 ml (0.3 oz) Frosted,cylinder-9ml-frosted-13-415,4935f0c2186293ce1c74c54c64768e7c5649bd31826183ed5ed2aa289c7fe300,kit_complete,full,,live-prod-2026-09-20
GBTallCylFrst9SpryBlkSh,GB-CYL-FRS-9ML-02,GBTallCylFrst9SpryBlkSh,Cylinder 9 ml (0.3 oz) Frosted,cylinder-9ml-frosted-13-415,348031ec723efcc7ac8505cc5a21d8ad90e421ac3e35ac600092b7f7a1183db1,kit_complete,full,,live-prod-2026-09-20
GBTallCylFrst9SpryBluMatt,GB-CYL-FRS-9ML-03,GBTallCylFrst9SpryBluMatt,Cylinder 9 ml (0.3 oz) Frosted,cylinder-9ml-frosted-13-415,4e21d671f3293a93221d6ffa561a90e84fac489275fbfd4fe3389a7622c30f51,kit_complete,full,,live-prod-2026-09-20
GBTallCylFrst9SpryCuMatt,GB-CYL-FRS-9ML-04,GBTallCylFrst9SpryCuMatt,Cylinder 9 ml (0.3 oz) Frosted,cylinder-9ml-frosted-13-415,0141880c4cfb466e3101a8ba83d8b95c099a6c73c34975b5ee20975a88893b6c,kit_complete,full,,live-prod-2026-09-20
GBTallCylFrst9SpryGlMatt,GB-CYL-FRS-9ML-05,GBTallCylFrst9SpryGlMatt,Cylinder 9 ml (0.3 oz) Frosted,cylinder-9ml-frosted-13-415,b0745ceb43ca2ddd7a378c4a994b2f71929ce0236d0eb5d797177fb35211d4a3,kit_complete,full,,live-prod-2026-09-20
GBTallCylFrst9SpryGlSh,GB-CYL-FRS-9ML-06,GBTallCylFrst9SpryGlSh,Cylinder 9 ml (0.3 oz) Frosted,cylinder-9ml-frosted-13-415,1b8071a54a4e72ed4fa3506621dff53b56a22e8c1af5bf37cdc84a23db64f7ce,kit_complete,full,,live-prod-2026-09-20
GBTallCylFrst9SprySlMatt,GB-CYL-FRS-9ML-07,GBTallCylFrst9SprySlMatt,Cylinder 9 ml (0.3 oz) Frosted,cylinder-9ml-frosted-13-415,12ac293a951e4c57203700c8a53f6db287e9ccde76475743121c8e6342a8e933,kit_complete,full,,live-prod-2026-09-20
GBTallCylFrst9SprySlSh,GB-CYL-FRS-9ML-08,GBTallCylFrst9SprySlSh,Cylinder 9 ml (0.3 oz) Frosted,cylinder-9ml-frosted-13-415,909eb7933295106b230bce507b73b27ad086a2c3bad513a81cb7f02783b73c2c,kit_complete,full,,live-prod-2026-09-20
GBTallCylFrst9WhtSht,GB-CYL-FRS-9ML-S-02,GBTallCylFrst9WhtSht,Cylinder 9 ml (0.3 oz) Frosted,cylinder-9ml-frosted-13-415,dd530cd73496a0a7b5ecd69032a223f963f21117bcdb30bf6895b35600e030a9,kit_complete,capSplit,,live-prod-2026-09-20
LBCylFrst9LtnBlk,LB-CYL-FRS-9ML-LPM-BLK,LBCylFrst9LtnBlk,Cylinder 9 ml (0.3 oz) Frosted,cylinder-9ml-frosted-17-415,9140fa566ec8731bca51a9b7890d0847f7b41f32b6210f078b2c3ab103f9d129,kit_complete,full,,live-prod-2026-09-20
LBCylFrst9LtnGl,LB-CYL-FRS-9ML-LPM-GLD,LBCylFrst9LtnGl,Cylinder 9 ml (0.3 oz) Frosted,cylinder-9ml-frosted-17-415,59998887bf6ae1a3b726028692dd35dd60bcf18e3e4b639e9f59c05bbe7d37f4,kit_complete,full,,live-prod-2026-09-20
LBCylFrst9LtnMtSl,LB-CYL-FRS-9ML-LPM-MSLV,LBCylFrst9LtnMtSl,Cylinder 9 ml (0.3 oz) Frosted,cylinder-9ml-frosted-17-415,23b4f238b0ce53eec221589b7d540c21201368d78347fc4cc61da3b521105048,kit_complete,full,,live-prod-2026-09-20
GBCylSwrl9MtlRollBlkDot,GB-CYL-CLR-9ML-MRL-BKDT-01,GBCylSwrl9MtlRollBlkDot,Cylinder 9 ml (0.3 oz) Swirl,cylinder-9ml-swirl-17-415,0ffef9520e1faa2cbccce47054affee78ae3b8ab4bc9ecefa0a541b7d0af1191,kit_complete,full,,live-prod-2026-09-20
GBCylSwrl9MtlRollMattCu,GB-CYL-CLR-9ML-MRL-MCPR-01,GBCylSwrl9MtlRollMattCu,Cylinder 9 ml (0.3 oz) Swirl,cylinder-9ml-swirl-17-415,b65ed51deaff9745932edcc77e1fd4ff35177f56c67a04688f2eb553f62d336f,kit_complete,full,,live-prod-2026-09-20
GBCylSwrl9MtlRollMattGl,GB-CYL-CLR-9ML-MRL-MGLD-01,GBCylSwrl9MtlRollMattGl,Cylinder 9 ml (0.3 oz) Swirl,cylinder-9ml-swirl-17-415,48d5c71b4fd66e4b915b282ec8d52f36226fc32000c38c7820892b13e9776f58,kit_complete,full,,live-prod-2026-09-20
GBCylSwrl9MtlRollMattSl,GB-CYL-CLR-9ML-MRL-MSLV-02,GBCylSwrl9MtlRollMattSl,Cylinder 9 ml (0.3 oz) Swirl,cylinder-9ml-swirl-17-415,46e312969f2aef9955b23de935f5bae30a6d9b3758ba50c0348807b6e5063a2e,kit_complete,full,,live-prod-2026-09-20
GBCylSwrl9MtlRollPnkDot,GB-CYL-CLR-9ML-MRL-PKDT-01,GBCylSwrl9MtlRollPnkDot,Cylinder 9 ml (0.3 oz) Swirl,cylinder-9ml-swirl-17-415,fe5a0c23bcd58484fbcd2d95586e4a94c1c11fd817ba683552989b5f6246c5a1,kit_complete,full,,live-prod-2026-09-20
GBCylSwrl9MtlRollShBlk,GB-CYL-CLR-9ML-MRL-SBLK-01,GBCylSwrl9MtlRollShBlk,Cylinder 9 ml (0.3 oz) Swirl,cylinder-9ml-swirl-17-415,b76c6d4ca20eb5456f135b7f5b8964ec49563d9037c22e58c5d35973cc39c49a,kit_complete,full,,live-prod-2026-09-20
GBCylSwrl9MtlRollShnGl,GB-CYL-CLR-9ML-MRL-SGLD-01,GBCylSwrl9MtlRollShnGl,Cylinder 9 ml (0.3 oz) Swirl,cylinder-9ml-swirl-17-415,593175769fb3a1e559a34118aee180ae53e6c15f5c52b19f9943abb05b630bf3,kit_complete,full,,live-prod-2026-09-20
GBCylSwrl9MtlRollShnSl,GB-CYL-CLR-9ML-MRL-SSLV-01,GBCylSwrl9MtlRollShnSl,Cylinder 9 ml (0.3 oz) Swirl,cylinder-9ml-swirl-17-415,b87aa7ffd34bb935b648f1d7d0a07f8d07fd88bebd88d5afe615f5a97011a4ac,kit_complete,full,,live-prod-2026-09-20
GBCylSwrl9MtlRollSlDot,GB-CYL-CLR-9ML-MRL-SLDT-01,GBCylSwrl9MtlRollSlDot,Cylinder 9 ml (0.3 oz) Swirl,cylinder-9ml-swirl-17-415,3e26ddcbfef01a41c2e48d44bb56f33499c7da8e44acb48fad63181df071f8f2,kit_complete,full,,live-prod-2026-09-20
GBCylSwrl9MtlRollWht,GB-CYL-WHT-9ML-MRL-WHT,GBCylSwrl9MtlRollWht,Cylinder 9 ml (0.3 oz) Swirl,cylinder-9ml-swirl-17-415,c83055b117abd7b9c622ce92eb36b7b751caa4a62447e8ebe9ae25db00a10d32,kit_complete,full,,live-prod-2026-09-20
GBCylSwrl9RollBlkDot,GB-CYL-CLR-9ML-ROL-BKDT-01,GBCylSwrl9RollBlkDot,Cylinder 9 ml (0.3 oz) Swirl,cylinder-9ml-swirl-17-415,54043bcbc6de71652bd9fca468638549fe68d34d181f7df747600f71c8d4c354,kit_complete,full,,live-prod-2026-09-20
GBCylSwrl9RollMattCu,GB-CYL-CLR-9ML-ROL-MCPR-01,GBCylSwrl9RollMattCu,Cylinder 9 ml (0.3 oz) Swirl,cylinder-9ml-swirl-17-415,13f8e43d30b1f53e6806842cd1278449263e619f56550da1804646c995ae8511,no_kit,,No productKits row served for current published plate (forSkus null),live-prod-2026-09-20
GBCylSwrl9RollMattGl,GB-CYL-CLR-9ML-ROL-MGLD-01,GBCylSwrl9RollMattGl,Cylinder 9 ml (0.3 oz) Swirl,cylinder-9ml-swirl-17-415,c1ff26e4c217b0eaf9d550dbec8b8b6932cadaa41b164f9de4aac6817c75781b,no_kit,,No productKits row served for current published plate (forSkus null),live-prod-2026-09-20
GBCylSwrl9RollMattSl,GB-CYL-CLR-9ML-ROL-MSLV-01,GBCylSwrl9RollMattSl,Cylinder 9 ml (0.3 oz) Swirl,cylinder-9ml-swirl-17-415,f169853f7c3d0aaafcbdcef2dedc2918227f102640638fdd71698cbd12c78a51,no_kit,,No productKits row served for current published plate (forSkus null),live-prod-2026-09-20
GBCylSwrl9RollPnkDot,GB-CYL-CLR-9ML-ROL-PKDT-01,GBCylSwrl9RollPnkDot,Cylinder 9 ml (0.3 oz) Swirl,cylinder-9ml-swirl-17-415,a5df7646d4bd9b4aeb69f1603bdbcdb4179789abb3cf5720a209e34019a3265b,kit_complete,full,,live-prod-2026-09-20
GBCylSwrl9RollShBlk,GB-CYL-CLR-9ML-ROL-SBLK-01,GBCylSwrl9RollShBlk,Cylinder 9 ml (0.3 oz) Swirl,cylinder-9ml-swirl-17-415,9e71a03c727b8ae2e348506d1b52427f2488d905c34758963888f1f0c3f14a5c,no_kit,,No productKits row served for current published plate (forSkus null),live-prod-2026-09-20
GBCylSwrl9RollShnGl,GB-CYL-CLR-9ML-ROL-SGLD-01,GBCylSwrl9RollShnGl,Cylinder 9 ml (0.3 oz) Swirl,cylinder-9ml-swirl-17-415,640c8c07314edaf8430193385f29e617fb3eeabd2524173c030f7c6878b96793,no_kit,,No productKits row served for current published plate (forSkus null),live-prod-2026-09-20
GBCylSwrl9RollShnSl,GB-CYL-CLR-9ML-ROL-SSLV-01,GBCylSwrl9RollShnSl,Cylinder 9 ml (0.3 oz) Swirl,cylinder-9ml-swirl-17-415,d76275d270a0e56e38cbefc07507b896ada2635663d2ec9882f98c8f635ddd87,no_kit,,No productKits row served for current published plate (forSkus null),live-prod-2026-09-20
GBCylSwrl9RollSlDot,GB-CYL-CLR-9ML-ROL-SLDT-01,GBCylSwrl9RollSlDot,Cylinder 9 ml (0.3 oz) Swirl,cylinder-9ml-swirl-17-415,167a9a5001d1b64f389a5a83c54cb8d4c97a33891ddbfec26fe4c0b22b423348,kit_complete,full,,live-prod-2026-09-20
GBCylSwrl9RollWht,GB-CYL-WHT-9ML-ROL-WHT,GBCylSwrl9RollWht,Cylinder 9 ml (0.3 oz) Swirl,cylinder-9ml-swirl-17-415,46d1c9d95edddf0953811df02e1ddef05ea06f97632c4dd76aebab8823c35820,no_kit,,No productKits row served for current published plate (forSkus null),live-prod-2026-09-20
GBCylSwrl9SpryBlk,GB-CYL-BLK-9ML-SPR-BLK,GBCylSwrl9SpryBlk,Cylinder 9 ml (0.3 oz) Swirl,cylinder-9ml-swirl-17-415,d4e46c42159dd66e08508082407f3bf834c3ea26c86af42924a517e63f08c13e,kit_complete,full,,live-prod-2026-09-20
GBCylSwrl9SpryGl,GB-CYL-CLR-9ML-SPR-GLD,GBCylSwrl9SpryGl,Cylinder 9 ml (0.3 oz) Swirl,cylinder-9ml-swirl-17-415,33763486a424db107893ce2d3aea13a73935adcdc0eb6ddba39b55ff6219d311,kit_complete,full,,live-prod-2026-09-20
GBCylSwrl9SpryMattSl,GB-CYL-CLR-9ML-SPR-MSLV-01,GBCylSwrl9SpryMattSl,Cylinder 9 ml (0.3 oz) Swirl,cylinder-9ml-swirl-17-415,ee1df37683b1bcf9a16f8b5a46536976c6d2459727003261b0d26bc5f03791e7,kit_complete,full,,live-prod-2026-09-20
GBCylSwrl9SpryRd,GB-CYL-CLR-9ML-SPR-RED,GBCylSwrl9SpryRd,Cylinder 9 ml (0.3 oz) Swirl,cylinder-9ml-swirl-17-415,45a91592a6e9c4380d88be0191878f76964e42877da02dbded32c59e259e6c82,kit_complete,full,,live-prod-2026-09-20
GBCylSwrl9SpryShSl,GB-CYL-CLR-9ML-SPR-SSLV-01,GBCylSwrl9SpryShSl,Cylinder 9 ml (0.3 oz) Swirl,cylinder-9ml-swirl-17-415,a2b1a50810f77372c6ee0220b0902d3918617ebcf5353f00edd59eea6aeffa3e,kit_complete,full,,live-prod-2026-09-20
GBCylSwrl9SpryTur,GB-CYL-CLR-9ML-T-27,GBCylSwrl9SpryTur,Cylinder 9 ml (0.3 oz) Swirl,cylinder-9ml-swirl-17-415,c4cfaa728a5b56923c69f7a267b0fc443992f40df7da93e7e816ec1480826206,kit_complete,full,,live-prod-2026-09-20
LBCylSwrl9LtnBlk,LB-CYL-BLK-9ML-LPM-BLK,LBCylSwrl9LtnBlk,Cylinder 9 ml (0.3 oz) Swirl,cylinder-9ml-swirl-17-415,f5946bb0e09a4f4a4ed90cd27a55d0ef19ab58c365fa1c7013c8a52b64e34b09,kit_complete,full,,live-prod-2026-09-20
LBCylSwrl9LtnGl,LB-CYL-CLR-9ML-LPM-GLD,LBCylSwrl9LtnGl,Cylinder 9 ml (0.3 oz) Swirl,cylinder-9ml-swirl-17-415,8ed984c344a5167133147aaea464c0d06f76e535363d356ce3fcfe949df9daa0,kit_complete,full,,live-prod-2026-09-20
LBCylSwrl9LtnMtSl,LB-CYL-CLR-9ML-LPM-MSLV,LBCylSwrl9LtnMtSl,Cylinder 9 ml (0.3 oz) Swirl,cylinder-9ml-swirl-17-415,cc394f0c0b5ed6917fb10520edf9e3df8ffacbeea96a74dff80906a67a721240,kit_complete,full,,live-prod-2026-09-20
GBMtlMrblLarge,GB-DEC-CLR-10ML-T,GBMtlMrblLarge,Decorative 10ml Clear 17 52mm,decorative-10ml-clear-17-52mm,79f8b1fb0a2647acb66acc57bce28ee774f437d51f466c2d1a344f00fa85f7f3,no_kit,,No productKits row served for current published plate (forSkus null),live-prod-2026-09-20
GB1ozGenieCl,GB-GNI-CLR-32ML,GB1ozGenieCl,Decorative 32ml Clear Ground,decorative-32ml-clear-ground,32a07ccf004bd15b10f392c7f2dde216e7bb0fbd69d4899023b442aa349977e8,no_kit,,No productKits row served for current published plate (forSkus null),live-prod-2026-09-20
GB1ozGenieBl,GB-GNI-BLU-32ML,GB1ozGenieBl,Decorative 32ml Cobalt Blue Ground,decorative-32ml-cobalt-blue-ground,6ffb69a7402b29b36f0e5ef2d52622e55010ec0c8feb68db6b5e8f88b412a801,no_kit,,No productKits row served for current published plate (forSkus null),live-prod-2026-09-20
GBCB12ozPear,GB-DEC-CLR-355ML-T,GBCB12ozPear,Decorative 355ml Clear Ground,decorative-355ml-clear-ground,48cc12afba38433b245086972ed9ccc008477b4927fdc8258776f11c792611b0,no_kit,,No productKits row served for current published plate (forSkus null),live-prod-2026-09-20
GBEternalFlameClear,GB-ETF-CLR-35ML,GBEternalFlameClear,Decorative 35ml Clear Ground,decorative-35ml-clear-ground,dd45f1fe8f1f512822fb5f4ca6b51a8b05638288dee5b1624eb992d7f9942491,no_kit,,No productKits row served for current published plate (forSkus null),live-prod-2026-09-20
GBEternalFlameBlue,GB-ETF-BLU-35ML,GBEternalFlameBlue,Decorative 35ml Cobalt Blue Ground,decorative-35ml-cobalt-blue-ground,944026f3c095b751bca1f1634b046b06d6dacc016809f9df995563bf0eb77b26,no_kit,,No productKits row served for current published plate (forSkus null),live-prod-2026-09-20
GBEternalFlameGreen,GB-ETF-GRN-35ML,GBEternalFlameGreen,Decorative 35ml Green Ground,decorative-35ml-green-ground,89528509574b25ba048ef274b7af3c4453b017895f9876f1192ad699e0d0f092,no_kit,,No productKits row served for current published plate (forSkus null),live-prod-2026-09-20
GB3TPlGl,GB-DEC-CLR-3ML-T,GB3TPlGl,Decorative 3ml Clear 14 3mm,decorative-3ml-clear-14-3mm,de638fefaee75d4d7dbae8aae2c84e5bc1400718ef4693f30f1cf7170aa8674e,no_kit,,No productKits row served for current published plate (forSkus null),live-prod-2026-09-20
GBHeartFrst4KeyGld,GB-DEC-FRS-4ML-GST-GLD-T,GBHeartFrst4KeyGld,Decorative 4ml Frosted 8mm,decorative-4ml-frosted-8mm,d6a4d180cb8ac89383b28a0c280825e3ccbba83cee8a87ad96a0ec1cae027aa4,kit_complete,full,,live-prod-2026-09-20
GBHeartFrst4TslRed,GB-DEC-FRS-4ML-GST-RED-T,GBHeartFrst4TslRed,Decorative 4ml Frosted 8mm,decorative-4ml-frosted-8mm,1a4f9c19bf8b516b14ca923fb8c075db7a646b3752a9c510ead421ee2401a4e8,no_kit,,No productKits row served for current published plate (forSkus null),live-prod-2026-09-20
GBMtlMrblSmall,GB-DEC-CLR-5ML-T,GBMtlMrblSmall,Decorative 5ml Clear 17 52mm,decorative-5ml-clear-17-52mm,9c5f59c099e9e4d3790287c3d48eecea46b00b175eca8e89229d478597deedff,no_kit,,No productKits row served for current published plate (forSkus null),live-prod-2026-09-20
GB6TPlGl,GB-DEC-CLR-6ML-T,GB6TPlGl,Decorative 6ml Clear 14 3mm,decorative-6ml-clear-14-3mm,d82ca4bb5b8e3d7a18427ba74d5e39bbdf972fb010cc00f76bb425f9a9ef3bf1,no_kit,,No productKits row served for current published plate (forSkus null),live-prod-2026-09-20
GBDmnd2ozAnSpBlk,GB-DMD-CLR-60ML-ASP-BLK,GBDmnd2ozAnSpBlk,Diamond 60ml Clear 18 415,diamond-60ml-clear-18-415,3bfe751684f8306d0fd8c908d3fee003c7b878a6013be64a8c660d0f3c1ff999,kit_complete,full,,live-prod-2026-09-20
GBDmnd2ozAnSpGl,GB-DMD-CLR-60ML-ASP-GLD,GBDmnd2ozAnSpGl,Diamond 60ml Clear 18 415,diamond-60ml-clear-18-415,097eee533b3b40dcfd5971bc6fbf45aa39e89fbf3b0295b666ebeee3cb911117,kit_complete,full,,live-prod-2026-09-20
GBDmnd2ozAnSpIvyGl,GB-DMD-CLR-60ML-ASP-IVGD,GBDmnd2ozAnSpIvyGl,Diamond 60ml Clear 18 415,diamond-60ml-clear-18-415,d61a1d1391b8928d8a1c92cee50e6f25e9c0c6404d429b0fdcf9dc3b8b2c3467,kit_complete,full,,live-prod-2026-09-20
GBDmnd2ozAnSpIvySl,GB-DMD-CLR-60ML-ASP-IVSL,GBDmnd2ozAnSpIvySl,Diamond 60ml Clear 18 415,diamond-60ml-clear-18-415,c14f5b0fe4d633ff3f57769149541ff6c5848c223e9d60d31daf1cbea1423edf,kit_complete,full,,live-prod-2026-09-20
GBDmnd2ozAnSpLvn,GB-DMD-CLR-60ML-ASP-LVN,GBDmnd2ozAnSpLvn,Diamond 60ml Clear 18 415,diamond-60ml-clear-18-415,7e579ba60b909c28815f842062fec17d90c624e4236c6b62e94cf3bb3fd2f558,kit_complete,full,,live-prod-2026-09-20
GBDmnd2ozAnSpMtSl,GB-DMD-CLR-60ML-ASP-MSLV,GBDmnd2ozAnSpMtSl,Diamond 60ml Clear 18 415,diamond-60ml-clear-18-415,f26e802f32b9ef548a490c01d6c894e17c7d0c12b3bb9c79377a8baa501c65d3,kit_complete,full,,live-prod-2026-09-20
GBDmnd2ozAnSpPnk,GB-DMD-CLR-60ML-ASP-PNK,GBDmnd2ozAnSpPnk,Diamond 60ml Clear 18 415,diamond-60ml-clear-18-415,5f2fa15a671783704ca53fb0746c0dc92509dcf50ab9cf5369c8e6e2c4a7b0d4,kit_complete,full,,live-prod-2026-09-20
GBDmnd2ozAnSpRed,GB-DMD-CLR-60ML-ASP-RED,GBDmnd2ozAnSpRed,Diamond 60ml Clear 18 415,diamond-60ml-clear-18-415,9e830ff014a94699c62aa71750b67ed6c7d6893454e90d40c520bce8fad7d7ee,kit_complete,full,,live-prod-2026-09-20
GBDmnd2ozAnSpTslBlk,GB-DMD-CLR-60ML-AST-BLK,GBDmnd2ozAnSpTslBlk,Diamond 60ml Clear 18 415,diamond-60ml-clear-18-415,1c882c443abfd31fbf75db0caf8c5c6237703e883035401a4df01c14e52f3174,no_kit,,No productKits row served for current published plate (forSkus null),live-prod-2026-09-20
GBDmnd2ozAnSpTslGl,GB-DMD-CLR-60ML-AST-GLD,GBDmnd2ozAnSpTslGl,Diamond 60ml Clear 18 415,diamond-60ml-clear-18-415,aeefe80dd64c369f5b112adde6805d166c7af2f9d5b0a589890adf517fb40895,no_kit,,No productKits row served for current published plate (forSkus null),live-prod-2026-09-20
GBDmnd2ozAnSpTslIvyGl,GB-DMD-CLR-60ML-AST-IVGD,GBDmnd2ozAnSpTslIvyGl,Diamond 60ml Clear 18 415,diamond-60ml-clear-18-415,9654d9e4afb903b8d1caaf05bf0addd49c6ae6592b40eee26170a4957a1d466a,kit_complete,full,,live-prod-2026-09-20
GBDmnd2ozAnSpTslIvySl,GB-DMD-CLR-60ML-AST-IVSL,GBDmnd2ozAnSpTslIvySl,Diamond 60ml Clear 18 415,diamond-60ml-clear-18-415,a28645f870f7937196e89c941b99e1869f8b38113325fe29981605e011579b2c,no_kit,,No productKits row served for current published plate (forSkus null),live-prod-2026-09-20
GBDmnd2ozAnSpTslLvn,GB-DMD-CLR-60ML-AST-LVN,GBDmnd2ozAnSpTslLvn,Diamond 60ml Clear 18 415,diamond-60ml-clear-18-415,061d9f80f196c0a705e32b5841a4bdd596d5f73b77f53dc3d6d3694580f3e3ca,kit_complete,full,,live-prod-2026-09-20
GBDmnd2ozAnSpTslMtSl,GB-DMD-CLR-60ML-AST-MSLV,GBDmnd2ozAnSpTslMtSl,Diamond 60ml Clear 18 415,diamond-60ml-clear-18-415,fa5892aeb166406b6a14ee0159c6f0fc01ac099f21d4396728a5f4f62574d4a7,no_kit,,No productKits row served for current published plate (forSkus null),live-prod-2026-09-20
GBDmnd2ozAnSpTslPnk,GB-DMD-CLR-60ML-AST-PNK,GBDmnd2ozAnSpTslPnk,Diamond 60ml Clear 18 415,diamond-60ml-clear-18-415,241b69d52ffb0640942dbe15a11e26e33a484e2905933c7f08c0940d7c06b1d6,no_kit,,No productKits row served for current published plate (forSkus null),live-prod-2026-09-20
GBDmnd2ozAnSpTslRed,GB-DMD-CLR-60ML-AST-RED,GBDmnd2ozAnSpTslRed,Diamond 60ml Clear 18 415,diamond-60ml-clear-18-415,5afc64f9b151d5a482056be183e633576da3bec01dcdbbf10f44d8c0f1a6c00c,no_kit,,No productKits row served for current published plate (forSkus null),live-prod-2026-09-20
GBDmnd2ozAnSpTslWht,GB-DMD-CLR-60ML-AST-WHT,GBDmnd2ozAnSpTslWht,Diamond 60ml Clear 18 415,diamond-60ml-clear-18-415,0d40529be4035546dfba964536befccc68c6912a4d7f619927fcc9b7823a18ce,no_kit,,No productKits row served for current published plate (forSkus null),live-prod-2026-09-20
GBDmnd2ozAnSpWht,GB-DMD-CLR-60ML-ASP-WHT,GBDmnd2ozAnSpWht,Diamond 60ml Clear 18 415,diamond-60ml-clear-18-415,68d456cef71d6789558a55ad315cda23dff917b9e744bf5dec8490de666a51c2,kit_complete,full,,live-prod-2026-09-20
GBDmnd2ozRdcrBlkLthr,GB-DMD-CLR-60ML-RDC-BKLT,GBDmnd2ozRdcrBlkLthr,Diamond 60ml Clear 18 415,diamond-60ml-clear-18-415,f52a1e1054d5c1958d4ea127ec7a42818d47a7921dcd3718d37e16e9a780e3ea,kit_complete,full,,live-prod-2026-09-20
GBDmnd2ozRdcrBrwnLthr,GB-DMD-CLR-60ML-RDC-BRLT,GBDmnd2ozRdcrBrwnLthr,Diamond 60ml Clear 18 415,diamond-60ml-clear-18-415,855aef308d4a6dd8e083e24744c8c667f6c9b541327c74baccd4c4b4dff0ca17,kit_complete,full,,live-prod-2026-09-20
GBDmnd2ozRdcrIvyLthr,GB-DMD-CLR-60ML-RDC-IVLT,GBDmnd2ozRdcrIvyLthr,Diamond 60ml Clear 18 415,diamond-60ml-clear-18-415,a1876f126918e93311dabdff791d96fff98cf486de2a1d3e53988c6bb5436478,kit_complete,full,,live-prod-2026-09-20
GBDmnd2ozRdcrLBrwnLthr,GB-DMD-CLR-60ML-RDC-LBLT,GBDmnd2ozRdcrLBrwnLthr,Diamond 60ml Clear 18 415,diamond-60ml-clear-18-415,a15fd31017628107f922856599b052aa4d0b4483327fab1a85824287e85cb08d,kit_complete,full,,live-prod-2026-09-20
GBDmnd2ozRdcrMtSl,GB-DMD-CLR-60ML-RDC-MSLV,GBDmnd2ozRdcrMtSl,Diamond 60ml Clear 18 415,diamond-60ml-clear-18-415,38a06afdd5d632c9d1ac741a752769233397a8c8b7750c7ead0018bfc4b776a2,kit_complete,full,,live-prod-2026-09-20
GBDmnd2ozRdcrMtSlTall,GB-DMD-CLR-60ML-RDC-MSLV-T,GBDmnd2ozRdcrMtSlTall,Diamond 60ml Clear 18 415,diamond-60ml-clear-18-415,4ab929754cde1a3a8cbff991dbbbc880aeda7a1dc6df5d20f1360c870b144a42,kit_complete,full,,live-prod-2026-09-20
GBDmnd2ozRdcrPnkLthr,GB-DMD-CLR-60ML-RDC-PKLT,GBDmnd2ozRdcrPnkLthr,Diamond 60ml Clear 18 415,diamond-60ml-clear-18-415,8e1b90de4e72a389c5f47d3b3714431f4eb3df98d715908b9bb5333f0e3584ef,kit_complete,full,,live-prod-2026-09-20
GBDmnd2ozRdcrShnBlk,GB-DMD-CLR-60ML-RDC-SBLK,GBDmnd2ozRdcrShnBlk,Diamond 60ml Clear 18 415,diamond-60ml-clear-18-415,b2699e1b71614345d2e60ac532e614f03264bf5868403e9968ea02fcdf566a74,kit_complete,full,,live-prod-2026-09-20
GBDmnd2ozRdcrShnBlkTall,GB-DMD-CLR-60ML-RDC-SBLK-T,GBDmnd2ozRdcrShnBlkTall,Diamond 60ml Clear 18 415,diamond-60ml-clear-18-415,ca9a302bb8098a3b50f94c2ad48a3287abf6946e1827152036bba8aa5aab790f,kit_complete,full,,live-prod-2026-09-20
GBDmnd2ozRdcrShnGl,GB-DMD-CLR-60ML-RDC-SGLD,GBDmnd2ozRdcrShnGl,Diamond 60ml Clear 18 415,diamond-60ml-clear-18-415,bba5396b91a4cc8d17847fcc30d7eb2d53f92ce613d61338429debfdac42759f,kit_complete,full,,live-prod-2026-09-20
GBDmnd2ozRdcrShnSl,GB-DMD-CLR-60ML-RDC-SSLV,GBDmnd2ozRdcrShnSl,Diamond 60ml Clear 18 415,diamond-60ml-clear-18-415,6ce924554078a18650c3919e8653efa6b21e2ae5893206335860fe1a9ff6c082,kit_complete,full,,live-prod-2026-09-20
GBDmnd2ozRdcrWht,GB-DMD-CLR-60ML-RDC-WHT,GBDmnd2ozRdcrWht,Diamond 60ml Clear 18 415,diamond-60ml-clear-18-415,5bac00e3c8aa0a08a10ab6ab08ff657872e98bfb79804e791d2a0168852d5cc4,kit_complete,full,,live-prod-2026-09-20
GBDmnd2ozSpryCu,GB-DMD-CLR-60ML-SPR-CPR,GBDmnd2ozSpryCu,Diamond 60ml Clear 18 415,diamond-60ml-clear-18-415,c259a73383adc5b3f3099773ee9899ff0932504539bc07598f7dbae644d2d40e,no_kit,,No productKits row served for current published plate (forSkus null),live-prod-2026-09-20
GBDmnd2ozSpryMtGl,GB-DMD-CLR-60ML-SPR-MGLD,GBDmnd2ozSpryMtGl,Diamond 60ml Clear 18 415,diamond-60ml-clear-18-415,32ec7744ea2cf3d30dd6607af7bb1e7b35c2011b924afe2602008aa413fbe0f6,kit_complete,full,,live-prod-2026-09-20
GBDmnd2ozSpryMtSl,GB-DMD-CLR-60ML-SPR-MSLV,GBDmnd2ozSpryMtSl,Diamond 60ml Clear 18 415,diamond-60ml-clear-18-415,0a0f6c8f476c99c45b3d6faf840ff3eff2286b43a3d8263c7e8fd3b7101d1fce,kit_complete,full,,live-prod-2026-09-20
GBDmnd2ozSpryShnBlk,GB-DMD-CLR-60ML-SPR-SBLK,GBDmnd2ozSpryShnBlk,Diamond 60ml Clear 18 415,diamond-60ml-clear-18-415,dbd054f4ea9948fa4e4da69fb755f61735f1ec28b60ef708abd50d7f6c1760df,kit_complete,full,,live-prod-2026-09-20
GBDmnd2ozSpryShnGl,GB-DMD-CLR-60ML-SPR-SGLD,GBDmnd2ozSpryShnGl,Diamond 60ml Clear 18 415,diamond-60ml-clear-18-415,1643a1e787b5af8fef46b35b6636f9d706abca3c2de6710e93885092a190f068,kit_complete,full,,live-prod-2026-09-20
GBDmnd2ozSpryShnSl,GB-DMD-CLR-60ML-SPR-SSLV,GBDmnd2ozSpryShnSl,Diamond 60ml Clear 18 415,diamond-60ml-clear-18-415,e673efcfd6bde25135fc3a9d6cb5c6af6849628d6feed17b424c8ae0cc6d30ce,kit_complete,full,,live-prod-2026-09-20
LBDmnd2ozLtnClOvrCap,LB-DMD-CLR-60ML-LPM-COCP,LBDmnd2ozLtnClOvrCap,Diamond 60ml Clear 18 415,diamond-60ml-clear-18-415,2b531dad35aa35a01c2ae2dfebff69a2a863d525f71d3b550d38729aa8c7fcd9,no_kit,,No productKits row served for current published plate (forSkus null),live-prod-2026-09-20
LBDmnd2ozLtnCu,LB-DMD-CLR-60ML-LPM-CPR,LBDmnd2ozLtnCu,Diamond 60ml Clear 18 415,diamond-60ml-clear-18-415,fb2c77121e9e7db135ee394d55237b7c52198b07d2380209baeb88fb9d5fd38f,no_kit,,No productKits row served for current published plate (forSkus null),live-prod-2026-09-20
LBDmnd2ozLtnMtGl,LB-DMD-CLR-60ML-LPM-MGLD,LBDmnd2ozLtnMtGl,Diamond 60ml Clear 18 415,diamond-60ml-clear-18-415,22910576801d963ada960740f3f4f15766b80df9382a5fd179225357eb29440f,no_kit,,No productKits row served for current published plate (forSkus null),live-prod-2026-09-20
LBDmnd2ozLtnMtSl,LB-DMD-CLR-60ML-LPM-MSLV,LBDmnd2ozLtnMtSl,Diamond 60ml Clear 18 415,diamond-60ml-clear-18-415,bd543194743b782fceda8933c5c45737ac33d9f600690e5ed7f4cf647e447819,kit_complete,full,,live-prod-2026-09-20
LBDmnd2ozLtnShnBlk,LB-DMD-CLR-60ML-LPM-SBLK,LBDmnd2ozLtnShnBlk,Diamond 60ml Clear 18 415,diamond-60ml-clear-18-415,d30dbc9df61e446d8849f4add59d36f618916ecf5a655ad4ce58e04320f8bfb2,no_kit,,No productKits row served for current published plate (forSkus null),live-prod-2026-09-20
LBDmnd2ozLtnShnGl,LB-DMD-CLR-60ML-LPM-SGLD,LBDmnd2ozLtnShnGl,Diamond 60ml Clear 18 415,diamond-60ml-clear-18-415,f622ccc1989e03cbec00a895af23be0ffc6059f50cfa5fa3ac4a7215c8d05e3f,no_kit,,No productKits row served for current published plate (forSkus null),live-prod-2026-09-20
LBDmnd2ozLtnShnSl,LB-DMD-CLR-60ML-LPM-SSLV,LBDmnd2ozLtnShnSl,Diamond 60ml Clear 18 415,diamond-60ml-clear-18-415,d8d083f49948710c4aa6698c2241c3b8fdcde4ff3696b4566ac0737e0fe1f70a,no_kit,,No productKits row served for current published plate (forSkus null),live-prod-2026-09-20
GBDiva100AnSpBlk,GB-DVA-CLR-100ML-ASP-BLK,GBDiva100AnSpBlk,Diva 100ml Clear 18 415,diva-100ml-clear-18-415,5450534acb0b9b36c9dd8143ace37393826b7b27876f5e9e4ecd2d29fe73f67d,kit_complete,full,,live-prod-2026-09-20
GBDiva100AnSpGl,GB-DVA-CLR-100ML-ASP-GLD,GBDiva100AnSpGl,Diva 100ml Clear 18 415,diva-100ml-clear-18-415,60e5ee6caceceae99aa356b0c8fb3fc18e9184e8b05e54905948e963b2f1472b,kit_complete,full,,live-prod-2026-09-20
GBDiva100AnSpIvyGl,GB-DVA-CLR-100ML-ASP-IVGD,GBDiva100AnSpIvyGl,Diva 100ml Clear 18 415,diva-100ml-clear-18-415,1f7ce43385623875757126f65738d449b7938ce33b5da4f132f1db8cad1516c3,kit_complete,full,,live-prod-2026-09-20
GBDiva100AnSpIvySl,GB-DVA-CLR-100ML-ASP-IVSL,GBDiva100AnSpIvySl,Diva 100ml Clear 18 415,diva-100ml-clear-18-415,07bff55d9f70c1619eec8437242aecf0e6ffb11afd5bdf94b4702311c1406671,kit_complete,full,,live-prod-2026-09-20
GBDiva100AnSpLvn,GB-DVA-CLR-100ML-ASP-LVN,GBDiva100AnSpLvn,Diva 100ml Clear 18 415,diva-100ml-clear-18-415,889282c25a2359e31d60357173ae732dde9d867aa09f240174a167a850a92b1e,kit_complete,full,,live-prod-2026-09-20
GBDiva100AnSpMtSl,GB-DVA-CLR-100ML-ASP-MSLV,GBDiva100AnSpMtSl,Diva 100ml Clear 18 415,diva-100ml-clear-18-415,135262f358e3f9069b880b6f54812734b15fcccbc041401e2f3bdfa7592854e5,kit_complete,full,,live-prod-2026-09-20
GBDiva100AnSpPnk,GB-DVA-CLR-100ML-ASP-PNK,GBDiva100AnSpPnk,Diva 100ml Clear 18 415,diva-100ml-clear-18-415,43b5a231de1c1da34cf53cdd576b896866c764967ca13d06ed41fec7666107a8,kit_complete,full,,live-prod-2026-09-20
GBDiva100AnSpRed,GB-DVA-CLR-100ML-ASP-RED,GBDiva100AnSpRed,Diva 100ml Clear 18 415,diva-100ml-clear-18-415,010eb102f932e0158f5dc4b92db8289e5ee43259558aaaabfc33f973f5511757,kit_complete,full,,live-prod-2026-09-20
GBDiva100AnSpTslBlk,GB-DVA-CLR-100ML-AST-BLK,GBDiva100AnSpTslBlk,Diva 100ml Clear 18 415,diva-100ml-clear-18-415,7236a0d0ae4318fc78abbe4647f17becd142253f53d87e56ad7cc48a8bbcc455,no_kit,,No productKits row served for current published plate (forSkus null),live-prod-2026-09-20
GBDiva100AnSpTslGl,GB-DVA-CLR-100ML-AST-GLD,GBDiva100AnSpTslGl,Diva 100ml Clear 18 415,diva-100ml-clear-18-415,c67e18bf083e28779f5d55ece6b832234f4ec8779d2917422c727ac58ff7913b,kit_complete,full,,live-prod-2026-09-20
GBDiva100AnSpTslIvyGl,GB-DVA-CLR-100ML-AST-IVGD,GBDiva100AnSpTslIvyGl,Diva 100ml Clear 18 415,diva-100ml-clear-18-415,9598416c7072b86d806477b30a02f74f85f86d89946b91ba2dd85ff88d0e3577,kit_complete,full,,live-prod-2026-09-20
GBDiva100AnSpTslIvySl,GB-DVA-CLR-100ML-AST-IVSL,GBDiva100AnSpTslIvySl,Diva 100ml Clear 18 415,diva-100ml-clear-18-415,01e1e1f69bdca1133547db6e46f6ec5998ae02884ca4d4fc47088ed90583e03f,no_kit,,No productKits row served for current published plate (forSkus null),live-prod-2026-09-20
GBDiva100AnSpTslLvn,GB-DVA-CLR-100ML-AST-LVN,GBDiva100AnSpTslLvn,Diva 100ml Clear 18 415,diva-100ml-clear-18-415,c64d7b307c09cb95373fab87d2dd9f9bcbbc18d015d563722cf74a0b4686a835,no_kit,,No productKits row served for current published plate (forSkus null),live-prod-2026-09-20
GBDiva100AnSpTslMtSl,GB-DVA-CLR-100ML-AST-MSLV,GBDiva100AnSpTslMtSl,Diva 100ml Clear 18 415,diva-100ml-clear-18-415,152220d8e03b90525c3f4da90e9f1854569878b99d56d7dced45e3f7544db82c,kit_complete,full,,live-prod-2026-09-20
GBDiva100AnSpTslPnk,GB-DVA-CLR-100ML-AST-PNK,GBDiva100AnSpTslPnk,Diva 100ml Clear 18 415,diva-100ml-clear-18-415,941b09c764a27998ec09a01b6eecdbb7f0aec3137f00e90e55490a7656a7fe00,no_kit,,No productKits row served for current published plate (forSkus null),live-prod-2026-09-20
GBDiva100AnSpTslRed,GB-DVA-CLR-100ML-AST-RED,GBDiva100AnSpTslRed,Diva 100ml Clear 18 415,diva-100ml-clear-18-415,a39e6e59413c69459831dd140f422e49f66118c637d860d14bee2ef5f097aa10,no_kit,,No productKits row served for current published plate (forSkus null),live-prod-2026-09-20
GBDiva100AnSpTslWht,GB-DVA-CLR-100ML-AST-WHT,GBDiva100AnSpTslWht,Diva 100ml Clear 18 415,diva-100ml-clear-18-415,faaf0df41ed1a1a827f6fd02476ab7e4ca3557b6d41f6087d953ad6204ad8c7f,no_kit,,No productKits row served for current published plate (forSkus null),live-prod-2026-09-20
GBDiva100AnSpWht,GB-DVA-CLR-100ML-ASP-WHT,GBDiva100AnSpWht,Diva 100ml Clear 18 415,diva-100ml-clear-18-415,ae18b533c2d0c200dcac9787a8d676599b90c8e8941613266d37a0a2be90bd5b,kit_complete,full,,live-prod-2026-09-20
GBDiva100RdcrBlkLthr,GB-DVA-CLR-100ML-RDC-BKLT,GBDiva100RdcrBlkLthr,Diva 100ml Clear 18 415,diva-100ml-clear-18-415,4dee75c3834f1bf3a62a43f7e398942030d39b7b4589e4626b48d9bcf1a82836,kit_complete,full,,live-prod-2026-09-20
GBDiva100RdcrBrwnLthr,GB-DVA-CLR-100ML-RDC-BRLT,GBDiva100RdcrBrwnLthr,Diva 100ml Clear 18 415,diva-100ml-clear-18-415,cdba4db845aed40ffc23efb65682378818a4e78bba2c3a8221ca0e5e279a19ad,kit_complete,full,,live-prod-2026-09-20
GBDiva100RdcrIvyLthr,GB-DVA-CLR-100ML-RDC-IVLT,GBDiva100RdcrIvyLthr,Diva 100ml Clear 18 415,diva-100ml-clear-18-415,95a8c516af2c36211bf2356b7a3c9c9d565a16d078139f2047b6fb1fb8537051,kit_complete,full,,live-prod-2026-09-20
GBDiva100RdcrLBrwnLthr,GB-DVA-CLR-100ML-RDC-LBLT,GBDiva100RdcrLBrwnLthr,Diva 100ml Clear 18 415,diva-100ml-clear-18-415,808529f819b73eb4175586004382b1df064f2710b8203e6e2e9bb16f1e96aceb,kit_complete,full,,live-prod-2026-09-20
GBDiva100RdcrMtSl,GB-DVA-CLR-100ML-RDC-MSLV,GBDiva100RdcrMtSl,Diva 100ml Clear 18 415,diva-100ml-clear-18-415,2db966f5d6c70331ecb4a23813b35730b2ba627916b677747477c17c271acff7,kit_complete,full,,live-prod-2026-09-20
GBDiva100RdcrMtSlTall,GB-DVA-CLR-100ML-RDC-MSLV-T,GBDiva100RdcrMtSlTall,Diva 100ml Clear 18 415,diva-100ml-clear-18-415,1ec22d13ffae3f1f0b20d4092a18ab5bd813b2c073f1cb26fb4f748b89e80617,kit_complete,full,,live-prod-2026-09-20
GBDiva100RdcrPnkLthr,GB-DVA-CLR-100ML-RDC-PKLT,GBDiva100RdcrPnkLthr,Diva 100ml Clear 18 415,diva-100ml-clear-18-415,cd70ff3c8f45ef6aa8be79e9673c81771e14dffbf4c8b51441bc5567cae2f597,kit_complete,full,,live-prod-2026-09-20
GBDiva100RdcrShnBlk,GB-DVA-CLR-100ML-RDC-SBLK,GBDiva100RdcrShnBlk,Diva 100ml Clear 18 415,diva-100ml-clear-18-415,e763ee7f137b30e9ab5939497cb8233c56ab234a81bdec43496bbbfc97e19a6e,no_kit,,No productKits row served for current published plate (forSkus null),live-prod-2026-09-20
GBDiva100RdcrShnBlkTall,GB-DVA-CLR-100ML-RDC-SBLK-T,GBDiva100RdcrShnBlkTall,Diva 100ml Clear 18 415,diva-100ml-clear-18-415,7c276a1b72af2a5ef1bd9b334ffe4abb0c176a4ad2d357bde88087802b4815fa,kit_complete,full,,live-prod-2026-09-20
GBDiva100RdcrShnGl,GB-DVA-CLR-100ML-RDC-SGLD,GBDiva100RdcrShnGl,Diva 100ml Clear 18 415,diva-100ml-clear-18-415,c08d3c296df38a44e5f2344a30ed37941efc34b4827c50c298ed387644e40a1c,kit_complete,full,,live-prod-2026-09-20
GBDiva100RdcrShnSl,GB-DVA-CLR-100ML-RDC-SSLV,GBDiva100RdcrShnSl,Diva 100ml Clear 18 415,diva-100ml-clear-18-415,b47501f5f4824a84b86c9c4c5c06945c9eb50f8e1757ddeb3a7d6ca0ef3006a2,kit_complete,full,,live-prod-2026-09-20
GBDiva100RdcrWht,GB-DVA-CLR-100ML-RDC-WHT,GBDiva100RdcrWht,Diva 100ml Clear 18 415,diva-100ml-clear-18-415,f991c48518346dccf3c22d5c225f2e1afd44196dcfe5ca74d18bf8a91c572a44,kit_complete,full,,live-prod-2026-09-20
GBDiva100SpryCu,GB-DVA-CLR-100ML-SPR-CPR,GBDiva100SpryCu,Diva 100ml Clear 18 415,diva-100ml-clear-18-415,efa60bf6016933360b215bc299999f2a93f1c7d20a7917b956d65f443b091a94,kit_complete,full,,live-prod-2026-09-20
GBDiva100SpryMtGl,GB-DVA-CLR-100ML-SPR-MGLD,GBDiva100SpryMtGl,Diva 100ml Clear 18 415,diva-100ml-clear-18-415,9020795f58c411a1633bb430446df904ce0801d15122ba216b3d10420c236940,kit_complete,full,,live-prod-2026-09-20
GBDiva100SpryMtSl,GB-DVA-CLR-100ML-SPR-MSLV,GBDiva100SpryMtSl,Diva 100ml Clear 18 415,diva-100ml-clear-18-415,7bd940d7bebde8c8c24ba78c14993217b43bcc069832a72b39364da09f4d8b28,kit_complete,full,,live-prod-2026-09-20
GBDiva100SpryShnBlk,GB-DVA-CLR-100ML-SPR-SBLK,GBDiva100SpryShnBlk,Diva 100ml Clear 18 415,diva-100ml-clear-18-415,410c75332829d1ab830cf9a3d193242d6858d1658e6c24f11d47478c3c3dae4f,kit_complete,full,,live-prod-2026-09-20
GBDiva100SpryShnGl,GB-DVA-CLR-100ML-SPR-SGLD,GBDiva100SpryShnGl,Diva 100ml Clear 18 415,diva-100ml-clear-18-415,61b01c9523ba3b63bf2e3d0a57a9e69e4d8e612e7604c951d11fc256fa7fd7eb,kit_complete,full,,live-prod-2026-09-20
GBDiva100SpryShnSl,GB-DVA-CLR-100ML-SPR-SSLV,GBDiva100SpryShnSl,Diva 100ml Clear 18 415,diva-100ml-clear-18-415,cadb3c4cff46f8e54fecb7a25c6d9217d36a0afccc9187e544d925a3a7702cf8,kit_complete,full,,live-prod-2026-09-20
LBDiva100LtnClOvrCap,LB-DVA-CLR-100ML-LPM-COCP,LBDiva100LtnClOvrCap,Diva 100ml Clear 18 415,diva-100ml-clear-18-415,885e9552372987cff7b02ed151dec3565e06d0551cef81d56563344ae1e9f34c,kit_complete,full,,live-prod-2026-09-20
LBDiva100LtnCu,LB-DVA-CLR-100ML-LPM-CPR,LBDiva100LtnCu,Diva 100ml Clear 18 415,diva-100ml-clear-18-415,efa60bf6016933360b215bc299999f2a93f1c7d20a7917b956d65f443b091a94,kit_complete,full,,live-prod-2026-09-20
LBDiva100LtnMtGl,LB-DVA-CLR-100ML-LPM-MGLD,LBDiva100LtnMtGl,Diva 100ml Clear 18 415,diva-100ml-clear-18-415,9020795f58c411a1633bb430446df904ce0801d15122ba216b3d10420c236940,kit_complete,full,,live-prod-2026-09-20
LBDiva100LtnMtSl,LB-DVA-CLR-100ML-LPM-MSLV,LBDiva100LtnMtSl,Diva 100ml Clear 18 415,diva-100ml-clear-18-415,7bd940d7bebde8c8c24ba78c14993217b43bcc069832a72b39364da09f4d8b28,kit_complete,full,,live-prod-2026-09-20
LBDiva100LtnShnBlk,LB-DVA-CLR-100ML-LPM-SBLK,LBDiva100LtnShnBlk,Diva 100ml Clear 18 415,diva-100ml-clear-18-415,410c75332829d1ab830cf9a3d193242d6858d1658e6c24f11d47478c3c3dae4f,kit_complete,full,,live-prod-2026-09-20
LBDiva100LtnShnGl,LB-DVA-CLR-100ML-LPM-SGLD,LBDiva100LtnShnGl,Diva 100ml Clear 18 415,diva-100ml-clear-18-415,61b01c9523ba3b63bf2e3d0a57a9e69e4d8e612e7604c951d11fc256fa7fd7eb,kit_complete,full,,live-prod-2026-09-20
LBDiva100LtnShnSl,LB-DVA-CLR-100ML-LPM-SSLV,LBDiva100LtnShnSl,Diva 100ml Clear 18 415,diva-100ml-clear-18-415,cadb3c4cff46f8e54fecb7a25c6d9217d36a0afccc9187e544d925a3a7702cf8,kit_complete,full,,live-prod-2026-09-20
GBDiva30AnSpBlk,GB-DVA-CLR-30ML-ASP-BLK,GBDiva30AnSpBlk,Diva 30ml Clear 18 415,diva-30ml-clear-18-415,c18ecfc9d46ffd866757e4e8945d7a922fe0d65774c07a3caccd55a76185b33e,kit_complete,full,,live-prod-2026-09-20
GBDiva30AnSpGl,GB-DVA-CLR-30ML-ASP-GLD,GBDiva30AnSpGl,Diva 30ml Clear 18 415,diva-30ml-clear-18-415,d91fec44c5e5094046206d935c691b908568ca5656210a364af2537d774b6628,kit_complete,full,,live-prod-2026-09-20
GBDiva30AnSpIvyGl,GB-DVA-CLR-30ML-ASP-IVGD,GBDiva30AnSpIvyGl,Diva 30ml Clear 18 415,diva-30ml-clear-18-415,86a1f623ae93d70fe4bd836f057fd12889347d45135cc1cde4153aed79cc5d2a,kit_complete,full,,live-prod-2026-09-20
GBDiva30AnSpIvySl,GB-DVA-CLR-30ML-ASP-IVSL,GBDiva30AnSpIvySl,Diva 30ml Clear 18 415,diva-30ml-clear-18-415,04b25af18e0e5207d06be7e62e4046cf3f5e4b3710b6154c9524db7749dc0192,kit_complete,full,,live-prod-2026-09-20
GBDiva30AnSpLvn,GB-DVA-CLR-30ML-ASP-LVN,GBDiva30AnSpLvn,Diva 30ml Clear 18 415,diva-30ml-clear-18-415,8744cd8b258e6e9cda84534893ce5eb248eed8f5a7824759f75176768c7c8d0f,kit_complete,full,,live-prod-2026-09-20
GBDiva30AnSpMtSl,GB-DVA-CLR-30ML-ASP-MSLV,GBDiva30AnSpMtSl,Diva 30ml Clear 18 415,diva-30ml-clear-18-415,b1aa756ff66a77b4d8ea56febe6ad79a6f89cbadc78788967141a7b7b083f367,kit_complete,full,,live-prod-2026-09-20
GBDiva30AnSpPnk,GB-DVA-CLR-30ML-ASP-PNK,GBDiva30AnSpPnk,Diva 30ml Clear 18 415,diva-30ml-clear-18-415,8107928dae0a2ea4cdd7edb2294c76549b5790b4f6fc6786daa50c3e8da0fc6b,kit_complete,full,,live-prod-2026-09-20
GBDiva30AnSpRed,GB-DVA-CLR-30ML-ASP-RED,GBDiva30AnSpRed,Diva 30ml Clear 18 415,diva-30ml-clear-18-415,4894c1ab567efe9a91c6e423b27bf4f170f034eb986815c5655c7ca999f8bc6e,kit_complete,full,,live-prod-2026-09-20
GBDiva30AnSpWht,GB-DVA-CLR-30ML-ASP-WHT,GBDiva30AnSpWht,Diva 30ml Clear 18 415,diva-30ml-clear-18-415,580d468edd472770385942eb812d65a9e63cb147041b552f37d4c6d9597131c7,kit_complete,full,,live-prod-2026-09-20
GBDiva30RdcrBlkLthr,GB-DVA-CLR-30ML-RDC-BKLT,GBDiva30RdcrBlkLthr,Diva 30ml Clear 18 415,diva-30ml-clear-18-415,df6e6c036e0a302008d5def0905282580c2babb862b39d8539f50488a1bd70ec,kit_complete,full,,live-prod-2026-09-20
GBDiva30RdcrBrwnLthr,GB-DVA-CLR-30ML-RDC-BRLT,GBDiva30RdcrBrwnLthr,Diva 30ml Clear 18 415,diva-30ml-clear-18-415,d48ff469dc095069d2670eef9d0ae6c46f5c0bf26df2549a066152369bc136c4,kit_complete,full,,live-prod-2026-09-20
GBDiva30RdcrIvyLthr,GB-DVA-CLR-30ML-RDC-IVLT,GBDiva30RdcrIvyLthr,Diva 30ml Clear 18 415,diva-30ml-clear-18-415,36c8301efdb9c3aae88709f032ed29649f56880197a65d026dc5359e60567113,kit_complete,full,,live-prod-2026-09-20
GBDiva30RdcrLBrwnLthr,GB-DVA-CLR-30ML-RDC-LBLT,GBDiva30RdcrLBrwnLthr,Diva 30ml Clear 18 415,diva-30ml-clear-18-415,e940505ec5578065c77ca2b9ba2d77543efb2c48bfcba78faff844ce1b9dfcd3,kit_complete,full,,live-prod-2026-09-20
GBDiva30RdcrMtSl,GB-DVA-CLR-30ML-RDC-MSLV,GBDiva30RdcrMtSl,Diva 30ml Clear 18 415,diva-30ml-clear-18-415,28f3460afc48e073e1003022e63c9366cde9c39e12f24bb7eac7ede30cd0f198,kit_complete,full,,live-prod-2026-09-20
GBDiva30RdcrMtSlTall,GB-DVA-CLR-30ML-RDC-MSLV-T,GBDiva30RdcrMtSlTall,Diva 30ml Clear 18 415,diva-30ml-clear-18-415,75a74a6ca70ea6542b91785d9a5414e217d60af5f9096da4787dc1d94c6c5b66,kit_complete,full,,live-prod-2026-09-20
GBDiva30RdcrPnkLthr,GB-DVA-CLR-30ML-RDC-PKLT,GBDiva30RdcrPnkLthr,Diva 30ml Clear 18 415,diva-30ml-clear-18-415,cb7a4f8a4952245a4c25388ba6a71c617dcc5f22dcb804161b6dd43cc93f1bc5,kit_complete,full,,live-prod-2026-09-20
GBDiva30RdcrShnBlk,GB-DVA-CLR-30ML-RDC-SBLK,GBDiva30RdcrShnBlk,Diva 30ml Clear 18 415,diva-30ml-clear-18-415,dffb99f4ec45ccf11692ca5c3542fe7e38e1aa7012c052885e4180ad9c5d68da,kit_complete,full,,live-prod-2026-09-20
GBDiva30RdcrShnBlkTall,GB-DVA-CLR-30ML-RDC-SBLK-T,GBDiva30RdcrShnBlkTall,Diva 30ml Clear 18 415,diva-30ml-clear-18-415,591a03b9085babcb4a11c828d64e8e849321da9fa0692c46648be83fce347a39,kit_complete,full,,live-prod-2026-09-20
GBDiva30RdcrShnGl,GB-DVA-CLR-30ML-RDC-SGLD,GBDiva30RdcrShnGl,Diva 30ml Clear 18 415,diva-30ml-clear-18-415,fec28055d13adc23baa9fae9545750fe5ba6b6689a21cb77eab87aa89db92937,kit_complete,full,,live-prod-2026-09-20
GBDiva30RdcrShnSl,GB-DVA-CLR-30ML-RDC-SSLV,GBDiva30RdcrShnSl,Diva 30ml Clear 18 415,diva-30ml-clear-18-415,bcc9adf4a5105bf4e36fe97615c4d4ccbe82f7e5b4dc9881df1b16ef0fc11cbd,kit_complete,full,,live-prod-2026-09-20
GBDiva30RdcrWht,GB-DVA-CLR-30ML-RDC-WHT,GBDiva30RdcrWht,Diva 30ml Clear 18 415,diva-30ml-clear-18-415,10dffa68632c0ee018af2d749fc694c7e97aebb13552e130afd83204c890b59e,kit_complete,full,,live-prod-2026-09-20
GBDiva30SpryCu,GB-DVA-CLR-30ML-SPR-CPR,GBDiva30SpryCu,Diva 30ml Clear 18 415,diva-30ml-clear-18-415,433ad7fb7b34725191d43cdbf896c10254ae4ce750429cb42f3599433b9cef33,kit_complete,full,,live-prod-2026-09-20
GBDiva30SpryMtGl,GB-DVA-CLR-30ML-SPR-MGLD,GBDiva30SpryMtGl,Diva 30ml Clear 18 415,diva-30ml-clear-18-415,ed1c23f239a6e3ff6516406b341f4580b6ffc0e8e9e4c1347a349525f42b88dc,kit_complete,full,,live-prod-2026-09-20
GBDiva30SpryMtSl,GB-DVA-CLR-30ML-SPR-MSLV,GBDiva30SpryMtSl,Diva 30ml Clear 18 415,diva-30ml-clear-18-415,665a0f8e75d0d8a1fd930271d393dd0fb02844d0b3523a38082c7c8a128da730,kit_complete,full,,live-prod-2026-09-20
GBDiva30SpryShnBlk,GB-DVA-CLR-30ML-SPR-SBLK,GBDiva30SpryShnBlk,Diva 30ml Clear 18 415,diva-30ml-clear-18-415,429fce49f45dbc7c3592200fb4f939cf7eda95c63dc14fdd2a1467917fc0115d,kit_complete,full,,live-prod-2026-09-20
GBDiva30SpryShnGl,GB-DVA-CLR-30ML-SPR-SGLD,GBDiva30SpryShnGl,Diva 30ml Clear 18 415,diva-30ml-clear-18-415,6d1fbc181bc84d391e2f079c954d1026b8b0b18e86949769a723314c7fcd742d,kit_complete,full,,live-prod-2026-09-20
GBDiva30SpryShnSl,GB-DVA-CLR-30ML-SPR-SSLV,GBDiva30SpryShnSl,Diva 30ml Clear 18 415,diva-30ml-clear-18-415,625ab9b7a7652eeba75ae11a8426a04c2d9997840ced11225a341c97372d3d8b,kit_complete,full,,live-prod-2026-09-20
LBDiva30LtnClOvrCap,LB-DVA-CLR-30ML-LPM-COCP,LBDiva30LtnClOvrCap,Diva 30ml Clear 18 415,diva-30ml-clear-18-415,2c187b575a821bb6bec154bdce6aee5c48237bb0d17c0ddde0baf0585f4ba955,kit_complete,full,,live-prod-2026-09-20
LBDiva30LtnCu,LB-DVA-CLR-30ML-LPM-CPR,LBDiva30LtnCu,Diva 30ml Clear 18 415,diva-30ml-clear-18-415,433ad7fb7b34725191d43cdbf896c10254ae4ce750429cb42f3599433b9cef33,kit_complete,full,,live-prod-2026-09-20
LBDiva30LtnMtGl,LB-DVA-CLR-30ML-LPM-MGLD,LBDiva30LtnMtGl,Diva 30ml Clear 18 415,diva-30ml-clear-18-415,ed1c23f239a6e3ff6516406b341f4580b6ffc0e8e9e4c1347a349525f42b88dc,kit_complete,full,,live-prod-2026-09-20
LBDiva30LtnMtSl,LB-DVA-CLR-30ML-LPM-MSLV,LBDiva30LtnMtSl,Diva 30ml Clear 18 415,diva-30ml-clear-18-415,665a0f8e75d0d8a1fd930271d393dd0fb02844d0b3523a38082c7c8a128da730,kit_complete,full,,live-prod-2026-09-20
LBDiva30LtnShnBlk,LB-DVA-CLR-30ML-LPM-SBLK,LBDiva30LtnShnBlk,Diva 30ml Clear 18 415,diva-30ml-clear-18-415,429fce49f45dbc7c3592200fb4f939cf7eda95c63dc14fdd2a1467917fc0115d,kit_complete,full,,live-prod-2026-09-20
LBDiva30LtnShnGl,LB-DVA-CLR-30ML-LPM-SGLD,LBDiva30LtnShnGl,Diva 30ml Clear 18 415,diva-30ml-clear-18-415,6d1fbc181bc84d391e2f079c954d1026b8b0b18e86949769a723314c7fcd742d,kit_complete,full,,live-prod-2026-09-20
LBDiva30LtnShnSl,LB-DVA-CLR-30ML-LPM-SSLV,LBDiva30LtnShnSl,Diva 30ml Clear 18 415,diva-30ml-clear-18-415,625ab9b7a7652eeba75ae11a8426a04c2d9997840ced11225a341c97372d3d8b,kit_complete,full,,live-prod-2026-09-20
GBDivaFrst46AnSpBlk,GB-DVA-FRS-46ML-T-12,GBDivaFrst46AnSpBlk,Diva 46 ml — Frosted,diva-46ml-frosted-18-415,c5cfd852f2dabc6ac49ae0429e8a77b6d5362f1c15a24cdfe9be80504dbf19f9,kit_complete,full,,live-prod-2026-09-20
GBDivaFrst46AnSpGl,GB-DVA-FRS-46ML-T-13,GBDivaFrst46AnSpGl,Diva 46 ml — Frosted,diva-46ml-frosted-18-415,15e1bc243e291b1adbf02c60bacdb76020161b57b8d7f4d7ab92a71c6a192930,kit_complete,full,,live-prod-2026-09-20
GBDivaFrst46AnSpIvyGl,GB-DVA-FRS-46ML-T-14,GBDivaFrst46AnSpIvyGl,Diva 46 ml — Frosted,diva-46ml-frosted-18-415,6c2bf665583dfbc763d67cebbf219b08d9c12f9a6043d094c989e1f0b068517b,kit_complete,full,,live-prod-2026-09-20
GBDivaFrst46AnSpIvySl,GB-DVA-FRS-46ML-T-15,GBDivaFrst46AnSpIvySl,Diva 46 ml — Frosted,diva-46ml-frosted-18-415,c048cc211c4a730d2ebc260e8d7cae64fc6b9302f89be4e32e615aa225758406,kit_complete,full,,live-prod-2026-09-20
GBDivaFrst46AnSpLvn,GB-DVA-FRS-46ML-T-16,GBDivaFrst46AnSpLvn,Diva 46 ml — Frosted,diva-46ml-frosted-18-415,2f5862b83feae38eec508d213575b2a56c4e4d3b2cee68f97d7b890a9efa9039,kit_complete,full,,live-prod-2026-09-20
GBDivaFrst46AnSpMtSl,GB-DVA-FRS-46ML-T-17,GBDivaFrst46AnSpMtSl,Diva 46 ml — Frosted,diva-46ml-frosted-18-415,4751dda49e96b98e17ea93ad8e7b4bd16e1a95ca441d9e9c7da25fc14479f4b6,kit_complete,full,,live-prod-2026-09-20
GBDivaFrst46AnSpPnk,GB-DVA-FRS-46ML-T-18,GBDivaFrst46AnSpPnk,Diva 46 ml — Frosted,diva-46ml-frosted-18-415,28ff930bcaa11e3c787078ef2af17e549ecb610b924f7972cad7653d06adca17,kit_complete,full,,live-prod-2026-09-20
GBDivaFrst46AnSpRed,GB-DVA-FRS-46ML-T-19,GBDivaFrst46AnSpRed,Diva 46 ml — Frosted,diva-46ml-frosted-18-415,1313930e4c194739c977f9d84e5c3161e06166036379d01c3f6cac5befcda115,kit_complete,full,,live-prod-2026-09-20
GBDivaFrst46AnSpTslGl,GB-DVA-FRS-46ML-T-21,GBDivaFrst46AnSpTslGl,Diva 46 ml — Frosted,diva-46ml-frosted-18-415,0e13205d6e9d6b5ba341bedc1cfee92be238c75d91e2df40d245ac7e89716a58,no_kit,,No productKits row served for current published plate (forSkus null),live-prod-2026-09-20
GBDivaFrst46AnSpTslIvyGl,GB-DVA-FRS-46ML-T-22,GBDivaFrst46AnSpTslIvyGl,Diva 46 ml — Frosted,diva-46ml-frosted-18-415,3f5cb5937cf4f634652deb5c74ba37114ce74e513a9d73a17d9d7c99e9d74213,kit_complete,full,,live-prod-2026-09-20
GBDivaFrst46AnSpTslIvySl,GB-DVA-FRS-46ML-T-23,GBDivaFrst46AnSpTslIvySl,Diva 46 ml — Frosted,diva-46ml-frosted-18-415,c0425b86cbd4f636b8159bffa9959447ff21d3fc9af9d891ca6ffe6aab61a887,kit_complete,full,,live-prod-2026-09-20
GBDivaFrst46AnSpTslLvn,GB-DVA-FRS-46ML-T-24,GBDivaFrst46AnSpTslLvn,Diva 46 ml — Frosted,diva-46ml-frosted-18-415,16b1c8027b873ebb71431ff05840055ca4e3ea22a0f045b8f313a099dc26986f,kit_complete,full,,live-prod-2026-09-20
GBDivaFrst46AnSpTslPnk,GB-DVA-FRS-46ML-T-26,GBDivaFrst46AnSpTslPnk,Diva 46 ml — Frosted,diva-46ml-frosted-18-415,5eaed147694f9ae7f7319586e70613aa10363e06e3dbfb623c89f1782066a4f3,kit_complete,full,,live-prod-2026-09-20
GBDivaFrst46AnSpTslWht,GB-DVA-FRS-46ML-T-28,GBDivaFrst46AnSpTslWht,Diva 46 ml — Frosted,diva-46ml-frosted-18-415,d89b9d6a6a22d9a8260e0a5f6123cb6159b805a773241b7d4c7d547da10fc97e,kit_complete,full,,live-prod-2026-09-20
GBDivaFrst46AnSpWht,GB-DVA-FRS-46ML-T-29,GBDivaFrst46AnSpWht,Diva 46 ml — Frosted,diva-46ml-frosted-18-415,df3f407694da0864b66c15c1c6aeae858ab54187508757b68d35004135144650,kit_complete,full,,live-prod-2026-09-20
GBDivaFrst46RdcrBlkLthr,GB-DVA-FRS-46ML-T-30,GBDivaFrst46RdcrBlkLthr,Diva 46 ml — Frosted,diva-46ml-frosted-18-415,2d61bc0a984a7ab14ff0c308a47675f4708389dc892c8f91e8f9428b4eb2a0f1,kit_complete,full,,live-prod-2026-09-20
GBDivaFrst46RdcrBrwnLthr,GB-DVA-FRS-46ML-T-31,GBDivaFrst46RdcrBrwnLthr,Diva 46 ml — Frosted,diva-46ml-frosted-18-415,4d6bfd33a04515d28f96a4b00f4b11307929fd6590cc37fb91f66e849ca4c1ec,kit_complete,full,,live-prod-2026-09-20
GBDivaFrst46RdcrIvyLthr,GB-DVA-FRS-46ML-T-32,GBDivaFrst46RdcrIvyLthr,Diva 46 ml — Frosted,diva-46ml-frosted-18-415,3b3a91a4831e3b91f1e51d0013b028eb1ec1c141b5d7a1cf206a746f71f7abee,kit_complete,full,,live-prod-2026-09-20
GBDivaFrst46RdcrLBrwnLthr,GB-DVA-FRS-46ML-T-33,GBDivaFrst46RdcrLBrwnLthr,Diva 46 ml — Frosted,diva-46ml-frosted-18-415,af5712ee4d39b7ecb40826a596ac27df14b3b4523530a4424b03f248dd5ae7f5,kit_complete,full,,live-prod-2026-09-20
GBDivaFrst46RdcrMtSl,GB-DVA-FRS-46ML-T-34,GBDivaFrst46RdcrMtSl,Diva 46 ml — Frosted,diva-46ml-frosted-18-415,f9e8ac39ab4413613fac813030418acd0c6f6a8acedbfa56ca38fb2ba595aef8,kit_complete,full,,live-prod-2026-09-20
GBDivaFrst46RdcrMtSlTall,GB-DVA-FRS-46ML-T-35,GBDivaFrst46RdcrMtSlTall,Diva 46 ml — Frosted,diva-46ml-frosted-18-415,fcd48a543cd88baec224298ae23cd889e59aea2ac281422a8b9b011605c77472,kit_complete,full,,live-prod-2026-09-20
GBDivaFrst46RdcrPnkLthr,GB-DVA-FRS-46ML-T-36,GBDivaFrst46RdcrPnkLthr,Diva 46 ml — Frosted,diva-46ml-frosted-18-415,4dff7e084954a109845f252eda744fb8682abb869fcfd0a8e85e28b3b6d13120,kit_complete,full,,live-prod-2026-09-20
GBDivaFrst46RdcrShnBlk,GB-DVA-FRS-46ML-T-37,GBDivaFrst46RdcrShnBlk,Diva 46 ml — Frosted,diva-46ml-frosted-18-415,cb4036fa8f141ae32ab2b3b0fe371788641ec9b12e9e6fec224d3b14b859ba4c,kit_complete,full,,live-prod-2026-09-20
GBDivaFrst46RdcrShnBlkTall,GB-DVA-FRS-46ML-T-38,GBDivaFrst46RdcrShnBlkTall,Diva 46 ml — Frosted,diva-46ml-frosted-18-415,6b4f0882336a330c492ae5844e36b2268b47fe1efd6ea5573502a81938237531,kit_complete,full,,live-prod-2026-09-20
GBDivaFrst46RdcrShnGl,GB-DVA-FRS-46ML-T-39,GBDivaFrst46RdcrShnGl,Diva 46 ml — Frosted,diva-46ml-frosted-18-415,3b1cd26b7531a45a174d94e4f56698f43b1d08f6a1dc63bf9c1f65ede6da3b5a,kit_complete,full,,live-prod-2026-09-20
GBDivaFrst46RdcrShnSl,GB-DVA-FRS-46ML-T-40,GBDivaFrst46RdcrShnSl,Diva 46 ml — Frosted,diva-46ml-frosted-18-415,062aaa2e53814870f31080132cb76bf19abe463e286df7821d2cb2df4c448782,kit_complete,full,,live-prod-2026-09-20
GBDivaFrst46RdcrWht,GB-DVA-FRS-46ML-T-41,GBDivaFrst46RdcrWht,Diva 46 ml — Frosted,diva-46ml-frosted-18-415,f350cf48517ad7f19204698c1ce3a021e20fb5aaa1e1b5757b7d9c1881b17d26,kit_complete,full,,live-prod-2026-09-20
GBDivaFrst46SpryCu,GB-DVA-FRS-46ML-01,GBDivaFrst46SpryCu,Diva 46 ml — Frosted,diva-46ml-frosted-18-415,bf13e2c8dc5dff8f264198a08a6576e41679fa35840b9445bfe6d5cf69e1ee14,no_kit,,No productKits row served for current published plate (forSkus null),live-prod-2026-09-20
GBDivaFrst46SpryMtGl,GB-DVA-FRS-46ML-02,GBDivaFrst46SpryMtGl,Diva 46 ml — Frosted,diva-46ml-frosted-18-415,ef90571e0b613867f4ce46ab2b386b395af607c018771c1d379e3c460c945276,kit_complete,full,,live-prod-2026-09-20
GBDivaFrst46SpryMtSl,GB-DVA-FRS-46ML-03,GBDivaFrst46SpryMtSl,Diva 46 ml — Frosted,diva-46ml-frosted-18-415,cf2e57335eb74285b36fb15bb9eccf6155d1b44e48396d6c7e2f7ac7961758ff,kit_complete,full,,live-prod-2026-09-20
GBDivaFrst46SpryShnBlk,GB-DVA-FRS-46ML-04,GBDivaFrst46SpryShnBlk,Diva 46 ml — Frosted,diva-46ml-frosted-18-415,40d13fbc2aeb1bcd11af8a4dce308488fb2a68ba96aca2fe825099f4747465ea,kit_complete,full,,live-prod-2026-09-20
GBDivaFrst46SpryShnGl,GB-DVA-FRS-46ML-05,GBDivaFrst46SpryShnGl,Diva 46 ml — Frosted,diva-46ml-frosted-18-415,b732ebfe651662140e7414af231eb8540240a787ec34bb18a733ca2d418330ae,kit_complete,full,,live-prod-2026-09-20
GBDivaFrst46SpryShnSl,GB-DVA-FRS-46ML-06,GBDivaFrst46SpryShnSl,Diva 46 ml — Frosted,diva-46ml-frosted-18-415,8ac22b7c37c8db515e4a1f5ca5d241ab7898cedea9305289097dcd8d2b056024,kit_complete,full,,live-prod-2026-09-20
LBDivaFrst46LtnClOvrCap,LB-DVA-FRS-46ML-T,LBDivaFrst46LtnClOvrCap,Diva 46 ml — Frosted,diva-46ml-frosted-18-415,48632c71b214252d5631f1d760cf182526217e95fbd158376666c458b488812e,kit_complete,full,,live-prod-2026-09-20
LBDivaFrst46LtnCu,LB-DVA-FRS-46ML-01,LBDivaFrst46LtnCu,Diva 46 ml — Frosted,diva-46ml-frosted-18-415,a6d2945791d9cc53dd0a30b5e64924a89a05ce7c4b4a76633c9305656b4649de,kit_complete,full,,live-prod-2026-09-20
LBDivaFrst46LtnMtGl,LB-DVA-FRS-46ML-02,LBDivaFrst46LtnMtGl,Diva 46 ml — Frosted,diva-46ml-frosted-18-415,9b2c288151a65b572fb16c628ae1e583695abefb725e0b011300ca5d2dab2d97,kit_complete,full,,live-prod-2026-09-20
LBDivaFrst46LtnMtSl,LB-DVA-FRS-46ML-03,LBDivaFrst46LtnMtSl,Diva 46 ml — Frosted,diva-46ml-frosted-18-415,3a3399362e22b4c2bfd11d98d0a02e121797dd1b759fbd6f9d7de24d2094fe81,kit_complete,full,,live-prod-2026-09-20
LBDivaFrst46LtnShnBlk,LB-DVA-FRS-46ML-04,LBDivaFrst46LtnShnBlk,Diva 46 ml — Frosted,diva-46ml-frosted-18-415,587189e9346203d78d886e69071bc3ab4a268822bf5d92d3d32ed1f0848477f8,kit_complete,full,,live-prod-2026-09-20
LBDivaFrst46LtnShnGl,LB-DVA-FRS-46ML-05,LBDivaFrst46LtnShnGl,Diva 46 ml — Frosted,diva-46ml-frosted-18-415,a4da64533a6ed19cb822d8d8925843080ef4610c24a0700e7f83736f651e17af,kit_complete,full,,live-prod-2026-09-20
LBDivaFrst46LtnShnSl,LB-DVA-FRS-46ML-06,LBDivaFrst46LtnShnSl,Diva 46 ml — Frosted,diva-46ml-frosted-18-415,b44378419fab084a7028beb251842e847dd3f768144fc701fadb6cbd17215db4,kit_complete,full,,live-prod-2026-09-20
GBDiva46AnSpBlk,GB-DVA-CLR-46ML-ASP-BLK,GBDiva46AnSpBlk,Diva 46ml Clear 18 415,diva-46ml-clear-18-415,b1f2d689ca88ce5da030eacfb5bf2893529f124b6d16513ca24612e4c518af4b,kit_complete,full,,live-prod-2026-09-20
GBDiva46AnSpBlkRng,GB-DVA-CLR-46ML-T-01,GBDiva46AnSpBlkRng,Diva 46ml Clear 18 415,diva-46ml-clear-18-415,200779d37a2438be7a35b68ae9afd48c66c3495711091423080da3d691182b9b,no_kit,,No productKits row served for current published plate (forSkus null),live-prod-2026-09-20
GBDiva46AnSpGl,GB-DVA-CLR-46ML-ASP-GLD,GBDiva46AnSpGl,Diva 46ml Clear 18 415,diva-46ml-clear-18-415,8a06c24f4b354862bbb655e77fd03b7f9293c9e24dbb748ab233902999a72c83,kit_complete,full,,live-prod-2026-09-20
GBDiva46AnSpIvyGl,GB-DVA-CLR-46ML-ASP-IVGD,GBDiva46AnSpIvyGl,Diva 46ml Clear 18 415,diva-46ml-clear-18-415,9d8fda5d6780a901bf741af5d1df099398fd5bb7e1754560f0a015d373b2ccb8,kit_complete,full,,live-prod-2026-09-20
GBDiva46AnSpIvySl,GB-DVA-CLR-46ML-ASP-IVSL,GBDiva46AnSpIvySl,Diva 46ml Clear 18 415,diva-46ml-clear-18-415,07f10ed45eb8ec9cb6967ebd79b8d3777c5d6c85ef6245b67d9e23bee768eece,kit_complete,full,,live-prod-2026-09-20
GBDiva46AnSpIvySlRng,GB-DVA-CLR-46ML-T-02,GBDiva46AnSpIvySlRng,Diva 46ml Clear 18 415,diva-46ml-clear-18-415,b82c4dad308ea7792a19b36dd75935a4ffc6b2b9056a8c2e0dcd657c8cb99eef,no_kit,,No productKits row served for current published plate (forSkus null),live-prod-2026-09-20
GBDiva46AnSpLvn,GB-DVA-CLR-46ML-T-03,GBDiva46AnSpLvn,Diva 46ml Clear 18 415,diva-46ml-clear-18-415,6da6753ad8706f3713b44bf50eafb950a5a1a6e34ec5c2ab3a6d9c76e2111ee4,kit_complete,full,,live-prod-2026-09-20
GBDiva46AnSpLvnRng,GB-DVA-CLR-46ML-T-04,GBDiva46AnSpLvnRng,Diva 46ml Clear 18 415,diva-46ml-clear-18-415,f9e946707e0239f4fc2ca629eb6fb03bee2b0344ed21d6d1a12b98e935b94b91,no_kit,,No productKits row served for current published plate (forSkus null),live-prod-2026-09-20
GBDiva46AnSpMtSl,GB-DVA-CLR-46ML-ASP-MSLV,GBDiva46AnSpMtSl,Diva 46ml Clear 18 415,diva-46ml-clear-18-415,d7b61bd7bd555d13d2f7ced5268dafc399f52db53b1ce64d644c33fbb4e7b34e,kit_complete,full,,live-prod-2026-09-20
GBDiva46AnSpPnk,GB-DVA-CLR-46ML-ASP-PNK,GBDiva46AnSpPnk,Diva 46ml Clear 18 415,diva-46ml-clear-18-415,7698ad5f4761fa6996e2adb0f8192452bfaac3b7e5606778c546aae304ffdd05,kit_complete,full,,live-prod-2026-09-20
GBDiva46AnSpRed,GB-DVA-CLR-46ML-ASP-RED,GBDiva46AnSpRed,Diva 46ml Clear 18 415,diva-46ml-clear-18-415,7900ade43c65c8a211c1f45e63fd44c84d3bea4d8351ecfe66e39351646008e5,kit_complete,full,,live-prod-2026-09-20
GBDiva46AnSpRedRng,GB-DVA-CLR-46ML-T-05,GBDiva46AnSpRedRng,Diva 46ml Clear 18 415,diva-46ml-clear-18-415,c7708d40f1d2f60e9aa59bfe413d7f6a309213e85bf351ced52a4a65af10c1a0,no_kit,,No productKits row served for current published plate (forSkus null),live-prod-2026-09-20
GBDiva46AnSpTslBlk,GB-DVA-CLR-46ML-AST-BLK,GBDiva46AnSpTslBlk,Diva 46ml Clear 18 415,diva-46ml-clear-18-415,3dde85bd191bf4e66f81e9286402c4fbfe50a00ee47e8523167d2e4927749f32,no_kit,,No productKits row served for current published plate (forSkus null),live-prod-2026-09-20
GBDiva46AnSpTslBlkRng,GB-DVA-CLR-46ML-T-06,GBDiva46AnSpTslBlkRng,Diva 46ml Clear 18 415,diva-46ml-clear-18-415,c44dadee76c208e42ca4a58ee729b08f731b0b42899b5d802d010ceac80c8f2a,no_kit,,No productKits row served for current published plate (forSkus null),live-prod-2026-09-20
GBDiva46AnSpTslGl,GB-DVA-CLR-46ML-AST-GLD,GBDiva46AnSpTslGl,Diva 46ml Clear 18 415,diva-46ml-clear-18-415,7259e8341a46fecf95b0ab198e9c4560c4c949403d304a0e22fe44e9fa260247,no_kit,,No productKits row served for current published plate (forSkus null),live-prod-2026-09-20
GBDiva46AnSpTslIvyGl,GB-DVA-CLR-46ML-AST-IVGD,GBDiva46AnSpTslIvyGl,Diva 46ml Clear 18 415,diva-46ml-clear-18-415,1ec0859d41c106a7ba4be940026b0d42f61d098d75b88ac4612d0b44177b04bd,kit_complete,full,,live-prod-2026-09-20
GBDiva46AnSpTslIvySl,GB-DVA-CLR-46ML-AST-IVSL,GBDiva46AnSpTslIvySl,Diva 46ml Clear 18 415,diva-46ml-clear-18-415,82b94ddbaa977c169ca6cb696002279a2ecd2727b5135dd2f19cd486bfb2cae5,kit_complete,full,,live-prod-2026-09-20
GBDiva46AnSpTslIvySlRng,GB-DVA-CLR-46ML-T-07,GBDiva46AnSpTslIvySlRng,Diva 46ml Clear 18 415,diva-46ml-clear-18-415,24c626d84b22248a9280a3cb9e76eb0bd84eb7493b284d2fadf1cab8cbcf6d06,no_kit,,No productKits row served for current published plate (forSkus null),live-prod-2026-09-20
GBDiva46AnSpTslLvn,GB-DVA-CLR-46ML-AST-LVN,GBDiva46AnSpTslLvn,Diva 46ml Clear 18 415,diva-46ml-clear-18-415,684d0ba28f2fa2d50189ef768009cc698e604547a9d3d0ce271cbc32d98ce9b5,no_kit,,No productKits row served for current published plate (forSkus null),live-prod-2026-09-20
GBDiva46AnSpTslLvnRng,GB-DVA-CLR-46ML-T-08,GBDiva46AnSpTslLvnRng,Diva 46ml Clear 18 415,diva-46ml-clear-18-415,67768e310c84cba32a245f9476a4437da85c7db7c5bfeeb982b9912b393755df,no_kit,,No productKits row served for current published plate (forSkus null),live-prod-2026-09-20
GBDiva46AnSpTslMtSl,GB-DVA-CLR-46ML-AST-MSLV,GBDiva46AnSpTslMtSl,Diva 46ml Clear 18 415,diva-46ml-clear-18-415,be7483400d97495b2a3835f40ad18b3d1bf7990ca3e6061efcaf4296da75a2f6,kit_complete,full,,live-prod-2026-09-20
GBDiva46AnSpTslPnk,GB-DVA-CLR-46ML-AST-PNK,GBDiva46AnSpTslPnk,Diva 46ml Clear 18 415,diva-46ml-clear-18-415,199814537e10b19f50e4166e76fb61fdcd5fb3850460d94c150f99d6ae19707c,kit_complete,full,,live-prod-2026-09-20
GBDiva46AnSpTslRedRng,GB-DVA-CLR-46ML-T-09,GBDiva46AnSpTslRedRng,Diva 46ml Clear 18 415,diva-46ml-clear-18-415,537ffa9099e9c0d211a885b314a035b048a3ffc72152a002a32878f69fbc7c19,no_kit,,No productKits row served for current published plate (forSkus null),live-prod-2026-09-20
GBDiva46AnSpTslWht,GB-DVA-CLR-46ML-AST-WHT,GBDiva46AnSpTslWht,Diva 46ml Clear 18 415,diva-46ml-clear-18-415,85af25db6b80410573e81743d4e66dbf83458d2aa2ea2e7151c1b739629fd25a,kit_complete,full,,live-prod-2026-09-20
GBDiva46AnSpTslWhtRng,GB-DVA-CLR-46ML-T-10,GBDiva46AnSpTslWhtRng,Diva 46ml Clear 18 415,diva-46ml-clear-18-415,bee242dc308562827a56efddc0057353ad2560cbd07c6655d21568e84657b026,kit_complete,full,,live-prod-2026-09-20
GBDiva46AnSpWht,GB-DVA-CLR-46ML-ASP-WHT,GBDiva46AnSpWht,Diva 46ml Clear 18 415,diva-46ml-clear-18-415,2aa3a4671e903f829e4156c64f2d0449fe2170531957b3b4388a8b5c1ebc66a1,kit_complete,full,,live-prod-2026-09-20
GBDiva46AnSpWhtRng,GB-DVA-CLR-46ML-T-11,GBDiva46AnSpWhtRng,Diva 46ml Clear 18 415,diva-46ml-clear-18-415,56606a3c2d47d6ef181bd074b7a5ab57d28698323ea200cc8f7fa0df3655854e,kit_complete,full,,live-prod-2026-09-20
GBDiva46DrpCu,GB-DVA-CLR-46ML-DRP-CPR,GBDiva46DrpCu,Diva 46ml Clear 18 415,diva-46ml-clear-18-415,da13f9837c0f59dfc1e180296b768b1b5353cdc446287c10bff614e126e49e34,kit_complete,full,,live-prod-2026-09-20
GBDiva46DrpGl,GB-DVA-CLR-46ML-DRP-GLD,GBDiva46DrpGl,Diva 46ml Clear 18 415,diva-46ml-clear-18-415,8e5a1c6e8d091d3f2f13407552ff1548016d5dd3870d9e645fc1122af5c46102,kit_complete,full,,live-prod-2026-09-20
GBDiva46DrpSl,GB-DVA-CLR-46ML-DRP-SLV,GBDiva46DrpSl,Diva 46ml Clear 18 415,diva-46ml-clear-18-415,7056cdc6160beb56da157cef00dcbba35c9758022233022eb17a92606fa72517,kit_complete,full,,live-prod-2026-09-20
GBDiva46RdcrBlkLthr,GB-DVA-CLR-46ML-RDC-BKLT,GBDiva46RdcrBlkLthr,Diva 46ml Clear 18 415,diva-46ml-clear-18-415,d683e2ae2c4ed9d9283eb772e2d321f39b4d4a39006b85a3201e490018475375,kit_complete,full,,live-prod-2026-09-20
GBDiva46RdcrBrwnLthr,GB-DVA-CLR-46ML-RDC-BRLT,GBDiva46RdcrBrwnLthr,Diva 46ml Clear 18 415,diva-46ml-clear-18-415,32f80c66f546158e3421903c274bb1de7ed4e50472c8fc65007fef067307681a,kit_complete,full,,live-prod-2026-09-20
GBDiva46RdcrIvyLthr,GB-DVA-CLR-46ML-RDC-IVLT,GBDiva46RdcrIvyLthr,Diva 46ml Clear 18 415,diva-46ml-clear-18-415,fea4d4cdfcb3c4d60794a9b3f51f0bc96962362bee3f854ffad038d7b28377a6,kit_complete,full,,live-prod-2026-09-20
GBDiva46RdcrLBrwnLthr,GB-DVA-CLR-46ML-RDC-LBLT,GBDiva46RdcrLBrwnLthr,Diva 46ml Clear 18 415,diva-46ml-clear-18-415,74d1dd3307008f0ba59fef51c719ff83df991d200aa6d742c5d16055c760bb6e,kit_complete,full,,live-prod-2026-09-20
GBDiva46RdcrMtSl,GB-DVA-CLR-46ML-RDC-MSLV,GBDiva46RdcrMtSl,Diva 46ml Clear 18 415,diva-46ml-clear-18-415,eae586789f16300568477a31381c36c1b36571e07d9c3c6322a2cbe7a1b30bb4,kit_complete,full,,live-prod-2026-09-20
GBDiva46RdcrMtSlTall,GB-DVA-CLR-46ML-RDC-MSLV-T,GBDiva46RdcrMtSlTall,Diva 46ml Clear 18 415,diva-46ml-clear-18-415,e24ad102d7b0d41ae3e012f57d65dec38885f715784b25d215517e325d1e400e,kit_complete,full,,live-prod-2026-09-20
GBDiva46RdcrPnkLthr,GB-DVA-CLR-46ML-RDC-PKLT,GBDiva46RdcrPnkLthr,Diva 46ml Clear 18 415,diva-46ml-clear-18-415,08e62922852f959735de94c9c66149a5a5ad2cacf5bf2ceeb3364d494c9b34e3,kit_complete,full,,live-prod-2026-09-20
GBDiva46RdcrShnBlk,GB-DVA-CLR-46ML-RDC-SBLK,GBDiva46RdcrShnBlk,Diva 46ml Clear 18 415,diva-46ml-clear-18-415,a7f221f0b8d6e8b7c636b86e509690c8a5cc9f87babb7c9c90cd39a144714a4c,kit_complete,full,,live-prod-2026-09-20
GBDiva46RdcrShnBlkTall,GB-DVA-CLR-46ML-RDC-SBLK-T,GBDiva46RdcrShnBlkTall,Diva 46ml Clear 18 415,diva-46ml-clear-18-415,c2d9c23cdf8cf32c337e8195ccc7461624f31cee30d092f7daf47e3913f52bdd,kit_complete,full,,live-prod-2026-09-20
GBDiva46RdcrShnGl,GB-DVA-CLR-46ML-RDC-SGLD,GBDiva46RdcrShnGl,Diva 46ml Clear 18 415,diva-46ml-clear-18-415,f0c345709ed632160cec6bdedfebe86335d3b9e87a2061130120e3b0229edaed,kit_complete,full,,live-prod-2026-09-20
GBDiva46RdcrShnSl,GB-DVA-CLR-46ML-RDC-SSLV,GBDiva46RdcrShnSl,Diva 46ml Clear 18 415,diva-46ml-clear-18-415,8b8ce205d809276e103f78c31fcf35c9da6b0724cd62f9876e0ca3cf0e32e1c9,kit_complete,full,,live-prod-2026-09-20
GBDiva46RdcrWht,GB-DVA-CLR-46ML-RDC-WHT,GBDiva46RdcrWht,Diva 46ml Clear 18 415,diva-46ml-clear-18-415,2cb6523702ef42d4f60b31c3d471ea3b3e6315333d364678444ebe92eb260036,kit_complete,full,,live-prod-2026-09-20
GBDiva46SpryCu,GB-DVA-CLR-46ML-SPR-CPR,GBDiva46SpryCu,Diva 46ml Clear 18 415,diva-46ml-clear-18-415,0c97a75bb99a18c60b4b5c0c683b5f15725942222fe27392996ccc022f88bbe3,kit_complete,full,,live-prod-2026-09-20
GBDiva46SpryMtGl,GB-DVA-CLR-46ML-SPR-MGLD,GBDiva46SpryMtGl,Diva 46ml Clear 18 415,diva-46ml-clear-18-415,be8e99b06889191503e5354b12e0673235646576d784cc6393b43fef75879377,kit_complete,full,,live-prod-2026-09-20
GBDiva46SpryMtSl,GB-DVA-CLR-46ML-SPR-MSLV,GBDiva46SpryMtSl,Diva 46ml Clear 18 415,diva-46ml-clear-18-415,3ae6c6bd917c40182062718f2081221716f3e676370c530ad37298e605fdb6ee,kit_complete,full,,live-prod-2026-09-20
GBDiva46SpryShnBlk,GB-DVA-CLR-46ML-SPR-SBLK,GBDiva46SpryShnBlk,Diva 46ml Clear 18 415,diva-46ml-clear-18-415,e64fbb91d7789ca3ff7df4c145bc86c5b82cab4a0b4a7e69cc0932f86d5a5586,kit_complete,full,,live-prod-2026-09-20
GBDiva46SpryShnGl,GB-DVA-CLR-46ML-SPR-SGLD,GBDiva46SpryShnGl,Diva 46ml Clear 18 415,diva-46ml-clear-18-415,def15443d3ce48b3bd9c31437594aeef7dd14fc95dc3961bcc28d020960b3d61,kit_complete,full,,live-prod-2026-09-20
GBDiva46SpryShnSl,GB-DVA-CLR-46ML-SPR-SSLV,GBDiva46SpryShnSl,Diva 46ml Clear 18 415,diva-46ml-clear-18-415,0d049f4880de469c21fd15e1aef11ef3c3c7b901b94d6c1013784cb223a3606f,kit_complete,full,,live-prod-2026-09-20
LBDiva46LtnClOvrCap,LB-DVA-CLR-46ML-LPM-COCP,LBDiva46LtnClOvrCap,Diva 46ml Clear 18 415,diva-46ml-clear-18-415,19bb4fb5d88c411dd8ca870055b267eb403878e70276573d51be00d1f2d7dff3,kit_complete,full,,live-prod-2026-09-20
LBDiva46LtnCu,LB-DVA-CLR-46ML-LPM-CPR,LBDiva46LtnCu,Diva 46ml Clear 18 415,diva-46ml-clear-18-415,0c97a75bb99a18c60b4b5c0c683b5f15725942222fe27392996ccc022f88bbe3,kit_complete,full,,live-prod-2026-09-20
LBDiva46LtnMtGl,LB-DVA-CLR-46ML-LPM-MGLD,LBDiva46LtnMtGl,Diva 46ml Clear 18 415,diva-46ml-clear-18-415,be8e99b06889191503e5354b12e0673235646576d784cc6393b43fef75879377,kit_complete,full,,live-prod-2026-09-20
LBDiva46LtnMtSl,LB-DVA-CLR-46ML-LPM-MSLV,LBDiva46LtnMtSl,Diva 46ml Clear 18 415,diva-46ml-clear-18-415,3ae6c6bd917c40182062718f2081221716f3e676370c530ad37298e605fdb6ee,kit_complete,full,,live-prod-2026-09-20
LBDiva46LtnShnBlk,LB-DVA-CLR-46ML-LPM-SBLK,LBDiva46LtnShnBlk,Diva 46ml Clear 18 415,diva-46ml-clear-18-415,e64fbb91d7789ca3ff7df4c145bc86c5b82cab4a0b4a7e69cc0932f86d5a5586,kit_complete,full,,live-prod-2026-09-20
LBDiva46LtnShnGl,LB-DVA-CLR-46ML-LPM-SGLD,LBDiva46LtnShnGl,Diva 46ml Clear 18 415,diva-46ml-clear-18-415,def15443d3ce48b3bd9c31437594aeef7dd14fc95dc3961bcc28d020960b3d61,kit_complete,full,,live-prod-2026-09-20
LBDiva46LtnShnSl,LB-DVA-CLR-46ML-LPM-SSLV,LBDiva46LtnShnSl,Diva 46ml Clear 18 415,diva-46ml-clear-18-415,0d049f4880de469c21fd15e1aef11ef3c3c7b901b94d6c1013784cb223a3606f,kit_complete,full,,live-prod-2026-09-20
Drp18-40015mlBlckBulb,CMP-DRP-BLK-18400-90MM,Drp18-40015mlBlckBulb,Dropper 18 400,dropper-18-400,0c8b956b187b0be7e27b3394812777de030fe704ed6d401bd4d831867ca2d04c,no_kit,,No productKits row served for current published plate (forSkus null),live-prod-2026-09-20
Drp18-40015mlShnGlTrimBlkBulb,CMP-DRP-BKGD-18400-66,Drp18-40015mlShnGlTrimBlkBulb,Dropper 18 400,dropper-18-400,32fdd72007216e47b0a94656bf71ed3b5d90b1d0a5ca5af89c533430997f6639,no_kit,,No productKits row served for current published plate (forSkus null),live-prod-2026-09-20
Drp18-40015mlShnGlTrimWhiteBulb,CMP-DRP-WTGD-18400-66,Drp18-40015mlShnGlTrimWhiteBulb,Dropper 18 400,dropper-18-400,50c6c41ce76bda44ee418ffa696b397d9e3e4f98735e305664b0be30b12dc077,no_kit,,No productKits row served for current published plate (forSkus null),live-prod-2026-09-20
Drp18-40015mlShnSlTrimBlkBulb,CMP-DRP-BKSL-18400-66,Drp18-40015mlShnSlTrimBlkBulb,Dropper 18 400,dropper-18-400,15cb61a746e7ee0da66e8f42ff03144aaa00e288ade548719bb1dc62d2d3609f,no_kit,,No productKits row served for current published plate (forSkus null),live-prod-2026-09-20
Drp18-40015mlShnSlTrimWhiteBulb,CMP-DRP-WTSL-18400-66,Drp18-40015mlShnSlTrimWhiteBulb,Dropper 18 400,dropper-18-400,df5a921211c83d41031ef7b1a83ff7eafaf6586a9c83310a384128d67aa88d15,no_kit,,No productKits row served for current published plate (forSkus null),live-prod-2026-09-20
Drp18-40015mlWhiteBulb,CMP-DRP-WHT-18400-66,Drp18-40015mlWhiteBulb,Dropper 18 400,dropper-18-400,ff8b7a7848000ae2b9dde67855ea0bdfc68dd16cde0ab0d6b2395357b20789fa,no_kit,,No productKits row served for current published plate (forSkus null),live-prod-2026-09-20
Drp18-415Cu,CMP-DRP-CPR-18415,Drp18-415Cu,Dropper 18 415,dropper-18-415,13ca9b990ceb1719bb681357e5ffd7ad75d7530cd1b1a6ad930dcbc871af7246,no_kit,,No productKits row served for current published plate (forSkus null),live-prod-2026-09-20
Drp18-415Gl,CMP-DRP-SGLD-18415,Drp18-415Gl,Dropper 18 415,dropper-18-415,1ea001edcf3efe7d52db4fa0d060e3e207a8ee340551939277f3fa571b3fac55,no_kit,,No productKits row served for current published plate (forSkus null),live-prod-2026-09-20
Drp18-415Sl,CMP-DRP-SSLV-18415,Drp18-415Sl,Dropper 18 415,dropper-18-415,37978c2a5bceb260753d8c6eb4419a46973808d3297327f9a3cd1ab2d5307886,no_kit,,No productKits row served for current published plate (forSkus null),live-prod-2026-09-20
Drp20-4001ozBlckBulb,CMP-DRP-BLK-20400-76MM-01,Drp20-4001ozBlckBulb,Dropper 20 400,dropper-20-400,0c8b956b187b0be7e27b3394812777de030fe704ed6d401bd4d831867ca2d04c,no_kit,,No productKits row served for current published plate (forSkus null),live-prod-2026-09-20
Drp20-4001ozShnGlTrimBlkBulb,CMP-DRP-BKGD-20400-76,Drp20-4001ozShnGlTrimBlkBulb,Dropper 20 400,dropper-20-400,32fdd72007216e47b0a94656bf71ed3b5d90b1d0a5ca5af89c533430997f6639,no_kit,,No productKits row served for current published plate (forSkus null),live-prod-2026-09-20
Drp20-4001ozShnSlTrimBlkBulb,CMP-DRP-BKSL-20400-76,Drp20-4001ozShnSlTrimBlkBulb,Dropper 20 400,dropper-20-400,15cb61a746e7ee0da66e8f42ff03144aaa00e288ade548719bb1dc62d2d3609f,no_kit,,No productKits row served for current published plate (forSkus null),live-prod-2026-09-20
Drp20-4001ozWhiteBulb,CMP-DRP-WHT-20400-76,Drp20-4001ozWhiteBulb,Dropper 20 400,dropper-20-400,ff8b7a7848000ae2b9dde67855ea0bdfc68dd16cde0ab0d6b2395357b20789fa,no_kit,,No productKits row served for current published plate (forSkus null),live-prod-2026-09-20
Drp20-4001ozlShnGlTrimWhiteBulb,CMP-DRP-WTGD-20400-76,Drp20-4001ozlShnGlTrimWhiteBulb,Dropper 20 400,dropper-20-400,50c6c41ce76bda44ee418ffa696b397d9e3e4f98735e305664b0be30b12dc077,no_kit,,No productKits row served for current published plate (forSkus null),live-prod-2026-09-20
Drp20-4001ozlShnSlTrimWhiteBulb,CMP-DRP-WTSL-20400-76,Drp20-4001ozlShnSlTrimWhiteBulb,Dropper 20 400,dropper-20-400,df5a921211c83d41031ef7b1a83ff7eafaf6586a9c83310a384128d67aa88d15,no_kit,,No productKits row served for current published plate (forSkus null),live-prod-2026-09-20
Drp20-4002ozBlckBulb,CMP-DRP-BLK-20400-90,Drp20-4002ozBlckBulb,Dropper 20 400,dropper-20-400,0c8b956b187b0be7e27b3394812777de030fe704ed6d401bd4d831867ca2d04c,no_kit,,No productKits row served for current published plate (forSkus null),live-prod-2026-09-20
Drp20-4002ozShnGlTrimBlkBulb,CMP-DRP-BKGD-20400-90,Drp20-4002ozShnGlTrimBlkBulb,Dropper 20 400,dropper-20-400,32fdd72007216e47b0a94656bf71ed3b5d90b1d0a5ca5af89c533430997f6639,no_kit,,No productKits row served for current published plate (forSkus null),live-prod-2026-09-20
Drp20-4002ozShnSlTrimBlkBulb,CMP-DRP-BKSL-20400-90,Drp20-4002ozShnSlTrimBlkBulb,Dropper 20 400,dropper-20-400,15cb61a746e7ee0da66e8f42ff03144aaa00e288ade548719bb1dc62d2d3609f,no_kit,,No productKits row served for current published plate (forSkus null),live-prod-2026-09-20
Drp20-4002ozWhiteBulb,CMP-DRP-WHT-20400-90,Drp20-4002ozWhiteBulb,Dropper 20 400,dropper-20-400,ff8b7a7848000ae2b9dde67855ea0bdfc68dd16cde0ab0d6b2395357b20789fa,no_kit,,No productKits row served for current published plate (forSkus null),live-prod-2026-09-20
Drp20-4002ozlShnGlTrimWhiteBulb,CMP-DRP-WTGD-20400-90,Drp20-4002ozlShnGlTrimWhiteBulb,Dropper 20 400,dropper-20-400,50c6c41ce76bda44ee418ffa696b397d9e3e4f98735e305664b0be30b12dc077,no_kit,,No productKits row served for current published plate (forSkus null),live-prod-2026-09-20
Drp20-4002ozlShnSlTrimWhiteBulb,CMP-DRP-WTSL-20400-90,Drp20-4002ozlShnSlTrimWhiteBulb,Dropper 20 400,dropper-20-400,df5a921211c83d41031ef7b1a83ff7eafaf6586a9c83310a384128d67aa88d15,no_kit,,No productKits row served for current published plate (forSkus null),live-prod-2026-09-20
GBElg100AnSpBlk,GB-ELG-CLR-100ML-ASP-BLK,GBElg100AnSpBlk,Elegant 100ml Clear 18 415,elegant-100ml-clear-18-415,925cb922258adf90d7815171b50c4063286d702029f0fd79db5b0a0dc6214642,kit_complete,full,,live-prod-2026-09-20
GBElg100AnSpGl,GB-ELG-CLR-100ML-ASP-GLD,GBElg100AnSpGl,Elegant 100ml Clear 18 415,elegant-100ml-clear-18-415,8da0686827b0d0de3745da9b489fac14495fdcfd19b29a0a030422c237ff9f69,kit_complete,full,,live-prod-2026-09-20
GBElg100AnSpIvyGl,GB-ELG-CLR-100ML-ASP-IVGD,GBElg100AnSpIvyGl,Elegant 100ml Clear 18 415,elegant-100ml-clear-18-415,5de9a8d5cd9e08923eeb32a46bb837696046009e1fa2f7356f1d9cbeb217cae8,kit_complete,full,,live-prod-2026-09-20
GBElg100AnSpIvySl,GB-ELG-CLR-100ML-ASP-IVSL,GBElg100AnSpIvySl,Elegant 100ml Clear 18 415,elegant-100ml-clear-18-415,8e1418cdf001c3baee63413124d58f8fb4e5be50d8c96945c2328e4ba5135691,kit_complete,full,,live-prod-2026-09-20
GBElg100AnSpLvn,GB-ELG-CLR-100ML-ASP-LVN,GBElg100AnSpLvn,Elegant 100ml Clear 18 415,elegant-100ml-clear-18-415,ccb3b86e380b9287a483ba0e61e8c8ebb3128fb9ccc909cf64e4368347156f09,kit_complete,full,,live-prod-2026-09-20
GBElg100AnSpMtSl,GB-ELG-CLR-100ML-ASP-MSLV,GBElg100AnSpMtSl,Elegant 100ml Clear 18 415,elegant-100ml-clear-18-415,8e85bab46298f18906077e1fd8a1f07817ca209ae859bbe3f14460bd332e6b29,kit_complete,full,,live-prod-2026-09-20
GBElg100AnSpPnk,GB-ELG-CLR-100ML-ASP-PNK,GBElg100AnSpPnk,Elegant 100ml Clear 18 415,elegant-100ml-clear-18-415,f6a4aaf31885e7fdecec4681fee75bc6dff2265cd75900cfa60e5814e18db410,kit_complete,full,,live-prod-2026-09-20
GBElg100AnSpRed,GB-ELG-CLR-100ML-ASP-RED,GBElg100AnSpRed,Elegant 100ml Clear 18 415,elegant-100ml-clear-18-415,059807f825d382e216baca8b9a5b79aaa7d120d9dae9ce603a15aa5a5c60e938,kit_complete,full,,live-prod-2026-09-20
GBElg100AnSpTslBlk,GB-ELG-CLR-100ML-AST-BLK,GBElg100AnSpTslBlk,Elegant 100ml Clear 18 415,elegant-100ml-clear-18-415,4335a3eb2cbbed0c376711c9af0331141dad9d3631486958cdf8ce9313e046bf,kit_complete,full,,live-prod-2026-09-20
GBElg100AnSpTslGl,GB-ELG-CLR-100ML-AST-GLD,GBElg100AnSpTslGl,Elegant 100ml Clear 18 415,elegant-100ml-clear-18-415,985d74ece7e10c2020fdba462f62434200c37f74fb457aa6b9e6d0068b8f3008,no_kit,,No productKits row served for current published plate (forSkus null),live-prod-2026-09-20
GBElg100AnSpTslIvyGl,GB-ELG-CLR-100ML-AST-IVGD,GBElg100AnSpTslIvyGl,Elegant 100ml Clear 18 415,elegant-100ml-clear-18-415,8cfbbc49c144346e48728f33af6622c7e60d9badfc616292432d41769dc3aafe,kit_complete,full,,live-prod-2026-09-20
GBElg100AnSpTslIvySl,GB-ELG-CLR-100ML-AST-IVSL,GBElg100AnSpTslIvySl,Elegant 100ml Clear 18 415,elegant-100ml-clear-18-415,8f0291c825c1544bceb6c3448428c94a870ae583e80bd8102844a1b96357f599,kit_complete,full,,live-prod-2026-09-20
GBElg100AnSpTslLvn,GB-ELG-CLR-100ML-AST-LVN,GBElg100AnSpTslLvn,Elegant 100ml Clear 18 415,elegant-100ml-clear-18-415,dde6b79327f117e8f54903b44a9da523fbdd0b9da7cc84b74a3e91b43ab4c040,kit_complete,full,,live-prod-2026-09-20
GBElg100AnSpTslMtSl,GB-ELG-CLR-100ML-AST-MSLV,GBElg100AnSpTslMtSl,Elegant 100ml Clear 18 415,elegant-100ml-clear-18-415,3cddcfef3117ed4429c23e7d0078a937e2124930155e0936be32148ea8126ff9,kit_complete,full,,live-prod-2026-09-20
GBElg100AnSpTslPnk,GB-ELG-CLR-100ML-AST-PNK,GBElg100AnSpTslPnk,Elegant 100ml Clear 18 415,elegant-100ml-clear-18-415,e9333663700d7a3af2bbad4f187d7fd392d678bacb5721452f733de6e3d41ece,no_kit,,No productKits row served for current published plate (forSkus null),live-prod-2026-09-20
GBElg100AnSpTslRed,GB-ELG-CLR-100ML-AST-RED,GBElg100AnSpTslRed,Elegant 100ml Clear 18 415,elegant-100ml-clear-18-415,04fabb63115f1d715551fd61e2a2c252a416e4a23deacb2076ceb36545b75b44,no_kit,,No productKits row served for current published plate (forSkus null),live-prod-2026-09-20
GBElg100AnSpTslWht,GB-ELG-CLR-100ML-AST-WHT,GBElg100AnSpTslWht,Elegant 100ml Clear 18 415,elegant-100ml-clear-18-415,75e69de74f2d10a2fc2b85400aaf680671e947b01cca764698ed151cf85ecbc0,kit_complete,full,,live-prod-2026-09-20
GBElg100AnSpWht,GB-ELG-CLR-100ML-ASP-WHT-01,GBElg100AnSpWht,Elegant 100ml Clear 18 415,elegant-100ml-clear-18-415,b9f1483fa26ce7208ec1e39ce41881b469ef9cb5d817d785de933d2d127a924b,kit_complete,full,,live-prod-2026-09-20
GBElg100RdcrBlkLthr,GB-ELG-CLR-100ML-RDC-BKLT,GBElg100RdcrBlkLthr,Elegant 100ml Clear 18 415,elegant-100ml-clear-18-415,216e59336da18e02ee4612d6a9bdf833984744c7d812dbffab863c89d03e1b63,kit_complete,full,,live-prod-2026-09-20
GBElg100RdcrBrwnLthr,GB-ELG-CLR-100ML-RDC-BRLT,GBElg100RdcrBrwnLthr,Elegant 100ml Clear 18 415,elegant-100ml-clear-18-415,fbd0e44cf0b51ef1b989a3defa5592b16a4ee0359db6841cceba8de2bb56f301,kit_complete,full,,live-prod-2026-09-20
GBElg100RdcrIvyLthr,GB-ELG-CLR-100ML-RDC-IVLT,GBElg100RdcrIvyLthr,Elegant 100ml Clear 18 415,elegant-100ml-clear-18-415,d8ea01fc3a882aed50717f0af532b25c07805f47178287ec9840649b70f3d448,kit_complete,full,,live-prod-2026-09-20
GBElg100RdcrLBrwnLthr,GB-ELG-CLR-100ML-RDC-LBLT,GBElg100RdcrLBrwnLthr,Elegant 100ml Clear 18 415,elegant-100ml-clear-18-415,b2858531d58c7b589069050923b00d0be9b3ecb74279f5ea6611337e9007bfcf,kit_complete,full,,live-prod-2026-09-20
GBElg100RdcrMtSl,GB-ELG-CLR-100ML-RDC-MSLV,GBElg100RdcrMtSl,Elegant 100ml Clear 18 415,elegant-100ml-clear-18-415,b8352d8da57c82f106308b23644b2ee226cc5104091ae6091ea31582d27e6b6b,kit_complete,full,,live-prod-2026-09-20
GBElg100RdcrMtSlTall,GB-ELG-CLR-100ML-RDC-MSLV-T,GBElg100RdcrMtSlTall,Elegant 100ml Clear 18 415,elegant-100ml-clear-18-415,4305515582246d4948bace6ba77dd1d24f0911930d1e4eaac8cbfb090bad00be,kit_complete,full,,live-prod-2026-09-20
GBElg100RdcrPnkLthr,GB-ELG-CLR-100ML-RDC-PKLT,GBElg100RdcrPnkLthr,Elegant 100ml Clear 18 415,elegant-100ml-clear-18-415,1d563cf7aca89a526e859e5e7e69fb3864d3167e06a211fab5ec1a42e8133e36,kit_complete,full,,live-prod-2026-09-20
GBElg100RdcrShnBlk,GB-ELG-CLR-100ML-RDC-SBLK,GBElg100RdcrShnBlk,Elegant 100ml Clear 18 415,elegant-100ml-clear-18-415,a340560b7e8ceb6e094cf38b41cb0debc0131a93bbd7d5d97e641afec234b277,kit_complete,full,,live-prod-2026-09-20
GBElg100RdcrShnBlkTall,GB-ELG-CLR-100ML-RDC-SBLK-T,GBElg100RdcrShnBlkTall,Elegant 100ml Clear 18 415,elegant-100ml-clear-18-415,78a7d75a93290fb0948004dd412588bf15e32fa8244e5b6bd4ca5c3285027af7,kit_complete,full,,live-prod-2026-09-20
GBElg100RdcrShnGl,GB-ELG-CLR-100ML-RDC-SGLD,GBElg100RdcrShnGl,Elegant 100ml Clear 18 415,elegant-100ml-clear-18-415,01955861985f7925d13f2d1be2d9e3c7eac52d202b96045741b6a77e822f04b1,kit_complete,full,,live-prod-2026-09-20
GBElg100RdcrShnSl,GB-ELG-CLR-100ML-RDC-SSLV,GBElg100RdcrShnSl,Elegant 100ml Clear 18 415,elegant-100ml-clear-18-415,3a9ab32fcc6133e4970c17df953ba60934175812f0358e649013e5fa5f2f4c76,kit_complete,full,,live-prod-2026-09-20
GBElg100RdcrWht,GB-ELG-CLR-100ML-RDC-WHT,GBElg100RdcrWht,Elegant 100ml Clear 18 415,elegant-100ml-clear-18-415,3fbf5ca9a9c2365c317b1600b2737468263bee10c1d45d1117733444bfc13ee0,kit_complete,full,,live-prod-2026-09-20
GBElg100SpryCu,GB-ELG-CLR-100ML-SPR-CPR,GBElg100SpryCu,Elegant 100ml Clear 18 415,elegant-100ml-clear-18-415,def77e6e7d8a743431f89c6149748dfa8e32f99b2d2ee8dc92e0091a284e2713,kit_complete,full,,live-prod-2026-09-20
GBElg100SpryMtGl,GB-ELG-CLR-100ML-SPR-MGLD,GBElg100SpryMtGl,Elegant 100ml Clear 18 415,elegant-100ml-clear-18-415,cabc490d8d28d6910d11c64dca4ed80599a00c87b4acd6ac34d9ce271aa545dd,kit_complete,full,,live-prod-2026-09-20
GBElg100SpryMtSl,GB-ELG-CLR-100ML-SPR-MSLV,GBElg100SpryMtSl,Elegant 100ml Clear 18 415,elegant-100ml-clear-18-415,2e4442fd2a9d40f874b346cc790a6bb1c16d1b3a38b6e3ae4f731acdf3bb7a48,kit_complete,full,,live-prod-2026-09-20
GBElg100SpryShnBlk,GB-ELG-CLR-100ML-SPR-SBLK,GBElg100SpryShnBlk,Elegant 100ml Clear 18 415,elegant-100ml-clear-18-415,d7d42370bba11a16a2dd202915e252c27cf567382f7ccb3a58e0d690bb5dfb79,kit_complete,full,,live-prod-2026-09-20
GBElg100SpryShnGl,GB-ELG-CLR-100ML-SPR-SGLD,GBElg100SpryShnGl,Elegant 100ml Clear 18 415,elegant-100ml-clear-18-415,889afffb55a9796d3b4a6dc31508dd48d4a92ff6fca1a64c9d7debf9657bd9e7,kit_complete,full,,live-prod-2026-09-20
GBElg100SpryShnSl,GB-ELG-CLR-100ML-SPR-SSLV,GBElg100SpryShnSl,Elegant 100ml Clear 18 415,elegant-100ml-clear-18-415,3200fb3de5743c6cac530e3c7f8ed8af3239490212889928fc8ef722a1bc1505,kit_complete,full,,live-prod-2026-09-20
LBElg100LtnClOvrCap,LB-ELG-CLR-100ML-LPM-COCP,LBElg100LtnClOvrCap,Elegant 100ml Clear 18 415,elegant-100ml-clear-18-415,28b09b861aaa5c0e60077056a21c6a94920c9588971dae0ad83113aa43c0b079,kit_complete,full,,live-prod-2026-09-20
LBElg100LtnCu,LB-ELG-CLR-100ML-LPM-CPR,LBElg100LtnCu,Elegant 100ml Clear 18 415,elegant-100ml-clear-18-415,6e98590196dfe79e4e420509c9e3d1f122c942911128ca861f0c0174fae21eb2,kit_complete,full,,live-prod-2026-09-20
LBElg100LtnMtGl,LB-ELG-CLR-100ML-LPM-MGLD,LBElg100LtnMtGl,Elegant 100ml Clear 18 415,elegant-100ml-clear-18-415,37613708039341567cc52b16655626c1b6603e349b323adf612ff3cc8de5732a,kit_complete,full,,live-prod-2026-09-20
LBElg100LtnMtSl,LB-ELG-CLR-100ML-LPM-MSLV,LBElg100LtnMtSl,Elegant 100ml Clear 18 415,elegant-100ml-clear-18-415,597544a33e40bb8f691be85ea5aa72f6206fc1091b37c74044f3364ec4b49222,kit_complete,full,,live-prod-2026-09-20
LBElg100LtnShnBlk,LB-ELG-CLR-100ML-LPM-SBLK,LBElg100LtnShnBlk,Elegant 100ml Clear 18 415,elegant-100ml-clear-18-415,575e0e98bdeaa7354c5487a10a9dcc50b4dcff37105994daf23bd60ec096893d,kit_complete,full,,live-prod-2026-09-20
LBElg100LtnShnGl,LB-ELG-CLR-100ML-LPM-SGLD,LBElg100LtnShnGl,Elegant 100ml Clear 18 415,elegant-100ml-clear-18-415,2620db4b7c8448033070a6d412724694a65c9bfbedade398a984a94567ee5d29,kit_complete,full,,live-prod-2026-09-20
LBElg100LtnShnSl,LB-ELG-CLR-100ML-LPM-SSLV,LBElg100LtnShnSl,Elegant 100ml Clear 18 415,elegant-100ml-clear-18-415,983fb3156fade65632bbefc458fb0fe81cc4c272e2950f94d00c0767c79ebb5d,kit_complete,full,,live-prod-2026-09-20
LBElg100WhtClOvrCp,LB-ELG-CLR-100ML-LPM-OVCP-T,LBElg100WhtClOvrCp,Elegant 100ml Clear 18 415,elegant-100ml-clear-18-415,0147a92371e10a3c8846f003f8004bc4a740f8e4012c5fc063fc1d71569de22b,no_kit,,No productKits row served for current published plate (forSkus null),live-prod-2026-09-20
GBElgFrst100AnSpBlk,GB-ELG-FRS-100ML-ASP-BLK,GBElgFrst100AnSpBlk,Elegant 100ml Frosted 18 415,elegant-100ml-frosted-18-415,3de5ef24acd05a1faa7f2b9b3df6f4c41b8741a2206e608ec82faf537bd765ab,kit_complete,full,,live-prod-2026-09-20
GBElgFrst100AnSpGl,GB-ELG-FRS-100ML-ASP-GLD,GBElgFrst100AnSpGl,Elegant 100ml Frosted 18 415,elegant-100ml-frosted-18-415,e76d12219f7913a8a79266d14a6bef213c0aaf6043471571e8f4c573e274a24c,kit_complete,full,,live-prod-2026-09-20
GBElgFrst100AnSpIvyGl,GB-ELG-FRS-100ML-ASP-IVGD,GBElgFrst100AnSpIvyGl,Elegant 100ml Frosted 18 415,elegant-100ml-frosted-18-415,da1ded88b7fb65a5d9658afb24debea1be3ab42862c29d3be77f951d81f1e49e,kit_complete,full,,live-prod-2026-09-20
GBElgFrst100AnSpIvySl,GB-ELG-FRS-100ML-ASP-IVSL,GBElgFrst100AnSpIvySl,Elegant 100ml Frosted 18 415,elegant-100ml-frosted-18-415,cc5ab2d7d51371135811a834a17c9972cc6fa683d3cb0c62775547f6ec7fd573,kit_complete,full,,live-prod-2026-09-20
GBElgFrst100AnSpLvn,GB-ELG-FRS-100ML-ASP-LVN,GBElgFrst100AnSpLvn,Elegant 100ml Frosted 18 415,elegant-100ml-frosted-18-415,270b3e1a3d8c81205db5b18620d9e5b3df4d5e50f45799138ecf7a8052b44ec1,kit_complete,full,,live-prod-2026-09-20
GBElgFrst100AnSpMtSl,GB-ELG-FRS-100ML-ASP-MSLV,GBElgFrst100AnSpMtSl,Elegant 100ml Frosted 18 415,elegant-100ml-frosted-18-415,3aaa2f4aaaa792430000435b353e8aa834426188d9a31e632bfca6a97c31c1ec,kit_complete,full,,live-prod-2026-09-20
GBElgFrst100AnSpPnk,GB-ELG-FRS-100ML-ASP-PNK,GBElgFrst100AnSpPnk,Elegant 100ml Frosted 18 415,elegant-100ml-frosted-18-415,16dffd993b86f7746a46bc620a8adbccc1163d296807d02e7b4a7252e0f81770,kit_complete,full,,live-prod-2026-09-20
GBElgFrst100AnSpRed,GB-ELG-FRS-100ML-ASP-RED,GBElgFrst100AnSpRed,Elegant 100ml Frosted 18 415,elegant-100ml-frosted-18-415,0a0832bf166386f41ecefabcb9fc4802cba2348e1dffd4dfec9ed41a8d4a0945,kit_complete,full,,live-prod-2026-09-20
GBElgFrst100AnSpTslBlk,GB-ELG-FRS-100ML-AST-BLK,GBElgFrst100AnSpTslBlk,Elegant 100ml Frosted 18 415,elegant-100ml-frosted-18-415,3fd763aa66d1b1ff9f3eb9aa7a7d95958d17304f51bfc631818cdff492a79fc6,kit_complete,full,,live-prod-2026-09-20
GBElgFrst100AnSpTslGl,GB-ELG-FRS-100ML-AST-GLD,GBElgFrst100AnSpTslGl,Elegant 100ml Frosted 18 415,elegant-100ml-frosted-18-415,e3da51be38713ca1d305a5232f51a110df2dd9190629f335a4b314317e340bf0,kit_complete,full,,live-prod-2026-09-20
GBElgFrst100AnSpTslIvyGl,GB-ELG-FRS-100ML-AST-IVGD,GBElgFrst100AnSpTslIvyGl,Elegant 100ml Frosted 18 415,elegant-100ml-frosted-18-415,24d31091add09d531cbafe2f3d316b650a4c27888a87a4e0c69c07b1c7a3eedc,kit_complete,full,,live-prod-2026-09-20
GBElgFrst100AnSpTslIvySl,GB-ELG-FRS-100ML-AST-IVSL,GBElgFrst100AnSpTslIvySl,Elegant 100ml Frosted 18 415,elegant-100ml-frosted-18-415,442467dc94fc2188200f0f61331b30301a840c333815ff9455d3a55d9e2fa204,kit_complete,full,,live-prod-2026-09-20
GBElgFrst100AnSpTslLvn,GB-ELG-FRS-100ML-AST-LVN,GBElgFrst100AnSpTslLvn,Elegant 100ml Frosted 18 415,elegant-100ml-frosted-18-415,1fda363bedb47db2e0797144cd5f1eb4c74b44c53553d2d974accf3bc0442e83,kit_complete,full,,live-prod-2026-09-20
GBElgFrst100AnSpTslMtSl,GB-ELG-FRS-100ML-AST-MSLV,GBElgFrst100AnSpTslMtSl,Elegant 100ml Frosted 18 415,elegant-100ml-frosted-18-415,f665858093fd8dab95f08efe7b17c5166768f5f0aa8fd4c217b0299e8a4d20c7,kit_complete,full,,live-prod-2026-09-20
GBElgFrst100AnSpTslPnk,GB-ELG-FRS-100ML-AST-PNK,GBElgFrst100AnSpTslPnk,Elegant 100ml Frosted 18 415,elegant-100ml-frosted-18-415,616a7c617ca16759252216e48d7cc2d18d60aef0641c83d66d2278e0d5ef7fdb,kit_complete,full,,live-prod-2026-09-20
GBElgFrst100AnSpTslRed,GB-ELG-FRS-100ML-AST-RED,GBElgFrst100AnSpTslRed,Elegant 100ml Frosted 18 415,elegant-100ml-frosted-18-415,1c5a17ac2b954c365c63acbecb6ef33c2ec5f376a7b5710a90471855b71d6df5,no_kit,,No productKits row served for current published plate (forSkus null),live-prod-2026-09-20
GBElgFrst100AnSpTslWht,GB-ELG-FRS-100ML-AST-WHT,GBElgFrst100AnSpTslWht,Elegant 100ml Frosted 18 415,elegant-100ml-frosted-18-415,79e93c2bc34692fe642b9db2fe4ccad27ea63e42c7ed8f2c85a9d830d63f6a06,kit_complete,full,,live-prod-2026-09-20
GBElgFrst100AnSpWht,GB-ELG-FRS-100ML-ASP-WHT-02,GBElgFrst100AnSpWht,Elegant 100ml Frosted 18 415,elegant-100ml-frosted-18-415,4d1655893a24adde6aaeafaf9755172ac861a9885a49df743343ae284e1ef4a6,kit_complete,full,,live-prod-2026-09-20
GBElgFrst100RdcrBlkLthr,GB-ELG-FRS-100ML-RDC-BKLT,GBElgFrst100RdcrBlkLthr,Elegant 100ml Frosted 18 415,elegant-100ml-frosted-18-415,7828619a60104493f83fa7720f947591835bd44ba18378390c1983ec198c871d,kit_complete,full,,live-prod-2026-09-20
GBElgFrst100RdcrBrwnLthr,GB-ELG-FRS-100ML-RDC-BRLT,GBElgFrst100RdcrBrwnLthr,Elegant 100ml Frosted 18 415,elegant-100ml-frosted-18-415,655ba7227e6f6ab460ddbc150a279ed6e94b80a93afcc6ba00d8ab668c024a4e,kit_complete,full,,live-prod-2026-09-20
GBElgFrst100RdcrIvyLthr,GB-ELG-FRS-100ML-RDC-IVLT,GBElgFrst100RdcrIvyLthr,Elegant 100ml Frosted 18 415,elegant-100ml-frosted-18-415,2c3799b8c29ed15bc584847f9d5da91d8ac3b54e6abd5380cbd31deeb86615c9,kit_complete,full,,live-prod-2026-09-20
GBElgFrst100RdcrLBrwnLthr,GB-ELG-FRS-100ML-RDC-LBLT,GBElgFrst100RdcrLBrwnLthr,Elegant 100ml Frosted 18 415,elegant-100ml-frosted-18-415,65c5227d90c93db591a147c732dc76a58cef45cd1ed7db1831108b0aa359bedd,kit_complete,full,,live-prod-2026-09-20
GBElgFrst100RdcrMtSlTall,GB-ELG-FRS-100ML-RDC-MSLV-T,GBElgFrst100RdcrMtSlTall,Elegant 100ml Frosted 18 415,elegant-100ml-frosted-18-415,e6eb292ddc218f7e203a4be47eb45e03d98e1e6e4ee37009343cf6ceca3d3560,kit_complete,full,,live-prod-2026-09-20
GBElgFrst100RdcrPnkLthr,GB-ELG-FRS-100ML-RDC-PKLT,GBElgFrst100RdcrPnkLthr,Elegant 100ml Frosted 18 415,elegant-100ml-frosted-18-415,9a0524ab86b68807fcd6b173fc40d9c232d2ae17b387c3b8f2b15f5108794587,kit_complete,full,,live-prod-2026-09-20
GBElgFrst100RdcrShnBlk,GB-ELG-FRS-100ML-RDC-SBLK,GBElgFrst100RdcrShnBlk,Elegant 100ml Frosted 18 415,elegant-100ml-frosted-18-415,4c5cc5e8cd405164ebe2d308f836ecefb03096e70ff323144f2f9eb117777257,kit_complete,full,,live-prod-2026-09-20
GBElgFrst100RdcrShnBlkTall,GB-ELG-FRS-100ML-RDC-SBLK-T,GBElgFrst100RdcrShnBlkTall,Elegant 100ml Frosted 18 415,elegant-100ml-frosted-18-415,a44bb9e40cb8ec8b3967822f1b007f6926296d0d5896f29022b0e20a81394864,kit_complete,full,,live-prod-2026-09-20
GBElgFrst100RdcrShnGl,GB-ELG-FRS-100ML-RDC-SGLD,GBElgFrst100RdcrShnGl,Elegant 100ml Frosted 18 415,elegant-100ml-frosted-18-415,90446a2fddb82fb12550eb522a3741ffbb40b4b074cba6ef810d318208738de5,kit_complete,full,,live-prod-2026-09-20
GBElgFrst100RdcrShnSl,GB-ELG-FRS-100ML-RDC-SSLV,GBElgFrst100RdcrShnSl,Elegant 100ml Frosted 18 415,elegant-100ml-frosted-18-415,6dd0cebd7e1a2b948dc3f1cb8b446b165d9317dc859b7b861fcf3753d4b79bf7,kit_complete,full,,live-prod-2026-09-20
GBElgFrst100RdcrWht,GB-ELG-FRS-100ML-RDC-WHT,GBElgFrst100RdcrWht,Elegant 100ml Frosted 18 415,elegant-100ml-frosted-18-415,4c79193abd4258ffebf89ed8b811f46fe063a91f3ebe8ffe3a7324339bbce1b0,kit_complete,full,,live-prod-2026-09-20
GBElgFrst100SpryCu,GB-ELG-FRS-100ML-SPR-CPR,GBElgFrst100SpryCu,Elegant 100ml Frosted 18 415,elegant-100ml-frosted-18-415,ecc8544afdd91312a0b37ddeaef8ab9741bf8cc3bab92214313ca39160d0ceb2,kit_complete,full,,live-prod-2026-09-20
GBElgFrst100SpryMtGl,GB-ELG-FRS-100ML-SPR-MGLD,GBElgFrst100SpryMtGl,Elegant 100ml Frosted 18 415,elegant-100ml-frosted-18-415,d5678ddbca0a48e1f78973e6a40af0f3eadabc53533e64bf60de0011b505c288,kit_complete,full,,live-prod-2026-09-20
GBElgFrst100SpryMtSl,GB-ELG-FRS-100ML-SPR-MSLV,GBElgFrst100SpryMtSl,Elegant 100ml Frosted 18 415,elegant-100ml-frosted-18-415,e7a8b14f1f2fc9871b06d11ee6b46ff2dfc6903fbbdfc735ac703511a9e94cd2,kit_complete,full,,live-prod-2026-09-20
GBElgFrst100SpryShnBlk,GB-ELG-FRS-100ML-SPR-SBLK,GBElgFrst100SpryShnBlk,Elegant 100ml Frosted 18 415,elegant-100ml-frosted-18-415,4cf7e39fba28ed61c8e00b284cf60cd4dd263a83a727d2a413d378dd30076b88,kit_complete,full,,live-prod-2026-09-20
GBElgFrst100SpryShnGl,GB-ELG-FRS-100ML-SPR-SGLD,GBElgFrst100SpryShnGl,Elegant 100ml Frosted 18 415,elegant-100ml-frosted-18-415,ae6f7aaf6b63fae3d5838858948a795a775553ebf0e870e69e2911c64b256716,kit_complete,full,,live-prod-2026-09-20
GBElgFrst100SpryShnSl,GB-ELG-FRS-100ML-SPR-SSLV,GBElgFrst100SpryShnSl,Elegant 100ml Frosted 18 415,elegant-100ml-frosted-18-415,5d9e09fcfd590962d8c2e243aa031792eaf41428d4ae835ca2fa0ed4a3bf59db,kit_complete,full,,live-prod-2026-09-20
LBElgFrst100LtnClOvrCap,LB-ELG-FRS-100ML-LPM-COCP,LBElgFrst100LtnClOvrCap,Elegant 100ml Frosted 18 415,elegant-100ml-frosted-18-415,775501c3a9993f2f95e98e87b3185ee54ede4a3b60524773028027547dc97d16,kit_complete,full,,live-prod-2026-09-20
LBElgFrst100LtnCu,LB-ELG-FRS-100ML-LPM-CPR,LBElgFrst100LtnCu,Elegant 100ml Frosted 18 415,elegant-100ml-frosted-18-415,ecc8544afdd91312a0b37ddeaef8ab9741bf8cc3bab92214313ca39160d0ceb2,kit_complete,full,,live-prod-2026-09-20
LBElgFrst100LtnMtGl,LB-ELG-FRS-100ML-LPM-MGLD,LBElgFrst100LtnMtGl,Elegant 100ml Frosted 18 415,elegant-100ml-frosted-18-415,112261f5cd2b1715a9fc5cdb9ac1b6e7fff8c96adb12b6488891fe595d08e3ba,kit_complete,full,,live-prod-2026-09-20
LBElgFrst100LtnMtSl,LB-ELG-FRS-100ML-LPM-MSLV,LBElgFrst100LtnMtSl,Elegant 100ml Frosted 18 415,elegant-100ml-frosted-18-415,e7a8b14f1f2fc9871b06d11ee6b46ff2dfc6903fbbdfc735ac703511a9e94cd2,kit_complete,full,,live-prod-2026-09-20
LBElgFrst100LtnShnBlk,LB-ELG-FRS-100ML-LPM-SBLK,LBElgFrst100LtnShnBlk,Elegant 100ml Frosted 18 415,elegant-100ml-frosted-18-415,4cf7e39fba28ed61c8e00b284cf60cd4dd263a83a727d2a413d378dd30076b88,kit_complete,full,,live-prod-2026-09-20
LBElgFrst100LtnShnGl,LB-ELG-FRS-100ML-LPM-SGLD,LBElgFrst100LtnShnGl,Elegant 100ml Frosted 18 415,elegant-100ml-frosted-18-415,ae6f7aaf6b63fae3d5838858948a795a775553ebf0e870e69e2911c64b256716,kit_complete,full,,live-prod-2026-09-20
LBElgFrst100LtnShnSl,LB-ELG-FRS-100ML-LPM-SSLV,LBElgFrst100LtnShnSl,Elegant 100ml Frosted 18 415,elegant-100ml-frosted-18-415,5d9e09fcfd590962d8c2e243aa031792eaf41428d4ae835ca2fa0ed4a3bf59db,kit_complete,full,,live-prod-2026-09-20
LBElgFrst100WhtClOvrCp,LB-ELG-FRS-100ML-LPM-OVCP-T,LBElgFrst100WhtClOvrCp,Elegant 100ml Frosted 18 415,elegant-100ml-frosted-18-415,fa348627a1d06f62b621a141b8128bdf8bf6e918a2582362526d478438de6564,kit_complete,full,,live-prod-2026-09-20
GBElg15BlkSht,GB-ELG-CLR-15ML-BLK-S-01,GBElg15BlkSht,Elegant 15ml Clear 13 415,elegant-15ml-clear-13-415,fc69843b714dc50d0947618145f53450638ccc72de42521f740b7b0a85ea7349,kit_complete,full,,live-prod-2026-09-20
GBElg15Gl,GB-ELG-CLR-15ML-GLD-T,GBElg15Gl,Elegant 15ml Clear 13 415,elegant-15ml-clear-13-415,652f0823603841ef71b79057e7454abb0e25d0983469fe954927e23c13623fdf,kit_complete,full,,live-prod-2026-09-20
GBElg15MinarCu,GB-ELG-CLR-15ML-MNR-MCPR,GBElg15MinarCu,Elegant 15ml Clear 13 415,elegant-15ml-clear-13-415,1e0d5725a326631a906325f6af32a3ae663b9111b66659c028f378dfff0e841c,no_kit,,No productKits row served for current published plate (forSkus null),live-prod-2026-09-20
GBElg15MtlRollBlkDot,GB-ELG-CLR-15ML-MRL-BKDT,GBElg15MtlRollBlkDot,Elegant 15ml Clear 13 415,elegant-15ml-clear-13-415,3db9750d16b930742df760dbc29cc46d87479c1ff9e64d30fcb3f9bfc1d6bed4,no_kit,,No productKits row served for current published plate (forSkus null),live-prod-2026-09-20
GBElg15MtlRollBlkSh,GB-ELG-CLR-15ML-MRL-SBLK,GBElg15MtlRollBlkSh,Elegant 15ml Clear 13 415,elegant-15ml-clear-13-415,0683cbc7be6ca4e3f70f5360f0c8bdc4c8067f2314e6cb1468eeef5c077f3f88,kit_complete,full,,live-prod-2026-09-20
GBElg15MtlRollCuMatt,GB-ELG-CLR-15ML-MRL-MCPR-01,GBElg15MtlRollCuMatt,Elegant 15ml Clear 13 415,elegant-15ml-clear-13-415,1516a4640f5bcbe200ca86cd59c1166e5c8eb96b2f56c0a96fe28e186e71d11b,kit_complete,full,,live-prod-2026-09-20
GBElg15MtlRollGlMatt,GB-ELG-CLR-15ML-MRL-MGLD,GBElg15MtlRollGlMatt,Elegant 15ml Clear 13 415,elegant-15ml-clear-13-415,e4cd006e7f798cbac64706681ea1d8925101545ec3767484fbbacefdbf165c13,kit_complete,full,,live-prod-2026-09-20
GBElg15MtlRollGlSh,GB-ELG-CLR-15ML-MRL-SGLD-01,GBElg15MtlRollGlSh,Elegant 15ml Clear 13 415,elegant-15ml-clear-13-415,349226f8ebaca5d0419cb47673ad52a91edfc7d0a25559c0f1ed0688628b8855,kit_complete,full,,live-prod-2026-09-20
GBElg15MtlRollPinkDot,GB-ELG-CLR-15ML-MRL-PKDT,GBElg15MtlRollPinkDot,Elegant 15ml Clear 13 415,elegant-15ml-clear-13-415,5d0f3e3e0a2b86c588a1a6770b47f94346f23ceb340ae33dec754083d00b5cbc,kit_complete,full,,live-prod-2026-09-20
GBElg15MtlRollSlDot,GB-ELG-CLR-15ML-MRL-SLDT,GBElg15MtlRollSlDot,Elegant 15ml Clear 13 415,elegant-15ml-clear-13-415,16b15c1e48f855fb14da85a03560cedd79dca11dfaf7cad463464b33e616bfc1,kit_complete,full,,live-prod-2026-09-20
GBElg15MtlRollSlMatt,GB-ELG-CLR-15ML-MRL-MSLV-01,GBElg15MtlRollSlMatt,Elegant 15ml Clear 13 415,elegant-15ml-clear-13-415,fdc60a828a678ae8dac1c9e33cf06eac1720a3083bd8a65ca61ac265b4463fca,kit_complete,full,,live-prod-2026-09-20
GBElg15MtlRollSlSh,GB-ELG-CLR-15ML-MRL-SSLV,GBElg15MtlRollSlSh,Elegant 15ml Clear 13 415,elegant-15ml-clear-13-415,7ec9f502e31b778d0507e7d2dfee24649046f04e9925c4490b63f1fb48f26a4c,kit_complete,full,,live-prod-2026-09-20
GBElg15RollBlkDot,GB-ELG-CLR-15ML-ROL-BKDT,GBElg15RollBlkDot,Elegant 15ml Clear 13 415,elegant-15ml-clear-13-415,3db9750d16b930742df760dbc29cc46d87479c1ff9e64d30fcb3f9bfc1d6bed4,no_kit,,No productKits row served for current published plate (forSkus null),live-prod-2026-09-20
GBElg15RollBlkSh,GB-ELG-CLR-15ML-ROL-SBLK,GBElg15RollBlkSh,Elegant 15ml Clear 13 415,elegant-15ml-clear-13-415,0683cbc7be6ca4e3f70f5360f0c8bdc4c8067f2314e6cb1468eeef5c077f3f88,kit_complete,full,,live-prod-2026-09-20
GBElg15RollCuMatt,GB-ELG-CLR-15ML-ROL-MCPR,GBElg15RollCuMatt,Elegant 15ml Clear 13 415,elegant-15ml-clear-13-415,1516a4640f5bcbe200ca86cd59c1166e5c8eb96b2f56c0a96fe28e186e71d11b,kit_complete,full,,live-prod-2026-09-20
GBElg15RollGlMatt,GB-ELG-CLR-15ML-ROL-MGLD,GBElg15RollGlMatt,Elegant 15ml Clear 13 415,elegant-15ml-clear-13-415,e4cd006e7f798cbac64706681ea1d8925101545ec3767484fbbacefdbf165c13,kit_complete,full,,live-prod-2026-09-20
GBElg15RollGlSh,GB-ELG-CLR-15ML-ROL-SGLD,GBElg15RollGlSh,Elegant 15ml Clear 13 415,elegant-15ml-clear-13-415,349226f8ebaca5d0419cb47673ad52a91edfc7d0a25559c0f1ed0688628b8855,kit_complete,full,,live-prod-2026-09-20
GBElg15RollPinkDot,GB-ELG-CLR-15ML-ROL-PKDT,GBElg15RollPinkDot,Elegant 15ml Clear 13 415,elegant-15ml-clear-13-415,5d0f3e3e0a2b86c588a1a6770b47f94346f23ceb340ae33dec754083d00b5cbc,kit_complete,full,,live-prod-2026-09-20
GBElg15RollSlDot,GB-ELG-CLR-15ML-ROL-SLDT,GBElg15RollSlDot,Elegant 15ml Clear 13 415,elegant-15ml-clear-13-415,16b15c1e48f855fb14da85a03560cedd79dca11dfaf7cad463464b33e616bfc1,kit_complete,full,,live-prod-2026-09-20
GBElg15RollSlMatt,GB-ELG-CLR-15ML-ROL-MSLV,GBElg15RollSlMatt,Elegant 15ml Clear 13 415,elegant-15ml-clear-13-415,fdc60a828a678ae8dac1c9e33cf06eac1720a3083bd8a65ca61ac265b4463fca,kit_complete,full,,live-prod-2026-09-20
GBElg15RollSlSh,GB-ELG-CLR-15ML-ROL-SSLV,GBElg15RollSlSh,Elegant 15ml Clear 13 415,elegant-15ml-clear-13-415,7ec9f502e31b778d0507e7d2dfee24649046f04e9925c4490b63f1fb48f26a4c,kit_complete,full,,live-prod-2026-09-20
GBElg15Sl,GB-ELG-CLR-15ML-SLV-T-01,GBElg15Sl,Elegant 15ml Clear 13 415,elegant-15ml-clear-13-415,76b6988cd2d3e2aec7fc141276239bfc5261f8a063e8c0bc8086fe8670c623a1,kit_complete,full,,live-prod-2026-09-20
GBElg15SpryBlkMatt,GB-ELG-CLR-15ML-SPR-MBLK,GBElg15SpryBlkMatt,Elegant 15ml Clear 13 415,elegant-15ml-clear-13-415,5798082b23c62294e994017b7757feaca4d924b60150ed50a93f9ef24f0cf6d3,kit_complete,full,,live-prod-2026-09-20
GBElg15SpryBlkSh,GB-ELG-CLR-15ML-SPR-SBLK,GBElg15SpryBlkSh,Elegant 15ml Clear 13 415,elegant-15ml-clear-13-415,7648545b88d9050fe227fd8494e332b488c3e8ece6283eac315def2d3085e81b,kit_complete,full,,live-prod-2026-09-20
GBElg15SpryBluMatt,GB-ELG-CLR-15ML-SPR-MBLU,GBElg15SpryBluMatt,Elegant 15ml Clear 13 415,elegant-15ml-clear-13-415,ca706a3ae91346b7f9fdcef01dadc67fd07bbc2dc221a0c27bb680f0e5e8eeba,kit_complete,full,,live-prod-2026-09-20
GBElg15SpryCuMatt,GB-ELG-CLR-15ML-SPR-MCPR-01,GBElg15SpryCuMatt,Elegant 15ml Clear 13 415,elegant-15ml-clear-13-415,a40cd91f1f9aee5f8bae54d13d6e8aa2d11f2c807bd6ecb10ce5f1c83a52573b,no_kit,,No productKits row served for current published plate (forSkus null),live-prod-2026-09-20
GBElg15SpryGlMatt,GB-ELG-CLR-15ML-SPR-MGLD,GBElg15SpryGlMatt,Elegant 15ml Clear 13 415,elegant-15ml-clear-13-415,1f513b205ce2fe0404428b8b3fb7d6fe1c53b06146e8e980a73bfe900d82ae51,kit_complete,full,,live-prod-2026-09-20
GBElg15SpryGlSh,GB-ELG-CLR-15ML-SPR-SGLD-01,GBElg15SpryGlSh,Elegant 15ml Clear 13 415,elegant-15ml-clear-13-415,7e392e8b85fa581a99a1b3293dd55688398ec7acab0e593b8f4b9ee5712eab4b,kit_complete,full,,live-prod-2026-09-20
GBElg15SprySlMatt,GB-ELG-CLR-15ML-SPR-MSLV-01,GBElg15SprySlMatt,Elegant 15ml Clear 13 415,elegant-15ml-clear-13-415,951727da9b275f1302f91dc0740d0b35bbdfba052c9254f17a188e73403a0834,kit_complete,full,,live-prod-2026-09-20
GBElg15SprySlSh,GB-ELG-CLR-15ML-SPR-SSLV,GBElg15SprySlSh,Elegant 15ml Clear 13 415,elegant-15ml-clear-13-415,bade372de65296adf133888e2b8d0f7ca2018fdb423d5fa6675457ac18f3832e,kit_complete,full,,live-prod-2026-09-20
GBElg15WhtSht,GB-ELG-WHT-15ML-WHT-S,GBElg15WhtSht,Elegant 15ml Clear 13 415,elegant-15ml-clear-13-415,1a0669996de76a14ebc7a60586143b0b60594514e793961ebbf21c010b9e874b,kit_complete,full,,live-prod-2026-09-20
GBElgFrst15BlkShSht,GB-ELG-FRS-15ML-CAP-SBLK,GBElgFrst15BlkShSht,Elegant 15ml Frosted 13 415,elegant-15ml-frosted-13-415,7a0d0eb02d807b4f45e76f691662fa5582d7d06ee8bd973ed2d078c2d9241f37,no_kit,,No productKits row served for current published plate (forSkus null),live-prod-2026-09-20
GBElgFrst15BlkSht,GB-ELG-FRS-15ML-BLK-S-02,GBElgFrst15BlkSht,Elegant 15ml Frosted 13 415,elegant-15ml-frosted-13-415,19988065866d9e0ef595b45baced7e21298fecc945ac30e50def1bf0e0a1a163,kit_complete,full,,live-prod-2026-09-20
GBElgFrst15Gl,GB-ELG-FRS-15ML-SGLD-T,GBElgFrst15Gl,Elegant 15ml Frosted 13 415,elegant-15ml-frosted-13-415,1718b921293b208b3af1200e0959d703c107c87874018114dbf85c1699d2554b,kit_complete,full,,live-prod-2026-09-20
GBElgFrst15MtlRollBlkDot,GB-ELG-FRS-15ML-MRL-BLK-01,GBElgFrst15MtlRollBlkDot,Elegant 15ml Frosted 13 415,elegant-15ml-frosted-13-415,56f7e3e31f8206501389004e9fa54cfa1e5963e5c6a1d1dd6148de1fb8f0b3c0,no_kit,,No productKits row served for current published plate (forSkus null),live-prod-2026-09-20
GBElgFrst15MtlRollBlkSh,GB-ELG-FRS-15ML-MRL-BLK-02,GBElgFrst15MtlRollBlkSh,Elegant 15ml Frosted 13 415,elegant-15ml-frosted-13-415,b13f55690958e92e4c2bcfd29d56e076d673f691ef7a4669da48379642369745,kit_complete,full,,live-prod-2026-09-20
GBElgFrst15MtlRollCuMatt,GB-ELG-FRS-15ML-MRL-MCPR-02,GBElgFrst15MtlRollCuMatt,Elegant 15ml Frosted 13 415,elegant-15ml-frosted-13-415,6fadccebd4eb72aa358446924a0f0685b5898929be55e41102e12d1a0daf8b41,kit_complete,full,,live-prod-2026-09-20
GBElgFrst15MtlRollGlSh,GB-ELG-FRS-15ML-MRL-SGLD-02,GBElgFrst15MtlRollGlSh,Elegant 15ml Frosted 13 415,elegant-15ml-frosted-13-415,5ca8d6ba95d97ee699d44686910209c7aa0ccba312f08684729bb0332b9ca068,kit_complete,full,,live-prod-2026-09-20
GBElgFrst15MtlRollPinkDot,GB-ELG-FRS-15ML-MRL,GBElgFrst15MtlRollPinkDot,Elegant 15ml Frosted 13 415,elegant-15ml-frosted-13-415,320f74f325aef0f0e00abc522ca33caa4b74ca5225d455781ec6bdb39a15b235,kit_complete,full,,live-prod-2026-09-20
GBElgFrst15MtlRollSlDot,GB-ELG-FRS-15ML-MRL-SLV-01,GBElgFrst15MtlRollSlDot,Elegant 15ml Frosted 13 415,elegant-15ml-frosted-13-415,e3c138e8ab703e9e8bc92fcea739841c22dc41842af0bdcb6a67fc5f4ec70bcb,kit_complete,full,,live-prod-2026-09-20
GBElgFrst15MtlRollSlMatt,GB-ELG-FRS-15ML-MRL-MSLV-02,GBElgFrst15MtlRollSlMatt,Elegant 15ml Frosted 13 415,elegant-15ml-frosted-13-415,452ca4f4bac6376d8e48ee7d2807f570d433b240870364aea9b9872db3754e42,kit_complete,full,,live-prod-2026-09-20
GBElgFrst15MtlRollSlSh,GB-ELG-FRS-15ML-MRL-SLV-02,GBElgFrst15MtlRollSlSh,Elegant 15ml Frosted 13 415,elegant-15ml-frosted-13-415,d4f4e78aa06428a2ab5e6cf1d3dd8a83acd118beefaf3047f56e18caeaf30b53,kit_complete,full,,live-prod-2026-09-20
GBElgFrst15RollBlkDot,GB-ELG-FRS-15ML-RBL-BLK-01,GBElgFrst15RollBlkDot,Elegant 15ml Frosted 13 415,elegant-15ml-frosted-13-415,56f7e3e31f8206501389004e9fa54cfa1e5963e5c6a1d1dd6148de1fb8f0b3c0,no_kit,,No productKits row served for current published plate (forSkus null),live-prod-2026-09-20
GBElgFrst15RollBlkSh,GB-ELG-FRS-15ML-RBL-BLK-02,GBElgFrst15RollBlkSh,Elegant 15ml Frosted 13 415,elegant-15ml-frosted-13-415,2e405fc35047d1a5ea4a3a536f5cc62cb7511a77ec0619d1dd9d89d1aa3d2fd5,kit_complete,full,,live-prod-2026-09-20
GBElgFrst15RollCuMatt,GB-ELG-FRS-15ML-RBL-MCPR,GBElgFrst15RollCuMatt,Elegant 15ml Frosted 13 415,elegant-15ml-frosted-13-415,f3a609f118861e2274718876dd625e9327106bffc9c3d416c32820ab27051cd9,kit_complete,full,,live-prod-2026-09-20
GBElgFrst15RollGlSh,GB-ELG-FRS-15ML-RBL-SGLD,GBElgFrst15RollGlSh,Elegant 15ml Frosted 13 415,elegant-15ml-frosted-13-415,5ca8d6ba95d97ee699d44686910209c7aa0ccba312f08684729bb0332b9ca068,kit_complete,full,,live-prod-2026-09-20
GBElgFrst15RollPinkDot,GB-ELG-FRS-15ML-RBL,GBElgFrst15RollPinkDot,Elegant 15ml Frosted 13 415,elegant-15ml-frosted-13-415,320f74f325aef0f0e00abc522ca33caa4b74ca5225d455781ec6bdb39a15b235,kit_complete,full,,live-prod-2026-09-20
GBElgFrst15RollSlDot,GB-ELG-FRS-15ML-RBL-SLV-01,GBElgFrst15RollSlDot,Elegant 15ml Frosted 13 415,elegant-15ml-frosted-13-415,e3c138e8ab703e9e8bc92fcea739841c22dc41842af0bdcb6a67fc5f4ec70bcb,kit_complete,full,,live-prod-2026-09-20
GBElgFrst15RollSlMatt,GB-ELG-FRS-15ML-RBL-MSLV,GBElgFrst15RollSlMatt,Elegant 15ml Frosted 13 415,elegant-15ml-frosted-13-415,452ca4f4bac6376d8e48ee7d2807f570d433b240870364aea9b9872db3754e42,kit_complete,full,,live-prod-2026-09-20
GBElgFrst15RollSlSh,GB-ELG-FRS-15ML-RBL-SLV-02,GBElgFrst15RollSlSh,Elegant 15ml Frosted 13 415,elegant-15ml-frosted-13-415,d4f4e78aa06428a2ab5e6cf1d3dd8a83acd118beefaf3047f56e18caeaf30b53,kit_complete,full,,live-prod-2026-09-20
GBElgFrst15Sl,GB-ELG-FRS-15ML-SLV-T-02,GBElgFrst15Sl,Elegant 15ml Frosted 13 415,elegant-15ml-frosted-13-415,9cf40aea140ff0b8c9f396268cbec98b710dab778aa9e962456f82750cb059d4,kit_complete,full,,live-prod-2026-09-20
GBElgFrst15SpryBlkMatt,GB-ELG-FRS-15ML-SPR-BLK-01,GBElgFrst15SpryBlkMatt,Elegant 15ml Frosted 13 415,elegant-15ml-frosted-13-415,1c8fc2678c8561cbfcde199a4d493fc5004a5e02b64191d64a1ed8ae6ca43385,kit_complete,full,,live-prod-2026-09-20
GBElgFrst15SpryBlkSh,GB-ELG-FRS-15ML-SPR-BLK-02,GBElgFrst15SpryBlkSh,Elegant 15ml Frosted 13 415,elegant-15ml-frosted-13-415,dc5476e23f286e7cacff890bfbc34517e547c32a6da8e5fe8f82ad43959500aa,kit_complete,full,,live-prod-2026-09-20
GBElgFrst15SpryBluMatt,GB-ELG-FRS-15ML-SPR,GBElgFrst15SpryBluMatt,Elegant 15ml Frosted 13 415,elegant-15ml-frosted-13-415,1350345ccde578e89d52997824150943bc7d963d6f124989bedc5a7f17099ce3,kit_complete,full,,live-prod-2026-09-20
GBElgFrst15SpryCuMatt,GB-ELG-FRS-15ML-SPR-MCPR-02,GBElgFrst15SpryCuMatt,Elegant 15ml Frosted 13 415,elegant-15ml-frosted-13-415,21decdbb90d91ba343e4162f98f5cbbbab9614a965018380223a69e073f5e15e,no_kit,,No productKits row served for current published plate (forSkus null),live-prod-2026-09-20
GBElgFrst15SpryGlSh,GB-ELG-FRS-15ML-SPR-SGLD-02,GBElgFrst15SpryGlSh,Elegant 15ml Frosted 13 415,elegant-15ml-frosted-13-415,edb713e1dc0987c9a7067429ef1a50cde866f5fc1fa057340bb534e1e4a87292,kit_complete,full,,live-prod-2026-09-20
GBElgFrst15SprySlMatt,GB-ELG-FRS-15ML-SPR-MSLV-02,GBElgFrst15SprySlMatt,Elegant 15ml Frosted 13 415,elegant-15ml-frosted-13-415,6b869c01ef7ff521667d4989d29a2f07fdd7c2816e924b45d96b04843ea4c566,kit_complete,full,,live-prod-2026-09-20
GBElgFrst15SprySlSh,GB-ELG-FRS-15ML-SPR-SLV,GBElgFrst15SprySlSh,Elegant 15ml Frosted 13 415,elegant-15ml-frosted-13-415,172e5b29c57a9edc0e5075c6b9ac0ab6f6f84650c9ae4e2004d1a4d430bbd96f,kit_complete,full,,live-prod-2026-09-20
GBElgFrst15WhtSht,GB-ELG-FRS-15ML-WHT-S,GBElgFrst15WhtSht,Elegant 15ml Frosted 13 415,elegant-15ml-frosted-13-415,6769f0c245208d720123378059a4a829ddeba56aa17ebdd38969fc15ff02961e,kit_complete,full,,live-prod-2026-09-20
GBElg30GlCap,GB-ELG-CLR-30ML-SGLD-T,GBElg30GlCap,Elegant 30ml Clear 15 415,elegant-30ml-clear-15-415,72619a68978b108642d19e833f9aa3b6940dfa4515f8f0e3f6b4be79f8425a1d,kit_complete,full,,live-prod-2026-09-20
GBElg30SlCap,GB-ELG-CLR-30ML-SLV-T,GBElg30SlCap,Elegant 30ml Clear 15 415,elegant-30ml-clear-15-415,01c30acd8f58b31394a5f11a97d661f4b5e3a02efabe4e1fba363b6c75c999b9,kit_complete,full,,live-prod-2026-09-20
GBElg30SpryBlk,GB-ELG-BLK-30ML-SPR-BLK,GBElg30SpryBlk,Elegant 30ml Clear 15 415,elegant-30ml-clear-15-415,70bb9a1ada575f26518ea21906e39f15c0a2b12fe115590ac0b32c3e1c69dc2e,no_kit,,No productKits row served for current published plate (forSkus null),live-prod-2026-09-20
GBElg30SpryMattGl,GB-ELG-CLR-30ML-SPR-MGLD,GBElg30SpryMattGl,Elegant 30ml Clear 15 415,elegant-30ml-clear-15-415,50dd3ce666d6f5d7bb0356eeb43f432218d2bb0989f6ac472807155c85a715d2,kit_complete,full,,live-prod-2026-09-20
GBElg30SpryMattSl,GB-ELG-CLR-30ML-SPR-MSLV,GBElg30SpryMattSl,Elegant 30ml Clear 15 415,elegant-30ml-clear-15-415,2485dee69ae92834b5ec7994a59c6c1dddd0e19185e36c6faab3311496dcec5f,kit_complete,full,,live-prod-2026-09-20
GBElg30SpryShGl,GB-ELG-CLR-30ML-SPR-SGLD,GBElg30SpryShGl,Elegant 30ml Clear 15 415,elegant-30ml-clear-15-415,bcf2c8282a46b0d0bbcfb4dccfe16a54bc7aa60f971334dee5ef47121ddf4d68,no_kit,,No productKits row served for current published plate (forSkus null),live-prod-2026-09-20
GBElg30SpryShnSl,GB-ELG-CLR-30ML-SPR-SSLV,GBElg30SpryShnSl,Elegant 30ml Clear 15 415,elegant-30ml-clear-15-415,28d9d0704ed80fe101209d9000f179eec183c308cdfcb8350c0ce8a66d1bb308,no_kit,,No productKits row served for current published plate (forSkus null),live-prod-2026-09-20
GBElgFrst30GlCap,GB-ELG-FRS-30ML-GLD-T,GBElgFrst30GlCap,Elegant 30ml Frosted 15 415,elegant-30ml-frosted-15-415,17590b8cb014069c1657686e97b47bc592ee0bd200d8e18222e93883c4313b0f,kit_complete,full,,live-prod-2026-09-20
GBElgFrst30SlCap,GB-ELG-FRS-30ML-SLV-T,GBElgFrst30SlCap,Elegant 30ml Frosted 15 415,elegant-30ml-frosted-15-415,21b54f11f1d3ea79715400753d319dfe5d909a91af1658364889e2060acae6a8,kit_complete,full,,live-prod-2026-09-20
GBElgFrst30SpryBlk,GB-ELG-FRS-30ML-SPR-BLK,GBElgFrst30SpryBlk,Elegant 30ml Frosted 15 415,elegant-30ml-frosted-15-415,7e642ef1a5e24a208c016d387217907cc0bec75f69899b70c83abd11b2f72eb7,kit_complete,full,,live-prod-2026-09-20
GBElgFrst30SpryMattGl,GB-ELG-FRS-30ML-SPR-MGLD,GBElgFrst30SpryMattGl,Elegant 30ml Frosted 15 415,elegant-30ml-frosted-15-415,855907b0004bdbd6ba122c395c08f34449bdf84e5b1a87329f3e78645a15152c,kit_complete,full,,live-prod-2026-09-20
GBElgFrst30SpryMattSl,GB-ELG-FRS-30ML-SPR-MSLV,GBElgFrst30SpryMattSl,Elegant 30ml Frosted 15 415,elegant-30ml-frosted-15-415,b46b8a8862d708cca760de81c9a8a6f5d8c60afcf5432c1068ab971413f560d2,kit_complete,full,,live-prod-2026-09-20
GBElgFrst30SpryShSl,GB-ELG-FRS-30ML-SPR-SSLV,GBElgFrst30SpryShSl,Elegant 30ml Frosted 15 415,elegant-30ml-frosted-15-415,bfa160f723fc9b2ca3310736ba17f16a2d7b7fb83865a54d80aab85ca5a9965f,kit_complete,full,,live-prod-2026-09-20
GBElgFrst30SpryShnGl,GB-ELG-FRS-30ML-SPR-SGLD,GBElgFrst30SpryShnGl,Elegant 30ml Frosted 15 415,elegant-30ml-frosted-15-415,f2f9fd6ae71f25a60e3de7274129aa713ff76aa994080a5bab466d3a13acb932,kit_complete,full,,live-prod-2026-09-20
GBElg60AnSpBlk,GB-ELG-CLR-60ML-ASP-BLK,GBElg60AnSpBlk,Elegant 60ml Clear 18 415,elegant-60ml-clear-18-415,fd38f5180d872c4d1bfda68bcc88c6f77f6e78b11a8ca82287928a086053e1a1,kit_complete,full,,live-prod-2026-09-20
GBElg60AnSpGl,GB-ELG-CLR-60ML-ASP-SGLD,GBElg60AnSpGl,Elegant 60ml Clear 18 415,elegant-60ml-clear-18-415,81f13f24d3bf827f097ff1d67fccc92b62a724ec8bd47a72d9e908e0954cd95e,kit_complete,full,,live-prod-2026-09-20
GBElg60AnSpIvyGl,GB-ELG-CLR-60ML-ASP-IVGD,GBElg60AnSpIvyGl,Elegant 60ml Clear 18 415,elegant-60ml-clear-18-415,0f876ba75a779ac9605f56bf87e25cec996dbaec5650a14d2910d872fd2c56b4,kit_complete,full,,live-prod-2026-09-20
GBElg60AnSpIvySl,GB-ELG-CLR-60ML-ASP-IVSL,GBElg60AnSpIvySl,Elegant 60ml Clear 18 415,elegant-60ml-clear-18-415,8e9384fdc5eaeeab01e7236c7c8328b03caf454753f32e257ebac77dffd7f22a,kit_complete,full,,live-prod-2026-09-20
GBElg60AnSpLvn,GB-ELG-CLR-60ML-ASP-LVN,GBElg60AnSpLvn,Elegant 60ml Clear 18 415,elegant-60ml-clear-18-415,b515b9baf070761568043653e9eb07e6bb1eb63ee9296b2ee791c6dd0976f4f7,kit_complete,full,,live-prod-2026-09-20
GBElg60AnSpMtSl,GB-ELG-CLR-60ML-ASP-MSLV,GBElg60AnSpMtSl,Elegant 60ml Clear 18 415,elegant-60ml-clear-18-415,5357679a0253937e72552aa22d306daed3afa5427e74127e1d5e07f5be306ba2,kit_complete,full,,live-prod-2026-09-20
GBElg60AnSpPnk,GB-ELG-CLR-60ML-ASP-PNK,GBElg60AnSpPnk,Elegant 60ml Clear 18 415,elegant-60ml-clear-18-415,e255de5d4b8470285c6f8d03ecc05f8fa18b41c33082bfc347b551d157824a10,kit_complete,full,,live-prod-2026-09-20
GBElg60AnSpRed,GB-ELG-CLR-60ML-ASP-RED,GBElg60AnSpRed,Elegant 60ml Clear 18 415,elegant-60ml-clear-18-415,05bba7cd3f54cb9e59b68ea0d2df3e86c6d0416a325e86d52cfdb52f67d0a94d,kit_complete,full,,live-prod-2026-09-20
GBElg60AnSpTslBlk,GB-ELG-CLR-60ML-AST-BLK,GBElg60AnSpTslBlk,Elegant 60ml Clear 18 415,elegant-60ml-clear-18-415,27e2f793dd81be9cb9cfa8bbe259c99cc4da82b1cf629f37151bb81a46220171,no_kit,,No productKits row served for current published plate (forSkus null),live-prod-2026-09-20
GBElg60AnSpTslGl,GB-ELG-CLR-60ML-ASP-01,GBElg60AnSpTslGl,Elegant 60ml Clear 18 415,elegant-60ml-clear-18-415,6465e9701dd75cc332835323fc5c3d19ae099668c742b88e580a47a8ea00b592,kit_complete,full,,live-prod-2026-09-20
GBElg60AnSpTslIvyGl,GB-ELG-CLR-60ML-AST-IVGD,GBElg60AnSpTslIvyGl,Elegant 60ml Clear 18 415,elegant-60ml-clear-18-415,c827106e31a281f1162d994b2ff53c93547bd680155976b695d8e77bb2e695d7,kit_complete,full,,live-prod-2026-09-20
GBElg60AnSpTslIvySl,GB-ELG-CLR-60ML-ASP-02,GBElg60AnSpTslIvySl,Elegant 60ml Clear 18 415,elegant-60ml-clear-18-415,d56e69977e0fda5f3013bf59283379501e365a2645a73e14086457218abc1e56,kit_complete,full,,live-prod-2026-09-20
GBElg60AnSpTslLvn,GB-ELG-CLR-60ML-AST-LVN,GBElg60AnSpTslLvn,Elegant 60ml Clear 18 415,elegant-60ml-clear-18-415,5ee4b57e83cbb886e772568a17ea860f6f824eede39369b6a5c319807056d0d8,kit_complete,full,,live-prod-2026-09-20
GBElg60AnSpTslMtSl,GB-ELG-CLR-60ML-ASP-03,GBElg60AnSpTslMtSl,Elegant 60ml Clear 18 415,elegant-60ml-clear-18-415,cb96ccab9ff2c31b008cd601a8870ab3e2f934cd8a9af4422c398b09fea88f7b,kit_complete,full,,live-prod-2026-09-20
GBElg60AnSpTslPnk,GB-ELG-CLR-60ML-AST-PNK,GBElg60AnSpTslPnk,Elegant 60ml Clear 18 415,elegant-60ml-clear-18-415,618d9672be0fb69e69a72a22959aa74f887c87b43680de391ca7a667370a7512,no_kit,,No productKits row served for current published plate (forSkus null),live-prod-2026-09-20
GBElg60AnSpTslRed,GB-ELG-CLR-60ML-ASP-04,GBElg60AnSpTslRed,Elegant 60ml Clear 18 415,elegant-60ml-clear-18-415,2d72c0e436e1c0fe74b17b1457f62d4fa06dc3fdc58b9ae38d009cc2d8deb834,no_kit,,No productKits row served for current published plate (forSkus null),live-prod-2026-09-20
GBElg60AnSpTslWht,GB-ELG-CLR-60ML-ASP-05,GBElg60AnSpTslWht,Elegant 60ml Clear 18 415,elegant-60ml-clear-18-415,1f33a60cb0cdd6bcc608a0d2e8b840b97b0ce060c59d9132c4bc20651bc6c884,kit_complete,full,,live-prod-2026-09-20
GBElg60AnSpWht,GB-ELG-CLR-60ML-ASP-WHT-01,GBElg60AnSpWht,Elegant 60ml Clear 18 415,elegant-60ml-clear-18-415,7d64f7a4e2fbfbc60bfafdbe1d3cbe3efc22b6e3664728110d079e672c0166e8,kit_complete,full,,live-prod-2026-09-20
GBElg60DrpCu,GB-ELG-CLR-60ML-DRP-CPR,GBElg60DrpCu,Elegant 60ml Clear 18 415,elegant-60ml-clear-18-415,38279455b1f83b23576c3e43cb9617bf79b17c65ffdb505b4a10699fc206d045,kit_complete,full,,live-prod-2026-09-20
GBElg60DrpGl,GB-ELG-CLR-60ML-DRP-GLD,GBElg60DrpGl,Elegant 60ml Clear 18 415,elegant-60ml-clear-18-415,c3be6b1dbb47a0645915df2e131952fb67344461d0f0a62b81e9f328f86e5d46,kit_complete,full,,live-prod-2026-09-20
GBElg60DrpSl,GB-ELG-CLR-60ML-DRP-SLV,GBElg60DrpSl,Elegant 60ml Clear 18 415,elegant-60ml-clear-18-415,1d5c80d0376f944d63f7a83da88c97ec6eeb9997507df50293c649505a3a7a20,kit_complete,full,,live-prod-2026-09-20
GBElg60RdcrBlkLthr,GB-ELG-CLR-60ML-RDC-BKLT,GBElg60RdcrBlkLthr,Elegant 60ml Clear 18 415,elegant-60ml-clear-18-415,01710b7031a77f54bfa413b7e599a4565af3a597d95c55945675bd10ef2f7d9b,kit_complete,full,,live-prod-2026-09-20
GBElg60RdcrBrwnLthr,GB-ELG-CLR-60ML-RDC-BRLT,GBElg60RdcrBrwnLthr,Elegant 60ml Clear 18 415,elegant-60ml-clear-18-415,b63f3655959d99f0b16a530065ea8b5d8581db3ac63058b0c59ce038619bbcec,kit_complete,full,,live-prod-2026-09-20
GBElg60RdcrIvyLthr,GB-ELG-CLR-60ML-RDC-IVLT,GBElg60RdcrIvyLthr,Elegant 60ml Clear 18 415,elegant-60ml-clear-18-415,800cdb5226c61c7c597c16417edfa1523eb733d386b4b42ca710d8e880b187b9,kit_complete,full,,live-prod-2026-09-20
GBElg60RdcrLBrwnLthr,GB-ELG-CLR-60ML-RDC,GBElg60RdcrLBrwnLthr,Elegant 60ml Clear 18 415,elegant-60ml-clear-18-415,64326bb512ceb0fa052ba762f837a802c8cf9fc21db38cc7d8203e6330df8cc6,kit_complete,full,,live-prod-2026-09-20
GBElg60RdcrMtSl,GB-ELG-CLR-60ML-RDC-MSLV,GBElg60RdcrMtSl,Elegant 60ml Clear 18 415,elegant-60ml-clear-18-415,b542b91f57cccdbe4068d500f7ef85b1a151b5dc68c29f1b7125bff13a6788a6,kit_complete,full,,live-prod-2026-09-20
GBElg60RdcrMtSlTall,GB-ELG-CLR-60ML-RDC-MSLV-T,GBElg60RdcrMtSlTall,Elegant 60ml Clear 18 415,elegant-60ml-clear-18-415,df1bbda5902d310bd663e5cb7096c6d93ddbf278971cd7cc4cccd04a1c1f38cc,kit_complete,full,,live-prod-2026-09-20
GBElg60RdcrPnkLthr,GB-ELG-CLR-60ML-RDC-PNK,GBElg60RdcrPnkLthr,Elegant 60ml Clear 18 415,elegant-60ml-clear-18-415,101eff6960e5c3b6eac4305da02625424bb241f18bde348bb3adaa9a58da6c36,kit_complete,full,,live-prod-2026-09-20
GBElg60RdcrShnBlk,GB-ELG-CLR-60ML-RDC-SBLK,GBElg60RdcrShnBlk,Elegant 60ml Clear 18 415,elegant-60ml-clear-18-415,349375432529258c56788bfb6bcd34e97e6c45450e611f63ca0ecf09803d5f24,kit_complete,full,,live-prod-2026-09-20
GBElg60RdcrShnBlkTall,GB-ELG-CLR-60ML-RDC-SBLK-T,GBElg60RdcrShnBlkTall,Elegant 60ml Clear 18 415,elegant-60ml-clear-18-415,521b4d6f4a5438e1a13c25096cf09b97a817831bbdb93a746926b122db043f75,kit_complete,full,,live-prod-2026-09-20
GBElg60RdcrShnGl,GB-ELG-CLR-60ML-RDC-SGLD,GBElg60RdcrShnGl,Elegant 60ml Clear 18 415,elegant-60ml-clear-18-415,e464ddb2fd2399dac0b358155ebebea85560ef2c70eb4be9c2dba0ad25f570ab,kit_complete,full,,live-prod-2026-09-20
GBElg60RdcrShnSl,GB-ELG-CLR-60ML-RDC-SSLV,GBElg60RdcrShnSl,Elegant 60ml Clear 18 415,elegant-60ml-clear-18-415,1a28fde87920c68b402d23bbe9e1828bf4b3c4569c7c313b59b2b317077d9ee6,kit_complete,full,,live-prod-2026-09-20
GBElg60RdcrWht,GB-ELG-CLR-60ML-RDC-WHT,GBElg60RdcrWht,Elegant 60ml Clear 18 415,elegant-60ml-clear-18-415,5e82d642bd56229a30a52f856f4b32a6b072ce8f9d75950b6a71e6a5158dfd20,kit_complete,full,,live-prod-2026-09-20
GBElg60SpryCu,GB-ELG-CLR-60ML-SPR-CPR,GBElg60SpryCu,Elegant 60ml Clear 18 415,elegant-60ml-clear-18-415,ac0649f5d5a28fb31c33adf6b602ab162e9dfb76ee248fbc0f66be15d904b4f6,no_kit,,No productKits row served for current published plate (forSkus null),live-prod-2026-09-20
GBElg60SpryMtGl,GB-ELG-CLR-60ML-SPR-MGLD,GBElg60SpryMtGl,Elegant 60ml Clear 18 415,elegant-60ml-clear-18-415,fd8e5cd8dea34e8e72674168fe5da1b43b68d65abe05a00c0d245016145d3da0,kit_complete,full,,live-prod-2026-09-20
GBElg60SpryMtSl,GB-ELG-CLR-60ML-SPR-MSLV,GBElg60SpryMtSl,Elegant 60ml Clear 18 415,elegant-60ml-clear-18-415,2bcec5a0b08dfd9f99d33e2ab554d9be218edb10f13df85fd050882fff18dfdb,kit_complete,full,,live-prod-2026-09-20
GBElg60SpryShnBlk,GB-ELG-CLR-60ML-SPR-SBLK,GBElg60SpryShnBlk,Elegant 60ml Clear 18 415,elegant-60ml-clear-18-415,16bc69cf4f6afbef1711ff89d1db9ad044d20653ed6a3ab2dd39a79129ecd2ed,kit_complete,full,,live-prod-2026-09-20
GBElg60SpryShnGl,GB-ELG-CLR-60ML-SPR-SGLD,GBElg60SpryShnGl,Elegant 60ml Clear 18 415,elegant-60ml-clear-18-415,eb7a57bd77a8de62764b83555f753a44b6b4b4e5ae1e780427c68ea9a14f3b4a,kit_complete,full,,live-prod-2026-09-20
GBElg60SpryShnSl,GB-ELG-CLR-60ML-SPR-SSLV,GBElg60SpryShnSl,Elegant 60ml Clear 18 415,elegant-60ml-clear-18-415,1a8feb585a8fab1fd8944f13409e2ea856719220096c6807fbc9041f67cc2b87,kit_complete,full,,live-prod-2026-09-20
LBElg60LtnClrOvrCap,LB-ELG-CLR-60ML-LPM-COCP,LBElg60LtnClrOvrCap,Elegant 60ml Clear 18 415,elegant-60ml-clear-18-415,d6e54c6635201d56992a616acbae872ac5952f2caa626f2ed54e12017f5dca31,kit_complete,full,,live-prod-2026-09-20
LBElg60LtnCu,LB-ELG-CLR-60ML-LPM-CPR,LBElg60LtnCu,Elegant 60ml Clear 18 415,elegant-60ml-clear-18-415,627ac51712d05f872bd3bbe3841b98b17f6e6e7295c29e781fe39564d9228b77,kit_complete,full,,live-prod-2026-09-20
LBElg60LtnMtGl,LB-ELG-CLR-60ML-LPM-MGLD,LBElg60LtnMtGl,Elegant 60ml Clear 18 415,elegant-60ml-clear-18-415,775687a8dadfedf55f0d965d51c9baba412cf89c1b0de60a54a09cd4f3c3f1f7,kit_complete,full,,live-prod-2026-09-20
LBElg60LtnMtSl,LB-ELG-CLR-60ML-LPM-MSLV,LBElg60LtnMtSl,Elegant 60ml Clear 18 415,elegant-60ml-clear-18-415,c95c4a6875db34cef888ecd4416bc78ba5b21d46097d3897ca789b094bffc24c,kit_complete,full,,live-prod-2026-09-20
LBElg60LtnShnBlk,LB-ELG-CLR-60ML-LPM-SBLK,LBElg60LtnShnBlk,Elegant 60ml Clear 18 415,elegant-60ml-clear-18-415,636b375c14009cf34da24d4293d5233376b4be80f4f48a5b578a41cae893ca2c,kit_complete,full,,live-prod-2026-09-20
LBElg60LtnShnGl,LB-ELG-CLR-60ML-LPM-SGLD,LBElg60LtnShnGl,Elegant 60ml Clear 18 415,elegant-60ml-clear-18-415,757dd47ce7518b6621b57071263e04e6e5cc338933ba74bae78d7f9b6b385699,kit_complete,full,,live-prod-2026-09-20
LBElg60LtnShnSl,LB-ELG-CLR-60ML-LPM-SSLV,LBElg60LtnShnSl,Elegant 60ml Clear 18 415,elegant-60ml-clear-18-415,a73e97746262b56a45794a8626c14733293c5a826cceb329f580c27f75a3f57f,kit_complete,full,,live-prod-2026-09-20
LBElg60WhtClOvrCp,LB-ELG-CLR-60ML-LPM-OVCP-T,LBElg60WhtClOvrCp,Elegant 60ml Clear 18 415,elegant-60ml-clear-18-415,e15d6adbb96b618c9f1348a29ba69f84407c4f74117c72f219f423e8b60daebb,kit_complete,full,,live-prod-2026-09-20
GBElgFrst60AnSpBlk,GB-ELG-FRS-60ML-ASP-BLK,GBElgFrst60AnSpBlk,Elegant 60ml Frosted 18 415,elegant-60ml-frosted-18-415,98337c540c46013d08660c48711c3ac4086c328714e3462e36308564d50c242c,kit_complete,full,,live-prod-2026-09-20
GBElgFrst60AnSpGl,GB-ELG-FRS-60ML-ASP-GLD,GBElgFrst60AnSpGl,Elegant 60ml Frosted 18 415,elegant-60ml-frosted-18-415,b2625a992651c33a35f22bac5ecfa744d468dfe0514d3c0b619861a265e3e882,kit_complete,full,,live-prod-2026-09-20
GBElgFrst60AnSpIvyGl,GB-ELG-FRS-60ML-ASP-IVGD,GBElgFrst60AnSpIvyGl,Elegant 60ml Frosted 18 415,elegant-60ml-frosted-18-415,819380632518239c89ddcf339728e914ce600a53ad7c5415981be1d6c92e2d48,kit_complete,full,,live-prod-2026-09-20
GBElgFrst60AnSpIvySl,GB-ELG-FRS-60ML-ASP-IVSL,GBElgFrst60AnSpIvySl,Elegant 60ml Frosted 18 415,elegant-60ml-frosted-18-415,36ee84132d887fb5d269a5d26fd66c9530578207a7f611d069a97c96f64d31fb,kit_complete,full,,live-prod-2026-09-20
GBElgFrst60AnSpLvn,GB-ELG-FRS-60ML-ASP-LVN,GBElgFrst60AnSpLvn,Elegant 60ml Frosted 18 415,elegant-60ml-frosted-18-415,ef3855914850dd93f1a93d6f4b63a9cf8c38408a55574dfda99881bbf188a3c5,kit_complete,full,,live-prod-2026-09-20
GBElgFrst60AnSpMtSl,GB-ELG-FRS-60ML-ASP-MSLV,GBElgFrst60AnSpMtSl,Elegant 60ml Frosted 18 415,elegant-60ml-frosted-18-415,66f0211076d78871b2f63206d1722ca36a3c99fcba1f071af5e68c0395224a98,kit_complete,full,,live-prod-2026-09-20
GBElgFrst60AnSpPnk,GB-ELG-FRS-60ML-ASP-PNK,GBElgFrst60AnSpPnk,Elegant 60ml Frosted 18 415,elegant-60ml-frosted-18-415,e413522180e6e5c7a37e66b10f50cd52323e9faa5076b114a41a1969425d9fc4,kit_complete,full,,live-prod-2026-09-20
GBElgFrst60AnSpRed,GB-ELG-FRS-60ML-ASP-RED,GBElgFrst60AnSpRed,Elegant 60ml Frosted 18 415,elegant-60ml-frosted-18-415,be28ad1655c8b6ea174829deb1c70c7cd37e857dfbd8a17f79d5fa8219a23f3c,kit_complete,full,,live-prod-2026-09-20
GBElgFrst60AnSpTslBlk,GB-ELG-FRS-60ML-AST-BLK,GBElgFrst60AnSpTslBlk,Elegant 60ml Frosted 18 415,elegant-60ml-frosted-18-415,3e750aed0c80ea08194ad84468034c8255575211ee50094707defb194a0884f2,no_kit,,No productKits row served for current published plate (forSkus null),live-prod-2026-09-20
GBElgFrst60AnSpTslGl,GB-ELG-FRS-60ML-AST-GLD,GBElgFrst60AnSpTslGl,Elegant 60ml Frosted 18 415,elegant-60ml-frosted-18-415,c44350e5fce7c08fa19340688bcac457a0c755ab4e1a73ed14e4bb5ad3979a47,kit_complete,full,,live-prod-2026-09-20
GBElgFrst60AnSpTslIvyGl,GB-ELG-FRS-60ML-AST-IVGD,GBElgFrst60AnSpTslIvyGl,Elegant 60ml Frosted 18 415,elegant-60ml-frosted-18-415,0c47e99d10617ae1a34bf66c020e0d997720518e1360d1cbd086eddaea47f14f,no_kit,,No productKits row served for current published plate (forSkus null),live-prod-2026-09-20
GBElgFrst60AnSpTslIvySl,GB-ELG-FRS-60ML-AST-IVSL,GBElgFrst60AnSpTslIvySl,Elegant 60ml Frosted 18 415,elegant-60ml-frosted-18-415,3f3c1decc912e12fa6a5c39920071abacd1af60b9f7ab722024127d173b6b068,kit_complete,full,,live-prod-2026-09-20
GBElgFrst60AnSpTslLvn,GB-ELG-FRS-60ML-AST-LVN,GBElgFrst60AnSpTslLvn,Elegant 60ml Frosted 18 415,elegant-60ml-frosted-18-415,54cdae0bf5ca2baf1a90730574557f18c7b4fd6421079faa4b89d114d478c4d3,kit_complete,full,,live-prod-2026-09-20
GBElgFrst60AnSpTslMtSl,GB-ELG-FRS-60ML-AST-MSLV,GBElgFrst60AnSpTslMtSl,Elegant 60ml Frosted 18 415,elegant-60ml-frosted-18-415,12522ec99526c5049f3c7dd8b083526b72669f77a513695493d6e9eb122e9627,kit_complete,full,,live-prod-2026-09-20
GBElgFrst60AnSpTslPnk,GB-ELG-FRS-60ML-AST-PNK,GBElgFrst60AnSpTslPnk,Elegant 60ml Frosted 18 415,elegant-60ml-frosted-18-415,00a4dedec8d5d967a652c4990b3f7035b5d66485f8df31f16887715d5c0ae64a,kit_complete,full,,live-prod-2026-09-20
GBElgFrst60AnSpTslRed,GB-ELG-FRS-60ML-AST-RED,GBElgFrst60AnSpTslRed,Elegant 60ml Frosted 18 415,elegant-60ml-frosted-18-415,7e773dbb3a4553e4250e327458986d0378d36e879d62bae7baab37cc26858282,kit_complete,full,,live-prod-2026-09-20
GBElgFrst60AnSpTslWht,GB-ELG-FRS-60ML-AST-WHT,GBElgFrst60AnSpTslWht,Elegant 60ml Frosted 18 415,elegant-60ml-frosted-18-415,099809d0f35e96ae9df41e8553a6d6d68ce39de2372223a66150c8908c77cf0d,kit_complete,full,,live-prod-2026-09-20
GBElgFrst60AnSpWht,GB-ELG-FRS-60ML-ASP-WHT-02,GBElgFrst60AnSpWht,Elegant 60ml Frosted 18 415,elegant-60ml-frosted-18-415,46f62f7fdf2702066c8bc7257cb1d37dffc1bb9712e5d3c522ad060278a61c65,kit_complete,full,,live-prod-2026-09-20
GBElgFrst60DrpCu,GB-ELG-FRS-60ML-DRP-CPR,GBElgFrst60DrpCu,Elegant 60ml Frosted 18 415,elegant-60ml-frosted-18-415,0ebc7259322bc0ae0758cdc5482f513be4c7cf37cb7a95b2e616c657ce0a58ce,kit_complete,full,,live-prod-2026-09-20
GBElgFrst60DrpGl,GB-ELG-FRS-60ML-DRP-GLD,GBElgFrst60DrpGl,Elegant 60ml Frosted 18 415,elegant-60ml-frosted-18-415,f229ac7effa567a315e13099b7c5a50cb701d3c783e0421c1ce5328af1356549,kit_complete,full,,live-prod-2026-09-20
GBElgFrst60DrpSl,GB-ELG-FRS-60ML-DRP-SLV,GBElgFrst60DrpSl,Elegant 60ml Frosted 18 415,elegant-60ml-frosted-18-415,92069bee96bbc7a854cddf7f55728dc7cf783af4f4591eda572a44435531fdbc,kit_complete,full,,live-prod-2026-09-20
GBElgFrst60RdcrBlkLthr,GB-ELG-FRS-60ML-RDC-BKLT,GBElgFrst60RdcrBlkLthr,Elegant 60ml Frosted 18 415,elegant-60ml-frosted-18-415,b771b655304abcb850951118fde4878d713d234b897c2948b4d97278854c3108,kit_complete,full,,live-prod-2026-09-20
GBElgFrst60RdcrBrwnLthr,GB-ELG-FRS-60ML-RDC-BRLT,GBElgFrst60RdcrBrwnLthr,Elegant 60ml Frosted 18 415,elegant-60ml-frosted-18-415,977eef29c5f5a472bcc3a95657d80df4cea40c8fb1a64c5576c1e19e8217fe14,kit_complete,full,,live-prod-2026-09-20
GBElgFrst60RdcrIvyLthr,GB-ELG-FRS-60ML-RDC-IVLT,GBElgFrst60RdcrIvyLthr,Elegant 60ml Frosted 18 415,elegant-60ml-frosted-18-415,7a9250477bea393d752d543eacf07939e69a32c4d46f32b27776a34c8ef4a232,kit_complete,full,,live-prod-2026-09-20
GBElgFrst60RdcrLBrwnLthr,GB-ELG-FRS-60ML-RDC-LBLT,GBElgFrst60RdcrLBrwnLthr,Elegant 60ml Frosted 18 415,elegant-60ml-frosted-18-415,303130555caa556bad14d108a69435222cc69d99b641ea43d2364bd9c9b447a5,kit_complete,full,,live-prod-2026-09-20
GBElgFrst60RdcrMtSl,GB-ELG-FRS-60ML-RDC-MSLV,GBElgFrst60RdcrMtSl,Elegant 60ml Frosted 18 415,elegant-60ml-frosted-18-415,c923cf8c7c57d0e5eb57d484450ead2d0f2652ea6a28e4607aea23cbe72259b0,kit_complete,full,,live-prod-2026-09-20
GBElgFrst60RdcrMtSlTall,GB-ELG-FRS-60ML-RDC-MSLV-T,GBElgFrst60RdcrMtSlTall,Elegant 60ml Frosted 18 415,elegant-60ml-frosted-18-415,5b020837dde45340e4c6b92b3ddbab663aa75caddb56c34c8eb7fa99894ddcad,kit_complete,full,,live-prod-2026-09-20
GBElgFrst60RdcrPnkLthr,GB-ELG-FRS-60ML-RDC-PKLT,GBElgFrst60RdcrPnkLthr,Elegant 60ml Frosted 18 415,elegant-60ml-frosted-18-415,39ff8816d7950eef456725b8401a2e6afeacc8b96c780feb0f625a7b5d9a68b4,kit_complete,full,,live-prod-2026-09-20
GBElgFrst60RdcrShnBlk,GB-ELG-FRS-60ML-RDC-SBLK,GBElgFrst60RdcrShnBlk,Elegant 60ml Frosted 18 415,elegant-60ml-frosted-18-415,4676d79fe4d6b4d0c2093554f65b855164ab8c6f497a56cf92ca3a0ea13f1d9e,kit_complete,full,,live-prod-2026-09-20
GBElgFrst60RdcrShnBlkTall,GB-ELG-FRS-60ML-RDC-SBLK-T,GBElgFrst60RdcrShnBlkTall,Elegant 60ml Frosted 18 415,elegant-60ml-frosted-18-415,880e3b55bca25f2bd5e7b686e9786d3a580fc65d476c40dc7075e0295fc8f482,kit_complete,full,,live-prod-2026-09-20
GBElgFrst60RdcrShnGl,GB-ELG-FRS-60ML-RDC-SGLD,GBElgFrst60RdcrShnGl,Elegant 60ml Frosted 18 415,elegant-60ml-frosted-18-415,7f0c96716c3b8b437c4e865474548d8008dd96f9d20f2483246ff8f90882edf9,kit_complete,full,,live-prod-2026-09-20
GBElgFrst60RdcrShnSl,GB-ELG-FRS-60ML-RDC-SSLV,GBElgFrst60RdcrShnSl,Elegant 60ml Frosted 18 415,elegant-60ml-frosted-18-415,1505cd57ae75be1de7c4817f3a2012be09b6987e58271ece84915473ff1a86c3,kit_complete,full,,live-prod-2026-09-20
GBElgFrst60RdcrWht,GB-ELG-FRS-60ML-RDC-WHT,GBElgFrst60RdcrWht,Elegant 60ml Frosted 18 415,elegant-60ml-frosted-18-415,7d81c35bb5c7c7244d5bcfbffe738c2866fc9ecb387a68cf50504d7c70706c1e,kit_complete,full,,live-prod-2026-09-20
GBElgFrst60SpryCu,GB-ELG-FRS-60ML-SPR-CPR,GBElgFrst60SpryCu,Elegant 60ml Frosted 18 415,elegant-60ml-frosted-18-415,cdc07523bd3c8d9ca44683da0d1849eaacb86664e662ae59a9b1d41cf511b222,kit_complete,full,,live-prod-2026-09-20
GBElgFrst60SpryMtGl,GB-ELG-FRS-60ML-SPR-MGLD,GBElgFrst60SpryMtGl,Elegant 60ml Frosted 18 415,elegant-60ml-frosted-18-415,a3c252b0af26a219f70f3759445529142d90245a494b73214a449f4bbe10136b,kit_complete,full,,live-prod-2026-09-20
GBElgFrst60SpryMtSl,GB-ELG-FRS-60ML-SPR-MSLV,GBElgFrst60SpryMtSl,Elegant 60ml Frosted 18 415,elegant-60ml-frosted-18-415,d07eb6226e93dbfa5e0e585493aeb40007c3d59e9d1c933d2e87b7162a80cce4,kit_complete,full,,live-prod-2026-09-20
GBElgFrst60SpryShnBlk,GB-ELG-FRS-60ML-SPR-SBLK,GBElgFrst60SpryShnBlk,Elegant 60ml Frosted 18 415,elegant-60ml-frosted-18-415,04045c5f7391d623a2066d5d216ad6890677ba664e1b1c3e35689fae40bfa14e,kit_complete,full,,live-prod-2026-09-20
GBElgFrst60SpryShnGl,GB-ELG-FRS-60ML-SPR-SGLD,GBElgFrst60SpryShnGl,Elegant 60ml Frosted 18 415,elegant-60ml-frosted-18-415,6088fefece9bd75fb3a9263a8c5294036fa7a7f3bcdd0fe75b216e104a069139,kit_complete,full,,live-prod-2026-09-20
GBElgFrst60SpryShnSl,GB-ELG-FRS-60ML-SPR-SSLV,GBElgFrst60SpryShnSl,Elegant 60ml Frosted 18 415,elegant-60ml-frosted-18-415,5554248bddae05ad4cccc55f57c7dc615539ec0b90df01cebcdb126ed2d9f6e3,kit_complete,full,,live-prod-2026-09-20
LBElgFrst60LtnClOvrCap,LB-ELG-FRS-60ML-LPM-COCP,LBElgFrst60LtnClOvrCap,Elegant 60ml Frosted 18 415,elegant-60ml-frosted-18-415,e0786e8e17407fc66673b60965ff299ccc60f042247b67d2dc8b1b08d8b89b4b,kit_complete,full,,live-prod-2026-09-20
LBElgFrst60LtnCu,LB-ELG-FRS-60ML-LPM-CPR,LBElgFrst60LtnCu,Elegant 60ml Frosted 18 415,elegant-60ml-frosted-18-415,cdc07523bd3c8d9ca44683da0d1849eaacb86664e662ae59a9b1d41cf511b222,kit_complete,full,,live-prod-2026-09-20
LBElgFrst60LtnMtGl,LB-ELG-FRS-60ML-LPM-MGLD,LBElgFrst60LtnMtGl,Elegant 60ml Frosted 18 415,elegant-60ml-frosted-18-415,a3c252b0af26a219f70f3759445529142d90245a494b73214a449f4bbe10136b,kit_complete,full,,live-prod-2026-09-20
LBElgFrst60LtnMtSl,LB-ELG-FRS-60ML-LPM-MSLV,LBElgFrst60LtnMtSl,Elegant 60ml Frosted 18 415,elegant-60ml-frosted-18-415,d07eb6226e93dbfa5e0e585493aeb40007c3d59e9d1c933d2e87b7162a80cce4,kit_complete,full,,live-prod-2026-09-20
LBElgFrst60LtnShnBlk,LB-ELG-FRS-60ML-LPM-SBLK,LBElgFrst60LtnShnBlk,Elegant 60ml Frosted 18 415,elegant-60ml-frosted-18-415,04045c5f7391d623a2066d5d216ad6890677ba664e1b1c3e35689fae40bfa14e,kit_complete,full,,live-prod-2026-09-20
LBElgFrst60LtnShnGl,LB-ELG-FRS-60ML-LPM-SGLD,LBElgFrst60LtnShnGl,Elegant 60ml Frosted 18 415,elegant-60ml-frosted-18-415,6088fefece9bd75fb3a9263a8c5294036fa7a7f3bcdd0fe75b216e104a069139,kit_complete,full,,live-prod-2026-09-20
LBElgFrst60LtnShnSl,LB-ELG-FRS-60ML-LPM-SSLV,LBElgFrst60LtnShnSl,Elegant 60ml Frosted 18 415,elegant-60ml-frosted-18-415,5554248bddae05ad4cccc55f57c7dc615539ec0b90df01cebcdb126ed2d9f6e3,kit_complete,full,,live-prod-2026-09-20
LBElgFrst60WhtClOvrCp,LB-ELG-FRS-60ML-LPM-OVCP-T,LBElgFrst60WhtClOvrCp,Elegant 60ml Frosted 18 415,elegant-60ml-frosted-18-415,1319c9b0fa0c1c2f26bf8e50c45b0ffe2a480943f3c10ee77707138ef8ea23f1,kit_complete,full,,live-prod-2026-09-20
GBEmp100AnSpBlk,GB-EMP-CLR-100ML-ASP-BLK,GBEmp100AnSpBlk,Empire 100ml Clear 18 415,empire-100ml-clear-18-415,e0bbc002288d8830c4fc4b7b79f1afe6f0b565315b5e5979cb963f87298c6e79,kit_complete,full,,live-prod-2026-09-20
GBEmp100AnSpGl,GB-EMP-CLR-100ML-ASP-GLD,GBEmp100AnSpGl,Empire 100ml Clear 18 415,empire-100ml-clear-18-415,3d452c665f4aba169d3e62e34874b6f725aa0c4f11451b913883ba454506a287,kit_complete,full,,live-prod-2026-09-20
GBEmp100AnSpIvyGl,GB-EMP-CLR-100ML-ASP-IVGD,GBEmp100AnSpIvyGl,Empire 100ml Clear 18 415,empire-100ml-clear-18-415,c991f930bfe2a07b46d110db041d86eabcc7e394e9f01b8c75c0ed5e1eee736c,kit_complete,full,,live-prod-2026-09-20
GBEmp100AnSpIvySl,GB-EMP-CLR-100ML-ASP-IVSL,GBEmp100AnSpIvySl,Empire 100ml Clear 18 415,empire-100ml-clear-18-415,a0e8e1935d29c4097b24321cf932eba78e25913a6fb81032153520498349a80f,kit_complete,full,,live-prod-2026-09-20
GBEmp100AnSpLvn,GB-EMP-CLR-100ML-ASP-LVN,GBEmp100AnSpLvn,Empire 100ml Clear 18 415,empire-100ml-clear-18-415,803c41bf3cb22f0de7e721499ec88836170a7a1618ff57365365134e1499636c,kit_complete,full,,live-prod-2026-09-20
GBEmp100AnSpMtSl,GB-EMP-CLR-100ML-ASP-MSLV,GBEmp100AnSpMtSl,Empire 100ml Clear 18 415,empire-100ml-clear-18-415,56c23bd23f4ac06b2df38c259512c0929784a7b09715da05331b00dc3dfeb782,kit_complete,full,,live-prod-2026-09-20
GBEmp100AnSpPnk,GB-EMP-CLR-100ML-ASP-PNK,GBEmp100AnSpPnk,Empire 100ml Clear 18 415,empire-100ml-clear-18-415,105f89a9afd1bb0e7386760300199910a3132cd83786b1275943e3695952c91e,kit_complete,full,,live-prod-2026-09-20
GBEmp100AnSpRed,GB-EMP-CLR-100ML-ASP-RED,GBEmp100AnSpRed,Empire 100ml Clear 18 415,empire-100ml-clear-18-415,ecf61cd470c1c6dd63eebca5441c0f7747a1d051ce3f963a69bac66f6a88a3aa,kit_complete,full,,live-prod-2026-09-20
GBEmp100AnSpTslBlk,GB-EMP-CLR-100ML-AST-BLK,GBEmp100AnSpTslBlk,Empire 100ml Clear 18 415,empire-100ml-clear-18-415,33421ff7210f12ff4ccc23592b0a92c330c3f8a635f0392dfb5ca80ff9134b86,kit_complete,full,,live-prod-2026-09-20
GBEmp100AnSpTslGl,GB-EMP-CLR-100ML-AST-GLD,GBEmp100AnSpTslGl,Empire 100ml Clear 18 415,empire-100ml-clear-18-415,6077948dacf3301b18f8e49ebb90fee2721efda7d5eda4a43b2db85095f767bb,no_kit,,No productKits row served for current published plate (forSkus null),live-prod-2026-09-20
GBEmp100AnSpTslIvyGl,GB-EMP-CLR-100ML-AST-IVGD,GBEmp100AnSpTslIvyGl,Empire 100ml Clear 18 415,empire-100ml-clear-18-415,1eed7e5913db2e365d3cfc5e9b2e3ffcdf92c15e0f0796654a18fb2e1d1a8d03,kit_complete,full,,live-prod-2026-09-20
GBEmp100AnSpTslIvySl,GB-EMP-CLR-100ML-AST-IVSL,GBEmp100AnSpTslIvySl,Empire 100ml Clear 18 415,empire-100ml-clear-18-415,2575abf6e6b09039a96130e39d1e0e51ef8210b66577e01228d71cd37d617724,kit_complete,full,,live-prod-2026-09-20
GBEmp100AnSpTslLvn,GB-EMP-CLR-100ML-AST-LVN,GBEmp100AnSpTslLvn,Empire 100ml Clear 18 415,empire-100ml-clear-18-415,0910aa35d4e13943c669cd03a897582575ab1bd7a5df67787bec91b252335b81,kit_complete,full,,live-prod-2026-09-20
GBEmp100AnSpTslMtSl,GB-EMP-CLR-100ML-AST-MSLV,GBEmp100AnSpTslMtSl,Empire 100ml Clear 18 415,empire-100ml-clear-18-415,cb1a2270a5fb2ba1289bfd3f7e8c31b18fed7b1ad61f39091c182e72432e23da,kit_complete,full,,live-prod-2026-09-20
GBEmp100AnSpTslPnk,GB-EMP-CLR-100ML-AST-PNK,GBEmp100AnSpTslPnk,Empire 100ml Clear 18 415,empire-100ml-clear-18-415,e649562a277b08057b83bad90f7753b7d802a864d432426e6678fda2cbf42b31,no_kit,,No productKits row served for current published plate (forSkus null),live-prod-2026-09-20
GBEmp100AnSpTslRed,GB-EMP-CLR-100ML-AST-RED,GBEmp100AnSpTslRed,Empire 100ml Clear 18 415,empire-100ml-clear-18-415,5d2944d3f2d0381dc22fc97721a5898d024d7f2c9e4b995226a07035f9979f2d,no_kit,,No productKits row served for current published plate (forSkus null),live-prod-2026-09-20
GBEmp100AnSpTslWht,GB-EMP-CLR-100ML-AST-WHT,GBEmp100AnSpTslWht,Empire 100ml Clear 18 415,empire-100ml-clear-18-415,3872d6054c7b1aba1cfdab2f71d7b2e007436d39ba435a0d6c3a55df5392e651,kit_complete,full,,live-prod-2026-09-20
GBEmp100AnSpWht,GB-EMP-CLR-100ML-ASP-WHT,GBEmp100AnSpWht,Empire 100ml Clear 18 415,empire-100ml-clear-18-415,4973bd2d9cc36dfbb53ccc47858c05e6a90f6a5ff0e97be3f7d6fe03c5d7b739,kit_complete,full,,live-prod-2026-09-20
GBEmp100RdcrBlkLthr,GB-EMP-CLR-100ML-RDC-BKLT,GBEmp100RdcrBlkLthr,Empire 100ml Clear 18 415,empire-100ml-clear-18-415,bf476e0d7ae3bdd00e84925a64ef230cfbd8cc43af8436bbb3f4a87cf439ba85,kit_complete,full,,live-prod-2026-09-20
GBEmp100RdcrBrwnLthr,GB-EMP-CLR-100ML-RDC-BRLT,GBEmp100RdcrBrwnLthr,Empire 100ml Clear 18 415,empire-100ml-clear-18-415,814f591ec76a3bd64e60d5b8ea479fb2c6b211e2ca39f65d9489e32e5edd33fc,kit_complete,full,,live-prod-2026-09-20
GBEmp100RdcrIvyLthr,GB-EMP-CLR-100ML-RDC-IVLT,GBEmp100RdcrIvyLthr,Empire 100ml Clear 18 415,empire-100ml-clear-18-415,c01568d81d2a7a27548c979f553d92811574fd4c4319f6f409290dd3ffc43cb0,kit_complete,full,,live-prod-2026-09-20
GBEmp100RdcrLBrwnLthr,GB-EMP-CLR-100ML-RDC-LBLT,GBEmp100RdcrLBrwnLthr,Empire 100ml Clear 18 415,empire-100ml-clear-18-415,c36f4ea3040fa1818d3bb321b152fb5225f7b895811571d430daec8a4e62ad74,kit_complete,full,,live-prod-2026-09-20
GBEmp100RdcrMtSl,GB-EMP-CLR-100ML-RDC-MSLV,GBEmp100RdcrMtSl,Empire 100ml Clear 18 415,empire-100ml-clear-18-415,2bfeebec0c6b936ac0742c0e276d1a5b8d7c9ae338aa56171eafb5e5bce7b511,kit_complete,full,,live-prod-2026-09-20
GBEmp100RdcrMtSlTall,GB-EMP-CLR-100ML-RDC-MSLV-T,GBEmp100RdcrMtSlTall,Empire 100ml Clear 18 415,empire-100ml-clear-18-415,0726b0ed3549c56088bfb55f141e6e0b7cba4fa343804e032263b4cd1cd7f270,kit_complete,full,,live-prod-2026-09-20
GBEmp100RdcrPnkLthr,GB-EMP-CLR-100ML-RDC-PKLT,GBEmp100RdcrPnkLthr,Empire 100ml Clear 18 415,empire-100ml-clear-18-415,fd8f2b5a293bb9d722836efe87485aebf5904ec3220cea69f666df8b3b020a0e,kit_complete,full,,live-prod-2026-09-20
GBEmp100RdcrShnBlk,GB-EMP-CLR-100ML-RDC-SBLK,GBEmp100RdcrShnBlk,Empire 100ml Clear 18 415,empire-100ml-clear-18-415,a37d8bf59242bda196578d909e17e11a5eab12eb19975cddbb9497afae403a20,kit_complete,full,,live-prod-2026-09-20
GBEmp100RdcrShnBlkTall,GB-EMP-CLR-100ML-RDC-SBLK-T,GBEmp100RdcrShnBlkTall,Empire 100ml Clear 18 415,empire-100ml-clear-18-415,776ec5a782ed1f694e3573a82490b7d1ad445c5c7ac635f966612c8379d39fc1,kit_complete,full,,live-prod-2026-09-20
GBEmp100RdcrShnGl,GB-EMP-CLR-100ML-RDC-SGLD,GBEmp100RdcrShnGl,Empire 100ml Clear 18 415,empire-100ml-clear-18-415,c040f0936810041cd4423e8e3cc609ee7f778ae185cf1e3e98d39e3d332f7db2,kit_complete,full,,live-prod-2026-09-20
GBEmp100RdcrShnSl,GB-EMP-CLR-100ML-RDC-SSLV,GBEmp100RdcrShnSl,Empire 100ml Clear 18 415,empire-100ml-clear-18-415,7b2e86ef31413a97c5f6f010bdc1d3f190a3b7cb035fb3bca8ce377e74fc794b,kit_complete,full,,live-prod-2026-09-20
GBEmp100RdcrWht,GB-EMP-CLR-100ML-RDC-WHT,GBEmp100RdcrWht,Empire 100ml Clear 18 415,empire-100ml-clear-18-415,46c7a62e33f2aef56e1587c64d4d39c2ea0e39409f37df317479757a3304a9d0,kit_complete,full,,live-prod-2026-09-20
GBEmp100SpryCu,GB-EMP-CLR-100ML-SPR-CPR,GBEmp100SpryCu,Empire 100ml Clear 18 415,empire-100ml-clear-18-415,aa7171806c0ee3aa17262b81f8c888531b72f0f8b238b38e311b89694a67af7c,kit_complete,full,,live-prod-2026-09-20
GBEmp100SpryMtGl,GB-EMP-CLR-100ML-SPR-MGLD,GBEmp100SpryMtGl,Empire 100ml Clear 18 415,empire-100ml-clear-18-415,b4da3bcd5e0536655921406d05af7a66a91170bc0e6befef7565058cad5f4fd5,kit_complete,full,,live-prod-2026-09-20
GBEmp100SpryMtSl,GB-EMP-CLR-100ML-SPR-MSLV,GBEmp100SpryMtSl,Empire 100ml Clear 18 415,empire-100ml-clear-18-415,bd19fed351825361ff194940fc08e89aeadeac7f3ed056443354f5832f296cf2,kit_complete,full,,live-prod-2026-09-20
GBEmp100SpryShnBlk,GB-EMP-CLR-100ML-SPR-SBLK,GBEmp100SpryShnBlk,Empire 100ml Clear 18 415,empire-100ml-clear-18-415,29d65773f4d81a27bc806146558b69e1899dd7696b7216cdded645e8a7d54dc0,kit_complete,full,,live-prod-2026-09-20
GBEmp100SpryShnGl,GB-EMP-CLR-100ML-SPR-SGLD,GBEmp100SpryShnGl,Empire 100ml Clear 18 415,empire-100ml-clear-18-415,2770295f0415833567388e08f10d0ebcef7d2ded2ace5bc0c7f66a2d1e2abb9a,kit_complete,full,,live-prod-2026-09-20
GBEmp100SpryShnSl,GB-EMP-CLR-100ML-SPR-SSLV,GBEmp100SpryShnSl,Empire 100ml Clear 18 415,empire-100ml-clear-18-415,b84b62f2d6c7149531e7c5c4ade4de28d430ae899765096b97db0ae67060a55b,kit_complete,full,,live-prod-2026-09-20
LBEmp100LtnClOvrCap,LB-EMP-CLR-100ML-LPM-COCP,LBEmp100LtnClOvrCap,Empire 100ml Clear 18 415,empire-100ml-clear-18-415,1a2989d7e9b117fa81b7eb19ec5f94f4643e229bc0fa1cdc968eee7744e9ea18,kit_complete,full,,live-prod-2026-09-20
LBEmp100LtnCu,LB-EMP-CLR-100ML-LPM-CPR,LBEmp100LtnCu,Empire 100ml Clear 18 415,empire-100ml-clear-18-415,6c3dee210bd4c028b3e73b1683401298c486f8ddc9c6c144d6fdcb5e1de1a344,kit_complete,full,,live-prod-2026-09-20
LBEmp100LtnMtGl,LB-EMP-CLR-100ML-LPM-MGLD,LBEmp100LtnMtGl,Empire 100ml Clear 18 415,empire-100ml-clear-18-415,3a0d43e5b79c7c8ff345aa19976248abcd753a3bc1781eb62b3752cd967692fc,kit_complete,full,,live-prod-2026-09-20
LBEmp100LtnMtSl,LB-EMP-CLR-100ML-LPM-MSLV,LBEmp100LtnMtSl,Empire 100ml Clear 18 415,empire-100ml-clear-18-415,ff0fd01aa91e7d27f3addb84dd0a71d84605ef8904441580a7a25dfa60b273ae,kit_complete,full,,live-prod-2026-09-20
LBEmp100LtnShnBlk,LB-EMP-CLR-100ML-LPM-SBLK,LBEmp100LtnShnBlk,Empire 100ml Clear 18 415,empire-100ml-clear-18-415,4535e5c6bd72f2c758c022bec1c12cb62b12618cc83da88587b0d903a53e4a2c,kit_complete,full,,live-prod-2026-09-20
LBEmp100LtnShnGl,LB-EMP-CLR-100ML-LPM-SGLD,LBEmp100LtnShnGl,Empire 100ml Clear 18 415,empire-100ml-clear-18-415,5f54c88be524f3134eab4b4d2da3191491119cb5879323728f424e74c8142923,kit_complete,full,,live-prod-2026-09-20
LBEmp100LtnShnSl,LB-EMP-CLR-100ML-LPM-SSLV,LBEmp100LtnShnSl,Empire 100ml Clear 18 415,empire-100ml-clear-18-415,db68e2455d6cb6e93c1a8ac5a90f83ddf1d4a698ed5ab8fcd7265b48a5d942d6,kit_complete,full,,live-prod-2026-09-20
LBEmp100WhtClOvrCp,LB-EMP-CLR-100ML-LPM-OVCP-T,LBEmp100WhtClOvrCp,Empire 100ml Clear 18 415,empire-100ml-clear-18-415,87c148d8267d8cfc13264d85e5832625fce52f68b21c29d39edcc5da9283c806,kit_complete,full,,live-prod-2026-09-20
GBEmp50AnSpBlk,GB-EMP-CLR-50ML-ASP-BLK,GBEmp50AnSpBlk,Empire 50ml Clear 18 415,empire-50ml-clear-18-415,251d1602df5272a8660bcb5f201a53a1f9aa904698041af4232ac9bb33104cdc,kit_complete,full,,live-prod-2026-09-20
GBEmp50AnSpGl,GB-EMP-CLR-50ML-ASP-GLD,GBEmp50AnSpGl,Empire 50ml Clear 18 415,empire-50ml-clear-18-415,8e156f3afacda7a23f7ee99e6d682cedf754d561556c00712212097ab6798877,kit_complete,full,,live-prod-2026-09-20
GBEmp50AnSpIvyGl,GB-EMP-CLR-50ML-ASP-IVGD,GBEmp50AnSpIvyGl,Empire 50ml Clear 18 415,empire-50ml-clear-18-415,047840844c131355f604cc831f5efb6ace4a361be51b943a6d50ec6f04dea334,kit_complete,full,,live-prod-2026-09-20
GBEmp50AnSpIvySl,GB-EMP-CLR-50ML-ASP-IVSL,GBEmp50AnSpIvySl,Empire 50ml Clear 18 415,empire-50ml-clear-18-415,f9b939df739b5c0b23e03d1f038246a7cbaa7e7e69e34b79b8eee586d485e457,kit_complete,full,,live-prod-2026-09-20
GBEmp50AnSpLvn,GB-EMP-CLR-50ML-ASP-LVN,GBEmp50AnSpLvn,Empire 50ml Clear 18 415,empire-50ml-clear-18-415,420c206d66500e589c0d33fcb46096da5b80fd1837694c9453845c4826ef0f38,kit_complete,full,,live-prod-2026-09-20
GBEmp50AnSpMtSl,GB-EMP-CLR-50ML-ASP-MSLV,GBEmp50AnSpMtSl,Empire 50ml Clear 18 415,empire-50ml-clear-18-415,b6d15a561a4674f7a02f105156a9a1ccee6932011d87d65d65265bbc0f56cbf4,kit_complete,full,,live-prod-2026-09-20
GBEmp50AnSpPnk,GB-EMP-CLR-50ML-ASP-PNK,GBEmp50AnSpPnk,Empire 50ml Clear 18 415,empire-50ml-clear-18-415,a0cb7abaa5015c9d25125f80da96a29fff2905857e10dbd9781fbb38ddeb91c7,no_kit,,No productKits row served for current published plate (forSkus null),live-prod-2026-09-20
GBEmp50AnSpRed,GB-EMP-CLR-50ML-ASP-RED,GBEmp50AnSpRed,Empire 50ml Clear 18 415,empire-50ml-clear-18-415,7135c7ff163a4eaaffeac4190136d0c4188341135486dca492a8dfc09ffe767e,kit_complete,full,,live-prod-2026-09-20
GBEmp50AnSpTslBlk,GB-EMP-CLR-50ML-AST-BLK,GBEmp50AnSpTslBlk,Empire 50ml Clear 18 415,empire-50ml-clear-18-415,b89a4efa4350ab59e8c89c3133ba927d9b6556da933d5c5858278789206c1707,kit_complete,full,,live-prod-2026-09-20
GBEmp50AnSpTslGl,GB-EMP-CLR-50ML-AST-GLD,GBEmp50AnSpTslGl,Empire 50ml Clear 18 415,empire-50ml-clear-18-415,fbff546c6d38c1fa13ca5ec8f618ad82a77b01a12d7785e8763282d490199ef7,kit_complete,full,,live-prod-2026-09-20
GBEmp50AnSpTslIvyGl,GB-EMP-CLR-50ML-AST-IVGD,GBEmp50AnSpTslIvyGl,Empire 50ml Clear 18 415,empire-50ml-clear-18-415,09b4a9f61eb4223b805e2bcb2f618a38d18b4711cc512f15dacd2ffe214952ef,kit_complete,full,,live-prod-2026-09-20
GBEmp50AnSpTslIvySl,GB-EMP-CLR-50ML-AST-IVSL,GBEmp50AnSpTslIvySl,Empire 50ml Clear 18 415,empire-50ml-clear-18-415,48dd8b19351a514d225b45184048f99008688ee2631f5dfea9149d3b40aa3323,kit_complete,full,,live-prod-2026-09-20
GBEmp50AnSpTslLvn,GB-EMP-CLR-50ML-AST-LVN,GBEmp50AnSpTslLvn,Empire 50ml Clear 18 415,empire-50ml-clear-18-415,36b3953cb92fc03b0b349d6e85730b568acfb393a3cddcaa14e09a41d1800615,kit_complete,full,,live-prod-2026-09-20
GBEmp50AnSpTslMtSl,GB-EMP-CLR-50ML-AST-MSLV,GBEmp50AnSpTslMtSl,Empire 50ml Clear 18 415,empire-50ml-clear-18-415,7eed9858ac6c60aff26ffb3f993b807bf524475c7f68c61282ebafbaa8b952c5,kit_complete,full,,live-prod-2026-09-20
GBEmp50AnSpTslPnk,GB-EMP-CLR-50ML-AST-PNK,GBEmp50AnSpTslPnk,Empire 50ml Clear 18 415,empire-50ml-clear-18-415,dd489cbe441c996115aa0e09684286c9da82c1413d62f3eb0f92e44ae6eaa773,no_kit,,No productKits row served for current published plate (forSkus null),live-prod-2026-09-20
GBEmp50AnSpTslRed,GB-EMP-CLR-50ML-AST-RED,GBEmp50AnSpTslRed,Empire 50ml Clear 18 415,empire-50ml-clear-18-415,6b2edfe1564e97661129080c3c4849a316980604c9f965afcf92da0080dab08b,kit_complete,full,,live-prod-2026-09-20
GBEmp50AnSpTslWht,GB-EMP-CLR-50ML-AST-WHT,GBEmp50AnSpTslWht,Empire 50ml Clear 18 415,empire-50ml-clear-18-415,7850d54790c41335c051b083953135a6d6d9933137a05442ea9f8b797f95cd3d,kit_complete,full,,live-prod-2026-09-20
GBEmp50AnSpWht,GB-EMP-CLR-50ML-ASP-WHT,GBEmp50AnSpWht,Empire 50ml Clear 18 415,empire-50ml-clear-18-415,0477109e718478905d0daabd70371b834079237e6591e21c5cd8909f04c72d04,kit_complete,full,,live-prod-2026-09-20
GBEmp50DrpCu,GB-EMP-CLR-50ML-DRP-CPR,GBEmp50DrpCu,Empire 50ml Clear 18 415,empire-50ml-clear-18-415,20fbef0e062a3904b9d7d5596576de3bb0cc3e25804d6fffd2524fb314fd39a8,kit_complete,full,,live-prod-2026-09-20
GBEmp50DrpGl,GB-EMP-CLR-50ML-DRP-GLD,GBEmp50DrpGl,Empire 50ml Clear 18 415,empire-50ml-clear-18-415,a8e75d240a1632a7107edf835b18cbd8e0b5f4e45624017372468338e61bb513,kit_complete,full,,live-prod-2026-09-20
GBEmp50DrpSl,GB-EMP-CLR-50ML-DRP-SLV,GBEmp50DrpSl,Empire 50ml Clear 18 415,empire-50ml-clear-18-415,5c962fde1824ae9a84affc63644c283889bdb142557aa2b464e2e51eb261686a,no_kit,,No productKits row served for current published plate (forSkus null),live-prod-2026-09-20
GBEmp50RdcrBlkLthr,GB-EMP-CLR-50ML-RDC-BKLT,GBEmp50RdcrBlkLthr,Empire 50ml Clear 18 415,empire-50ml-clear-18-415,7daf0fbba37e0c903409cf21ce0ee76bfaa5eb50f88bc24a41d33b17c283697e,kit_complete,full,,live-prod-2026-09-20
GBEmp50RdcrBrwnLthr,GB-EMP-CLR-50ML-RDC-BRLT,GBEmp50RdcrBrwnLthr,Empire 50ml Clear 18 415,empire-50ml-clear-18-415,e3bb1de69197f38398b0be39d0b8ea19b3b091e1ce08e208a84767c432ff5c0f,kit_complete,full,,live-prod-2026-09-20
GBEmp50RdcrIvyLthr,GB-EMP-CLR-50ML-RDC-IVLT,GBEmp50RdcrIvyLthr,Empire 50ml Clear 18 415,empire-50ml-clear-18-415,4623ca05e35a322fbeede0482188d34b165701733ba7ec6a1c4bf4b9f499e857,kit_complete,full,,live-prod-2026-09-20
GBEmp50RdcrLBrwnLthr,GB-EMP-CLR-50ML-RDC-LBLT,GBEmp50RdcrLBrwnLthr,Empire 50ml Clear 18 415,empire-50ml-clear-18-415,8222d7125c7e7836d6dfd6fff0af479c41835c9c0592f47a15fa4233a41f07f6,kit_complete,full,,live-prod-2026-09-20
GBEmp50RdcrMtSl,GB-EMP-CLR-50ML-RDC-MSLV,GBEmp50RdcrMtSl,Empire 50ml Clear 18 415,empire-50ml-clear-18-415,49bbfd85b3644968a263a805761cc14a0359d7193c87a43347265769c05434d3,kit_complete,full,,live-prod-2026-09-20
GBEmp50RdcrMtSlTall,GB-EMP-CLR-50ML-RDC-MSLV-T,GBEmp50RdcrMtSlTall,Empire 50ml Clear 18 415,empire-50ml-clear-18-415,e7c9d9a3d834c480c35300b14015c56702f29278144beba630dac3a9478e9f51,kit_complete,full,,live-prod-2026-09-20
GBEmp50RdcrPnkLthr,GB-EMP-CLR-50ML-RDC-PKLT,GBEmp50RdcrPnkLthr,Empire 50ml Clear 18 415,empire-50ml-clear-18-415,0d00d993fcb48a2b991f4f85e7eda655bf17100c13a30b557a438411b5169ac9,kit_complete,full,,live-prod-2026-09-20
GBEmp50RdcrShnBlk,GB-EMP-CLR-50ML-RDC-SBLK,GBEmp50RdcrShnBlk,Empire 50ml Clear 18 415,empire-50ml-clear-18-415,55f42291a7f8cdbd75b236d069e6900bd6540a76a99db87e0a39a327fd533f91,kit_complete,full,,live-prod-2026-09-20
GBEmp50RdcrShnBlkTall,GB-EMP-CLR-50ML-RDC-SBLK-T,GBEmp50RdcrShnBlkTall,Empire 50ml Clear 18 415,empire-50ml-clear-18-415,8d7a59aab431f6e8e6f427313eae0bf51166c11f4e68a90e73b1111fab798344,kit_complete,full,,live-prod-2026-09-20
GBEmp50RdcrShnGl,GB-EMP-CLR-50ML-RDC-SGLD,GBEmp50RdcrShnGl,Empire 50ml Clear 18 415,empire-50ml-clear-18-415,699dab15e97c8fb1ca6f25639d8d90b9e919984d40fa0a04938c55463081832d,kit_complete,full,,live-prod-2026-09-20
GBEmp50RdcrShnSl,GB-EMP-CLR-50ML-RDC-SSLV,GBEmp50RdcrShnSl,Empire 50ml Clear 18 415,empire-50ml-clear-18-415,3f05e73431b8e420b435e10c73b80ab593275c1bf58608f69c8306da19e3a72a,kit_complete,full,,live-prod-2026-09-20
GBEmp50RdcrWht,GB-EMP-CLR-50ML-RDC-WHT,GBEmp50RdcrWht,Empire 50ml Clear 18 415,empire-50ml-clear-18-415,73de43e1fb867e39436b8399ee3c9eedbd3d8f915e19c8fb5d9b5b60862c1837,kit_complete,full,,live-prod-2026-09-20
GBEmp50SpryCu,GB-EMP-CLR-50ML-SPR-CPR,GBEmp50SpryCu,Empire 50ml Clear 18 415,empire-50ml-clear-18-415,385070db40284d964fca82246c573eaf0a43a76f3e53b79e05f3f3aff547aa93,kit_complete,full,,live-prod-2026-09-20
GBEmp50SpryMtGl,GB-EMP-CLR-50ML-SPR-MGLD,GBEmp50SpryMtGl,Empire 50ml Clear 18 415,empire-50ml-clear-18-415,7079bd317b9ca4f8c46f7fabb2661ceed72c370a5a459234dc4836d6197c2f3e,kit_complete,full,,live-prod-2026-09-20
GBEmp50SpryMtSl,GB-EMP-CLR-50ML-SPR-MSLV,GBEmp50SpryMtSl,Empire 50ml Clear 18 415,empire-50ml-clear-18-415,2b0d0a1e1226a62db94043193fd4bef284ccb0588abd6dff7cd7b7ab89ae745f,kit_complete,full,,live-prod-2026-09-20
GBEmp50SpryShnBlk,GB-EMP-CLR-50ML-SPR-SBLK,GBEmp50SpryShnBlk,Empire 50ml Clear 18 415,empire-50ml-clear-18-415,cf05d9f456d8a86e4525e463ecf7ba4963202b9f3922b90cc9596532b5c4c98b,kit_complete,full,,live-prod-2026-09-20
GBEmp50SpryShnGl,GB-EMP-CLR-50ML-SPR-SGLD,GBEmp50SpryShnGl,Empire 50ml Clear 18 415,empire-50ml-clear-18-415,ea56df690042583773f99b549dc28b6b8ce28a5a951f13ad8581dcfa24cd5773,kit_complete,full,,live-prod-2026-09-20
GBEmp50SpryShnSl,GB-EMP-CLR-50ML-SPR-SSLV,GBEmp50SpryShnSl,Empire 50ml Clear 18 415,empire-50ml-clear-18-415,54d63addf5d68072c43aae8de2dadfba1f0261bf3103c199233ac6826ca5d7b5,kit_complete,full,,live-prod-2026-09-20
LBEmp50LtnClOvrCap,LB-EMP-CLR-50ML-LPM-COCP,LBEmp50LtnClOvrCap,Empire 50ml Clear 18 415,empire-50ml-clear-18-415,1fd51f2315b06cf1bc7626939f720ece8e627b20e724e3728d748fcf895a608a,kit_complete,full,,live-prod-2026-09-20
LBEmp50LtnCu,LB-EMP-CLR-50ML-LPM-CPR,LBEmp50LtnCu,Empire 50ml Clear 18 415,empire-50ml-clear-18-415,272f112a4a2213acfcb51bb95bace98671b94ea9159d7f9d3a37c42cfc677ca9,kit_complete,full,,live-prod-2026-09-20
LBEmp50LtnMtGl,LB-EMP-CLR-50ML-LPM-MGLD,LBEmp50LtnMtGl,Empire 50ml Clear 18 415,empire-50ml-clear-18-415,ee57cc850ff0ce8c05cb2a4911ff0b5a44ddf073a3e56ae97b445818a300ec75,kit_complete,full,,live-prod-2026-09-20
LBEmp50LtnMtSl,LB-EMP-CLR-50ML-LPM-MSLV,LBEmp50LtnMtSl,Empire 50ml Clear 18 415,empire-50ml-clear-18-415,930ac23798b40601ce07c4854f9679800747b152aad6afc4774113c9a0b28c77,kit_complete,full,,live-prod-2026-09-20
LBEmp50LtnShnBlk,LB-EMP-CLR-50ML-LPM-SBLK,LBEmp50LtnShnBlk,Empire 50ml Clear 18 415,empire-50ml-clear-18-415,901523e6ee03867a7f32a1098d212cb0f094e6d2a225b46162f64b082f154771,kit_complete,full,,live-prod-2026-09-20
LBEmp50LtnShnGl,LB-EMP-CLR-50ML-LPM-SGLD,LBEmp50LtnShnGl,Empire 50ml Clear 18 415,empire-50ml-clear-18-415,92bfde12e8a982ff757393f8853f36fefcae692154d6a524c68d6c59371a988f,kit_complete,full,,live-prod-2026-09-20
LBEmp50LtnShnSl,LB-EMP-CLR-50ML-LPM-SSLV,LBEmp50LtnShnSl,Empire 50ml Clear 18 415,empire-50ml-clear-18-415,a3e8ecff333f96e9b79e622f415ef218bf56e8b855079d929b8c795d0058873a,kit_complete,full,,live-prod-2026-09-20
LBEmp50WhtClOvrCp,LB-EMP-CLR-50ML-LPM-OVCP-T,LBEmp50WhtClOvrCp,Empire 50ml Clear 18 415,empire-50ml-clear-18-415,b358eaa017e484b875c3ec7809fa72d40ab06954282c8c898a96724b488c5ae7,kit_complete,full,,live-prod-2026-09-20
GBFlair15BlkSht,GB-FLR-CLR-15ML-BLK-S,GBFlair15BlkSht,Flair 15ml Clear 13 415,flair-15ml-clear-13-415,4c7253ca2038b3a5a014ae07ebdd6305ba83afc7e162401efb269a363ce22d07,kit_complete,full,,live-prod-2026-09-20
GBFlair15Gl,GB-VIA-CLR-15ML-GLD-T-01,GBFlair15Gl,Flair 15ml Clear 13 415,flair-15ml-clear-13-415,2dfe281a57941f230ac916fb062227e9406cdff60ca5150806dfd05044deba80,kit_complete,full,,live-prod-2026-09-20
GBFlair15MtlRollBlkDot,GB-FLR-CLR-15ML-MRL-BKDT,GBFlair15MtlRollBlkDot,Flair 15ml Clear 13 415,flair-15ml-clear-13-415,cda40b3d0bdc7af4187e2d9b246d9239cfe66e4c6d4bcc459482113555817457,kit_complete,full,,live-prod-2026-09-20
GBFlair15MtlRollBlkSh,GB-FLR-CLR-15ML-MRL-SBLK,GBFlair15MtlRollBlkSh,Flair 15ml Clear 13 415,flair-15ml-clear-13-415,a19775e325eeacff547bf9f585e47bc77636234ea0952bbb7585fc1ba72d13ab,kit_complete,full,,live-prod-2026-09-20
GBFlair15MtlRollCuMatt,GB-FLR-CLR-15ML-MRL-MCPR,GBFlair15MtlRollCuMatt,Flair 15ml Clear 13 415,flair-15ml-clear-13-415,3dfb631e2dc2a26408e8943dc1a37af7a07fe0244edd34817d905ae4282fb799,kit_complete,full,,live-prod-2026-09-20
GBFlair15MtlRollGlMatt,GB-FLR-CLR-15ML-MRL-MGLD,GBFlair15MtlRollGlMatt,Flair 15ml Clear 13 415,flair-15ml-clear-13-415,ec2fc861c5a68bf6a2d4aff8929cf04aac27e7da379bc28878a179492d41e24a,kit_complete,full,,live-prod-2026-09-20
GBFlair15MtlRollGlSh,GB-FLR-CLR-15ML-MRL-SGLD,GBFlair15MtlRollGlSh,Flair 15ml Clear 13 415,flair-15ml-clear-13-415,f423f25cbe1c62af9d7de95189df288d73ade1481c20bdf332d95a319f28e0a0,kit_complete,full,,live-prod-2026-09-20
GBFlair15MtlRollPinkDot,GB-FLR-CLR-15ML-MRL-PKDT,GBFlair15MtlRollPinkDot,Flair 15ml Clear 13 415,flair-15ml-clear-13-415,834ff72177c23ce762bdac23cefb6f07788ace419a3b79d8975d09f2950bfba0,kit_complete,full,,live-prod-2026-09-20
GBFlair15MtlRollSlDot,GB-FLR-CLR-15ML-MRL-SLDT,GBFlair15MtlRollSlDot,Flair 15ml Clear 13 415,flair-15ml-clear-13-415,a479156efe10db99dcdd909f31307a43dd567403c327b6a972bb407181bb6600,kit_complete,full,,live-prod-2026-09-20
GBFlair15MtlRollSlMatt,GB-FLR-CLR-15ML-MRL-MSLV,GBFlair15MtlRollSlMatt,Flair 15ml Clear 13 415,flair-15ml-clear-13-415,e333a47658d7aed12f6802f5ec6270c876cc0ad8f688a8f875744d91284b61f3,kit_complete,full,,live-prod-2026-09-20
GBFlair15MtlRollSlSh,GB-FLR-CLR-15ML-MRL-SSLV,GBFlair15MtlRollSlSh,Flair 15ml Clear 13 415,flair-15ml-clear-13-415,9d130f6348c0e8f559e61b6cfc8cb55281219634629ed38a4e9c3784400e991d,kit_complete,full,,live-prod-2026-09-20
GBFlair15RollBlkDot,GB-FLR-CLR-15ML-ROL-BKDT,GBFlair15RollBlkDot,Flair 15ml Clear 13 415,flair-15ml-clear-13-415,cda40b3d0bdc7af4187e2d9b246d9239cfe66e4c6d4bcc459482113555817457,kit_complete,full,,live-prod-2026-09-20
GBFlair15RollBlkSh,GB-FLR-CLR-15ML-ROL-SBLK,GBFlair15RollBlkSh,Flair 15ml Clear 13 415,flair-15ml-clear-13-415,a19775e325eeacff547bf9f585e47bc77636234ea0952bbb7585fc1ba72d13ab,kit_complete,full,,live-prod-2026-09-20
GBFlair15RollCuMatt,GB-FLR-CLR-15ML-ROL-MCPR,GBFlair15RollCuMatt,Flair 15ml Clear 13 415,flair-15ml-clear-13-415,3dfb631e2dc2a26408e8943dc1a37af7a07fe0244edd34817d905ae4282fb799,kit_complete,full,,live-prod-2026-09-20
GBFlair15RollGlMatt,GB-FLR-CLR-15ML-ROL-MGLD,GBFlair15RollGlMatt,Flair 15ml Clear 13 415,flair-15ml-clear-13-415,ec2fc861c5a68bf6a2d4aff8929cf04aac27e7da379bc28878a179492d41e24a,kit_complete,full,,live-prod-2026-09-20
GBFlair15RollGlSh,GB-FLR-CLR-15ML-ROL-SGLD,GBFlair15RollGlSh,Flair 15ml Clear 13 415,flair-15ml-clear-13-415,f423f25cbe1c62af9d7de95189df288d73ade1481c20bdf332d95a319f28e0a0,kit_complete,full,,live-prod-2026-09-20
GBFlair15RollPinkDot,GB-FLR-CLR-15ML-ROL-PKDT,GBFlair15RollPinkDot,Flair 15ml Clear 13 415,flair-15ml-clear-13-415,834ff72177c23ce762bdac23cefb6f07788ace419a3b79d8975d09f2950bfba0,kit_complete,full,,live-prod-2026-09-20
GBFlair15RollSlDot,GB-FLR-CLR-15ML-ROL-SLDT,GBFlair15RollSlDot,Flair 15ml Clear 13 415,flair-15ml-clear-13-415,a479156efe10db99dcdd909f31307a43dd567403c327b6a972bb407181bb6600,kit_complete,full,,live-prod-2026-09-20
GBFlair15RollSlMatt,GB-FLR-CLR-15ML-ROL-MSLV,GBFlair15RollSlMatt,Flair 15ml Clear 13 415,flair-15ml-clear-13-415,e333a47658d7aed12f6802f5ec6270c876cc0ad8f688a8f875744d91284b61f3,kit_complete,full,,live-prod-2026-09-20
GBFlair15RollSlSh,GB-FLR-CLR-15ML-ROL-SSLV,GBFlair15RollSlSh,Flair 15ml Clear 13 415,flair-15ml-clear-13-415,9d130f6348c0e8f559e61b6cfc8cb55281219634629ed38a4e9c3784400e991d,kit_complete,full,,live-prod-2026-09-20
GBFlair15Sl,GB-VIA-CLR-15ML-SLV-T-01,GBFlair15Sl,Flair 15ml Clear 13 415,flair-15ml-clear-13-415,fa7ca60d469c19e5e44b683d20d8a59041c8ba6736b4539e5c66f6e2a47c347e,kit_complete,full,,live-prod-2026-09-20
GBFlair15SpryBlkMatt,GB-FLR-CLR-15ML-SPR-MBLK,GBFlair15SpryBlkMatt,Flair 15ml Clear 13 415,flair-15ml-clear-13-415,e8be56611ef516d2c980e2816ea9a460570a6a9cab87047fd1fb43c586c53006,kit_complete,full,,live-prod-2026-09-20
GBFlair15SpryBlkSh,GB-FLR-CLR-15ML-SPR-SBLK,GBFlair15SpryBlkSh,Flair 15ml Clear 13 415,flair-15ml-clear-13-415,72afc2df810c133cbbc6d60bd8ed11db4f528be5a898c61e5ac7fed355101952,kit_complete,full,,live-prod-2026-09-20
GBFlair15SpryBluMatt,GB-FLR-CLR-15ML-SPR-MBLU,GBFlair15SpryBluMatt,Flair 15ml Clear 13 415,flair-15ml-clear-13-415,392b19daedebe09b3384e690739270626c558421613a137b823043b3a3696d1e,kit_complete,full,,live-prod-2026-09-20
GBFlair15SpryCuMatt,GB-FLR-CLR-15ML-SPR-MCPR,GBFlair15SpryCuMatt,Flair 15ml Clear 13 415,flair-15ml-clear-13-415,36f74e6647cf9e3dc62ba66f1a48c425c6d56d601e92f6be42c6abba34d56a75,no_kit,,No productKits row served for current published plate (forSkus null),live-prod-2026-09-20
GBFlair15SpryGlMatt,GB-FLR-CLR-15ML-SPR-MGLD,GBFlair15SpryGlMatt,Flair 15ml Clear 13 415,flair-15ml-clear-13-415,f8a0cce8d01fc4894d0cda8018cc8fd70207c93e4c0a57045598eda405895354,kit_complete,full,,live-prod-2026-09-20
GBFlair15SpryGlSh,GB-FLR-CLR-15ML-SPR-SGLD,GBFlair15SpryGlSh,Flair 15ml Clear 13 415,flair-15ml-clear-13-415,19c9102aa9d7e17fd4ce189c5ae4932f7623a2844a3468fb2646d855efc6fec2,kit_complete,full,,live-prod-2026-09-20
GBFlair15SprySlMatt,GB-FLR-CLR-15ML-SPR-MSLV,GBFlair15SprySlMatt,Flair 15ml Clear 13 415,flair-15ml-clear-13-415,87554b02da3a444e8d63e49d2aa9b05c0c727617d169cf09e1376694038908fb,kit_complete,full,,live-prod-2026-09-20
GBFlair15SprySlSh,GB-FLR-CLR-15ML-SPR-SSLV,GBFlair15SprySlSh,Flair 15ml Clear 13 415,flair-15ml-clear-13-415,e512421d72ad526a3e2222390007a53015f64c16a38b6b9bfc82f0371bed295e,kit_complete,full,,live-prod-2026-09-20
GBFlair15WhtSht,GB-VIA-WHT-15ML-WHT-S-01,GBFlair15WhtSht,Flair 15ml Clear 13 415,flair-15ml-clear-13-415,6d8beca8abf2a803b93ed9d616dd5cecfa3a9f12b63dbd117f6a64ca9d8799ea,kit_complete,full,,live-prod-2026-09-20
GBGrce55AnSpBlk,GB-GRC-CLR-55ML-ASP-BLK,GBGrce55AnSpBlk,Grace 55ml Clear 18 415,grace-55ml-clear-18-415,1af39978ead8d390c234269f62f0994abc751b727c14ebf525d712399011bd5d,kit_complete,full,,live-prod-2026-09-20
GBGrce55AnSpGl,GB-GRC-CLR-55ML-ASP-GLD,GBGrce55AnSpGl,Grace 55ml Clear 18 415,grace-55ml-clear-18-415,1d3871cd9f9e09a5c29db0a3f9d9f53056ce70cfcdd54f0f95efc5dda730d698,kit_complete,full,,live-prod-2026-09-20
GBGrce55AnSpIvyGl,GB-GRC-CLR-55ML-ASP-IVGD,GBGrce55AnSpIvyGl,Grace 55ml Clear 18 415,grace-55ml-clear-18-415,ee9a7801158d746f1fa381d021d0bda7997bb9c490f40f7bb122b299b1565bb1,kit_complete,full,,live-prod-2026-09-20
GBGrce55AnSpIvySl,GB-GRC-CLR-55ML-ASP-IVSL,GBGrce55AnSpIvySl,Grace 55ml Clear 18 415,grace-55ml-clear-18-415,b95c9a733fe2f5bcdf371d7622aee96d1e9aca76cc1d59134d0f3969206b516a,kit_complete,full,,live-prod-2026-09-20
GBGrce55AnSpLvn,GB-GRC-CLR-55ML-ASP-LVN,GBGrce55AnSpLvn,Grace 55ml Clear 18 415,grace-55ml-clear-18-415,ffddf0f923ea946bb5168619da4503ead2ab2e5ab5cbd327108685bf9abae547,kit_complete,full,,live-prod-2026-09-20
GBGrce55AnSpMtSl,GB-GRC-CLR-55ML-ASP-MSLV,GBGrce55AnSpMtSl,Grace 55ml Clear 18 415,grace-55ml-clear-18-415,f4c4b4594f5d802db87f0bfb8fe9879588748a1cd4c46547a75cd7fb0b71d974,kit_complete,full,,live-prod-2026-09-20
GBGrce55AnSpPnk,GB-GRC-CLR-55ML-ASP-PNK,GBGrce55AnSpPnk,Grace 55ml Clear 18 415,grace-55ml-clear-18-415,96079f5c47e5077305d94dea6041983ede0aaad1d7e1cb4769267d0be500df46,no_kit,,No productKits row served for current published plate (forSkus null),live-prod-2026-09-20
GBGrce55AnSpRed,GB-GRC-CLR-55ML-ASP-RED,GBGrce55AnSpRed,Grace 55ml Clear 18 415,grace-55ml-clear-18-415,cb11bf1bf83a37ec9e69dd49003b97beee625e77588e7bb47ae006e74b61e1e9,no_kit,,No productKits row served for current published plate (forSkus null),live-prod-2026-09-20
GBGrce55AnSpTslBlk,GB-GRC-CLR-55ML-AST-BLK,GBGrce55AnSpTslBlk,Grace 55ml Clear 18 415,grace-55ml-clear-18-415,ac908fc76c6c7fc89fa87a8aa15e19fed4843040454cc7f879c848bc6c1e6b60,kit_complete,full,,live-prod-2026-09-20
GBGrce55AnSpTslGl,GB-GRC-CLR-55ML-AST-GLD,GBGrce55AnSpTslGl,Grace 55ml Clear 18 415,grace-55ml-clear-18-415,27b55a1ff3beda08b44827215b2e33b7e35b495cecb4c69e0dac417d85b740fe,no_kit,,No productKits row served for current published plate (forSkus null),live-prod-2026-09-20
GBGrce55AnSpTslIvyGl,GB-GRC-CLR-55ML-AST-IVGD,GBGrce55AnSpTslIvyGl,Grace 55ml Clear 18 415,grace-55ml-clear-18-415,28071628240a010d5c07360e079364180d2edd3f45ba2c68e83038db193d7454,kit_complete,full,,live-prod-2026-09-20
GBGrce55AnSpTslIvySl,GB-GRC-CLR-55ML-AST-IVSL,GBGrce55AnSpTslIvySl,Grace 55ml Clear 18 415,grace-55ml-clear-18-415,a61da535be9107cbfbd5ddc4a9f0e0583dca3caac6488919bdef3a70fa966b4c,kit_complete,full,,live-prod-2026-09-20
GBGrce55AnSpTslLvn,GB-GRC-CLR-55ML-AST-LVN,GBGrce55AnSpTslLvn,Grace 55ml Clear 18 415,grace-55ml-clear-18-415,2a8b1132e9e64ac885598e8946486bf8ec8a60c3e452269d658f8216be7bf2ab,no_kit,,No productKits row served for current published plate (forSkus null),live-prod-2026-09-20
GBGrce55AnSpTslMtSl,GB-GRC-CLR-55ML-AST-MSLV,GBGrce55AnSpTslMtSl,Grace 55ml Clear 18 415,grace-55ml-clear-18-415,ef44f8f39f9c5aef88f74e5978f3903c5bd08e6dca92de98e02fb3b5e87b4352,no_kit,,No productKits row served for current published plate (forSkus null),live-prod-2026-09-20
GBGrce55AnSpTslPnk,GB-GRC-CLR-55ML-AST-PNK,GBGrce55AnSpTslPnk,Grace 55ml Clear 18 415,grace-55ml-clear-18-415,ac846773963520d5b58d3b95ac2006c62c693c666e555f7f320cd8c80ff5f4ab,no_kit,,No productKits row served for current published plate (forSkus null),live-prod-2026-09-20
GBGrce55AnSpTslRed,GB-GRC-CLR-55ML-AST-RED,GBGrce55AnSpTslRed,Grace 55ml Clear 18 415,grace-55ml-clear-18-415,9a3535d88a6d8aa0adaae8caa38a7a75cb9a40401c6fe359050546d547a24b53,no_kit,,No productKits row served for current published plate (forSkus null),live-prod-2026-09-20
GBGrce55AnSpTslWht,GB-GRC-CLR-55ML-AST-WHT,GBGrce55AnSpTslWht,Grace 55ml Clear 18 415,grace-55ml-clear-18-415,3ea925f5a6305f8eea4439614ca400834b9c9a8ba03fbc007db51ba4aa8182da,kit_complete,full,,live-prod-2026-09-20
GBGrce55AnSpWht,GB-GRC-CLR-55ML-ASP-WHT,GBGrce55AnSpWht,Grace 55ml Clear 18 415,grace-55ml-clear-18-415,c2c47e626c9c2bfa6174c7e85bbad321f4466411f3abc0adc82c7935f570eaf5,kit_complete,full,,live-prod-2026-09-20
GBGrce55RdcrBlkLthr,GB-GRC-CLR-55ML-RDC-BKLT,GBGrce55RdcrBlkLthr,Grace 55ml Clear 18 415,grace-55ml-clear-18-415,bb344dd041d458e8ecd47b153ed66980073d9150d72e3f7902cc18849dd412f1,kit_complete,full,,live-prod-2026-09-20
GBGrce55RdcrBrwnLthr,GB-GRC-CLR-55ML-RDC-BRLT,GBGrce55RdcrBrwnLthr,Grace 55ml Clear 18 415,grace-55ml-clear-18-415,13e72cc6f632ffbe26c0563da60329731fdd606ca89a13f31377902cf817d757,kit_complete,full,,live-prod-2026-09-20
GBGrce55RdcrIvyLthr,GB-GRC-CLR-55ML-RDC-IVLT,GBGrce55RdcrIvyLthr,Grace 55ml Clear 18 415,grace-55ml-clear-18-415,d33c602b2c5f67ccbbd2abe17c886f44e94a7bd6677f5aa5ba960c5f445de84b,kit_complete,full,,live-prod-2026-09-20
GBGrce55RdcrLBrwnLthr,GB-GRC-CLR-55ML-RDC-LBLT,GBGrce55RdcrLBrwnLthr,Grace 55ml Clear 18 415,grace-55ml-clear-18-415,dd60c2101090eef159b903bb444eb563710c18d9188a083ec1232caa35e4e112,kit_complete,full,,live-prod-2026-09-20
GBGrce55RdcrMtSl,GB-GRC-CLR-55ML-RDC-MSLV,GBGrce55RdcrMtSl,Grace 55ml Clear 18 415,grace-55ml-clear-18-415,b513f1d33d51aeda2d7d6627831ee2202931d1b9f10db1eb477fc20aeec644d5,kit_complete,full,,live-prod-2026-09-20
GBGrce55RdcrMtSlTall,GB-GRC-CLR-55ML-RDC-MSLV-T,GBGrce55RdcrMtSlTall,Grace 55ml Clear 18 415,grace-55ml-clear-18-415,ba15942ad60e15af67693afef0ddf7c64255391919aaf0c011548683b3c890ba,kit_complete,full,,live-prod-2026-09-20
GBGrce55RdcrPnkLthr,GB-GRC-CLR-55ML-RDC-PKLT,GBGrce55RdcrPnkLthr,Grace 55ml Clear 18 415,grace-55ml-clear-18-415,66da3980f87a588f2d62402f85d7cfc69df3e5bd1ca6f6b6bf1a89eef67d7d30,kit_complete,full,,live-prod-2026-09-20
GBGrce55RdcrShnBlk,GB-GRC-CLR-55ML-RDC-SBLK,GBGrce55RdcrShnBlk,Grace 55ml Clear 18 415,grace-55ml-clear-18-415,7c5df3cd41fbbfec7520c6d4b0e8fdbe6a439024276412279233c405dc93c799,kit_complete,full,,live-prod-2026-09-20
GBGrce55RdcrShnBlkTall,GB-GRC-CLR-55ML-RDC-SBLK-T,GBGrce55RdcrShnBlkTall,Grace 55ml Clear 18 415,grace-55ml-clear-18-415,7649ff09ba61d5df86d7e4459ca29e317008fd30642963c4ba9d5b2b3f65dfe3,kit_complete,full,,live-prod-2026-09-20
GBGrce55RdcrShnGl,GB-GRC-CLR-55ML-RDC-SGLD,GBGrce55RdcrShnGl,Grace 55ml Clear 18 415,grace-55ml-clear-18-415,cb0bb1bdf008875e07852efa31e3351065cc6d2040004d57146e6efee73e662a,no_kit,,No productKits row served for current published plate (forSkus null),live-prod-2026-09-20
GBGrce55RdcrShnSl,GB-GRC-CLR-55ML-RDC-SSLV,GBGrce55RdcrShnSl,Grace 55ml Clear 18 415,grace-55ml-clear-18-415,869d8410ef4984e0f7bf70c29e6d38356b4216c80dc750f92bf52a8a6edeb1c6,kit_complete,full,,live-prod-2026-09-20
GBGrce55RdcrWht,GB-GRC-CLR-55ML-RDC-WHT,GBGrce55RdcrWht,Grace 55ml Clear 18 415,grace-55ml-clear-18-415,2f7ff8f6fd01c805a5fe466716167c548804e328e714bfe8b46c80bf49f84a0f,kit_complete,full,,live-prod-2026-09-20
GBGrce55SpryCu,GB-GRC-CLR-55ML-SPR-CPR,GBGrce55SpryCu,Grace 55ml Clear 18 415,grace-55ml-clear-18-415,78a10ad53d8707a2187cb1d9b73a318df5d416b2e931785e488fc8d379651a82,kit_complete,full,,live-prod-2026-09-20
GBGrce55SpryMtGl,GB-GRC-CLR-55ML-SPR-MGLD,GBGrce55SpryMtGl,Grace 55ml Clear 18 415,grace-55ml-clear-18-415,b865ed4ae2c1e801ee093e488db1325822e73089222ac119ed9bda5b715674fc,kit_complete,full,,live-prod-2026-09-20
GBGrce55SpryMtSl,GB-GRC-CLR-55ML-SPR-MSLV,GBGrce55SpryMtSl,Grace 55ml Clear 18 415,grace-55ml-clear-18-415,03329b6ce7bb8b9453b3fdcc6952324147b76b8ea0b6da3fba7a59fc9f511c44,kit_complete,full,,live-prod-2026-09-20
GBGrce55SpryShnBlk,GB-GRC-CLR-55ML-SPR-SBLK,GBGrce55SpryShnBlk,Grace 55ml Clear 18 415,grace-55ml-clear-18-415,7c6cac82ba60eeb404c023fa54b3533878397e460b0944f16f9c4146a5856d00,kit_complete,full,,live-prod-2026-09-20
GBGrce55SpryShnGl,GB-GRC-CLR-55ML-SPR-SGLD,GBGrce55SpryShnGl,Grace 55ml Clear 18 415,grace-55ml-clear-18-415,074d5c0fa403d4b331efeb2141bdb91747750283396d159c1dd59f58fbcbddf0,kit_complete,full,,live-prod-2026-09-20
GBGrce55SpryShnSl,GB-GRC-CLR-55ML-SPR-SSLV,GBGrce55SpryShnSl,Grace 55ml Clear 18 415,grace-55ml-clear-18-415,98f867a05acd5e5bba92e07aaebb255ef3fb20fd77ed1662deb14a637458319d,kit_complete,full,,live-prod-2026-09-20
LBGrce55LtnClOvrCap,LB-GRC-CLR-55ML-LPM-COCP,LBGrce55LtnClOvrCap,Grace 55ml Clear 18 415,grace-55ml-clear-18-415,5dd689924975466b6289114d2d18f81fa2755d5e16806a41200df718ab8bca70,kit_complete,full,,live-prod-2026-09-20
LBGrce55LtnCu,LB-GRC-CLR-55ML-LPM-CPR,LBGrce55LtnCu,Grace 55ml Clear 18 415,grace-55ml-clear-18-415,84f7e30f55073d73fb701a0819b755874444008a34bdbaee83be9d5468499285,kit_complete,full,,live-prod-2026-09-20
LBGrce55LtnMtGl,LB-GRC-CLR-55ML-LPM-MGLD,LBGrce55LtnMtGl,Grace 55ml Clear 18 415,grace-55ml-clear-18-415,8b47320083ef571ef361708bd1099c39742a365f8c8cefd7a235d2f62b7551d0,kit_complete,full,,live-prod-2026-09-20
LBGrce55LtnMtSl,LB-GRC-CLR-55ML-LPM-MSLV,LBGrce55LtnMtSl,Grace 55ml Clear 18 415,grace-55ml-clear-18-415,e4ede3bf08af90a4a1545e12a1cfa5f2c7355f5bf5296d21ff1151bcaf56bbc6,kit_complete,full,,live-prod-2026-09-20
LBGrce55LtnShnBlk,LB-GRC-CLR-55ML-LPM-SBLK,LBGrce55LtnShnBlk,Grace 55ml Clear 18 415,grace-55ml-clear-18-415,51b2fe7b4c4cf730c9425db21ad4a42c39b1de3b2eae10cb507a93427077493b,kit_complete,full,,live-prod-2026-09-20
LBGrce55LtnShnGl,LB-GRC-CLR-55ML-LPM-SGLD,LBGrce55LtnShnGl,Grace 55ml Clear 18 415,grace-55ml-clear-18-415,ffcd22819d69729148e964310d707f00bdde46ba1c64bef4857dd3e7465e236a,kit_complete,full,,live-prod-2026-09-20
LBGrce55LtnShnSl,LB-GRC-CLR-55ML-LPM-SSLV,LBGrce55LtnShnSl,Grace 55ml Clear 18 415,grace-55ml-clear-18-415,cae787de61a8f81958b0002293fe0adae2b45137ac8616be78d4a9609b144c53,kit_complete,full,,live-prod-2026-09-20
LBMetalSilver1oz,LB-LTB-CLR-30ML-T,LBMetalSilver1oz,Lotion Bottle 30ml Clear 18mm,lotion-bottle-30ml-clear-18mm,a985c2d93cdb48778cd17473c105177d8308ee40f0dda480724b45b3369142ca,no_kit,,No productKits row served for current published plate (forSkus null),live-prod-2026-09-20
LB3mlClear,LB-LTB-CLR-3ML-CLR-T,LB3mlClear,Lotion Bottle 3ml Clear Snap On,lotion-bottle-3ml-clear-snap-on,8a8ed4a71d687256acfd6df8876d9d6e0b8cf5ebba8d1fd9095fa4fbe602cc5b,no_kit,,No productKits row served for current published plate (forSkus null),live-prod-2026-09-20
Ltn18-415Cu,CMP-LPM-MTCP-18-415-05,Ltn18-415Cu,Lotion Pump 18 415,lotion-pump-18-415,84c03207dc95758eb34c8fab508c9e5e0f851f13c18c25f3b10fa306634fbfbb,no_kit,,No productKits row served for current published plate (forSkus null),live-prod-2026-09-20
Ltn18-415MtGl,CMP-LPM-MTGD-18-415-07,Ltn18-415MtGl,Lotion Pump 18 415,lotion-pump-18-415,dec76f944757c5e1d3499b2277d8e4333b54d8c3088718c952110eb5ec814f1b,no_kit,,No productKits row served for current published plate (forSkus null),live-prod-2026-09-20
Ltn18-415MtSl,CMP-LPM-MTSL-18-415-06,Ltn18-415MtSl,Lotion Pump 18 415,lotion-pump-18-415,4a252754a45bf1842ba7499a8c26d54a25956c4cef32ac7f94cbf52ae9d74363,no_kit,,No productKits row served for current published plate (forSkus null),live-prod-2026-09-20
Ltn18-415MtSlCl,CMP-LPM-MSLV-18-415-02,Ltn18-415MtSlCl,Lotion Pump 18 415,lotion-pump-18-415,1b9feb61ac355d939ebab9879f2bcd467f5079eccbcf81b17c577fc595dd0b66,no_kit,,No productKits row served for current published plate (forSkus null),live-prod-2026-09-20
Ltn18-415ShnBlk,CMP-LPM-SBLK-18-415,Ltn18-415ShnBlk,Lotion Pump 18 415,lotion-pump-18-415,a6e33c2142b6378f756f32111ceccdfe21880f31e89551fc3fca9f9e4438db5f,no_kit,,No productKits row served for current published plate (forSkus null),live-prod-2026-09-20
Ltn18-415ShnGl,CMP-LPM-SGLD-18-415,Ltn18-415ShnGl,Lotion Pump 18 415,lotion-pump-18-415,b7e2910601e3fefeac989d76ae648ae664d46bf15ae3ffc19967208d9a0f3f08,no_kit,,No productKits row served for current published plate (forSkus null),live-prod-2026-09-20
Ltn18-415ShnSl,CMP-LPM-SSLV-18-415,Ltn18-415ShnSl,Lotion Pump 18 415,lotion-pump-18-415,3ad5e0961a87ee0ac0e056b038432be8e7736d27b35e6ee3eeca77d2969df9bc,no_kit,,No productKits row served for current published plate (forSkus null),live-prod-2026-09-20
GBPillar9BlkShSht,GB-PIL-CLR-9ML-CAP-BLK,GBPillar9BlkShSht,Pillar,pillar-9ml-clear-13-415,a596eadf1c266b2beb4fcc23cc54473eb9321d0c2fdc4de0e887c503a4392de0,no_kit,,No productKits row served for current published plate (forSkus null),live-prod-2026-09-20
GBPillar9MtlRollBlkdot,GB-PIL-CLR-9ML-MRL-BDOT,GBPillar9MtlRollBlkdot,Pillar,pillar-9ml-clear-13-415,08a5448334da97a36f25e21a677d87f5ae0246512eb517170a62c8dea0d6b599,no_kit,,No productKits row served for current published plate (forSkus null),live-prod-2026-09-20
GBPillar9RollBlkDot,GB-PIL-CLR-9ML-RBL-BDOT,GBPillar9RollBlkDot,Pillar,pillar-9ml-clear-13-415,1f89a63a038cc66115205e89e9acf148333fe3ce18f45732f7d8177e8bd87dce,no_kit,,No productKits row served for current published plate (forSkus null),live-prod-2026-09-20
GBPillar9SpryBlkMatt,GB-PIL-CLR-9ML-SPR-MBLK,GBPillar9SpryBlkMatt,Pillar,pillar-9ml-clear-17-415,92d0a2a278835eeebb99f19b18885bce03c405da1bd84421299525e31dc2280a,no_kit,,No productKits row served for current published plate (forSkus null),live-prod-2026-09-20
PB1ozClearcap,OTH-PLS-CLR-30ML,PB1ozClearcap,Plastic Bottle 30ml Clear 13 415,plastic-bottle-30ml-clear-13-415,1425cd267135a068563a031b79dc36af4bff45b58209d254e4321a6e357af856,no_kit,,No productKits row served for current published plate (forSkus null),live-prod-2026-09-20
PB1ozSpryNat,CMP-SPR-CLR-30ML,PB1ozSpryNat,Plastic Bottle 30ml Clear 13 415,plastic-bottle-30ml-clear-13-415,6bfb02af707014390a6671b4f639a217512eec648fafda5f6165450b6f1c1848,no_kit,,No productKits row served for current published plate (forSkus null),live-prod-2026-09-20
PB1ozSprySl,CMP-SPR-SLV-,PB1ozSprySl,Plastic Bottle 30ml Clear 13 415,plastic-bottle-30ml-clear-13-415,1a9905f80b676b763218be5b5084e9e1301ac91327dffdaac7ca1770d65133c0,no_kit,,No productKits row served for current published plate (forSkus null),live-prod-2026-09-20
GBRect10BlkSht,GB-RCT-CLR-10ML-BLK-S-01,GBRect10BlkSht,Rectangle 10ml Clear 13 415,rectangle-10ml-clear-13-415,8cec16ff320b5855ff413aa145676f9b04fcd8591c91a0e91fb768ca34dc3d93,kit_complete,full,,live-prod-2026-09-20
GBRect10Gl,GB-RCT-CLR-10ML-GLD-T-01,GBRect10Gl,Rectangle 10ml Clear 13 415,rectangle-10ml-clear-13-415,642138378c1620c561e368db810011ba4299a63ef8e23680183059e12c20213c,kit_complete,full,,live-prod-2026-09-20
GBRect10MtlRollBlkDot,GB-RCT-CLR-10ML-MRL-BKDT-01,GBRect10MtlRollBlkDot,Rectangle 10ml Clear 13 415,rectangle-10ml-clear-13-415,65c81c71ade611986aefa946a2965b9307b712f303786c86659a4ff6b693542a,kit_complete,full,,live-prod-2026-09-20
GBRect10MtlRollBlkSh,GB-RCT-CLR-10ML-MRL-SBLK-01,GBRect10MtlRollBlkSh,Rectangle 10ml Clear 13 415,rectangle-10ml-clear-13-415,c25cb5c303a31d0f1ed135d8c42a1e247fe1cf14dc7d606878900f83519cd1b7,kit_complete,full,,live-prod-2026-09-20
GBRect10MtlRollCuMatt,GB-RCT-CLR-10ML-MRL-MCPR-01,GBRect10MtlRollCuMatt,Rectangle 10ml Clear 13 415,rectangle-10ml-clear-13-415,2743b60d87735fae10b3f2aba96cc5ff3722bf42f4b1fbf077457850a5e813fc,kit_complete,full,,live-prod-2026-09-20
GBRect10MtlRollGlMatt,GB-RCT-CLR-10ML-MRL-MGLD-01,GBRect10MtlRollGlMatt,Rectangle 10ml Clear 13 415,rectangle-10ml-clear-13-415,ebce6da51f789cede8738ef1159ad1376538645e241db49ac278d1f1be6099bd,kit_complete,full,,live-prod-2026-09-20
GBRect10MtlRollGlSh,GB-RCT-CLR-10ML-MRL-SGLD-01,GBRect10MtlRollGlSh,Rectangle 10ml Clear 13 415,rectangle-10ml-clear-13-415,5d016b6d8393d53e7ad98003a7983866a9085ce9cf7f3706c4cd00ca7819f5ed,kit_complete,full,,live-prod-2026-09-20
GBRect10MtlRollPinkDot,GB-RCT-CLR-10ML-MRL-PKDT,GBRect10MtlRollPinkDot,Rectangle 10ml Clear 13 415,rectangle-10ml-clear-13-415,6bc45e1f2c356e30b2029057dbc2ff474d9e31406ccb492d18b366ff624cb925,kit_complete,full,,live-prod-2026-09-20
GBRect10MtlRollSlDot,GB-RCT-CLR-10ML-MRL-SLDT-01,GBRect10MtlRollSlDot,Rectangle 10ml Clear 13 415,rectangle-10ml-clear-13-415,ea3d757ae72c8413ad2aeeeda55197b28be2e7e50145d564bd9942a24e3f5b8b,kit_complete,full,,live-prod-2026-09-20
GBRect10MtlRollSlMatt,GB-RCT-CLR-10ML-MRL-MSLV-01,GBRect10MtlRollSlMatt,Rectangle 10ml Clear 13 415,rectangle-10ml-clear-13-415,eb27d1ff01d6afe38a1b33ff41864ef5bfb798e2a837940753c112d6d1c73d0f,kit_complete,full,,live-prod-2026-09-20
GBRect10MtlRollSlSh,GB-RCT-CLR-10ML-MRL-SSLV-01,GBRect10MtlRollSlSh,Rectangle 10ml Clear 13 415,rectangle-10ml-clear-13-415,25232613469f072823392fa0e09bb9ae0ad0efe151b53c936d22463dfa787d85,kit_complete,full,,live-prod-2026-09-20
GBRect10RollBlkDot,GB-RCT-CLR-10ML-ROL-BKDT-01,GBRect10RollBlkDot,Rectangle 10ml Clear 13 415,rectangle-10ml-clear-13-415,65c81c71ade611986aefa946a2965b9307b712f303786c86659a4ff6b693542a,kit_complete,full,,live-prod-2026-09-20
GBRect10RollBlkSh,GB-RCT-CLR-10ML-ROL-SBLK-01,GBRect10RollBlkSh,Rectangle 10ml Clear 13 415,rectangle-10ml-clear-13-415,c25cb5c303a31d0f1ed135d8c42a1e247fe1cf14dc7d606878900f83519cd1b7,kit_complete,full,,live-prod-2026-09-20
GBRect10RollCuMatt,GB-RCT-CLR-10ML-ROL-MCPR-01,GBRect10RollCuMatt,Rectangle 10ml Clear 13 415,rectangle-10ml-clear-13-415,2743b60d87735fae10b3f2aba96cc5ff3722bf42f4b1fbf077457850a5e813fc,kit_complete,full,,live-prod-2026-09-20
GBRect10RollGlMatt,GB-RCT-CLR-10ML-ROL-MGLD-01,GBRect10RollGlMatt,Rectangle 10ml Clear 13 415,rectangle-10ml-clear-13-415,ebce6da51f789cede8738ef1159ad1376538645e241db49ac278d1f1be6099bd,kit_complete,full,,live-prod-2026-09-20
GBRect10RollGlSh,GB-RCT-CLR-10ML-ROL-SGLD-01,GBRect10RollGlSh,Rectangle 10ml Clear 13 415,rectangle-10ml-clear-13-415,5d016b6d8393d53e7ad98003a7983866a9085ce9cf7f3706c4cd00ca7819f5ed,kit_complete,full,,live-prod-2026-09-20
GBRect10RollPinkDot,GB-RCT-CLR-10ML-ROL-PKDT-01,GBRect10RollPinkDot,Rectangle 10ml Clear 13 415,rectangle-10ml-clear-13-415,6bc45e1f2c356e30b2029057dbc2ff474d9e31406ccb492d18b366ff624cb925,kit_complete,full,,live-prod-2026-09-20
GBRect10RollSlDot,GB-RCT-CLR-10ML-ROL-SLDT-01,GBRect10RollSlDot,Rectangle 10ml Clear 13 415,rectangle-10ml-clear-13-415,ea3d757ae72c8413ad2aeeeda55197b28be2e7e50145d564bd9942a24e3f5b8b,kit_complete,full,,live-prod-2026-09-20
GBRect10RollSlMatt,GB-RCT-CLR-10ML-ROL-MSLV-01,GBRect10RollSlMatt,Rectangle 10ml Clear 13 415,rectangle-10ml-clear-13-415,eb27d1ff01d6afe38a1b33ff41864ef5bfb798e2a837940753c112d6d1c73d0f,kit_complete,full,,live-prod-2026-09-20
GBRect10RollSlSh,GB-RCT-CLR-10ML-ROL-SSLV-01,GBRect10RollSlSh,Rectangle 10ml Clear 13 415,rectangle-10ml-clear-13-415,25232613469f072823392fa0e09bb9ae0ad0efe151b53c936d22463dfa787d85,kit_complete,full,,live-prod-2026-09-20
GBRect10Sl,GB-RCT-CLR-10ML-SLV-T-01,GBRect10Sl,Rectangle 10ml Clear 13 415,rectangle-10ml-clear-13-415,eae85bd7b4c18b508b59fed30cf5f1edb5ceabfaf1952ec956f5e9ab5d6dca6d,kit_complete,full,,live-prod-2026-09-20
GBRect10SpryBlkMatt,GB-RCT-CLR-10ML-SPR-MBLK-01,GBRect10SpryBlkMatt,Rectangle 10ml Clear 13 415,rectangle-10ml-clear-13-415,77a9baa81893521b1a5835f587465635e1d0feb41918e532c06329c5bfa81874,kit_complete,full,,live-prod-2026-09-20
GBRect10SpryBlkSh,GB-RCT-CLR-10ML-SPR-SBLK-01,GBRect10SpryBlkSh,Rectangle 10ml Clear 13 415,rectangle-10ml-clear-13-415,ea9893a73461f1a2226066944234a807e75ade92bdb9518a8272d49ec3db112c,kit_complete,full,,live-prod-2026-09-20
GBRect10SpryBluMatt,GB-RCT-CLR-10ML-SPR-MBLU-01,GBRect10SpryBluMatt,Rectangle 10ml Clear 13 415,rectangle-10ml-clear-13-415,f6a696250a91c00bf0fcba4f32b2df11cca6d17e826624d8e131aebedb6ecc59,kit_complete,full,,live-prod-2026-09-20
GBRect10SpryCuMatt,GB-RCT-CLR-10ML-SPR-MCPR-01,GBRect10SpryCuMatt,Rectangle 10ml Clear 13 415,rectangle-10ml-clear-13-415,905f90be821cd9141c109d06de989e84867b18ad595966ed3048d35f29bf18ac,no_kit,,No productKits row served for current published plate (forSkus null),live-prod-2026-09-20
GBRect10SpryGlMatt,GB-RCT-CLR-10ML-SPR-MGLD-01,GBRect10SpryGlMatt,Rectangle 10ml Clear 13 415,rectangle-10ml-clear-13-415,f09f360987bdb40dbb89e89cdce59f5bdfe6ec6d41e2d79acd73a2fc6a4920b4,kit_complete,full,,live-prod-2026-09-20
GBRect10SpryGlSh,GB-RCT-CLR-10ML-SPR-SGLD-01,GBRect10SpryGlSh,Rectangle 10ml Clear 13 415,rectangle-10ml-clear-13-415,892736bf9740966e56bb988863f72d0d438cded0c6a88f0b9ea8d0adc4569f76,kit_complete,full,,live-prod-2026-09-20
GBRect10SprySlMatt,GB-RCT-CLR-10ML-SPR-MSLV-01,GBRect10SprySlMatt,Rectangle 10ml Clear 13 415,rectangle-10ml-clear-13-415,6a2ec9c35a5b21db82af7d07ec85cc36ea70fca250c7e68a3d6f888b0756197a,kit_complete,full,,live-prod-2026-09-20
GBRect10SprySlSh,GB-RCT-CLR-10ML-SPR-SSLV-01,GBRect10SprySlSh,Rectangle 10ml Clear 13 415,rectangle-10ml-clear-13-415,9b455d8de02ab2506e71c1094947c3b2e9c3c0e5c395fd46b0fd768d6cda8322,kit_complete,full,,live-prod-2026-09-20
GBRect10WhtSht,GB-RCT-WHT-10ML-WHT-S-01,GBRect10WhtSht,Rectangle 10ml Clear 13 415,rectangle-10ml-clear-13-415,9880fb1596fc2acb3629851ea13918f003b2b18880b6252138314fef47ae38bb,kit_complete,full,,live-prod-2026-09-20
GBTallRect10BlkSht,GB-RCT-CLR-10ML-BLK-S-02,GBTallRect10BlkSht,Rectangle 10ml Clear 13 415,rectangle-10ml-clear-13-415,ea540db5889a64b8d3a597231bae49889e27c81feb8b7c4977a72001fc572a07,no_kit,,No productKits row served for current published plate (forSkus null),live-prod-2026-09-20
GBTallRect10Gl,GB-RCT-CLR-10ML-GLD-T-02,GBTallRect10Gl,Rectangle 10ml Clear 13 415,rectangle-10ml-clear-13-415,4e11e916fc6fca0820909014346d67f73a348463f4fdbd243a6258a7b0334f97,no_kit,,No productKits row served for current published plate (forSkus null),live-prod-2026-09-20
GBTallRect10MtlRollBlkDot,GB-RCT-CLR-10ML-MRL-BKDT-02,GBTallRect10MtlRollBlkDot,Rectangle 10ml Clear 13 415,rectangle-10ml-clear-13-415,6fe12f6a8ce8b2d8c81fb80e615dd709f7077efef6cb5db005bcfb29a6373359,no_kit,,No productKits row served for current published plate (forSkus null),live-prod-2026-09-20
GBTallRect10MtlRollBlkSh,GB-RCT-CLR-10ML-MRL-SBLK-02,GBTallRect10MtlRollBlkSh,Rectangle 10ml Clear 13 415,rectangle-10ml-clear-13-415,f1bbb7f9c416b740b677a6eeae74381f60b497553ecdea4b59af8c4afbb1ecbb,no_kit,,No productKits row served for current published plate (forSkus null),live-prod-2026-09-20
GBTallRect10MtlRollCuMatt,GB-RCT-CLR-10ML-MRL-MCPR-02,GBTallRect10MtlRollCuMatt,Rectangle 10ml Clear 13 415,rectangle-10ml-clear-13-415,8f3bb9b3fed49d273de966d220564b1835423da96c72eb943fd223c79903c881,no_kit,,No productKits row served for current published plate (forSkus null),live-prod-2026-09-20
GBTallRect10MtlRollGlMatt,GB-RCT-CLR-10ML-MRL-MGLD-02,GBTallRect10MtlRollGlMatt,Rectangle 10ml Clear 13 415,rectangle-10ml-clear-13-415,197aa096f6ae723dba6a05a069d181c82654142ab1ac3d41b179b0a9db8a29f0,no_kit,,No productKits row served for current published plate (forSkus null),live-prod-2026-09-20
GBTallRect10MtlRollGlSh,GB-RCT-CLR-10ML-MRL-SGLD-02,GBTallRect10MtlRollGlSh,Rectangle 10ml Clear 13 415,rectangle-10ml-clear-13-415,de597bfba590cf8e047c9c5a75b6116ae349ea66acad5bde53b2188d6b8dc163,no_kit,,No productKits row served for current published plate (forSkus null),live-prod-2026-09-20
GBTallRect10MtlRollSlDot,GB-RCT-CLR-10ML-MRL-SLDT-02,GBTallRect10MtlRollSlDot,Rectangle 10ml Clear 13 415,rectangle-10ml-clear-13-415,f8dc0f55b80a28042a08aeb3561022a6cfb00fa342244e57e586cd8c0686c8ba,no_kit,,No productKits row served for current published plate (forSkus null),live-prod-2026-09-20
GBTallRect10MtlRollSlMatt,GB-RCT-CLR-10ML-MRL-MSLV-02,GBTallRect10MtlRollSlMatt,Rectangle 10ml Clear 13 415,rectangle-10ml-clear-13-415,531766bd7348d291fa97811be6f65d28148b064649dab2074cfccd595842dd50,no_kit,,No productKits row served for current published plate (forSkus null),live-prod-2026-09-20
GBTallRect10MtlRollSlSh,GB-RCT-CLR-10ML-MRL-SSLV-02,GBTallRect10MtlRollSlSh,Rectangle 10ml Clear 13 415,rectangle-10ml-clear-13-415,f92b47952a568483def5d9c03f5e91747103bb9cb863ca1a1dcf0fb16b68ab3b,no_kit,,No productKits row served for current published plate (forSkus null),live-prod-2026-09-20
GBTallRect10RollBlkDot,GB-RCT-CLR-10ML-ROL-BKDT-02,GBTallRect10RollBlkDot,Rectangle 10ml Clear 13 415,rectangle-10ml-clear-13-415,6fe12f6a8ce8b2d8c81fb80e615dd709f7077efef6cb5db005bcfb29a6373359,no_kit,,No productKits row served for current published plate (forSkus null),live-prod-2026-09-20
GBTallRect10RollCuMatt,GB-RCT-CLR-10ML-ROL-MCPR-02,GBTallRect10RollCuMatt,Rectangle 10ml Clear 13 415,rectangle-10ml-clear-13-415,8f3bb9b3fed49d273de966d220564b1835423da96c72eb943fd223c79903c881,no_kit,,No productKits row served for current published plate (forSkus null),live-prod-2026-09-20
GBTallRect10RollGlMatt,GB-RCT-CLR-10ML-ROL-MGLD-02,GBTallRect10RollGlMatt,Rectangle 10ml Clear 13 415,rectangle-10ml-clear-13-415,197aa096f6ae723dba6a05a069d181c82654142ab1ac3d41b179b0a9db8a29f0,no_kit,,No productKits row served for current published plate (forSkus null),live-prod-2026-09-20
GBTallRect10RollGlSh,GB-RCT-CLR-10ML-ROL-SGLD-02,GBTallRect10RollGlSh,Rectangle 10ml Clear 13 415,rectangle-10ml-clear-13-415,de597bfba590cf8e047c9c5a75b6116ae349ea66acad5bde53b2188d6b8dc163,no_kit,,No productKits row served for current published plate (forSkus null),live-prod-2026-09-20
GBTallRect10RollPinkDot,GB-RCT-CLR-10ML-ROL-PKDT-02,GBTallRect10RollPinkDot,Rectangle 10ml Clear 13 415,rectangle-10ml-clear-13-415,4a02477396ef3ab87ce68b0fde07ddb10329846c89e663c3d3e92d6e3486625f,no_kit,,No productKits row served for current published plate (forSkus null),live-prod-2026-09-20
GBTallRect10RollSlDot,GB-RCT-CLR-10ML-ROL-SLDT-02,GBTallRect10RollSlDot,Rectangle 10ml Clear 13 415,rectangle-10ml-clear-13-415,f8dc0f55b80a28042a08aeb3561022a6cfb00fa342244e57e586cd8c0686c8ba,no_kit,,No productKits row served for current published plate (forSkus null),live-prod-2026-09-20
GBTallRect10RollSlMatt,GB-RCT-CLR-10ML-ROL-MSLV-02,GBTallRect10RollSlMatt,Rectangle 10ml Clear 13 415,rectangle-10ml-clear-13-415,531766bd7348d291fa97811be6f65d28148b064649dab2074cfccd595842dd50,no_kit,,No productKits row served for current published plate (forSkus null),live-prod-2026-09-20
GBTallRect10RollSlSh,GB-RCT-CLR-10ML-ROL-SSLV-02,GBTallRect10RollSlSh,Rectangle 10ml Clear 13 415,rectangle-10ml-clear-13-415,f92b47952a568483def5d9c03f5e91747103bb9cb863ca1a1dcf0fb16b68ab3b,no_kit,,No productKits row served for current published plate (forSkus null),live-prod-2026-09-20
GBTallRect10Sl,GB-RCT-CLR-10ML-SLV-T-02,GBTallRect10Sl,Rectangle 10ml Clear 13 415,rectangle-10ml-clear-13-415,1fed7eb6b2f5d12624bc4e27231b07c65b3468846bb730f6e07bdcdf1c9114b2,no_kit,,No productKits row served for current published plate (forSkus null),live-prod-2026-09-20
GBTallRect10SpryBlkMatt,GB-RCT-CLR-10ML-SPR-MBLK-02,GBTallRect10SpryBlkMatt,Rectangle 10ml Clear 13 415,rectangle-10ml-clear-13-415,8979651f833f8221051114c0c881b537d85344cfbaae0587d073675e1b6892a7,no_kit,,No productKits row served for current published plate (forSkus null),live-prod-2026-09-20
GBTallRect10SpryBlkSh,GB-RCT-CLR-10ML-SPR-SBLK-02,GBTallRect10SpryBlkSh,Rectangle 10ml Clear 13 415,rectangle-10ml-clear-13-415,c7bbab5142030f78205d8dafeac1fc855796ae93fd4ee51f3311188a253889f1,no_kit,,No productKits row served for current published plate (forSkus null),live-prod-2026-09-20
GBTallRect10SpryBluMatt,GB-RCT-CLR-10ML-SPR-MBLU-02,GBTallRect10SpryBluMatt,Rectangle 10ml Clear 13 415,rectangle-10ml-clear-13-415,e6c8e44b1bc45572548ba07a7d27e419082c133431949f6e220741fc267a4f7f,no_kit,,No productKits row served for current published plate (forSkus null),live-prod-2026-09-20
GBTallRect10SpryCuMatt,GB-RCT-CLR-10ML-SPR-MCPR-02,GBTallRect10SpryCuMatt,Rectangle 10ml Clear 13 415,rectangle-10ml-clear-13-415,dffd0a81416df09683807688cd87be8b537aacc8c160660f1b4302de99047735,no_kit,,No productKits row served for current published plate (forSkus null),live-prod-2026-09-20
GBTallRect10SpryGlMatt,GB-RCT-CLR-10ML-SPR-MGLD-02,GBTallRect10SpryGlMatt,Rectangle 10ml Clear 13 415,rectangle-10ml-clear-13-415,e22feb50b50b784a2f11f9664f2cbbfdf4f444de5a4a714c99c678a842b8ebf8,no_kit,,No productKits row served for current published plate (forSkus null),live-prod-2026-09-20
GBTallRect10SpryGlSh,GB-RCT-CLR-10ML-SPR-SGLD-02,GBTallRect10SpryGlSh,Rectangle 10ml Clear 13 415,rectangle-10ml-clear-13-415,d733d038067c09e39a788fdf40d34dffcb15a4ea6563546882187d32784ac718,no_kit,,No productKits row served for current published plate (forSkus null),live-prod-2026-09-20
GBTallRect10SprySlMatt,GB-RCT-CLR-10ML-SPR-MSLV-02,GBTallRect10SprySlMatt,Rectangle 10ml Clear 13 415,rectangle-10ml-clear-13-415,6d009e6a1a5319f56622d0f15cd2ab9a6826bf6215a0af4accee01fa2788962c,no_kit,,No productKits row served for current published plate (forSkus null),live-prod-2026-09-20
GBTallRect10SprySlSh,GB-RCT-CLR-10ML-SPR-SSLV-02,GBTallRect10SprySlSh,Rectangle 10ml Clear 13 415,rectangle-10ml-clear-13-415,fe425ae0a46e1736fcfe3bec4a593f23e4bd550e83c4b5334b6328652d80a40f,no_kit,,No productKits row served for current published plate (forSkus null),live-prod-2026-09-20
GBTallRect10WhtSht,GB-RCT-WHT-10ML-WHT-S-02,GBTallRect10WhtSht,Rectangle 10ml Clear 13 415,rectangle-10ml-clear-13-415,c6afb146ab125d7ca31085b505c700eb38c9bc9cbb55d78bd5b63cf1b5aad744,no_kit,,No productKits row served for current published plate (forSkus null),live-prod-2026-09-20
GBSQSTBlue,GB-RCT-CLR-9ML-T-01,GBSQSTBlue,Rectangle 9ml Clear Ground,rectangle-9ml-clear-ground,56dcc52a8153d153c194720852532bb6fab0d68aa3cedfe14bc121f0753e65b1,no_kit,,No productKits row served for current published plate (forSkus null),live-prod-2026-09-20
GBSQSTClear,GB-RCT-CLR-9ML-T-02,GBSQSTClear,Rectangle 9ml Clear Ground,rectangle-9ml-clear-ground,6445376e8f8de1120bc7eb7f687812f89938789e1aa90abc6773a0452ca36d74,no_kit,,No productKits row served for current published plate (forSkus null),live-prod-2026-09-20
GBSQSTGREEN,GB-RCT-CLR-9ML-T-03,GBSQSTGREEN,Rectangle 9ml Clear Ground,rectangle-9ml-clear-ground,ec7908f5f62e728d51ad0fc9c378ee3e898a149b3f744ab1360f32e719909824,no_kit,,No productKits row served for current published plate (forSkus null),live-prod-2026-09-20
CP13-415BlkSht,CMP-CAP-BLK-S-13-415,CP13-415BlkSht,Roll On Cap 13 415,roll-on-cap-13-415,c11ead23079d794d3bb41ca125dbafe66e07001312071e55e499c2f40bdf9072,no_kit,,No productKits row served for current published plate (forSkus null),live-prod-2026-09-20
CP13-415Gl,CMP-CAP-SGLD-13-415-01,CP13-415Gl,Roll On Cap 13 415,roll-on-cap-13-415,331bcedc53fe1830f06d9f4b6a3418b58e9a98974a2b8c4ac484753d875b8ced,no_kit,,No productKits row served for current published plate (forSkus null),live-prod-2026-09-20
CP13-415Sl,CMP-CAP-SLV-13-415-01,CP13-415Sl,Roll On Cap 13 415,roll-on-cap-13-415,ecf59906c6ec854a81322cc37ead312c05c2b97ace4ea1556ebec94bae795f26,no_kit,,No productKits row served for current published plate (forSkus null),live-prod-2026-09-20
CP13-415WhtSht,CMP-CAP-WHT-S-13-415,CP13-415WhtSht,Roll On Cap 13 415,roll-on-cap-13-415,1e2f0c254aca5d432cc46d7eeffe9fa2beb6d4012c7480d1933c051848c1d55a,no_kit,,No productKits row served for current published plate (forSkus null),live-prod-2026-09-20
CPRoll13-415BlackDot,CMP-ROC-BLK-13415-DOT,CPRoll13-415BlackDot,Roll On Cap 13 415,roll-on-cap-13-415,5d1a02a29ece35a3dfda8b3ba084aa741d77af61fa98298d471d5c91423a0901,no_kit,,No productKits row served for current published plate (forSkus null),live-prod-2026-09-20
CPRoll13-415BlkSh,CMP-ROC-SBLK-13415,CPRoll13-415BlkSh,Roll On Cap 13 415,roll-on-cap-13-415,55b2edd78714a26d6a48c581ae4d44b4a3d7ab472c2a2e74eedebd01bfa63148,no_kit,,No productKits row served for current published plate (forSkus null),live-prod-2026-09-20
CPRoll13-415Cu,CMP-ROC-MCPR-13415,CPRoll13-415Cu,Roll On Cap 13 415,roll-on-cap-13-415,840f8e1f0fea18921f4a149000377339ea12ba24d191fdfde40a1e44d390e3cd,no_kit,,No productKits row served for current published plate (forSkus null),live-prod-2026-09-20
CPRoll13-415GlMt,CMP-ROC-MGLD-13415,CPRoll13-415GlMt,Roll On Cap 13 415,roll-on-cap-13-415,ffe0f08f7fcaf234c4cce41d694959ee35e0ffb66f7049ca7ce631d538497cf8,no_kit,,No productKits row served for current published plate (forSkus null),live-prod-2026-09-20
CPRoll13-415GlSh,CMP-ROC-SGLD-13415,CPRoll13-415GlSh,Roll On Cap 13 415,roll-on-cap-13-415,e613aee5b1a57cd7ae46ebb9c0cd7aa6476f2a85542841a5c122ea6fdc6fba39,no_kit,,No productKits row served for current published plate (forSkus null),live-prod-2026-09-20
CPRoll13-415PinkDot,CMP-ROC-PNK-13415-DOT,CPRoll13-415PinkDot,Roll On Cap 13 415,roll-on-cap-13-415,4747699a727dbd614f7d8909c514ae4ccb3276c1d09aa54dc654fb641cc723c7,no_kit,,No productKits row served for current published plate (forSkus null),live-prod-2026-09-20
CPRoll13-415SlDot,CMP-ROC-SLV-13415-DOT,CPRoll13-415SlDot,Roll On Cap 13 415,roll-on-cap-13-415,4235c46bdb993a0b0fa6a1155699ad004a30ab0d894f02c61fde67096214f25a,no_kit,,No productKits row served for current published plate (forSkus null),live-prod-2026-09-20
CPRoll13-415SlMt,CMP-ROC-MSLV-13415,CPRoll13-415SlMt,Roll On Cap 13 415,roll-on-cap-13-415,4bbc28f8305f2393e28ab4f35e4ecbbe087165601e19ccfc8e746e4eb1aa9fb8,no_kit,,No productKits row served for current published plate (forSkus null),live-prod-2026-09-20
CPRoll13-415SlSh,CMP-ROC-SSLV-13415,CPRoll13-415SlSh,Roll On Cap 13 415,roll-on-cap-13-415,5548483e4c0ca67985f796e406cb4a5aef2b1002fe2c17927e3a791fc9fe147b,no_kit,,No productKits row served for current published plate (forSkus null),live-prod-2026-09-20
CP15-415ShnGl,CMP-CAP-SGLD-15-415,CP15-415ShnGl,Roll On Cap 15 415,roll-on-cap-15-415,e8e6add80601aff171f8928f8b24c6a3190b23b3ef5cce039639c4155917385e,no_kit,,No productKits row served for current published plate (forSkus null),live-prod-2026-09-20
CP15-415ShnSl,CMP-CAP-SSLV-15-415,CP15-415ShnSl,Roll On Cap 15 415,roll-on-cap-15-415,c97a568b009ff6b2edc896d4bcd63562deb3b59940e1adcf363b2bd613a821c3,no_kit,,No productKits row served for current published plate (forSkus null),live-prod-2026-09-20
CpRoll17-415BlkDot,CMP-ROC-BLK-17415-DOT,CpRoll17-415BlkDot,Roll On Cap 17 415,roll-on-cap-17-415,041b4c5ef03d3ab1635981493a2e955ab021af071524484b04ab56259832adcb,no_kit,,No productKits row served for current published plate (forSkus null),live-prod-2026-09-20
CpRoll17-415Cu,CMP-ROC-CPR-17415,CpRoll17-415Cu,Roll On Cap 17 415,roll-on-cap-17-415,a3e04223662c7d83d0ec94f5126c69f16a48fbab7a45a1782c3f624b97182cf4,no_kit,,No productKits row served for current published plate (forSkus null),live-prod-2026-09-20
CpRoll17-415MattGl,CMP-ROC-MGLD-17415,CpRoll17-415MattGl,Roll On Cap 17 415,roll-on-cap-17-415,dec0a622be07d3251b8945c2f101d879cfef3cb5272d125449b24422adbd50dd,no_kit,,No productKits row served for current published plate (forSkus null),live-prod-2026-09-20
CpRoll17-415MattSl,CMP-ROC-MSLV-17415,CpRoll17-415MattSl,Roll On Cap 17 415,roll-on-cap-17-415,30bb705901afdca416776387fc8d6a9411f52e48f10bcc8468a9a38a0e6b583e,no_kit,,No productKits row served for current published plate (forSkus null),live-prod-2026-09-20
CpRoll17-415PnkDot,CMP-ROC-PNK-17415-DOT,CpRoll17-415PnkDot,Roll On Cap 17 415,roll-on-cap-17-415,80e28e2d0c14502155a47bf194b5659ba52bc054366c0ef38ccce7ea74b7fc22,no_kit,,No productKits row served for current published plate (forSkus null),live-prod-2026-09-20
CpRoll17-415ShnBlk,CMP-ROC-SBLK-17415,CpRoll17-415ShnBlk,Roll On Cap 17 415,roll-on-cap-17-415,e2cc12a9551ae0c643d8c1247dfea0d8864791231691dcbe997e2f44008f07c2,no_kit,,No productKits row served for current published plate (forSkus null),live-prod-2026-09-20
CpRoll17-415ShnGl,CMP-ROC-SGLD-17415,CpRoll17-415ShnGl,Roll On Cap 17 415,roll-on-cap-17-415,7c4402a7dca72d727b45b4bc751d0b3692b39b3cd1548d00033c948aa60ae869,no_kit,,No productKits row served for current published plate (forSkus null),live-prod-2026-09-20
CpRoll17-415ShnSl,CMP-ROC-SSLV-17415,CpRoll17-415ShnSl,Roll On Cap 17 415,roll-on-cap-17-415,599cb60273a0a84b17ec4b31acf250978703e691eb37b6c7520a7ef3af7aa602,no_kit,,No productKits row served for current published plate (forSkus null),live-prod-2026-09-20
CpRoll17-415SlDot,CMP-ROC-SLV-17415-DOT,CpRoll17-415SlDot,Roll On Cap 17 415,roll-on-cap-17-415,3be3539a541bf0242cb1319d18a73aee72171f96f31ffd6ae98ba70386c748c8,no_kit,,No productKits row served for current published plate (forSkus null),live-prod-2026-09-20
CpRoll17-415White,CMP-ROC-WHT-17415,CpRoll17-415White,Roll On Cap 17 415,roll-on-cap-17-415,9c2cdc7ab07a54fcb561263146c09f2fdf0a8f7211a0f0b4673ab595df26e7f8,no_kit,,No productKits row served for current published plate (forSkus null),live-prod-2026-09-20
Ltn17-415Blk,CMP-LPM-BLK-17-415,Ltn17-415Blk,Roll On Cap 17 415,roll-on-cap-17-415,1bde7ff5c2fc0926a034b7980123954482e8fd6e757335704034f5d06eb3ec2e,no_kit,,No productKits row served for current published plate (forSkus null),live-prod-2026-09-20
Ltn17-415Gl,CMP-LPM-SGLD-17-415,Ltn17-415Gl,Roll On Cap 17 415,roll-on-cap-17-415,0077ec1a894e8a0fbe31c8e7eb8071396cdd7159b3bf1d9141861b4e6c59b948,no_kit,,No productKits row served for current published plate (forSkus null),live-prod-2026-09-20
Ltn17-415MattSl,CMP-LPM-MSLV-17-415,Ltn17-415MattSl,Roll On Cap 17 415,roll-on-cap-17-415,e528b4df79693be007bf527d62496ded7cb4c914fb27e27e268a20349a2df84d,no_kit,,No productKits row served for current published plate (forSkus null),live-prod-2026-09-20
CPRoll20-400TallMattBlk,CMP-ROC-MBLK-20400-T,CPRoll20-400TallMattBlk,Roll On Cap 20 400,roll-on-cap-20-400,7ae7e31edc085a30281b76113956173f47d63cbfd0b81a43017d5f2e1f58cf68,no_kit,,No productKits row served for current published plate (forSkus null),live-prod-2026-09-20
CPRoll20-400TallMattGl,CMP-ROC-MGLD-20400-T,CPRoll20-400TallMattGl,Roll On Cap 20 400,roll-on-cap-20-400,ebbc57286f7f5904318af3d8bc46595217e2e4fcbaec72214065065f8ec9366f,no_kit,,No productKits row served for current published plate (forSkus null),live-prod-2026-09-20
CPRoll20-400TallMattSl,CMP-ROC-MSLV-20400-T,CPRoll20-400TallMattSl,Roll On Cap 20 400,roll-on-cap-20-400,669f51822d01961ccdb3405ccacd6dc1890cc7c8f606c694c6027154ed3fcd05,no_kit,,No productKits row served for current published plate (forSkus null),live-prod-2026-09-20
CPRoll20-400TallShnBlk,CMP-ROC-SBLK-20400-T,CPRoll20-400TallShnBlk,Roll On Cap 20 400,roll-on-cap-20-400,d12b1d83aa27109928ea298d308e982181e9e0ab745f27ee7ddfb586e8b9e252,no_kit,,No productKits row served for current published plate (forSkus null),live-prod-2026-09-20
CPRoll20-400TallShnGl,CMP-ROC-SGLD-20400-T,CPRoll20-400TallShnGl,Roll On Cap 20 400,roll-on-cap-20-400,643f0f772f2600735db0fe74c5821fab965cd2fe7f09bfccd6afbbf39ed2129c,no_kit,,No productKits row served for current published plate (forSkus null),live-prod-2026-09-20
CPRoll20-400TallShnSl,CMP-ROC-SSLV-20400-T,CPRoll20-400TallShnSl,Roll On Cap 20 400,roll-on-cap-20-400,544ca3213ec39350118a38ecdeeb323d4d001500a214c45b7e8e9299fb8850f5,no_kit,,No productKits row served for current published plate (forSkus null),live-prod-2026-09-20
GBRnd128AnSpBlk,GB-RND-CLR-128ML-ASP-BLK,GBRnd128AnSpBlk,Round 128ml Clear 18 415,round-128ml-clear-18-415,b9e0c20bfa149f2676925aa5aae2e3ca4eed3cdc455100446e8f7ebae4f22cad,kit_complete,full,,live-prod-2026-09-20
GBRnd128AnSpGl,GB-RND-CLR-128ML-ASP-GLD,GBRnd128AnSpGl,Round 128ml Clear 18 415,round-128ml-clear-18-415,999c89f76d01c8c324fcc819b3f06f93f4cebb23a8a9c3a828a56af924c90e66,kit_complete,full,,live-prod-2026-09-20
GBRnd128AnSpIvyGl,GB-RND-CLR-128ML-ASP-IVGD,GBRnd128AnSpIvyGl,Round 128ml Clear 18 415,round-128ml-clear-18-415,b322a6b7114e9bffe2bb641ebf1399822b3ff0e044b2b6a12f2c567ba51c859a,kit_complete,full,,live-prod-2026-09-20
GBRnd128AnSpIvySl,GB-RND-CLR-128ML-ASP-IVSL,GBRnd128AnSpIvySl,Round 128ml Clear 18 415,round-128ml-clear-18-415,66f4ff3eb1950026836c5750344ecefcb5f596f8358cf87197c8c35c9c5878b4,kit_complete,full,,live-prod-2026-09-20
GBRnd128AnSpLvn,GB-RND-CLR-128ML-ASP-LVN,GBRnd128AnSpLvn,Round 128ml Clear 18 415,round-128ml-clear-18-415,efe5ef3b74f6c13ffd6c29d80502e2e2dcd2c10bed4ef05b6cde891ffb6b68ae,kit_complete,full,,live-prod-2026-09-20
GBRnd128AnSpMtSl,GB-RND-CLR-128ML-ASP-MSLV,GBRnd128AnSpMtSl,Round 128ml Clear 18 415,round-128ml-clear-18-415,d89023abdf933c820f6e35d46089107d50bb22dde2d10e024d0ffea6f28c4739,kit_complete,full,,live-prod-2026-09-20
GBRnd128AnSpPnk,GB-RND-CLR-128ML-ASP-PNK,GBRnd128AnSpPnk,Round 128ml Clear 18 415,round-128ml-clear-18-415,8c115d8f9fb1d452d6dc6ee045ea9e1f6ad6a3cb5b4b3ff63fe193a078f7ee36,kit_complete,full,,live-prod-2026-09-20
GBRnd128AnSpRed,GB-RND-CLR-128ML-ASP-RED,GBRnd128AnSpRed,Round 128ml Clear 18 415,round-128ml-clear-18-415,f306830187b13010696ce7383a7d097beb538a0d9790369107cb26cb6f53fe6f,kit_complete,full,,live-prod-2026-09-20
GBRnd128AnSpTslBlk,GB-RND-CLR-128ML-AST-BLK,GBRnd128AnSpTslBlk,Round 128ml Clear 18 415,round-128ml-clear-18-415,12801db499dc5c8c1ee5f4d7fab708f92ff0066bd2e446bae1f751519df285a6,no_kit,,No productKits row served for current published plate (forSkus null),live-prod-2026-09-20
GBRnd128AnSpTslGl,GB-RND-CLR-128ML-AST-GLD,GBRnd128AnSpTslGl,Round 128ml Clear 18 415,round-128ml-clear-18-415,d70a7ce021771480f02b23a0fff6b6ced84de695737c53ff9c60ff3aa91acde0,kit_complete,full,,live-prod-2026-09-20
GBRnd128AnSpTslIvyGl,GB-RND-CLR-128ML-AST-IVGD,GBRnd128AnSpTslIvyGl,Round 128ml Clear 18 415,round-128ml-clear-18-415,2c4140c413c2dcef1fe11f4b763d3d597078183e03d4a17c77700f0a44088935,kit_complete,full,,live-prod-2026-09-20
GBRnd128AnSpTslIvySl,GB-RND-CLR-128ML-AST-IVSL,GBRnd128AnSpTslIvySl,Round 128ml Clear 18 415,round-128ml-clear-18-415,856c6ef44c3dbb9dc64ec74a6cfdbbc4243c27ed1dbaf41abcf2229cc847bd54,no_kit,,No productKits row served for current published plate (forSkus null),live-prod-2026-09-20
GBRnd128AnSpTslLvn,GB-RND-CLR-128ML-AST-LVN,GBRnd128AnSpTslLvn,Round 128ml Clear 18 415,round-128ml-clear-18-415,4c0ba8e375c4cb4e63db464f99e36601d9396db8dfa916b93e77cea3f3467354,kit_complete,full,,live-prod-2026-09-20
GBRnd128AnSpTslMtSl,GB-RND-CLR-128ML-AST-MSLV,GBRnd128AnSpTslMtSl,Round 128ml Clear 18 415,round-128ml-clear-18-415,973854610194340c8e3fed9246780147b6547f05cc977aead3f6f5d65a91d902,kit_complete,full,,live-prod-2026-09-20
GBRnd128AnSpTslPnk,GB-RND-CLR-128ML-AST-PNK,GBRnd128AnSpTslPnk,Round 128ml Clear 18 415,round-128ml-clear-18-415,ea2772eeefdcbd24964cc2408892947bdae8c7245a07d102f9ae9ee5af3ae706,kit_complete,full,,live-prod-2026-09-20
GBRnd128AnSpTslRed,GB-RND-CLR-128ML-AST-RED,GBRnd128AnSpTslRed,Round 128ml Clear 18 415,round-128ml-clear-18-415,4780044eb148af3a65095fb79966afd7e54fa4f838036a853dc8b3558efbd965,no_kit,,No productKits row served for current published plate (forSkus null),live-prod-2026-09-20
GBRnd128AnSpTslWht,GB-RND-CLR-128ML-AST-WHT,GBRnd128AnSpTslWht,Round 128ml Clear 18 415,round-128ml-clear-18-415,24f47e779e6a91f8f2276cdd760c25ada05d812df9010915bfaf20deb5fbcff0,no_kit,,No productKits row served for current published plate (forSkus null),live-prod-2026-09-20
GBRnd128AnSpWht,GB-RND-CLR-128ML-ASP-WHT,GBRnd128AnSpWht,Round 128ml Clear 18 415,round-128ml-clear-18-415,c4462839626b054e0c0669afa2843265367a777078750305ce5703656df9fc46,kit_complete,full,,live-prod-2026-09-20
GBRnd128DrpCu,GB-RND-CLR-128ML-DRP-CPR,GBRnd128DrpCu,Round 128ml Clear 18 415,round-128ml-clear-18-415,ed974f34a41e855cc8ebc6c126bd92080731817f6d911b8a5e5170ed26d60c80,kit_complete,full,,live-prod-2026-09-20
GBRnd128DrpGl,GB-RND-CLR-128ML-DRP-GLD,GBRnd128DrpGl,Round 128ml Clear 18 415,round-128ml-clear-18-415,68b8d8476b36ada7865f9204b4f2763fd4a80a3208cffe965cae608525bb7924,kit_complete,full,,live-prod-2026-09-20
GBRnd128DrpSl,GB-RND-CLR-128ML-DRP-SLV,GBRnd128DrpSl,Round 128ml Clear 18 415,round-128ml-clear-18-415,9e556bc433cf9075be8f64cd2fe81265c07b034a97425a6e2e12e44f4b79e86c,kit_complete,full,,live-prod-2026-09-20
GBRnd128RdcrBlkLthr,GB-RND-CLR-128ML-RDC-BKLT,GBRnd128RdcrBlkLthr,Round 128ml Clear 18 415,round-128ml-clear-18-415,8ccab7a7402c23462733c396601b54ecd303e009ae3dd0c847638e3052693995,kit_complete,full,,live-prod-2026-09-20
GBRnd128RdcrBrwnLthr,GB-RND-CLR-128ML-RDC-BRLT,GBRnd128RdcrBrwnLthr,Round 128ml Clear 18 415,round-128ml-clear-18-415,a0f7573136544e078f7fe8dd1b4c53d2c954881b8685cea33776bcf7929171ea,kit_complete,full,,live-prod-2026-09-20
GBRnd128RdcrIvyLthr,GB-RND-CLR-128ML-RDC-IVLT,GBRnd128RdcrIvyLthr,Round 128ml Clear 18 415,round-128ml-clear-18-415,1195d177b782974e31fe7565a4a8e3b888e100582e37108f6fa68b29856fef7e,kit_complete,full,,live-prod-2026-09-20
GBRnd128RdcrLBrwnLthr,GB-RND-CLR-128ML-RDC-LBLT,GBRnd128RdcrLBrwnLthr,Round 128ml Clear 18 415,round-128ml-clear-18-415,776749b5db206731c407d4f618cf398c762d7c1b1993c4fbd6c976cdc39a76b2,kit_complete,full,,live-prod-2026-09-20
GBRnd128RdcrMtSl,GB-RND-CLR-128ML-RDC-MSLV,GBRnd128RdcrMtSl,Round 128ml Clear 18 415,round-128ml-clear-18-415,0a5db6eca976abf93cfc802c88ac99c064fe0e59b17319bf6522ed0b428c76db,kit_complete,full,,live-prod-2026-09-20
GBRnd128RdcrMtSlTall,GB-RND-CLR-128ML-RDC-MSLV-T,GBRnd128RdcrMtSlTall,Round 128ml Clear 18 415,round-128ml-clear-18-415,ca799e51a6db40123a24ac6685bafb5e5d36130308797103b7b8afb025744d34,kit_complete,full,,live-prod-2026-09-20
GBRnd128RdcrPnkLthr,GB-RND-CLR-128ML-RDC-PKLT,GBRnd128RdcrPnkLthr,Round 128ml Clear 18 415,round-128ml-clear-18-415,540a81fbc77d24ca988ed3e6bd9a1946c1803c8ae2b0e30a98f72022533349bf,kit_complete,full,,live-prod-2026-09-20
GBRnd128RdcrShnBlk,GB-RND-CLR-128ML-RDC-SBLK,GBRnd128RdcrShnBlk,Round 128ml Clear 18 415,round-128ml-clear-18-415,cf652a3bfb320397573637780aa1eb5b15d4c7c1f296a2a4363616e5205c9487,kit_complete,full,,live-prod-2026-09-20
GBRnd128RdcrShnBlkTall,GB-RND-CLR-128ML-RDC-SBLK-T,GBRnd128RdcrShnBlkTall,Round 128ml Clear 18 415,round-128ml-clear-18-415,9e6ded72c2c48b13998ffc738a1f0bd19e79ceaf1142c4515bcf24c0488217c1,kit_complete,full,,live-prod-2026-09-20
GBRnd128RdcrShnGl,GB-RND-CLR-128ML-RDC-SGLD,GBRnd128RdcrShnGl,Round 128ml Clear 18 415,round-128ml-clear-18-415,ddbb3c0d87728ce2834828985e7897771c07d4906bdf20608056054e3c12fb73,kit_complete,full,,live-prod-2026-09-20
GBRnd128RdcrShnSl,GB-RND-CLR-128ML-RDC-SSLV,GBRnd128RdcrShnSl,Round 128ml Clear 18 415,round-128ml-clear-18-415,93c615430e57a23501a068380a8f25effbc219c6f89a17d44cb9bb0b19f20cef,kit_complete,full,,live-prod-2026-09-20
GBRnd128RdcrWht,GB-RND-CLR-128ML-RDC-WHT,GBRnd128RdcrWht,Round 128ml Clear 18 415,round-128ml-clear-18-415,83e655892e5ca8f2f6813fb9e8a249f9465865efc5f3803bbf8e791097cbc4dd,kit_complete,full,,live-prod-2026-09-20
GBRnd128SpryCu,GB-RND-CLR-128ML-SPR-CPR,GBRnd128SpryCu,Round 128ml Clear 18 415,round-128ml-clear-18-415,45010f74793118c1234d00d6b19772747dcf2e1e485d00320131d2ea29d44b54,kit_complete,full,,live-prod-2026-09-20
GBRnd128SpryMtGl,GB-RND-CLR-128ML-SPR-MGLD,GBRnd128SpryMtGl,Round 128ml Clear 18 415,round-128ml-clear-18-415,083a2e9ec760cf687e7032b41bd276257573b499172063bbcfc9f422c2d85ddf,kit_complete,full,,live-prod-2026-09-20
GBRnd128SpryMtSl,GB-RND-CLR-128ML-SPR-MSLV,GBRnd128SpryMtSl,Round 128ml Clear 18 415,round-128ml-clear-18-415,4f05b354875ee5586045f8d024918dcad8a24e81db45ed8e4171b2fae151af5b,no_kit,,No productKits row served for current published plate (forSkus null),live-prod-2026-09-20
GBRnd128SpryShnBlk,GB-RND-CLR-128ML-SPR-SBLK,GBRnd128SpryShnBlk,Round 128ml Clear 18 415,round-128ml-clear-18-415,277edb93c5d9f668aa2f71493065c4514676e610fc9d3373d27b33069bf426e9,kit_complete,full,,live-prod-2026-09-20
GBRnd128SpryShnGl,GB-RND-CLR-128ML-SPR-SGLD,GBRnd128SpryShnGl,Round 128ml Clear 18 415,round-128ml-clear-18-415,6da39b2ce72244ca8a1632d1ae60140bf123cdfc6d23457ce675c3615ed69a09,kit_complete,full,,live-prod-2026-09-20
GBRnd128SpryShnSl,GB-RND-CLR-128ML-SPR-SSLV,GBRnd128SpryShnSl,Round 128ml Clear 18 415,round-128ml-clear-18-415,e58a939da99ab091924de8211c0e10d0db38c9a1a897884b8f12f61c8ffe5246,kit_complete,full,,live-prod-2026-09-20
LBRnd128LtnClOvrCap,LB-RND-CLR-128ML-LPM-COCP,LBRnd128LtnClOvrCap,Round 128ml Clear 18 415,round-128ml-clear-18-415,1d86ebcfd2cdd3e8f42936253e24d6244b203ce6ed5db61330b3c2ddad18c664,no_kit,,No productKits row served for current published plate (forSkus null),live-prod-2026-09-20
LBRnd128LtnCu,LB-RND-CLR-128ML-LPM-CPR,LBRnd128LtnCu,Round 128ml Clear 18 415,round-128ml-clear-18-415,c5071e0e59d7fe7a94bab74e67bf0ec1253790dea2966382e873f5389fd096a5,kit_complete,full,,live-prod-2026-09-20
LBRnd128LtnMtGl,LB-RND-CLR-128ML-LPM-MGLD,LBRnd128LtnMtGl,Round 128ml Clear 18 415,round-128ml-clear-18-415,62718a7dcaeebba97f74da9abf17e4904cc9e325365439f9dfbf9789b11bc052,kit_complete,full,,live-prod-2026-09-20
LBRnd128LtnMtSl,LB-RND-CLR-128ML-LPM-MSLV,LBRnd128LtnMtSl,Round 128ml Clear 18 415,round-128ml-clear-18-415,384e008990165022e0a5d8bab3e4254c32ad086392c37375587ff2c9ca913761,kit_complete,full,,live-prod-2026-09-20
LBRnd128LtnShnBlk,LB-RND-CLR-128ML-LPM-SBLK,LBRnd128LtnShnBlk,Round 128ml Clear 18 415,round-128ml-clear-18-415,0970a3a5a1577a549b5949ee639d34f945faf07c45c8f929928187cc0afb9ca7,kit_complete,full,,live-prod-2026-09-20
LBRnd128LtnShnGl,LB-RND-CLR-128ML-LPM-SGLD,LBRnd128LtnShnGl,Round 128ml Clear 18 415,round-128ml-clear-18-415,a586b19a00aa946525c6df2733e6583650d9de5901f0dc21144d5af0ad48beb8,kit_complete,full,,live-prod-2026-09-20
LBRnd128LtnShnSl,LB-RND-CLR-128ML-LPM-SSLV,LBRnd128LtnShnSl,Round 128ml Clear 18 415,round-128ml-clear-18-415,a8e1331f1d25371d9e708bd842a1da74464f4157ff244fa97095227a41831d45,kit_complete,full,,live-prod-2026-09-20
GBRndFrst128AnSpBlk,GB-RND-FRS-128ML-ASP-BLK,GBRndFrst128AnSpBlk,Round 128ml Frosted 18 415,round-128ml-frosted-18-415,f6af15d37bfb79b8b91cbaf3dc3f96493847873c47bc3142ca1c06abf741604d,kit_complete,full,,live-prod-2026-09-20
GBRndFrst128AnSpGl,GB-RND-FRS-128ML-ASP-SGLD,GBRndFrst128AnSpGl,Round 128ml Frosted 18 415,round-128ml-frosted-18-415,3ed69b9874a8ee91daf55ba2d5cf37a9b557d6980a47afa43ce265f8f19b1b72,kit_complete,full,,live-prod-2026-09-20
GBRndFrst128AnSpIvyGl,GB-RND-FRS-128ML-ASP-IVGD,GBRndFrst128AnSpIvyGl,Round 128ml Frosted 18 415,round-128ml-frosted-18-415,9cbed0378c832845e1b03e8f2950be54df09a7174badc8daa4c9a85809371b26,kit_complete,full,,live-prod-2026-09-20
GBRndFrst128AnSpIvySl,GB-RND-FRS-128ML-ASP-IVSL,GBRndFrst128AnSpIvySl,Round 128ml Frosted 18 415,round-128ml-frosted-18-415,6caae37454777bd395d130f26d4478f6179e6f19657e5ba0a66cffc3fda2316b,kit_complete,full,,live-prod-2026-09-20
GBRndFrst128AnSpLvn,GB-RND-FRS-128ML-ASP-LVN,GBRndFrst128AnSpLvn,Round 128ml Frosted 18 415,round-128ml-frosted-18-415,484e7f167824d1c59e73abb0a07532d23cefa6991237b1885db01f9e5e3ef53c,no_kit,,No productKits row served for current published plate (forSkus null),live-prod-2026-09-20
GBRndFrst128AnSpMtSl,GB-RND-FRS-128ML-ASP-MSLV,GBRndFrst128AnSpMtSl,Round 128ml Frosted 18 415,round-128ml-frosted-18-415,14acfecfca6223350f3dbc958b08daea4e99e728d69f1f44b5ed392fbaea42fc,kit_complete,full,,live-prod-2026-09-20
GBRndFrst128AnSpPnk,GB-RND-FRS-128ML-ASP-PNK,GBRndFrst128AnSpPnk,Round 128ml Frosted 18 415,round-128ml-frosted-18-415,d19ba9fc7bdb30264621c107af7045948fac2cd7a62de8622aa4e7ba4b6f7eb1,kit_complete,full,,live-prod-2026-09-20
GBRndFrst128AnSpRed,GB-RND-FRS-128ML-ASP-RED,GBRndFrst128AnSpRed,Round 128ml Frosted 18 415,round-128ml-frosted-18-415,a68c4bb85c6857b086e18a13062bceb78bed43868ce5ccddd5e3e24b03651a28,kit_complete,full,,live-prod-2026-09-20
GBRndFrst128AnSpTslBlk,GB-RND-FRS-128ML-ASP-01,GBRndFrst128AnSpTslBlk,Round 128ml Frosted 18 415,round-128ml-frosted-18-415,1be007d84a2aa4b03aadd9efba26e3ccf9072aef2c0829b17d7b6d3f9eccae5c,no_kit,,No productKits row served for current published plate (forSkus null),live-prod-2026-09-20
GBRndFrst128AnSpTslGl,GB-RND-FRS-128ML-ASP-02,GBRndFrst128AnSpTslGl,Round 128ml Frosted 18 415,round-128ml-frosted-18-415,13dbd59a4898ff3d2fdac7d225f9ca97c168eedf80a608cece01ba65f852a8c6,kit_complete,full,,live-prod-2026-09-20
GBRndFrst128AnSpTslIvyGl,GB-RND-FRS-128ML-ASP-03,GBRndFrst128AnSpTslIvyGl,Round 128ml Frosted 18 415,round-128ml-frosted-18-415,81fd3cff3e34670e6d525cffcd2f90ef34292d4dbd266b9ead6e83cf55b62746,kit_complete,full,,live-prod-2026-09-20
GBRndFrst128AnSpTslIvySl,GB-RND-FRS-128ML-ASP-04,GBRndFrst128AnSpTslIvySl,Round 128ml Frosted 18 415,round-128ml-frosted-18-415,d1030362eef4589c3b36f761d2ff77ede58c3da83b16ff12766ebd287902453a,kit_complete,full,,live-prod-2026-09-20
GBRndFrst128AnSpTslLvn,GB-RND-FRS-128ML-ASP-05,GBRndFrst128AnSpTslLvn,Round 128ml Frosted 18 415,round-128ml-frosted-18-415,1874bae8c1c9b88b83628a2b3c1c65ca390b79c1ed9feffead1b83e246da7f4a,no_kit,,No productKits row served for current published plate (forSkus null),live-prod-2026-09-20
GBRndFrst128AnSpTslMtSl,GB-RND-FRS-128ML-ASP-06,GBRndFrst128AnSpTslMtSl,Round 128ml Frosted 18 415,round-128ml-frosted-18-415,005950bbed8e1e96287d97b3c832d566c1133a106f7760a4db932d60b8155253,kit_complete,full,,live-prod-2026-09-20
GBRndFrst128AnSpTslPnk,GB-RND-FRS-128ML-ASP-07,GBRndFrst128AnSpTslPnk,Round 128ml Frosted 18 415,round-128ml-frosted-18-415,3d4638217c74fa55e60281fe1a4d43fd5c984ed96247437169961c9da5e859db,no_kit,,No productKits row served for current published plate (forSkus null),live-prod-2026-09-20
GBRndFrst128AnSpTslRed,GB-RND-FRS-128ML-ASP-08,GBRndFrst128AnSpTslRed,Round 128ml Frosted 18 415,round-128ml-frosted-18-415,6d60b171f1233c8129674ca83ce8212f59144fc962dfe956e24babac8fce1064,kit_complete,full,,live-prod-2026-09-20
GBRndFrst128AnSpTslWht,GB-RND-FRS-128ML-ASP-09,GBRndFrst128AnSpTslWht,Round 128ml Frosted 18 415,round-128ml-frosted-18-415,ae8bf9ea59994941555c44afcfa86d342d03c7b4094809d36d3493f911ee96e3,kit_complete,full,,live-prod-2026-09-20
GBRndFrst128AnSpWht,GB-RND-FRS-128ML-ASP-WHT,GBRndFrst128AnSpWht,Round 128ml Frosted 18 415,round-128ml-frosted-18-415,ba4d87efec749442b253262b7c091e270794df4ba5f845ea20448a8995460fe2,kit_complete,full,,live-prod-2026-09-20
GBRndFrst128DrpCu,GB-RND-FRS-128ML-DRP-CPR,GBRndFrst128DrpCu,Round 128ml Frosted 18 415,round-128ml-frosted-18-415,42d7c555b35ecd879b328e14c5b44e0b9910dd6170556760638abba0276a6e3f,no_kit,,No productKits row served for current published plate (forSkus null),live-prod-2026-09-20
GBRndFrst128DrpGl,GB-RND-FRS-12ML-DRP-SGLD,GBRndFrst128DrpGl,Round 128ml Frosted 18 415,round-128ml-frosted-18-415,6f6d25b3da9404010147091adba8074f0f3b3c0c744611adcc60a028cdceaa57,no_kit,,No productKits row served for current published plate (forSkus null),live-prod-2026-09-20
GBRndFrst128DrpSl,GB-RND-FRS-128ML-DRP-SLV,GBRndFrst128DrpSl,Round 128ml Frosted 18 415,round-128ml-frosted-18-415,01fc9ea0fbb85964f726309f83174e1c81cbff13dd2e9e84d919e6327afb3e25,no_kit,,No productKits row served for current published plate (forSkus null),live-prod-2026-09-20
GBRndFrst128RdcrBlkLthr,GB-RND-FRS-128ML-RDC-BLK,GBRndFrst128RdcrBlkLthr,Round 128ml Frosted 18 415,round-128ml-frosted-18-415,36b7366c34441beaa657ffdf4f89e0b64586749b86a38e1e5ea3a46da54c49c2,kit_complete,full,,live-prod-2026-09-20
GBRndFrst128RdcrBrwnLthr,GB-RND-FRS-128ML-RDC-01,GBRndFrst128RdcrBrwnLthr,Round 128ml Frosted 18 415,round-128ml-frosted-18-415,d2447f81199b26bf7ac34df1dd9ff7eefdcb18253c32be6f51717b9706db28f6,kit_complete,full,,live-prod-2026-09-20
GBRndFrst128RdcrIvyLthr,GB-RND-FRS-128ML-RDC-IVR,GBRndFrst128RdcrIvyLthr,Round 128ml Frosted 18 415,round-128ml-frosted-18-415,c21ef4709f46f3fbd7164da116e71bf3e66bf3e0773bd65a8c8cd06c5f5cbee7,kit_complete,full,,live-prod-2026-09-20
GBRndFrst128RdcrLBrwnLthr,GB-RND-FRS-128ML-RDC-02,GBRndFrst128RdcrLBrwnLthr,Round 128ml Frosted 18 415,round-128ml-frosted-18-415,eb5cf9ecd2a8290a295f78bfa6e2fbb34c7488df9b04ab66f420dba9bb2fb2f4,kit_complete,full,,live-prod-2026-09-20
GBRndFrst128RdcrMtSl,GB-RND-FRS-128ML-RDC-MSLV,GBRndFrst128RdcrMtSl,Round 128ml Frosted 18 415,round-128ml-frosted-18-415,6f16011b98ff3b47b6772a470ffd7fbf2fa3ed4dee18fe893b2c28340586a33d,kit_complete,full,,live-prod-2026-09-20
GBRndFrst128RdcrMtSlTall,GB-RND-FRS-128ML-RDC-MSLV-T,GBRndFrst128RdcrMtSlTall,Round 128ml Frosted 18 415,round-128ml-frosted-18-415,83aa8813bce108a03d00e03e3162db03f24cbc9f85f776d8d400ff966c74bf42,kit_complete,full,,live-prod-2026-09-20
GBRndFrst128RdcrPnkLthr,GB-RND-FRS-128ML-RDC-PNK,GBRndFrst128RdcrPnkLthr,Round 128ml Frosted 18 415,round-128ml-frosted-18-415,db8587c972754887b00d1261a1505649cfbe2fa73f25fed1ff2321858c58eb35,kit_complete,full,,live-prod-2026-09-20
GBRndFrst128RdcrShnBlk,GB-RND-FRS-128ML-RDC-SBLK,GBRndFrst128RdcrShnBlk,Round 128ml Frosted 18 415,round-128ml-frosted-18-415,6d6bb101adc111e688af9a03052487baaf3f3f161ac5c8ae163541b2e2cd90a4,kit_complete,full,,live-prod-2026-09-20
GBRndFrst128RdcrShnBlkTall,GB-RND-FRS-128ML-RDC-SBLK-T,GBRndFrst128RdcrShnBlkTall,Round 128ml Frosted 18 415,round-128ml-frosted-18-415,85efea492b71a4cc7837e5672b8a3301c567ca456d6faee52fcc01f7b0353f7a,kit_complete,full,,live-prod-2026-09-20
GBRndFrst128RdcrShnGl,GB-RND-FRS-128ML-RDC-SGLD,GBRndFrst128RdcrShnGl,Round 128ml Frosted 18 415,round-128ml-frosted-18-415,3e208b82ff5f089b78a684988b35e01cbadfce3934975cd6237d7ad9fedbab9b,kit_complete,full,,live-prod-2026-09-20
GBRndFrst128RdcrShnSl,GB-RND-FRS-128ML-RDC-SSLV,GBRndFrst128RdcrShnSl,Round 128ml Frosted 18 415,round-128ml-frosted-18-415,8f5c4ca653bbc59560115d93e2b28e644478e4f84093b63df9f6c09657178953,no_kit,,No productKits row served for current published plate (forSkus null),live-prod-2026-09-20
GBRndFrst128RdcrWht,GB-RND-FRS-128ML-RDC-WHT,GBRndFrst128RdcrWht,Round 128ml Frosted 18 415,round-128ml-frosted-18-415,89f94ed97c74e1bf81d29e4898b5de8968becfb41cc429e837c356d75b225a55,kit_complete,full,,live-prod-2026-09-20
GBRndFrst128SpryCu,GB-RND-FRS-128ML-SPR-CPR,GBRndFrst128SpryCu,Round 128ml Frosted 18 415,round-128ml-frosted-18-415,d1903f061738bdab19641d28f92e546e4be20202dad5191d34af8e27fa8ec064,no_kit,,No productKits row served for current published plate (forSkus null),live-prod-2026-09-20
GBRndFrst128SpryMtGl,GB-RND-FRS-128ML-SPR-MGLD,GBRndFrst128SpryMtGl,Round 128ml Frosted 18 415,round-128ml-frosted-18-415,048dfd25f61c72262fd7eaee5fbbab607afc7fd9440ca6faf389933051868e6b,kit_complete,full,,live-prod-2026-09-20
GBRndFrst128SpryMtSl,GB-RND-FRS-128ML-SPR-MSLV,GBRndFrst128SpryMtSl,Round 128ml Frosted 18 415,round-128ml-frosted-18-415,8a5f3e4af3813c3b9d5a099999dff397328f294c6569539adca5aa9ee18b14dd,kit_complete,full,,live-prod-2026-09-20
GBRndFrst128SpryShnBlk,GB-RND-FRS-128ML-SPR-SBLK,GBRndFrst128SpryShnBlk,Round 128ml Frosted 18 415,round-128ml-frosted-18-415,f51d94ac5f13c428fd6ab8ea57c030f6f0956e5536f78ccd57c0a84c48dc35e3,no_kit,,No productKits row served for current published plate (forSkus null),live-prod-2026-09-20
GBRndFrst128SpryShnGl,GB-RND-FRS-128ML-SPR-SGLD,GBRndFrst128SpryShnGl,Round 128ml Frosted 18 415,round-128ml-frosted-18-415,d253930ce139ca65e2f99c133e9e9c38ffd5c4ac1efd0eefc35f36475547703d,kit_complete,full,,live-prod-2026-09-20
GBRndFrst128SpryShnSl,GB-RND-FRS-128ML-SPR-SSLV,GBRndFrst128SpryShnSl,Round 128ml Frosted 18 415,round-128ml-frosted-18-415,d3e27b897554ac4a95cbe829f110408eda7c0200d7a9f1d3ffc0f37c1a914185,no_kit,,No productKits row served for current published plate (forSkus null),live-prod-2026-09-20
LBRndFrst128LtnClOvrCap,LB-RND-FRS-128ML-LPM-CLR,LBRndFrst128LtnClOvrCap,Round 128ml Frosted 18 415,round-128ml-frosted-18-415,fccd03efcf4e53e4ca69e1807ead9b762d848cda62beb10176172266d79e2660,no_kit,,No productKits row served for current published plate (forSkus null),live-prod-2026-09-20
LBRndFrst128LtnCu,LB-RND-FRS-128ML-LPM-CPR,LBRndFrst128LtnCu,Round 128ml Frosted 18 415,round-128ml-frosted-18-415,aea01886d030d59e26bc38e8c120f6d95ea3d336a7412145edc1ebd4b5260464,no_kit,,No productKits row served for current published plate (forSkus null),live-prod-2026-09-20
LBRndFrst128LtnMtGl,LB-RND-FRS-128ML-LPM-MGLD,LBRndFrst128LtnMtGl,Round 128ml Frosted 18 415,round-128ml-frosted-18-415,e27e041435f6c7ce5fecccbf4b39eb0bf6c840388c7bca98a0b6a9f068a4e040,no_kit,,No productKits row served for current published plate (forSkus null),live-prod-2026-09-20
LBRndFrst128LtnMtSl,LB-RND-FRS-128ML-LPM-MSLV,LBRndFrst128LtnMtSl,Round 128ml Frosted 18 415,round-128ml-frosted-18-415,dd2493215abffbb9082286a827ed31af6fb8af75a33b697735097ba26755c81b,kit_complete,full,,live-prod-2026-09-20
LBRndFrst128LtnShnBlk,LB-RND-FRS-128ML-LPM-SBLK,LBRndFrst128LtnShnBlk,Round 128ml Frosted 18 415,round-128ml-frosted-18-415,9259d819fce4f31b3d5fa93cb44d03312834678c722024b93b013be90d69640a,kit_complete,full,,live-prod-2026-09-20
LBRndFrst128LtnShnGl,LB-RND-FRS-128ML-LPM-SGLD,LBRndFrst128LtnShnGl,Round 128ml Frosted 18 415,round-128ml-frosted-18-415,9982fa253f803dbcdf4ddfd61d91f86641278907dcee88fb9c7e302f935ecc65,kit_complete,full,,live-prod-2026-09-20
LBRndFrst128LtnShnSl,LB-RND-FRS-128ML-LPM-SSLV,LBRndFrst128LtnShnSl,Round 128ml Frosted 18 415,round-128ml-frosted-18-415,85f3cd7a238060d63e4f58e8c9438891df117d748ebd65e69abefe8a9d3f7a21,no_kit,,No productKits row served for current published plate (forSkus null),live-prod-2026-09-20
GBRnd78AnSpBlk,GB-RND-CLR-78ML-ASP-BLK,GBRnd78AnSpBlk,Round 78ml Clear 18 415,round-78ml-clear-18-415,fe3365f999540d46f766997ab0370e041a69199d48cbe1a6e00a6f39a97dd4c1,kit_complete,full,,live-prod-2026-09-20
GBRnd78AnSpGl,GB-RND-CLR-78ML-ASP-GLD,GBRnd78AnSpGl,Round 78ml Clear 18 415,round-78ml-clear-18-415,62ccbaa8875a1e36e0fbe93a855e705d0edecc1102330ae57a41cc4a7c7379d0,kit_complete,full,,live-prod-2026-09-20
GBRnd78AnSpIvyGl,GB-RND-CLR-78ML-ASP-IVGD,GBRnd78AnSpIvyGl,Round 78ml Clear 18 415,round-78ml-clear-18-415,518f9121b94255a38c3180568bec66287aa4b768fe9efc8b2e1cc6a8b0f291f1,kit_complete,full,,live-prod-2026-09-20
GBRnd78AnSpIvySl,GB-RND-CLR-78ML-ASP-IVSL,GBRnd78AnSpIvySl,Round 78ml Clear 18 415,round-78ml-clear-18-415,b97e27fa81354f36479b80d7c4658f2e2661dfc9045b35c08353ab46e87d2814,kit_complete,full,,live-prod-2026-09-20
GBRnd78AnSpLvn,GB-RND-CLR-78ML-ASP-LVN,GBRnd78AnSpLvn,Round 78ml Clear 18 415,round-78ml-clear-18-415,ed63460f081a27900b969e9298ccb056e7892c7ed654cebc3ca8400a9a8e5c54,kit_complete,full,,live-prod-2026-09-20
GBRnd78AnSpMtSl,GB-RND-CLR-78ML-ASP-MSLV,GBRnd78AnSpMtSl,Round 78ml Clear 18 415,round-78ml-clear-18-415,65bc040617ea5b991f627a0646964d85cc00a26c25d3dee45f572ccc56ba1d0b,kit_complete,full,,live-prod-2026-09-20
GBRnd78AnSpPnk,GB-RND-CLR-78ML-ASP-PNK,GBRnd78AnSpPnk,Round 78ml Clear 18 415,round-78ml-clear-18-415,38ffea28bdf820199cd70cf49de99736bd1d7415132eb3c696ffe20426b5ee75,kit_complete,full,,live-prod-2026-09-20
GBRnd78AnSpRed,GB-RND-CLR-78ML-ASP-RED,GBRnd78AnSpRed,Round 78ml Clear 18 415,round-78ml-clear-18-415,61dd331e6d61f327366a0a90c6885d6a4ed2bf2363e901ba6fe57023cf9d0fe4,kit_complete,full,,live-prod-2026-09-20
GBRnd78AnSpTslBlk,GB-RND-CLR-78ML-AST-BLK,GBRnd78AnSpTslBlk,Round 78ml Clear 18 415,round-78ml-clear-18-415,9f8e07cda38afa22452c06d6d893cb15f2a6a3104d8508f9ab46a45e7dd5f248,kit_complete,full,,live-prod-2026-09-20
GBRnd78AnSpTslGl,GB-RND-CLR-78ML-AST-GLD,GBRnd78AnSpTslGl,Round 78ml Clear 18 415,round-78ml-clear-18-415,fdcc8cacb4559045799ca1fab56ad7ac55bd6e0270778daed843c0795e10bd90,kit_complete,full,,live-prod-2026-09-20
GBRnd78AnSpTslIvyGl,GB-RND-CLR-78ML-AST-IVGD,GBRnd78AnSpTslIvyGl,Round 78ml Clear 18 415,round-78ml-clear-18-415,7f9f0246ac06040b3b19bc522010a921f570476377bb75af173b3c1a7a5e3ca2,kit_complete,full,,live-prod-2026-09-20
GBRnd78AnSpTslIvySl,GB-RND-CLR-78ML-AST-IVSL,GBRnd78AnSpTslIvySl,Round 78ml Clear 18 415,round-78ml-clear-18-415,5a1ecf84994cf3bd7ae3f4d4168c175df2ef6dad9b11e46c8e1748ddfdbec49f,kit_complete,full,,live-prod-2026-09-20
GBRnd78AnSpTslLvn,GB-RND-CLR-78ML-AST-LVN,GBRnd78AnSpTslLvn,Round 78ml Clear 18 415,round-78ml-clear-18-415,752cd6032eac7371bd45a7a04d62323b17034d08e99e79e12d04b69bac1a8f6e,no_kit,,No productKits row served for current published plate (forSkus null),live-prod-2026-09-20
GBRnd78AnSpTslMtSl,GB-RND-CLR-78ML-AST-MSLV,GBRnd78AnSpTslMtSl,Round 78ml Clear 18 415,round-78ml-clear-18-415,cacbba764a0ee9c0af2fe606c2077d1f8ab58af91b09a533085a290d16214e6b,no_kit,,No productKits row served for current published plate (forSkus null),live-prod-2026-09-20
GBRnd78AnSpTslPnk,GB-RND-CLR-78ML-AST-PNK,GBRnd78AnSpTslPnk,Round 78ml Clear 18 415,round-78ml-clear-18-415,54f85a6a89c610e4b255c3a01c9682a23cd0dde32cdc7e3b0015aaecd9301c8f,no_kit,,No productKits row served for current published plate (forSkus null),live-prod-2026-09-20
GBRnd78AnSpTslRed,GB-RND-CLR-78ML-AST-RED,GBRnd78AnSpTslRed,Round 78ml Clear 18 415,round-78ml-clear-18-415,c4e8d8997a0f17b73b0f5ddffb050370c581e6c7dbe50352c6f87e548e58ba5a,kit_complete,full,,live-prod-2026-09-20
GBRnd78AnSpTslWht,GB-RND-CLR-78ML-AST-WHT,GBRnd78AnSpTslWht,Round 78ml Clear 18 415,round-78ml-clear-18-415,1faeb0f570f0537f17ce8037551d7379da5cf3a660e1e737292228a70aba8924,kit_complete,full,,live-prod-2026-09-20
GBRnd78AnSpWht,GB-RND-CLR-78ML-T,GBRnd78AnSpWht,Round 78ml Clear 18 415,round-78ml-clear-18-415,e005909cefb66046ae75c5f2c62aaeb5b5269375c7c410173431224d68844450,kit_complete,full,,live-prod-2026-09-20
GBRnd78RdcrBlkLthr,GB-RND-CLR-78ML-RDC-BKLT,GBRnd78RdcrBlkLthr,Round 78ml Clear 18 415,round-78ml-clear-18-415,609f333c91eb32327a49b8829941c65e4a700ffb60ac1d0d64a0af85afbc5746,kit_complete,full,,live-prod-2026-09-20
GBRnd78RdcrBrwnLthr,GB-RND-CLR-78ML-RDC-BRLT,GBRnd78RdcrBrwnLthr,Round 78ml Clear 18 415,round-78ml-clear-18-415,298115266673b88e079ca2ee05c50d6b5f73d5e0add33756a4b831b9362a8d9f,kit_complete,full,,live-prod-2026-09-20
GBRnd78RdcrIvyLthr,GB-RND-CLR-78ML-RDC-IVLT,GBRnd78RdcrIvyLthr,Round 78ml Clear 18 415,round-78ml-clear-18-415,0cb4e48598b883b7b8940583799d63e8bcc24b8b58f657808cb8759f47919a51,kit_complete,full,,live-prod-2026-09-20
GBRnd78RdcrLBrwnLthr,GB-RND-CLR-78ML-RDC-LBLT,GBRnd78RdcrLBrwnLthr,Round 78ml Clear 18 415,round-78ml-clear-18-415,18225d6b4a8d39b2f159db4589ff7f4fb08ae34dd8082ae0a5d14120ce012c12,kit_complete,full,,live-prod-2026-09-20
GBRnd78RdcrMtSl,GB-RND-CLR-78ML-RDC-MSLV,GBRnd78RdcrMtSl,Round 78ml Clear 18 415,round-78ml-clear-18-415,79825bcfd07304c0900e772856b86961ec51bba6c2d84089d6370f161055657a,kit_complete,full,,live-prod-2026-09-20
GBRnd78RdcrMtSlTall,GB-RND-CLR-78ML-RDC-MSLV-T,GBRnd78RdcrMtSlTall,Round 78ml Clear 18 415,round-78ml-clear-18-415,ce543bf90a1081c0e03d2512420bcdba6cd4a67c53964c58e842039d7c968a4c,kit_complete,full,,live-prod-2026-09-20
GBRnd78RdcrPnkLthr,GB-RND-CLR-78ML-RDC-PKLT,GBRnd78RdcrPnkLthr,Round 78ml Clear 18 415,round-78ml-clear-18-415,8c11f06283027786f8b08f3c34cd6a7833da81f7d2604339664640f0ba04a5ca,kit_complete,full,,live-prod-2026-09-20
GBRnd78RdcrShnBlk,GB-RND-CLR-78ML-RDC-SBLK,GBRnd78RdcrShnBlk,Round 78ml Clear 18 415,round-78ml-clear-18-415,4894fd5c8d3a4699994c96d9788dd4a777db46c133e768a7c1c641aa86c78cc5,kit_complete,full,,live-prod-2026-09-20
GBRnd78RdcrShnBlkTall,GB-RND-CLR-78ML-RDC-SBLK-T,GBRnd78RdcrShnBlkTall,Round 78ml Clear 18 415,round-78ml-clear-18-415,4aa0134ecd05a8b06dc571288c322c31e30fc75939f619e50f4c67e93b4c64f2,kit_complete,full,,live-prod-2026-09-20
GBRnd78RdcrShnGl,GB-RND-CLR-78ML-RDC-SGLD,GBRnd78RdcrShnGl,Round 78ml Clear 18 415,round-78ml-clear-18-415,8390c05f9626a13c35d9f7a1bd68428b1baea98297857bae72324afd924a5871,kit_complete,full,,live-prod-2026-09-20
GBRnd78RdcrShnSl,GB-RND-CLR-78ML-RDC-SSLV,GBRnd78RdcrShnSl,Round 78ml Clear 18 415,round-78ml-clear-18-415,7776085a4494773240efd98e819e917d8b336df2bba27a0d7c16e0a42d2eabad,kit_complete,full,,live-prod-2026-09-20
GBRnd78RdcrWht,GB-RND-CLR-78ML-RDC-WHT,GBRnd78RdcrWht,Round 78ml Clear 18 415,round-78ml-clear-18-415,d7432221984e1c77b868585c6e58d2cd2bab46a9b0e7f754eed988ab5babc84a,kit_complete,full,,live-prod-2026-09-20
GBRnd78SpryCu,GB-RND-CLR-78ML-SPR-CPR,GBRnd78SpryCu,Round 78ml Clear 18 415,round-78ml-clear-18-415,7d51936361e52add1a773b54ea817edb3557e9fb8fc12f67b5b2ee8e467c5cdb,kit_complete,full,,live-prod-2026-09-20
GBRnd78SpryMtGl,GB-RND-CLR-78ML-SPR-MGLD,GBRnd78SpryMtGl,Round 78ml Clear 18 415,round-78ml-clear-18-415,6cc6803ce7e66aa12fcc10d9c7ab1c2cc4d502e019e540d0ea5dbd0d8fc11618,kit_complete,full,,live-prod-2026-09-20
GBRnd78SpryMtSl,GB-RND-CLR-78ML-SPR-MSLV,GBRnd78SpryMtSl,Round 78ml Clear 18 415,round-78ml-clear-18-415,dce323f54254b0c00b4f231c784d863528eaa45ea7bd9c42a081113eedb21df7,kit_complete,full,,live-prod-2026-09-20
GBRnd78SpryShnBlk,GB-RND-CLR-78ML-SPR-SBLK,GBRnd78SpryShnBlk,Round 78ml Clear 18 415,round-78ml-clear-18-415,dbf12cede9b9b4cfc7afdc243addb0743fbdd313916b9e3269fb33ebda6093a4,kit_complete,full,,live-prod-2026-09-20
GBRnd78SpryShnGl,GB-RND-CLR-78ML-SPR-SGLD,GBRnd78SpryShnGl,Round 78ml Clear 18 415,round-78ml-clear-18-415,f5534f33e3f92adfe0466f11e0b532b35ba537c2c20a3e7902cf5675399265c3,kit_complete,full,,live-prod-2026-09-20
GBRnd78SpryShnSl,GB-RND-CLR-78ML-SPR-SSLV,GBRnd78SpryShnSl,Round 78ml Clear 18 415,round-78ml-clear-18-415,a6e59c874fcb7ef9f0c362eec803cc0c7b5008dc7689676d0e810ec4b7f75668,kit_complete,full,,live-prod-2026-09-20
LBRnd78LtnClOvrCap,LB-RND-CLR-78ML-LPM-COCP,LBRnd78LtnClOvrCap,Round 78ml Clear 18 415,round-78ml-clear-18-415,4ff8444ee930ad766801019a5331bd809bbdf2bb3dc467bb7c734f6f27054f40,kit_complete,full,,live-prod-2026-09-20
LBRnd78LtnCu,LB-RND-CLR-78ML-LPM-CPR,LBRnd78LtnCu,Round 78ml Clear 18 415,round-78ml-clear-18-415,5d8b07e06b5cd02db9eecaeb0bfc6dc3e6cde4a95e3823e1eee383e82400a4ee,kit_complete,full,,live-prod-2026-09-20
LBRnd78LtnMtGl,LB-RND-CLR-78ML-LPM-MGLD,LBRnd78LtnMtGl,Round 78ml Clear 18 415,round-78ml-clear-18-415,4e3daeb03fa06bd54d455e0e90d6a0c9f2bdb2771a66d3f2b3453b08998c67ba,kit_complete,full,,live-prod-2026-09-20
LBRnd78LtnMtSl,LB-RND-CLR-78ML-LPM-MSLV,LBRnd78LtnMtSl,Round 78ml Clear 18 415,round-78ml-clear-18-415,2a828eae74ad055b7db09bd7ab6b0d282c6ac5fe6a89dd9964cd48840a4770c5,no_kit,,No productKits row served for current published plate (forSkus null),live-prod-2026-09-20
LBRnd78LtnShnBlk,LB-RND-CLR-78ML-LPM-SBLK,LBRnd78LtnShnBlk,Round 78ml Clear 18 415,round-78ml-clear-18-415,49dbd827a2d9aee5ddea0a251c91af6cc9e1a933b430ee9f87952718e0642304,no_kit,,No productKits row served for current published plate (forSkus null),live-prod-2026-09-20
LBRnd78LtnShnGl,LB-RND-CLR-78ML-LPM-SGLD,LBRnd78LtnShnGl,Round 78ml Clear 18 415,round-78ml-clear-18-415,6c26939fb6b58657f210c1cb8d95e61996db1867c265a94dd3d496ccccfaf0da,no_kit,,No productKits row served for current published plate (forSkus null),live-prod-2026-09-20
LBRnd78LtnShnSl,LB-RND-CLR-78ML-LPM-SSLV,LBRnd78LtnShnSl,Round 78ml Clear 18 415,round-78ml-clear-18-415,1c9e88a98084b0f130934d5a40d10757e0066ac44e85cd16be5d74242657b979,no_kit,,No productKits row served for current published plate (forSkus null),live-prod-2026-09-20
GBRndFrst78AnSpBlk,GB-RND-FRS-78ML-ASP-BLK,GBRndFrst78AnSpBlk,Round 78ml Frosted 18 415,round-78ml-frosted-18-415,fdb923337a1530e7c5df80ab0af6a273eeb79ab3500777843c3212645c4383cb,kit_complete,full,,live-prod-2026-09-20
GBRndFrst78AnSpGl,GB-RND-FRS-78ML-ASP-GLD,GBRndFrst78AnSpGl,Round 78ml Frosted 18 415,round-78ml-frosted-18-415,373459a9cf5d884657b531a19b60e6122c6a7ecd66c2cc62b1d245cd58f91d53,kit_complete,full,,live-prod-2026-09-20
GBRndFrst78AnSpIvyGl,GB-RND-FRS-78ML-ASP-IVGD,GBRndFrst78AnSpIvyGl,Round 78ml Frosted 18 415,round-78ml-frosted-18-415,f046c61d60ee66aa687e3b3cc164a6077b4580e2afafe2444d3e14db1b5629d0,kit_complete,full,,live-prod-2026-09-20
GBRndFrst78AnSpIvySl,GB-RND-FRS-78ML-ASP-IVSL,GBRndFrst78AnSpIvySl,Round 78ml Frosted 18 415,round-78ml-frosted-18-415,133f97f1a9e0124457ec2b3ce5cbe0b3391e409b7fa5af8c05cda64841401742,kit_complete,full,,live-prod-2026-09-20
GBRndFrst78AnSpLvn,GB-RND-FRS-78ML-ASP-LVN,GBRndFrst78AnSpLvn,Round 78ml Frosted 18 415,round-78ml-frosted-18-415,56ccee818f1d31e6d0f93500cfad45553cd18ab6cc28325d0f2dc1359fa19bf1,kit_complete,full,,live-prod-2026-09-20
GBRndFrst78AnSpMtSl,GB-RND-FRS-78ML-ASP-MSLV,GBRndFrst78AnSpMtSl,Round 78ml Frosted 18 415,round-78ml-frosted-18-415,08f9a4970d84b8d948cb5f69062688d2f2b94df1f072e5036f6111448889381e,kit_complete,full,,live-prod-2026-09-20
GBRndFrst78AnSpPnk,GB-RND-FRS-78ML-ASP-PNK,GBRndFrst78AnSpPnk,Round 78ml Frosted 18 415,round-78ml-frosted-18-415,57176efe2ddc9775bb6c8e7e4e7a5d1c6db431108958a172005fc3ee7550f888,kit_complete,full,,live-prod-2026-09-20
GBRndFrst78AnSpRed,GB-RND-FRS-78ML-ASP-RED,GBRndFrst78AnSpRed,Round 78ml Frosted 18 415,round-78ml-frosted-18-415,866ba20026389a9403f92944e85787d062e0ee6193a482032e385600f544c288,kit_complete,full,,live-prod-2026-09-20
GBRndFrst78AnSpTslBlk,GB-RND-FRS-78ML-AST-BLK,GBRndFrst78AnSpTslBlk,Round 78ml Frosted 18 415,round-78ml-frosted-18-415,9d0b088009c469daebaa8198de60ee8cb2b4a89aa9f5b82d98987238e112b63b,no_kit,,No productKits row served for current published plate (forSkus null),live-prod-2026-09-20
GBRndFrst78AnSpTslGl,GB-RND-FRS-78ML-AST-GLD,GBRndFrst78AnSpTslGl,Round 78ml Frosted 18 415,round-78ml-frosted-18-415,d4b8bbd2a53b3a9b6403a3efcd23c2090cebd6cd5bfabae046fa352988a4b2fa,kit_complete,full,,live-prod-2026-09-20
GBRndFrst78AnSpTslIvyGl,GB-RND-FRS-78ML-AST-IVGD,GBRndFrst78AnSpTslIvyGl,Round 78ml Frosted 18 415,round-78ml-frosted-18-415,7784f0e4c86545486d689e4c89d15e018e3ef6b60cd6eedd63029b05ae9a4528,kit_complete,full,,live-prod-2026-09-20
GBRndFrst78AnSpTslIvySl,GB-RND-FRS-78ML-AST-IVSL,GBRndFrst78AnSpTslIvySl,Round 78ml Frosted 18 415,round-78ml-frosted-18-415,ec6126248ae9dde90080662d2129d497d0b1031c2f1b9c03cc736bafc9436840,kit_complete,full,,live-prod-2026-09-20
GBRndFrst78AnSpTslLvn,GB-RND-FRS-78ML-AST-LVN,GBRndFrst78AnSpTslLvn,Round 78ml Frosted 18 415,round-78ml-frosted-18-415,67bcf3be8ba2b39771627d615e1697d54629b352fc02f9dd735a52cacb2575a9,no_kit,,No productKits row served for current published plate (forSkus null),live-prod-2026-09-20
GBRndFrst78AnSpTslMtSl,GB-RND-FRS-78ML-AST-MSLV,GBRndFrst78AnSpTslMtSl,Round 78ml Frosted 18 415,round-78ml-frosted-18-415,169f26d03f1f38542b83a84ee3e9754bfd4a094370ab6c55019edc59bbe55d1d,kit_complete,full,,live-prod-2026-09-20
GBRndFrst78AnSpTslPnk,GB-RND-FRS-78ML-AST-PNK,GBRndFrst78AnSpTslPnk,Round 78ml Frosted 18 415,round-78ml-frosted-18-415,ebb4202bc19d5041961567e973ccf1af3094146c172a39fb7e17bdd5cbaf601e,no_kit,,No productKits row served for current published plate (forSkus null),live-prod-2026-09-20
GBRndFrst78AnSpTslRed,GB-RND-FRS-78ML-AST-RED,GBRndFrst78AnSpTslRed,Round 78ml Frosted 18 415,round-78ml-frosted-18-415,54c1287de7a823f9f84d56a4bd9cad8ec78d5f70928e6d768deec3c525f80916,no_kit,,No productKits row served for current published plate (forSkus null),live-prod-2026-09-20
GBRndFrst78AnSpTslWht,GB-RND-FRS-78ML-AST-WHT,GBRndFrst78AnSpTslWht,Round 78ml Frosted 18 415,round-78ml-frosted-18-415,79bb837c98a0583a0dea0f79206540314f6656620b4841bd5a61fc4f5d0541cd,kit_complete,full,,live-prod-2026-09-20
GBRndFrst78AnSpWht,GB-RND-FRS-78ML-T,GBRndFrst78AnSpWht,Round 78ml Frosted 18 415,round-78ml-frosted-18-415,d60a21e31f2d3228183e13a241bb076ec43ae0e5dbe1e4a821f297becfd6f306,kit_complete,full,,live-prod-2026-09-20
GBRndFrst78RdcrBlkLthr,GB-RND-FRS-78ML-RDC-BKLT,GBRndFrst78RdcrBlkLthr,Round 78ml Frosted 18 415,round-78ml-frosted-18-415,f0be37c78734f8406d7da54fe8502090ee04dc8e777cbfb193ab2a758fbb9d5f,kit_complete,full,,live-prod-2026-09-20
GBRndFrst78RdcrBrwnLthr,GB-RND-FRS-78ML-RDC-BRLT,GBRndFrst78RdcrBrwnLthr,Round 78ml Frosted 18 415,round-78ml-frosted-18-415,0b021f321cdb996809f349545a6329cfa8e21046849aa79fd59ac6477f329ae0,kit_complete,full,,live-prod-2026-09-20
GBRndFrst78RdcrIvyLthr,GB-RND-FRS-78ML-RDC-IVLT,GBRndFrst78RdcrIvyLthr,Round 78ml Frosted 18 415,round-78ml-frosted-18-415,a4d82b192b2f3e364bb25b9633c204b0c122e210b1d7106edfd0f64a5a6f7eff,kit_complete,full,,live-prod-2026-09-20
GBRndFrst78RdcrLBrwnLthr,GB-RND-FRS-78ML-RDC-LBLT,GBRndFrst78RdcrLBrwnLthr,Round 78ml Frosted 18 415,round-78ml-frosted-18-415,c70bd070f2f29771458081bb67b40e0f92c5379ebc417de733b4171b9787681e,kit_complete,full,,live-prod-2026-09-20
GBRndFrst78RdcrMtSl,GB-RND-FRS-78ML-RDC-MSLV,GBRndFrst78RdcrMtSl,Round 78ml Frosted 18 415,round-78ml-frosted-18-415,6ed43d3b010502c8e34fe2327ac188abc1e0019b84e21d9fd7807f3218ea8c64,kit_complete,full,,live-prod-2026-09-20
GBRndFrst78RdcrMtSlTall,GB-RND-FRS-78ML-RDC-MSLV-T,GBRndFrst78RdcrMtSlTall,Round 78ml Frosted 18 415,round-78ml-frosted-18-415,816a87913fddd4d63d6a3e52ddea0b8ee863f8589f30ebcae3b60468d8835873,kit_complete,full,,live-prod-2026-09-20
GBRndFrst78RdcrPnkLthr,GB-RND-FRS-78ML-RDC-PKLT,GBRndFrst78RdcrPnkLthr,Round 78ml Frosted 18 415,round-78ml-frosted-18-415,9a3a99761f3652274ab2ad6ba64f74b038ac5a3f92065891c7360987f701fad2,kit_complete,full,,live-prod-2026-09-20
GBRndFrst78RdcrShnBlk,GB-RND-FRS-78ML-RDC-SBLK,GBRndFrst78RdcrShnBlk,Round 78ml Frosted 18 415,round-78ml-frosted-18-415,98570bd919273df2ac8f1804e69347566b52b5ff0e888c2e957271e9b4aafd3b,kit_complete,full,,live-prod-2026-09-20
GBRndFrst78RdcrShnBlkTall,GB-RND-FRS-78ML-RDC-SBLK-T,GBRndFrst78RdcrShnBlkTall,Round 78ml Frosted 18 415,round-78ml-frosted-18-415,ef9644d79cd0217dcbe4b8cdb07ccc6a80111fb7ef86c8f86780f2f722327b81,kit_complete,full,,live-prod-2026-09-20
GBRndFrst78RdcrShnGl,GB-RND-FRS-78ML-RDC-SGLD,GBRndFrst78RdcrShnGl,Round 78ml Frosted 18 415,round-78ml-frosted-18-415,58c0e389c5ea0fca4e32dc356e8190e3ca3b9cb3bfe2508ac38713fa6583a186,kit_complete,full,,live-prod-2026-09-20
GBRndFrst78RdcrShnSl,GB-RND-FRS-78ML-RDC-SSLV,GBRndFrst78RdcrShnSl,Round 78ml Frosted 18 415,round-78ml-frosted-18-415,35687647789f0ba3eecc5c2b1bf1b0c5f459153f428ca2e663ee8060336a6c76,kit_complete,full,,live-prod-2026-09-20
GBRndFrst78RdcrWht,GB-RND-FRS-78ML-RDC-WHT,GBRndFrst78RdcrWht,Round 78ml Frosted 18 415,round-78ml-frosted-18-415,8473166d36e990165ea6f89feabe2c811e3364032c3c6f160577cedb7af7f383,kit_complete,full,,live-prod-2026-09-20
GBRndFrst78SpryCu,GB-RND-FRS-78ML-SPR-CPR,GBRndFrst78SpryCu,Round 78ml Frosted 18 415,round-78ml-frosted-18-415,4da07dbe6a903e5b9e5097e0d66f8b87dab5d1dc31a7e8e61713ef8b6bef4353,kit_complete,full,,live-prod-2026-09-20
GBRndFrst78SpryMtGl,GB-RND-FRS-78ML-SPR-MGLD,GBRndFrst78SpryMtGl,Round 78ml Frosted 18 415,round-78ml-frosted-18-415,222d4744cd8f7ee1989e4df6a11b72f08069508f4be6e1b94ef78f9dbb200db3,kit_complete,full,,live-prod-2026-09-20
GBRndFrst78SpryMtSl,GB-RND-FRS-78ML-SPR-MSLV,GBRndFrst78SpryMtSl,Round 78ml Frosted 18 415,round-78ml-frosted-18-415,64031e644c6354160f768caafa57596bb9bcae1e0c0e265f455927fbeea5e787,kit_complete,full,,live-prod-2026-09-20
GBRndFrst78SpryShnBlk,GB-RND-FRS-78ML-SPR-SBLK,GBRndFrst78SpryShnBlk,Round 78ml Frosted 18 415,round-78ml-frosted-18-415,c3035d48e74197cba5089ab30f9f43f00404cc83c2d8e3f665d22592f5dd4714,kit_complete,full,,live-prod-2026-09-20
GBRndFrst78SpryShnGl,GB-RND-FRS-78ML-SPR-SGLD,GBRndFrst78SpryShnGl,Round 78ml Frosted 18 415,round-78ml-frosted-18-415,0c8030c9747c17751c860085b6525323f8f484ade667b37c51c6a2afa8172f28,kit_complete,full,,live-prod-2026-09-20
GBRndFrst78SpryShnSl,GB-RND-FRS-78ML-SPR-SSLV,GBRndFrst78SpryShnSl,Round 78ml Frosted 18 415,round-78ml-frosted-18-415,756b9b03bd568afd65039faf8e9ff5467e95c3995617abbf38835a1e5c1d1d10,kit_complete,full,,live-prod-2026-09-20
LBRndFrst78LtnClOvrCap,LB-RND-FRS-78ML-T,LBRndFrst78LtnClOvrCap,Round 78ml Frosted 18 415,round-78ml-frosted-18-415,daaa730f0b4a812bad744f6ad83b92fbcc349767909db86c84b4c32ec87c240f,kit_complete,full,,live-prod-2026-09-20
LBRndFrst78LtnCu,LB-RND-FRS-78ML-01,LBRndFrst78LtnCu,Round 78ml Frosted 18 415,round-78ml-frosted-18-415,87ddf6a6806d4058f57e8595cff73a7fda5952bbfed3756837ff6c9e2d233060,no_kit,,No productKits row served for current published plate (forSkus null),live-prod-2026-09-20
LBRndFrst78LtnMtGl,LB-RND-FRS-78ML-02,LBRndFrst78LtnMtGl,Round 78ml Frosted 18 415,round-78ml-frosted-18-415,8ea09c969e26f3481a22ef1106c6c8c7eb788d0b24ec73aa6ffe38f351d98fb2,kit_complete,full,,live-prod-2026-09-20
LBRndFrst78LtnMtSl,LB-RND-FRS-78ML-03,LBRndFrst78LtnMtSl,Round 78ml Frosted 18 415,round-78ml-frosted-18-415,dd811f1215f5edcaa6057da7df27369ebcdc198ae3adc136ca47f651ac24ff39,kit_complete,full,,live-prod-2026-09-20
LBRndFrst78LtnShnBlk,LB-RND-FRS-78ML-04,LBRndFrst78LtnShnBlk,Round 78ml Frosted 18 415,round-78ml-frosted-18-415,bb891fd5bb90f435530693e2197709cc5527d11a845de3a98234663d4c257ac8,kit_complete,full,,live-prod-2026-09-20
LBRndFrst78LtnShnGl,LB-RND-FRS-78ML-05,LBRndFrst78LtnShnGl,Round 78ml Frosted 18 415,round-78ml-frosted-18-415,e89034b5c8c69a015782cd8cc110e899c435260b8217851625d87ec9bb6e6715,kit_complete,full,,live-prod-2026-09-20
LBRndFrst78LtnShnSl,LB-RND-FRS-78ML-06,LBRndFrst78LtnShnSl,Round 78ml Frosted 18 415,round-78ml-frosted-18-415,7e9088937cba8caea3da20ca71583a1f6ee9a0474df59e77e9ec3f45b28364a6,kit_complete,full,,live-prod-2026-09-20
GBRoyal13BlkSht,GB-RYL-CLR-13ML-BLK-S,GBRoyal13BlkSht,Royal 13ml Clear 13 415,royal-13ml-clear-13-415,4e16c918751b9af64d617a4086ea2f3fb20e857a371d838db95138cb50f1b830,kit_complete,full,,live-prod-2026-09-20
GBRoyal13Gl,GB-VIA-CLR-13ML-GLD-T,GBRoyal13Gl,Royal 13ml Clear 13 415,royal-13ml-clear-13-415,67998fac9f4b498915a1a72b173050ad7a6a06a6653bbb5f6338fa6fd089460a,kit_complete,full,,live-prod-2026-09-20
GBRoyal13MtlRollBlkDot,GB-RYL-CLR-13ML-MRL-BKDT,GBRoyal13MtlRollBlkDot,Royal 13ml Clear 13 415,royal-13ml-clear-13-415,7a3d64974958f5bf5beddb264e16af3218af497a18923e9087e759f81bf10ca5,no_kit,,No productKits row served for current published plate (forSkus null),live-prod-2026-09-20
GBRoyal13MtlRollBlkSh,GB-RYL-CLR-13ML-MRL-SBLK,GBRoyal13MtlRollBlkSh,Royal 13ml Clear 13 415,royal-13ml-clear-13-415,202adbe85a12366f1a327eb903256b9688b425e9c550c28934e114fb990bd8c6,kit_complete,full,,live-prod-2026-09-20
GBRoyal13MtlRollCuMatt,GB-RYL-CLR-13ML-MRL-MCPR,GBRoyal13MtlRollCuMatt,Royal 13ml Clear 13 415,royal-13ml-clear-13-415,c5a8e17f6d9f247bda6b00ca247736afa51282447ad0d9550fe15aa18dfc5c67,kit_complete,full,,live-prod-2026-09-20
GBRoyal13MtlRollGlMatt,GB-RYL-CLR-13ML-MRL-MGLD,GBRoyal13MtlRollGlMatt,Royal 13ml Clear 13 415,royal-13ml-clear-13-415,1dfa93dd0944270e35da3da51f881fbc89711b01976bb9fa1a36935c8e2cfc77,kit_complete,full,,live-prod-2026-09-20
GBRoyal13MtlRollGlSh,GB-RYL-CLR-13ML-MRL-SGLD,GBRoyal13MtlRollGlSh,Royal 13ml Clear 13 415,royal-13ml-clear-13-415,a70c4efbc8d88194f977541334f5213f369e470cb9ac96e8db05992747935cb6,kit_complete,full,,live-prod-2026-09-20
GBRoyal13MtlRollPinkDot,GB-RYL-CLR-13ML-MRL-PKDT,GBRoyal13MtlRollPinkDot,Royal 13ml Clear 13 415,royal-13ml-clear-13-415,59c2ec325f0cd8bdc3c5b55b133554d63253cab4b3104b167fbca56eab4fd339,kit_complete,full,,live-prod-2026-09-20
GBRoyal13MtlRollSlDot,GB-RYL-CLR-13ML-MRL-SLDT,GBRoyal13MtlRollSlDot,Royal 13ml Clear 13 415,royal-13ml-clear-13-415,5c098444e71fa17454c1b4658334a100083d2c63c5afff35d50e1fdc49935dad,kit_complete,full,,live-prod-2026-09-20
GBRoyal13MtlRollSlMatt,GB-RYL-CLR-13ML-MRL-MSLV,GBRoyal13MtlRollSlMatt,Royal 13ml Clear 13 415,royal-13ml-clear-13-415,76351c972c51646c2545a640c1974f13f66bc4193f6a6d574bee57cdbbc6eeb4,kit_complete,full,,live-prod-2026-09-20
GBRoyal13MtlRollSlSh,GB-RYL-CLR-13ML-MRL-SSLV,GBRoyal13MtlRollSlSh,Royal 13ml Clear 13 415,royal-13ml-clear-13-415,85df0c50c4a75b1ced082afaa783cc4e0b919618db969e96ac8609cee4437354,kit_complete,full,,live-prod-2026-09-20
GBRoyal13RollBlkDot,GB-RYL-CLR-13ML-ROL-BKDT,GBRoyal13RollBlkDot,Royal 13ml Clear 13 415,royal-13ml-clear-13-415,8285b24cd62b0b0eb33d9e006746d0c6f61c935f2d70e4654a6bc072c64f4d3c,no_kit,,No productKits row served for current published plate (forSkus null),live-prod-2026-09-20
GBRoyal13RollBlkSh,GB-RYL-CLR-13ML-ROL-SBLK,GBRoyal13RollBlkSh,Royal 13ml Clear 13 415,royal-13ml-clear-13-415,202adbe85a12366f1a327eb903256b9688b425e9c550c28934e114fb990bd8c6,kit_complete,full,,live-prod-2026-09-20
GBRoyal13RollCuMatt,GB-RYL-CLR-13ML-ROL-MCPR,GBRoyal13RollCuMatt,Royal 13ml Clear 13 415,royal-13ml-clear-13-415,c5a8e17f6d9f247bda6b00ca247736afa51282447ad0d9550fe15aa18dfc5c67,kit_complete,full,,live-prod-2026-09-20
GBRoyal13RollGlMatt,GB-RYL-CLR-13ML-ROL-MGLD,GBRoyal13RollGlMatt,Royal 13ml Clear 13 415,royal-13ml-clear-13-415,1dfa93dd0944270e35da3da51f881fbc89711b01976bb9fa1a36935c8e2cfc77,kit_complete,full,,live-prod-2026-09-20
GBRoyal13RollGlSh,GB-RYL-CLR-13ML-ROL-SGLD,GBRoyal13RollGlSh,Royal 13ml Clear 13 415,royal-13ml-clear-13-415,a70c4efbc8d88194f977541334f5213f369e470cb9ac96e8db05992747935cb6,kit_complete,full,,live-prod-2026-09-20
GBRoyal13RollPinkDot,GB-RYL-CLR-13ML-ROL-PKDT,GBRoyal13RollPinkDot,Royal 13ml Clear 13 415,royal-13ml-clear-13-415,59c2ec325f0cd8bdc3c5b55b133554d63253cab4b3104b167fbca56eab4fd339,kit_complete,full,,live-prod-2026-09-20
GBRoyal13RollSlDot,GB-RYL-CLR-13ML-ROL-SLDT,GBRoyal13RollSlDot,Royal 13ml Clear 13 415,royal-13ml-clear-13-415,5c098444e71fa17454c1b4658334a100083d2c63c5afff35d50e1fdc49935dad,kit_complete,full,,live-prod-2026-09-20
GBRoyal13RollSlMatt,GB-RYL-CLR-13ML-ROL-MSLV,GBRoyal13RollSlMatt,Royal 13ml Clear 13 415,royal-13ml-clear-13-415,76351c972c51646c2545a640c1974f13f66bc4193f6a6d574bee57cdbbc6eeb4,kit_complete,full,,live-prod-2026-09-20
GBRoyal13RollSlSh,GB-RYL-CLR-13ML-ROL-SSLV,GBRoyal13RollSlSh,Royal 13ml Clear 13 415,royal-13ml-clear-13-415,f2d3be1037efa405e1b01ed65c478d0467faab98747c8ed6f256c0e517c79cc2,no_kit,,No productKits row served for current published plate (forSkus null),live-prod-2026-09-20
GBRoyal13Sl,GB-VIA-CLR-13ML-SLV-T,GBRoyal13Sl,Royal 13ml Clear 13 415,royal-13ml-clear-13-415,5a69bea3dc6a8d30e737ea114fcaf7f6fd0c0941f61579a5cc18adebdf61362f,kit_complete,full,,live-prod-2026-09-20
GBRoyal13SpryBlkSh,GB-RYL-CLR-13ML-SPR-SBLK,GBRoyal13SpryBlkSh,Royal 13ml Clear 13 415,royal-13ml-clear-13-415,d384a38ffba2f6f9159232edf06ad5f400ceae9e214a4fe08667529a7d53840d,kit_complete,full,,live-prod-2026-09-20
GBRoyal13SpryBluMatt,GB-RYL-CLR-13ML-SPR-MBLU,GBRoyal13SpryBluMatt,Royal 13ml Clear 13 415,royal-13ml-clear-13-415,f1cb91e6a722a163a4a971d94f00f292774ff25b99dc474708099fb09beaf148,kit_complete,full,,live-prod-2026-09-20
GBRoyal13SpryCuMatt,GB-RYL-CLR-13ML-SPR-MCPR,GBRoyal13SpryCuMatt,Royal 13ml Clear 13 415,royal-13ml-clear-13-415,6fad847a73f78c821b54c6adb8f5ef7863e3a90e48eec5678e723dc4cea72495,kit_complete,full,,live-prod-2026-09-20
GBRoyal13SpryGlMatt,GB-RYL-CLR-13ML-SPR-MGLD,GBRoyal13SpryGlMatt,Royal 13ml Clear 13 415,royal-13ml-clear-13-415,665531dfb62106db5c723767ad95640468e1e30be26b200c49f3475f4472646d,kit_complete,full,,live-prod-2026-09-20
GBRoyal13SpryGlSh,GB-RYL-CLR-13ML-SPR-SGLD,GBRoyal13SpryGlSh,Royal 13ml Clear 13 415,royal-13ml-clear-13-415,c22910054da4e7b38893d80356e4e919088ca270e99783072c8643cf656bf3ab,kit_complete,full,,live-prod-2026-09-20
GBRoyal13SprySlMatt,GB-RYL-CLR-13ML-SPR-MSLV,GBRoyal13SprySlMatt,Royal 13ml Clear 13 415,royal-13ml-clear-13-415,7d5b2472b71368b63eb4c77b224c1bded296eafe5dbd7551cd4b1f7169e2b638,kit_complete,full,,live-prod-2026-09-20
GBRoyal13SprySlSh,GB-RYL-CLR-13ML-SPR-SSLV,GBRoyal13SprySlSh,Royal 13ml Clear 13 415,royal-13ml-clear-13-415,3d1dff50f28ad343fbdc43baa6e26ce22135ff7c845ee2651194129e4accf970,kit_complete,full,,live-prod-2026-09-20
GBRoyal13WhtSht,GB-VIA-WHT-13ML-WHT-S,GBRoyal13WhtSht,Royal 13ml Clear 13 415,royal-13ml-clear-13-415,f403f4e880747c038f66723f5b8149a878fc28089dd3252a44a50cf33ea572c1,kit_complete,full,,live-prod-2026-09-20
GBMtlCylGl,GB-RYL-CLR-14ML-T,GBMtlCylGl,Royal 14ml Clear 11mm,royal-14ml-clear-11mm,9c778b130b212cf2e3fe2d818eea909506272028faf6d89a822450597cb0c263,no_kit,,No productKits row served for current published plate (forSkus null),live-prod-2026-09-20
GBSlk100AnSpBlk,GB-SLK-CLR-100ML-ASP-BLK,GBSlk100AnSpBlk,Sleek 100ml Clear 18 415,sleek-100ml-clear-18-415,1d1a1b549c3c0da8279183fa7a3110d48bab22db4a092a9eb593992102524852,kit_complete,full,,live-prod-2026-09-20
GBSlk100AnSpGl,GB-SLK-CLR-100ML-ASP-GLD,GBSlk100AnSpGl,Sleek 100ml Clear 18 415,sleek-100ml-clear-18-415,2cddb49294d2a803e5586c82924a88a9a238233e98dcc6b82c8878ef48acc267,kit_complete,full,,live-prod-2026-09-20
GBSlk100AnSpIvyGl,GB-SLK-CLR-100ML-ASP-IVGD,GBSlk100AnSpIvyGl,Sleek 100ml Clear 18 415,sleek-100ml-clear-18-415,12f33aaa3211a6fd08438fccbc075574a0971ed762aab2ea07175c06052bacb8,kit_complete,full,,live-prod-2026-09-20
GBSlk100AnSpIvySl,GB-SLK-CLR-100ML-ASP-IVSL,GBSlk100AnSpIvySl,Sleek 100ml Clear 18 415,sleek-100ml-clear-18-415,96a2bf22893d4370c3242d8fb29a279d2ac804b5e68fa140e0c763c69c624987,kit_complete,full,,live-prod-2026-09-20
GBSlk100AnSpLvn,GB-SLK-CLR-100ML-ASP-LVN,GBSlk100AnSpLvn,Sleek 100ml Clear 18 415,sleek-100ml-clear-18-415,d955659e7cd1e95f021cca7dc6826430abd91f265110ccf069fdb038b7eeb5d8,kit_complete,full,,live-prod-2026-09-20
GBSlk100AnSpMtSl,GB-SLK-CLR-100ML-ASP-MSLV,GBSlk100AnSpMtSl,Sleek 100ml Clear 18 415,sleek-100ml-clear-18-415,1aaeb5c5d06f56391c8929127655db29ed5fd4afbc7337409157d7655671d44d,kit_complete,full,,live-prod-2026-09-20
GBSlk100AnSpPnk,GB-SLK-CLR-100ML-ASP-PNK,GBSlk100AnSpPnk,Sleek 100ml Clear 18 415,sleek-100ml-clear-18-415,521f8144048704c9b79488665c3cbb31341fbce2199019965846653fcb07837a,kit_complete,full,,live-prod-2026-09-20
GBSlk100AnSpRed,GB-SLK-CLR-100ML-ASP-RED,GBSlk100AnSpRed,Sleek 100ml Clear 18 415,sleek-100ml-clear-18-415,12d26e236413ec856c84081f2a9531231c540568ad58bf50c12d707550160253,kit_complete,full,,live-prod-2026-09-20
GBSlk100AnSpTslBlk,GB-SLK-CLR-100ML-AST-BLK,GBSlk100AnSpTslBlk,Sleek 100ml Clear 18 415,sleek-100ml-clear-18-415,ab25c9b33f4d077ba06ab0b769faba3b7eb2dfa1c56711ee6b1e9736fc722634,kit_complete,full,,live-prod-2026-09-20
GBSlk100AnSpTslGl,GB-SLK-CLR-100ML-AST-GLD,GBSlk100AnSpTslGl,Sleek 100ml Clear 18 415,sleek-100ml-clear-18-415,78ad7d23361f496efa26c07a97e4881568e0dc4f9e5fb8c992f5565c9a5ffc08,no_kit,,No productKits row served for current published plate (forSkus null),live-prod-2026-09-20
GBSlk100AnSpTslIvyGl,GB-SLK-CLR-100ML-AST-IVGD,GBSlk100AnSpTslIvyGl,Sleek 100ml Clear 18 415,sleek-100ml-clear-18-415,2425c7c8d6760e8e06eb0ef5087fff52c9c1ffd1124ea6738cedb4972bbd9ef7,no_kit,,No productKits row served for current published plate (forSkus null),live-prod-2026-09-20
GBSlk100AnSpTslIvySl,GB-SLK-CLR-100ML-AST-IVSL,GBSlk100AnSpTslIvySl,Sleek 100ml Clear 18 415,sleek-100ml-clear-18-415,ce708e867c1afee241a5df28f130394d3636bc03c2981ae27f766791b0b62758,no_kit,,No productKits row served for current published plate (forSkus null),live-prod-2026-09-20
GBSlk100AnSpTslLvn,GB-SLK-CLR-100ML-AST-LVN,GBSlk100AnSpTslLvn,Sleek 100ml Clear 18 415,sleek-100ml-clear-18-415,8de1cb99ff40a07be45c5f2b7bb29edca76a4115529002929cebf1ce2311254b,kit_complete,full,,live-prod-2026-09-20
GBSlk100AnSpTslMtSl,GB-SLK-CLR-100ML-AST-MSLV,GBSlk100AnSpTslMtSl,Sleek 100ml Clear 18 415,sleek-100ml-clear-18-415,4fa462bc35eaaa57afa6c7c0a68678515a00b5a74e19431b89a8701b1080cc66,no_kit,,No productKits row served for current published plate (forSkus null),live-prod-2026-09-20
GBSlk100AnSpTslPnk,GB-SLK-CLR-100ML-AST-PNK,GBSlk100AnSpTslPnk,Sleek 100ml Clear 18 415,sleek-100ml-clear-18-415,068f365960d3403ba9a3d776d7c289be272db33aa0e890798fb5529ca23e43a3,no_kit,,No productKits row served for current published plate (forSkus null),live-prod-2026-09-20
GBSlk100AnSpTslRed,GB-SLK-CLR-100ML-AST-RED,GBSlk100AnSpTslRed,Sleek 100ml Clear 18 415,sleek-100ml-clear-18-415,9c5a68a88e86431758ce2398132518fa4fdf1222d34a3b5a9a8e14b5fcc9ed65,no_kit,,No productKits row served for current published plate (forSkus null),live-prod-2026-09-20
GBSlk100AnSpTslWht,GB-SLK-CLR-100ML-AST-WHT,GBSlk100AnSpTslWht,Sleek 100ml Clear 18 415,sleek-100ml-clear-18-415,42a9af0f7aa3ce3ac9eaf6fcb45386e6adef08ae8a4abce37e8afad33f71c162,kit_complete,full,,live-prod-2026-09-20
GBSlk100AnSpWht,GB-SLK-CLR-100ML-ASP-WHT,GBSlk100AnSpWht,Sleek 100ml Clear 18 415,sleek-100ml-clear-18-415,861e59390aeb7fba96d513f462308f320f029839a30c9bcac2acd0013f58f134,kit_complete,full,,live-prod-2026-09-20
GBSlk100RdcrBlkLthr,GB-SLK-CLR-100ML-RDC-BKLT,GBSlk100RdcrBlkLthr,Sleek 100ml Clear 18 415,sleek-100ml-clear-18-415,5fb339b87f842ad237ce004bb1db8cecc00c3963aa78001aead9554bde6639b3,kit_complete,full,,live-prod-2026-09-20
GBSlk100RdcrBrwnLthr,GB-SLK-CLR-100ML-RDC-BRLT,GBSlk100RdcrBrwnLthr,Sleek 100ml Clear 18 415,sleek-100ml-clear-18-415,326f57402dd0efb67f4149aa4161424b1373fef8d52dca34074232cb9f472d72,kit_complete,full,,live-prod-2026-09-20
GBSlk100RdcrIvyLthr,GB-SLK-CLR-100ML-RDC-IVLT,GBSlk100RdcrIvyLthr,Sleek 100ml Clear 18 415,sleek-100ml-clear-18-415,d92e84eff6d274aa1a051421774a8113db6c4398c2e02ecdc3db705d63b15df9,kit_complete,full,,live-prod-2026-09-20
GBSlk100RdcrLBrwnLthr,GB-SLK-CLR-100ML-RDC-LBLT,GBSlk100RdcrLBrwnLthr,Sleek 100ml Clear 18 415,sleek-100ml-clear-18-415,2d02294d4713d9ce8e4f3da55c2bc08e07e9b1d6a8b71b1db2bcf8cdd7aea139,kit_complete,full,,live-prod-2026-09-20
GBSlk100RdcrMtSl,GB-SLK-CLR-100ML-RDC-MSLV,GBSlk100RdcrMtSl,Sleek 100ml Clear 18 415,sleek-100ml-clear-18-415,434667e96489ceef384a64df07b05518e862348d512cc16e7afae6000df86b34,kit_complete,full,,live-prod-2026-09-20
GBSlk100RdcrMtSlTall,GB-SLK-CLR-100ML-RDC-MSLV-T,GBSlk100RdcrMtSlTall,Sleek 100ml Clear 18 415,sleek-100ml-clear-18-415,1ffeb7edc3840a985283bcd4c19d2e10c1212b8958d472825758e991ba102bf9,kit_complete,full,,live-prod-2026-09-20
GBSlk100RdcrPnkLthr,GB-SLK-CLR-100ML-RDC-PKLT,GBSlk100RdcrPnkLthr,Sleek 100ml Clear 18 415,sleek-100ml-clear-18-415,c1eb9692b811ef93f16fa95baa630e3137a02882c63f45dce500902f1a7ba82a,kit_complete,full,,live-prod-2026-09-20
GBSlk100RdcrShnBlk,GB-SLK-CLR-100ML-RDC-SBLK,GBSlk100RdcrShnBlk,Sleek 100ml Clear 18 415,sleek-100ml-clear-18-415,618659cbd7e08185cc298890a14804e39bfa29f6b5038a99000128faa49720e9,kit_complete,full,,live-prod-2026-09-20
GBSlk100RdcrShnBlkTall,GB-SLK-CLR-100ML-RDC-SBLK-T,GBSlk100RdcrShnBlkTall,Sleek 100ml Clear 18 415,sleek-100ml-clear-18-415,5307ed3cc577cd5769d9450af9c3647136b99644d97baf9508c18e786c019f89,kit_complete,full,,live-prod-2026-09-20
GBSlk100RdcrShnGl,GB-SLK-CLR-100ML-RDC-SGLD,GBSlk100RdcrShnGl,Sleek 100ml Clear 18 415,sleek-100ml-clear-18-415,f865ad2e1c995e39a1b589b03aae410dcb69b1ab771b14b75878a808bbc42e7e,kit_complete,full,,live-prod-2026-09-20
GBSlk100RdcrShnSl,GB-SLK-CLR-100ML-RDC-SSLV,GBSlk100RdcrShnSl,Sleek 100ml Clear 18 415,sleek-100ml-clear-18-415,9f9c85f36d5cb3194dcb9d778cbee2daa97b42b6440c29cc1111d6aefd977db5,kit_complete,full,,live-prod-2026-09-20
GBSlk100RdcrWht,GB-SLK-CLR-100ML-RDC-WHT,GBSlk100RdcrWht,Sleek 100ml Clear 18 415,sleek-100ml-clear-18-415,01201476028d9c243598dc760eb32e5e2177b7927c1a1f24c82149724810db1a,kit_complete,full,,live-prod-2026-09-20
GBSlk100SpryCu,GB-SLK-CLR-100ML-SPR-CPR,GBSlk100SpryCu,Sleek 100ml Clear 18 415,sleek-100ml-clear-18-415,a68a2ae80fe69b8f81dc9b5688adbbaf0aa1bb8674355785a66d56426f174701,kit_complete,full,,live-prod-2026-09-20
GBSlk100SpryMtGl,GB-SLK-CLR-100ML-SPR-MGLD,GBSlk100SpryMtGl,Sleek 100ml Clear 18 415,sleek-100ml-clear-18-415,67a8468358359739d0e3ae4ce65ec0d5afc3a35b79bee17dbb6b514c4e015009,kit_complete,full,,live-prod-2026-09-20
GBSlk100SpryMtSl,GB-SLK-CLR-100ML-SPR-MSLV,GBSlk100SpryMtSl,Sleek 100ml Clear 18 415,sleek-100ml-clear-18-415,bb1c9a9c2aea36570ec5c084349379c3b775ae77e537dcb8f493c2abbcc6b83f,kit_complete,full,,live-prod-2026-09-20
GBSlk100SpryShnBlk,GB-SLK-CLR-100ML-SPR-SBLK,GBSlk100SpryShnBlk,Sleek 100ml Clear 18 415,sleek-100ml-clear-18-415,671f68310e489116a4ea8de40b205b6bf1a545f5eac2a623f213f71c1a6900cd,no_kit,,No productKits row served for current published plate (forSkus null),live-prod-2026-09-20
GBSlk100SpryShnGl,GB-SLK-CLR-100ML-SPR-SGLD,GBSlk100SpryShnGl,Sleek 100ml Clear 18 415,sleek-100ml-clear-18-415,a0a4b308f86b2763ca4db95a5b1970f31f1b11d207a6c1578674484f25e6fe53,kit_complete,full,,live-prod-2026-09-20
GBSlk100SpryShnSl,GB-SLK-CLR-100ML-SPR-SSLV,GBSlk100SpryShnSl,Sleek 100ml Clear 18 415,sleek-100ml-clear-18-415,50a11e4fee73d35a65a7f5f34098b4b6beac77a425357806ae45598b86a74886,kit_complete,full,,live-prod-2026-09-20
LBSlk100LtnClOvrCap,LB-SLK-CLR-100ML-LPM-COCP,LBSlk100LtnClOvrCap,Sleek 100ml Clear 18 415,sleek-100ml-clear-18-415,239057425508091f997730d1df2ee2559fd7f25fcb2f84a746b9238f37eee3eb,kit_complete,full,,live-prod-2026-09-20
LBSlk100LtnCu,LB-SLK-CLR-100ML-LPM-CPR,LBSlk100LtnCu,Sleek 100ml Clear 18 415,sleek-100ml-clear-18-415,da6c248caa72255175230121d1469d51f4e200d23a7ca649e0951a506d731be4,kit_complete,full,,live-prod-2026-09-20
LBSlk100LtnMtGl,LB-SLK-CLR-100ML-LPM-MGLD,LBSlk100LtnMtGl,Sleek 100ml Clear 18 415,sleek-100ml-clear-18-415,a6e5394d16069f6f3b22c355c829dae68370847eed3a3ae6d7634e02b9186342,kit_complete,full,,live-prod-2026-09-20
LBSlk100LtnMtSl,LB-SLK-CLR-100ML-LPM-MSLV,LBSlk100LtnMtSl,Sleek 100ml Clear 18 415,sleek-100ml-clear-18-415,4d71c7d81f87b60f697b0a6f096bd8ead8b0b190b374628554f09cee22708b98,kit_complete,full,,live-prod-2026-09-20
LBSlk100LtnShnBlk,LB-SLK-CLR-100ML-LPM-SBLK,LBSlk100LtnShnBlk,Sleek 100ml Clear 18 415,sleek-100ml-clear-18-415,4a4ec9ffb9c4b02a25c7ef155f752f95a8cfee5d4068deadbc38882349646283,kit_complete,full,,live-prod-2026-09-20
LBSlk100LtnShnGl,LB-SLK-CLR-100ML-LPM-SGLD,LBSlk100LtnShnGl,Sleek 100ml Clear 18 415,sleek-100ml-clear-18-415,1d27199af217bcfeb27d350dd9d4eb6d23537a5014db2a370a9ba8302cad3d35,kit_complete,full,,live-prod-2026-09-20
LBSlk100LtnShnSl,LB-SLK-CLR-100ML-LPM-SSLV,LBSlk100LtnShnSl,Sleek 100ml Clear 18 415,sleek-100ml-clear-18-415,e7cc5f1972d0d5fe24e26f34d6c5e170debf20edae9e60732231de7d7e038c9a,kit_complete,full,,live-prod-2026-09-20
LBSlk100WhtRectClOverCap,LB-SLK-CLR-100ML-LPM-COCP-T,LBSlk100WhtRectClOverCap,Sleek 100ml Clear 18 415,sleek-100ml-clear-18-415,d28055e3584d932ca57d87dfb7c1bc38d69e0e28e15f357679fa747a31cda279,kit_complete,full,,live-prod-2026-09-20
GBSlk30AnSpBlk,GB-SLK-CLR-30ML-ASP-BLK,GBSlk30AnSpBlk,Sleek 30ml Clear 18 415,sleek-30ml-clear-18-415,a4b15e55e515ac63f9ef67607242fe069c09f243e024fc14984f412f905edd08,kit_complete,full,,live-prod-2026-09-20
GBSlk30AnSpGl,GB-SLK-CLR-30ML-ASP-GLD,GBSlk30AnSpGl,Sleek 30ml Clear 18 415,sleek-30ml-clear-18-415,31a91039879c5eb20e58ee9dc900ac8bf6b36a14890e17fde09c0564b7e942fc,kit_complete,full,,live-prod-2026-09-20
GBSlk30AnSpIvyGl,GB-SLK-CLR-30ML-ASP-IVGD,GBSlk30AnSpIvyGl,Sleek 30ml Clear 18 415,sleek-30ml-clear-18-415,ef41a06622d780b66f938268563f61a432320e58d34732c726232438bc233a14,kit_complete,full,,live-prod-2026-09-20
GBSlk30AnSpIvySl,GB-SLK-CLR-30ML-ASP-IVSL,GBSlk30AnSpIvySl,Sleek 30ml Clear 18 415,sleek-30ml-clear-18-415,eac0d1dc0947cae5c73c440bab03b05a64ac31d305a4e187a4f7ab76a39ee14b,kit_complete,full,,live-prod-2026-09-20
GBSlk30AnSpLvn,GB-SLK-CLR-30ML-ASP-LVN,GBSlk30AnSpLvn,Sleek 30ml Clear 18 415,sleek-30ml-clear-18-415,d3feb35a9b71da72fa08b2e500d88e38419c89b3e57494b0375ae1f575ba9301,kit_complete,full,,live-prod-2026-09-20
GBSlk30AnSpMtSl,GB-SLK-CLR-30ML-ASP-MSLV,GBSlk30AnSpMtSl,Sleek 30ml Clear 18 415,sleek-30ml-clear-18-415,19069df5e8b5cf6ba276a13ac57ac041f8d996502138c19e22dfe00b5dfc9012,kit_complete,full,,live-prod-2026-09-20
GBSlk30AnSpPnk,GB-SLK-CLR-30ML-ASP-PNK,GBSlk30AnSpPnk,Sleek 30ml Clear 18 415,sleek-30ml-clear-18-415,8ca2a9288995ccf46b86e18b4c2245ad9a21f6fde2890ccf4334647b8198da7e,kit_complete,full,,live-prod-2026-09-20
GBSlk30AnSpRed,GB-SLK-CLR-30ML-ASP-RED,GBSlk30AnSpRed,Sleek 30ml Clear 18 415,sleek-30ml-clear-18-415,b312fff1a493a148ebc714faa1e8cae2be3b1b32ca0cb9a76f7f2100fab42033,kit_complete,full,,live-prod-2026-09-20
GBSlk30AnSpWht,GB-SLK-CLR-30ML-ASP-WHT,GBSlk30AnSpWht,Sleek 30ml Clear 18 415,sleek-30ml-clear-18-415,0681c6836e6a2766364c44a7cf7eaa0a996bf1c30b83a8763fb7da06edd5ab31,kit_complete,full,,live-prod-2026-09-20
GBSlk30DrpCu,GB-SLK-CLR-30ML-DRP-CPR,GBSlk30DrpCu,Sleek 30ml Clear 18 415,sleek-30ml-clear-18-415,f6f19677fe2a7343d795ceb1008ecc6d070c2c3e70071e1221e0492eedf72ad0,kit_complete,full,,live-prod-2026-09-20
GBSlk30DrpGl,GB-SLK-CLR-30ML-DRP-GLD,GBSlk30DrpGl,Sleek 30ml Clear 18 415,sleek-30ml-clear-18-415,849d1a6ac424b958644b56a70c28d6f02055fb907a0442518111830b8e10a108,kit_complete,full,,live-prod-2026-09-20
GBSlk30DrpSl,GB-SLK-CLR-30ML-DRP-SLV,GBSlk30DrpSl,Sleek 30ml Clear 18 415,sleek-30ml-clear-18-415,46eb32e77674bfa74013dba3242c72409c2cc259d1c8e6450bd79d0633a51cc6,kit_complete,full,,live-prod-2026-09-20
GBSlk30RdcrBlkLthr,GB-SLK-CLR-30ML-RDC-BKLT,GBSlk30RdcrBlkLthr,Sleek 30ml Clear 18 415,sleek-30ml-clear-18-415,91fb2e5e9626e7f98911c8222585c2ef1a641b3c3b027c66d49cdcc2d17cc845,kit_complete,full,,live-prod-2026-09-20
GBSlk30RdcrBrwnLthr,GB-SLK-CLR-30ML-RDC-BRLT,GBSlk30RdcrBrwnLthr,Sleek 30ml Clear 18 415,sleek-30ml-clear-18-415,6acc212a28be5be87a3a5d9d1a4bd9654daf1cd2d38bdfe5ce0193209c41e5b1,kit_complete,full,,live-prod-2026-09-20
GBSlk30RdcrIvyLthr,GB-SLK-CLR-30ML-RDC-IVLT,GBSlk30RdcrIvyLthr,Sleek 30ml Clear 18 415,sleek-30ml-clear-18-415,68aab555d0b0d8ae5936c897054fb6ccfff6c046551bfc402f712440d2c2316e,kit_complete,full,,live-prod-2026-09-20
GBSlk30RdcrLBrwnLthr,GB-SLK-CLR-30ML-RDC-LBLT,GBSlk30RdcrLBrwnLthr,Sleek 30ml Clear 18 415,sleek-30ml-clear-18-415,39082be80dbbceb4641ac59c49d94f6ecd70fa583156f8f88c390b4f60426fad,kit_complete,full,,live-prod-2026-09-20
GBSlk30RdcrMtSl,GB-SLK-CLR-30ML-RDC-MSLV,GBSlk30RdcrMtSl,Sleek 30ml Clear 18 415,sleek-30ml-clear-18-415,3d9a703179ddf24c930cf86c3d656a9bd11091b1d66b9fcbfbdbe91c5574b6a0,kit_complete,full,,live-prod-2026-09-20
GBSlk30RdcrMtSlTall,GB-SLK-CLR-30ML-RDC-MSLV-T,GBSlk30RdcrMtSlTall,Sleek 30ml Clear 18 415,sleek-30ml-clear-18-415,d8eb726e1a8c7ddba10b6c863970550d7d7f1b2c95ddbcaa63068b5411224e02,kit_complete,full,,live-prod-2026-09-20
GBSlk30RdcrPnkLthr,GB-SLK-CLR-30ML-RDC-PKLT,GBSlk30RdcrPnkLthr,Sleek 30ml Clear 18 415,sleek-30ml-clear-18-415,c0edc79ea42f93648ec5050b48634a550346103b62c77ac80716a912cc73a173,kit_complete,full,,live-prod-2026-09-20
GBSlk30RdcrShnBlk,GB-SLK-CLR-30ML-RDC-SBLK,GBSlk30RdcrShnBlk,Sleek 30ml Clear 18 415,sleek-30ml-clear-18-415,318a52d0cf91c46773b5930829016f33e07ae02ac6696f185cd6531cc1622353,kit_complete,full,,live-prod-2026-09-20
GBSlk30RdcrShnBlkTall,GB-SLK-CLR-30ML-RDC-SBLK-T,GBSlk30RdcrShnBlkTall,Sleek 30ml Clear 18 415,sleek-30ml-clear-18-415,e4d1fb6704eb16b787c5c09340dcab87e56d1e2e0cad2f2a505a2ed5f4696d56,kit_complete,full,,live-prod-2026-09-20
GBSlk30RdcrShnSl,GB-SLK-CLR-30ML-RDC-SSLV,GBSlk30RdcrShnSl,Sleek 30ml Clear 18 415,sleek-30ml-clear-18-415,a822cee7ada7dbd75b5d127a6a3da862e9dee6a226c37d531ea01951449bd860,kit_complete,full,,live-prod-2026-09-20
GBSlk30RdcrWht,GB-SLK-CLR-30ML-RDC-WHT,GBSlk30RdcrWht,Sleek 30ml Clear 18 415,sleek-30ml-clear-18-415,f4a990bf69937ce96fbe6240df2f902d53a73908236ddf092fa408af412f28c9,kit_complete,full,,live-prod-2026-09-20
GBSlk30SpryCu,GB-SLK-CLR-30ML-SPR-CPR,GBSlk30SpryCu,Sleek 30ml Clear 18 415,sleek-30ml-clear-18-415,d8b7269f18891ec0e62f506ece5472fefb4930cfdeef028e08c7854eb92b1b6b,no_kit,,No productKits row served for current published plate (forSkus null),live-prod-2026-09-20
GBSlk30SpryMtGl,GB-SLK-CLR-30ML-SPR-MGLD,GBSlk30SpryMtGl,Sleek 30ml Clear 18 415,sleek-30ml-clear-18-415,b182599c1be51e9069943de4f36bc8443c450bdc45235440d2f53e27cb8ae4c6,no_kit,,No productKits row served for current published plate (forSkus null),live-prod-2026-09-20
GBSlk30SpryMtSl,GB-SLK-CLR-30ML-SPR-MSLV,GBSlk30SpryMtSl,Sleek 30ml Clear 18 415,sleek-30ml-clear-18-415,88370de9ef84183efbc0c57e947b5ad9022585960a87797537a473b05fb96abb,no_kit,,No productKits row served for current published plate (forSkus null),live-prod-2026-09-20
GBSlk30SpryShnBlk,GB-SLK-CLR-30ML-SPR-SBLK,GBSlk30SpryShnBlk,Sleek 30ml Clear 18 415,sleek-30ml-clear-18-415,9fc9eb8261aa838007f35f5ef1f0be1f2b7481775532f42b38aebf82bb078f1c,no_kit,,No productKits row served for current published plate (forSkus null),live-prod-2026-09-20
GBSlk30SpryShnGl,GB-SLK-CLR-30ML-SPR-SGLD,GBSlk30SpryShnGl,Sleek 30ml Clear 18 415,sleek-30ml-clear-18-415,3b050be728ff0192f2603cc4258df2d44dd5461f4f6ded596429671cb42be752,no_kit,,No productKits row served for current published plate (forSkus null),live-prod-2026-09-20
GBSlk30SpryShnSl,GB-SLK-CLR-30ML-SPR-SSLV,GBSlk30SpryShnSl,Sleek 30ml Clear 18 415,sleek-30ml-clear-18-415,b7be913d3306bdecc9f75c61e2ff3dd46d3fa3292109a4ed93a55c32fc4062bf,no_kit,,No productKits row served for current published plate (forSkus null),live-prod-2026-09-20
LBSlk30LtnClOvrCap,LB-SLK-CLR-30ML-LPM-COCP,LBSlk30LtnClOvrCap,Sleek 30ml Clear 18 415,sleek-30ml-clear-18-415,896d544c82bf5dcd1ab7be397325176c7c5e0cec03cd1cf2abbcbad9d434ea7f,no_kit,,No productKits row served for current published plate (forSkus null),live-prod-2026-09-20
LBSlk30LtnCu,LB-SLK-CLR-30ML-LPM-CPR,LBSlk30LtnCu,Sleek 30ml Clear 18 415,sleek-30ml-clear-18-415,3565a41fa5854abf91c7dfbd90f02a11a221b716a0704283d546e13d6b9f0d16,no_kit,,No productKits row served for current published plate (forSkus null),live-prod-2026-09-20
LBSlk30LtnMtGl,LB-SLK-CLR-30ML-LPM-MGLD,LBSlk30LtnMtGl,Sleek 30ml Clear 18 415,sleek-30ml-clear-18-415,c45bf82d7125934057200496a9e40c55eee67ecff4c6b2488edf5a449ed58cc5,no_kit,,No productKits row served for current published plate (forSkus null),live-prod-2026-09-20
LBSlk30LtnMtSl,LB-SLK-CLR-30ML-LPM-MSLV,LBSlk30LtnMtSl,Sleek 30ml Clear 18 415,sleek-30ml-clear-18-415,bb20380ac9c74a2483ffc0ff2060bead82d413d89c677c6fe18ba7d6ffdc395c,no_kit,,No productKits row served for current published plate (forSkus null),live-prod-2026-09-20
LBSlk30LtnShnBlk,LB-SLK-CLR-30ML-LPM-SBLK,LBSlk30LtnShnBlk,Sleek 30ml Clear 18 415,sleek-30ml-clear-18-415,79baf763d91d95ebcfd077fd30ca5c4f23e8fbfb00a770bc7fae177fddf64011,no_kit,,No productKits row served for current published plate (forSkus null),live-prod-2026-09-20
LBSlk30LtnShnGl,LB-SLK-CLR-30ML-LPM-SGLD,LBSlk30LtnShnGl,Sleek 30ml Clear 18 415,sleek-30ml-clear-18-415,f704485304ec168bdd1aa65388fabe60af6602275bf4c2ac243631a4fa869e21,no_kit,,No productKits row served for current published plate (forSkus null),live-prod-2026-09-20
LBSlk30LtnShnSl,LB-SLK-CLR-30ML-LPM-SSLV,LBSlk30LtnShnSl,Sleek 30ml Clear 18 415,sleek-30ml-clear-18-415,ccc602853218ff9665949fd780dde90f731a739fa9ffb78f16db5ba6f91de857,no_kit,,No productKits row served for current published plate (forSkus null),live-prod-2026-09-20
LBSlk30WhtRectClOverCap,LB-SLK-CLR-30ML-LPM-COCP-T,LBSlk30WhtRectClOverCap,Sleek 30ml Clear 18 415,sleek-30ml-clear-18-415,3ce3c771d9b23eec6ae059d13728a4d3253dd9e76d8bef6dd93c4a0ff185c4fc,no_kit,,No productKits row served for current published plate (forSkus null),live-prod-2026-09-20
GBSlk50AnSpBlk,GB-SLK-CLR-50ML-ASP-BLK,GBSlk50AnSpBlk,Sleek 50ml Clear 18 415,sleek-50ml-clear-18-415,f71ac93a43b35bea3cae7714106aad758785339d795ac66c7c7a8c0aac841455,kit_complete,full,,live-prod-2026-09-20
GBSlk50AnSpGl,GB-SLK-CLR-50ML-ASP-GLD,GBSlk50AnSpGl,Sleek 50ml Clear 18 415,sleek-50ml-clear-18-415,51a51c8fd443448f0e5a0902d94bf958395d934c6d99e21f589348159e02d788,kit_complete,full,,live-prod-2026-09-20
GBSlk50AnSpIvyGl,GB-SLK-CLR-50ML-ASP-IVGD,GBSlk50AnSpIvyGl,Sleek 50ml Clear 18 415,sleek-50ml-clear-18-415,b47ac8826092fb192b249a261fabdb5f8af8cb0e6e88fe792b2f8a856aff3eea,kit_complete,full,,live-prod-2026-09-20
GBSlk50AnSpIvySl,GB-SLK-CLR-50ML-ASP-IVSL,GBSlk50AnSpIvySl,Sleek 50ml Clear 18 415,sleek-50ml-clear-18-415,852eeaf4a835b66de784dc879776d1f3622a6a3065ab5361c0b35abf96f0dfaf,kit_complete,full,,live-prod-2026-09-20
GBSlk50AnSpLvn,GB-SLK-CLR-50ML-ASP-LVN,GBSlk50AnSpLvn,Sleek 50ml Clear 18 415,sleek-50ml-clear-18-415,e4b6f89a2bd7812a8609e82566c53e6f101f64eb4b3dba7f6a39c10e1f469f53,kit_complete,full,,live-prod-2026-09-20
GBSlk50AnSpMtSl,GB-SLK-CLR-50ML-ASP-MSLV,GBSlk50AnSpMtSl,Sleek 50ml Clear 18 415,sleek-50ml-clear-18-415,fefc389d06863e86911d2cec260459a1e240fb00d1e0f002444454f6bde07278,kit_complete,full,,live-prod-2026-09-20
GBSlk50AnSpPnk,GB-SLK-CLR-50ML-ASP-PNK,GBSlk50AnSpPnk,Sleek 50ml Clear 18 415,sleek-50ml-clear-18-415,40e00df76ad2ca9ef567042d44ce06df483c3987e5f794abd4638b78c53cf013,kit_complete,full,,live-prod-2026-09-20
GBSlk50AnSpRed,GB-SLK-CLR-50ML-ASP-RED,GBSlk50AnSpRed,Sleek 50ml Clear 18 415,sleek-50ml-clear-18-415,37a79ce72dd9b9095a47143171b1ae7c9562326d762c9caa91bb6446708e7888,kit_complete,full,,live-prod-2026-09-20
GBSlk50AnSpTslBlk,GB-SLK-CLR-50ML-AST-BLK,GBSlk50AnSpTslBlk,Sleek 50ml Clear 18 415,sleek-50ml-clear-18-415,b547e05ef089a2a8e1d321db80388e02df60d53d62c8c8c131c1a2a3db28103e,no_kit,,No productKits row served for current published plate (forSkus null),live-prod-2026-09-20
GBSlk50AnSpTslGl,GB-SLK-CLR-50ML-AST-GLD,GBSlk50AnSpTslGl,Sleek 50ml Clear 18 415,sleek-50ml-clear-18-415,ca8bafe1582722fb40b45a1ed71e6511ba50a4223c2bbd676a5cf14d7c89ea28,no_kit,,No productKits row served for current published plate (forSkus null),live-prod-2026-09-20
GBSlk50AnSpTslIvyGl,GB-SLK-CLR-50ML-AST-IVGD,GBSlk50AnSpTslIvyGl,Sleek 50ml Clear 18 415,sleek-50ml-clear-18-415,07e19f51e0eb4adcdd2cce0b51a5587d8cd8f50ab12891af996f3b367bbcea1f,kit_complete,full,,live-prod-2026-09-20
GBSlk50AnSpTslIvySl,GB-SLK-CLR-50ML-AST-IVSL,GBSlk50AnSpTslIvySl,Sleek 50ml Clear 18 415,sleek-50ml-clear-18-415,e2c27a6372b82c4ddb33b05f8dfd3b613fa9e6429ea32cc609b6d3553575b780,no_kit,,No productKits row served for current published plate (forSkus null),live-prod-2026-09-20
GBSlk50AnSpTslLvn,GB-SLK-CLR-50ML-AST-LVN,GBSlk50AnSpTslLvn,Sleek 50ml Clear 18 415,sleek-50ml-clear-18-415,29645df8e981121e06973410941a74bae0b3fab09afaa7e7bbbd31788fb6ee29,no_kit,,No productKits row served for current published plate (forSkus null),live-prod-2026-09-20
GBSlk50AnSpTslMtSl,GB-SLK-CLR-50ML-AST-MSLV,GBSlk50AnSpTslMtSl,Sleek 50ml Clear 18 415,sleek-50ml-clear-18-415,29e5e8f599974e5c76b9f53cca541ead4d3ebdb0b42cc7fbe094eb51867dedf9,no_kit,,No productKits row served for current published plate (forSkus null),live-prod-2026-09-20
GBSlk50AnSpTslPnk,GB-SLK-CLR-50ML-AST-PNK,GBSlk50AnSpTslPnk,Sleek 50ml Clear 18 415,sleek-50ml-clear-18-415,c3f5860fe18c398ecae32c9301d1b3398023e51b45ecb2e6683998f1f0fa3703,no_kit,,No productKits row served for current published plate (forSkus null),live-prod-2026-09-20
GBSlk50AnSpTslRed,GB-SLK-CLR-50ML-AST-RED,GBSlk50AnSpTslRed,Sleek 50ml Clear 18 415,sleek-50ml-clear-18-415,2a10384a6597cc0cbf1134f8bfc571202bda1600f4882526f5bdd0f8404d4347,no_kit,,No productKits row served for current published plate (forSkus null),live-prod-2026-09-20
GBSlk50AnSpTslWht,GB-SLK-CLR-50ML-AST-WHT,GBSlk50AnSpTslWht,Sleek 50ml Clear 18 415,sleek-50ml-clear-18-415,e36f27457b941508c21c1b18c9ac0eacaf2bd88efa1a94bc1fbcbc28b1808a98,kit_complete,full,,live-prod-2026-09-20
GBSlk50AnSpWht,GB-SLK-CLR-50ML-ASP-WHT,GBSlk50AnSpWht,Sleek 50ml Clear 18 415,sleek-50ml-clear-18-415,a7b01bbb0bf2a3623cf5f6b9456a15a08cc3b4beae52b4a9ffdb353c5f286510,kit_complete,full,,live-prod-2026-09-20
GBSlk50RdcrBlkLthr,GB-SLK-CLR-50ML-RDC-BKLT,GBSlk50RdcrBlkLthr,Sleek 50ml Clear 18 415,sleek-50ml-clear-18-415,708b7ecec9ea3cf72bea8c1cf04c7129a1991cd8a3e6553a6d7869bb75993ad5,kit_complete,full,,live-prod-2026-09-20
GBSlk50RdcrBrwnLthr,GB-SLK-CLR-50ML-RDC-BRLT,GBSlk50RdcrBrwnLthr,Sleek 50ml Clear 18 415,sleek-50ml-clear-18-415,f81e76ef6a826a7fa9ea7fe9fe021c7c46768bab2cce3304d5c6af2efdb7a986,kit_complete,full,,live-prod-2026-09-20
GBSlk50RdcrIvyLthr,GB-SLK-CLR-50ML-RDC-IVLT,GBSlk50RdcrIvyLthr,Sleek 50ml Clear 18 415,sleek-50ml-clear-18-415,d2adfc149fd129a55b2baaf856495c6f0039e7f7eaa1e4cb05d88257ca22131e,kit_complete,full,,live-prod-2026-09-20
GBSlk50RdcrMtSl,GB-SLK-CLR-50ML-RDC-MSLV,GBSlk50RdcrMtSl,Sleek 50ml Clear 18 415,sleek-50ml-clear-18-415,82d2e66f9b5026d43b7cc0ead953163051a1b7ff2455a8817fff67d7366e5278,kit_complete,full,,live-prod-2026-09-20
GBSlk50RdcrMtSlTall,GB-SLK-CLR-50ML-RDC-MSLV-T,GBSlk50RdcrMtSlTall,Sleek 50ml Clear 18 415,sleek-50ml-clear-18-415,b3c5e27173e8a92eb9b619212741be17f1584198080bbf9a2d761d2de1c49bf4,kit_complete,full,,live-prod-2026-09-20
GBSlk50RdcrPnkLthr,GB-SLK-CLR-50ML-RDC-PKLT,GBSlk50RdcrPnkLthr,Sleek 50ml Clear 18 415,sleek-50ml-clear-18-415,d3817e4f7e248c65ea1f719602c9f5bf5898eb60fa2db4bfe6f5f01cf6cf99ec,kit_complete,full,,live-prod-2026-09-20
GBSlk50RdcrShnBlk,GB-SLK-CLR-50ML-RDC-SBLK,GBSlk50RdcrShnBlk,Sleek 50ml Clear 18 415,sleek-50ml-clear-18-415,0d711d02563230f7c6936edf262d4640549e87b1b192fe438b0e740e407def66,kit_complete,full,,live-prod-2026-09-20
GBSlk50RdcrShnBlkTall,GB-SLK-CLR-50ML-RDC-SBLK-T,GBSlk50RdcrShnBlkTall,Sleek 50ml Clear 18 415,sleek-50ml-clear-18-415,3a9c3908657e8fcb9ef8b6fe263e57fd3a9523af30d8f93431e7de1bbef35ee4,kit_complete,full,,live-prod-2026-09-20
GBSlk50RdcrShnGl,GB-SLK-CLR-50ML-RDC-SGLD,GBSlk50RdcrShnGl,Sleek 50ml Clear 18 415,sleek-50ml-clear-18-415,47c68e79fc4ca0ab0aa150fe169c5ef65584643b80014387cc6e3492c6cfd7c7,kit_complete,full,,live-prod-2026-09-20
GBSlk50RdcrShnSl,GB-SLK-CLR-50ML-RDC-SSLV,GBSlk50RdcrShnSl,Sleek 50ml Clear 18 415,sleek-50ml-clear-18-415,4a62e96750bd366512a58ef666a15b6f1b7f5647a52a39acf07d1621628c9adc,kit_complete,full,,live-prod-2026-09-20
GBSlk50RdcrWht,GB-SLK-CLR-50ML-RDC-WHT,GBSlk50RdcrWht,Sleek 50ml Clear 18 415,sleek-50ml-clear-18-415,a81fad58c476a2ee0648506335e522433b04ae36e255f5448f40c992e9e9d025,kit_complete,full,,live-prod-2026-09-20
GBSlk50SpryCu,GB-SLK-CLR-50ML-SPR-CPR,GBSlk50SpryCu,Sleek 50ml Clear 18 415,sleek-50ml-clear-18-415,326aead0ce3ba4b10edf88b538cd43e6ba42f18fda12653ebe4d8a5d4781cebb,kit_complete,full,,live-prod-2026-09-20
GBSlk50SpryMtGl,GB-SLK-CLR-50ML-SPR-MGLD,GBSlk50SpryMtGl,Sleek 50ml Clear 18 415,sleek-50ml-clear-18-415,1fb27e98b0a9cc4d2561ee26802a193af071931e5fd4afdff14e74bf4ec65912,kit_complete,full,,live-prod-2026-09-20
GBSlk50SpryMtSl,GB-SLK-CLR-50ML-SPR-MSLV,GBSlk50SpryMtSl,Sleek 50ml Clear 18 415,sleek-50ml-clear-18-415,62b4754c79a800aa616cbf9de1a23f629db4a09a8f2bbfc7932bacf279dc26de,kit_complete,full,,live-prod-2026-09-20
GBSlk50SpryShnBlk,GB-SLK-CLR-50ML-SPR-SBLK,GBSlk50SpryShnBlk,Sleek 50ml Clear 18 415,sleek-50ml-clear-18-415,f2cb29f52ba37208dfe4378f680d556f939e7501f00957a898d066edef32787b,kit_complete,full,,live-prod-2026-09-20
GBSlk50SpryShnGl,GB-SLK-CLR-50ML-SPR-SGLD,GBSlk50SpryShnGl,Sleek 50ml Clear 18 415,sleek-50ml-clear-18-415,f10d3de5ce8e6d96e9b1793dd827d469806fee7d5f709cdcac13ca62c4695edc,kit_complete,full,,live-prod-2026-09-20
GBSlk50SpryShnSl,GB-SLK-CLR-50ML-SPR-SSLV,GBSlk50SpryShnSl,Sleek 50ml Clear 18 415,sleek-50ml-clear-18-415,d6d72272caf95d6ef02909b03d9ccd6d9a3e7ce8a136631c079981359843812c,kit_complete,full,,live-prod-2026-09-20
LBSlk50LtnClOvrCap,LB-SLK-CLR-50ML-LPM-COCP,LBSlk50LtnClOvrCap,Sleek 50ml Clear 18 415,sleek-50ml-clear-18-415,489b7ce6b6e4180406f272b1bce701d6555b04d2d1a9ab9a7820a869552313ae,kit_complete,full,,live-prod-2026-09-20
LBSlk50LtnCu,LB-SLK-CLR-50ML-LPM-CPR,LBSlk50LtnCu,Sleek 50ml Clear 18 415,sleek-50ml-clear-18-415,161431645d56524db896dcb711a8ed03194cf7c34b3dcd84d384bc33eb3ade49,kit_complete,full,,live-prod-2026-09-20
LBSlk50LtnMtGl,LB-SLK-CLR-50ML-LPM-MGLD,LBSlk50LtnMtGl,Sleek 50ml Clear 18 415,sleek-50ml-clear-18-415,35b079d7acaaefb575e018978c2563f7fe5c23afb3202b54f404eea39d135394,kit_complete,full,,live-prod-2026-09-20
LBSlk50LtnMtSl,LB-SLK-CLR-50ML-LPM-MSLV,LBSlk50LtnMtSl,Sleek 50ml Clear 18 415,sleek-50ml-clear-18-415,42f850bcb080a7b35d64f6121ae3651e664e777649a3b8210c70c49b6f0090d1,kit_complete,full,,live-prod-2026-09-20
LBSlk50LtnShnBlk,LB-SLK-CLR-50ML-LPM-SBLK,LBSlk50LtnShnBlk,Sleek 50ml Clear 18 415,sleek-50ml-clear-18-415,12c4b60b9ddce9abbe4cbae3cc6275f8f74b2c715d74ad3c181cda967cef7378,kit_complete,full,,live-prod-2026-09-20
LBSlk50LtnShnGl,LB-SLK-CLR-50ML-LPM-SGLD,LBSlk50LtnShnGl,Sleek 50ml Clear 18 415,sleek-50ml-clear-18-415,6ebf0ded51c5e18b1f862ccbf314f5caaa73f6ce1dea6ea7641c267cb11d38cf,kit_complete,full,,live-prod-2026-09-20
LBSlk50LtnShnSl,LB-SLK-CLR-50ML-LPM-SSLV,LBSlk50LtnShnSl,Sleek 50ml Clear 18 415,sleek-50ml-clear-18-415,d1dc7b007291e072df96f93ea23f8bf3e138eee73698c716e4a028215562237b,kit_complete,full,,live-prod-2026-09-20
LBSlk50WhtRectClOverCap,LB-SLK-CLR-50ML-LPM-COCP-T,LBSlk50WhtRectClOverCap,Sleek 50ml Clear 18 415,sleek-50ml-clear-18-415,05c98c03af93250437f2ddab6338b86cf0f72fedcd60dc305429014c25b86ef9,kit_complete,full,,live-prod-2026-09-20
GBSleek5BlkSht,GB-SLK-CLR-5ML-S,GBSleek5BlkSht,Sleek 5ml Clear 13 415,sleek-5ml-clear-13-415,712d9c92eb7e9335650dd5dc92a67991fff4419c636d98bae6689893c57c63c0,no_kit,,No productKits row served for current published plate (forSkus null),live-prod-2026-09-20
GBSleek5Gl,GB-SLK-CLR-5ML-GLD-T,GBSleek5Gl,Sleek 5ml Clear 13 415,sleek-5ml-clear-13-415,09b17d2a34d8537b36eca3e6dba2b0c3f52d6c499ca2997a560df76405be01a3,no_kit,,No productKits row served for current published plate (forSkus null),live-prod-2026-09-20
GBSleek5MtlRollBlkDot,GB-SLK-CLR-5ML-MRL-BKDT,GBSleek5MtlRollBlkDot,Sleek 5ml Clear 13 415,sleek-5ml-clear-13-415,6d38574dcd359b51e8e943a94de058e1e3840abd75dd9fdca42a1c19b33fa309,no_kit,,No productKits row served for current published plate (forSkus null),live-prod-2026-09-20
GBSleek5MtlRollBlkSh,GB-SLK-CLR-5ML-MRL-SBLK,GBSleek5MtlRollBlkSh,Sleek 5ml Clear 13 415,sleek-5ml-clear-13-415,a308f8d4fb02e0339a7266c380537b7278c258c66227270fd52445bb956d52df,no_kit,,No productKits row served for current published plate (forSkus null),live-prod-2026-09-20
GBSleek5MtlRollCuMatt,GB-SLK-CLR-5ML-MRL-MCPR,GBSleek5MtlRollCuMatt,Sleek 5ml Clear 13 415,sleek-5ml-clear-13-415,37825eae41e5a30ee278ab18e27aba3ec4edd8310c0aeec6788dd935e6869079,no_kit,,No productKits row served for current published plate (forSkus null),live-prod-2026-09-20
GBSleek5MtlRollGlMatt,GB-SLK-CLR-5ML-MRL-MGLD,GBSleek5MtlRollGlMatt,Sleek 5ml Clear 13 415,sleek-5ml-clear-13-415,2d478573b1df3f3aef05267fbc7f7a7a3e9ffdb2f88571f005e2e0057d667a26,no_kit,,No productKits row served for current published plate (forSkus null),live-prod-2026-09-20
GBSleek5MtlRollGlSh,GB-SLK-CLR-5ML-MRL-SGLD,GBSleek5MtlRollGlSh,Sleek 5ml Clear 13 415,sleek-5ml-clear-13-415,5c548b9d19acc627393dc86c0294fbf272971f1209ee4c4b7c348266a0730ad3,no_kit,,No productKits row served for current published plate (forSkus null),live-prod-2026-09-20
GBSleek5MtlRollPinkDot,GB-SLK-CLR-5ML-MRL-PKDT,GBSleek5MtlRollPinkDot,Sleek 5ml Clear 13 415,sleek-5ml-clear-13-415,f5fe7502ff4a331900d495086cf7388eed3ef914615016c4a21419ea35e85c3e,no_kit,,No productKits row served for current published plate (forSkus null),live-prod-2026-09-20
GBSleek5MtlRollSlDot,GB-SLK-CLR-5ML-MRL-SLDT,GBSleek5MtlRollSlDot,Sleek 5ml Clear 13 415,sleek-5ml-clear-13-415,d5ada7c3ebcf0e8ca25815bf161909913bed75d75cf0a7930b7951534c2736c8,no_kit,,No productKits row served for current published plate (forSkus null),live-prod-2026-09-20
GBSleek5MtlRollSlMatt,GB-SLK-CLR-5ML-MRL-MSLV,GBSleek5MtlRollSlMatt,Sleek 5ml Clear 13 415,sleek-5ml-clear-13-415,78c7918813705101f9d8436da21c5d69c1de59e5c0e0052183ec7d5378f41d26,no_kit,,No productKits row served for current published plate (forSkus null),live-prod-2026-09-20
GBSleek5MtlRollSlSh,GB-SLK-CLR-5ML-MRL-SSLV,GBSleek5MtlRollSlSh,Sleek 5ml Clear 13 415,sleek-5ml-clear-13-415,f14eff2f19863d9715f7d8ba189c32ec2ed51c065bdac658f4a9b388699d0ce2,no_kit,,No productKits row served for current published plate (forSkus null),live-prod-2026-09-20
GBSleek5RollBlkDot,GB-SLK-CLR-5ML-ROL-BKDT,GBSleek5RollBlkDot,Sleek 5ml Clear 13 415,sleek-5ml-clear-13-415,6d38574dcd359b51e8e943a94de058e1e3840abd75dd9fdca42a1c19b33fa309,no_kit,,No productKits row served for current published plate (forSkus null),live-prod-2026-09-20
GBSleek5RollBlkSh,GB-SLK-CLR-5ML-ROL-SBLK,GBSleek5RollBlkSh,Sleek 5ml Clear 13 415,sleek-5ml-clear-13-415,a308f8d4fb02e0339a7266c380537b7278c258c66227270fd52445bb956d52df,no_kit,,No productKits row served for current published plate (forSkus null),live-prod-2026-09-20
GBSleek5RollCuMatt,GB-SLK-CLR-5ML-ROL-MCPR,GBSleek5RollCuMatt,Sleek 5ml Clear 13 415,sleek-5ml-clear-13-415,37825eae41e5a30ee278ab18e27aba3ec4edd8310c0aeec6788dd935e6869079,no_kit,,No productKits row served for current published plate (forSkus null),live-prod-2026-09-20
GBSleek5RollGlMatt,GB-SLK-CLR-5ML-ROL-MGLD,GBSleek5RollGlMatt,Sleek 5ml Clear 13 415,sleek-5ml-clear-13-415,2d478573b1df3f3aef05267fbc7f7a7a3e9ffdb2f88571f005e2e0057d667a26,no_kit,,No productKits row served for current published plate (forSkus null),live-prod-2026-09-20
GBSleek5RollGlSh,GB-SLK-CLR-5ML-ROL-SGLD,GBSleek5RollGlSh,Sleek 5ml Clear 13 415,sleek-5ml-clear-13-415,5c548b9d19acc627393dc86c0294fbf272971f1209ee4c4b7c348266a0730ad3,no_kit,,No productKits row served for current published plate (forSkus null),live-prod-2026-09-20
GBSleek5RollPinkDot,GB-SLK-CLR-5ML-ROL-PKDT,GBSleek5RollPinkDot,Sleek 5ml Clear 13 415,sleek-5ml-clear-13-415,f5fe7502ff4a331900d495086cf7388eed3ef914615016c4a21419ea35e85c3e,no_kit,,No productKits row served for current published plate (forSkus null),live-prod-2026-09-20
GBSleek5RollSlDot,GB-SLK-CLR-5ML-ROL-SLDT,GBSleek5RollSlDot,Sleek 5ml Clear 13 415,sleek-5ml-clear-13-415,d5ada7c3ebcf0e8ca25815bf161909913bed75d75cf0a7930b7951534c2736c8,no_kit,,No productKits row served for current published plate (forSkus null),live-prod-2026-09-20
GBSleek5RollSlMatt,GB-SLK-CLR-5ML-ROL-MSLV,GBSleek5RollSlMatt,Sleek 5ml Clear 13 415,sleek-5ml-clear-13-415,78c7918813705101f9d8436da21c5d69c1de59e5c0e0052183ec7d5378f41d26,no_kit,,No productKits row served for current published plate (forSkus null),live-prod-2026-09-20
GBSleek5RollSlSh,GB-SLK-CLR-5ML-ROL-SSLV,GBSleek5RollSlSh,Sleek 5ml Clear 13 415,sleek-5ml-clear-13-415,f14eff2f19863d9715f7d8ba189c32ec2ed51c065bdac658f4a9b388699d0ce2,no_kit,,No productKits row served for current published plate (forSkus null),live-prod-2026-09-20
GBSleek5Sl,GB-SLK-CLR-5ML-SLV-T,GBSleek5Sl,Sleek 5ml Clear 13 415,sleek-5ml-clear-13-415,0ca47523b713f9d9b2745c2267be0559aa3b8d15dc1af0790ef37be5d5f39dee,no_kit,,No productKits row served for current published plate (forSkus null),live-prod-2026-09-20
GBSleek5SpryBlkMatt,GB-SLK-CLR-5ML-SPR-MBLK,GBSleek5SpryBlkMatt,Sleek 5ml Clear 13 415,sleek-5ml-clear-13-415,9ef6c7723495cd913730cd9da719d3ddfa2b56dc2629a255413daaec58992383,no_kit,,No productKits row served for current published plate (forSkus null),live-prod-2026-09-20
GBSleek5SpryBlkSh,GB-SLK-CLR-5ML-SPR-SBLK,GBSleek5SpryBlkSh,Sleek 5ml Clear 13 415,sleek-5ml-clear-13-415,55e67a0e28ec1ca93a4abbd823f7797b13061c17f061c8e643b428cb037dfdc2,no_kit,,No productKits row served for current published plate (forSkus null),live-prod-2026-09-20
GBSleek5SpryBluMatt,GB-SLK-CLR-5ML-SPR-MBLU,GBSleek5SpryBluMatt,Sleek 5ml Clear 13 415,sleek-5ml-clear-13-415,25623f7376595d95c12c16d7f556df6997e7d15cfec47162f1341398b3228cfe,no_kit,,No productKits row served for current published plate (forSkus null),live-prod-2026-09-20
GBSleek5SpryCuMatt,GB-SLK-CLR-5ML-SPR-MCPR,GBSleek5SpryCuMatt,Sleek 5ml Clear 13 415,sleek-5ml-clear-13-415,7c628b158e782ecd87b9e44199df33e4ede3e442e540ca095ef4e033f8982122,no_kit,,No productKits row served for current published plate (forSkus null),live-prod-2026-09-20
GBSleek5SpryGlMatt,GB-SLK-CLR-5ML-SPR-MGLD,GBSleek5SpryGlMatt,Sleek 5ml Clear 13 415,sleek-5ml-clear-13-415,27477e77fcdb40721a9b870e39eb2b6c7ce9d3cbc5bd9399d63c30e36c676a48,no_kit,,No productKits row served for current published plate (forSkus null),live-prod-2026-09-20
GBSleek5SpryGlSh,GB-SLK-CLR-5ML-SPR-SGLD,GBSleek5SpryGlSh,Sleek 5ml Clear 13 415,sleek-5ml-clear-13-415,532a5e47fa0f73082d3671a0f5c19b64f9c5c22d88da3f54d974efa4e057c151,no_kit,,No productKits row served for current published plate (forSkus null),live-prod-2026-09-20
GBSleek5SprySlMatt,GB-SLK-CLR-5ML-SPR-MSLV,GBSleek5SprySlMatt,Sleek 5ml Clear 13 415,sleek-5ml-clear-13-415,ea18cdb516cc67f6534a40573cb986b9043601ef9a54531f5b90ae4cf892c3e5,no_kit,,No productKits row served for current published plate (forSkus null),live-prod-2026-09-20
GBSleek5SprySlSh,GB-SLK-CLR-5ML-SPR-SSLV,GBSleek5SprySlSh,Sleek 5ml Clear 13 415,sleek-5ml-clear-13-415,a7e28f57afb845325108acc5b950e58ee2c987b85940f84bf5a1ad8d91395ea8,no_kit,,No productKits row served for current published plate (forSkus null),live-prod-2026-09-20
GBSleek5WhtSht,GB-SLK-WHT-5ML-WHT-S,GBSleek5WhtSht,Sleek 5ml Clear 13 415,sleek-5ml-clear-13-415,4a934667848f1c905552b9e4adaafb1bb412cfeffbb6b3847ac2f5ace799350b,no_kit,,No productKits row served for current published plate (forSkus null),live-prod-2026-09-20
GBSleek8BlkSht,GB-SLK-CLR-8ML-S,GBSleek8BlkSht,Sleek 8ml Clear 13 415,sleek-8ml-clear-13-415,231eb0002d6d49f49093fcd4a284ef23593422c67489a85bec4059ccd967c8a2,kit_complete,full,,live-prod-2026-09-20
GBSleek8Gl,GB-SLK-CLR-8ML-GLD-T,GBSleek8Gl,Sleek 8ml Clear 13 415,sleek-8ml-clear-13-415,7e6f2890944943eca528297f5b3828d638099703f54d371f18b8cfe1c20b9909,kit_complete,full,,live-prod-2026-09-20
GBSleek8MtlRollBlkDot,GB-SLK-CLR-8ML-MRL-BKDT,GBSleek8MtlRollBlkDot,Sleek 8ml Clear 13 415,sleek-8ml-clear-13-415,5c0fa126fa09ebbfdcbd0b488a49d0849494bd1056000190d314f5da09250edc,kit_complete,full,,live-prod-2026-09-20
GBSleek8MtlRollBlkSh,GB-SLK-CLR-8ML-MRL-SBLK,GBSleek8MtlRollBlkSh,Sleek 8ml Clear 13 415,sleek-8ml-clear-13-415,c65d0c076b183ba2b3081137b7fbd3062368d5c3cf92ec875cb8c9e703d5eff9,kit_complete,full,,live-prod-2026-09-20
GBSleek8MtlRollCuMatt,GB-SLK-CLR-8ML-MRL-MCPR,GBSleek8MtlRollCuMatt,Sleek 8ml Clear 13 415,sleek-8ml-clear-13-415,68b36fc6760a6a61b7dee40941609e69f8862b0455705b7cdef88953f8294f4e,kit_complete,full,,live-prod-2026-09-20
GBSleek8MtlRollGlMatt,GB-SLK-CLR-8ML-MRL-MGLD,GBSleek8MtlRollGlMatt,Sleek 8ml Clear 13 415,sleek-8ml-clear-13-415,05a8c83a922013c02c175f21024e7e876948b25ffee35f2174eb9b329a8bfd31,kit_complete,full,,live-prod-2026-09-20
GBSleek8MtlRollGlSh,GB-SLK-CLR-8ML-MRL-SGLD,GBSleek8MtlRollGlSh,Sleek 8ml Clear 13 415,sleek-8ml-clear-13-415,9faaa67032c4c0bc1dc2c1ae91f5009f26348de4837e6e038576837a9f360b42,kit_complete,full,,live-prod-2026-09-20
GBSleek8MtlRollPinkDot,GB-SLK-CLR-8ML-MRL-PKDT,GBSleek8MtlRollPinkDot,Sleek 8ml Clear 13 415,sleek-8ml-clear-13-415,65133d82966ac3615c60f5126b59b07492a6fe222a5c3ea8ab730ca5c011b81f,kit_complete,full,,live-prod-2026-09-20
GBSleek8MtlRollSlDot,GB-SLK-CLR-8ML-MRL-SLDT,GBSleek8MtlRollSlDot,Sleek 8ml Clear 13 415,sleek-8ml-clear-13-415,81d7ec03505607b7007fc76a25545230dc9257609fc8018b1c5d84c5f789bcce,kit_complete,full,,live-prod-2026-09-20
GBSleek8MtlRollSlMatt,GB-SLK-CLR-8ML-MRL-MSLV,GBSleek8MtlRollSlMatt,Sleek 8ml Clear 13 415,sleek-8ml-clear-13-415,b115a4f99eedaf66c6ad6d187f58fe761734a61af5198ed0b7cd42a5299d58ba,kit_complete,full,,live-prod-2026-09-20
GBSleek8MtlRollSlSh,GB-SLK-CLR-8ML-MRL-SSLV,GBSleek8MtlRollSlSh,Sleek 8ml Clear 13 415,sleek-8ml-clear-13-415,3116628eccab7ae3c8a800ad51c7cb5faa0c36ae100edb219a5ec4646949d3a9,kit_complete,full,,live-prod-2026-09-20
GBSleek8RollBlkDot,GB-SLK-CLR-8ML-ROL-BKDT,GBSleek8RollBlkDot,Sleek 8ml Clear 13 415,sleek-8ml-clear-13-415,5c0fa126fa09ebbfdcbd0b488a49d0849494bd1056000190d314f5da09250edc,kit_complete,full,,live-prod-2026-09-20
GBSleek8RollBlkSh,GB-SLK-CLR-8ML-ROL-SBLK,GBSleek8RollBlkSh,Sleek 8ml Clear 13 415,sleek-8ml-clear-13-415,c65d0c076b183ba2b3081137b7fbd3062368d5c3cf92ec875cb8c9e703d5eff9,kit_complete,full,,live-prod-2026-09-20
GBSleek8RollCuMatt,GB-SLK-CLR-8ML-ROL-MCPR,GBSleek8RollCuMatt,Sleek 8ml Clear 13 415,sleek-8ml-clear-13-415,68b36fc6760a6a61b7dee40941609e69f8862b0455705b7cdef88953f8294f4e,kit_complete,full,,live-prod-2026-09-20
GBSleek8RollGlMatt,GB-SLK-CLR-8ML-ROL-MGLD,GBSleek8RollGlMatt,Sleek 8ml Clear 13 415,sleek-8ml-clear-13-415,05a8c83a922013c02c175f21024e7e876948b25ffee35f2174eb9b329a8bfd31,kit_complete,full,,live-prod-2026-09-20
GBSleek8RollGlSh,GB-SLK-CLR-8ML-ROL-SGLD,GBSleek8RollGlSh,Sleek 8ml Clear 13 415,sleek-8ml-clear-13-415,9faaa67032c4c0bc1dc2c1ae91f5009f26348de4837e6e038576837a9f360b42,kit_complete,full,,live-prod-2026-09-20
GBSleek8RollPinkDot,GB-SLK-CLR-8ML-ROL-PKDT,GBSleek8RollPinkDot,Sleek 8ml Clear 13 415,sleek-8ml-clear-13-415,65133d82966ac3615c60f5126b59b07492a6fe222a5c3ea8ab730ca5c011b81f,kit_complete,full,,live-prod-2026-09-20
GBSleek8RollSlDot,GB-SLK-CLR-8ML-ROL-SLDT,GBSleek8RollSlDot,Sleek 8ml Clear 13 415,sleek-8ml-clear-13-415,81d7ec03505607b7007fc76a25545230dc9257609fc8018b1c5d84c5f789bcce,kit_complete,full,,live-prod-2026-09-20
GBSleek8RollSlMatt,GB-SLK-CLR-8ML-ROL-MSLV,GBSleek8RollSlMatt,Sleek 8ml Clear 13 415,sleek-8ml-clear-13-415,b115a4f99eedaf66c6ad6d187f58fe761734a61af5198ed0b7cd42a5299d58ba,kit_complete,full,,live-prod-2026-09-20
GBSleek8RollSlSh,GB-SLK-CLR-8ML-ROL-SSLV,GBSleek8RollSlSh,Sleek 8ml Clear 13 415,sleek-8ml-clear-13-415,eba4aeaf23c4f5473f952f3e5b990ba0da2c9374ecac78ad8ca6253a087b1e4f,kit_complete,full,,live-prod-2026-09-20
GBSleek8Sl,GB-SLK-CLR-8ML-SLV-T,GBSleek8Sl,Sleek 8ml Clear 13 415,sleek-8ml-clear-13-415,e706503bd881f21a3ed9c2936e813ee028805bfc05228ce5440c6d9056c066d3,kit_complete,full,,live-prod-2026-09-20
GBSleek8SpryBlkMatt,GB-SLK-CLR-8ML-SPR-MBLK,GBSleek8SpryBlkMatt,Sleek 8ml Clear 13 415,sleek-8ml-clear-13-415,e5a99760e9355be2fa2d83420c0814ae2a6cda9d375b8be54ff9c5b2e82c84eb,kit_complete,full,,live-prod-2026-09-20
GBSleek8SpryBlkSh,GB-SLK-CLR-8ML-SPR-SBLK,GBSleek8SpryBlkSh,Sleek 8ml Clear 13 415,sleek-8ml-clear-13-415,5d76ce1fc6172e3ce7113b7f45c60c87fd20b728085b3748031a6cd6a86bb114,kit_complete,full,,live-prod-2026-09-20
GBSleek8SpryBluMatt,GB-SLK-CLR-8ML-SPR-MBLU,GBSleek8SpryBluMatt,Sleek 8ml Clear 13 415,sleek-8ml-clear-13-415,969043386cc7e651de5f6e101e9856266193fa15f18eef852daa62296223711d,kit_complete,full,,live-prod-2026-09-20
GBSleek8SpryCuMatt,GB-SLK-CLR-8ML-SPR-MCPR,GBSleek8SpryCuMatt,Sleek 8ml Clear 13 415,sleek-8ml-clear-13-415,f32cf52c76344bb632ca58f5b11f2b9006247c9ee03f4a7e6dbbe5006dcc9da2,no_kit,,No productKits row served for current published plate (forSkus null),live-prod-2026-09-20
GBSleek8SpryGlMatt,GB-SLK-CLR-8ML-SPR-MGLD,GBSleek8SpryGlMatt,Sleek 8ml Clear 13 415,sleek-8ml-clear-13-415,797fca2941bcfa28a50df05f4fdf21cfe57b1448f0b921d93d64402583902c39,kit_complete,full,,live-prod-2026-09-20
GBSleek8SpryGlSh,GB-SLK-CLR-8ML-SPR-SGLD,GBSleek8SpryGlSh,Sleek 8ml Clear 13 415,sleek-8ml-clear-13-415,fe4eca5c3560a10f1ac88814550ea042779fda7fe3c7fe7aae11691f8dfa8087,kit_complete,full,,live-prod-2026-09-20
GBSleek8SprySlMatt,GB-SLK-CLR-8ML-SPR-MSLV,GBSleek8SprySlMatt,Sleek 8ml Clear 13 415,sleek-8ml-clear-13-415,be40fb610c77f036b62e9a167ba66be63a08500a1672fdcd46ed26f55800a20e,kit_complete,full,,live-prod-2026-09-20
GBSleek8SprySlSh,GB-SLK-CLR-8ML-SPR-SSLV,GBSleek8SprySlSh,Sleek 8ml Clear 13 415,sleek-8ml-clear-13-415,e4624b95e211f27c36c649ab113b5ebec4bea9c3d9ea7b94e1b176ddeaf7076c,kit_complete,full,,live-prod-2026-09-20
GBSleek8WhtSht,GB-SLK-WHT-8ML-WHT-S,GBSleek8WhtSht,Sleek 8ml Clear 13 415,sleek-8ml-clear-13-415,7e1baa7913a1e21d5e97dffd07bd79ef5f18f306e4dbc565ddcf788e9a2256ef,no_kit,,No productKits row served for current published plate (forSkus null),live-prod-2026-09-20
GBSlm100AnSpBlk,GB-SLM-CLR-100ML-ASP-BLK,GBSlm100AnSpBlk,Slim 100ml Clear 18 415,slim-100ml-clear-18-415,1a3f54d23e60b92f31612f1cb91cc7135be25858432ec9c6f078e95a93c7d17b,no_kit,,No productKits row served for current published plate (forSkus null),live-prod-2026-09-20
GBSlm100AnSpGl,GB-SLM-CLR-100ML-ASP-GLD,GBSlm100AnSpGl,Slim 100ml Clear 18 415,slim-100ml-clear-18-415,d42cc60c269d1ee6be9e2233a4704bd4dae41cdcc77b67b175bc8387466a69c6,no_kit,,No productKits row served for current published plate (forSkus null),live-prod-2026-09-20
GBSlm100AnSpIvyGl,GB-SLM-CLR-100ML-ASP-IVGD,GBSlm100AnSpIvyGl,Slim 100ml Clear 18 415,slim-100ml-clear-18-415,802c23e5f42be9a6ebfa84edf2013ccf112a75116125babfaa8a61408a34fb4f,kit_complete,full,,live-prod-2026-09-20
GBSlm100AnSpIvySl,GB-SLM-CLR-100ML-ASP-IVSL,GBSlm100AnSpIvySl,Slim 100ml Clear 18 415,slim-100ml-clear-18-415,3342d3f3e272d0efebadba8c3dd810d7f56a886fcec538f57878f3ac4fa9b599,kit_complete,full,,live-prod-2026-09-20
GBSlm100AnSpLvn,GB-SLM-CLR-100ML-ASP-LVN,GBSlm100AnSpLvn,Slim 100ml Clear 18 415,slim-100ml-clear-18-415,921a85f84b2378cef8d00f233372d7df261478a3575a887c21b2446646334133,kit_complete,full,,live-prod-2026-09-20
GBSlm100AnSpMtSl,GB-SLM-CLR-100ML-ASP-MSLV,GBSlm100AnSpMtSl,Slim 100ml Clear 18 415,slim-100ml-clear-18-415,6fef922a2a0f370f4afacdaca1834ae30e3bbecda49b674dd89197ae671b292b,no_kit,,No productKits row served for current published plate (forSkus null),live-prod-2026-09-20
GBSlm100AnSpPnk,GB-SLM-CLR-100ML-ASP-PNK,GBSlm100AnSpPnk,Slim 100ml Clear 18 415,slim-100ml-clear-18-415,1ed8818de6a9e997db7e29033f644e74ba6ec758ae5c0cc40b792657423b901a,no_kit,,No productKits row served for current published plate (forSkus null),live-prod-2026-09-20
GBSlm100AnSpRed,GB-SLM-CLR-100ML-ASP-RED,GBSlm100AnSpRed,Slim 100ml Clear 18 415,slim-100ml-clear-18-415,9746654c025f305906cfbfe31d5d0771d869fceddd9e4882738ec94cd6fb91a4,no_kit,,No productKits row served for current published plate (forSkus null),live-prod-2026-09-20
GBSlm100AnSpTslBlk,GB-SLM-CLR-100ML-AST-BLK,GBSlm100AnSpTslBlk,Slim 100ml Clear 18 415,slim-100ml-clear-18-415,3892bbdd88115656bf7abbcd012524aaa11a7eb5d54f188dccfd7625bd4f9df9,no_kit,,No productKits row served for current published plate (forSkus null),live-prod-2026-09-20
GBSlm100AnSpTslGl,GB-SLM-CLR-100ML-AST-GLD,GBSlm100AnSpTslGl,Slim 100ml Clear 18 415,slim-100ml-clear-18-415,4384c4195457210210274666e57781de2c1fa5781f0de82f7147e4b33c44fe5f,no_kit,,No productKits row served for current published plate (forSkus null),live-prod-2026-09-20
GBSlm100AnSpTslIvyGl,GB-SLM-CLR-100ML-AST-IVGD,GBSlm100AnSpTslIvyGl,Slim 100ml Clear 18 415,slim-100ml-clear-18-415,1d645615c3a87d644b4847af45da4a485e4567f2aa788bec1277bfa90b4cd782,no_kit,,No productKits row served for current published plate (forSkus null),live-prod-2026-09-20
GBSlm100AnSpTslIvySl,GB-SLM-CLR-100ML-AST-IVSL,GBSlm100AnSpTslIvySl,Slim 100ml Clear 18 415,slim-100ml-clear-18-415,2085fcf1802bbdcda3d0255d13bfe2fc3c1dae79dbd32cef51c1ba1983186f5a,no_kit,,No productKits row served for current published plate (forSkus null),live-prod-2026-09-20
GBSlm100AnSpTslLvn,GB-SLM-CLR-100ML-AST-LVN,GBSlm100AnSpTslLvn,Slim 100ml Clear 18 415,slim-100ml-clear-18-415,8f4ec577a1e0a5f282f0ee1ab556607b605c19ec56a77340264245533ff88ccb,no_kit,,No productKits row served for current published plate (forSkus null),live-prod-2026-09-20
GBSlm100AnSpTslMtSl,GB-SLM-CLR-100ML-AST-MSLV,GBSlm100AnSpTslMtSl,Slim 100ml Clear 18 415,slim-100ml-clear-18-415,4f7b940c798d2cd6154c8ddcc95b7a2b2a59669ace658e35fe342286f2f6c35a,no_kit,,No productKits row served for current published plate (forSkus null),live-prod-2026-09-20
GBSlm100AnSpTslPnk,GB-SLM-CLR-100ML-AST-PNK,GBSlm100AnSpTslPnk,Slim 100ml Clear 18 415,slim-100ml-clear-18-415,afe6b81ee6ef06672eb4c351161edb5273f416a002268687564d10daebfb2da5,no_kit,,No productKits row served for current published plate (forSkus null),live-prod-2026-09-20
GBSlm100AnSpTslRed,GB-SLM-CLR-100ML-AST-RED,GBSlm100AnSpTslRed,Slim 100ml Clear 18 415,slim-100ml-clear-18-415,d9ee349936d085b9c6f5d3a8ee218cea9bdd3d2250c51257bb3635f7213e9a4d,no_kit,,No productKits row served for current published plate (forSkus null),live-prod-2026-09-20
GBSlm100AnSpTslWht,GB-SLM-CLR-100ML-AST-WHT,GBSlm100AnSpTslWht,Slim 100ml Clear 18 415,slim-100ml-clear-18-415,1967788e51d6bbe5b2e2bb6bbbee22a9a433610c2e75a15e20ea12a355c48d20,no_kit,,No productKits row served for current published plate (forSkus null),live-prod-2026-09-20
GBSlm100AnSpWht,GB-SLM-CLR-100ML-ASP-WHT,GBSlm100AnSpWht,Slim 100ml Clear 18 415,slim-100ml-clear-18-415,98c4fa6de5bdacbabff15f39f9e68b4cf07f653be778991a71733484e588d7a5,kit_complete,full,,live-prod-2026-09-20
GBSlm100RdcrBlkLthr,GB-SLM-CLR-100ML-RDC-BKLT,GBSlm100RdcrBlkLthr,Slim 100ml Clear 18 415,slim-100ml-clear-18-415,e301dde762e20e471886431fec573517be26070327f352ebb4e7b00443c6828f,no_kit,,No productKits row served for current published plate (forSkus null),live-prod-2026-09-20
GBSlm100RdcrBrwnLthr,GB-SLM-CLR-100ML-RDC-BRLT,GBSlm100RdcrBrwnLthr,Slim 100ml Clear 18 415,slim-100ml-clear-18-415,1b3de777acde3f64b12b1c1887f5a758e393fdf715e3faf16196b4982d3c4504,kit_complete,full,,live-prod-2026-09-20
GBSlm100RdcrIvyLthr,GB-SLM-CLR-100ML-RDC-IVLT,GBSlm100RdcrIvyLthr,Slim 100ml Clear 18 415,slim-100ml-clear-18-415,8ff5c990218be2d1ef229cfecbb9cc820aefc73bdca9af80164acf73236c7912,kit_complete,full,,live-prod-2026-09-20
GBSlm100RdcrLBrwnLthr,GB-SLM-CLR-100ML-RDC-LBLT,GBSlm100RdcrLBrwnLthr,Slim 100ml Clear 18 415,slim-100ml-clear-18-415,46b4247fdb6caf61aebf1640dbdd3b9cafbc5e5f746f7f9e2e4f30656d7761cc,no_kit,,No productKits row served for current published plate (forSkus null),live-prod-2026-09-20
GBSlm100RdcrMtSl,GB-SLM-CLR-100ML-RDC-MSLV,GBSlm100RdcrMtSl,Slim 100ml Clear 18 415,slim-100ml-clear-18-415,428acef2e1099caf80ff47ddbb026a663cfa0e67e53fb47f9878b53ecc50cb06,no_kit,,No productKits row served for current published plate (forSkus null),live-prod-2026-09-20
GBSlm100RdcrMtSlTall,GB-SLM-CLR-100ML-RDC-MSLV-T,GBSlm100RdcrMtSlTall,Slim 100ml Clear 18 415,slim-100ml-clear-18-415,e131d15e012cb19871a4c769ed50dabf7dbe00c7191e879e0e801de9f51b17cd,no_kit,,No productKits row served for current published plate (forSkus null),live-prod-2026-09-20
GBSlm100RdcrPnkLthr,GB-SLM-CLR-100ML-RDC-PKLT,GBSlm100RdcrPnkLthr,Slim 100ml Clear 18 415,slim-100ml-clear-18-415,84088c625f918299b225744510d51b0584b80ea10568df1c13301cb03f87fc10,kit_complete,full,,live-prod-2026-09-20
GBSlm100RdcrShnBlk,GB-SLM-CLR-100ML-RDC-SBLK,GBSlm100RdcrShnBlk,Slim 100ml Clear 18 415,slim-100ml-clear-18-415,e236c7050e0f4a0e465b18e0821da0ecdcd4f9145156107dcba6b746055fff16,kit_complete,full,,live-prod-2026-09-20
GBSlm100RdcrShnBlkTall,GB-SLM-CLR-100ML-RDC-SBLK-T,GBSlm100RdcrShnBlkTall,Slim 100ml Clear 18 415,slim-100ml-clear-18-415,5b6064d71a18108847b1dd37962730dbb2ccb53f5b166680159208f333f98160,kit_complete,full,,live-prod-2026-09-20
GBSlm100RdcrShnGl,GB-SLM-CLR-100ML-RDC-SGLD,GBSlm100RdcrShnGl,Slim 100ml Clear 18 415,slim-100ml-clear-18-415,1cfbf94de7fac8218662e9dbd95b47a8e505a2fc9e7abf4a98751def8f00adb0,kit_complete,full,,live-prod-2026-09-20
GBSlm100RdcrShnSl,GB-SLM-CLR-100ML-RDC-SSLV,GBSlm100RdcrShnSl,Slim 100ml Clear 18 415,slim-100ml-clear-18-415,8bf3b026464c236ab5487d1265e710ef6720c147792a9503aa3ff1b76177c334,no_kit,,No productKits row served for current published plate (forSkus null),live-prod-2026-09-20
GBSlm100RdcrWht,GB-SLM-CLR-100ML-RDC-WHT,GBSlm100RdcrWht,Slim 100ml Clear 18 415,slim-100ml-clear-18-415,901bda19c263700b0311af742448b16228cab83b8e03208eae267a26c87ca227,no_kit,,No productKits row served for current published plate (forSkus null),live-prod-2026-09-20
GBSlm100SpryCu,GB-SLM-CLR-100ML-SPR-CPR,GBSlm100SpryCu,Slim 100ml Clear 18 415,slim-100ml-clear-18-415,02eeb03f1b2728bed89bccfdbe9dbf0cc9250ab1c43b277a6b1e7780a2c34b69,kit_complete,full,,live-prod-2026-09-20
GBSlm100SpryMtGl,GB-SLM-CLR-100ML-SPR-MGLD,GBSlm100SpryMtGl,Slim 100ml Clear 18 415,slim-100ml-clear-18-415,6c0a516b1d47f9c39fe3d7be205b1e18840c7372f48abc23b1d68a7467c779af,kit_complete,full,,live-prod-2026-09-20
GBSlm100SpryMtSl,GB-SLM-CLR-100ML-SPR-MSLV,GBSlm100SpryMtSl,Slim 100ml Clear 18 415,slim-100ml-clear-18-415,29de1802e491ad78854c64406855cd44c717570d8f9383e73672047c5aecc8c8,no_kit,,No productKits row served for current published plate (forSkus null),live-prod-2026-09-20
GBSlm100SpryShnBlk,GB-SLM-CLR-100ML-SPR-SBLK,GBSlm100SpryShnBlk,Slim 100ml Clear 18 415,slim-100ml-clear-18-415,f32df7b709b645c5c894d81a4fa6174c917ea3e2ca2e26dbd65dfb71db73c433,kit_complete,full,,live-prod-2026-09-20
GBSlm100SpryShnGl,GB-SLM-CLR-100ML-SPR-SGLD,GBSlm100SpryShnGl,Slim 100ml Clear 18 415,slim-100ml-clear-18-415,f6e6dc2543a8841e3f03a3075e8bd27992ef66d983d3e75563d293cba971f5e8,kit_complete,full,,live-prod-2026-09-20
GBSlm100SpryShnSl,GB-SLM-CLR-100ML-SPR-SSLV,GBSlm100SpryShnSl,Slim 100ml Clear 18 415,slim-100ml-clear-18-415,60e8d63118817d821a6d4b0a6e1254efd13c66eff86f50e0a4affe3987ea2185,kit_complete,full,,live-prod-2026-09-20
LBSlm100LtnCu,LB-SLM-CLR-100ML-LPM-CPR,LBSlm100LtnCu,Slim 100ml Clear 18 415,slim-100ml-clear-18-415,938cf9ec788aecc10ffa9fbab61b190d2c2a5134efdf293022f266b1d0e781ac,kit_complete,full,,live-prod-2026-09-20
LBSlm100LtnMtGl,LB-SLM-CLR-100ML-LPM-MGLD,LBSlm100LtnMtGl,Slim 100ml Clear 18 415,slim-100ml-clear-18-415,0c067f1042f1900fcf57e5e6c493aafbcde149fb8664f2f020e72b479cc45c27,kit_complete,full,,live-prod-2026-09-20
LBSlm100LtnMtSl,LB-SLM-CLR-100ML-LPM-MSLV,LBSlm100LtnMtSl,Slim 100ml Clear 18 415,slim-100ml-clear-18-415,6f71807993bdb7cd36a733e9bcdfa0f5c53bc43aa540041c2577b2723fab2bac,kit_complete,full,,live-prod-2026-09-20
LBSlm100LtnShnBlk,LB-SLM-CLR-100ML-LPM-SBLK,LBSlm100LtnShnBlk,Slim 100ml Clear 18 415,slim-100ml-clear-18-415,a50e1bbf96c474b78c92b0ef5a302c1c5953c33d9ef4fecedbbfd8ade89b6d6c,kit_complete,full,,live-prod-2026-09-20
LBSlm100LtnShnGl,LB-SLM-CLR-100ML-LPM-SGLD,LBSlm100LtnShnGl,Slim 100ml Clear 18 415,slim-100ml-clear-18-415,98b48cdc578717ef98e52cdee91cfc6950ec5b314881a59ed4f30124bc19f8d5,kit_complete,full,,live-prod-2026-09-20
LBSlm100LtnShnSl,LB-SLM-CLR-100ML-LPM-SSLV,LBSlm100LtnShnSl,Slim 100ml Clear 18 415,slim-100ml-clear-18-415,9aef530545f2ca330cf4b421c28f1cc239f69f0d30a936f49165a2af8a817db2,kit_complete,full,,live-prod-2026-09-20
LBSlm100MtSlClOvrCap,LB-SLM-CLR-100ML-MSLV-T,LBSlm100MtSlClOvrCap,Slim 100ml Clear 18 415,slim-100ml-clear-18-415,6460107737f12ae53a3204574bc4868ab0cef5616847ecf8a943719464cc131e,kit_complete,full,,live-prod-2026-09-20
GBSlm30AnSpBlk,GB-SLM-CLR-30ML-ASP-BLK,GBSlm30AnSpBlk,Slim 30ml Clear 18 415,slim-30ml-clear-18-415,5a364295a7963e3e1e5c17e2d92677721f5203ae03808604f1e82e6e70fd8022,kit_complete,full,,live-prod-2026-09-20
GBSlm30AnSpGl,GB-SLM-CLR-30ML-ASP-GLD,GBSlm30AnSpGl,Slim 30ml Clear 18 415,slim-30ml-clear-18-415,c3ba3a9b0f1ef46c067c5b1c1ecf1656ef4b3cfd2fa648ce9e5391ba7482bb5a,kit_complete,full,,live-prod-2026-09-20
GBSlm30AnSpIvyGl,GB-SLM-CLR-30ML-ASP-IVGD,GBSlm30AnSpIvyGl,Slim 30ml Clear 18 415,slim-30ml-clear-18-415,42b61d6e84fb755931331b4f3f0205e411be75ee845b2bb9a6c5e9dc35174291,kit_complete,full,,live-prod-2026-09-20
GBSlm30AnSpIvySl,GB-SLM-CLR-30ML-ASP-IVSL,GBSlm30AnSpIvySl,Slim 30ml Clear 18 415,slim-30ml-clear-18-415,9a6cb54ae7f14cc702fcb6ca4596987d4fb258dcce6bfb9de5392cc49ffbebc8,kit_complete,full,,live-prod-2026-09-20
GBSlm30AnSpLvn,GB-SLM-CLR-30ML-ASP-LVN,GBSlm30AnSpLvn,Slim 30ml Clear 18 415,slim-30ml-clear-18-415,1d2395c7737e2f876ff7d9cd4d28c79f8dac3a9e1e448090a13e37057de4feed,kit_complete,full,,live-prod-2026-09-20
GBSlm30AnSpMtSl,GB-SLM-CLR-30ML-ASP-MSLV,GBSlm30AnSpMtSl,Slim 30ml Clear 18 415,slim-30ml-clear-18-415,04ff4b7954596b11f5b78b6a24ccc91a1963186aada21fcccd0b2e4d32b238b8,kit_complete,full,,live-prod-2026-09-20
GBSlm30AnSpPnk,GB-SLM-CLR-30ML-ASP-PNK,GBSlm30AnSpPnk,Slim 30ml Clear 18 415,slim-30ml-clear-18-415,47ccf8b08ae235f3526ef7f8548ebb3b04f3ab2e5ef4264f0bfd267a23de1616,kit_complete,full,,live-prod-2026-09-20
GBSlm30AnSpRed,GB-SLM-CLR-30ML-ASP-RED,GBSlm30AnSpRed,Slim 30ml Clear 18 415,slim-30ml-clear-18-415,c2ace99e95b722fc9d23c464217e3feb14540b6fa1c199c89d2db2f40eb6eb44,kit_complete,full,,live-prod-2026-09-20
GBSlm30AnSpWht,GB-SLM-CLR-30ML-ASP-WHT,GBSlm30AnSpWht,Slim 30ml Clear 18 415,slim-30ml-clear-18-415,978c36bf8483b80b4d016b04f9791f9107f6620185f783b7c24a7568ca902513,kit_complete,full,,live-prod-2026-09-20
GBSlm30DrpCu,GB-SLM-CLR-30ML-DRP-CPR,GBSlm30DrpCu,Slim 30ml Clear 18 415,slim-30ml-clear-18-415,51f6499f2cc94d2b69d0337e606084c880ea9d683d1086a98e04c53819f8804d,kit_complete,full,,live-prod-2026-09-20
GBSlm30DrpGl,GB-SLM-CLR-30ML-DRP-GLD,GBSlm30DrpGl,Slim 30ml Clear 18 415,slim-30ml-clear-18-415,1f2850d91315ff1009486944e46ba8000f241e694cea13c2b07518f0238f6db9,kit_complete,full,,live-prod-2026-09-20
GBSlm30DrpSl,GB-SLM-CLR-30ML-DRP-SLV,GBSlm30DrpSl,Slim 30ml Clear 18 415,slim-30ml-clear-18-415,4f337f060d2c65f7bf2a9fa63eb2fc288da2e240e9aac3733e08210c93d40b84,kit_complete,full,,live-prod-2026-09-20
GBSlm30RdcrBlkLthr,GB-SLM-CLR-30ML-RDC-BKLT,GBSlm30RdcrBlkLthr,Slim 30ml Clear 18 415,slim-30ml-clear-18-415,8859ba3004aee2a22f54bdddb7e5a8125d3562c86c1f56297611ea1963f095c5,kit_complete,full,,live-prod-2026-09-20
GBSlm30RdcrBrwnLthr,GB-SLM-CLR-30ML-RDC-BRLT,GBSlm30RdcrBrwnLthr,Slim 30ml Clear 18 415,slim-30ml-clear-18-415,11631ae6bbeeb24519c0582aaa6bd3776fecdf8efea0bb393812a6bc3a9fdd5f,kit_complete,full,,live-prod-2026-09-20
GBSlm30RdcrIvyLthr,GB-SLM-CLR-30ML-RDC-IVLT,GBSlm30RdcrIvyLthr,Slim 30ml Clear 18 415,slim-30ml-clear-18-415,15fc47dd51fdfa3b838075b2933741cae6e865482b32ba2ecc58bdf5aec3da2e,kit_complete,full,,live-prod-2026-09-20
GBSlm30RdcrLBrwnLthr,GB-SLM-CLR-30ML-RDC-LBLT,GBSlm30RdcrLBrwnLthr,Slim 30ml Clear 18 415,slim-30ml-clear-18-415,49ae42859ac45ac41ca6f169144e7b8ea244e69fad07f34196511bae0360c9a6,kit_complete,full,,live-prod-2026-09-20
GBSlm30RdcrMtSl,GB-SLM-CLR-30ML-RDC-MSLV,GBSlm30RdcrMtSl,Slim 30ml Clear 18 415,slim-30ml-clear-18-415,b61a86e9dfebea9e240d2098a79a9faf2d99516ed4df9db5faccdcba7a216d2b,kit_complete,full,,live-prod-2026-09-20
GBSlm30RdcrMtSlTall,GB-SLM-CLR-30ML-RDC-MSLV-T,GBSlm30RdcrMtSlTall,Slim 30ml Clear 18 415,slim-30ml-clear-18-415,f9b3699b51cb0d2e1d6ea99817e576dc2ffb1b0958a1a52ddd3e9e867d09f696,kit_complete,full,,live-prod-2026-09-20
GBSlm30RdcrPnkLthr,GB-SLM-CLR-30ML-RDC-PKLT,GBSlm30RdcrPnkLthr,Slim 30ml Clear 18 415,slim-30ml-clear-18-415,29ea3ea315d16182554bca94756fb431cbb164d129c6afd9eca0eebd3ca387ed,kit_complete,full,,live-prod-2026-09-20
GBSlm30RdcrShnBlk,GB-SLM-CLR-30ML-RDC-SBLK,GBSlm30RdcrShnBlk,Slim 30ml Clear 18 415,slim-30ml-clear-18-415,9b9493393acb23a9aec101ab417ecd226f568212db3fca33f76c278183688007,kit_complete,full,,live-prod-2026-09-20
GBSlm30RdcrShnBlkTall,GB-SLM-CLR-30ML-RDC-SBLK-T,GBSlm30RdcrShnBlkTall,Slim 30ml Clear 18 415,slim-30ml-clear-18-415,de5dc78af97a0f897a79f289182540a9b42c0acffc5239b9c5e48a8f46833944,kit_complete,full,,live-prod-2026-09-20
GBSlm30RdcrShnGl,GB-SLM-CLR-30ML-RDC-SGLD,GBSlm30RdcrShnGl,Slim 30ml Clear 18 415,slim-30ml-clear-18-415,d89b153e4b168f54838f1ebb3618cf3d3147fe1e892daebbad4439df78f41031,kit_complete,full,,live-prod-2026-09-20
GBSlm30RdcrShnSl,GB-SLM-CLR-30ML-RDC-SSLV,GBSlm30RdcrShnSl,Slim 30ml Clear 18 415,slim-30ml-clear-18-415,c081a0d89d9617b9c04c38315e837572d63a94a90295ed0d713b18162b38d767,kit_complete,full,,live-prod-2026-09-20
GBSlm30RdcrWht,GB-SLM-CLR-30ML-RDC-WHT,GBSlm30RdcrWht,Slim 30ml Clear 18 415,slim-30ml-clear-18-415,d5190582eb4c72daf3d71e06554470abafc7a466451b4a7ad46fbdfe85087ede,kit_complete,full,,live-prod-2026-09-20
GBSlm30SpryCu,GB-SLM-CLR-30ML-SPR-CPR,GBSlm30SpryCu,Slim 30ml Clear 18 415,slim-30ml-clear-18-415,50c81e664814517e3cd25f8bfed9acbac9c9bc89df63f3a988424a2a190b3bd7,no_kit,,No productKits row served for current published plate (forSkus null),live-prod-2026-09-20
GBSlm30SpryMtGl,GB-SLM-CLR-30ML-SPR-MGLD,GBSlm30SpryMtGl,Slim 30ml Clear 18 415,slim-30ml-clear-18-415,5525b90c9afd9f7e3f5f83a082d78b0646e9b0a580b05871a65519e1f21f6eac,kit_complete,full,,live-prod-2026-09-20
GBSlm30SpryMtSl,GB-SLM-CLR-30ML-SPR-MSLV,GBSlm30SpryMtSl,Slim 30ml Clear 18 415,slim-30ml-clear-18-415,70476f510a6e8823506d280ba4d1cc66aed490a20b3fe92423300cb9f7c92186,kit_complete,full,,live-prod-2026-09-20
GBSlm30SpryShnBlk,GB-SLM-CLR-30ML-SPR-SBLK,GBSlm30SpryShnBlk,Slim 30ml Clear 18 415,slim-30ml-clear-18-415,9483dc67a4a0fc2e41f66d08d430bdef25fed41b414d2d4b66a0bf850c57c9b4,kit_complete,full,,live-prod-2026-09-20
GBSlm30SpryShnGl,GB-SLM-CLR-30ML-SPR-SGLD,GBSlm30SpryShnGl,Slim 30ml Clear 18 415,slim-30ml-clear-18-415,2909a85b1468161f58c8e90726670435b1f1a57f373d56f1c7bf6a0b0a8bf0ff,kit_complete,full,,live-prod-2026-09-20
GBSlm30SpryShnSl,GB-SLM-CLR-30ML-SPR-SSLV,GBSlm30SpryShnSl,Slim 30ml Clear 18 415,slim-30ml-clear-18-415,8803d0445f56ebe999ce44fd6b5e94f5a19b674b1c55361f6714f936615b2ff1,kit_complete,full,,live-prod-2026-09-20
LBSlm30LtnClOvrCap,LB-SLM-CLR-30ML-LPM-COCP,LBSlm30LtnClOvrCap,Slim 30ml Clear 18 415,slim-30ml-clear-18-415,1b715170ed473aacc76263501900b9be3e2e4c345aac7ca29135afb67b85d93f,kit_complete,full,,live-prod-2026-09-20
LBSlm30LtnCu,LB-SLM-CLR-30ML-LPM-CPR,LBSlm30LtnCu,Slim 30ml Clear 18 415,slim-30ml-clear-18-415,d24b8442432608300ae63cc5aafc2ce0c5028b92cf07a2cff3cf88d7bfdb742d,kit_complete,full,,live-prod-2026-09-20
LBSlm30LtnMtGl,LB-SLM-CLR-30ML-LPM-MGLD,LBSlm30LtnMtGl,Slim 30ml Clear 18 415,slim-30ml-clear-18-415,7ab8fc1ca4585aa350744412a31af3ab07977f1fff1a8ff044d5537808fb7e3b,kit_complete,full,,live-prod-2026-09-20
LBSlm30LtnMtSl,LB-SLM-CLR-30ML-LPM-MSLV,LBSlm30LtnMtSl,Slim 30ml Clear 18 415,slim-30ml-clear-18-415,fcc7620eb2b70c1426b959a0ca1e487f29d64d1408f4143f791aa70f70acc0e0,kit_complete,full,,live-prod-2026-09-20
LBSlm30LtnShnBlk,LB-SLM-CLR-30ML-LPM-SBLK,LBSlm30LtnShnBlk,Slim 30ml Clear 18 415,slim-30ml-clear-18-415,f820519fe585b87978d13ca5e6033eae525c26e3f04f1bc5f19e39f8e6bfffe9,kit_complete,full,,live-prod-2026-09-20
LBSlm30LtnShnGl,LB-SLM-CLR-30ML-LPM-SGLD,LBSlm30LtnShnGl,Slim 30ml Clear 18 415,slim-30ml-clear-18-415,c25db7d33724d587aa705820834304ec4ca8a5b17a26b4445934f913327d9641,kit_complete,full,,live-prod-2026-09-20
LBSlm30LtnShnSl,LB-SLM-CLR-30ML-LPM-SSLV,LBSlm30LtnShnSl,Slim 30ml Clear 18 415,slim-30ml-clear-18-415,e1aa61f0b613fd0854ca3f56b5cc63ebb9c378ad10caba6d50cf27ad17febabf,kit_complete,full,,live-prod-2026-09-20
GBSlm50AnSpBlk,GB-SLM-CLR-50ML-ASP-BLK,GBSlm50AnSpBlk,Slim 50ml Clear 18 415,slim-50ml-clear-18-415,33c0aba284813a6f87db6496a2aa865d2e53551ecbe24c6071ecca7e434fb166,kit_complete,full,,live-prod-2026-09-20
GBSlm50AnSpGl,GB-SLM-CLR-50ML-ASP-GLD,GBSlm50AnSpGl,Slim 50ml Clear 18 415,slim-50ml-clear-18-415,8bb391e7adeef67481b157901c6ead242ec66e47618d3a5cc0491387ca56b927,kit_complete,full,,live-prod-2026-09-20
GBSlm50AnSpIvyGl,GB-SLM-CLR-50ML-ASP-IVGD,GBSlm50AnSpIvyGl,Slim 50ml Clear 18 415,slim-50ml-clear-18-415,29a7be40bcca9863441d98734b8126c66ec269657b3f488b46e097ae6691d366,kit_complete,full,,live-prod-2026-09-20
GBSlm50AnSpIvySl,GB-SLM-CLR-50ML-ASP-IVSL,GBSlm50AnSpIvySl,Slim 50ml Clear 18 415,slim-50ml-clear-18-415,b6254374d44558cfd5ba3c4ca42c7f7bc6e7fdc0f2d38b9465475a6da443d29b,kit_complete,full,,live-prod-2026-09-20
GBSlm50AnSpLvn,GB-SLM-CLR-50ML-ASP-LVN,GBSlm50AnSpLvn,Slim 50ml Clear 18 415,slim-50ml-clear-18-415,576f476c3210681f06e7ed534ce0228cdc81e380aa21cb2427f27f1efc381518,kit_complete,full,,live-prod-2026-09-20
GBSlm50AnSpMtSl,GB-SLM-CLR-50ML-ASP-MSLV,GBSlm50AnSpMtSl,Slim 50ml Clear 18 415,slim-50ml-clear-18-415,22de7d9c16412b4bce1b8962884203d3fc6e0975396feec139208437596e0ff5,kit_complete,full,,live-prod-2026-09-20
GBSlm50AnSpPnk,GB-SLM-CLR-50ML-ASP-PNK,GBSlm50AnSpPnk,Slim 50ml Clear 18 415,slim-50ml-clear-18-415,329053e91cd7bac29d464725e94e76e5548f139cb39d6c9a6996acf4058f50a3,kit_complete,full,,live-prod-2026-09-20
GBSlm50AnSpRed,GB-SLM-CLR-50ML-ASP-RED,GBSlm50AnSpRed,Slim 50ml Clear 18 415,slim-50ml-clear-18-415,a45c668fab89907a9400809c21fcfee83e223212ec036e275ce40fc9c5644347,kit_complete,full,,live-prod-2026-09-20
GBSlm50AnSpTslBlk,GB-SLM-CLR-50ML-AST-BLK,GBSlm50AnSpTslBlk,Slim 50ml Clear 18 415,slim-50ml-clear-18-415,91f0455fb85093aab1772120add8f8444b9d1566096368835064f93b6a96b487,kit_complete,full,,live-prod-2026-09-20
GBSlm50AnSpTslGl,GB-SLM-CLR-50ML-AST-GLD,GBSlm50AnSpTslGl,Slim 50ml Clear 18 415,slim-50ml-clear-18-415,382ed811df2525237fcbb52910f020dd0f9c8874f12912840ac4a5c0371209f9,kit_complete,full,,live-prod-2026-09-20
GBSlm50AnSpTslIvyGl,GB-SLM-CLR-50ML-AST-IVGD,GBSlm50AnSpTslIvyGl,Slim 50ml Clear 18 415,slim-50ml-clear-18-415,a862883572f1f986b5d38df8db36640986d44c8c83932247838e96897744f357,kit_complete,full,,live-prod-2026-09-20
GBSlm50AnSpTslIvySl,GB-SLM-CLR-50ML-AST-IVSL,GBSlm50AnSpTslIvySl,Slim 50ml Clear 18 415,slim-50ml-clear-18-415,1b358d5d38f55b3e897299cfbed3a44188b1abbd4e3ef9acdef2b89b433ab829,kit_complete,full,,live-prod-2026-09-20
GBSlm50AnSpTslLvn,GB-SLM-CLR-50ML-AST-LVN,GBSlm50AnSpTslLvn,Slim 50ml Clear 18 415,slim-50ml-clear-18-415,ebf9e22082b605d5b42c8b271ecd1631728add0dcb9650ea7259078d5d5f3ae0,kit_complete,full,,live-prod-2026-09-20
GBSlm50AnSpTslMtSl,GB-SLM-CLR-50ML-AST-MSLV,GBSlm50AnSpTslMtSl,Slim 50ml Clear 18 415,slim-50ml-clear-18-415,0afa9eff1f7f67904ad8ecfe13cd4684c48f9af9dc1f5c5421cfb72dce4954b3,kit_complete,full,,live-prod-2026-09-20
GBSlm50AnSpTslPnk,GB-SLM-CLR-50ML-AST-PNK,GBSlm50AnSpTslPnk,Slim 50ml Clear 18 415,slim-50ml-clear-18-415,00d9977e8aceaa7d5535d0fae70b56b5724c5defbd797e753b3bdb8ed8336e0f,kit_complete,full,,live-prod-2026-09-20
GBSlm50AnSpTslRed,GB-SLM-CLR-50ML-AST-RED,GBSlm50AnSpTslRed,Slim 50ml Clear 18 415,slim-50ml-clear-18-415,5f7b4f946f6a363f2a8547e6419fec7e9f2e9f0a8af0f14bf8e5e8c89ce86eee,kit_complete,full,,live-prod-2026-09-20
GBSlm50AnSpTslWht,GB-SLM-CLR-50ML-AST-WHT,GBSlm50AnSpTslWht,Slim 50ml Clear 18 415,slim-50ml-clear-18-415,1388d59abd5802827c53127e1fcb9e2b5a4a4242928e6a4ca2b8a2ba969ac971,kit_complete,full,,live-prod-2026-09-20
GBSlm50AnSpWht,GB-SLM-CLR-50ML-ASP-WHT,GBSlm50AnSpWht,Slim 50ml Clear 18 415,slim-50ml-clear-18-415,5f9ab44f79be2a1a716bada54f190c1429c9bffb26afd11d4e59e76d43dfad34,kit_complete,full,,live-prod-2026-09-20
GBSlm50RdcrBlkLthr,GB-SLM-CLR-50ML-RDC-BKLT,GBSlm50RdcrBlkLthr,Slim 50ml Clear 18 415,slim-50ml-clear-18-415,a480a183bdd4b1f2e06c6eda7a0ce04e49254b91956024a3eb9e536d6bb8404e,kit_complete,full,,live-prod-2026-09-20
GBSlm50RdcrBrwnLthr,GB-SLM-CLR-50ML-RDC,GBSlm50RdcrBrwnLthr,Slim 50ml Clear 18 415,slim-50ml-clear-18-415,d64d7e5c8eab7af86786d22003ffe1a64e610e75a5685f28e4dfb69be69831dd,kit_complete,full,,live-prod-2026-09-20
GBSlm50RdcrIvyLthr,GB-SLM-CLR-50ML-RDC-IVLT,GBSlm50RdcrIvyLthr,Slim 50ml Clear 18 415,slim-50ml-clear-18-415,da966d99252da93331aab6d1ef7c83c4e296a9e92096e1f40e3750525717852f,kit_complete,full,,live-prod-2026-09-20
GBSlm50RdcrLBrwnLthr,GB-SLM-CLR-50ML-RDC-LBLT,GBSlm50RdcrLBrwnLthr,Slim 50ml Clear 18 415,slim-50ml-clear-18-415,2c864e6a77c314b1a25d77c59e55b4df3326627ba1cfac7f34ab13535b030536,kit_complete,full,,live-prod-2026-09-20
GBSlm50RdcrMtSl,GB-SLM-CLR-50ML-RDC-MSLV,GBSlm50RdcrMtSl,Slim 50ml Clear 18 415,slim-50ml-clear-18-415,dcc0159e7857f102604f40a4372505e3900dd8d56ac1696e022714f168bfc7a8,kit_complete,full,,live-prod-2026-09-20
GBSlm50RdcrMtSlTall,GB-SLM-CLR-50ML-RDC-MSLV-T,GBSlm50RdcrMtSlTall,Slim 50ml Clear 18 415,slim-50ml-clear-18-415,feb018fb18a0234df8e2ea614cdf3e0eb0bf6ea39d90e86307a8c5ed8eb0b1ef,kit_complete,full,,live-prod-2026-09-20
GBSlm50RdcrPnkLthr,GB-SLM-CLR-50ML-RDC-PKLT,GBSlm50RdcrPnkLthr,Slim 50ml Clear 18 415,slim-50ml-clear-18-415,c328d720fc95788e55bf52e7f7cdda74e58f5cc34d390a5320f40b9b4a31366b,kit_complete,full,,live-prod-2026-09-20
GBSlm50RdcrShnBlk,GB-SLM-CLR-50ML-RDC-SBLK,GBSlm50RdcrShnBlk,Slim 50ml Clear 18 415,slim-50ml-clear-18-415,066c1cac9860c27daca2a82ff78d2c13a5f5ba0cfb0c32e0646f3932d0cbfb99,kit_complete,full,,live-prod-2026-09-20
GBSlm50RdcrShnBlkTall,GB-SLM-CLR-50ML-RDC-SBLK-T,GBSlm50RdcrShnBlkTall,Slim 50ml Clear 18 415,slim-50ml-clear-18-415,d37437b842d5f0a3ba387b063f680f0b426e6a5d826f76fd61cf1bc68fd7eb51,kit_complete,full,,live-prod-2026-09-20
GBSlm50RdcrShnGl,GB-SLM-CLR-50ML-RDC-SGLD,GBSlm50RdcrShnGl,Slim 50ml Clear 18 415,slim-50ml-clear-18-415,6ed10f8d40b286d54ccb33dd0e276f61005f05ddbbcfdeeb59c86652c0af79c3,no_kit,,No productKits row served for current published plate (forSkus null),live-prod-2026-09-20
GBSlm50RdcrShnSl,GB-SLM-CLR-50ML-RDC-SSLV,GBSlm50RdcrShnSl,Slim 50ml Clear 18 415,slim-50ml-clear-18-415,aa72281ae54fc2a0c072e41f792a33793a0602b43a457f2b1b3294e468b25ebd,kit_complete,full,,live-prod-2026-09-20
GBSlm50RdcrWht,GB-SLM-CLR-50ML-RDC-WHT,GBSlm50RdcrWht,Slim 50ml Clear 18 415,slim-50ml-clear-18-415,19b05009eb0a63b7e0aac4125b42410fbce7cb50e0694ac37801de5484638dc3,kit_complete,full,,live-prod-2026-09-20
GBSlm50SpryCu,GB-SLM-CLR-50ML-SPR-CPR,GBSlm50SpryCu,Slim 50ml Clear 18 415,slim-50ml-clear-18-415,c734b55153f27938093eaf539eb010ad443ce0191d09e8ad47dc2d6800faa8f8,no_kit,,No productKits row served for current published plate (forSkus null),live-prod-2026-09-20
GBSlm50SpryMtGl,GB-SLM-CLR-50ML-SPR-MGLD,GBSlm50SpryMtGl,Slim 50ml Clear 18 415,slim-50ml-clear-18-415,321316991ecfa173b13bee58bf66b9ea0efa710aacddc1596fae1f3f3569a309,kit_complete,full,,live-prod-2026-09-20
GBSlm50SpryMtSl,GB-SLM-CLR-50ML-SPR-MSLV,GBSlm50SpryMtSl,Slim 50ml Clear 18 415,slim-50ml-clear-18-415,502737352ae5f5c0ea6f50628e86c4c5c70984ab9846068853a355d3693a49fe,kit_complete,full,,live-prod-2026-09-20
GBSlm50SpryShnBlk,GB-SLM-CLR-50ML-SPR-SBLK,GBSlm50SpryShnBlk,Slim 50ml Clear 18 415,slim-50ml-clear-18-415,a3fbbb78b4d74b2117c75428ba16357da7cce45c15b3be82927a7cd3fdd43489,kit_complete,full,,live-prod-2026-09-20
GBSlm50SpryShnGl,GB-SLM-CLR-50ML-SPR-SGLD,GBSlm50SpryShnGl,Slim 50ml Clear 18 415,slim-50ml-clear-18-415,d896c2d60ba8e36066902515dd30248e665f1fcb775f6206cb35f8d78d3b416f,kit_complete,full,,live-prod-2026-09-20
GBSlm50SpryShnSl,GB-SLM-CLR-50ML-SPR-SSLV,GBSlm50SpryShnSl,Slim 50ml Clear 18 415,slim-50ml-clear-18-415,5cef11bce73b1fea40c1fb6e7177347031279c3a578f6e54a405800565b2aec0,kit_complete,full,,live-prod-2026-09-20
LBSlm50LtnClOvrCap,LB-SLM-CLR-50ML-LPM-COCP,LBSlm50LtnClOvrCap,Slim 50ml Clear 18 415,slim-50ml-clear-18-415,02c4e1f5bb1aaab79999512abdded0d577cb22a74199096e391e8ed391f4bee8,kit_complete,full,,live-prod-2026-09-20
LBSlm50LtnCu,LB-SLM-CLR-50ML-LPM-CPR,LBSlm50LtnCu,Slim 50ml Clear 18 415,slim-50ml-clear-18-415,39ea6399c46ba86f06c1c7037c146f86ece4f19ed3b49a8e9d41a0e655911835,kit_complete,full,,live-prod-2026-09-20
LBSlm50LtnMtGl,LB-SLM-CLR-50ML-LPM-MGLD,LBSlm50LtnMtGl,Slim 50ml Clear 18 415,slim-50ml-clear-18-415,8c48b08f418e4420c99f2cc62832d1d042006f63bd6e170c7bde420e41d041a7,kit_complete,full,,live-prod-2026-09-20
LBSlm50LtnMtSl,LB-SLM-CLR-50ML-LPM-MSLV,LBSlm50LtnMtSl,Slim 50ml Clear 18 415,slim-50ml-clear-18-415,37a20e8ff06c6312c392ac10fc02dfc3da9818f7cdbda057548086732a41d704,kit_complete,full,,live-prod-2026-09-20
LBSlm50LtnShnBlk,LB-SLM-CLR-50ML-LPM-SBLK,LBSlm50LtnShnBlk,Slim 50ml Clear 18 415,slim-50ml-clear-18-415,50998aa4be4eaece739574bd2c7f7491d0e06b2bac9a24cb61229eab916da27d,kit_complete,full,,live-prod-2026-09-20
LBSlm50LtnShnGl,LB-SLM-CLR-50ML-LPM-SGLD,LBSlm50LtnShnGl,Slim 50ml Clear 18 415,slim-50ml-clear-18-415,30d79a106879227d4df76bbbf033c8eedb6ff6bed59ad3875bfeb4fcc4a1ac06,kit_complete,full,,live-prod-2026-09-20
LBSlm50LtnShnSl,LB-SLM-CLR-50ML-LPM-SSLV,LBSlm50LtnShnSl,Slim 50ml Clear 18 415,slim-50ml-clear-18-415,bdbf17c003260a722b37a24d8d2174d822c85fdefc5d02359d54e27ff120cfab,kit_complete,full,,live-prod-2026-09-20
CP13-415SpryBlkMt,CMP-SPR-MTBK-13-415-07,CP13-415SpryBlkMt,Sprayer 13 415,sprayer-13-415,a2905480808b3d1afeecbe1d93163dfb48b81f179ae6a0ba6fb03ce89007b820,no_kit,,No productKits row served for current published plate (forSkus null),live-prod-2026-09-20
CP13-415SpryBlkSh,CMP-SPR-SHBK-13-415-07,CP13-415SpryBlkSh,Sprayer 13 415,sprayer-13-415,d474bc218bdfc921913a15802ee867d49fb2fc0c118d5f0f202e9d623a648b16,no_kit,,No productKits row served for current published plate (forSkus null),live-prod-2026-09-20
CP13-415SpryBluMt,CMP-SPR-MTBL-13-415-07,CP13-415SpryBluMt,Sprayer 13 415,sprayer-13-415,c7eebe45e6219dd6758b6c6044fadcde14f5e9d39e7cb87dfd7ea91c8aad4c91,no_kit,,No productKits row served for current published plate (forSkus null),live-prod-2026-09-20
CP13-415SpryCuMt,CMP-SPR-MTCP-13-415-07,CP13-415SpryCuMt,Sprayer 13 415,sprayer-13-415,05386e513a3474e9eb9169cda44d2e80f09c0ee1b56debdecc350f207c369323,no_kit,,No productKits row served for current published plate (forSkus null),live-prod-2026-09-20
CP13-415SpryGlMt,CMP-SPR-MTGD-13-415-07,CP13-415SpryGlMt,Sprayer 13 415,sprayer-13-415,dcf1b96e0f27a3aa8d0235886c7f35904d2da9cb3382e48c3c8ff0bf52c83add,no_kit,,No productKits row served for current published plate (forSkus null),live-prod-2026-09-20
Spry15-415Blk,CMP-SPR-BLK-15-415,Spry15-415Blk,Sprayer 15 415,sprayer-15-415,1ade862107bc4bed1b734d3e1f84489362464910e1b658dbb9a0638f973fdf8f,no_kit,,No productKits row served for current published plate (forSkus null),live-prod-2026-09-20
Spry15-415MattGl,CMP-SPR-GLD-15-415,Spry15-415MattGl,Sprayer 15 415,sprayer-15-415,f06524e54448a7a2e00e5adc5c8f63715d8119930406d02b1b7f81b1ee523d03,no_kit,,No productKits row served for current published plate (forSkus null),live-prod-2026-09-20
Spry15-415MattSl,CMP-SPR-SLV-15-415,Spry15-415MattSl,Sprayer 15 415,sprayer-15-415,77cdd71c63c1699d5187cb0ce10f6b6a168ed54a919a2473bb27cb5c5a61bd41,no_kit,,No productKits row served for current published plate (forSkus null),live-prod-2026-09-20
Spry15-415ShnGl,CMP-SPR-SGLD-15-415,Spry15-415ShnGl,Sprayer 15 415,sprayer-15-415,2fca11e1733552169780740343b365881dfcc22c2ac7c909355716efc299bcfb,no_kit,,No productKits row served for current published plate (forSkus null),live-prod-2026-09-20
Spry15-415ShnSl,CMP-SPR-SSLV-15-415,Spry15-415ShnSl,Sprayer 15 415,sprayer-15-415,10b15adcd337e40374420ee8a7cdb1fcdbf5d7814db01e039d7c135137483543,no_kit,,No productKits row served for current published plate (forSkus null),live-prod-2026-09-20
Spry17-415Blk,CMP-SPR-BLK-17-415-01,Spry17-415Blk,Sprayer 17 415,sprayer-17-415,b15e4db3134ed8b08dd19b329fc058f5ee181ff7cb11c3c79e375dbe7d7d7531,no_kit,,No productKits row served for current published plate (forSkus null),live-prod-2026-09-20
Spry17-415Gl,CMP-SPR-SGLD-17-415,Spry17-415Gl,Sprayer 17 415,sprayer-17-415,56a84d3615493557a923d36485e2dcbbfb8b3fa29fb6f381d49f2c48ff3f3c19,no_kit,,No productKits row served for current published plate (forSkus null),live-prod-2026-09-20
Spry17-415MattSl,CMP-SPR-SLV-17-415,Spry17-415MattSl,Sprayer 17 415,sprayer-17-415,3487e4cf8b8da738d6adc886f2f891c1b6ee6972c9ddc9e4d1ce4e06f2e98986,no_kit,,No productKits row served for current published plate (forSkus null),live-prod-2026-09-20
Spry17-415Red,CMP-SPR-RED-17-415,Spry17-415Red,Sprayer 17 415,sprayer-17-415,744fb5b75b99c693521588f0486f225f6d73bf8a1b5863266eb5395b082ea5a4,no_kit,,No productKits row served for current published plate (forSkus null),live-prod-2026-09-20
Spry17-415ShnSl,CMP-SPR-SSLV-17-415,Spry17-415ShnSl,Sprayer 17 415,sprayer-17-415,7c6f1f2d1f09f22830a1e4c0419b655e4065b1c862934ff4548e2cf2ebbe8881,no_kit,,No productKits row served for current published plate (forSkus null),live-prod-2026-09-20
Spry17-415Tur,CMP-SPR-CLR-17-415,Spry17-415Tur,Sprayer 17 415,sprayer-17-415,4bd6d6ea02b09f86ad85287e69141753ea6602fa5ab29fdfda44d81aed6955e7,no_kit,,No productKits row served for current published plate (forSkus null),live-prod-2026-09-20
AnSp18-415Blk,CMP-SPR-BKSL-18-415-02,AnSp18-415Blk,Sprayer 18 415,sprayer-18-415,6fbc95cd0b10116be9d6cf42bf4609401a4f1b131ed28277f014d7da8a8ea952,no_kit,,No productKits row served for current published plate (forSkus null),live-prod-2026-09-20
AnSp18-415Gl,CMP-SPR-GLD-18-415-02,AnSp18-415Gl,Sprayer 18 415,sprayer-18-415,140448dbe8962dcd716aac1eabe02827808d94b267f4131db6b375dd0f084a61,no_kit,,No productKits row served for current published plate (forSkus null),live-prod-2026-09-20
AnSp18-415IvyGl,CMP-SPR-GDIV-18-415-02,AnSp18-415IvyGl,Sprayer 18 415,sprayer-18-415,7354a3abaab5863774cb20d144123a267663998862d1b041eaf15ed64ac92643,no_kit,,No productKits row served for current published plate (forSkus null),live-prod-2026-09-20
AnSp18-415IvySl,CMP-SPR-IVSL-18-415-04,AnSp18-415IvySl,Sprayer 18 415,sprayer-18-415,d0301c3d9fccd08969742589ae87282b070c85b76db992dda2b903a0284086c8,no_kit,,No productKits row served for current published plate (forSkus null),live-prod-2026-09-20
AnSp18-415Lvn,CMP-SPR-LVSL-18-415-02,AnSp18-415Lvn,Sprayer 18 415,sprayer-18-415,205c8203599e2a7935d45b0124ba0b16c74659074fd71d4a214030c6ffcdcdba,no_kit,,No productKits row served for current published plate (forSkus null),live-prod-2026-09-20
AnSp18-415MtSl,CMP-SPR-MTSL-18-415-04,AnSp18-415MtSl,Sprayer 18 415,sprayer-18-415,679d7c20629f933c109ce5131ad7835cdfa8d7e66ed48007ea94c60a0fe609c6,no_kit,,No productKits row served for current published plate (forSkus null),live-prod-2026-09-20
AnSp18-415Red,CMP-SPR-RDSL-18-415-02,AnSp18-415Red,Sprayer 18 415,sprayer-18-415,745d25977061cbc1648782df0d95286d20f4861bd92df80a9999357c732fc8f2,no_kit,,No productKits row served for current published plate (forSkus null),live-prod-2026-09-20
AnSpTsl18-415Blk,CMP-SPR-BKSLWH-18-415-02,AnSpTsl18-415Blk,Sprayer 18 415,sprayer-18-415,34cf52b0b154dc8c740c976bc5cc5b884207a7ae2d19a1318cf4cb36029a7694,no_kit,,No productKits row served for current published plate (forSkus null),live-prod-2026-09-20
AnSpTsl18-415IvyGl,CMP-SPR-GDIVSLWH-18-415-02,AnSpTsl18-415IvyGl,Sprayer 18 415,sprayer-18-415,67d45d26f00f5fa4b0e3d80de46ccf127c176f666a4d197c9d9dc687fab4f8cf,no_kit,,No productKits row served for current published plate (forSkus null),live-prod-2026-09-20
AnSpTsl18-415IvySl,CMP-SPR-IVSLWH-18-415-02,AnSpTsl18-415IvySl,Sprayer 18 415,sprayer-18-415,31bb76bb5ded9d8898bd30ac037e3d8037dc9db138f3b4b1dbde5239f19d57d6,no_kit,,No productKits row served for current published plate (forSkus null),live-prod-2026-09-20
AnSpTsl18-415Lvn,CMP-SPR-LVSLWH-18-415-02,AnSpTsl18-415Lvn,Sprayer 18 415,sprayer-18-415,93938a5977d6f86deff8e2492dd715b587ce453dda9039d3ad6b912969179984,no_kit,,No productKits row served for current published plate (forSkus null),live-prod-2026-09-20
AnSpTsl18-415MtS,CMP-SPR-MTSLWH-18-415-02,AnSpTsl18-415MtS,Sprayer 18 415,sprayer-18-415,9dc02ba7cce0b2fa4a445db5b44fc073cdfe5972948b0ab79499dbca9698732a,no_kit,,No productKits row served for current published plate (forSkus null),live-prod-2026-09-20
AnSpTsl18-415Pnk,CMP-SPR-GDPKSLWH-18-415-02,AnSpTsl18-415Pnk,Sprayer 18 415,sprayer-18-415,8117027adb40c0ac01e38da4fb44052f5590f94297a1ba2c3f8ad5ab1aac472f,no_kit,,No productKits row served for current published plate (forSkus null),live-prod-2026-09-20
AnSpTsl18-415Red,CMP-SPR-RDSLWH-18-415-02,AnSpTsl18-415Red,Sprayer 18 415,sprayer-18-415,88c31aeb78efd0dfebabbc384b46583a78e89200fcdc362fccc2de8230d3070b,no_kit,,No productKits row served for current published plate (forSkus null),live-prod-2026-09-20
AnSpTsl18-415Wht,CMP-SPR-SLWH-18-415-04,AnSpTsl18-415Wht,Sprayer 18 415,sprayer-18-415,b2dc44aa8bf71d57af03a71e2ecf3a4de512f4c4b82a9e4a1332c30f8d79aff0,no_kit,,No productKits row served for current published plate (forSkus null),live-prod-2026-09-20
CP18-415AnSpPnk,CMP-CAP-PNK-18-415,CP18-415AnSpPnk,Sprayer 18 415,sprayer-18-415,4a8c33db886b5e92e62c573314820c5ed48a3b53109d0270cdf37e097f3785d7,no_kit,,No productKits row served for current published plate (forSkus null),live-prod-2026-09-20
CP18-415AnSpTslGl,CMP-SPR-GLD-18415-TSL,CP18-415AnSpTslGl,Sprayer 18 415,sprayer-18-415,1ecf4fe2c8abc69be9afd072a074fa3640228b1e3e443b6e29e6c8fcc295028f,no_kit,,No productKits row served for current published plate (forSkus null),live-prod-2026-09-20
Spry18-415Cu,CMP-SPR-MTCP-18-415-03,Spry18-415Cu,Sprayer 18 415,sprayer-18-415,829674e6625362035838466f0efcbdbc130f522f8b541a8ecfe169278a6aa89b,no_kit,,No productKits row served for current published plate (forSkus null),live-prod-2026-09-20
Spry18-415MtGl,CMP-SPR-MTGD-18-415-05,Spry18-415MtGl,Sprayer 18 415,sprayer-18-415,841642849628a12edcd65396a42a27d28f4a82e2a9bf1dc47586b3b8db10baf1,no_kit,,No productKits row served for current published plate (forSkus null),live-prod-2026-09-20
Spry18-415MtSl,CMP-SPR-MTSL-18-415-06,Spry18-415MtSl,Sprayer 18 415,sprayer-18-415,6a9687b437576ec638037b6e39b142e1dd678f03f43e67c3afe4e4062bc8d167,no_kit,,No productKits row served for current published plate (forSkus null),live-prod-2026-09-20
Spry18-415ShnBlk,CMP-SPR-SHBK-18-415-06,Spry18-415ShnBlk,Sprayer 18 415,sprayer-18-415,52909250df5bb92febbdaa5b488a63f3a99d75e775070b4c1a0ddf35975ac4dc,no_kit,,No productKits row served for current published plate (forSkus null),live-prod-2026-09-20
Spry18-415ShnGl,CMP-SPR-SHGD-18-415-05,Spry18-415ShnGl,Sprayer 18 415,sprayer-18-415,caa38048ccd6c856332927228235b6f2f737faba4c53506ddfabe2a585ebbd42,no_kit,,No productKits row served for current published plate (forSkus null),live-prod-2026-09-20
Spry18-415ShnSl,CMP-SPR-SHSL-18-415-06,Spry18-415ShnSl,Sprayer 18 415,sprayer-18-415,5cad8c519b13a218a710bf2d50980361b9d74ca81021bb5612f12dde0d733817,no_kit,,No productKits row served for current published plate (forSkus null),live-prod-2026-09-20
GBSqr15BlkSht,GB-SQR-CLR-15ML-S,GBSqr15BlkSht,Square 15ml Clear 13 415,square-15ml-clear-13-415,e4b42d3dcbff134519ae69f0e74a79d5417854a2dd40a980398d40533dd46bdf,kit_complete,full,,live-prod-2026-09-20
GBSqr15Gl,GB-VIA-CLR-15ML-GLD-T-02,GBSqr15Gl,Square 15ml Clear 13 415,square-15ml-clear-13-415,e2a8abac8a2d6ca6f26040df7a63165eb14e92e5d93b7d91e8180485be771aff,no_kit,,No productKits row served for current published plate (forSkus null),live-prod-2026-09-20
GBSqr15MtlRollBlkDot,GB-SQR-CLR-15ML-MRL-BKDT,GBSqr15MtlRollBlkDot,Square 15ml Clear 13 415,square-15ml-clear-13-415,d3bbab28f33358de2fd6a73a5e9706c56442c5179a28ec7621e5588ed3dec4e7,no_kit,,No productKits row served for current published plate (forSkus null),live-prod-2026-09-20
GBSqr15MtlRollBlkSh,GB-SQR-CLR-15ML-MRL-SBLK,GBSqr15MtlRollBlkSh,Square 15ml Clear 13 415,square-15ml-clear-13-415,03d6b17a24705e1da203fb051a534d53504f375d2b86afc374f995585c7bd303,no_kit,,No productKits row served for current published plate (forSkus null),live-prod-2026-09-20
GBSqr15MtlRollCuMatt,GB-SQR-CLR-15ML-MRL-MCPR,GBSqr15MtlRollCuMatt,Square 15ml Clear 13 415,square-15ml-clear-13-415,060b31cf397dfacfa007b9fbbefe89bf3f25a967358f18f63d38b99ff611a27b,no_kit,,No productKits row served for current published plate (forSkus null),live-prod-2026-09-20
GBSqr15MtlRollGlMatt,GB-SQR-CLR-15ML-MRL-MGLD,GBSqr15MtlRollGlMatt,Square 15ml Clear 13 415,square-15ml-clear-13-415,4da0ea43ec682e88e0c4ebae906c17f94235c7df06d0adb7fabfa739816fcd84,no_kit,,No productKits row served for current published plate (forSkus null),live-prod-2026-09-20
GBSqr15MtlRollGlSh,GB-SQR-CLR-15ML-MRL-SGLD,GBSqr15MtlRollGlSh,Square 15ml Clear 13 415,square-15ml-clear-13-415,9d1dee2de06f1ecef8aac249a161dd05b65cab41293313ec53b3eac3cd84aede,no_kit,,No productKits row served for current published plate (forSkus null),live-prod-2026-09-20
GBSqr15MtlRollPinkDot,GB-SQR-CLR-15ML-MRL-PKDT,GBSqr15MtlRollPinkDot,Square 15ml Clear 13 415,square-15ml-clear-13-415,1b3a9d6ef12d7c343f3f76b2123423db7b817a343ec565b2e5980f466e1a7123,no_kit,,No productKits row served for current published plate (forSkus null),live-prod-2026-09-20
GBSqr15MtlRollSlDot,GB-SQR-CLR-15ML-MRL-SLDT,GBSqr15MtlRollSlDot,Square 15ml Clear 13 415,square-15ml-clear-13-415,c6ac32f4e69f61d36140b3d2733ce899a3bd76499b3f9805b41972b6857779dd,no_kit,,No productKits row served for current published plate (forSkus null),live-prod-2026-09-20
GBSqr15MtlRollSlMatt,GB-SQR-CLR-15ML-MRL-MSLV,GBSqr15MtlRollSlMatt,Square 15ml Clear 13 415,square-15ml-clear-13-415,182573dd76b359223dedc05fc85ba61225dc4c0affb812e01ef492c2aa9b9671,no_kit,,No productKits row served for current published plate (forSkus null),live-prod-2026-09-20
GBSqr15MtlRollSlSh,GB-SQR-CLR-15ML-MRL-SSLV,GBSqr15MtlRollSlSh,Square 15ml Clear 13 415,square-15ml-clear-13-415,0d09e981ec7069d6bd28bcad380836a151a43205ebc5d4b26c041e1c0eb8416b,no_kit,,No productKits row served for current published plate (forSkus null),live-prod-2026-09-20
GBSqr15RollBlkDot,GB-SQR-CLR-15ML-ROL-BKDT,GBSqr15RollBlkDot,Square 15ml Clear 13 415,square-15ml-clear-13-415,d3bbab28f33358de2fd6a73a5e9706c56442c5179a28ec7621e5588ed3dec4e7,no_kit,,No productKits row served for current published plate (forSkus null),live-prod-2026-09-20
GBSqr15RollBlkSh,GB-SQR-CLR-15ML-ROL-SBLK,GBSqr15RollBlkSh,Square 15ml Clear 13 415,square-15ml-clear-13-415,03d6b17a24705e1da203fb051a534d53504f375d2b86afc374f995585c7bd303,no_kit,,No productKits row served for current published plate (forSkus null),live-prod-2026-09-20
GBSqr15RollCuMatt,GB-SQR-CLR-15ML-ROL-MCPR,GBSqr15RollCuMatt,Square 15ml Clear 13 415,square-15ml-clear-13-415,060b31cf397dfacfa007b9fbbefe89bf3f25a967358f18f63d38b99ff611a27b,no_kit,,No productKits row served for current published plate (forSkus null),live-prod-2026-09-20
GBSqr15RollGlMatt,GB-SQR-CLR-15ML-ROL-MGLD,GBSqr15RollGlMatt,Square 15ml Clear 13 415,square-15ml-clear-13-415,4da0ea43ec682e88e0c4ebae906c17f94235c7df06d0adb7fabfa739816fcd84,no_kit,,No productKits row served for current published plate (forSkus null),live-prod-2026-09-20
GBSqr15RollGlSh,GB-SQR-CLR-15ML-ROL-SGLD,GBSqr15RollGlSh,Square 15ml Clear 13 415,square-15ml-clear-13-415,9d1dee2de06f1ecef8aac249a161dd05b65cab41293313ec53b3eac3cd84aede,no_kit,,No productKits row served for current published plate (forSkus null),live-prod-2026-09-20
GBSqr15RollPinkDot,GB-SQR-CLR-15ML-ROL-PKDT,GBSqr15RollPinkDot,Square 15ml Clear 13 415,square-15ml-clear-13-415,1b3a9d6ef12d7c343f3f76b2123423db7b817a343ec565b2e5980f466e1a7123,no_kit,,No productKits row served for current published plate (forSkus null),live-prod-2026-09-20
GBSqr15RollSlDot,GB-SQR-CLR-15ML-ROL-SLDT,GBSqr15RollSlDot,Square 15ml Clear 13 415,square-15ml-clear-13-415,c6ac32f4e69f61d36140b3d2733ce899a3bd76499b3f9805b41972b6857779dd,no_kit,,No productKits row served for current published plate (forSkus null),live-prod-2026-09-20
GBSqr15RollSlMatt,GB-SQR-CLR-15ML-ROL-MSLV,GBSqr15RollSlMatt,Square 15ml Clear 13 415,square-15ml-clear-13-415,182573dd76b359223dedc05fc85ba61225dc4c0affb812e01ef492c2aa9b9671,no_kit,,No productKits row served for current published plate (forSkus null),live-prod-2026-09-20
GBSqr15RollSlSh,GB-SQR-CLR-15ML-ROL-SSLV,GBSqr15RollSlSh,Square 15ml Clear 13 415,square-15ml-clear-13-415,0d09e981ec7069d6bd28bcad380836a151a43205ebc5d4b26c041e1c0eb8416b,no_kit,,No productKits row served for current published plate (forSkus null),live-prod-2026-09-20
GBSqr15Sl,GB-VIA-CLR-15ML-SLV-T-02,GBSqr15Sl,Square 15ml Clear 13 415,square-15ml-clear-13-415,2dc06d8400fc0d5841a623180f8ab64ce3f990b4d2de9f606d197769d1cc295c,kit_complete,full,,live-prod-2026-09-20
GBSqr15SpryBlkSh,GB-SQR-CLR-15ML-SPR-SBLK,GBSqr15SpryBlkSh,Square 15ml Clear 13 415,square-15ml-clear-13-415,fefb31c6267fde6bac74ab60eef15d1c7d9602a6200109537da80075dd9188f5,kit_complete,full,,live-prod-2026-09-20
GBSqr15SpryBluMatt,GB-SQR-CLR-15ML-SPR-MBLU,GBSqr15SpryBluMatt,Square 15ml Clear 13 415,square-15ml-clear-13-415,6fd3d09faa183029dd1fe83a2e063f4029d603a45108617b3bf2b9ea0ab3a0c9,kit_complete,full,,live-prod-2026-09-20
GBSqr15SpryCuMatt,GB-SQR-CLR-15ML-SPR-MCPR,GBSqr15SpryCuMatt,Square 15ml Clear 13 415,square-15ml-clear-13-415,a1a04dac48c7f0c029902224109ba8aaa8254d0f19a12731048ef663ebc46135,kit_complete,full,,live-prod-2026-09-20
GBSqr15SpryGlMatt,GB-SQR-CLR-15ML-SPR-MGLD,GBSqr15SpryGlMatt,Square 15ml Clear 13 415,square-15ml-clear-13-415,159cf06fa3c4ef2ef921c47244a7ce054d0e0a6e8b7f6e3117eea2407c1dccf1,kit_complete,full,,live-prod-2026-09-20
GBSqr15SpryGlSh,GB-SQR-CLR-15ML-SPR-SGLD,GBSqr15SpryGlSh,Square 15ml Clear 13 415,square-15ml-clear-13-415,598161b67d404d2e4d2a0f7360318c63f8b3add128b6955aca76b5f3f806b690,kit_complete,full,,live-prod-2026-09-20
GBSqr15SprySlMatt,GB-SQR-CLR-15ML-SPR-MSLV,GBSqr15SprySlMatt,Square 15ml Clear 13 415,square-15ml-clear-13-415,aa3bd325d7f65ee144b73042eae3eaabc655a458a8b297a480f319b010f1df01,kit_complete,full,,live-prod-2026-09-20
GBSqr15SprySlSh,GB-SQR-CLR-15ML-SPR-SSLV,GBSqr15SprySlSh,Square 15ml Clear 13 415,square-15ml-clear-13-415,23fbda4a04b07d11be252c1f8ba8b18372982413164e91b3f3728a8b86365c82,kit_complete,full,,live-prod-2026-09-20
GBSqr15WhtSht,GB-VIA-WHT-15ML-WHT-S-02,GBSqr15WhtSht,Square 15ml Clear 13 415,square-15ml-clear-13-415,f1c0d18e3a74c902d3a03d47dd1b98b391614b56a11f8f11587751db6791ecaa,kit_complete,full,,live-prod-2026-09-20
GBTRDPClear,GB-TRD-CLR-9ML,GBTRDPClear,Teardrop 9ml Clear Ground,teardrop-9ml-clear-ground,d0c2b7136acaec8742664f8b0c5cc7aa168ad0fb0a7d93718a89e9f6ff3781fe,kit_complete,full,,live-prod-2026-09-20
GBTrdpBlue,GB-TRD-BLU-9ML,GBTrdpBlue,Teardrop 9ml Cobalt Blue Ground,teardrop-9ml-cobalt-blue-ground,972f1c27ff32221de89108e6bcd58d3bdc8511cbb18178131e31ef60b1069194,no_kit,,No productKits row served for current published plate (forSkus null),live-prod-2026-09-20
GBTRDPGreen,GB-TRD-GRN-9ML,GBTRDPGreen,Teardrop 9ml Green Ground,teardrop-9ml-green-ground,fce14e8ddb52d039ffba0720f8a10a7897a0ac0a39cf6dad20e13147152e02b8,no_kit,,No productKits row served for current published plate (forSkus null),live-prod-2026-09-20
GBTulipAmb5BlkSht,GB-DEC-AMB-5ML-S,GBTulipAmb5BlkSht,Tulip 5ml Amber 13 415,tulip-5ml-amber-13-415,8762394e8405c31691311386dddfd24330c2c1f89f5ed38f56162e29c86c90b7,kit_complete,full,,live-prod-2026-09-20
GBTulipAmb5Gl,GB-CYL-AMB-5ML-GLD-T,GBTulipAmb5Gl,Tulip 5ml Amber 13 415,tulip-5ml-amber-13-415,ad777f56395dd5f4db9de25243412635d2faf754b8c8c11c8a18b4d99b9ad35f,kit_complete,full,,live-prod-2026-09-20
GBTulipAmb5MtlRollBlkDot,GB-CYL-AMB-5ML-MRL-BKDT,GBTulipAmb5MtlRollBlkDot,Tulip 5ml Amber 13 415,tulip-5ml-amber-13-415,734fad3a219bee64873a35c3b1b485419dd721bf5dfea4cea38d24622f38c114,no_kit,,No productKits row served for current published plate (forSkus null),live-prod-2026-09-20
GBTulipAmb5MtlRollBlkSh,GB-CYL-AMB-5ML-MRL-SBLK,GBTulipAmb5MtlRollBlkSh,Tulip 5ml Amber 13 415,tulip-5ml-amber-13-415,7e1b83974fa001731acdb9bd41559b23730783ca1c35d5b4c440abac9b145da8,kit_complete,full,,live-prod-2026-09-20
GBTulipAmb5MtlRollCuMatt,GB-CYL-AMB-5ML-MRL-MCPR,GBTulipAmb5MtlRollCuMatt,Tulip 5ml Amber 13 415,tulip-5ml-amber-13-415,acaed0128405497106da55f769d79edf1dd20a0606a8b3f8219b63cb63f436ea,kit_complete,full,,live-prod-2026-09-20
GBTulipAmb5MtlRollGlMatt,GB-CYL-AMB-5ML-MRL-MGLD,GBTulipAmb5MtlRollGlMatt,Tulip 5ml Amber 13 415,tulip-5ml-amber-13-415,370a4661bd119ba69fde0d15a4a2276e97414f7b684a910c32b520ab523ddc62,kit_complete,full,,live-prod-2026-09-20
GBTulipAmb5MtlRollGlSh,GB-CYL-AMB-5ML-MRL-SGLD,GBTulipAmb5MtlRollGlSh,Tulip 5ml Amber 13 415,tulip-5ml-amber-13-415,ad777f56395dd5f4db9de25243412635d2faf754b8c8c11c8a18b4d99b9ad35f,kit_complete,full,,live-prod-2026-09-20
GBTulipAmb5MtlRollPinkDot,GB-CYL-AMB-5ML-MRL-PKDT,GBTulipAmb5MtlRollPinkDot,Tulip 5ml Amber 13 415,tulip-5ml-amber-13-415,df7506e30c94468d226cfeb2e9bb2aa590976272e11ff57798dbd67a1ea2908c,kit_complete,full,,live-prod-2026-09-20
GBTulipAmb5MtlRollSlDot,GB-CYL-AMB-5ML-MRL-SLDT,GBTulipAmb5MtlRollSlDot,Tulip 5ml Amber 13 415,tulip-5ml-amber-13-415,ec2ba0cde9dd8a01b14ec5f479bc533ca077ccbbf436c6575d084d9fc0ae0c5f,kit_complete,full,,live-prod-2026-09-20
GBTulipAmb5MtlRollSlMatt,GB-CYL-AMB-5ML-MRL-MSLV,GBTulipAmb5MtlRollSlMatt,Tulip 5ml Amber 13 415,tulip-5ml-amber-13-415,63c4d7b7b297575d8d085824ce758e7f00b426c865fb8af35ab7b0a26b6d11c3,kit_complete,full,,live-prod-2026-09-20
GBTulipAmb5MtlRollSlSh,GB-CYL-AMB-5ML-MRL-SSLV,GBTulipAmb5MtlRollSlSh,Tulip 5ml Amber 13 415,tulip-5ml-amber-13-415,0780b7fb715058fa1b7cade9e96ba257748401c5150eb49387e5b3f6b69b4d8e,kit_complete,full,,live-prod-2026-09-20
GBTulipAmb5RollBlkDot,GB-CYL-AMB-5ML-ROL-BKDT,GBTulipAmb5RollBlkDot,Tulip 5ml Amber 13 415,tulip-5ml-amber-13-415,734fad3a219bee64873a35c3b1b485419dd721bf5dfea4cea38d24622f38c114,no_kit,,No productKits row served for current published plate (forSkus null),live-prod-2026-09-20
GBTulipAmb5RollBlkSh,GB-CYL-AMB-5ML-ROL-SBLK,GBTulipAmb5RollBlkSh,Tulip 5ml Amber 13 415,tulip-5ml-amber-13-415,7e1b83974fa001731acdb9bd41559b23730783ca1c35d5b4c440abac9b145da8,kit_complete,full,,live-prod-2026-09-20
GBTulipAmb5RollCuMatt,GB-CYL-AMB-5ML-ROL-MCPR,GBTulipAmb5RollCuMatt,Tulip 5ml Amber 13 415,tulip-5ml-amber-13-415,acaed0128405497106da55f769d79edf1dd20a0606a8b3f8219b63cb63f436ea,kit_complete,full,,live-prod-2026-09-20
GBTulipAmb5RollGlMatt,GB-CYL-AMB-5ML-ROL-MGLD,GBTulipAmb5RollGlMatt,Tulip 5ml Amber 13 415,tulip-5ml-amber-13-415,370a4661bd119ba69fde0d15a4a2276e97414f7b684a910c32b520ab523ddc62,kit_complete,full,,live-prod-2026-09-20
GBTulipAmb5RollGlSh,GB-CYL-AMB-5ML-ROL-SGLD,GBTulipAmb5RollGlSh,Tulip 5ml Amber 13 415,tulip-5ml-amber-13-415,ad777f56395dd5f4db9de25243412635d2faf754b8c8c11c8a18b4d99b9ad35f,kit_complete,full,,live-prod-2026-09-20
GBTulipAmb5RollPinkDot,GB-CYL-AMB-5ML-ROL-PKDT,GBTulipAmb5RollPinkDot,Tulip 5ml Amber 13 415,tulip-5ml-amber-13-415,df7506e30c94468d226cfeb2e9bb2aa590976272e11ff57798dbd67a1ea2908c,kit_complete,full,,live-prod-2026-09-20
GBTulipAmb5RollSlDot,GB-CYL-AMB-5ML-ROL-SLDT,GBTulipAmb5RollSlDot,Tulip 5ml Amber 13 415,tulip-5ml-amber-13-415,ec2ba0cde9dd8a01b14ec5f479bc533ca077ccbbf436c6575d084d9fc0ae0c5f,kit_complete,full,,live-prod-2026-09-20
GBTulipAmb5RollSlMatt,GB-CYL-AMB-5ML-ROL-MSLV,GBTulipAmb5RollSlMatt,Tulip 5ml Amber 13 415,tulip-5ml-amber-13-415,63c4d7b7b297575d8d085824ce758e7f00b426c865fb8af35ab7b0a26b6d11c3,kit_complete,full,,live-prod-2026-09-20
GBTulipAmb5RollSlSh,GB-CYL-AMB-5ML-ROL-SSLV,GBTulipAmb5RollSlSh,Tulip 5ml Amber 13 415,tulip-5ml-amber-13-415,0780b7fb715058fa1b7cade9e96ba257748401c5150eb49387e5b3f6b69b4d8e,kit_complete,full,,live-prod-2026-09-20
GBTulipAmb5Sl,GB-CYL-AMB-5ML-SLV-T,GBTulipAmb5Sl,Tulip 5ml Amber 13 415,tulip-5ml-amber-13-415,58d90f1adb1e5142132ac0411144857ac9f1c2eb1bc7e1ba5368adc8e430cee9,kit_complete,full,,live-prod-2026-09-20
GBTulipAmb5SpryBlkMatt,GB-CYL-AMB-5ML-SPR-MBLK,GBTulipAmb5SpryBlkMatt,Tulip 5ml Amber 13 415,tulip-5ml-amber-13-415,037612372b3dff22ed263fe418a476845d63351b4801a1edcb6f0c90b2f4ecf1,kit_complete,full,,live-prod-2026-09-20
GBTulipAmb5SpryBlkSh,GB-CYL-AMB-5ML-SPR-SBLK,GBTulipAmb5SpryBlkSh,Tulip 5ml Amber 13 415,tulip-5ml-amber-13-415,90ad012bfb5ba6d3118ffc4d1e4c552341424c263c0ec34e02e40847515df83d,kit_complete,full,,live-prod-2026-09-20
GBTulipAmb5SpryBluMatt,GB-CYL-AMB-5ML-SPR-MBLU,GBTulipAmb5SpryBluMatt,Tulip 5ml Amber 13 415,tulip-5ml-amber-13-415,0dab359e0363a5f82d111692e7decfe26cdcb7c4321a4aa93745d6b372e6cd26,kit_complete,full,,live-prod-2026-09-20
GBTulipAmb5SpryCuMatt,GB-CYL-AMB-5ML-SPR-MCPR,GBTulipAmb5SpryCuMatt,Tulip 5ml Amber 13 415,tulip-5ml-amber-13-415,3202d114928cf796cee5814199e150eca700365194240b8e0f98aa455e0bf058,no_kit,,No productKits row served for current published plate (forSkus null),live-prod-2026-09-20
GBTulipAmb5SpryGlMatt,GB-CYL-AMB-5ML-SPR-MGLD,GBTulipAmb5SpryGlMatt,Tulip 5ml Amber 13 415,tulip-5ml-amber-13-415,747c899abfb34929f58bfebe6e5cf620801ef27ff914e205edac550778457d87,kit_complete,full,,live-prod-2026-09-20
GBTulipAmb5SpryGlSh,GB-CYL-AMB-5ML-SPR-SGLD,GBTulipAmb5SpryGlSh,Tulip 5ml Amber 13 415,tulip-5ml-amber-13-415,0828877fd0eadea1f1088ebee2585450e60f123a6e78c23cabd9293fe707a671,kit_complete,full,,live-prod-2026-09-20
GBTulipAmb5SprySlMatt,GB-CYL-AMB-5ML-SPR-MSLV,GBTulipAmb5SprySlMatt,Tulip 5ml Amber 13 415,tulip-5ml-amber-13-415,251a5980c7fd4b109f40ed5c7f59a503ee9a20a1c10f43030f7f30c96326282b,kit_complete,full,,live-prod-2026-09-20
GBTulipAmb5SprySlSh,GB-CYL-AMB-5ML-SPR-SSLV,GBTulipAmb5SprySlSh,Tulip 5ml Amber 13 415,tulip-5ml-amber-13-415,e1788931d318935484e48542688c9a3573d876127247b94ac4ffb0fdcf47cf7b,kit_complete,full,,live-prod-2026-09-20
GBTulipAmb5WhtSht,GB-CYL-AMB-5ML-WHT-S,GBTulipAmb5WhtSht,Tulip 5ml Amber 13 415,tulip-5ml-amber-13-415,62e7da7b19b019b8bb06badad6c29cd7595e9db1c6167bc76a031b19afe0efa1,kit_complete,full,,live-prod-2026-09-20
GBTulip6BlkShSht,GB-TUL-CLR-6ML-CAP-SBLK,GBTulip6BlkShSht,Tulip 6ml Clear 13 415,tulip-6ml-clear-13-415,eae9e1d8a4a1cbd4255219093fbeccbf092d3100fe7c57eb1966cfe8f6329058,no_kit,,No productKits row served for current published plate (forSkus null),live-prod-2026-09-20
GBTulip6BlkSht,GB-DEC-CLR-6ML-S,GBTulip6BlkSht,Tulip 6ml Clear 13 415,tulip-6ml-clear-13-415,53196e2fae69b5cce26b563915478d89b27287709eea7ce804f785c382e2e883,no_kit,,No productKits row served for current published plate (forSkus null),live-prod-2026-09-20
GBTulip6Gl,GB-CYL-CLR-6ML-GLD-T,GBTulip6Gl,Tulip 6ml Clear 13 415,tulip-6ml-clear-13-415,1e63afc82d1c6bb491855e2ab87f530838adbb6cc11a132d3d79cb3482c7be6a,no_kit,,No productKits row served for current published plate (forSkus null),live-prod-2026-09-20
GBTulip6MtlRollBlkDot,GB-CYL-CLR-6ML-MRL-BKDT,GBTulip6MtlRollBlkDot,Tulip 6ml Clear 13 415,tulip-6ml-clear-13-415,8b372a3199d44d46608151440bb308d52ea7ec5b52b3d3aeac02d2ed66755847,no_kit,,No productKits row served for current published plate (forSkus null),live-prod-2026-09-20
GBTulip6MtlRollBlkSh,GB-CYL-CLR-6ML-MRL-SBLK,GBTulip6MtlRollBlkSh,Tulip 6ml Clear 13 415,tulip-6ml-clear-13-415,a643140b9bdbbe306c145598b0da2bbc8692df3a026215d7e2fea750aceb5aa4,no_kit,,No productKits row served for current published plate (forSkus null),live-prod-2026-09-20
GBTulip6MtlRollCuMatt,GB-CYL-CLR-6ML-MRL-MCPR,GBTulip6MtlRollCuMatt,Tulip 6ml Clear 13 415,tulip-6ml-clear-13-415,fe8a8768d89b58a243ed0e7b15ca22dff2ba2b74b642356c4971f2fce8867df4,no_kit,,No productKits row served for current published plate (forSkus null),live-prod-2026-09-20
GBTulip6MtlRollGlMatt,GB-CYL-CLR-6ML-MRL-MGLD,GBTulip6MtlRollGlMatt,Tulip 6ml Clear 13 415,tulip-6ml-clear-13-415,7219dd17856aa810b67c8c9d34bbedc7de37bc1268d69004b99c405047528995,no_kit,,No productKits row served for current published plate (forSkus null),live-prod-2026-09-20
GBTulip6MtlRollGlSh,GB-CYL-CLR-6ML-MRL-SGLD,GBTulip6MtlRollGlSh,Tulip 6ml Clear 13 415,tulip-6ml-clear-13-415,d9161a82855685e738e46125eab34bc38ca57e9c57d78acce67ebd3fe9a0e1a1,no_kit,,No productKits row served for current published plate (forSkus null),live-prod-2026-09-20
GBTulip6MtlRollPinkDot,GB-CYL-CLR-6ML-MRL-PKDT,GBTulip6MtlRollPinkDot,Tulip 6ml Clear 13 415,tulip-6ml-clear-13-415,0dd3902085eec75d780c1243c8ffdfe44432c76f01fbc923d3082d2e04d0eb90,no_kit,,No productKits row served for current published plate (forSkus null),live-prod-2026-09-20
GBTulip6MtlRollSlDot,GB-CYL-CLR-6ML-MRL-SLDT,GBTulip6MtlRollSlDot,Tulip 6ml Clear 13 415,tulip-6ml-clear-13-415,db15080da39b63fc3491d36ec5c8b25f0d320fdf0cd2c2e73353ee3b73c54244,no_kit,,No productKits row served for current published plate (forSkus null),live-prod-2026-09-20
GBTulip6MtlRollSlMatt,GB-CYL-CLR-6ML-MRL-MSLV,GBTulip6MtlRollSlMatt,Tulip 6ml Clear 13 415,tulip-6ml-clear-13-415,740dc87f444e87248efbcb5e45a5153f718c395d4a78500a90b44f015cdf6f8c,no_kit,,No productKits row served for current published plate (forSkus null),live-prod-2026-09-20
GBTulip6MtlRollSlSh,GB-CYL-CLR-6ML-MRL-SSLV,GBTulip6MtlRollSlSh,Tulip 6ml Clear 13 415,tulip-6ml-clear-13-415,6692cc80dfcaf5e70554ce7d5097688999c2848655cedb9da842fa5872bfb066,no_kit,,No productKits row served for current published plate (forSkus null),live-prod-2026-09-20
GBTulip6RollBlkDot,GB-CYL-CLR-6ML-ROL-BKDT,GBTulip6RollBlkDot,Tulip 6ml Clear 13 415,tulip-6ml-clear-13-415,8b372a3199d44d46608151440bb308d52ea7ec5b52b3d3aeac02d2ed66755847,no_kit,,No productKits row served for current published plate (forSkus null),live-prod-2026-09-20
GBTulip6RollBlkSh,GB-CYL-CLR-6ML-ROL-SBLK,GBTulip6RollBlkSh,Tulip 6ml Clear 13 415,tulip-6ml-clear-13-415,a643140b9bdbbe306c145598b0da2bbc8692df3a026215d7e2fea750aceb5aa4,no_kit,,No productKits row served for current published plate (forSkus null),live-prod-2026-09-20
GBTulip6RollCuMatt,GB-CYL-CLR-6ML-ROL-MCPR,GBTulip6RollCuMatt,Tulip 6ml Clear 13 415,tulip-6ml-clear-13-415,fe8a8768d89b58a243ed0e7b15ca22dff2ba2b74b642356c4971f2fce8867df4,no_kit,,No productKits row served for current published plate (forSkus null),live-prod-2026-09-20
GBTulip6RollGlMatt,GB-CYL-CLR-6ML-ROL-MGLD,GBTulip6RollGlMatt,Tulip 6ml Clear 13 415,tulip-6ml-clear-13-415,7219dd17856aa810b67c8c9d34bbedc7de37bc1268d69004b99c405047528995,no_kit,,No productKits row served for current published plate (forSkus null),live-prod-2026-09-20
GBTulip6RollGlSh,GB-CYL-CLR-6ML-ROL-SGLD,GBTulip6RollGlSh,Tulip 6ml Clear 13 415,tulip-6ml-clear-13-415,d9161a82855685e738e46125eab34bc38ca57e9c57d78acce67ebd3fe9a0e1a1,no_kit,,No productKits row served for current published plate (forSkus null),live-prod-2026-09-20
GBTulip6RollPinkDot,GB-CYL-CLR-6ML-ROL-PKDT,GBTulip6RollPinkDot,Tulip 6ml Clear 13 415,tulip-6ml-clear-13-415,0dd3902085eec75d780c1243c8ffdfe44432c76f01fbc923d3082d2e04d0eb90,no_kit,,No productKits row served for current published plate (forSkus null),live-prod-2026-09-20
GBTulip6RollSlDot,GB-CYL-CLR-6ML-ROL-SLDT,GBTulip6RollSlDot,Tulip 6ml Clear 13 415,tulip-6ml-clear-13-415,db15080da39b63fc3491d36ec5c8b25f0d320fdf0cd2c2e73353ee3b73c54244,no_kit,,No productKits row served for current published plate (forSkus null),live-prod-2026-09-20
GBTulip6RollSlMatt,GB-CYL-CLR-6ML-ROL-MSLV,GBTulip6RollSlMatt,Tulip 6ml Clear 13 415,tulip-6ml-clear-13-415,740dc87f444e87248efbcb5e45a5153f718c395d4a78500a90b44f015cdf6f8c,no_kit,,No productKits row served for current published plate (forSkus null),live-prod-2026-09-20
GBTulip6RollSlSh,GB-CYL-CLR-6ML-ROL-SSLV,GBTulip6RollSlSh,Tulip 6ml Clear 13 415,tulip-6ml-clear-13-415,6692cc80dfcaf5e70554ce7d5097688999c2848655cedb9da842fa5872bfb066,no_kit,,No productKits row served for current published plate (forSkus null),live-prod-2026-09-20
GBTulip6Sl,GB-CYL-CLR-6ML-SLV-T,GBTulip6Sl,Tulip 6ml Clear 13 415,tulip-6ml-clear-13-415,b01e80111890e799ea3fec57ac54243232240bca45729d771b73e0efbe597806,no_kit,,No productKits row served for current published plate (forSkus null),live-prod-2026-09-20
GBTulip6SpryBlkSh,GB-CYL-CLR-6ML-SPR-SBLK,GBTulip6SpryBlkSh,Tulip 6ml Clear 13 415,tulip-6ml-clear-13-415,f701e4126a2cd88f790e5afe90e92c1ed613c886cc3b6bebf016dd94b72715ef,no_kit,,No productKits row served for current published plate (forSkus null),live-prod-2026-09-20
GBTulip6SpryBluMatt,GB-CYL-CLR-6ML-SPR-MBLU,GBTulip6SpryBluMatt,Tulip 6ml Clear 13 415,tulip-6ml-clear-13-415,abc1746f30c2154d7ece6b63f5395ffcaa5cdf01e9acee47771502723ead18f9,no_kit,,No productKits row served for current published plate (forSkus null),live-prod-2026-09-20
GBTulip6SpryCuMatt,GB-CYL-CLR-6ML-SPR-MCPR,GBTulip6SpryCuMatt,Tulip 6ml Clear 13 415,tulip-6ml-clear-13-415,1c552955e4469b1dd9934b2657cff04b6125b49d529004b0e2c14349fa6ebfe5,no_kit,,No productKits row served for current published plate (forSkus null),live-prod-2026-09-20
GBTulip6SpryGlMatt,GB-CYL-CLR-6ML-SPR-MGLD,GBTulip6SpryGlMatt,Tulip 6ml Clear 13 415,tulip-6ml-clear-13-415,dac70704f778a83a1b68cc8271d64b99a36ba9a07978cfc40877be6c0639b7c8,no_kit,,No productKits row served for current published plate (forSkus null),live-prod-2026-09-20
GBTulip6SpryGlSh,GB-CYL-CLR-6ML-SPR-SGLD,GBTulip6SpryGlSh,Tulip 6ml Clear 13 415,tulip-6ml-clear-13-415,d5d741abd92e9638cde8cc44f4bc25af9fe21defa42b252cb5983e967b37801e,no_kit,,No productKits row served for current published plate (forSkus null),live-prod-2026-09-20
GBTulip6SprySlMatt,GB-CYL-CLR-6ML-SPR-MSLV,GBTulip6SprySlMatt,Tulip 6ml Clear 13 415,tulip-6ml-clear-13-415,0af16f380e334ecab320b014f18d3d38d2b18bccfe619a7c13fb5414b558cffe,no_kit,,No productKits row served for current published plate (forSkus null),live-prod-2026-09-20
GBTulip6SprySlSh,GB-CYL-CLR-6ML-SPR-SSLV,GBTulip6SprySlSh,Tulip 6ml Clear 13 415,tulip-6ml-clear-13-415,302e6ee43f6333f5fe4f1ec7f29b38014b2d111b9afeedd4209f9311814ea0b4,no_kit,,No productKits row served for current published plate (forSkus null),live-prod-2026-09-20
GBTulip6WhtSht,GB-CYL-WHT-6ML-WHT-S,GBTulip6WhtSht,Tulip 6ml Clear 13 415,tulip-6ml-clear-13-415,de1033c6be5b2a7fb09be5031860f18d1896479fa803a97f08f669207a497b9e,no_kit,,No productKits row served for current published plate (forSkus null),live-prod-2026-09-20
GBVBlu1o9BlackCapSht,GB-VIA-BLU-3ML-BLK-S,GBVBlu1o9BlackCapSht,Vial,vial-3ml-blue-13-425,c42d2b267261ad134e2d205dd2f15cdce01df7a42f8c3cfca5ee96372695719f,no_kit,,No productKits row served for current published plate (forSkus null),live-prod-2026-09-20
GBVGreen2o4BlackCapSht,GB-VIA-CLR-3ML-GRN-S,GBVGreen2o4BlackCapSht,Vial,vial-3ml-green-13-425,a1f0517e643f9321aad8d32313187490d5176e6348f1391ea37dc90a6faae16d,no_kit,,No productKits row served for current published plate (forSkus null),live-prod-2026-09-20
GBVGreen2o4WhtCapSht,GB-GRN-GRN-20ML,GBVGreen2o4WhtCapSht,Vial,vial-3ml-green-13-425,e576f4e2437bfbcaf5853ab6c53ab36172d3262318cb3ef1a6b11203d23084a3,no_kit,,No productKits row served for current published plate (forSkus null),live-prod-2026-09-20
GB1mlAmbVBlk,GB-VIA-CLR-1ML,GB1mlAmbVBlk,Vial 1ml Amber Plug,vial-1ml-amber-plug,596acbbbf938625c5c27a63b1559e3e2b74c0280c26b46ba10ee1b334bbf75d6,no_kit,,No productKits row served for current published plate (forSkus null),live-prod-2026-09-20
GB1mlAmbVialWht,GB-VIA-AMB-1ML-WHT-T,GB1mlAmbVialWht,Vial 1ml Amber Plug,vial-1ml-amber-plug,58db81937355fdc59a0ee403a14698a1ba341e3ed8532d6820b8031582b1d8dd,no_kit,,No productKits row served for current published plate (forSkus null),live-prod-2026-09-20
GB1mlVBlk,GB-VIA-CLR-1ML-BLK-T,GB1mlVBlk,Vial 1ml Clear Plug,vial-1ml-clear-plug,5c729a41c6509759794ff956be0cce6ef9da28ca74b6a197ed15c1ab13c45fb7,no_kit,,No productKits row served for current published plate (forSkus null),live-prod-2026-09-20
GB1mlVWht,GB-VIA-CLR-1ML-WHT-T,GB1mlVWht,Vial 1ml Clear Plug,vial-1ml-clear-plug,09c34146402aad062f01e207193574e036cf5f2c46a6a33f95d5c4af472af35f,no_kit,,No productKits row served for current published plate (forSkus null),live-prod-2026-09-20
GBVialAmb1o5WhtCapSht,GB-VIA-AMB-1.5ML-WHT-S,GBVialAmb1o5WhtCapSht,Vial 2ml Amber 13 425,vial-2ml-amber-13-425,bb05fdf0303b02347eacc47a7dd930f66d146bba4d918c2649fc6ce1002356aa,no_kit,,No productKits row served for current published plate (forSkus null),live-prod-2026-09-20
GBVAmb2BlackCap,GB-VIA-CLR-2ML-S-01,GBVAmb2BlackCap,Vial 2ml Amber 8 425,vial-2ml-amber-8-425,dff12ef49b4f43d8fb8f140cc02a6c236be7b22ec9682b2175d765cf6e823102,kit_complete,full,,live-prod-2026-09-20
GBVAmb2WhtCap,GB-VIA-CLR-2ML-S-02,GBVAmb2WhtCap,Vial 2ml Amber 8 425,vial-2ml-amber-8-425,94555813a3be242d72bcb9ac4e2e035733e7514bbc93b5f92f45f06817bf8cf0,kit_complete,full,,live-prod-2026-09-20
GBVialClr2mlBlackCap,GB-VIA-CLR-2ML-BLK-T,GBVialClr2mlBlackCap,Vial 2ml Clear 8 425,vial-2ml-clear-8-425,2c2522ffc06da3eb084ba920364e1735d4a78db63e359a97369b6b631cf79820,kit_complete,full,,live-prod-2026-09-20
GBVialClr2mlWhtCap,GB-VIA-CLR-2ML-WHT-T,GBVialClr2mlWhtCap,Vial 2ml Clear 8 425,vial-2ml-clear-8-425,94967ea010feb494787f7f1eea51590060e5c20fbcfc9ddb32798c72ce5e3abe,kit_complete,full,,live-prod-2026-09-20
GBVAmb1DrmBlackCapSht,GB-VIA-CLR-3ML-S-03,GBVAmb1DrmBlackCapSht,Vial 4ml Amber 13 425,vial-4ml-amber-13-425,e1f5e5ed54b6c6af53c1fbccf548d2c53e0fe8f11fe1f978b4dd074b0a63d5e5,kit_complete,full,,live-prod-2026-09-20
GBVAmb1DrmBlkDrpr,GB-VIA-CLR-3ML-02,GBVAmb1DrmBlkDrpr,Vial 4ml Amber 13 425,vial-4ml-amber-13-425,c6ea22945790dde75b0c711165b54171d4b40b8970b8036307fb36733bf5472e,no_kit,,No productKits row served for current published plate (forSkus null),live-prod-2026-09-20
GBVAmb1DrmWhtCapSht,GB-VIA-CLR-3ML-S-04,GBVAmb1DrmWhtCapSht,Vial 4ml Amber 13 425,vial-4ml-amber-13-425,65dbf78fe158c8cc45cecea1e38145760f5290aa3d54f8e48e902b25b6eb38b2,kit_complete,full,,live-prod-2026-09-20
GBVBlu1DrmBlackCapSht,GB-VIA-CLR-3ML-S-05,GBVBlu1DrmBlackCapSht,Vial 4ml Blue 13 425,vial-4ml-blue-13-425,0279c9b86717090609106ee89bddc61f82902bab72c6d27bf6ccc351b4caab7a,kit_complete,full,,live-prod-2026-09-20
GBVBlu1DrmBlkDropper,GB-VIA-CLR-3ML-03,GBVBlu1DrmBlkDropper,Vial 4ml Blue 13 425,vial-4ml-blue-13-425,565d7bb8f3316ccb3001215e8cfbe50b626f346d28d1e56abe5067a6d64d36e9,kit_complete,full,,live-prod-2026-09-20
GBVBlu1DrmWhtCapSht,GB-VIA-CLR-3ML-S-06,GBVBlu1DrmWhtCapSht,Vial 4ml Blue 13 425,vial-4ml-blue-13-425,8311ba758d36e2affb9ffc081f712fe4b483b60825b5e7163f18bc7d70649bde,kit_complete,full,,live-prod-2026-09-20
GBV1DrmBlackCapSht,GB-VIA-CLR-3ML-S-01,GBV1DrmBlackCapSht,Vial 4ml Clear 13 425,vial-4ml-clear-13-425,3af2db78b0c406a05213fc89500cfebc6677cccb2d15f963f76cbd991093eb65,no_kit,,No productKits row served for current published plate (forSkus null),live-prod-2026-09-20
GBV1DrmBlkDropper,GB-VIA-CLR-3ML-01,GBV1DrmBlkDropper,Vial 4ml Clear 13 425,vial-4ml-clear-13-425,dcfbfacb47fe85ad6b72208079bf71a3137c6e7a6d8c1c98541cfa86881fc820,kit_complete,full,,live-prod-2026-09-20
GBV1DrmWhtCapSht,GB-VIA-CLR-3ML-S-02,GBV1DrmWhtCapSht,Vial 4ml Clear 13 425,vial-4ml-clear-13-425,f276d7fbb8e2593bb125f00d75505258afa23fcaa19711da500557fa676a2ab2,no_kit,,No productKits row served for current published plate (forSkus null),live-prod-2026-09-20
GBVGr1DrmBlackCapSht,GB-VIA-CLR-3ML-S-07,GBVGr1DrmBlackCapSht,Vial 4ml Green 13 425,vial-4ml-green-13-425,e970441d21236e1fbcf5125de43d30944aa00bca167f7ce3a8b9f2811dd3e2df,kit_complete,full,,live-prod-2026-09-20
GBVGr1DrmBlkDropper,GB-VIA-CLR-3ML-04,GBVGr1DrmBlkDropper,Vial 4ml Green 13 425,vial-4ml-green-13-425,59f7b8e86e65c77b5a43c78dc21d81d88b4933fe8bf8f310387cccb1dda555fc,kit_complete,full,,live-prod-2026-09-20
GBVGr1DrmWhtCapSht,GB-VIA-CLR-3ML-S-08,GBVGr1DrmWhtCapSht,Vial 4ml Green 13 425,vial-4ml-green-13-425,3632d2c30afa43ac370dd930f43fbfad3a430f9b82fdf32b5b475a3684d8577d,kit_complete,full,,live-prod-2026-09-20
GB09BlackCapApp,GB-CYL-CLR-9ML-T-01,GB09BlackCapApp,Vial 9ml Clear 18 400,vial-9ml-clear-18-400,bf4ed5d6035e4be1c16bb76dbbe3c586589d6858aab84100621619e15ca3c9c1,kit_complete,full,,live-prod-2026-09-20
GB09BlackCapSht,GB-CYL-CLR-9ML-S-01,GB09BlackCapSht,Vial 9ml Clear 18 400,vial-9ml-clear-18-400,4897b6e25d86ad355084858973dc7408eb265fc8a3243d8db6c5d74b6cc8d16f,kit_complete,full,,live-prod-2026-09-20
