websiteSku,graceSku,family,capacityMl,neckThreadSize,applicator,category,color,capColor,capStyle,productUrl,retired
GBBell10BlkShSht,GB-BEL-CLR-10ML-SHT-SBLK,Bell,10.0,13-415,Cap/Closure,Glass Bottle,Clear,Shiny Black,Short,https://www.bestbottles.com/product/bell-design-10-ml-glass-bottle-short-shiny-black-cap,False
GBBell10MtlRollBlkDot,GB-BEL-CLR-10ML-MRL-BLDOT,Bell,10.0,13-415,Metal Roller Ball,Glass Bottle,Clear,Shiny Black,Roll-On,https://www.bestbottles.com/product/bell-design-10-ml-glass-bottle-metal-roller-ball-plug-black-shiny-cap-with-dots,False
GBBell10MtlRollBlkDot__RETIRED__GB-BLL-CLR-10ML-MRL-BDOT__kd774rnn3rkk3smtk0kk536j9s82ayk3,GB-BLL-CLR-10ML-MRL-BDOT,Bell,10.0,13-415,N/A,Glass Bottle,Clear,,,https://www.bestbottles.com/product/bell-design-10-ml-glass-bottle-metal-roller-ball-plug-black-shiny-cap-with-dots,True
GBBell10RollBlkDot,GB-BEL-CLR-10ML-ROL-BLDOT,Bell,10.0,13-415,Plastic Roller Ball,Glass Bottle,Clear,Shiny Black,Roll-On,https://www.bestbottles.com/product/bell-design-10-ml-glass-bottle-plastic-roller-ball-plug-black-shiny-cap-with-dots,False
GBBell10RollBlkDot__RETIRED__GB-BLL-CLR-10ML-RBL-BDOT__kd736nen3kgkxrt5e7zng2qz5n82a76x,GB-BLL-CLR-10ML-RBL-BDOT,Bell,10.0,13-415,N/A,Glass Bottle,Clear,,,https://www.bestbottles.com/product/bell-design-10-ml-glass-bottle-plastic-roller-ball-plug-black-shiny-cap-with-dots,True
GBBell10SpryBlkSh,GB-BEL-CLR-10ML-SPR-SBLK,Bell,10.0,13-415,Fine Mist Sprayer,Glass Bottle,Clear,Shiny Black,Spray,https://www.bestbottles.com/product/bell-design-10-ml-clear-glass-bottle-shiny-black-spray,False
GBCrcl15BlkSht,GB-CIR-CLR-15ML-BLK-S,Circle,15.0,13-415,,Glass Bottle,Clear,Black,Short,https://www.bestbottles.com/product/circle-design-15-ml-bottle-short-black-cap,False
GBCrcl15Gl,GB-CIR-CLR-15ML-GLD-T,Circle,15.0,13-415,,Glass Bottle,Clear,Gold,Tall,https://www.bestbottles.com/product/circle-design-15-ml-bottle-shiny-gold-cap,False
GBCrcl15MtlRollBlkDot,GB-CIR-CLR-15ML-MRL-BKDT,Circle,15.0,13-415,Metal Roller Ball,Glass Bottle,Clear,Black Dotted,Dot Cap,https://www.bestbottles.com/product/circle-design-15-ml-bottle-metal-roller-ball-plug-black-shiny-cap-with-dots,False
GBCrcl15MtlRollBlkSh,GB-CIR-CLR-15ML-MRL-SBLK,Circle,15.0,13-415,Metal Roller Ball,Glass Bottle,Clear,Shiny Black,Roll-On,https://www.bestbottles.com/product/circle-design-15-ml-bottle-metal-roller-ball-plug-black-shiny-cap,False
GBCrcl15MtlRollCuMatt,GB-CIR-CLR-15ML-MRL-MCPR,Circle,15.0,13-415,Metal Roller Ball,Glass Bottle,Clear,Matte Copper,Roll-On,https://www.bestbottles.com/product/circle-design-15-ml-bottle-metal-roller-ball-plug-matte-copper-cap,False
GBCrcl15MtlRollGlMatt,GB-CIR-CLR-15ML-MRL-MGLD,Circle,15.0,13-415,Metal Roller Ball,Glass Bottle,Clear,Matte Gold,Screw Cap,https://www.bestbottles.com/product/circle-design-15-ml-bottle-metal-roller-ball-plug-matte-gold-cap,False
GBCrcl15MtlRollGlSh,GB-CIR-CLR-15ML-MRL-SGLD,Circle,15.0,13-415,Metal Roller Ball,Glass Bottle,Clear,Shiny Gold,Screw Cap,https://www.bestbottles.com/product/circle-design-15-ml-bottle-metal-roller-ball-plug-shiny-gold-cap,False
GBCrcl15MtlRollPinkDot,GB-CIR-CLR-15ML-MRL-PKDT,Circle,15.0,13-415,Metal Roller Ball,Glass Bottle,Clear,Pink Dotted,Dot Cap,https://www.bestbottles.com/product/circle-design-15-ml-bottle-metal-roller-ball-plug-pink-cap-with-dots,False
GBCrcl15MtlRollSlDot,GB-CIR-CLR-15ML-MRL-SLDT,Circle,15.0,13-415,Metal Roller Ball,Glass Bottle,Clear,Silver Dotted,Dot Cap,https://www.bestbottles.com/product/circle-design-15-ml-bottle-metal-roller-ball-plug-silver-cap-with-dots,False
GBCrcl15MtlRollSlMatt,GB-CIR-CLR-15ML-MRL-MSLV,Circle,15.0,13-415,Metal Roller Ball,Glass Bottle,Clear,Matte Silver,Roll-On,https://www.bestbottles.com/product/circle-design-15-ml-bottle-metal-roller-ball-plug-matte-silver-cap,False
GBCrcl15MtlRollSlSh,GB-CIR-CLR-15ML-MRL-SSLV,Circle,15.0,13-415,Metal Roller Ball,Glass Bottle,Clear,Shiny Silver,Roll-On,https://www.bestbottles.com/product/circle-design-15-ml-bottle-metal-roller-ball-plug-shiny-silver-cap,False
GBCrcl15RollBlkDot,GB-CIR-CLR-15ML-ROL-BKDT,Circle,15.0,13-415,Plastic Roller Ball,Glass Bottle,Clear,Black Dotted,Dot Cap,https://www.bestbottles.com/product/circle-design-15-ml-bottle-plastic-roller-ball-plug-black-shiny-cap-with-dots,False
GBCrcl15RollBlkSh,GB-CIR-CLR-15ML-ROL-SBLK,Circle,15.0,13-415,Plastic Roller Ball,Glass Bottle,Clear,Shiny Black,Roll-On,https://www.bestbottles.com/product/circle-design-15-ml-bottle-plastic-roller-ball-plug-black-shiny-cap,False
GBCrcl15RollCuMatt,GB-CIR-CLR-15ML-ROL-MCPR,Circle,15.0,13-415,Plastic Roller Ball,Glass Bottle,Clear,Matte Copper,Roll-On,https://www.bestbottles.com/product/circle-design-15-ml-bottle-plastic-roller-ball-plug-matte-copper-cap,False
GBCrcl15RollGlMatt,GB-CIR-CLR-15ML-ROL-MGLD,Circle,15.0,13-415,Plastic Roller Ball,Glass Bottle,Clear,Matte Gold,Screw Cap,https://www.bestbottles.com/product/circle-design-15-ml-bottle-plastic-roller-ball-plug-matte-gold-cap,False
GBCrcl15RollGlSh,GB-CIR-CLR-15ML-ROL-SGLD,Circle,15.0,13-415,Plastic Roller Ball,Glass Bottle,Clear,Shiny Gold,Screw Cap,https://www.bestbottles.com/product/circle-design-15-ml-bottle-plastic-roller-ball-plug-shiny-gold-cap,False
GBCrcl15RollPinkDot,GB-CIR-CLR-15ML-ROL-PKDT,Circle,15.0,13-415,Plastic Roller Ball,Glass Bottle,Clear,Pink Dotted,Dot Cap,https://www.bestbottles.com/product/circle-design-15-ml-bottle-plastic-roller-ball-plug-pink-cap-with-dots,False
GBCrcl15RollSlDot,GB-CIR-CLR-15ML-ROL-SLDT,Circle,15.0,13-415,Plastic Roller Ball,Glass Bottle,Clear,Silver Dotted,Dot Cap,https://www.bestbottles.com/product/circle-design-15-ml-bottle-plastic-roller-ball-plug-silver-cap-with-dots,False
GBCrcl15RollSlMatt,GB-CIR-CLR-15ML-ROL-MSLV,Circle,15.0,13-415,Plastic Roller Ball,Glass Bottle,Clear,Matte Silver,Roll-On,https://www.bestbottles.com/product/circle-design-15-ml-bottle-plastic-roller-ball-plug-matte-silver-cap,False
GBCrcl15RollSlSh,GB-CIR-CLR-15ML-ROL-SSLV,Circle,15.0,13-415,Plastic Roller Ball,Glass Bottle,Clear,Shiny Silver,Roll-On,https://www.bestbottles.com/product/circle-design-15-ml-bottle-plastic-roller-ball-plug-shiny-silver-cap,False
GBCrcl15Sl,GB-CIR-CLR-15ML-SLV-T,Circle,15.0,13-415,,Glass Bottle,Clear,Silver,Tall,https://www.bestbottles.com/product/circle-design-15-ml-bottle-shiny-silver-cap,False
GBCrcl15SpryBlkMatt,GB-CIR-CLR-15ML-SPR-MBLK,Circle,15.0,13-415,Fine Mist Sprayer,Glass Bottle,Clear,Matte Black,Spray,https://www.bestbottles.com/product/circle-design-15-ml-bottle-matte-black-spray,False
GBCrcl15SpryBlkSh,GB-CIR-CLR-15ML-SPR-SBLK,Circle,15.0,13-415,Fine Mist Sprayer,Glass Bottle,Clear,Shiny Black,Spray,https://www.bestbottles.com/product/circle-design-15-ml-bottle-shiny-black-spray,False
GBCrcl15SpryBluMatt,GB-CIR-CLR-15ML-SPR-MBLU,Circle,15.0,13-415,Fine Mist Sprayer,Glass Bottle,Clear,Matte Blue,Spray,https://www.bestbottles.com/product/circle-design-15-ml-bottle-matte-blue-spray,False
GBCrcl15SpryCuMatt,GB-CIR-CLR-15ML-SPR-MCPR,Circle,15.0,13-415,Fine Mist Sprayer,Glass Bottle,Clear,Matte Copper,Spray,https://www.bestbottles.com/product/circle-design-15-ml-bottle-matte-copper-spray,False
GBCrcl15SpryGlMatt,GB-CIR-CLR-15ML-SPR-MGLD,Circle,15.0,13-415,Fine Mist Sprayer,Glass Bottle,Clear,Matte Gold,Spray,https://www.bestbottles.com/product/circle-design-15-ml-bottle-matte-gold-spray,False
GBCrcl15SpryGlSh,GB-CIR-CLR-15ML-SPR-SGLD,Circle,15.0,13-415,Fine Mist Sprayer,Glass Bottle,Clear,Shiny Gold,Spray,https://www.bestbottles.com/product/circle-design-15-ml-bottle-shiny-gold-spray,False
GBCrcl15SprySlMatt,GB-CIR-CLR-15ML-SPR-MSLV,Circle,15.0,13-415,Fine Mist Sprayer,Glass Bottle,Clear,Matte Silver,Spray,https://www.bestbottles.com/product/circle-design-15-ml-bottle-matte-silver-spray,False
GBCrcl15SprySlSh,GB-CIR-CLR-15ML-SPR-SSLV,Circle,15.0,13-415,Fine Mist Sprayer,Glass Bottle,Clear,Shiny Silver,Spray,https://www.bestbottles.com/product/circle-design-15-ml-bottle-shiny-silver-spray,False
GBCrcl15WhtSht,GB-CIR-WHT-15ML-WHT-S,Circle,15.0,13-415,,Glass Bottle,Clear,White,Short,https://www.bestbottles.com/product/circle-design-15-ml-bottle-short-white-cap,False
GBCyl5BlkShSht,GB-CYL-CLR-5ML-SBLK-S,Cylinder,5.0,13-415,Cap/Closure,Glass Bottle,Clear,Short Shiny Black,,,False
GBCyl5BlkSht,GB-CYL-CLR-5ML-S,Cylinder,5.0,13-415,Cap/Closure,Glass Bottle,Clear,Short Ribbed Black,,https://www.bestbottles.com/product/cylinder-design-5-ml-glass-bottle-short-black-cap,False
GBCyl5CuSht,GB-CYL-CLR-5ML-MCPR-S,Cylinder,5.0,13-415,Cap/Closure,Glass Bottle,Clear,Short Matte Copper,,,False
GBCyl5Gl,GB-CYL-CLR-5ML-GLD-T,Cylinder,5.0,13-415,Cap/Closure,Glass Bottle,Clear,Regular Shiny Gold,,https://www.bestbottles.com/product/cylinder-design-5-ml-glass-bottle-shiny-gold-cap,False
GBCyl5GlMattSht,GB-CYL-CLR-5ML-MGLD-S,Cylinder,5.0,13-415,Cap/Closure,Glass Bottle,Clear,Short Matte Gold,,,False
GBCyl5GlSht,GB-CYL-CLR-5ML-SGLD-S,Cylinder,5.0,13-415,Cap/Closure,Glass Bottle,Clear,Short Shiny Gold,,,False
GBCyl5MtlRollBlkDot,GB-CYL-CLR-5ML-MRL-BKDT,Cylinder,5.0,13-415,Metal Roller Ball,Glass Bottle,Clear,Black with Dots,Dot Cap,https://www.bestbottles.com/product/cylinder-design-5-ml-glass-bottle-metal-roller-ball-plug-black-shiny-cap-with-dots,False
GBCyl5MtlRollBlkSh,GB-CYL-CLR-5ML-MRL-SBLK,Cylinder,5.0,13-415,Metal Roller Ball,Glass Bottle,Clear,Shiny Black,Roll-On,https://www.bestbottles.com/product/cylinder-design-5-ml-glass-bottle-metal-roller-ball-plug-black-shiny-cap,False
GBCyl5MtlRollCuMatt,GB-CYL-CLR-5ML-MRL-MCPR,Cylinder,5.0,13-415,Metal Roller Ball,Glass Bottle,Clear,Matte Copper,Roll-On,https://www.bestbottles.com/product/cylinder-design-5-ml-glass-bottle-metal-roller-ball-plug-matte-copper-cap,False
GBCyl5MtlRollGlMatt,GB-CYL-CLR-5ML-MRL-MGLD,Cylinder,5.0,13-415,Metal Roller Ball,Glass Bottle,Clear,Matte Gold,Screw Cap,https://www.bestbottles.com/product/cylinder-design-5-ml-glass-bottle-metal-roller-ball-plug-matte-gold-cap,False
GBCyl5MtlRollGlSh,GB-CYL-CLR-5ML-MRL-SGLD,Cylinder,5.0,13-415,Metal Roller Ball,Glass Bottle,Clear,Shiny Gold,Screw Cap,https://www.bestbottles.com/product/cylinder-design-5-ml-glass-bottle-metal-roller-ball-plug-shiny-gold-cap,False
GBCyl5MtlRollPinkDot,GB-CYL-CLR-5ML-MRL-PKDT,Cylinder,5.0,13-415,Metal Roller Ball,Glass Bottle,Clear,Pink with Dots,Dot Cap,https://www.bestbottles.com/product/cylinder-design-5-ml-glass-bottle-metal-roller-ball-plug-pink-cap-with-dots,False
GBCyl5MtlRollSlDot,GB-CYL-CLR-5ML-MRL-SLDT,Cylinder,5.0,13-415,Metal Roller Ball,Glass Bottle,Clear,Silver with Dots,Dot Cap,https://www.bestbottles.com/product/cylinder-design-5-ml-glass-bottle-metal-roller-ball-plug-silver-cap-with-dots,False
GBCyl5MtlRollSlMatt,GB-CYL-CLR-5ML-MRL-MSLV,Cylinder,5.0,13-415,Metal Roller Ball,Glass Bottle,Clear,Matte Silver,Roll-On,https://www.bestbottles.com/product/cylinder-design-5-ml-glass-bottle-metal-roller-ball-plug-matte-silver-cap,False
GBCyl5MtlRollSlSh,GB-CYL-CLR-5ML-MRL-SSLV,Cylinder,5.0,13-415,Metal Roller Ball,Glass Bottle,Clear,Shiny Silver,Roll-On,https://www.bestbottles.com/product/cylinder-design-5-ml-glass-bottle-metal-roller-ball-plug-shiny-silver-cap,False
GBCyl5RollBlkDot,GB-CYL-CLR-5ML-ROL-BKDT,Cylinder,5.0,13-415,Plastic Roller Ball,Glass Bottle,Clear,Black with Dots,Dot Cap,https://www.bestbottles.com/product/cylinder-design-5-ml-glass-bottle-plastic-roller-ball-plug-black-shiny-cap-with-dots,False
GBCyl5RollBlkSh,GB-CYL-CLR-5ML-ROL-SBLK,Cylinder,5.0,13-415,Plastic Roller Ball,Glass Bottle,Clear,Shiny Black,Roll-On,https://www.bestbottles.com/product/cylinder-design-5-ml-glass-bottle-plastic-roller-ball-plug-black-shiny-cap,False
GBCyl5RollCuMatt,GB-CYL-CLR-5ML-ROL-MCPR,Cylinder,5.0,13-415,Plastic Roller Ball,Glass Bottle,Clear,Matte Copper,Roll-On,https://www.bestbottles.com/product/cylinder-design-5-ml-glass-bottle-plastic-roller-ball-plug-matte-copper-cap,False
GBCyl5RollGlMatt,GB-CYL-CLR-5ML-ROL-MGLD,Cylinder,5.0,13-415,Plastic Roller Ball,Glass Bottle,Clear,Matte Gold,Screw Cap,https://www.bestbottles.com/product/cylinder-design-5-ml-glass-bottle-plastic-roller-ball-plug-matte-gold-cap,False
GBCyl5RollGlSh,GB-CYL-CLR-5ML-ROL-SGLD,Cylinder,5.0,13-415,Plastic Roller Ball,Glass Bottle,Clear,Shiny Gold,Screw Cap,https://www.bestbottles.com/product/cylinder-design-5-ml-glass-bottle-plastic-roller-ball-plug-shiny-gold-cap,False
GBCyl5RollPinkDot,GB-CYL-CLR-5ML-ROL-PKDT,Cylinder,5.0,13-415,Plastic Roller Ball,Glass Bottle,Clear,Pink with Dots,Dot Cap,https://www.bestbottles.com/product/cylinder-design-5-ml-glass-bottle-plastic-roller-ball-plug-pink-cap-with-dots,False
GBCyl5RollSlDot,GB-CYL-CLR-5ML-ROL-SLDT,Cylinder,5.0,13-415,Plastic Roller Ball,Glass Bottle,Clear,Silver with Dots,Dot Cap,https://www.bestbottles.com/product/cylinder-design-5-ml-glass-bottle-plastic-roller-ball-plug-silver-cap-with-dots,False
GBCyl5RollSlMatt,GB-CYL-CLR-5ML-ROL-MSLV,Cylinder,5.0,13-415,Plastic Roller Ball,Glass Bottle,Clear,Matte Silver,Roll-On,https://www.bestbottles.com/product/cylinder-design-5-ml-glass-bottle-plastic-roller-ball-plug-matte-silver-cap,False
GBCyl5RollSlSh,GB-CYL-CLR-5ML-ROL-SSLV,Cylinder,5.0,13-415,Plastic Roller Ball,Glass Bottle,Clear,Shiny Silver,Roll-On,https://www.bestbottles.com/product/cylinder-design-5-ml-glass-bottle-plastic-roller-ball-plug-shiny-silver-cap,False
GBCyl5Sl,GB-CYL-CLR-5ML-SLV-T,Cylinder,5.0,13-415,Cap/Closure,Glass Bottle,Clear,Regular Shiny Silver,,https://www.bestbottles.com/product/cylinder-design-5-ml-glass-bottle-shiny-silver-cap,False
GBCyl5SlMattSht,GB-CYL-CLR-5ML-MSLV-S,Cylinder,5.0,13-415,Cap/Closure,Glass Bottle,Clear,Short Matte Silver,,,False
GBCyl5SlSht,GB-CYL-CLR-5ML-SSLV-S,Cylinder,5.0,13-415,Cap/Closure,Glass Bottle,Clear,Short Shiny Silver,,,False
GBCyl5SpryBlkSh,GB-CYL-CLR-5ML-SPR-SBLK,Cylinder,5.0,13-415,Fine Mist Sprayer,Glass Bottle,Clear,Shiny Black,Spray,https://www.bestbottles.com/product/cylinder-design-5-ml-glass-bottle-shiny-black-spray,False
GBCyl5SpryBluMatt,GB-CYL-CLR-5ML-SPR-MBLU,Cylinder,5.0,13-415,Fine Mist Sprayer,Glass Bottle,Clear,Matte Blue,Spray,https://www.bestbottles.com/product/cylinder-design-5-ml-glass-bottle-matte-blue-spray,False
GBCyl5SpryCuMatt,GB-CYL-CLR-5ML-SPR-MCPR,Cylinder,5.0,13-415,Fine Mist Sprayer,Glass Bottle,Clear,Matte Copper,Spray,https://www.bestbottles.com/product/cylinder-design-5-ml-glass-bottle-matte-copper-spray,False
GBCyl5SpryGlMatt,GB-CYL-CLR-5ML-SPR-MGLD,Cylinder,5.0,13-415,Fine Mist Sprayer,Glass Bottle,Clear,Matte Gold,Spray,https://www.bestbottles.com/product/cylinder-design-5-ml-glass-bottle-matte-gold-spray,False
GBCyl5SpryGlSh,GB-CYL-CLR-5ML-SPR-SGLD,Cylinder,5.0,13-415,Fine Mist Sprayer,Glass Bottle,Clear,Shiny Gold,Spray,https://www.bestbottles.com/product/cylinder-design-5-ml-glass-bottle-shiny-gold-spray,False
GBCyl5SprySlMatt,GB-CYL-CLR-5ML-SPR-MSLV,Cylinder,5.0,13-415,Fine Mist Sprayer,Glass Bottle,Clear,Matte Silver,Spray,https://www.bestbottles.com/product/cylinder-design-5-ml-glass-bottle-matte-silver-spray,False
GBCyl5SprySlSh,GB-CYL-CLR-5ML-SPR-SSLV,Cylinder,5.0,13-415,Fine Mist Sprayer,Glass Bottle,Clear,Shiny Silver,Spray,https://www.bestbottles.com/product/cylinder-design-5-ml-glass-bottle-shiny-silver-spray,False
GBCyl5WhtSht,GB-CYL-CLR-5ML-WHT-S,Cylinder,5.0,13-415,Cap/Closure,Glass Bottle,Clear,Short Ribbed White,,https://www.bestbottles.com/product/cylinder-design-5-ml-glass-bottle-short-white-cap,False
GBCyl5WhtSht__RETIRED__GBCyl5WhtSht__kd7227hkh2tsrhwwz9mg4hqjw985cf47,GBCyl5WhtSht,Cylinder,5.0,13-415,Cap/Closure,Glass Bottle,Clear,Short White,Short Cap,https://www.bestbottles.com/product/cylinder-design-5-ml-glass-bottle-short-white-cap,True
GBCylBlu5BlkShSht,GB-CYL-BLU-5ML-CAP-SBLK,Cylinder,5.0,13-415,Cap/Closure,Glass Bottle,Cobalt Blue,Short Shiny Black,,https://www.bestbottles.com/product/cylinder-design-5-ml-blue-glass-bottle-short-shiny-black-cap,False
GBCylBlu5BlkSht,GB-CYL-CBL-5ML-S-01,Cylinder,5.0,13-415,Cap/Closure,Glass Bottle,Cobalt Blue,Short Ribbed Black,,https://www.bestbottles.com/product/cylinder-design-5-ml-blue-glass-bottle-short-black-cap,False
GBCylBlu5CuSht,GB-CYL-BLU-5ML-MCPR-S,Cylinder,5.0,13-415,Cap/Closure,Glass Bottle,Cobalt Blue,Short Matte Copper,,,False
GBCylBlu5Gl,GB-CYL-BLU-5ML-GLD-T,Cylinder,5.0,13-415,Cap/Closure,Glass Bottle,Cobalt Blue,Regular Shiny Gold,,https://www.bestbottles.com/product/cylinder-design-5-ml-blue-glass-bottle-shiny-gold-cap,False
GBCylBlu5GlMattSht,GB-CYL-BLU-5ML-MGLD-S,Cylinder,5.0,13-415,Cap/Closure,Glass Bottle,Cobalt Blue,Short Matte Gold,,,False
GBCylBlu5GlSht,GB-CYL-BLU-5ML-SGLD-S,Cylinder,5.0,13-415,Cap/Closure,Glass Bottle,Cobalt Blue,Short Shiny Gold,,,False
GBCylBlu5MtlRollBlkDot,GB-CYL-BLU-5ML-MRL-BKDT,Cylinder,5.0,13-415,Metal Roller Ball,Glass Bottle,Cobalt Blue,Black with Dots,Dot Cap,https://www.bestbottles.com/product/cylinder-design-5-ml-blue-glass-bottle-metal-roller-ball-plug-black-shiny-cap-with-dots,False
GBCylBlu5MtlRollBlkSh,GB-CYL-BLU-5ML-MRL-SBLK,Cylinder,5.0,13-415,Metal Roller Ball,Glass Bottle,Cobalt Blue,Shiny Black,Roll-On,https://www.bestbottles.com/product/cylinder-design-5-ml-blue-glass-bottle-metal-roller-ball-plug-black-shiny-cap,False
GBCylBlu5MtlRollCuMatt,GB-CYL-BLU-5ML-MRL-MCPR,Cylinder,5.0,13-415,Metal Roller Ball,Glass Bottle,Cobalt Blue,Matte Copper,Roll-On,https://www.bestbottles.com/product/cylinder-design-5-ml-blue-glass-bottle-metal-roller-ball-plug-matte-copper-cap,False
GBCylBlu5MtlRollGlMatt,GB-CYL-BLU-5ML-MRL-MGLD,Cylinder,5.0,13-415,Metal Roller Ball,Glass Bottle,Cobalt Blue,Matte Gold,Screw Cap,https://www.bestbottles.com/product/cylinder-design-5-ml-blue-glass-bottle-metal-roller-ball-plug-matte-gold-cap,False
GBCylBlu5MtlRollGlSh,GB-CYL-BLU-5ML-MRL-SGLD,Cylinder,5.0,13-415,Metal Roller Ball,Glass Bottle,Cobalt Blue,Shiny Gold,Screw Cap,https://www.bestbottles.com/product/cylinder-design-5-ml-blue-glass-bottle-metal-roller-ball-plug-shiny-gold-cap,False
GBCylBlu5MtlRollPinkDot,GB-CYL-BLU-5ML-MRL-PKDT,Cylinder,5.0,13-415,Metal Roller Ball,Glass Bottle,Cobalt Blue,Pink with Dots,Dot Cap,https://www.bestbottles.com/product/cylinder-design-5-ml-blue-glass-bottle-metal-roller-ball-plug-pink-cap-with-dots,False
GBCylBlu5MtlRollSlDot,GB-CYL-BLU-5ML-MRL-SLDT,Cylinder,5.0,13-415,Metal Roller Ball,Glass Bottle,Cobalt Blue,Silver with Dots,Dot Cap,https://www.bestbottles.com/product/cylinder-design-5-ml-blue-glass-bottle-metal-roller-ball-plug-silver-cap-with-dots,False
GBCylBlu5MtlRollSlMatt,GB-CYL-BLU-5ML-MRL-MSLV,Cylinder,5.0,13-415,Metal Roller Ball,Glass Bottle,Cobalt Blue,Matte Silver,Roll-On,https://www.bestbottles.com/product/cylinder-design-5-ml-blue-glass-bottle-metal-roller-ball-plug-matte-silver-cap,False
GBCylBlu5MtlRollSlSh,GB-CYL-BLU-5ML-MRL-SSLV,Cylinder,5.0,13-415,Metal Roller Ball,Glass Bottle,Cobalt Blue,Shiny Silver,Roll-On,https://www.bestbottles.com/product/cylinder-design-5-ml-blue-glass-bottle-metal-roller-ball-plug-shiny-silver-cap,False
GBCylBlu5RollBlkDot,GB-CYL-BLU-5ML-ROL-BKDT,Cylinder,5.0,13-415,Plastic Roller Ball,Glass Bottle,Cobalt Blue,Black with Dots,Dot Cap,https://www.bestbottles.com/product/cylinder-design-5-ml-blue-glass-bottle-plastic-roller-ball-plug-black-shiny-cap-with-dots,False
GBCylBlu5RollBlkSh,GB-CYL-BLU-5ML-ROL-SBLK,Cylinder,5.0,13-415,Plastic Roller Ball,Glass Bottle,Cobalt Blue,Shiny Black,Roll-On,https://www.bestbottles.com/product/cylinder-design-5-ml-blue-glass-bottle-plastic-roller-ball-plug-black-shiny-cap,False
GBCylBlu5RollCuMatt,GB-CYL-BLU-5ML-ROL-MCPR,Cylinder,5.0,13-415,Plastic Roller Ball,Glass Bottle,Cobalt Blue,Matte Copper,Roll-On,https://www.bestbottles.com/product/cylinder-design-5-ml-blue-glass-bottle-plastic-roller-ball-plug-matte-copper-cap,False
GBCylBlu5RollGlMatt,GB-CYL-BLU-5ML-ROL-MGLD,Cylinder,5.0,13-415,Plastic Roller Ball,Glass Bottle,Cobalt Blue,Matte Gold,Screw Cap,https://www.bestbottles.com/product/cylinder-design-5-ml-blue-glass-bottle-plastic-roller-ball-plug-matte-gold-cap,False
GBCylBlu5RollGlSh,GB-CYL-BLU-5ML-ROL-SGLD,Cylinder,5.0,13-415,Plastic Roller Ball,Glass Bottle,Cobalt Blue,Shiny Gold,Screw Cap,https://www.bestbottles.com/product/cylinder-design-5-ml-blue-glass-bottle-plastic-roller-ball-plug-shiny-gold-cap,False
GBCylBlu5RollPinkDot,GB-CYL-BLU-5ML-ROL-PKDT,Cylinder,5.0,13-415,Plastic Roller Ball,Glass Bottle,Cobalt Blue,Pink with Dots,Dot Cap,https://www.bestbottles.com/product/cylinder-design-5-ml-blue-glass-bottle-plastic-roller-ball-plug-pink-cap-with-dots,False
GBCylBlu5RollSlDot,GB-CYL-BLU-5ML-ROL-SLDT,Cylinder,5.0,13-415,Plastic Roller Ball,Glass Bottle,Cobalt Blue,Silver with Dots,Dot Cap,https://www.bestbottles.com/product/cylinder-design-5-ml-blue-glass-bottle-plastic-roller-ball-plug-silver-cap-with-dots,False
GBCylBlu5RollSlMatt,GB-CYL-BLU-5ML-ROL-MSLV,Cylinder,5.0,13-415,Plastic Roller Ball,Glass Bottle,Cobalt Blue,Matte Silver,Roll-On,https://www.bestbottles.com/product/cylinder-design-5-ml-blue-glass-bottle-plastic-roller-ball-plug-matte-silver-cap,False
GBCylBlu5RollSlSh,GB-CYL-BLU-5ML-ROL-SSLV,Cylinder,5.0,13-415,Plastic Roller Ball,Glass Bottle,Cobalt Blue,Shiny Silver,Roll-On,https://www.bestbottles.com/product/cylinder-design-5-ml-blue-glass-bottle-plastic-roller-ball-plug-shiny-silver-cap,False
GBCylBlu5Sl,GB-CYL-BLU-5ML-SLV-T,Cylinder,5.0,13-415,Cap/Closure,Glass Bottle,Cobalt Blue,Regular Shiny Silver,,https://www.bestbottles.com/product/cylinder-design-5-ml-blue-glass-bottle-shiny-silver-cap,False
GBCylBlu5SlMattSht,GB-CYL-BLU-5ML-MSLV-S,Cylinder,5.0,13-415,Cap/Closure,Glass Bottle,Cobalt Blue,Short Matte Silver,,,False
GBCylBlu5SlSht,GB-CYL-BLU-5ML-SSLV-S,Cylinder,5.0,13-415,Cap/Closure,Glass Bottle,Cobalt Blue,Short Shiny Silver,,,False
GBCylBlu5SpryBlkSh,GB-CYL-BLU-5ML-SPR-SBLK,Cylinder,5.0,13-415,Fine Mist Sprayer,Glass Bottle,Cobalt Blue,Shiny Black,Spray,https://www.bestbottles.com/product/cylinder-design-5-ml-blue-glass-bottle-shiny-black-spray,False
GBCylBlu5SpryBluMatt,GB-CYL-BLU-5ML-SPR-MBLU,Cylinder,5.0,13-415,Fine Mist Sprayer,Glass Bottle,Cobalt Blue,Matte Blue,Spray,https://www.bestbottles.com/product/cylinder-design-5-ml-blue-glass-bottle-matte-blue-spray,False
GBCylBlu5SpryCuMatt,GB-CYL-BLU-5ML-SPR-MCPR,Cylinder,5.0,13-415,Fine Mist Sprayer,Glass Bottle,Cobalt Blue,Matte Copper,Spray,https://www.bestbottles.com/product/cylinder-design-5-ml-blue-glass-bottle-matte-copper-spray,False
GBCylBlu5SpryGlMatt,GB-CYL-BLU-5ML-SPR-MGLD,Cylinder,5.0,13-415,Fine Mist Sprayer,Glass Bottle,Cobalt Blue,Matte Gold,Spray,https://www.bestbottles.com/product/cylinder-design-5-ml-blue-glass-bottle-matte-gold-spray,False
GBCylBlu5SpryGlSh,GB-CYL-BLU-5ML-SPR-SGLD,Cylinder,5.0,13-415,Fine Mist Sprayer,Glass Bottle,Cobalt Blue,Shiny Gold,Spray,https://www.bestbottles.com/product/cylinder-design-5-ml-blue-glass-bottle-shiny-gold-spray,False
GBCylBlu5SprySlMatt,GB-CYL-BLU-5ML-SPR-MSLV,Cylinder,5.0,13-415,Fine Mist Sprayer,Glass Bottle,Cobalt Blue,Matte Silver,Spray,https://www.bestbottles.com/product/cylinder-design-5-ml-blue-glass-bottle-matte-silver-spray,False
GBCylBlu5SprySlSh,GB-CYL-BLU-5ML-SPR-SSLV,Cylinder,5.0,13-415,Fine Mist Sprayer,Glass Bottle,Cobalt Blue,Shiny Silver,Spray,https://www.bestbottles.com/product/cylinder-design-5-ml-blue-glass-bottle-shiny-silver-spray,False
GBCylBlu5WhtSht,GB-CYL-CBL-5ML-S-02,Cylinder,5.0,13-415,Cap/Closure,Glass Bottle,Cobalt Blue,Short Ribbed White,,https://www.bestbottles.com/product/cylinder-design-5-ml-blue-glass-bottle-short-white-cap,False
GBCyl5SpryBlkMatt,GB-CYL-CLR-5ML-SPR-MBLK,Cylinder,5.5,13-415,Fine Mist Sprayer,Glass Bottle,Clear,Matte Black,Spray,https://www.bestbottles.com/product/cylinder-design-5-ml-glass-bottle-matte-black-spray,False
GBTallCyl9BlkShSht,GB-CYL-CLR-9ML-SBLK-S,Cylinder,9.0,13-415,,Glass Bottle,Clear,Shiny Black,Short,,False
GBTallCyl9BlkSht,GB-CYL-CLR-9ML-S-02,Cylinder,9.0,13-415,,Glass Bottle,Clear,Short Ribbed Black,Tall,https://www.bestbottles.com/product/tall-cylinder-design-9-ml-glass-bottle-short-black-cap,False
GBTallCyl9CuSht,GB-CYL-CLR-9ML-MCPR-S,Cylinder,9.0,13-415,,Glass Bottle,Clear,Matte Copper,Short,,False
GBTallCyl9Gl,GB-CYL-CLR-9ML-GLD-T,Cylinder,9.0,13-415,,Glass Bottle,Clear,Gold,Tall,https://www.bestbottles.com/product/tall-cylinder-design-9-ml-glass-bottle-shiny-gold-cap,False
GBTallCyl9GlMattSht,GB-CYL-CLR-9ML-MGLD-S,Cylinder,9.0,13-415,,Glass Bottle,Clear,Matte Gold,Short,,False
GBTallCyl9GlSht,GB-CYL-CLR-9ML-SGLD-S,Cylinder,9.0,13-415,,Glass Bottle,Clear,Shiny Gold,Short,,False
GBTallCyl9MtlRollBlkDot,GB-CYL-CLR-9ML-MRL-BKDT-02,Cylinder,9.0,13-415,Metal Roller Ball,Glass Bottle,Clear,Black with Dots,Tall,https://www.bestbottles.com/product/tall-cylinder-design-9-ml-glass-bottle-metal-roller-ball-plug-black-shiny-cap-with-dots,False
GBTallCyl9MtlRollBlkSh,GB-CYL-CLR-9ML-MRL-SBLK-02,Cylinder,9.0,13-415,Metal Roller Ball,Glass Bottle,Clear,Shiny Black,Tall,https://www.bestbottles.com/product/tall-cylinder-design-9-ml-glass-bottle-metal-roller-ball-plug-black-shiny-cap,False
GBTallCyl9MtlRollCuMatt,GB-CYL-CLR-9ML-MRL-MCPR-02,Cylinder,9.0,13-415,Metal Roller Ball,Glass Bottle,Clear,Matte Copper,Tall,https://www.bestbottles.com/product/tall-cylinder-design-9-ml-glass-bottle-metal-roller-ball-plug-matte-copper-cap,False
GBTallCyl9MtlRollGlMatt,GB-CYL-CLR-9ML-MRL-MGLD-02,Cylinder,9.0,13-415,Metal Roller Ball,Glass Bottle,Clear,Matte Gold,Tall,https://www.bestbottles.com/product/tall-cylinder-design-9-ml-glass-bottle-metal-roller-ball-plug-matte-gold-cap,False
GBTallCyl9MtlRollGlSh,GB-CYL-CLR-9ML-MRL-SGLD-02,Cylinder,9.0,13-415,Metal Roller Ball,Glass Bottle,Clear,Shiny Gold,Tall,https://www.bestbottles.com/product/tall-cylinder-design-9-ml-glass-bottle-metal-roller-ball-plug-shiny-gold-cap,False
GBTallCyl9MtlRollPinkDot,GB-CYL-CLR-9ML-MRL-PKDT-02,Cylinder,9.0,13-415,Metal Roller Ball,Glass Bottle,Clear,Pink Dotted,Tall,https://www.bestbottles.com/product/tall-cylinder-design-9-ml-glass-bottle-metal-roller-ball-plug-pink-cap-with-dots,False
GBTallCyl9MtlRollSlDot,GB-CYL-CLR-9ML-MRL-SLDT-02,Cylinder,9.0,13-415,Metal Roller Ball,Glass Bottle,Clear,Silver Dotted,Tall,https://www.bestbottles.com/product/tall-cylinder-design-9-ml-glass-bottle-metal-roller-ball-plug-silver-cap-with-dots,False
GBTallCyl9MtlRollSlMatt,GB-CYL-CLR-9ML-MRL-MSLV-03,Cylinder,9.0,13-415,Metal Roller Ball,Glass Bottle,Clear,Matte Silver,Tall,https://www.bestbottles.com/product/tall-cylinder-design-9-ml-glass-bottle-metal-roller-ball-plug-matte-silver-cap,False
GBTallCyl9MtlRollSlSh,GB-CYL-CLR-9ML-MRL-SSLV-02,Cylinder,9.0,13-415,Metal Roller Ball,Glass Bottle,Clear,Shiny Silver,Tall,https://www.bestbottles.com/product/tall-cylinder-design-9-ml-glass-bottle-metal-roller-ball-plug-shiny-silver-cap,False
GBTallCyl9RollBlkDot,GB-CYL-CLR-9ML-ROL-BKDT-02,Cylinder,9.0,13-415,Plastic Roller Ball,Glass Bottle,Clear,Black with Dots,Tall,https://www.bestbottles.com/product/tall-cylinder-design-9-ml-glass-bottle-plastic-roller-ball-plug-black-shiny-cap-with-dots,False
GBTallCyl9RollBlkSh,GB-CYL-CLR-9ML-ROL-SBLK-02,Cylinder,9.0,13-415,Plastic Roller Ball,Glass Bottle,Clear,Shiny Black,Tall,https://www.bestbottles.com/product/tall-cylinder-design-9-ml-glass-bottle-plastic-roller-ball-plug-black-shiny-cap,False
GBTallCyl9RollCuMatt,GB-CYL-CLR-9ML-ROL-MCPR-02,Cylinder,9.0,13-415,Plastic Roller Ball,Glass Bottle,Clear,Matte Copper,Tall,https://www.bestbottles.com/product/tall-cylinder-design-9-ml-glass-bottle-plastic-roller-ball-plug-matte-copper-cap,False
GBTallCyl9RollGlMatt,GB-CYL-CLR-9ML-ROL-MGLD-02,Cylinder,9.0,13-415,Plastic Roller Ball,Glass Bottle,Clear,Matte Gold,Tall,https://www.bestbottles.com/product/tall-cylinder-design-9-ml-glass-bottle-plastic-roller-ball-plug-matte-gold-cap,False
GBTallCyl9RollGlSh,GB-CYL-CLR-9ML-ROL-SGLD-02,Cylinder,9.0,13-415,Plastic Roller Ball,Glass Bottle,Clear,Shiny Gold,Tall,https://www.bestbottles.com/product/tall-cylinder-design-9-ml-glass-bottle-plastic-roller-ball-plug-shiny-gold-cap,False
GBTallCyl9RollPinkDot,GB-CYL-CLR-9ML-ROL-PKDT-02,Cylinder,9.0,13-415,Plastic Roller Ball,Glass Bottle,Clear,Pink Dotted,Tall,https://www.bestbottles.com/product/tall-cylinder-design-9-ml-glass-bottle-plastic-roller-ball-plug-pink-cap-with-dots,False
GBTallCyl9RollSlDot,GB-CYL-CLR-9ML-ROL-SLDT-02,Cylinder,9.0,13-415,Plastic Roller Ball,Glass Bottle,Clear,Silver Dotted,Tall,https://www.bestbottles.com/product/tall-cylinder-design-9-ml-glass-bottle-plastic-roller-ball-plug-silver-cap-with-dots,False
GBTallCyl9RollSlMatt,GB-CYL-CLR-9ML-ROL-MSLV-02,Cylinder,9.0,13-415,Plastic Roller Ball,Glass Bottle,Clear,Matte Silver,Tall,https://www.bestbottles.com/product/tall-cylinder-design-9-ml-glass-bottle-plastic-roller-ball-plug-matte-silver-cap,False
GBTallCyl9RollSlSh,GB-CYL-CLR-9ML-ROL-SSLV-02,Cylinder,9.0,13-415,Plastic Roller Ball,Glass Bottle,Clear,Shiny Silver,Tall,https://www.bestbottles.com/product/tall-cylinder-design-9-ml-glass-bottle-plastic-roller-ball-plug-shiny-silver-cap,False
GBTallCyl9Sl,GB-CYL-CLR-9ML-SLV-T,Cylinder,9.0,13-415,,Glass Bottle,Clear,Silver,Tall,https://www.bestbottles.com/product/tall-cylinder-design-9-ml-glass-bottle-shiny-silver-cap,False
GBTallCyl9SlMattSht,GB-CYL-CLR-9ML-MSLV-S,Cylinder,9.0,13-415,,Glass Bottle,Clear,Matte Silver,Short,,False
GBTallCyl9SlSht,GB-CYL-CLR-9ML-SSLV-S,Cylinder,9.0,13-415,,Glass Bottle,Clear,Shiny Silver,Short,,False
GBTallCyl9SpryBlkMatt,GB-CYL-CLR-9ML-SPR-MBLK,Cylinder,9.0,13-415,Fine Mist Sprayer,Glass Bottle,Clear,Matte Black,Tall,https://www.bestbottles.com/product/tall-cylinder-design-9-ml-glass-bottle-matte-black-spray,False
GBTallCyl9SpryBlkSh,GB-CYL-CLR-9ML-SPR-SBLK,Cylinder,9.0,13-415,Fine Mist Sprayer,Glass Bottle,Clear,Shiny Black,Tall,https://www.bestbottles.com/product/tall-cylinder-design-9-ml-glass-bottle-shiny-black-spray,False
GBTallCyl9SpryBluMatt,GB-CYL-CLR-9ML-SPR-MBLU,Cylinder,9.0,13-415,Fine Mist Sprayer,Glass Bottle,Clear,Matte Blue,Tall,https://www.bestbottles.com/product/tall-cylinder-design-9-ml-glass-bottle-matte-blue-spray,False
GBTallCyl9SpryCuMatt,GB-CYL-CLR-9ML-SPR-MCPR,Cylinder,9.0,13-415,Fine Mist Sprayer,Glass Bottle,Clear,Matte Copper,Tall,https://www.bestbottles.com/product/tall-cylinder-design-9-ml-glass-bottle-matte-copper-spray,False
GBTallCyl9SpryGlMatt,GB-CYL-CLR-9ML-SPR-MGLD,Cylinder,9.0,13-415,Fine Mist Sprayer,Glass Bottle,Clear,Matte Gold,Tall,https://www.bestbottles.com/product/tall-cylinder-design-9-ml-glass-bottle-matte-gold-spray,False
GBTallCyl9SpryGlSh,GB-CYL-CLR-9ML-SPR-SGLD,Cylinder,9.0,13-415,Fine Mist Sprayer,Glass Bottle,Clear,Shiny Gold,Tall,https://www.bestbottles.com/product/tall-cylinder-design-9-ml-glass-bottle-shiny-gold-spray,False
GBTallCyl9SprySlMatt,GB-CYL-CLR-9ML-SPR-MSLV-02,Cylinder,9.0,13-415,Fine Mist Sprayer,Glass Bottle,Clear,Matte Silver,Tall,https://www.bestbottles.com/product/tall-cylinder-design-9-ml-glass-bottle-matte-silver-spray,False
GBTallCyl9SprySlSh,GB-CYL-CLR-9ML-SPR-SSLV-02,Cylinder,9.0,13-415,Fine Mist Sprayer,Glass Bottle,Clear,Shiny Silver,Tall,https://www.bestbottles.com/product/tall-cylinder-design-9-ml-glass-bottle-shiny-silver-spray,False
GBTallCyl9WhtSht,GB-CYL-WHT-9ML-WHT-S,Cylinder,9.0,13-415,,Glass Bottle,Clear,Short Ribbed White,Short,https://www.bestbottles.com/product/tall-cylinder-design-9-ml-glass-bottle-short-white-cap,False
GBTallCylFrst9BlkShSht,GB-CYL-FRS-9ML-SBLK-S,Cylinder,9.0,13-415,,Glass Bottle,Frosted,Shiny Black,Short,,False
GBTallCylFrst9BlkSht,GB-CYL-FRS-9ML-S-01,Cylinder,9.0,13-415,,Glass Bottle,Frosted,Short Ribbed Black,Tall,https://www.bestbottles.com/product/tall-cylinder-design-9-ml-frosted-glass-bottle-short-black-cap,False
GBTallCylFrst9CuSht,GB-CYL-FRS-9ML-MCPR-S,Cylinder,9.0,13-415,,Glass Bottle,Frosted,Matte Copper,Short,,False
GBTallCylFrst9Gl,GB-CYL-FRS-9ML-T-01,Cylinder,9.0,13-415,,Glass Bottle,Frosted,Shiny Gold,Tall,https://www.bestbottles.com/product/tall-cylinder-design-9-ml-frosted-glass-bottle-shiny-gold-cap,False
GBTallCylFrst9GlMattSht,GB-CYL-FRS-9ML-MGLD-S,Cylinder,9.0,13-415,,Glass Bottle,Frosted,Matte Gold,Short,,False
GBTallCylFrst9GlSht,GB-CYL-FRS-9ML-SGLD-S,Cylinder,9.0,13-415,,Glass Bottle,Frosted,Shiny Gold,Short,,False
GBTallCylFrst9MtlRollBlkDot,GB-CYL-FRS-9ML-T-02,Cylinder,9.0,13-415,Metal Roller Ball,Glass Bottle,Frosted,Black with Dots,Tall,https://www.bestbottles.com/product/tall-cylinder-design-9-ml-frosted-glass-bottle-metal-roller-ball-plug-black-shiny-cap-with-dots,False
GBTallCylFrst9MtlRollBlkSh,GB-CYL-FRS-9ML-T-03,Cylinder,9.0,13-415,Metal Roller Ball,Glass Bottle,Frosted,Shiny Black,Tall,https://www.bestbottles.com/product/tall-cylinder-design-9-ml-frosted-glass-bottle-metal-roller-ball-plug-black-shiny-cap,False
GBTallCylFrst9MtlRollCuMatt,GB-CYL-FRS-9ML-T-04,Cylinder,9.0,13-415,Metal Roller Ball,Glass Bottle,Frosted,Matte Copper,Tall,https://www.bestbottles.com/product/tall-cylinder-design-9-ml-frosted-glass-bottle-metal-roller-ball-plug-matte-copper-cap,False
GBTallCylFrst9MtlRollGlMatt,GB-CYL-FRS-9ML-T-05,Cylinder,9.0,13-415,Metal Roller Ball,Glass Bottle,Frosted,Matte Gold,Tall,https://www.bestbottles.com/product/tall-cylinder-design-9-ml-frosted-glass-bottle-metal-roller-ball-plug-matte-gold-cap,False
GBTallCylFrst9MtlRollGlSh,GB-CYL-FRS-9ML-T-06,Cylinder,9.0,13-415,Metal Roller Ball,Glass Bottle,Frosted,Shiny Gold,Tall,https://www.bestbottles.com/product/tall-cylinder-design-9-ml-frosted-glass-bottle-metal-roller-ball-plug-shiny-gold-cap,False
GBTallCylFrst9MtlRollPinkDot,GB-CYL-FRS-9ML-T-07,Cylinder,9.0,13-415,Metal Roller Ball,Glass Bottle,Frosted,Pink with Dots,Tall,https://www.bestbottles.com/product/tall-cylinder-design-9-ml-frosted-glass-bottle-metal-roller-ball-plug-pink-cap-with-dots,False
GBTallCylFrst9MtlRollSlDot,GB-CYL-FRS-9ML-T-08,Cylinder,9.0,13-415,Metal Roller Ball,Glass Bottle,Frosted,Silver with Dots,Tall,https://www.bestbottles.com/product/tall-cylinder-design-9-ml-frosted-glass-bottle-metal-roller-ball-plug-silver-cap-with-dots,False
GBTallCylFrst9MtlRollSlMatt,GB-CYL-FRS-9ML-T-09,Cylinder,9.0,13-415,Metal Roller Ball,Glass Bottle,Frosted,Matte Silver,Tall,https://www.bestbottles.com/product/tall-cylinder-design-9-ml-frosted-glass-bottle-metal-roller-ball-plug-matte-silver-cap,False
GBTallCylFrst9MtlRollSlSh,GB-CYL-FRS-9ML-T-10,Cylinder,9.0,13-415,Metal Roller Ball,Glass Bottle,Frosted,Shiny Silver,Tall,https://www.bestbottles.com/product/tall-cylinder-design-9-ml-frosted-glass-bottle-metal-roller-ball-plug-shiny-silver-cap,False
GBTallCylFrst9RollBlkDot,GB-CYL-FRS-9ML-T-11,Cylinder,9.0,13-415,Plastic Roller Ball,Glass Bottle,Frosted,Black with Dots,Tall,https://www.bestbottles.com/product/tall-cylinder-design-9-ml-frosted-glass-bottle-plastic-roller-ball-plug-black-shiny-cap-with-dots,False
GBTallCylFrst9RollBlkSh,GB-CYL-FRS-9ML-T-12,Cylinder,9.0,13-415,Plastic Roller Ball,Glass Bottle,Frosted,Shiny Black,Tall,https://www.bestbottles.com/product/tall-cylinder-design-9-ml-frosted-glass-bottle-plastic-roller-ball-plug-black-shiny-cap,False
GBTallCylFrst9RollCuMatt,GB-CYL-FRS-9ML-T-13,Cylinder,9.0,13-415,Plastic Roller Ball,Glass Bottle,Frosted,Matte Copper,Tall,https://www.bestbottles.com/product/tall-cylinder-design-9-ml-frosted-glass-bottle-plastic-roller-ball-plug-matte-copper-cap,False
GBTallCylFrst9RollGlMatt,GB-CYL-FRS-9ML-T-14,Cylinder,9.0,13-415,Plastic Roller Ball,Glass Bottle,Frosted,Matte Gold,Tall,https://www.bestbottles.com/product/tall-cylinder-design-9-ml-frosted-glass-bottle-plastic-roller-ball-plug-matte-gold-cap,False
GBTallCylFrst9RollGlSh,GB-CYL-FRS-9ML-T-15,Cylinder,9.0,13-415,Plastic Roller Ball,Glass Bottle,Frosted,Shiny Gold,Tall,https://www.bestbottles.com/product/tall-cylinder-design-9-ml-frosted-glass-bottle-plastic-roller-ball-plug-shiny-gold-cap,False
GBTallCylFrst9RollPinkDot,GB-CYL-FRS-9ML-T-16,Cylinder,9.0,13-415,Plastic Roller Ball,Glass Bottle,Frosted,Pink with Dots,Tall,https://www.bestbottles.com/product/tall-cylinder-design-9-ml-frosted-glass-bottle-plastic-roller-ball-plug-pink-cap-with-dots,False
GBTallCylFrst9RollSlDot,GB-CYL-FRS-9ML-T-17,Cylinder,9.0,13-415,Plastic Roller Ball,Glass Bottle,Frosted,Silver with Dots,Tall,https://www.bestbottles.com/product/tall-cylinder-design-9-ml-frosted-glass-bottle-plastic-roller-ball-plug-silver-cap-with-dots,False
GBTallCylFrst9RollSlMatt,GB-CYL-FRS-9ML-T-18,Cylinder,9.0,13-415,Plastic Roller Ball,Glass Bottle,Frosted,Matte Silver,Tall,https://www.bestbottles.com/product/tall-cylinder-design-9-ml-frosted-glass-bottle-plastic-roller-ball-plug-matte-silver-cap,False
GBTallCylFrst9RollSlSh,GB-CYL-FRS-9ML-T-19,Cylinder,9.0,13-415,Plastic Roller Ball,Glass Bottle,Frosted,Shiny Silver,Tall,https://www.bestbottles.com/product/tall-cylinder-design-9-ml-frosted-glass-bottle-plastic-roller-ball-plug-shiny-silver-cap,False
GBTallCylFrst9Sl,GB-CYL-FRS-9ML-T-20,Cylinder,9.0,13-415,,Glass Bottle,Frosted,Shiny Silver,Tall,https://www.bestbottles.com/product/tall-cylinder-design-9-ml-frosted-glass-bottle-shiny-silver-cap,False
GBTallCylFrst9SlMattSht,GB-CYL-FRS-9ML-MSLV-S,Cylinder,9.0,13-415,,Glass Bottle,Frosted,Matte Silver,Short,,False
GBTallCylFrst9SlSht,GB-CYL-FRS-9ML-SSLV-S,Cylinder,9.0,13-415,,Glass Bottle,Frosted,Shiny Silver,Short,,False
GBTallCylFrst9SpryBlkMatt,GB-CYL-FRS-9ML-01,Cylinder,9.0,13-415,Fine Mist Sprayer,Glass Bottle,Frosted,Frosted,Tall,https://www.bestbottles.com/product/tall-cylinder-design-9-ml-frosted-glass-bottle-matte-black-spray,False
GBTallCylFrst9SpryBlkSh,GB-CYL-FRS-9ML-02,Cylinder,9.0,13-415,Fine Mist Sprayer,Glass Bottle,Frosted,Frosted,Tall,https://www.bestbottles.com/product/tall-cylinder-design-9-ml-frosted-glass-bottle-shiny-black-spray,False
GBTallCylFrst9SpryBluMatt,GB-CYL-FRS-9ML-03,Cylinder,9.0,13-415,Fine Mist Sprayer,Glass Bottle,Frosted,Frosted,Tall,https://www.bestbottles.com/product/tall-cylinder-design-9-ml-frosted-glass-bottle-matte-blue-spray,False
GBTallCylFrst9SpryCuMatt,GB-CYL-FRS-9ML-04,Cylinder,9.0,13-415,Fine Mist Sprayer,Glass Bottle,Frosted,Frosted,Tall,https://www.bestbottles.com/product/tall-cylinder-design-9-ml-frosted-glass-bottle-matte-copper-spray,False
GBTallCylFrst9SpryGlMatt,GB-CYL-FRS-9ML-05,Cylinder,9.0,13-415,Fine Mist Sprayer,Glass Bottle,Frosted,Frosted,Tall,https://www.bestbottles.com/product/tall-cylinder-design-9-ml-frosted-glass-bottle-matte-gold-spray,False
GBTallCylFrst9SpryGlSh,GB-CYL-FRS-9ML-06,Cylinder,9.0,13-415,Fine Mist Sprayer,Glass Bottle,Frosted,Frosted,Tall,https://www.bestbottles.com/product/tall-cylinder-design-9-ml-frosted-glass-bottle-shiny-gold-spray,False
GBTallCylFrst9SprySlMatt,GB-CYL-FRS-9ML-07,Cylinder,9.0,13-415,Fine Mist Sprayer,Glass Bottle,Frosted,Frosted,Tall,https://www.bestbottles.com/product/tall-cylinder-design-9-ml-frosted-glass-bottle-matte-silver-spray,False
GBTallCylFrst9SprySlSh,GB-CYL-FRS-9ML-08,Cylinder,9.0,13-415,Fine Mist Sprayer,Glass Bottle,Frosted,Frosted,Tall,https://www.bestbottles.com/product/tall-cylinder-design-9-ml-frosted-glass-bottle-shiny-silver-spray,False
GBTallCylFrst9WhtSht,GB-CYL-FRS-9ML-S-02,Cylinder,9.0,13-415,,Glass Bottle,Frosted,Short Ribbed White,Tall,https://www.bestbottles.com/product/tall-cylinder-design-9-ml-frosted-glass-bottle-short-white-cap,False
GBElg15BlkSht,GB-ELG-CLR-15ML-BLK-S-01,Elegant,15.0,13-415,,Glass Bottle,Clear,Black,Short,https://www.bestbottles.com/product/elegant-design-15-ml-glass-bottle-short-black-cap,False
GBElg15Gl,GB-ELG-CLR-15ML-GLD-T,Elegant,15.0,13-415,,Glass Bottle,Clear,Gold,Tall,https://www.bestbottles.com/product/elegant-design-15-ml-glass-bottle-shiny-gold-cap,False
GBElg15MinarCu,GB-ELG-CLR-15ML-MNR-MCPR,Elegant,15.0,13-415,Cap/Closure,Glass Bottle,Clear,Matte Copper,Minaret,https://www.bestbottles.com/product/elegant-design-15-ml-glass-bottle-matte-copper-minaret-cap,False
GBElg15MtlRollBlkDot,GB-ELG-CLR-15ML-MRL-BKDT,Elegant,15.0,13-415,Metal Roller Ball,Glass Bottle,Clear,Black Dotted,Dot Cap,https://www.bestbottles.com/product/elegant-design-15-ml-glass-bottle-metal-roller-ball-plug-black-shiny-cap-with-dots,False
GBElg15MtlRollBlkSh,GB-ELG-CLR-15ML-MRL-SBLK,Elegant,15.0,13-415,Metal Roller Ball,Glass Bottle,Clear,Shiny Black,Roll-On,https://www.bestbottles.com/product/elegant-design-15-ml-glass-bottle-metal-roller-ball-plug-black-shiny-cap,False
GBElg15MtlRollCuMatt,GB-ELG-CLR-15ML-MRL-MCPR-01,Elegant,15.0,13-415,Metal Roller Ball,Glass Bottle,Clear,Matte Copper,Roll-On,https://www.bestbottles.com/product/elegant-design-15-ml-glass-bottle-metal-roller-ball-plug-matte-copper-cap,False
GBElg15MtlRollGlMatt,GB-ELG-CLR-15ML-MRL-MGLD,Elegant,15.0,13-415,Metal Roller Ball,Glass Bottle,Clear,Matte Gold,Screw Cap,https://www.bestbottles.com/product/elegant-design-15-ml-glass-bottle-metal-roller-ball-plug-matte-gold-cap,False
GBElg15MtlRollGlSh,GB-ELG-CLR-15ML-MRL-SGLD-01,Elegant,15.0,13-415,Metal Roller Ball,Glass Bottle,Clear,Shiny Gold,Screw Cap,https://www.bestbottles.com/product/elegant-design-15-ml-glass-bottle-metal-roller-ball-plug-shiny-gold-cap,False
GBElg15MtlRollPinkDot,GB-ELG-CLR-15ML-MRL-PKDT,Elegant,15.0,13-415,Metal Roller Ball,Glass Bottle,Clear,Pink Dotted,Dot Cap,https://www.bestbottles.com/product/elegant-design-15-ml-glass-bottle-metal-roller-ball-plug-pink-cap-with-dots,False
GBElg15MtlRollSlDot,GB-ELG-CLR-15ML-MRL-SLDT,Elegant,15.0,13-415,Metal Roller Ball,Glass Bottle,Clear,Silver Dotted,Dot Cap,https://www.bestbottles.com/product/elegant-design-15-ml-glass-bottle-metal-roller-ball-plug-silver-cap-with-dots,False
GBElg15MtlRollSlMatt,GB-ELG-CLR-15ML-MRL-MSLV-01,Elegant,15.0,13-415,Metal Roller Ball,Glass Bottle,Clear,Matte Silver,Roll-On,https://www.bestbottles.com/product/elegant-design-15-ml-glass-bottle-metal-roller-ball-plug-matte-silver-cap,False
GBElg15MtlRollSlSh,GB-ELG-CLR-15ML-MRL-SSLV,Elegant,15.0,13-415,Metal Roller Ball,Glass Bottle,Clear,Shiny Silver,Roll-On,https://www.bestbottles.com/product/elegant-design-15-ml-glass-bottle-metal-roller-ball-plug-shiny-silver-cap,False
GBElg15RollBlkDot,GB-ELG-CLR-15ML-ROL-BKDT,Elegant,15.0,13-415,Plastic Roller Ball,Glass Bottle,Clear,Black Dotted,Dot Cap,https://www.bestbottles.com/product/elegant-design-15-ml-glass-bottle-plastic-roller-ball-plug-black-shiny-cap-with-dots,False
GBElg15RollBlkSh,GB-ELG-CLR-15ML-ROL-SBLK,Elegant,15.0,13-415,Plastic Roller Ball,Glass Bottle,Clear,Shiny Black,Roll-On,https://www.bestbottles.com/product/elegant-design-15-ml-glass-bottle-plastic-roller-ball-plug-black-shiny-cap,False
GBElg15RollCuMatt,GB-ELG-CLR-15ML-ROL-MCPR,Elegant,15.0,13-415,Plastic Roller Ball,Glass Bottle,Clear,Matte Copper,Roll-On,https://www.bestbottles.com/product/elegant-design-15-ml-glass-bottle-plastic-roller-ball-plug-matte-copper-cap,False
GBElg15RollGlMatt,GB-ELG-CLR-15ML-ROL-MGLD,Elegant,15.0,13-415,Plastic Roller Ball,Glass Bottle,Clear,Matte Gold,Screw Cap,https://www.bestbottles.com/product/elegant-design-15-ml-glass-bottle-plastic-roller-ball-plug-matte-gold-cap,False
GBElg15RollGlSh,GB-ELG-CLR-15ML-ROL-SGLD,Elegant,15.0,13-415,Plastic Roller Ball,Glass Bottle,Clear,Shiny Gold,Screw Cap,https://www.bestbottles.com/product/elegant-design-15-ml-glass-bottle-plastic-roller-ball-plug-shiny-gold-cap,False
GBElg15RollPinkDot,GB-ELG-CLR-15ML-ROL-PKDT,Elegant,15.0,13-415,Plastic Roller Ball,Glass Bottle,Clear,Pink Dotted,Dot Cap,https://www.bestbottles.com/product/elegant-design-15-ml-glass-bottle-plastic-roller-ball-plug-pink-cap-with-dots,False
GBElg15RollSlDot,GB-ELG-CLR-15ML-ROL-SLDT,Elegant,15.0,13-415,Plastic Roller Ball,Glass Bottle,Clear,Silver Dotted,Dot Cap,https://www.bestbottles.com/product/elegant-design-15-ml-glass-bottle-plastic-roller-ball-plug-silver-cap-with-dots,False
GBElg15RollSlMatt,GB-ELG-CLR-15ML-ROL-MSLV,Elegant,15.0,13-415,Plastic Roller Ball,Glass Bottle,Clear,Matte Silver,Roll-On,https://www.bestbottles.com/product/elegant-design-15-ml-glass-bottle-plastic-roller-ball-plug-matte-silver-cap,False
GBElg15RollSlSh,GB-ELG-CLR-15ML-ROL-SSLV,Elegant,15.0,13-415,Plastic Roller Ball,Glass Bottle,Clear,Shiny Silver,Roll-On,https://www.bestbottles.com/product/elegant-design-15-ml-glass-bottle-plastic-roller-ball-plug-shiny-silver-cap,False
GBElg15Sl,GB-ELG-CLR-15ML-SLV-T-01,Elegant,15.0,13-415,,Glass Bottle,Clear,Silver,Tall,https://www.bestbottles.com/product/elegant-design-15-ml-glass-bottle-shiny-silver-cap,False
GBElg15SpryBlkMatt,GB-ELG-CLR-15ML-SPR-MBLK,Elegant,15.0,13-415,Fine Mist Sprayer,Glass Bottle,Clear,Matte Black,Spray,https://www.bestbottles.com/product/elegant-design-15-ml-glass-bottle-matte-black-spray,False
GBElg15SpryBlkSh,GB-ELG-CLR-15ML-SPR-SBLK,Elegant,15.0,13-415,Fine Mist Sprayer,Glass Bottle,Clear,Shiny Black,Spray,https://www.bestbottles.com/product/elegant-design-15-ml-glass-bottle-shiny-black-spray,False
GBElg15SpryBluMatt,GB-ELG-CLR-15ML-SPR-MBLU,Elegant,15.0,13-415,Fine Mist Sprayer,Glass Bottle,Clear,Matte Blue,Spray,https://www.bestbottles.com/product/elegant-design-15-ml-glass-bottle-matte-blue-spray,False
GBElg15SpryCuMatt,GB-ELG-CLR-15ML-SPR-MCPR-01,Elegant,15.0,13-415,Fine Mist Sprayer,Glass Bottle,Clear,Matte Copper,Spray,https://www.bestbottles.com/product/elegant-design-15-ml-glass-bottle-matte-copper-spray,False
GBElg15SpryGlMatt,GB-ELG-CLR-15ML-SPR-MGLD,Elegant,15.0,13-415,Fine Mist Sprayer,Glass Bottle,Clear,Matte Gold,Spray,https://www.bestbottles.com/product/elegant-design-15-ml-glass-bottle-matte-gold-spray,False
GBElg15SpryGlSh,GB-ELG-CLR-15ML-SPR-SGLD-01,Elegant,15.0,13-415,Fine Mist Sprayer,Glass Bottle,Clear,Shiny Gold,Spray,https://www.bestbottles.com/product/elegant-design-15-ml-glass-bottle-shiny-gold-spray,False
GBElg15SprySlMatt,GB-ELG-CLR-15ML-SPR-MSLV-01,Elegant,15.0,13-415,Fine Mist Sprayer,Glass Bottle,Clear,Matte Silver,Spray,https://www.bestbottles.com/product/elegant-design-15-ml-glass-bottle-matte-silver-spray,False
GBElg15SprySlSh,GB-ELG-CLR-15ML-SPR-SSLV,Elegant,15.0,13-415,Fine Mist Sprayer,Glass Bottle,Clear,Shiny Silver,Spray,https://www.bestbottles.com/product/elegant-design-15-ml-glass-bottle-shiny-silver-spray,False
GBElg15WhtSht,GB-ELG-WHT-15ML-WHT-S,Elegant,15.0,13-415,,Glass Bottle,Clear,White,Short,https://www.bestbottles.com/product/elegant-design-15-ml-glass-bottle-short-white-cap,False
GBElgFrst15BlkShSht,GB-ELG-FRS-15ML-CAP-SBLK,Elegant,15.0,13-415,N/A,Glass Bottle,Frosted,,,https://www.bestbottles.com/product/elegant-design-15-ml-frosted-glass-bottle-short-shiny-black-cap,False
GBElgFrst15BlkSht,GB-ELG-FRS-15ML-BLK-S-02,Elegant,15.0,13-415,,Glass Bottle,Frosted,Black,Short,https://www.bestbottles.com/product/elegant-design-15-ml-frosted-glass-bottle-short-black-cap,False
GBElgFrst15BlkSht__RETIRED__GB-ELG-CLR-15ML-BLK-S-02__kd78yg1z495nec1decjy9hdjxh86bb03,GB-ELG-CLR-15ML-BLK-S-02,Elegant,15.0,13-415,,Glass Bottle,Clear,Black,Short,https://www.bestbottles.com/product/elegant-design-15-ml-frosted-glass-bottle-short-black-cap,True
GBElgFrst15Gl,GB-ELG-FRS-15ML-SGLD-T,Elegant,15.0,13-415,,Glass Bottle,Frosted,Shiny Gold,Tall,https://www.bestbottles.com/product/elegant-design-15-ml-frosted-glass-bottle-shiny-gold-cap,False
GBElgFrst15Gl__RETIRED__GB-ELG-CLR-15ML-SGLD-T__kd72varbb5ga209265cr9fqvk586aqhg,GB-ELG-CLR-15ML-SGLD-T,Elegant,15.0,13-415,,Glass Bottle,Clear,Shiny Gold,Tall,https://www.bestbottles.com/product/elegant-design-15-ml-frosted-glass-bottle-shiny-gold-cap,True
GBElgFrst15MtlRollBlkDot,GB-ELG-FRS-15ML-MRL-BLK-01,Elegant,15.0,13-415,Metal Roller Ball,Glass Bottle,Frosted,Black,Dot Cap,https://www.bestbottles.com/product/elegant-design-15-ml-frosted-glass-bottle-metal-roller-ball-plug-black-shiny-cap-with-dots,False
GBElgFrst15MtlRollBlkDot__RETIRED__GB-ELG-CLR-15ML-MRL-BLK-01__kd79911yy82rt0kd9y8026wt7186bd7w,GB-ELG-CLR-15ML-MRL-BLK-01,Elegant,15.0,13-415,Metal Roller Ball,Glass Bottle,Clear,Black,Dot Cap,https://www.bestbottles.com/product/elegant-design-15-ml-frosted-glass-bottle-metal-roller-ball-plug-black-shiny-cap-with-dots,True
GBElgFrst15MtlRollBlkSh,GB-ELG-FRS-15ML-MRL-BLK-02,Elegant,15.0,13-415,Metal Roller Ball,Glass Bottle,Frosted,Black,Roll-On,https://www.bestbottles.com/product/elegant-design-15-ml-frosted-glass-bottle-metal-roller-ball-plug-black-shiny-cap,False
GBElgFrst15MtlRollBlkSh__RETIRED__GB-ELG-CLR-15ML-MRL-BLK-02__kd78aa7525f24zpgv1jc6rnyt986a054,GB-ELG-CLR-15ML-MRL-BLK-02,Elegant,15.0,13-415,Metal Roller Ball,Glass Bottle,Clear,Black,Roll-On,https://www.bestbottles.com/product/elegant-design-15-ml-frosted-glass-bottle-metal-roller-ball-plug-black-shiny-cap,True
GBElgFrst15MtlRollCuMatt,GB-ELG-FRS-15ML-MRL-MCPR-02,Elegant,15.0,13-415,Metal Roller Ball,Glass Bottle,Frosted,Matte Copper,Roll-On,https://www.bestbottles.com/product/elegant-design-15-ml-frosted-glass-bottle-metal-roller-ball-plug-matte-copper-cap,False
GBElgFrst15MtlRollCuMatt__RETIRED__GB-ELG-CLR-15ML-MRL-MCPR-02__kd7f5wzbfnqj2b5tv43f0mdehh86berd,GB-ELG-CLR-15ML-MRL-MCPR-02,Elegant,15.0,13-415,Metal Roller Ball,Glass Bottle,Clear,Matte Copper,Roll-On,https://www.bestbottles.com/product/elegant-design-15-ml-frosted-glass-bottle-metal-roller-ball-plug-matte-copper-cap,True
GBElgFrst15MtlRollGlSh,GB-ELG-FRS-15ML-MRL-SGLD-02,Elegant,15.0,13-415,Metal Roller Ball,Glass Bottle,Frosted,Shiny Gold,Screw Cap,https://www.bestbottles.com/product/elegant-design-15-ml-frosted-glass-bottle-metal-roller-ball-plug-shiny-gold-cap,False
GBElgFrst15MtlRollGlSh__RETIRED__GB-ELG-CLR-15ML-MRL-SGLD-02__kd70z05dbvbwpa3jzncrddqpg986azmb,GB-ELG-CLR-15ML-MRL-SGLD-02,Elegant,15.0,13-415,Metal Roller Ball,Glass Bottle,Clear,Shiny Gold,Screw Cap,https://www.bestbottles.com/product/elegant-design-15-ml-frosted-glass-bottle-metal-roller-ball-plug-shiny-gold-cap,True
GBElgFrst15MtlRollPinkDot,GB-ELG-FRS-15ML-MRL,Elegant,15.0,13-415,Metal Roller Ball,Glass Bottle,Frosted,Clear,Dot Cap,https://www.bestbottles.com/product/elegant-design-15-ml-frosted-glass-bottle-metal-roller-ball-plug-pink-cap-with-dots,False
GBElgFrst15MtlRollPinkDot__RETIRED__GB-ELG-CLR-15ML-MRL__kd75gt3gsb92v8c4062sskebn586a7t3,GB-ELG-CLR-15ML-MRL,Elegant,15.0,13-415,Metal Roller Ball,Glass Bottle,Clear,Clear,Dot Cap,https://www.bestbottles.com/product/elegant-design-15-ml-frosted-glass-bottle-metal-roller-ball-plug-pink-cap-with-dots,True
GBElgFrst15MtlRollSlDot,GB-ELG-FRS-15ML-MRL-SLV-01,Elegant,15.0,13-415,Metal Roller Ball,Glass Bottle,Frosted,Silver,Dot Cap,https://www.bestbottles.com/product/elegant-design-15-ml-frosted-glass-bottle-metal-roller-ball-plug-silver-cap-with-dots,False
GBElgFrst15MtlRollSlDot__RETIRED__GB-ELG-CLR-15ML-MRL-SLV-01__kd76cqzcvn3fz4v5kvkmt4nnq186begr,GB-ELG-CLR-15ML-MRL-SLV-01,Elegant,15.0,13-415,Metal Roller Ball,Glass Bottle,Clear,Silver,Dot Cap,https://www.bestbottles.com/product/elegant-design-15-ml-frosted-glass-bottle-metal-roller-ball-plug-silver-cap-with-dots,True
GBElgFrst15MtlRollSlMatt,GB-ELG-FRS-15ML-MRL-MSLV-02,Elegant,15.0,13-415,Metal Roller Ball,Glass Bottle,Frosted,Matte Silver,Roll-On,https://www.bestbottles.com/product/elegant-design-15-ml-frosted-glass-bottle-metal-roller-ball-plug-matte-silver-cap,False
GBElgFrst15MtlRollSlMatt__RETIRED__GB-ELG-CLR-15ML-MRL-MSLV-02__kd77fe4286ey01k4vrmqqp194n86a7xj,GB-ELG-CLR-15ML-MRL-MSLV-02,Elegant,15.0,13-415,Metal Roller Ball,Glass Bottle,Clear,Matte Silver,Roll-On,https://www.bestbottles.com/product/elegant-design-15-ml-frosted-glass-bottle-metal-roller-ball-plug-matte-silver-cap,True
GBElgFrst15MtlRollSlSh,GB-ELG-FRS-15ML-MRL-SLV-02,Elegant,15.0,13-415,Metal Roller Ball,Glass Bottle,Frosted,Silver,Roll-On,https://www.bestbottles.com/product/elegant-design-15-ml-frosted-glass-bottle-metal-roller-ball-plug-shiny-silver-cap,False
GBElgFrst15MtlRollSlSh__RETIRED__GB-ELG-CLR-15ML-MRL-SLV-02__kd7bnhfsw5b9fafdms1cknc5h986a3tj,GB-ELG-CLR-15ML-MRL-SLV-02,Elegant,15.0,13-415,Metal Roller Ball,Glass Bottle,Clear,Silver,Roll-On,https://www.bestbottles.com/product/elegant-design-15-ml-frosted-glass-bottle-metal-roller-ball-plug-shiny-silver-cap,True
GBElgFrst15RollBlkDot,GB-ELG-FRS-15ML-RBL-BLK-01,Elegant,15.0,13-415,Plastic Roller Ball,Glass Bottle,Frosted,Black,Roll-On,https://www.bestbottles.com/product/elegant-design-15-ml-frosted-glass-bottle-plastic-roller-ball-plug-black-shiny-cap-with-dots,False
GBElgFrst15RollBlkDot__RETIRED__GB-ELG-CLR-15ML-RBL-BLK-01__kd76v0qs4yr9r0tc5z1jacmdds86b301,GB-ELG-CLR-15ML-RBL-BLK-01,Elegant,15.0,13-415,Plastic Roller Ball,Glass Bottle,Clear,Black,Roll-On,https://www.bestbottles.com/product/elegant-design-15-ml-frosted-glass-bottle-plastic-roller-ball-plug-black-shiny-cap-with-dots,True
GBElgFrst15RollBlkSh,GB-ELG-FRS-15ML-RBL-BLK-02,Elegant,15.0,13-415,Plastic Roller Ball,Glass Bottle,Frosted,Black,Roll-On,https://www.bestbottles.com/product/elegant-design-15-ml-frosted-glass-bottle-plastic-roller-ball-plug-black-shiny-cap,False
GBElgFrst15RollBlkSh__RETIRED__GB-ELG-CLR-15ML-RBL-BLK-02__kd77d3fs0r8nj6z4c205ywtgw586bv1n,GB-ELG-CLR-15ML-RBL-BLK-02,Elegant,15.0,13-415,Plastic Roller Ball,Glass Bottle,Clear,Black,Roll-On,https://www.bestbottles.com/product/elegant-design-15-ml-frosted-glass-bottle-plastic-roller-ball-plug-black-shiny-cap,True
GBElgFrst15RollCuMatt,GB-ELG-FRS-15ML-RBL-MCPR,Elegant,15.0,13-415,Plastic Roller Ball,Glass Bottle,Frosted,Matte Copper,Roll-On,https://www.bestbottles.com/product/elegant-design-15-ml-frosted-glass-bottle-plastic-roller-ball-plug-matte-copper-cap,False
GBElgFrst15RollCuMatt__RETIRED__GB-ELG-CLR-15ML-RBL-MCPR__kd7ckw9kxwjm7qj8xcrzntd38d86bvfk,GB-ELG-CLR-15ML-RBL-MCPR,Elegant,15.0,13-415,Plastic Roller Ball,Glass Bottle,Clear,Matte Copper,Roll-On,https://www.bestbottles.com/product/elegant-design-15-ml-frosted-glass-bottle-plastic-roller-ball-plug-matte-copper-cap,True
GBElgFrst15RollGlSh,GB-ELG-FRS-15ML-RBL-SGLD,Elegant,15.0,13-415,Plastic Roller Ball,Glass Bottle,Frosted,Shiny Gold,Screw Cap,https://www.bestbottles.com/product/elegant-design-15-ml-frosted-glass-bottle-plastic-roller-ball-plug-shiny-gold-cap,False
GBElgFrst15RollGlSh__RETIRED__GB-ELG-CLR-15ML-RBL-SGLD__kd77d1t52hsjt1badrj46wcks986b9j8,GB-ELG-CLR-15ML-RBL-SGLD,Elegant,15.0,13-415,Plastic Roller Ball,Glass Bottle,Clear,Shiny Gold,Screw Cap,https://www.bestbottles.com/product/elegant-design-15-ml-frosted-glass-bottle-plastic-roller-ball-plug-shiny-gold-cap,True
GBElgFrst15RollPinkDot,GB-ELG-FRS-15ML-RBL,Elegant,15.0,13-415,Plastic Roller Ball,Glass Bottle,Frosted,Clear,Roll-On,https://www.bestbottles.com/product/elegant-design-15-ml-frosted-glass-bottle-plastic-roller-ball-plug-pink-cap-with-dots,False
GBElgFrst15RollPinkDot__RETIRED__GB-ELG-CLR-15ML-RBL__kd7em8rrz4bwpy3e3dgay3hw3n86a59n,GB-ELG-CLR-15ML-RBL,Elegant,15.0,13-415,Plastic Roller Ball,Glass Bottle,Clear,Clear,Roll-On,https://www.bestbottles.com/product/elegant-design-15-ml-frosted-glass-bottle-plastic-roller-ball-plug-pink-cap-with-dots,True
GBElgFrst15RollSlDot,GB-ELG-FRS-15ML-RBL-SLV-01,Elegant,15.0,13-415,Plastic Roller Ball,Glass Bottle,Frosted,Silver,Roll-On,https://www.bestbottles.com/product/elegant-design-15-ml-frosted-glass-bottle-plastic-roller-ball-plug-silver-cap-with-dots,False
GBElgFrst15RollSlDot__RETIRED__GB-ELG-CLR-15ML-RBL-SLV-01__kd7c9jjfqm677hzrdnvgvt2c0h86b7ym,GB-ELG-CLR-15ML-RBL-SLV-01,Elegant,15.0,13-415,Plastic Roller Ball,Glass Bottle,Clear,Silver,Roll-On,https://www.bestbottles.com/product/elegant-design-15-ml-frosted-glass-bottle-plastic-roller-ball-plug-silver-cap-with-dots,True
GBElgFrst15RollSlMatt,GB-ELG-FRS-15ML-RBL-MSLV,Elegant,15.0,13-415,Plastic Roller Ball,Glass Bottle,Frosted,Matte Silver,Roll-On,https://www.bestbottles.com/product/elegant-design-15-ml-frosted-glass-bottle-plastic-roller-ball-plug-matte-silver-cap,False
GBElgFrst15RollSlMatt__RETIRED__GB-ELG-CLR-15ML-RBL-MSLV__kd7ass4f9jrf0gv7amn7zch88h86avty,GB-ELG-CLR-15ML-RBL-MSLV,Elegant,15.0,13-415,Plastic Roller Ball,Glass Bottle,Clear,Matte Silver,Roll-On,https://www.bestbottles.com/product/elegant-design-15-ml-frosted-glass-bottle-plastic-roller-ball-plug-matte-silver-cap,True
GBElgFrst15RollSlSh,GB-ELG-FRS-15ML-RBL-SLV-02,Elegant,15.0,13-415,Plastic Roller Ball,Glass Bottle,Frosted,Silver,Roll-On,https://www.bestbottles.com/product/elegant-design-15-ml-frosted-glass-bottle-plastic-roller-ball-plug-shiny-silver-cap,False
GBElgFrst15RollSlSh__RETIRED__GB-ELG-CLR-15ML-RBL-SLV-02__kd7b3v84ggnn3rdd6byv6k2n6d86b13c,GB-ELG-CLR-15ML-RBL-SLV-02,Elegant,15.0,13-415,Plastic Roller Ball,Glass Bottle,Clear,Silver,Roll-On,https://www.bestbottles.com/product/elegant-design-15-ml-frosted-glass-bottle-plastic-roller-ball-plug-shiny-silver-cap,True
GBElgFrst15Sl,GB-ELG-FRS-15ML-SLV-T-02,Elegant,15.0,13-415,,Glass Bottle,Frosted,Silver,Tall,https://www.bestbottles.com/product/elegant-design-15-ml-frosted-glass-bottle-shiny-silver-cap,False
GBElgFrst15Sl__RETIRED__GB-ELG-CLR-15ML-SLV-T-02__kd7aeybydmat3vp80ryvza8xg186aqey,GB-ELG-CLR-15ML-SLV-T-02,Elegant,15.0,13-415,,Glass Bottle,Clear,Silver,Tall,https://www.bestbottles.com/product/elegant-design-15-ml-frosted-glass-bottle-shiny-silver-cap,True
GBElgFrst15SpryBlkMatt,GB-ELG-FRS-15ML-SPR-BLK-01,Elegant,15.0,13-415,Fine Mist Sprayer,Glass Bottle,Frosted,Black,Spray,https://www.bestbottles.com/product/elegant-design-15-ml-frosted-glass-bottle-matte-black-spray,False
GBElgFrst15SpryBlkMatt__RETIRED__GB-ELG-CLR-15ML-SPR-BLK-01__kd7ets0yj1y8qtsqnxcbzs165d86bgc6,GB-ELG-CLR-15ML-SPR-BLK-01,Elegant,15.0,13-415,Fine Mist Sprayer,Glass Bottle,Clear,Black,Spray,https://www.bestbottles.com/product/elegant-design-15-ml-frosted-glass-bottle-matte-black-spray,True
GBElgFrst15SpryBlkSh,GB-ELG-FRS-15ML-SPR-BLK-02,Elegant,15.0,13-415,Fine Mist Sprayer,Glass Bottle,Frosted,Black,Spray,https://www.bestbottles.com/product/elegant-design-15-ml-frosted-glass-bottle-shiny-black-spray,False
GBElgFrst15SpryBlkSh__RETIRED__GB-ELG-CLR-15ML-SPR-BLK-02__kd70vm2rff7369nnbjv2m61wbn86a5sf,GB-ELG-CLR-15ML-SPR-BLK-02,Elegant,15.0,13-415,Fine Mist Sprayer,Glass Bottle,Clear,Black,Spray,https://www.bestbottles.com/product/elegant-design-15-ml-frosted-glass-bottle-shiny-black-spray,True
GBElgFrst15SpryBluMatt,GB-ELG-FRS-15ML-SPR,Elegant,15.0,13-415,Fine Mist Sprayer,Glass Bottle,Frosted,Clear,Spray,https://www.bestbottles.com/product/elegant-design-15-ml-frosted-glass-bottle-matte-blue-spray,False
GBElgFrst15SpryBluMatt__RETIRED__GB-ELG-CLR-15ML-SPR__kd74vhfg3ytv9n7mv5s4qe95q186a71w,GB-ELG-CLR-15ML-SPR,Elegant,15.0,13-415,Fine Mist Sprayer,Glass Bottle,Clear,Clear,Spray,https://www.bestbottles.com/product/elegant-design-15-ml-frosted-glass-bottle-matte-blue-spray,True
GBElgFrst15SpryCuMatt,GB-ELG-FRS-15ML-SPR-MCPR-02,Elegant,15.0,13-415,Fine Mist Sprayer,Glass Bottle,Frosted,Matte Copper,Spray,https://www.bestbottles.com/product/elegant-design-15-ml-frosted-glass-bottle-matte-copper-spray,False
GBElgFrst15SpryCuMatt__RETIRED__GB-ELG-CLR-15ML-SPR-MCPR-02__kd7aeft8m74r5kgkfsrye8dncs86basc,GB-ELG-CLR-15ML-SPR-MCPR-02,Elegant,15.0,13-415,Fine Mist Sprayer,Glass Bottle,Clear,Matte Copper,Spray,https://www.bestbottles.com/product/elegant-design-15-ml-frosted-glass-bottle-matte-copper-spray,True
GBElgFrst15SpryGlSh,GB-ELG-FRS-15ML-SPR-SGLD-02,Elegant,15.0,13-415,Fine Mist Sprayer,Glass Bottle,Frosted,Shiny Gold,Spray,https://www.bestbottles.com/product/elegant-design-15-ml-frosted-glass-bottle-shiny-gold-spray,False
GBElgFrst15SpryGlSh__RETIRED__GB-ELG-CLR-15ML-SPR-SGLD-02__kd742dva14e19g2r2eky6pj6x986by3t,GB-ELG-CLR-15ML-SPR-SGLD-02,Elegant,15.0,13-415,Fine Mist Sprayer,Glass Bottle,Clear,Shiny Gold,Spray,https://www.bestbottles.com/product/elegant-design-15-ml-frosted-glass-bottle-shiny-gold-spray,True
GBElgFrst15SprySlMatt,GB-ELG-FRS-15ML-SPR-MSLV-02,Elegant,15.0,13-415,Fine Mist Sprayer,Glass Bottle,Frosted,Matte Silver,Spray,https://www.bestbottles.com/product/elegant-design-15-ml-frosted-glass-bottle-matte-silver-spray,False
GBElgFrst15SprySlMatt__RETIRED__GB-ELG-CLR-15ML-SPR-MSLV-02__kd74rj8zqrvxyh7ejbhkedxd7h86a91h,GB-ELG-CLR-15ML-SPR-MSLV-02,Elegant,15.0,13-415,Fine Mist Sprayer,Glass Bottle,Clear,Matte Silver,Spray,https://www.bestbottles.com/product/elegant-design-15-ml-frosted-glass-bottle-matte-silver-spray,True
GBElgFrst15SprySlSh,GB-ELG-FRS-15ML-SPR-SLV,Elegant,15.0,13-415,Fine Mist Sprayer,Glass Bottle,Frosted,Silver,Spray,https://www.bestbottles.com/product/elegant-design-15-ml-frosted-glass-bottle-shiny-silver-spray,False
GBElgFrst15SprySlSh__RETIRED__GB-ELG-CLR-15ML-SPR-SLV__kd78kgnccrx821dck1tkekmzr586apd0,GB-ELG-CLR-15ML-SPR-SLV,Elegant,15.0,13-415,Fine Mist Sprayer,Glass Bottle,Clear,Silver,Spray,https://www.bestbottles.com/product/elegant-design-15-ml-frosted-glass-bottle-shiny-silver-spray,True
GBElgFrst15WhtSht,GB-ELG-FRS-15ML-WHT-S,Elegant,15.0,13-415,,Glass Bottle,Frosted,White,Short,https://www.bestbottles.com/product/elegant-design-15-ml-frosted-glass-bottle-short-white-cap,False
GBElgFrst15WhtSht__RETIRED__GB-ELG-CLR-15ML-WHT-S__kd7fn2q8mtxywkdk43w20m64b586bzkb,GB-ELG-CLR-15ML-WHT-S,Elegant,15.0,13-415,,Glass Bottle,Clear,White,Short,https://www.bestbottles.com/product/elegant-design-15-ml-frosted-glass-bottle-short-white-cap,True
GBFlair15BlkSht,GB-FLR-CLR-15ML-BLK-S,Flair,15.0,13-415,,Glass Bottle,Clear,Black,Short,https://www.bestbottles.com/product/flair-design-15-ml-glass-bottle-short-black-cap,False
GBFlair15Gl,GB-VIA-CLR-15ML-GLD-T-01,Flair,15.0,13-415,,Glass Bottle,Clear,Gold,Tall,https://www.bestbottles.com/product/flair-design-15-ml-glass-bottle-shiny-gold-cap,False
GBFlair15MtlRollBlkDot,GB-FLR-CLR-15ML-MRL-BKDT,Flair,15.0,13-415,Metal Roller Ball,Glass Bottle,Clear,Black Dotted,Dot Cap,https://www.bestbottles.com/product/flair-design-15-ml-glass-bottle-metal-roller-ball-plug-black-shiny-cap-with-dots,False
GBFlair15MtlRollBlkSh,GB-FLR-CLR-15ML-MRL-SBLK,Flair,15.0,13-415,Metal Roller Ball,Glass Bottle,Clear,Shiny Black,Roll-On,https://www.bestbottles.com/product/flair-design-15-ml-glass-bottle-metal-roller-ball-plug-black-shiny-cap,False
GBFlair15MtlRollCuMatt,GB-FLR-CLR-15ML-MRL-MCPR,Flair,15.0,13-415,Metal Roller Ball,Glass Bottle,Clear,Matte Copper,Roll-On,https://www.bestbottles.com/product/flair-design-15-ml-glass-bottle-metal-roller-ball-plug-matte-copper-cap,False
GBFlair15MtlRollGlMatt,GB-FLR-CLR-15ML-MRL-MGLD,Flair,15.0,13-415,Metal Roller Ball,Glass Bottle,Clear,Matte Gold,Screw Cap,https://www.bestbottles.com/product/flair-design-15-ml-glass-bottle-metal-roller-ball-plug-matte-gold-cap,False
GBFlair15MtlRollGlSh,GB-FLR-CLR-15ML-MRL-SGLD,Flair,15.0,13-415,Metal Roller Ball,Glass Bottle,Clear,Shiny Gold,Screw Cap,https://www.bestbottles.com/product/flair-design-15-ml-glass-bottle-metal-roller-ball-plug-shiny-gold-cap,False
GBFlair15MtlRollPinkDot,GB-FLR-CLR-15ML-MRL-PKDT,Flair,15.0,13-415,Metal Roller Ball,Glass Bottle,Clear,Pink Dotted,Dot Cap,https://www.bestbottles.com/product/flair-design-15-ml-glass-bottle-metal-roller-ball-plug-pink-cap-with-dots,False
GBFlair15MtlRollSlDot,GB-FLR-CLR-15ML-MRL-SLDT,Flair,15.0,13-415,Metal Roller Ball,Glass Bottle,Clear,Silver Dotted,Dot Cap,https://www.bestbottles.com/product/flair-design-15-ml-glass-bottle-metal-roller-ball-plug-silver-cap-with-dots,False
GBFlair15MtlRollSlMatt,GB-FLR-CLR-15ML-MRL-MSLV,Flair,15.0,13-415,Metal Roller Ball,Glass Bottle,Clear,Matte Silver,Roll-On,https://www.bestbottles.com/product/flair-design-15-ml-glass-bottle-metal-roller-ball-plug-matte-silver-cap,False
GBFlair15MtlRollSlSh,GB-FLR-CLR-15ML-MRL-SSLV,Flair,15.0,13-415,Metal Roller Ball,Glass Bottle,Clear,Shiny Silver,Roll-On,https://www.bestbottles.com/product/flair-design-15-ml-glass-bottle-metal-roller-ball-plug-shiny-silver-cap,False
GBFlair15RollBlkDot,GB-FLR-CLR-15ML-ROL-BKDT,Flair,15.0,13-415,Plastic Roller Ball,Glass Bottle,Clear,Black Dotted,Dot Cap,https://www.bestbottles.com/product/flair-design-15-ml-glass-bottle-plastic-roller-ball-plug-black-shiny-cap-with-dots,False
GBFlair15RollBlkSh,GB-FLR-CLR-15ML-ROL-SBLK,Flair,15.0,13-415,Plastic Roller Ball,Glass Bottle,Clear,Shiny Black,Roll-On,https://www.bestbottles.com/product/flair-design-15-ml-glass-bottle-plastic-roller-ball-plug-black-shiny-cap,False
GBFlair15RollCuMatt,GB-FLR-CLR-15ML-ROL-MCPR,Flair,15.0,13-415,Plastic Roller Ball,Glass Bottle,Clear,Matte Copper,Roll-On,https://www.bestbottles.com/product/flair-design-15-ml-glass-bottle-plastic-roller-ball-plug-matte-copper-cap,False
GBFlair15RollGlMatt,GB-FLR-CLR-15ML-ROL-MGLD,Flair,15.0,13-415,Plastic Roller Ball,Glass Bottle,Clear,Matte Gold,Screw Cap,https://www.bestbottles.com/product/flair-design-15-ml-glass-bottle-plastic-roller-ball-plug-matte-gold-cap,False
GBFlair15RollGlSh,GB-FLR-CLR-15ML-ROL-SGLD,Flair,15.0,13-415,Plastic Roller Ball,Glass Bottle,Clear,Shiny Gold,Screw Cap,https://www.bestbottles.com/product/flair-design-15-ml-glass-bottle-plastic-roller-ball-plug-shiny-gold-cap,False
GBFlair15RollPinkDot,GB-FLR-CLR-15ML-ROL-PKDT,Flair,15.0,13-415,Plastic Roller Ball,Glass Bottle,Clear,Pink Dotted,Dot Cap,https://www.bestbottles.com/product/flair-design-15-ml-glass-bottle-plastic-roller-ball-plug-pink-cap-with-dots,False
GBFlair15RollSlDot,GB-FLR-CLR-15ML-ROL-SLDT,Flair,15.0,13-415,Plastic Roller Ball,Glass Bottle,Clear,Silver Dotted,Dot Cap,https://www.bestbottles.com/product/flair-design-15-ml-glass-bottle-plastic-roller-ball-plug-silver-cap-with-dots,False
GBFlair15RollSlMatt,GB-FLR-CLR-15ML-ROL-MSLV,Flair,15.0,13-415,Plastic Roller Ball,Glass Bottle,Clear,Matte Silver,Roll-On,https://www.bestbottles.com/product/flair-design-15-ml-glass-bottle-plastic-roller-ball-plug-matte-silver-cap,False
GBFlair15RollSlSh,GB-FLR-CLR-15ML-ROL-SSLV,Flair,15.0,13-415,Plastic Roller Ball,Glass Bottle,Clear,Shiny Silver,Roll-On,https://www.bestbottles.com/product/flair-design-15-ml-glass-bottle-plastic-roller-ball-plug-shiny-silver-cap,False
GBFlair15Sl,GB-VIA-CLR-15ML-SLV-T-01,Flair,15.0,13-415,,Glass Bottle,Clear,Silver,Tall,https://www.bestbottles.com/product/flair-design-15-ml-glass-bottle-shiny-silver-cap,False
GBFlair15SpryBlkMatt,GB-FLR-CLR-15ML-SPR-MBLK,Flair,15.0,13-415,Fine Mist Sprayer,Glass Bottle,Clear,Matte Black,Spray,https://www.bestbottles.com/product/flair-design-15-ml-glass-bottle-matte-black-spray,False
GBFlair15SpryBlkSh,GB-FLR-CLR-15ML-SPR-SBLK,Flair,15.0,13-415,Fine Mist Sprayer,Glass Bottle,Clear,Shiny Black,Spray,https://www.bestbottles.com/product/flair-design-15-ml-glass-bottle-shiny-black-spray,False
GBFlair15SpryBluMatt,GB-FLR-CLR-15ML-SPR-MBLU,Flair,15.0,13-415,Fine Mist Sprayer,Glass Bottle,Clear,Matte Blue,Spray,https://www.bestbottles.com/product/flair-design-15-ml-glass-bottle-matte-blue-spray,False
GBFlair15SpryCuMatt,GB-FLR-CLR-15ML-SPR-MCPR,Flair,15.0,13-415,Fine Mist Sprayer,Glass Bottle,Clear,Matte Copper,Spray,https://www.bestbottles.com/product/flair-design-15-ml-glass-bottle-matte-copper-spray,False
GBFlair15SpryGlMatt,GB-FLR-CLR-15ML-SPR-MGLD,Flair,15.0,13-415,Fine Mist Sprayer,Glass Bottle,Clear,Matte Gold,Spray,https://www.bestbottles.com/product/flair-design-15-ml-glass-bottle-matte-gold-spray,False
GBFlair15SpryGlSh,GB-FLR-CLR-15ML-SPR-SGLD,Flair,15.0,13-415,Fine Mist Sprayer,Glass Bottle,Clear,Shiny Gold,Spray,https://www.bestbottles.com/product/flair-design-15-ml-glass-bottle-shiny-gold-spray,False
GBFlair15SprySlMatt,GB-FLR-CLR-15ML-SPR-MSLV,Flair,15.0,13-415,Fine Mist Sprayer,Glass Bottle,Clear,Matte Silver,Spray,https://www.bestbottles.com/product/flair-design-15-ml-glass-bottle-matte-silver-spray,False
GBFlair15SprySlSh,GB-FLR-CLR-15ML-SPR-SSLV,Flair,15.0,13-415,Fine Mist Sprayer,Glass Bottle,Clear,Shiny Silver,Spray,https://www.bestbottles.com/product/flair-design-15-ml-glass-bottle-shiny-silver-spray,False
GBFlair15WhtSht,GB-VIA-WHT-15ML-WHT-S-01,Flair,15.0,13-415,,Glass Bottle,Clear,White,Short,https://www.bestbottles.com/product/flair-design-15-ml-glass-bottle-short-white-cap,False
GBPillar9BlkShSht,GB-PIL-CLR-9ML-CAP-BLK,Pillar,9.0,13-415,N/A,Glass Bottle,Clear,Clear,Short,https://www.bestbottles.com/product/pillar-design-9-ml-glass-bottle-black-short-cap,False
GBPillar9MtlRollBlkdot,GB-PIL-CLR-9ML-MRL-BDOT,Pillar,9.0,13-415,N/A,Glass Bottle,Clear,,,https://www.bestbottles.com/product/pillar-design-5-ml-glass-bottle-metal-roller-ball-plug-black-dots-cap,False
GBPillar9RollBlkDot,GB-PIL-CLR-9ML-RBL-BDOT,Pillar,9.0,13-415,N/A,Glass Bottle,Clear,Clear,Roll-On,https://www.bestbottles.com/product/pillar-design-5-ml-glass-bottle-roller-ball-plug-black-dots-cap,False
GBRect10BlkSht,GB-RCT-CLR-10ML-BLK-S-01,Rectangle,10.0,13-415,,Glass Bottle,Clear,Black,Short,https://www.bestbottles.com/product/footed-rectangular-design-10-ml-bottle-short-black-cap,False
GBRect10Gl,GB-RCT-CLR-10ML-GLD-T-01,Rectangle,10.0,13-415,,Glass Bottle,Clear,Gold,Tall,https://www.bestbottles.com/product/footed-rectangular-design-10-ml-bottle-shiny-gold-cap,False
GBRect10MtlRollBlkDot,GB-RCT-CLR-10ML-MRL-BKDT-01,Rectangle,10.0,13-415,Metal Roller Ball,Glass Bottle,Clear,Black Dotted,Dot Cap,https://www.bestbottles.com/product/footed-rectangular-design-10-ml-bottle-metal-roller-ball-plug-black-shiny-cap-with-dots,False
GBRect10MtlRollBlkSh,GB-RCT-CLR-10ML-MRL-SBLK-01,Rectangle,10.0,13-415,Metal Roller Ball,Glass Bottle,Clear,Shiny Black,Roll-On,https://www.bestbottles.com/product/footed-rectangular-design-10-ml-bottle-metal-roller-ball-plug-black-shiny-cap,False
GBRect10MtlRollCuMatt,GB-RCT-CLR-10ML-MRL-MCPR-01,Rectangle,10.0,13-415,Metal Roller Ball,Glass Bottle,Clear,Matte Copper,Roll-On,https://www.bestbottles.com/product/footed-rectangular-design-10-ml-bottle-metal-roller-ball-plug-matte-copper-cap,False
GBRect10MtlRollGlMatt,GB-RCT-CLR-10ML-MRL-MGLD-01,Rectangle,10.0,13-415,Metal Roller Ball,Glass Bottle,Clear,Matte Gold,Screw Cap,https://www.bestbottles.com/product/footed-rectangular-design-10-ml-bottle-metal-roller-ball-plug-matte-gold-cap,False
GBRect10MtlRollGlSh,GB-RCT-CLR-10ML-MRL-SGLD-01,Rectangle,10.0,13-415,Metal Roller Ball,Glass Bottle,Clear,Shiny Gold,Screw Cap,https://www.bestbottles.com/product/footed-rectangular-design-10-ml-bottle-metal-roller-ball-plug-shiny-gold-cap,False
GBRect10MtlRollPinkDot,GB-RCT-CLR-10ML-MRL-PKDT,Rectangle,10.0,13-415,Metal Roller Ball,Glass Bottle,Clear,Pink Dotted,Dot Cap,https://www.bestbottles.com/product/footed-rectangular-design-10-ml-bottle-metal-roller-ball-plug-pink-cap-with-dots,False
GBRect10MtlRollSlDot,GB-RCT-CLR-10ML-MRL-SLDT-01,Rectangle,10.0,13-415,Metal Roller Ball,Glass Bottle,Clear,Silver Dotted,Dot Cap,https://www.bestbottles.com/product/footed-rectangular-design-10-ml-bottle-metal-roller-ball-plug-silver-cap-with-dots,False
GBRect10MtlRollSlMatt,GB-RCT-CLR-10ML-MRL-MSLV-01,Rectangle,10.0,13-415,Metal Roller Ball,Glass Bottle,Clear,Matte Silver,Roll-On,https://www.bestbottles.com/product/footed-rectangular-design-10-ml-bottle-metal-roller-ball-plug-matte-silver-cap,False
GBRect10MtlRollSlSh,GB-RCT-CLR-10ML-MRL-SSLV-01,Rectangle,10.0,13-415,Metal Roller Ball,Glass Bottle,Clear,Shiny Silver,Roll-On,https://www.bestbottles.com/product/footed-rectangular-design-10-ml-bottle-metal-roller-ball-plug-shiny-silver-cap,False
GBRect10RollBlkDot,GB-RCT-CLR-10ML-ROL-BKDT-01,Rectangle,10.0,13-415,Plastic Roller Ball,Glass Bottle,Clear,Black Dotted,Dot Cap,https://www.bestbottles.com/product/footed-rectangular-design-10-ml-bottle-plastic-roller-ball-plug-black-shiny-cap-with-dots,False
GBRect10RollBlkSh,GB-RCT-CLR-10ML-ROL-SBLK-01,Rectangle,10.0,13-415,Plastic Roller Ball,Glass Bottle,Clear,Shiny Black,Roll-On,https://www.bestbottles.com/product/footed-rectangular-design-10-ml-bottle-plastic-roller-ball-plug-black-shiny-cap,False
GBRect10RollCuMatt,GB-RCT-CLR-10ML-ROL-MCPR-01,Rectangle,10.0,13-415,Plastic Roller Ball,Glass Bottle,Clear,Matte Copper,Roll-On,https://www.bestbottles.com/product/footed-rectangular-design-10-ml-bottle-plastic-roller-ball-plug-matte-copper-cap,False
GBRect10RollGlMatt,GB-RCT-CLR-10ML-ROL-MGLD-01,Rectangle,10.0,13-415,Plastic Roller Ball,Glass Bottle,Clear,Matte Gold,Screw Cap,https://www.bestbottles.com/product/footed-rectangular-design-10-ml-bottle-plastic-roller-ball-plug-matte-gold-cap,False
GBRect10RollGlSh,GB-RCT-CLR-10ML-ROL-SGLD-01,Rectangle,10.0,13-415,Plastic Roller Ball,Glass Bottle,Clear,Shiny Gold,Screw Cap,https://www.bestbottles.com/product/footed-rectangular-design-10-ml-bottle-plastic-roller-ball-plug-shiny-gold-cap,False
GBRect10RollPinkDot,GB-RCT-CLR-10ML-ROL-PKDT-01,Rectangle,10.0,13-415,Plastic Roller Ball,Glass Bottle,Clear,Pink Dotted,Dot Cap,https://www.bestbottles.com/product/footed-rectangular-design-10-ml-bottle-plastic-roller-ball-plug-pink-cap-with-dots,False
GBRect10RollSlDot,GB-RCT-CLR-10ML-ROL-SLDT-01,Rectangle,10.0,13-415,Plastic Roller Ball,Glass Bottle,Clear,Silver Dotted,Dot Cap,https://www.bestbottles.com/product/footed-rectangular-design-10-ml-bottle-plastic-roller-ball-plug-silver-cap-with-dots,False
GBRect10RollSlMatt,GB-RCT-CLR-10ML-ROL-MSLV-01,Rectangle,10.0,13-415,Plastic Roller Ball,Glass Bottle,Clear,Matte Silver,Roll-On,https://www.bestbottles.com/product/footed-rectangular-design-10-ml-bottle-plastic-roller-ball-plug-matte-silver-cap,False
GBRect10RollSlSh,GB-RCT-CLR-10ML-ROL-SSLV-01,Rectangle,10.0,13-415,Plastic Roller Ball,Glass Bottle,Clear,Shiny Silver,Roll-On,https://www.bestbottles.com/product/footed-rectangular-design-10-ml-bottle-plastic-roller-ball-plug-shiny-silver-cap,False
GBRect10Sl,GB-RCT-CLR-10ML-SLV-T-01,Rectangle,10.0,13-415,,Glass Bottle,Clear,Silver,Tall,https://www.bestbottles.com/product/footed-rectangular-design-10-ml-bottle-shiny-silver-cap,False
GBRect10SpryBlkMatt,GB-RCT-CLR-10ML-SPR-MBLK-01,Rectangle,10.0,13-415,Fine Mist Sprayer,Glass Bottle,Clear,Matte Black,Spray,https://www.bestbottles.com/product/footed-rectangular-design-10-ml-bottle-matte-black-spray,False
GBRect10SpryBlkSh,GB-RCT-CLR-10ML-SPR-SBLK-01,Rectangle,10.0,13-415,Fine Mist Sprayer,Glass Bottle,Clear,Shiny Black,Spray,https://www.bestbottles.com/product/footed-rectangular-design-10-ml-bottle-shiny-black-spray,False
GBRect10SpryBluMatt,GB-RCT-CLR-10ML-SPR-MBLU-01,Rectangle,10.0,13-415,Fine Mist Sprayer,Glass Bottle,Clear,Matte Blue,Spray,https://www.bestbottles.com/product/footed-rectangular-design-10-ml-bottle-matte-blue-spray,False
GBRect10SpryCuMatt,GB-RCT-CLR-10ML-SPR-MCPR-01,Rectangle,10.0,13-415,Fine Mist Sprayer,Glass Bottle,Clear,Matte Copper,Spray,https://www.bestbottles.com/product/footed-rectangular-design-10-ml-bottle-matte-copper-spray,False
GBRect10SpryGlMatt,GB-RCT-CLR-10ML-SPR-MGLD-01,Rectangle,10.0,13-415,Fine Mist Sprayer,Glass Bottle,Clear,Matte Gold,Spray,https://www.bestbottles.com/product/footed-rectangular-design-10-ml-bottle-matte-gold-spray,False
GBRect10SpryGlSh,GB-RCT-CLR-10ML-SPR-SGLD-01,Rectangle,10.0,13-415,Fine Mist Sprayer,Glass Bottle,Clear,Shiny Gold,Spray,https://www.bestbottles.com/product/footed-rectangular-design-10-ml-bottle-shiny-gold-spray,False
GBRect10SprySlMatt,GB-RCT-CLR-10ML-SPR-MSLV-01,Rectangle,10.0,13-415,Fine Mist Sprayer,Glass Bottle,Clear,Matte Silver,Spray,https://www.bestbottles.com/product/footed-rectangular-design-10-ml-bottle-matte-silver-spray,False
GBRect10SprySlSh,GB-RCT-CLR-10ML-SPR-SSLV-01,Rectangle,10.0,13-415,Fine Mist Sprayer,Glass Bottle,Clear,Shiny Silver,Spray,https://www.bestbottles.com/product/footed-rectangular-design-10-ml-bottle-shiny-silver-spray,False
GBRect10WhtSht,GB-RCT-WHT-10ML-WHT-S-01,Rectangle,10.0,13-415,,Glass Bottle,Clear,White,Short,https://www.bestbottles.com/product/footed-rectangular-design-10-ml-bottle-short-white-cap,False
GBTallRect10BlkSht,GB-RCT-CLR-10ML-BLK-S-02,Rectangle,10.0,13-415,,Glass Bottle,Clear,Black,Tall,https://www.bestbottles.com/product/tall-rectangular-design-10-ml-glass-bottle-short-black-cap,False
GBTallRect10Gl,GB-RCT-CLR-10ML-GLD-T-02,Rectangle,10.0,13-415,,Glass Bottle,Clear,Gold,Tall,https://www.bestbottles.com/product/tall-rectangular-design-10-ml-glass-bottle-shiny-gold-cap,False
GBTallRect10MtlRollBlkDot,GB-RCT-CLR-10ML-MRL-BKDT-02,Rectangle,10.0,13-415,Metal Roller Ball,Glass Bottle,Clear,Black Dotted,Tall,https://www.bestbottles.com/product/tall-rectangular-design-10-ml-glass-bottle-metal-roller-ball-plug-black-shiny-cap-with-dots,False
GBTallRect10MtlRollBlkSh,GB-RCT-CLR-10ML-MRL-SBLK-02,Rectangle,10.0,13-415,Metal Roller Ball,Glass Bottle,Clear,Shiny Black,Tall,https://www.bestbottles.com/product/tall-rectangular-design-10-ml-glass-bottle-metal-roller-ball-plug-black-shiny-cap,False
GBTallRect10MtlRollCuMatt,GB-RCT-CLR-10ML-MRL-MCPR-02,Rectangle,10.0,13-415,Metal Roller Ball,Glass Bottle,Clear,Matte Copper,Tall,https://www.bestbottles.com/product/tall-rectangular-design-10-ml-glass-bottle-metal-roller-ball-plug-matte-copper-cap,False
GBTallRect10MtlRollGlMatt,GB-RCT-CLR-10ML-MRL-MGLD-02,Rectangle,10.0,13-415,Metal Roller Ball,Glass Bottle,Clear,Matte Gold,Tall,https://www.bestbottles.com/product/tall-rectangular-design-10-ml-glass-bottle-metal-roller-ball-plug-matte-gold-cap,False
GBTallRect10MtlRollGlSh,GB-RCT-CLR-10ML-MRL-SGLD-02,Rectangle,10.0,13-415,Metal Roller Ball,Glass Bottle,Clear,Shiny Gold,Tall,https://www.bestbottles.com/product/tall-rectangular-design-10-ml-glass-bottle-metal-roller-ball-plug-shiny-gold-cap,False
GBTallRect10MtlRollPinkDo,GB-RCT-CLR-10ML-MRL,Rectangle,10.0,13-415,Metal Roller Ball,Glass Bottle,Clear,Clear,Tall,https://www.bestbottles.com/product/tall-rectangular-design-10-ml-glass-bottle-metal-roller-ball-plug-pink-cap-with-dots,False
GBTallRect10MtlRollSlDot,GB-RCT-CLR-10ML-MRL-SLDT-02,Rectangle,10.0,13-415,Metal Roller Ball,Glass Bottle,Clear,Silver Dotted,Tall,https://www.bestbottles.com/product/tall-rectangular-design-10-ml-glass-bottle-metal-roller-ball-plug-silver-cap-with-dots,False
GBTallRect10MtlRollSlMatt,GB-RCT-CLR-10ML-MRL-MSLV-02,Rectangle,10.0,13-415,Metal Roller Ball,Glass Bottle,Clear,Matte Silver,Tall,https://www.bestbottles.com/product/tall-rectangular-design-10-ml-glass-bottle-metal-roller-ball-plug-matte-silver-cap,False
GBTallRect10MtlRollSlSh,GB-RCT-CLR-10ML-MRL-SSLV-02,Rectangle,10.0,13-415,Metal Roller Ball,Glass Bottle,Clear,Shiny Silver,Tall,https://www.bestbottles.com/product/tall-rectangular-design-10-ml-glass-bottle-metal-roller-ball-plug-shiny-silver-cap,False
GBTallRect10RollBlkDot,GB-RCT-CLR-10ML-ROL-BKDT-02,Rectangle,10.0,13-415,Plastic Roller Ball,Glass Bottle,Clear,Black Dotted,Tall,https://www.bestbottles.com/product/tall-rectangular-design-10-ml-glass-bottle-plastic-roller-ball-plug-black-shiny-cap-with-dots,False
GBTallRect10RollBlkSh,GB-RCT-CLR-10ML-ROL-SBLK-02,Rectangle,10.0,13-415,Plastic Roller Ball,Glass Bottle,Clear,Shiny Black,Tall,https://www.bestbottles.com/product/tall-rectangular-design-10-ml-glass-bottle-plastic-roller-ball-plug-black-shiny-cap,False
GBTallRect10RollCuMatt,GB-RCT-CLR-10ML-ROL-MCPR-02,Rectangle,10.0,13-415,Plastic Roller Ball,Glass Bottle,Clear,Matte Copper,Tall,https://www.bestbottles.com/product/tall-rectangular-design-10-ml-glass-bottle-plastic-roller-ball-plug-matte-copper-cap,False
GBTallRect10RollGlMatt,GB-RCT-CLR-10ML-ROL-MGLD-02,Rectangle,10.0,13-415,Plastic Roller Ball,Glass Bottle,Clear,Matte Gold,Tall,https://www.bestbottles.com/product/tall-rectangular-design-10-ml-glass-bottle-plastic-roller-ball-plug-matte-gold-cap,False
GBTallRect10RollGlSh,GB-RCT-CLR-10ML-ROL-SGLD-02,Rectangle,10.0,13-415,Plastic Roller Ball,Glass Bottle,Clear,Shiny Gold,Tall,https://www.bestbottles.com/product/tall-rectangular-design-10-ml-glass-bottle-plastic-roller-ball-plug-shiny-gold-cap,False
GBTallRect10RollPinkDot,GB-RCT-CLR-10ML-ROL-PKDT-02,Rectangle,10.0,13-415,Plastic Roller Ball,Glass Bottle,Clear,Pink Dotted,Tall,https://www.bestbottles.com/product/tall-rectangular-design-10-ml-glass-bottle-plastic-roller-ball-plug-pink-cap-with-dots,False
GBTallRect10RollSlDot,GB-RCT-CLR-10ML-ROL-SLDT-02,Rectangle,10.0,13-415,Plastic Roller Ball,Glass Bottle,Clear,Silver Dotted,Tall,https://www.bestbottles.com/product/tall-rectangular-design-10-ml-glass-bottle-plastic-roller-ball-plug-silver-cap-with-dots,False
GBTallRect10RollSlMatt,GB-RCT-CLR-10ML-ROL-MSLV-02,Rectangle,10.0,13-415,Plastic Roller Ball,Glass Bottle,Clear,Matte Silver,Tall,https://www.bestbottles.com/product/tall-rectangular-design-10-ml-glass-bottle-plastic-roller-ball-plug-matte-silver-cap,False
GBTallRect10RollSlSh,GB-RCT-CLR-10ML-ROL-SSLV-02,Rectangle,10.0,13-415,Plastic Roller Ball,Glass Bottle,Clear,Shiny Silver,Tall,https://www.bestbottles.com/product/tall-rectangular-design-10-ml-glass-bottle-plastic-roller-ball-plug-shiny-silver-cap,False
GBTallRect10Sl,GB-RCT-CLR-10ML-SLV-T-02,Rectangle,10.0,13-415,,Glass Bottle,Clear,Silver,Tall,https://www.bestbottles.com/product/tall-rectangular-design-10-ml-glass-bottle-shiny-silver-cap,False
GBTallRect10SpryBlkMatt,GB-RCT-CLR-10ML-SPR-MBLK-02,Rectangle,10.0,13-415,Fine Mist Sprayer,Glass Bottle,Clear,Matte Black,Tall,https://www.bestbottles.com/product/tall-rectangular-design-10-ml-glass-bottle-matte-black-spray,False
GBTallRect10SpryBlkSh,GB-RCT-CLR-10ML-SPR-SBLK-02,Rectangle,10.0,13-415,Fine Mist Sprayer,Glass Bottle,Clear,Shiny Black,Tall,https://www.bestbottles.com/product/tall-rectangular-design-10-ml-glass-bottle-shiny-black-spray,False
GBTallRect10SpryBluMatt,GB-RCT-CLR-10ML-SPR-MBLU-02,Rectangle,10.0,13-415,Fine Mist Sprayer,Glass Bottle,Clear,Matte Blue,Tall,https://www.bestbottles.com/product/tall-rectangular-design-10-ml-glass-bottle-matte-blue-spray,False
GBTallRect10SpryCuMatt,GB-RCT-CLR-10ML-SPR-MCPR-02,Rectangle,10.0,13-415,Fine Mist Sprayer,Glass Bottle,Clear,Matte Copper,Tall,https://www.bestbottles.com/product/tall-rectangular-design-10-ml-glass-bottle-matte-copper-spray,False
GBTallRect10SpryGlMatt,GB-RCT-CLR-10ML-SPR-MGLD-02,Rectangle,10.0,13-415,Fine Mist Sprayer,Glass Bottle,Clear,Matte Gold,Tall,https://www.bestbottles.com/product/tall-rectangular-design-10-ml-glass-bottle-matte-gold-spray,False
GBTallRect10SpryGlSh,GB-RCT-CLR-10ML-SPR-SGLD-02,Rectangle,10.0,13-415,Fine Mist Sprayer,Glass Bottle,Clear,Shiny Gold,Tall,https://www.bestbottles.com/product/tall-rectangular-design-10-ml-glass-bottle-shiny-gold-spray,False
GBTallRect10SprySlMatt,GB-RCT-CLR-10ML-SPR-MSLV-02,Rectangle,10.0,13-415,Fine Mist Sprayer,Glass Bottle,Clear,Matte Silver,Tall,https://www.bestbottles.com/product/tall-rectangular-design-10-ml-glass-bottle-matte-silver-spray,False
GBTallRect10SprySlSh,GB-RCT-CLR-10ML-SPR-SSLV-02,Rectangle,10.0,13-415,Fine Mist Sprayer,Glass Bottle,Clear,Shiny Silver,Tall,https://www.bestbottles.com/product/tall-rectangular-design-10-ml-glass-bottle-shiny-silver-spray,False
GBTallRect10WhtSht,GB-RCT-WHT-10ML-WHT-S-02,Rectangle,10.0,13-415,,Glass Bottle,Clear,White,Tall,https://www.bestbottles.com/product/tall-rectangular-design-10-ml-glass-bottle-short-white-cap,False
GBRoyal13BlkSht,GB-RYL-CLR-13ML-BLK-S,Royal,13.0,13-415,,Glass Bottle,Clear,Black,Short,https://www.bestbottles.com/product/royal-design-13-ml-glass-bottle-short-black-cap,False
GBRoyal13Gl,GB-VIA-CLR-13ML-GLD-T,Royal,13.0,13-415,,Glass Bottle,Clear,Gold,Tall,https://www.bestbottles.com/product/royal-design-13-ml-glass-bottle-shiny-gold-cap,False
GBRoyal13MtlRollBlkDot,GB-RYL-CLR-13ML-MRL-BKDT,Royal,13.0,13-415,Metal Roller Ball,Glass Bottle,Clear,Black Dotted,Dot Cap,https://www.bestbottles.com/product/royal-design-13-ml-glass-bottle-metal-roller-ball-plug-black-shiny-cap-with-dots,False
GBRoyal13MtlRollBlkSh,GB-RYL-CLR-13ML-MRL-SBLK,Royal,13.0,13-415,Metal Roller Ball,Glass Bottle,Clear,Shiny Black,Roll-On,https://www.bestbottles.com/product/royal-design-13-ml-glass-bottle-metal-roller-ball-plug-black-shiny-cap,False
GBRoyal13MtlRollCuMatt,GB-RYL-CLR-13ML-MRL-MCPR,Royal,13.0,13-415,Metal Roller Ball,Glass Bottle,Clear,Matte Copper,Roll-On,https://www.bestbottles.com/product/royal-design-13-ml-glass-bottle-metal-roller-ball-plug-matte-copper-cap,False
GBRoyal13MtlRollGlMatt,GB-RYL-CLR-13ML-MRL-MGLD,Royal,13.0,13-415,Metal Roller Ball,Glass Bottle,Clear,Matte Gold,Screw Cap,https://www.bestbottles.com/product/royal-design-13-ml-glass-bottle-metal-roller-ball-plug-matte-gold-cap,False
GBRoyal13MtlRollGlSh,GB-RYL-CLR-13ML-MRL-SGLD,Royal,13.0,13-415,Metal Roller Ball,Glass Bottle,Clear,Shiny Gold,Screw Cap,https://www.bestbottles.com/product/royal-design-13-ml-glass-bottle-metal-roller-ball-plug-shiny-gold-cap,False
GBRoyal13MtlRollPinkDot,GB-RYL-CLR-13ML-MRL-PKDT,Royal,13.0,13-415,Metal Roller Ball,Glass Bottle,Clear,Pink Dotted,Dot Cap,https://www.bestbottles.com/product/royal-design-13-ml-glass-bottle-metal-roller-ball-plug-pink-cap-with-dots,False
GBRoyal13MtlRollSlDot,GB-RYL-CLR-13ML-MRL-SLDT,Royal,13.0,13-415,Metal Roller Ball,Glass Bottle,Clear,Silver Dotted,Dot Cap,https://www.bestbottles.com/product/royal-design-13-ml-glass-bottle-metal-roller-ball-plug-silver-cap-with-dots,False
GBRoyal13MtlRollSlMatt,GB-RYL-CLR-13ML-MRL-MSLV,Royal,13.0,13-415,Metal Roller Ball,Glass Bottle,Clear,Matte Silver,Roll-On,https://www.bestbottles.com/product/royal-design-13-ml-glass-bottle-metal-roller-ball-plug-matte-silver-cap,False
GBRoyal13MtlRollSlSh,GB-RYL-CLR-13ML-MRL-SSLV,Royal,13.0,13-415,Metal Roller Ball,Glass Bottle,Clear,Shiny Silver,Roll-On,https://www.bestbottles.com/product/royal-design-13-ml-glass-bottle-metal-roller-ball-plug-shiny-silver-cap,False
GBRoyal13RollBlkDot,GB-RYL-CLR-13ML-ROL-BKDT,Royal,13.0,13-415,Plastic Roller Ball,Glass Bottle,Clear,Black Dotted,Dot Cap,https://www.bestbottles.com/product/royal-design-13-ml-glass-bottle-plastic-roller-ball-plug-black-shiny-cap-with-dots,False
GBRoyal13RollBlkSh,GB-RYL-CLR-13ML-ROL-SBLK,Royal,13.0,13-415,Plastic Roller Ball,Glass Bottle,Clear,Shiny Black,Roll-On,https://www.bestbottles.com/product/royal-design-13-ml-glass-bottle-plastic-roller-ball-plug-black-shiny-cap,False
GBRoyal13RollCuMatt,GB-RYL-CLR-13ML-ROL-MCPR,Royal,13.0,13-415,Plastic Roller Ball,Glass Bottle,Clear,Matte Copper,Roll-On,https://www.bestbottles.com/product/royal-design-13-ml-glass-bottle-plastic-roller-ball-plug-matte-copper-cap,False
GBRoyal13RollGlMatt,GB-RYL-CLR-13ML-ROL-MGLD,Royal,13.0,13-415,Plastic Roller Ball,Glass Bottle,Clear,Matte Gold,Screw Cap,https://www.bestbottles.com/product/royal-design-13-ml-glass-bottle-plastic-roller-ball-plug-matte-gold-cap,False
GBRoyal13RollGlSh,GB-RYL-CLR-13ML-ROL-SGLD,Royal,13.0,13-415,Plastic Roller Ball,Glass Bottle,Clear,Shiny Gold,Screw Cap,https://www.bestbottles.com/product/royal-design-13-ml-glass-bottle-plastic-roller-ball-plug-shiny-gold-cap,False
GBRoyal13RollPinkDot,GB-RYL-CLR-13ML-ROL-PKDT,Royal,13.0,13-415,Plastic Roller Ball,Glass Bottle,Clear,Pink Dotted,Dot Cap,https://www.bestbottles.com/product/royal-design-13-ml-glass-bottle-plastic-roller-ball-plug-pink-cap-with-dots,False
GBRoyal13RollSlDot,GB-RYL-CLR-13ML-ROL-SLDT,Royal,13.0,13-415,Plastic Roller Ball,Glass Bottle,Clear,Silver Dotted,Dot Cap,https://www.bestbottles.com/product/royal-design-13-ml-glass-bottle-plastic-roller-ball-plug-silver-cap-with-dots,False
GBRoyal13RollSlMatt,GB-RYL-CLR-13ML-ROL-MSLV,Royal,13.0,13-415,Plastic Roller Ball,Glass Bottle,Clear,Matte Silver,Roll-On,https://www.bestbottles.com/product/royal-design-13-ml-glass-bottle-plastic-roller-ball-plug-matte-silver-cap,False
GBRoyal13RollSlSh,GB-RYL-CLR-13ML-ROL-SSLV,Royal,13.0,13-415,Plastic Roller Ball,Glass Bottle,Clear,Shiny Silver,Roll-On,https://www.bestbottles.com/product/royal-design-13-ml-glass-bottle-plastic-roller-ball-plug-shiny-silver-cap,False
GBRoyal13Sl,GB-VIA-CLR-13ML-SLV-T,Royal,13.0,13-415,,Glass Bottle,Clear,Silver,Tall,https://www.bestbottles.com/product/royal-design-13-ml-glass-bottle-shiny-silver-cap,False
GBRoyal13SpryBlkSh,GB-RYL-CLR-13ML-SPR-SBLK,Royal,13.0,13-415,Fine Mist Sprayer,Glass Bottle,Clear,Shiny Black,Spray,https://www.bestbottles.com/product/royal-design-13-ml-glass-bottle-shiny-black-spray,False
GBRoyal13SpryBluMatt,GB-RYL-CLR-13ML-SPR-MBLU,Royal,13.0,13-415,Fine Mist Sprayer,Glass Bottle,Clear,Matte Blue,Spray,https://www.bestbottles.com/product/royal-design-13-ml-glass-bottle-matte-blue-spray,False
GBRoyal13SpryCuMatt,GB-RYL-CLR-13ML-SPR-MCPR,Royal,13.0,13-415,Fine Mist Sprayer,Glass Bottle,Clear,Matte Copper,Spray,https://www.bestbottles.com/product/royal-design-13-ml-glass-bottle-matte-copper-spray,False
GBRoyal13SpryGlMatt,GB-RYL-CLR-13ML-SPR-MGLD,Royal,13.0,13-415,Fine Mist Sprayer,Glass Bottle,Clear,Matte Gold,Spray,https://www.bestbottles.com/product/royal-design-13-ml-glass-bottle-matte-gold-spray,False
GBRoyal13SpryGlSh,GB-RYL-CLR-13ML-SPR-SGLD,Royal,13.0,13-415,Fine Mist Sprayer,Glass Bottle,Clear,Shiny Gold,Spray,https://www.bestbottles.com/product/royal-design-13-ml-glass-bottle-shiny-gold-spray,False
GBRoyal13SprySlMatt,GB-RYL-CLR-13ML-SPR-MSLV,Royal,13.0,13-415,Fine Mist Sprayer,Glass Bottle,Clear,Matte Silver,Spray,https://www.bestbottles.com/product/royal-design-13-ml-glass-bottle-matte-silver-spray,False
GBRoyal13SprySlSh,GB-RYL-CLR-13ML-SPR-SSLV,Royal,13.0,13-415,Fine Mist Sprayer,Glass Bottle,Clear,Shiny Silver,Spray,https://www.bestbottles.com/product/royal-design-13-ml-glass-bottle-shiny-silver-spray,False
GBRoyal13WhtSht,GB-VIA-WHT-13ML-WHT-S,Royal,13.0,13-415,,Glass Bottle,Clear,White,Short,https://www.bestbottles.com/product/royal-design-13-ml-glass-bottle-short-white-cap,False
GBSleek5BlkSht,GB-SLK-CLR-5ML-S,Sleek,5.0,13-415,,Glass Bottle,Clear,Clear,Short,https://www.bestbottles.com/product/sleek-design-5-ml-glass-bottle-short-black-cap,False
GBSleek5Gl,GB-SLK-CLR-5ML-GLD-T,Sleek,5.0,13-415,,Glass Bottle,Clear,Gold,Tall,https://www.bestbottles.com/product/sleek-design-5-ml-glass-bottle-shiny-gold-cap,False
GBSleek5MtlRollBlkDot,GB-SLK-CLR-5ML-MRL-BKDT,Sleek,5.0,13-415,Metal Roller Ball,Glass Bottle,Clear,Black Dotted,Dot Cap,https://www.bestbottles.com/product/sleek-design-5-ml-glass-bottle-metal-roller-ball-plug-black-shiny-cap-with-dots,False
GBSleek5MtlRollBlkSh,GB-SLK-CLR-5ML-MRL-SBLK,Sleek,5.0,13-415,Metal Roller Ball,Glass Bottle,Clear,Shiny Black,Roll-On,https://www.bestbottles.com/product/sleek-design-5-ml-glass-bottle-metal-roller-ball-plug-black-shiny-cap,False
GBSleek5MtlRollCuMatt,GB-SLK-CLR-5ML-MRL-MCPR,Sleek,5.0,13-415,Metal Roller Ball,Glass Bottle,Clear,Matte Copper,Roll-On,https://www.bestbottles.com/product/sleek-design-5-ml-glass-bottle-metal-roller-ball-plug-matte-copper-cap,False
GBSleek5MtlRollGlMatt,GB-SLK-CLR-5ML-MRL-MGLD,Sleek,5.0,13-415,Metal Roller Ball,Glass Bottle,Clear,Matte Gold,Screw Cap,https://www.bestbottles.com/product/sleek-design-5-ml-glass-bottle-metal-roller-ball-plug-matte-gold-cap,False
GBSleek5MtlRollGlSh,GB-SLK-CLR-5ML-MRL-SGLD,Sleek,5.0,13-415,Metal Roller Ball,Glass Bottle,Clear,Shiny Gold,Screw Cap,https://www.bestbottles.com/product/sleek-design-5-ml-glass-bottle-metal-roller-ball-plug-shiny-gold-cap,False
GBSleek5MtlRollPinkDot,GB-SLK-CLR-5ML-MRL-PKDT,Sleek,5.0,13-415,Metal Roller Ball,Glass Bottle,Clear,Pink Dotted,Dot Cap,https://www.bestbottles.com/product/sleek-design-5-ml-glass-bottle-metal-roller-ball-plug-pink-cap-with-dots,False
GBSleek5MtlRollSlDot,GB-SLK-CLR-5ML-MRL-SLDT,Sleek,5.0,13-415,Metal Roller Ball,Glass Bottle,Clear,Silver Dotted,Dot Cap,https://www.bestbottles.com/product/sleek-design-5-ml-glass-bottle-metal-roller-ball-plug-silver-cap-with-dots,False
GBSleek5MtlRollSlMatt,GB-SLK-CLR-5ML-MRL-MSLV,Sleek,5.0,13-415,Metal Roller Ball,Glass Bottle,Clear,Matte Silver,Roll-On,https://www.bestbottles.com/product/sleek-design-5-ml-glass-bottle-metal-roller-ball-plug-matte-silver-cap,False
GBSleek5MtlRollSlSh,GB-SLK-CLR-5ML-MRL-SSLV,Sleek,5.0,13-415,Metal Roller Ball,Glass Bottle,Clear,Shiny Silver,Roll-On,https://www.bestbottles.com/product/sleek-design-5-ml-glass-bottle-metal-roller-ball-plug-shiny-silver-cap,False
GBSleek5RollBlkDot,GB-SLK-CLR-5ML-ROL-BKDT,Sleek,5.0,13-415,Plastic Roller Ball,Glass Bottle,Clear,Black Dotted,Dot Cap,https://www.bestbottles.com/product/sleek-design-5-ml-glass-bottle-plastic-roller-ball-plug-black-shiny-cap-with-dots,False
GBSleek5RollBlkSh,GB-SLK-CLR-5ML-ROL-SBLK,Sleek,5.0,13-415,Plastic Roller Ball,Glass Bottle,Clear,Shiny Black,Roll-On,https://www.bestbottles.com/product/sleek-design-5-ml-glass-bottle-plastic-roller-ball-plug-black-shiny-cap,False
GBSleek5RollCuMatt,GB-SLK-CLR-5ML-ROL-MCPR,Sleek,5.0,13-415,Plastic Roller Ball,Glass Bottle,Clear,Matte Copper,Roll-On,https://www.bestbottles.com/product/sleek-design-5-ml-glass-bottle-plastic-roller-ball-plug-matte-copper-cap,False
GBSleek5RollGlMatt,GB-SLK-CLR-5ML-ROL-MGLD,Sleek,5.0,13-415,Plastic Roller Ball,Glass Bottle,Clear,Matte Gold,Screw Cap,https://www.bestbottles.com/product/sleek-design-5-ml-glass-bottle-plastic-roller-ball-plug-matte-gold-cap,False
GBSleek5RollGlSh,GB-SLK-CLR-5ML-ROL-SGLD,Sleek,5.0,13-415,Plastic Roller Ball,Glass Bottle,Clear,Shiny Gold,Screw Cap,https://www.bestbottles.com/product/sleek-design-5-ml-glass-bottle-plastic-roller-ball-plug-shiny-gold-cap,False
GBSleek5RollPinkDot,GB-SLK-CLR-5ML-ROL-PKDT,Sleek,5.0,13-415,Plastic Roller Ball,Glass Bottle,Clear,Pink Dotted,Dot Cap,https://www.bestbottles.com/product/sleek-design-5-ml-glass-bottle-plastic-roller-ball-plug-pink-cap-with-dots,False
GBSleek5RollSlDot,GB-SLK-CLR-5ML-ROL-SLDT,Sleek,5.0,13-415,Plastic Roller Ball,Glass Bottle,Clear,Silver Dotted,Dot Cap,https://www.bestbottles.com/product/sleek-design-5-ml-glass-bottle-plastic-roller-ball-plug-silver-cap-with-dots,False
GBSleek5RollSlMatt,GB-SLK-CLR-5ML-ROL-MSLV,Sleek,5.0,13-415,Plastic Roller Ball,Glass Bottle,Clear,Matte Silver,Roll-On,https://www.bestbottles.com/product/sleek-design-5-ml-glass-bottle-plastic-roller-ball-plug-matte-silver-cap,False
GBSleek5RollSlSh,GB-SLK-CLR-5ML-ROL-SSLV,Sleek,5.0,13-415,Plastic Roller Ball,Glass Bottle,Clear,Shiny Silver,Roll-On,https://www.bestbottles.com/product/sleek-design-5-ml-glass-bottle-plastic-roller-ball-plug-shiny-silver-cap,False
GBSleek5Sl,GB-SLK-CLR-5ML-SLV-T,Sleek,5.0,13-415,,Glass Bottle,Clear,Silver,Tall,https://www.bestbottles.com/product/sleek-design-5-ml-glass-bottle-shiny-silver-cap,False
GBSleek5SpryBlkMatt,GB-SLK-CLR-5ML-SPR-MBLK,Sleek,5.0,13-415,Fine Mist Sprayer,Glass Bottle,Clear,Matte Black,Spray,https://www.bestbottles.com/product/sleek-design-5-ml-glass-bottle-matte-black-spray,False
GBSleek5SpryBlkSh,GB-SLK-CLR-5ML-SPR-SBLK,Sleek,5.0,13-415,Fine Mist Sprayer,Glass Bottle,Clear,Shiny Black,Spray,https://www.bestbottles.com/product/sleek-design-5-ml-glass-bottle-shiny-black-spray,False
GBSleek5SpryBluMatt,GB-SLK-CLR-5ML-SPR-MBLU,Sleek,5.0,13-415,Fine Mist Sprayer,Glass Bottle,Clear,Matte Blue,Spray,https://www.bestbottles.com/product/sleek-design-5-ml-glass-bottle-matte-blue-spray,False
GBSleek5SpryCuMatt,GB-SLK-CLR-5ML-SPR-MCPR,Sleek,5.0,13-415,Fine Mist Sprayer,Glass Bottle,Clear,Matte Copper,Spray,https://www.bestbottles.com/product/sleek-design-5-ml-glass-bottle-matte-copper-spray,False
GBSleek5SpryGlMatt,GB-SLK-CLR-5ML-SPR-MGLD,Sleek,5.0,13-415,Fine Mist Sprayer,Glass Bottle,Clear,Matte Gold,Spray,https://www.bestbottles.com/product/sleek-design-5-ml-glass-bottle-matte-gold-spray,False
GBSleek5SpryGlSh,GB-SLK-CLR-5ML-SPR-SGLD,Sleek,5.0,13-415,Fine Mist Sprayer,Glass Bottle,Clear,Shiny Gold,Spray,https://www.bestbottles.com/product/sleek-design-5-ml-glass-bottle-shiny-gold-spray,False
GBSleek5SprySlMatt,GB-SLK-CLR-5ML-SPR-MSLV,Sleek,5.0,13-415,Fine Mist Sprayer,Glass Bottle,Clear,Matte Silver,Spray,https://www.bestbottles.com/product/sleek-design-5-ml-glass-bottle-matte-silver-spray,False
GBSleek5SprySlSh,GB-SLK-CLR-5ML-SPR-SSLV,Sleek,5.0,13-415,Fine Mist Sprayer,Glass Bottle,Clear,Shiny Silver,Spray,https://www.bestbottles.com/product/sleek-design-5-ml-glass-bottle-shiny-silver-spray,False
GBSleek5WhtSht,GB-SLK-WHT-5ML-WHT-S,Sleek,5.0,13-415,,Glass Bottle,Clear,White,Short,https://www.bestbottles.com/product/sleek-design-5-ml-glass-bottle-short-white-cap,False
GBSleek8BlkSht,GB-SLK-CLR-8ML-S,Sleek,8.0,13-415,,Glass Bottle,Clear,Clear,Short,https://www.bestbottles.com/product/sleek-design-8-ml-glass-bottle-short-black-cap,False
GBSleek8Gl,GB-SLK-CLR-8ML-GLD-T,Sleek,8.0,13-415,,Glass Bottle,Clear,Gold,Tall,https://www.bestbottles.com/product/sleek-design-8-ml-glass-bottle-shiny-gold-cap,False
GBSleek8MtlRollBlkDot,GB-SLK-CLR-8ML-MRL-BKDT,Sleek,8.0,13-415,Metal Roller Ball,Glass Bottle,Clear,Black Dotted,Dot Cap,https://www.bestbottles.com/product/sleek-design-8-ml-glass-bottle-metal-roller-ball-plug-black-shiny-cap-with-dots,False
GBSleek8MtlRollBlkSh,GB-SLK-CLR-8ML-MRL-SBLK,Sleek,8.0,13-415,Metal Roller Ball,Glass Bottle,Clear,Shiny Black,Roll-On,https://www.bestbottles.com/product/sleek-design-8-ml-glass-bottle-metal-roller-ball-plug-black-shiny-cap,False
GBSleek8MtlRollCuMatt,GB-SLK-CLR-8ML-MRL-MCPR,Sleek,8.0,13-415,Metal Roller Ball,Glass Bottle,Clear,Matte Copper,Roll-On,https://www.bestbottles.com/product/sleek-design-8-ml-glass-bottle-metal-roller-ball-plug-matte-copper-cap,False
GBSleek8MtlRollGlMatt,GB-SLK-CLR-8ML-MRL-MGLD,Sleek,8.0,13-415,Metal Roller Ball,Glass Bottle,Clear,Matte Gold,Screw Cap,https://www.bestbottles.com/product/sleek-design-8-ml-glass-bottle-metal-roller-ball-plug-matte-gold-cap,False
GBSleek8MtlRollGlSh,GB-SLK-CLR-8ML-MRL-SGLD,Sleek,8.0,13-415,Metal Roller Ball,Glass Bottle,Clear,Shiny Gold,Screw Cap,https://www.bestbottles.com/product/sleek-design-8-ml-glass-bottle-metal-roller-ball-plug-shiny-gold-cap,False
GBSleek8MtlRollPinkDot,GB-SLK-CLR-8ML-MRL-PKDT,Sleek,8.0,13-415,Metal Roller Ball,Glass Bottle,Clear,Pink Dotted,Dot Cap,https://www.bestbottles.com/product/sleek-design-8-ml-glass-bottle-metal-roller-ball-plug-pink-cap-with-dots,False
GBSleek8MtlRollSlDot,GB-SLK-CLR-8ML-MRL-SLDT,Sleek,8.0,13-415,Metal Roller Ball,Glass Bottle,Clear,Silver Dotted,Dot Cap,https://www.bestbottles.com/product/sleek-design-8-ml-glass-bottle-metal-roller-ball-plug-silver-cap-with-dots,False
GBSleek8MtlRollSlMatt,GB-SLK-CLR-8ML-MRL-MSLV,Sleek,8.0,13-415,Metal Roller Ball,Glass Bottle,Clear,Matte Silver,Roll-On,https://www.bestbottles.com/product/sleek-design-8-ml-glass-bottle-metal-roller-ball-plug-matte-silver-cap,False
GBSleek8MtlRollSlSh,GB-SLK-CLR-8ML-MRL-SSLV,Sleek,8.0,13-415,Metal Roller Ball,Glass Bottle,Clear,Shiny Silver,Roll-On,https://www.bestbottles.com/product/sleek-design-8-ml-glass-bottle-metal-roller-ball-plug-shiny-silver-cap,False
GBSleek8RollBlkDot,GB-SLK-CLR-8ML-ROL-BKDT,Sleek,8.0,13-415,Plastic Roller Ball,Glass Bottle,Clear,Black Dotted,Dot Cap,https://www.bestbottles.com/product/sleek-design-8-ml-glass-bottle-plastic-roller-ball-plug-black-shiny-cap-with-dots,False
GBSleek8RollBlkSh,GB-SLK-CLR-8ML-ROL-SBLK,Sleek,8.0,13-415,Plastic Roller Ball,Glass Bottle,Clear,Shiny Black,Roll-On,https://www.bestbottles.com/product/sleek-design-8-ml-glass-bottle-plastic-roller-ball-plug-black-shiny-cap,False
GBSleek8RollCuMatt,GB-SLK-CLR-8ML-ROL-MCPR,Sleek,8.0,13-415,Plastic Roller Ball,Glass Bottle,Clear,Matte Copper,Roll-On,https://www.bestbottles.com/product/sleek-design-8-ml-glass-bottle-plastic-roller-ball-plug-matte-copper-cap,False
GBSleek8RollGlMatt,GB-SLK-CLR-8ML-ROL-MGLD,Sleek,8.0,13-415,Plastic Roller Ball,Glass Bottle,Clear,Matte Gold,Screw Cap,https://www.bestbottles.com/product/sleek-design-8-ml-glass-bottle-plastic-roller-ball-plug-matte-gold-cap,False
GBSleek8RollGlSh,GB-SLK-CLR-8ML-ROL-SGLD,Sleek,8.0,13-415,Plastic Roller Ball,Glass Bottle,Clear,Shiny Gold,Screw Cap,https://www.bestbottles.com/product/sleek-design-8-ml-glass-bottle-plastic-roller-ball-plug-shiny-gold-cap,False
GBSleek8RollPinkDot,GB-SLK-CLR-8ML-ROL-PKDT,Sleek,8.0,13-415,Plastic Roller Ball,Glass Bottle,Clear,Pink Dotted,Dot Cap,https://www.bestbottles.com/product/sleek-design-8-ml-glass-bottle-plastic-roller-ball-plug-pink-cap-with-dots,False
GBSleek8RollSlDot,GB-SLK-CLR-8ML-ROL-SLDT,Sleek,8.0,13-415,Plastic Roller Ball,Glass Bottle,Clear,Silver Dotted,Dot Cap,https://www.bestbottles.com/product/sleek-design-8-ml-glass-bottle-plastic-roller-ball-plug-silver-cap-with-dots,False
GBSleek8RollSlMatt,GB-SLK-CLR-8ML-ROL-MSLV,Sleek,8.0,13-415,Plastic Roller Ball,Glass Bottle,Clear,Matte Silver,Roll-On,https://www.bestbottles.com/product/sleek-design-8-ml-glass-bottle-plastic-roller-ball-plug-matte-silver-cap,False
GBSleek8RollSlSh,GB-SLK-CLR-8ML-ROL-SSLV,Sleek,8.0,13-415,Plastic Roller Ball,Glass Bottle,Clear,Shiny Silver,Roll-On,https://www.bestbottles.com/product/sleek-design-8-ml-glass-bottle-plastic-roller-ball-plug-shiny-silver-cap,False
GBSleek8Sl,GB-SLK-CLR-8ML-SLV-T,Sleek,8.0,13-415,,Glass Bottle,Clear,Silver,Tall,https://www.bestbottles.com/product/sleek-design-8-ml-glass-bottle-shiny-silver-cap,False
GBSleek8SpryBlkMatt,GB-SLK-CLR-8ML-SPR-MBLK,Sleek,8.0,13-415,Fine Mist Sprayer,Glass Bottle,Clear,Matte Black,Spray,https://www.bestbottles.com/product/sleek-design-8-ml-glass-bottle-matte-black-spray,False
GBSleek8SpryBlkSh,GB-SLK-CLR-8ML-SPR-SBLK,Sleek,8.0,13-415,Fine Mist Sprayer,Glass Bottle,Clear,Shiny Black,Spray,https://www.bestbottles.com/product/sleek-design-8-ml-glass-bottle-shiny-black-spray,False
GBSleek8SpryBluMatt,GB-SLK-CLR-8ML-SPR-MBLU,Sleek,8.0,13-415,Fine Mist Sprayer,Glass Bottle,Clear,Matte Blue,Spray,https://www.bestbottles.com/product/sleek-design-8-ml-glass-bottle-matte-blue-spray,False
GBSleek8SpryCuMatt,GB-SLK-CLR-8ML-SPR-MCPR,Sleek,8.0,13-415,Fine Mist Sprayer,Glass Bottle,Clear,Matte Copper,Spray,https://www.bestbottles.com/product/sleek-design-8-ml-glass-bottle-matte-copper-spray,False
GBSleek8SpryGlMatt,GB-SLK-CLR-8ML-SPR-MGLD,Sleek,8.0,13-415,Fine Mist Sprayer,Glass Bottle,Clear,Matte Gold,Spray,https://www.bestbottles.com/product/sleek-design-8-ml-glass-bottle-matte-gold-spray,False
GBSleek8SpryGlSh,GB-SLK-CLR-8ML-SPR-SGLD,Sleek,8.0,13-415,Fine Mist Sprayer,Glass Bottle,Clear,Shiny Gold,Spray,https://www.bestbottles.com/product/sleek-design-8-ml-glass-bottle-shiny-gold-spray,False
GBSleek8SprySlMatt,GB-SLK-CLR-8ML-SPR-MSLV,Sleek,8.0,13-415,Fine Mist Sprayer,Glass Bottle,Clear,Matte Silver,Spray,https://www.bestbottles.com/product/sleek-design-8-ml-glass-bottle-matte-silver-spray,False
GBSleek8SprySlSh,GB-SLK-CLR-8ML-SPR-SSLV,Sleek,8.0,13-415,Fine Mist Sprayer,Glass Bottle,Clear,Shiny Silver,Spray,https://www.bestbottles.com/product/sleek-design-8-ml-glass-bottle-shiny-silver-spray,False
GBSleek8WhtSht,GB-SLK-WHT-8ML-WHT-S,Sleek,8.0,13-415,,Glass Bottle,Clear,White,Short,https://www.bestbottles.com/product/sleek-design-8-ml-glass-bottle-short-white-cap,False
GBSqr15BlkSht,GB-SQR-CLR-15ML-S,Square,15.0,13-415,,Glass Bottle,Clear,Clear,Short,https://www.bestbottles.com/product/square-design-15-ml-glass-bottle-short-black-cap,False
GBSqr15Gl,GB-VIA-CLR-15ML-GLD-T-02,Square,15.0,13-415,,Glass Bottle,Clear,Gold,Tall,https://www.bestbottles.com/product/square-design-15-ml-glass-bottle-shiny-gold-cap,False
GBSqr15MtlRollBlkDot,GB-SQR-CLR-15ML-MRL-BKDT,Square,15.0,13-415,Metal Roller Ball,Glass Bottle,Clear,Black Dotted,Dot Cap,https://www.bestbottles.com/product/square-design-15-ml-glass-bottle-metal-roller-ball-plug-black-shiny-cap-with-dots,False
GBSqr15MtlRollBlkSh,GB-SQR-CLR-15ML-MRL-SBLK,Square,15.0,13-415,Metal Roller Ball,Glass Bottle,Clear,Shiny Black,Roll-On,https://www.bestbottles.com/product/square-design-15-ml-glass-bottle-metal-roller-ball-plug-black-shiny-cap,False
GBSqr15MtlRollCuMatt,GB-SQR-CLR-15ML-MRL-MCPR,Square,15.0,13-415,Metal Roller Ball,Glass Bottle,Clear,Matte Copper,Roll-On,https://www.bestbottles.com/product/square-design-15-ml-glass-bottle-metal-roller-ball-plug-matte-copper-cap,False
GBSqr15MtlRollGlMatt,GB-SQR-CLR-15ML-MRL-MGLD,Square,15.0,13-415,Metal Roller Ball,Glass Bottle,Clear,Matte Gold,Screw Cap,https://www.bestbottles.com/product/square-design-15-ml-glass-bottle-metal-roller-ball-plug-matte-gold-cap,False
GBSqr15MtlRollGlSh,GB-SQR-CLR-15ML-MRL-SGLD,Square,15.0,13-415,Metal Roller Ball,Glass Bottle,Clear,Shiny Gold,Screw Cap,https://www.bestbottles.com/product/square-design-15-ml-glass-bottle-metal-roller-ball-plug-shiny-gold-cap,False
GBSqr15MtlRollPinkDot,GB-SQR-CLR-15ML-MRL-PKDT,Square,15.0,13-415,Metal Roller Ball,Glass Bottle,Clear,Pink Dotted,Dot Cap,https://www.bestbottles.com/product/square-design-15-ml-glass-bottle-metal-roller-ball-plug-pink-cap-with-dots,False
GBSqr15MtlRollSlDot,GB-SQR-CLR-15ML-MRL-SLDT,Square,15.0,13-415,Metal Roller Ball,Glass Bottle,Clear,Silver Dotted,Dot Cap,https://www.bestbottles.com/product/square-design-15-ml-glass-bottle-metal-roller-ball-plug-silver-cap-with-dots,False
GBSqr15MtlRollSlMatt,GB-SQR-CLR-15ML-MRL-MSLV,Square,15.0,13-415,Metal Roller Ball,Glass Bottle,Clear,Matte Silver,Roll-On,https://www.bestbottles.com/product/square-design-15-ml-glass-bottle-metal-roller-ball-plug-matte-silver-cap,False
GBSqr15MtlRollSlSh,GB-SQR-CLR-15ML-MRL-SSLV,Square,15.0,13-415,Metal Roller Ball,Glass Bottle,Clear,Shiny Silver,Roll-On,https://www.bestbottles.com/product/square-design-15-ml-glass-bottle-metal-roller-ball-plug-shiny-silver-cap,False
GBSqr15RollBlkDot,GB-SQR-CLR-15ML-ROL-BKDT,Square,15.0,13-415,Plastic Roller Ball,Glass Bottle,Clear,Black Dotted,Dot Cap,https://www.bestbottles.com/product/square-design-15-ml-glass-bottle-plastic-roller-ball-plug-black-shiny-cap-with-dots,False
GBSqr15RollBlkSh,GB-SQR-CLR-15ML-ROL-SBLK,Square,15.0,13-415,Plastic Roller Ball,Glass Bottle,Clear,Shiny Black,Roll-On,https://www.bestbottles.com/product/square-design-15-ml-glass-bottle-plastic-roller-ball-plug-black-shiny-cap,False
GBSqr15RollCuMatt,GB-SQR-CLR-15ML-ROL-MCPR,Square,15.0,13-415,Plastic Roller Ball,Glass Bottle,Clear,Matte Copper,Roll-On,https://www.bestbottles.com/product/square-design-15-ml-glass-bottle-plastic-roller-ball-plug-matte-copper-cap,False
GBSqr15RollGlMatt,GB-SQR-CLR-15ML-ROL-MGLD,Square,15.0,13-415,Plastic Roller Ball,Glass Bottle,Clear,Matte Gold,Screw Cap,https://www.bestbottles.com/product/square-design-15-ml-glass-bottle-plastic-roller-ball-plug-matte-gold-cap,False
GBSqr15RollGlSh,GB-SQR-CLR-15ML-ROL-SGLD,Square,15.0,13-415,Plastic Roller Ball,Glass Bottle,Clear,Shiny Gold,Screw Cap,https://www.bestbottles.com/product/square-design-15-ml-glass-bottle-plastic-roller-ball-plug-shiny-gold-cap,False
GBSqr15RollPinkDot,GB-SQR-CLR-15ML-ROL-PKDT,Square,15.0,13-415,Plastic Roller Ball,Glass Bottle,Clear,Pink Dotted,Dot Cap,https://www.bestbottles.com/product/square-design-15-ml-glass-bottle-plastic-roller-ball-plug-pink-cap-with-dots,False
GBSqr15RollSlDot,GB-SQR-CLR-15ML-ROL-SLDT,Square,15.0,13-415,Plastic Roller Ball,Glass Bottle,Clear,Silver Dotted,Dot Cap,https://www.bestbottles.com/product/square-design-15-ml-glass-bottle-plastic-roller-ball-plug-silver-cap-with-dots,False
GBSqr15RollSlMatt,GB-SQR-CLR-15ML-ROL-MSLV,Square,15.0,13-415,Plastic Roller Ball,Glass Bottle,Clear,Matte Silver,Roll-On,https://www.bestbottles.com/product/square-design-15-ml-glass-bottle-plastic-roller-ball-plug-matte-silver-cap,False
GBSqr15RollSlSh,GB-SQR-CLR-15ML-ROL-SSLV,Square,15.0,13-415,Plastic Roller Ball,Glass Bottle,Clear,Shiny Silver,Roll-On,https://www.bestbottles.com/product/square-design-15-ml-glass-bottle-plastic-roller-ball-plug-shiny-silver-cap,False
GBSqr15Sl,GB-VIA-CLR-15ML-SLV-T-02,Square,15.0,13-415,,Glass Bottle,Clear,Silver,Tall,https://www.bestbottles.com/product/square-design-15-ml-glass-bottle-shiny-silver-cap,False
GBSqr15SpryBlkSh,GB-SQR-CLR-15ML-SPR-SBLK,Square,15.0,13-415,Fine Mist Sprayer,Glass Bottle,Clear,Shiny Black,Spray,https://www.bestbottles.com/product/square-design-15-ml-glass-bottle-shiny-black-spray,False
GBSqr15SpryBluMatt,GB-SQR-CLR-15ML-SPR-MBLU,Square,15.0,13-415,Fine Mist Sprayer,Glass Bottle,Clear,Matte Blue,Spray,https://www.bestbottles.com/product/square-design-15-ml-glass-bottle-matte-blue-spray,False
GBSqr15SpryCuMatt,GB-SQR-CLR-15ML-SPR-MCPR,Square,15.0,13-415,Fine Mist Sprayer,Glass Bottle,Clear,Matte Copper,Spray,https://www.bestbottles.com/product/square-design-15-ml-glass-bottle-matte-copper-spray,False
GBSqr15SpryGlMatt,GB-SQR-CLR-15ML-SPR-MGLD,Square,15.0,13-415,Fine Mist Sprayer,Glass Bottle,Clear,Matte Gold,Spray,https://www.bestbottles.com/product/square-design-15-ml-glass-bottle-matte-gold-spray,False
GBSqr15SpryGlSh,GB-SQR-CLR-15ML-SPR-SGLD,Square,15.0,13-415,Fine Mist Sprayer,Glass Bottle,Clear,Shiny Gold,Spray,https://www.bestbottles.com/product/square-design-15-ml-glass-bottle-shiny-gold-spray,False
GBSqr15SprySlMatt,GB-SQR-CLR-15ML-SPR-MSLV,Square,15.0,13-415,Fine Mist Sprayer,Glass Bottle,Clear,Matte Silver,Spray,https://www.bestbottles.com/product/square-design-15-ml-glass-bottle-matte-silver-spray,False
GBSqr15SprySlSh,GB-SQR-CLR-15ML-SPR-SSLV,Square,15.0,13-415,Fine Mist Sprayer,Glass Bottle,Clear,Shiny Silver,Spray,https://www.bestbottles.com/product/square-design-15-ml-glass-bottle-shiny-silver-spray,False
GBSqr15WhtSht,GB-VIA-WHT-15ML-WHT-S-02,Square,15.0,13-415,,Glass Bottle,Clear,White,Short,https://www.bestbottles.com/product/square-design-15-ml-glass-bottle-short-white-cap,False
GBTallCyl9WhtSht__RETIRED__GBTallCyl9WhtSht__kd74mjjja5crmqbxhpvhywx6rx85dhg9,GBTallCyl9WhtSht,Tall Cylinder,9.0,13-415,Cap/Closure,Glass Bottle,Clear,Short White,Short Cap,https://www.bestbottles.com/product/tall-cylinder-design-9-ml-glass-bottle-short-white-cap,True
GBTulipAmb5BlkSht,GB-DEC-AMB-5ML-S,Tulip,5.0,13-415,,Glass Bottle,Amber,Amber,Short,https://www.bestbottles.com/product/tulip-design-5-ml-amber-glass-bottle-short-black-cap,False
GBTulipAmb5Gl,GB-CYL-AMB-5ML-GLD-T,Tulip,5.0,13-415,,Glass Bottle,Amber,Gold,Tall,https://www.bestbottles.com/product/tulip-design-5-ml-amber-glass-bottle-shiny-gold-cap,False
GBTulipAmb5MtlRollBlkDot,GB-CYL-AMB-5ML-MRL-BKDT,Tulip,5.0,13-415,Metal Roller Ball,Glass Bottle,Amber,Black Dotted,Dot Cap,https://www.bestbottles.com/product/tulip-design-5-ml-amber-glass-bottle-metal-roller-ball-plug-black-shiny-cap-with-dots,False
GBTulipAmb5MtlRollBlkSh,GB-CYL-AMB-5ML-MRL-SBLK,Tulip,5.0,13-415,Metal Roller Ball,Glass Bottle,Amber,Shiny Black,Roll-On,https://www.bestbottles.com/product/tulip-design-5-ml-amber-glass-bottle-metal-roller-ball-plug-black-shiny-cap,False
GBTulipAmb5MtlRollCuMatt,GB-CYL-AMB-5ML-MRL-MCPR,Tulip,5.0,13-415,Metal Roller Ball,Glass Bottle,Amber,Matte Copper,Roll-On,https://www.bestbottles.com/product/tulip-design-5-ml-amber-glass-bottle-metal-roller-ball-plug-matte-copper-cap,False
GBTulipAmb5MtlRollGlMatt,GB-CYL-AMB-5ML-MRL-MGLD,Tulip,5.0,13-415,Metal Roller Ball,Glass Bottle,Amber,Matte Gold,Screw Cap,https://www.bestbottles.com/product/tulip-design-5-ml-amber-glass-bottle-metal-roller-ball-plug-matte-gold-cap,False
GBTulipAmb5MtlRollGlSh,GB-CYL-AMB-5ML-MRL-SGLD,Tulip,5.0,13-415,Metal Roller Ball,Glass Bottle,Amber,Shiny Gold,Screw Cap,https://www.bestbottles.com/product/tulip-design-5-ml-amber-glass-bottle-metal-roller-ball-plug-shiny-gold-cap,False
GBTulipAmb5MtlRollPinkDot,GB-CYL-AMB-5ML-MRL-PKDT,Tulip,5.0,13-415,Metal Roller Ball,Glass Bottle,Amber,Pink Dotted,Dot Cap,https://www.bestbottles.com/product/tulip-design-5-ml-amber-glass-bottle-metal-roller-ball-plug-pink-cap-with-dots,False
GBTulipAmb5MtlRollSlDot,GB-CYL-AMB-5ML-MRL-SLDT,Tulip,5.0,13-415,Metal Roller Ball,Glass Bottle,Amber,Silver Dotted,Dot Cap,https://www.bestbottles.com/product/tulip-design-5-ml-amber-glass-bottle-metal-roller-ball-plug-silver-cap-with-dots,False
GBTulipAmb5MtlRollSlMatt,GB-CYL-AMB-5ML-MRL-MSLV,Tulip,5.0,13-415,Metal Roller Ball,Glass Bottle,Amber,Matte Silver,Roll-On,https://www.bestbottles.com/product/tulip-design-5-ml-amber-glass-bottle-metal-roller-ball-plug-matte-silver-cap,False
GBTulipAmb5MtlRollSlSh,GB-CYL-AMB-5ML-MRL-SSLV,Tulip,5.0,13-415,Metal Roller Ball,Glass Bottle,Amber,Shiny Silver,Roll-On,https://www.bestbottles.com/product/tulip-design-5-ml-amber-glass-bottle-metal-roller-ball-plug-shiny-silver-cap,False
GBTulipAmb5RollBlkDot,GB-CYL-AMB-5ML-ROL-BKDT,Tulip,5.0,13-415,Plastic Roller Ball,Glass Bottle,Amber,Black Dotted,Dot Cap,https://www.bestbottles.com/product/tulip-design-5-ml-amber-glass-bottle-plastic-roller-ball-plug-black-shiny-cap-with-dots,False
GBTulipAmb5RollBlkSh,GB-CYL-AMB-5ML-ROL-SBLK,Tulip,5.0,13-415,Plastic Roller Ball,Glass Bottle,Amber,Shiny Black,Roll-On,https://www.bestbottles.com/product/tulip-design-5-ml-amber-glass-bottle-plastic-roller-ball-plug-black-shiny-cap,False
GBTulipAmb5RollCuMatt,GB-CYL-AMB-5ML-ROL-MCPR,Tulip,5.0,13-415,Plastic Roller Ball,Glass Bottle,Amber,Matte Copper,Roll-On,https://www.bestbottles.com/product/tulip-design-5-ml-amber-glass-bottle-plastic-roller-ball-plug-matte-copper-cap,False
GBTulipAmb5RollGlMatt,GB-CYL-AMB-5ML-ROL-MGLD,Tulip,5.0,13-415,Plastic Roller Ball,Glass Bottle,Amber,Matte Gold,Screw Cap,https://www.bestbottles.com/product/tulip-design-5-ml-amber-glass-bottle-plastic-roller-ball-plug-matte-gold-cap,False
GBTulipAmb5RollGlSh,GB-CYL-AMB-5ML-ROL-SGLD,Tulip,5.0,13-415,Plastic Roller Ball,Glass Bottle,Amber,Shiny Gold,Screw Cap,https://www.bestbottles.com/product/tulip-design-5-ml-amber-glass-bottle-plastic-roller-ball-plug-shiny-gold-cap,False
GBTulipAmb5RollPinkDot,GB-CYL-AMB-5ML-ROL-PKDT,Tulip,5.0,13-415,Plastic Roller Ball,Glass Bottle,Amber,Pink Dotted,Dot Cap,https://www.bestbottles.com/product/tulip-design-5-ml-amber-glass-bottle-plastic-roller-ball-plug-pink-cap-with-dots,False
GBTulipAmb5RollSlDot,GB-CYL-AMB-5ML-ROL-SLDT,Tulip,5.0,13-415,Plastic Roller Ball,Glass Bottle,Amber,Silver Dotted,Dot Cap,https://www.bestbottles.com/product/tulip-design-5-ml-amber-glass-bottle-plastic-roller-ball-plug-silver-cap-with-dots,False
GBTulipAmb5RollSlMatt,GB-CYL-AMB-5ML-ROL-MSLV,Tulip,5.0,13-415,Plastic Roller Ball,Glass Bottle,Amber,Matte Silver,Roll-On,https://www.bestbottles.com/product/tulip-design-5-ml-amber-glass-bottle-plastic-roller-ball-plug-matte-silver-cap,False
GBTulipAmb5RollSlSh,GB-CYL-AMB-5ML-ROL-SSLV,Tulip,5.0,13-415,Plastic Roller Ball,Glass Bottle,Amber,Shiny Silver,Roll-On,https://www.bestbottles.com/product/tulip-design-5-ml-amber-glass-bottle-plastic-roller-ball-plug-shiny-silver-cap,False
GBTulipAmb5Sl,GB-CYL-AMB-5ML-SLV-T,Tulip,5.0,13-415,,Glass Bottle,Amber,Silver,Tall,https://www.bestbottles.com/product/tulip-design-5-ml-amber-glass-bottle-shiny-silver-cap,False
GBTulipAmb5SpryBlkMatt,GB-CYL-AMB-5ML-SPR-MBLK,Tulip,5.0,13-415,Fine Mist Sprayer,Glass Bottle,Amber,Matte Black,Spray,https://www.bestbottles.com/product/tulip-design-5-ml-amber-glass-bottle-matte-black-spray,False
GBTulipAmb5SpryBlkSh,GB-CYL-AMB-5ML-SPR-SBLK,Tulip,5.0,13-415,Fine Mist Sprayer,Glass Bottle,Amber,Shiny Black,Spray,https://www.bestbottles.com/product/tulip-design-5-ml-amber-glass-bottle-shiny-black-spray,False
GBTulipAmb5SpryBluMatt,GB-CYL-AMB-5ML-SPR-MBLU,Tulip,5.0,13-415,Fine Mist Sprayer,Glass Bottle,Amber,Matte Blue,Spray,https://www.bestbottles.com/product/tulip-design-5-ml-amber-glass-bottle-matte-blue-spray,False
GBTulipAmb5SpryCuMatt,GB-CYL-AMB-5ML-SPR-MCPR,Tulip,5.0,13-415,Fine Mist Sprayer,Glass Bottle,Amber,Matte Copper,Spray,https://www.bestbottles.com/product/tulip-design-5-ml-amber-glass-bottle-matte-copper-spray,False
GBTulipAmb5SpryGlMatt,GB-CYL-AMB-5ML-SPR-MGLD,Tulip,5.0,13-415,Fine Mist Sprayer,Glass Bottle,Amber,Matte Gold,Spray,https://www.bestbottles.com/product/tulip-design-5-ml-amber-glass-bottle-matte-gold-spray,False
GBTulipAmb5SpryGlSh,GB-CYL-AMB-5ML-SPR-SGLD,Tulip,5.0,13-415,Fine Mist Sprayer,Glass Bottle,Amber,Shiny Gold,Spray,https://www.bestbottles.com/product/tulip-design-5-ml-amber-glass-bottle-shiny-gold-spray,False
GBTulipAmb5SprySlMatt,GB-CYL-AMB-5ML-SPR-MSLV,Tulip,5.0,13-415,Fine Mist Sprayer,Glass Bottle,Amber,Matte Silver,Spray,https://www.bestbottles.com/product/tulip-design-5-ml-amber-glass-bottle-matte-silver-spray,False
GBTulipAmb5SprySlSh,GB-CYL-AMB-5ML-SPR-SSLV,Tulip,5.0,13-415,Fine Mist Sprayer,Glass Bottle,Amber,Shiny Silver,Spray,https://www.bestbottles.com/product/tulip-design-5-ml-amber-glass-bottle-shiny-silver-spray,False
GBTulipAmb5WhtSht,GB-CYL-AMB-5ML-WHT-S,Tulip,5.0,13-415,,Glass Bottle,Amber,White,Short,https://www.bestbottles.com/product/tulip-design-5-ml-amber-glass-bottle-short-white-cap,False
GBTulip6BlkShSht,GB-TUL-CLR-6ML-CAP-SBLK,Tulip,6.0,13-415,N/A,Glass Bottle,Clear,Clear,Short,https://www.bestbottles.com/product/tulip-design-6ml-bottle-short-shiny-black-cap,False
GBTulip6BlkSht,GB-DEC-CLR-6ML-S,Tulip,6.0,13-415,,Glass Bottle,Clear,Clear,Short,https://www.bestbottles.com/product/tulip-design-6ml-bottle-short-black-cap,False
GBTulip6Gl,GB-CYL-CLR-6ML-GLD-T,Tulip,6.0,13-415,,Glass Bottle,Clear,Gold,Tall,https://www.bestbottles.com/product/tulip-design-6ml-bottle-shiny-gold-cap,False
GBTulip6MtlRollBlkDot,GB-CYL-CLR-6ML-MRL-BKDT,Tulip,6.0,13-415,Metal Roller Ball,Glass Bottle,Clear,Black Dotted,Dot Cap,https://www.bestbottles.com/product/tulip-design-6ml-bottle-metal-roller-ball-plug-black-shiny-cap-with-dots,False
GBTulip6MtlRollBlkSh,GB-CYL-CLR-6ML-MRL-SBLK,Tulip,6.0,13-415,Metal Roller Ball,Glass Bottle,Clear,Shiny Black,Roll-On,https://www.bestbottles.com/product/tulip-design-6ml-bottle-metal-roller-ball-plug-black-shiny-cap,False
GBTulip6MtlRollCuMatt,GB-CYL-CLR-6ML-MRL-MCPR,Tulip,6.0,13-415,Metal Roller Ball,Glass Bottle,Clear,Matte Copper,Roll-On,https://www.bestbottles.com/product/tulip-design-6ml-bottle-metal-roller-ball-plug-matte-copper-cap,False
GBTulip6MtlRollGlMatt,GB-CYL-CLR-6ML-MRL-MGLD,Tulip,6.0,13-415,Metal Roller Ball,Glass Bottle,Clear,Matte Gold,Screw Cap,https://www.bestbottles.com/product/tulip-design-6ml-bottle-metal-roller-ball-plug-matte-gold-cap,False
GBTulip6MtlRollGlSh,GB-CYL-CLR-6ML-MRL-SGLD,Tulip,6.0,13-415,Metal Roller Ball,Glass Bottle,Clear,Shiny Gold,Screw Cap,https://www.bestbottles.com/product/tulip-design-6ml-bottle-metal-roller-ball-plug-shiny-gold-cap,False
GBTulip6MtlRollPinkDot,GB-CYL-CLR-6ML-MRL-PKDT,Tulip,6.0,13-415,Metal Roller Ball,Glass Bottle,Clear,Pink Dotted,Dot Cap,https://www.bestbottles.com/product/tulip-design-6ml-bottle-metal-roller-ball-plug-pink-cap-with-dots,False
GBTulip6MtlRollSlDot,GB-CYL-CLR-6ML-MRL-SLDT,Tulip,6.0,13-415,Metal Roller Ball,Glass Bottle,Clear,Silver Dotted,Dot Cap,https://www.bestbottles.com/product/tulip-design-6ml-bottle-metal-roller-ball-plug-silver-cap-with-dots,False
GBTulip6MtlRollSlMatt,GB-CYL-CLR-6ML-MRL-MSLV,Tulip,6.0,13-415,Metal Roller Ball,Glass Bottle,Clear,Matte Silver,Roll-On,https://www.bestbottles.com/product/tulip-design-6ml-bottle-metal-roller-ball-plug-matte-silver-cap,False
GBTulip6MtlRollSlSh,GB-CYL-CLR-6ML-MRL-SSLV,Tulip,6.0,13-415,Metal Roller Ball,Glass Bottle,Clear,Shiny Silver,Roll-On,https://www.bestbottles.com/product/tulip-design-6ml-bottle-metal-roller-ball-plug-shiny-silver-cap,False
GBTulip6RollBlkDot,GB-CYL-CLR-6ML-ROL-BKDT,Tulip,6.0,13-415,Plastic Roller Ball,Glass Bottle,Clear,Black Dotted,Dot Cap,https://www.bestbottles.com/product/tulip-design-6ml-bottle-plastic-roller-ball-plug-black-shiny-cap-with-dots,False
GBTulip6RollBlkSh,GB-CYL-CLR-6ML-ROL-SBLK,Tulip,6.0,13-415,Plastic Roller Ball,Glass Bottle,Clear,Shiny Black,Roll-On,https://www.bestbottles.com/product/tulip-design-6ml-bottle-plastic-roller-ball-plug-black-shiny-cap,False
GBTulip6RollCuMatt,GB-CYL-CLR-6ML-ROL-MCPR,Tulip,6.0,13-415,Plastic Roller Ball,Glass Bottle,Clear,Matte Copper,Roll-On,https://www.bestbottles.com/product/tulip-design-6ml-bottle-plastic-roller-ball-plug-matte-copper-cap,False
GBTulip6RollGlMatt,GB-CYL-CLR-6ML-ROL-MGLD,Tulip,6.0,13-415,Plastic Roller Ball,Glass Bottle,Clear,Matte Gold,Screw Cap,https://www.bestbottles.com/product/tulip-design-6ml-bottle-plastic-roller-ball-plug-matte-gold-cap,False
GBTulip6RollGlSh,GB-CYL-CLR-6ML-ROL-SGLD,Tulip,6.0,13-415,Plastic Roller Ball,Glass Bottle,Clear,Shiny Gold,Screw Cap,https://www.bestbottles.com/product/tulip-design-6ml-bottle-plastic-roller-ball-plug-shiny-gold-cap,False
GBTulip6RollPinkDot,GB-CYL-CLR-6ML-ROL-PKDT,Tulip,6.0,13-415,Plastic Roller Ball,Glass Bottle,Clear,Pink Dotted,Dot Cap,https://www.bestbottles.com/product/tulip-design-6ml-bottle-plastic-roller-ball-plug-pink-cap-with-dots,False
GBTulip6RollSlDot,GB-CYL-CLR-6ML-ROL-SLDT,Tulip,6.0,13-415,Plastic Roller Ball,Glass Bottle,Clear,Silver Dotted,Dot Cap,https://www.bestbottles.com/product/tulip-design-6ml-bottle-plastic-roller-ball-plug-silver-cap-with-dots,False
GBTulip6RollSlMatt,GB-CYL-CLR-6ML-ROL-MSLV,Tulip,6.0,13-415,Plastic Roller Ball,Glass Bottle,Clear,Matte Silver,Roll-On,https://www.bestbottles.com/product/tulip-design-6ml-bottle-plastic-roller-ball-plug-matte-silver-cap,False
GBTulip6RollSlSh,GB-CYL-CLR-6ML-ROL-SSLV,Tulip,6.0,13-415,Plastic Roller Ball,Glass Bottle,Clear,Shiny Silver,Roll-On,https://www.bestbottles.com/product/tulip-design-6ml-bottle-plastic-roller-ball-plug-shiny-silver-cap,False
GBTulip6Sl,GB-CYL-CLR-6ML-SLV-T,Tulip,6.0,13-415,,Glass Bottle,Clear,Silver,Tall,https://www.bestbottles.com/product/tulip-design-6ml-bottle-shiny-silver-cap,False
GBTulip6SpryBlkSh,GB-CYL-CLR-6ML-SPR-SBLK,Tulip,6.0,13-415,Fine Mist Sprayer,Glass Bottle,Clear,Shiny Black,Spray,https://www.bestbottles.com/product/tulip-design-6ml-bottle-shiny-black-spray,False
GBTulip6SpryBluMatt,GB-CYL-CLR-6ML-SPR-MBLU,Tulip,6.0,13-415,Fine Mist Sprayer,Glass Bottle,Clear,Matte Blue,Spray,https://www.bestbottles.com/product/tulip-design-6ml-bottle-matte-blue-spray,False
GBTulip6SpryCuMatt,GB-CYL-CLR-6ML-SPR-MCPR,Tulip,6.0,13-415,Fine Mist Sprayer,Glass Bottle,Clear,Matte Copper,Spray,https://www.bestbottles.com/product/tulip-design-6ml-bottle-matte-copper-spray,False
GBTulip6SpryGlMatt,GB-CYL-CLR-6ML-SPR-MGLD,Tulip,6.0,13-415,Fine Mist Sprayer,Glass Bottle,Clear,Matte Gold,Spray,https://www.bestbottles.com/product/tulip-design-6ml-bottle-matte-gold-spray,False
GBTulip6SpryGlSh,GB-CYL-CLR-6ML-SPR-SGLD,Tulip,6.0,13-415,Fine Mist Sprayer,Glass Bottle,Clear,Shiny Gold,Spray,https://www.bestbottles.com/product/tulip-design-6ml-bottle-shiny-gold-spray,False
GBTulip6SprySlMatt,GB-CYL-CLR-6ML-SPR-MSLV,Tulip,6.0,13-415,Fine Mist Sprayer,Glass Bottle,Clear,Matte Silver,Spray,https://www.bestbottles.com/product/tulip-design-6ml-bottle-matte-silver-spray,False
GBTulip6SprySlSh,GB-CYL-CLR-6ML-SPR-SSLV,Tulip,6.0,13-415,Fine Mist Sprayer,Glass Bottle,Clear,Shiny Silver,Spray,https://www.bestbottles.com/product/tulip-design-6ml-bottle-shiny-silver-spray,False
GBTulip6WhtSht,GB-CYL-WHT-6ML-WHT-S,Tulip,6.0,13-415,,Glass Bottle,Clear,White,Short,https://www.bestbottles.com/product/tulip-design-6ml-bottle-short-white-cap,False
