graceSku,websiteSku,family,itemName,color,capacity,coverageSource,coverageEvidenceUrl,referencePath
GB-RYL-CLR-13ML-ROL-SLDT,GBRoyal13RollSlDot,Royal,"Royal design 13ml, 1/2oz Clear glass bottle with plastic roller ball plug and silver cap with dots. For use with perfume or fragrance oil, essential oils, aromatic oils and aromatherapy. Refillable, classic style bottle good for promotions and decants. Pr",Clear,13 ml (0.44 oz),madison_generated_evidence,https://likkskifwsrvszxdvufw.supabase.co/storage/v1/object/public/generated-images/best-bottles/local-generation/reference-backed-clear-remaining-batch-001-nb2-2026-06-09/cap-on/GB-RYL-CLR-13ML-ROL-SLDT.png,
LB-CIR-CLR-100ML-LPM-COCP,LBCrcl100LtnClOvrCap,Circle,"Circle design 100 ml, 3 1/2oz clear glass bottle with with a matte silver collar treatment pump and clear overcap. For use with serums, light creams, moisturizers, facial oils or face oils, beard oils, body lotions, body wash, and hair products. Circle de",Clear,100 ml (3.38 oz),madison_generated_evidence,https://likkskifwsrvszxdvufw.supabase.co/storage/v1/object/public/generated-images/4ab1ac72-cd7e-4faf-9152-5aa5f2862411/d4cd4ae9-a9a8-4ea6-ab6f-fd1e19078e5e/paper-doll/master_corrected_1779527035625_ec59ln.png,
GB-RND-FRS-78ML-RDC-MSLV-T,GBRndFrst78RdcrMtSlTall,Round,"Round design 78 ml, 2.65oz frosted glass bottle with reducer and tall silver matte cap. For use with cologne, aftershave, splash on, and perfume or fragrance oil, beard oils. Round design bottle is available in 2 sizes - 78ml and 128 ml. Price each",Frosted,78 ml (2.64 oz),madison_generated_evidence,https://likkskifwsrvszxdvufw.supabase.co/storage/v1/object/public/generated-images/4ab1ac72-cd7e-4faf-9152-5aa5f2862411/d4cd4ae9-a9a8-4ea6-ab6f-fd1e19078e5e/best-bottles/reference-imports/Round/GB-RND-FRS-78ML-RDC-MSLV-T_1779532318771_k6nlas.png,
GB-RND-FRS-128ML-ASP-RED,GBRndFrst128AnSpRed,Round,"Round design 128 ml, 4.33oz frosted glass bottle with red vintage style bulb sprayer with shiny silver collar cap. For use with cologne, Eau de Parfum, air freshner, face and body spray, or room spray.  Antique or vintage bulb sprayers enhance the beauty",Frosted,128 ml (4.33 oz),madison_generated_evidence,https://likkskifwsrvszxdvufw.supabase.co/storage/v1/object/public/generated-images/4ab1ac72-cd7e-4faf-9152-5aa5f2862411/d4cd4ae9-a9a8-4ea6-ab6f-fd1e19078e5e/best-bottles/reference-imports/Round/GB-RND-FRS-128ML-ASP-RED_1779532381920_7k4a97.png,
LB-ELG-FRS-100ML-LPM-MGLD,LBElgFrst100LtnMtGl,Elegant,"Elegant design 100 ml, 3 1/2oz frosted glass bottle with matte gold lotion pump. For use with serums, light creams, moisturizers, facial oils or face oils, beard oils, body lotions, body wash, and hair products. Elegant bottle is a family of bottles avail",Frosted,100 ml (3.38 oz),madison_generated_evidence,https://likkskifwsrvszxdvufw.supabase.co/storage/v1/object/public/generated-images/4ab1ac72-cd7e-4faf-9152-5aa5f2862411/d4cd4ae9-a9a8-4ea6-ab6f-fd1e19078e5e/best-bottles/reference-imports/Elegant/LB-ELG-FRS-100ML-LPM-MGLD_1779482824690_5z4a7b.png,
LB-CIR-FRS-100ML-LPM-COCP,LBCrclFrst100LtnClOvrCap,Circle,"Circle design 100 ml, 3 1/2oz frosted glass bottle with with a matte silver collar treatment pump and clear overcap. For use with serums, light creams, moisturizers, facial oils or face oils, beard oils, body lotions, body wash, and hair products. Circle",Frosted,100 ml (3.38 oz),madison_generated_evidence,https://likkskifwsrvszxdvufw.supabase.co/storage/v1/object/public/generated-images/4ab1ac72-cd7e-4faf-9152-5aa5f2862411/d4cd4ae9-a9a8-4ea6-ab6f-fd1e19078e5e/best-bottles/reference-imports/Circle/LB-CIR-FRS-100ML-LPM-COCP_1779525206447_9r5102.png,
GB-RYL-CLR-13ML-ROL-MSLV,GBRoyal13RollSlMatt,Royal,"Royal design 13ml, 1/2oz Clear glass bottle with plastic roller ball plug and matte silver cap. For use with perfume or fragrance oil, essential oils, aromatic oils and aromatherapy. Refillable, classic style bottle good for promotions and decants. Price",Clear,13 ml (0.44 oz),madison_generated_evidence,https://likkskifwsrvszxdvufw.supabase.co/storage/v1/object/public/generated-images/4ab1ac72-cd7e-4faf-9152-5aa5f2862411/best-bottles/reference-images/GB-RYL-CLR-13ML-ROL-MSLV__GBRoyal13RollSlMatt__pdp-main__v001.png,
GB-RND-FRS-78ML-RDC-MSLV,GBRndFrst78RdcrMtSl,Round,"Round design 78 ml, 2.65oz frosted glass bottle with reducer and silver matte cap. For use with cologne, aftershave, splash on, and perfume or fragrance oil, beard oils. Round design bottle is available in 2 sizes - 78ml and 128 ml. Price each",Frosted,78 ml (2.64 oz),madison_generated_evidence,https://likkskifwsrvszxdvufw.supabase.co/storage/v1/object/public/generated-images/4ab1ac72-cd7e-4faf-9152-5aa5f2862411/d4cd4ae9-a9a8-4ea6-ab6f-fd1e19078e5e/best-bottles/reference-imports/Round/GB-RND-FRS-78ML-RDC-MSLV_1779532325262_ur3x7q.png,
GB-SQR-CLR-15ML-MRL-SBLK,GBSqr15MtlRollBlkSh,Square,"Square design 15ml, 1/2oz Clear glass bottle with metal roller ball plug and black shiny cap. For use with perfume or fragrance oil, essential oils, aromatic oils and aromatherapy. Refillable, classic style bottle good for promotions and decants. Price ea",Clear,15 ml (0.51 oz),madison_generated_evidence,https://likkskifwsrvszxdvufw.supabase.co/storage/v1/object/public/generated-images/4ab1ac72-cd7e-4faf-9152-5aa5f2862411/best-bottles/reference-images/GB-SQR-CLR-15ML-MRL-SBLK__GBSqr15MtlRollBlkSh__pdp-main__v001.png,
GB-RND-FRS-128ML-ASP-MSLV,GBRndFrst128AnSpMtSl,Round,"Round design 128 ml, 4.33oz frosted glass bottle with matte silver vintage style sprayer with matte silver collar cap. For use with cologne, Eau de Parfum, air freshner, face and body spray, or room spray.  Antique or vintage bulb sprayers enhance the bea",Frosted,128 ml (4.33 oz),madison_generated_evidence,https://likkskifwsrvszxdvufw.supabase.co/storage/v1/object/public/generated-images/4ab1ac72-cd7e-4faf-9152-5aa5f2862411/d4cd4ae9-a9a8-4ea6-ab6f-fd1e19078e5e/best-bottles/reference-imports/Round/GB-RND-FRS-128ML-ASP-MSLV_1779532373102_yulpff.png,
LB-ELG-FRS-100ML-LPM-SGLD,LBElgFrst100LtnShnGl,Elegant,"Elegant design 100 ml, 3 1/2oz frosted glass bottle with shiny gold lotion pump. For use with serums, light creams, moisturizers, facial oils or face oils, beard oils, body lotions, body wash, and hair products. Elegant bottle is a family of bottles avail",Frosted,100 ml (3.38 oz),madison_generated_evidence,https://likkskifwsrvszxdvufw.supabase.co/storage/v1/object/public/generated-images/4ab1ac72-cd7e-4faf-9152-5aa5f2862411/d4cd4ae9-a9a8-4ea6-ab6f-fd1e19078e5e/best-bottles/reference-imports/Elegant/LB-ELG-FRS-100ML-LPM-SGLD_1779482822537_l1jj4h.png,
GB-RND-FRS-78ML-RDC-WHT,GBRndFrst78RdcrWht,Round,"Round design 78 ml, 2.65oz frosted glass bottle with reducer and white cap. For use with cologne, aftershave, splash on, and perfume or fragrance oil, beard oils. Round design bottle is available in 2 sizes - 78ml and 128 ml. Price each",Frosted,78 ml (2.64 oz),madison_generated_evidence,https://likkskifwsrvszxdvufw.supabase.co/storage/v1/object/public/generated-images/4ab1ac72-cd7e-4faf-9152-5aa5f2862411/d4cd4ae9-a9a8-4ea6-ab6f-fd1e19078e5e/best-bottles/reference-imports/Round/GB-RND-FRS-78ML-RDC-WHT_1779532330358_e3fszx.png,
GB-RYL-CLR-13ML-ROL-SSLV,GBRoyal13RollSlSh,Royal,"Royal design 13ml, 1/2oz Clear glass bottle with plastic roller ball plug and shiny silver cap. For use with perfume or fragrance oil, essential oils, aromatic oils and aromatherapy. Refillable, classic style bottle good for promotions and decants. Price",Clear,13 ml (0.44 oz),madison_generated_evidence,https://likkskifwsrvszxdvufw.supabase.co/storage/v1/object/public/generated-images/best-bottles/local-generation/reference-backed-clear-remaining-batch-001-nb2-2026-06-09/cap-on/GB-RYL-CLR-13ML-ROL-SSLV.png,
GB-SQR-CLR-15ML-MRL-MCPR,GBSqr15MtlRollCuMatt,Square,"Square design 15ml, 1/2oz Clear glass bottle with metal roller ball plug and matte copper cap. For use with perfume or fragrance oil, essential oils, aromatic oils and aromatherapy. Refillable, classic style bottle good for promotions and decants. Price e",Clear,15 ml (0.51 oz),madison_generated_evidence,https://likkskifwsrvszxdvufw.supabase.co/storage/v1/object/public/generated-images/4ab1ac72-cd7e-4faf-9152-5aa5f2862411/best-bottles/reference-images/GB-SQR-CLR-15ML-MRL-MCPR__GBSqr15MtlRollCuMatt__pdp-main__v001.png,
GB-RND-FRS-128ML-ASP-WHT,GBRndFrst128AnSpWht,Round,"Round design 128 ml, 4.33oz frosted glass bottle with white vintage style bulb sprayer with shiny silver collar cap. For use with cologne, Eau de Parfum, air freshner, face and body spray, or room spray.  Antique or vintage bulb sprayers enhance the beaut",Frosted,128 ml (4.33 oz),madison_generated_evidence,https://likkskifwsrvszxdvufw.supabase.co/storage/v1/object/public/generated-images/4ab1ac72-cd7e-4faf-9152-5aa5f2862411/d4cd4ae9-a9a8-4ea6-ab6f-fd1e19078e5e/best-bottles/reference-imports/Round/GB-RND-FRS-128ML-ASP-WHT_1779532395078_oogfvt.png,
LB-ELG-FRS-100ML-LPM-SBLK,LBElgFrst100LtnShnBlk,Elegant,"Elegant design 100 ml, 3 1/2oz frosted glass bottle with shiny black lotion pump. For use with serums, light creams, moisturizers, facial oils or face oils, beard oils, body lotions, body wash, and hair products. Elegant bottle is a family of bottles avai",Frosted,100 ml (3.38 oz),madison_generated_evidence,https://likkskifwsrvszxdvufw.supabase.co/storage/v1/object/public/generated-images/4ab1ac72-cd7e-4faf-9152-5aa5f2862411/d4cd4ae9-a9a8-4ea6-ab6f-fd1e19078e5e/best-bottles/reference-imports/Elegant/LB-ELG-FRS-100ML-LPM-SBLK_1779482829011_ktk292.png,
GB-RND-FRS-78ML-RDC-IVLT,GBRndFrst78RdcrIvyLthr,Round,"Round design 78 ml, 2.65oz frosted glass bottle with reducer and ivory faux leather cap. For use with cologne, aftershave, splash on, and perfume or fragrance oil, beard oils. Round design bottle is available in 2 sizes - 78ml and 128 ml. Price each",Frosted,78 ml (2.64 oz),madison_generated_evidence,https://likkskifwsrvszxdvufw.supabase.co/storage/v1/object/public/generated-images/4ab1ac72-cd7e-4faf-9152-5aa5f2862411/d4cd4ae9-a9a8-4ea6-ab6f-fd1e19078e5e/best-bottles/reference-imports/Round/GB-RND-FRS-78ML-RDC-IVLT_1779532324417_hu478m.png,
GB-CIR-CLR-15ML-ROL-SBLK,GBCrcl15RollBlkSh,Circle,"Circle design 15ml, 1/2oz Clear glass bottle with plastic roller ball plug and black shiny cap. For use with perfume or fragrance oil, essential oils, aromatic oils and aromatherapy. Refillable, classic style bottle good for promotions and decants. Price",Clear,15 ml (0.51 oz),madison_generated_evidence,https://likkskifwsrvszxdvufw.supabase.co/storage/v1/object/public/generated-images/best-bottles/local-generation/reference-backed-clear-remaining-batch-001-nb2-2026-06-09/cap-on/GB-CIR-CLR-15ML-ROL-SBLK.png,
GB-SQR-CLR-15ML-MRL-MGLD,GBSqr15MtlRollGlMatt,Square,"Square design 15ml, 1/2oz Clear glass bottle with metal roller ball plug and matte gold cap. For use with perfume or fragrance oil, essential oils, aromatic oils and aromatherapy. Refillable, classic style bottle good for promotions and decants. Price eac",Clear,15 ml (0.51 oz),madison_generated_evidence,https://likkskifwsrvszxdvufw.supabase.co/storage/v1/object/public/generated-images/4ab1ac72-cd7e-4faf-9152-5aa5f2862411/best-bottles/reference-images/GB-SQR-CLR-15ML-MRL-MGLD__GBSqr15MtlRollGlMatt__pdp-main__v001.png,
GB-SLK-CLR-50ML-ASP-LVN,GBSlk50AnSpLvn,Sleek,"Sleek design 50 ml, 1.7oz  clear glass bottle  with lavender vintage style bulb sprayer with shiny silver collar cap. For use with cologne, Eau de Parfum, air freshner, face and body spray, or room spray.  Antique or vintage bulb sprayers enhance the beau",Clear,50 ml (1.69 oz),madison_generated_evidence,https://likkskifwsrvszxdvufw.supabase.co/storage/v1/object/public/generated-images/best-bottles/local-generation/reference-backed-clear-remaining-batch-001-nb2-2026-06-09/cap-on/GB-SLK-CLR-50ML-ASP-LVN.png,
GB-RND-FRS-128ML-ASP-08,GBRndFrst128AnSpTslRed,Round,"Round design 128 ml, 4.33oz frosted glass bottle with Red vintage style bulb sprayer with tasseland shiny silver collar cap. For use with cologne, Eau de Parfum, air freshner, face and body spray, or room spray.  Antique or vintage bulb sprayers enhance t",Frosted,128 ml (4.33 oz),madison_generated_evidence,https://likkskifwsrvszxdvufw.supabase.co/storage/v1/object/public/generated-images/4ab1ac72-cd7e-4faf-9152-5aa5f2862411/d4cd4ae9-a9a8-4ea6-ab6f-fd1e19078e5e/best-bottles/reference-imports/Round/GB-RND-FRS-128ML-ASP-08_1779532376778_kziay2.png,
LB-ELG-FRS-100ML-LPM-MSLV,LBElgFrst100LtnMtSl,Elegant,"Elegant design 100 ml, 3 1/2oz frosted glass bottle with matte silver lotion pump. For use with serums, light creams, moisturizers, facial oils or face oils, beard oils, body lotions, body wash, and hair products. Elegant bottle is a family of bottles ava",Frosted,100 ml (3.38 oz),madison_generated_evidence,https://likkskifwsrvszxdvufw.supabase.co/storage/v1/object/public/generated-images/4ab1ac72-cd7e-4faf-9152-5aa5f2862411/d4cd4ae9-a9a8-4ea6-ab6f-fd1e19078e5e/best-bottles/reference-imports/Elegant/LB-ELG-FRS-100ML-LPM-MSLV_1779482834079_wfqbeq.png,
LB-ELG-CLR-100ML-LPM-COCP,LBElg100LtnClOvrCap,Elegant,"Elegant design 100 ml, 3 1/2oz clear glass bottle with with a matte silver collar treatment pump and clear overcap. For use with serums, light creams, moisturizers, facial oils or face oils, beard oils, body lotions, body wash, and hair products. Elegant",Clear,100 ml (3.38 oz),madison_generated_evidence,https://likkskifwsrvszxdvufw.supabase.co/storage/v1/object/public/generated-images/4ab1ac72-cd7e-4faf-9152-5aa5f2862411/d4cd4ae9-a9a8-4ea6-ab6f-fd1e19078e5e/paper-doll/master_corrected_1779596741492_v229hm.png,
GB-RND-FRS-78ML-RDC-PKLT,GBRndFrst78RdcrPnkLthr,Round,"Round design 78 ml, 2.65oz frosted glass bottle with reducer and pink faux leather cap. For use with cologne, aftershave, splash on, and perfume or fragrance oil, beard oils. Round design bottle is available in 2 sizes - 78ml and 128 ml. Price each",Frosted,78 ml (2.64 oz),madison_generated_evidence,https://likkskifwsrvszxdvufw.supabase.co/storage/v1/object/public/generated-images/4ab1ac72-cd7e-4faf-9152-5aa5f2862411/d4cd4ae9-a9a8-4ea6-ab6f-fd1e19078e5e/best-bottles/reference-imports/Round/GB-RND-FRS-78ML-RDC-PKLT_1779532334966_edyqln.png,
GB-CIR-CLR-15ML-ROL-MCPR,GBCrcl15RollCuMatt,Circle,"Circle design 15ml, 1/2oz Clear glass bottle with plastic roller ball plug and matte copper cap. For use with perfume or fragrance oil, essential oils, aromatic oils and aromatherapy. Refillable, classic style bottle good for promotions and decants. Price",Clear,15 ml (0.51 oz),madison_generated_evidence,https://likkskifwsrvszxdvufw.supabase.co/storage/v1/object/public/generated-images/4ab1ac72-cd7e-4faf-9152-5aa5f2862411/best-bottles/reference-images/GB-CIR-CLR-15ML-ROL-MCPR__GBCrcl15RollCuMatt__pdp-main__v001.png,
GB-SQR-CLR-15ML-MRL-SGLD,GBSqr15MtlRollGlSh,Square,"Square design 15ml, 1/2oz Clear glass bottle with metal roller ball plug and shiny gold cap. For use with perfume or fragrance oil, essential oils, aromatic oils and aromatherapy. Refillable, classic style bottle good for promotions and decants. Price eac",Clear,15 ml (0.51 oz),madison_generated_evidence,https://likkskifwsrvszxdvufw.supabase.co/storage/v1/object/public/generated-images/4ab1ac72-cd7e-4faf-9152-5aa5f2862411/best-bottles/reference-images/GB-SQR-CLR-15ML-MRL-SGLD__GBSqr15MtlRollGlSh__pdp-main__v001.png,
GB-ELG-CLR-30ML-SPR-SGLD,GBElg30SpryShGl,Elegant,"Elegant design 30 ml, clear glass bottle with sprayer and shiny gold cap. For use with cologne, perfume, air freshner, face and body spray, or room spray. Classic, Elegant design is a family of bottles availabel in many sizes. Price each",Clear,30 ml (1.01 oz),madison_generated_evidence,https://www.bestbottles.com/images/store/caps/15-415SpShnGl.png,
GB-SLK-CLR-50ML-ASP-PNK,GBSlk50AnSpPnk,Sleek,"Sleek design 50 ml, 1.7oz  clear glass bottle  with pink vintage style bulb sprayer with shiny gold collar cap. For use with cologne, Eau de Parfum, air freshner, face and body spray, or room spray.  Antique or vintage bulb sprayers enhance the beauty of",Clear,50 ml (1.69 oz),madison_generated_evidence,https://likkskifwsrvszxdvufw.supabase.co/storage/v1/object/public/generated-images/best-bottles/local-generation/reference-backed-clear-remaining-batch-001-nb2-2026-06-09/cap-on/GB-SLK-CLR-50ML-ASP-PNK.png,
GB-RND-FRS-128ML-ASP-02,GBRndFrst128AnSpTslGl,Round,"Round design 128 ml, 4.33oz frosted glass bottle with Gold vintage style bulb sprayer with tasseland shiny gold collar cap. For use with cologne, Eau de Parfum, air freshner, face and body spray, or room spray.  Antique or vintage bulb sprayers enhance th",Frosted,128 ml (4.33 oz),madison_generated_evidence,https://likkskifwsrvszxdvufw.supabase.co/storage/v1/object/public/generated-images/4ab1ac72-cd7e-4faf-9152-5aa5f2862411/d4cd4ae9-a9a8-4ea6-ab6f-fd1e19078e5e/best-bottles/reference-imports/Round/GB-RND-FRS-128ML-ASP-02_1779532389691_94nerc.png,
LB-ELG-FRS-100ML-LPM-SSLV,LBElgFrst100LtnShnSl,Elegant,"Elegant design 100 ml, 3 1/2oz frosted glass bottle with shiny silver lotion pump. For use with serums, light creams, moisturizers, facial oils or face oils, beard oils, body lotions, body wash, and hair products. Elegant bottle is a family of bottles ava",Frosted,100 ml (3.38 oz),madison_generated_evidence,https://likkskifwsrvszxdvufw.supabase.co/storage/v1/object/public/generated-images/4ab1ac72-cd7e-4faf-9152-5aa5f2862411/d4cd4ae9-a9a8-4ea6-ab6f-fd1e19078e5e/best-bottles/reference-imports/Elegant/LB-ELG-FRS-100ML-LPM-SSLV_1779482830020_uc2j9a.png,
GB-CIR-CLR-15ML-ROL-MGLD,GBCrcl15RollGlMatt,Circle,"Circle design 15ml, 1/2oz Clear glass bottle with plastic roller ball plug and matte gold cap. For use with perfume or fragrance oil, essential oils, aromatic oils and aromatherapy. Refillable, classic style bottle good for promotions and decants. Price e",Clear,15 ml (0.51 oz),madison_generated_evidence,https://likkskifwsrvszxdvufw.supabase.co/storage/v1/object/public/generated-images/4ab1ac72-cd7e-4faf-9152-5aa5f2862411/best-bottles/reference-images/GB-CIR-CLR-15ML-ROL-MGLD__GBCrcl15RollGlMatt__pdp-main__v001.png,
GB-SQR-CLR-15ML-MRL-PKDT,GBSqr15MtlRollPinkDot,Square,"Square design 15ml, 1/2oz Clear glass bottle with metal roller ball plug and pink cap with dots. For use with perfume or fragrance oil, essential oils, aromatic oils and aromatherapy. Refillable, classic style bottle good for promotions and decants. Price",Clear,15 ml (0.51 oz),madison_generated_evidence,https://likkskifwsrvszxdvufw.supabase.co/storage/v1/object/public/generated-images/4ab1ac72-cd7e-4faf-9152-5aa5f2862411/best-bottles/reference-images/GB-SQR-CLR-15ML-MRL-PKDT__GBSqr15MtlRollPinkDot__pdp-main__v001.png,
GB-SLK-CLR-50ML-ASP-MSLV,GBSlk50AnSpMtSl,Sleek,"Sleek design 50 ml, 1.7oz  clear glass bottle  with matte silver vintage style sprayer with matte silver collar cap. For use with cologne, Eau de Parfum, air freshner, face and body spray, or room spray.  Antique or vintage bulb sprayers enhance the beaut",Clear,50 ml (1.69 oz),madison_generated_evidence,https://likkskifwsrvszxdvufw.supabase.co/storage/v1/object/public/generated-images/best-bottles/local-generation/reference-backed-clear-remaining-batch-001-nb2-2026-06-09/cap-on/GB-SLK-CLR-50ML-ASP-MSLV.png,
GB-RND-FRS-128ML-ASP-03,GBRndFrst128AnSpTslIvyGl,Round,"Round design 128 ml, 4.33oz frosted glass bottle with Ivory vintage style bulb sprayer with tassel and shiny gold collar cap. For use with cologne, Eau de Parfum, air freshner, face and body spray, or room spray.  Antique or vintage bulb sprayers enhance",Frosted,128 ml (4.33 oz),madison_generated_evidence,https://likkskifwsrvszxdvufw.supabase.co/storage/v1/object/public/generated-images/4ab1ac72-cd7e-4faf-9152-5aa5f2862411/d4cd4ae9-a9a8-4ea6-ab6f-fd1e19078e5e/best-bottles/reference-imports/Round/GB-RND-FRS-128ML-ASP-03_1779532386250_kpnsv1.png,
LB-ELG-FRS-100ML-LPM-OVCP-T,LBElgFrst100WhtClOvrCp,Elegant,"Elegant design 100 ml, 3 1/2oz frosted glass bottle with white rectangular with clear over the cap. For use with serums, light creams, moisturizers, facial oils or face oils, beard oils, body lotions, body wash, and hair products. Elegant bottle is a fami",Frosted,100 ml (3.38 oz),madison_generated_evidence,https://likkskifwsrvszxdvufw.supabase.co/storage/v1/object/public/generated-images/4ab1ac72-cd7e-4faf-9152-5aa5f2862411/d4cd4ae9-a9a8-4ea6-ab6f-fd1e19078e5e/best-bottles/reference-imports/Elegant/LB-ELG-FRS-100ML-LPM-OVCP-T_1779482819936_onl8hb.png,
LB-SLK-CLR-100ML-LPM-COCP,LBSlk100LtnClOvrCap,Sleek,"Sleek design 100 ml, 3 1/2oz clear glass bottle with with a matte silver collar treatment pump and clear overcap. For use with serums, light creams, moisturizers, facial oils or face oils, beard oils, body lotions, body wash, and hair products. Sleek desi",Clear,100 ml (3.38 oz),madison_generated_evidence,https://likkskifwsrvszxdvufw.supabase.co/storage/v1/object/public/generated-images/best-bottles/local-generation/reference-backed-clear-remaining-batch-001-nb2-2026-06-09/cap-on/LB-SLK-CLR-100ML-LPM-COCP.png,
GB-CIR-CLR-15ML-ROL-SGLD,GBCrcl15RollGlSh,Circle,"Circle design 15ml, 1/2oz Clear glass bottle with plastic roller ball plug and shiny gold cap. For use with perfume or fragrance oil, essential oils, aromatic oils and aromatherapy. Refillable, classic style bottle good for promotions and decants. Price e",Clear,15 ml (0.51 oz),madison_generated_evidence,https://likkskifwsrvszxdvufw.supabase.co/storage/v1/object/public/generated-images/best-bottles/local-generation/reference-backed-clear-remaining-batch-001-nb2-2026-06-09/cap-on/GB-CIR-CLR-15ML-ROL-SGLD.png,
GB-SQR-CLR-15ML-MRL-SLDT,GBSqr15MtlRollSlDot,Square,"Square design 15ml, 1/2oz Clear glass bottle with metal roller ball plug and silver cap with dots. For use with perfume or fragrance oil, essential oils, aromatic oils and aromatherapy. Refillable, classic style bottle good for promotions and decants. Pri",Clear,15 ml (0.51 oz),madison_generated_evidence,https://likkskifwsrvszxdvufw.supabase.co/storage/v1/object/public/generated-images/4ab1ac72-cd7e-4faf-9152-5aa5f2862411/best-bottles/reference-images/GB-SQR-CLR-15ML-MRL-SLDT__GBSqr15MtlRollSlDot__pdp-main__v001.png,
GB-ELG-CLR-30ML-SPR-MSLV,GBElg30SpryMattSl,Elegant,"Elegant design 30 ml, clear glass bottle with sprayer and matte silver cap. For use with cologne, perfume, air freshner, face and body spray, or room spray. Classic, Elegant design is a family of bottles availabel in many sizes. Price each",Clear,30 ml (1.01 oz),madison_generated_evidence,https://likkskifwsrvszxdvufw.supabase.co/storage/v1/object/public/generated-images/best-bottles/local-generation/reference-backed-clear-remaining-batch-001-nb2-2026-06-09/cap-on/GB-ELG-CLR-30ML-SPR-MSLV.png,
GB-SLK-CLR-50ML-ASP-IVSL,GBSlk50AnSpIvySl,Sleek,"Sleek design 50 ml, 1.7oz  clear glass bottle  with ivory vintage style bulb sprayer with shiny silver collar cap. For use with cologne, Eau de Parfum, air freshner, face and body spray, or room spray.  Antique or vintage bulb sprayers enhance the beauty",Clear,50 ml (1.69 oz),madison_generated_evidence,https://likkskifwsrvszxdvufw.supabase.co/storage/v1/object/public/generated-images/best-bottles/local-generation/reference-backed-clear-remaining-batch-001-nb2-2026-06-09/cap-on/GB-SLK-CLR-50ML-ASP-IVSL.png,
GB-RND-FRS-128ML-ASP-04,GBRndFrst128AnSpTslIvySl,Round,"Round design 128 ml, 4.33oz frosted glass bottle with Ivory vintage style bulb sprayer with tassel and shiny silver collar cap. For use with cologne, Eau de Parfum, air freshner, face and body spray, or room spray.  Antique or vintage bulb sprayers enhanc",Frosted,128 ml (4.33 oz),madison_generated_evidence,https://likkskifwsrvszxdvufw.supabase.co/storage/v1/object/public/generated-images/4ab1ac72-cd7e-4faf-9152-5aa5f2862411/d4cd4ae9-a9a8-4ea6-ab6f-fd1e19078e5e/best-bottles/reference-imports/Round/GB-RND-FRS-128ML-ASP-04_1779532383026_zryqd4.png,
LB-ELG-FRS-100ML-LPM-CPR,LBElgFrst100LtnCu,Elegant,"Elegant design 100 ml, 3 1/2oz frosted glass bottle with matte copper lotion pump. For use with serums, light creams, moisturizers, facial oils or face oils, beard oils, body lotions, body wash, and hair products. Elegant bottle is a family of bottles ava",Frosted,100 ml (3.38 oz),madison_generated_evidence,https://likkskifwsrvszxdvufw.supabase.co/storage/v1/object/public/generated-images/4ab1ac72-cd7e-4faf-9152-5aa5f2862411/d4cd4ae9-a9a8-4ea6-ab6f-fd1e19078e5e/best-bottles/reference-imports/Elegant/LB-ELG-FRS-100ML-LPM-CPR_1779482820823_ax10ku.png,
LB-SLM-CLR-100ML-LPM-CPR,LBSlm100LtnCu,Slim,"Slim design 100 ml, 3 1/2oz clear glass bottle with matte copper lotion pump. For use with serums, light creams, moisturizers, facial oils or face oils, beard oils, body lotions, body wash, and hair products. Slim design bottle is a family of bottles avai",Clear,100 ml (3.38 oz),madison_generated_evidence,https://www.bestbottles.com/images/store/caps/18-415LtShnSl.png,
GB-CIR-CLR-15ML-ROL-PKDT,GBCrcl15RollPinkDot,Circle,"Circle design 15ml, 1/2oz Clear glass bottle with plastic roller ball plug and pink cap with dots. For use with perfume or fragrance oil, essential oils, aromatic oils and aromatherapy. Refillable, classic style bottle good for promotions and decants. Pri",Clear,15 ml (0.51 oz),madison_generated_evidence,https://likkskifwsrvszxdvufw.supabase.co/storage/v1/object/public/generated-images/best-bottles/local-generation/reference-backed-clear-remaining-batch-001-nb2-2026-06-09/cap-on/GB-CIR-CLR-15ML-ROL-PKDT.png,
GB-SQR-CLR-15ML-MRL-MSLV,GBSqr15MtlRollSlMatt,Square,"Square design 15ml, 1/2oz Clear glass bottle with metal roller ball plug and matte silver cap. For use with perfume or fragrance oil, essential oils, aromatic oils and aromatherapy. Refillable, classic style bottle good for promotions and decants. Price e",Clear,15 ml (0.51 oz),madison_generated_evidence,https://likkskifwsrvszxdvufw.supabase.co/storage/v1/object/public/generated-images/4ab1ac72-cd7e-4faf-9152-5aa5f2862411/best-bottles/reference-images/GB-SQR-CLR-15ML-MRL-MSLV__GBSqr15MtlRollSlMatt__pdp-main__v001.png,
GB-ELG-CLR-30ML-SPR-MGLD,GBElg30SpryMattGl,Elegant,"Elegant design 30 ml, clear glass bottle with sprayer and matte gold cap. For use with cologne, perfume, air freshner, face and body spray, or room spray. Classic, Elegant design is a family of bottles availabel in many sizes. Price each",Clear,30 ml (1.01 oz),madison_generated_evidence,https://likkskifwsrvszxdvufw.supabase.co/storage/v1/object/public/generated-images/best-bottles/local-generation/reference-backed-clear-remaining-batch-001-nb2-2026-06-09/cap-on/GB-ELG-CLR-30ML-SPR-MGLD.png,
GB-SLK-CLR-50ML-ASP-GLD,GBSlk50AnSpGl,Sleek,"Sleek design 50 ml, 1.7oz  clear glass bottle  with gold vintage style sprayer with shiny gold collar cap. For use with cologne, Eau de Parfum, air freshner, face and body spray, or room spray.  Antique or vintage bulb sprayers enhance the beauty of your",Clear,50 ml (1.69 oz),madison_generated_evidence,https://likkskifwsrvszxdvufw.supabase.co/storage/v1/object/public/generated-images/best-bottles/local-generation/reference-backed-clear-remaining-batch-001-nb2-2026-06-09/cap-on/GB-SLK-CLR-50ML-ASP-GLD.png,
GB-RND-FRS-128ML-ASP-05,GBRndFrst128AnSpTslLvn,Round,"Round design 128 ml, 4.33oz frosted glass bottle with Lavender vintage style bulb sprayer with Tasseland shiny silver collar cap. For use with cologne, Eau de Parfum, air freshner, face and body spray, or room spray.  Antique or vintage bulb sprayers enha",Frosted,128 ml (4.33 oz),madison_generated_evidence,https://likkskifwsrvszxdvufw.supabase.co/storage/v1/object/public/generated-images/4ab1ac72-cd7e-4faf-9152-5aa5f2862411/d4cd4ae9-a9a8-4ea6-ab6f-fd1e19078e5e/best-bottles/reference-imports/Round/GB-RND-FRS-128ML-ASP-05_1779532380937_s56sb5.png,
LB-ELG-FRS-100ML-LPM-COCP,LBElgFrst100LtnClOvrCap,Elegant,"Elegant design 100 ml, 3 1/2oz frosted glass bottle with with a matte silver collar treatment pump and clear overcap. For use with serums, light creams, moisturizers, facial oils or face oils, beard oils, body lotions, body wash, and hair products. Elegan",Frosted,100 ml (3.38 oz),madison_generated_evidence,https://likkskifwsrvszxdvufw.supabase.co/storage/v1/object/public/generated-images/4ab1ac72-cd7e-4faf-9152-5aa5f2862411/d4cd4ae9-a9a8-4ea6-ab6f-fd1e19078e5e/best-bottles/reference-imports/Elegant/LB-ELG-FRS-100ML-LPM-COCP_1779482826759_fospxe.png,
GB-CIR-CLR-15ML-ROL-SLDT,GBCrcl15RollSlDot,Circle,"Circle design 15ml, 1/2oz Clear glass bottle with plastic roller ball plug and silver cap with dots. For use with perfume or fragrance oil, essential oils, aromatic oils and aromatherapy. Refillable, classic style bottle good for promotions and decants. P",Clear,15 ml (0.51 oz),madison_generated_evidence,https://likkskifwsrvszxdvufw.supabase.co/storage/v1/object/public/generated-images/best-bottles/local-generation/reference-backed-clear-remaining-batch-001-nb2-2026-06-09/cap-on/GB-CIR-CLR-15ML-ROL-SLDT.png,
GB-SQR-CLR-15ML-MRL-SSLV,GBSqr15MtlRollSlSh,Square,"Square design 15ml, 1/2oz Clear glass bottle with metal roller ball plug and shiny silver cap. For use with perfume or fragrance oil, essential oils, aromatic oils and aromatherapy. Refillable, classic style bottle good for promotions and decants. Price e",Clear,15 ml (0.51 oz),madison_generated_evidence,https://likkskifwsrvszxdvufw.supabase.co/storage/v1/object/public/generated-images/4ab1ac72-cd7e-4faf-9152-5aa5f2862411/best-bottles/reference-images/GB-SQR-CLR-15ML-MRL-SSLV__GBSqr15MtlRollSlSh__pdp-main__v001.png,
GB-ELG-FRS-30ML-SPR-SGLD,GBElgFrst30SpryShnGl,Elegant,"Elegant design 30 ml, Frosted glass bottle with sprayer and shiny gold cap. For use with cologne, perfume, air freshner, face and body spray, or room spray. Classic, Elegant design is a family of bottles availabel in many sizes. Price each",Frosted,30 ml (1.01 oz),madison_generated_evidence,https://likkskifwsrvszxdvufw.supabase.co/storage/v1/object/public/generated-images/4ab1ac72-cd7e-4faf-9152-5aa5f2862411/d4cd4ae9-a9a8-4ea6-ab6f-fd1e19078e5e/best-bottles/reference-imports/Elegant/GB-ELG-FRS-30ML-SPR-SGLD_1779482927800_1ej2q9.png,
GB-SLK-CLR-50ML-ASP-IVGD,GBSlk50AnSpIvyGl,Sleek,"Sleek design 50 ml, 1.7oz  clear glass bottle  with ivory vintage style bulb sprayer with shiny gold collar cap. For use with cologne, Eau de Parfum, air freshner, face and body spray, or room spray.  Antique or vintage bulb sprayers enhance the beauty of",Clear,50 ml (1.69 oz),madison_generated_evidence,https://likkskifwsrvszxdvufw.supabase.co/storage/v1/object/public/generated-images/best-bottles/local-generation/reference-backed-clear-remaining-batch-001-nb2-2026-06-09/cap-on/GB-SLK-CLR-50ML-ASP-IVGD.png,
GB-RND-FRS-128ML-ASP-07,GBRndFrst128AnSpTslPnk,Round,"Round design 128 ml, 4.33oz frosted glass bottle with Pink vintage style bulb sprayer with tassel and shiny gold collar cap. For use with cologne, Eau de Parfum, air freshner, face and body spray, or room spray.  Antique or vintage bulb sprayers enhance t",Frosted,128 ml (4.33 oz),madison_generated_evidence,https://likkskifwsrvszxdvufw.supabase.co/storage/v1/object/public/generated-images/4ab1ac72-cd7e-4faf-9152-5aa5f2862411/d4cd4ae9-a9a8-4ea6-ab6f-fd1e19078e5e/best-bottles/reference-imports/Round/GB-RND-FRS-128ML-ASP-07_1779532379802_b01gyq.png,
LB-RND-CLR-128ML-LPM-SGLD,LBRnd128LtnShnGl,Round,"Round design 128 ml, 4.33oz clear glass bottle with shiny gold lotion pump. For use with serums, light creams, moisturizers, facial oils or face oils, beard oils, body lotions, body wash, and hair products. Round design bottle is available in 2 sizes - 78",Clear,128 ml (4.33 oz),madison_generated_evidence,https://likkskifwsrvszxdvufw.supabase.co/storage/v1/object/public/generated-images/4ab1ac72-cd7e-4faf-9152-5aa5f2862411/d4cd4ae9-a9a8-4ea6-ab6f-fd1e19078e5e/paper-doll/master_corrected_1780331675110_bra5f6.png,
GB-CIR-CLR-15ML-ROL-MSLV,GBCrcl15RollSlMatt,Circle,"Circle design 15ml, 1/2oz Clear glass bottle with plastic roller ball plug and matte silver cap. For use with perfume or fragrance oil, essential oils, aromatic oils and aromatherapy. Refillable, classic style bottle good for promotions and decants. Price",Clear,15 ml (0.51 oz),madison_generated_evidence,https://likkskifwsrvszxdvufw.supabase.co/storage/v1/object/public/generated-images/4ab1ac72-cd7e-4faf-9152-5aa5f2862411/best-bottles/reference-images/GB-CIR-CLR-15ML-ROL-MSLV__GBCrcl15RollSlMatt__pdp-main__v001.png,
GB-CYL-CLR-28ML-MRL-02,GBMtlRoll28Wht,Cylinder,"Cylinder style 28 ml bottle with metal roller ball plug and white cap. For use with fragrances, oils, massage oils, light lotions and ointments. Roll-on plug has a large roller ball. Price Each",Clear,28 ml (0.95 oz),madison_generated_evidence,https://www.bestbottles.com/images/store/caps/28spCpRollBlk.png,
GB-ELG-FRS-30ML-SPR-SSLV,GBElgFrst30SpryShSl,Elegant,"Elegant design 30 ml, Frosted glass bottle with sprayer and shiny silver cap. For use with cologne, perfume, air freshner, face and body spray, or room spray. Classic, Elegant design is a family of bottles availabel in many sizes. Price each",Frosted,30 ml (1.01 oz),madison_generated_evidence,https://likkskifwsrvszxdvufw.supabase.co/storage/v1/object/public/generated-images/4ab1ac72-cd7e-4faf-9152-5aa5f2862411/d4cd4ae9-a9a8-4ea6-ab6f-fd1e19078e5e/best-bottles/reference-imports/Elegant/GB-ELG-FRS-30ML-SPR-SSLV_1779482932367_ckfhc4.png,
GB-SLK-CLR-50ML-ASP-WHT,GBSlk50AnSpWht,Sleek,"Sleek design 50 ml, 1.7oz  clear glass bottle  with white vintage style bulb sprayer with shiny silver collar cap. For use with cologne, Eau de Parfum, air freshner, face and body spray, or room spray.  Antique or vintage bulb sprayers enhance the beauty",Clear,50 ml (1.69 oz),madison_generated_evidence,https://likkskifwsrvszxdvufw.supabase.co/storage/v1/object/public/generated-images/best-bottles/local-generation/reference-backed-clear-remaining-batch-001-nb2-2026-06-09/cap-on/GB-SLK-CLR-50ML-ASP-WHT.png,
GB-RND-FRS-128ML-ASP-09,GBRndFrst128AnSpTslWht,Round,"Round design 128 ml, 4.33oz frosted glass bottle with White vintage style bulb sprayer with tasseland shiny silver collar cap. For use with cologne, Eau de Parfum, air freshner, face and body spray, or room spray.  Antique or vintage bulb sprayers enhance",Frosted,128 ml (4.33 oz),madison_generated_evidence,https://likkskifwsrvszxdvufw.supabase.co/storage/v1/object/public/generated-images/4ab1ac72-cd7e-4faf-9152-5aa5f2862411/d4cd4ae9-a9a8-4ea6-ab6f-fd1e19078e5e/best-bottles/reference-imports/Round/GB-RND-FRS-128ML-ASP-09_1779532374034_pyu70g.png,
LB-RND-CLR-128ML-LPM-MSLV,LBRnd128LtnMtSl,Round,"Round design 128 ml, 4.33oz clear glass bottle with matte silver lotion pump. For use with serums, light creams, moisturizers, facial oils or face oils, beard oils, body lotions, body wash, and hair products. Round design bottle is available in 2 sizes -",Clear,128 ml (4.33 oz),madison_generated_evidence,https://likkskifwsrvszxdvufw.supabase.co/storage/v1/object/public/generated-images/4ab1ac72-cd7e-4faf-9152-5aa5f2862411/d4cd4ae9-a9a8-4ea6-ab6f-fd1e19078e5e/paper-doll/master_corrected_1780331735165_biscg4.png,
GB-CIR-CLR-15ML-ROL-SSLV,GBCrcl15RollSlSh,Circle,"Circle design 15ml, 1/2oz Clear glass bottle with plastic roller ball plug and shiny silver cap. For use with perfume or fragrance oil, essential oils, aromatic oils and aromatherapy. Refillable, classic style bottle good for promotions and decants. Price",Clear,15 ml (0.51 oz),madison_generated_evidence,https://likkskifwsrvszxdvufw.supabase.co/storage/v1/object/public/generated-images/best-bottles/local-generation/reference-backed-clear-remaining-batch-001-nb2-2026-06-09/cap-on/GB-CIR-CLR-15ML-ROL-SSLV.png,
LB-RND-CLR-128ML-LPM-COCP,LBRnd128LtnClOvrCap,Round,"Round design 128 ml, 4.33oz clear glass bottle with with a matte silver collar treatment pump and clear overcap. For use with serums, light creams, moisturizers, facial oils or face oils, beard oils, body lotions, body wash, and hair products. Round desig",Clear,128 ml (4.33 oz),madison_generated_evidence,https://likkskifwsrvszxdvufw.supabase.co/storage/v1/object/public/generated-images/4ab1ac72-cd7e-4faf-9152-5aa5f2862411/d4cd4ae9-a9a8-4ea6-ab6f-fd1e19078e5e/paper-doll/master_corrected_1780331798555_oek7b0.png,
GB-ELG-FRS-30ML-SPR-MSLV,GBElgFrst30SpryMattSl,Elegant,"Elegant design 30 ml, Frosted glass bottle with sprayer and matte silver cap. For use with cologne, perfume, air freshner, face and body spray, or room spray. Classic, Elegant design is a family of bottles availabel in many sizes. Price each",Frosted,30 ml (1.01 oz),madison_generated_evidence,https://likkskifwsrvszxdvufw.supabase.co/storage/v1/object/public/generated-images/4ab1ac72-cd7e-4faf-9152-5aa5f2862411/d4cd4ae9-a9a8-4ea6-ab6f-fd1e19078e5e/best-bottles/reference-imports/Elegant/GB-ELG-FRS-30ML-SPR-MSLV_1779482934095_n1bmpu.png,
GB-SLK-CLR-50ML-ASP-RED,GBSlk50AnSpRed,Sleek,"Sleek design 50 ml, 1.7oz  clear glass bottle  with red vintage style bulb sprayer with shiny silver collar cap. For use with cologne, Eau de Parfum, air freshner, face and body spray, or room spray.  Antique or vintage bulb sprayers enhance the beauty of",Clear,50 ml (1.69 oz),madison_generated_evidence,https://likkskifwsrvszxdvufw.supabase.co/storage/v1/object/public/generated-images/best-bottles/local-generation/reference-backed-clear-remaining-batch-001-nb2-2026-06-09/cap-on/GB-SLK-CLR-50ML-ASP-RED.png,
GB-RND-FRS-128ML-ASP-06,GBRndFrst128AnSpTslMtSl,Round,"Round design 128 ml, 4.33oz frosted glass bottle with Silver vintage style bulb sprayer with tasseland matte silver collar cap. For use with cologne, Eau de Parfum, air freshner, face and body spray, or room spray.  Antique or vintage bulb sprayers enhanc",Frosted,128 ml (4.33 oz),madison_generated_evidence,https://likkskifwsrvszxdvufw.supabase.co/storage/v1/object/public/generated-images/4ab1ac72-cd7e-4faf-9152-5aa5f2862411/d4cd4ae9-a9a8-4ea6-ab6f-fd1e19078e5e/best-bottles/reference-imports/Round/GB-RND-FRS-128ML-ASP-06_1779532378938_1emr5u.png,
LB-RND-CLR-128ML-LPM-CPR,LBRnd128LtnCu,Round,"Round design 128 ml, 4.33oz clear glass bottle with matte copper lotion pump. For use with serums, light creams, moisturizers, facial oils or face oils, beard oils, body lotions, body wash, and hair products. Round design bottle is available in 2 sizes -",Clear,128 ml (4.33 oz),madison_generated_evidence,https://likkskifwsrvszxdvufw.supabase.co/storage/v1/object/public/generated-images/4ab1ac72-cd7e-4faf-9152-5aa5f2862411/d4cd4ae9-a9a8-4ea6-ab6f-fd1e19078e5e/paper-doll/master_corrected_1780331861543_d2cfkd.png,
LB-RND-FRS-128ML-LPM-CLR,LBRndFrst128LtnClOvrCap,Round,"Round design 128 ml, 4.33oz frosted glass bottle with with a matte silver collar treatment pump and clear overcap. For use with serums, light creams, moisturizers, facial oils or face oils, beard oils, body lotions, body wash, and hair products. Round des",Frosted,128 ml (4.33 oz),madison_generated_evidence,https://likkskifwsrvszxdvufw.supabase.co/storage/v1/object/public/generated-images/4ab1ac72-cd7e-4faf-9152-5aa5f2862411/best-bottles/reference-images/LB-RND-FRS-128ML-LPM-CLR__LBRndFrst128LtnClOvrCap__pdp-main__v001.png,
GB-ELG-CLR-15ML-ROL-SSLV,GBElg15RollSlSh,Elegant,"Elegant design 15ml, 1/2oz Clear glass bottle with plastic roller ball plug and shiny silver cap. For use with perfume or fragrance oil, essential oils, aromatic oils and aromatherapy. Refillable, classic style bottle good for promotions and decants. Pric",Clear,15 ml (0.51 oz),madison_generated_evidence,https://likkskifwsrvszxdvufw.supabase.co/storage/v1/object/public/generated-images/best-bottles/local-generation/reference-backed-clear-remaining-batch-001-nb2-2026-06-09/cap-on/GB-ELG-CLR-15ML-ROL-SSLV.png,
GB-ELG-FRS-30ML-SPR-MGLD,GBElgFrst30SpryMattGl,Elegant,"Elegant design 30 ml, Frosted glass bottle with sprayer and matte gold cap. For use with cologne, perfume, air freshner, face and body spray, or room spray. Classic, Elegant design is a family of bottles availabel in many sizes. Price each",Frosted,30 ml (1.01 oz),madison_generated_evidence,https://likkskifwsrvszxdvufw.supabase.co/storage/v1/object/public/generated-images/4ab1ac72-cd7e-4faf-9152-5aa5f2862411/d4cd4ae9-a9a8-4ea6-ab6f-fd1e19078e5e/best-bottles/reference-imports/Elegant/GB-ELG-FRS-30ML-SPR-MGLD_1779482931539_jws3mj.png,
GB-SLK-CLR-50ML-AST-LVN,GBSlk50AnSpTslLvn,Sleek,"Sleek design 50 ml, 1.7oz  clear glass bottle  with Lavender vintage style bulb sprayer with Tasseland shiny silver collar cap. For use with cologne, Eau de Parfum, air freshner, face and body spray, or room spray.  Antique or vintage bulb sprayers enhanc",Clear,50 ml (1.69 oz),madison_generated_evidence,https://likkskifwsrvszxdvufw.supabase.co/storage/v1/object/public/generated-images/best-bottles/local-generation/reference-backed-clear-remaining-batch-001-nb2-2026-06-09/cap-on/GB-SLK-CLR-50ML-AST-LVN.png,
LB-RND-CLR-128ML-LPM-MGLD,LBRnd128LtnMtGl,Round,"Round design 128 ml, 4.33oz clear glass bottle with matte gold lotion pump. For use with serums, light creams, moisturizers, facial oils or face oils, beard oils, body lotions, body wash, and hair products. Round design bottle is available in 2 sizes - 78",Clear,128 ml (4.33 oz),madison_generated_evidence,https://likkskifwsrvszxdvufw.supabase.co/storage/v1/object/public/generated-images/4ab1ac72-cd7e-4faf-9152-5aa5f2862411/d4cd4ae9-a9a8-4ea6-ab6f-fd1e19078e5e/paper-doll/master_corrected_1780331945644_mvl3hs.png,
GB-ELG-CLR-15ML-ROL-SGLD,GBElg15RollGlSh,Elegant,"Elegant design 15ml, 1/2oz Clear glass bottle with plastic roller ball plug and shiny gold cap. For use with perfume or fragrance oil, essential oils, aromatic oils and aromatherapy. Refillable, classic style bottle good for promotions and decants. Price",Clear,15 ml (0.51 oz),madison_generated_evidence,https://likkskifwsrvszxdvufw.supabase.co/storage/v1/object/public/generated-images/best-bottles/local-generation/reference-backed-clear-remaining-batch-001-nb2-2026-06-09/cap-on/GB-ELG-CLR-15ML-ROL-SGLD.png,
GB-SLK-CLR-30ML-SPR-MGLD,GBSlk30SpryMtGl,Sleek,"Sleek design 30 ml, 1oz  clear glass bottle  with matte gold spray pump. For use with cologne, Eau de Parfum, air freshner, face and body spray, or room spray. Sleek design bottle is a family of bottles available in 5ml, 8ml, 30m, 50ml and 100ml. Price ea",Clear,30 ml (1.01 oz),madison_generated_evidence,https://likkskifwsrvszxdvufw.supabase.co/storage/v1/object/public/generated-images/best-bottles/local-generation/reference-backed-clear-remaining-batch-001-nb2-2026-06-09/cap-on/GB-SLK-CLR-30ML-SPR-MGLD.png,
GB-SLK-CLR-50ML-AST-IVGD,GBSlk50AnSpTslIvyGl,Sleek,"Sleek design 50 ml, 1.7oz  clear glass bottle  with Ivory vintage style bulb sprayer with tassel and shiny gold collar cap. For use with cologne, Eau de Parfum, air freshner, face and body spray, or room spray.  Antique or vintage bulb sprayers enhance th",Clear,50 ml (1.69 oz),madison_generated_evidence,https://likkskifwsrvszxdvufw.supabase.co/storage/v1/object/public/generated-images/best-bottles/local-generation/reference-backed-clear-remaining-batch-001-nb2-2026-06-09/cap-on/GB-SLK-CLR-50ML-AST-IVGD.png,
LB-RND-CLR-128ML-LPM-SBLK,LBRnd128LtnShnBlk,Round,"Round design 128 ml, 4.33oz clear glass bottle with shiny black lotion pump. For use with serums, light creams, moisturizers, facial oils or face oils, beard oils, body lotions, body wash, and hair products. Round design bottle is available in 2 sizes - 7",Clear,128 ml (4.33 oz),madison_generated_evidence,https://likkskifwsrvszxdvufw.supabase.co/storage/v1/object/public/generated-images/4ab1ac72-cd7e-4faf-9152-5aa5f2862411/d4cd4ae9-a9a8-4ea6-ab6f-fd1e19078e5e/paper-doll/master_corrected_1780332005336_1s9f9v.png,
GB-ELG-CLR-15ML-ROL-PKDT,GBElg15RollPinkDot,Elegant,"Elegant design 15ml, 1/2oz Clear glass bottle with plastic roller ball plug and pink cap with dots. For use with perfume or fragrance oil, essential oils, aromatic oils and aromatherapy. Refillable, classic style bottle good for promotions and decants. Pr",Clear,15 ml (0.51 oz),madison_generated_evidence,https://likkskifwsrvszxdvufw.supabase.co/storage/v1/object/public/generated-images/best-bottles/local-generation/reference-backed-clear-remaining-batch-001-nb2-2026-06-09/cap-on/GB-ELG-CLR-15ML-ROL-PKDT.png,
GB-BSR-CLR-30ML-MRO-GLD,GBBstn1ozMtlRollonGl,Boston Round,"Boston round design 30ml, 1oz Clear glass bottle with metal roller plug and shiny gold cap. For use with perfume or fragrance oil, essential oils, aromatic oils and aromatherapy. Refillable bottle with large, 12mm diameter metal-roller ball. Price each",Clear,30 ml (1.01 oz),madison_generated_evidence,https://likkskifwsrvszxdvufw.supabase.co/storage/v1/object/public/generated-images/4ab1ac72-cd7e-4faf-9152-5aa5f2862411/d4cd4ae9-a9a8-4ea6-ab6f-fd1e19078e5e/paper-doll/master_corrected_1779650601459_932trh.png,
GB-SLK-CLR-30ML-SPR-SGLD,GBSlk30SpryShnGl,Sleek,"Sleek design 30 ml, 1oz  clear glass bottle  with shiny gold spray pump. For use with cologne, Eau de Parfum, air freshner, face and body spray, or room spray. Sleek design bottle is a family of bottles available in 5ml, 8ml, 30m, 50ml and 100ml. Price ea",Clear,30 ml (1.01 oz),madison_generated_evidence,https://likkskifwsrvszxdvufw.supabase.co/storage/v1/object/public/generated-images/best-bottles/local-generation/reference-backed-clear-remaining-batch-001-nb2-2026-06-09/cap-on/GB-SLK-CLR-30ML-SPR-SGLD.png,
GB-SLK-CLR-50ML-AST-IVSL,GBSlk50AnSpTslIvySl,Sleek,"Sleek design 50 ml, 1.7oz  clear glass bottle  with Ivory vintage style bulb sprayer with tassel and shiny silver collar cap. For use with cologne, Eau de Parfum, air freshner, face and body spray, or room spray.  Antique or vintage bulb sprayers enhance",Clear,50 ml (1.69 oz),madison_generated_evidence,https://likkskifwsrvszxdvufw.supabase.co/storage/v1/object/public/generated-images/best-bottles/local-generation/reference-backed-clear-remaining-batch-001-nb2-2026-06-09/cap-on/GB-SLK-CLR-50ML-AST-IVSL.png,
LB-RND-CLR-128ML-LPM-SSLV,LBRnd128LtnShnSl,Round,"Round design 128 ml, 4.33oz clear glass bottle with shiny silver lotion pump. For use with serums, light creams, moisturizers, facial oils or face oils, beard oils, body lotions, body wash, and hair products. Round design bottle is available in 2 sizes -",Clear,128 ml (4.33 oz),madison_generated_evidence,https://likkskifwsrvszxdvufw.supabase.co/storage/v1/object/public/generated-images/4ab1ac72-cd7e-4faf-9152-5aa5f2862411/d4cd4ae9-a9a8-4ea6-ab6f-fd1e19078e5e/paper-doll/master_corrected_1780332070331_fr5z0o.png,
GB-ELG-CLR-15ML-ROL-SLDT,GBElg15RollSlDot,Elegant,"Elegant design 15ml, 1/2oz Clear glass bottle with plastic roller ball plug and silver cap with dots. For use with perfume or fragrance oil, essential oils, aromatic oils and aromatherapy. Refillable, classic style bottle good for promotions and decants.",Clear,15 ml (0.51 oz),madison_generated_evidence,https://likkskifwsrvszxdvufw.supabase.co/storage/v1/object/public/generated-images/best-bottles/local-generation/reference-backed-clear-remaining-batch-001-nb2-2026-06-09/cap-on/GB-ELG-CLR-15ML-ROL-SLDT.png,
GB-SLK-CLR-30ML-SPR-SBLK,GBSlk30SpryShnBlk,Sleek,"Sleek design 30 ml, 1oz  clear glass bottle  with shiny black spray pump. For use with cologne, Eau de Parfum, air freshner, face and body spray, or room spray. Sleek design bottle is a family of bottles available in 5ml, 8ml, 30m, 50ml and 100ml. Price e",Clear,30 ml (1.01 oz),madison_generated_evidence,https://likkskifwsrvszxdvufw.supabase.co/storage/v1/object/public/generated-images/best-bottles/local-generation/reference-backed-clear-remaining-batch-001-nb2-2026-06-09/cap-on/GB-SLK-CLR-30ML-SPR-SBLK.png,
GB-SLK-CLR-50ML-AST-WHT,GBSlk50AnSpTslWht,Sleek,"Sleek design 50 ml, 1.7oz  clear glass bottle  with White vintage style bulb sprayer with tasseland shiny silver collar cap. For use with cologne, Eau de Parfum, air freshner, face and body spray, or room spray.  Antique or vintage bulb sprayers enhance t",Clear,50 ml (1.69 oz),madison_generated_evidence,https://likkskifwsrvszxdvufw.supabase.co/storage/v1/object/public/generated-images/best-bottles/local-generation/reference-backed-clear-remaining-batch-001-nb2-2026-06-09/cap-on/GB-SLK-CLR-50ML-AST-WHT.png,
LB-RND-FRS-128ML-LPM-MGLD,LBRndFrst128LtnMtGl,Round,"Round design 128 ml, 4.33oz frosted glass bottle with matte gold lotion pump. For use with serums, light creams, moisturizers, facial oils or face oils, beard oils, body lotions, body wash, and hair products. Round design bottle is available in 2 sizes -",Frosted,128 ml (4.33 oz),madison_generated_evidence,https://likkskifwsrvszxdvufw.supabase.co/storage/v1/object/public/generated-images/4ab1ac72-cd7e-4faf-9152-5aa5f2862411/d4cd4ae9-a9a8-4ea6-ab6f-fd1e19078e5e/best-bottles/reference-imports/Round/LB-RND-FRS-128ML-LPM-MGLD_1779532297083_m1j7wf.png,
GB-ELG-CLR-15ML-ROL-MSLV,GBElg15RollSlMatt,Elegant,"Elegant design 15ml, 1/2oz Clear glass bottle with plastic roller ball plug and matte silver cap. For use with perfume or fragrance oil, essential oils, aromatic oils and aromatherapy. Refillable, classic style bottle good for promotions and decants. Pric",Clear,15 ml (0.51 oz),madison_generated_evidence,https://likkskifwsrvszxdvufw.supabase.co/storage/v1/object/public/generated-images/4ab1ac72-cd7e-4faf-9152-5aa5f2862411/best-bottles/reference-images/GB-ELG-CLR-15ML-ROL-MSLV__GBElg15RollSlMatt__pdp-main__v001.png,
GB-BSR-AMB-30ML-MRL-MBLK,GBBstnAmb1ozMtlRollonMattBlk,Boston Round,"Boston round design 30ml, 1oz Amber glass bottle with metal roller plug and matte black cap. For use with perfume or fragrance oil, essential oils, aromatic oils and aromatherapy. Refillable bottle with large, 12mm diameter metal-roller ball. Price each",Amber,30 ml (1.01 oz),madison_generated_evidence,https://likkskifwsrvszxdvufw.supabase.co/storage/v1/object/public/generated-images/4ab1ac72-cd7e-4faf-9152-5aa5f2862411/d4cd4ae9-a9a8-4ea6-ab6f-fd1e19078e5e/paper-doll/master_corrected_1779651106415_dgmw8d.png,
GB-SLK-CLR-30ML-SPR-MSLV,GBSlk30SpryMtSl,Sleek,"Sleek design 30 ml, 1oz  clear glass bottle  with matte silver spray pump. For use with cologne, Eau de Parfum, air freshner, face and body spray, or room spray. Sleek design bottle is a family of bottles available in 5ml, 8ml, 30m, 50ml and 100ml. Price",Clear,30 ml (1.01 oz),madison_generated_evidence,https://likkskifwsrvszxdvufw.supabase.co/storage/v1/object/public/generated-images/best-bottles/local-generation/reference-backed-clear-remaining-batch-001-nb2-2026-06-09/cap-on/GB-SLK-CLR-30ML-SPR-MSLV.png,
GB-SLK-CLR-50ML-AST-PNK,GBSlk50AnSpTslPnk,Sleek,"Sleek design 50 ml, 1.7oz  clear glass bottle  with Pink vintage style bulb sprayer with tassel and shiny gold collar cap. For use with cologne, Eau de Parfum, air freshner, face and body spray, or room spray.  Antique or vintage bulb sprayers enhance the",Clear,50 ml (1.69 oz),madison_generated_evidence,https://likkskifwsrvszxdvufw.supabase.co/storage/v1/object/public/generated-images/best-bottles/local-generation/reference-backed-clear-remaining-batch-001-nb2-2026-06-09/cap-on/GB-SLK-CLR-50ML-AST-PNK.png,
LB-RND-FRS-128ML-LPM-SGLD,LBRndFrst128LtnShnGl,Round,"Round design 128 ml, 4.33oz frosted glass bottle with shiny gold lotion pump. For use with serums, light creams, moisturizers, facial oils or face oils, beard oils, body lotions, body wash, and hair products. Round design bottle is available in 2 sizes -",Frosted,128 ml (4.33 oz),madison_generated_evidence,https://likkskifwsrvszxdvufw.supabase.co/storage/v1/object/public/generated-images/4ab1ac72-cd7e-4faf-9152-5aa5f2862411/d4cd4ae9-a9a8-4ea6-ab6f-fd1e19078e5e/best-bottles/reference-imports/Round/LB-RND-FRS-128ML-LPM-SGLD_1779532295218_khwke2.png,
GB-ELG-CLR-15ML-ROL-SBLK,GBElg15RollBlkSh,Elegant,"Elegant design 15ml, 1/2oz Clear glass bottle with plastic roller ball plug and black shiny cap. For use with perfume or fragrance oil, essential oils, aromatic oils and aromatherapy. Refillable, classic style bottle good for promotions and decants. Price",Clear,15 ml (0.51 oz),madison_generated_evidence,https://likkskifwsrvszxdvufw.supabase.co/storage/v1/object/public/generated-images/best-bottles/local-generation/reference-backed-clear-remaining-batch-001-nb2-2026-06-09/cap-on/GB-ELG-CLR-15ML-ROL-SBLK.png,
GB-CIR-FRS-100ML-RDC-SSLV,GBCrclFrst100RdcrShnSl,Circle,"Circle design 100 ml, 3 1/2oz frosted glass bottle with reducer and shiny silver cap. For use with cologne, aftershave, splash on, and perfume or fragrance oil, beard oils. Circle design is a famiily of bottles available in 15ml, 30ml, 50ml and 100ml size",Frosted,100 ml (3.38 oz),madison_generated_evidence,https://likkskifwsrvszxdvufw.supabase.co/storage/v1/object/public/generated-images/4ab1ac72-cd7e-4faf-9152-5aa5f2862411/d4cd4ae9-a9a8-4ea6-ab6f-fd1e19078e5e/best-bottles/reference-imports/Circle/GB-CIR-FRS-100ML-RDC-SSLV_1779525300167_ae8klq.png,
GB-SLK-CLR-30ML-SPR-SSLV,GBSlk30SpryShnSl,Sleek,"Sleek design 30 ml, 1oz  clear glass bottle  with shiny silver spray pump. For use with cologne, Eau de Parfum, air freshner, face and body spray, or room spray. Sleek design bottle is a family of bottles available in 5ml, 8ml, 30m, 50ml and 100ml. Price",Clear,30 ml (1.01 oz),madison_generated_evidence,https://likkskifwsrvszxdvufw.supabase.co/storage/v1/object/public/generated-images/best-bottles/local-generation/reference-backed-clear-remaining-batch-001-nb2-2026-06-09/cap-on/GB-SLK-CLR-30ML-SPR-SSLV.png,
GB-SLK-CLR-50ML-AST-RED,GBSlk50AnSpTslRed,Sleek,"Sleek design 50 ml, 1.7oz  clear glass bottle  with Red vintage style bulb sprayer with tasseland shiny silver collar cap. For use with cologne, Eau de Parfum, air freshner, face and body spray, or room spray.  Antique or vintage bulb sprayers enhance the",Clear,50 ml (1.69 oz),madison_generated_evidence,https://likkskifwsrvszxdvufw.supabase.co/storage/v1/object/public/generated-images/best-bottles/local-generation/reference-backed-clear-remaining-batch-001-nb2-2026-06-09/cap-on/GB-SLK-CLR-50ML-AST-RED.png,
LB-RND-FRS-128ML-LPM-SBLK,LBRndFrst128LtnShnBlk,Round,"Round design 128 ml, 4.33oz frosted glass bottle with shiny black lotion pump. For use with serums, light creams, moisturizers, facial oils or face oils, beard oils, body lotions, body wash, and hair products. Round design bottle is available in 2 sizes -",Frosted,128 ml (4.33 oz),madison_generated_evidence,https://likkskifwsrvszxdvufw.supabase.co/storage/v1/object/public/generated-images/4ab1ac72-cd7e-4faf-9152-5aa5f2862411/d4cd4ae9-a9a8-4ea6-ab6f-fd1e19078e5e/best-bottles/reference-imports/Round/LB-RND-FRS-128ML-LPM-SBLK_1779532288180_uawy8l.png,
GB-CIR-FRS-100ML-RDC-SGLD,GBCrclFrst100RdcrShnGl,Circle,"Circle design 100 ml, 3 1/2oz frosted glass bottle with reducer and shiny gold cap. For use with cologne, aftershave, splash on, and perfume or fragrance oil, beard oils. Circle design is a famiily of bottles available in 15ml, 30ml, 50ml and 100ml size.",Frosted,100 ml (3.38 oz),madison_generated_evidence,https://likkskifwsrvszxdvufw.supabase.co/storage/v1/object/public/generated-images/4ab1ac72-cd7e-4faf-9152-5aa5f2862411/d4cd4ae9-a9a8-4ea6-ab6f-fd1e19078e5e/best-bottles/reference-imports/Circle/GB-CIR-FRS-100ML-RDC-SGLD_1779525288495_qqmsds.png,
GB-ELG-CLR-15ML-ROL-MCPR,GBElg15RollCuMatt,Elegant,"Elegant design 15ml, 1/2oz Clear glass bottle with plastic roller ball plug and matte copper cap. For use with perfume or fragrance oil, essential oils, aromatic oils and aromatherapy. Refillable, classic style bottle good for promotions and decants. Pric",Clear,15 ml (0.51 oz),madison_generated_evidence,https://likkskifwsrvszxdvufw.supabase.co/storage/v1/object/public/generated-images/4ab1ac72-cd7e-4faf-9152-5aa5f2862411/best-bottles/reference-images/GB-ELG-CLR-15ML-ROL-MCPR__GBElg15RollCuMatt__pdp-main__v001.png,
GB-SLM-CLR-30ML-SPR-SBLK,GBSlm30SpryShnBlk,Slim,"Slim design 30 ml, 1oz  clear glass bottle  with shiny black spray pump. For use with cologne, Eau de Parfum, air freshner, face and body spray, or room spray. Slim design bottle is a family of bottles available 30ml, 50ml and 100ml. Price each",Clear,30 ml (1.01 oz),madison_generated_evidence,https://likkskifwsrvszxdvufw.supabase.co/storage/v1/object/public/generated-images/best-bottles/local-generation/reference-backed-clear-remaining-batch-001-nb2-2026-06-09/cap-on/GB-SLM-CLR-30ML-SPR-SBLK.png,
GB-SLK-CLR-50ML-AST-MSLV,GBSlk50AnSpTslMtSl,Sleek,"Sleek design 50 ml, 1.7oz  clear glass bottle  with Silver vintage style bulb sprayer with tasseland matte silver collar cap. For use with cologne, Eau de Parfum, air freshner, face and body spray, or room spray.  Antique or vintage bulb sprayers enhance",Clear,50 ml (1.69 oz),madison_generated_evidence,https://likkskifwsrvszxdvufw.supabase.co/storage/v1/object/public/generated-images/best-bottles/local-generation/reference-backed-clear-remaining-batch-001-nb2-2026-06-09/cap-on/GB-SLK-CLR-50ML-AST-MSLV.png,
LB-RND-FRS-128ML-LPM-MSLV,LBRndFrst128LtnMtSl,Round,"Round design 128 ml, 4.33oz frosted glass bottle with matte silver lotion pump. For use with serums, light creams, moisturizers, facial oils or face oils, beard oils, body lotions, body wash, and hair products. Round design bottle is available in 2 sizes",Frosted,128 ml (4.33 oz),madison_generated_evidence,https://likkskifwsrvszxdvufw.supabase.co/storage/v1/object/public/generated-images/4ab1ac72-cd7e-4faf-9152-5aa5f2862411/d4cd4ae9-a9a8-4ea6-ab6f-fd1e19078e5e/best-bottles/reference-imports/Round/LB-RND-FRS-128ML-LPM-MSLV_1779532291776_ypr4ex.png,
GB-CIR-FRS-100ML-RDC-IVR,GBCrclFrst100RdcrIvyLthr,Circle,"Circle design 100 ml, 3 1/2oz frosted glass bottle with reducer and ivory faux leather cap. For use with cologne, aftershave, splash on, and perfume or fragrance oil, beard oils. Circle design is a famiily of bottles available in 15ml, 30ml, 50ml and 100m",Frosted,100 ml (3.38 oz),madison_generated_evidence,https://likkskifwsrvszxdvufw.supabase.co/storage/v1/object/public/generated-images/4ab1ac72-cd7e-4faf-9152-5aa5f2862411/d4cd4ae9-a9a8-4ea6-ab6f-fd1e19078e5e/best-bottles/reference-imports/Circle/GB-CIR-FRS-100ML-RDC-IVR_1779525303117_6dcx6y.png,
GB-ELG-CLR-15ML-ROL-MGLD,GBElg15RollGlMatt,Elegant,"Elegant design 15ml, 1/2oz Clear glass bottle with plastic roller ball plug and matte gold cap. For use with perfume or fragrance oil, essential oils, aromatic oils and aromatherapy. Refillable, classic style bottle good for promotions and decants. Price",Clear,15 ml (0.51 oz),madison_generated_evidence,https://likkskifwsrvszxdvufw.supabase.co/storage/v1/object/public/generated-images/4ab1ac72-cd7e-4faf-9152-5aa5f2862411/best-bottles/reference-images/GB-ELG-CLR-15ML-ROL-MGLD__GBElg15RollGlMatt__pdp-main__v001.png,
GB-SLM-CLR-30ML-SPR-MSLV,GBSlm30SpryMtSl,Slim,"Slim design 30 ml, 1oz  clear glass bottle  with matte silver spray pump. For use with cologne, Eau de Parfum, air freshner, face and body spray, or room spray. Slim design bottle is a family of bottles available 30ml, 50ml and 100ml. Price each",Clear,30 ml (1.01 oz),madison_generated_evidence,https://likkskifwsrvszxdvufw.supabase.co/storage/v1/object/public/generated-images/best-bottles/local-generation/reference-backed-clear-remaining-batch-001-nb2-2026-06-09/cap-on/GB-SLM-CLR-30ML-SPR-MSLV.png,
GB-SLK-CLR-50ML-AST-GLD,GBSlk50AnSpTslGl,Sleek,"Sleek design 50 ml, 1.7oz  clear glass bottle  with Gold vintage style bulb sprayer with tasseland shiny gold collar cap. For use with cologne, Eau de Parfum, air freshner, face and body spray, or room spray.  Antique or vintage bulb sprayers enhance the",Clear,50 ml (1.69 oz),madison_generated_evidence,https://likkskifwsrvszxdvufw.supabase.co/storage/v1/object/public/generated-images/best-bottles/local-generation/reference-backed-clear-remaining-batch-001-nb2-2026-06-09/cap-on/GB-SLK-CLR-50ML-AST-GLD.png,
LB-RND-FRS-128ML-LPM-SSLV,LBRndFrst128LtnShnSl,Round,"Round design 128 ml, 4.33oz frosted glass bottle with shiny silver lotion pump. For use with serums, light creams, moisturizers, facial oils or face oils, beard oils, body lotions, body wash, and hair products. Round design bottle is available in 2 sizes",Frosted,128 ml (4.33 oz),madison_generated_evidence,https://likkskifwsrvszxdvufw.supabase.co/storage/v1/object/public/generated-images/4ab1ac72-cd7e-4faf-9152-5aa5f2862411/best-bottles/reference-images/LB-RND-FRS-128ML-LPM-SSLV__LBRndFrst128LtnShnSl__pdp-main__v001.png,
GB-CIR-FRS-100ML-RDC-PNK,GBCrclFrst100RdcrPnkLthr,Circle,"Circle design 100 ml, 3 1/2oz frosted glass bottle with reducer and pink faux leather cap. For use with cologne, aftershave, splash on, and perfume or fragrance oil, beard oils. Circle design is a famiily of bottles available in 15ml, 30ml, 50ml and 100ml",Frosted,100 ml (3.38 oz),madison_generated_evidence,https://likkskifwsrvszxdvufw.supabase.co/storage/v1/object/public/generated-images/4ab1ac72-cd7e-4faf-9152-5aa5f2862411/d4cd4ae9-a9a8-4ea6-ab6f-fd1e19078e5e/best-bottles/reference-imports/Circle/GB-CIR-FRS-100ML-RDC-PNK_1779525286810_q3ja7a.png,
GB-VIA-CLR-3ML-S-04,GBVAmb1DrmWhtCapSht,Vial,"Vial design 1 dram Amber glass vial with white short cap. For use with perfume or fragrance oil, essential oil, aromatherapy, sample or trial size. Perfume sample vials for promotions. Price each",Amber,4 ml (0.14 oz),madison_generated_evidence,https://likkskifwsrvszxdvufw.supabase.co/storage/v1/object/public/generated-images/4ab1ac72-cd7e-4faf-9152-5aa5f2862411/d4cd4ae9-a9a8-4ea6-ab6f-fd1e19078e5e/best-bottles/reference-imports/Vial/GB-VIA-CLR-3ML-S-04_1779591581512_s2utyc.png,
GB-ELG-FRS-15ML-RBL-SLV-01,GBElgFrst15RollSlDot,Elegant,Elegant 15 ml (0.51 oz) Frosted Glass Bottle with Roller Ball Silver Cap,Frosted,15 ml (0.51 oz),madison_generated_evidence,https://likkskifwsrvszxdvufw.supabase.co/storage/v1/object/public/generated-images/4ab1ac72-cd7e-4faf-9152-5aa5f2862411/best-bottles/reference-images/GB-ELG-FRS-15ML-RBL-SLV-01__GBElgFrst15RollSlDot__pdp-main__v001.png,
GB-SLM-CLR-30ML-SPR-SSLV,GBSlm30SpryShnSl,Slim,"Slim design 30 ml, 1oz  clear glass bottle  with shiny silver spray pump. For use with cologne, Eau de Parfum, air freshner, face and body spray, or room spray. Slim design bottle is a family of bottles available 30ml, 50ml and 100ml. Price each",Clear,30 ml (1.01 oz),madison_generated_evidence,https://likkskifwsrvszxdvufw.supabase.co/storage/v1/object/public/generated-images/best-bottles/local-generation/reference-backed-clear-remaining-batch-001-nb2-2026-06-09/cap-on/GB-SLM-CLR-30ML-SPR-SSLV.png,
GB-SLM-CLR-50ML-ASP-PNK,GBSlm50AnSpPnk,Slim,"Slim design 50 ml, 1.7oz  clear glass bottle  with pink vintage style bulb sprayer with shiny gold collar cap. For use with cologne, Eau de Parfum, air freshner, face and body spray, or room spray.  Antique or vintage bulb sprayers enhance the beauty of y",Clear,50 ml (1.69 oz),madison_generated_evidence,https://likkskifwsrvszxdvufw.supabase.co/storage/v1/object/public/generated-images/best-bottles/local-generation/reference-backed-clear-remaining-batch-001-nb2-2026-06-09/cap-on/GB-SLM-CLR-50ML-ASP-PNK.png,
LB-RND-FRS-128ML-LPM-CPR,LBRndFrst128LtnCu,Round,"Round design 128 ml, 4.33oz frosted glass bottle with matte copper lotion pump. For use with serums, light creams, moisturizers, facial oils or face oils, beard oils, body lotions, body wash, and hair products. Round design bottle is available in 2 sizes",Frosted,128 ml (4.33 oz),madison_generated_evidence,https://likkskifwsrvszxdvufw.supabase.co/storage/v1/object/public/generated-images/4ab1ac72-cd7e-4faf-9152-5aa5f2862411/d4cd4ae9-a9a8-4ea6-ab6f-fd1e19078e5e/best-bottles/reference-imports/Round/LB-RND-FRS-128ML-LPM-CPR_1779532297902_xp989p.png,
GB-CIR-FRS-100ML-RDC-SBLK-T,GBCrclFrst100RdcrShnBlkTall,Circle,"Circle design 100 ml, 3 1/2oz frosted glass bottle with reducer and tall black shiny cap. For use with cologne, aftershave, splash on, and perfume or fragrance oil, beard oils. Circle design is a famiily of bottles available in 15ml, 30ml, 50ml and 100ml",Frosted,100 ml (3.38 oz),madison_generated_evidence,https://likkskifwsrvszxdvufw.supabase.co/storage/v1/object/public/generated-images/4ab1ac72-cd7e-4faf-9152-5aa5f2862411/d4cd4ae9-a9a8-4ea6-ab6f-fd1e19078e5e/best-bottles/reference-imports/Circle/GB-CIR-FRS-100ML-RDC-SBLK-T_1779525297310_j3a1fj.png,
GB-ELG-FRS-15ML-RBL,GBElgFrst15RollPinkDot,Elegant,Elegant 15 ml (0.51 oz) Frosted Glass Bottle with Roller Ball,Frosted,15 ml (0.51 oz),madison_generated_evidence,https://likkskifwsrvszxdvufw.supabase.co/storage/v1/object/public/generated-images/4ab1ac72-cd7e-4faf-9152-5aa5f2862411/best-bottles/reference-images/GB-ELG-FRS-15ML-RBL__GBElgFrst15RollPinkDot__pdp-main__v001.png,
GB-SLM-CLR-30ML-SPR-SGLD,GBSlm30SpryShnGl,Slim,"Slim design 30 ml, 1oz  clear glass bottle  with shiny gold spray pump. For use with cologne, Eau de Parfum, air freshner, face and body spray, or room spray. Slim design bottle is a family of bottles available 30ml, 50ml and 100ml. Price each",Clear,30 ml (1.01 oz),madison_generated_evidence,https://likkskifwsrvszxdvufw.supabase.co/storage/v1/object/public/generated-images/best-bottles/local-generation/reference-backed-clear-remaining-batch-001-nb2-2026-06-09/cap-on/GB-SLM-CLR-30ML-SPR-SGLD.png,
GB-SLM-CLR-50ML-ASP-GLD,GBSlm50AnSpGl,Slim,"Slim design 50 ml, 1.7oz  clear glass bottle  with gold vintage style sprayer with shiny gold collar cap. For use with cologne, Eau de Parfum, air freshner, face and body spray, or room spray.  Antique or vintage bulb sprayers enhance the beauty of your p",Clear,50 ml (1.69 oz),madison_generated_evidence,https://likkskifwsrvszxdvufw.supabase.co/storage/v1/object/public/generated-images/best-bottles/local-generation/reference-backed-clear-remaining-batch-001-nb2-2026-06-09/cap-on/GB-SLM-CLR-50ML-ASP-GLD.png,
GB-CIR-FRS-100ML-RDC-SBLK,GBCrclFrst100RdcrShnBlk,Circle,"Circle design 100 ml, 3 1/2oz frosted glass bottle with reducer and black shiny cap. For use with cologne, aftershave, splash on, and perfume or fragrance oil, beard oils. Circle design is a famiily of bottles available in 15ml, 30ml, 50ml and 100ml size.",Frosted,100 ml (3.38 oz),madison_generated_evidence,https://likkskifwsrvszxdvufw.supabase.co/storage/v1/object/public/generated-images/4ab1ac72-cd7e-4faf-9152-5aa5f2862411/d4cd4ae9-a9a8-4ea6-ab6f-fd1e19078e5e/best-bottles/reference-imports/Circle/GB-CIR-FRS-100ML-RDC-SBLK_1779525301763_v5neci.png,
GB-VIA-CLR-3ML-S-06,GBVBlu1DrmWhtCapSht,Vial,"Vial design 1 dram Blue glass vial with white short cap. For use with perfume or fragrance oil, essential oil, aromatherapy, sample or trial size. Perfume sample vials for promotions. Price each",Blue,4 ml (0.14 oz),madison_generated_evidence,https://likkskifwsrvszxdvufw.supabase.co/storage/v1/object/public/generated-images/4ab1ac72-cd7e-4faf-9152-5aa5f2862411/d4cd4ae9-a9a8-4ea6-ab6f-fd1e19078e5e/best-bottles/reference-imports/Vial/GB-VIA-CLR-3ML-S-06_1779591580692_dgp9h4.png,
GB-ELG-FRS-15ML-RBL-MSLV,GBElgFrst15RollSlMatt,Elegant,Elegant 15 ml (0.51 oz) Frosted Glass Bottle with Roller Ball Matte Silver Cap,Frosted,15 ml (0.51 oz),madison_generated_evidence,https://likkskifwsrvszxdvufw.supabase.co/storage/v1/object/public/generated-images/4ab1ac72-cd7e-4faf-9152-5aa5f2862411/best-bottles/reference-images/GB-ELG-FRS-15ML-RBL-MSLV__GBElgFrst15RollSlMatt__pdp-main__v001.png,
GB-SLM-CLR-30ML-SPR-MGLD,GBSlm30SpryMtGl,Slim,"Slim design 30 ml, 1oz  clear glass bottle  with matte gold spray pump. For use with cologne, Eau de Parfum, air freshner, face and body spray, or room spray. Slim design bottle is a family of bottles available 30ml, 50ml and 100ml. Price each",Clear,30 ml (1.01 oz),madison_generated_evidence,https://likkskifwsrvszxdvufw.supabase.co/storage/v1/object/public/generated-images/best-bottles/local-generation/reference-backed-clear-remaining-batch-001-nb2-2026-06-09/cap-on/GB-SLM-CLR-30ML-SPR-MGLD.png,
GB-SLM-CLR-50ML-ASP-LVN,GBSlm50AnSpLvn,Slim,"Slim design 50 ml, 1.7oz  clear glass bottle  with lavender vintage style bulb sprayer with shiny silver collar cap. For use with cologne, Eau de Parfum, air freshner, face and body spray, or room spray.  Antique or vintage bulb sprayers enhance the beaut",Clear,50 ml (1.69 oz),madison_generated_evidence,https://likkskifwsrvszxdvufw.supabase.co/storage/v1/object/public/generated-images/best-bottles/local-generation/reference-backed-clear-remaining-batch-001-nb2-2026-06-09/cap-on/GB-SLM-CLR-50ML-ASP-LVN.png,
GB-VIA-CLR-3ML-S-08,GBVGr1DrmWhtCapSht,Vial,"Vial design 1 dram Green glass vial with white short cap. For use with perfume or fragrance oil, essential oil, aromatherapy, sample or trial size. Perfume sample vials for promotions. Price each",Green,4 ml (0.14 oz),madison_generated_evidence,https://likkskifwsrvszxdvufw.supabase.co/storage/v1/object/public/generated-images/4ab1ac72-cd7e-4faf-9152-5aa5f2862411/d4cd4ae9-a9a8-4ea6-ab6f-fd1e19078e5e/best-bottles/reference-imports/Vial/GB-VIA-CLR-3ML-S-08_1779591578010_j8hscb.png,
GB-CIR-FRS-100ML-RDC,GBCrclFrst100RdcrBrwnLthr,Circle,"Circle design 100 ml, 3 1/2oz frosted glass bottle with reducer and brown faux leather cap. For use with cologne, aftershave, splash on, and perfume or fragrance oil, beard oils. Circle design is a famiily of bottles available in 15ml, 30ml, 50ml and 100m",Frosted,100 ml (3.38 oz),madison_generated_evidence,https://likkskifwsrvszxdvufw.supabase.co/storage/v1/object/public/generated-images/4ab1ac72-cd7e-4faf-9152-5aa5f2862411/d4cd4ae9-a9a8-4ea6-ab6f-fd1e19078e5e/best-bottles/reference-imports/Circle/GB-CIR-FRS-100ML-RDC_1779525289220_fn7t0g.png,
GB-SLM-CLR-50ML-ASP-IVGD,GBSlm50AnSpIvyGl,Slim,"Slim design 50 ml, 1.7oz  clear glass bottle  with ivory vintage style bulb sprayer with shiny gold collar cap. For use with cologne, Eau de Parfum, air freshner, face and body spray, or room spray.  Antique or vintage bulb sprayers enhance the beauty of",Clear,50 ml (1.69 oz),madison_generated_evidence,https://likkskifwsrvszxdvufw.supabase.co/storage/v1/object/public/generated-images/best-bottles/local-generation/reference-backed-clear-remaining-batch-001-nb2-2026-06-09/cap-on/GB-SLM-CLR-50ML-ASP-IVGD.png,
GB-SLK-CLR-5ML-SPR-MBLK,GBSleek5SpryBlkMatt,Sleek,"Sleek design 5ml, 1/6oz Clear glass bottle with matte black spray. Fine mist sprayer for use with perfumes and colognes. Refillable, Small sized bottle for decants, promotion, samples and travel accessory. Price each",Clear,5 ml (0.17 oz),madison_generated_evidence,https://likkskifwsrvszxdvufw.supabase.co/storage/v1/object/public/generated-images/4ab1ac72-cd7e-4faf-9152-5aa5f2862411/best-bottles/reference-images/GB-SLK-CLR-5ML-SPR-MBLK__GBSleek5SpryBlkMatt__pdp-main__v001.png,
GB-ELG-FRS-15ML-RBL-SGLD,GBElgFrst15RollGlSh,Elegant,Elegant 15 ml (0.51 oz) Frosted Glass Bottle with Roller Ball Shiny Gold Cap,Frosted,15 ml (0.51 oz),madison_generated_evidence,https://likkskifwsrvszxdvufw.supabase.co/storage/v1/object/public/generated-images/4ab1ac72-cd7e-4faf-9152-5aa5f2862411/best-bottles/reference-images/GB-ELG-FRS-15ML-RBL-SGLD__GBElgFrst15RollGlSh__pdp-main__v001.png,
GB-CIR-FRS-100ML-RDC-LBLT,GBCrclFrst100RdcrLBrwnLthr,Circle,"Circle design 100 ml, 3 1/2oz frosted glass bottle with reducer and light brown faux leather cap. For use with cologne, aftershave, splash on, and perfume or fragrance oil, beard oils. Circle design is a famiily of bottles available in 15ml, 30ml, 50ml an",Frosted,100 ml (3.38 oz),madison_generated_evidence,https://likkskifwsrvszxdvufw.supabase.co/storage/v1/object/public/generated-images/4ab1ac72-cd7e-4faf-9152-5aa5f2862411/d4cd4ae9-a9a8-4ea6-ab6f-fd1e19078e5e/best-bottles/reference-imports/Circle/GB-CIR-FRS-100ML-RDC-LBLT_1779525300852_5m39zt.png,
GB-SLM-CLR-50ML-ASP-RED,GBSlm50AnSpRed,Slim,"Slim design 50 ml, 1.7oz  clear glass bottle  with red vintage style bulb sprayer with shiny silver collar cap. For use with cologne, Eau de Parfum, air freshner, face and body spray, or room spray.  Antique or vintage bulb sprayers enhance the beauty of",Clear,50 ml (1.69 oz),madison_generated_evidence,https://likkskifwsrvszxdvufw.supabase.co/storage/v1/object/public/generated-images/best-bottles/local-generation/reference-backed-clear-remaining-batch-001-nb2-2026-06-09/cap-on/GB-SLM-CLR-50ML-ASP-RED.png,
GB-CIR-FRS-100ML-RDC-MSLV-T,GBCrclFrst100RdcrMtSlTall,Circle,"Circle design 100 ml, 3 1/2oz frosted glass bottle with reducer and tall silver matte cap. For use with cologne, aftershave, splash on, and perfume or fragrance oil, beard oils. Circle design is a famiily of bottles available in 15ml, 30ml, 50ml and 100ml",Frosted,100 ml (3.38 oz),madison_generated_evidence,https://likkskifwsrvszxdvufw.supabase.co/storage/v1/object/public/generated-images/4ab1ac72-cd7e-4faf-9152-5aa5f2862411/d4cd4ae9-a9a8-4ea6-ab6f-fd1e19078e5e/best-bottles/reference-imports/Circle/GB-CIR-FRS-100ML-RDC-MSLV-T_1779525291213_0hquiv.png,
GB-CYL-AMB-5ML-SPR-MBLK,GBTulipAmb5SpryBlkMatt,Tulip,"Tulip design 5ml, 1/6 oz Amber glass bottle with matte black spray. Fine mist sprayer for use with perfumes and colognes. Refillable, Small sized bottle for decants, promotion, samples and travel accessory. Price each",Amber,5 ml (0.17 oz),madison_generated_evidence,https://likkskifwsrvszxdvufw.supabase.co/storage/v1/object/public/generated-images/4ab1ac72-cd7e-4faf-9152-5aa5f2862411/best-bottles/reference-images/GB-CYL-AMB-5ML-SPR-MBLK__GBTulipAmb5SpryBlkMatt__pdp-main__v001.png,
GB-ELG-FRS-15ML-RBL-SLV-02,GBElgFrst15RollSlSh,Elegant,Elegant 15 ml (0.51 oz) Frosted Glass Bottle with Roller Ball Silver Cap,Frosted,15 ml (0.51 oz),madison_generated_evidence,https://likkskifwsrvszxdvufw.supabase.co/storage/v1/object/public/generated-images/4ab1ac72-cd7e-4faf-9152-5aa5f2862411/best-bottles/reference-images/GB-ELG-FRS-15ML-RBL-SLV-02__GBElgFrst15RollSlSh__pdp-main__v001.png,
GB-SLM-CLR-50ML-ASP-MSLV,GBSlm50AnSpMtSl,Slim,"Slim design 50 ml, 1.7oz  clear glass bottle  with matte silver vintage style sprayer with matte silver collar cap. For use with cologne, Eau de Parfum, air freshner, face and body spray, or room spray.  Antique or vintage bulb sprayers enhance the beauty",Clear,50 ml (1.69 oz),madison_generated_evidence,https://likkskifwsrvszxdvufw.supabase.co/storage/v1/object/public/generated-images/best-bottles/local-generation/reference-backed-clear-remaining-batch-001-nb2-2026-06-09/cap-on/GB-SLM-CLR-50ML-ASP-MSLV.png,
GB-CIR-FRS-100ML-RDC-MSLV,GBCrclFrst100RdcrMtSl,Circle,"Circle design 100 ml, 3 1/2oz frosted glass bottle with reducer and silver matte cap. For use with cologne, aftershave, splash on, and perfume or fragrance oil, beard oils. Circle design is a famiily of bottles available in 15ml, 30ml, 50ml and 100ml size",Frosted,100 ml (3.38 oz),madison_generated_evidence,https://likkskifwsrvszxdvufw.supabase.co/storage/v1/object/public/generated-images/4ab1ac72-cd7e-4faf-9152-5aa5f2862411/d4cd4ae9-a9a8-4ea6-ab6f-fd1e19078e5e/best-bottles/reference-imports/Circle/GB-CIR-FRS-100ML-RDC-MSLV_1779525295759_8a48oc.png,
GB-ELG-FRS-15ML-RBL-MCPR,GBElgFrst15RollCuMatt,Elegant,Elegant 15 ml (0.51 oz) Frosted Glass Bottle with Roller Ball Matte Copper Cap,Frosted,15 ml (0.51 oz),madison_generated_evidence,https://likkskifwsrvszxdvufw.supabase.co/storage/v1/object/public/generated-images/4ab1ac72-cd7e-4faf-9152-5aa5f2862411/best-bottles/reference-images/GB-ELG-FRS-15ML-RBL-MCPR__GBElgFrst15RollCuMatt__pdp-main__v001.png,
GB-SLM-CLR-50ML-ASP-WHT,GBSlm50AnSpWht,Slim,"Slim design 50 ml, 1.7oz  clear glass bottle  with white vintage style bulb sprayer with shiny silver collar cap. For use with cologne, Eau de Parfum, air freshner, face and body spray, or room spray.  Antique or vintage bulb sprayers enhance the beauty o",Clear,50 ml (1.69 oz),madison_generated_evidence,https://likkskifwsrvszxdvufw.supabase.co/storage/v1/object/public/generated-images/best-bottles/local-generation/reference-backed-clear-remaining-batch-001-nb2-2026-06-09/cap-on/GB-SLM-CLR-50ML-ASP-WHT.png,
GB-SLK-CLR-8ML-SPR-MBLK,GBSleek8SpryBlkMatt,Sleek,"Sleek design 8ml, 1/3oz Clear glass bottle with matte black spray. Fine mist sprayer for use with perfumes and colognes. Refillable, Small sized bottle for decants, promotion, samples and travel accessory. Price each",Clear,8 ml (0.27 oz),madison_generated_evidence,https://likkskifwsrvszxdvufw.supabase.co/storage/v1/object/public/generated-images/4ab1ac72-cd7e-4faf-9152-5aa5f2862411/best-bottles/reference-images/GB-SLK-CLR-8ML-SPR-MBLK__GBSleek8SpryBlkMatt__pdp-main__v001.png,
GB-CIR-FRS-100ML-RDC-WHT,GBCrclFrst100RdcrWht,Circle,"Circle design 100 ml, 3 1/2oz frosted glass bottle with reducer and white cap. For use with cologne, aftershave, splash on, and perfume or fragrance oil, beard oils. Circle design is a famiily of bottles available in 15ml, 30ml, 50ml and 100ml size. Price",Frosted,100 ml (3.38 oz),madison_generated_evidence,https://likkskifwsrvszxdvufw.supabase.co/storage/v1/object/public/generated-images/4ab1ac72-cd7e-4faf-9152-5aa5f2862411/d4cd4ae9-a9a8-4ea6-ab6f-fd1e19078e5e/best-bottles/reference-imports/Circle/GB-CIR-FRS-100ML-RDC-WHT_1779525302495_fvvivh.png,
GB-ELG-FRS-15ML-RBL-BLK-02,GBElgFrst15RollBlkSh,Elegant,Elegant 15 ml (0.51 oz) Frosted Glass Bottle with Roller Ball Black Cap,Frosted,15 ml (0.51 oz),madison_generated_evidence,https://likkskifwsrvszxdvufw.supabase.co/storage/v1/object/public/generated-images/4ab1ac72-cd7e-4faf-9152-5aa5f2862411/best-bottles/reference-images/GB-ELG-FRS-15ML-RBL-BLK-02__GBElgFrst15RollBlkSh__pdp-main__v001.png,
GB-SLM-CLR-50ML-ASP-IVSL,GBSlm50AnSpIvySl,Slim,"Slim design 50 ml, 1.7oz  clear glass bottle  with ivory vintage style bulb sprayer with shiny silver collar cap. For use with cologne, Eau de Parfum, air freshner, face and body spray, or room spray.  Antique or vintage bulb sprayers enhance the beauty o",Clear,50 ml (1.69 oz),madison_generated_evidence,https://likkskifwsrvszxdvufw.supabase.co/storage/v1/object/public/generated-images/best-bottles/local-generation/reference-backed-clear-remaining-batch-001-nb2-2026-06-09/cap-on/GB-SLM-CLR-50ML-ASP-IVSL.png,
GB-FLR-CLR-15ML-ROL-SLDT,GBFlair15RollSlDot,Flair,"Flair design 15ml, 1/2oz Clear glass bottle with plastic roller ball plug and silver cap with dots. For use with perfume or fragrance oil, essential oils, aromatic oils and aromatherapy. Refillable, classic style bottle good for promotions and decants. Pr",Clear,15 ml (0.51 oz),madison_generated_evidence,https://likkskifwsrvszxdvufw.supabase.co/storage/v1/object/public/generated-images/4ab1ac72-cd7e-4faf-9152-5aa5f2862411/1778899865462-51219161-90d0-421d-ba74-71b029350cf0.png,
GB-SLM-CLR-50ML-AST-GLD,GBSlm50AnSpTslGl,Slim,"Slim design 50 ml, 1.7oz  clear glass bottle  with Gold vintage style bulb sprayer with tasseland shiny gold collar cap. For use with cologne, Eau de Parfum, air freshner, face and body spray, or room spray.  Antique or vintage bulb sprayers enhance the b",Clear,50 ml (1.69 oz),madison_generated_evidence,https://likkskifwsrvszxdvufw.supabase.co/storage/v1/object/public/generated-images/best-bottles/local-generation/reference-backed-clear-remaining-batch-001-nb2-2026-06-09/cap-on/GB-SLM-CLR-50ML-AST-GLD.png,
GB-FLR-CLR-15ML-ROL-MSLV,GBFlair15RollSlMatt,Flair,"Flair design 15ml, 1/2oz Clear glass bottle with plastic roller ball plug and matte silver cap. For use with perfume or fragrance oil, essential oils, aromatic oils and aromatherapy. Refillable, classic style bottle good for promotions and decants. Price",Clear,15 ml (0.51 oz),madison_generated_evidence,https://likkskifwsrvszxdvufw.supabase.co/storage/v1/object/public/generated-images/4ab1ac72-cd7e-4faf-9152-5aa5f2862411/best-bottles/reference-images/GB-FLR-CLR-15ML-ROL-MSLV__GBFlair15RollSlMatt__pdp-main__v001.png,
GB-SLM-CLR-50ML-AST-IVGD,GBSlm50AnSpTslIvyGl,Slim,"Slim design 50 ml, 1.7oz  clear glass bottle  with Ivory vintage style bulb sprayer with tassel and shiny gold collar cap. For use with cologne, Eau de Parfum, air freshner, face and body spray, or room spray.  Antique or vintage bulb sprayers enhance the",Clear,50 ml (1.69 oz),madison_generated_evidence,https://likkskifwsrvszxdvufw.supabase.co/storage/v1/object/public/generated-images/best-bottles/local-generation/reference-backed-clear-remaining-batch-001-nb2-2026-06-09/cap-on/GB-SLM-CLR-50ML-AST-IVGD.png,
GB-FLR-CLR-15ML-ROL-SSLV,GBFlair15RollSlSh,Flair,"Flair design 15ml, 1/2oz Clear glass bottle with plastic roller ball plug and shiny silver cap. For use with perfume or fragrance oil, essential oils, aromatic oils and aromatherapy. Refillable, classic style bottle good for promotions and decants. Price",Clear,15 ml (0.51 oz),madison_generated_evidence,https://likkskifwsrvszxdvufw.supabase.co/storage/v1/object/public/generated-images/4ab1ac72-cd7e-4faf-9152-5aa5f2862411/1778899923605-c0ad2bba-b3bc-4837-abb7-9ea7784b8c83.png,
GB-SLM-CLR-50ML-AST-LVN,GBSlm50AnSpTslLvn,Slim,"Slim design 50 ml, 1.7oz  clear glass bottle  with Lavender vintage style bulb sprayer with Tasseland shiny silver collar cap. For use with cologne, Eau de Parfum, air freshner, face and body spray, or room spray.  Antique or vintage bulb sprayers enhance",Clear,50 ml (1.69 oz),madison_generated_evidence,https://likkskifwsrvszxdvufw.supabase.co/storage/v1/object/public/generated-images/best-bottles/local-generation/reference-backed-clear-remaining-batch-001-nb2-2026-06-09/cap-on/GB-SLM-CLR-50ML-AST-LVN.png,
GB-FLR-CLR-15ML-ROL-SBLK,GBFlair15RollBlkSh,Flair,"Flair design 15ml, 1/2oz Clear glass bottle with plastic roller ball plug and black shiny cap. For use with perfume or fragrance oil, essential oils, aromatic oils and aromatherapy. Refillable, classic style bottle good for promotions and decants. Price e",Clear,15 ml (0.51 oz),madison_generated_evidence,https://likkskifwsrvszxdvufw.supabase.co/storage/v1/object/public/generated-images/4ab1ac72-cd7e-4faf-9152-5aa5f2862411/1778899973606-e16dc31e-5d80-4a16-8ac2-f81a8fc6158f.png,
GB-CYL-BLU-9ML-SPR-BLK,GBCylBlu9SpryBlk,Cylinder,"cylinder design 9ml, blue glass bottle with sprayer and shiny black trim. Fine mist sprayer for use with perfumes and colognes. Refillable, classic style bottle good for promotions and decants. Price each",Cobalt Blue,9 ml (0.3 oz),madison_generated_evidence,https://likkskifwsrvszxdvufw.supabase.co/storage/v1/object/public/generated-images/4ab1ac72-cd7e-4faf-9152-5aa5f2862411/d4cd4ae9-a9a8-4ea6-ab6f-fd1e19078e5e/best-bottles/reference-imports/Cylinder/GB-CYL-BLU-9ML-SPR-BLK_1779612994610_8dmoe8.png,
GB-SLM-CLR-50ML-AST-PNK,GBSlm50AnSpTslPnk,Slim,"Slim design 50 ml, 1.7oz  clear glass bottle  with Pink vintage style bulb sprayer with tassel and shiny gold collar cap. For use with cologne, Eau de Parfum, air freshner, face and body spray, or room spray.  Antique or vintage bulb sprayers enhance the",Clear,50 ml (1.69 oz),madison_generated_evidence,https://likkskifwsrvszxdvufw.supabase.co/storage/v1/object/public/generated-images/best-bottles/local-generation/reference-backed-clear-remaining-batch-001-nb2-2026-06-09/cap-on/GB-SLM-CLR-50ML-AST-PNK.png,
GB-FLR-CLR-15ML-ROL-MCPR,GBFlair15RollCuMatt,Flair,"Flair design 15ml, 1/2oz Clear glass bottle with plastic roller ball plug and matte copper cap. For use with perfume or fragrance oil, essential oils, aromatic oils and aromatherapy. Refillable, classic style bottle good for promotions and decants. Price",Clear,15 ml (0.51 oz),madison_generated_evidence,https://likkskifwsrvszxdvufw.supabase.co/storage/v1/object/public/generated-images/4ab1ac72-cd7e-4faf-9152-5aa5f2862411/best-bottles/reference-images/GB-FLR-CLR-15ML-ROL-MCPR__GBFlair15RollCuMatt__pdp-main__v001.png,
GB-CYL-FRS-9ML-SPR-BLK,GBCylFrst9SpryBlk,Cylinder,"Cylinder design 9ml,1/3 oz frosted glass bottle with fine mist sprayer with black trim and plastic overcap. For use with perfume or fragrance oil, essential oils, aromatic oils and aromatherapy. Price each",Frosted,9 ml (0.3 oz),madison_generated_evidence,https://likkskifwsrvszxdvufw.supabase.co/storage/v1/object/public/generated-images/4ab1ac72-cd7e-4faf-9152-5aa5f2862411/d4cd4ae9-a9a8-4ea6-ab6f-fd1e19078e5e/best-bottles/reference-imports/Cylinder/GB-CYL-FRS-9ML-SPR-BLK_1779613016494_3s37zd.png,
GB-SLM-CLR-50ML-AST-IVSL,GBSlm50AnSpTslIvySl,Slim,"Slim design 50 ml, 1.7oz  clear glass bottle  with Ivory vintage style bulb sprayer with tassel and shiny silver collar cap. For use with cologne, Eau de Parfum, air freshner, face and body spray, or room spray.  Antique or vintage bulb sprayers enhance t",Clear,50 ml (1.69 oz),madison_generated_evidence,https://likkskifwsrvszxdvufw.supabase.co/storage/v1/object/public/generated-images/best-bottles/local-generation/reference-backed-clear-remaining-batch-001-nb2-2026-06-09/cap-on/GB-SLM-CLR-50ML-AST-IVSL.png,
GB-FLR-CLR-15ML-ROL-MGLD,GBFlair15RollGlMatt,Flair,"Flair design 15ml, 1/2oz Clear glass bottle with plastic roller ball plug and matte gold cap. For use with perfume or fragrance oil, essential oils, aromatic oils and aromatherapy. Refillable, classic style bottle good for promotions and decants. Price ea",Clear,15 ml (0.51 oz),madison_generated_evidence,https://likkskifwsrvszxdvufw.supabase.co/storage/v1/object/public/generated-images/4ab1ac72-cd7e-4faf-9152-5aa5f2862411/best-bottles/reference-images/GB-FLR-CLR-15ML-ROL-MGLD__GBFlair15RollGlMatt__pdp-main__v001.png,
GB-CIR-CLR-50ML-SPR-MSLV,GBCrcl50SpryMtSl,Circle,"Circle design 50 ml, 1.7oz  clear glass bottle  with matte silver spray pump. For use with cologne, Eau de Parfum, air freshner, face and body spray, or room spray. Circle design is a famiily of bottles available in 15ml, 30ml, 50ml and 100ml size. Price",Clear,50 ml (1.69 oz),madison_generated_evidence,https://likkskifwsrvszxdvufw.supabase.co/storage/v1/object/public/generated-images/best-bottles/local-generation/reference-backed-clear-remaining-batch-001-nb2-2026-06-09/cap-on/GB-CIR-CLR-50ML-SPR-MSLV.png,
GB-SLM-CLR-50ML-AST-RED,GBSlm50AnSpTslRed,Slim,"Slim design 50 ml, 1.7oz  clear glass bottle  with Red vintage style bulb sprayer with tasseland shiny silver collar cap. For use with cologne, Eau de Parfum, air freshner, face and body spray, or room spray.  Antique or vintage bulb sprayers enhance the",Clear,50 ml (1.69 oz),madison_generated_evidence,https://likkskifwsrvszxdvufw.supabase.co/storage/v1/object/public/generated-images/best-bottles/local-generation/reference-backed-clear-remaining-batch-001-nb2-2026-06-09/cap-on/GB-SLM-CLR-50ML-AST-RED.png,
GB-FLR-CLR-15ML-ROL-SGLD,GBFlair15RollGlSh,Flair,"Flair design 15ml, 1/2oz Clear glass bottle with plastic roller ball plug and shiny gold cap. For use with perfume or fragrance oil, essential oils, aromatic oils and aromatherapy. Refillable, classic style bottle good for promotions and decants. Price ea",Clear,15 ml (0.51 oz),madison_generated_evidence,https://likkskifwsrvszxdvufw.supabase.co/storage/v1/object/public/generated-images/4ab1ac72-cd7e-4faf-9152-5aa5f2862411/1778900025910-13ceaf2d-1fe7-472b-9e98-21e16824c53c.png,
GB-CYL-CLR-9ML-SPR-MBLK,GBTallCyl9SpryBlkMatt,Cylinder,"Tall cylinder design 9ml, 1/3oz Clear glass bottle with matte black spray. Fine mist sprayer for use with perfumes and colognes. Refillable, slender bottle with attractive heavy base. Price each",Clear,9 ml (0.3 oz),madison_generated_evidence,https://likkskifwsrvszxdvufw.supabase.co/storage/v1/object/public/generated-images/4ab1ac72-cd7e-4faf-9152-5aa5f2862411/best-bottles/reference-images/GB-CYL-CLR-9ML-SPR-MBLK__GBTallCyl9SpryBlkMatt__pdp-main__v001.png,
GB-CIR-CLR-50ML-SPR-MGLD,GBCrcl50SpryMtGl,Circle,"Circle design 50 ml, 1.7oz  clear glass bottle  with matte gold spray pump. For use with cologne, Eau de Parfum, air freshner, face and body spray, or room spray. Circle design is a famiily of bottles available in 15ml, 30ml, 50ml and 100ml size. Price ea",Clear,50 ml (1.69 oz),madison_generated_evidence,https://likkskifwsrvszxdvufw.supabase.co/storage/v1/object/public/generated-images/best-bottles/local-generation/reference-backed-clear-remaining-batch-001-nb2-2026-06-09/cap-on/GB-CIR-CLR-50ML-SPR-MGLD.png,
GB-SLM-CLR-50ML-AST-WHT,GBSlm50AnSpTslWht,Slim,"Slim design 50 ml, 1.7oz  clear glass bottle  with White vintage style bulb sprayer with tasseland shiny silver collar cap. For use with cologne, Eau de Parfum, air freshner, face and body spray, or room spray.  Antique or vintage bulb sprayers enhance th",Clear,50 ml (1.69 oz),madison_generated_evidence,https://likkskifwsrvszxdvufw.supabase.co/storage/v1/object/public/generated-images/best-bottles/local-generation/reference-backed-clear-remaining-batch-001-nb2-2026-06-09/cap-on/GB-SLM-CLR-50ML-AST-WHT.png,
GB-FLR-CLR-15ML-ROL-PKDT,GBFlair15RollPinkDot,Flair,"Flair design 15ml, 1/2oz Clear glass bottle with plastic roller ball plug and pink cap with dots. For use with perfume or fragrance oil, essential oils, aromatic oils and aromatherapy. Refillable, classic style bottle good for promotions and decants. Pric",Clear,15 ml (0.51 oz),madison_generated_evidence,https://likkskifwsrvszxdvufw.supabase.co/storage/v1/object/public/generated-images/4ab1ac72-cd7e-4faf-9152-5aa5f2862411/1778900076148-7a93df35-e842-4387-bd1f-be95d92725d5.png,
GB-CYL-FRS-9ML-01,GBTallCylFrst9SpryBlkMatt,Cylinder,"Tall cylinder design 9ml, 1/3oz frosted glass bottle with matte black spray. Fine mist sprayer for use with perfumes and colognes. Refillable, slender bottle with attractive heavy base. Price each",Frosted,9 ml (0.3 oz),madison_generated_evidence,https://likkskifwsrvszxdvufw.supabase.co/storage/v1/object/public/generated-images/4ab1ac72-cd7e-4faf-9152-5aa5f2862411/best-bottles/reference-images/GB-CYL-FRS-9ML-01__GBTallCylFrst9SpryBlkMatt__pdp-main__v001.png,
GB-CIR-CLR-50ML-SPR-SGLD,GBCrcl50SpryShnGl,Circle,"Circle design 50 ml, 1.7oz  clear glass bottle  with shiny gold spray pump. For use with cologne, Eau de Parfum, air freshner, face and body spray, or room spray. Circle design is a famiily of bottles available in 15ml, 30ml, 50ml and 100ml size. Price ea",Clear,50 ml (1.69 oz),madison_generated_evidence,https://likkskifwsrvszxdvufw.supabase.co/storage/v1/object/public/generated-images/best-bottles/local-generation/reference-backed-clear-remaining-batch-001-nb2-2026-06-09/cap-on/GB-CIR-CLR-50ML-SPR-SGLD.png,
GB-SLM-CLR-50ML-AST-MSLV,GBSlm50AnSpTslMtSl,Slim,"Slim design 50 ml, 1.7oz  clear glass bottle  with Silver vintage style bulb sprayer with tasseland matte silver collar cap. For use with cologne, Eau de Parfum, air freshner, face and body spray, or room spray.  Antique or vintage bulb sprayers enhance t",Clear,50 ml (1.69 oz),madison_generated_evidence,https://likkskifwsrvszxdvufw.supabase.co/storage/v1/object/public/generated-images/best-bottles/local-generation/reference-backed-clear-remaining-batch-001-nb2-2026-06-09/cap-on/GB-SLM-CLR-50ML-AST-MSLV.png,
GB-CIR-CLR-50ML-SPR-SBLK,GBCrcl50SpryShnBlk,Circle,"Circle design 50 ml, 1.7oz  clear glass bottle  with shiny black spray pump. For use with cologne, Eau de Parfum, air freshner, face and body spray, or room spray. Circle design is a famiily of bottles available in 15ml, 30ml, 50ml and 100ml size. Price e",Clear,50 ml (1.69 oz),madison_generated_evidence,https://likkskifwsrvszxdvufw.supabase.co/storage/v1/object/public/generated-images/best-bottles/local-generation/reference-backed-clear-remaining-batch-001-nb2-2026-06-09/cap-on/GB-CIR-CLR-50ML-SPR-SBLK.png,
GB-SLK-CLR-5ML-GLD-T,GBSleek5Gl,Sleek,"Sleek design 5ml, 1/6oz Clear glass bottle with shiny gold cap. For use with perfume or fragrance oil, essential oils, aromatic oils and aromatherapy. Refillable, Small sized bottle for decants, promotion, samples and travel accessory. Price each",Clear,5 ml (0.17 oz),madison_generated_evidence,https://likkskifwsrvszxdvufw.supabase.co/storage/v1/object/public/generated-images/4ab1ac72-cd7e-4faf-9152-5aa5f2862411/best-bottles/reference-images/GB-SLK-CLR-5ML-GLD-T__GBSleek5Gl__pdp-main__v001.png,
GB-CIR-CLR-50ML-SPR-SSLV,GBCrcl50SpryShnSl,Circle,"Circle design 50 ml, 1.7oz  clear glass bottle  with shiny silver spray pump. For use with cologne, Eau de Parfum, air freshner, face and body spray, or room spray. Circle design is a famiily of bottles available in 15ml, 30ml, 50ml and 100ml size. Price",Clear,50 ml (1.69 oz),madison_generated_evidence,https://likkskifwsrvszxdvufw.supabase.co/storage/v1/object/public/generated-images/best-bottles/local-generation/reference-backed-clear-remaining-batch-001-nb2-2026-06-09/cap-on/GB-CIR-CLR-50ML-SPR-SSLV.png,
GB-RCT-CLR-10ML-SPR-MBLK-01,GBRect10SpryBlkMatt,Rectangle,"Footed rectangular design 10ml, 1/3oz Clear glass bottle with matte black spray. Fine mist sprayer for use with perfumes and colognes. Refillable, classic style bottle good for promotions and decants. Price each",Clear,10 ml (0.34 oz),madison_generated_evidence,https://likkskifwsrvszxdvufw.supabase.co/storage/v1/object/public/generated-images/4ab1ac72-cd7e-4faf-9152-5aa5f2862411/best-bottles/reference-images/GB-RCT-CLR-10ML-SPR-MBLK-01__GBRect10SpryBlkMatt__pdp-main__v001.png,
GB-SLK-CLR-5ML-SLV-T,GBSleek5Sl,Sleek,"Sleek design 5ml, 1/6oz Clear glass bottle with shiny silver cap. For use with perfume or fragrance oil, essential oils, aromatic oils and aromatherapy. Refillable, Small sized bottle for decants, promotion, samples and travel accessory. Price each",Clear,5 ml (0.17 oz),madison_generated_evidence,https://likkskifwsrvszxdvufw.supabase.co/storage/v1/object/public/generated-images/4ab1ac72-cd7e-4faf-9152-5aa5f2862411/best-bottles/reference-images/GB-SLK-CLR-5ML-SLV-T__GBSleek5Sl__pdp-main__v001.png,
GB-RCT-CLR-10ML-SPR-MBLK-02,GBTallRect10SpryBlkMatt,Rectangle,"Tall rectangular design 10ml, 1/3oz Clear glass bottle with matte black spray. Fine mist sprayer for use with perfumes and colognes. Refillable, slender bottle with attractive heavy base. Price each",Clear,10 ml (0.34 oz),madison_generated_evidence,https://likkskifwsrvszxdvufw.supabase.co/storage/v1/object/public/generated-images/4ab1ac72-cd7e-4faf-9152-5aa5f2862411/best-bottles/reference-images/GB-RCT-CLR-10ML-SPR-MBLK-02__GBTallRect10SpryBlkMatt__pdp-main__v001.png,
GB-CYL-AMB-5ML-GLD-T,GBTulipAmb5Gl,Tulip,"Tulip design 5ml, 1/6 oz Amber glass bottle with shiny gold cap. For use with perfume or fragrance oil, essential oils, aromatic oils and aromatherapy. Refillable, Small sized bottle for decants, promotion, samples and travel accessory. Price each",Amber,5 ml (0.17 oz),madison_generated_evidence,https://likkskifwsrvszxdvufw.supabase.co/storage/v1/object/public/generated-images/4ab1ac72-cd7e-4faf-9152-5aa5f2862411/best-bottles/reference-images/GB-CYL-AMB-5ML-GLD-T__GBTulipAmb5Gl__pdp-main__v001.png,
GB-CYL-AMB-5ML-SLV-T,GBTulipAmb5Sl,Tulip,"Tulip design 5ml, 1/6 oz Amber glass bottle with shiny silver cap. For use with perfume or fragrance oil, essential oils, aromatic oils and aromatherapy. Refillable, Small sized bottle for decants, promotion, samples and travel accessory. Price each",Amber,5 ml (0.17 oz),madison_generated_evidence,https://likkskifwsrvszxdvufw.supabase.co/storage/v1/object/public/generated-images/4ab1ac72-cd7e-4faf-9152-5aa5f2862411/best-bottles/reference-images/GB-CYL-AMB-5ML-SLV-T__GBTulipAmb5Sl__pdp-main__v001.png,
GB-CIR-CLR-15ML-SPR-MBLK,GBCrcl15SpryBlkMatt,Circle,"Circle design 15ml, 1/2oz Clear glass bottle with matte black spray. Fine mist sprayer for use with perfumes and colognes. Refillable, classic style bottle good for promotions and decants. Price each",Clear,15 ml (0.51 oz),madison_generated_evidence,https://likkskifwsrvszxdvufw.supabase.co/storage/v1/object/public/generated-images/4ab1ac72-cd7e-4faf-9152-5aa5f2862411/best-bottles/reference-images/GB-CIR-CLR-15ML-SPR-MBLK__GBCrcl15SpryBlkMatt__pdp-main__v001.png,
GB-ELG-CLR-15ML-SPR-MBLK,GBElg15SpryBlkMatt,Elegant,"Elegant design 15ml, 1/2oz Clear glass bottle with matte black spray. Fine mist sprayer for use with perfumes and colognes. Refillable, classic style bottle good for promotions and decants. Price each",Clear,15 ml (0.51 oz),madison_generated_evidence,https://likkskifwsrvszxdvufw.supabase.co/storage/v1/object/public/generated-images/4ab1ac72-cd7e-4faf-9152-5aa5f2862411/best-bottles/reference-images/GB-ELG-CLR-15ML-SPR-MBLK__GBElg15SpryBlkMatt__pdp-main__v001.png,
GB-CYL-CLR-6ML-GLD-T,GBTulip6Gl,Tulip,"Tulip design 6ml, 1/5oz Clear glass bottle with shiny gold cap. For use with perfume or fragrance oil, essential oils, aromatic oils and aromatherapy. Refillable, Small sized bottle for decants, promotion, samples and travel accessory. Price each",Clear,6 ml (0.2 oz),madison_generated_evidence,https://likkskifwsrvszxdvufw.supabase.co/storage/v1/object/public/generated-images/4ab1ac72-cd7e-4faf-9152-5aa5f2862411/best-bottles/reference-images/GB-CYL-CLR-6ML-GLD-T__GBTulip6Gl__pdp-main__v001.png,
CMP-SPR-MTCP-13-415-07,CP13-415SpryCuMt,Sprayer,"Matte Copper Fine Mist Sprayer, Thread size 13-415",,0 ml (0 oz),madison_generated_evidence,https://likkskifwsrvszxdvufw.supabase.co/storage/v1/object/public/generated-images/4ab1ac72-cd7e-4faf-9152-5aa5f2862411/best-bottles/reference-images/CMP-SPR-MTCP-13-415-07__CP13-415SpryCuMt__pdp-main__v001.png,
GB-SQR-CLR-15ML-ROL-SSLV,GBSqr15RollSlSh,Square,"Square design 15ml, 1/2oz Clear glass bottle with plastic roller ball plug and shiny silver cap. For use with perfume or fragrance oil, essential oils, aromatic oils and aromatherapy. Refillable, classic style bottle good for promotions and decants. Price",Clear,15 ml (0.51 oz),madison_generated_evidence,https://likkskifwsrvszxdvufw.supabase.co/storage/v1/object/public/generated-images/best-bottles/local-generation/reference-backed-clear-remaining-batch-001-nb2-2026-06-09/cap-on/GB-SQR-CLR-15ML-ROL-SSLV.png,
GB-ELG-FRS-15ML-SPR-BLK-01,GBElgFrst15SpryBlkMatt,Elegant,Elegant 15 ml (0.51 oz) Frosted Glass Bottle with Sprayer Black Cap,Frosted,15 ml (0.51 oz),madison_generated_evidence,https://likkskifwsrvszxdvufw.supabase.co/storage/v1/object/public/generated-images/4ab1ac72-cd7e-4faf-9152-5aa5f2862411/best-bottles/reference-images/GB-ELG-FRS-15ML-SPR-BLK-01__GBElgFrst15SpryBlkMatt__pdp-main__v001.png,
GB-CYL-CLR-6ML-SLV-T,GBTulip6Sl,Tulip,"Tulip design 6ml, 1/5oz Clear glass bottle with shiny silver cap. For use with perfume or fragrance oil, essential oils, aromatic oils and aromatherapy. Refillable, Small sized bottle for decants, promotion, samples and travel accessory. Price each",Clear,6 ml (0.2 oz),madison_generated_evidence,https://likkskifwsrvszxdvufw.supabase.co/storage/v1/object/public/generated-images/4ab1ac72-cd7e-4faf-9152-5aa5f2862411/best-bottles/reference-images/GB-CYL-CLR-6ML-SLV-T__GBTulip6Sl__pdp-main__v001.png,
CMP-SPR-SHBK-13-415-07,CP13-415SpryBlkSh,Sprayer,"Shiny black Fine Mist Sprayer, Thread size 13-415",,0 ml (0 oz),madison_generated_evidence,https://likkskifwsrvszxdvufw.supabase.co/storage/v1/object/public/generated-images/4ab1ac72-cd7e-4faf-9152-5aa5f2862411/best-bottles/reference-images/CMP-CAP-BLK-13-415-02__CP13-415SpryBlkSh__pdp-main__v001.png,
GB-FLR-CLR-15ML-SPR-MBLK,GBFlair15SpryBlkMatt,Flair,"Flair design 15ml, 1/2oz Clear glass bottle with matte black spray. Fine mist sprayer for use with perfumes and colognes. Refillable, classic style bottle good for promotions and decants. Price each",Clear,15 ml (0.51 oz),madison_generated_evidence,https://likkskifwsrvszxdvufw.supabase.co/storage/v1/object/public/generated-images/4ab1ac72-cd7e-4faf-9152-5aa5f2862411/best-bottles/reference-images/GB-FLR-CLR-15ML-SPR-MBLK__GBFlair15SpryBlkMatt__pdp-main__v001.png,
GB-CYL-WHT-6ML-WHT-S,GBTulip6WhtSht,Tulip,"Tulip design 6ml, 1/5oz Clear glass bottle with short white cap. For use with perfume or fragrance oil, essential oils, aromatic oils and aromatherapy. Refillable, Small sized bottle for decants, promotion, samples and travel accessory. Price each",Clear,6 ml (0.2 oz),madison_generated_evidence,https://likkskifwsrvszxdvufw.supabase.co/storage/v1/object/public/generated-images/4ab1ac72-cd7e-4faf-9152-5aa5f2862411/best-bottles/reference-images/GB-CYL-WHT-6ML-WHT-S__GBTulip6WhtSht__pdp-main__v001.png,
GB-SQR-CLR-15ML-ROL-SGLD,GBSqr15RollGlSh,Square,"Square design 15ml, 1/2oz Clear glass bottle with plastic roller ball plug and shiny gold cap. For use with perfume or fragrance oil, essential oils, aromatic oils and aromatherapy. Refillable, classic style bottle good for promotions and decants. Price e",Clear,15 ml (0.51 oz),madison_generated_evidence,https://likkskifwsrvszxdvufw.supabase.co/storage/v1/object/public/generated-images/best-bottles/local-generation/reference-backed-clear-remaining-batch-001-nb2-2026-06-09/cap-on/GB-SQR-CLR-15ML-ROL-SGLD.png,
CMP-SPR-MTBL-13-415-07,CP13-415SpryBluMt,Sprayer,"Matte blue Fine Mist Sprayer, Thread size 13-415",,0 ml (0 oz),madison_generated_evidence,https://likkskifwsrvszxdvufw.supabase.co/storage/v1/object/public/generated-images/4ab1ac72-cd7e-4faf-9152-5aa5f2862411/best-bottles/reference-images/CMP-CAP-13-415__CP13-415SpryBluMt__pdp-main__v001.png,
GB-SLK-CLR-8ML-SLV-T,GBSleek8Sl,Sleek,"Sleek design 8ml, 1/3oz Clear glass bottle with shiny silver cap. For use with perfume or fragrance oil, essential oils, aromatic oils and aromatherapy. Refillable, Small sized bottle for decants, promotion, samples and travel accessory. Price each",Clear,8 ml (0.27 oz),madison_generated_evidence,https://likkskifwsrvszxdvufw.supabase.co/storage/v1/object/public/generated-images/4ab1ac72-cd7e-4faf-9152-5aa5f2862411/best-bottles/reference-images/GB-SLK-CLR-8ML-SLV-T__GBSleek8Sl__pdp-main__v001.png,
CMP-SPR-SHGD-13-415-07,CP13-415SpryGlSh,Sprayer,"Shiny gold Fine Mist Sprayer, Thread size 13-415",,0 ml (0 oz),madison_generated_evidence,https://likkskifwsrvszxdvufw.supabase.co/storage/v1/object/public/generated-images/4ab1ac72-cd7e-4faf-9152-5aa5f2862411/best-bottles/reference-images/CMP-CAP-SGLD-13-415-03__CP13-415SpryGlSh__pdp-main__v001.png,
GB-SQR-CLR-15ML-ROL-MCPR,GBSqr15RollCuMatt,Square,"Square design 15ml, 1/2oz Clear glass bottle with plastic roller ball plug and matte copper cap. For use with perfume or fragrance oil, essential oils, aromatic oils and aromatherapy. Refillable, classic style bottle good for promotions and decants. Price",Clear,15 ml (0.51 oz),madison_generated_evidence,https://likkskifwsrvszxdvufw.supabase.co/storage/v1/object/public/generated-images/4ab1ac72-cd7e-4faf-9152-5aa5f2862411/best-bottles/reference-images/GB-SQR-CLR-15ML-ROL-MCPR__GBSqr15RollCuMatt__pdp-main__v001.png,
GB-SLK-CLR-8ML-GLD-T,GBSleek8Gl,Sleek,"Sleek design 8ml, 1/3oz Clear glass bottle with shiny gold cap. For use with perfume or fragrance oil, essential oils, aromatic oils and aromatherapy. Refillable, Small sized bottle for decants, promotion, samples and travel accessory. Price each",Clear,8 ml (0.27 oz),madison_generated_evidence,https://likkskifwsrvszxdvufw.supabase.co/storage/v1/object/public/generated-images/4ab1ac72-cd7e-4faf-9152-5aa5f2862411/best-bottles/reference-images/GB-SLK-CLR-8ML-GLD-T__GBSleek8Gl__pdp-main__v001.png,
CMP-SPR-MTGD-13-415-07,CP13-415SpryGlMt,Sprayer,"Matte gold Fine Mist Sprayer, Thread size 13-415",,0 ml (0 oz),madison_generated_evidence,https://likkskifwsrvszxdvufw.supabase.co/storage/v1/object/public/generated-images/4ab1ac72-cd7e-4faf-9152-5aa5f2862411/best-bottles/reference-images/CMP-CAP-SGLD-13-415-02__CP13-415SpryGlMt__pdp-main__v001.png,
GB-SQR-CLR-15ML-ROL-MGLD,GBSqr15RollGlMatt,Square,"Square design 15ml, 1/2oz Clear glass bottle with plastic roller ball plug and matte gold cap. For use with perfume or fragrance oil, essential oils, aromatic oils and aromatherapy. Refillable, classic style bottle good for promotions and decants. Price e",Clear,15 ml (0.51 oz),madison_generated_evidence,https://likkskifwsrvszxdvufw.supabase.co/storage/v1/object/public/generated-images/4ab1ac72-cd7e-4faf-9152-5aa5f2862411/best-bottles/reference-images/GB-SQR-CLR-15ML-ROL-MGLD__GBSqr15RollGlMatt__pdp-main__v001.png,
CMP-SPR-MTSL-13-415-07,CP13-415SprySlMt,Sprayer,"Matte silver Fine Mist Sprayer, Thread size 13-415",,0 ml (0 oz),madison_generated_evidence,https://likkskifwsrvszxdvufw.supabase.co/storage/v1/object/public/generated-images/4ab1ac72-cd7e-4faf-9152-5aa5f2862411/best-bottles/reference-images/CMP-CAP-SLV-13-415-02__CP13-415SprySlMt__pdp-main__v001.png,
GB-SQR-CLR-15ML-ROL-PKDT,GBSqr15RollPinkDot,Square,"Square design 15ml, 1/2oz Clear glass bottle with plastic roller ball plug and pink cap with dots. For use with perfume or fragrance oil, essential oils, aromatic oils and aromatherapy. Refillable, classic style bottle good for promotions and decants. Pri",Clear,15 ml (0.51 oz),madison_generated_evidence,https://likkskifwsrvszxdvufw.supabase.co/storage/v1/object/public/generated-images/best-bottles/local-generation/reference-backed-clear-remaining-batch-001-nb2-2026-06-09/cap-on/GB-SQR-CLR-15ML-ROL-PKDT.png,
GB-CYL-CLR-9ML-GLD-T,GBTallCyl9Gl,Cylinder,"Tall cylinder design 9ml, 1/3oz Clear glass bottle with shiny gold cap. For use with perfume or fragrance oil, essential oils, aromatic oils and aromatherapy. Refillable, slender bottle with attractive heavy base. Price each",Clear,9 ml (0.3 oz),madison_generated_evidence,https://likkskifwsrvszxdvufw.supabase.co/storage/v1/object/public/generated-images/4ab1ac72-cd7e-4faf-9152-5aa5f2862411/best-bottles/reference-images/GB-CYL-CLR-9ML-GLD-T__GBTallCyl9Gl__pdp-main__v001.png,
CMP-SPR-SHSL-13-415-07,CP13-415SprySlSh,Sprayer,"Shiny silver Fine Mist Sprayer, Thread size 13-415",,0 ml (0 oz),madison_generated_evidence,https://likkskifwsrvszxdvufw.supabase.co/storage/v1/object/public/generated-images/4ab1ac72-cd7e-4faf-9152-5aa5f2862411/best-bottles/reference-images/CMP-CAP-SLV-13-415-03__CP13-415SprySlSh__pdp-main__v001.png,
GB-CYL-CLR-9ML-SLV-T,GBTallCyl9Sl,Cylinder,"Tall cylinder design 9ml, 1/3oz Clear glass bottle with shiny silver cap. For use with perfume or fragrance oil, essential oils, aromatic oils and aromatherapy. Refillable, slender bottle with attractive heavy base. Price each",Clear,9 ml (0.3 oz),madison_generated_evidence,https://likkskifwsrvszxdvufw.supabase.co/storage/v1/object/public/generated-images/4ab1ac72-cd7e-4faf-9152-5aa5f2862411/best-bottles/reference-images/GB-CYL-CLR-9ML-SLV-T__GBTallCyl9Sl__pdp-main__v001.png,
GB-SQR-CLR-15ML-ROL-MSLV,GBSqr15RollSlMatt,Square,"Square design 15ml, 1/2oz Clear glass bottle with plastic roller ball plug and matte silver cap. For use with perfume or fragrance oil, essential oils, aromatic oils and aromatherapy. Refillable, classic style bottle good for promotions and decants. Price",Clear,15 ml (0.51 oz),madison_generated_evidence,https://likkskifwsrvszxdvufw.supabase.co/storage/v1/object/public/generated-images/4ab1ac72-cd7e-4faf-9152-5aa5f2862411/best-bottles/reference-images/GB-SQR-CLR-15ML-ROL-MSLV__GBSqr15RollSlMatt__pdp-main__v001.png,
GB-CYL-FRS-9ML-S-02,GBTallCylFrst9WhtSht,Cylinder,"Tall cylinder design 9ml, 1/3oz frosted glass bottle with short white cap. For use with perfume or fragrance oil, essential oils, aromatic oils and aromatherapy. Refillable, slender bottle with attractive heavy base. Price each",Frosted,9 ml (0.3 oz),madison_generated_evidence,https://likkskifwsrvszxdvufw.supabase.co/storage/v1/object/public/generated-images/4ab1ac72-cd7e-4faf-9152-5aa5f2862411/best-bottles/reference-images/GB-CYL-FRS-9ML-S-02__GBTallCylFrst9WhtSht__pdp-main__v001.png,
CMP-SPR-CLR-10ML,PB10SpryNat,Plastic Bottle,Plastic Bottle with Clear Spray Top and Clear Cap. Capacity: 10ml (1/3oz),Clear,10 ml (0.34 oz),madison_generated_evidence,https://likkskifwsrvszxdvufw.supabase.co/storage/v1/object/public/generated-images/4ab1ac72-cd7e-4faf-9152-5aa5f2862411/best-bottles/reference-images/CMP-SPR-CLR-10ML__PB10SpryNat__pdp-main__v001.png,
GB-CYL-FRS-9ML-T-01,GBTallCylFrst9Gl,Cylinder,"Tall cylinder design 9ml, 1/3oz frosted glass bottle with shiny gold cap. For use with perfume or fragrance oil, essential oils, aromatic oils and aromatherapy. Refillable, slender bottle with attractive heavy base. Price each",Frosted,9 ml (0.3 oz),madison_generated_evidence,https://likkskifwsrvszxdvufw.supabase.co/storage/v1/object/public/generated-images/4ab1ac72-cd7e-4faf-9152-5aa5f2862411/best-bottles/reference-images/GB-CYL-FRS-9ML-T-01__GBTallCylFrst9Gl__pdp-main__v001.png,
GB-SLK-CLR-50ML-SPR-SBLK,GBSlk50SpryShnBlk,Sleek,"Sleek design 50 ml, 1.7oz  clear glass bottle  with shiny black spray pump. For use with cologne, Eau de Parfum, air freshner, face and body spray, or room spray. Sleek design bottle is a family of bottles available in 5ml, 8ml, 30m, 50ml and 100ml. Price",Clear,50 ml (1.69 oz),madison_generated_evidence,https://likkskifwsrvszxdvufw.supabase.co/storage/v1/object/public/generated-images/best-bottles/local-generation/reference-backed-clear-remaining-batch-001-nb2-2026-06-09/cap-on/GB-SLK-CLR-50ML-SPR-SBLK.png,
GB-CYL-FRS-9ML-T-20,GBTallCylFrst9Sl,Cylinder,"Tall cylinder design 9ml, 1/3oz frosted glass bottle with shiny silver cap. For use with perfume or fragrance oil, essential oils, aromatic oils and aromatherapy. Refillable, slender bottle with attractive heavy base. Price each",Frosted,9 ml (0.3 oz),madison_generated_evidence,https://likkskifwsrvszxdvufw.supabase.co/storage/v1/object/public/generated-images/4ab1ac72-cd7e-4faf-9152-5aa5f2862411/best-bottles/reference-images/GB-CYL-FRS-9ML-T-20__GBTallCylFrst9Sl__pdp-main__v001.png,
GB-SLK-CLR-50ML-SPR-SGLD,GBSlk50SpryShnGl,Sleek,"Sleek design 50 ml, 1.7oz  clear glass bottle  with shiny gold spray pump. For use with cologne, Eau de Parfum, air freshner, face and body spray, or room spray. Sleek design bottle is a family of bottles available in 5ml, 8ml, 30m, 50ml and 100ml. Price",Clear,50 ml (1.69 oz),madison_generated_evidence,https://likkskifwsrvszxdvufw.supabase.co/storage/v1/object/public/generated-images/best-bottles/local-generation/reference-backed-clear-remaining-batch-001-nb2-2026-06-09/cap-on/GB-SLK-CLR-50ML-SPR-SGLD.png,
GB-DMD-CLR-60ML-ASP-LVN,GBDmnd2ozAnSpLvn,Diamond,"Diamond design 60ml, 2 ounce  clear glass bottle  with lavender vintage style bulb sprayer with shiny silver collar cap. For use with cologne, Eau de Parfum, air freshner, face and body spray, or room spray.  Antique or vintage bulb sprayers enhance the b",Clear,60 ml (2.03 oz),madison_generated_evidence,https://likkskifwsrvszxdvufw.supabase.co/storage/v1/object/public/generated-images/best-bottles/local-generation/reference-backed-clear-remaining-batch-001-nb2-2026-06-09/cap-on/GB-DMD-CLR-60ML-ASP-LVN.png,
GB-SLK-CLR-50ML-SPR-MSLV,GBSlk50SpryMtSl,Sleek,"Sleek design 50 ml, 1.7oz  clear glass bottle  with matte silver spray pump. For use with cologne, Eau de Parfum, air freshner, face and body spray, or room spray. Sleek design bottle is a family of bottles available in 5ml, 8ml, 30m, 50ml and 100ml. Pric",Clear,50 ml (1.69 oz),madison_generated_evidence,https://likkskifwsrvszxdvufw.supabase.co/storage/v1/object/public/generated-images/best-bottles/local-generation/reference-backed-clear-remaining-batch-001-nb2-2026-06-09/cap-on/GB-SLK-CLR-50ML-SPR-MSLV.png,
CMP-SPR-SLV-,PB1ozSprySl,Plastic Bottle,Plastic Bottle with Silver Spray Top and Clear Cap. Capacity: 1oz (30ml).,Clear,30 ml (1.01 oz),madison_generated_evidence,https://likkskifwsrvszxdvufw.supabase.co/storage/v1/object/public/generated-images/4ab1ac72-cd7e-4faf-9152-5aa5f2862411/best-bottles/reference-images/CMP-SPR-SLV-__PB1ozSprySl__pdp-main__v001.png,
GB-SPR-CLR-30ML-GLD,GBSpry1ozGl,Cylinder,Clear Glass Spray Bottle with Gold Top and Base. Capacity: 1oz (30ml),Clear,30 ml (1.01 oz),madison_generated_evidence,https://likkskifwsrvszxdvufw.supabase.co/storage/v1/object/public/generated-images/4ab1ac72-cd7e-4faf-9152-5aa5f2862411/best-bottles/reference-images/GB-SPR-CLR-30ML-GLD__GBSpry1ozGl__pdp-main__v001.png,
GB-SPR-CLR-30ML-SLV,GBSpry1ozSl,Cylinder,Clear Glass Spray Bottle with Silver Top and Base. Capacity: 1oz (30ml),Clear,30 ml (1.01 oz),madison_generated_evidence,https://likkskifwsrvszxdvufw.supabase.co/storage/v1/object/public/generated-images/4ab1ac72-cd7e-4faf-9152-5aa5f2862411/d4cd4ae9-a9a8-4ea6-ab6f-fd1e19078e5e/best-bottles/reference-imports/Cylinder/GB-SPR-CLR-30ML-SLV_1779526475658_bffxt8.png,
GB-SLM-CLR-50ML-SPR-SGLD,GBSlm50SpryShnGl,Slim,"Slim design 50 ml, 1.7oz  clear glass bottle  with shiny gold spray pump. For use with cologne, Eau de Parfum, air freshner, face and body spray, or room spray. Slim design bottle is a family of bottles available 30ml, 50ml and 100ml. Price each",Clear,50 ml (1.69 oz),madison_generated_evidence,https://www.bestbottles.com/images/store/caps/18-415SpShnGl.png,
GB-CIR-BLK-30ML-SPR-BLK,GBCrcl30SpryBlk,Circle,"Circle design 30 ml, clear glass bottle with sprayer and black cap. For use with cologne, perfume, air freshner, face and body spray, or room spray. Classic, Circle design is a family of bottles availabel in many sizes. Price each",Clear,30 ml (1.01 oz),madison_generated_evidence,https://likkskifwsrvszxdvufw.supabase.co/storage/v1/object/public/generated-images/4ab1ac72-cd7e-4faf-9152-5aa5f2862411/d4cd4ae9-a9a8-4ea6-ab6f-fd1e19078e5e/best-bottles/reference-imports/Circle/GB-CIR-BLK-30ML-SPR-BLK_1779596602384_2j00pk.png,
GB-ELG-FRS-100ML-RDC-SBLK,GBElgFrst100RdcrShnBlk,Elegant,"Elegant design 100 ml, 3 1/2oz frosted glass bottle with reducer and black shiny cap. For use with cologne, aftershave, splash on, and perfume or fragrance oil, beard oils. Elegant bottle is a family of bottles available in 5ml, 15ml, 30ml, 60ml and 100ml",Frosted,100 ml (3.38 oz),madison_generated_evidence,https://likkskifwsrvszxdvufw.supabase.co/storage/v1/object/public/generated-images/4ab1ac72-cd7e-4faf-9152-5aa5f2862411/d4cd4ae9-a9a8-4ea6-ab6f-fd1e19078e5e/best-bottles/reference-imports/Elegant/GB-ELG-FRS-100ML-RDC-SBLK_1779482998274_iz85jf.png,
GB-RCT-CLR-10ML-GLD-T-01,GBRect10Gl,Rectangle,"Footed rectangular design 10ml, 1/3oz Clear glass bottle with shiny gold cap. For use with perfume or fragrance oil, essential oils, aromatic oils and aromatherapy. Refillable, classic style bottle good for promotions and decants. Price each",Clear,10 ml (0.34 oz),madison_generated_evidence,https://likkskifwsrvszxdvufw.supabase.co/storage/v1/object/public/generated-images/4ab1ac72-cd7e-4faf-9152-5aa5f2862411/best-bottles/reference-images/GB-RCT-CLR-10ML-GLD-T-01__GBRect10Gl__pdp-main__v001.png,
GB-RCT-CLR-10ML-SLV-T-01,GBRect10Sl,Rectangle,"Footed rectangular design 10ml, 1/3oz Clear glass bottle with shiny silver cap. For use with perfume or fragrance oil, essential oils, aromatic oils and aromatherapy. Refillable, classic style bottle good for promotions and decants. Price each",Clear,10 ml (0.34 oz),madison_generated_evidence,https://likkskifwsrvszxdvufw.supabase.co/storage/v1/object/public/generated-images/4ab1ac72-cd7e-4faf-9152-5aa5f2862411/best-bottles/reference-images/GB-RCT-CLR-10ML-SLV-T-01__GBRect10Sl__pdp-main__v001.png,
GB-ELG-FRS-100ML-RDC-WHT,GBElgFrst100RdcrWht,Elegant,"Elegant design 100 ml, 3 1/2oz frosted glass bottle with reducer and white cap. For use with cologne, aftershave, splash on, and perfume or fragrance oil, beard oils. Elegant bottle is a family of bottles available in 5ml, 15ml, 30ml, 60ml and 100ml. Pric",Frosted,100 ml (3.38 oz),madison_generated_evidence,https://likkskifwsrvszxdvufw.supabase.co/storage/v1/object/public/generated-images/4ab1ac72-cd7e-4faf-9152-5aa5f2862411/d4cd4ae9-a9a8-4ea6-ab6f-fd1e19078e5e/best-bottles/reference-imports/Elegant/GB-ELG-FRS-100ML-RDC-WHT_1779482993970_ndqi60.png,
GB-ELG-FRS-100ML-RDC-IVLT,GBElgFrst100RdcrIvyLthr,Elegant,"Elegant design 100 ml, 3 1/2oz frosted glass bottle with reducer and ivory faux leather cap. For use with cologne, aftershave, splash on, and perfume or fragrance oil, beard oils. Elegant bottle is a family of bottles available in 5ml, 15ml, 30ml, 60ml an",Frosted,100 ml (3.38 oz),madison_generated_evidence,https://likkskifwsrvszxdvufw.supabase.co/storage/v1/object/public/generated-images/4ab1ac72-cd7e-4faf-9152-5aa5f2862411/d4cd4ae9-a9a8-4ea6-ab6f-fd1e19078e5e/best-bottles/reference-imports/Elegant/GB-ELG-FRS-100ML-RDC-IVLT_1779482992271_bhnepz.png,
GB-ELG-FRS-100ML-RDC-PKLT,GBElgFrst100RdcrPnkLthr,Elegant,"Elegant design 100 ml, 3 1/2oz frosted glass bottle with reducer and pink faux leather cap. For use with cologne, aftershave, splash on, and perfume or fragrance oil, beard oils. Elegant bottle is a family of bottles available in 5ml, 15ml, 30ml, 60ml and",Frosted,100 ml (3.38 oz),madison_generated_evidence,https://likkskifwsrvszxdvufw.supabase.co/storage/v1/object/public/generated-images/4ab1ac72-cd7e-4faf-9152-5aa5f2862411/d4cd4ae9-a9a8-4ea6-ab6f-fd1e19078e5e/best-bottles/reference-imports/Elegant/GB-ELG-FRS-100ML-RDC-PKLT_1779483003355_0sspka.png,
GB-ELG-BLK-30ML-SPR-BLK,GBElg30SpryBlk,Elegant,"Elegant design 30 ml, clear glass bottle with sprayer and black cap. For use with cologne, perfume, air freshner, face and body spray, or room spray. Classic, Elegant design is a family of bottles availabel in many sizes. Price each",Clear,30 ml (1.01 oz),madison_generated_evidence,https://likkskifwsrvszxdvufw.supabase.co/storage/v1/object/public/generated-images/4ab1ac72-cd7e-4faf-9152-5aa5f2862411/d4cd4ae9-a9a8-4ea6-ab6f-fd1e19078e5e/best-bottles/reference-imports/Elegant/GB-ELG-BLK-30ML-SPR-BLK_1779482930711_6nhi5r.png,
GB-RCT-CLR-10ML-GLD-T-02,GBTallRect10Gl,Rectangle,"Tall rectangular design 10ml, 1/3oz Clear glass bottle with shiny gold cap. For use with perfume or fragrance oil, essential oils, aromatic oils and aromatherapy. Refillable, slender bottle with attractive heavy base. Price each",Clear,10 ml (0.34 oz),madison_generated_evidence,https://likkskifwsrvszxdvufw.supabase.co/storage/v1/object/public/generated-images/4ab1ac72-cd7e-4faf-9152-5aa5f2862411/best-bottles/reference-images/GB-RCT-CLR-10ML-GLD-T-02__GBTallRect10Gl__pdp-main__v001.png,
GB-SLK-CLR-30ML-DRP-SLV,GBSlk30DrpSl,Sleek,"Sleek design 30 ml, 1oz  clear glass bottle  with white dropper with shiny silver collar cap. For use with perfume oils, diffuser oils, serums, primers, facial oils or face oils, moisturizer, and beard oils.Sleek design bottle is a family of bottles avail",Clear,30 ml (1.01 oz),madison_generated_evidence,https://www.bestbottles.com/images/store/caps/18-415Drp30mlShnSlTrimWhiteBulb.png,
GB-ELG-FRS-100ML-RDC-SGLD,GBElgFrst100RdcrShnGl,Elegant,"Elegant design 100 ml, 3 1/2oz frosted glass bottle with reducer and shiny gold cap. For use with cologne, aftershave, splash on, and perfume or fragrance oil, beard oils. Elegant bottle is a family of bottles available in 5ml, 15ml, 30ml, 60ml and 100ml.",Frosted,100 ml (3.38 oz),madison_generated_evidence,https://likkskifwsrvszxdvufw.supabase.co/storage/v1/object/public/generated-images/4ab1ac72-cd7e-4faf-9152-5aa5f2862411/d4cd4ae9-a9a8-4ea6-ab6f-fd1e19078e5e/best-bottles/reference-imports/Elegant/GB-ELG-FRS-100ML-RDC-SGLD_1779483004255_sg0hqh.png,
GB-ELG-FRS-30ML-SPR-BLK,GBElgFrst30SpryBlk,Elegant,"Elegant design 30 ml, Frosted glass bottle with sprayer and black cap. For use with cologne, perfume, air freshner, face and body spray, or room spray. Classic, Elegant design is a family of bottles availabel in many sizes. Price each",Frosted,30 ml (1.01 oz),madison_generated_evidence,https://likkskifwsrvszxdvufw.supabase.co/storage/v1/object/public/generated-images/4ab1ac72-cd7e-4faf-9152-5aa5f2862411/d4cd4ae9-a9a8-4ea6-ab6f-fd1e19078e5e/best-bottles/reference-imports/Elegant/GB-ELG-FRS-30ML-SPR-BLK_1779482928650_ek61jt.png,
GB-RCT-CLR-10ML-SLV-T-02,GBTallRect10Sl,Rectangle,"Tall rectangular design 10ml, 1/3oz Clear glass bottle with shiny silver cap. For use with perfume or fragrance oil, essential oils, aromatic oils and aromatherapy. Refillable, slender bottle with attractive heavy base. Price each",Clear,10 ml (0.34 oz),madison_generated_evidence,https://likkskifwsrvszxdvufw.supabase.co/storage/v1/object/public/generated-images/4ab1ac72-cd7e-4faf-9152-5aa5f2862411/best-bottles/reference-images/GB-RCT-CLR-10ML-SLV-T-02__GBTallRect10Sl__pdp-main__v001.png,
GB-ELG-FRS-100ML-RDC-SBLK-T,GBElgFrst100RdcrShnBlkTall,Elegant,"Elegant design 100 ml, 3 1/2oz frosted glass bottle with reducer and tall black shiny cap. For use with cologne, aftershave, splash on, and perfume or fragrance oil, beard oils. Elegant bottle is a family of bottles available in 5ml, 15ml, 30ml, 60ml and",Frosted,100 ml (3.38 oz),madison_generated_evidence,https://likkskifwsrvszxdvufw.supabase.co/storage/v1/object/public/generated-images/4ab1ac72-cd7e-4faf-9152-5aa5f2862411/d4cd4ae9-a9a8-4ea6-ab6f-fd1e19078e5e/best-bottles/reference-imports/Elegant/GB-ELG-FRS-100ML-RDC-SBLK-T_1779483010196_zeu4d6.png,
GB-SLM-CLR-30ML-DRP-SLV,GBSlm30DrpSl,Slim,"Slim design 30 ml, 1oz  clear glass bottle  with white dropper with shiny silver collar cap. For use with perfume oils, diffuser oils, serums, primers, facial oils or face oils, moisturizer, and beard oils.Slim design bottle is a family of bottles availab",Clear,30 ml (1.01 oz),madison_generated_evidence,https://www.bestbottles.com/images/store/caps/18-415Drp30mlShnSlTrimWhiteBulb.png,
GB-ELG-FRS-100ML-RDC-BRLT,GBElgFrst100RdcrBrwnLthr,Elegant,"Elegant design 100 ml, 3 1/2oz frosted glass bottle with reducer and brown faux leather cap. For use with cologne, aftershave, splash on, and perfume or fragrance oil, beard oils. Elegant bottle is a family of bottles available in 5ml, 15ml, 30ml, 60ml an",Frosted,100 ml (3.38 oz),madison_generated_evidence,https://likkskifwsrvszxdvufw.supabase.co/storage/v1/object/public/generated-images/4ab1ac72-cd7e-4faf-9152-5aa5f2862411/d4cd4ae9-a9a8-4ea6-ab6f-fd1e19078e5e/best-bottles/reference-imports/Elegant/GB-ELG-FRS-100ML-RDC-BRLT_1779483009357_y5zxbm.png,
GB-ELG-FRS-100ML-RDC-LBLT,GBElgFrst100RdcrLBrwnLthr,Elegant,"Elegant design 100 ml, 3 1/2oz frosted glass bottle with reducer and light brown faux leather cap. For use with cologne, aftershave, splash on, and perfume or fragrance oil, beard oils. Elegant bottle is a family of bottles available in 5ml, 15ml, 30ml, 6",Frosted,100 ml (3.38 oz),madison_generated_evidence,https://likkskifwsrvszxdvufw.supabase.co/storage/v1/object/public/generated-images/4ab1ac72-cd7e-4faf-9152-5aa5f2862411/d4cd4ae9-a9a8-4ea6-ab6f-fd1e19078e5e/best-bottles/reference-imports/Elegant/GB-ELG-FRS-100ML-RDC-LBLT_1779482997337_7ao9xo.png,
GB-DVA-FRS-46ML-DRP-SLV,GBDiva46DrpSl,Diva,"Diva design 46 ml bottle with white dropper with shiny silver collar cap, price each",Frosted,46 ml (1.56 oz),madison_generated_evidence,https://likkskifwsrvszxdvufw.supabase.co/storage/v1/object/public/generated-images/4ab1ac72-cd7e-4faf-9152-5aa5f2862411/d4cd4ae9-a9a8-4ea6-ab6f-fd1e19078e5e/best-bottles/reference-imports/Diva/GB-DVA-FRS-46ML-DRP-SLV_1779507025287_s0stdk.png,
GB-ELG-CLR-60ML-ASP-LVN,GBElg60AnSpLvn,Elegant,"Elegant design 60 ml, 2oz  clear glass bottle  with lavender vintage style bulb sprayer with shiny silver collar cap. For use with cologne, Eau de Parfum, air freshner, face and body spray, or room spray.  Antique or vintage bulb sprayers enhance the beau",Clear,60 ml (2.03 oz),madison_generated_evidence,https://likkskifwsrvszxdvufw.supabase.co/storage/v1/object/public/generated-images/4ab1ac72-cd7e-4faf-9152-5aa5f2862411/d4cd4ae9-a9a8-4ea6-ab6f-fd1e19078e5e/best-bottles/reference-imports/Elegant/GB-ELG-CLR-60ML-ASP-LVN_1779482879053_09s0wd.png,
GB-ELG-FRS-100ML-RDC-SSLV,GBElgFrst100RdcrShnSl,Elegant,"Elegant design 100 ml, 3 1/2oz frosted glass bottle with reducer and shiny silver cap. For use with cologne, aftershave, splash on, and perfume or fragrance oil, beard oils. Elegant bottle is a family of bottles available in 5ml, 15ml, 30ml, 60ml and 100m",Frosted,100 ml (3.38 oz),madison_generated_evidence,https://likkskifwsrvszxdvufw.supabase.co/storage/v1/object/public/generated-images/4ab1ac72-cd7e-4faf-9152-5aa5f2862411/d4cd4ae9-a9a8-4ea6-ab6f-fd1e19078e5e/best-bottles/reference-imports/Elegant/GB-ELG-FRS-100ML-RDC-SSLV_1779482995653_m8qequ.png,
GB-DVA-FRS-46ML-DRP-GLD,GBDiva46DrpGl,Diva,"Diva design 46 ml, 1.64oz  clear glass bottle  with white dropper with shiny gold collar cap. For use with perfume oils, diffuser oils, serums, primers, facial oils or face oils, moisturizer, and beard oils.Our Classic Diva bottle family is available in 3",Clear,46 ml (1.56 oz),madison_generated_evidence,https://likkskifwsrvszxdvufw.supabase.co/storage/v1/object/public/generated-images/4ab1ac72-cd7e-4faf-9152-5aa5f2862411/d4cd4ae9-a9a8-4ea6-ab6f-fd1e19078e5e/paper-doll/master_corrected_1779507549924_zzavvb.png,
GB-ELG-CLR-60ML-ASP-PNK,GBElg60AnSpPnk,Elegant,"Elegant design 60 ml, 2oz  clear glass bottle  with pink vintage style bulb sprayer with shiny gold collar cap. For use with cologne, Eau de Parfum, air freshner, face and body spray, or room spray.  Antique or vintage bulb sprayers enhance the beauty of",Clear,60 ml (2.03 oz),madison_generated_evidence,https://likkskifwsrvszxdvufw.supabase.co/storage/v1/object/public/generated-images/4ab1ac72-cd7e-4faf-9152-5aa5f2862411/d4cd4ae9-a9a8-4ea6-ab6f-fd1e19078e5e/best-bottles/reference-imports/Elegant/GB-ELG-CLR-60ML-ASP-PNK_1779482874690_ry12fv.png,
GB-ELG-FRS-100ML-RDC-MSLV-T,GBElgFrst100RdcrMtSlTall,Elegant,"Elegant design 100 ml, 3 1/2oz frosted glass bottle with reducer and tall silver matte cap. For use with cologne, aftershave, splash on, and perfume or fragrance oil, beard oils. Elegant bottle is a family of bottles available in 5ml, 15ml, 30ml, 60ml and",Frosted,100 ml (3.38 oz),madison_generated_evidence,https://likkskifwsrvszxdvufw.supabase.co/storage/v1/object/public/generated-images/4ab1ac72-cd7e-4faf-9152-5aa5f2862411/d4cd4ae9-a9a8-4ea6-ab6f-fd1e19078e5e/best-bottles/reference-imports/Elegant/GB-ELG-FRS-100ML-RDC-MSLV-T_1779482993107_44khvc.png,
GB-CIR-CLR-50ML-SPR-CPR,GBCrcl50SpryCu,Circle,"Circle design 50 ml, 1.7oz  clear glass bottle  with matte copper spray pump. For use with cologne, Eau de Parfum, air freshner, face and body spray, or room spray. Circle design is a famiily of bottles available in 15ml, 30ml, 50ml and 100ml size. Price",Clear,50 ml (1.69 oz),madison_generated_evidence,https://likkskifwsrvszxdvufw.supabase.co/storage/v1/object/public/generated-images/4ab1ac72-cd7e-4faf-9152-5aa5f2862411/d4cd4ae9-a9a8-4ea6-ab6f-fd1e19078e5e/best-bottles/reference-imports/Circle/GB-CIR-CLR-50ML-SPR-CPR_1779525229301_87ifyz.png,
GB-VIA-CLR-13ML-GLD-T,GBRoyal13Gl,Royal,"Royal design 13ml, 1/2oz Clear glass bottle with shiny gold cap. For use with perfume or fragrance oil, essential oils, aromatic oils and aromatherapy. Refillable, classic style bottle good for promotions and decants. Price each",Clear,13 ml (0.44 oz),madison_generated_evidence,https://likkskifwsrvszxdvufw.supabase.co/storage/v1/object/public/generated-images/4ab1ac72-cd7e-4faf-9152-5aa5f2862411/best-bottles/reference-images/GB-VIA-CLR-13ML-GLD-T__GBRoyal13Gl__pdp-main__v001.png,
GB-CIR-CLR-50ML-DRP-SLV,GBCrcl50DrpSl,Circle,"Circle design 50 ml, 1.7oz  clear glass bottle  with white dropper with shiny silver collar cap. For use with perfume oils, diffuser oils, serums, primers, facial oils or face oils, moisturizer, and beard oils.Circle design is a famiily of bottles availab",Clear,50 ml (1.69 oz),madison_generated_evidence,https://likkskifwsrvszxdvufw.supabase.co/storage/v1/object/public/generated-images/4ab1ac72-cd7e-4faf-9152-5aa5f2862411/d4cd4ae9-a9a8-4ea6-ab6f-fd1e19078e5e/best-bottles/reference-imports/Circle/GB-CIR-CLR-50ML-DRP-SLV_1779525153629_frox1w.png,
GB-ELG-CLR-60ML-ASP-MSLV,GBElg60AnSpMtSl,Elegant,"Elegant design 60 ml, 2oz  clear glass bottle  with matte silver vintage style sprayer with matte silver collar cap. For use with cologne, Eau de Parfum, air freshner, face and body spray, or room spray.  Antique or vintage bulb sprayers enhance the beaut",Clear,60 ml (2.03 oz),madison_generated_evidence,https://likkskifwsrvszxdvufw.supabase.co/storage/v1/object/public/generated-images/4ab1ac72-cd7e-4faf-9152-5aa5f2862411/d4cd4ae9-a9a8-4ea6-ab6f-fd1e19078e5e/best-bottles/reference-imports/Elegant/GB-ELG-CLR-60ML-ASP-MSLV_1779482869531_geb9ir.png,
GB-VIA-CLR-13ML-SLV-T,GBRoyal13Sl,Royal,"Royal design 13ml, 1/2oz Clear glass bottle with shiny silver cap. For use with perfume or fragrance oil, essential oils, aromatic oils and aromatherapy. Refillable, classic style bottle good for promotions and decants. Price each",Clear,13 ml (0.44 oz),madison_generated_evidence,https://likkskifwsrvszxdvufw.supabase.co/storage/v1/object/public/generated-images/4ab1ac72-cd7e-4faf-9152-5aa5f2862411/best-bottles/reference-images/GB-VIA-CLR-13ML-SLV-T__GBRoyal13Sl__pdp-main__v001.png,
GB-CIR-CLR-50ML-DRP-GLD,GBCrcl50DrpGl,Circle,"Circle design 50 ml, 1.7oz  clear glass bottle  with white dropper with shiny gold collar cap. For use with perfume oils, diffuser oils, serums, primers, facial oils or face oils, moisturizer, and beard oils.Circle design is a famiily of bottles available",Clear,50 ml (1.69 oz),madison_generated_evidence,https://likkskifwsrvszxdvufw.supabase.co/storage/v1/object/public/generated-images/4ab1ac72-cd7e-4faf-9152-5aa5f2862411/d4cd4ae9-a9a8-4ea6-ab6f-fd1e19078e5e/best-bottles/reference-imports/Circle/GB-CIR-CLR-50ML-DRP-GLD_1779525149070_bc23m5.png,
GB-ELG-CLR-60ML-ASP-IVSL,GBElg60AnSpIvySl,Elegant,"Elegant design 60 ml, 2oz  clear glass bottle  with ivory vintage style bulb sprayer with shiny silver collar cap. For use with cologne, Eau de Parfum, air freshner, face and body spray, or room spray.  Antique or vintage bulb sprayers enhance the beauty",Clear,60 ml (2.03 oz),madison_generated_evidence,https://likkskifwsrvszxdvufw.supabase.co/storage/v1/object/public/generated-images/4ab1ac72-cd7e-4faf-9152-5aa5f2862411/d4cd4ae9-a9a8-4ea6-ab6f-fd1e19078e5e/best-bottles/reference-imports/Elegant/GB-ELG-CLR-60ML-ASP-IVSL_1779482877783_zp3k5t.png,
CMP-CAP-BLK-18-400,18-400CpShortBlk,Cap/Closure,"Black lid or closure for glass bottle, Thread size 18-400",Black,0 ml (0 oz),madison_generated_evidence,https://likkskifwsrvszxdvufw.supabase.co/storage/v1/object/public/generated-images/4ab1ac72-cd7e-4faf-9152-5aa5f2862411/best-bottles/reference-images/CMP-CAP-BLK-18-400__18-400CpShortBlk__pdp-main__v001.png,
GB-ELG-CLR-60ML-ASP-SGLD,GBElg60AnSpGl,Elegant,"Elegant design 60 ml, 2oz  clear glass bottle  with gold vintage style sprayer with shiny gold collar cap. For use with cologne, Eau de Parfum, air freshner, face and body spray, or room spray.  Antique or vintage bulb sprayers enhance the beauty of your",Clear,60 ml (2.03 oz),madison_generated_evidence,https://likkskifwsrvszxdvufw.supabase.co/storage/v1/object/public/generated-images/4ab1ac72-cd7e-4faf-9152-5aa5f2862411/d4cd4ae9-a9a8-4ea6-ab6f-fd1e19078e5e/best-bottles/reference-imports/Elegant/GB-ELG-CLR-60ML-ASP-SGLD_1779482873671_ltjddb.png,
CMP-SPR-LVSL-18-415-02,AnSp18-415Lvn,Sprayer,Lavender Antique or Vintage style bulb sprayer with silver fittings. Thread Size 18-415,,0 ml (0 oz),madison_generated_evidence,https://likkskifwsrvszxdvufw.supabase.co/storage/v1/object/public/generated-images/4ab1ac72-cd7e-4faf-9152-5aa5f2862411/best-bottles/reference-images/CMP-SPR-LVN-18-415-01__AnSp18-415Lvn__pdp-main__v001.png,
GB-CIR-CLR-15ML-GLD-T,GBCrcl15Gl,Circle,"Circle design 15ml, 1/2oz Clear glass bottle with shiny gold cap. For use with perfume or fragrance oil, essential oils, aromatic oils and aromatherapy. Refillable, classic style bottle good for promotions and decants. Price each",Clear,15 ml (0.51 oz),madison_generated_evidence,https://www.bestbottles.com/images/store/caps/13-415CpShortBlk.png,
GB-ELG-CLR-60ML-SPR-SGLD,GBElg60SpryShnGl,Elegant,"Elegant design 60 ml, 2oz  clear glass bottle  with shiny gold spray pump. For use with cologne, Eau de Parfum, air freshner, face and body spray, or room spray.  Elegant bottle is a family of bottles available in 5ml, 15ml, 30ml, 60ml and 100ml. Price ea",Clear,60 ml (2.03 oz),madison_generated_evidence,https://likkskifwsrvszxdvufw.supabase.co/storage/v1/object/public/generated-images/4ab1ac72-cd7e-4faf-9152-5aa5f2862411/d4cd4ae9-a9a8-4ea6-ab6f-fd1e19078e5e/best-bottles/reference-imports/Elegant/GB-ELG-CLR-60ML-SPR-SGLD_1779482960877_fmrzhi.png,
GB-ELG-CLR-60ML-ASP-IVGD,GBElg60AnSpIvyGl,Elegant,"Elegant design 60 ml, 2oz  clear glass bottle  with ivory vintage style bulb sprayer with shiny gold collar cap. For use with cologne, Eau de Parfum, air freshner, face and body spray, or room spray.  Antique or vintage bulb sprayers enhance the beauty of",Clear,60 ml (2.03 oz),madison_generated_evidence,https://likkskifwsrvszxdvufw.supabase.co/storage/v1/object/public/generated-images/4ab1ac72-cd7e-4faf-9152-5aa5f2862411/d4cd4ae9-a9a8-4ea6-ab6f-fd1e19078e5e/best-bottles/reference-imports/Elegant/GB-ELG-CLR-60ML-ASP-IVGD_1779482861489_6pycfp.png,
GB-ELG-CLR-60ML-SPR-SBLK,GBElg60SpryShnBlk,Elegant,"Elegant design 60 ml, 2oz  clear glass bottle  with shiny black spray pump. For use with cologne, Eau de Parfum, air freshner, face and body spray, or room spray.  Elegant bottle is a family of bottles available in 5ml, 15ml, 30ml, 60ml and 100ml. Price e",Clear,60 ml (2.03 oz),madison_generated_evidence,https://likkskifwsrvszxdvufw.supabase.co/storage/v1/object/public/generated-images/4ab1ac72-cd7e-4faf-9152-5aa5f2862411/d4cd4ae9-a9a8-4ea6-ab6f-fd1e19078e5e/best-bottles/reference-imports/Elegant/GB-ELG-CLR-60ML-SPR-SBLK_1779482965114_g537g4.png,
GB-ELG-CLR-60ML-ASP-WHT-01,GBElg60AnSpWht,Elegant,"Elegant design 60 ml, 2oz  clear glass bottle  with white vintage style bulb sprayer with shiny silver collar cap. For use with cologne, Eau de Parfum, air freshner, face and body spray, or room spray.  Antique or vintage bulb sprayers enhance the beauty",Clear,60 ml (2.03 oz),madison_generated_evidence,https://likkskifwsrvszxdvufw.supabase.co/storage/v1/object/public/generated-images/4ab1ac72-cd7e-4faf-9152-5aa5f2862411/d4cd4ae9-a9a8-4ea6-ab6f-fd1e19078e5e/best-bottles/reference-imports/Elegant/GB-ELG-CLR-60ML-ASP-WHT-01_1779482864625_3vveod.png,
CMP-SPR-MTSL-18-415-04,AnSp18-415MtSl,Sprayer,Matte Silver Antique or Vintage style bulb sprayer with silver fittings. Thread Size 18-415,,0 ml (0 oz),madison_generated_evidence,https://likkskifwsrvszxdvufw.supabase.co/storage/v1/object/public/generated-images/4ab1ac72-cd7e-4faf-9152-5aa5f2862411/best-bottles/reference-images/CMP-SPR-MSLV-18-415-01__AnSp18-415MtSl__pdp-main__v001.png,
GB-CIR-WHT-15ML-WHT-S,GBCrcl15WhtSht,Circle,"Circle design 15ml, 1/2oz Clear glass bottle with short white cap. For use with perfume or fragrance oil, essential oils, aromatic oils and aromatherapy. Refillable, classic style bottle good for promotions and decants. Price each",Clear,15 ml (0.51 oz),madison_generated_evidence,https://likkskifwsrvszxdvufw.supabase.co/storage/v1/object/public/generated-images/4ab1ac72-cd7e-4faf-9152-5aa5f2862411/d4cd4ae9-a9a8-4ea6-ab6f-fd1e19078e5e/best-bottles/reference-imports/Circle/GB-CIR-WHT-15ML-WHT-S_1779596586057_5oodl9.png,
GB-ELG-CLR-60ML-SPR-MGLD,GBElg60SpryMtGl,Elegant,"Elegant design 60 ml, 2oz  clear glass bottle  with matte gold spray pump. For use with cologne, Eau de Parfum, air freshner, face and body spray, or room spray.  Elegant bottle is a family of bottles available in 5ml, 15ml, 30ml, 60ml and 100ml. Price ea",Clear,60 ml (2.03 oz),madison_generated_evidence,https://likkskifwsrvszxdvufw.supabase.co/storage/v1/object/public/generated-images/4ab1ac72-cd7e-4faf-9152-5aa5f2862411/d4cd4ae9-a9a8-4ea6-ab6f-fd1e19078e5e/best-bottles/reference-imports/Elegant/GB-ELG-CLR-60ML-SPR-MGLD_1779482956578_ije17m.png,
GB-ELG-CLR-60ML-ASP-RED,GBElg60AnSpRed,Elegant,"Elegant design 60 ml, 2oz  clear glass bottle  with red vintage style bulb sprayer with shiny silver collar cap. For use with cologne, Eau de Parfum, air freshner, face and body spray, or room spray.  Antique or vintage bulb sprayers enhance the beauty of",Clear,60 ml (2.03 oz),madison_generated_evidence,https://likkskifwsrvszxdvufw.supabase.co/storage/v1/object/public/generated-images/4ab1ac72-cd7e-4faf-9152-5aa5f2862411/d4cd4ae9-a9a8-4ea6-ab6f-fd1e19078e5e/best-bottles/reference-imports/Elegant/GB-ELG-CLR-60ML-ASP-RED_1779482865488_csiqzo.png,
CMP-SPR-IVSL-18-415-04,AnSp18-415IvySl,Sprayer,Ivory Silver Antique or Vintage style bulb sprayer with silver fittings. Thread Size 18-415,,0 ml (0 oz),madison_generated_evidence,https://likkskifwsrvszxdvufw.supabase.co/storage/v1/object/public/generated-images/4ab1ac72-cd7e-4faf-9152-5aa5f2862411/best-bottles/reference-images/CMP-SPR-IVSL-18-415-01__AnSp18-415IvySl__pdp-main__v001.png,
GB-ELG-CLR-15ML-SLV-T-01,GBElg15Sl,Elegant,"Elegant design 15ml, 1/2oz Clear glass bottle with shiny silver cap. For use with perfume or fragrance oil, essential oils, aromatic oils and aromatherapy. Refillable, classic style bottle good for promotions and decants. Price each",Clear,15 ml (0.51 oz),madison_generated_evidence,https://likkskifwsrvszxdvufw.supabase.co/storage/v1/object/public/generated-images/4ab1ac72-cd7e-4faf-9152-5aa5f2862411/best-bottles/reference-images/GB-ELG-CLR-15ML-SLV-T-01__GBElg15Sl__pdp-main__v001.png,
GB-ELG-CLR-60ML-SPR-SSLV,GBElg60SpryShnSl,Elegant,"Elegant design 60 ml, 2oz  clear glass bottle  with shiny silver spray pump. For use with cologne, Eau de Parfum, air freshner, face and body spray, or room spray.  Elegant bottle is a family of bottles available in 5ml, 15ml, 30ml, 60ml and 100ml. Price",Clear,60 ml (2.03 oz),madison_generated_evidence,https://likkskifwsrvszxdvufw.supabase.co/storage/v1/object/public/generated-images/4ab1ac72-cd7e-4faf-9152-5aa5f2862411/d4cd4ae9-a9a8-4ea6-ab6f-fd1e19078e5e/best-bottles/reference-imports/Elegant/GB-ELG-CLR-60ML-SPR-SSLV_1779482966090_4zdizq.png,
GB-ELG-CLR-60ML-AST-LVN,GBElg60AnSpTslLvn,Elegant,"Elegant design 60 ml, 2oz  clear glass bottle  with Lavender vintage style bulb sprayer with tassel with shiny silver collar cap. For use with cologne, Eau de Parfum, air freshner, face and body spray, or room spray.  Antique or vintage bulb sprayers enha",Clear,60 ml (2.03 oz),madison_generated_evidence,https://likkskifwsrvszxdvufw.supabase.co/storage/v1/object/public/generated-images/4ab1ac72-cd7e-4faf-9152-5aa5f2862411/d4cd4ae9-a9a8-4ea6-ab6f-fd1e19078e5e/best-bottles/reference-imports/Elegant/GB-ELG-CLR-60ML-AST-LVN_1779482842535_tk5a1g.png,
GB-ELG-WHT-15ML-WHT-S,GBElg15WhtSht,Elegant,"Elegant design 15ml, 1/2oz Clear glass bottle with short white cap. For use with perfume or fragrance oil, essential oils, aromatic oils and aromatherapy. Refillable, classic style bottle good for promotions and decants. Price each",Clear,15 ml (0.51 oz),madison_generated_evidence,https://likkskifwsrvszxdvufw.supabase.co/storage/v1/object/public/generated-images/4ab1ac72-cd7e-4faf-9152-5aa5f2862411/d4cd4ae9-a9a8-4ea6-ab6f-fd1e19078e5e/best-bottles/reference-imports/Elegant/GB-ELG-WHT-15ML-WHT-S_1779482902691_fj683r.png,
GB-ELG-CLR-60ML-SPR-MSLV,GBElg60SpryMtSl,Elegant,"Elegant design 60 ml, 2oz  clear glass bottle  with matte silver spray pump. For use with cologne, Eau de Parfum, air freshner, face and body spray, or room spray.  Elegant bottle is a family of bottles available in 5ml, 15ml, 30ml, 60ml and 100ml. Price",Clear,60 ml (2.03 oz),madison_generated_evidence,https://likkskifwsrvszxdvufw.supabase.co/storage/v1/object/public/generated-images/4ab1ac72-cd7e-4faf-9152-5aa5f2862411/d4cd4ae9-a9a8-4ea6-ab6f-fd1e19078e5e/best-bottles/reference-imports/Elegant/GB-ELG-CLR-60ML-SPR-MSLV_1779482963106_suzcg0.png,
GB-ELG-CLR-60ML-AST-IVGD,GBElg60AnSpTslIvyGl,Elegant,"Elegant design 60 ml, 2oz  clear glass bottle  with Ivory vintage style bulb sprayer with tassel with shiny gold collar cap. For use with cologne, Eau de Parfum, air freshner, face and body spray, or room spray.  Antique or vintage bulb sprayers enhance t",Clear,60 ml (2.03 oz),madison_generated_evidence,https://likkskifwsrvszxdvufw.supabase.co/storage/v1/object/public/generated-images/4ab1ac72-cd7e-4faf-9152-5aa5f2862411/d4cd4ae9-a9a8-4ea6-ab6f-fd1e19078e5e/best-bottles/reference-imports/Elegant/GB-ELG-CLR-60ML-AST-IVGD_1779482856132_lta0u0.png,
CMP-SPR-GDIV-18-415-02,AnSp18-415IvyGl,Sprayer,Ivory Gold Antique or Vintage style bulb sprayer with Gold fittings. Thread Size 18-415,,0 ml (0 oz),madison_generated_evidence,https://likkskifwsrvszxdvufw.supabase.co/storage/v1/object/public/generated-images/4ab1ac72-cd7e-4faf-9152-5aa5f2862411/best-bottles/reference-images/CMP-SPR-IVGD-18-415-01__AnSp18-415IvyGl__pdp-main__v001.png,
GB-CIR-CLR-15ML-BLK-S,GBCrcl15BlkSht,Circle,"Circle design 15ml, 1/2oz Clear glass bottle with short black cap. For use with perfume or fragrance oil, essential oils, aromatic oils and aromatherapy. Refillable, classic style bottle good for promotions and decants. Price each",Clear,15 ml (0.51 oz),madison_generated_evidence,https://likkskifwsrvszxdvufw.supabase.co/storage/v1/object/public/generated-images/4ab1ac72-cd7e-4faf-9152-5aa5f2862411/d4cd4ae9-a9a8-4ea6-ab6f-fd1e19078e5e/best-bottles/reference-imports/Circle/GB-CIR-CLR-15ML-BLK-S_1779596587350_gc98wk.png,
GB-ELG-CLR-60ML-SPR-CPR,GBElg60SpryCu,Elegant,"Elegant design 60 ml, 2oz  clear glass bottle  with matte copper spray pump. For use with cologne, Eau de Parfum, air freshner, face and body spray, or room spray.  Elegant bottle is a family of bottles available in 5ml, 15ml, 30ml, 60ml and 100ml. Price",Clear,60 ml (2.03 oz),madison_generated_evidence,https://likkskifwsrvszxdvufw.supabase.co/storage/v1/object/public/generated-images/4ab1ac72-cd7e-4faf-9152-5aa5f2862411/d4cd4ae9-a9a8-4ea6-ab6f-fd1e19078e5e/best-bottles/reference-imports/Elegant/GB-ELG-CLR-60ML-SPR-CPR_1779482957382_8hjt1c.png,
GB-ELG-CLR-15ML-GLD-T,GBElg15Gl,Elegant,"Elegant design 15ml, 1/2oz Clear glass bottle with shiny gold cap. For use with perfume or fragrance oil, essential oils, aromatic oils and aromatherapy. Refillable, classic style bottle good for promotions and decants. Price each",Clear,15 ml (0.51 oz),madison_generated_evidence,https://likkskifwsrvszxdvufw.supabase.co/storage/v1/object/public/generated-images/4ab1ac72-cd7e-4faf-9152-5aa5f2862411/best-bottles/reference-images/GB-ELG-CLR-15ML-GLD-T__GBElg15Gl__pdp-main__v001.png,
GB-ELG-FRS-60ML-SPR-SBLK,GBElgFrst60SpryShnBlk,Elegant,"Elegant design 60 ml, 2oz frosted glass bottle with shiny black spray pump. For use with perfume or fragrance oil, essential oils, aromatic oils and aromatherapy. .  Elegant bottle is a family of bottles available in 5ml, 15ml, 30ml, 60ml and 100ml. Pric",Frosted,60 ml (2.03 oz),madison_generated_evidence,https://likkskifwsrvszxdvufw.supabase.co/storage/v1/object/public/generated-images/4ab1ac72-cd7e-4faf-9152-5aa5f2862411/d4cd4ae9-a9a8-4ea6-ab6f-fd1e19078e5e/best-bottles/reference-imports/Elegant/GB-ELG-FRS-60ML-SPR-SBLK_1779482958264_3bnq4s.png,
GB-ELG-CLR-60ML-ASP-02,GBElg60AnSpTslIvySl,Elegant,"Elegant design 60 ml, 2oz  clear glass bottle  with Ivory vintage style bulb sprayer with tassel with shiny silver collar cap. For use with cologne, Eau de Parfum, air freshner, face and body spray, or room spray.  Antique or vintage bulb sprayers enhance",Clear,60 ml (2.03 oz),madison_generated_evidence,https://likkskifwsrvszxdvufw.supabase.co/storage/v1/object/public/generated-images/4ab1ac72-cd7e-4faf-9152-5aa5f2862411/d4cd4ae9-a9a8-4ea6-ab6f-fd1e19078e5e/best-bottles/reference-imports/Elegant/GB-ELG-CLR-60ML-ASP-02_1779482862562_sx322z.png,
CMP-SPR-SLWH-18-415-02,AnSp18-415Wht,Sprayer,White Antique or Vintage style bulb sprayer with silver fittings. Thread Size 18-415,,0 ml (0 oz),madison_generated_evidence,https://likkskifwsrvszxdvufw.supabase.co/storage/v1/object/public/generated-images/4ab1ac72-cd7e-4faf-9152-5aa5f2862411/best-bottles/reference-images/CMP-SPR-WHT-18-415-01__AnSp18-415Wht__pdp-main__v001.png,
GB-ELG-CLR-15ML-BLK-S-01,GBElg15BlkSht,Elegant,"Elegant design 15ml, 1/2oz Clear glass bottle with short black cap. For use with perfume or fragrance oil, essential oils, aromatic oils and aromatherapy. Refillable, classic style bottle good for promotions and decants. Price each",Clear,15 ml (0.51 oz),madison_generated_evidence,https://likkskifwsrvszxdvufw.supabase.co/storage/v1/object/public/generated-images/4ab1ac72-cd7e-4faf-9152-5aa5f2862411/d4cd4ae9-a9a8-4ea6-ab6f-fd1e19078e5e/best-bottles/reference-imports/Elegant/GB-ELG-CLR-15ML-BLK-S-01_1779482901723_k2ja8u.png,
GB-ELG-FRS-60ML-SPR-CPR,GBElgFrst60SpryCu,Elegant,"Elegant design 60 ml, 2oz frosted glass bottle with matte copper spray pump. For use with cologne, Eau de Parfum, air freshner, face and body spray, or room spray.  Elegant bottle is a family of bottles available in 5ml, 15ml, 30ml, 60ml and 100ml. Price",Frosted,60 ml (2.03 oz),madison_generated_evidence,https://likkskifwsrvszxdvufw.supabase.co/storage/v1/object/public/generated-images/4ab1ac72-cd7e-4faf-9152-5aa5f2862411/d4cd4ae9-a9a8-4ea6-ab6f-fd1e19078e5e/best-bottles/reference-imports/Elegant/GB-ELG-FRS-60ML-SPR-CPR_1779482959072_fmdfx6.png,
GB-ELG-FRS-15ML-WHT-S,GBElgFrst15WhtSht,Elegant,Elegant 15 ml (0.51 oz) Frosted Glass Bottle Short White Cap,Frosted,15 ml (0.51 oz),madison_generated_evidence,https://likkskifwsrvszxdvufw.supabase.co/storage/v1/object/public/generated-images/4ab1ac72-cd7e-4faf-9152-5aa5f2862411/best-bottles/reference-images/GB-ELG-FRS-15ML-WHT-S__GBElgFrst15WhtSht__pdp-main__v001.png,
GB-ELG-FRS-60ML-SPR-SGLD,GBElgFrst60SpryShnGl,Elegant,"Elegant design 60 ml, 2oz frosted glass bottle with shiny gold spray pump. For use with cologne, Eau de Parfum, air freshner, face and body spray, or room spray.  Elegant bottle is a family of bottles available in 5ml, 15ml, 30ml, 60ml and 100ml. Price ea",Frosted,60 ml (2.03 oz),madison_generated_evidence,https://likkskifwsrvszxdvufw.supabase.co/storage/v1/object/public/generated-images/4ab1ac72-cd7e-4faf-9152-5aa5f2862411/d4cd4ae9-a9a8-4ea6-ab6f-fd1e19078e5e/best-bottles/reference-imports/Elegant/GB-ELG-FRS-60ML-SPR-SGLD_1779482963970_gstgds.png,
GB-ELG-CLR-60ML-ASP-05,GBElg60AnSpTslWht,Elegant,"Elegant design 60 ml, 2oz  clear glass bottle  with White vintage style bulb sprayer with tassel with shiny silver collar cap. For use with cologne, Eau de Parfum, air freshner, face and body spray, or room spray.  Antique or vintage bulb sprayers enhance",Clear,60 ml (2.03 oz),madison_generated_evidence,https://likkskifwsrvszxdvufw.supabase.co/storage/v1/object/public/generated-images/4ab1ac72-cd7e-4faf-9152-5aa5f2862411/d4cd4ae9-a9a8-4ea6-ab6f-fd1e19078e5e/best-bottles/reference-imports/Elegant/GB-ELG-CLR-60ML-ASP-05_1779482858257_ibnw8r.png,
CMP-SPR-RDSL-18-415-02,AnSp18-415Red,Sprayer,Red Antique or Vintage style bulb sprayer with silver fittings. Thread Size 18-415,,0 ml (0 oz),madison_generated_evidence,https://likkskifwsrvszxdvufw.supabase.co/storage/v1/object/public/generated-images/4ab1ac72-cd7e-4faf-9152-5aa5f2862411/best-bottles/reference-images/CMP-SPR-RED-18-415-01__AnSp18-415Red__pdp-main__v001.png,
GB-ELG-FRS-15ML-BLK-S-02,GBElgFrst15BlkSht,Elegant,Elegant 15 ml (0.51 oz) Frosted Glass Bottle Short Black Cap,Frosted,15 ml (0.51 oz),madison_generated_evidence,https://likkskifwsrvszxdvufw.supabase.co/storage/v1/object/public/generated-images/4ab1ac72-cd7e-4faf-9152-5aa5f2862411/best-bottles/reference-images/GB-ELG-FRS-15ML-BLK-S-02__GBElgFrst15BlkSht__pdp-main__v001.png,
GB-RND-CLR-78ML-SPR-CPR,GBRnd78SpryCu,Round,"Round design 78 ml, 2.65oz  clear glass bottle  with matte copper spray pump. For use with cologne, Eau de Parfum, air freshner, face and body spray, or room spray. Round design bottle is available in 2 sizes - 78ml and 128 ml. Price each",Clear,78 ml (2.64 oz),madison_generated_evidence,https://likkskifwsrvszxdvufw.supabase.co/storage/v1/object/public/generated-images/4ab1ac72-cd7e-4faf-9152-5aa5f2862411/d4cd4ae9-a9a8-4ea6-ab6f-fd1e19078e5e/best-bottles/reference-imports/Round/GB-RND-CLR-78ML-SPR-CPR_1779532341604_cmtjrl.png,
GB-ELG-FRS-15ML-SGLD-T,GBElgFrst15Gl,Elegant,Elegant 15 ml (0.51 oz) Frosted Glass Bottle Tall Shiny Gold Cap,Frosted,15 ml (0.51 oz),madison_generated_evidence,https://likkskifwsrvszxdvufw.supabase.co/storage/v1/object/public/generated-images/4ab1ac72-cd7e-4faf-9152-5aa5f2862411/best-bottles/reference-images/GB-ELG-FRS-15ML-SGLD-T__GBElgFrst15Gl__pdp-main__v001.png,
GB-ELG-FRS-60ML-SPR-MSLV,GBElgFrst60SpryMtSl,Elegant,"Elegant design 60 ml, 2oz frosted glass bottle with matte silver spray pump. For use with cologne, Eau de Parfum, air freshner, face and body spray, or room spray.  Elegant bottle is a family of bottles available in 5ml, 15ml, 30ml, 60ml and 100ml. Price",Frosted,60 ml (2.03 oz),madison_generated_evidence,https://likkskifwsrvszxdvufw.supabase.co/storage/v1/object/public/generated-images/4ab1ac72-cd7e-4faf-9152-5aa5f2862411/d4cd4ae9-a9a8-4ea6-ab6f-fd1e19078e5e/best-bottles/reference-imports/Elegant/GB-ELG-FRS-60ML-SPR-MSLV_1779482955812_8xmf2r.png,
GB-ELG-CLR-60ML-AST-PNK,GBElg60AnSpTslPnk,Elegant,"Elegant design 60 ml, 2oz  clear glass bottle  with Pink vintage style bulb sprayer with tassel with shiny gold collar cap. For use with cologne, Eau de Parfum, air freshner, face and body spray, or room spray.  Antique or vintage bulb sprayers enhance th",Clear,60 ml (2.03 oz),madison_generated_evidence,https://likkskifwsrvszxdvufw.supabase.co/storage/v1/object/public/generated-images/4ab1ac72-cd7e-4faf-9152-5aa5f2862411/d4cd4ae9-a9a8-4ea6-ab6f-fd1e19078e5e/best-bottles/reference-imports/Elegant/GB-ELG-CLR-60ML-AST-PNK_1779482850382_jfez6i.png,
CMP-SPR-LVSLWH-18-415-02,AnSpTsl18-415Lvn,Sprayer,Lavender Antique or Vintage style bulb sprayer with silver fittings and tassel. Thread Size 18-415,,0 ml (0 oz),madison_generated_evidence,https://likkskifwsrvszxdvufw.supabase.co/storage/v1/object/public/generated-images/4ab1ac72-cd7e-4faf-9152-5aa5f2862411/best-bottles/reference-images/CMP-SPR-LVN-18-415-02__AnSpTsl18-415Lvn__pdp-main__v001.png,
GB-FLR-CLR-15ML-BLK-S,GBFlair15BlkSht,Flair,"Flair design 15ml, 1/2oz Clear glass bottle with short black cap. For use with perfume or fragrance oil, essential oils, aromatic oils and aromatherapy. Refillable, classic style bottle good for promotions and decants. Price each",Clear,15 ml (0.51 oz),madison_generated_evidence,https://www.bestbottles.com/images/store/caps/13-415CpShortBlk.png,
GB-RND-FRS-78ML-SPR-CPR,GBRndFrst78SpryCu,Round,"Round design 78 ml, 2.65oz frosted glass bottle with matte copper spray pump. For use with cologne, Eau de Parfum, air freshner, face and body spray, or room spray. Round design bottle is available in 2 sizes - 78ml and 128 ml. Price each",Frosted,78 ml (2.64 oz),madison_generated_evidence,https://likkskifwsrvszxdvufw.supabase.co/storage/v1/object/public/generated-images/4ab1ac72-cd7e-4faf-9152-5aa5f2862411/d4cd4ae9-a9a8-4ea6-ab6f-fd1e19078e5e/best-bottles/reference-imports/Round/GB-RND-FRS-78ML-SPR-CPR_1779532343081_031qeh.png,
GB-ELG-FRS-15ML-SLV-T-02,GBElgFrst15Sl,Elegant,Elegant 15 ml (0.51 oz) Frosted Glass Bottle Tall Silver Cap,Frosted,15 ml (0.51 oz),madison_generated_evidence,https://likkskifwsrvszxdvufw.supabase.co/storage/v1/object/public/generated-images/4ab1ac72-cd7e-4faf-9152-5aa5f2862411/best-bottles/reference-images/GB-ELG-FRS-15ML-SLV-T-02__GBElgFrst15Sl__pdp-main__v001.png,
GB-ELG-FRS-60ML-SPR-SSLV,GBElgFrst60SpryShnSl,Elegant,"Elegant design 60 ml, 2oz frosted glass bottle with shiny silver spray pump. For use with cologne, Eau de Parfum, air freshner, face and body spray, or room spray.  Elegant bottle is a family of bottles available in 5ml, 15ml, 30ml, 60ml and 100ml. Price",Frosted,60 ml (2.03 oz),madison_generated_evidence,https://likkskifwsrvszxdvufw.supabase.co/storage/v1/object/public/generated-images/4ab1ac72-cd7e-4faf-9152-5aa5f2862411/d4cd4ae9-a9a8-4ea6-ab6f-fd1e19078e5e/best-bottles/reference-imports/Elegant/GB-ELG-FRS-60ML-SPR-SSLV_1779482960007_327e1j.png,
GB-ELG-CLR-60ML-ASP-04,GBElg60AnSpTslRed,Elegant,"Elegant design 60 ml, 2oz  clear glass bottle  with Red vintage style bulb sprayer with tassel with shiny silver collar cap. For use with cologne, Eau de Parfum, air freshner, face and body spray, or room spray.  Antique or vintage bulb sprayers enhance t",Clear,60 ml (2.03 oz),madison_generated_evidence,https://likkskifwsrvszxdvufw.supabase.co/storage/v1/object/public/generated-images/4ab1ac72-cd7e-4faf-9152-5aa5f2862411/d4cd4ae9-a9a8-4ea6-ab6f-fd1e19078e5e/best-bottles/reference-imports/Elegant/GB-ELG-CLR-60ML-ASP-04_1779482859372_s004qh.png,
CMP-SPR-GDIVSLWH-18-415-02,AnSpTsl18-415IvyGl,Sprayer,Ivory Gold Antique or Vintage style bulb sprayer with Gold fittings and tassel. Thread Size 18-415,,0 ml (0 oz),madison_generated_evidence,https://likkskifwsrvszxdvufw.supabase.co/storage/v1/object/public/generated-images/4ab1ac72-cd7e-4faf-9152-5aa5f2862411/best-bottles/reference-images/CMP-SPR-IVGD-18-415-02__AnSpTsl18-415IvyGl__pdp-main__v001.png,
GB-CIR-CLR-100ML-SPR-CPR,GBCrcl100SpryCu,Circle,"Circle design 100 ml, 3 1/2oz  clear glass bottle  with matte copper spray pump. For use with cologne, Eau de Parfum, air freshner, face and body spray, or room spray. Circle design is a famiily of bottles available in 15ml, 30ml, 50ml and 100ml size. Pri",Clear,100 ml (3.38 oz),madison_generated_evidence,https://likkskifwsrvszxdvufw.supabase.co/storage/v1/object/public/generated-images/4ab1ac72-cd7e-4faf-9152-5aa5f2862411/d4cd4ae9-a9a8-4ea6-ab6f-fd1e19078e5e/paper-doll/master_corrected_1779529197608_c23bbc.png,
GB-VIA-CLR-15ML-GLD-T-01,GBFlair15Gl,Flair,"Flair design 15ml, 1/2oz Clear glass bottle with shiny gold cap. For use with perfume or fragrance oil, essential oils, aromatic oils and aromatherapy. Refillable, classic style bottle good for promotions and decants. Price each",Clear,15 ml (0.51 oz),madison_generated_evidence,https://likkskifwsrvszxdvufw.supabase.co/storage/v1/object/public/generated-images/4ab1ac72-cd7e-4faf-9152-5aa5f2862411/best-bottles/reference-images/GB-VIA-CLR-15ML-GLD-T-01__GBFlair15Gl__pdp-main__v001.png,
GB-ELG-FRS-60ML-SPR-MGLD,GBElgFrst60SpryMtGl,Elegant,"Elegant design 60 ml, 2oz frosted glass bottle with matte gold spray pump. For use with cologne, Eau de Parfum, air freshner, face and body spray, or room spray.  Elegant bottle is a family of bottles available in 5ml, 15ml, 30ml, 60ml and 100ml. Price ea",Frosted,60 ml (2.03 oz),madison_generated_evidence,https://likkskifwsrvszxdvufw.supabase.co/storage/v1/object/public/generated-images/4ab1ac72-cd7e-4faf-9152-5aa5f2862411/d4cd4ae9-a9a8-4ea6-ab6f-fd1e19078e5e/best-bottles/reference-imports/Elegant/GB-ELG-FRS-60ML-SPR-MGLD_1779482961881_tm4dre.png,
GB-ELG-CLR-60ML-ASP-03,GBElg60AnSpTslMtSl,Elegant,"Elegant design 60 ml, 2oz  clear glass bottle  with Silver vintage style bulb sprayer with tassel with matte silver collar cap. For use with cologne, Eau de Parfum, air freshner, face and body spray, or room spray.  Antique or vintage bulb sprayers enhanc",Clear,60 ml (2.03 oz),madison_generated_evidence,https://likkskifwsrvszxdvufw.supabase.co/storage/v1/object/public/generated-images/4ab1ac72-cd7e-4faf-9152-5aa5f2862411/d4cd4ae9-a9a8-4ea6-ab6f-fd1e19078e5e/best-bottles/reference-imports/Elegant/GB-ELG-CLR-60ML-ASP-03_1779482860474_vxqebj.png,
CMP-SPR-IVSLWH-18-415-02,AnSpTsl18-415IvySl,Sprayer,Ivory Silver Antique or Vintage style bulb sprayer with silver fittings and tassel. Thread Size 18-415,,0 ml (0 oz),madison_generated_evidence,https://likkskifwsrvszxdvufw.supabase.co/storage/v1/object/public/generated-images/4ab1ac72-cd7e-4faf-9152-5aa5f2862411/best-bottles/reference-images/CMP-SPR-IVSL-18-415-02__AnSpTsl18-415IvySl__pdp-main__v001.png,
GB-SQR-CLR-15ML-S,GBSqr15BlkSht,Square,"Square design 15ml, 1/2oz Clear glass bottle with short black cap. For use with perfume or fragrance oil, essential oils, aromatic oils and aromatherapy. Refillable, classic style bottle good for promotions and decants. Price each",Clear,15 ml (0.51 oz),madison_generated_evidence,https://www.bestbottles.com/images/store/caps/13-415CpShortBlk.png,
GB-CIR-FRS-100ML-SPR-CPR,GBCrclFrst100SpryCu,Circle,"Circle design 100 ml, 3 1/2oz frosted glass bottle with matte copper spray pump. For use with cologne, Eau de Parfum, air freshner, face and body spray, or room spray. Circle design is a famiily of bottles available in 15ml, 30ml, 50ml and 100ml size. Pri",Frosted,100 ml (3.38 oz),madison_generated_evidence,https://likkskifwsrvszxdvufw.supabase.co/storage/v1/object/public/generated-images/4ab1ac72-cd7e-4faf-9152-5aa5f2862411/d4cd4ae9-a9a8-4ea6-ab6f-fd1e19078e5e/best-bottles/reference-imports/Circle/GB-CIR-FRS-100ML-SPR-CPR_1779525324785_xnbd4e.png,
GB-VIA-CLR-15ML-SLV-T-01,GBFlair15Sl,Flair,"Flair design 15ml, 1/2oz Clear glass bottle with shiny silver cap. For use with perfume or fragrance oil, essential oils, aromatic oils and aromatherapy. Refillable, classic style bottle good for promotions and decants. Price each",Clear,15 ml (0.51 oz),madison_generated_evidence,https://likkskifwsrvszxdvufw.supabase.co/storage/v1/object/public/generated-images/4ab1ac72-cd7e-4faf-9152-5aa5f2862411/best-bottles/reference-images/GB-VIA-CLR-15ML-SLV-T-01__GBFlair15Sl__pdp-main__v001.png,
GB-SLK-CLR-100ML-RDC-IVLT,GBSlk100RdcrIvyLthr,Sleek,"Sleek design 100 ml, 3 1/2oz  clear glass bottle  with reducer and ivory faux leather cap. For use with cologne, aftershave, splash on, and perfume or fragrance oil, beard oils. Sleek design bottle is a family of bottles available in 5ml, 8ml, 30m, 50ml a",Clear,100 ml (3.38 oz),madison_generated_evidence,https://www.bestbottles.com/images/store/caps/18-415CpRdcrLthrBlk.png,
GB-RND-CLR-78ML-SPR-MGLD,GBRnd78SpryMtGl,Round,"Round design 78 ml, 2.65oz  clear glass bottle  with matte gold spray pump. For use with cologne, Eau de Parfum, air freshner, face and body spray, or room spray. Round design bottle is available in 2 sizes - 78ml and 128 ml. Price each",Clear,78 ml (2.64 oz),madison_generated_evidence,https://likkskifwsrvszxdvufw.supabase.co/storage/v1/object/public/generated-images/4ab1ac72-cd7e-4faf-9152-5aa5f2862411/d4cd4ae9-a9a8-4ea6-ab6f-fd1e19078e5e/best-bottles/reference-imports/Round/GB-RND-CLR-78ML-SPR-MGLD_1779532339396_dc6b0s.png,
GB-ELG-CLR-60ML-ASP-01,GBElg60AnSpTslGl,Elegant,"Elegant design 60 ml, 2oz  clear glass bottle  with Gold vintage style bulb sprayer with tassel with shiny gold collar cap. For use with cologne, Eau de Parfum, air freshner, face and body spray, or room spray.  Antique or vintage bulb sprayers enhance th",Clear,60 ml (2.03 oz),madison_generated_evidence,https://likkskifwsrvszxdvufw.supabase.co/storage/v1/object/public/generated-images/4ab1ac72-cd7e-4faf-9152-5aa5f2862411/d4cd4ae9-a9a8-4ea6-ab6f-fd1e19078e5e/best-bottles/reference-imports/Elegant/GB-ELG-CLR-60ML-ASP-01_1779482866458_57yobz.png,
CMP-SPR-SLWH-18-415-04,AnSpTsl18-415Wht,Sprayer,White Antique or Vintage style bulb sprayer with silver fittings and tassel. Thread Size 18-415,,0 ml (0 oz),madison_generated_evidence,https://likkskifwsrvszxdvufw.supabase.co/storage/v1/object/public/generated-images/4ab1ac72-cd7e-4faf-9152-5aa5f2862411/best-bottles/reference-images/CMP-SPR-WHT-18-415-02__AnSpTsl18-415Wht__pdp-main__v001.png,
GB-CIR-CLR-30ML-GLD-T,GBCrcl30GlCap,Circle,"Circle design 30 ml, clear glass bottle with shiny gold and cap. For use with cologne, perfume or fragrance oil, after shave and beard oils. Price each Classic, Circle design is a family of bottles availabel in many sizes. Price each",Clear,30 ml (1.01 oz),madison_generated_evidence,https://likkskifwsrvszxdvufw.supabase.co/storage/v1/object/public/generated-images/4ab1ac72-cd7e-4faf-9152-5aa5f2862411/d4cd4ae9-a9a8-4ea6-ab6f-fd1e19078e5e/best-bottles/reference-imports/Circle/GB-CIR-CLR-30ML-GLD-T_1779596620386_0oug7a.png,
GB-BSR-AMB-60ML-WHT-T-01,GBBstnAmb2ozWhtDropperShnGlTrim,Boston Round,"Boston round design 60ml, 2oz Amber glass bottle and white dropper with a shiny gold trim cap. For use with perfume oils, diffuser oils, serums, primers, facial oils or face oils, moisturizers, and beard oils. Price each",Amber,60 ml (2.03 oz),madison_generated_evidence,https://likkskifwsrvszxdvufw.supabase.co/storage/v1/object/public/generated-images/4ab1ac72-cd7e-4faf-9152-5aa5f2862411/d4cd4ae9-a9a8-4ea6-ab6f-fd1e19078e5e/best-bottles/reference-imports/Boston-Round/GB-BSR-AMB-60ML-WHT-T-01_1779650206237_5renzy.png,
GB-RND-CLR-78ML-SPR-MSLV,GBRnd78SpryMtSl,Round,"Round design 78 ml, 2.65oz  clear glass bottle  with matte silver spray pump. For use with cologne, Eau de Parfum, air freshner, face and body spray, or room spray. Round design bottle is available in 2 sizes - 78ml and 128 ml. Price each",Clear,78 ml (2.64 oz),madison_generated_evidence,https://likkskifwsrvszxdvufw.supabase.co/storage/v1/object/public/generated-images/4ab1ac72-cd7e-4faf-9152-5aa5f2862411/d4cd4ae9-a9a8-4ea6-ab6f-fd1e19078e5e/best-bottles/reference-imports/Round/GB-RND-CLR-78ML-SPR-MSLV_1779532344579_lhcwnj.png,
GB-ELG-FRS-60ML-ASP-GLD,GBElgFrst60AnSpGl,Elegant,"Elegant design 60 ml, 2oz frosted glass bottle with gold vintage style sprayer with shiny gold collar cap. For use with cologne, Eau de Parfum, air freshner, face and body spray, or room spray.  Antique or vintage bulb sprayers enhance the beauty of your",Frosted,60 ml (2.03 oz),madison_generated_evidence,https://likkskifwsrvszxdvufw.supabase.co/storage/v1/object/public/generated-images/4ab1ac72-cd7e-4faf-9152-5aa5f2862411/d4cd4ae9-a9a8-4ea6-ab6f-fd1e19078e5e/best-bottles/reference-imports/Elegant/GB-ELG-FRS-60ML-ASP-GLD_1779482868446_9bfzui.png,
CMP-SPR-GDPKSLWH-18-415-02,AnSpTsl18-415Pnk,Sprayer,"Pink, Antique or Vintage style bulb sprayer with Gold fittings and tassel. Thread Size 18-415",,0 ml (0 oz),madison_generated_evidence,https://likkskifwsrvszxdvufw.supabase.co/storage/v1/object/public/generated-images/4ab1ac72-cd7e-4faf-9152-5aa5f2862411/best-bottles/reference-images/CMP-SPR-PNK-18-415__AnSpTsl18-415Pnk__pdp-main__v001.png,
GB-RND-CLR-78ML-SPR-SGLD,GBRnd78SpryShnGl,Round,"Round design 78 ml, 2.65oz  clear glass bottle  with shiny gold spray pump. For use with cologne, Eau de Parfum, air freshner, face and body spray, or room spray. Round design bottle is available in 2 sizes - 78ml and 128 ml. Price each",Clear,78 ml (2.64 oz),madison_generated_evidence,https://likkskifwsrvszxdvufw.supabase.co/storage/v1/object/public/generated-images/4ab1ac72-cd7e-4faf-9152-5aa5f2862411/d4cd4ae9-a9a8-4ea6-ab6f-fd1e19078e5e/best-bottles/reference-imports/Round/GB-RND-CLR-78ML-SPR-SGLD_1779532337247_hkyvik.png,
GB-BSR-AMB-60ML-WHT-T-02,GBBstnAmb2ozWhtDropperShnSlTrim,Boston Round,"Boston round design 60ml, 2oz Amber glass bottle and white dropper with a shiny silver trim cap. For use with perfume oils, diffuser oils, serums, primers, facial oils or face oils, moisturizers, and beard oils. Price each",Amber,60 ml (2.03 oz),madison_generated_evidence,https://likkskifwsrvszxdvufw.supabase.co/storage/v1/object/public/generated-images/4ab1ac72-cd7e-4faf-9152-5aa5f2862411/d4cd4ae9-a9a8-4ea6-ab6f-fd1e19078e5e/best-bottles/reference-imports/Boston-Round/GB-BSR-AMB-60ML-WHT-T-02_1779650211792_uuw8xp.png,
GB-ELG-FRS-60ML-ASP-IVGD,GBElgFrst60AnSpIvyGl,Elegant,"Elegant design 60 ml, 2oz frosted glass bottle with ivory vintage style bulb sprayer with shiny gold collar cap. For use with cologne, Eau de Parfum, air freshner, face and body spray, or room spray.  Antique or vintage bulb sprayers enhance the beauty of",Frosted,60 ml (2.03 oz),madison_generated_evidence,https://likkskifwsrvszxdvufw.supabase.co/storage/v1/object/public/generated-images/4ab1ac72-cd7e-4faf-9152-5aa5f2862411/d4cd4ae9-a9a8-4ea6-ab6f-fd1e19078e5e/best-bottles/reference-imports/Elegant/GB-ELG-FRS-60ML-ASP-IVGD_1779482871415_ks8gaj.png,
CMP-SPR-RDSLWH-18-415-02,AnSpTsl18-415Red,Sprayer,"Red, Antique or Vintage style bulb sprayer with Silver fittings and tassel. Thread Size 18-415",,0 ml (0 oz),madison_generated_evidence,https://likkskifwsrvszxdvufw.supabase.co/storage/v1/object/public/generated-images/4ab1ac72-cd7e-4faf-9152-5aa5f2862411/best-bottles/reference-images/CMP-SPR-RED-18-415-02__AnSpTsl18-415Red__pdp-main__v001.png,
GB-BSR-CBL-60ML-BLK-T-02,GBBstnBlu2ozBlkDropperShnGlTrim,Boston Round,"Boston round design 60ml, 2oz Cobalt blue glass bottle and black dropper with a shiny gold trim cap. For use with perfume oils, diffuser oils, serums, primers, facial oils or face oils, moisturizers, and beard oils. Price each",Cobalt Blue,60 ml (2.03 oz),madison_generated_evidence,https://likkskifwsrvszxdvufw.supabase.co/storage/v1/object/public/generated-images/4ab1ac72-cd7e-4faf-9152-5aa5f2862411/d4cd4ae9-a9a8-4ea6-ab6f-fd1e19078e5e/best-bottles/reference-imports/Boston-Round/GB-BSR-CBL-60ML-BLK-T-02_1779650244362_8amwr5.png,
GB-RND-CLR-78ML-SPR-SBLK,GBRnd78SpryShnBlk,Round,"Round design 78 ml, 2.65oz  clear glass bottle  with shiny black spray pump. For use with cologne, Eau de Parfum, air freshner, face and body spray, or room spray. Round design bottle is available in 2 sizes - 78ml and 128 ml. Price each",Clear,78 ml (2.64 oz),madison_generated_evidence,https://likkskifwsrvszxdvufw.supabase.co/storage/v1/object/public/generated-images/4ab1ac72-cd7e-4faf-9152-5aa5f2862411/d4cd4ae9-a9a8-4ea6-ab6f-fd1e19078e5e/best-bottles/reference-imports/Round/GB-RND-CLR-78ML-SPR-SBLK_1779532342448_21p0vw.png,
GB-ELG-FRS-60ML-ASP-IVSL,GBElgFrst60AnSpIvySl,Elegant,"Elegant design 60 ml, 2oz frosted glass bottle with ivory vintage style bulb sprayer with shiny silver collar cap. For use with cologne, Eau de Parfum, air freshner, face and body spray, or room spray.  Antique or vintage bulb sprayers enhance the beauty",Frosted,60 ml (2.03 oz),madison_generated_evidence,https://likkskifwsrvszxdvufw.supabase.co/storage/v1/object/public/generated-images/4ab1ac72-cd7e-4faf-9152-5aa5f2862411/d4cd4ae9-a9a8-4ea6-ab6f-fd1e19078e5e/best-bottles/reference-imports/Elegant/GB-ELG-FRS-60ML-ASP-IVSL_1779482870459_5gjjbz.png,
CMP-SPR-MTSLWH-18-415-02,AnSpTsl18-415MtS,Sprayer,Matte Silver Antique or Vintage style bulb sprayer with tassel. Thread Size 18-415,,0 ml (0 oz),madison_generated_evidence,https://likkskifwsrvszxdvufw.supabase.co/storage/v1/object/public/generated-images/4ab1ac72-cd7e-4faf-9152-5aa5f2862411/best-bottles/reference-images/CMP-SPR-MSLV-18-415-02__AnSpTsl18-415MtS__pdp-main__v001.png,
GB-ELG-FRS-100ML-SPR-CPR,GBElgFrst100SpryCu,Elegant,"Elegant design 100 ml, 3 1/2oz frosted glass bottle with matte copper spray pump. For use with cologne, Eau de Parfum, air freshner, face and body spray, or room spray.  Elegant bottle is a family of bottles available in 5ml, 15ml, 30ml, 60ml and 100ml. P",Frosted,100 ml (3.38 oz),madison_generated_evidence,https://likkskifwsrvszxdvufw.supabase.co/storage/v1/object/public/generated-images/4ab1ac72-cd7e-4faf-9152-5aa5f2862411/d4cd4ae9-a9a8-4ea6-ab6f-fd1e19078e5e/best-bottles/reference-imports/Elegant/GB-ELG-FRS-100ML-SPR-CPR_1779482968845_r280jh.png,
GB-SLK-CLR-100ML-RDC-SBLK,GBSlk100RdcrShnBlk,Sleek,"Sleek design 100 ml, 3 1/2oz  clear glass bottle  with reducer and black shiny cap. For use with cologne, aftershave, splash on, and perfume or fragrance oil, beard oils. Sleek design bottle is a family of bottles available in 5ml, 8ml, 30m, 50ml and 100m",Clear,100 ml (3.38 oz),madison_generated_evidence,https://likkskifwsrvszxdvufw.supabase.co/storage/v1/object/public/generated-images/4ab1ac72-cd7e-4faf-9152-5aa5f2862411/best-bottles/reference-images/GB-SLK-CLR-100ML-RDC-SBLK-01__GBSlk100RdcrShnBlk__pdp-main__v001.png,
GB-BSR-CBL-60ML-WHT-T-01,GBBstnBlu2ozWhtDropper,Boston Round,"Boston round design 60ml, 2oz Cobalt blue glass bottle with white dropper. For use with perfume oils, diffuser oils, serums, primers, facial oils or face oils, moisturizers, and beard oils. Price each",Cobalt Blue,60 ml (2.03 oz),madison_generated_evidence,https://likkskifwsrvszxdvufw.supabase.co/storage/v1/object/public/generated-images/4ab1ac72-cd7e-4faf-9152-5aa5f2862411/d4cd4ae9-a9a8-4ea6-ab6f-fd1e19078e5e/best-bottles/reference-imports/Boston-Round/GB-BSR-CBL-60ML-WHT-T-01_1779650258779_91pxa6.png,
GB-RND-CLR-78ML-SPR-SSLV,GBRnd78SpryShnSl,Round,"Round design 78 ml, 2.65oz  clear glass bottle  with shiny silver spray pump. For use with cologne, Eau de Parfum, air freshner, face and body spray, or room spray. Round design bottle is available in 2 sizes - 78ml and 128 ml. Price each",Clear,78 ml (2.64 oz),madison_generated_evidence,https://likkskifwsrvszxdvufw.supabase.co/storage/v1/object/public/generated-images/4ab1ac72-cd7e-4faf-9152-5aa5f2862411/d4cd4ae9-a9a8-4ea6-ab6f-fd1e19078e5e/best-bottles/reference-imports/Round/GB-RND-CLR-78ML-SPR-SSLV_1779532340916_44u8bc.png,
GB-ELG-FRS-60ML-ASP-LVN,GBElgFrst60AnSpLvn,Elegant,"Elegant design 60 ml, 2oz frosted glass bottle with lavender vintage style bulb sprayer with shiny silver collar cap. For use with cologne, Eau de Parfum, air freshner, face and body spray, or room spray.  Antique or vintage bulb sprayers enhance the beau",Frosted,60 ml (2.03 oz),madison_generated_evidence,https://likkskifwsrvszxdvufw.supabase.co/storage/v1/object/public/generated-images/4ab1ac72-cd7e-4faf-9152-5aa5f2862411/d4cd4ae9-a9a8-4ea6-ab6f-fd1e19078e5e/best-bottles/reference-imports/Elegant/GB-ELG-FRS-60ML-ASP-LVN_1779482876615_yagfya.png,
GB-ELG-CLR-30ML-SGLD-T,GBElg30GlCap,Elegant,"Elegant design 30 ml, clear glass bottle with shiny gold and cap. For use with cologne, perfume or fragrance oil, aftershave and beard oils. Price each Classic, Elegant design is a family of bottles availabel in many sizes. Price each",Clear,30 ml (1.01 oz),madison_generated_evidence,https://likkskifwsrvszxdvufw.supabase.co/storage/v1/object/public/generated-images/4ab1ac72-cd7e-4faf-9152-5aa5f2862411/d4cd4ae9-a9a8-4ea6-ab6f-fd1e19078e5e/best-bottles/reference-imports/Elegant/GB-ELG-CLR-30ML-SGLD-T_1779482817943_86ujp3.png,
GB-VIA-CLR-15ML-GLD-T-02,GBSqr15Gl,Square,"Square design 15ml, 1/2oz Clear glass bottle with shiny gold cap. For use with perfume or fragrance oil, essential oils, aromatic oils and aromatherapy. Refillable, classic style bottle good for promotions and decants. Price each",Clear,15 ml (0.51 oz),madison_generated_evidence,https://likkskifwsrvszxdvufw.supabase.co/storage/v1/object/public/generated-images/4ab1ac72-cd7e-4faf-9152-5aa5f2862411/best-bottles/reference-images/GB-VIA-CLR-15ML-GLD-T-02__GBSqr15Gl__pdp-main__v001.png,
GB-BSR-CBL-60ML-WHT-T-02,GBBstnBlu2ozWhtDropperShnGlTrim,Boston Round,"Boston round design 60ml, 2oz Cobalt blue glass bottle and white dropper with a shiny gold trim cap. For use with perfume oils, diffuser oils, serums, primers, facial oils or face oils, moisturizers, and beard oils. Price each",Cobalt Blue,60 ml (2.03 oz),madison_generated_evidence,https://likkskifwsrvszxdvufw.supabase.co/storage/v1/object/public/generated-images/4ab1ac72-cd7e-4faf-9152-5aa5f2862411/d4cd4ae9-a9a8-4ea6-ab6f-fd1e19078e5e/best-bottles/reference-imports/Boston-Round/GB-BSR-CBL-60ML-WHT-T-02_1779650221363_qbpb4g.png,
GB-RND-FRS-78ML-SPR-SGLD,GBRndFrst78SpryShnGl,Round,"Round design 78 ml, 2.65oz frosted glass bottle with shiny gold spray pump. For use with cologne, Eau de Parfum, air freshner, face and body spray, or room spray. Round design bottle is available in 2 sizes - 78ml and 128 ml. Price each",Frosted,78 ml (2.64 oz),madison_generated_evidence,https://likkskifwsrvszxdvufw.supabase.co/storage/v1/object/public/generated-images/4ab1ac72-cd7e-4faf-9152-5aa5f2862411/d4cd4ae9-a9a8-4ea6-ab6f-fd1e19078e5e/best-bottles/reference-imports/Round/GB-RND-FRS-78ML-SPR-SGLD_1779532343849_ehfjwf.png,
GB-ELG-FRS-60ML-ASP-PNK,GBElgFrst60AnSpPnk,Elegant,"Elegant design 60 ml, 2oz frosted glass bottle with pink vintage style bulb sprayer with shiny gold collar cap. For use with cologne, Eau de Parfum, air freshner, face and body spray, or room spray.  Antique or vintage bulb sprayers enhance the beauty of",Frosted,60 ml (2.03 oz),madison_generated_evidence,https://likkskifwsrvszxdvufw.supabase.co/storage/v1/object/public/generated-images/4ab1ac72-cd7e-4faf-9152-5aa5f2862411/d4cd4ae9-a9a8-4ea6-ab6f-fd1e19078e5e/best-bottles/reference-imports/Elegant/GB-ELG-FRS-60ML-ASP-PNK_1779482872577_av1vfp.png,
CMP-LPM-MTGD-18-415-07,Ltn18-415MtGl,Lotion Pump,"Matte Gold Lotion or treatment pump, Threadsize 18-415",,0 ml (0 oz),madison_generated_evidence,https://likkskifwsrvszxdvufw.supabase.co/storage/v1/object/public/generated-images/4ab1ac72-cd7e-4faf-9152-5aa5f2862411/best-bottles/reference-images/CMP-LPM-MGLD-18-415__Ltn18-415MtGl__pdp-main__v001.png,
GB-ELG-FRS-30ML-GLD-T,GBElgFrst30GlCap,Elegant,"Elegant design 30 ml, Frosted glass bottle with shiny gold and cap. For use with cologne, perfume or fragrance oil, aftershave and beard oils. Price each Classic, Elegant design is a family of bottles availabel in many sizes. Price each",Frosted,30 ml (1.01 oz),madison_generated_evidence,https://likkskifwsrvszxdvufw.supabase.co/storage/v1/object/public/generated-images/4ab1ac72-cd7e-4faf-9152-5aa5f2862411/d4cd4ae9-a9a8-4ea6-ab6f-fd1e19078e5e/best-bottles/reference-imports/Elegant/GB-ELG-FRS-30ML-GLD-T_1779482819084_qlhryx.png,
GB-SLK-CLR-100ML-SPR-CPR,GBSlk100SpryCu,Sleek,"Sleek design 100 ml, 3 1/2oz  clear glass bottle  with matte copper spray pump. For use with cologne, Eau de Parfum, air freshner, face and body spray, or room spray. Sleek design bottle is a family of bottles available in 5ml, 8ml, 30m, 50ml and 100ml. P",Clear,100 ml (3.38 oz),madison_generated_evidence,https://www.bestbottles.com/images/store/caps/18-415SpBlk.png,
GB-VIA-CLR-15ML-SLV-T-02,GBSqr15Sl,Square,"Square design 15ml, 1/2oz Clear glass bottle with shiny silver cap. For use with perfume or fragrance oil, essential oils, aromatic oils and aromatherapy. Refillable, classic style bottle good for promotions and decants. Price each",Clear,15 ml (0.51 oz),madison_generated_evidence,https://likkskifwsrvszxdvufw.supabase.co/storage/v1/object/public/generated-images/4ab1ac72-cd7e-4faf-9152-5aa5f2862411/best-bottles/reference-images/GB-VIA-CLR-15ML-SLV-T-02__GBSqr15Sl__pdp-main__v001.png,
GB-BSR-CBL-60ML-WHT-T-03,GBBstnBlu2ozWhtDropperShnSlTrim,Boston Round,"Boston round design 60ml, 2oz Cobalt blue glass bottle and white dropper with a shiny silver trim cap. For use with perfume oils, diffuser oils, serums, primers, facial oils or face oils, moisturizers, and beard oils. Price each",Cobalt Blue,60 ml (2.03 oz),madison_generated_evidence,https://likkskifwsrvszxdvufw.supabase.co/storage/v1/object/public/generated-images/4ab1ac72-cd7e-4faf-9152-5aa5f2862411/d4cd4ae9-a9a8-4ea6-ab6f-fd1e19078e5e/best-bottles/reference-imports/Boston-Round/GB-BSR-CBL-60ML-WHT-T-03_1779650250744_mfevlq.png,
GB-RND-FRS-78ML-SPR-MSLV,GBRndFrst78SpryMtSl,Round,"Round design 78 ml, 2.65oz frosted glass bottle with matte silver spray pump. For use with cologne, Eau de Parfum, air freshner, face and body spray, or room spray. Round design bottle is available in 2 sizes - 78ml and 128 ml. Price each",Frosted,78 ml (2.64 oz),madison_generated_evidence,https://likkskifwsrvszxdvufw.supabase.co/storage/v1/object/public/generated-images/4ab1ac72-cd7e-4faf-9152-5aa5f2862411/d4cd4ae9-a9a8-4ea6-ab6f-fd1e19078e5e/best-bottles/reference-imports/Round/GB-RND-FRS-78ML-SPR-MSLV_1779532340168_8ar0b8.png,
GB-ELG-FRS-60ML-ASP-RED,GBElgFrst60AnSpRed,Elegant,"Elegant design 60 ml, 2oz frosted glass bottle with red vintage style bulb sprayer with shiny silver collar cap. For use with cologne, Eau de Parfum, air freshner, face and body spray, or room spray.  Antique or vintage bulb sprayers enhance the beauty of",Frosted,60 ml (2.03 oz),madison_generated_evidence,https://likkskifwsrvszxdvufw.supabase.co/storage/v1/object/public/generated-images/4ab1ac72-cd7e-4faf-9152-5aa5f2862411/d4cd4ae9-a9a8-4ea6-ab6f-fd1e19078e5e/best-bottles/reference-imports/Elegant/GB-ELG-FRS-60ML-ASP-RED_1779482863679_x9xmou.png,
GB-SLK-CLR-30ML-RDC-BKLT,GBSlk30RdcrBlkLthr,Sleek,"Sleek design 30 ml, 1oz  clear glass bottle  with reducer and black faux leather cap. For use with cologne, aftershave, splash on, and perfume or fragrance oil, beard oils. Sleek design bottle is a family of bottles available in 5ml, 8ml, 30m, 50ml and 10",Clear,30 ml (1.01 oz),madison_generated_evidence,https://www.bestbottles.com/images/store/caps/18-415CpRdcrLthrIvy.png,
GB-SLM-CLR-100ML-SPR-CPR,GBSlm100SpryCu,Slim,"Slim design 100 ml, 3 1/2oz  clear glass bottle  with matte copper spray pump. For use with cologne, Eau de Parfum, air freshner, face and body spray, or room spray. Slim design bottle is a family of bottles available 30ml, 50ml and 100ml. Price each",Clear,100 ml (3.38 oz),madison_generated_evidence,https://www.bestbottles.com/images/store/caps/18-415SpShnSl.png,
GB-ELG-CLR-60ML-DRP-SLV,GBElg60DrpSl,Elegant,"Elegant design 60 ml, 2oz  clear glass bottle  with white dropper with shiny silver collar cap. For use with perfume oils, diffuser oils, serums, primers, facial oils or face oils, moisturizer, and beard oils. Elegant bottle is a family of bottles availab",Clear,60 ml (2.03 oz),madison_generated_evidence,https://likkskifwsrvszxdvufw.supabase.co/storage/v1/object/public/generated-images/4ab1ac72-cd7e-4faf-9152-5aa5f2862411/d4cd4ae9-a9a8-4ea6-ab6f-fd1e19078e5e/best-bottles/reference-imports/Elegant/GB-ELG-CLR-60ML-DRP-SLV_1779482837671_16g3in.png,
GB-RND-FRS-78ML-SPR-SSLV,GBRndFrst78SpryShnSl,Round,"Round design 78 ml, 2.65oz frosted glass bottle with shiny silver spray pump. For use with cologne, Eau de Parfum, air freshner, face and body spray, or room spray. Round design bottle is available in 2 sizes - 78ml and 128 ml. Price each",Frosted,78 ml (2.64 oz),madison_generated_evidence,https://likkskifwsrvszxdvufw.supabase.co/storage/v1/object/public/generated-images/4ab1ac72-cd7e-4faf-9152-5aa5f2862411/d4cd4ae9-a9a8-4ea6-ab6f-fd1e19078e5e/best-bottles/reference-imports/Round/GB-RND-FRS-78ML-SPR-SSLV_1779532337979_mielwm.png,
GB-ELG-FRS-60ML-ASP-MSLV,GBElgFrst60AnSpMtSl,Elegant,"Elegant design 60 ml, 2oz frosted glass bottle with matte silver vintage style sprayer with matte silver collar cap. For use with cologne, Eau de Parfum, air freshner, face and body spray, or room spray.  Antique or vintage bulb sprayers enhance the beaut",Frosted,60 ml (2.03 oz),madison_generated_evidence,https://likkskifwsrvszxdvufw.supabase.co/storage/v1/object/public/generated-images/4ab1ac72-cd7e-4faf-9152-5aa5f2862411/d4cd4ae9-a9a8-4ea6-ab6f-fd1e19078e5e/best-bottles/reference-imports/Elegant/GB-ELG-FRS-60ML-ASP-MSLV_1779482875675_f2u5j4.png,
GB-SLM-CLR-30ML-RDC-BKLT,GBSlm30RdcrBlkLthr,Slim,"Slim design 30 ml, 1oz  clear glass bottle  with reducer and black faux leather cap. For use with cologne, aftershave, splash on, and perfume or fragrance oil, beard oils. Slim design bottle is a family of bottles available 30ml, 50ml and 100ml. Price eac",Clear,30 ml (1.01 oz),madison_generated_evidence,https://www.bestbottles.com/images/store/caps/18-415CpRdcrLthrBlk.png,
GB-RND-CLR-128ML-SPR-CPR,GBRnd128SpryCu,Round,"Round design 128 ml, 4.33oz  clear glass bottle  with matte copper spray pump. For use with cologne, Eau de Parfum, air freshner, face and body spray, or room spray. Round design bottle is available in 2 sizes - 78ml and 128 ml. Price each",Clear,128 ml (4.33 oz),madison_generated_evidence,https://likkskifwsrvszxdvufw.supabase.co/storage/v1/object/public/generated-images/4ab1ac72-cd7e-4faf-9152-5aa5f2862411/d4cd4ae9-a9a8-4ea6-ab6f-fd1e19078e5e/paper-doll/master_corrected_1780332132846_nrczy8.png,
GB-CIR-CLR-30ML-SLV-T,GBCrcl30SlCap,Circle,"Circle design 30 ml, clear glass bottle with shiny silver and cap. For use with cologne, perfume or fragrance oil, after shave and beard oils. Price each Classic, Circle design is a family of bottles availabel in many sizes. Price each",Clear,30 ml (1.01 oz),madison_generated_evidence,https://likkskifwsrvszxdvufw.supabase.co/storage/v1/object/public/generated-images/4ab1ac72-cd7e-4faf-9152-5aa5f2862411/d4cd4ae9-a9a8-4ea6-ab6f-fd1e19078e5e/best-bottles/reference-imports/Circle/GB-CIR-CLR-30ML-SLV-T_1779596621761_voyrfb.png,
GB-ELG-CLR-60ML-DRP-GLD,GBElg60DrpGl,Elegant,"Elegant design 60 ml, 2oz  clear glass bottle  with white dropper with shiny gold collar cap. For use with perfume oils, diffuser oils, serums, primers, facial oils or face oils, moisturizer, and beard oils. Elegant bottle is a family of bottles available",Clear,60 ml (2.03 oz),madison_generated_evidence,https://likkskifwsrvszxdvufw.supabase.co/storage/v1/object/public/generated-images/4ab1ac72-cd7e-4faf-9152-5aa5f2862411/d4cd4ae9-a9a8-4ea6-ab6f-fd1e19078e5e/best-bottles/reference-imports/Elegant/GB-ELG-CLR-60ML-DRP-GLD_1779482841584_chvf5h.png,
GB-RND-FRS-78ML-SPR-SBLK,GBRndFrst78SpryShnBlk,Round,"Round design 78 ml, 2.65oz frosted glass bottle with shiny black spray pump. For use with cologne, Eau de Parfum, air freshner, face and body spray, or room spray. Round design bottle is available in 2 sizes - 78ml and 128 ml. Price each",Frosted,78 ml (2.64 oz),madison_generated_evidence,https://likkskifwsrvszxdvufw.supabase.co/storage/v1/object/public/generated-images/4ab1ac72-cd7e-4faf-9152-5aa5f2862411/d4cd4ae9-a9a8-4ea6-ab6f-fd1e19078e5e/best-bottles/reference-imports/Round/GB-RND-FRS-78ML-SPR-SBLK_1779532338634_araohn.png,
GB-ELG-FRS-60ML-ASP-WHT-02,GBElgFrst60AnSpWht,Elegant,Elegant 60 ml (2.03 oz) Frosted Glass Bottle with Antique Sprayer White Cap,Frosted,60 ml (2.03 oz),madison_generated_evidence,https://likkskifwsrvszxdvufw.supabase.co/storage/v1/object/public/generated-images/4ab1ac72-cd7e-4faf-9152-5aa5f2862411/d4cd4ae9-a9a8-4ea6-ab6f-fd1e19078e5e/best-bottles/reference-imports/Elegant/GB-ELG-FRS-60ML-ASP-WHT-02_1779482880191_9q688r.png,
CMP-LPM-MTSL-18-415-06,Ltn18-415MtSl,Lotion Pump,"Matte Silver Lotion or treatment pump, Threadsize 18-415",,0 ml (0 oz),madison_generated_evidence,https://likkskifwsrvszxdvufw.supabase.co/storage/v1/object/public/generated-images/4ab1ac72-cd7e-4faf-9152-5aa5f2862411/best-bottles/reference-images/CMP-LPM-MSLV-18-415-01__Ltn18-415MtSl__pdp-main__v001.png,
GB-SLK-CLR-100ML-RDC-MSLV,GBSlk100RdcrMtSl,Sleek,"Sleek design 100 ml, 3 1/2oz  clear glass bottle  with reducer and silver matte cap. For use with cologne, aftershave, splash on, and perfume or fragrance oil, beard oils. Sleek design bottle is a family of bottles available in 5ml, 8ml, 30m, 50ml and 100",Clear,100 ml (3.38 oz),madison_generated_evidence,https://likkskifwsrvszxdvufw.supabase.co/storage/v1/object/public/generated-images/4ab1ac72-cd7e-4faf-9152-5aa5f2862411/best-bottles/reference-images/GB-SLK-CLR-100ML-RDC-MSLV-01__GBSlk100RdcrMtSl__pdp-main__v001.png,
GB-RND-FRS-128ML-SPR-CPR,GBRndFrst128SpryCu,Round,"Round design 128 ml, 4.33oz frosted glass bottle with matte copper spray pump. For use with cologne, Eau de Parfum, air freshner, face and body spray, or room spray. Round design bottle is available in 2 sizes - 78ml and 128 ml. Price each",Frosted,128 ml (4.33 oz),madison_generated_evidence,https://likkskifwsrvszxdvufw.supabase.co/storage/v1/object/public/generated-images/4ab1ac72-cd7e-4faf-9152-5aa5f2862411/d4cd4ae9-a9a8-4ea6-ab6f-fd1e19078e5e/best-bottles/reference-imports/Round/GB-RND-FRS-128ML-SPR-CPR_1779532285519_3sg4c2.png,
GB-ELG-FRS-60ML-DRP-SLV,GBElgFrst60DrpSl,Elegant,"Elegant design 60 ml, 2oz frosted glass bottle with white dropper with shiny silver collar cap. For use with perfume oils, diffuser oils, serums, primers, facial oils or face oils, moisturizer, and beard oils. Elegant bottle is a family of bottles availab",Frosted,60 ml (2.03 oz),madison_generated_evidence,https://likkskifwsrvszxdvufw.supabase.co/storage/v1/object/public/generated-images/4ab1ac72-cd7e-4faf-9152-5aa5f2862411/d4cd4ae9-a9a8-4ea6-ab6f-fd1e19078e5e/best-bottles/reference-imports/Elegant/GB-ELG-FRS-60ML-DRP-SLV_1779482835957_70bxqi.png,
GB-RND-FRS-78ML-SPR-MGLD,GBRndFrst78SpryMtGl,Round,"Round design 78 ml, 2.65oz frosted glass bottle with matte gold spray pump. For use with cologne, Eau de Parfum, air freshner, face and body spray, or room spray. Round design bottle is available in 2 sizes - 78ml and 128 ml. Price each",Frosted,78 ml (2.64 oz),madison_generated_evidence,https://likkskifwsrvszxdvufw.supabase.co/storage/v1/object/public/generated-images/4ab1ac72-cd7e-4faf-9152-5aa5f2862411/d4cd4ae9-a9a8-4ea6-ab6f-fd1e19078e5e/best-bottles/reference-imports/Round/GB-RND-FRS-78ML-SPR-MGLD_1779532345335_99ssab.png,
GB-ELG-FRS-60ML-AST-GLD,GBElgFrst60AnSpTslGl,Elegant,"Elegant design 60 ml, 2oz frosted glass bottle with Gold vintage style bulb sprayer with tassel with shiny gold collar cap. For use with cologne, Eau de Parfum, air freshner, face and body spray, or room spray.  Antique or vintage bulb sprayers enhance th",Frosted,60 ml (2.03 oz),madison_generated_evidence,https://likkskifwsrvszxdvufw.supabase.co/storage/v1/object/public/generated-images/4ab1ac72-cd7e-4faf-9152-5aa5f2862411/d4cd4ae9-a9a8-4ea6-ab6f-fd1e19078e5e/best-bottles/reference-imports/Elegant/GB-ELG-FRS-60ML-AST-GLD_1779482853874_v01jpc.png,
GB-DVA-FRS-46ML-T-30,GBDivaFrst46RdcrBlkLthr,Diva,Diva 46 ml (1.56 oz) Frosted Glass Bottle Tall Cap,Frosted,46 ml (1.56 oz),madison_generated_evidence,https://likkskifwsrvszxdvufw.supabase.co/storage/v1/object/public/generated-images/4ab1ac72-cd7e-4faf-9152-5aa5f2862411/d4cd4ae9-a9a8-4ea6-ab6f-fd1e19078e5e/best-bottles/reference-imports/Diva/GB-DVA-FRS-46ML-T-30_1779507123325_w1k6bj.png,
GB-ELG-FRS-60ML-DRP-GLD,GBElgFrst60DrpGl,Elegant,"Elegant design 60 ml, 2oz frosted glass bottle with white dropper with shiny gold collar cap. For use with perfume oils, diffuser oils, serums, primers, facial oils or face oils, moisturizer, and beard oils. Elegant bottle is a family of bottles available",Frosted,60 ml (2.03 oz),madison_generated_evidence,https://likkskifwsrvszxdvufw.supabase.co/storage/v1/object/public/generated-images/4ab1ac72-cd7e-4faf-9152-5aa5f2862411/d4cd4ae9-a9a8-4ea6-ab6f-fd1e19078e5e/best-bottles/reference-imports/Elegant/GB-ELG-FRS-60ML-DRP-GLD_1779482840554_al1siz.png,
GB-CIR-CLR-100ML-SPR-MGLD,GBCrcl100SpryMtGl,Circle,"Circle design 100 ml, 3 1/2oz  clear glass bottle  with matte gold spray pump. For use with cologne, Eau de Parfum, air freshner, face and body spray, or room spray. Circle design is a famiily of bottles available in 15ml, 30ml, 50ml and 100ml size. Price",Clear,100 ml (3.38 oz),madison_generated_evidence,https://likkskifwsrvszxdvufw.supabase.co/storage/v1/object/public/generated-images/4ab1ac72-cd7e-4faf-9152-5aa5f2862411/d4cd4ae9-a9a8-4ea6-ab6f-fd1e19078e5e/paper-doll/master_corrected_1779529277044_txdp5e.png,
GB-ELG-FRS-60ML-AST-IVGD,GBElgFrst60AnSpTslIvyGl,Elegant,"Elegant design 60 ml, 2oz frosted glass bottle with Ivory vintage style bulb sprayer with tassel with shiny gold collar cap. For use with cologne, Eau de Parfum, air freshner, face and body spray, or room spray.  Antique or vintage bulb sprayers enhance t",Frosted,60 ml (2.03 oz),madison_generated_evidence,https://likkskifwsrvszxdvufw.supabase.co/storage/v1/object/public/generated-images/4ab1ac72-cd7e-4faf-9152-5aa5f2862411/d4cd4ae9-a9a8-4ea6-ab6f-fd1e19078e5e/best-bottles/reference-imports/Elegant/GB-ELG-FRS-60ML-AST-IVGD_1779482849272_a55s7o.png,
GB-SLM-CLR-100ML-RDC-IVLT,GBSlm100RdcrIvyLthr,Slim,"Slim design 100 ml, 3 1/2oz  clear glass bottle  with reducer with ivory faux leather cap. For use with cologne, aftershave, splash on, and perfume or fragrance oil, beard oils. Slim design bottle is a family of bottles available 30ml, 50ml and 100ml. Pri",Clear,100 ml (3.38 oz),madison_generated_evidence,https://www.bestbottles.com/images/store/caps/18-415CpRdcrLthrBlk.png,
GB-CIR-CLR-50ML-RDC-BKLT,GBCrcl50RdcrBlkLthr,Circle,"Circle design 50 ml, 1.7oz  clear glass bottle  with reducer and black faux leather cap. For use with cologne, aftershave, splash on, and perfume or fragrance oil, beard oils. Circle design is a famiily of bottles available in 15ml, 30ml, 50ml and 100ml s",Clear,50 ml (1.69 oz),madison_generated_evidence,https://likkskifwsrvszxdvufw.supabase.co/storage/v1/object/public/generated-images/4ab1ac72-cd7e-4faf-9152-5aa5f2862411/d4cd4ae9-a9a8-4ea6-ab6f-fd1e19078e5e/best-bottles/reference-imports/Circle/GB-CIR-CLR-50ML-RDC-BKLT_1779525127760_kinfzi.png,
GB-RND-CLR-128ML-DRP-SLV,GBRnd128DrpSl,Round,"Round design 128 ml, 4.33oz  clear glass bottle  with white dropper with shiny silver collar cap. For use with perfume oils, diffuser oils, serums, primers, facial oils or face oils, moisturizer, and beard oils.Round design bottle is available in 2 sizes",Clear,128 ml (4.33 oz),madison_generated_evidence,https://likkskifwsrvszxdvufw.supabase.co/storage/v1/object/public/generated-images/4ab1ac72-cd7e-4faf-9152-5aa5f2862411/d4cd4ae9-a9a8-4ea6-ab6f-fd1e19078e5e/paper-doll/master_corrected_1780332497808_bgv4bq.png,
GB-CIR-CLR-100ML-SPR-SGLD,GBCrcl100SpryShnGl,Circle,"Circle design 100 ml, 3 1/2oz  clear glass bottle  with shiny gold spray pump. For use with cologne, Eau de Parfum, air freshner, face and body spray, or room spray. Circle design is a famiily of bottles available in 15ml, 30ml, 50ml and 100ml size. Price",Clear,100 ml (3.38 oz),madison_generated_evidence,https://likkskifwsrvszxdvufw.supabase.co/storage/v1/object/public/generated-images/4ab1ac72-cd7e-4faf-9152-5aa5f2862411/d4cd4ae9-a9a8-4ea6-ab6f-fd1e19078e5e/paper-doll/master_corrected_1779529335930_shtnxo.png,
GB-ELG-FRS-60ML-AST-LVN,GBElgFrst60AnSpTslLvn,Elegant,"Elegant design 60 ml, 2oz frosted glass bottle with Lavender vintage style bulb sprayer with tassel with shiny silver collar cap. For use with cologne, Eau de Parfum, air freshner, face and body spray, or room spray.  Antique or vintage bulb sprayers enha",Frosted,60 ml (2.03 oz),madison_generated_evidence,https://likkskifwsrvszxdvufw.supabase.co/storage/v1/object/public/generated-images/4ab1ac72-cd7e-4faf-9152-5aa5f2862411/d4cd4ae9-a9a8-4ea6-ab6f-fd1e19078e5e/best-bottles/reference-imports/Elegant/GB-ELG-FRS-60ML-AST-LVN_1779482845841_4tkssc.png,
GB-RND-CLR-128ML-DRP-GLD,GBRnd128DrpGl,Round,"Round design 128 ml, 4.33oz  clear glass bottle  with white dropper with shiny gold collar cap. For use with perfume oils, diffuser oils, serums, primers, facial oils or face oils, moisturizer, and beard oils.Round design bottle is available in 2 sizes -",Clear,128 ml (4.33 oz),madison_generated_evidence,https://likkskifwsrvszxdvufw.supabase.co/storage/v1/object/public/generated-images/4ab1ac72-cd7e-4faf-9152-5aa5f2862411/d4cd4ae9-a9a8-4ea6-ab6f-fd1e19078e5e/paper-doll/master_corrected_1780332555531_ewx363.png,
GB-CIR-CLR-100ML-SPR-SBLK,GBCrcl100SpryShnBlk,Circle,"Circle design 100 ml, 3 1/2oz  clear glass bottle  with shiny black spray pump. For use with cologne, Eau de Parfum, air freshner, face and body spray, or room spray. Circle design is a famiily of bottles available in 15ml, 30ml, 50ml and 100ml size. Pric",Clear,100 ml (3.38 oz),madison_generated_evidence,https://likkskifwsrvszxdvufw.supabase.co/storage/v1/object/public/generated-images/4ab1ac72-cd7e-4faf-9152-5aa5f2862411/d4cd4ae9-a9a8-4ea6-ab6f-fd1e19078e5e/paper-doll/master_corrected_1779529390219_62o7pw.png,
GB-ELG-FRS-60ML-AST-PNK,GBElgFrst60AnSpTslPnk,Elegant,"Elegant design 60 ml, 2oz frosted glass bottle with Pink vintage style bulb sprayer with tassel with shiny gold collar cap. For use with cologne, Eau de Parfum, air freshner, face and body spray, or room spray.  Antique or vintage bulb sprayers enhance th",Frosted,60 ml (2.03 oz),madison_generated_evidence,https://likkskifwsrvszxdvufw.supabase.co/storage/v1/object/public/generated-images/4ab1ac72-cd7e-4faf-9152-5aa5f2862411/d4cd4ae9-a9a8-4ea6-ab6f-fd1e19078e5e/best-bottles/reference-imports/Elegant/GB-ELG-FRS-60ML-AST-PNK_1779482851766_j9bv0k.png,
GB-CYL-CLR-50ML-RDC-BKLT,GBCyl50RdcrBlkLthr,Cylinder,"Cylinder design 50 ml, 1.7oz  clear glass bottle  with reducer and black faux leather cap. For use with cologne, aftershave, splash on, and perfume or fragrance oil, beard oils. Cylinder design is a family of bottles available in 30ml, 50ml and 100ml size",Clear,50 ml (1.69 oz),madison_generated_evidence,https://likkskifwsrvszxdvufw.supabase.co/storage/v1/object/public/generated-images/4ab1ac72-cd7e-4faf-9152-5aa5f2862411/d4cd4ae9-a9a8-4ea6-ab6f-fd1e19078e5e/paper-doll/master_corrected_1779981642652_ga2sr0.png,
GB-RND-FRS-128ML-DRP-SLV,GBRndFrst128DrpSl,Round,"Round design 128 ml, 4.33oz frosted glass bottle with white dropper with shiny silver collar cap. For use with perfume oils, diffuser oils, serums, primers, facial oils or face oils, moisturizer, and beard oils.Round design bottle is available in 2 sizes",Frosted,128 ml (4.33 oz),madison_generated_evidence,https://likkskifwsrvszxdvufw.supabase.co/storage/v1/object/public/generated-images/4ab1ac72-cd7e-4faf-9152-5aa5f2862411/d4cd4ae9-a9a8-4ea6-ab6f-fd1e19078e5e/best-bottles/reference-imports/Round/GB-RND-FRS-128ML-DRP-SLV_1779532250505_hitrhv.png,
GB-CIR-CLR-100ML-SPR-MSLV,GBCrcl100SpryMtSl,Circle,"Circle design 100 ml, 3 1/2oz  clear glass bottle  with matte silver spray pump. For use with cologne, Eau de Parfum, air freshner, face and body spray, or room spray. Circle design is a famiily of bottles available in 15ml, 30ml, 50ml and 100ml size. Pri",Clear,100 ml (3.38 oz),madison_generated_evidence,https://likkskifwsrvszxdvufw.supabase.co/storage/v1/object/public/generated-images/4ab1ac72-cd7e-4faf-9152-5aa5f2862411/d4cd4ae9-a9a8-4ea6-ab6f-fd1e19078e5e/paper-doll/master_corrected_1779529450692_ggjx5m.png,
GB-ELG-FRS-60ML-AST-IVSL,GBElgFrst60AnSpTslIvySl,Elegant,"Elegant design 60 ml, 2oz frosted glass bottle with Ivory vintage style bulb sprayer with tassel with shiny silver collar cap. For use with cologne, Eau de Parfum, air freshner, face and body spray, or room spray.  Antique or vintage bulb sprayers enhance",Frosted,60 ml (2.03 oz),madison_generated_evidence,https://likkskifwsrvszxdvufw.supabase.co/storage/v1/object/public/generated-images/4ab1ac72-cd7e-4faf-9152-5aa5f2862411/d4cd4ae9-a9a8-4ea6-ab6f-fd1e19078e5e/best-bottles/reference-imports/Elegant/GB-ELG-FRS-60ML-AST-IVSL_1779482854927_4441kf.png,
GB-SLK-CLR-30ML-ASP-BLK,GBSlk30AnSpBlk,Sleek,"Sleek design 30 ml, 1oz  clear glass bottle  with black vintage style bulb sprayer with shiny silver collar cap. For use with cologne, Eau de Parfum, air freshner, face and body spray, or room spray.  Antique or vintage bulb sprayers enhance the beauty of",Clear,30 ml (1.01 oz),madison_generated_evidence,https://www.bestbottles.com/images/store/caps/18-415SpAnSpBulbLvn.png,
GB-CIR-CLR-100ML-SPR-SSLV,GBCrcl100SpryShnSl,Circle,"Circle design 100 ml, 3 1/2oz  clear glass bottle  with shiny silver spray pump. For use with cologne, Eau de Parfum, air freshner, face and body spray, or room spray. Circle design is a famiily of bottles available in 15ml, 30ml, 50ml and 100ml size. Pri",Clear,100 ml (3.38 oz),madison_generated_evidence,https://likkskifwsrvszxdvufw.supabase.co/storage/v1/object/public/generated-images/4ab1ac72-cd7e-4faf-9152-5aa5f2862411/d4cd4ae9-a9a8-4ea6-ab6f-fd1e19078e5e/paper-doll/master_corrected_1779529504112_fmdyzj.png,
GB-RND-FRS-12ML-DRP-SGLD,GBRndFrst128DrpGl,Round,"Round design 128 ml, 4.33oz frosted glass bottle with white dropper with shiny gold collar cap. For use with perfume oils, diffuser oils, serums, primers, facial oils or face oils, moisturizer, and beard oils.Round design bottle is available in 2 sizes -",Frosted,128 ml (4.33 oz),madison_generated_evidence,https://likkskifwsrvszxdvufw.supabase.co/storage/v1/object/public/generated-images/4ab1ac72-cd7e-4faf-9152-5aa5f2862411/d4cd4ae9-a9a8-4ea6-ab6f-fd1e19078e5e/best-bottles/reference-imports/Round/GB-RND-FRS-12ML-DRP-SGLD_1779532395994_a1tcp2.png,
GB-ELG-FRS-60ML-AST-RED,GBElgFrst60AnSpTslRed,Elegant,"Elegant design 60 ml, 2oz frosted glass bottle with Red vintage style bulb sprayer with tassel with shiny silver collar cap. For use with cologne, Eau de Parfum, air freshner, face and body spray, or room spray.  Antique or vintage bulb sprayers enhance t",Frosted,60 ml (2.03 oz),madison_generated_evidence,https://likkskifwsrvszxdvufw.supabase.co/storage/v1/object/public/generated-images/4ab1ac72-cd7e-4faf-9152-5aa5f2862411/d4cd4ae9-a9a8-4ea6-ab6f-fd1e19078e5e/best-bottles/reference-imports/Elegant/GB-ELG-FRS-60ML-AST-RED_1779482857157_58k653.png,
GB-SLK-CLR-50ML-RDC-BKLT,GBSlk50RdcrBlkLthr,Sleek,"Sleek design 50 ml, 1.7oz  clear glass bottle  with reducer and black faux leather cap. For use with cologne, aftershave, splash on, and perfume or fragrance oil, beard oils. Sleek design bottle is a family of bottles available in 5ml, 8ml, 30m, 50ml and",Clear,50 ml (1.69 oz),madison_generated_evidence,https://www.bestbottles.com/images/store/caps/18-415CpRdcrLthrBlk.png,
GB-SLM-CLR-30ML-ASP-BLK,GBSlm30AnSpBlk,Slim,"Slim design 30 ml, 1oz  clear glass bottle  with black vintage style bulb sprayer with shiny silver collar cap. For use with cologne, Eau de Parfum, air freshner, face and body spray, or room spray.  Antique or vintage bulb sprayers enhance the beauty of",Clear,30 ml (1.01 oz),madison_generated_evidence,https://www.bestbottles.com/images/store/caps/18-415SpAnSpBulbLvn.png,
GB-SLM-CLR-100ML-RDC-SBLK,GBSlm100RdcrShnBlk,Slim,"Slim design 100 ml, 3 1/2oz  clear glass bottle  with reducer and black shiny cap. For use with cologne, aftershave, splash on, and perfume or fragrance oil, beard oils. Slim design bottle is a family of bottles available 30ml, 50ml and 100ml. Price each",Clear,100 ml (3.38 oz),madison_generated_evidence,https://likkskifwsrvszxdvufw.supabase.co/storage/v1/object/public/generated-images/4ab1ac72-cd7e-4faf-9152-5aa5f2862411/best-bottles/reference-images/GB-SLM-CLR-100ML-RDC-SBLK-01__GBSlm100RdcrShnBlk__pdp-main__v001.png,
GB-CIR-FRS-100ML-SPR-MGLD,GBCrclFrst100SpryMtGl,Circle,"Circle design 100 ml, 3 1/2oz frosted glass bottle with matte gold spray pump. For use with cologne, Eau de Parfum, air freshner, face and body spray, or room spray. Circle design is a famiily of bottles available in 15ml, 30ml, 50ml and 100ml size. Price",Frosted,100 ml (3.38 oz),madison_generated_evidence,https://likkskifwsrvszxdvufw.supabase.co/storage/v1/object/public/generated-images/4ab1ac72-cd7e-4faf-9152-5aa5f2862411/d4cd4ae9-a9a8-4ea6-ab6f-fd1e19078e5e/best-bottles/reference-imports/Circle/GB-CIR-FRS-100ML-SPR-MGLD_1779525318504_6n66v2.png,
GB-ELG-FRS-60ML-AST-WHT,GBElgFrst60AnSpTslWht,Elegant,"Elegant design 60 ml, 2oz frosted glass bottle with White vintage style bulb sprayer with tassel with shiny silver collar cap. For use with cologne, Eau de Parfum, air freshner, face and body spray, or room spray.  Antique or vintage bulb sprayers enhance",Frosted,60 ml (2.03 oz),madison_generated_evidence,https://likkskifwsrvszxdvufw.supabase.co/storage/v1/object/public/generated-images/4ab1ac72-cd7e-4faf-9152-5aa5f2862411/d4cd4ae9-a9a8-4ea6-ab6f-fd1e19078e5e/best-bottles/reference-imports/Elegant/GB-ELG-FRS-60ML-AST-WHT_1779482852901_5mm85i.png,
GB-SLM-CLR-50ML-RDC-BKLT,GBSlm50RdcrBlkLthr,Slim,"Slim design 50 ml, 1.7oz  clear glass bottle  with reducer and black faux leather cap. For use with cologne, aftershave, splash on, and perfume or fragrance oil, beard oils. Slim design bottle is a family of bottles available 30ml, 50ml and 100ml. Price e",Clear,50 ml (1.69 oz),madison_generated_evidence,https://www.bestbottles.com/images/store/caps/18-415CpRdcrLthrBlk.png,
GB-DVA-CLR-46ML-T-01,GBDiva46AnSpBlkRng,Diva,"Diva design 46 ml, 1.64oz clear glass bottle with black vintage style bulb sprayer with shiny silver collar cap and jeweled silver ring. For use with cologne, Eau de Parfum, air freshner, face and body spray, or room spray. Antique or vintage bulb sprayer",Clear,46 ml (1.56 oz),madison_generated_evidence,https://likkskifwsrvszxdvufw.supabase.co/storage/v1/object/public/generated-images/4ab1ac72-cd7e-4faf-9152-5aa5f2862411/d4cd4ae9-a9a8-4ea6-ab6f-fd1e19078e5e/paper-doll/master_corrected_1779508481668_jvq8ol.png,
GB-CIR-FRS-100ML-SPR-SGLD,GBCrclFrst100SpryShnGl,Circle,"Circle design 100 ml, 3 1/2oz frosted glass bottle with shiny gold spray pump. For use with cologne, Eau de Parfum, air freshner, face and body spray, or room spray. Circle design is a famiily of bottles available in 15ml, 30ml, 50ml and 100ml size. Price",Frosted,100 ml (3.38 oz),madison_generated_evidence,https://likkskifwsrvszxdvufw.supabase.co/storage/v1/object/public/generated-images/4ab1ac72-cd7e-4faf-9152-5aa5f2862411/d4cd4ae9-a9a8-4ea6-ab6f-fd1e19078e5e/best-bottles/reference-imports/Circle/GB-CIR-FRS-100ML-SPR-SGLD_1779525320116_dek67e.png,
GB-ELG-FRS-60ML-AST-MSLV,GBElgFrst60AnSpTslMtSl,Elegant,"Elegant design 60 ml, 2oz frosted glass bottle with Silver vintage style bulb sprayer with tassel with matte silver collar cap. For use with cologne, Eau de Parfum, air freshner, face and body spray, or room spray.  Antique or vintage bulb sprayers enhanc",Frosted,60 ml (2.03 oz),madison_generated_evidence,https://likkskifwsrvszxdvufw.supabase.co/storage/v1/object/public/generated-images/4ab1ac72-cd7e-4faf-9152-5aa5f2862411/d4cd4ae9-a9a8-4ea6-ab6f-fd1e19078e5e/best-bottles/reference-imports/Elegant/GB-ELG-FRS-60ML-AST-MSLV_1779482844121_rd1x5e.png,
GB-DVA-CLR-46ML-T-06,GBDiva46AnSpTslBlkRng,Diva,"Diva design 46 ml, 1.64oz  clear glass bottle  with black vintage style bulb sprayer with tassel with shiny silver collar cap and jeweled silver ring. For use with cologne, Eau de Parfum, air freshner, face and body spray, or room spray.  Antique or vinta",Clear,46 ml (1.56 oz),madison_generated_evidence,https://likkskifwsrvszxdvufw.supabase.co/storage/v1/object/public/generated-images/4ab1ac72-cd7e-4faf-9152-5aa5f2862411/best-bottles/reference-images/GB-DVA-CLR-46ML-T-06__GBDiva46AnSpTslBlkRng__pdp-main__v001.png,
GB-CIR-FRS-100ML-SPR-SBLK,GBCrclFrst100SpryShnBlk,Circle,"Circle design 100 ml, 3 1/2oz frosted glass bottle with shiny black spray pump. For use with cologne, Eau de Parfum, air freshner, face and body spray, or room spray. Circle design is a famiily of bottles available in 15ml, 30ml, 50ml and 100ml size. Pric",Frosted,100 ml (3.38 oz),madison_generated_evidence,https://likkskifwsrvszxdvufw.supabase.co/storage/v1/object/public/generated-images/4ab1ac72-cd7e-4faf-9152-5aa5f2862411/d4cd4ae9-a9a8-4ea6-ab6f-fd1e19078e5e/best-bottles/reference-imports/Circle/GB-CIR-FRS-100ML-SPR-SBLK_1779525326897_xzv3fm.png,
GB-RND-CLR-78ML-ASP-PNK,GBRnd78AnSpPnk,Round,"Round design 78 ml, 2.65oz  clear glass bottle  with pink vintage style bulb sprayer with shiny gold collar cap. For use with cologne, Eau de Parfum, air freshner, face and body spray, or room spray.  Antique or vintage bulb sprayers enhance the beauty of",Clear,78 ml (2.64 oz),madison_generated_evidence,https://likkskifwsrvszxdvufw.supabase.co/storage/v1/object/public/generated-images/4ab1ac72-cd7e-4faf-9152-5aa5f2862411/d4cd4ae9-a9a8-4ea6-ab6f-fd1e19078e5e/best-bottles/reference-imports/Round/GB-RND-CLR-78ML-ASP-PNK_1779532307991_1cj45e.png,
GB-CYL-BLU-5ML-MRL-MCPR,GBCylBlu5MtlRollCuMatt,Cylinder,"Cylinder design 5ml, 1/6oz Blue glass bottle with metal roller ball plug and matte copper cap. For use with perfume or fragrance oil, essential oils, aromatic oils and aromatherapy. Refillable, Small sized bottle for decants, promotion, samples and travel",Cobalt Blue,5 ml (0.17 oz),madison_generated_evidence,https://likkskifwsrvszxdvufw.supabase.co/storage/v1/object/public/generated-images/4ab1ac72-cd7e-4faf-9152-5aa5f2862411/d4cd4ae9-a9a8-4ea6-ab6f-fd1e19078e5e/paper-doll/master_corrected_1779555139902_banftl.png,
GB-CIR-FRS-100ML-SPR-MSLV,GBCrclFrst100SpryMtSl,Circle,"Circle design 100 ml, 3 1/2oz frosted glass bottle with matte silver spray pump. For use with cologne, Eau de Parfum, air freshner, face and body spray, or room spray. Circle design is a famiily of bottles available in 15ml, 30ml, 50ml and 100ml size. Pri",Frosted,100 ml (3.38 oz),madison_generated_evidence,https://likkskifwsrvszxdvufw.supabase.co/storage/v1/object/public/generated-images/4ab1ac72-cd7e-4faf-9152-5aa5f2862411/d4cd4ae9-a9a8-4ea6-ab6f-fd1e19078e5e/best-bottles/reference-imports/Circle/GB-CIR-FRS-100ML-SPR-MSLV_1779525323192_pfp2dk.png,
GB-RND-CLR-78ML-ASP-LVN,GBRnd78AnSpLvn,Round,"Round design 78 ml, 2.65oz  clear glass bottle  with lavender vintage style bulb sprayer with shiny silver collar cap. For use with cologne, Eau de Parfum, air freshner, face and body spray, or room spray.  Antique or vintage bulb sprayers enhance the bea",Clear,78 ml (2.64 oz),madison_generated_evidence,https://likkskifwsrvszxdvufw.supabase.co/storage/v1/object/public/generated-images/4ab1ac72-cd7e-4faf-9152-5aa5f2862411/d4cd4ae9-a9a8-4ea6-ab6f-fd1e19078e5e/best-bottles/reference-imports/Round/GB-RND-CLR-78ML-ASP-LVN_1779532301783_m4akhu.png,
GB-ELG-CLR-60ML-RDC-BKLT,GBElg60RdcrBlkLthr,Elegant,"Elegant design 60 ml, 2oz  clear glass bottle  with reducer and black faux leather cap. For use with cologne, aftershave, splash on, and perfume or fragrance oil, beard oils. Elegant bottle is a family of bottles available in 5ml, 15ml, 30ml, 60ml and 100",Clear,60 ml (2.03 oz),madison_generated_evidence,https://likkskifwsrvszxdvufw.supabase.co/storage/v1/object/public/generated-images/4ab1ac72-cd7e-4faf-9152-5aa5f2862411/d4cd4ae9-a9a8-4ea6-ab6f-fd1e19078e5e/best-bottles/reference-imports/Elegant/GB-ELG-CLR-60ML-RDC-BKLT_1779482941278_l1ucef.png,
GB-DVA-CLR-46ML-AST-BLK,GBDiva46AnSpTslBlk,Diva,"Diva design 46 ml, 1.64oz  clear glass bottle  with black vintage style bulb sprayer with tassel with shiny silver collar cap. For use with cologne, Eau de Parfum, air freshner, face and body spray, or room spray.  Antique or vintage bulb sprayers enhance",Clear,46 ml (1.56 oz),madison_generated_evidence,https://likkskifwsrvszxdvufw.supabase.co/storage/v1/object/public/generated-images/4ab1ac72-cd7e-4faf-9152-5aa5f2862411/d4cd4ae9-a9a8-4ea6-ab6f-fd1e19078e5e/best-bottles/reference-imports/Diva/GB-DVA-CLR-46ML-AST-BLK_1779507047250_jxzpb1.png,
GB-CIR-FRS-100ML-SPR-SSLV,GBCrclFrst100SpryShnSl,Circle,"Circle design 100 ml, 3 1/2oz frosted glass bottle with shiny silver spray pump. For use with cologne, Eau de Parfum, air freshner, face and body spray, or room spray. Circle design is a famiily of bottles available in 15ml, 30ml, 50ml and 100ml size. Pri",Frosted,100 ml (3.38 oz),madison_generated_evidence,https://likkskifwsrvszxdvufw.supabase.co/storage/v1/object/public/generated-images/4ab1ac72-cd7e-4faf-9152-5aa5f2862411/d4cd4ae9-a9a8-4ea6-ab6f-fd1e19078e5e/best-bottles/reference-imports/Circle/GB-CIR-FRS-100ML-SPR-SSLV_1779525325480_il150g.png,
GB-RND-CLR-78ML-ASP-IVGD,GBRnd78AnSpIvyGl,Round,"Round design 78 ml, 2.65oz  clear glass bottle  with ivory vintage style bulb sprayer with shiny gold collar cap. For use with cologne, Eau de Parfum, air freshner, face and body spray, or room spray.  Antique or vintage bulb sprayers enhance the beauty o",Clear,78 ml (2.64 oz),madison_generated_evidence,https://likkskifwsrvszxdvufw.supabase.co/storage/v1/object/public/generated-images/4ab1ac72-cd7e-4faf-9152-5aa5f2862411/d4cd4ae9-a9a8-4ea6-ab6f-fd1e19078e5e/best-bottles/reference-imports/Round/GB-RND-CLR-78ML-ASP-IVGD_1779532304857_v0tbgi.png,
GB-ELG-FRS-60ML-RDC-BKLT,GBElgFrst60RdcrBlkLthr,Elegant,"Elegant design 60 ml, 2oz frosted glass bottle with reducer and black faux leather cap. For use with cologne, aftershave, splash on, and perfume or fragrance oil, beard oils. Elegant bottle is a family of bottles available in 5ml, 15ml, 30ml, 60ml and 100",Frosted,60 ml (2.03 oz),madison_generated_evidence,https://likkskifwsrvszxdvufw.supabase.co/storage/v1/object/public/generated-images/4ab1ac72-cd7e-4faf-9152-5aa5f2862411/d4cd4ae9-a9a8-4ea6-ab6f-fd1e19078e5e/best-bottles/reference-imports/Elegant/GB-ELG-FRS-60ML-RDC-BKLT_1779482950465_ybb4xv.png,
GB-SLM-CLR-100ML-RDC-MSLV,GBSlm100RdcrMtSl,Slim,"Slim design 100 ml, 3 1/2oz  clear glass bottle  with reducer and silver matte cap. For use with cologne, aftershave, splash on, and perfume or fragrance oil, beard oils. Slim design bottle is a family of bottles available 30ml, 50ml and 100ml. Price each",Clear,100 ml (3.38 oz),madison_generated_evidence,https://likkskifwsrvszxdvufw.supabase.co/storage/v1/object/public/generated-images/4ab1ac72-cd7e-4faf-9152-5aa5f2862411/best-bottles/reference-images/GB-SLM-CLR-100ML-RDC-MSLV-01__GBSlm100RdcrMtSl__pdp-main__v001.png,
GB-RND-CLR-78ML-ASP-GLD,GBRnd78AnSpGl,Round,"Round design 78 ml, 2.65oz  clear glass bottle  with gold vintage style sprayer with shiny gold collar cap. For use with cologne, Eau de Parfum, air freshner, face and body spray, or room spray.  Antique or vintage bulb sprayers enhance the beauty of your",Clear,78 ml (2.64 oz),madison_generated_evidence,https://likkskifwsrvszxdvufw.supabase.co/storage/v1/object/public/generated-images/4ab1ac72-cd7e-4faf-9152-5aa5f2862411/d4cd4ae9-a9a8-4ea6-ab6f-fd1e19078e5e/best-bottles/reference-imports/Round/GB-RND-CLR-78ML-ASP-GLD_1779532312533_o70ah0.png,
GB-RND-CLR-78ML-RDC-BKLT,GBRnd78RdcrBlkLthr,Round,"Round design 78 ml, 2.65oz  clear glass bottle  with reducer and black faux leather cap. For use with cologne, aftershave, splash on, and perfume or fragrance oil, beard oils. Round design bottle is available in 2 sizes - 78ml and 128 ml. Price each",Clear,78 ml (2.64 oz),madison_generated_evidence,https://likkskifwsrvszxdvufw.supabase.co/storage/v1/object/public/generated-images/4ab1ac72-cd7e-4faf-9152-5aa5f2862411/d4cd4ae9-a9a8-4ea6-ab6f-fd1e19078e5e/best-bottles/reference-imports/Round/GB-RND-CLR-78ML-RDC-BKLT_1779532322684_7wqsff.png,
GB-DVA-FRS-46ML-T-20,GBDivaFrst46AnSpTslBlk,Diva,Diva 46 ml (1.56 oz) Frosted Glass Bottle Tall Cap,Frosted,46 ml (1.56 oz),madison_generated_evidence,https://likkskifwsrvszxdvufw.supabase.co/storage/v1/object/public/generated-images/4ab1ac72-cd7e-4faf-9152-5aa5f2862411/d4cd4ae9-a9a8-4ea6-ab6f-fd1e19078e5e/best-bottles/reference-imports/Diva/GB-DVA-FRS-46ML-T-20_1779507037084_jzcxnt.png,
GB-CYL-BLU-5ML-MRL-PKDT,GBCylBlu5MtlRollPinkDot,Cylinder,"Cylinder design 5ml, 1/6oz Blue glass bottle with metal roller ball plug and pink cap with dots. For use with perfume or fragrance oil, essential oils, aromatic oils and aromatherapy. Refillable, Small sized bottle for decants, promotion, samples and trav",Cobalt Blue,5 ml (0.17 oz),madison_generated_evidence,https://likkskifwsrvszxdvufw.supabase.co/storage/v1/object/public/generated-images/4ab1ac72-cd7e-4faf-9152-5aa5f2862411/d4cd4ae9-a9a8-4ea6-ab6f-fd1e19078e5e/paper-doll/master_corrected_1779555304884_e9s5p4.png,
GB-RND-CLR-78ML-ASP-IVSL,GBRnd78AnSpIvySl,Round,"Round design 78 ml, 2.65oz  clear glass bottle  with ivory vintage style bulb sprayer with shiny silver collar cap. For use with cologne, Eau de Parfum, air freshner, face and body spray, or room spray.  Antique or vintage bulb sprayers enhance the beauty",Clear,78 ml (2.64 oz),madison_generated_evidence,https://likkskifwsrvszxdvufw.supabase.co/storage/v1/object/public/generated-images/4ab1ac72-cd7e-4faf-9152-5aa5f2862411/d4cd4ae9-a9a8-4ea6-ab6f-fd1e19078e5e/best-bottles/reference-imports/Round/GB-RND-CLR-78ML-ASP-IVSL_1779532313680_d1o2fm.png,
GB-RND-FRS-78ML-RDC-BKLT,GBRndFrst78RdcrBlkLthr,Round,"Round design 78 ml, 2.65oz frosted glass bottle with reducer and black faux leather cap. For use with cologne, aftershave, splash on, and perfume or fragrance oil, beard oils. Round design bottle is available in 2 sizes - 78ml and 128 ml. Price each",Frosted,78 ml (2.64 oz),madison_generated_evidence,https://likkskifwsrvszxdvufw.supabase.co/storage/v1/object/public/generated-images/4ab1ac72-cd7e-4faf-9152-5aa5f2862411/d4cd4ae9-a9a8-4ea6-ab6f-fd1e19078e5e/best-bottles/reference-imports/Round/GB-RND-FRS-78ML-RDC-BKLT_1779532328492_2j0vtd.png,
GB-CIR-CLR-50ML-ASP-BLK,GBCrcl50AnSpBlk,Circle,"Circle design 50 ml, 1.7oz  clear glass bottle  with black vintage style bulb sprayer with shiny silver collar cap. For use with cologne, Eau de Parfum, air freshner, face and body spray, or room spray.  Antique or vintage bulb sprayers enhance the beauty",Clear,50 ml (1.69 oz),madison_generated_evidence,https://likkskifwsrvszxdvufw.supabase.co/storage/v1/object/public/generated-images/4ab1ac72-cd7e-4faf-9152-5aa5f2862411/d4cd4ae9-a9a8-4ea6-ab6f-fd1e19078e5e/best-bottles/reference-imports/Circle/GB-CIR-CLR-50ML-ASP-BLK_1779525275383_1a3vcw.png,
GB-CYL-BLU-5ML-MRL-SLDT,GBCylBlu5MtlRollSlDot,Cylinder,"Cylinder design 5ml, 1/6oz Blue glass bottle with metal roller ball plug and silver cap with dots. For use with perfume or fragrance oil, essential oils, aromatic oils and aromatherapy. Refillable, Small sized bottle for decants, promotion, samples and tr",Cobalt Blue,5 ml (0.17 oz),madison_generated_evidence,https://likkskifwsrvszxdvufw.supabase.co/storage/v1/object/public/generated-images/4ab1ac72-cd7e-4faf-9152-5aa5f2862411/d4cd4ae9-a9a8-4ea6-ab6f-fd1e19078e5e/paper-doll/master_corrected_1779555359015_g5r7q8.png,
GB-RND-CLR-78ML-ASP-RED,GBRnd78AnSpRed,Round,"Round design 78 ml, 2.65oz  clear glass bottle  with red vintage style bulb sprayer with shiny silver collar cap. For use with cologne, Eau de Parfum, air freshner, face and body spray, or room spray.  Antique or vintage bulb sprayers enhance the beauty o",Clear,78 ml (2.64 oz),madison_generated_evidence,https://likkskifwsrvszxdvufw.supabase.co/storage/v1/object/public/generated-images/4ab1ac72-cd7e-4faf-9152-5aa5f2862411/d4cd4ae9-a9a8-4ea6-ab6f-fd1e19078e5e/best-bottles/reference-imports/Round/GB-RND-CLR-78ML-ASP-RED_1779532316833_175591.png,
CMP-SPR-SHGD-18-415-05,Spry18-415ShnGl,Sprayer,"Shiny Gold collar sprayer, Thread size 18-415",,0 ml (0 oz),madison_generated_evidence,https://likkskifwsrvszxdvufw.supabase.co/storage/v1/object/public/generated-images/4ab1ac72-cd7e-4faf-9152-5aa5f2862411/best-bottles/reference-images/CMP-SPR-SHGD-18-415-05__Spry18-415ShnGl__pdp-main__v001.png,
GB-CIR-CLR-50ML-AST-BLK,GBCrcl50AnSpTslBlk,Circle,"Circle design 50 ml, 1.7oz  clear glass bottle  with Black vintage style bulb sprayer with tasseland shiny silver collar cap. For use with cologne, Eau de Parfum, air freshner, face and body spray, or room spray.  Antique or vintage bulb sprayers enhance",Clear,50 ml (1.69 oz),madison_generated_evidence,https://likkskifwsrvszxdvufw.supabase.co/storage/v1/object/public/generated-images/4ab1ac72-cd7e-4faf-9152-5aa5f2862411/d4cd4ae9-a9a8-4ea6-ab6f-fd1e19078e5e/best-bottles/reference-imports/Circle/GB-CIR-CLR-50ML-AST-BLK_1779525309926_nr68lr.png,
GB-RND-CLR-78ML-ASP-MSLV,GBRnd78AnSpMtSl,Round,"Round design 78 ml, 2.65oz  clear glass bottle  with matte silver vintage style sprayer with matte silver collar cap. For use with cologne, Eau de Parfum, air freshner, face and body spray, or room spray.  Antique or vintage bulb sprayers enhance the beau",Clear,78 ml (2.64 oz),madison_generated_evidence,https://likkskifwsrvszxdvufw.supabase.co/storage/v1/object/public/generated-images/4ab1ac72-cd7e-4faf-9152-5aa5f2862411/d4cd4ae9-a9a8-4ea6-ab6f-fd1e19078e5e/best-bottles/reference-imports/Round/GB-RND-CLR-78ML-ASP-MSLV_1779532298627_js9bts.png,
GB-CIR-FRS-100ML-RDC-BLK,GBCrclFrst100RdcrBlkLthr,Circle,"Circle design 100 ml, 3 1/2oz frosted glass bottle with reducer and black faux leather cap. For use with cologne, aftershave, splash on, and perfume or fragrance oil, beard oils. Circle design is a famiily of bottles available in 15ml, 30ml, 50ml and 100m",Frosted,100 ml (3.38 oz),madison_generated_evidence,https://likkskifwsrvszxdvufw.supabase.co/storage/v1/object/public/generated-images/4ab1ac72-cd7e-4faf-9152-5aa5f2862411/d4cd4ae9-a9a8-4ea6-ab6f-fd1e19078e5e/best-bottles/reference-imports/Circle/GB-CIR-FRS-100ML-RDC-BLK_1779525293278_4esje6.png,
GB-CIR-FRS-50ML-ASP-BLK,GBCrclFrst50AnSpBlk,Circle,"Circle design 50 ml, 1.7oz  frosted glass bottle  with black vintage style bulb sprayer with shiny silver collar cap. For use with cologne, Eau de Parfum, air freshner, face and body spray, or room spray.  Antique or vintage bulb sprayers enhance the beau",Frosted,50 ml (1.69 oz),madison_generated_evidence,https://likkskifwsrvszxdvufw.supabase.co/storage/v1/object/public/generated-images/4ab1ac72-cd7e-4faf-9152-5aa5f2862411/d4cd4ae9-a9a8-4ea6-ab6f-fd1e19078e5e/paper-doll/master_corrected_1779594875041_1j6suv.png,
GB-RND-CLR-78ML-T,GBRnd78AnSpWht,Round,"Round design 78 ml, 2.65oz  clear glass bottle  with white vintage style bulb sprayer with shiny silver collar cap. For use with cologne, Eau de Parfum, air freshner, face and body spray, or room spray.  Antique or vintage bulb sprayers enhance the beauty",Clear,78 ml (2.64 oz),madison_generated_evidence,https://likkskifwsrvszxdvufw.supabase.co/storage/v1/object/public/generated-images/4ab1ac72-cd7e-4faf-9152-5aa5f2862411/d4cd4ae9-a9a8-4ea6-ab6f-fd1e19078e5e/best-bottles/reference-imports/Round/GB-RND-CLR-78ML-T_1779532307128_b4zoqi.png,
GB-SLK-CLR-5ML-MRL-SBLK,GBSleek5MtlRollBlkSh,Sleek,"Sleek design 5ml, 1/6oz Clear glass bottle with metal roller ball plug and black shiny cap. For use with perfume or fragrance oil, essential oils, aromatic oils and aromatherapy. Refillable, Small sized bottle for decants, promotion, samples and travel ac",Clear,5 ml (0.17 oz),madison_generated_evidence,https://likkskifwsrvszxdvufw.supabase.co/storage/v1/object/public/generated-images/4ab1ac72-cd7e-4faf-9152-5aa5f2862411/best-bottles/reference-images/GB-SLK-CLR-5ML-MRL-SBLK__GBSleek5MtlRollBlkSh__pdp-main__v001.png,
GB-RND-CLR-78ML-AST-GLD,GBRnd78AnSpTslGl,Round,"Round design 78 ml, 2.65oz  clear glass bottle  with Gold vintage style bulb sprayer with tasseland shiny gold collar cap. For use with cologne, Eau de Parfum, air freshner, face and body spray, or room spray.  Antique or vintage bulb sprayers enhance the",Clear,78 ml (2.64 oz),madison_generated_evidence,https://likkskifwsrvszxdvufw.supabase.co/storage/v1/object/public/generated-images/4ab1ac72-cd7e-4faf-9152-5aa5f2862411/d4cd4ae9-a9a8-4ea6-ab6f-fd1e19078e5e/best-bottles/reference-imports/Round/GB-RND-CLR-78ML-AST-GLD_1779532265657_qllgl0.png,
GB-CYL-CLR-50ML-ASP-BLK,GBCyl50AnSpBlk,Cylinder,"Cylinder design 50 ml, 1.7oz  clear glass bottle  with black vintage style bulb sprayer with shiny silver collar cap. For use with cologne, Eau de Parfum, air freshner, face and body spray, or room spray.  Antique or vintage bulb sprayers enhance the beau",Clear,50 ml (1.69 oz),madison_generated_evidence,https://likkskifwsrvszxdvufw.supabase.co/storage/v1/object/public/generated-images/4ab1ac72-cd7e-4faf-9152-5aa5f2862411/d4cd4ae9-a9a8-4ea6-ab6f-fd1e19078e5e/paper-doll/master_corrected_1779982630009_cqyhuw.png,
GB-SLK-CLR-5ML-MRL-MCPR,GBSleek5MtlRollCuMatt,Sleek,"Sleek design 5ml, 1/6oz Clear glass bottle with metal roller ball plug and matte copper cap. For use with perfume or fragrance oil, essential oils, aromatic oils and aromatherapy. Refillable, Small sized bottle for decants, promotion, samples and travel a",Clear,5 ml (0.17 oz),madison_generated_evidence,https://likkskifwsrvszxdvufw.supabase.co/storage/v1/object/public/generated-images/4ab1ac72-cd7e-4faf-9152-5aa5f2862411/best-bottles/reference-images/GB-SLK-CLR-5ML-MRL-MCPR__GBSleek5MtlRollCuMatt__pdp-main__v001.png,
GB-RND-CLR-78ML-AST-IVGD,GBRnd78AnSpTslIvyGl,Round,"Round design 78 ml, 2.65oz  clear glass bottle  with Ivory vintage style bulb sprayer with tassel and shiny gold collar cap. For use with cologne, Eau de Parfum, air freshner, face and body spray, or room spray.  Antique or vintage bulb sprayers enhance t",Clear,78 ml (2.64 oz),madison_generated_evidence,https://likkskifwsrvszxdvufw.supabase.co/storage/v1/object/public/generated-images/4ab1ac72-cd7e-4faf-9152-5aa5f2862411/d4cd4ae9-a9a8-4ea6-ab6f-fd1e19078e5e/best-bottles/reference-imports/Round/GB-RND-CLR-78ML-AST-IVGD_1779532269753_7rpmg0.png,
GB-CYL-CLR-50ML-AST-BLK,GBCyl50AnSpTslBlk,Cylinder,"Cylinder design 50 ml, 1.7oz  clear glass bottle  with Black vintage style bulb sprayer with tasseland shiny silver collar cap. For use with cologne, Eau de Parfum, air freshner, face and body spray, or room spray.  Antique or vintage bulb sprayers enhanc",Clear,50 ml (1.69 oz),madison_generated_evidence,https://likkskifwsrvszxdvufw.supabase.co/storage/v1/object/public/generated-images/4ab1ac72-cd7e-4faf-9152-5aa5f2862411/d4cd4ae9-a9a8-4ea6-ab6f-fd1e19078e5e/paper-doll/master_corrected_1779983278352_ptnzpi.png,
GB-SLK-CLR-5ML-MRL-MGLD,GBSleek5MtlRollGlMatt,Sleek,"Sleek design 5ml, 1/6oz Clear glass bottle with metal roller ball plug and matte gold cap. For use with perfume or fragrance oil, essential oils, aromatic oils and aromatherapy. Refillable, Small sized bottle for decants, promotion, samples and travel acc",Clear,5 ml (0.17 oz),madison_generated_evidence,https://likkskifwsrvszxdvufw.supabase.co/storage/v1/object/public/generated-images/4ab1ac72-cd7e-4faf-9152-5aa5f2862411/best-bottles/reference-images/GB-SLK-CLR-5ML-MRL-MGLD__GBSleek5MtlRollGlMatt__pdp-main__v001.png,
GB-RND-CLR-78ML-AST-LVN,GBRnd78AnSpTslLvn,Round,"Round design 78 ml, 2.65oz  clear glass bottle  with Lavender vintage style bulb sprayer with Tasseland shiny silver collar cap. For use with cologne, Eau de Parfum, air freshner, face and body spray, or room spray.  Antique or vintage bulb sprayers enhan",Clear,78 ml (2.64 oz),madison_generated_evidence,https://likkskifwsrvszxdvufw.supabase.co/storage/v1/object/public/generated-images/4ab1ac72-cd7e-4faf-9152-5aa5f2862411/d4cd4ae9-a9a8-4ea6-ab6f-fd1e19078e5e/best-bottles/reference-imports/Round/GB-RND-CLR-78ML-AST-LVN_1779532273926_n09b7k.png,
GB-ELG-FRS-100ML-RDC-BKLT,GBElgFrst100RdcrBlkLthr,Elegant,"Elegant design 100 ml, 3 1/2oz frosted glass bottle with reducer and black faux leather cap. For use with cologne, aftershave, splash on, and perfume or fragrance oil, beard oils. Elegant bottle is a family of bottles available in 5ml, 15ml, 30ml, 60ml an",Frosted,100 ml (3.38 oz),madison_generated_evidence,https://likkskifwsrvszxdvufw.supabase.co/storage/v1/object/public/generated-images/4ab1ac72-cd7e-4faf-9152-5aa5f2862411/d4cd4ae9-a9a8-4ea6-ab6f-fd1e19078e5e/best-bottles/reference-imports/Elegant/GB-ELG-FRS-100ML-RDC-BKLT_1779483008470_kdi9r1.png,
GB-SLK-CLR-5ML-MRL-SGLD,GBSleek5MtlRollGlSh,Sleek,"Sleek design 5ml, 1/6oz Clear glass bottle with metal roller ball plug and shiny gold cap. For use with perfume or fragrance oil, essential oils, aromatic oils and aromatherapy. Refillable, Small sized bottle for decants, promotion, samples and travel acc",Clear,5 ml (0.17 oz),madison_generated_evidence,https://likkskifwsrvszxdvufw.supabase.co/storage/v1/object/public/generated-images/4ab1ac72-cd7e-4faf-9152-5aa5f2862411/best-bottles/reference-images/GB-SLK-CLR-5ML-MRL-SGLD__GBSleek5MtlRollGlSh__pdp-main__v001.png,
GB-RND-CLR-78ML-AST-WHT,GBRnd78AnSpTslWht,Round,"Round design 78 ml, 2.65oz  clear glass bottle  with White vintage style bulb sprayer with tasseland shiny silver collar cap. For use with cologne, Eau de Parfum, air freshner, face and body spray, or room spray.  Antique or vintage bulb sprayers enhance",Clear,78 ml (2.64 oz),madison_generated_evidence,https://likkskifwsrvszxdvufw.supabase.co/storage/v1/object/public/generated-images/4ab1ac72-cd7e-4faf-9152-5aa5f2862411/d4cd4ae9-a9a8-4ea6-ab6f-fd1e19078e5e/best-bottles/reference-imports/Round/GB-RND-CLR-78ML-AST-WHT_1779532264721_sumbpy.png,
GB-SLK-CLR-5ML-MRL-PKDT,GBSleek5MtlRollPinkDot,Sleek,"Sleek design 5ml, 1/6oz Clear glass bottle with metal roller ball plug and pink cap with dots. For use with perfume or fragrance oil, essential oils, aromatic oils and aromatherapy. Refillable, Small sized bottle for decants, promotion, samples and travel",Clear,5 ml (0.17 oz),madison_generated_evidence,https://likkskifwsrvszxdvufw.supabase.co/storage/v1/object/public/generated-images/4ab1ac72-cd7e-4faf-9152-5aa5f2862411/best-bottles/reference-images/GB-SLK-CLR-5ML-MRL-PKDT__GBSleek5MtlRollPinkDot__pdp-main__v001.png,
GB-RND-CLR-78ML-AST-PNK,GBRnd78AnSpTslPnk,Round,"Round design 78 ml, 2.65oz  clear glass bottle  with Pink vintage style bulb sprayer with tassel and shiny gold collar cap. For use with cologne, Eau de Parfum, air freshner, face and body spray, or room spray.  Antique or vintage bulb sprayers enhance th",Clear,78 ml (2.64 oz),madison_generated_evidence,https://likkskifwsrvszxdvufw.supabase.co/storage/v1/object/public/generated-images/4ab1ac72-cd7e-4faf-9152-5aa5f2862411/d4cd4ae9-a9a8-4ea6-ab6f-fd1e19078e5e/best-bottles/reference-imports/Round/GB-RND-CLR-78ML-AST-PNK_1779532270968_o2bpdk.png,
GB-SLK-CLR-5ML-MRL-SLDT,GBSleek5MtlRollSlDot,Sleek,"Sleek design 5ml, 1/6oz Clear glass bottle with metal roller ball plug and silver cap with dots. For use with perfume or fragrance oil, essential oils, aromatic oils and aromatherapy. Refillable, Small sized bottle for decants, promotion, samples and trav",Clear,5 ml (0.17 oz),madison_generated_evidence,https://likkskifwsrvszxdvufw.supabase.co/storage/v1/object/public/generated-images/4ab1ac72-cd7e-4faf-9152-5aa5f2862411/best-bottles/reference-images/GB-SLK-CLR-5ML-MRL-SLDT__GBSleek5MtlRollSlDot__pdp-main__v001.png,
GB-RND-CLR-78ML-AST-RED,GBRnd78AnSpTslRed,Round,"Round design 78 ml, 2.65oz  clear glass bottle  with Red vintage style bulb sprayer with tasseland shiny silver collar cap. For use with cologne, Eau de Parfum, air freshner, face and body spray, or room spray.  Antique or vintage bulb sprayers enhance th",Clear,78 ml (2.64 oz),madison_generated_evidence,https://likkskifwsrvszxdvufw.supabase.co/storage/v1/object/public/generated-images/4ab1ac72-cd7e-4faf-9152-5aa5f2862411/d4cd4ae9-a9a8-4ea6-ab6f-fd1e19078e5e/best-bottles/reference-imports/Round/GB-RND-CLR-78ML-AST-RED_1779532260839_eosnrg.png,
GB-SLK-CLR-5ML-MRL-MSLV,GBSleek5MtlRollSlMatt,Sleek,"Sleek design 5ml, 1/6oz Clear glass bottle with metal roller ball plug and matte silver cap. For use with perfume or fragrance oil, essential oils, aromatic oils and aromatherapy. Refillable, Small sized bottle for decants, promotion, samples and travel a",Clear,5 ml (0.17 oz),madison_generated_evidence,https://likkskifwsrvszxdvufw.supabase.co/storage/v1/object/public/generated-images/4ab1ac72-cd7e-4faf-9152-5aa5f2862411/best-bottles/reference-images/GB-SLK-CLR-5ML-MRL-MSLV__GBSleek5MtlRollSlMatt__pdp-main__v001.png,
GB-RND-CLR-78ML-AST-MSLV,GBRnd78AnSpTslMtSl,Round,"Round design 78 ml, 2.65oz  clear glass bottle  with Silver vintage style bulb sprayer with tasseland matte silver collar cap. For use with cologne, Eau de Parfum, air freshner, face and body spray, or room spray.  Antique or vintage bulb sprayers enhance",Clear,78 ml (2.64 oz),madison_generated_evidence,https://likkskifwsrvszxdvufw.supabase.co/storage/v1/object/public/generated-images/4ab1ac72-cd7e-4faf-9152-5aa5f2862411/d4cd4ae9-a9a8-4ea6-ab6f-fd1e19078e5e/best-bottles/reference-imports/Round/GB-RND-CLR-78ML-AST-MSLV_1779532274954_asjw53.png,
GB-RND-CLR-128ML-RDC-BKLT,GBRnd128RdcrBlkLthr,Round,"Round design 128 ml, 4.33oz  clear glass bottle  with reducer and black faux leather cap. For use with cologne, aftershave, splash on, and perfume or fragrance oil, beard oils. Round design bottle is available in 2 sizes - 78ml and 128 ml. Price each",Clear,128 ml (4.33 oz),madison_generated_evidence,https://likkskifwsrvszxdvufw.supabase.co/storage/v1/object/public/generated-images/4ab1ac72-cd7e-4faf-9152-5aa5f2862411/d4cd4ae9-a9a8-4ea6-ab6f-fd1e19078e5e/best-bottles/reference-imports/Round/GB-RND-CLR-128ML-RDC-BKLT_1779532361086_lxgz2k.png,
GB-RND-CLR-128ML-RDC-PKLT,GBRnd128RdcrPnkLthr,Round,"Round design 128 ml, 4.33oz  clear glass bottle  with reducer and pink faux leather cap. For use with cologne, aftershave, splash on, and perfume or fragrance oil, beard oils. Round design bottle is available in 2 sizes - 78ml and 128 ml. Price each",Clear,128 ml (4.33 oz),madison_generated_evidence,https://likkskifwsrvszxdvufw.supabase.co/storage/v1/object/public/generated-images/4ab1ac72-cd7e-4faf-9152-5aa5f2862411/d4cd4ae9-a9a8-4ea6-ab6f-fd1e19078e5e/best-bottles/reference-imports/Round/GB-RND-CLR-128ML-RDC-PKLT_1779532358333_kwvfpg.png,
GB-SLK-CLR-5ML-MRL-SSLV,GBSleek5MtlRollSlSh,Sleek,"Sleek design 5ml, 1/6oz Clear glass bottle with metal roller ball plug and shiny silver cap. For use with perfume or fragrance oil, essential oils, aromatic oils and aromatherapy. Refillable, Small sized bottle for decants, promotion, samples and travel a",Clear,5 ml (0.17 oz),madison_generated_evidence,https://likkskifwsrvszxdvufw.supabase.co/storage/v1/object/public/generated-images/4ab1ac72-cd7e-4faf-9152-5aa5f2862411/best-bottles/reference-images/GB-SLK-CLR-5ML-MRL-SSLV__GBSleek5MtlRollSlSh__pdp-main__v001.png,
GB-RND-CLR-78ML-AST-IVSL,GBRnd78AnSpTslIvySl,Round,"Round design 78 ml, 2.65oz  clear glass bottle  with Ivory vintage style bulb sprayer with tassel and shiny silver collar cap. For use with cologne, Eau de Parfum, air freshner, face and body spray, or room spray.  Antique or vintage bulb sprayers enhance",Clear,78 ml (2.64 oz),madison_generated_evidence,https://likkskifwsrvszxdvufw.supabase.co/storage/v1/object/public/generated-images/4ab1ac72-cd7e-4faf-9152-5aa5f2862411/d4cd4ae9-a9a8-4ea6-ab6f-fd1e19078e5e/best-bottles/reference-imports/Round/GB-RND-CLR-78ML-AST-IVSL_1779532266670_qet762.png,
GB-RND-FRS-128ML-RDC-BLK,GBRndFrst128RdcrBlkLthr,Round,"Round design 128 ml, 4.33oz frosted glass bottle with reducer and black faux leather cap. For use with cologne, aftershave, splash on, and perfume or fragrance oil, beard oils. Round design bottle is available in 2 sizes - 78ml and 128 ml. Price each",Frosted,128 ml (4.33 oz),madison_generated_evidence,https://likkskifwsrvszxdvufw.supabase.co/storage/v1/object/public/generated-images/4ab1ac72-cd7e-4faf-9152-5aa5f2862411/d4cd4ae9-a9a8-4ea6-ab6f-fd1e19078e5e/best-bottles/reference-imports/Round/GB-RND-FRS-128ML-RDC-BLK_1779532351347_uu1r2m.png,
GB-RND-FRS-128ML-RDC-SSLV,GBRndFrst128RdcrShnSl,Round,"Round design 128 ml, 4.33oz frosted glass bottle with reducer and shiny silver cap. For use with cologne, aftershave, splash on, and perfume or fragrance oil, beard oils. Round design bottle is available in 2 sizes - 78ml and 128 ml. Price each",Frosted,128 ml (4.33 oz),madison_generated_evidence,https://likkskifwsrvszxdvufw.supabase.co/storage/v1/object/public/generated-images/4ab1ac72-cd7e-4faf-9152-5aa5f2862411/d4cd4ae9-a9a8-4ea6-ab6f-fd1e19078e5e/best-bottles/reference-imports/Round/GB-RND-FRS-128ML-RDC-SSLV_1779532365458_ql9ury.png,
GB-CYL-AMB-5ML-MRL-MCPR,GBTulipAmb5MtlRollCuMatt,Tulip,"Tulip design 5ml, 1/6 oz Amber glass bottle with metal roller ball plug and matte copper cap. For use with perfume or fragrance oil, essential oils, aromatic oils and aromatherapy. Refillable, Small sized bottle for decants, promotion, samples and travel",Amber,5 ml (0.17 oz),madison_generated_evidence,https://likkskifwsrvszxdvufw.supabase.co/storage/v1/object/public/generated-images/4ab1ac72-cd7e-4faf-9152-5aa5f2862411/best-bottles/reference-images/GB-CYL-AMB-5ML-MRL-MCPR__GBTulipAmb5MtlRollCuMatt__pdp-main__v001.png,
GB-RND-FRS-78ML-ASP-GLD,GBRndFrst78AnSpGl,Round,"Round design 78 ml, 2.65oz frosted glass bottle with gold vintage style sprayer with shiny gold collar cap. For use with cologne, Eau de Parfum, air freshner, face and body spray, or room spray.  Antique or vintage bulb sprayers enhance the beauty of your",Frosted,78 ml (2.64 oz),madison_generated_evidence,https://likkskifwsrvszxdvufw.supabase.co/storage/v1/object/public/generated-images/4ab1ac72-cd7e-4faf-9152-5aa5f2862411/d4cd4ae9-a9a8-4ea6-ab6f-fd1e19078e5e/best-bottles/reference-imports/Round/GB-RND-FRS-78ML-ASP-GLD_1779532311272_u9ra1u.png,
LB-CYL-CLR-9ML-T-03,LBCyl9LtnMtSl,Cylinder,"Cylinder design 9ml,1/3 oz clear glass bottle with treatment pump with matte silver trim plastic overcap. For use with serums, light creams, moisturizers, facial oils or face oils, beard oils, body lotions, body wash, and hair products. Price each",Clear,9 ml (0.3 oz),madison_generated_evidence,https://likkskifwsrvszxdvufw.supabase.co/storage/v1/object/public/generated-images/4ab1ac72-cd7e-4faf-9152-5aa5f2862411/d4cd4ae9-a9a8-4ea6-ab6f-fd1e19078e5e/paper-doll/master_corrected_1780302078595_i01jje.png,
GB-BSR-CLR-15ML-BLK-S,GBBstn15BlkCapSht,Boston Round,"Boston round design 15ml, 1/2 oz  Clear glass bottle with short black cap. For use with Perfume oils, essential oils, diffuser oils and aromatherapy. Price each",Clear,15 ml (0.51 oz),madison_generated_evidence,https://likkskifwsrvszxdvufw.supabase.co/storage/v1/object/public/generated-images/4ab1ac72-cd7e-4faf-9152-5aa5f2862411/d4cd4ae9-a9a8-4ea6-ab6f-fd1e19078e5e/best-bottles/reference-imports/Boston-Round/GB-BSR-CLR-15ML-BLK-S_1779650254082_six00d.png,
GB-RND-FRS-128ML-RDC-SGLD,GBRndFrst128RdcrShnGl,Round,"Round design 128 ml, 4.33oz frosted glass bottle with reducer and shiny gold cap. For use with cologne, aftershave, splash on, and perfume or fragrance oil, beard oils. Round design bottle is available in 2 sizes - 78ml and 128 ml. Price each",Frosted,128 ml (4.33 oz),madison_generated_evidence,https://likkskifwsrvszxdvufw.supabase.co/storage/v1/object/public/generated-images/4ab1ac72-cd7e-4faf-9152-5aa5f2862411/d4cd4ae9-a9a8-4ea6-ab6f-fd1e19078e5e/best-bottles/reference-imports/Round/GB-RND-FRS-128ML-RDC-SGLD_1779532354431_g36plg.png,
GB-CYL-AMB-5ML-MRL-MGLD,GBTulipAmb5MtlRollGlMatt,Tulip,"Tulip design 5ml, 1/6 oz Amber glass bottle with metal roller ball plug and matte gold cap. For use with perfume or fragrance oil, essential oils, aromatic oils and aromatherapy. Refillable, Small sized bottle for decants, promotion, samples and travel ac",Amber,5 ml (0.17 oz),madison_generated_evidence,https://likkskifwsrvszxdvufw.supabase.co/storage/v1/object/public/generated-images/4ab1ac72-cd7e-4faf-9152-5aa5f2862411/best-bottles/reference-images/GB-CYL-AMB-5ML-MRL-MGLD__GBTulipAmb5MtlRollGlMatt__pdp-main__v001.png,
GB-RND-FRS-78ML-ASP-IVGD,GBRndFrst78AnSpIvyGl,Round,"Round design 78 ml, 2.65oz frosted glass bottle with ivory vintage style bulb sprayer with shiny gold collar cap. For use with cologne, Eau de Parfum, air freshner, face and body spray, or room spray.  Antique or vintage bulb sprayers enhance the beauty o",Frosted,78 ml (2.64 oz),madison_generated_evidence,https://likkskifwsrvszxdvufw.supabase.co/storage/v1/object/public/generated-images/4ab1ac72-cd7e-4faf-9152-5aa5f2862411/d4cd4ae9-a9a8-4ea6-ab6f-fd1e19078e5e/best-bottles/reference-imports/Round/GB-RND-FRS-78ML-ASP-IVGD_1779532314782_d67r4s.png,
LB-CYL-CLR-9ML-T-02,LBCyl9LtnGl,Cylinder,"Cylinder design 9ml,1/3 oz clear glass bottle with treatment pump with gold trim and plastic overcap. For use with serums, light creams, moisturizers, facial oils or face oils, beard oils, body lotions, body wash, and hair products. Price each",Clear,9 ml (0.3 oz),madison_generated_evidence,https://likkskifwsrvszxdvufw.supabase.co/storage/v1/object/public/generated-images/4ab1ac72-cd7e-4faf-9152-5aa5f2862411/d4cd4ae9-a9a8-4ea6-ab6f-fd1e19078e5e/paper-doll/master_corrected_1780302136332_2s43in.png,
GB-BSR-AMB-15ML-BLK-S,GBBstnAmb15mlBlkCapSht,Boston Round,"Boston round design 15ml, 1/2 oz  Amber glass bottle with short black cap. For use with Perfume oils, essential oils, diffuser oils and aromatherapy. Price each",Amber,15 ml (0.51 oz),madison_generated_evidence,https://likkskifwsrvszxdvufw.supabase.co/storage/v1/object/public/generated-images/4ab1ac72-cd7e-4faf-9152-5aa5f2862411/d4cd4ae9-a9a8-4ea6-ab6f-fd1e19078e5e/best-bottles/reference-imports/Boston-Round/GB-BSR-AMB-15ML-BLK-S_1779650233657_i2t6u2.png,
GB-RND-FRS-128ML-RDC-SBLK-T,GBRndFrst128RdcrShnBlkTall,Round,"Round design 128 ml, 4.33oz frosted glass bottle with reducer and tall black shiny cap. For use with cologne, aftershave, splash on, and perfume or fragrance oil, beard oils. Round design bottle is available in 2 sizes - 78ml and 128 ml. Price each",Frosted,128 ml (4.33 oz),madison_generated_evidence,https://likkskifwsrvszxdvufw.supabase.co/storage/v1/object/public/generated-images/4ab1ac72-cd7e-4faf-9152-5aa5f2862411/d4cd4ae9-a9a8-4ea6-ab6f-fd1e19078e5e/best-bottles/reference-imports/Round/GB-RND-FRS-128ML-RDC-SBLK-T_1779532357699_sqqgzz.png,
GB-CYL-AMB-5ML-MRL-SGLD,GBTulipAmb5MtlRollGlSh,Tulip,"Tulip design 5ml, 1/6 oz Amber glass bottle with metal roller ball plug and shiny gold cap. For use with perfume or fragrance oil, essential oils, aromatic oils and aromatherapy. Refillable, Small sized bottle for decants, promotion, samples and travel ac",Amber,5 ml (0.17 oz),madison_generated_evidence,https://likkskifwsrvszxdvufw.supabase.co/storage/v1/object/public/generated-images/4ab1ac72-cd7e-4faf-9152-5aa5f2862411/best-bottles/reference-images/GB-CYL-AMB-5ML-MRL-SGLD__GBTulipAmb5MtlRollGlSh__pdp-main__v001.png,
GB-ELG-FRS-100ML-SPR-SBLK,GBElgFrst100SpryShnBlk,Elegant,"Elegant design 100 ml, 3 1/2oz frosted glass bottle with shiny black spray pump. For use with cologne, Eau de Parfum, air freshner, face and body spray, or room spray.  Elegant bottle is a family of bottles available in 5ml, 15ml, 30ml, 60ml and 100ml. Pr",Frosted,100 ml (3.38 oz),madison_generated_evidence,https://likkskifwsrvszxdvufw.supabase.co/storage/v1/object/public/generated-images/4ab1ac72-cd7e-4faf-9152-5aa5f2862411/d4cd4ae9-a9a8-4ea6-ab6f-fd1e19078e5e/best-bottles/reference-imports/Elegant/GB-ELG-FRS-100ML-SPR-SBLK_1779482971764_pzfbuk.png,
GB-RND-FRS-78ML-ASP-IVSL,GBRndFrst78AnSpIvySl,Round,"Round design 78 ml, 2.65oz frosted glass bottle with ivory vintage style bulb sprayer with shiny silver collar cap. For use with cologne, Eau de Parfum, air freshner, face and body spray, or room spray.  Antique or vintage bulb sprayers enhance the beauty",Frosted,78 ml (2.64 oz),madison_generated_evidence,https://likkskifwsrvszxdvufw.supabase.co/storage/v1/object/public/generated-images/4ab1ac72-cd7e-4faf-9152-5aa5f2862411/d4cd4ae9-a9a8-4ea6-ab6f-fd1e19078e5e/best-bottles/reference-imports/Round/GB-RND-FRS-78ML-ASP-IVSL_1779532299744_hs0rk7.png,
GB-BSR-CBL-15ML-BLK-S,GBBstnBlu15BlkCapSht,Boston Round,"Boston round design 15ml, 1/2 oz  Cobalt blue glass bottle with short black cap. For use with Perfume oils, essential oils, diffuser oils and aromatherapy. Price each",Cobalt Blue,15 ml (0.51 oz),madison_generated_evidence,https://likkskifwsrvszxdvufw.supabase.co/storage/v1/object/public/generated-images/4ab1ac72-cd7e-4faf-9152-5aa5f2862411/d4cd4ae9-a9a8-4ea6-ab6f-fd1e19078e5e/best-bottles/reference-imports/Boston-Round/GB-BSR-CBL-15ML-BLK-S_1779650213332_lhlcnd.png,
GB-RND-FRS-128ML-RDC-SBLK,GBRndFrst128RdcrShnBlk,Round,"Round design 128 ml, 4.33oz frosted glass bottle with reducer and black shiny cap. For use with cologne, aftershave, splash on, and perfume or fragrance oil, beard oils. Round design bottle is available in 2 sizes - 78ml and 128 ml. Price each",Frosted,128 ml (4.33 oz),madison_generated_evidence,https://likkskifwsrvszxdvufw.supabase.co/storage/v1/object/public/generated-images/4ab1ac72-cd7e-4faf-9152-5aa5f2862411/d4cd4ae9-a9a8-4ea6-ab6f-fd1e19078e5e/best-bottles/reference-imports/Round/GB-RND-FRS-128ML-RDC-SBLK_1779532366115_cbqkz7.png,
GB-CYL-AMB-5ML-MRL-PKDT,GBTulipAmb5MtlRollPinkDot,Tulip,"Tulip design 5ml, 1/6 oz Amber glass bottle with metal roller ball plug and pink cap with dots. For use with perfume or fragrance oil, essential oils, aromatic oils and aromatherapy. Refillable, Small sized bottle for decants, promotion, samples and trave",Amber,5 ml (0.17 oz),madison_generated_evidence,https://likkskifwsrvszxdvufw.supabase.co/storage/v1/object/public/generated-images/4ab1ac72-cd7e-4faf-9152-5aa5f2862411/best-bottles/reference-images/GB-CYL-AMB-5ML-MRL-PKDT__GBTulipAmb5MtlRollPinkDot__pdp-main__v001.png,
GB-ELG-FRS-100ML-SPR-SGLD,GBElgFrst100SpryShnGl,Elegant,"Elegant design 100 ml, 3 1/2oz frosted glass bottle with shiny gold spray pump. For use with cologne, Eau de Parfum, air freshner, face and body spray, or room spray.  Elegant bottle is a family of bottles available in 5ml, 15ml, 30ml, 60ml and 100ml. Pri",Frosted,100 ml (3.38 oz),madison_generated_evidence,https://likkskifwsrvszxdvufw.supabase.co/storage/v1/object/public/generated-images/4ab1ac72-cd7e-4faf-9152-5aa5f2862411/d4cd4ae9-a9a8-4ea6-ab6f-fd1e19078e5e/best-bottles/reference-imports/Elegant/GB-ELG-FRS-100ML-SPR-SGLD_1779482976211_x5qtop.png,
GB-RND-FRS-78ML-ASP-PNK,GBRndFrst78AnSpPnk,Round,"Round design 78 ml, 2.65oz frosted glass bottle with pink vintage style bulb sprayer with shiny gold collar cap. For use with cologne, Eau de Parfum, air freshner, face and body spray, or room spray.  Antique or vintage bulb sprayers enhance the beauty of",Frosted,78 ml (2.64 oz),madison_generated_evidence,https://likkskifwsrvszxdvufw.supabase.co/storage/v1/object/public/generated-images/4ab1ac72-cd7e-4faf-9152-5aa5f2862411/d4cd4ae9-a9a8-4ea6-ab6f-fd1e19078e5e/best-bottles/reference-imports/Round/GB-RND-FRS-78ML-ASP-PNK_1779532305958_cbnkbd.png,
GB-BSR-CLR-30ML-BLK-S,GBBstn1ozBlkCapSht,Boston Round,"Boston round design 30ml, 1oz Clear glass bottle with short black cap. For use with Perfume oils, essential oils, diffuser oils and aromatherapy. Price each",Clear,30 ml (1.01 oz),madison_generated_evidence,https://likkskifwsrvszxdvufw.supabase.co/storage/v1/object/public/generated-images/4ab1ac72-cd7e-4faf-9152-5aa5f2862411/d4cd4ae9-a9a8-4ea6-ab6f-fd1e19078e5e/best-bottles/reference-imports/Boston-Round/GB-BSR-CLR-30ML-BLK-S_1779650205728_zea0j5.png,
GB-RND-FRS-128ML-RDC-01,GBRndFrst128RdcrBrwnLthr,Round,"Round design 128 ml, 4.33oz frosted glass bottle with reducer and brown faux leather cap. For use with cologne, aftershave, splash on, and perfume or fragrance oil, beard oils. Round design bottle is available in 2 sizes - 78ml and 128 ml. Price each",Frosted,128 ml (4.33 oz),madison_generated_evidence,https://likkskifwsrvszxdvufw.supabase.co/storage/v1/object/public/generated-images/4ab1ac72-cd7e-4faf-9152-5aa5f2862411/d4cd4ae9-a9a8-4ea6-ab6f-fd1e19078e5e/best-bottles/reference-imports/Round/GB-RND-FRS-128ML-RDC-01_1779532350216_41yaqm.png,
GB-CYL-AMB-5ML-MRL-SLDT,GBTulipAmb5MtlRollSlDot,Tulip,"Tulip design 5ml, 1/6 oz Amber glass bottle with metal roller ball plug and silver cap with dots. For use with perfume or fragrance oil, essential oils, aromatic oils and aromatherapy. Refillable, Small sized bottle for decants, promotion, samples and tra",Amber,5 ml (0.17 oz),madison_generated_evidence,https://likkskifwsrvszxdvufw.supabase.co/storage/v1/object/public/generated-images/4ab1ac72-cd7e-4faf-9152-5aa5f2862411/best-bottles/reference-images/GB-CYL-AMB-5ML-MRL-SLDT__GBTulipAmb5MtlRollSlDot__pdp-main__v001.png,
GB-ELG-FRS-100ML-SPR-MSLV,GBElgFrst100SpryMtSl,Elegant,"Elegant design 100 ml, 3 1/2oz frosted glass bottle with matte silver spray pump. For use with cologne, Eau de Parfum, air freshner, face and body spray, or room spray.  Elegant bottle is a family of bottles available in 5ml, 15ml, 30ml, 60ml and 100ml. P",Frosted,100 ml (3.38 oz),madison_generated_evidence,https://likkskifwsrvszxdvufw.supabase.co/storage/v1/object/public/generated-images/4ab1ac72-cd7e-4faf-9152-5aa5f2862411/d4cd4ae9-a9a8-4ea6-ab6f-fd1e19078e5e/best-bottles/reference-imports/Elegant/GB-ELG-FRS-100ML-SPR-MSLV_1779482967945_xpfvvx.png,
GB-RND-FRS-78ML-ASP-LVN,GBRndFrst78AnSpLvn,Round,"Round design 78 ml, 2.65oz frosted glass bottle with lavender vintage style bulb sprayer with shiny silver collar cap. For use with cologne, Eau de Parfum, air freshner, face and body spray, or room spray.  Antique or vintage bulb sprayers enhance the bea",Frosted,78 ml (2.64 oz),madison_generated_evidence,https://likkskifwsrvszxdvufw.supabase.co/storage/v1/object/public/generated-images/4ab1ac72-cd7e-4faf-9152-5aa5f2862411/d4cd4ae9-a9a8-4ea6-ab6f-fd1e19078e5e/best-bottles/reference-imports/Round/GB-RND-FRS-78ML-ASP-LVN_1779532300769_76aswv.png,
LB-CYL-BLU-9ML-LPM-MSLV,LBCylBlu9LtnMattSl,Cylinder,"Cylinder design 9ml,1/3 oz Cobalt blue glass bottle with treatment pump with matte silver trim plastic overcap. For use with serums, light creams, moisturizers, facial oils or face oils, beard oils, body lotions, body wash, and hair products. Refillable,",Cobalt Blue,9 ml (0.3 oz),madison_generated_evidence,https://likkskifwsrvszxdvufw.supabase.co/storage/v1/object/public/generated-images/4ab1ac72-cd7e-4faf-9152-5aa5f2862411/d4cd4ae9-a9a8-4ea6-ab6f-fd1e19078e5e/best-bottles/reference-imports/Cylinder/LB-CYL-BLU-9ML-LPM-MSLV_1779610699265_07bc0d.png,
GB-BSR-AMB-30ML-BLK-S,GBBstnAmb1ozBlkCapSht,Boston Round,"Boston round design 30ml, 1oz Amber glass bottle with short black cap. For use with Perfume oils, essential oils, diffuser oils and aromatherapy. Price each",Amber,30 ml (1.01 oz),madison_generated_evidence,https://likkskifwsrvszxdvufw.supabase.co/storage/v1/object/public/generated-images/4ab1ac72-cd7e-4faf-9152-5aa5f2862411/d4cd4ae9-a9a8-4ea6-ab6f-fd1e19078e5e/best-bottles/reference-imports/Boston-Round/GB-BSR-AMB-30ML-BLK-S_1779650255935_k9snbs.png,
GB-ELG-CLR-60ML-ASP-BLK,GBElg60AnSpBlk,Elegant,"Elegant design 60 ml, 2oz  clear glass bottle  with black vintage style bulb sprayer with shiny silver collar cap. For use with cologne, Eau de Parfum, air freshner, face and body spray, or room spray.  Antique or vintage bulb sprayers enhance the beauty",Clear,60 ml (2.03 oz),madison_generated_evidence,https://likkskifwsrvszxdvufw.supabase.co/storage/v1/object/public/generated-images/4ab1ac72-cd7e-4faf-9152-5aa5f2862411/d4cd4ae9-a9a8-4ea6-ab6f-fd1e19078e5e/best-bottles/reference-imports/Elegant/GB-ELG-CLR-60ML-ASP-BLK_1779482881090_muehwp.png,
GB-RND-FRS-128ML-RDC-02,GBRndFrst128RdcrLBrwnLthr,Round,"Round design 128 ml, 4.33oz frosted glass bottle with reducer and light brown faux leather cap. For use with cologne, aftershave, splash on, and perfume or fragrance oil, beard oils. Round design bottle is available in 2 sizes - 78ml and 128 ml. Price eac",Frosted,128 ml (4.33 oz),madison_generated_evidence,https://likkskifwsrvszxdvufw.supabase.co/storage/v1/object/public/generated-images/4ab1ac72-cd7e-4faf-9152-5aa5f2862411/d4cd4ae9-a9a8-4ea6-ab6f-fd1e19078e5e/best-bottles/reference-imports/Round/GB-RND-FRS-128ML-RDC-02_1779532352263_gmnieu.png,
GB-CYL-AMB-5ML-MRL-MSLV,GBTulipAmb5MtlRollSlMatt,Tulip,"Tulip design 5ml, 1/6 oz Amber glass bottle with metal roller ball plug and matte silver cap. For use with perfume or fragrance oil, essential oils, aromatic oils and aromatherapy. Refillable, Small sized bottle for decants, promotion, samples and travel",Amber,5 ml (0.17 oz),madison_generated_evidence,https://likkskifwsrvszxdvufw.supabase.co/storage/v1/object/public/generated-images/4ab1ac72-cd7e-4faf-9152-5aa5f2862411/best-bottles/reference-images/GB-CYL-AMB-5ML-MRL-MSLV__GBTulipAmb5MtlRollSlMatt__pdp-main__v001.png,
GB-ELG-FRS-100ML-SPR-SSLV,GBElgFrst100SpryShnSl,Elegant,"Elegant design 100 ml, 3 1/2oz frosted glass bottle with shiny silver spray pump. For use with cologne, Eau de Parfum, air freshner, face and body spray, or room spray.  Elegant bottle is a family of bottles available in 5ml, 15ml, 30ml, 60ml and 100ml. P",Frosted,100 ml (3.38 oz),madison_generated_evidence,https://likkskifwsrvszxdvufw.supabase.co/storage/v1/object/public/generated-images/4ab1ac72-cd7e-4faf-9152-5aa5f2862411/d4cd4ae9-a9a8-4ea6-ab6f-fd1e19078e5e/best-bottles/reference-imports/Elegant/GB-ELG-FRS-100ML-SPR-SSLV_1779482970904_wlclfc.png,
GB-RND-FRS-78ML-ASP-RED,GBRndFrst78AnSpRed,Round,"Round design 78 ml, 2.65oz frosted glass bottle with red vintage style bulb sprayer with shiny silver collar cap. For use with cologne, Eau de Parfum, air freshner, face and body spray, or room spray.  Antique or vintage bulb sprayers enhance the beauty o",Frosted,78 ml (2.64 oz),madison_generated_evidence,https://likkskifwsrvszxdvufw.supabase.co/storage/v1/object/public/generated-images/4ab1ac72-cd7e-4faf-9152-5aa5f2862411/d4cd4ae9-a9a8-4ea6-ab6f-fd1e19078e5e/best-bottles/reference-imports/Round/GB-RND-FRS-78ML-ASP-RED_1779532315821_7m95ck.png,
LB-CYL-BLU-9ML-LPM-GLD,LBCylBlu9LtnGl,Cylinder,"Cylinder design 9ml,1/3 oz Cobalt blue glass bottle with treatment pump with gold trim and plastic overcap. For use with serums, light creams, moisturizers, facial oils or face oils, beard oils, body lotions, body wash, and hair products. Refillable, Smal",Cobalt Blue,9 ml (0.3 oz),madison_generated_evidence,https://likkskifwsrvszxdvufw.supabase.co/storage/v1/object/public/generated-images/4ab1ac72-cd7e-4faf-9152-5aa5f2862411/d4cd4ae9-a9a8-4ea6-ab6f-fd1e19078e5e/best-bottles/reference-imports/Cylinder/LB-CYL-BLU-9ML-LPM-GLD_1779610701049_ed3xgx.png,
GB-RND-FRS-128ML-RDC-MSLV-T,GBRndFrst128RdcrMtSlTall,Round,"Round design 128 ml, 4.33oz frosted glass bottle with reducer and tall silver matte cap. For use with cologne, aftershave, splash on, and perfume or fragrance oil, beard oils. Round design bottle is available in 2 sizes - 78ml and 128 ml. Price each",Frosted,128 ml (4.33 oz),madison_generated_evidence,https://likkskifwsrvszxdvufw.supabase.co/storage/v1/object/public/generated-images/4ab1ac72-cd7e-4faf-9152-5aa5f2862411/d4cd4ae9-a9a8-4ea6-ab6f-fd1e19078e5e/best-bottles/reference-imports/Round/GB-RND-FRS-128ML-RDC-MSLV-T_1779532349458_verxpj.png,
GB-ELG-CLR-60ML-AST-BLK,GBElg60AnSpTslBlk,Elegant,"Elegant design 60 ml, 2oz  clear glass bottle  with Black vintage style bulb sprayer with tassel with shiny silver collar cap. For use with cologne, Eau de Parfum, air freshner, face and body spray, or room spray.  Antique or vintage bulb sprayers enhance",Clear,60 ml (2.03 oz),madison_generated_evidence,https://likkskifwsrvszxdvufw.supabase.co/storage/v1/object/public/generated-images/4ab1ac72-cd7e-4faf-9152-5aa5f2862411/d4cd4ae9-a9a8-4ea6-ab6f-fd1e19078e5e/best-bottles/reference-imports/Elegant/GB-ELG-CLR-60ML-AST-BLK_1779482848321_m9cqsg.png,
GB-BSR-CBL-30ML-BLK-S,GBBstnBlu1ozBlkCapSht,Boston Round,"Boston round design 30ml, 1oz Cobalt blue glass bottle with short black cap. For use with Perfume oils, essential oils, diffuser oils and aromatherapy. Price each",Cobalt Blue,30 ml (1.01 oz),madison_generated_evidence,https://likkskifwsrvszxdvufw.supabase.co/storage/v1/object/public/generated-images/4ab1ac72-cd7e-4faf-9152-5aa5f2862411/d4cd4ae9-a9a8-4ea6-ab6f-fd1e19078e5e/best-bottles/reference-imports/Boston-Round/GB-BSR-CBL-30ML-BLK-S_1779650250285_i9tiad.png,
GB-CYL-AMB-5ML-MRL-SSLV,GBTulipAmb5MtlRollSlSh,Tulip,"Tulip design 5ml, 1/6 oz Amber glass bottle with metal roller ball plug and shiny silver cap. For use with perfume or fragrance oil, essential oils, aromatic oils and aromatherapy. Refillable, Small sized bottle for decants, promotion, samples and travel",Amber,5 ml (0.17 oz),madison_generated_evidence,https://likkskifwsrvszxdvufw.supabase.co/storage/v1/object/public/generated-images/4ab1ac72-cd7e-4faf-9152-5aa5f2862411/best-bottles/reference-images/GB-CYL-AMB-5ML-MRL-SSLV__GBTulipAmb5MtlRollSlSh__pdp-main__v001.png,
GB-ELG-FRS-100ML-SPR-MGLD,GBElgFrst100SpryMtGl,Elegant,"Elegant design 100 ml, 3 1/2oz frosted glass bottle with matte gold spray pump. For use with cologne, Eau de Parfum, air freshner, face and body spray, or room spray.  Elegant bottle is a family of bottles available in 5ml, 15ml, 30ml, 60ml and 100ml. Pri",Frosted,100 ml (3.38 oz),madison_generated_evidence,https://likkskifwsrvszxdvufw.supabase.co/storage/v1/object/public/generated-images/4ab1ac72-cd7e-4faf-9152-5aa5f2862411/d4cd4ae9-a9a8-4ea6-ab6f-fd1e19078e5e/best-bottles/reference-imports/Elegant/GB-ELG-FRS-100ML-SPR-MGLD_1779482973415_5s78gl.png,
GB-RND-FRS-78ML-ASP-MSLV,GBRndFrst78AnSpMtSl,Round,"Round design 78 ml, 2.65oz frosted glass bottle with matte silver vintage style sprayer with matte silver collar cap. For use with cologne, Eau de Parfum, air freshner, face and body spray, or room spray.  Antique or vintage bulb sprayers enhance the beau",Frosted,78 ml (2.64 oz),madison_generated_evidence,https://likkskifwsrvszxdvufw.supabase.co/storage/v1/object/public/generated-images/4ab1ac72-cd7e-4faf-9152-5aa5f2862411/d4cd4ae9-a9a8-4ea6-ab6f-fd1e19078e5e/best-bottles/reference-imports/Round/GB-RND-FRS-78ML-ASP-MSLV_1779532310002_owu62y.png,
LB-CYL-FRS-9ML-LPM-MSLV,LBCylFrst9LtnMtSl,Cylinder,"Cylinder design 9ml,1/3 oz frosted glass bottle with treatment pump with matte silver trim plastic overcap. For use with serums, light creams, moisturizers, facial oils or face oils, beard oils, body lotions, body wash, and hair products. Price each",Frosted,9 ml (0.3 oz),madison_generated_evidence,https://likkskifwsrvszxdvufw.supabase.co/storage/v1/object/public/generated-images/4ab1ac72-cd7e-4faf-9152-5aa5f2862411/d4cd4ae9-a9a8-4ea6-ab6f-fd1e19078e5e/best-bottles/reference-imports/Cylinder/LB-CYL-FRS-9ML-LPM-MSLV_1779610697608_arn2g5.png,
GB-RND-FRS-128ML-RDC-MSLV,GBRndFrst128RdcrMtSl,Round,"Round design 128 ml, 4.33oz frosted glass bottle with reducer and silver matte cap. For use with cologne, aftershave, splash on, and perfume or fragrance oil, beard oils. Round design bottle is available in 2 sizes - 78ml and 128 ml. Price each",Frosted,128 ml (4.33 oz),madison_generated_evidence,https://likkskifwsrvszxdvufw.supabase.co/storage/v1/object/public/generated-images/4ab1ac72-cd7e-4faf-9152-5aa5f2862411/d4cd4ae9-a9a8-4ea6-ab6f-fd1e19078e5e/best-bottles/reference-imports/Round/GB-RND-FRS-128ML-RDC-MSLV_1779532359238_yrlwa5.png,
GB-BSR-CLR-60ML-BLK-S,GBBstn2ozBlkCapSht,Boston Round,"Boston round design 60ml, 2oz Clear glass bottle with short black cap. For use with Perfume oils, essential oils, diffuser oils and aromatherapy. Price each",Clear,60 ml (2.03 oz),madison_generated_evidence,https://likkskifwsrvszxdvufw.supabase.co/storage/v1/object/public/generated-images/4ab1ac72-cd7e-4faf-9152-5aa5f2862411/d4cd4ae9-a9a8-4ea6-ab6f-fd1e19078e5e/best-bottles/reference-imports/Boston-Round/GB-BSR-CLR-60ML-BLK-S_1779650224502_76jhjw.png,
GB-ELG-FRS-60ML-ASP-BLK,GBElgFrst60AnSpBlk,Elegant,"Elegant design 60 ml, 2oz frosted glass bottle with black vintage style bulb sprayer with shiny silver collar cap. For use with cologne, Eau de Parfum, air freshner, face and body spray, or room spray.  Antique or vintage bulb sprayers enhance the beauty",Frosted,60 ml (2.03 oz),madison_generated_evidence,https://likkskifwsrvszxdvufw.supabase.co/storage/v1/object/public/generated-images/4ab1ac72-cd7e-4faf-9152-5aa5f2862411/d4cd4ae9-a9a8-4ea6-ab6f-fd1e19078e5e/best-bottles/reference-imports/Elegant/GB-ELG-FRS-60ML-ASP-BLK_1779482882131_05m2qd.png,
GB-CYL-AMB-5ML-MRL-SBLK,GBTulipAmb5MtlRollBlkSh,Tulip,"Tulip design 5ml, 1/6 oz Amber glass bottle with metal roller ball plug and black shiny cap. For use with perfume or fragrance oil, essential oils, aromatic oils and aromatherapy. Refillable, Small sized bottle for decants, promotion, samples and travel a",Amber,5 ml (0.17 oz),madison_generated_evidence,https://likkskifwsrvszxdvufw.supabase.co/storage/v1/object/public/generated-images/4ab1ac72-cd7e-4faf-9152-5aa5f2862411/best-bottles/reference-images/GB-CYL-AMB-5ML-MRL-SBLK__GBTulipAmb5MtlRollBlkSh__pdp-main__v001.png,
GB-EMP-CLR-100ML-SPR-MGLD,GBEmp100SpryMtGl,Empire,"Empire design 100 ml, 3 1/2oz  clear glass bottle  with matte gold spray pump. For use with cologne, Eau de Parfum, air freshner, face and body spray, or room spray.  Empire design bottle is available in 2 sizes, 50ml and 100ml. Price each",Clear,100 ml (3.38 oz),madison_generated_evidence,https://likkskifwsrvszxdvufw.supabase.co/storage/v1/object/public/generated-images/4ab1ac72-cd7e-4faf-9152-5aa5f2862411/1777197131100-65f4b3cf-5624-42bd-b9e6-97c58cd9b815.png,
GB-RND-FRS-78ML-T,GBRndFrst78AnSpWht,Round,"Round design 78 ml, 2.65oz frosted glass bottle with white vintage style bulb sprayer with shiny silver collar cap. For use with cologne, Eau de Parfum, air freshner, face and body spray, or room spray.  Antique or vintage bulb sprayers enhance the beauty",Frosted,78 ml (2.64 oz),madison_generated_evidence,https://likkskifwsrvszxdvufw.supabase.co/storage/v1/object/public/generated-images/4ab1ac72-cd7e-4faf-9152-5aa5f2862411/d4cd4ae9-a9a8-4ea6-ab6f-fd1e19078e5e/best-bottles/reference-imports/Round/GB-RND-FRS-78ML-T_1779532309165_hrplxi.png,
LB-CYL-FRS-9ML-LPM-GLD,LBCylFrst9LtnGl,Cylinder,"Cylinder design 9ml,1/3 oz frosted glass bottle with treatment pump with gold trim and plastic overcap. For use with serums, light creams, moisturizers, facial oils or face oils, beard oils, body lotions, body wash, and hair products. Price each",Frosted,9 ml (0.3 oz),madison_generated_evidence,https://likkskifwsrvszxdvufw.supabase.co/storage/v1/object/public/generated-images/4ab1ac72-cd7e-4faf-9152-5aa5f2862411/d4cd4ae9-a9a8-4ea6-ab6f-fd1e19078e5e/best-bottles/reference-imports/Cylinder/LB-CYL-FRS-9ML-LPM-GLD_1779610701828_b37m1o.png,
GB-RND-FRS-128ML-RDC-WHT,GBRndFrst128RdcrWht,Round,"Round design 128 ml, 4.33oz frosted glass bottle with reducer and white cap. For use with cologne, aftershave, splash on, and perfume or fragrance oil, beard oils. Round design bottle is available in 2 sizes - 78ml and 128 ml. Price each",Frosted,128 ml (4.33 oz),madison_generated_evidence,https://likkskifwsrvszxdvufw.supabase.co/storage/v1/object/public/generated-images/4ab1ac72-cd7e-4faf-9152-5aa5f2862411/d4cd4ae9-a9a8-4ea6-ab6f-fd1e19078e5e/best-bottles/reference-imports/Round/GB-RND-FRS-128ML-RDC-WHT_1779532364066_wjcawe.png,
GB-BSR-AMB-60ML-BLK-S,GBBstnAmb2ozBlkCapSht,Boston Round,"Boston round design 60ml, 2oz Amber glass bottle with short black cap. For use with Perfume oils, essential oils, diffuser oils and aromatherapy. Price each",Amber,60 ml (2.03 oz),madison_generated_evidence,https://likkskifwsrvszxdvufw.supabase.co/storage/v1/object/public/generated-images/4ab1ac72-cd7e-4faf-9152-5aa5f2862411/d4cd4ae9-a9a8-4ea6-ab6f-fd1e19078e5e/best-bottles/reference-imports/Boston-Round/GB-BSR-AMB-60ML-BLK-S_1779650237808_frsuxt.png,
GB-ELG-FRS-60ML-AST-BLK,GBElgFrst60AnSpTslBlk,Elegant,"Elegant design 60 ml, 2oz frosted glass bottle with Black vintage style bulb sprayer with tassel with shiny silver collar cap. For use with cologne, Eau de Parfum, air freshner, face and body spray, or room spray.  Antique or vintage bulb sprayers enhance",Frosted,60 ml (2.03 oz),madison_generated_evidence,https://likkskifwsrvszxdvufw.supabase.co/storage/v1/object/public/generated-images/4ab1ac72-cd7e-4faf-9152-5aa5f2862411/d4cd4ae9-a9a8-4ea6-ab6f-fd1e19078e5e/best-bottles/reference-imports/Elegant/GB-ELG-FRS-60ML-AST-BLK_1779482847292_m3a4xu.png,
GB-CYL-CLR-6ML-MRL-SBLK,GBTulip6MtlRollBlkSh,Tulip,"Tulip design 6ml, 1/5oz Clear glass bottle with metal roller ball plug and black shiny cap. For use with perfume or fragrance oil, essential oils, aromatic oils and aromatherapy. Refillable, Small sized bottle for decants, promotion, samples and travel ac",Clear,6 ml (0.2 oz),madison_generated_evidence,https://likkskifwsrvszxdvufw.supabase.co/storage/v1/object/public/generated-images/4ab1ac72-cd7e-4faf-9152-5aa5f2862411/best-bottles/reference-images/GB-CYL-CLR-6ML-MRL-SBLK__GBTulip6MtlRollBlkSh__pdp-main__v001.png,
GB-RND-FRS-78ML-AST-GLD,GBRndFrst78AnSpTslGl,Round,"Round design 78 ml, 2.65oz frosted glass bottle with Gold vintage style bulb sprayer with tasseland shiny gold collar cap. For use with cologne, Eau de Parfum, air freshner, face and body spray, or room spray.  Antique or vintage bulb sprayers enhance the",Frosted,78 ml (2.64 oz),madison_generated_evidence,https://likkskifwsrvszxdvufw.supabase.co/storage/v1/object/public/generated-images/4ab1ac72-cd7e-4faf-9152-5aa5f2862411/d4cd4ae9-a9a8-4ea6-ab6f-fd1e19078e5e/best-bottles/reference-imports/Round/GB-RND-FRS-78ML-AST-GLD_1779532267634_ggto1z.png,
LB-CYL-CLR-9ML-LPM-MSLV,LBCylSwrl9LtnMtSl,Cylinder,"Cylinder swirl design 9ml,1/3 oz glass bottle with treatment pump with matte silver trim plastic overcap. For use with serums, light creams, moisturizers, facial oils or face oils, beard oils, body lotions, body wash, and hair products. Price each",Swirl,9 ml (0.3 oz),madison_generated_evidence,https://likkskifwsrvszxdvufw.supabase.co/storage/v1/object/public/generated-images/4ab1ac72-cd7e-4faf-9152-5aa5f2862411/d4cd4ae9-a9a8-4ea6-ab6f-fd1e19078e5e/best-bottles/reference-imports/Cylinder/LB-CYL-CLR-9ML-LPM-MSLV_1779610698451_n7n04v.png,
GB-RND-FRS-128ML-RDC-PNK,GBRndFrst128RdcrPnkLthr,Round,"Round design 128 ml, 4.33oz frosted glass bottle with reducer and pink faux leather cap. For use with cologne, aftershave, splash on, and perfume or fragrance oil, beard oils. Round design bottle is available in 2 sizes - 78ml and 128 ml. Price each",Frosted,128 ml (4.33 oz),madison_generated_evidence,https://likkskifwsrvszxdvufw.supabase.co/storage/v1/object/public/generated-images/4ab1ac72-cd7e-4faf-9152-5aa5f2862411/d4cd4ae9-a9a8-4ea6-ab6f-fd1e19078e5e/best-bottles/reference-imports/Round/GB-RND-FRS-128ML-RDC-PNK_1779532346057_ckyyzd.png,
GB-BSR-BLU-60ML-BLK-S,GBBstnBlu2ozBlkCapSht,Boston Round,"Boston round design 60ml, 2oz Cobalt blue glass bottle with short black cap. For use with Perfume oils, essential oils, diffuser oils and aromatherapy. Price each",Cobalt Blue,60 ml (2.03 oz),madison_generated_evidence,https://likkskifwsrvszxdvufw.supabase.co/storage/v1/object/public/generated-images/4ab1ac72-cd7e-4faf-9152-5aa5f2862411/d4cd4ae9-a9a8-4ea6-ab6f-fd1e19078e5e/best-bottles/reference-imports/Boston-Round/GB-BSR-BLU-60ML-BLK-S_1779650240831_nxn0mc.png,
GB-ELG-CLR-30ML-SLV-T,GBElg30SlCap,Elegant,"Elegant design 30 ml, clear glass bottle with shiny silver and cap. For use with cologne, perfume or fragrance oil, aftershave and beard oils. Price each Classic, Elegant design is a family of bottles availabel in many sizes. Price each",Clear,30 ml (1.01 oz),madison_generated_evidence,https://likkskifwsrvszxdvufw.supabase.co/storage/v1/object/public/generated-images/4ab1ac72-cd7e-4faf-9152-5aa5f2862411/d4cd4ae9-a9a8-4ea6-ab6f-fd1e19078e5e/best-bottles/reference-imports/Elegant/GB-ELG-CLR-30ML-SLV-T_1779482817087_3o12ut.png,
GB-RND-CLR-78ML-ASP-BLK,GBRnd78AnSpBlk,Round,"Round design 78 ml, 2.65oz  clear glass bottle  with black vintage style bulb sprayer with shiny silver collar cap. For use with cologne, Eau de Parfum, air freshner, face and body spray, or room spray.  Antique or vintage bulb sprayers enhance the beauty",Clear,78 ml (2.64 oz),madison_generated_evidence,https://likkskifwsrvszxdvufw.supabase.co/storage/v1/object/public/generated-images/4ab1ac72-cd7e-4faf-9152-5aa5f2862411/d4cd4ae9-a9a8-4ea6-ab6f-fd1e19078e5e/best-bottles/reference-imports/Round/GB-RND-CLR-78ML-ASP-BLK_1779532302913_qxp3wv.png,
GB-CYL-CLR-6ML-MRL-MCPR,GBTulip6MtlRollCuMatt,Tulip,"Tulip design 6ml, 1/5oz Clear glass bottle with metal roller ball plug and matte copper cap. For use with perfume or fragrance oil, essential oils, aromatic oils and aromatherapy. Refillable, Small sized bottle for decants, promotion, samples and travel a",Clear,6 ml (0.2 oz),madison_generated_evidence,https://likkskifwsrvszxdvufw.supabase.co/storage/v1/object/public/generated-images/4ab1ac72-cd7e-4faf-9152-5aa5f2862411/best-bottles/reference-images/GB-CYL-CLR-6ML-MRL-MCPR__GBTulip6MtlRollCuMatt__pdp-main__v001.png,
GB-SLK-CLR-5ML-SPR-MSLV,GBSleek5SprySlMatt,Sleek,"Sleek design 5ml, 1/6oz Clear glass bottle with matte silver spray. Fine mist sprayer for use with perfumes and colognes. Refillable, Small sized bottle for decants, promotion, samples and travel accessory. Price each",Clear,5 ml (0.17 oz),madison_generated_evidence,https://likkskifwsrvszxdvufw.supabase.co/storage/v1/object/public/generated-images/4ab1ac72-cd7e-4faf-9152-5aa5f2862411/best-bottles/reference-images/GB-SLK-CLR-5ML-SPR-MSLV__GBSleek5SprySlMatt__pdp-main__v001.png,
GB-RND-FRS-78ML-AST-IVGD,GBRndFrst78AnSpTslIvyGl,Round,"Round design 78 ml, 2.65oz frosted glass bottle with Ivory vintage style bulb sprayer with tassel and shiny gold collar cap. For use with cologne, Eau de Parfum, air freshner, face and body spray, or room spray.  Antique or vintage bulb sprayers enhance t",Frosted,78 ml (2.64 oz),madison_generated_evidence,https://likkskifwsrvszxdvufw.supabase.co/storage/v1/object/public/generated-images/4ab1ac72-cd7e-4faf-9152-5aa5f2862411/d4cd4ae9-a9a8-4ea6-ab6f-fd1e19078e5e/best-bottles/reference-imports/Round/GB-RND-FRS-78ML-AST-IVGD_1779532261816_x6tex3.png,
LB-CYL-CLR-9ML-LPM-GLD,LBCylSwrl9LtnGl,Cylinder,"Cylinder swirl design 9ml,1/3 oz glass bottle with treatment pump with gold trim and plastic overcap. For use with serums, light creams, moisturizers, facial oils or face oils, beard oils, body lotions, body wash, and hair products. Price each",Swirl,9 ml (0.3 oz),madison_generated_evidence,https://likkskifwsrvszxdvufw.supabase.co/storage/v1/object/public/generated-images/4ab1ac72-cd7e-4faf-9152-5aa5f2862411/d4cd4ae9-a9a8-4ea6-ab6f-fd1e19078e5e/best-bottles/reference-imports/Cylinder/LB-CYL-CLR-9ML-LPM-GLD_1779610696500_swr6pt.png,
GB-RND-FRS-128ML-RDC-IVR,GBRndFrst128RdcrIvyLthr,Round,"Round design 128 ml, 4.33oz frosted glass bottle with reducer and ivory faux leather cap. For use with cologne, aftershave, splash on, and perfume or fragrance oil, beard oils. Round design bottle is available in 2 sizes - 78ml and 128 ml. Price each",Frosted,128 ml (4.33 oz),madison_generated_evidence,https://likkskifwsrvszxdvufw.supabase.co/storage/v1/object/public/generated-images/4ab1ac72-cd7e-4faf-9152-5aa5f2862411/d4cd4ae9-a9a8-4ea6-ab6f-fd1e19078e5e/best-bottles/reference-imports/Round/GB-RND-FRS-128ML-RDC-IVR_1779532363018_kdcp5u.png,
GB-ELG-FRS-30ML-SLV-T,GBElgFrst30SlCap,Elegant,"Elegant design 30 ml, Frosted glass bottle with shiny silver and cap. For use with cologne, perfume or fragrance oil, aftershave and beard oils. Price each Classic, Elegant design is a family of bottles availabel in many sizes. Price each",Frosted,30 ml (1.01 oz),madison_generated_evidence,https://likkskifwsrvszxdvufw.supabase.co/storage/v1/object/public/generated-images/4ab1ac72-cd7e-4faf-9152-5aa5f2862411/d4cd4ae9-a9a8-4ea6-ab6f-fd1e19078e5e/best-bottles/reference-imports/Elegant/GB-ELG-FRS-30ML-SLV-T_1779482816231_a6mme0.png,
GB-RND-CLR-78ML-AST-BLK,GBRnd78AnSpTslBlk,Round,"Round design 78 ml, 2.65oz  clear glass bottle  with Black vintage style bulb sprayer with tasseland shiny silver collar cap. For use with cologne, Eau de Parfum, air freshner, face and body spray, or room spray.  Antique or vintage bulb sprayers enhance",Clear,78 ml (2.64 oz),madison_generated_evidence,https://likkskifwsrvszxdvufw.supabase.co/storage/v1/object/public/generated-images/4ab1ac72-cd7e-4faf-9152-5aa5f2862411/d4cd4ae9-a9a8-4ea6-ab6f-fd1e19078e5e/best-bottles/reference-imports/Round/GB-RND-CLR-78ML-AST-BLK_1779532277720_xvydre.png,
GB-CYL-CLR-6ML-MRL-MGLD,GBTulip6MtlRollGlMatt,Tulip,"Tulip design 6ml, 1/5oz Clear glass bottle with metal roller ball plug and matte gold cap. For use with perfume or fragrance oil, essential oils, aromatic oils and aromatherapy. Refillable, Small sized bottle for decants, promotion, samples and travel acc",Clear,6 ml (0.2 oz),madison_generated_evidence,https://likkskifwsrvszxdvufw.supabase.co/storage/v1/object/public/generated-images/4ab1ac72-cd7e-4faf-9152-5aa5f2862411/best-bottles/reference-images/GB-CYL-CLR-6ML-MRL-MGLD__GBTulip6MtlRollGlMatt__pdp-main__v001.png,
GB-SLK-CLR-5ML-SPR-MCPR,GBSleek5SpryCuMatt,Sleek,"Sleek design 5ml, 1/6oz Clear glass bottle with matte copper spray. For use with fine mist sprayer for use with perfumes and colognes. Refillable, Small sized bottle for decants, promotion, samples and travel accessory. Price each",Clear,5 ml (0.17 oz),madison_generated_evidence,https://likkskifwsrvszxdvufw.supabase.co/storage/v1/object/public/generated-images/4ab1ac72-cd7e-4faf-9152-5aa5f2862411/best-bottles/reference-images/GB-SLK-CLR-5ML-SPR-MCPR__GBSleek5SpryCuMatt__pdp-main__v001.png,
GB-RND-FRS-78ML-AST-LVN,GBRndFrst78AnSpTslLvn,Round,"Round design 78 ml, 2.65oz frosted glass bottle with Lavender vintage style bulb sprayer with Tasseland shiny silver collar cap. For use with cologne, Eau de Parfum, air freshner, face and body spray, or room spray.  Antique or vintage bulb sprayers enhan",Frosted,78 ml (2.64 oz),madison_generated_evidence,https://likkskifwsrvszxdvufw.supabase.co/storage/v1/object/public/generated-images/4ab1ac72-cd7e-4faf-9152-5aa5f2862411/d4cd4ae9-a9a8-4ea6-ab6f-fd1e19078e5e/best-bottles/reference-imports/Round/GB-RND-FRS-78ML-AST-LVN_1779532275834_x88zfz.png,
LB-CYL-CLR-25ML-LPM-MGLD,LBCyl25LtnMtGl,Cylinder,"Cylinder design 25ml clear glass bottle with matte gold lotion pump. For use with serums, light creams, moisturizers, facial oils or face oils, beard oils, body lotions, body wash, and hair products. Cylinder design is a family of bottles available in 25m",Clear,25 ml (0.85 oz),madison_generated_evidence,https://www.bestbottles.com/images/store/enlarged_pics/LBcyl25LtnMtGl.gif,
GB-RND-FRS-78ML-ASP-BLK,GBRndFrst78AnSpBlk,Round,"Round design 78 ml, 2.65oz frosted glass bottle with black vintage style bulb sprayer with shiny silver collar cap. For use with cologne, Eau de Parfum, air freshner, face and body spray, or room spray.  Antique or vintage bulb sprayers enhance the beauty",Frosted,78 ml (2.64 oz),madison_generated_evidence,https://likkskifwsrvszxdvufw.supabase.co/storage/v1/object/public/generated-images/4ab1ac72-cd7e-4faf-9152-5aa5f2862411/d4cd4ae9-a9a8-4ea6-ab6f-fd1e19078e5e/best-bottles/reference-imports/Round/GB-RND-FRS-78ML-ASP-BLK_1779532303969_gktttu.png,
GB-CYL-CLR-6ML-MRL-SGLD,GBTulip6MtlRollGlSh,Tulip,"Tulip design 6ml, 1/5oz Clear glass bottle with metal roller ball plug and shiny gold cap. For use with perfume or fragrance oil, essential oils, aromatic oils and aromatherapy. Refillable, Small sized bottle for decants, promotion, samples and travel acc",Clear,6 ml (0.2 oz),madison_generated_evidence,https://likkskifwsrvszxdvufw.supabase.co/storage/v1/object/public/generated-images/4ab1ac72-cd7e-4faf-9152-5aa5f2862411/best-bottles/reference-images/GB-CYL-CLR-6ML-MRL-SGLD__GBTulip6MtlRollGlSh__pdp-main__v001.png,
GB-SLK-CLR-5ML-SPR-MBLU,GBSleek5SpryBluMatt,Sleek,"Sleek design 5ml, 1/6oz Clear glass bottle with matte blue spray. Fine mist sprayer for use with perfumes and colognes. Refillable, Small sized bottle for decants, promotion, samples and travel accessory. Price each",Clear,5 ml (0.17 oz),madison_generated_evidence,https://likkskifwsrvszxdvufw.supabase.co/storage/v1/object/public/generated-images/4ab1ac72-cd7e-4faf-9152-5aa5f2862411/best-bottles/reference-images/GB-SLK-CLR-5ML-SPR-MBLU__GBSleek5SpryBluMatt__pdp-main__v001.png,
GB-RND-FRS-78ML-AST-PNK,GBRndFrst78AnSpTslPnk,Round,"Round design 78 ml, 2.65oz frosted glass bottle with Pink vintage style bulb sprayer with tassel and shiny gold collar cap. For use with cologne, Eau de Parfum, air freshner, face and body spray, or room spray.  Antique or vintage bulb sprayers enhance th",Frosted,78 ml (2.64 oz),madison_generated_evidence,https://likkskifwsrvszxdvufw.supabase.co/storage/v1/object/public/generated-images/4ab1ac72-cd7e-4faf-9152-5aa5f2862411/d4cd4ae9-a9a8-4ea6-ab6f-fd1e19078e5e/best-bottles/reference-imports/Round/GB-RND-FRS-78ML-AST-PNK_1779532272080_zkezxl.png,
GB-RND-FRS-78ML-AST-BLK,GBRndFrst78AnSpTslBlk,Round,"Round design 78 ml, 2.65oz frosted glass bottle with Black vintage style bulb sprayer with tasseland shiny silver collar cap. For use with cologne, Eau de Parfum, air freshner, face and body spray, or room spray.  Antique or vintage bulb sprayers enhance",Frosted,78 ml (2.64 oz),madison_generated_evidence,https://likkskifwsrvszxdvufw.supabase.co/storage/v1/object/public/generated-images/4ab1ac72-cd7e-4faf-9152-5aa5f2862411/d4cd4ae9-a9a8-4ea6-ab6f-fd1e19078e5e/best-bottles/reference-imports/Round/GB-RND-FRS-78ML-AST-BLK_1779532276812_gfl23u.png,
GB-CYL-CLR-6ML-MRL-PKDT,GBTulip6MtlRollPinkDot,Tulip,"Tulip design 6ml, 1/5oz Clear glass bottle with metal roller ball plug and pink cap with dots. For use with perfume or fragrance oil, essential oils, aromatic oils and aromatherapy. Refillable, Small sized bottle for decants, promotion, samples and travel",Clear,6 ml (0.2 oz),madison_generated_evidence,https://likkskifwsrvszxdvufw.supabase.co/storage/v1/object/public/generated-images/4ab1ac72-cd7e-4faf-9152-5aa5f2862411/best-bottles/reference-images/GB-CYL-CLR-6ML-MRL-PKDT__GBTulip6MtlRollPinkDot__pdp-main__v001.png,
GB-SLK-CLR-5ML-SPR-MGLD,GBSleek5SpryGlMatt,Sleek,"Sleek design 5ml, 1/6oz Clear glass bottle with matte gold spray. Fine mist sprayer for use with perfumes and colognes. Refillable, Small sized bottle for decants, promotion, samples and travel accessory. Price each",Clear,5 ml (0.17 oz),madison_generated_evidence,https://likkskifwsrvszxdvufw.supabase.co/storage/v1/object/public/generated-images/4ab1ac72-cd7e-4faf-9152-5aa5f2862411/best-bottles/reference-images/GB-SLK-CLR-5ML-SPR-MGLD__GBSleek5SpryGlMatt__pdp-main__v001.png,
GB-RND-FRS-78ML-AST-IVSL,GBRndFrst78AnSpTslIvySl,Round,"Round design 78 ml, 2.65oz frosted glass bottle with Ivory vintage style bulb sprayer with tassel and shiny silver collar cap. For use with cologne, Eau de Parfum, air freshner, face and body spray, or room spray.  Antique or vintage bulb sprayers enhance",Frosted,78 ml (2.64 oz),madison_generated_evidence,https://likkskifwsrvszxdvufw.supabase.co/storage/v1/object/public/generated-images/4ab1ac72-cd7e-4faf-9152-5aa5f2862411/d4cd4ae9-a9a8-4ea6-ab6f-fd1e19078e5e/best-bottles/reference-imports/Round/GB-RND-FRS-78ML-AST-IVSL_1779532273044_8ho30x.png,
GB-CYL-CLR-6ML-MRL-SLDT,GBTulip6MtlRollSlDot,Tulip,"Tulip design 6ml, 1/5oz Clear glass bottle with metal roller ball plug and silver cap with dots. For use with perfume or fragrance oil, essential oils, aromatic oils and aromatherapy. Refillable, Small sized bottle for decants, promotion, samples and trav",Clear,6 ml (0.2 oz),madison_generated_evidence,https://likkskifwsrvszxdvufw.supabase.co/storage/v1/object/public/generated-images/4ab1ac72-cd7e-4faf-9152-5aa5f2862411/best-bottles/reference-images/GB-CYL-CLR-6ML-MRL-SLDT__GBTulip6MtlRollSlDot__pdp-main__v001.png,
GB-RND-FRS-78ML-AST-WHT,GBRndFrst78AnSpTslWht,Round,"Round design 78 ml, 2.65oz frosted glass bottle with White vintage style bulb sprayer with tasseland shiny silver collar cap. For use with cologne, Eau de Parfum, air freshner, face and body spray, or room spray.  Antique or vintage bulb sprayers enhance",Frosted,78 ml (2.64 oz),madison_generated_evidence,https://likkskifwsrvszxdvufw.supabase.co/storage/v1/object/public/generated-images/4ab1ac72-cd7e-4faf-9152-5aa5f2862411/d4cd4ae9-a9a8-4ea6-ab6f-fd1e19078e5e/best-bottles/reference-imports/Round/GB-RND-FRS-78ML-AST-WHT_1779532263762_831jcg.png,
GB-CYL-AMB-5ML-ROL-BKDT,GBTulipAmb5RollBlkDot,Tulip,"Tulip design 5ml, 1/6 oz Amber glass bottle with plastic roller ball plug and black shiny cap with dots. For use with perfume or fragrance oil, essential oils, aromatic oils and aromatherapy. Refillable, Small sized bottle for decants, promotion, samples",Amber,5 ml (0.17 oz),madison_generated_evidence,https://likkskifwsrvszxdvufw.supabase.co/storage/v1/object/public/generated-images/4ab1ac72-cd7e-4faf-9152-5aa5f2862411/best-bottles/reference-images/GB-CYL-AMB-5ML-ROL-BKDT__GBTulipAmb5RollBlkDot__pdp-main__v001.png,
GB-CYL-CLR-6ML-MRL-MSLV,GBTulip6MtlRollSlMatt,Tulip,"Tulip design 6ml, 1/5oz Clear glass bottle with metal roller ball plug and matte silver cap. For use with perfume or fragrance oil, essential oils, aromatic oils and aromatherapy. Refillable, Small sized bottle for decants, promotion, samples and travel a",Clear,6 ml (0.2 oz),madison_generated_evidence,https://likkskifwsrvszxdvufw.supabase.co/storage/v1/object/public/generated-images/4ab1ac72-cd7e-4faf-9152-5aa5f2862411/best-bottles/reference-images/GB-CYL-CLR-6ML-MRL-MSLV__GBTulip6MtlRollSlMatt__pdp-main__v001.png,
GB-CYL-AMB-5ML-SPR-MBLU,GBTulipAmb5SpryBluMatt,Tulip,"Tulip design 5ml, 1/6 oz Amber glass bottle with matte blue spray. Fine mist sprayer for use with perfumes and colognes. Refillable, Small sized bottle for decants, promotion, samples and travel accessory. Price each",Amber,5 ml (0.17 oz),madison_generated_evidence,https://likkskifwsrvszxdvufw.supabase.co/storage/v1/object/public/generated-images/4ab1ac72-cd7e-4faf-9152-5aa5f2862411/best-bottles/reference-images/GB-CYL-AMB-5ML-SPR-MBLU__GBTulipAmb5SpryBluMatt__pdp-main__v001.png,
GB-RND-FRS-78ML-AST-MSLV,GBRndFrst78AnSpTslMtSl,Round,"Round design 78 ml, 2.65oz frosted glass bottle with Silver vintage style bulb sprayer with tasseland matte silver collar cap. For use with cologne, Eau de Parfum, air freshner, face and body spray, or room spray.  Antique or vintage bulb sprayers enhance",Frosted,78 ml (2.64 oz),madison_generated_evidence,https://likkskifwsrvszxdvufw.supabase.co/storage/v1/object/public/generated-images/4ab1ac72-cd7e-4faf-9152-5aa5f2862411/d4cd4ae9-a9a8-4ea6-ab6f-fd1e19078e5e/best-bottles/reference-imports/Round/GB-RND-FRS-78ML-AST-MSLV_1779532268984_r7rscg.png,
GB-SLK-CLR-30ML-RDC-SBLK,GBSlk30RdcrShnBlk,Sleek,"Sleek design 30 ml, 1oz  clear glass bottle  with reducer and black shiny cap. For use with cologne, aftershave, splash on, and perfume or fragrance oil, beard oils. Sleek design bottle is a family of bottles available in 5ml, 8ml, 30m, 50ml and 100ml. Pr",Clear,30 ml (1.01 oz),madison_generated_evidence,https://likkskifwsrvszxdvufw.supabase.co/storage/v1/object/public/generated-images/4ab1ac72-cd7e-4faf-9152-5aa5f2862411/best-bottles/reference-images/GB-SLK-CLR-30ML-RDC-SBLK-01__GBSlk30RdcrShnBlk__pdp-main__v001.png,
GB-CYL-CLR-6ML-MRL-SSLV,GBTulip6MtlRollSlSh,Tulip,"Tulip design 6ml, 1/5oz Clear glass bottle with metal roller ball plug and shiny silver cap. For use with perfume or fragrance oil, essential oils, aromatic oils and aromatherapy. Refillable, Small sized bottle for decants, promotion, samples and travel a",Clear,6 ml (0.2 oz),madison_generated_evidence,https://likkskifwsrvszxdvufw.supabase.co/storage/v1/object/public/generated-images/4ab1ac72-cd7e-4faf-9152-5aa5f2862411/best-bottles/reference-images/GB-CYL-CLR-6ML-MRL-SSLV__GBTulip6MtlRollSlSh__pdp-main__v001.png,
GB-CYL-AMB-5ML-SPR-MCPR,GBTulipAmb5SpryCuMatt,Tulip,"Tulip design 5ml, 1/6 oz Amber glass bottle with matte copper spray. For use with fine mist sprayer for use with perfumes and colognes. Refillable, Small sized bottle for decants, promotion, samples and travel accessory. Price each",Amber,5 ml (0.17 oz),madison_generated_evidence,https://likkskifwsrvszxdvufw.supabase.co/storage/v1/object/public/generated-images/4ab1ac72-cd7e-4faf-9152-5aa5f2862411/best-bottles/reference-images/GB-CYL-AMB-5ML-SPR-MCPR__GBTulipAmb5SpryCuMatt__pdp-main__v001.png,
GB-RND-FRS-78ML-AST-RED,GBRndFrst78AnSpTslRed,Round,"Round design 78 ml, 2.65oz frosted glass bottle with Red vintage style bulb sprayer with tasseland shiny silver collar cap. For use with cologne, Eau de Parfum, air freshner, face and body spray, or room spray.  Antique or vintage bulb sprayers enhance th",Frosted,78 ml (2.64 oz),madison_generated_evidence,https://likkskifwsrvszxdvufw.supabase.co/storage/v1/object/public/generated-images/4ab1ac72-cd7e-4faf-9152-5aa5f2862411/d4cd4ae9-a9a8-4ea6-ab6f-fd1e19078e5e/best-bottles/reference-imports/Round/GB-RND-FRS-78ML-AST-RED_1779532262809_91igk2.png,
GB-CYL-CLR-5ML-ROL-MCPR,GBCyl5RollCuMatt,Cylinder,"Cylinder design 5ml, 1/6oz Clear glass bottle with plastic roller ball plug and matte copper cap. For use with perfume or fragrance oil, essential oils, aromatic oils and aromatherapy. Refillable, Small sized bottle for decants, promotion, samples and tra",Clear,5 ml (0.17 oz),madison_generated_evidence,https://likkskifwsrvszxdvufw.supabase.co/storage/v1/object/public/generated-images/4ab1ac72-cd7e-4faf-9152-5aa5f2862411/d4cd4ae9-a9a8-4ea6-ab6f-fd1e19078e5e/paper-doll/master_corrected_1780288421428_znxjik.png,
GB-SLK-CLR-8ML-ROL-BKDT,GBSleek8RollBlkDot,Sleek,"Sleek design 8ml, 1/3oz Clear glass bottle with plastic roller ball plug and black shiny cap with dots. For use with perfume or fragrance oil, essential oils, aromatic oils and aromatherapy. Refillable, Small sized bottle for decants, promotion, samples a",Clear,8 ml (0.27 oz),madison_generated_evidence,https://www.bestbottles.com/images/store/caps/13-415CpRollShnBlk.png,
GB-SLK-CLR-8ML-MRL-SBLK,GBSleek8MtlRollBlkSh,Sleek,"Sleek design 8ml, 1/3oz Clear glass bottle with metal roller ball plug and black shiny cap. For use with perfume or fragrance oil, essential oils, aromatic oils and aromatherapy. Refillable, Small sized bottle for decants, promotion, samples and travel ac",Clear,8 ml (0.27 oz),madison_generated_evidence,https://likkskifwsrvszxdvufw.supabase.co/storage/v1/object/public/generated-images/4ab1ac72-cd7e-4faf-9152-5aa5f2862411/best-bottles/reference-images/GB-SLK-CLR-8ML-MRL-SBLK__GBSleek8MtlRollBlkSh__pdp-main__v001.png,
GB-CYL-AMB-5ML-SPR-MGLD,GBTulipAmb5SpryGlMatt,Tulip,"Tulip design 5ml, 1/6 oz Amber glass bottle with matte gold spray. Fine mist sprayer for use with perfumes and colognes. Refillable, Small sized bottle for decants, promotion, samples and travel accessory. Price each",Amber,5 ml (0.17 oz),madison_generated_evidence,https://likkskifwsrvszxdvufw.supabase.co/storage/v1/object/public/generated-images/4ab1ac72-cd7e-4faf-9152-5aa5f2862411/best-bottles/reference-images/GB-CYL-AMB-5ML-SPR-MGLD__GBTulipAmb5SpryGlMatt__pdp-main__v001.png,
LB-DVA-CLR-30ML-LPM-MGLD,LBDiva30LtnMtGl,Diva,"Diva design 30 ml, 1oz clear glass bottle with matte gold lotion pump. For use with serums, light creams, moisturizers, facial oils or face oils, beard oils, body lotions, body wash, and hair products. Our Classic Diva bottle family is available in 30ml,",Clear,30 ml (1.01 oz),madison_generated_evidence,https://likkskifwsrvszxdvufw.supabase.co/storage/v1/object/public/generated-images/4ab1ac72-cd7e-4faf-9152-5aa5f2862411/d4cd4ae9-a9a8-4ea6-ab6f-fd1e19078e5e/paper-doll/master_corrected_1779134242102_usfcf0.png,
GB-CYL-AMB-9ML-ROL-BKDT,GBCylAmb9RollBlkDot,Cylinder,"Cylinder design 9ml,1/3 oz amber glass bottle with plastic roller ball plug and black dot cap. For use with perfume or fragrance oil, essential oils, aromatic oils and aromatherapy. Price each",Amber,9 ml (0.3 oz),madison_generated_evidence,https://likkskifwsrvszxdvufw.supabase.co/storage/v1/object/public/generated-images/4ab1ac72-cd7e-4faf-9152-5aa5f2862411/d4cd4ae9-a9a8-4ea6-ab6f-fd1e19078e5e/paper-doll/master_corrected_1779612977598_tvftmg.png,
GB-CYL-CLR-5ML-ROL-MGLD,GBCyl5RollGlMatt,Cylinder,"Cylinder design 5ml, 1/6oz Clear glass bottle with plastic roller ball plug and matte gold cap. For use with perfume or fragrance oil, essential oils, aromatic oils and aromatherapy. Refillable, Small sized bottle for decants, promotion, samples and trave",Clear,5 ml (0.17 oz),madison_generated_evidence,https://likkskifwsrvszxdvufw.supabase.co/storage/v1/object/public/generated-images/4ab1ac72-cd7e-4faf-9152-5aa5f2862411/d4cd4ae9-a9a8-4ea6-ab6f-fd1e19078e5e/paper-doll/master_corrected_1780288484667_ncdtjr.png,
GB-SLK-CLR-8ML-MRL-MCPR,GBSleek8MtlRollCuMatt,Sleek,"Sleek design 8ml, 1/3oz Clear glass bottle with metal roller ball plug and matte copper cap. For use with perfume or fragrance oil, essential oils, aromatic oils and aromatherapy. Refillable, Small sized bottle for decants, promotion, samples and travel a",Clear,8 ml (0.27 oz),madison_generated_evidence,https://likkskifwsrvszxdvufw.supabase.co/storage/v1/object/public/generated-images/4ab1ac72-cd7e-4faf-9152-5aa5f2862411/best-bottles/reference-images/GB-SLK-CLR-8ML-MRL-MCPR__GBSleek8MtlRollCuMatt__pdp-main__v001.png,
GB-CYL-CLR-5ML-ROL-MSLV,GBCyl5RollSlMatt,Cylinder,"Cylinder design 5ml, 1/6oz Clear glass bottle with plastic roller ball plug and matte silver cap. For use with perfume or fragrance oil, essential oils, aromatic oils and aromatherapy. Refillable, Small sized bottle for decants, promotion, samples and tra",Clear,5 ml (0.17 oz),madison_generated_evidence,https://likkskifwsrvszxdvufw.supabase.co/storage/v1/object/public/generated-images/4ab1ac72-cd7e-4faf-9152-5aa5f2862411/d4cd4ae9-a9a8-4ea6-ab6f-fd1e19078e5e/paper-doll/master_corrected_1780288538802_n4o3qe.png,
GB-SLK-CLR-8ML-MRL-MGLD,GBSleek8MtlRollGlMatt,Sleek,"Sleek design 8ml, 1/3oz Clear glass bottle with metal roller ball plug and matte gold cap. For use with perfume or fragrance oil, essential oils, aromatic oils and aromatherapy. Refillable, Small sized bottle for decants, promotion, samples and travel acc",Clear,8 ml (0.27 oz),madison_generated_evidence,https://likkskifwsrvszxdvufw.supabase.co/storage/v1/object/public/generated-images/4ab1ac72-cd7e-4faf-9152-5aa5f2862411/best-bottles/reference-images/GB-SLK-CLR-8ML-MRL-MGLD__GBSleek8MtlRollGlMatt__pdp-main__v001.png,
GB-CYL-AMB-5ML-SPR-MSLV,GBTulipAmb5SprySlMatt,Tulip,"Tulip design 5ml, 1/6 oz Amber glass bottle with matte silver spray. Fine mist sprayer for use with perfumes and colognes. Refillable, Small sized bottle for decants, promotion, samples and travel accessory. Price each",Amber,5 ml (0.17 oz),madison_generated_evidence,https://likkskifwsrvszxdvufw.supabase.co/storage/v1/object/public/generated-images/4ab1ac72-cd7e-4faf-9152-5aa5f2862411/best-bottles/reference-images/GB-CYL-AMB-5ML-SPR-MSLV__GBTulipAmb5SprySlMatt__pdp-main__v001.png,
GB-CYL-BLU-9ML-ROL-BKDT,GBCylBlu9RollBlkDot,Cylinder,"Cylinder design 9ml,1/3 oz Cobalt blue glass bottle with plastic roller ball plug and black dot cap. For use with perfume or fragrance oil, essential oils, aromatic oils and aromatherapy. Refillable, Small sized bottle for promotion samples and travel. Pr",Cobalt Blue,9 ml (0.3 oz),madison_generated_evidence,https://likkskifwsrvszxdvufw.supabase.co/storage/v1/object/public/generated-images/4ab1ac72-cd7e-4faf-9152-5aa5f2862411/d4cd4ae9-a9a8-4ea6-ab6f-fd1e19078e5e/best-bottles/reference-imports/Cylinder/GB-CYL-BLU-9ML-ROL-BKDT_1779632184760_ayku8h.png,
GB-SLK-CLR-8ML-MRL-SGLD,GBSleek8MtlRollGlSh,Sleek,"Sleek design 8ml, 1/3oz Clear glass bottle with metal roller ball plug and shiny gold cap. For use with perfume or fragrance oil, essential oils, aromatic oils and aromatherapy. Refillable, Small sized bottle for decants, promotion, samples and travel acc",Clear,8 ml (0.27 oz),madison_generated_evidence,https://likkskifwsrvszxdvufw.supabase.co/storage/v1/object/public/generated-images/4ab1ac72-cd7e-4faf-9152-5aa5f2862411/best-bottles/reference-images/GB-SLK-CLR-8ML-MRL-SGLD__GBSleek8MtlRollGlSh__pdp-main__v001.png,
GB-CYL-FRS-9ML-ROL-BKDT,GBCylFrst9RollBlkDot,Cylinder,"Cylinder design 9ml,1/3 oz frosted glass bottle with plastic roller ball plug and black dot cap. For use with perfume or fragrance oil, essential oils, aromatic oils and aromatherapy. Price each",Frosted,9 ml (0.3 oz),madison_generated_evidence,https://likkskifwsrvszxdvufw.supabase.co/storage/v1/object/public/generated-images/4ab1ac72-cd7e-4faf-9152-5aa5f2862411/d4cd4ae9-a9a8-4ea6-ab6f-fd1e19078e5e/best-bottles/reference-imports/Cylinder/GB-CYL-FRS-9ML-ROL-BKDT_1779632208589_wmjusx.png,
GB-SLK-CLR-30ML-RDC-MSLV,GBSlk30RdcrMtSl,Sleek,"Sleek design 30 ml, 1oz  clear glass bottle  with reducer and silver matte cap. For use with cologne, aftershave, splash on, and perfume or fragrance oil, beard oils. Sleek design bottle is a family of bottles available in 5ml, 8ml, 30m, 50ml and 100ml. P",Clear,30 ml (1.01 oz),madison_generated_evidence,https://likkskifwsrvszxdvufw.supabase.co/storage/v1/object/public/generated-images/4ab1ac72-cd7e-4faf-9152-5aa5f2862411/best-bottles/reference-images/GB-SLK-CLR-30ML-RDC-MSLV-01__GBSlk30RdcrMtSl__pdp-main__v001.png,
GB-SLK-CLR-8ML-MRL-PKDT,GBSleek8MtlRollPinkDot,Sleek,"Sleek design 8ml, 1/3oz Clear glass bottle with metal roller ball plug and pink cap with dots. For use with perfume or fragrance oil, essential oils, aromatic oils and aromatherapy. Refillable, Small sized bottle for decants, promotion, samples and travel",Clear,8 ml (0.27 oz),madison_generated_evidence,https://likkskifwsrvszxdvufw.supabase.co/storage/v1/object/public/generated-images/4ab1ac72-cd7e-4faf-9152-5aa5f2862411/best-bottles/reference-images/GB-SLK-CLR-8ML-MRL-PKDT__GBSleek8MtlRollPinkDot__pdp-main__v001.png,
GB-CYL-CLR-6ML-SPR-SBLK,GBTulip6SpryBlkSh,Tulip,"Tulip design 6ml, 1/5oz Clear glass bottle with shiny black spray. Fine mist sprayer for use with perfumes and colognes. Refillable, Small sized bottle for decants, promotion, samples and travel accessory. Price each",Clear,6 ml (0.2 oz),madison_generated_evidence,https://likkskifwsrvszxdvufw.supabase.co/storage/v1/object/public/generated-images/4ab1ac72-cd7e-4faf-9152-5aa5f2862411/best-bottles/reference-images/GB-CYL-CLR-6ML-SPR-SBLK__GBTulip6SpryBlkSh__pdp-main__v001.png,
GB-CYL-CLR-9ML-T-11,GBCyl9RollBlkDot,Cylinder,"Cylinder design 9ml,1/3 oz clear glass bottle with plastic roller ball plug and black dot cap. For use with perfume or fragrance oil, essential oils, aromatic oils and aromatherapy. Price each",Clear,9 ml (0.3 oz),madison_generated_evidence,https://likkskifwsrvszxdvufw.supabase.co/storage/v1/object/public/generated-images/4ab1ac72-cd7e-4faf-9152-5aa5f2862411/d4cd4ae9-a9a8-4ea6-ab6f-fd1e19078e5e/paper-doll/master_corrected_1780302263274_2azf99.png,
GB-SLK-CLR-8ML-MRL-SLDT,GBSleek8MtlRollSlDot,Sleek,"Sleek design 8ml, 1/3oz Clear glass bottle with metal roller ball plug and silver cap with dots. For use with perfume or fragrance oil, essential oils, aromatic oils and aromatherapy. Refillable, Small sized bottle for decants, promotion, samples and trav",Clear,8 ml (0.27 oz),madison_generated_evidence,https://likkskifwsrvszxdvufw.supabase.co/storage/v1/object/public/generated-images/4ab1ac72-cd7e-4faf-9152-5aa5f2862411/best-bottles/reference-images/GB-SLK-CLR-8ML-MRL-SLDT__GBSleek8MtlRollSlDot__pdp-main__v001.png,
GB-CYL-CLR-6ML-SPR-MBLU,GBTulip6SpryBluMatt,Tulip,"Tulip design 6ml, 1/5oz Clear glass bottle with matte blue spray. Fine mist sprayer for use with perfumes and colognes. Refillable, Small sized bottle for decants, promotion, samples and travel accessory. Price each",Clear,6 ml (0.2 oz),madison_generated_evidence,https://likkskifwsrvszxdvufw.supabase.co/storage/v1/object/public/generated-images/4ab1ac72-cd7e-4faf-9152-5aa5f2862411/best-bottles/reference-images/GB-CYL-CLR-6ML-SPR-MBLU__GBTulip6SpryBluMatt__pdp-main__v001.png,
GB-CYL-CLR-9ML-ROL-BKDT-01,GBCylSwrl9RollBlkDot,Cylinder,"Cylinder swirl design 9ml,1/3 oz glass bottle with plastic roller ball plug and black dot cap. For use with perfume or fragrance oil, essential oils, aromatic oils and aromatherapy. Price each",Swirl,9 ml (0.3 oz),madison_generated_evidence,https://likkskifwsrvszxdvufw.supabase.co/storage/v1/object/public/generated-images/4ab1ac72-cd7e-4faf-9152-5aa5f2862411/d4cd4ae9-a9a8-4ea6-ab6f-fd1e19078e5e/best-bottles/reference-imports/Cylinder/GB-CYL-CLR-9ML-ROL-BKDT-01_1779632192498_pbr0wm.png,
GB-SLK-CLR-8ML-MRL-MSLV,GBSleek8MtlRollSlMatt,Sleek,"Sleek design 8ml, 1/3oz Clear glass bottle with metal roller ball plug and matte silver cap. For use with perfume or fragrance oil, essential oils, aromatic oils and aromatherapy. Refillable, Small sized bottle for decants, promotion, samples and travel a",Clear,8 ml (0.27 oz),madison_generated_evidence,https://likkskifwsrvszxdvufw.supabase.co/storage/v1/object/public/generated-images/4ab1ac72-cd7e-4faf-9152-5aa5f2862411/best-bottles/reference-images/GB-SLK-CLR-8ML-MRL-MSLV__GBSleek8MtlRollSlMatt__pdp-main__v001.png,
GB-CYL-CLR-6ML-SPR-MCPR,GBTulip6SpryCuMatt,Tulip,"Tulip design 6ml, 1/5oz Clear glass bottle with matte copper spray. For use with fine mist sprayer for use with perfumes and colognes. Refillable, Small sized bottle for decants, promotion, samples and travel accessory. Price each",Clear,6 ml (0.2 oz),madison_generated_evidence,https://likkskifwsrvszxdvufw.supabase.co/storage/v1/object/public/generated-images/4ab1ac72-cd7e-4faf-9152-5aa5f2862411/best-bottles/reference-images/GB-CYL-CLR-6ML-SPR-MCPR__GBTulip6SpryCuMatt__pdp-main__v001.png,
GB-RND-CLR-128ML-SPR-MGLD,GBRnd128SpryMtGl,Round,"Round design 128 ml, 4.33oz  clear glass bottle  with matte gold spray pump. For use with cologne, Eau de Parfum, air freshner, face and body spray, or room spray. Round design bottle is available in 2 sizes - 78ml and 128 ml. Price each",Clear,128 ml (4.33 oz),madison_generated_evidence,https://likkskifwsrvszxdvufw.supabase.co/storage/v1/object/public/generated-images/4ab1ac72-cd7e-4faf-9152-5aa5f2862411/d4cd4ae9-a9a8-4ea6-ab6f-fd1e19078e5e/paper-doll/master_corrected_1780332191114_va6evz.png,
GB-CYL-CLR-9ML-ROL-BKDT-02,GBTallCyl9RollBlkDot,Cylinder,"Tall cylinder design 9ml, 1/3oz Clear glass bottle with plastic roller ball plug and black shiny cap with dots. For use with perfume or fragrance oil, essential oils, aromatic oils and aromatherapy. Refillable, slender bottle with attractive heavy base. P",Clear,9 ml (0.3 oz),madison_generated_evidence,https://likkskifwsrvszxdvufw.supabase.co/storage/v1/object/public/generated-images/4ab1ac72-cd7e-4faf-9152-5aa5f2862411/d4cd4ae9-a9a8-4ea6-ab6f-fd1e19078e5e/best-bottles/reference-imports/Cylinder/GB-CYL-CLR-9ML-ROL-BKDT-02_1779614846116_vwsogp.png,
GB-ELG-FRS-100ML-ASP-BLK,GBElgFrst100AnSpBlk,Elegant,"Elegant design 100 ml, 3 1/2oz frosted glass bottle with black vintage style bulb sprayer with shiny silver collar cap. For use with cologne, Eau de Parfum, air freshner, face and body spray, or room spray.  Antique or vintage bulb sprayers enhance the be",Frosted,100 ml (3.38 oz),madison_generated_evidence,https://likkskifwsrvszxdvufw.supabase.co/storage/v1/object/public/generated-images/4ab1ac72-cd7e-4faf-9152-5aa5f2862411/d4cd4ae9-a9a8-4ea6-ab6f-fd1e19078e5e/best-bottles/reference-imports/Elegant/GB-ELG-FRS-100ML-ASP-BLK_1779482913930_xcuqfa.png,
GB-SLK-CLR-8ML-MRL-SSLV,GBSleek8MtlRollSlSh,Sleek,"Sleek design 8ml, 1/3oz Clear glass bottle with metal roller ball plug and shiny silver cap. For use with perfume or fragrance oil, essential oils, aromatic oils and aromatherapy. Refillable, Small sized bottle for decants, promotion, samples and travel a",Clear,8 ml (0.27 oz),madison_generated_evidence,https://likkskifwsrvszxdvufw.supabase.co/storage/v1/object/public/generated-images/4ab1ac72-cd7e-4faf-9152-5aa5f2862411/best-bottles/reference-images/GB-SLK-CLR-8ML-MRL-SSLV__GBSleek8MtlRollSlSh__pdp-main__v001.png,
GB-CYL-CLR-6ML-SPR-MGLD,GBTulip6SpryGlMatt,Tulip,"Tulip design 6ml, 1/5oz Clear glass bottle with matte gold spray. Fine mist sprayer for use with perfumes and colognes. Refillable, Small sized bottle for decants, promotion, samples and travel accessory. Price each",Clear,6 ml (0.2 oz),madison_generated_evidence,https://likkskifwsrvszxdvufw.supabase.co/storage/v1/object/public/generated-images/4ab1ac72-cd7e-4faf-9152-5aa5f2862411/best-bottles/reference-images/GB-CYL-CLR-6ML-SPR-MGLD__GBTulip6SpryGlMatt__pdp-main__v001.png,
GB-RND-CLR-128ML-SPR-SGLD,GBRnd128SpryShnGl,Round,"Round design 128 ml, 4.33oz  clear glass bottle  with shiny gold spray pump. For use with cologne, Eau de Parfum, air freshner, face and body spray, or room spray. Round design bottle is available in 2 sizes - 78ml and 128 ml. Price each",Clear,128 ml (4.33 oz),madison_generated_evidence,https://likkskifwsrvszxdvufw.supabase.co/storage/v1/object/public/generated-images/4ab1ac72-cd7e-4faf-9152-5aa5f2862411/d4cd4ae9-a9a8-4ea6-ab6f-fd1e19078e5e/paper-doll/master_corrected_1780332247330_6shyzm.png,
GB-CYL-FRS-9ML-T-11,GBTallCylFrst9RollBlkDot,Cylinder,"Tall cylinder design 9ml, 1/3oz frosted glass bottle with plastic roller ball plug and black shiny cap with dots. For use with perfume or fragrance oil, essential oils, aromatic oils and aromatherapy. Refillable, slender bottle with attractive heavy base.",Frosted,9 ml (0.3 oz),madison_generated_evidence,https://likkskifwsrvszxdvufw.supabase.co/storage/v1/object/public/generated-images/4ab1ac72-cd7e-4faf-9152-5aa5f2862411/best-bottles/reference-images/GB-CYL-FRS-9ML-T-11__GBTallCylFrst9RollBlkDot__pdp-main__v001.png,
GB-ELG-FRS-100ML-AST-BLK,GBElgFrst100AnSpTslBlk,Elegant,"Elegant design 100 ml, 3 1/2oz frosted glass bottle with Black vintage style bulb sprayer with tassel with shiny silver collar cap. For use with cologne, Eau de Parfum, air freshner, face and body spray, or room spray.  Antique or vintage bulb sprayers en",Frosted,100 ml (3.38 oz),madison_generated_evidence,https://likkskifwsrvszxdvufw.supabase.co/storage/v1/object/public/generated-images/4ab1ac72-cd7e-4faf-9152-5aa5f2862411/d4cd4ae9-a9a8-4ea6-ab6f-fd1e19078e5e/best-bottles/reference-imports/Elegant/GB-ELG-FRS-100ML-AST-BLK_1779482889547_qryamb.png,
GB-SLM-CLR-30ML-RDC-SBLK,GBSlm30RdcrShnBlk,Slim,"Slim design 30 ml, 1oz  clear glass bottle  with reducer and black shiny cap. For use with cologne, aftershave, splash on, and perfume or fragrance oil, beard oils. Slim design bottle is a family of bottles available 30ml, 50ml and 100ml. Price each",Clear,30 ml (1.01 oz),madison_generated_evidence,https://likkskifwsrvszxdvufw.supabase.co/storage/v1/object/public/generated-images/4ab1ac72-cd7e-4faf-9152-5aa5f2862411/best-bottles/reference-images/GB-SLM-CLR-30ML-RDC-SBLK-01__GBSlm30RdcrShnBlk__pdp-main__v001.png,
GB-CYL-CLR-9ML-MRL-MSLV-01,GBCyl9MtlRollMattSl,Cylinder,"Cylinder design 9ml,1/3 oz clear glass bottle with metal roller ball plug and matte silver cap. For use with perfume or fragrance oil, essential oils, aromatic oils and aromatherapy. Price each",Clear,9 ml (0.3 oz),madison_generated_evidence,https://likkskifwsrvszxdvufw.supabase.co/storage/v1/object/public/generated-images/4ab1ac72-cd7e-4faf-9152-5aa5f2862411/1779632591393-cdac8dc5-c025-4baf-8b46-0a085c46217a.png,
GB-CYL-CLR-6ML-SPR-SGLD,GBTulip6SpryGlSh,Tulip,"Tulip design 6ml, 1/5oz Clear glass bottle with shiny gold spray. Fine mist sprayer for use with perfumes and colognes. Refillable, Small sized bottle for decants, promotion, samples and travel accessory. Price each",Clear,6 ml (0.2 oz),madison_generated_evidence,https://likkskifwsrvszxdvufw.supabase.co/storage/v1/object/public/generated-images/4ab1ac72-cd7e-4faf-9152-5aa5f2862411/best-bottles/reference-images/GB-CYL-CLR-6ML-SPR-SGLD__GBTulip6SpryGlSh__pdp-main__v001.png,
GB-RND-CLR-128ML-SPR-SBLK,GBRnd128SpryShnBlk,Round,"Round design 128 ml, 4.33oz  clear glass bottle  with shiny black spray pump. For use with cologne, Eau de Parfum, air freshner, face and body spray, or room spray. Round design bottle is available in 2 sizes - 78ml and 128 ml. Price each",Clear,128 ml (4.33 oz),madison_generated_evidence,https://likkskifwsrvszxdvufw.supabase.co/storage/v1/object/public/generated-images/4ab1ac72-cd7e-4faf-9152-5aa5f2862411/d4cd4ae9-a9a8-4ea6-ab6f-fd1e19078e5e/paper-doll/master_corrected_1780332303344_5442vu.png,
GB-CYL-CLR-9ML-T-09,GBCyl9MtlRollSlDot,Cylinder,"Cylinder design 9ml,1/3 oz clear glass bottle with metal roller ball plug and silver dot cap. For use with perfume or fragrance oil, essential oils, aromatic oils and aromatherapy. Price each",Clear,9 ml (0.3 oz),madison_generated_evidence,https://likkskifwsrvszxdvufw.supabase.co/storage/v1/object/public/generated-images/4ab1ac72-cd7e-4faf-9152-5aa5f2862411/d4cd4ae9-a9a8-4ea6-ab6f-fd1e19078e5e/paper-doll/master_corrected_1779632441526_pp0a07.png,
GB-CYL-CLR-6ML-SPR-MSLV,GBTulip6SprySlMatt,Tulip,"Tulip design 6ml, 1/5oz Clear glass bottle with matte silver spray. Fine mist sprayer for use with perfumes and colognes. Refillable, Small sized bottle for decants, promotion, samples and travel accessory. Price each",Clear,6 ml (0.2 oz),madison_generated_evidence,https://likkskifwsrvszxdvufw.supabase.co/storage/v1/object/public/generated-images/4ab1ac72-cd7e-4faf-9152-5aa5f2862411/best-bottles/reference-images/GB-CYL-CLR-6ML-SPR-MSLV__GBTulip6SprySlMatt__pdp-main__v001.png,
GB-RND-CLR-128ML-SPR-MSLV,GBRnd128SpryMtSl,Round,"Round design 128 ml, 4.33oz  clear glass bottle  with matte silver spray pump. For use with cologne, Eau de Parfum, air freshner, face and body spray, or room spray. Round design bottle is available in 2 sizes - 78ml and 128 ml. Price each",Clear,128 ml (4.33 oz),madison_generated_evidence,https://likkskifwsrvszxdvufw.supabase.co/storage/v1/object/public/generated-images/4ab1ac72-cd7e-4faf-9152-5aa5f2862411/d4cd4ae9-a9a8-4ea6-ab6f-fd1e19078e5e/paper-doll/master_corrected_1780332367556_xxdl49.png,
GB-CYL-CLR-9ML-T-05,GBCyl9MtlRollPnkDot,Cylinder,"Cylinder design 9ml,1/3 oz clear glass bottle with metal roller ball plug and pink dot cap. For use with perfume or fragrance oil, essential oils, aromatic oils and aromatherapy. Price each",Clear,9 ml (0.3 oz),madison_generated_evidence,https://likkskifwsrvszxdvufw.supabase.co/storage/v1/object/public/generated-images/4ab1ac72-cd7e-4faf-9152-5aa5f2862411/d4cd4ae9-a9a8-4ea6-ab6f-fd1e19078e5e/paper-doll/master_corrected_1779632491045_c2l7jf.png,
GB-CYL-CLR-6ML-SPR-SSLV,GBTulip6SprySlSh,Tulip,"Tulip design 6ml, 1/5oz Clear glass bottle with shiny silver spray. Fine mist sprayer for use with perfumes and colognes. Refillable, Small sized bottle for decants, promotion, samples and travel accessory. Price each",Clear,6 ml (0.2 oz),madison_generated_evidence,https://likkskifwsrvszxdvufw.supabase.co/storage/v1/object/public/generated-images/4ab1ac72-cd7e-4faf-9152-5aa5f2862411/best-bottles/reference-images/GB-CYL-CLR-6ML-SPR-SSLV__GBTulip6SprySlSh__pdp-main__v001.png,
GB-RND-CLR-128ML-SPR-SSLV,GBRnd128SpryShnSl,Round,"Round design 128 ml, 4.33oz  clear glass bottle  with shiny silver spray pump. For use with cologne, Eau de Parfum, air freshner, face and body spray, or room spray. Round design bottle is available in 2 sizes - 78ml and 128 ml. Price each",Clear,128 ml (4.33 oz),madison_generated_evidence,https://likkskifwsrvszxdvufw.supabase.co/storage/v1/object/public/generated-images/4ab1ac72-cd7e-4faf-9152-5aa5f2862411/d4cd4ae9-a9a8-4ea6-ab6f-fd1e19078e5e/paper-doll/master_corrected_1780332428784_3lr7bw.png,
GB-RCT-CLR-10ML-ROL-BKDT-01,GBRect10RollBlkDot,Rectangle,"Footed rectangular design 10ml, 1/3oz Clear glass bottle with plastic roller ball plug and black shiny cap with dots. For use with perfume or fragrance oil, essential oils, aromatic oils and aromatherapy. Refillable, classic style bottle good for promotio",Clear,10 ml (0.34 oz),madison_generated_evidence,https://www.bestbottles.com/images/store/caps/13-415CpRollBlkDot.png,
GB-SLK-CLR-100ML-ASP-BLK,GBSlk100AnSpBlk,Sleek,"Sleek design 100 ml, 3 1/2oz  clear glass bottle  with black vintage style bulb sprayer with shiny silver collar cap. For use with cologne, Eau de Parfum, air freshner, face and body spray, or room spray.  Antique or vintage bulb sprayers enhance the beau",Clear,100 ml (3.38 oz),madison_generated_evidence,https://www.bestbottles.com/images/store/caps/18-415SpAnSpBulbLvn.png,
GB-CYL-CLR-9ML-T-04,GBCyl9MtlRollMattGl,Cylinder,"Cylinder design 9ml,1/3 oz clear glass bottle with metal roller ball plug and matte gold cap. For use with perfume or fragrance oil, essential oils, aromatic oils and aromatherapy. Price each",Clear,9 ml (0.3 oz),madison_generated_evidence,https://likkskifwsrvszxdvufw.supabase.co/storage/v1/object/public/generated-images/4ab1ac72-cd7e-4faf-9152-5aa5f2862411/d4cd4ae9-a9a8-4ea6-ab6f-fd1e19078e5e/paper-doll/master_corrected_1779632565797_jft9sw.png,
GB-RND-FRS-128ML-SPR-MGLD,GBRndFrst128SpryMtGl,Round,"Round design 128 ml, 4.33oz frosted glass bottle with matte gold spray pump. For use with cologne, Eau de Parfum, air freshner, face and body spray, or room spray. Round design bottle is available in 2 sizes - 78ml and 128 ml. Price each",Frosted,128 ml (4.33 oz),madison_generated_evidence,https://likkskifwsrvszxdvufw.supabase.co/storage/v1/object/public/generated-images/4ab1ac72-cd7e-4faf-9152-5aa5f2862411/d4cd4ae9-a9a8-4ea6-ab6f-fd1e19078e5e/best-bottles/reference-imports/Round/GB-RND-FRS-128ML-SPR-MGLD_1779532278543_7to7cw.png,
GB-RCT-CLR-10ML-ROL-BKDT-02,GBTallRect10RollBlkDot,Rectangle,"Tall rectangular design 10ml, 1/3oz Clear glass bottle with plastic roller ball plug and black shiny cap with dots. For use with perfume or fragrance oil, essential oils, aromatic oils and aromatherapy. Refillable, slender bottle with attractive heavy bas",Clear,10 ml (0.34 oz),madison_generated_evidence,https://www.bestbottles.com/images/store/caps/13-415CpRollBlkDot.png,
GB-CYL-CLR-9ML-T-07,GBCyl9MtlRollShnGl,Cylinder,"Cylinder design 9ml,1/3 oz clear glass bottle with metal roller ball plug and shiny gold cap. For use with perfume or fragrance oil, essential oils, aromatic oils and aromatherapy. Price each",Clear,9 ml (0.3 oz),madison_generated_evidence,https://likkskifwsrvszxdvufw.supabase.co/storage/v1/object/public/generated-images/4ab1ac72-cd7e-4faf-9152-5aa5f2862411/d4cd4ae9-a9a8-4ea6-ab6f-fd1e19078e5e/paper-doll/master_corrected_1779632649083_e75ki8.png,
GB-RND-FRS-128ML-SPR-MSLV,GBRndFrst128SpryMtSl,Round,"Round design 128 ml, 4.33oz frosted glass bottle with matte silver spray pump. For use with cologne, Eau de Parfum, air freshner, face and body spray, or room spray. Round design bottle is available in 2 sizes - 78ml and 128 ml. Price each",Frosted,128 ml (4.33 oz),madison_generated_evidence,https://likkskifwsrvszxdvufw.supabase.co/storage/v1/object/public/generated-images/4ab1ac72-cd7e-4faf-9152-5aa5f2862411/d4cd4ae9-a9a8-4ea6-ab6f-fd1e19078e5e/best-bottles/reference-imports/Round/GB-RND-FRS-128ML-SPR-MSLV_1779532283867_qhyokz.png,
GB-SLM-CLR-100ML-ASP-BLK,GBSlm100AnSpBlk,Slim,"Slim design 100 ml, 3 1/2oz  clear glass bottle  with black vintage style bulb sprayer with shiny silver collar cap. For use with cologne, Eau de Parfum, air freshner, face and body spray, or room spray.  Antique or vintage bulb sprayers enhance the beaut",Clear,100 ml (3.38 oz),madison_generated_evidence,https://www.bestbottles.com/images/store/caps/18-415SpAnSpBulbPnk.png,
GB-SLM-CLR-30ML-RDC-MSLV,GBSlm30RdcrMtSl,Slim,"Slim design 30 ml, 1oz  clear glass bottle  with reducer and silver matte cap. For use with cologne, aftershave, splash on, and perfume or fragrance oil, beard oils. Slim design bottle is a family of bottles available 30ml, 50ml and 100ml. Price each",Clear,30 ml (1.01 oz),madison_generated_evidence,https://likkskifwsrvszxdvufw.supabase.co/storage/v1/object/public/generated-images/4ab1ac72-cd7e-4faf-9152-5aa5f2862411/best-bottles/reference-images/GB-SLM-CLR-30ML-RDC-MSLV-01__GBSlm30RdcrMtSl__pdp-main__v001.png,
GB-CYL-CLR-9ML-T-08,GBCyl9MtlRollShnSl,Cylinder,"Cylinder design 9ml,1/3 oz clear glass bottle with metal roller ball plug and shiny silver cap. For use with perfume or fragrance oil, essential oils, aromatic oils and aromatherapy. Price each",Clear,9 ml (0.3 oz),madison_generated_evidence,https://likkskifwsrvszxdvufw.supabase.co/storage/v1/object/public/generated-images/4ab1ac72-cd7e-4faf-9152-5aa5f2862411/d4cd4ae9-a9a8-4ea6-ab6f-fd1e19078e5e/paper-doll/master_corrected_1780302667926_rqhtdg.png,
GB-SLK-CLR-8ML-SPR-MSLV,GBSleek8SprySlMatt,Sleek,"Sleek design 8ml, 1/3oz Clear glass bottle with matte silver spray. Fine mist sprayer for use with perfumes and colognes. Refillable, Small sized bottle for decants, promotion, samples and travel accessory. Price each",Clear,8 ml (0.27 oz),madison_generated_evidence,https://likkskifwsrvszxdvufw.supabase.co/storage/v1/object/public/generated-images/4ab1ac72-cd7e-4faf-9152-5aa5f2862411/best-bottles/reference-images/GB-SLK-CLR-8ML-SPR-MSLV__GBSleek8SprySlMatt__pdp-main__v001.png,
GB-RND-FRS-128ML-SPR-SGLD,GBRndFrst128SpryShnGl,Round,"Round design 128 ml, 4.33oz frosted glass bottle with shiny gold spray pump. For use with cologne, Eau de Parfum, air freshner, face and body spray, or room spray. Round design bottle is available in 2 sizes - 78ml and 128 ml. Price each",Frosted,128 ml (4.33 oz),madison_generated_evidence,https://likkskifwsrvszxdvufw.supabase.co/storage/v1/object/public/generated-images/4ab1ac72-cd7e-4faf-9152-5aa5f2862411/d4cd4ae9-a9a8-4ea6-ab6f-fd1e19078e5e/best-bottles/reference-imports/Round/GB-RND-FRS-128ML-SPR-SGLD_1779532281353_tk4q9c.png,
GB-CYL-BLU-5ML-ROL-MGLD,GBCylBlu5RollGlMatt,Cylinder,"Cylinder design 5ml, 1/6oz Blue glass bottle with plastic roller ball plug and matte gold cap. For use with perfume or fragrance oil, essential oils, aromatic oils and aromatherapy. Refillable, Small sized bottle for decants, promotion, samples and travel",Cobalt Blue,5 ml (0.17 oz),madison_generated_evidence,https://likkskifwsrvszxdvufw.supabase.co/storage/v1/object/public/generated-images/4ab1ac72-cd7e-4faf-9152-5aa5f2862411/d4cd4ae9-a9a8-4ea6-ab6f-fd1e19078e5e/paper-doll/master_corrected_1779555763250_8isjcf.png,
GB-SLM-CLR-100ML-AST-BLK,GBSlm100AnSpTslBlk,Slim,"Slim design 100 ml, 3 1/2oz  clear glass bottle  with Black vintage style bulb sprayer with tassel with shiny silver collar cap. For use with cologne, Eau de Parfum, air freshner, face and body spray, or room spray.  Antique or vintage bulb sprayers enhan",Clear,100 ml (3.38 oz),madison_generated_evidence,https://www.bestbottles.com/images/store/caps/18-415SpAnSpTslPnk.png,
GB-CYL-CLR-9ML-T-03,GBCyl9MtlRollMattCu,Cylinder,"Cylinder design 9ml,1/3 oz clear glass bottle with metal roller ball plug and matte copper cap. For use with perfume or fragrance oil, essential oils, aromatic oils and aromatherapy. Price each",Clear,9 ml (0.3 oz),madison_generated_evidence,https://likkskifwsrvszxdvufw.supabase.co/storage/v1/object/public/generated-images/4ab1ac72-cd7e-4faf-9152-5aa5f2862411/d4cd4ae9-a9a8-4ea6-ab6f-fd1e19078e5e/paper-doll/master_corrected_1780302732477_u6n0g4.png,
GB-RND-FRS-128ML-SPR-SBLK,GBRndFrst128SpryShnBlk,Round,"Round design 128 ml, 4.33oz frosted glass bottle with shiny black spray pump. For use with cologne, Eau de Parfum, air freshner, face and body spray, or room spray. Round design bottle is available in 2 sizes - 78ml and 128 ml. Price each",Frosted,128 ml (4.33 oz),madison_generated_evidence,https://likkskifwsrvszxdvufw.supabase.co/storage/v1/object/public/generated-images/4ab1ac72-cd7e-4faf-9152-5aa5f2862411/d4cd4ae9-a9a8-4ea6-ab6f-fd1e19078e5e/best-bottles/reference-imports/Round/GB-RND-FRS-128ML-SPR-SBLK_1779532287355_x931os.png,
GB-CIR-CLR-15ML-ROL-BKDT,GBCrcl15RollBlkDot,Circle,"Circle design 15ml, 1/2oz Clear glass bottle with plastic roller ball plug and black shiny cap with dots. For use with perfume or fragrance oil, essential oils, aromatic oils and aromatherapy. Refillable, classic style bottle good for promotions and decan",Clear,15 ml (0.51 oz),madison_generated_evidence,https://likkskifwsrvszxdvufw.supabase.co/storage/v1/object/public/generated-images/4ab1ac72-cd7e-4faf-9152-5aa5f2862411/d4cd4ae9-a9a8-4ea6-ab6f-fd1e19078e5e/best-bottles/reference-imports/Circle/GB-CIR-CLR-15ML-ROL-BKDT_1779596567149_1rl1rj.png,
GB-RND-CLR-128ML-ASP-BLK,GBRnd128AnSpBlk,Round,"Round design 128 ml, 4.33oz  clear glass bottle  with black vintage style bulb sprayer with shiny silver collar cap. For use with cologne, Eau de Parfum, air freshner, face and body spray, or room spray.  Antique or vintage bulb sprayers enhance the beaut",Clear,128 ml (4.33 oz),madison_generated_evidence,https://likkskifwsrvszxdvufw.supabase.co/storage/v1/object/public/generated-images/4ab1ac72-cd7e-4faf-9152-5aa5f2862411/d4cd4ae9-a9a8-4ea6-ab6f-fd1e19078e5e/best-bottles/reference-imports/Round/GB-RND-CLR-128ML-ASP-BLK_1779532393114_i94c36.png,
GB-CYL-CLR-9ML-T-06,GBCyl9MtlRollShBlk,Cylinder,"Cylinder design 9ml,1/3 oz clear glass bottle with metal roller ball plug and shiny black cap. For use with perfume or fragrance oil, essential oils, aromatic oils and aromatherapy. Price each",Clear,9 ml (0.3 oz),madison_generated_evidence,https://likkskifwsrvszxdvufw.supabase.co/storage/v1/object/public/generated-images/4ab1ac72-cd7e-4faf-9152-5aa5f2862411/d4cd4ae9-a9a8-4ea6-ab6f-fd1e19078e5e/paper-doll/master_corrected_1779632828995_8kodqz.png,
GB-SLK-CLR-8ML-SPR-MBLU,GBSleek8SpryBluMatt,Sleek,"Sleek design 8ml, 1/3oz Clear glass bottle with matte blue spray. Fine mist sprayer for use with perfumes and colognes. Refillable, Small sized bottle for decants, promotion, samples and travel accessory. Price each",Clear,8 ml (0.27 oz),madison_generated_evidence,https://likkskifwsrvszxdvufw.supabase.co/storage/v1/object/public/generated-images/4ab1ac72-cd7e-4faf-9152-5aa5f2862411/best-bottles/reference-images/GB-SLK-CLR-8ML-SPR-MBLU__GBSleek8SpryBluMatt__pdp-main__v001.png,
GB-RND-FRS-128ML-SPR-SSLV,GBRndFrst128SpryShnSl,Round,"Round design 128 ml, 4.33oz frosted glass bottle with shiny silver spray pump. For use with cologne, Eau de Parfum, air freshner, face and body spray, or room spray. Round design bottle is available in 2 sizes - 78ml and 128 ml. Price each",Frosted,128 ml (4.33 oz),madison_generated_evidence,https://likkskifwsrvszxdvufw.supabase.co/storage/v1/object/public/generated-images/4ab1ac72-cd7e-4faf-9152-5aa5f2862411/best-bottles/reference-images/GB-RND-FRS-128ML-SPR-SSLV__GBRndFrst128SpryShnSl__pdp-main__v001.png,
GB-ELG-CLR-15ML-ROL-BKDT,GBElg15RollBlkDot,Elegant,"Elegant design 15ml, 1/2oz Clear glass bottle with plastic roller ball plug and black shiny cap with dots. For use with perfume or fragrance oil, essential oils, aromatic oils and aromatherapy. Refillable, classic style bottle good for promotions and deca",Clear,15 ml (0.51 oz),madison_generated_evidence,https://likkskifwsrvszxdvufw.supabase.co/storage/v1/object/public/generated-images/4ab1ac72-cd7e-4faf-9152-5aa5f2862411/d4cd4ae9-a9a8-4ea6-ab6f-fd1e19078e5e/best-bottles/reference-imports/Elegant/GB-ELG-CLR-15ML-ROL-BKDT_1779482924836_d17xpn.png,
GB-RND-CLR-128ML-AST-BLK,GBRnd128AnSpTslBlk,Round,"Round design 128 ml, 4.33oz  clear glass bottle  with Black vintage style bulb sprayer with tasseland shiny silver collar cap. For use with cologne, Eau de Parfum, air freshner, face and body spray, or room spray.  Antique or vintage bulb sprayers enhance",Clear,128 ml (4.33 oz),madison_generated_evidence,https://likkskifwsrvszxdvufw.supabase.co/storage/v1/object/public/generated-images/4ab1ac72-cd7e-4faf-9152-5aa5f2862411/d4cd4ae9-a9a8-4ea6-ab6f-fd1e19078e5e/best-bottles/reference-imports/Round/GB-RND-CLR-128ML-AST-BLK_1779532397729_7dlqsd.png,
GB-CYL-CLR-9ML-T-10,GBCyl9MtlRollWht,Cylinder,"Cylinder design 9ml,1/3 oz clear glass bottle with metal roller ball plug and white cap. For use with perfume or fragrance oil, essential oils, aromatic oils and aromatherapy. Price each",Clear,9 ml (0.3 oz),madison_generated_evidence,https://likkskifwsrvszxdvufw.supabase.co/storage/v1/object/public/generated-images/4ab1ac72-cd7e-4faf-9152-5aa5f2862411/d4cd4ae9-a9a8-4ea6-ab6f-fd1e19078e5e/paper-doll/master_corrected_1779632883092_n6x442.png,
GB-SLK-CLR-8ML-SPR-MCPR,GBSleek8SpryCuMatt,Sleek,"Sleek design 8ml, 1/3oz Clear glass bottle with matte copper spray. For use with fine mist sprayer for use with perfumes and colognes. Refillable, Small sized bottle for decants, promotion, samples and travel accessory. Price each",Clear,8 ml (0.27 oz),madison_generated_evidence,https://likkskifwsrvszxdvufw.supabase.co/storage/v1/object/public/generated-images/4ab1ac72-cd7e-4faf-9152-5aa5f2862411/best-bottles/reference-images/GB-SLK-CLR-8ML-SPR-MCPR__GBSleek8SpryCuMatt__pdp-main__v001.png,
GB-ELG-FRS-15ML-RBL-BLK-01,GBElgFrst15RollBlkDot,Elegant,Elegant 15 ml (0.51 oz) Frosted Glass Bottle with Roller Ball Black Cap,Frosted,15 ml (0.51 oz),madison_generated_evidence,https://likkskifwsrvszxdvufw.supabase.co/storage/v1/object/public/generated-images/4ab1ac72-cd7e-4faf-9152-5aa5f2862411/best-bottles/reference-images/GB-ELG-FRS-15ML-RBL-BLK-01__GBElgFrst15RollBlkDot__pdp-main__v001.png,
GB-RND-FRS-128ML-ASP-BLK,GBRndFrst128AnSpBlk,Round,"Round design 128 ml, 4.33oz frosted glass bottle with black vintage style bulb sprayer with shiny silver collar cap. For use with cologne, Eau de Parfum, air freshner, face and body spray, or room spray.  Antique or vintage bulb sprayers enhance the beaut",Frosted,128 ml (4.33 oz),madison_generated_evidence,https://likkskifwsrvszxdvufw.supabase.co/storage/v1/object/public/generated-images/4ab1ac72-cd7e-4faf-9152-5aa5f2862411/d4cd4ae9-a9a8-4ea6-ab6f-fd1e19078e5e/best-bottles/reference-imports/Round/GB-RND-FRS-128ML-ASP-BLK_1779532370077_bxkhw4.png,
GB-CYL-BLU-5ML-ROL-MCPR,GBCylBlu5RollCuMatt,Cylinder,"Cylinder design 5ml, 1/6oz Blue glass bottle with plastic roller ball plug and matte copper cap. For use with perfume or fragrance oil, essential oils, aromatic oils and aromatherapy. Refillable, Small sized bottle for decants, promotion, samples and trav",Cobalt Blue,5 ml (0.17 oz),madison_generated_evidence,https://likkskifwsrvszxdvufw.supabase.co/storage/v1/object/public/generated-images/4ab1ac72-cd7e-4faf-9152-5aa5f2862411/d4cd4ae9-a9a8-4ea6-ab6f-fd1e19078e5e/paper-doll/master_corrected_1779555933157_natzqg.png,
GB-SLK-CLR-8ML-SPR-MGLD,GBSleek8SpryGlMatt,Sleek,"Sleek design 8ml, 1/3oz Clear glass bottle with matte gold spray. Fine mist sprayer for use with perfumes and colognes. Refillable, Small sized bottle for decants, promotion, samples and travel accessory. Price each",Clear,8 ml (0.27 oz),madison_generated_evidence,https://likkskifwsrvszxdvufw.supabase.co/storage/v1/object/public/generated-images/4ab1ac72-cd7e-4faf-9152-5aa5f2862411/best-bottles/reference-images/GB-SLK-CLR-8ML-SPR-MGLD__GBSleek8SpryGlMatt__pdp-main__v001.png,
GB-CYL-BLU-5ML-ROL-MSLV,GBCylBlu5RollSlMatt,Cylinder,"Cylinder design 5ml, 1/6oz Blue glass bottle with plastic roller ball plug and matte silver cap. For use with perfume or fragrance oil, essential oils, aromatic oils and aromatherapy. Refillable, Small sized bottle for decants, promotion, samples and trav",Cobalt Blue,5 ml (0.17 oz),madison_generated_evidence,https://likkskifwsrvszxdvufw.supabase.co/storage/v1/object/public/generated-images/4ab1ac72-cd7e-4faf-9152-5aa5f2862411/d4cd4ae9-a9a8-4ea6-ab6f-fd1e19078e5e/paper-doll/master_corrected_1779555985466_xxt1xc.png,
GB-FLR-CLR-15ML-ROL-BKDT,GBFlair15RollBlkDot,Flair,"Flair design 15ml, 1/2oz Clear glass bottle with plastic roller ball plug and black shiny cap with dots. For use with perfume or fragrance oil, essential oils, aromatic oils and aromatherapy. Refillable, classic style bottle good for promotions and decant",Clear,15 ml (0.51 oz),madison_generated_evidence,https://likkskifwsrvszxdvufw.supabase.co/storage/v1/object/public/generated-images/4ab1ac72-cd7e-4faf-9152-5aa5f2862411/1778900130239-c043cddd-81bc-41d8-9725-4d889ad53bcd.png,
GB-RND-FRS-128ML-ASP-01,GBRndFrst128AnSpTslBlk,Round,"Round design 128 ml, 4.33oz frosted glass bottle with Black vintage style bulb sprayer with tasseland shiny silver collar cap. For use with cologne, Eau de Parfum, air freshner, face and body spray, or room spray.  Antique or vintage bulb sprayers enhance",Frosted,128 ml (4.33 oz),madison_generated_evidence,https://likkskifwsrvszxdvufw.supabase.co/storage/v1/object/public/generated-images/4ab1ac72-cd7e-4faf-9152-5aa5f2862411/d4cd4ae9-a9a8-4ea6-ab6f-fd1e19078e5e/best-bottles/reference-imports/Round/GB-RND-FRS-128ML-ASP-01_1779532385350_c5l8n5.png,
LB-SLM-CLR-30ML-LPM-SBLK,LBSlm30LtnShnBlk,Slim,"Slim design 30 ml, 1oz clear glass bottle with shiny black lotion pump. For use with serums, light creams, moisturizers, facial oils or face oils, beard oils, body lotions, body wash, and hair products. Slim design bottle is a family of bottles available",Clear,30 ml (1.01 oz),madison_generated_evidence,https://www.bestbottles.com/images/store/caps/18-415LtBlk.png,
ACC-FNL-GLD,FunnelMetalGl,Tool,Small Gold Metal Funnel.,Gold,0 ml (0 oz),madison_generated_evidence,https://likkskifwsrvszxdvufw.supabase.co/storage/v1/object/public/generated-images/4ab1ac72-cd7e-4faf-9152-5aa5f2862411/best-bottles/reference-images/ACC-FNL-GLD__FunnelMetalGl__pdp-main__v001.png,
ACC-FNL-SLV,FunnelMetalSl,Tool,Small Silver Metal Funnel.,Silver,0 ml (0 oz),madison_generated_evidence,https://likkskifwsrvszxdvufw.supabase.co/storage/v1/object/public/generated-images/4ab1ac72-cd7e-4faf-9152-5aa5f2862411/best-bottles/reference-images/ACC-FNL-SLV__FunnelMetalSl__pdp-main__v001.png,
ACC-FNL-02,Plastic,Tool,Small plastic funnel.,,0 ml (0 oz),madison_generated_evidence,https://likkskifwsrvszxdvufw.supabase.co/storage/v1/object/public/generated-images/4ab1ac72-cd7e-4faf-9152-5aa5f2862411/d4cd4ae9-a9a8-4ea6-ab6f-fd1e19078e5e/paper-doll/master_corrected_1779533295423_48yl9k.png,
GB-BSR-AMB-30ML-RON-GLD,GBBstnAmb1ozRollonGl,Boston Round,"Boston round design 30ml, 1oz Amber glass bottle with plastic roller ball plug and shiny gold cap. For use with perfume or fragrance oil, essential oils, aromatic oils and aromatherapy. Refillable bottle with large, 12mm diameter roller ball. Price each",Amber,30 ml (1.01 oz),madison_generated_evidence,https://likkskifwsrvszxdvufw.supabase.co/storage/v1/object/public/generated-images/4ab1ac72-cd7e-4faf-9152-5aa5f2862411/d4cd4ae9-a9a8-4ea6-ab6f-fd1e19078e5e/paper-doll/master_corrected_1779651661716_leqzzu.png,
GB-CIR-FRS-100ML-ASP-IVSL,GBCrclFrst100AnSpIvySl,Circle,"Circle design 100 ml, 3 1/2oz frosted glass bottle with ivory vintage style bulb sprayer with shiny silver collar cap. For use with cologne, Eau de Parfum, air freshner, face and body spray, or room spray.  Antique or vintage bulb sprayers enhance the bea",Frosted,100 ml (3.38 oz),madison_generated_evidence,https://likkskifwsrvszxdvufw.supabase.co/storage/v1/object/public/generated-images/4ab1ac72-cd7e-4faf-9152-5aa5f2862411/d4cd4ae9-a9a8-4ea6-ab6f-fd1e19078e5e/paper-doll/master_corrected_1779593322116_v8vh2l.png,
GB-BSR-BLU-30ML-RON-GLD,GBBstnBlu1ozRollonGl,Boston Round,"Boston round design 30ml, 1oz Cobalt blue glass bottle with plastic roller ball plug and shiny gold cap. For use with perfume or fragrance oil, essential oils, aromatic oils and aromatherapy. Refillable bottle with large, 12mm diameter roller ball. Price",Cobalt Blue,30 ml (1.01 oz),madison_generated_evidence,https://likkskifwsrvszxdvufw.supabase.co/storage/v1/object/public/generated-images/4ab1ac72-cd7e-4faf-9152-5aa5f2862411/d4cd4ae9-a9a8-4ea6-ab6f-fd1e19078e5e/paper-doll/master_corrected_1779652253641_xmc8ly.png,
GB-SLK-CLR-5ML-ROL-MCPR,GBSleek5RollCuMatt,Sleek,"Sleek design 5ml, 1/6oz Clear glass bottle with plastic roller ball plug and matte copper cap. For use with perfume or fragrance oil, essential oils, aromatic oils and aromatherapy. Refillable, Small sized bottle for decants, promotion, samples and travel",Clear,5 ml (0.17 oz),madison_generated_evidence,https://likkskifwsrvszxdvufw.supabase.co/storage/v1/object/public/generated-images/4ab1ac72-cd7e-4faf-9152-5aa5f2862411/best-bottles/reference-images/GB-SLK-CLR-5ML-ROL-MCPR__GBSleek5RollCuMatt__pdp-main__v001.png,
GB-CIR-FRS-100ML-AST-IVGD,GBCrclFrst100AnSpTslIvyGl,Circle,"Circle design 100 ml, 3 1/2oz frosted glass bottle with Ivory vintage style bulb sprayer with tassel and shiny gold collar cap. For use with cologne, Eau de Parfum, air freshner, face and body spray, or room spray.  Antique or vintage bulb sprayers enhanc",Frosted,100 ml (3.38 oz),madison_generated_evidence,https://likkskifwsrvszxdvufw.supabase.co/storage/v1/object/public/generated-images/4ab1ac72-cd7e-4faf-9152-5aa5f2862411/d4cd4ae9-a9a8-4ea6-ab6f-fd1e19078e5e/best-bottles/reference-imports/Circle/GB-CIR-FRS-100ML-AST-IVGD_1779525181526_h4usa8.png,
GB-SLK-CLR-5ML-ROL-MGLD,GBSleek5RollGlMatt,Sleek,"Sleek design 5ml, 1/6oz Clear glass bottle with plastic roller ball plug and matte gold cap. For use with perfume or fragrance oil, essential oils, aromatic oils and aromatherapy. Refillable, Small sized bottle for decants, promotion, samples and travel a",Clear,5 ml (0.17 oz),madison_generated_evidence,https://likkskifwsrvszxdvufw.supabase.co/storage/v1/object/public/generated-images/4ab1ac72-cd7e-4faf-9152-5aa5f2862411/best-bottles/reference-images/GB-SLK-CLR-5ML-ROL-MGLD__GBSleek5RollGlMatt__pdp-main__v001.png,
LB-DVA-CLR-46ML-LPM-MGLD,LBDiva46LtnMtGl,Diva,"Diva design 46 ml, 1.64oz clear glass bottle with matte gold lotion pump. For use with serums, light creams, moisturizers, facial oils or face oils, beard oils, body lotions, body wash, and hair products. Our Classic Diva bottle family is available in 30m",Clear,46 ml (1.56 oz),madison_generated_evidence,https://likkskifwsrvszxdvufw.supabase.co/storage/v1/object/public/generated-images/4ab1ac72-cd7e-4faf-9152-5aa5f2862411/d4cd4ae9-a9a8-4ea6-ab6f-fd1e19078e5e/best-bottles/reference-imports/Diva/LB-DVA-CLR-46ML-LPM-MGLD_1779507052058_ynli57.png,
GB-SLK-CLR-5ML-ROL-MSLV,GBSleek5RollSlMatt,Sleek,"Sleek design 5ml, 1/6oz Clear glass bottle with plastic roller ball plug and matte silver cap. For use with perfume or fragrance oil, essential oils, aromatic oils and aromatherapy. Refillable, Small sized bottle for decants, promotion, samples and travel",Clear,5 ml (0.17 oz),madison_generated_evidence,https://likkskifwsrvszxdvufw.supabase.co/storage/v1/object/public/generated-images/4ab1ac72-cd7e-4faf-9152-5aa5f2862411/best-bottles/reference-images/GB-SLK-CLR-5ML-ROL-MSLV__GBSleek5RollSlMatt__pdp-main__v001.png,
GB-CIR-FRS-100ML-AST-GLD,GBCrclFrst100AnSpTslGl,Circle,"Circle design 100 ml, 3 1/2oz frosted glass bottle with Gold vintage style bulb sprayer with tasseland shiny gold collar cap. For use with cologne, Eau de Parfum, air freshner, face and body spray, or room spray.  Antique or vintage bulb sprayers enhance",Frosted,100 ml (3.38 oz),madison_generated_evidence,https://likkskifwsrvszxdvufw.supabase.co/storage/v1/object/public/generated-images/4ab1ac72-cd7e-4faf-9152-5aa5f2862411/d4cd4ae9-a9a8-4ea6-ab6f-fd1e19078e5e/best-bottles/reference-imports/Circle/GB-CIR-FRS-100ML-AST-GLD_1779525169659_z15eb2.png,
GB-BSR-AMB-60ML-RON-GLD,GBBstnAmb2ozRollonGl,Boston Round,"Boston round design 60ml, 2oz Amber glass bottle with plastic roller ball plug and shiny gold cap. For use with perfume, fragrance oil, essential oils, body oils, thin lotions and ointments. Refillable bottle with large, 12mm diameter roller ball. Price e",Amber,60 ml (2.03 oz),madison_generated_evidence,https://likkskifwsrvszxdvufw.supabase.co/storage/v1/object/public/generated-images/4ab1ac72-cd7e-4faf-9152-5aa5f2862411/d4cd4ae9-a9a8-4ea6-ab6f-fd1e19078e5e/paper-doll/master_corrected_1779653519148_h6af8e.png,
LB-DVA-CLR-46ML-LPM-SGLD,LBDiva46LtnShnGl,Diva,"Diva design 46 ml, 1.64oz clear glass bottle with shiny gold lotion pump. For use with serums, light creams, moisturizers, facial oils or face oils, beard oils, body lotions, body wash, and hair products. Our Classic Diva bottle family is available in 30m",Clear,46 ml (1.56 oz),madison_generated_evidence,https://likkskifwsrvszxdvufw.supabase.co/storage/v1/object/public/generated-images/4ab1ac72-cd7e-4faf-9152-5aa5f2862411/d4cd4ae9-a9a8-4ea6-ab6f-fd1e19078e5e/best-bottles/reference-imports/Diva/LB-DVA-CLR-46ML-LPM-SGLD_1779507054103_s08bzf.png,
ACC-ORG-BLK-4X6,OBagBlack4x6,Gift Bag,Black Organza / sheer gusseted gift bag. Size : 4 inches x 6 inches,Black,0 ml (0 oz),madison_generated_evidence,https://likkskifwsrvszxdvufw.supabase.co/storage/v1/object/public/generated-images/4ab1ac72-cd7e-4faf-9152-5aa5f2862411/best-bottles/reference-images/ACC-ORG-BLK-4X6__OBagBlack4x6__pdp-main__v001.png,
GB-DVA-CLR-46ML-RDC-IVLT,GBDiva46RdcrIvyLthr,Diva,"Diva design 46 ml, 1.64oz  clear glass bottle  with reducer and ivory faux leather cap. For use with cologne, aftershave, splash on, and perfume or fragrance oil, beard oils. Our Classic Diva bottle family is available in 30ml, 46ml and 100ml. Price each",Clear,46 ml (1.56 oz),madison_generated_evidence,https://likkskifwsrvszxdvufw.supabase.co/storage/v1/object/public/generated-images/4ab1ac72-cd7e-4faf-9152-5aa5f2862411/d4cd4ae9-a9a8-4ea6-ab6f-fd1e19078e5e/paper-doll/master_corrected_1779508313949_tg78du.png,
LB-DVA-CLR-46ML-LPM-SBLK,LBDiva46LtnShnBlk,Diva,"Diva design 46 ml, 1.64oz clear glass bottle with shiny black lotion pump. For use with serums, light creams, moisturizers, facial oils or face oils, beard oils, body lotions, body wash, and hair products. Our Classic Diva bottle family is available in 30",Clear,46 ml (1.56 oz),madison_generated_evidence,https://likkskifwsrvszxdvufw.supabase.co/storage/v1/object/public/generated-images/4ab1ac72-cd7e-4faf-9152-5aa5f2862411/d4cd4ae9-a9a8-4ea6-ab6f-fd1e19078e5e/best-bottles/reference-imports/Diva/LB-DVA-CLR-46ML-LPM-SBLK_1779507063650_ugvntf.png,
GB-BSR-BLU-60ML-RON-GLD,GBBstnBlu2ozRollonGl,Boston Round,"Boston round design 60ml, 2oz Cobalt blue glass bottle with plastic roller ball plug and shiny gold cap. For use with perfume or fragrance oil, essential oils, aromatic oils and aromatherapy. .   oils. Refillable bottle with large, 12mm diameter roller ba",Cobalt Blue,60 ml (2.03 oz),madison_generated_evidence,https://likkskifwsrvszxdvufw.supabase.co/storage/v1/object/public/generated-images/4ab1ac72-cd7e-4faf-9152-5aa5f2862411/d4cd4ae9-a9a8-4ea6-ab6f-fd1e19078e5e/paper-doll/master_corrected_1779654177820_ht5kvh.png,
ACC-ORG-BLK-5X8,OBagBlack5x8,Gift Bag,Black Organza / sheer gusseted gift bag. Size : 5 inches x 8 inches,Black,0 ml (0 oz),madison_generated_evidence,https://likkskifwsrvszxdvufw.supabase.co/storage/v1/object/public/generated-images/4ab1ac72-cd7e-4faf-9152-5aa5f2862411/best-bottles/reference-images/ACC-ORG-BLK-5X8__OBagBlack5x8__pdp-main__v001.png,
GB-DVA-FRS-46ML-T-39,GBDivaFrst46RdcrShnGl,Diva,Diva 46 ml (1.56 oz) Frosted Glass Bottle Tall Cap,Frosted,46 ml (1.56 oz),madison_generated_evidence,https://likkskifwsrvszxdvufw.supabase.co/storage/v1/object/public/generated-images/4ab1ac72-cd7e-4faf-9152-5aa5f2862411/d4cd4ae9-a9a8-4ea6-ab6f-fd1e19078e5e/best-bottles/reference-imports/Diva/GB-DVA-FRS-46ML-T-39_1779507127743_e0wjw1.png,
GB-CYL-AMB-5ML-ROL-MCPR,GBTulipAmb5RollCuMatt,Tulip,"Tulip design 5ml, 1/6 oz Amber glass bottle with plastic roller ball plug and matte copper cap. For use with perfume or fragrance oil, essential oils, aromatic oils and aromatherapy. Refillable, Small sized bottle for decants, promotion, samples and trave",Amber,5 ml (0.17 oz),madison_generated_evidence,https://likkskifwsrvszxdvufw.supabase.co/storage/v1/object/public/generated-images/4ab1ac72-cd7e-4faf-9152-5aa5f2862411/best-bottles/reference-images/GB-CYL-AMB-5ML-ROL-MCPR__GBTulipAmb5RollCuMatt__pdp-main__v001.png,
LB-DVA-CLR-46ML-LPM-MSLV,LBDiva46LtnMtSl,Diva,"Diva design 46 ml, 1.64oz clear glass bottle with matte silver lotion pump. For use with serums, light creams, moisturizers, facial oils or face oils, beard oils, body lotions, body wash, and hair products. Our Classic Diva bottle family is available in 3",Clear,46 ml (1.56 oz),madison_generated_evidence,https://likkskifwsrvszxdvufw.supabase.co/storage/v1/object/public/generated-images/4ab1ac72-cd7e-4faf-9152-5aa5f2862411/d4cd4ae9-a9a8-4ea6-ab6f-fd1e19078e5e/best-bottles/reference-imports/Diva/LB-DVA-CLR-46ML-LPM-MSLV_1779507061444_l2kb7r.png,
ACC-ORG-CHGN-5X8,OBagChGreen5x8,Gift Bag,Christmas green Organza / sheer gusseted gift bag. Size : 8 inches x 5.5 inches,Green,0 ml (0 oz),madison_generated_evidence,https://likkskifwsrvszxdvufw.supabase.co/storage/v1/object/public/generated-images/4ab1ac72-cd7e-4faf-9152-5aa5f2862411/best-bottles/reference-images/ACC-ORG-CHGN-5X8__OBagChGreen5x8__pdp-main__v001.png,
GB-DVA-FRS-46ML-T-38,GBDivaFrst46RdcrShnBlkTall,Diva,Diva 46 ml (1.56 oz) Frosted Glass Bottle Tall Cap,Frosted,46 ml (1.56 oz),madison_generated_evidence,https://likkskifwsrvszxdvufw.supabase.co/storage/v1/object/public/generated-images/4ab1ac72-cd7e-4faf-9152-5aa5f2862411/d4cd4ae9-a9a8-4ea6-ab6f-fd1e19078e5e/best-bottles/reference-imports/Diva/GB-DVA-FRS-46ML-T-38_1779507128600_mj87zo.png,
GB-CYL-AMB-5ML-ROL-MGLD,GBTulipAmb5RollGlMatt,Tulip,"Tulip design 5ml, 1/6 oz Amber glass bottle with plastic roller ball plug and matte gold cap. For use with perfume or fragrance oil, essential oils, aromatic oils and aromatherapy. Refillable, Small sized bottle for decants, promotion, samples and travel",Amber,5 ml (0.17 oz),madison_generated_evidence,https://likkskifwsrvszxdvufw.supabase.co/storage/v1/object/public/generated-images/4ab1ac72-cd7e-4faf-9152-5aa5f2862411/best-bottles/reference-images/GB-CYL-AMB-5ML-ROL-MGLD__GBTulipAmb5RollGlMatt__pdp-main__v001.png,
LB-DVA-CLR-46ML-LPM-SSLV,LBDiva46LtnShnSl,Diva,"Diva design 46 ml, 1.64oz clear glass bottle with shiny silver lotion pump. For use with serums, light creams, moisturizers, facial oils or face oils, beard oils, body lotions, body wash, and hair products. Our Classic Diva bottle family is available in 3",Clear,46 ml (1.56 oz),madison_generated_evidence,https://likkskifwsrvszxdvufw.supabase.co/storage/v1/object/public/generated-images/4ab1ac72-cd7e-4faf-9152-5aa5f2862411/d4cd4ae9-a9a8-4ea6-ab6f-fd1e19078e5e/best-bottles/reference-imports/Diva/LB-DVA-CLR-46ML-LPM-SSLV_1779507064687_uttp6n.png,
ACC-ORG-GLD-4X6,OBagGold4x6,Gift Bag,Golden Organza / sheer gusseted gift bag. Size : 4 inches x 6 inches,Gold,0 ml (0 oz),madison_generated_evidence,https://likkskifwsrvszxdvufw.supabase.co/storage/v1/object/public/generated-images/4ab1ac72-cd7e-4faf-9152-5aa5f2862411/best-bottles/reference-images/ACC-ORG-GLD-4X6__OBagGold4x6__pdp-main__v001.png,
GB-DVA-FRS-46ML-T-37,GBDivaFrst46RdcrShnBlk,Diva,Diva 46 ml (1.56 oz) Frosted Glass Bottle Tall Cap,Frosted,46 ml (1.56 oz),madison_generated_evidence,https://likkskifwsrvszxdvufw.supabase.co/storage/v1/object/public/generated-images/4ab1ac72-cd7e-4faf-9152-5aa5f2862411/d4cd4ae9-a9a8-4ea6-ab6f-fd1e19078e5e/best-bottles/reference-imports/Diva/GB-DVA-FRS-46ML-T-37_1779507117007_hkfqev.png,
LB-DVA-CLR-46ML-LPM-CPR,LBDiva46LtnCu,Diva,"Diva design 46 ml, 1.64oz clear glass bottle with matte copper lotion pump. For use with serums, light creams, moisturizers, facial oils or face oils, beard oils, body lotions, body wash, and hair products. Our Classic Diva bottle family is available in 3",Clear,46 ml (1.56 oz),madison_generated_evidence,https://likkskifwsrvszxdvufw.supabase.co/storage/v1/object/public/generated-images/4ab1ac72-cd7e-4faf-9152-5aa5f2862411/d4cd4ae9-a9a8-4ea6-ab6f-fd1e19078e5e/best-bottles/reference-imports/Diva/LB-DVA-CLR-46ML-LPM-CPR_1779507053104_3viopu.png,
GB-CYL-BLU-5ML-MRL-BKDT,GBCylBlu5MtlRollBlkDot,Cylinder,"Cylinder design 5ml, 1/6oz Blue glass bottle with metal roller ball plug and black shiny cap with dots. For use with perfume or fragrance oil, essential oils, aromatic oils and aromatherapy. Refillable, Small sized bottle for decants, promotion, samples a",Cobalt Blue,5 ml (0.17 oz),madison_generated_evidence,https://likkskifwsrvszxdvufw.supabase.co/storage/v1/object/public/generated-images/4ab1ac72-cd7e-4faf-9152-5aa5f2862411/d4cd4ae9-a9a8-4ea6-ab6f-fd1e19078e5e/paper-doll/master_corrected_1779556043294_9bgqje.png,
ACC-ORG-GLD-5X8,OBagGold5x8,Gift Bag,Golden Organza / sheer gusseted gift bag. Size : 5 inches x 8 inches,Gold,0 ml (0 oz),madison_generated_evidence,https://likkskifwsrvszxdvufw.supabase.co/storage/v1/object/public/generated-images/4ab1ac72-cd7e-4faf-9152-5aa5f2862411/best-bottles/reference-images/ACC-ORG-GLD-5X8__OBagGold5x8__pdp-main__v001.png,
GB-DVA-FRS-46ML-T-31,GBDivaFrst46RdcrBrwnLthr,Diva,Diva 46 ml (1.56 oz) Frosted Glass Bottle Tall Cap,Frosted,46 ml (1.56 oz),madison_generated_evidence,https://likkskifwsrvszxdvufw.supabase.co/storage/v1/object/public/generated-images/4ab1ac72-cd7e-4faf-9152-5aa5f2862411/d4cd4ae9-a9a8-4ea6-ab6f-fd1e19078e5e/best-bottles/reference-imports/Diva/GB-DVA-FRS-46ML-T-31_1779507124267_h1frxa.png,
GB-CIR-FRS-100ML-AST-MSLV,GBCrclFrst100AnSpTslMtSl,Circle,"Circle design 100 ml, 3 1/2oz frosted glass bottle with Silver vintage style bulb sprayer with tasseland matte silver collar cap. For use with cologne, Eau de Parfum, air freshner, face and body spray, or room spray.  Antique or vintage bulb sprayers enha",Frosted,100 ml (3.38 oz),madison_generated_evidence,https://likkskifwsrvszxdvufw.supabase.co/storage/v1/object/public/generated-images/4ab1ac72-cd7e-4faf-9152-5aa5f2862411/d4cd4ae9-a9a8-4ea6-ab6f-fd1e19078e5e/best-bottles/reference-imports/Circle/GB-CIR-FRS-100ML-AST-MSLV_1779525176176_ftzlsy.png,
LB-DVA-FRS-46ML-02,LBDivaFrst46LtnMtGl,Diva,Diva 46 ml (1.56 oz) Clear Lotion Bottle,Frosted,46 ml (1.56 oz),madison_generated_evidence,https://likkskifwsrvszxdvufw.supabase.co/storage/v1/object/public/generated-images/4ab1ac72-cd7e-4faf-9152-5aa5f2862411/d4cd4ae9-a9a8-4ea6-ab6f-fd1e19078e5e/best-bottles/reference-imports/Diva/LB-DVA-FRS-46ML-02_1779507060504_p5uqne.png,
GB-SLK-CLR-5ML-MRL-BKDT,GBSleek5MtlRollBlkDot,Sleek,"Sleek design 5ml, 1/6oz Clear glass bottle with metal roller ball plug and black shiny cap with dots. For use with perfume or fragrance oil, essential oils, aromatic oils and aromatherapy. Refillable, Small sized bottle for decants, promotion, samples and",Clear,5 ml (0.17 oz),madison_generated_evidence,https://likkskifwsrvszxdvufw.supabase.co/storage/v1/object/public/generated-images/4ab1ac72-cd7e-4faf-9152-5aa5f2862411/best-bottles/reference-images/GB-SLK-CLR-5ML-MRL-BKDT__GBSleek5MtlRollBlkDot__pdp-main__v001.png,
GB-DVA-FRS-46ML-T-33,GBDivaFrst46RdcrLBrwnLthr,Diva,Diva 46 ml (1.56 oz) Frosted Glass Bottle Tall Cap,Frosted,46 ml (1.56 oz),madison_generated_evidence,https://likkskifwsrvszxdvufw.supabase.co/storage/v1/object/public/generated-images/4ab1ac72-cd7e-4faf-9152-5aa5f2862411/d4cd4ae9-a9a8-4ea6-ab6f-fd1e19078e5e/best-bottles/reference-imports/Diva/GB-DVA-FRS-46ML-T-33_1779507125531_kcijjg.png,
GB-CYL-AMB-5ML-ROL-MSLV,GBTulipAmb5RollSlMatt,Tulip,"Tulip design 5ml, 1/6 oz Amber glass bottle with plastic roller ball plug and matte silver cap. For use with perfume or fragrance oil, essential oils, aromatic oils and aromatherapy. Refillable, Small sized bottle for decants, promotion, samples and trave",Amber,5 ml (0.17 oz),madison_generated_evidence,https://likkskifwsrvszxdvufw.supabase.co/storage/v1/object/public/generated-images/4ab1ac72-cd7e-4faf-9152-5aa5f2862411/best-bottles/reference-images/GB-CYL-AMB-5ML-ROL-MSLV__GBTulipAmb5RollSlMatt__pdp-main__v001.png,
LB-DVA-FRS-46ML-03,LBDivaFrst46LtnMtSl,Diva,Diva 46 ml (1.56 oz) Clear Lotion Bottle,Frosted,46 ml (1.56 oz),madison_generated_evidence,https://likkskifwsrvszxdvufw.supabase.co/storage/v1/object/public/generated-images/4ab1ac72-cd7e-4faf-9152-5aa5f2862411/d4cd4ae9-a9a8-4ea6-ab6f-fd1e19078e5e/best-bottles/reference-imports/Diva/LB-DVA-FRS-46ML-03_1779507059541_481zip.png,
GB-CYL-AMB-5ML-MRL-BKDT,GBTulipAmb5MtlRollBlkDot,Tulip,"Tulip design 5ml, 1/6 oz Amber glass bottle with metal roller ball plug and black shiny cap with dots. For use with perfume or fragrance oil, essential oils, aromatic oils and aromatherapy. Refillable, Small sized bottle for decants, promotion, samples an",Amber,5 ml (0.17 oz),madison_generated_evidence,https://likkskifwsrvszxdvufw.supabase.co/storage/v1/object/public/generated-images/4ab1ac72-cd7e-4faf-9152-5aa5f2862411/best-bottles/reference-images/GB-CYL-AMB-5ML-MRL-BKDT__GBTulipAmb5MtlRollBlkDot__pdp-main__v001.png,
ACC-ORG-IVY-4X6,OBagIvory4x6,Gift Bag,Ivory Organza / sheer gusseted gift bag. Size : 4 inches x 6 inches,Ivory,0 ml (0 oz),madison_generated_evidence,https://likkskifwsrvszxdvufw.supabase.co/storage/v1/object/public/generated-images/4ab1ac72-cd7e-4faf-9152-5aa5f2862411/best-bottles/reference-images/ACC-ORG-IVY-4X6__OBagIvory4x6__pdp-main__v001.png,
GB-DVA-FRS-46ML-T-40,GBDivaFrst46RdcrShnSl,Diva,Diva 46 ml (1.56 oz) Frosted Glass Bottle Tall Cap,Frosted,46 ml (1.56 oz),madison_generated_evidence,https://likkskifwsrvszxdvufw.supabase.co/storage/v1/object/public/generated-images/4ab1ac72-cd7e-4faf-9152-5aa5f2862411/d4cd4ae9-a9a8-4ea6-ab6f-fd1e19078e5e/best-bottles/reference-imports/Diva/GB-DVA-FRS-46ML-T-40_1779507112819_xgb5nk.png,
GB-CYL-BLU-9ML-SPR-TRQ,GBCylBlu9SpryTur,Cylinder,"Cylinder design 9ml,1/3 oz Cobalt blue glass bottle with fine mist sprayer with turquoise trim and plastic overcap. For use with perfume or fragrance oil, essential oils, aromatic oils and aromatherapy. Refillable, Small sized bottle for promotion samples",Cobalt Blue,9 ml (0.3 oz),madison_generated_evidence,https://likkskifwsrvszxdvufw.supabase.co/storage/v1/object/public/generated-images/4ab1ac72-cd7e-4faf-9152-5aa5f2862411/d4cd4ae9-a9a8-4ea6-ab6f-fd1e19078e5e/best-bottles/reference-imports/Cylinder/GB-CYL-BLU-9ML-SPR-TRQ_1779613007292_b8ya5u.png,
LB-DVA-FRS-46ML-01,LBDivaFrst46LtnCu,Diva,Diva 46 ml (1.56 oz) Clear Lotion Bottle,Frosted,46 ml (1.56 oz),madison_generated_evidence,https://likkskifwsrvszxdvufw.supabase.co/storage/v1/object/public/generated-images/4ab1ac72-cd7e-4faf-9152-5aa5f2862411/d4cd4ae9-a9a8-4ea6-ab6f-fd1e19078e5e/best-bottles/reference-imports/Diva/LB-DVA-FRS-46ML-01_1779507058403_8aybs0.png,
GB-CYL-CLR-6ML-MRL-BKDT,GBTulip6MtlRollBlkDot,Tulip,"Tulip design 6ml, 1/5oz Clear glass bottle with metal roller ball plug and black shiny cap with dots. For use with perfume or fragrance oil, essential oils, aromatic oils and aromatherapy. Refillable, Small sized bottle for decants, promotion, samples and",Clear,6 ml (0.2 oz),madison_generated_evidence,https://likkskifwsrvszxdvufw.supabase.co/storage/v1/object/public/generated-images/4ab1ac72-cd7e-4faf-9152-5aa5f2862411/best-bottles/reference-images/GB-CYL-CLR-6ML-MRL-BKDT__GBTulip6MtlRollBlkDot__pdp-main__v001.png,
ACC-ORG-LVN-5X8,OBagLavender5x8,Gift Bag,Lavender Organza / sheer gusseted gift bag. Size : 5 inches x 8 inches,Lavender,0 ml (0 oz),madison_generated_evidence,https://likkskifwsrvszxdvufw.supabase.co/storage/v1/object/public/generated-images/4ab1ac72-cd7e-4faf-9152-5aa5f2862411/best-bottles/reference-images/ACC-ORG-LVN-5X8__OBagLavender5x8__pdp-main__v001.png,
GB-DVA-FRS-46ML-T-35,GBDivaFrst46RdcrMtSlTall,Diva,Diva 46 ml (1.56 oz) Frosted Glass Bottle Tall Cap,Frosted,46 ml (1.56 oz),madison_generated_evidence,https://likkskifwsrvszxdvufw.supabase.co/storage/v1/object/public/generated-images/4ab1ac72-cd7e-4faf-9152-5aa5f2862411/d4cd4ae9-a9a8-4ea6-ab6f-fd1e19078e5e/best-bottles/reference-imports/Diva/GB-DVA-FRS-46ML-T-35_1779507119151_w5hzw5.png,
GB-CYL-BLU-9ML-SPR-MSLV,GBCylBlu9SpryMattSl,Cylinder,"Cylinder design 9ml,1/3 oz Cobalt blue glass bottle with fine mist sprayer with matte silver trim and plastic overcap. For use with perfume or fragrance oil, essential oils, aromatic oils and aromatherapy. Refillable, Small sized bottle for promotion samp",Cobalt Blue,9 ml (0.3 oz),madison_generated_evidence,https://likkskifwsrvszxdvufw.supabase.co/storage/v1/object/public/generated-images/4ab1ac72-cd7e-4faf-9152-5aa5f2862411/d4cd4ae9-a9a8-4ea6-ab6f-fd1e19078e5e/best-bottles/reference-imports/Cylinder/GB-CYL-BLU-9ML-SPR-MSLV_1779613009536_hql8sg.png,
LB-DVA-FRS-46ML-05,LBDivaFrst46LtnShnGl,Diva,Diva 46 ml (1.56 oz) Clear Lotion Bottle,Frosted,46 ml (1.56 oz),madison_generated_evidence,https://likkskifwsrvszxdvufw.supabase.co/storage/v1/object/public/generated-images/4ab1ac72-cd7e-4faf-9152-5aa5f2862411/d4cd4ae9-a9a8-4ea6-ab6f-fd1e19078e5e/best-bottles/reference-imports/Diva/LB-DVA-FRS-46ML-05_1779507055954_7s7nfs.png,
GB-DVA-FRS-46ML-T-34,GBDivaFrst46RdcrMtSl,Diva,Diva 46 ml (1.56 oz) Frosted Glass Bottle Tall Cap,Frosted,46 ml (1.56 oz),madison_generated_evidence,https://likkskifwsrvszxdvufw.supabase.co/storage/v1/object/public/generated-images/4ab1ac72-cd7e-4faf-9152-5aa5f2862411/d4cd4ae9-a9a8-4ea6-ab6f-fd1e19078e5e/best-bottles/reference-imports/Diva/GB-DVA-FRS-46ML-T-34_1779507120328_oc0tfz.png,
GB-CYL-CLR-6ML-ROL-SBLK,GBTulip6RollBlkSh,Tulip,"Tulip design 6ml, 1/5oz Clear glass bottle with plastic roller ball plug and black shiny cap. For use with perfume or fragrance oil, essential oils, aromatic oils and aromatherapy. Refillable, Small sized bottle for decants, promotion, samples and travel",Clear,6 ml (0.2 oz),madison_generated_evidence,https://likkskifwsrvszxdvufw.supabase.co/storage/v1/object/public/generated-images/4ab1ac72-cd7e-4faf-9152-5aa5f2862411/best-bottles/reference-images/GB-CYL-CLR-6ML-ROL-SBLK__GBTulip6RollBlkSh__pdp-main__v001.png,
GB-SLK-CLR-8ML-MRL-BKDT,GBSleek8MtlRollBlkDot,Sleek,"Sleek design 8ml, 1/3oz Clear glass bottle with metal roller ball plug and black shiny cap with dots. For use with perfume or fragrance oil, essential oils, aromatic oils and aromatherapy. Refillable, Small sized bottle for decants, promotion, samples and",Clear,8 ml (0.27 oz),madison_generated_evidence,https://likkskifwsrvszxdvufw.supabase.co/storage/v1/object/public/generated-images/4ab1ac72-cd7e-4faf-9152-5aa5f2862411/best-bottles/reference-images/GB-SLK-CLR-8ML-MRL-BKDT__GBSleek8MtlRollBlkDot__pdp-main__v001.png,
ACC-ORG-LTPR-5X8,OBagLightPurple5x8,Gift Bag,Purple Organza / sheer gusseted gift bag. Size : 5 inches x 8 inches,Purple,0 ml (0 oz),madison_generated_evidence,https://likkskifwsrvszxdvufw.supabase.co/storage/v1/object/public/generated-images/4ab1ac72-cd7e-4faf-9152-5aa5f2862411/best-bottles/reference-images/ACC-ORG-LTPR-5X8__OBagLightPurple5x8__pdp-main__v001.png,
GB-CYL-BLU-9ML-MRL-MSLV,GBCylBlu9MtlRollMattSl,Cylinder,"Cylinder design 9ml,1/3 oz Cobalt blue glass bottle with metal roller ball plug and matte silver cap. For use with perfume or fragrance oil, essential oils, aromatic oils and aromatherapy. Refillable, Small sized bottle for promotion samples and travel. P",Cobalt Blue,9 ml (0.3 oz),madison_generated_evidence,https://likkskifwsrvszxdvufw.supabase.co/storage/v1/object/public/generated-images/4ab1ac72-cd7e-4faf-9152-5aa5f2862411/d4cd4ae9-a9a8-4ea6-ab6f-fd1e19078e5e/best-bottles/reference-imports/Cylinder/GB-CYL-BLU-9ML-MRL-MSLV_1779613095903_7k95re.png,
GB-CYL-BLU-9ML-SPR-GLD,GBCylBlu9SpryGl,Cylinder,"Cylinder design 9ml,1/3 oz Cobalt blue glass bottle with fine mist sprayer with gold trim and plastic overcap. For use with perfume or fragrance oil, essential oils, aromatic oils and aromatherapy. Refillable, Small sized bottle for promotion samples and",Cobalt Blue,9 ml (0.3 oz),madison_generated_evidence,https://likkskifwsrvszxdvufw.supabase.co/storage/v1/object/public/generated-images/4ab1ac72-cd7e-4faf-9152-5aa5f2862411/d4cd4ae9-a9a8-4ea6-ab6f-fd1e19078e5e/best-bottles/reference-imports/Cylinder/GB-CYL-BLU-9ML-SPR-GLD_1779613027790_rh5vft.png,
LB-DVA-FRS-46ML-04,LBDivaFrst46LtnShnBlk,Diva,Diva 46 ml (1.56 oz) Clear Lotion Bottle,Frosted,46 ml (1.56 oz),madison_generated_evidence,https://likkskifwsrvszxdvufw.supabase.co/storage/v1/object/public/generated-images/4ab1ac72-cd7e-4faf-9152-5aa5f2862411/d4cd4ae9-a9a8-4ea6-ab6f-fd1e19078e5e/best-bottles/reference-imports/Diva/LB-DVA-FRS-46ML-04_1779507057491_e6geyg.png,
GB-DVA-FRS-46ML-T-41,GBDivaFrst46RdcrWht,Diva,Diva 46 ml (1.56 oz) Frosted Glass Bottle Tall Cap,Frosted,46 ml (1.56 oz),madison_generated_evidence,https://likkskifwsrvszxdvufw.supabase.co/storage/v1/object/public/generated-images/4ab1ac72-cd7e-4faf-9152-5aa5f2862411/d4cd4ae9-a9a8-4ea6-ab6f-fd1e19078e5e/best-bottles/reference-imports/Diva/GB-DVA-FRS-46ML-T-41_1779507111993_psdk9x.png,
GB-CYL-CLR-6ML-ROL-MCPR,GBTulip6RollCuMatt,Tulip,"Tulip design 6ml, 1/5oz Clear glass bottle with plastic roller ball plug and matte copper cap. For use with perfume or fragrance oil, essential oils, aromatic oils and aromatherapy. Refillable, Small sized bottle for decants, promotion, samples and travel",Clear,6 ml (0.2 oz),madison_generated_evidence,https://likkskifwsrvszxdvufw.supabase.co/storage/v1/object/public/generated-images/4ab1ac72-cd7e-4faf-9152-5aa5f2862411/best-bottles/reference-images/GB-CYL-CLR-6ML-ROL-MCPR__GBTulip6RollCuMatt__pdp-main__v001.png,
GB-CYL-CLR-9ML-T-02,GBCyl9MtlRollBlkDot,Cylinder,"Cylinder design 9ml,1/3 oz clear glass bottle with metal roller ball plug and black dot cap. For use with perfume or fragrance oil, essential oils, aromatic oils and aromatherapy. Price each",Clear,9 ml (0.3 oz),madison_generated_evidence,https://likkskifwsrvszxdvufw.supabase.co/storage/v1/object/public/generated-images/4ab1ac72-cd7e-4faf-9152-5aa5f2862411/d4cd4ae9-a9a8-4ea6-ab6f-fd1e19078e5e/paper-doll/master_corrected_1780302919172_snvz15.png,
ACC-ORG-PNK-4X6,OBagPink4x6,Gift Bag,Pink Organza / sheer gusseted gift bag. Size : 4 inches x 6 inches,Pink,0 ml (0 oz),madison_generated_evidence,https://likkskifwsrvszxdvufw.supabase.co/storage/v1/object/public/generated-images/4ab1ac72-cd7e-4faf-9152-5aa5f2862411/best-bottles/reference-images/ACC-ORG-PNK-4X6__OBagPink4x6__pdp-main__v001.png,
GB-CYL-BLU-9ML-MRL-SLDT,GBCylBlu9MtlRollSlDot,Cylinder,"Cylinder design 9ml,1/3 oz Cobalt blue glass bottle with metal roller ball plug and silver dot cap. For use with perfume or fragrance oil, essential oils, aromatic oils and aromatherapy. Refillable, Small sized bottle for promotion samples and travel. Pri",Cobalt Blue,9 ml (0.3 oz),madison_generated_evidence,https://likkskifwsrvszxdvufw.supabase.co/storage/v1/object/public/generated-images/4ab1ac72-cd7e-4faf-9152-5aa5f2862411/d4cd4ae9-a9a8-4ea6-ab6f-fd1e19078e5e/best-bottles/reference-imports/Cylinder/GB-CYL-BLU-9ML-MRL-SLDT_1779613091211_5b2xvy.png,
GB-CYL-BLU-9ML-SPR-SSLV,GBCylBlu9SpryShSl,Cylinder,"Cylinder design 9ml,1/3 oz Cobalt blue glass bottle with fine mist sprayer with shiny silver trim and plastic overcap. For use with perfume or fragrance oil, essential oils, aromatic oils and aromatherapy. Refillable, Small sized bottle for promotion samp",Cobalt Blue,9 ml (0.3 oz),madison_generated_evidence,https://likkskifwsrvszxdvufw.supabase.co/storage/v1/object/public/generated-images/4ab1ac72-cd7e-4faf-9152-5aa5f2862411/d4cd4ae9-a9a8-4ea6-ab6f-fd1e19078e5e/best-bottles/reference-imports/Cylinder/GB-CYL-BLU-9ML-SPR-SSLV_1779613023791_8u6rjt.png,
LB-DVA-FRS-46ML-06,LBDivaFrst46LtnShnSl,Diva,Diva 46 ml (1.56 oz) Clear Lotion Bottle,Frosted,46 ml (1.56 oz),madison_generated_evidence,https://likkskifwsrvszxdvufw.supabase.co/storage/v1/object/public/generated-images/4ab1ac72-cd7e-4faf-9152-5aa5f2862411/d4cd4ae9-a9a8-4ea6-ab6f-fd1e19078e5e/best-bottles/reference-imports/Diva/LB-DVA-FRS-46ML-06_1779507055110_rwtt5v.png,
GB-DVA-FRS-46ML-T-36,GBDivaFrst46RdcrPnkLthr,Diva,Diva 46 ml (1.56 oz) Frosted Glass Bottle Tall Cap,Frosted,46 ml (1.56 oz),madison_generated_evidence,https://likkskifwsrvszxdvufw.supabase.co/storage/v1/object/public/generated-images/4ab1ac72-cd7e-4faf-9152-5aa5f2862411/d4cd4ae9-a9a8-4ea6-ab6f-fd1e19078e5e/best-bottles/reference-imports/Diva/GB-DVA-FRS-46ML-T-36_1779507116104_5mumfx.png,
ACC-ORG-PRP-4X6,OBagPurple4x6,Gift Bag,Purple Organza / sheer gusseted gift bag. Size : 4 inches x 6 inches,Purple,0 ml (0 oz),madison_generated_evidence,https://likkskifwsrvszxdvufw.supabase.co/storage/v1/object/public/generated-images/4ab1ac72-cd7e-4faf-9152-5aa5f2862411/best-bottles/reference-images/ACC-ORG-PRP-4X6__OBagPurple4x6__pdp-main__v001.png,
GB-CYL-CLR-6ML-ROL-MGLD,GBTulip6RollGlMatt,Tulip,"Tulip design 6ml, 1/5oz Clear glass bottle with plastic roller ball plug and matte gold cap. For use with perfume or fragrance oil, essential oils, aromatic oils and aromatherapy. Refillable, Small sized bottle for decants, promotion, samples and travel a",Clear,6 ml (0.2 oz),madison_generated_evidence,https://likkskifwsrvszxdvufw.supabase.co/storage/v1/object/public/generated-images/4ab1ac72-cd7e-4faf-9152-5aa5f2862411/best-bottles/reference-images/GB-CYL-CLR-6ML-ROL-MGLD__GBTulip6RollGlMatt__pdp-main__v001.png,
GB-CYL-BLU-9ML-MRL-PKDT,GBCylBlu9MtlRollPnkDot,Cylinder,"Cylinder design 9ml,1/3 oz Cobalt blue glass bottle with metal roller ball plug and pink dot cap. For use with perfume or fragrance oil, essential oils, aromatic oils and aromatherapy. Refillable, Small sized bottle for promotion samples and travel. Price",Cobalt Blue,9 ml (0.3 oz),madison_generated_evidence,https://likkskifwsrvszxdvufw.supabase.co/storage/v1/object/public/generated-images/4ab1ac72-cd7e-4faf-9152-5aa5f2862411/d4cd4ae9-a9a8-4ea6-ab6f-fd1e19078e5e/best-bottles/reference-imports/Cylinder/GB-CYL-BLU-9ML-MRL-PKDT_1779613103323_r16e2k.png,
GB-CYL-BLU-9ML-SPR-RED,GBCylBlu9SpryRd,Cylinder,"Cylinder design 9ml,1/3 oz Cobalt blue glass bottle with fine mist sprayer with red trim and plastic overcap. For use with perfume or fragrance oil, essential oils, aromatic oils and aromatherapy. Refillable, Small sized bottle for promotion samples and t",Cobalt Blue,9 ml (0.3 oz),madison_generated_evidence,https://likkskifwsrvszxdvufw.supabase.co/storage/v1/object/public/generated-images/4ab1ac72-cd7e-4faf-9152-5aa5f2862411/d4cd4ae9-a9a8-4ea6-ab6f-fd1e19078e5e/best-bottles/reference-imports/Cylinder/GB-CYL-BLU-9ML-SPR-RED_1779613036059_aav5ah.png,
LB-CIR-CLR-50ML-LPM-MGLD,LBCrcl50LtnMtGl,Circle,"Circle design 50 ml, 1.7oz clear glass bottle with matte gold lotion pump. For use with serums, light creams, moisturizers, facial oils or face oils, beard oils, body lotions, body wash, and hair products. Circle design is a famiily of bottles available i",Clear,50 ml (1.69 oz),madison_generated_evidence,https://likkskifwsrvszxdvufw.supabase.co/storage/v1/object/public/generated-images/4ab1ac72-cd7e-4faf-9152-5aa5f2862411/d4cd4ae9-a9a8-4ea6-ab6f-fd1e19078e5e/best-bottles/reference-imports/Circle/LB-CIR-CLR-50ML-LPM-MGLD_1779525218895_wiv2uh.png,
GB-DVA-FRS-46ML-T-32,GBDivaFrst46RdcrIvyLthr,Diva,Diva 46 ml (1.56 oz) Frosted Glass Bottle Tall Cap,Frosted,46 ml (1.56 oz),madison_generated_evidence,https://likkskifwsrvszxdvufw.supabase.co/storage/v1/object/public/generated-images/4ab1ac72-cd7e-4faf-9152-5aa5f2862411/d4cd4ae9-a9a8-4ea6-ab6f-fd1e19078e5e/best-bottles/reference-imports/Diva/GB-DVA-FRS-46ML-T-32_1779507126489_r6tp49.png,
ACC-ORG-RED-4X6,OBagRed4x6,Gift Bag,Red Organza / sheer gusseted gift bag. Size : 4 inches x 6 inches,Red,0 ml (0 oz),madison_generated_evidence,https://likkskifwsrvszxdvufw.supabase.co/storage/v1/object/public/generated-images/4ab1ac72-cd7e-4faf-9152-5aa5f2862411/best-bottles/reference-images/ACC-ORG-RED-4X6__OBagRed4x6__pdp-main__v001.png,
GB-CYL-CLR-6ML-ROL-SGLD,GBTulip6RollGlSh,Tulip,"Tulip design 6ml, 1/5oz Clear glass bottle with plastic roller ball plug and shiny gold cap. For use with perfume or fragrance oil, essential oils, aromatic oils and aromatherapy. Refillable, Small sized bottle for decants, promotion, samples and travel a",Clear,6 ml (0.2 oz),madison_generated_evidence,https://likkskifwsrvszxdvufw.supabase.co/storage/v1/object/public/generated-images/4ab1ac72-cd7e-4faf-9152-5aa5f2862411/best-bottles/reference-images/GB-CYL-CLR-6ML-ROL-SGLD__GBTulip6RollGlSh__pdp-main__v001.png,
GB-CYL-BLU-9ML-MRL-MGLD,GBCylBlu9MtlRollMattGl,Cylinder,"Cylinder design 9ml,1/3 oz Cobalt blue glass bottle with metal roller ball plug and matte gold cap. For use with perfume or fragrance oil, essential oils, aromatic oils and aromatherapy. Refillable, Small sized bottle for promotion samples and travel. Pri",Cobalt Blue,9 ml (0.3 oz),madison_generated_evidence,https://likkskifwsrvszxdvufw.supabase.co/storage/v1/object/public/generated-images/4ab1ac72-cd7e-4faf-9152-5aa5f2862411/d4cd4ae9-a9a8-4ea6-ab6f-fd1e19078e5e/best-bottles/reference-imports/Cylinder/GB-CYL-BLU-9ML-MRL-MGLD_1779613075860_hscbec.png,
GB-CYL-FRS-9ML-SPR-GLD,GBCylFrst9SpryGl,Cylinder,"Cylinder design 9ml,1/3 oz frosted glass bottle with fine mist sprayer with gold trim and plastic overcap. For use with perfume or fragrance oil, essential oils, aromatic oils and aromatherapy. Price each",Frosted,9 ml (0.3 oz),madison_generated_evidence,https://likkskifwsrvszxdvufw.supabase.co/storage/v1/object/public/generated-images/4ab1ac72-cd7e-4faf-9152-5aa5f2862411/d4cd4ae9-a9a8-4ea6-ab6f-fd1e19078e5e/best-bottles/reference-imports/Cylinder/GB-CYL-FRS-9ML-SPR-GLD_1779613032241_s8zkzq.png,
GB-CIR-CLR-50ML-RDC-SSLV,GBCrcl50RdcrShnSl,Circle,"Circle design 50 ml, 1.7oz  clear glass bottle  with reducer and shiny silver cap. For use with cologne, aftershave, splash on, and perfume or fragrance oil, beard oils. Circle design is a famiily of bottles available in 15ml, 30ml, 50ml and 100ml size. P",Clear,50 ml (1.69 oz),madison_generated_evidence,https://likkskifwsrvszxdvufw.supabase.co/storage/v1/object/public/generated-images/4ab1ac72-cd7e-4faf-9152-5aa5f2862411/d4cd4ae9-a9a8-4ea6-ab6f-fd1e19078e5e/best-bottles/reference-imports/Circle/GB-CIR-CLR-50ML-RDC-SSLV_1779525138174_ipu3xm.png,
LB-CIR-CLR-50ML-LPM-SGLD,LBCrcl50LtnShnGl,Circle,"Circle design 50 ml, 1.7oz clear glass bottle with shiny gold lotion pump. For use with serums, light creams, moisturizers, facial oils or face oils, beard oils, body lotions, body wash, and hair products. Circle design is a famiily of bottles available i",Clear,50 ml (1.69 oz),madison_generated_evidence,https://likkskifwsrvszxdvufw.supabase.co/storage/v1/object/public/generated-images/4ab1ac72-cd7e-4faf-9152-5aa5f2862411/d4cd4ae9-a9a8-4ea6-ab6f-fd1e19078e5e/best-bottles/reference-imports/Circle/LB-CIR-CLR-50ML-LPM-SGLD_1779525215719_tnuz58.png,
GB-CYL-BLU-9ML-MRL-BKDT,GBCylBlu9MtlRollBlkDot,Cylinder,"Cylinder design 9ml,1/3 oz Cobalt blue glass bottle with metal roller ball plug and black dot cap. For use with perfume or fragrance oil, essential oils, aromatic oils and aromatherapy. Refillable, Small sized bottle for promotion samples and travel. Pric",Cobalt Blue,9 ml (0.3 oz),madison_generated_evidence,https://likkskifwsrvszxdvufw.supabase.co/storage/v1/object/public/generated-images/4ab1ac72-cd7e-4faf-9152-5aa5f2862411/d4cd4ae9-a9a8-4ea6-ab6f-fd1e19078e5e/best-bottles/reference-imports/Cylinder/GB-CYL-BLU-9ML-MRL-BKDT_1779613112856_rrhrw9.png,
ACC-ORG-RED-5X8,OBagRed5x8,Gift Bag,Red Organza / sheer gusseted gift bag. Size : 5 inches x 8 inches,Red,0 ml (0 oz),madison_generated_evidence,https://likkskifwsrvszxdvufw.supabase.co/storage/v1/object/public/generated-images/4ab1ac72-cd7e-4faf-9152-5aa5f2862411/best-bottles/reference-images/ACC-ORG-RED-5X8__OBagRed5x8__pdp-main__v001.png,
GB-CYL-CLR-6ML-ROL-PKDT,GBTulip6RollPinkDot,Tulip,"Tulip design 6ml, 1/5oz Clear glass bottle with plastic roller ball plug and pink cap with dots. For use with perfume or fragrance oil, essential oils, aromatic oils and aromatherapy. Refillable, Small sized bottle for decants, promotion, samples and trav",Clear,6 ml (0.2 oz),madison_generated_evidence,https://likkskifwsrvszxdvufw.supabase.co/storage/v1/object/public/generated-images/4ab1ac72-cd7e-4faf-9152-5aa5f2862411/best-bottles/reference-images/GB-CYL-CLR-6ML-ROL-PKDT__GBTulip6RollPinkDot__pdp-main__v001.png,
GB-CYL-BLU-9ML-MRL-SGLD,GBCylBlu9MtlRollShnGl,Cylinder,"Cylinder design 9ml,1/3 oz Cobalt blue glass bottle with metal roller ball plug and shiny gold cap. For use with perfume or fragrance oil, essential oils, aromatic oils and aromatherapy. Refillable, Small sized bottle for promotion samples and travel. Pri",Cobalt Blue,9 ml (0.3 oz),madison_generated_evidence,https://likkskifwsrvszxdvufw.supabase.co/storage/v1/object/public/generated-images/4ab1ac72-cd7e-4faf-9152-5aa5f2862411/d4cd4ae9-a9a8-4ea6-ab6f-fd1e19078e5e/best-bottles/reference-imports/Cylinder/GB-CYL-BLU-9ML-MRL-SGLD_1779613084220_s7xupm.png,
GB-CYL-FRS-9ML-SPR-MSLV,GBCylFrst9SpryMattSl,Cylinder,"Cylinder design 9ml,1/3 oz frosted glass bottle with fine mist sprayer with matte silver trim and plastic overcap. For use with perfume or fragrance oil, essential oils, aromatic oils and aromatherapy. Price each",Frosted,9 ml (0.3 oz),madison_generated_evidence,https://likkskifwsrvszxdvufw.supabase.co/storage/v1/object/public/generated-images/4ab1ac72-cd7e-4faf-9152-5aa5f2862411/d4cd4ae9-a9a8-4ea6-ab6f-fd1e19078e5e/best-bottles/reference-imports/Cylinder/GB-CYL-FRS-9ML-SPR-MSLV_1779613005558_gt58me.png,
LB-CIR-CLR-50ML-LPM-SBLK,LBCrcl50LtnShnBlk,Circle,"Circle design 50 ml, 1.7oz clear glass bottle with shiny black lotion pump. For use with serums, light creams, moisturizers, facial oils or face oils, beard oils, body lotions, body wash, and hair products. Circle design is a famiily of bottles available",Clear,50 ml (1.69 oz),madison_generated_evidence,https://likkskifwsrvszxdvufw.supabase.co/storage/v1/object/public/generated-images/4ab1ac72-cd7e-4faf-9152-5aa5f2862411/d4cd4ae9-a9a8-4ea6-ab6f-fd1e19078e5e/best-bottles/reference-imports/Circle/LB-CIR-CLR-50ML-LPM-SBLK_1779525208897_e2n1jg.png,
GB-CYL-FRS-9ML-MRL-BKDT,GBCylFrst9MtlRollBlkDot,Cylinder,"Cylinder design 9ml,1/3 oz frosted glass bottle with metal roller ball plug and black dot cap. For use with perfume or fragrance oil, essential oils, aromatic oils and aromatherapy. Price each",Frosted,9 ml (0.3 oz),madison_generated_evidence,https://likkskifwsrvszxdvufw.supabase.co/storage/v1/object/public/generated-images/4ab1ac72-cd7e-4faf-9152-5aa5f2862411/d4cd4ae9-a9a8-4ea6-ab6f-fd1e19078e5e/best-bottles/reference-imports/Cylinder/GB-CYL-FRS-9ML-MRL-BKDT_1779613113601_4qyk7o.png,
ACC-ORG-SLV-4X6-02,OBagSilver4x6,Gift Bag,Silver Gray Organza / sheer gusseted gift bag. Size : 4 inches x 6 inches,Silver,0 ml (0 oz),madison_generated_evidence,https://likkskifwsrvszxdvufw.supabase.co/storage/v1/object/public/generated-images/4ab1ac72-cd7e-4faf-9152-5aa5f2862411/best-bottles/reference-images/ACC-ORG-SLV-4X6-02__OBagSilver4x6__pdp-main__v001.png,
GB-CIR-CLR-50ML-RDC-SGLD,GBCrcl50RdcrShnGl,Circle,"Circle design 50 ml, 1.7oz  clear glass bottle  with reducer and shiny gold cap. For use with cologne, aftershave, splash on, and perfume or fragrance oil, beard oils. Circle design is a famiily of bottles available in 15ml, 30ml, 50ml and 100ml size. Pri",Clear,50 ml (1.69 oz),madison_generated_evidence,https://likkskifwsrvszxdvufw.supabase.co/storage/v1/object/public/generated-images/4ab1ac72-cd7e-4faf-9152-5aa5f2862411/d4cd4ae9-a9a8-4ea6-ab6f-fd1e19078e5e/best-bottles/reference-imports/Circle/GB-CIR-CLR-50ML-RDC-SGLD_1779525129851_ocdv28.png,
GB-CYL-CLR-6ML-ROL-SLDT,GBTulip6RollSlDot,Tulip,"Tulip design 6ml, 1/5oz Clear glass bottle with plastic roller ball plug and silver cap with dots. For use with perfume or fragrance oil, essential oils, aromatic oils and aromatherapy. Refillable, Small sized bottle for decants, promotion, samples and tr",Clear,6 ml (0.2 oz),madison_generated_evidence,https://likkskifwsrvszxdvufw.supabase.co/storage/v1/object/public/generated-images/4ab1ac72-cd7e-4faf-9152-5aa5f2862411/best-bottles/reference-images/GB-CYL-CLR-6ML-ROL-SLDT__GBTulip6RollSlDot__pdp-main__v001.png,
GB-CYL-FRS-9ML-SPR-SSLV,GBCylFrst9SpryShSl,Cylinder,"Cylinder design 9ml,1/3 oz frosted glass bottle with fine mist sprayer with shiny silver trim and plastic overcap. For use with perfume or fragrance oil, essential oils, aromatic oils and aromatherapy. Price each",Frosted,9 ml (0.3 oz),madison_generated_evidence,https://likkskifwsrvszxdvufw.supabase.co/storage/v1/object/public/generated-images/4ab1ac72-cd7e-4faf-9152-5aa5f2862411/d4cd4ae9-a9a8-4ea6-ab6f-fd1e19078e5e/best-bottles/reference-imports/Cylinder/GB-CYL-FRS-9ML-SPR-SSLV_1779613022063_7oazjn.png,
GB-CYL-BLU-9ML-MRL-SSLV,GBCylBlu9MtlRollShnSl,Cylinder,"Cylinder design 9ml,1/3 oz Cobalt blue glass bottle with metal roller ball plug and shiny silver cap. For use with perfume or fragrance oil, essential oils, aromatic oils and aromatherapy. Refillable, Small sized bottle for promotion samples and travel. P",Cobalt Blue,9 ml (0.3 oz),madison_generated_evidence,https://likkskifwsrvszxdvufw.supabase.co/storage/v1/object/public/generated-images/4ab1ac72-cd7e-4faf-9152-5aa5f2862411/d4cd4ae9-a9a8-4ea6-ab6f-fd1e19078e5e/best-bottles/reference-imports/Cylinder/GB-CYL-BLU-9ML-MRL-SSLV_1779613105400_0iztl0.png,
LB-CIR-CLR-50ML-LPM-MSLV,LBCrcl50LtnMtSl,Circle,"Circle design 50 ml, 1.7oz clear glass bottle with matte silver lotion pump. For use with serums, light creams, moisturizers, facial oils or face oils, beard oils, body lotions, body wash, and hair products. Circle design is a famiily of bottles available",Clear,50 ml (1.69 oz),madison_generated_evidence,https://likkskifwsrvszxdvufw.supabase.co/storage/v1/object/public/generated-images/4ab1ac72-cd7e-4faf-9152-5aa5f2862411/d4cd4ae9-a9a8-4ea6-ab6f-fd1e19078e5e/best-bottles/reference-imports/Circle/LB-CIR-CLR-50ML-LPM-MSLV_1779525213946_y8oh21.png,
GB-CYL-CLR-9ML-MRL-BKDT-01,GBCylSwrl9MtlRollBlkDot,Cylinder,"Cylinder swirl design 9ml,1/3 oz glass bottle with metal roller ball plug and black dot cap. For use with perfume or fragrance oil, essential oils, aromatic oils and aromatherapy. Price each",Swirl,9 ml (0.3 oz),madison_generated_evidence,https://likkskifwsrvszxdvufw.supabase.co/storage/v1/object/public/generated-images/4ab1ac72-cd7e-4faf-9152-5aa5f2862411/d4cd4ae9-a9a8-4ea6-ab6f-fd1e19078e5e/best-bottles/reference-imports/Cylinder/GB-CYL-CLR-9ML-MRL-BKDT-01_1779613114291_2wqs1t.png,
ACC-VLV-BLK-4X3,VBagBlack4x3,Gift Bag,"Black velveteen gift bag / pouch. Size : 4\ tall x 3""wide.""""""",Black,0 ml (0 oz),madison_generated_evidence,https://likkskifwsrvszxdvufw.supabase.co/storage/v1/object/public/generated-images/4ab1ac72-cd7e-4faf-9152-5aa5f2862411/best-bottles/reference-images/ACC-VLV-BLK-4X3__VBagBlack4x3__pdp-main__v001.png,
GB-CYL-CLR-6ML-ROL-MSLV,GBTulip6RollSlMatt,Tulip,"Tulip design 6ml, 1/5oz Clear glass bottle with plastic roller ball plug and matte silver cap. For use with perfume or fragrance oil, essential oils, aromatic oils and aromatherapy. Refillable, Small sized bottle for decants, promotion, samples and travel",Clear,6 ml (0.2 oz),madison_generated_evidence,https://likkskifwsrvszxdvufw.supabase.co/storage/v1/object/public/generated-images/4ab1ac72-cd7e-4faf-9152-5aa5f2862411/best-bottles/reference-images/GB-CYL-CLR-6ML-ROL-MSLV__GBTulip6RollSlMatt__pdp-main__v001.png,
GB-CIR-CLR-50ML-RDC-IVLT,GBCrcl50RdcrIvyLthr,Circle,"Circle design 50 ml, 1.7oz  clear glass bottle  with reducer and ivory faux leather cap. For use with cologne, aftershave, splash on, and perfume or fragrance oil, beard oils. Circle design is a famiily of bottles available in 15ml, 30ml, 50ml and 100ml s",Clear,50 ml (1.69 oz),madison_generated_evidence,https://likkskifwsrvszxdvufw.supabase.co/storage/v1/object/public/generated-images/4ab1ac72-cd7e-4faf-9152-5aa5f2862411/d4cd4ae9-a9a8-4ea6-ab6f-fd1e19078e5e/best-bottles/reference-imports/Circle/GB-CIR-CLR-50ML-RDC-IVLT_1779525143737_irnx8f.png,
GB-CYL-BLU-9ML-MRL-MCPR,GBCylBlu9MtlRollMattCu,Cylinder,"Cylinder design 9ml,1/3 oz Cobalt blue glass bottle with metal roller ball plug and matte copper cap. For use with perfume or fragrance oil, essential oils, aromatic oils and aromatherapy. Refillable, Small sized bottle for promotion samples and travel. P",Cobalt Blue,9 ml (0.3 oz),madison_generated_evidence,https://likkskifwsrvszxdvufw.supabase.co/storage/v1/object/public/generated-images/4ab1ac72-cd7e-4faf-9152-5aa5f2862411/d4cd4ae9-a9a8-4ea6-ab6f-fd1e19078e5e/best-bottles/reference-imports/Cylinder/GB-CYL-BLU-9ML-MRL-MCPR_1779613099409_5fa91u.png,
GB-CYL-FRS-9ML-SPR-TRQ,GBCylFrst9SpryTur,Cylinder,"Cylinder design 9ml,1/3 oz frosted glass bottle with fine mist sprayer with turquoise trim and plastic overcap. For use with perfume or fragrance oil, essential oils, aromatic oils and aromatherapy. Price each",Frosted,9 ml (0.3 oz),madison_generated_evidence,https://likkskifwsrvszxdvufw.supabase.co/storage/v1/object/public/generated-images/4ab1ac72-cd7e-4faf-9152-5aa5f2862411/d4cd4ae9-a9a8-4ea6-ab6f-fd1e19078e5e/best-bottles/reference-imports/Cylinder/GB-CYL-FRS-9ML-SPR-TRQ_1779613001968_wp4fq3.png,
LB-CIR-CLR-50ML-LPM-SSLV,LBCrcl50LtnShnSl,Circle,"Circle design 50 ml, 1.7oz clear glass bottle with shiny silver lotion pump. For use with serums, light creams, moisturizers, facial oils or face oils, beard oils, body lotions, body wash, and hair products. Circle design is a famiily of bottles available",Clear,50 ml (1.69 oz),madison_generated_evidence,https://likkskifwsrvszxdvufw.supabase.co/storage/v1/object/public/generated-images/4ab1ac72-cd7e-4faf-9152-5aa5f2862411/d4cd4ae9-a9a8-4ea6-ab6f-fd1e19078e5e/best-bottles/reference-imports/Circle/LB-CIR-CLR-50ML-LPM-SSLV_1779525210220_tft4wx.png,
GB-CYL-CLR-9ML-MRL-BKDT-02,GBTallCyl9MtlRollBlkDot,Cylinder,"Tall cylinder design 9ml, 1/3oz Clear glass bottle with metal roller ball plug and black shiny cap with dots. For use with perfume or fragrance oil, essential oils, aromatic oils and aromatherapy. Refillable, slender bottle with attractive heavy base. Pri",Clear,9 ml (0.3 oz),madison_generated_evidence,https://likkskifwsrvszxdvufw.supabase.co/storage/v1/object/public/generated-images/4ab1ac72-cd7e-4faf-9152-5aa5f2862411/best-bottles/reference-images/GB-CYL-CLR-9ML-MRL-BKDT-02__GBTallCyl9MtlRollBlkDot__pdp-main__v001.png,
ACC-VLV-BLK-4X5,VBagBlack4x5,Gift Bag,"Black velveteen gift bag / pouch. Size : 5.5"" tall x 4"" wide.",Black,0 ml (0 oz),madison_generated_evidence,https://likkskifwsrvszxdvufw.supabase.co/storage/v1/object/public/generated-images/4ab1ac72-cd7e-4faf-9152-5aa5f2862411/best-bottles/reference-images/ACC-VLV-BLK-4X5__VBagBlack4x5__pdp-main__v001.png,
GB-CIR-CLR-50ML-RDC-PKLT,GBCrcl50RdcrPnkLthr,Circle,"Circle design 50 ml, 1.7oz  clear glass bottle  with reducer and pink faux leather cap. For use with cologne, aftershave, splash on, and perfume or fragrance oil, beard oils. Circle design is a famiily of bottles available in 15ml, 30ml, 50ml and 100ml si",Clear,50 ml (1.69 oz),madison_generated_evidence,https://likkskifwsrvszxdvufw.supabase.co/storage/v1/object/public/generated-images/4ab1ac72-cd7e-4faf-9152-5aa5f2862411/d4cd4ae9-a9a8-4ea6-ab6f-fd1e19078e5e/best-bottles/reference-imports/Circle/GB-CIR-CLR-50ML-RDC-PKLT_1779525132614_zfo86a.png,
GB-CYL-CLR-6ML-ROL-SSLV,GBTulip6RollSlSh,Tulip,"Tulip design 6ml, 1/5oz Clear glass bottle with plastic roller ball plug and shiny silver cap. For use with perfume or fragrance oil, essential oils, aromatic oils and aromatherapy. Refillable, Small sized bottle for decants, promotion, samples and travel",Clear,6 ml (0.2 oz),madison_generated_evidence,https://likkskifwsrvszxdvufw.supabase.co/storage/v1/object/public/generated-images/4ab1ac72-cd7e-4faf-9152-5aa5f2862411/best-bottles/reference-images/GB-CYL-CLR-6ML-ROL-SSLV__GBTulip6RollSlSh__pdp-main__v001.png,
GB-CYL-BLU-9ML-MRL-SBLK,GBCylBlu9MtlRollShBlk,Cylinder,"Cylinder design 9ml,1/3 oz Cobalt blue glass bottle with metal roller ball plug and shiny black cap. For use with perfume or fragrance oil, essential oils, aromatic oils and aromatherapy. Refillable, Small sized bottle for promotion samples and travel. Pr",Cobalt Blue,9 ml (0.3 oz),madison_generated_evidence,https://likkskifwsrvszxdvufw.supabase.co/storage/v1/object/public/generated-images/4ab1ac72-cd7e-4faf-9152-5aa5f2862411/d4cd4ae9-a9a8-4ea6-ab6f-fd1e19078e5e/best-bottles/reference-imports/Cylinder/GB-CYL-BLU-9ML-MRL-SBLK_1779613107776_p4qsv6.png,
GB-CYL-FRS-9ML-SPR-RED,GBCylFrst9SpryRd,Cylinder,"Cylinder design 9ml,1/3 oz frosted glass bottle with fine mist sprayer with red trim and plastic overcap. For use with perfume or fragrance oil, essential oils, aromatic oils and aromatherapy. Price each",Frosted,9 ml (0.3 oz),madison_generated_evidence,https://likkskifwsrvszxdvufw.supabase.co/storage/v1/object/public/generated-images/4ab1ac72-cd7e-4faf-9152-5aa5f2862411/d4cd4ae9-a9a8-4ea6-ab6f-fd1e19078e5e/best-bottles/reference-imports/Cylinder/GB-CYL-FRS-9ML-SPR-RED_1779613038001_m5p5us.png,
LB-CIR-CLR-50ML-LPM-CPR,LBCrcl50LtnCu,Circle,"Circle design 50 ml, 1.7oz clear glass bottle with matte copper lotion pump. For use with serums, light creams, moisturizers, facial oils or face oils, beard oils, body lotions, body wash, and hair products. Circle design is a famiily of bottles available",Clear,50 ml (1.69 oz),madison_generated_evidence,https://likkskifwsrvszxdvufw.supabase.co/storage/v1/object/public/generated-images/4ab1ac72-cd7e-4faf-9152-5aa5f2862411/d4cd4ae9-a9a8-4ea6-ab6f-fd1e19078e5e/best-bottles/reference-imports/Circle/LB-CIR-CLR-50ML-LPM-CPR_1779525213142_nn4v1x.png,
GB-CYL-FRS-9ML-T-02,GBTallCylFrst9MtlRollBlkDot,Cylinder,"Tall cylinder design 9ml, 1/3oz frosted glass bottle with metal roller ball plug and black shiny cap with dots. For use with perfume or fragrance oil, essential oils, aromatic oils and aromatherapy. Refillable, slender bottle with attractive heavy base. P",Frosted,9 ml (0.3 oz),madison_generated_evidence,https://likkskifwsrvszxdvufw.supabase.co/storage/v1/object/public/generated-images/4ab1ac72-cd7e-4faf-9152-5aa5f2862411/best-bottles/reference-images/GB-CYL-FRS-9ML-T-02__GBTallCylFrst9MtlRollBlkDot__pdp-main__v001.png,
ACC-VLV-BLU-4X3,VBagBlue4x3,Gift Bag,"Blue velveteen gift bag / pouch. Size : 4\ tall x 3""wide.""""""",Blue,0 ml (0 oz),madison_generated_evidence,https://likkskifwsrvszxdvufw.supabase.co/storage/v1/object/public/generated-images/4ab1ac72-cd7e-4faf-9152-5aa5f2862411/best-bottles/reference-images/ACC-VLV-BLU-4X3__VBagBlue4x3__pdp-main__v001.png,
GB-CIR-CLR-50ML-RDC-SBLK-T,GBCrcl50RdcrShnBlkTall,Circle,"Circle design 50 ml, 1.7oz  clear glass bottle  with reducer and tall black shiny cap. For use with cologne, aftershave, splash on, and perfume or fragrance oil, beard oils. Circle design is a famiily of bottles available in 15ml, 30ml, 50ml and 100ml siz",Clear,50 ml (1.69 oz),madison_generated_evidence,https://likkskifwsrvszxdvufw.supabase.co/storage/v1/object/public/generated-images/4ab1ac72-cd7e-4faf-9152-5aa5f2862411/d4cd4ae9-a9a8-4ea6-ab6f-fd1e19078e5e/best-bottles/reference-imports/Circle/GB-CIR-CLR-50ML-RDC-SBLK-T_1779525126062_1s3azd.png,
GB-CYL-BLU-9ML-MRL-WHT,GBCylBlu9MtlRollWht,Cylinder,"Cylinder design 9ml,1/3 oz Cobalt blue glass bottle with metal roller ball plug and white cap. For use with perfume or fragrance oil, essential oils, aromatic oils and aromatherapy. Refillable, Small sized bottle for promotion samples and travel. Price ea",Cobalt Blue,9 ml (0.3 oz),madison_generated_evidence,https://likkskifwsrvszxdvufw.supabase.co/storage/v1/object/public/generated-images/4ab1ac72-cd7e-4faf-9152-5aa5f2862411/d4cd4ae9-a9a8-4ea6-ab6f-fd1e19078e5e/best-bottles/reference-imports/Cylinder/GB-CYL-BLU-9ML-MRL-WHT_1779613085467_euiduw.png,
GB-CYL-CLR-9ML-SPR-GLD,GBCylSwrl9SpryGl,Cylinder,"Cylinder swirl design 9ml,1/3 oz glass bottle with fine mist sprayer with gold trim and plastic overcap. For use with perfume or fragrance oil, essential oils, aromatic oils and aromatherapy. Price each",Swirl,9 ml (0.3 oz),madison_generated_evidence,https://likkskifwsrvszxdvufw.supabase.co/storage/v1/object/public/generated-images/4ab1ac72-cd7e-4faf-9152-5aa5f2862411/d4cd4ae9-a9a8-4ea6-ab6f-fd1e19078e5e/best-bottles/reference-imports/Cylinder/GB-CYL-CLR-9ML-SPR-GLD_1779613030298_3teqcf.png,
ACC-VLV-GRN-4X3,VBagGreen4x3,Gift Bag,"Green velveteen gift bag / pouch. Size : 4\ tall x 3""wide.""""""",Green,0 ml (0 oz),madison_generated_evidence,https://likkskifwsrvszxdvufw.supabase.co/storage/v1/object/public/generated-images/4ab1ac72-cd7e-4faf-9152-5aa5f2862411/best-bottles/reference-images/ACC-VLV-GRN-4X3__VBagGreen4x3__pdp-main__v001.png,
GB-CIR-CLR-50ML-RDC-SBLK,GBCrcl50RdcrShnBlk,Circle,"Circle design 50 ml, 1.7oz  clear glass bottle  with reducer and black shiny cap. For use with cologne, aftershave, splash on, and perfume or fragrance oil, beard oils. Circle design is a famiily of bottles available in 15ml, 30ml, 50ml and 100ml size. Pr",Clear,50 ml (1.69 oz),madison_generated_evidence,https://likkskifwsrvszxdvufw.supabase.co/storage/v1/object/public/generated-images/4ab1ac72-cd7e-4faf-9152-5aa5f2862411/d4cd4ae9-a9a8-4ea6-ab6f-fd1e19078e5e/best-bottles/reference-imports/Circle/GB-CIR-CLR-50ML-RDC-SBLK_1779525138847_xf3di3.png,
GB-CYL-FRS-9ML-MRL-WHT,GBCylFrst9MtlRollWht,Cylinder,"Cylinder design 9ml,1/3 oz frosted glass bottle with metal roller ball plug and white cap. For use with perfume or fragrance oil, essential oils, aromatic oils and aromatherapy. Price each",Frosted,9 ml (0.3 oz),madison_generated_evidence,https://likkskifwsrvszxdvufw.supabase.co/storage/v1/object/public/generated-images/4ab1ac72-cd7e-4faf-9152-5aa5f2862411/d4cd4ae9-a9a8-4ea6-ab6f-fd1e19078e5e/best-bottles/reference-imports/Cylinder/GB-CYL-FRS-9ML-MRL-WHT_1779613092978_5mp2t4.png,
GB-CYL-CLR-9ML-SPR-MSLV-01,GBCylSwrl9SpryMattSl,Cylinder,"Cylinder swirl design 9ml,1/3 oz glass bottle with fine mist sprayer with matte silver trim and plastic overcap. For use with perfume or fragrance oil, essential oils, aromatic oils and aromatherapy. Price each",Swirl,9 ml (0.3 oz),madison_generated_evidence,https://likkskifwsrvszxdvufw.supabase.co/storage/v1/object/public/generated-images/4ab1ac72-cd7e-4faf-9152-5aa5f2862411/d4cd4ae9-a9a8-4ea6-ab6f-fd1e19078e5e/best-bottles/reference-imports/Cylinder/GB-CYL-CLR-9ML-SPR-MSLV-01_1779613039958_c15udb.png,
ACC-VLV-GRN-4X5,VBagGreen4x5,Gift Bag,"Green velveteen gift bag / pouch. Size : 5.5\ tall x 4""wide.""""""",Green,0 ml (0 oz),madison_generated_evidence,https://likkskifwsrvszxdvufw.supabase.co/storage/v1/object/public/generated-images/4ab1ac72-cd7e-4faf-9152-5aa5f2862411/best-bottles/reference-images/ACC-VLV-GRN-4X5__VBagGreen4x5__pdp-main__v001.png,
GB-CIR-CLR-50ML-RDC-BRLT,GBCrcl50RdcrBrwnLthr,Circle,"Circle design 50 ml, 1.7oz  clear glass bottle  with reducer and brown faux leather cap. For use with cologne, aftershave, splash on, and perfume or fragrance oil, beard oils. Circle design is a famiily of bottles available in 15ml, 30ml, 50ml and 100ml s",Clear,50 ml (1.69 oz),madison_generated_evidence,https://likkskifwsrvszxdvufw.supabase.co/storage/v1/object/public/generated-images/4ab1ac72-cd7e-4faf-9152-5aa5f2862411/d4cd4ae9-a9a8-4ea6-ab6f-fd1e19078e5e/best-bottles/reference-imports/Circle/GB-CIR-CLR-50ML-RDC-BRLT_1779525128894_mbtlc3.png,
GB-CYL-FRS-9ML-MRL-MCPR,GBCylFrst9MtlRollMattCu,Cylinder,"Cylinder design 9ml,1/3 oz frosted glass bottle with metal roller ball plug and matte copper cap. For use with perfume or fragrance oil, essential oils, aromatic oils and aromatherapy. Price each",Frosted,9 ml (0.3 oz),madison_generated_evidence,https://likkskifwsrvszxdvufw.supabase.co/storage/v1/object/public/generated-images/4ab1ac72-cd7e-4faf-9152-5aa5f2862411/d4cd4ae9-a9a8-4ea6-ab6f-fd1e19078e5e/best-bottles/reference-imports/Cylinder/GB-CYL-FRS-9ML-MRL-MCPR_1779613097765_tmd4lh.png,
GB-CYL-CLR-9ML-SPR-SSLV-01,GBCylSwrl9SpryShSl,Cylinder,"Cylinder swirl design 9ml,1/3 oz glass bottle with fine mist sprayer with shiny silver trim and plastic overcap. For use with perfume or fragrance oil, essential oils, aromatic oils and aromatherapy. Price each",Swirl,9 ml (0.3 oz),madison_generated_evidence,https://likkskifwsrvszxdvufw.supabase.co/storage/v1/object/public/generated-images/4ab1ac72-cd7e-4faf-9152-5aa5f2862411/d4cd4ae9-a9a8-4ea6-ab6f-fd1e19078e5e/best-bottles/reference-imports/Cylinder/GB-CYL-CLR-9ML-SPR-SSLV-01_1779613033893_atwzw9.png,
GB-RCT-CLR-10ML-MRL-BKDT-01,GBRect10MtlRollBlkDot,Rectangle,"Footed rectangular design 10ml, 1/3oz Clear glass bottle with metal roller ball plug and black shiny cap with dots. For use with perfume or fragrance oil, essential oils, aromatic oils and aromatherapy. Refillable, classic style bottle good for promotions",Clear,10 ml (0.34 oz),madison_generated_evidence,https://likkskifwsrvszxdvufw.supabase.co/storage/v1/object/public/generated-images/4ab1ac72-cd7e-4faf-9152-5aa5f2862411/best-bottles/reference-images/GB-RCT-CLR-10ML-MRL-BKDT-01__GBRect10MtlRollBlkDot__pdp-main__v001.png,
ACC-VLV-RED-4X3,VBagRed4x3,Gift Bag,Red Velveteen Bag 4 inches x 3 inches.,Red,0 ml (0 oz),madison_generated_evidence,https://likkskifwsrvszxdvufw.supabase.co/storage/v1/object/public/generated-images/4ab1ac72-cd7e-4faf-9152-5aa5f2862411/best-bottles/reference-images/ACC-VLV-RED-4X3__VBagRed4x3__pdp-main__v001.png,
GB-CIR-CLR-50ML-RDC-LBLT,GBCrcl50RdcrLBrwnLthr,Circle,"Circle design 50 ml, 1.7oz  clear glass bottle  with reducer and light brown faux leather cap. For use with cologne, aftershave, splash on, and perfume or fragrance oil, beard oils. Circle design is a famiily of bottles available in 15ml, 30ml, 50ml and 1",Clear,50 ml (1.69 oz),madison_generated_evidence,https://likkskifwsrvszxdvufw.supabase.co/storage/v1/object/public/generated-images/4ab1ac72-cd7e-4faf-9152-5aa5f2862411/d4cd4ae9-a9a8-4ea6-ab6f-fd1e19078e5e/best-bottles/reference-imports/Circle/GB-CIR-CLR-50ML-RDC-LBLT_1779525139473_yikaco.png,
GB-CYL-FRS-9ML-MRL-MSLV,GBCylFrst9MtlRollMattSl,Cylinder,"Cylinder design 9ml,1/3 oz frosted glass bottle with metal roller ball plug and matte silver cap. For use with perfume or fragrance oil, essential oils, aromatic oils and aromatherapy. Price each",Frosted,9 ml (0.3 oz),madison_generated_evidence,https://likkskifwsrvszxdvufw.supabase.co/storage/v1/object/public/generated-images/4ab1ac72-cd7e-4faf-9152-5aa5f2862411/d4cd4ae9-a9a8-4ea6-ab6f-fd1e19078e5e/best-bottles/reference-imports/Cylinder/GB-CYL-FRS-9ML-MRL-MSLV_1779613098593_a9vmx8.png,
GB-CYL-CLR-9ML-SPR-RED,GBCylSwrl9SpryRd,Cylinder,"Cylinder swirl design 9ml,1/3 oz glass bottle with fine mist sprayer with red trim and plastic overcap. For use with perfume or fragrance oil, essential oils, aromatic oils and aromatherapy. Price each",Swirl,9 ml (0.3 oz),madison_generated_evidence,https://likkskifwsrvszxdvufw.supabase.co/storage/v1/object/public/generated-images/4ab1ac72-cd7e-4faf-9152-5aa5f2862411/d4cd4ae9-a9a8-4ea6-ab6f-fd1e19078e5e/best-bottles/reference-imports/Cylinder/GB-CYL-CLR-9ML-SPR-RED_1779613032957_v1tilf.png,
GB-RCT-CLR-10ML-MRL-BKDT-02,GBTallRect10MtlRollBlkDot,Rectangle,"Tall rectangular design 10ml, 1/3oz Clear glass bottle with metal roller ball plug and black shiny cap with dots. For use with perfume or fragrance oil, essential oils, aromatic oils and aromatherapy. Refillable, slender bottle with attractive heavy base.",Clear,10 ml (0.34 oz),madison_generated_evidence,https://likkskifwsrvszxdvufw.supabase.co/storage/v1/object/public/generated-images/4ab1ac72-cd7e-4faf-9152-5aa5f2862411/best-bottles/reference-images/GB-RCT-CLR-10ML-MRL-BKDT-02__GBTallRect10MtlRollBlkDot__pdp-main__v001.png,
ACC-VLV-RED-4X5,VBagRed4x5,Gift Bag,"Velveteen bag, gift bag, gift packing.",,0 ml (0 oz),madison_generated_evidence,https://likkskifwsrvszxdvufw.supabase.co/storage/v1/object/public/generated-images/4ab1ac72-cd7e-4faf-9152-5aa5f2862411/best-bottles/reference-images/ACC-VLV-RED-4X5__VBagRed4x5__pdp-main__v001.png,
GB-SLK-CLR-8ML-ROL-MCPR,GBSleek8RollCuMatt,Sleek,"Sleek design 8ml, 1/3oz Clear glass bottle with plastic roller ball plug and matte copper cap. For use with perfume or fragrance oil, essential oils, aromatic oils and aromatherapy. Refillable, Small sized bottle for decants, promotion, samples and travel",Clear,8 ml (0.27 oz),madison_generated_evidence,https://likkskifwsrvszxdvufw.supabase.co/storage/v1/object/public/generated-images/4ab1ac72-cd7e-4faf-9152-5aa5f2862411/best-bottles/reference-images/GB-SLK-CLR-8ML-ROL-MCPR__GBSleek8RollCuMatt__pdp-main__v001.png,
GB-CIR-CLR-50ML-RDC-MSLV-T,GBCrcl50RdcrMtSlTall,Circle,"Circle design 50 ml, 1.7oz  clear glass bottle  with reducer and tall silver matte cap. For use with cologne, aftershave, splash on, and perfume or fragrance oil, beard oils. Circle design is a famiily of bottles available in 15ml, 30ml, 50ml and 100ml si",Clear,50 ml (1.69 oz),madison_generated_evidence,https://likkskifwsrvszxdvufw.supabase.co/storage/v1/object/public/generated-images/4ab1ac72-cd7e-4faf-9152-5aa5f2862411/d4cd4ae9-a9a8-4ea6-ab6f-fd1e19078e5e/best-bottles/reference-imports/Circle/GB-CIR-CLR-50ML-RDC-MSLV-T_1779525140492_9wm0ti.png,
GB-CYL-FRS-9ML-MRL-SLDT,GBCylFrst9MtlRollSlDot,Cylinder,"Cylinder design 9ml,1/3 oz frosted glass bottle with metal roller ball plug and silver dot cap. For use with perfume or fragrance oil, essential oils, aromatic oils and aromatherapy. Price each",Frosted,9 ml (0.3 oz),madison_generated_evidence,https://likkskifwsrvszxdvufw.supabase.co/storage/v1/object/public/generated-images/4ab1ac72-cd7e-4faf-9152-5aa5f2862411/d4cd4ae9-a9a8-4ea6-ab6f-fd1e19078e5e/best-bottles/reference-imports/Cylinder/GB-CYL-FRS-9ML-MRL-SLDT_1779613090149_mukpzb.png,
GB-CYL-CLR-9ML-T-27,GBCylSwrl9SpryTur,Cylinder,"Cylinder swirl design 9ml,1/3 oz glass bottle with fine mist sprayer with turquoise trim and plastic overcap. For use with perfume or fragrance oil, essential oils, aromatic oils and aromatherapy. Price each",Swirl,9 ml (0.3 oz),madison_generated_evidence,https://likkskifwsrvszxdvufw.supabase.co/storage/v1/object/public/generated-images/4ab1ac72-cd7e-4faf-9152-5aa5f2862411/d4cd4ae9-a9a8-4ea6-ab6f-fd1e19078e5e/best-bottles/reference-imports/Cylinder/GB-CYL-CLR-9ML-T-27_1779612998682_zui3q6.png,
GB-SLK-CLR-8ML-ROL-MGLD,GBSleek8RollGlMatt,Sleek,"Sleek design 8ml, 1/3oz Clear glass bottle with plastic roller ball plug and matte gold cap. For use with perfume or fragrance oil, essential oils, aromatic oils and aromatherapy. Refillable, Small sized bottle for decants, promotion, samples and travel a",Clear,8 ml (0.27 oz),madison_generated_evidence,https://likkskifwsrvszxdvufw.supabase.co/storage/v1/object/public/generated-images/4ab1ac72-cd7e-4faf-9152-5aa5f2862411/best-bottles/reference-images/GB-SLK-CLR-8ML-ROL-MGLD__GBSleek8RollGlMatt__pdp-main__v001.png,
GB-CIR-CLR-50ML-RDC-WHT,GBCrcl50RdcrWht,Circle,"Circle design 50 ml, 1.7oz  clear glass bottle  with reducer and white cap. For use with cologne, aftershave, splash on, and perfume or fragrance oil, beard oils. Circle design is a famiily of bottles available in 15ml, 30ml, 50ml and 100ml size. Price ea",Clear,50 ml (1.69 oz),madison_generated_evidence,https://likkskifwsrvszxdvufw.supabase.co/storage/v1/object/public/generated-images/4ab1ac72-cd7e-4faf-9152-5aa5f2862411/d4cd4ae9-a9a8-4ea6-ab6f-fd1e19078e5e/best-bottles/reference-imports/Circle/GB-CIR-CLR-50ML-RDC-WHT_1779525141968_iorei9.png,
GB-CYL-FRS-9ML-MRL-PKDT,GBCylFrst9MtlRollPnkDot,Cylinder,"Cylinder design 9ml,1/3 oz frosted glass bottle with metal roller ball plug and pink dot cap. For use with perfume or fragrance oil, essential oils, aromatic oils and aromatherapy. Price each",Frosted,9 ml (0.3 oz),madison_generated_evidence,https://likkskifwsrvszxdvufw.supabase.co/storage/v1/object/public/generated-images/4ab1ac72-cd7e-4faf-9152-5aa5f2862411/d4cd4ae9-a9a8-4ea6-ab6f-fd1e19078e5e/best-bottles/reference-imports/Cylinder/GB-CYL-FRS-9ML-MRL-PKDT_1779613104493_o8n9xj.png,
GB-CYL-CLR-9ML-SPR-MBLU,GBTallCyl9SpryBluMatt,Cylinder,"Tall cylinder design 9ml, 1/3oz Clear glass bottle with matte blue spray. Fine mist sprayer for use with perfumes and colognes. Refillable, slender bottle with attractive heavy base. Price each",Clear,9 ml (0.3 oz),madison_generated_evidence,https://likkskifwsrvszxdvufw.supabase.co/storage/v1/object/public/generated-images/4ab1ac72-cd7e-4faf-9152-5aa5f2862411/best-bottles/reference-images/GB-CYL-CLR-9ML-SPR-MBLU__GBTallCyl9SpryBluMatt__pdp-main__v001.png,
GB-RYL-CLR-13ML-MRL-BKDT,GBRoyal13MtlRollBlkDot,Royal,"Royal design 13ml, 1/2oz Clear glass bottle with metal roller ball plug and black shiny cap with dots. For use with perfume or fragrance oil, essential oils, aromatic oils and aromatherapy. Refillable, classic style bottle good for promotions and decants.",Clear,13 ml (0.44 oz),madison_generated_evidence,https://likkskifwsrvszxdvufw.supabase.co/storage/v1/object/public/generated-images/4ab1ac72-cd7e-4faf-9152-5aa5f2862411/best-bottles/reference-images/GB-RYL-CLR-13ML-MRL-BKDT__GBRoyal13MtlRollBlkDot__pdp-main__v001.png,
GB-CIR-CLR-50ML-RDC-MSLV,GBCrcl50RdcrMtSl,Circle,"Circle design 50 ml, 1.7oz  clear glass bottle  with reducer and silver matte cap. For use with cologne, aftershave, splash on, and perfume or fragrance oil, beard oils. Circle design is a famiily of bottles available in 15ml, 30ml, 50ml and 100ml size. P",Clear,50 ml (1.69 oz),madison_generated_evidence,https://likkskifwsrvszxdvufw.supabase.co/storage/v1/object/public/generated-images/4ab1ac72-cd7e-4faf-9152-5aa5f2862411/d4cd4ae9-a9a8-4ea6-ab6f-fd1e19078e5e/best-bottles/reference-imports/Circle/GB-CIR-CLR-50ML-RDC-MSLV_1779525146844_cdnbxf.png,
GB-CYL-FRS-9ML-MRL-MGLD,GBCylFrst9MtlRollMattGl,Cylinder,"Cylinder design 9ml,1/3 oz frosted glass bottle with metal roller ball plug and matte gold cap. For use with perfume or fragrance oil, essential oils, aromatic oils and aromatherapy. Price each",Frosted,9 ml (0.3 oz),madison_generated_evidence,https://likkskifwsrvszxdvufw.supabase.co/storage/v1/object/public/generated-images/4ab1ac72-cd7e-4faf-9152-5aa5f2862411/d4cd4ae9-a9a8-4ea6-ab6f-fd1e19078e5e/best-bottles/reference-imports/Cylinder/GB-CYL-FRS-9ML-MRL-MGLD_1779613078187_t2v2l7.png,
GB-CYL-CLR-9ML-SPR-MCPR,GBTallCyl9SpryCuMatt,Cylinder,"Tall cylinder design 9ml, 1/3oz Clear glass bottle with matte copper spray. For use with fine mist sprayer for use with perfumes and colognes. Refillable, slender bottle with attractive heavy base. Price each",Clear,9 ml (0.3 oz),madison_generated_evidence,https://likkskifwsrvszxdvufw.supabase.co/storage/v1/object/public/generated-images/4ab1ac72-cd7e-4faf-9152-5aa5f2862411/best-bottles/reference-images/GB-CYL-CLR-9ML-SPR-MCPR__GBTallCyl9SpryCuMatt__pdp-main__v001.png,
LB-CYL-CLR-50ML-LPM-MGLD,LBCyl50LtnMtGl,Cylinder,"Cylinder design 50 ml, 1.7oz clear glass bottle with matte gold lotion pump. For use with serums, light creams, moisturizers, facial oils or face oils, beard oils, body lotions, body wash, and hair products. Cylinder design is a family of bottles availabl",Clear,50 ml (1.69 oz),madison_generated_evidence,https://likkskifwsrvszxdvufw.supabase.co/storage/v1/object/public/generated-images/4ab1ac72-cd7e-4faf-9152-5aa5f2862411/d4cd4ae9-a9a8-4ea6-ab6f-fd1e19078e5e/paper-doll/master_corrected_1779983935917_dwbc3v.png,
GB-SLK-CLR-8ML-ROL-MSLV,GBSleek8RollSlMatt,Sleek,"Sleek design 8ml, 1/3oz Clear glass bottle with plastic roller ball plug and matte silver cap. For use with perfume or fragrance oil, essential oils, aromatic oils and aromatherapy. Refillable, Small sized bottle for decants, promotion, samples and travel",Clear,8 ml (0.27 oz),madison_generated_evidence,https://likkskifwsrvszxdvufw.supabase.co/storage/v1/object/public/generated-images/4ab1ac72-cd7e-4faf-9152-5aa5f2862411/best-bottles/reference-images/GB-SLK-CLR-8ML-ROL-MSLV__GBSleek8RollSlMatt__pdp-main__v001.png,
GB-CIR-CLR-15ML-MRL-BKDT,GBCrcl15MtlRollBlkDot,Circle,"Circle design 15ml, 1/2oz Clear glass bottle with metal roller ball plug and black shiny cap with dots. For use with perfume or fragrance oil, essential oils, aromatic oils and aromatherapy. Refillable, classic style bottle good for promotions and decants",Clear,15 ml (0.51 oz),madison_generated_evidence,https://likkskifwsrvszxdvufw.supabase.co/storage/v1/object/public/generated-images/4ab1ac72-cd7e-4faf-9152-5aa5f2862411/best-bottles/reference-images/GB-CIR-CLR-15ML-MRL-BKDT__GBCrcl15MtlRollBlkDot__pdp-main__v001.png,
GB-CYL-FRS-9ML-MRL-SGLD,GBCylFrst9MtlRollShnGl,Cylinder,"Cylinder design 9ml,1/3 oz frosted glass bottle with metal roller ball plug and shiny gold cap. For use with perfume or fragrance oil, essential oils, aromatic oils and aromatherapy. Price each",Frosted,9 ml (0.3 oz),madison_generated_evidence,https://likkskifwsrvszxdvufw.supabase.co/storage/v1/object/public/generated-images/4ab1ac72-cd7e-4faf-9152-5aa5f2862411/d4cd4ae9-a9a8-4ea6-ab6f-fd1e19078e5e/best-bottles/reference-imports/Cylinder/GB-CYL-FRS-9ML-MRL-SGLD_1779613086472_pofgi8.png,
GB-CYL-CLR-9ML-SPR-SBLK,GBTallCyl9SpryBlkSh,Cylinder,"Tall cylinder design 9ml, 1/3oz Clear glass bottle with shiny black spray. Fine mist sprayer for use with perfumes and colognes. Refillable, slender bottle with attractive heavy base. Price each",Clear,9 ml (0.3 oz),madison_generated_evidence,https://likkskifwsrvszxdvufw.supabase.co/storage/v1/object/public/generated-images/4ab1ac72-cd7e-4faf-9152-5aa5f2862411/d4cd4ae9-a9a8-4ea6-ab6f-fd1e19078e5e/best-bottles/reference-imports/Cylinder/GB-CYL-CLR-9ML-SPR-SBLK_1779612367613_3effpf.png,
LB-CYL-CLR-50ML-LPM-SGLD,LBCyl50LtnShnGl,Cylinder,"Cylinder design 50 ml, 1.7oz clear glass bottle with shiny gold lotion pump. For use with serums, light creams, moisturizers, facial oils or face oils, beard oils, body lotions, body wash, and hair products. Cylinder design is a family of bottles availabl",Clear,50 ml (1.69 oz),madison_generated_evidence,https://likkskifwsrvszxdvufw.supabase.co/storage/v1/object/public/generated-images/4ab1ac72-cd7e-4faf-9152-5aa5f2862411/d4cd4ae9-a9a8-4ea6-ab6f-fd1e19078e5e/paper-doll/master_corrected_1779984010195_eduyyo.png,
GB-CYL-AMB-9ML-ROL-WHT,GBCylAmb9RollWht,Cylinder,"Cylinder design 9ml,1/3 oz amber glass bottle with plastic roller ball plug and white cap. For use with perfume or fragrance oil, essential oils, aromatic oils and aromatherapy. Price each",Amber,9 ml (0.3 oz),madison_generated_evidence,https://likkskifwsrvszxdvufw.supabase.co/storage/v1/object/public/generated-images/4ab1ac72-cd7e-4faf-9152-5aa5f2862411/d4cd4ae9-a9a8-4ea6-ab6f-fd1e19078e5e/paper-doll/master_corrected_1779613597207_xnoqzi.png,
GB-ELG-CLR-15ML-MRL-BKDT,GBElg15MtlRollBlkDot,Elegant,"Elegant design 15ml, 1/2oz Clear glass bottle with metal roller ball plug and black shiny cap with dots. For use with perfume or fragrance oil, essential oils, aromatic oils and aromatherapy. Refillable, classic style bottle good for promotions and decant",Clear,15 ml (0.51 oz),madison_generated_evidence,https://likkskifwsrvszxdvufw.supabase.co/storage/v1/object/public/generated-images/4ab1ac72-cd7e-4faf-9152-5aa5f2862411/best-bottles/reference-images/GB-ELG-CLR-15ML-MRL-BKDT__GBElg15MtlRollBlkDot__pdp-main__v001.png,
GB-CYL-FRS-9ML-MRL-SSLV,GBCylFrst9MtlRollShnSl,Cylinder,"Cylinder design 9ml,1/3 oz frosted glass bottle with metal roller ball plug and shiny silver cap. For use with perfume or fragrance oil, essential oils, aromatic oils and aromatherapy. Price each",Frosted,9 ml (0.3 oz),madison_generated_evidence,https://likkskifwsrvszxdvufw.supabase.co/storage/v1/object/public/generated-images/4ab1ac72-cd7e-4faf-9152-5aa5f2862411/d4cd4ae9-a9a8-4ea6-ab6f-fd1e19078e5e/best-bottles/reference-imports/Cylinder/GB-CYL-FRS-9ML-MRL-SSLV_1779613109220_5cr2cx.png,
GB-CYL-CLR-9ML-SPR-MGLD,GBTallCyl9SpryGlMatt,Cylinder,"Tall cylinder design 9ml, 1/3oz Clear glass bottle with matte gold spray. Fine mist sprayer for use with perfumes and colognes. Refillable, slender bottle with attractive heavy base. Price each",Clear,9 ml (0.3 oz),madison_generated_evidence,https://likkskifwsrvszxdvufw.supabase.co/storage/v1/object/public/generated-images/4ab1ac72-cd7e-4faf-9152-5aa5f2862411/best-bottles/reference-images/GB-CYL-CLR-9ML-SPR-MGLD__GBTallCyl9SpryGlMatt__pdp-main__v001.png,
LB-CYL-CLR-50ML-LPM-SBLK,LBCyl50LtnShnBlk,Cylinder,"Cylinder design 50 ml, 1.7oz clear glass bottle with shiny black lotion pump. For use with serums, light creams, moisturizers, facial oils or face oils, beard oils, body lotions, body wash, and hair products. Cylinder design is a family of bottles availab",Clear,50 ml (1.69 oz),madison_generated_evidence,https://likkskifwsrvszxdvufw.supabase.co/storage/v1/object/public/generated-images/4ab1ac72-cd7e-4faf-9152-5aa5f2862411/1779984076322-662dc0a4-b5dd-431d-8fd6-c9c381ab729b.png,
GB-CYL-AMB-9ML-ROL-MCPR,GBCylAmb9RollMattCu,Cylinder,"Cylinder design 9ml,1/3 oz amber glass bottle with plastic roller ball plug and matte copper cap. For use with perfume or fragrance oil, essential oils, aromatic oils and aromatherapy. Price each",Amber,9 ml (0.3 oz),madison_generated_evidence,https://likkskifwsrvszxdvufw.supabase.co/storage/v1/object/public/generated-images/4ab1ac72-cd7e-4faf-9152-5aa5f2862411/d4cd4ae9-a9a8-4ea6-ab6f-fd1e19078e5e/paper-doll/master_corrected_1779613650839_v4wex4.png,
GB-ELG-FRS-15ML-MRL-BLK-01,GBElgFrst15MtlRollBlkDot,Elegant,Elegant 15 ml (0.51 oz) Frosted Glass Bottle with Metal Roller Black Cap,Frosted,15 ml (0.51 oz),madison_generated_evidence,https://likkskifwsrvszxdvufw.supabase.co/storage/v1/object/public/generated-images/4ab1ac72-cd7e-4faf-9152-5aa5f2862411/best-bottles/reference-images/GB-ELG-FRS-15ML-MRL-BLK-01__GBElgFrst15MtlRollBlkDot__pdp-main__v001.png,
GB-CYL-FRS-9ML-MRL-SBLK,GBCylFrst9MtlRollShBlk,Cylinder,"Cylinder design 9ml,1/3 oz frosted glass bottle with metal roller ball plug and shiny black cap. For use with perfume or fragrance oil, essential oils, aromatic oils and aromatherapy. Price each",Frosted,9 ml (0.3 oz),madison_generated_evidence,https://likkskifwsrvszxdvufw.supabase.co/storage/v1/object/public/generated-images/4ab1ac72-cd7e-4faf-9152-5aa5f2862411/d4cd4ae9-a9a8-4ea6-ab6f-fd1e19078e5e/best-bottles/reference-imports/Cylinder/GB-CYL-FRS-9ML-MRL-SBLK_1779613106944_ytxt1s.png,
GB-CYL-CLR-9ML-SPR-SGLD,GBTallCyl9SpryGlSh,Cylinder,"Tall cylinder design 9ml, 1/3oz Clear glass bottle with shiny gold spray. Fine mist sprayer for use with perfumes and colognes. Refillable, slender bottle with attractive heavy base. Price each",Clear,9 ml (0.3 oz),madison_generated_evidence,https://likkskifwsrvszxdvufw.supabase.co/storage/v1/object/public/generated-images/4ab1ac72-cd7e-4faf-9152-5aa5f2862411/d4cd4ae9-a9a8-4ea6-ab6f-fd1e19078e5e/best-bottles/reference-imports/Cylinder/GB-CYL-CLR-9ML-SPR-SGLD_1779612379997_p62wez.png,
LB-CYL-CLR-50ML-LPM-MSLV,LBCyl50LtnMtSl,Cylinder,"Cylinder design 50 ml, 1.7oz clear glass bottle with matte silver lotion pump. For use with serums, light creams, moisturizers, facial oils or face oils, beard oils, body lotions, body wash, and hair products. Cylinder design is a family of bottles availa",Clear,50 ml (1.69 oz),madison_generated_evidence,https://likkskifwsrvszxdvufw.supabase.co/storage/v1/object/public/generated-images/4ab1ac72-cd7e-4faf-9152-5aa5f2862411/d4cd4ae9-a9a8-4ea6-ab6f-fd1e19078e5e/paper-doll/master_corrected_1779984162715_9kih4v.png,
GB-CYL-AMB-9ML-ROL-MGLD,GBCylAmb9RollMattGl,Cylinder,"Cylinder design 9ml,1/3 oz amber glass bottle with plastic roller ball plug and matte gold cap. For use with perfume or fragrance oil, essential oils, aromatic oils and aromatherapy. Price each",Amber,9 ml (0.3 oz),madison_generated_evidence,https://likkskifwsrvszxdvufw.supabase.co/storage/v1/object/public/generated-images/4ab1ac72-cd7e-4faf-9152-5aa5f2862411/d4cd4ae9-a9a8-4ea6-ab6f-fd1e19078e5e/paper-doll/master_corrected_1779613705015_3e21mu.png,
GB-FLR-CLR-15ML-MRL-BKDT,GBFlair15MtlRollBlkDot,Flair,"Flair design 15ml, 1/2oz Clear glass bottle with metal roller ball plug and black shiny cap with dots. For use with perfume or fragrance oil, essential oils, aromatic oils and aromatherapy. Refillable, classic style bottle good for promotions and decants.",Clear,15 ml (0.51 oz),madison_generated_evidence,https://likkskifwsrvszxdvufw.supabase.co/storage/v1/object/public/generated-images/4ab1ac72-cd7e-4faf-9152-5aa5f2862411/best-bottles/reference-images/GB-FLR-CLR-15ML-MRL-BKDT__GBFlair15MtlRollBlkDot__pdp-main__v001.png,
GB-CYL-CLR-9ML-MRL-MSLV-02,GBCylSwrl9MtlRollMattSl,Cylinder,"Cylinder swirl design 9ml,1/3 oz glass bottle with metal roller ball plug and matte silver cap. For use with perfume or fragrance oil, essential oils, aromatic oils and aromatherapy. Price each",Swirl,9 ml (0.3 oz),madison_generated_evidence,https://likkskifwsrvszxdvufw.supabase.co/storage/v1/object/public/generated-images/4ab1ac72-cd7e-4faf-9152-5aa5f2862411/d4cd4ae9-a9a8-4ea6-ab6f-fd1e19078e5e/best-bottles/reference-imports/Cylinder/GB-CYL-CLR-9ML-MRL-MSLV-02_1779613082559_xosfgu.png,
GB-CYL-CLR-9ML-SPR-MSLV-02,GBTallCyl9SprySlMatt,Cylinder,"Tall cylinder design 9ml, 1/3oz Clear glass bottle with matte silver spray. Fine mist sprayer for use with perfumes and colognes. Refillable, slender bottle with attractive heavy base. Price each",Clear,9 ml (0.3 oz),madison_generated_evidence,https://likkskifwsrvszxdvufw.supabase.co/storage/v1/object/public/generated-images/4ab1ac72-cd7e-4faf-9152-5aa5f2862411/best-bottles/reference-images/GB-CYL-CLR-9ML-SPR-MSLV-02__GBTallCyl9SprySlMatt__pdp-main__v001.png,
LB-CYL-CLR-50ML-LPM-SSLV,LBCyl50LtnShnSl,Cylinder,"Cylinder design 50 ml, 1.7oz clear glass bottle with shiny silver lotion pump. For use with serums, light creams, moisturizers, facial oils or face oils, beard oils, body lotions, body wash, and hair products. Cylinder design is a family of bottles availa",Clear,50 ml (1.69 oz),madison_generated_evidence,https://likkskifwsrvszxdvufw.supabase.co/storage/v1/object/public/generated-images/4ab1ac72-cd7e-4faf-9152-5aa5f2862411/d4cd4ae9-a9a8-4ea6-ab6f-fd1e19078e5e/paper-doll/master_corrected_1779984231430_fbcz86.png,
GB-CYL-AMB-9ML-ROL-MSLV,GBCylAmb9RollMattSl,Cylinder,"Cylinder design 9ml,1/3 oz amber glass bottle with plastic roller ball plug and matte silver cap. For use with perfume or fragrance oil, essential oils, aromatic oils and aromatherapy. Price each",Amber,9 ml (0.3 oz),madison_generated_evidence,https://likkskifwsrvszxdvufw.supabase.co/storage/v1/object/public/generated-images/4ab1ac72-cd7e-4faf-9152-5aa5f2862411/d4cd4ae9-a9a8-4ea6-ab6f-fd1e19078e5e/paper-doll/master_corrected_1779613763806_fkiyhf.png,
GB-CYL-CLR-9ML-MRL-SLDT-01,GBCylSwrl9MtlRollSlDot,Cylinder,"Cylinder swirl design 9ml,1/3 oz glass bottle with metal roller ball plug and silver dot cap. For use with perfume or fragrance oil, essential oils, aromatic oils and aromatherapy. Price each",Swirl,9 ml (0.3 oz),madison_generated_evidence,https://likkskifwsrvszxdvufw.supabase.co/storage/v1/object/public/generated-images/4ab1ac72-cd7e-4faf-9152-5aa5f2862411/d4cd4ae9-a9a8-4ea6-ab6f-fd1e19078e5e/best-bottles/reference-imports/Cylinder/GB-CYL-CLR-9ML-MRL-SLDT-01_1779613083407_472c1r.png,
GB-CYL-CLR-9ML-SPR-SSLV-02,GBTallCyl9SprySlSh,Cylinder,"Tall cylinder design 9ml, 1/3oz Clear glass bottle with shiny silver spray. Fine mist sprayer for use with perfumes and colognes. Refillable, slender bottle with attractive heavy base. Price each",Clear,9 ml (0.3 oz),madison_generated_evidence,https://likkskifwsrvszxdvufw.supabase.co/storage/v1/object/public/generated-images/4ab1ac72-cd7e-4faf-9152-5aa5f2862411/d4cd4ae9-a9a8-4ea6-ab6f-fd1e19078e5e/best-bottles/reference-imports/Cylinder/GB-CYL-CLR-9ML-SPR-SSLV-02_1779612375646_8qz0hf.png,
GB-SQR-CLR-15ML-MRL-BKDT,GBSqr15MtlRollBlkDot,Square,"Square design 15ml, 1/2oz Clear glass bottle with metal roller ball plug and black shiny cap with dots. For use with perfume or fragrance oil, essential oils, aromatic oils and aromatherapy. Refillable, classic style bottle good for promotions and decants",Clear,15 ml (0.51 oz),madison_generated_evidence,https://likkskifwsrvszxdvufw.supabase.co/storage/v1/object/public/generated-images/4ab1ac72-cd7e-4faf-9152-5aa5f2862411/best-bottles/reference-images/GB-SQR-CLR-15ML-MRL-BKDT__GBSqr15MtlRollBlkDot__pdp-main__v001.png,
LB-CYL-CLR-50ML-LPM-CPR,LBCyl50LtnCu,Cylinder,"Cylinder design 50 ml, 1.7oz clear glass bottle with matte copper lotion pump. For use with serums, light creams, moisturizers, facial oils or face oils, beard oils, body lotions, body wash, and hair products. Cylinder design is a family of bottles availa",Clear,50 ml (1.69 oz),madison_generated_evidence,https://likkskifwsrvszxdvufw.supabase.co/storage/v1/object/public/generated-images/4ab1ac72-cd7e-4faf-9152-5aa5f2862411/d4cd4ae9-a9a8-4ea6-ab6f-fd1e19078e5e/paper-doll/master_corrected_1779984300548_r1czpg.png,
GB-CYL-AMB-9ML-ROL-PKDT,GBCylAmb9RollPnkDot,Cylinder,"Cylinder design 9ml,1/3 oz amber glass bottle with plastic roller ball plug and pink dot cap. For use with perfume or fragrance oil, essential oils, aromatic oils and aromatherapy. Price each",Amber,9 ml (0.3 oz),madison_generated_evidence,https://likkskifwsrvszxdvufw.supabase.co/storage/v1/object/public/generated-images/4ab1ac72-cd7e-4faf-9152-5aa5f2862411/d4cd4ae9-a9a8-4ea6-ab6f-fd1e19078e5e/paper-doll/master_corrected_1779613817131_xqpzp7.png,
GB-CYL-CLR-9ML-MRL-PKDT-01,GBCylSwrl9MtlRollPnkDot,Cylinder,"Cylinder swirl design 9ml,1/3 oz glass bottle with metal roller ball plug and pink dot cap. For use with perfume or fragrance oil, essential oils, aromatic oils and aromatherapy. Price each",Swirl,9 ml (0.3 oz),madison_generated_evidence,https://likkskifwsrvszxdvufw.supabase.co/storage/v1/object/public/generated-images/4ab1ac72-cd7e-4faf-9152-5aa5f2862411/d4cd4ae9-a9a8-4ea6-ab6f-fd1e19078e5e/best-bottles/reference-imports/Cylinder/GB-CYL-CLR-9ML-MRL-PKDT-01_1779613096926_lapwon.png,
GB-CYL-FRS-9ML-02,GBTallCylFrst9SpryBlkSh,Cylinder,"Tall cylinder design 9ml, 1/3oz frosted glass bottle with shiny black spray. Fine mist sprayer for use with perfumes and colognes. Refillable, slender bottle with attractive heavy base. Price each",Frosted,9 ml (0.3 oz),madison_generated_evidence,https://likkskifwsrvszxdvufw.supabase.co/storage/v1/object/public/generated-images/4ab1ac72-cd7e-4faf-9152-5aa5f2862411/best-bottles/reference-images/GB-CYL-FRS-9ML-02__GBTallCylFrst9SpryBlkSh__pdp-main__v001.png,
LB-EMP-CLR-50ML-LPM-MGLD,LBEmp50LtnMtGl,Empire,"Empire design 50 ml, 1.7oz clear glass bottle with matte gold lotion pump. For use with serums, light creams, moisturizers, facial oils or face oils, beard oils, body lotions, body wash, and hair products. Empire design bottle is available in 2 sizes, 50m",Clear,50 ml (1.69 oz),madison_generated_evidence,https://likkskifwsrvszxdvufw.supabase.co/storage/v1/object/public/generated-images/4ab1ac72-cd7e-4faf-9152-5aa5f2862411/1777194525817-581e6031-8efd-4b96-9ca2-aca2ea1fbab3.png,
GB-CYL-AMB-9ML-ROL-SBLK,GBCylAmb9RollShBlk,Cylinder,"Cylinder design 9ml,1/3 oz amber glass bottle with plastic roller ball plug and shiny black cap. For use with perfume or fragrance oil, essential oils, aromatic oils and aromatherapy. Price each",Amber,9 ml (0.3 oz),madison_generated_evidence,https://likkskifwsrvszxdvufw.supabase.co/storage/v1/object/public/generated-images/4ab1ac72-cd7e-4faf-9152-5aa5f2862411/d4cd4ae9-a9a8-4ea6-ab6f-fd1e19078e5e/paper-doll/master_corrected_1779613872706_ogulsx.png,
GB-CYL-CLR-9ML-MRL-MGLD-01,GBCylSwrl9MtlRollMattGl,Cylinder,"Cylinder swirl design 9ml,1/3 oz glass bottle with metal roller ball plug and matte gold cap. For use with perfume or fragrance oil, essential oils, aromatic oils and aromatherapy. Price each",Swirl,9 ml (0.3 oz),madison_generated_evidence,https://likkskifwsrvszxdvufw.supabase.co/storage/v1/object/public/generated-images/4ab1ac72-cd7e-4faf-9152-5aa5f2862411/d4cd4ae9-a9a8-4ea6-ab6f-fd1e19078e5e/best-bottles/reference-imports/Cylinder/GB-CYL-CLR-9ML-MRL-MGLD-01_1779613089336_4p9zef.png,
GB-CYL-FRS-9ML-03,GBTallCylFrst9SpryBluMatt,Cylinder,"Tall cylinder design 9ml, 1/3oz frosted glass bottle with matte blue spray. Fine mist sprayer for use with perfumes and colognes. Refillable, slender bottle with attractive heavy base. Price each",Frosted,9 ml (0.3 oz),madison_generated_evidence,https://likkskifwsrvszxdvufw.supabase.co/storage/v1/object/public/generated-images/4ab1ac72-cd7e-4faf-9152-5aa5f2862411/best-bottles/reference-images/GB-CYL-FRS-9ML-03__GBTallCylFrst9SpryBluMatt__pdp-main__v001.png,
PKG-BOX-BWIN-BLU,BoxBWndwBlueFthr,Gift Box,"Blue Feather design folding carton box with window. Size 1.5\x 1.5""x 3.5\"""".""""""",Blue,0 ml (0 oz),madison_generated_evidence,https://likkskifwsrvszxdvufw.supabase.co/storage/v1/object/public/generated-images/4ab1ac72-cd7e-4faf-9152-5aa5f2862411/best-bottles/reference-images/PKG-BOX-BWIN-BLU__BoxBWndwBlueFthr__pdp-main__v001.png,
GB-CYL-CLR-9ML-MRL-SGLD-01,GBCylSwrl9MtlRollShnGl,Cylinder,"Cylinder swirl design 9ml,1/3 oz glass bottle with metal roller ball plug and shiny gold cap. For use with perfume or fragrance oil, essential oils, aromatic oils and aromatherapy. Price each",Swirl,9 ml (0.3 oz),madison_generated_evidence,https://likkskifwsrvszxdvufw.supabase.co/storage/v1/object/public/generated-images/4ab1ac72-cd7e-4faf-9152-5aa5f2862411/d4cd4ae9-a9a8-4ea6-ab6f-fd1e19078e5e/best-bottles/reference-imports/Cylinder/GB-CYL-CLR-9ML-MRL-SGLD-01_1779613092111_y48uuk.png,
GB-CYL-AMB-9ML-ROL-SGLD,GBCylAmb9RollShnGl,Cylinder,"Cylinder design 9ml,1/3 oz amber glass bottle with plastic roller ball plug and shiny gold cap. For use with perfume or fragrance oil, essential oils, aromatic oils and aromatherapy. Price each",Amber,9 ml (0.3 oz),madison_generated_evidence,https://likkskifwsrvszxdvufw.supabase.co/storage/v1/object/public/generated-images/4ab1ac72-cd7e-4faf-9152-5aa5f2862411/d4cd4ae9-a9a8-4ea6-ab6f-fd1e19078e5e/paper-doll/master_corrected_1779613925274_10kmtw.png,
GB-CYL-FRS-9ML-06,GBTallCylFrst9SpryGlSh,Cylinder,"Tall cylinder design 9ml, 1/3oz frosted glass bottle with shiny gold spray. Fine mist sprayer for use with perfumes and colognes. Refillable, slender bottle with attractive heavy base. Price each",Frosted,9 ml (0.3 oz),madison_generated_evidence,https://likkskifwsrvszxdvufw.supabase.co/storage/v1/object/public/generated-images/4ab1ac72-cd7e-4faf-9152-5aa5f2862411/best-bottles/reference-images/GB-CYL-FRS-9ML-06__GBTallCylFrst9SpryGlSh__pdp-main__v001.png,
GB-BSR-AMB-30ML-MRO-GLD,GBBstnAmb1ozMtlRollonGl,Boston Round,"Boston round design 30ml, 1oz Amber glass bottle with metal roller plug and shiny gold cap. For use with perfume or fragrance oil, essential oils, aromatic oils and aromatherapy. Refillable bottle with large, 12mm diameter metal-roller ball. Price each",Amber,30 ml (1.01 oz),madison_generated_evidence,https://likkskifwsrvszxdvufw.supabase.co/storage/v1/object/public/generated-images/4ab1ac72-cd7e-4faf-9152-5aa5f2862411/d4cd4ae9-a9a8-4ea6-ab6f-fd1e19078e5e/paper-doll/master_corrected_1779651712544_2l6il3.png,
PKG-BOX-BWIN-ERTH,BoxBWndwEarthBrush,Gift Box,"Earth Brush design folding carton box with window. Size 1.5\x 1.5""x 3.5\"""".""""""",,0 ml (0 oz),madison_generated_evidence,https://likkskifwsrvszxdvufw.supabase.co/storage/v1/object/public/generated-images/4ab1ac72-cd7e-4faf-9152-5aa5f2862411/best-bottles/reference-images/PKG-BOX-BWIN-ERTH__BoxBWndwEarthBrush__pdp-main__v001.png,
GB-CYL-AMB-9ML-ROL-SSLV,GBCylAmb9RollShnSl,Cylinder,"Cylinder design 9ml,1/3 oz amber glass bottle with plastic roller ball plug and shiny silver cap. For use with perfume or fragrance oil, essential oils, aromatic oils and aromatherapy. Price each",Amber,9 ml (0.3 oz),madison_generated_evidence,https://likkskifwsrvszxdvufw.supabase.co/storage/v1/object/public/generated-images/4ab1ac72-cd7e-4faf-9152-5aa5f2862411/d4cd4ae9-a9a8-4ea6-ab6f-fd1e19078e5e/paper-doll/master_corrected_1779613983267_woqcry.png,
GB-CYL-CLR-9ML-MRL-SSLV-01,GBCylSwrl9MtlRollShnSl,Cylinder,"Cylinder swirl design 9ml,1/3 oz glass bottle with metal roller ball plug and shiny silver cap. For use with perfume or fragrance oil, essential oils, aromatic oils and aromatherapy. Price each",Swirl,9 ml (0.3 oz),madison_generated_evidence,https://likkskifwsrvszxdvufw.supabase.co/storage/v1/object/public/generated-images/4ab1ac72-cd7e-4faf-9152-5aa5f2862411/d4cd4ae9-a9a8-4ea6-ab6f-fd1e19078e5e/best-bottles/reference-imports/Cylinder/GB-CYL-CLR-9ML-MRL-SSLV-01_1779613076682_gk4i58.png,
GB-CYL-FRS-9ML-05,GBTallCylFrst9SpryGlMatt,Cylinder,"Tall cylinder design 9ml, 1/3oz frosted glass bottle with matte gold spray. Fine mist sprayer for use with perfumes and colognes. Refillable, slender bottle with attractive heavy base. Price each",Frosted,9 ml (0.3 oz),madison_generated_evidence,https://likkskifwsrvszxdvufw.supabase.co/storage/v1/object/public/generated-images/4ab1ac72-cd7e-4faf-9152-5aa5f2862411/best-bottles/reference-images/GB-CYL-FRS-9ML-05__GBTallCylFrst9SpryGlMatt__pdp-main__v001.png,
PKG-BOX-BWIN-GRN,BoxBWndwGreenBrush,Gift Box,"Green Brush design folding carton box with window. Size 1.5\x 1.5""x 3.5\"""".""""""",Green,0 ml (0 oz),madison_generated_evidence,https://likkskifwsrvszxdvufw.supabase.co/storage/v1/object/public/generated-images/4ab1ac72-cd7e-4faf-9152-5aa5f2862411/best-bottles/reference-images/PKG-BOX-BWIN-GRN__BoxBWndwGreenBrush__pdp-main__v001.png,
GB-BSR-BLU-30ML-MRO-GLD,GBBstnBlu1ozMtlRollonGl,Boston Round,"Boston round design 30ml, 1oz Cobalt blue glass bottle with metal roller plug and shiny gold cap. For use with perfume or fragrance oil, essential oils, aromatic oils and aromatherapy. Refillable bottle with large, 12mm diameter metal-roller ball. Price e",Cobalt Blue,30 ml (1.01 oz),madison_generated_evidence,https://likkskifwsrvszxdvufw.supabase.co/storage/v1/object/public/generated-images/4ab1ac72-cd7e-4faf-9152-5aa5f2862411/d4cd4ae9-a9a8-4ea6-ab6f-fd1e19078e5e/paper-doll/master_corrected_1779652303229_3x1qql.png,
GB-CIR-FRS-50ML-RDC-IVR,GBCrclFrst50RdcrIvyLthr,Circle,"Circle design 50 ml, 1.7oz  frosted glass bottle  with reducer and ivoryfaux leather cap. For use with cologne, aftershave, splash on, and perfume or fragrance oil, beard oils. Circle design is a famiily of bottles available in 15ml, 30ml, 50ml and 100ml",Frosted,50 ml (1.69 oz),madison_generated_evidence,https://likkskifwsrvszxdvufw.supabase.co/storage/v1/object/public/generated-images/4ab1ac72-cd7e-4faf-9152-5aa5f2862411/d4cd4ae9-a9a8-4ea6-ab6f-fd1e19078e5e/best-bottles/reference-imports/Circle/GB-CIR-FRS-50ML-RDC-IVR_1779525142717_04n8rf.png,
GB-CYL-CLR-9ML-MRL-MCPR-01,GBCylSwrl9MtlRollMattCu,Cylinder,"Cylinder swirl design 9ml,1/3 oz glass bottle with metal roller ball plug and matte copper cap. For use with perfume or fragrance oil, essential oils, aromatic oils and aromatherapy. Price each",Swirl,9 ml (0.3 oz),madison_generated_evidence,https://likkskifwsrvszxdvufw.supabase.co/storage/v1/object/public/generated-images/4ab1ac72-cd7e-4faf-9152-5aa5f2862411/d4cd4ae9-a9a8-4ea6-ab6f-fd1e19078e5e/best-bottles/reference-imports/Cylinder/GB-CYL-CLR-9ML-MRL-MCPR-01_1779613100324_vaccjr.png,
GB-CYL-AMB-9ML-ROL-SLDT,GBCylAmb9RollSlDot,Cylinder,"Cylinder design 9ml,1/3 oz amber glass bottle with plastic roller ball plug and silver dot cap. For use with perfume or fragrance oil, essential oils, aromatic oils and aromatherapy. Price each",Amber,9 ml (0.3 oz),madison_generated_evidence,https://likkskifwsrvszxdvufw.supabase.co/storage/v1/object/public/generated-images/4ab1ac72-cd7e-4faf-9152-5aa5f2862411/d4cd4ae9-a9a8-4ea6-ab6f-fd1e19078e5e/paper-doll/master_corrected_1779614052405_07yag7.png,
GB-CYL-FRS-9ML-07,GBTallCylFrst9SprySlMatt,Cylinder,"Tall cylinder design 9ml, 1/3oz frosted glass bottle with matte silver spray. Fine mist sprayer for use with perfumes and colognes. Refillable, slender bottle with attractive heavy base. Price each",Frosted,9 ml (0.3 oz),madison_generated_evidence,https://likkskifwsrvszxdvufw.supabase.co/storage/v1/object/public/generated-images/4ab1ac72-cd7e-4faf-9152-5aa5f2862411/best-bottles/reference-images/GB-CYL-FRS-9ML-07__GBTallCylFrst9SprySlMatt__pdp-main__v001.png,
GB-CYL-CLR-50ML-RDC-SGLD,GBCyl50RdcrShnGl,Cylinder,"Cylinder design 50 ml, 1.7oz  clear glass bottle  with reducer and shiny gold cap. For use with cologne, aftershave, splash on, and perfume or fragrance oil, beard oils. Cylinder design is a family of bottles available in 30ml, 50ml and 100ml sizes. Price",Clear,50 ml (1.69 oz),madison_generated_evidence,https://likkskifwsrvszxdvufw.supabase.co/storage/v1/object/public/generated-images/4ab1ac72-cd7e-4faf-9152-5aa5f2862411/d4cd4ae9-a9a8-4ea6-ab6f-fd1e19078e5e/paper-doll/master_corrected_1779981704365_cdvoid.png,
GB-CYL-CLR-9ML-MRL-SBLK-01,GBCylSwrl9MtlRollShBlk,Cylinder,"Cylinder swirl design 9ml,1/3 oz glass bottle with metal roller ball plug and shiny black cap. For use with perfume or fragrance oil, essential oils, aromatic oils and aromatherapy. Price each",Swirl,9 ml (0.3 oz),madison_generated_evidence,https://likkskifwsrvszxdvufw.supabase.co/storage/v1/object/public/generated-images/4ab1ac72-cd7e-4faf-9152-5aa5f2862411/d4cd4ae9-a9a8-4ea6-ab6f-fd1e19078e5e/best-bottles/reference-imports/Cylinder/GB-CYL-CLR-9ML-MRL-SBLK-01_1779613077462_5ocrnn.png,
GB-CYL-FRS-9ML-08,GBTallCylFrst9SprySlSh,Cylinder,"Tall cylinder design 9ml, 1/3oz frosted glass bottle with shiny silver spray. Fine mist sprayer for use with perfumes and colognes. Refillable, slender bottle with attractive heavy base. Price each",Frosted,9 ml (0.3 oz),madison_generated_evidence,https://likkskifwsrvszxdvufw.supabase.co/storage/v1/object/public/generated-images/4ab1ac72-cd7e-4faf-9152-5aa5f2862411/best-bottles/reference-images/GB-CYL-FRS-9ML-08__GBTallCylFrst9SprySlSh__pdp-main__v001.png,
PKG-BOX-BWIN-ORNG,BoxBWndwOrngShade,Gift Box,"Orange Shade design folding carton box with window. Size: 1.5\deep x 1.5""Wide x 3.5\""""High.""""""",,0 ml (0 oz),madison_generated_evidence,https://likkskifwsrvszxdvufw.supabase.co/storage/v1/object/public/generated-images/4ab1ac72-cd7e-4faf-9152-5aa5f2862411/best-bottles/reference-images/PKG-BOX-BWIN-ORNG__BoxBWndwOrngShade__pdp-main__v001.png,
GB-CYL-CLR-50ML-RDC-SBLK-T,GBCyl50RdcrShnBlkTall,Cylinder,"Cylinder design 50 ml, 1.7oz  clear glass bottle  with reducer and tall black shiny cap. For use with cologne, aftershave, splash on, and perfume or fragrance oil, beard oils. Cylinder design is a family of bottles available in 30ml, 50ml and 100ml sizes.",Clear,50 ml (1.69 oz),madison_generated_evidence,https://likkskifwsrvszxdvufw.supabase.co/storage/v1/object/public/generated-images/4ab1ac72-cd7e-4faf-9152-5aa5f2862411/d4cd4ae9-a9a8-4ea6-ab6f-fd1e19078e5e/paper-doll/master_corrected_1779981776840_e2h7e8.png,
GB-CYL-FRS-9ML-04,GBTallCylFrst9SpryCuMatt,Cylinder,"Tall cylinder design 9ml, 1/3oz frosted glass bottle with matte copper spray. For use with fine mist sprayer for use with perfumes and colognes. Refillable, slender bottle with attractive heavy base. Price each",Frosted,9 ml (0.3 oz),madison_generated_evidence,https://likkskifwsrvszxdvufw.supabase.co/storage/v1/object/public/generated-images/4ab1ac72-cd7e-4faf-9152-5aa5f2862411/best-bottles/reference-images/GB-CYL-FRS-9ML-04__GBTallCylFrst9SpryCuMatt__pdp-main__v001.png,
GB-CYL-CLR-50ML-RDC-SBLK,GBCyl50RdcrShnBlk,Cylinder,"Cylinder design 50 ml, 1.7oz  clear glass bottle  with reducer and black shiny cap. For use with cologne, aftershave, splash on, and perfume or fragrance oil, beard oils. Cylinder design is a family of bottles available in 30ml, 50ml and 100ml sizes. Pric",Clear,50 ml (1.69 oz),madison_generated_evidence,https://likkskifwsrvszxdvufw.supabase.co/storage/v1/object/public/generated-images/4ab1ac72-cd7e-4faf-9152-5aa5f2862411/d4cd4ae9-a9a8-4ea6-ab6f-fd1e19078e5e/paper-doll/master_corrected_1779981838813_wl42ws.png,
GB-CYL-CLR-9ML-MRL-SBLK-02,GBTallCyl9MtlRollBlkSh,Cylinder,"Tall cylinder design 9ml, 1/3oz Clear glass bottle with metal roller ball plug and black shiny cap. For use with perfume or fragrance oil, essential oils, aromatic oils and aromatherapy. Refillable, slender bottle with attractive heavy base. Price each",Clear,9 ml (0.3 oz),madison_generated_evidence,https://likkskifwsrvszxdvufw.supabase.co/storage/v1/object/public/generated-images/4ab1ac72-cd7e-4faf-9152-5aa5f2862411/best-bottles/reference-images/GB-CYL-CLR-9ML-MRL-SBLK-02__GBTallCyl9MtlRollBlkSh__pdp-main__v001.png,
GB-BSR-CBL-60ML-MRL-SGLD,GBBstnBlu2ozMtlRollonGl,Boston Round,"Boston round design 60ml, 2oz Cobalt blue glass bottle with metal roller ball plug and shiny gold cap. For use with perfume or fragrance oil, essential oils, aromatic oils and aromatherapy. Refillable bottle with large, 12mm diameter metal-roller ball. Pr",Cobalt Blue,60 ml (2.03 oz),madison_generated_evidence,https://likkskifwsrvszxdvufw.supabase.co/storage/v1/object/public/generated-images/4ab1ac72-cd7e-4faf-9152-5aa5f2862411/d4cd4ae9-a9a8-4ea6-ab6f-fd1e19078e5e/paper-doll/master_corrected_1779654230501_67glko.png,
GB-CYL-CLR-50ML-RDC-BRLT,GBCyl50RdcrBrwnLthr,Cylinder,"Cylinder design 50 ml, 1.7oz  clear glass bottle  with reducer and brown faux leather cap. For use with cologne, aftershave, splash on, and perfume or fragrance oil, beard oils. Cylinder design is a family of bottles available in 30ml, 50ml and 100ml size",Clear,50 ml (1.69 oz),madison_generated_evidence,https://likkskifwsrvszxdvufw.supabase.co/storage/v1/object/public/generated-images/4ab1ac72-cd7e-4faf-9152-5aa5f2862411/d4cd4ae9-a9a8-4ea6-ab6f-fd1e19078e5e/paper-doll/master_corrected_1779981916354_2bfx2n.png,
GB-CYL-CLR-9ML-MRL-MCPR-02,GBTallCyl9MtlRollCuMatt,Cylinder,"Tall cylinder design 9ml, 1/3oz Clear glass bottle with metal roller ball plug and matte copper cap. For use with perfume or fragrance oil, essential oils, aromatic oils and aromatherapy. Refillable, slender bottle with attractive heavy base. Price each",Clear,9 ml (0.3 oz),madison_generated_evidence,https://likkskifwsrvszxdvufw.supabase.co/storage/v1/object/public/generated-images/4ab1ac72-cd7e-4faf-9152-5aa5f2862411/best-bottles/reference-images/GB-CYL-CLR-9ML-MRL-MCPR-02__GBTallCyl9MtlRollCuMatt__pdp-main__v001.png,
GB-CYL-CLR-50ML-RDC-LBLT,GBCyl50RdcrLBrwnLthr,Cylinder,"Cylinder design 50 ml, 1.7oz  clear glass bottle  with reducer and light brown faux leather cap. For use with cologne, aftershave, splash on, and perfume or fragrance oil, beard oils. Cylinder design is a family of bottles available in 30ml, 50ml and 100m",Clear,50 ml (1.69 oz),madison_generated_evidence,https://likkskifwsrvszxdvufw.supabase.co/storage/v1/object/public/generated-images/4ab1ac72-cd7e-4faf-9152-5aa5f2862411/d4cd4ae9-a9a8-4ea6-ab6f-fd1e19078e5e/paper-doll/master_corrected_1779981988140_a3oycg.png,
GB-CYL-CLR-9ML-MRL-MGLD-02,GBTallCyl9MtlRollGlMatt,Cylinder,"Tall cylinder design 9ml, 1/3oz Clear glass bottle with metal roller ball plug and matte gold cap. For use with perfume or fragrance oil, essential oils, aromatic oils and aromatherapy. Refillable, slender bottle with attractive heavy base. Price each",Clear,9 ml (0.3 oz),madison_generated_evidence,https://likkskifwsrvszxdvufw.supabase.co/storage/v1/object/public/generated-images/4ab1ac72-cd7e-4faf-9152-5aa5f2862411/best-bottles/reference-images/GB-CYL-CLR-9ML-MRL-MGLD-02__GBTallCyl9MtlRollGlMatt__pdp-main__v001.png,
GB-DVA-CLR-46ML-T-04,GBDiva46AnSpLvnRng,Diva,"Diva design 46 ml, 1.64oz clear glass bottle with lavendar vintage style bulb sprayer with shiny silver collar cap and jeweled silver ring. For use with cologne, Eau de Parfum, air freshner, face and body spray, or room spray. Antique or vintage bulb spra",Clear,46 ml (1.56 oz),madison_generated_evidence,https://likkskifwsrvszxdvufw.supabase.co/storage/v1/object/public/generated-images/4ab1ac72-cd7e-4faf-9152-5aa5f2862411/d4cd4ae9-a9a8-4ea6-ab6f-fd1e19078e5e/paper-doll/master_corrected_1779508604549_68ux9e.png,
PKG-BOX-CWIN-BLU,BoxCWndwBlueDots,Gift Box,Blue Shade Dot design folding carton box with window. Size 0.75,Blue,0 ml (0 oz),madison_generated_evidence,https://likkskifwsrvszxdvufw.supabase.co/storage/v1/object/public/generated-images/4ab1ac72-cd7e-4faf-9152-5aa5f2862411/best-bottles/reference-images/PKG-BOX-CWIN-BLU__BoxCWndwBlueDots__pdp-main__v001.png,
GB-CYL-CLR-50ML-RDC-SSLV,GBCyl50RdcrShnSl,Cylinder,"Cylinder design 50 ml, 1.7oz  clear glass bottle  with reducer and shiny silver cap. For use with cologne, aftershave, splash on, and perfume or fragrance oil, beard oils. Cylinder design is a family of bottles available in 30ml, 50ml and 100ml sizes. Pri",Clear,50 ml (1.69 oz),madison_generated_evidence,https://likkskifwsrvszxdvufw.supabase.co/storage/v1/object/public/generated-images/4ab1ac72-cd7e-4faf-9152-5aa5f2862411/d4cd4ae9-a9a8-4ea6-ab6f-fd1e19078e5e/paper-doll/master_corrected_1779982054631_ja1aq7.png,
GB-CYL-CLR-9ML-MRL-SGLD-02,GBTallCyl9MtlRollGlSh,Cylinder,"Tall cylinder design 9ml, 1/3oz Clear glass bottle with metal roller ball plug and shiny gold cap. For use with perfume or fragrance oil, essential oils, aromatic oils and aromatherapy. Refillable, slender bottle with attractive heavy base. Price each",Clear,9 ml (0.3 oz),madison_generated_evidence,https://likkskifwsrvszxdvufw.supabase.co/storage/v1/object/public/generated-images/4ab1ac72-cd7e-4faf-9152-5aa5f2862411/best-bottles/reference-images/GB-CYL-CLR-9ML-MRL-SGLD-02__GBTallCyl9MtlRollGlSh__pdp-main__v001.png,
GB-DVA-CLR-46ML-T-02,GBDiva46AnSpIvySlRng,Diva,"Diva design 46 ml, 1.64oz clear glass bottle with Ivory vintage style bulb sprayer with shiny silver collar cap and jeweled silver ring. For use with cologne, Eau de Parfum, air freshner, face and body spray, or room spray. Antique or vintage bulb sprayer",Clear,46 ml (1.56 oz),madison_generated_evidence,https://likkskifwsrvszxdvufw.supabase.co/storage/v1/object/public/generated-images/4ab1ac72-cd7e-4faf-9152-5aa5f2862411/d4cd4ae9-a9a8-4ea6-ab6f-fd1e19078e5e/paper-doll/master_corrected_1779508658491_woposo.png,
GB-CYL-CLR-50ML-RDC-MSLV-T,GBCyl50RdcrMtSlTall,Cylinder,"Cylinder design 50 ml, 1.7oz  clear glass bottle  with reducer and tall silver matte cap. For use with cologne, aftershave, splash on, and perfume or fragrance oil, beard oils. Cylinder design is a family of bottles available in 30ml, 50ml and 100ml sizes",Clear,50 ml (1.69 oz),madison_generated_evidence,https://likkskifwsrvszxdvufw.supabase.co/storage/v1/object/public/generated-images/4ab1ac72-cd7e-4faf-9152-5aa5f2862411/d4cd4ae9-a9a8-4ea6-ab6f-fd1e19078e5e/paper-doll/master_corrected_1779982123794_x22e8e.png,
GB-CYL-CLR-9ML-MRL-PKDT-02,GBTallCyl9MtlRollPinkDot,Cylinder,"Tall cylinder design 9ml, 1/3oz Clear glass bottle with metal roller ball plug and pink cap with dots. For use with perfume or fragrance oil, essential oils, aromatic oils and aromatherapy. Refillable, slender bottle with attractive heavy base. Price each",Clear,9 ml (0.3 oz),madison_generated_evidence,https://likkskifwsrvszxdvufw.supabase.co/storage/v1/object/public/generated-images/4ab1ac72-cd7e-4faf-9152-5aa5f2862411/best-bottles/reference-images/GB-CYL-CLR-9ML-MRL-PKDT-02__GBTallCyl9MtlRollPinkDot__pdp-main__v001.png,
GB-DVA-CLR-46ML-T-05,GBDiva46AnSpRedRng,Diva,"Diva design 46 ml, 1.64oz clear glass bottle with red vintage style bulb sprayer with shiny silver collar cap and jeweled silver ring. For use with cologne, Eau de Parfum, air freshner, face and body spray, or room spray. Antique or vintage bulb sprayers",Clear,46 ml (1.56 oz),madison_generated_evidence,https://likkskifwsrvszxdvufw.supabase.co/storage/v1/object/public/generated-images/4ab1ac72-cd7e-4faf-9152-5aa5f2862411/d4cd4ae9-a9a8-4ea6-ab6f-fd1e19078e5e/paper-doll/master_corrected_1779508721221_1l1bmv.png,
PKG-BOX-CWIN-GNPR,BoxCWndwGreenPrint,Gift Box,Green Print design folding carton box with window. Size 0.75,Green,0 ml (0 oz),madison_generated_evidence,https://likkskifwsrvszxdvufw.supabase.co/storage/v1/object/public/generated-images/4ab1ac72-cd7e-4faf-9152-5aa5f2862411/best-bottles/reference-images/PKG-BOX-CWIN-GNPR__BoxCWndwGreenPrint__pdp-main__v001.png,
GB-CYL-CLR-50ML-RDC-MSLV,GBCyl50RdcrMtSl,Cylinder,"Cylinder design 50 ml, 1.7oz  clear glass bottle  with reducer and silver matte cap. For use with cologne, aftershave, splash on, and perfume or fragrance oil, beard oils. Cylinder design is a family of bottles available in 30ml, 50ml and 100ml sizes. Pri",Clear,50 ml (1.69 oz),madison_generated_evidence,https://likkskifwsrvszxdvufw.supabase.co/storage/v1/object/public/generated-images/4ab1ac72-cd7e-4faf-9152-5aa5f2862411/d4cd4ae9-a9a8-4ea6-ab6f-fd1e19078e5e/paper-doll/master_corrected_1779982187124_br2gzd.png,
GB-CYL-CLR-9ML-MRL-SLDT-02,GBTallCyl9MtlRollSlDot,Cylinder,"Tall cylinder design 9ml, 1/3oz Clear glass bottle with metal roller ball plug and silver cap with dots. For use with perfume or fragrance oil, essential oils, aromatic oils and aromatherapy. Refillable, slender bottle with attractive heavy base. Price ea",Clear,9 ml (0.3 oz),madison_generated_evidence,https://likkskifwsrvszxdvufw.supabase.co/storage/v1/object/public/generated-images/4ab1ac72-cd7e-4faf-9152-5aa5f2862411/best-bottles/reference-images/GB-CYL-CLR-9ML-MRL-SLDT-02__GBTallCyl9MtlRollSlDot__pdp-main__v001.png,
GB-CYL-BLU-9ML-ROL-WHT,GBCylBlu9RollWht,Cylinder,"Cylinder design 9ml,1/3 oz Cobalt blue glass bottle with plastic roller ball plug and white cap. For use with perfume or fragrance oil, essential oils, aromatic oils and aromatherapy. Refillable, Small sized bottle for promotion samples and travel. Price",Cobalt Blue,9 ml (0.3 oz),madison_generated_evidence,https://likkskifwsrvszxdvufw.supabase.co/storage/v1/object/public/generated-images/4ab1ac72-cd7e-4faf-9152-5aa5f2862411/d4cd4ae9-a9a8-4ea6-ab6f-fd1e19078e5e/best-bottles/reference-imports/Cylinder/GB-CYL-BLU-9ML-ROL-WHT_1779632191773_kn413l.png,
PKG-BOX-CWIN-GNSH,BoxCWndwGrnShd,Gift Box,Green Shade design folding carton box with window. Size 0.75,Green,0 ml (0 oz),madison_generated_evidence,https://likkskifwsrvszxdvufw.supabase.co/storage/v1/object/public/generated-images/4ab1ac72-cd7e-4faf-9152-5aa5f2862411/best-bottles/reference-images/PKG-BOX-CWIN-GNSH__BoxCWndwGrnShd__pdp-main__v001.png,
GB-CYL-CLR-50ML-RDC-WHT,GBCyl50RdcrWht,Cylinder,"Cylinder design 50 ml, 1.7oz  clear glass bottle  with reducer and white cap. For use with cologne, aftershave, splash on, and perfume or fragrance oil, beard oils. Cylinder design is a family of bottles available in 30ml, 50ml and 100ml sizes. Price each",Clear,50 ml (1.69 oz),madison_generated_evidence,https://likkskifwsrvszxdvufw.supabase.co/storage/v1/object/public/generated-images/4ab1ac72-cd7e-4faf-9152-5aa5f2862411/d4cd4ae9-a9a8-4ea6-ab6f-fd1e19078e5e/paper-doll/master_corrected_1779982255484_h1j66i.png,
GB-CYL-CLR-9ML-MRL-MSLV-03,GBTallCyl9MtlRollSlMatt,Cylinder,"Tall cylinder design 9ml, 1/3oz Clear glass bottle with metal roller ball plug and matte silver cap. For use with perfume or fragrance oil, essential oils, aromatic oils and aromatherapy. Refillable, slender bottle with attractive heavy base. Price each",Clear,9 ml (0.3 oz),madison_generated_evidence,https://likkskifwsrvszxdvufw.supabase.co/storage/v1/object/public/generated-images/4ab1ac72-cd7e-4faf-9152-5aa5f2862411/best-bottles/reference-images/GB-CYL-CLR-9ML-MRL-MSLV-03__GBTallCyl9MtlRollSlMatt__pdp-main__v001.png,
GB-DVA-CLR-46ML-T-08,GBDiva46AnSpTslLvnRng,Diva,"Diva design 46 ml, 1.64oz  clear glass bottle  with lavendar vintage style bulb sprayer with tassel with shiny silver collar cap and jeweled silver ring. For use with cologne, Eau de Parfum, air freshner, face and body spray, or room spray.  Antique or vi",Clear,46 ml (1.56 oz),madison_generated_evidence,https://likkskifwsrvszxdvufw.supabase.co/storage/v1/object/public/generated-images/4ab1ac72-cd7e-4faf-9152-5aa5f2862411/best-bottles/reference-images/GB-DVA-CLR-46ML-T-08__GBDiva46AnSpTslLvnRng__pdp-main__v001.png,
GB-CYL-BLU-9ML-ROL-SBLK,GBCylBlu9RollShBlk,Cylinder,"Cylinder design 9ml,1/3 oz Cobalt blue glass bottle with plastic roller ball plug and shiny black cap. For use with perfume or fragrance oil, essential oils, aromatic oils and aromatherapy. Refillable, Small sized bottle for promotion samples and travel.",Cobalt Blue,9 ml (0.3 oz),madison_generated_evidence,https://likkskifwsrvszxdvufw.supabase.co/storage/v1/object/public/generated-images/4ab1ac72-cd7e-4faf-9152-5aa5f2862411/d4cd4ae9-a9a8-4ea6-ab6f-fd1e19078e5e/best-bottles/reference-imports/Cylinder/GB-CYL-BLU-9ML-ROL-SBLK_1779632188767_o8b15h.png,
GB-CYL-CLR-50ML-RDC-PKLT,GBCyl50RdcrPnkLthr,Cylinder,"Cylinder design 50 ml, 1.7oz  clear glass bottle  with reducer and pink faux leather cap. For use with cologne, aftershave, splash on, and perfume or fragrance oil, beard oils. Cylinder design is a family of bottles available in 30ml, 50ml and 100ml sizes",Clear,50 ml (1.69 oz),madison_generated_evidence,https://likkskifwsrvszxdvufw.supabase.co/storage/v1/object/public/generated-images/4ab1ac72-cd7e-4faf-9152-5aa5f2862411/d4cd4ae9-a9a8-4ea6-ab6f-fd1e19078e5e/paper-doll/master_corrected_1779982326883_9pcetm.png,
GB-CYL-CLR-9ML-MRL-SSLV-02,GBTallCyl9MtlRollSlSh,Cylinder,"Tall cylinder design 9ml, 1/3oz Clear glass bottle with metal roller ball plug and shiny silver cap. For use with perfume or fragrance oil, essential oils, aromatic oils and aromatherapy. Refillable, slender bottle with attractive heavy base. Price each",Clear,9 ml (0.3 oz),madison_generated_evidence,https://likkskifwsrvszxdvufw.supabase.co/storage/v1/object/public/generated-images/4ab1ac72-cd7e-4faf-9152-5aa5f2862411/best-bottles/reference-images/GB-CYL-CLR-9ML-MRL-SSLV-02__GBTallCyl9MtlRollSlSh__pdp-main__v001.png,
GB-DVA-CLR-46ML-T-07,GBDiva46AnSpTslIvySlRng,Diva,"Diva design 46 ml, 1.64oz  clear glass bottle  with Ivory vintage style bulb sprayer with tassel with shiny silver collar cap and jeweled silver ring. For use with cologne, Eau de Parfum, air freshner, face and body spray, or room spray.  Antique or vinta",Clear,46 ml (1.56 oz),madison_generated_evidence,https://likkskifwsrvszxdvufw.supabase.co/storage/v1/object/public/generated-images/4ab1ac72-cd7e-4faf-9152-5aa5f2862411/best-bottles/reference-images/GB-DVA-CLR-46ML-T-07__GBDiva46AnSpTslIvySlRng__pdp-main__v001.png,
LB-SLM-CLR-50ML-LPM-SBLK,LBSlm50LtnShnBlk,Slim,"Slim design 50 ml, 1.7oz clear glass bottle with shiny black lotion pump. For use with serums, light creams, moisturizers, facial oils or face oils, beard oils, body lotions, body wash, and hair products. Slim design bottle is a family of bottles availabl",Clear,50 ml (1.69 oz),madison_generated_evidence,https://www.bestbottles.com/images/store/caps/18-415LtBlk.png,
GB-CYL-BLU-9ML-ROL-SGLD,GBCylBlu9RollShnGl,Cylinder,"Cylinder design 9ml,1/3 oz Cobalt blue glass bottle with plastic roller ball plug and shiny gold cap. For use with perfume or fragrance oil, essential oils, aromatic oils and aromatherapy. Refillable, Small sized bottle for promotion samples and travel. P",Cobalt Blue,9 ml (0.3 oz),madison_generated_evidence,https://likkskifwsrvszxdvufw.supabase.co/storage/v1/object/public/generated-images/4ab1ac72-cd7e-4faf-9152-5aa5f2862411/d4cd4ae9-a9a8-4ea6-ab6f-fd1e19078e5e/best-bottles/reference-imports/Cylinder/GB-CYL-BLU-9ML-ROL-SGLD_1779632189485_ggmu63.png,
PKG-BOX-CWIN-SLV,BoxCWndwSlvrSunFlwr,Gift Box,Silver Sunflower design folding carton box with window. Size 0.75,Silver,0 ml (0 oz),madison_generated_evidence,https://likkskifwsrvszxdvufw.supabase.co/storage/v1/object/public/generated-images/4ab1ac72-cd7e-4faf-9152-5aa5f2862411/best-bottles/reference-images/PKG-BOX-CWIN-SLV__BoxCWndwSlvrSunFlwr__pdp-main__v001.png,
GB-CYL-CLR-50ML-RDC-IVLT,GBCyl50RdcrIvyLthr,Cylinder,"Cylinder design 50 ml, 1.7oz  clear glass bottle  with reducer and ivory faux leather cap. For use with cologne, aftershave, splash on, and perfume or fragrance oil, beard oils. Cylinder design is a family of bottles available in 30ml, 50ml and 100ml size",Clear,50 ml (1.69 oz),madison_generated_evidence,https://likkskifwsrvszxdvufw.supabase.co/storage/v1/object/public/generated-images/4ab1ac72-cd7e-4faf-9152-5aa5f2862411/d4cd4ae9-a9a8-4ea6-ab6f-fd1e19078e5e/paper-doll/master_corrected_1779982398125_29bpc1.png,
GB-CYL-FRS-9ML-T-08,GBTallCylFrst9MtlRollSlDot,Cylinder,"Tall cylinder design 9ml, 1/3oz frosted glass bottle with metal roller ball plug and silver cap with dots. For use with perfume or fragrance oil, essential oils, aromatic oils and aromatherapy. Refillable, slender bottle with attractive heavy base. Price",Frosted,9 ml (0.3 oz),madison_generated_evidence,https://likkskifwsrvszxdvufw.supabase.co/storage/v1/object/public/generated-images/4ab1ac72-cd7e-4faf-9152-5aa5f2862411/best-bottles/reference-images/GB-CYL-FRS-9ML-T-08__GBTallCylFrst9MtlRollSlDot__pdp-main__v001.png,
GB-DVA-CLR-46ML-T-09,GBDiva46AnSpTslRedRng,Diva,"Diva design 46 ml, 1.64oz  clear glass bottle  with red vintage style bulb sprayer with tassel with shiny silver collar cap and jeweled silver ring. For use with cologne, Eau de Parfum, air freshner, face and body spray, or room spray.  Antique or vintage",Clear,46 ml (1.56 oz),madison_generated_evidence,https://likkskifwsrvszxdvufw.supabase.co/storage/v1/object/public/generated-images/4ab1ac72-cd7e-4faf-9152-5aa5f2862411/best-bottles/reference-images/GB-DVA-CLR-46ML-T-09__GBDiva46AnSpTslRedRng__pdp-main__v001.png,
GB-CYL-BLU-9ML-ROL-SSLV,GBCylBlu9RollShnSl,Cylinder,"Cylinder design 9ml,1/3 oz Cobalt blue glass bottle with plastic roller ball plug and shiny silver cap. For use with perfume or fragrance oil, essential oils, aromatic oils and aromatherapy. Refillable, Small sized bottle for promotion samples and travel.",Cobalt Blue,9 ml (0.3 oz),madison_generated_evidence,https://likkskifwsrvszxdvufw.supabase.co/storage/v1/object/public/generated-images/4ab1ac72-cd7e-4faf-9152-5aa5f2862411/d4cd4ae9-a9a8-4ea6-ab6f-fd1e19078e5e/best-bottles/reference-imports/Cylinder/GB-CYL-BLU-9ML-ROL-SSLV_1779632191035_qrg6cg.png,
PKG-BOX-CWIN-WHT,BoxCWndwWhite,Gift Box,Plain White folding carton box with window. Size 0.75,Clear,0 ml (0 oz),madison_generated_evidence,https://likkskifwsrvszxdvufw.supabase.co/storage/v1/object/public/generated-images/4ab1ac72-cd7e-4faf-9152-5aa5f2862411/best-bottles/reference-images/PKG-BOX-CWIN-WHT__BoxCWndwWhite__pdp-main__v001.png,
GB-CYL-FRS-9ML-T-07,GBTallCylFrst9MtlRollPinkDot,Cylinder,"Tall cylinder design 9ml, 1/3oz frosted glass bottle with metal roller ball plug and pink cap with dots. For use with perfume or fragrance oil, essential oils, aromatic oils and aromatherapy. Refillable, slender bottle with attractive heavy base. Price ea",Frosted,9 ml (0.3 oz),madison_generated_evidence,https://likkskifwsrvszxdvufw.supabase.co/storage/v1/object/public/generated-images/4ab1ac72-cd7e-4faf-9152-5aa5f2862411/best-bottles/reference-images/GB-CYL-FRS-9ML-T-07__GBTallCylFrst9MtlRollPinkDot__pdp-main__v001.png,
GB-DVA-CLR-46ML-T-10,GBDiva46AnSpTslWhtRng,Diva,"Diva design 46 ml, 1.64oz  clear glass bottle  with white vintage style bulb sprayer with tassel with shiny silver collar cap and jeweled silver ring. For use with cologne, Eau de Parfum, air freshner, face and body spray, or room spray.  Antique or vinta",Clear,46 ml (1.56 oz),madison_generated_evidence,https://likkskifwsrvszxdvufw.supabase.co/storage/v1/object/public/generated-images/4ab1ac72-cd7e-4faf-9152-5aa5f2862411/d4cd4ae9-a9a8-4ea6-ab6f-fd1e19078e5e/paper-doll/master_corrected_1779508481668_jvq8ol.png,
GB-CYL-BLU-9ML-ROL-PKDT,GBCylBlu9RollPnkDot,Cylinder,"Cylinder design 9ml,1/3 oz Cobalt blue glass bottle with plastic roller ball plug and pink dot cap. For use with perfume or fragrance oil, essential oils, aromatic oils and aromatherapy. Refillable, Small sized bottle for promotion samples and travel. Pri",Cobalt Blue,9 ml (0.3 oz),madison_generated_evidence,https://likkskifwsrvszxdvufw.supabase.co/storage/v1/object/public/generated-images/4ab1ac72-cd7e-4faf-9152-5aa5f2862411/d4cd4ae9-a9a8-4ea6-ab6f-fd1e19078e5e/best-bottles/reference-imports/Cylinder/GB-CYL-BLU-9ML-ROL-PKDT_1779632187998_pki1ik.png,
GB-DEC-FRS-4ML-GST-GLD-T,GBHeartFrst4KeyGld,Decorative,"Heart design 4 ml, Frosted glass bottle with gold key chain. For use with perfume or fragrance oil, essential oil. Great for Valentines, gifts, promotions, and wedding and party favors. Price each",Frosted,4 ml (0.14 oz),madison_generated_evidence,https://www.bestbottles.com/images/store/enlarged_pics/GBHeartFrst4KeyGld.gif,
GB-CYL-FRS-9ML-T-09,GBTallCylFrst9MtlRollSlMatt,Cylinder,"Tall cylinder design 9ml, 1/3oz frosted glass bottle with metal roller ball plug and matte silver cap. For use with perfume or fragrance oil, essential oils, aromatic oils and aromatherapy. Refillable, slender bottle with attractive heavy base. Price each",Frosted,9 ml (0.3 oz),madison_generated_evidence,https://likkskifwsrvszxdvufw.supabase.co/storage/v1/object/public/generated-images/4ab1ac72-cd7e-4faf-9152-5aa5f2862411/best-bottles/reference-images/GB-CYL-FRS-9ML-T-09__GBTallCylFrst9MtlRollSlMatt__pdp-main__v001.png,
GB-CYL-BLU-9ML-ROL-MSLV,GBCylBlu9RollMattSl,Cylinder,"Cylinder design 9ml,1/3 oz Cobalt blue glass bottle with plastic roller ball plug and matte silver cap. For use with perfume or fragrance oil, essential oils, aromatic oils and aromatherapy. Refillable, Small sized bottle for promotion samples and travel.",Cobalt Blue,9 ml (0.3 oz),madison_generated_evidence,https://likkskifwsrvszxdvufw.supabase.co/storage/v1/object/public/generated-images/4ab1ac72-cd7e-4faf-9152-5aa5f2862411/d4cd4ae9-a9a8-4ea6-ab6f-fd1e19078e5e/best-bottles/reference-imports/Cylinder/GB-CYL-BLU-9ML-ROL-MSLV_1779632187139_606dw2.png,
PKG-BOX-ECRM-CUBE,BoxECreamMatteCube,Gift Box,Cream Matte finish 4 x 3.5 x 4 inches tall box.,Matte,0 ml (0 oz),madison_generated_evidence,https://likkskifwsrvszxdvufw.supabase.co/storage/v1/object/public/generated-images/4ab1ac72-cd7e-4faf-9152-5aa5f2862411/best-bottles/reference-images/PKG-BOX-ECRM-CUBE__BoxECreamMatteCube__pdp-main__v001.png,
GB-CYL-FRS-9ML-T-05,GBTallCylFrst9MtlRollGlMatt,Cylinder,"Tall cylinder design 9ml, 1/3oz frosted glass bottle with metal roller ball plug and matte gold cap. For use with perfume or fragrance oil, essential oils, aromatic oils and aromatherapy. Refillable, slender bottle with attractive heavy base. Price each",Frosted,9 ml (0.3 oz),madison_generated_evidence,https://likkskifwsrvszxdvufw.supabase.co/storage/v1/object/public/generated-images/4ab1ac72-cd7e-4faf-9152-5aa5f2862411/best-bottles/reference-images/GB-CYL-FRS-9ML-T-05__GBTallCylFrst9MtlRollGlMatt__pdp-main__v001.png,
PKG-BOX-ECRM-RECT,BoxECreamMatteRctMed,Gift Box,Cream Matte finish 3.1 x 2.75 x 5.9 inches tall box.,Matte,0 ml (0 oz),madison_generated_evidence,https://likkskifwsrvszxdvufw.supabase.co/storage/v1/object/public/generated-images/4ab1ac72-cd7e-4faf-9152-5aa5f2862411/best-bottles/reference-images/PKG-BOX-ECRM-RECT__BoxECreamMatteRctMed__pdp-main__v001.png,
GB-CYL-BLU-9ML-ROL-SLDT,GBCylBlu9RollSlDot,Cylinder,"Cylinder design 9ml,1/3 oz Cobalt blue glass bottle with plastic roller ball plug and silver dot cap. For use with perfume or fragrance oil, essential oils, aromatic oils and aromatherapy. Refillable, Small sized bottle for promotion samples and travel. P",Cobalt Blue,9 ml (0.3 oz),madison_generated_evidence,https://likkskifwsrvszxdvufw.supabase.co/storage/v1/object/public/generated-images/4ab1ac72-cd7e-4faf-9152-5aa5f2862411/d4cd4ae9-a9a8-4ea6-ab6f-fd1e19078e5e/best-bottles/reference-imports/Cylinder/GB-CYL-BLU-9ML-ROL-SLDT_1779632190327_h23yp8.png,
GB-CYL-FRS-9ML-T-06,GBTallCylFrst9MtlRollGlSh,Cylinder,"Tall cylinder design 9ml, 1/3oz frosted glass bottle with metal roller ball plug and shiny gold cap. For use with perfume or fragrance oil, essential oils, aromatic oils and aromatherapy. Refillable, slender bottle with attractive heavy base. Price each",Frosted,9 ml (0.3 oz),madison_generated_evidence,https://likkskifwsrvszxdvufw.supabase.co/storage/v1/object/public/generated-images/4ab1ac72-cd7e-4faf-9152-5aa5f2862411/best-bottles/reference-images/GB-CYL-FRS-9ML-T-06__GBTallCylFrst9MtlRollGlSh__pdp-main__v001.png,
GB-DEC-FRS-4ML-GST-RED-T,GBHeartFrst4TslRed,Decorative,"Heart design 4 ml, Frosted glass bottle with red tassel. For use with perfume or fragrance oil, essential oil. Great for Valentines, gifts, promotions, and wedding and party favors. Price each",Frosted,4 ml (0.14 oz),madison_generated_evidence,https://www.bestbottles.com/images/store/enlarged_pics/GBHeartFrst4TslRed.gif,
GB-CYL-BLU-9ML-ROL-MGLD,GBCylBlu9RollMattGl,Cylinder,"Cylinder design 9ml,1/3 oz Cobalt blue glass bottle with plastic roller ball plug and matte gold cap. For use with perfume or fragrance oil, essential oils, aromatic oils and aromatherapy. Refillable, Small sized bottle for promotion samples and travel. P",Cobalt Blue,9 ml (0.3 oz),madison_generated_evidence,https://likkskifwsrvszxdvufw.supabase.co/storage/v1/object/public/generated-images/4ab1ac72-cd7e-4faf-9152-5aa5f2862411/d4cd4ae9-a9a8-4ea6-ab6f-fd1e19078e5e/best-bottles/reference-imports/Cylinder/GB-CYL-BLU-9ML-ROL-MGLD_1779632186324_fz4h47.png,
GB-CYL-FRS-9ML-T-10,GBTallCylFrst9MtlRollSlSh,Cylinder,"Tall cylinder design 9ml, 1/3oz frosted glass bottle with metal roller ball plug and shiny silver cap. For use with perfume or fragrance oil, essential oils, aromatic oils and aromatherapy. Refillable, slender bottle with attractive heavy base. Price each",Frosted,9 ml (0.3 oz),madison_generated_evidence,https://likkskifwsrvszxdvufw.supabase.co/storage/v1/object/public/generated-images/4ab1ac72-cd7e-4faf-9152-5aa5f2862411/best-bottles/reference-images/GB-CYL-FRS-9ML-T-10__GBTallCylFrst9MtlRollSlSh__pdp-main__v001.png,
PKG-BOX-WHT-1X1X2,BoxWhite101020,Gift Box,White folding 1.0 x 1.0 x 2.0 inches tall box.,White,0 ml (0 oz),madison_generated_evidence,https://likkskifwsrvszxdvufw.supabase.co/storage/v1/object/public/generated-images/4ab1ac72-cd7e-4faf-9152-5aa5f2862411/best-bottles/reference-images/PKG-BOX-WHT-1X1X2__BoxWhite101020__pdp-main__v001.png,
GB-CYL-BLU-9ML-ROL-MCPR,GBCylBlu9RollMattCu,Cylinder,"Cylinder design 9ml,1/3 oz Cobalt blue glass bottle with plastic roller ball plug and matte copper cap. For use with perfume or fragrance oil, essential oils, aromatic oils and aromatherapy. Refillable, Small sized bottle for promotion samples and travel.",Cobalt Blue,9 ml (0.3 oz),madison_generated_evidence,https://likkskifwsrvszxdvufw.supabase.co/storage/v1/object/public/generated-images/4ab1ac72-cd7e-4faf-9152-5aa5f2862411/d4cd4ae9-a9a8-4ea6-ab6f-fd1e19078e5e/best-bottles/reference-imports/Cylinder/GB-CYL-BLU-9ML-ROL-MCPR_1779632185490_sr4tiq.png,
GB-CYL-FRS-9ML-T-04,GBTallCylFrst9MtlRollCuMatt,Cylinder,"Tall cylinder design 9ml, 1/3oz frosted glass bottle with metal roller ball plug and matte copper cap. For use with perfume or fragrance oil, essential oils, aromatic oils and aromatherapy. Refillable, slender bottle with attractive heavy base. Price each",Frosted,9 ml (0.3 oz),madison_generated_evidence,https://likkskifwsrvszxdvufw.supabase.co/storage/v1/object/public/generated-images/4ab1ac72-cd7e-4faf-9152-5aa5f2862411/best-bottles/reference-images/GB-CYL-FRS-9ML-T-04__GBTallCylFrst9MtlRollCuMatt__pdp-main__v001.png,
GB-CYL-FRS-9ML-ROL-SBLK,GBCylFrst9RollShBlk,Cylinder,"Cylinder design 9ml,1/3 oz frosted glass bottle with plastic roller ball plug and shiny black cap. For use with perfume or fragrance oil, essential oils, aromatic oils and aromatherapy. Price each",Frosted,9 ml (0.3 oz),madison_generated_evidence,https://likkskifwsrvszxdvufw.supabase.co/storage/v1/object/public/generated-images/4ab1ac72-cd7e-4faf-9152-5aa5f2862411/d4cd4ae9-a9a8-4ea6-ab6f-fd1e19078e5e/best-bottles/reference-imports/Cylinder/GB-CYL-FRS-9ML-ROL-SBLK_1779632212354_nwqx6i.png,
GB-CYL-FRS-9ML-T-03,GBTallCylFrst9MtlRollBlkSh,Cylinder,"Tall cylinder design 9ml, 1/3oz frosted glass bottle with metal roller ball plug and black shiny cap. For use with perfume or fragrance oil, essential oils, aromatic oils and aromatherapy. Refillable, slender bottle with attractive heavy base. Price each",Frosted,9 ml (0.3 oz),madison_generated_evidence,https://likkskifwsrvszxdvufw.supabase.co/storage/v1/object/public/generated-images/4ab1ac72-cd7e-4faf-9152-5aa5f2862411/best-bottles/reference-images/GB-CYL-FRS-9ML-T-03__GBTallCylFrst9MtlRollBlkSh__pdp-main__v001.png,
GB-RCT-CLR-10ML-SPR-MBLU-01,GBRect10SpryBluMatt,Rectangle,"Footed rectangular design 10ml, 1/3oz Clear glass bottle with matte blue spray. Fine mist sprayer for use with perfumes and colognes. Refillable, classic style bottle good for promotions and decants. Price each",Clear,10 ml (0.34 oz),madison_generated_evidence,https://likkskifwsrvszxdvufw.supabase.co/storage/v1/object/public/generated-images/4ab1ac72-cd7e-4faf-9152-5aa5f2862411/best-bottles/reference-images/GB-RCT-CLR-10ML-SPR-MBLU-01__GBRect10SpryBluMatt__pdp-main__v001.png,
GB-CYL-FRS-9ML-ROL-SGLD,GBCylFrst9RollShnGl,Cylinder,"Cylinder design 9ml,1/3 oz frosted glass bottle with plastic roller ball plug and shiny gold cap. For use with perfume or fragrance oil, essential oils, aromatic oils and aromatherapy. Price each",Frosted,9 ml (0.3 oz),madison_generated_evidence,https://likkskifwsrvszxdvufw.supabase.co/storage/v1/object/public/generated-images/4ab1ac72-cd7e-4faf-9152-5aa5f2862411/d4cd4ae9-a9a8-4ea6-ab6f-fd1e19078e5e/best-bottles/reference-imports/Cylinder/GB-CYL-FRS-9ML-ROL-SGLD_1779632213138_i639zu.png,
GB-RCT-CLR-10ML-SPR-MCPR-01,GBRect10SpryCuMatt,Rectangle,"Footed rectangular design 10ml, 1/3oz Clear glass bottle with matte copper spray. For use with fine mist sprayer for use with perfumes and colognes. Refillable, classic style bottle good for promotions and decants. Price each",Clear,10 ml (0.34 oz),madison_generated_evidence,https://likkskifwsrvszxdvufw.supabase.co/storage/v1/object/public/generated-images/4ab1ac72-cd7e-4faf-9152-5aa5f2862411/best-bottles/reference-images/GB-RCT-CLR-10ML-SPR-MCPR-01__GBRect10SpryCuMatt__pdp-main__v001.png,
GB-DVA-CLR-46ML-ASP-MSLV,GBDiva46AnSpMtSl,Diva,"Diva design 46 ml, 1.64oz  clear glass bottle  with matte silver vintage style bulb sprayer with matte silver collar cap. For use with cologne, Eau de Parfum, air freshner, face and body spray, or room spray.  Antique or vintage bulb sprayers enhance the",Clear,46 ml (1.56 oz),madison_generated_evidence,https://likkskifwsrvszxdvufw.supabase.co/storage/v1/object/public/generated-images/4ab1ac72-cd7e-4faf-9152-5aa5f2862411/d4cd4ae9-a9a8-4ea6-ab6f-fd1e19078e5e/best-bottles/reference-imports/Diva/GB-DVA-CLR-46ML-ASP-MSLV_1779582736838_ard8rn.png,
GB-CYL-FRS-9ML-ROL-SSLV,GBCylFrst9RollShnSl,Cylinder,"Cylinder design 9ml,1/3 oz frosted glass bottle with plastic roller ball plug and shiny silver cap. For use with perfume or fragrance oil, essential oils, aromatic oils and aromatherapy. Price each",Frosted,9 ml (0.3 oz),madison_generated_evidence,https://likkskifwsrvszxdvufw.supabase.co/storage/v1/object/public/generated-images/4ab1ac72-cd7e-4faf-9152-5aa5f2862411/d4cd4ae9-a9a8-4ea6-ab6f-fd1e19078e5e/best-bottles/reference-imports/Cylinder/GB-CYL-FRS-9ML-ROL-SSLV_1779632214874_hc3470.png,
GB-RCT-CLR-10ML-SPR-MGLD-01,GBRect10SpryGlMatt,Rectangle,"Footed rectangular design 10ml, 1/3oz Clear glass bottle with matte gold spray. Fine mist sprayer for use with perfumes and colognes. Refillable, classic style bottle good for promotions and decants. Price each",Clear,10 ml (0.34 oz),madison_generated_evidence,https://likkskifwsrvszxdvufw.supabase.co/storage/v1/object/public/generated-images/4ab1ac72-cd7e-4faf-9152-5aa5f2862411/best-bottles/reference-images/GB-RCT-CLR-10ML-SPR-MGLD-01__GBRect10SpryGlMatt__pdp-main__v001.png,
GB-DVA-CLR-46ML-ASP-WHT,GBDiva46AnSpWht,Diva,"Diva design 46 ml, 1.64oz  clear glass bottle  with white vintage style bulb sprayer with shiny silver collar cap. For use with cologne, Eau de Parfum, air freshner, face and body spray, or room spray.  Antique or vintage bulb sprayers enhance the beauty",Clear,46 ml (1.56 oz),madison_generated_evidence,https://likkskifwsrvszxdvufw.supabase.co/storage/v1/object/public/generated-images/4ab1ac72-cd7e-4faf-9152-5aa5f2862411/d4cd4ae9-a9a8-4ea6-ab6f-fd1e19078e5e/best-bottles/reference-imports/Diva/GB-DVA-CLR-46ML-ASP-WHT_1779582745792_nztz8l.png,
GB-CYL-FRS-9ML-ROL-PKDT,GBCylFrst9RollPnkDot,Cylinder,"Cylinder design 9ml,1/3 oz frosted glass bottle with plastic roller ball plug and pink dot cap. For use with perfume or fragrance oil, essential oils, aromatic oils and aromatherapy. Price each",Frosted,9 ml (0.3 oz),madison_generated_evidence,https://likkskifwsrvszxdvufw.supabase.co/storage/v1/object/public/generated-images/4ab1ac72-cd7e-4faf-9152-5aa5f2862411/d4cd4ae9-a9a8-4ea6-ab6f-fd1e19078e5e/best-bottles/reference-imports/Cylinder/GB-CYL-FRS-9ML-ROL-PKDT_1779632211659_mcm30w.png,
GB-DVA-CLR-46ML-AST-IVGD,GBDiva46AnSpTslIvyGl,Diva,"Diva design 46 ml, 1.64oz  clear glass bottle  with ivory vintage style bulb sprayer with tassel with shiny gold collar cap. For use with cologne, Eau de Parfum, air freshner, face and body spray, or room spray.  Antique or vintage bulb sprayers enhance t",Clear,46 ml (1.56 oz),madison_generated_evidence,https://likkskifwsrvszxdvufw.supabase.co/storage/v1/object/public/generated-images/4ab1ac72-cd7e-4faf-9152-5aa5f2862411/d4cd4ae9-a9a8-4ea6-ab6f-fd1e19078e5e/best-bottles/reference-imports/Diva/GB-DVA-CLR-46ML-AST-IVGD_1779507034578_ce5rkw.png,
GB-ELG-FRS-100ML-ASP-RED,GBElgFrst100AnSpRed,Elegant,"Elegant design 100 ml, 3 1/2oz frosted glass bottle with red vintage style bulb sprayer with shiny silver collar cap. For use with cologne, Eau de Parfum, air freshner, face and body spray, or room spray.  Antique or vintage bulb sprayers enhance the beau",Frosted,100 ml (3.38 oz),madison_generated_evidence,https://likkskifwsrvszxdvufw.supabase.co/storage/v1/object/public/generated-images/4ab1ac72-cd7e-4faf-9152-5aa5f2862411/d4cd4ae9-a9a8-4ea6-ab6f-fd1e19078e5e/best-bottles/reference-imports/Elegant/GB-ELG-FRS-100ML-ASP-RED_1779482909508_i6t9av.png,
GB-CYL-FRS-9ML-ROL-SLDT,GBCylFrst9RollSlDot,Cylinder,"Cylinder design 9ml,1/3 oz frosted glass bottle with plastic roller ball plug and silver dot cap. For use with perfume or fragrance oil, essential oils, aromatic oils and aromatherapy. Price each",Frosted,9 ml (0.3 oz),madison_generated_evidence,https://likkskifwsrvszxdvufw.supabase.co/storage/v1/object/public/generated-images/4ab1ac72-cd7e-4faf-9152-5aa5f2862411/d4cd4ae9-a9a8-4ea6-ab6f-fd1e19078e5e/best-bottles/reference-imports/Cylinder/GB-CYL-FRS-9ML-ROL-SLDT_1779632214111_pc8gvi.png,
PKG-BOX-WHT-4X4X4,Box-4x4x4,Gift Box,Corrugated Box 4 x 4 x 4. 32 lbs ECT,White,0 ml (0 oz),madison_generated_evidence,https://likkskifwsrvszxdvufw.supabase.co/storage/v1/object/public/generated-images/4ab1ac72-cd7e-4faf-9152-5aa5f2862411/best-bottles/reference-images/PKG-BOX-WHT-4X4X4__Box-4x4x4__pdp-main__v001.png,
GB-RCT-CLR-10ML-SPR-MSLV-01,GBRect10SprySlMatt,Rectangle,"Footed rectangular design 10ml, 1/3oz Clear glass bottle with matte silver spray. Fine mist sprayer for use with perfumes and colognes. Refillable, classic style bottle good for promotions and decants. Price each",Clear,10 ml (0.34 oz),madison_generated_evidence,https://likkskifwsrvszxdvufw.supabase.co/storage/v1/object/public/generated-images/4ab1ac72-cd7e-4faf-9152-5aa5f2862411/best-bottles/reference-images/GB-RCT-CLR-10ML-SPR-MSLV-01__GBRect10SprySlMatt__pdp-main__v001.png,
GB-DVA-CLR-46ML-AST-PNK,GBDiva46AnSpTslPnk,Diva,"Diva design 46 ml, 1.64oz  clear glass bottle with pink vintage style bulb sprayer with tassel with shiny gold collar cap. For use with cologne, Eau de Parfum, air freshner, face and body spray, or room spray.  Antique or vintage bulb sprayers enhance the",Clear,46 ml (1.56 oz),madison_generated_evidence,https://likkskifwsrvszxdvufw.supabase.co/storage/v1/object/public/generated-images/4ab1ac72-cd7e-4faf-9152-5aa5f2862411/d4cd4ae9-a9a8-4ea6-ab6f-fd1e19078e5e/best-bottles/reference-imports/Diva/GB-DVA-CLR-46ML-AST-PNK_1779507049570_iijxnt.png,
GB-ELG-FRS-100ML-ASP-IVGD,GBElgFrst100AnSpIvyGl,Elegant,"Elegant design 100 ml, 3 1/2oz frosted glass bottle with ivory vintage style bulb sprayer with shiny gold collar cap. For use with cologne, Eau de Parfum, air freshner, face and body spray, or room spray.  Antique or vintage bulb sprayers enhance the beau",Frosted,100 ml (3.38 oz),madison_generated_evidence,https://likkskifwsrvszxdvufw.supabase.co/storage/v1/object/public/generated-images/4ab1ac72-cd7e-4faf-9152-5aa5f2862411/d4cd4ae9-a9a8-4ea6-ab6f-fd1e19078e5e/best-bottles/reference-imports/Elegant/GB-ELG-FRS-100ML-ASP-IVGD_1779482913012_ngfa7m.png,
GB-CYL-FRS-9ML-ROL-MSLV,GBCylFrst9RollMattSl,Cylinder,"Cylinder design 9ml,1/3 oz frosted glass bottle with plastic roller ball plug and matte silver cap. For use with perfume or fragrance oil, essential oils, aromatic oils and aromatherapy. Price each",Frosted,9 ml (0.3 oz),madison_generated_evidence,https://likkskifwsrvszxdvufw.supabase.co/storage/v1/object/public/generated-images/4ab1ac72-cd7e-4faf-9152-5aa5f2862411/d4cd4ae9-a9a8-4ea6-ab6f-fd1e19078e5e/best-bottles/reference-imports/Cylinder/GB-CYL-FRS-9ML-ROL-MSLV_1779632210952_xjtnei.png,
PKG-BOX-WHT-5X5X5,Box-5x5x5,Gift Box,Corrugated Box 5 x 5 x 5. 32 lbs ECT,White,0 ml (0 oz),madison_generated_evidence,https://likkskifwsrvszxdvufw.supabase.co/storage/v1/object/public/generated-images/4ab1ac72-cd7e-4faf-9152-5aa5f2862411/best-bottles/reference-images/PKG-BOX-WHT-5X5X5__Box-5x5x5__pdp-main__v001.png,
GB-DVA-CLR-46ML-AST-LVN,GBDiva46AnSpTslLvn,Diva,"Diva design 46 ml, 1.64oz  clear glass bottle  with lavendar vintage style bulb sprayer with shiny silver collar cap. For use with cologne, Eau de Parfum, air freshner, face and body spray, or room spray.  Antique or vintage bulb sprayers enhance the beau",Clear,46 ml (1.56 oz),madison_generated_evidence,https://likkskifwsrvszxdvufw.supabase.co/storage/v1/object/public/generated-images/4ab1ac72-cd7e-4faf-9152-5aa5f2862411/d4cd4ae9-a9a8-4ea6-ab6f-fd1e19078e5e/best-bottles/reference-imports/Diva/GB-DVA-CLR-46ML-AST-LVN_1779507046128_y6bfza.png,
GB-ELG-FRS-100ML-ASP-MSLV,GBElgFrst100AnSpMtSl,Elegant,"Elegant design 100 ml, 3 1/2oz frosted glass bottle with matte silver vintage style sprayer with matte silver collar cap. For use with cologne, Eau de Parfum, air freshner, face and body spray, or room spray.  Antique or vintage bulb sprayers enhance the",Frosted,100 ml (3.38 oz),madison_generated_evidence,https://likkskifwsrvszxdvufw.supabase.co/storage/v1/object/public/generated-images/4ab1ac72-cd7e-4faf-9152-5aa5f2862411/d4cd4ae9-a9a8-4ea6-ab6f-fd1e19078e5e/best-bottles/reference-imports/Elegant/GB-ELG-FRS-100ML-ASP-MSLV_1779482917017_ehmhf3.png,
GB-CYL-FRS-9ML-ROL-MGLD,GBCylFrst9RollMattGl,Cylinder,"Cylinder design 9ml,1/3 oz frosted glass bottle with plastic roller ball plug and matte gold cap. For use with perfume or fragrance oil, essential oils, aromatic oils and aromatherapy. Price each",Frosted,9 ml (0.3 oz),madison_generated_evidence,https://likkskifwsrvszxdvufw.supabase.co/storage/v1/object/public/generated-images/4ab1ac72-cd7e-4faf-9152-5aa5f2862411/d4cd4ae9-a9a8-4ea6-ab6f-fd1e19078e5e/best-bottles/reference-imports/Cylinder/GB-CYL-FRS-9ML-ROL-MGLD_1779632210154_szp1ad.png,
ACC-RCB-12X15,RecloseableBags12x15,Packaging Supply,12inches x 15inches Recloseable Plastic Bags. 100 pieces per packet.,,0 ml (0 oz),madison_generated_evidence,https://likkskifwsrvszxdvufw.supabase.co/storage/v1/object/public/generated-images/4ab1ac72-cd7e-4faf-9152-5aa5f2862411/best-bottles/reference-images/ACC-RCB-12X15__RecloseableBags12x15__pdp-main__v001.png,
GB-DVA-CLR-46ML-AST-GLD,GBDiva46AnSpTslGl,Diva,"Diva design 46 ml, 1.64oz  clear glass bottle  with gold vintage style bulb sprayer with tassel with shiny gold collar cap. For use with cologne, Eau de Parfum, air freshner, face and body spray, or room spray.  Antique or vintage bulb sprayers enhance th",Clear,46 ml (1.56 oz),madison_generated_evidence,https://likkskifwsrvszxdvufw.supabase.co/storage/v1/object/public/generated-images/4ab1ac72-cd7e-4faf-9152-5aa5f2862411/d4cd4ae9-a9a8-4ea6-ab6f-fd1e19078e5e/best-bottles/reference-imports/Diva/GB-DVA-CLR-46ML-AST-GLD_1779507028986_2x26ax.png,
LB-DMD-CLR-60ML-LPM-SBLK,LBDmnd2ozLtnShnBlk,Diamond,"Diamond design 60ml, 2 ounce clear glass bottle with shiny black lotion pump. For use with serums, light creams, moisturizers, facial oils or face oils, beard oils, body lotions, body wash, and hair products. A classic, multi-faceted bottle. Price each",Clear,60 ml (2.03 oz),madison_generated_evidence,https://likkskifwsrvszxdvufw.supabase.co/storage/v1/object/public/generated-images/4ab1ac72-cd7e-4faf-9152-5aa5f2862411/d4cd4ae9-a9a8-4ea6-ab6f-fd1e19078e5e/paper-doll/master_corrected_1779532099314_1vz10s.png,
GB-CYL-FRS-9ML-ROL-MCPR,GBCylFrst9RollMattCu,Cylinder,"Cylinder design 9ml,1/3 oz frosted glass bottle with plastic roller ball plug and matte copper cap. For use with perfume or fragrance oil, essential oils, aromatic oils and aromatherapy. Price each",Frosted,9 ml (0.3 oz),madison_generated_evidence,https://likkskifwsrvszxdvufw.supabase.co/storage/v1/object/public/generated-images/4ab1ac72-cd7e-4faf-9152-5aa5f2862411/d4cd4ae9-a9a8-4ea6-ab6f-fd1e19078e5e/best-bottles/reference-imports/Cylinder/GB-CYL-FRS-9ML-ROL-MCPR_1779632209392_a7ph60.png,
ACC-RCB-2X10,RecloseableBags2x10,Packaging Supply,2inches x 10inches Recloseable Plastic Bags. 100pcs per packet.,,0 ml (0 oz),madison_generated_evidence,https://likkskifwsrvszxdvufw.supabase.co/storage/v1/object/public/generated-images/4ab1ac72-cd7e-4faf-9152-5aa5f2862411/best-bottles/reference-images/ACC-RCB-2X10__RecloseableBags2x10__pdp-main__v001.png,
GB-RCT-CLR-10ML-SPR-MBLU-02,GBTallRect10SpryBluMatt,Rectangle,"Tall rectangular design 10ml, 1/3oz Clear glass bottle with matte blue spray. Fine mist sprayer for use with perfumes and colognes. Refillable, slender bottle with attractive heavy base. Price each",Clear,10 ml (0.34 oz),madison_generated_evidence,https://likkskifwsrvszxdvufw.supabase.co/storage/v1/object/public/generated-images/4ab1ac72-cd7e-4faf-9152-5aa5f2862411/best-bottles/reference-images/GB-RCT-CLR-10ML-SPR-MBLU-02__GBTallRect10SpryBluMatt__pdp-main__v001.png,
GB-DVA-CLR-46ML-AST-IVSL,GBDiva46AnSpTslIvySl,Diva,"Diva design 46 ml, 1.64oz  clear glass bottle  with Ivory vintage style bulb sprayer with tassel with shiny silver collar cap. For use with cologne, Eau de Parfum, air freshner, face and body spray, or room spray.  Antique or vintage bulb sprayers enhance",Clear,46 ml (1.56 oz),madison_generated_evidence,https://likkskifwsrvszxdvufw.supabase.co/storage/v1/object/public/generated-images/4ab1ac72-cd7e-4faf-9152-5aa5f2862411/d4cd4ae9-a9a8-4ea6-ab6f-fd1e19078e5e/best-bottles/reference-imports/Diva/GB-DVA-CLR-46ML-AST-IVSL_1779507048488_e6c1mu.png,
GB-ELG-FRS-100ML-ASP-GLD,GBElgFrst100AnSpGl,Elegant,"Elegant design 100 ml, 3 1/2oz frosted glass bottle with gold vintage style sprayer with shiny gold collar cap. For use with cologne, Eau de Parfum, air freshner, face and body spray, or room spray.  Antique or vintage bulb sprayers enhance the beauty of",Frosted,100 ml (3.38 oz),madison_generated_evidence,https://likkskifwsrvszxdvufw.supabase.co/storage/v1/object/public/generated-images/4ab1ac72-cd7e-4faf-9152-5aa5f2862411/d4cd4ae9-a9a8-4ea6-ab6f-fd1e19078e5e/best-bottles/reference-imports/Elegant/GB-ELG-FRS-100ML-ASP-GLD_1779482905724_yegj3h.png,
GB-CYL-FRS-9ML-ROL-WHT,GBCylFrst9RollWht,Cylinder,"Cylinder design 9ml,1/3 oz frosted glass bottle with plastic roller ball plug and white cap. For use with perfume or fragrance oil, essential oils, aromatic oils and aromatherapy. Price each",Frosted,9 ml (0.3 oz),madison_generated_evidence,https://likkskifwsrvszxdvufw.supabase.co/storage/v1/object/public/generated-images/4ab1ac72-cd7e-4faf-9152-5aa5f2862411/d4cd4ae9-a9a8-4ea6-ab6f-fd1e19078e5e/best-bottles/reference-imports/Cylinder/GB-CYL-FRS-9ML-ROL-WHT_1779632215554_qe8tzp.png,
ACC-RCB-2X12,RecloseableBags2x12,Packaging Supply,2inches x 12inches Recloseable Plastic Bags. 100pcs per packet.,,0 ml (0 oz),madison_generated_evidence,https://likkskifwsrvszxdvufw.supabase.co/storage/v1/object/public/generated-images/4ab1ac72-cd7e-4faf-9152-5aa5f2862411/best-bottles/reference-images/ACC-RCB-2X12__RecloseableBags2x12__pdp-main__v001.png,
GB-RCT-CLR-10ML-SPR-MCPR-02,GBTallRect10SpryCuMatt,Rectangle,"Tall rectangular design 10ml, 1/3oz Clear glass bottle with matte copper spray. For use with fine mist sprayer for use with perfumes and colognes. Refillable, slender bottle with attractive heavy base. Price each",Clear,10 ml (0.34 oz),madison_generated_evidence,https://likkskifwsrvszxdvufw.supabase.co/storage/v1/object/public/generated-images/4ab1ac72-cd7e-4faf-9152-5aa5f2862411/best-bottles/reference-images/GB-RCT-CLR-10ML-SPR-MCPR-02__GBTallRect10SpryCuMatt__pdp-main__v001.png,
GB-DVA-CLR-46ML-AST-RED,GBDiva46AnSpTslRed,Diva,"Diva design 46 ml, 1.64oz  clear glass bottle  with red vintage style bulb sprayer with tassel with shiny silver collar cap. For use with cologne, Eau de Parfum, air freshner, face and body spray, or room spray.  Antique or vintage bulb sprayers enhance t",Clear,46 ml (1.56 oz),madison_generated_evidence,https://likkskifwsrvszxdvufw.supabase.co/storage/v1/object/public/generated-images/4ab1ac72-cd7e-4faf-9152-5aa5f2862411/d4cd4ae9-a9a8-4ea6-ab6f-fd1e19078e5e/best-bottles/reference-imports/Diva/GB-DVA-CLR-46ML-AST-RED_1779507042721_igirg2.png,
GB-ELG-FRS-100ML-ASP-IVSL,GBElgFrst100AnSpIvySl,Elegant,"Elegant design 100 ml, 3 1/2oz frosted glass bottle with ivory vintage style bulb sprayer with shiny silver collar cap. For use with cologne, Eau de Parfum, air freshner, face and body spray, or room spray.  Antique or vintage bulb sprayers enhance the be",Frosted,100 ml (3.38 oz),madison_generated_evidence,https://likkskifwsrvszxdvufw.supabase.co/storage/v1/object/public/generated-images/4ab1ac72-cd7e-4faf-9152-5aa5f2862411/d4cd4ae9-a9a8-4ea6-ab6f-fd1e19078e5e/best-bottles/reference-imports/Elegant/GB-ELG-FRS-100ML-ASP-IVSL_1779482912052_56rgo7.png,
GB-CYL-CLR-9ML-T-18,GBCyl9RollShnSl,Cylinder,"Cylinder design 9ml,1/3 oz clear glass bottle with plastic roller ball plug and shiny silver cap. For use with perfume or fragrance oil, essential oils, aromatic oils and aromatherapy. Price each",Clear,9 ml (0.3 oz),madison_generated_evidence,https://likkskifwsrvszxdvufw.supabase.co/storage/v1/object/public/generated-images/4ab1ac72-cd7e-4faf-9152-5aa5f2862411/d4cd4ae9-a9a8-4ea6-ab6f-fd1e19078e5e/paper-doll/master_corrected_1780302981611_6l043d.png,
ACC-RCB-3X12,RecloseableBags3x12,Packaging Supply,***OUT OF STOCK*** 3inches x 12inches Recloseable Plastic Bags. 100 pieces per packet.,Clear,0 ml (0 oz),madison_generated_evidence,https://likkskifwsrvszxdvufw.supabase.co/storage/v1/object/public/generated-images/4ab1ac72-cd7e-4faf-9152-5aa5f2862411/best-bottles/reference-images/ACC-RCB-3X12__RecloseableBags3x12__pdp-main__v001.png,
GB-SLK-CLR-50ML-RDC-SBLK,GBSlk50RdcrShnBlk,Sleek,"Sleek design 50 ml, 1.7oz  clear glass bottle  with reducer and black shiny cap. For use with cologne, aftershave, splash on, and perfume or fragrance oil, beard oils. Sleek design bottle is a family of bottles available in 5ml, 8ml, 30m, 50ml and 100ml.",Clear,50 ml (1.69 oz),madison_generated_evidence,https://likkskifwsrvszxdvufw.supabase.co/storage/v1/object/public/generated-images/4ab1ac72-cd7e-4faf-9152-5aa5f2862411/best-bottles/reference-images/GB-SLK-CLR-50ML-RDC-SBLK-01__GBSlk50RdcrShnBlk__pdp-main__v001.png,
GB-RCT-CLR-10ML-SPR-MGLD-02,GBTallRect10SpryGlMatt,Rectangle,"Tall rectangular design 10ml, 1/3oz Clear glass bottle with matte gold spray. Fine mist sprayer for use with perfumes and colognes. Refillable, slender bottle with attractive heavy base. Price each",Clear,10 ml (0.34 oz),madison_generated_evidence,https://likkskifwsrvszxdvufw.supabase.co/storage/v1/object/public/generated-images/4ab1ac72-cd7e-4faf-9152-5aa5f2862411/best-bottles/reference-images/GB-RCT-CLR-10ML-SPR-MGLD-02__GBTallRect10SpryGlMatt__pdp-main__v001.png,
GB-DVA-CLR-46ML-AST-WHT,GBDiva46AnSpTslWht,Diva,"Diva design 46 ml, 1.64oz  clear glass bottle  with white vintage style bulb sprayer with tassel with shiny silver collar cap. For use with cologne, Eau de Parfum, air freshner, face and body spray, or room spray.  Antique or vintage bulb sprayers enhance",Clear,46 ml (1.56 oz),madison_generated_evidence,https://likkskifwsrvszxdvufw.supabase.co/storage/v1/object/public/generated-images/4ab1ac72-cd7e-4faf-9152-5aa5f2862411/d4cd4ae9-a9a8-4ea6-ab6f-fd1e19078e5e/best-bottles/reference-imports/Diva/GB-DVA-CLR-46ML-AST-WHT_1779507027743_35rmrp.png,
GB-ELG-FRS-100ML-ASP-LVN,GBElgFrst100AnSpLvn,Elegant,"Elegant design 100 ml, 3 1/2oz frosted glass bottle with lavender vintage style bulb sprayer with shiny silver collar cap. For use with cologne, Eau de Parfum, air freshner, face and body spray, or room spray.  Antique or vintage bulb sprayers enhance the",Frosted,100 ml (3.38 oz),madison_generated_evidence,https://likkskifwsrvszxdvufw.supabase.co/storage/v1/object/public/generated-images/4ab1ac72-cd7e-4faf-9152-5aa5f2862411/d4cd4ae9-a9a8-4ea6-ab6f-fd1e19078e5e/best-bottles/reference-imports/Elegant/GB-ELG-FRS-100ML-ASP-LVN_1779482914853_fglfre.png,
GB-CYL-CLR-9ML-T-20,GBCyl9RollWht,Cylinder,"Cylinder design 9ml,1/3 oz clear glass bottle with plastic roller ball plug and white cap. For use with perfume or fragrance oil, essential oils, aromatic oils and aromatherapy. Price each",Clear,9 ml (0.3 oz),madison_generated_evidence,https://likkskifwsrvszxdvufw.supabase.co/storage/v1/object/public/generated-images/4ab1ac72-cd7e-4faf-9152-5aa5f2862411/d4cd4ae9-a9a8-4ea6-ab6f-fd1e19078e5e/paper-doll/master_corrected_1780303047850_b0nrfy.png,
ACC-RCB-3X3-02,RecloseableBags3x3,Packaging Supply,3inches x 3inches Recloseable Plastic Bags. 100 pieces per packet.,Clear,0 ml (0 oz),madison_generated_evidence,https://likkskifwsrvszxdvufw.supabase.co/storage/v1/object/public/generated-images/4ab1ac72-cd7e-4faf-9152-5aa5f2862411/best-bottles/reference-images/ACC-RCB-3X3-02__RecloseableBags3x3__pdp-main__v001.png,
GB-DVA-CLR-46ML-AST-MSLV,GBDiva46AnSpTslMtSl,Diva,"Diva design 46 ml, 1.64oz  clear glass bottle  with matte silver vintage style bulb sprayer with tassel with matte silver collar cap. For use with cologne, Eau de Parfum, air freshner, face and body spray, or room spray.  Antique or vintage bulb sprayers",Clear,46 ml (1.56 oz),madison_generated_evidence,https://likkskifwsrvszxdvufw.supabase.co/storage/v1/object/public/generated-images/4ab1ac72-cd7e-4faf-9152-5aa5f2862411/d4cd4ae9-a9a8-4ea6-ab6f-fd1e19078e5e/best-bottles/reference-imports/Diva/GB-DVA-CLR-46ML-AST-MSLV_1779507026549_o1eyzz.png,
GB-ELG-FRS-100ML-ASP-PNK,GBElgFrst100AnSpPnk,Elegant,"Elegant design 100 ml, 3 1/2oz frosted glass bottle with pink vintage style bulb sprayer with shiny gold collar cap. For use with cologne, Eau de Parfum, air freshner, face and body spray, or room spray.  Antique or vintage bulb sprayers enhance the beaut",Frosted,100 ml (3.38 oz),madison_generated_evidence,https://likkskifwsrvszxdvufw.supabase.co/storage/v1/object/public/generated-images/4ab1ac72-cd7e-4faf-9152-5aa5f2862411/d4cd4ae9-a9a8-4ea6-ab6f-fd1e19078e5e/best-bottles/reference-imports/Elegant/GB-ELG-FRS-100ML-ASP-PNK_1779482918911_6fx6sb.png,
LB-ELG-CLR-60ML-LPM-MGLD,LBElg60LtnMtGl,Elegant,"Elegant design 60 ml, 2oz clear glass bottle with matte gold lotion pump. For use with serums, light creams, moisturizers, facial oils or face oils, beard oils, body lotions, body wash, and hair products. Elegant bottle is a family of bottles available in",Clear,60 ml (2.03 oz),madison_generated_evidence,https://likkskifwsrvszxdvufw.supabase.co/storage/v1/object/public/generated-images/4ab1ac72-cd7e-4faf-9152-5aa5f2862411/d4cd4ae9-a9a8-4ea6-ab6f-fd1e19078e5e/best-bottles/reference-imports/Elegant/LB-ELG-CLR-60ML-LPM-MGLD_1779482984708_yqqnkn.png,
GB-CYL-CLR-9ML-T-17,GBCyl9RollShnGl,Cylinder,"Cylinder design 9ml,1/3 oz clear glass bottle with plastic roller ball plug and shiny gold cap. For use with perfume or fragrance oil, essential oils, aromatic oils and aromatherapy. Price each",Clear,9 ml (0.3 oz),madison_generated_evidence,https://likkskifwsrvszxdvufw.supabase.co/storage/v1/object/public/generated-images/4ab1ac72-cd7e-4faf-9152-5aa5f2862411/d4cd4ae9-a9a8-4ea6-ab6f-fd1e19078e5e/paper-doll/master_corrected_1780303115507_firef1.png,
ACC-RCB-3X4,RecloseableBags3x4,Packaging Supply,3inches x 4inches Recloseable Plastic Bags. 100 pieces per packet.,,0 ml (0 oz),madison_generated_evidence,https://likkskifwsrvszxdvufw.supabase.co/storage/v1/object/public/generated-images/4ab1ac72-cd7e-4faf-9152-5aa5f2862411/best-bottles/reference-images/ACC-RCB-3X4__RecloseableBags3x4__pdp-main__v001.png,
GB-RCT-CLR-10ML-SPR-MSLV-02,GBTallRect10SprySlMatt,Rectangle,"Tall rectangular design 10ml, 1/3oz Clear glass bottle with matte silver spray. Fine mist sprayer for use with perfumes and colognes. Refillable, slender bottle with attractive heavy base. Price each",Clear,10 ml (0.34 oz),madison_generated_evidence,https://likkskifwsrvszxdvufw.supabase.co/storage/v1/object/public/generated-images/4ab1ac72-cd7e-4faf-9152-5aa5f2862411/best-bottles/reference-images/GB-RCT-CLR-10ML-SPR-MSLV-02__GBTallRect10SprySlMatt__pdp-main__v001.png,
GB-ELG-FRS-100ML-AST-GLD,GBElgFrst100AnSpTslGl,Elegant,"Elegant design 100 ml, 3 1/2oz frosted glass bottle with Gold vintage style bulb sprayer with tassel with shiny gold collar cap. For use with cologne, Eau de Parfum, air freshner, face and body spray, or room spray.  Antique or vintage bulb sprayers enhan",Frosted,100 ml (3.38 oz),madison_generated_evidence,https://likkskifwsrvszxdvufw.supabase.co/storage/v1/object/public/generated-images/4ab1ac72-cd7e-4faf-9152-5aa5f2862411/d4cd4ae9-a9a8-4ea6-ab6f-fd1e19078e5e/best-bottles/reference-imports/Elegant/GB-ELG-FRS-100ML-AST-GLD_1779482897675_mie9xn.png,
LB-ELG-CLR-60ML-LPM-MSLV,LBElg60LtnMtSl,Elegant,"Elegant design 60 ml, 2oz clear glass bottle with matte silver lotion pump. For use with serums, light creams, moisturizers, facial oils or face oils, beard oils, body lotions, body wash, and hair products. Elegant bottle is a family of bottles available",Clear,60 ml (2.03 oz),madison_generated_evidence,https://likkskifwsrvszxdvufw.supabase.co/storage/v1/object/public/generated-images/4ab1ac72-cd7e-4faf-9152-5aa5f2862411/d4cd4ae9-a9a8-4ea6-ab6f-fd1e19078e5e/best-bottles/reference-imports/Elegant/LB-ELG-CLR-60ML-LPM-MSLV_1779482978036_xjlbmk.png,
GB-CYL-CLR-9ML-T-16,GBCyl9RollShBlk,Cylinder,"Cylinder design 9 ml clear glass bottle with plastic roller ball plug and shiny black cap, price each",Clear,9 ml (0.3 oz),madison_generated_evidence,https://likkskifwsrvszxdvufw.supabase.co/storage/v1/object/public/generated-images/4ab1ac72-cd7e-4faf-9152-5aa5f2862411/d4cd4ae9-a9a8-4ea6-ab6f-fd1e19078e5e/paper-doll/master_corrected_1780303174606_xhtr92.png,
ACC-RCB-4X12,RecloseableBags4x12,Packaging Supply,4inches x 12inches Recloseable Plastic Bags. 100 pieces per packet.,,0 ml (0 oz),madison_generated_evidence,https://likkskifwsrvszxdvufw.supabase.co/storage/v1/object/public/generated-images/4ab1ac72-cd7e-4faf-9152-5aa5f2862411/best-bottles/reference-images/ACC-RCB-4X12__RecloseableBags4x12__pdp-main__v001.png,
GB-ELG-FRS-100ML-AST-IVGD,GBElgFrst100AnSpTslIvyGl,Elegant,"Elegant design 100 ml, 3 1/2oz frosted glass bottle with Ivory vintage style bulb sprayer with tassel with shiny gold collar cap. For use with cologne, Eau de Parfum, air freshner, face and body spray, or room spray.  Antique or vintage bulb sprayers enha",Frosted,100 ml (3.38 oz),madison_generated_evidence,https://likkskifwsrvszxdvufw.supabase.co/storage/v1/object/public/generated-images/4ab1ac72-cd7e-4faf-9152-5aa5f2862411/d4cd4ae9-a9a8-4ea6-ab6f-fd1e19078e5e/best-bottles/reference-imports/Elegant/GB-ELG-FRS-100ML-AST-IVGD_1779482888489_1swds2.png,
LB-ELG-CLR-60ML-LPM-OVCP-T,LBElg60WhtClOvrCp,Elegant,"Elegant design 60 ml, 2oz clear glass bottle with white rectangular with clear over the cap. For use with serums, light creams, moisturizers, facial oils or face oils, beard oils, body lotions, body wash, and hair products. Elegant bottle is a family of b",Clear,60 ml (2.03 oz),madison_generated_evidence,https://likkskifwsrvszxdvufw.supabase.co/storage/v1/object/public/generated-images/4ab1ac72-cd7e-4faf-9152-5aa5f2862411/d4cd4ae9-a9a8-4ea6-ab6f-fd1e19078e5e/best-bottles/reference-imports/Elegant/LB-ELG-CLR-60ML-LPM-OVCP-T_1779482986365_1lwmkf.png,
GB-CYL-CLR-9ML-T-12,GBCyl9RollMattCu,Cylinder,"Cylinder design 9ml,1/3 oz clear glass bottle with plastic roller ball plug and matte copper cap. For use with perfume or fragrance oil, essential oils, aromatic oils and aromatherapy. Price each",Clear,9 ml (0.3 oz),madison_generated_evidence,https://likkskifwsrvszxdvufw.supabase.co/storage/v1/object/public/generated-images/4ab1ac72-cd7e-4faf-9152-5aa5f2862411/d4cd4ae9-a9a8-4ea6-ab6f-fd1e19078e5e/paper-doll/master_corrected_1780303253530_py1k9y.png,
ACC-RCB-4X5,RecloseableBags4X5,Packaging Supply,4inches x 5inches Recloseable Plastic Bags. 100 pieces per packet.,,0 ml (0 oz),madison_generated_evidence,https://likkskifwsrvszxdvufw.supabase.co/storage/v1/object/public/generated-images/4ab1ac72-cd7e-4faf-9152-5aa5f2862411/best-bottles/reference-images/ACC-RCB-4X5__RecloseableBags4X5__pdp-main__v001.png,
GB-ELG-FRS-100ML-AST-LVN,GBElgFrst100AnSpTslLvn,Elegant,"Elegant design 100 ml, 3 1/2oz frosted glass bottle with Lavender vintage style bulb sprayer with tassel with shiny silver collar cap. For use with cologne, Eau de Parfum, air freshner, face and body spray, or room spray.  Antique or vintage bulb sprayers",Frosted,100 ml (3.38 oz),madison_generated_evidence,https://likkskifwsrvszxdvufw.supabase.co/storage/v1/object/public/generated-images/4ab1ac72-cd7e-4faf-9152-5aa5f2862411/d4cd4ae9-a9a8-4ea6-ab6f-fd1e19078e5e/best-bottles/reference-imports/Elegant/GB-ELG-FRS-100ML-AST-LVN_1779482890437_sjs9x8.png,
LB-ELG-CLR-60ML-LPM-CPR,LBElg60LtnCu,Elegant,"Elegant design 60 ml, 2oz clear glass bottle with matte copper lotion pump. For use with serums, light creams, moisturizers, facial oils or face oils, beard oils, body lotions, body wash, and hair products. Elegant bottle is a family of bottles available",Clear,60 ml (2.03 oz),madison_generated_evidence,https://likkskifwsrvszxdvufw.supabase.co/storage/v1/object/public/generated-images/4ab1ac72-cd7e-4faf-9152-5aa5f2862411/d4cd4ae9-a9a8-4ea6-ab6f-fd1e19078e5e/best-bottles/reference-imports/Elegant/LB-ELG-CLR-60ML-LPM-CPR_1779482988111_ojl3nf.png,
ACC-RCB-4X6-01,RecloseableBags4X6,Packaging Supply,4inches x 6inches Recloseable Plastic Bags. 100 pieces per packet.,,0 ml (0 oz),madison_generated_evidence,https://likkskifwsrvszxdvufw.supabase.co/storage/v1/object/public/generated-images/4ab1ac72-cd7e-4faf-9152-5aa5f2862411/best-bottles/reference-images/ACC-RCB-4X6-01__RecloseableBags4X6__pdp-main__v001.png,
GB-SLK-CLR-50ML-RDC-MSLV,GBSlk50RdcrMtSl,Sleek,"Sleek design 50 ml, 1.7oz  clear glass bottle  with reducer and silver matte cap. For use with cologne, aftershave, splash on, and perfume or fragrance oil, beard oils. Sleek design bottle is a family of bottles available in 5ml, 8ml, 30m, 50ml and 100ml.",Clear,50 ml (1.69 oz),madison_generated_evidence,https://likkskifwsrvszxdvufw.supabase.co/storage/v1/object/public/generated-images/4ab1ac72-cd7e-4faf-9152-5aa5f2862411/best-bottles/reference-images/GB-SLK-CLR-50ML-RDC-MSLV-01__GBSlk50RdcrMtSl__pdp-main__v001.png,
GB-CYL-CLR-9ML-T-19,GBCyl9RollSlDot,Cylinder,"Cylinder design 9ml,1/3 oz clear glass bottle with plastic roller ball plug and silver dot cap. For use with perfume or fragrance oil, essential oils, aromatic oils and aromatherapy. Price each",Clear,9 ml (0.3 oz),madison_generated_evidence,https://likkskifwsrvszxdvufw.supabase.co/storage/v1/object/public/generated-images/4ab1ac72-cd7e-4faf-9152-5aa5f2862411/1779627463162-46f6ad96-037a-4286-9c95-981e48d06216.png,
GB-ELG-FRS-100ML-AST-PNK,GBElgFrst100AnSpTslPnk,Elegant,"Elegant design 100 ml, 3 1/2oz frosted glass bottle with Pink vintage style bulb sprayer with tassel with shiny gold collar cap. For use with cologne, Eau de Parfum, air freshner, face and body spray, or room spray.  Antique or vintage bulb sprayers enhan",Frosted,100 ml (3.38 oz),madison_generated_evidence,https://likkskifwsrvszxdvufw.supabase.co/storage/v1/object/public/generated-images/4ab1ac72-cd7e-4faf-9152-5aa5f2862411/d4cd4ae9-a9a8-4ea6-ab6f-fd1e19078e5e/best-bottles/reference-imports/Elegant/GB-ELG-FRS-100ML-AST-PNK_1779482883057_y2zn54.png,
LB-ELG-CLR-60ML-LPM-SGLD,LBElg60LtnShnGl,Elegant,"Elegant design 60 ml, 2oz clear glass bottle with shiny gold lotion pump. For use with serums, light creams, moisturizers, facial oils or face oils, beard oils, body lotions, body wash, and hair products. Elegant bottle is a family of bottles available in",Clear,60 ml (2.03 oz),madison_generated_evidence,https://likkskifwsrvszxdvufw.supabase.co/storage/v1/object/public/generated-images/4ab1ac72-cd7e-4faf-9152-5aa5f2862411/d4cd4ae9-a9a8-4ea6-ab6f-fd1e19078e5e/best-bottles/reference-imports/Elegant/LB-ELG-CLR-60ML-LPM-SGLD_1779482987155_wq63p2.png,
ACC-RCB-4X8,RecloseableBags4X8,Packaging Supply,4inches x 8inches Recloseable Plastic Bags. 100 pieces per packet.,,0 ml (0 oz),madison_generated_evidence,https://likkskifwsrvszxdvufw.supabase.co/storage/v1/object/public/generated-images/4ab1ac72-cd7e-4faf-9152-5aa5f2862411/best-bottles/reference-images/ACC-RCB-4X8__RecloseableBags4X8__pdp-main__v001.png,
GB-CYL-CLR-9ML-T-15,GBCyl9RollPnkDot,Cylinder,"Cylinder design 9ml,1/3 oz clear glass bottle with plastic roller ball plug and pink dot cap. For use with perfume or fragrance oil, essential oils, aromatic oils and aromatherapy. Price each",Clear,9 ml (0.3 oz),madison_generated_evidence,https://likkskifwsrvszxdvufw.supabase.co/storage/v1/object/public/generated-images/4ab1ac72-cd7e-4faf-9152-5aa5f2862411/d4cd4ae9-a9a8-4ea6-ab6f-fd1e19078e5e/paper-doll/master_corrected_1780303390131_3cmw2g.png,
GB-ELG-FRS-100ML-AST-RED,GBElgFrst100AnSpTslRed,Elegant,"Elegant design 100 ml, 3 1/2oz frosted glass bottle with Red vintage style bulb sprayer with tassel with shiny silver collar cap. For use with cologne, Eau de Parfum, air freshner, face and body spray, or room spray.  Antique or vintage bulb sprayers enha",Frosted,100 ml (3.38 oz),madison_generated_evidence,https://likkskifwsrvszxdvufw.supabase.co/storage/v1/object/public/generated-images/4ab1ac72-cd7e-4faf-9152-5aa5f2862411/d4cd4ae9-a9a8-4ea6-ab6f-fd1e19078e5e/best-bottles/reference-imports/Elegant/GB-ELG-FRS-100ML-AST-RED_1779482892449_8na23f.png,
LB-ELG-CLR-60ML-LPM-SBLK,LBElg60LtnShnBlk,Elegant,"Elegant design 60 ml, 2oz clear glass bottle with shiny black lotion pump. For use with serums, light creams, moisturizers, facial oils or face oils, beard oils, body lotions, body wash, and hair products. Elegant bottle is a family of bottles available i",Clear,60 ml (2.03 oz),madison_generated_evidence,https://likkskifwsrvszxdvufw.supabase.co/storage/v1/object/public/generated-images/4ab1ac72-cd7e-4faf-9152-5aa5f2862411/d4cd4ae9-a9a8-4ea6-ab6f-fd1e19078e5e/best-bottles/reference-imports/Elegant/LB-ELG-CLR-60ML-LPM-SBLK_1779482981327_z8hjau.png,
GB-DEC-CLR-3ML-T,GB3TPlGl,Decorative,"Octagonal style 3 ml glass bottle with shiny gold cap and red bead. For use with perfume oil, aromatic oils, fragrance oils and attars. These bottles are traditionally called 'tola' bottles. Price each",Clear,3 ml (0.1 oz),madison_generated_evidence,https://likkskifwsrvszxdvufw.supabase.co/storage/v1/object/public/generated-images/4ab1ac72-cd7e-4faf-9152-5aa5f2862411/1777283928568-0193b530-74dc-421b-a0c6-a7d40102df8b.png,
ACC-RCB-6X10,RecloseableBags6x10,Packaging Supply,6inches x 10inches Recloseable Plastic Bags. 100 pieces per packet.,,0 ml (0 oz),madison_generated_evidence,https://likkskifwsrvszxdvufw.supabase.co/storage/v1/object/public/generated-images/4ab1ac72-cd7e-4faf-9152-5aa5f2862411/best-bottles/reference-images/ACC-RCB-6X10__RecloseableBags6x10__pdp-main__v001.png,
GB-CYL-CLR-9ML-T-14,GBCyl9RollMattSl,Cylinder,"Cylinder design 9ml,1/3 oz clear glass bottle with plastic roller ball plug and matte silver cap. For use with perfume or fragrance oil, essential oils, aromatic oils and aromatherapy. Price each",Clear,9 ml (0.3 oz),madison_generated_evidence,https://likkskifwsrvszxdvufw.supabase.co/storage/v1/object/public/generated-images/4ab1ac72-cd7e-4faf-9152-5aa5f2862411/d4cd4ae9-a9a8-4ea6-ab6f-fd1e19078e5e/paper-doll/master_corrected_1780303455342_yhw1zl.png,
GB-ELG-FRS-100ML-AST-IVSL,GBElgFrst100AnSpTslIvySl,Elegant,"Elegant design 100 ml, 3 1/2oz frosted glass bottle with Ivory vintage style bulb sprayer with tassel with shiny silver collar cap. For use with cologne, Eau de Parfum, air freshner, face and body spray, or room spray.  Antique or vintage bulb sprayers en",Frosted,100 ml (3.38 oz),madison_generated_evidence,https://likkskifwsrvszxdvufw.supabase.co/storage/v1/object/public/generated-images/4ab1ac72-cd7e-4faf-9152-5aa5f2862411/d4cd4ae9-a9a8-4ea6-ab6f-fd1e19078e5e/best-bottles/reference-imports/Elegant/GB-ELG-FRS-100ML-AST-IVSL_1779482894317_5smhcf.png,
LB-ELG-CLR-60ML-LPM-SSLV,LBElg60LtnShnSl,Elegant,"Elegant design 60 ml, 2oz clear glass bottle with shiny silver lotion pump. For use with serums, light creams, moisturizers, facial oils or face oils, beard oils, body lotions, body wash, and hair products. Elegant bottle is a family of bottles available",Clear,60 ml (2.03 oz),madison_generated_evidence,https://likkskifwsrvszxdvufw.supabase.co/storage/v1/object/public/generated-images/4ab1ac72-cd7e-4faf-9152-5aa5f2862411/d4cd4ae9-a9a8-4ea6-ab6f-fd1e19078e5e/best-bottles/reference-imports/Elegant/LB-ELG-CLR-60ML-LPM-SSLV_1779482980507_muqn55.png,
GB-CYL-CLR-9ML-T-13,GBCyl9RollMattGl,Cylinder,"Cylinder design 9ml,1/3 oz clear glass bottle with plastic roller ball plug and matte gold cap. For use with perfume or fragrance oil, essential oils, aromatic oils and aromatherapy. Price each",Clear,9 ml (0.3 oz),madison_generated_evidence,https://likkskifwsrvszxdvufw.supabase.co/storage/v1/object/public/generated-images/4ab1ac72-cd7e-4faf-9152-5aa5f2862411/d4cd4ae9-a9a8-4ea6-ab6f-fd1e19078e5e/paper-doll/master_corrected_1780303564499_ymn1f4.png,
GB-RCT-CLR-10ML-MRL-SBLK-01,GBRect10MtlRollBlkSh,Rectangle,"Footed rectangular design 10ml, 1/3oz Clear glass bottle with metal roller ball plug and black shiny cap. For use with perfume or fragrance oil, essential oils, aromatic oils and aromatherapy. Refillable, classic style bottle good for promotions and decan",Clear,10 ml (0.34 oz),madison_generated_evidence,https://likkskifwsrvszxdvufw.supabase.co/storage/v1/object/public/generated-images/4ab1ac72-cd7e-4faf-9152-5aa5f2862411/best-bottles/reference-images/GB-RCT-CLR-10ML-MRL-SBLK-01__GBRect10MtlRollBlkSh__pdp-main__v001.png,
GB-ELG-FRS-100ML-AST-WHT,GBElgFrst100AnSpTslWht,Elegant,"Elegant design 100 ml, 3 1/2oz frosted glass bottle with White vintage style bulb sprayer with tassel with shiny silver collar cap. For use with cologne, Eau de Parfum, air freshner, face and body spray, or room spray.  Antique or vintage bulb sprayers en",Frosted,100 ml (3.38 oz),madison_generated_evidence,https://likkskifwsrvszxdvufw.supabase.co/storage/v1/object/public/generated-images/4ab1ac72-cd7e-4faf-9152-5aa5f2862411/d4cd4ae9-a9a8-4ea6-ab6f-fd1e19078e5e/best-bottles/reference-imports/Elegant/GB-ELG-FRS-100ML-AST-WHT_1779482899762_uvbnil.png,
LB-ELG-FRS-60ML-LPM-MGLD,LBElgFrst60LtnMtGl,Elegant,"Elegant design 60 ml, 2oz frosted glass bottle with matte gold lotion pump. For use with serums, light creams, moisturizers, facial oils or face oils, beard oils, body lotions, body wash, and hair products. Elegant bottle is a family of bottles available",Frosted,60 ml (2.03 oz),madison_generated_evidence,https://likkskifwsrvszxdvufw.supabase.co/storage/v1/object/public/generated-images/4ab1ac72-cd7e-4faf-9152-5aa5f2862411/d4cd4ae9-a9a8-4ea6-ab6f-fd1e19078e5e/best-bottles/reference-imports/Elegant/LB-ELG-FRS-60ML-LPM-MGLD_1779482978787_04xz9l.png,
GB-DEC-CLR-6ML-T,GB6TPlGl,Decorative,"Octagonal style 6 ml glass bottle with shiny gold cap and red bead. For use with perfume oil, aromatic oils, fragrance oils and attars. These bottles are traditionally called 'tola' bottles. Price each",Clear,6 ml (0.2 oz),madison_generated_evidence,https://www.bestbottles.com/images/store/enlarged_pics/GB6TPlGl.gif,
GB-CYL-CLR-9ML-ROL-SSLV-01,GBCylSwrl9RollShnSl,Cylinder,"Cylinder swirl design 9ml,1/3 oz glass bottle with plastic roller ball plug and shiny silver cap. For use with perfume or fragrance oil, essential oils, aromatic oils and aromatherapy. Price each",Swirl,9 ml (0.3 oz),madison_generated_evidence,https://likkskifwsrvszxdvufw.supabase.co/storage/v1/object/public/generated-images/4ab1ac72-cd7e-4faf-9152-5aa5f2862411/d4cd4ae9-a9a8-4ea6-ab6f-fd1e19078e5e/best-bottles/reference-imports/Cylinder/GB-CYL-CLR-9ML-ROL-SSLV-01_1779632198848_vz0g7d.png,
GB-RCT-CLR-10ML-MRL-MCPR-01,GBRect10MtlRollCuMatt,Rectangle,"Footed rectangular design 10ml, 1/3oz Clear glass bottle with metal roller ball plug and matte copper cap. For use with perfume or fragrance oil, essential oils, aromatic oils and aromatherapy. Refillable, classic style bottle good for promotions and deca",Clear,10 ml (0.34 oz),madison_generated_evidence,https://likkskifwsrvszxdvufw.supabase.co/storage/v1/object/public/generated-images/4ab1ac72-cd7e-4faf-9152-5aa5f2862411/best-bottles/reference-images/GB-RCT-CLR-10ML-MRL-MCPR-01__GBRect10MtlRollCuMatt__pdp-main__v001.png,
GB-ELG-FRS-100ML-AST-MSLV,GBElgFrst100AnSpTslMtSl,Elegant,"Elegant design 100 ml, 3 1/2oz frosted glass bottle with Silver vintage style bulb sprayer with tassel with matte silver collar cap. For use with cologne, Eau de Parfum, air freshner, face and body spray, or room spray.  Antique or vintage bulb sprayers e",Frosted,100 ml (3.38 oz),madison_generated_evidence,https://likkskifwsrvszxdvufw.supabase.co/storage/v1/object/public/generated-images/4ab1ac72-cd7e-4faf-9152-5aa5f2862411/d4cd4ae9-a9a8-4ea6-ab6f-fd1e19078e5e/best-bottles/reference-imports/Elegant/GB-ELG-FRS-100ML-AST-MSLV_1779482884237_hacidw.png,
LB-ELG-FRS-60ML-LPM-MSLV,LBElgFrst60LtnMtSl,Elegant,"Elegant design 60 ml, 2oz frosted glass bottle with matte silver lotion pump. For use with serums, light creams, moisturizers, facial oils or face oils, beard oils, body lotions, body wash, and hair products. Elegant bottle is a family of bottles availabl",Frosted,60 ml (2.03 oz),madison_generated_evidence,https://likkskifwsrvszxdvufw.supabase.co/storage/v1/object/public/generated-images/4ab1ac72-cd7e-4faf-9152-5aa5f2862411/d4cd4ae9-a9a8-4ea6-ab6f-fd1e19078e5e/best-bottles/reference-imports/Elegant/LB-ELG-FRS-60ML-LPM-MSLV_1779482985577_jk8s6s.png,
GB-CYL-CLR-9ML-ROL-SGLD-01,GBCylSwrl9RollShnGl,Cylinder,"Cylinder swirl design 9ml,1/3 oz glass bottle with plastic roller ball plug and shiny gold cap. For use with perfume or fragrance oil, essential oils, aromatic oils and aromatherapy. Price each",Swirl,9 ml (0.3 oz),madison_generated_evidence,https://likkskifwsrvszxdvufw.supabase.co/storage/v1/object/public/generated-images/4ab1ac72-cd7e-4faf-9152-5aa5f2862411/d4cd4ae9-a9a8-4ea6-ab6f-fd1e19078e5e/best-bottles/reference-imports/Cylinder/GB-CYL-CLR-9ML-ROL-SGLD-01_1779632197056_i4uwi0.png,
GB-RCT-CLR-10ML-MRL-MGLD-01,GBRect10MtlRollGlMatt,Rectangle,"Footed rectangular design 10ml, 1/3oz Clear glass bottle with metal roller ball plug and matte gold cap. For use with perfume or fragrance oil, essential oils, aromatic oils and aromatherapy. Refillable, classic style bottle good for promotions and decant",Clear,10 ml (0.34 oz),madison_generated_evidence,https://likkskifwsrvszxdvufw.supabase.co/storage/v1/object/public/generated-images/4ab1ac72-cd7e-4faf-9152-5aa5f2862411/best-bottles/reference-images/GB-RCT-CLR-10ML-MRL-MGLD-01__GBRect10MtlRollGlMatt__pdp-main__v001.png,
GB-DVA-FRS-46ML-T-24,GBDivaFrst46AnSpTslLvn,Diva,Diva 46 ml (1.56 oz) Frosted Glass Bottle Tall Cap,Frosted,46 ml (1.56 oz),madison_generated_evidence,https://likkskifwsrvszxdvufw.supabase.co/storage/v1/object/public/generated-images/4ab1ac72-cd7e-4faf-9152-5aa5f2862411/d4cd4ae9-a9a8-4ea6-ab6f-fd1e19078e5e/best-bottles/reference-imports/Diva/GB-DVA-FRS-46ML-T-24_1779507038070_abrncn.png,
LB-ELG-FRS-60ML-LPM-OVCP-T,LBElgFrst60WhtClOvrCp,Elegant,"Elegant design 60 ml, 2oz frosted glass bottle with white rectangular with clear over the cap. For use with serums, light creams, moisturizers, facial oils or face oils, beard oils, body lotions, body wash, and hair products. Elegant bottle is a family of",Frosted,60 ml (2.03 oz),madison_generated_evidence,https://likkskifwsrvszxdvufw.supabase.co/storage/v1/object/public/generated-images/4ab1ac72-cd7e-4faf-9152-5aa5f2862411/d4cd4ae9-a9a8-4ea6-ab6f-fd1e19078e5e/best-bottles/reference-imports/Elegant/LB-ELG-FRS-60ML-LPM-OVCP-T_1779482982215_b5vgfp.png,
GB-SLM-CLR-50ML-RDC-SBLK,GBSlm50RdcrShnBlk,Slim,"Slim design 50 ml, 1.7oz  clear glass bottle  with reducer and black shiny cap. For use with cologne, aftershave, splash on, and perfume or fragrance oil, beard oils. Slim design bottle is a family of bottles available 30ml, 50ml and 100ml. Price each",Clear,50 ml (1.69 oz),madison_generated_evidence,https://likkskifwsrvszxdvufw.supabase.co/storage/v1/object/public/generated-images/4ab1ac72-cd7e-4faf-9152-5aa5f2862411/best-bottles/reference-images/GB-SLM-CLR-50ML-RDC-SBLK-01__GBSlm50RdcrShnBlk__pdp-main__v001.png,
GB-CYL-CLR-9ML-ROL-SBLK-01,GBCylSwrl9RollShBlk,Cylinder,"Cylinder swirl design 9ml,1/3 oz glass bottle with plastic roller ball plug and shiny black cap. For use with perfume or fragrance oil, essential oils, aromatic oils and aromatherapy. Price each",Swirl,9 ml (0.3 oz),madison_generated_evidence,https://likkskifwsrvszxdvufw.supabase.co/storage/v1/object/public/generated-images/4ab1ac72-cd7e-4faf-9152-5aa5f2862411/d4cd4ae9-a9a8-4ea6-ab6f-fd1e19078e5e/best-bottles/reference-imports/Cylinder/GB-CYL-CLR-9ML-ROL-SBLK-01_1779632196219_1bwn63.png,
GB-RCT-CLR-10ML-MRL-SGLD-01,GBRect10MtlRollGlSh,Rectangle,"Footed rectangular design 10ml, 1/3oz Clear glass bottle with metal roller ball plug and shiny gold cap. For use with perfume or fragrance oil, essential oils, aromatic oils and aromatherapy. Refillable, classic style bottle good for promotions and decant",Clear,10 ml (0.34 oz),madison_generated_evidence,https://likkskifwsrvszxdvufw.supabase.co/storage/v1/object/public/generated-images/4ab1ac72-cd7e-4faf-9152-5aa5f2862411/best-bottles/reference-images/GB-RCT-CLR-10ML-MRL-SGLD-01__GBRect10MtlRollGlSh__pdp-main__v001.png,
GB-RYL-CLR-13ML-SPR-SBLK,GBRoyal13SpryBlkSh,Royal,"Royal design 13ml, 1/2oz Clear glass bottle with shiny black spray. Fine mist sprayer for use with perfumes and colognes. Refillable, classic style bottle good for promotions and decants. Price each",Clear,13 ml (0.44 oz),madison_generated_evidence,https://www.bestbottles.com/images/store/caps/13-415SpShnBlk.png,
GB-DVA-FRS-46ML-T-22,GBDivaFrst46AnSpTslIvyGl,Diva,Diva 46 ml (1.56 oz) Frosted Glass Bottle Tall Cap,Frosted,46 ml (1.56 oz),madison_generated_evidence,https://likkskifwsrvszxdvufw.supabase.co/storage/v1/object/public/generated-images/4ab1ac72-cd7e-4faf-9152-5aa5f2862411/d4cd4ae9-a9a8-4ea6-ab6f-fd1e19078e5e/best-bottles/reference-imports/Diva/GB-DVA-FRS-46ML-T-22_1779507032448_hzemdy.png,
LB-ELG-FRS-60ML-LPM-CPR,LBElgFrst60LtnCu,Elegant,"Elegant design 60 ml, 2oz frosted glass bottle with matte copper lotion pump. For use with serums, light creams, moisturizers, facial oils or face oils, beard oils, body lotions, body wash, and hair products. Elegant bottle is a family of bottles availabl",Frosted,60 ml (2.03 oz),madison_generated_evidence,https://likkskifwsrvszxdvufw.supabase.co/storage/v1/object/public/generated-images/4ab1ac72-cd7e-4faf-9152-5aa5f2862411/d4cd4ae9-a9a8-4ea6-ab6f-fd1e19078e5e/best-bottles/reference-imports/Elegant/LB-ELG-FRS-60ML-LPM-CPR_1779482988911_8pd36m.png,
GB-RCT-CLR-10ML-MRL-PKDT,GBRect10MtlRollPinkDot,Rectangle,"Footed rectangular design 10ml, 1/3oz Clear glass bottle with metal roller ball plug and pink cap with dots. For use with perfume or fragrance oil, essential oils, aromatic oils and aromatherapy. Refillable, classic style bottle good for promotions and de",Clear,10 ml (0.34 oz),madison_generated_evidence,https://likkskifwsrvszxdvufw.supabase.co/storage/v1/object/public/generated-images/4ab1ac72-cd7e-4faf-9152-5aa5f2862411/best-bottles/reference-images/GB-RCT-CLR-10ML-MRL-PKDT__GBRect10MtlRollPinkDot__pdp-main__v001.png,
GB-DVA-FRS-46ML-T-23,GBDivaFrst46AnSpTslIvySl,Diva,Diva 46 ml (1.56 oz) Frosted Glass Bottle Tall Cap,Frosted,46 ml (1.56 oz),madison_generated_evidence,https://likkskifwsrvszxdvufw.supabase.co/storage/v1/object/public/generated-images/4ab1ac72-cd7e-4faf-9152-5aa5f2862411/d4cd4ae9-a9a8-4ea6-ab6f-fd1e19078e5e/best-bottles/reference-imports/Diva/GB-DVA-FRS-46ML-T-23_1779507033542_ttf0el.png,
LB-ELG-FRS-60ML-LPM-SGLD,LBElgFrst60LtnShnGl,Elegant,"Elegant design 60 ml, 2oz frosted glass bottle with shiny gold lotion pump. For use with serums, light creams, moisturizers, facial oils or face oils, beard oils, body lotions, body wash, and hair products. Elegant bottle is a family of bottles available",Frosted,60 ml (2.03 oz),madison_generated_evidence,https://likkskifwsrvszxdvufw.supabase.co/storage/v1/object/public/generated-images/4ab1ac72-cd7e-4faf-9152-5aa5f2862411/d4cd4ae9-a9a8-4ea6-ab6f-fd1e19078e5e/best-bottles/reference-imports/Elegant/LB-ELG-FRS-60ML-LPM-SGLD_1779482982969_b2nnbz.png,
GB-RCT-CLR-9ML-T-01,GBSQSTBlue,Rectangle,Blue glass rectangular shaped bottle with glass stopper. Capacity : 9ml (1/3oz),Clear,9 ml (0.3 oz),madison_generated_evidence,https://www.bestbottles.com/images/store/enlarged_pics/GBSQSTBlue.gif,
GB-CYL-CLR-9ML-ROL-MCPR-01,GBCylSwrl9RollMattCu,Cylinder,"Cylinder swirl design 9ml,1/3 oz glass bottle with plastic roller ball plug and matte copper cap. For use with perfume or fragrance oil, essential oils, aromatic oils and aromatherapy. Price each",Swirl,9 ml (0.3 oz),madison_generated_evidence,https://likkskifwsrvszxdvufw.supabase.co/storage/v1/object/public/generated-images/4ab1ac72-cd7e-4faf-9152-5aa5f2862411/d4cd4ae9-a9a8-4ea6-ab6f-fd1e19078e5e/best-bottles/reference-imports/Cylinder/GB-CYL-CLR-9ML-ROL-MCPR-01_1779632193253_9pzodb.png,
GB-RCT-CLR-10ML-MRL-SLDT-01,GBRect10MtlRollSlDot,Rectangle,"Footed rectangular design 10ml, 1/3oz Clear glass bottle with metal roller ball plug and silver cap with dots. For use with perfume or fragrance oil, essential oils, aromatic oils and aromatherapy. Refillable, classic style bottle good for promotions and",Clear,10 ml (0.34 oz),madison_generated_evidence,https://likkskifwsrvszxdvufw.supabase.co/storage/v1/object/public/generated-images/4ab1ac72-cd7e-4faf-9152-5aa5f2862411/best-bottles/reference-images/GB-RCT-CLR-10ML-MRL-SLDT-01__GBRect10MtlRollSlDot__pdp-main__v001.png,
GB-DVA-FRS-46ML-T-28,GBDivaFrst46AnSpTslWht,Diva,Diva 46 ml (1.56 oz) Frosted Glass Bottle Tall Cap,Frosted,46 ml (1.56 oz),madison_generated_evidence,https://likkskifwsrvszxdvufw.supabase.co/storage/v1/object/public/generated-images/4ab1ac72-cd7e-4faf-9152-5aa5f2862411/d4cd4ae9-a9a8-4ea6-ab6f-fd1e19078e5e/best-bottles/reference-imports/Diva/GB-DVA-FRS-46ML-T-28_1779507044684_e1b2p3.png,
LB-ELG-FRS-60ML-LPM-SBLK,LBElgFrst60LtnShnBlk,Elegant,"Elegant design 60 ml, 2oz frosted glass bottle with shiny black spray pump. For use with cologne, Eau de Parfum, air freshner, face and body spray, or room spray. Elegant bottle is a family of bottles available in 5ml, 15ml, 30ml, 60ml and 100ml. Price e",Frosted,60 ml (2.03 oz),madison_generated_evidence,https://likkskifwsrvszxdvufw.supabase.co/storage/v1/object/public/generated-images/4ab1ac72-cd7e-4faf-9152-5aa5f2862411/d4cd4ae9-a9a8-4ea6-ab6f-fd1e19078e5e/best-bottles/reference-imports/Elegant/LB-ELG-FRS-60ML-LPM-SBLK_1779482990586_i8o9jb.png,
GB-CYL-CLR-9ML-ROL-PKDT-01,GBCylSwrl9RollPnkDot,Cylinder,"Cylinder swirl design 9ml,1/3 oz glass bottle with plastic roller ball plug and pink dot cap. For use with perfume or fragrance oil, essential oils, aromatic oils and aromatherapy. Price each",Swirl,9 ml (0.3 oz),madison_generated_evidence,https://likkskifwsrvszxdvufw.supabase.co/storage/v1/object/public/generated-images/4ab1ac72-cd7e-4faf-9152-5aa5f2862411/d4cd4ae9-a9a8-4ea6-ab6f-fd1e19078e5e/best-bottles/reference-imports/Cylinder/GB-CYL-CLR-9ML-ROL-PKDT-01_1779632195474_jjaztd.png,
GB-RCT-CLR-10ML-MRL-MSLV-01,GBRect10MtlRollSlMatt,Rectangle,"Footed rectangular design 10ml, 1/3oz Clear glass bottle with metal roller ball plug and matte silver cap. For use with perfume or fragrance oil, essential oils, aromatic oils and aromatherapy. Refillable, classic style bottle good for promotions and deca",Clear,10 ml (0.34 oz),madison_generated_evidence,https://likkskifwsrvszxdvufw.supabase.co/storage/v1/object/public/generated-images/4ab1ac72-cd7e-4faf-9152-5aa5f2862411/best-bottles/reference-images/GB-RCT-CLR-10ML-MRL-MSLV-01__GBRect10MtlRollSlMatt__pdp-main__v001.png,
GB-RYL-CLR-13ML-SPR-MBLU,GBRoyal13SpryBluMatt,Royal,"Royal design 13ml, 1/2oz Clear glass bottle with matte blue spray. Fine mist sprayer for use with perfumes and colognes. Refillable, classic style bottle good for promotions and decants. Price each",Clear,13 ml (0.44 oz),madison_generated_evidence,https://likkskifwsrvszxdvufw.supabase.co/storage/v1/object/public/generated-images/4ab1ac72-cd7e-4faf-9152-5aa5f2862411/best-bottles/reference-images/GB-RYL-CLR-13ML-SPR-MBLU__GBRoyal13SpryBluMatt__pdp-main__v001.png,
GB-DVA-FRS-46ML-T-26,GBDivaFrst46AnSpTslPnk,Diva,Diva 46 ml (1.56 oz) Frosted Glass Bottle Tall Cap,Frosted,46 ml (1.56 oz),madison_generated_evidence,https://likkskifwsrvszxdvufw.supabase.co/storage/v1/object/public/generated-images/4ab1ac72-cd7e-4faf-9152-5aa5f2862411/d4cd4ae9-a9a8-4ea6-ab6f-fd1e19078e5e/best-bottles/reference-imports/Diva/GB-DVA-FRS-46ML-T-26_1779507041271_r0bxd3.png,
LB-ELG-FRS-60ML-LPM-SSLV,LBElgFrst60LtnShnSl,Elegant,"Elegant design 60 ml, 2oz frosted glass bottle with shiny silver lotion pump. For use with serums, light creams, moisturizers, facial oils or face oils, beard oils, body lotions, body wash, and hair products. Elegant bottle is a family of bottles availabl",Frosted,60 ml (2.03 oz),madison_generated_evidence,https://likkskifwsrvszxdvufw.supabase.co/storage/v1/object/public/generated-images/4ab1ac72-cd7e-4faf-9152-5aa5f2862411/d4cd4ae9-a9a8-4ea6-ab6f-fd1e19078e5e/best-bottles/reference-imports/Elegant/LB-ELG-FRS-60ML-LPM-SSLV_1779482989769_yqoco2.png,
CMP-SPR-MTBK-13-415-07,CP13-415SpryBlkMt,Sprayer,"Matte black Fine Mist Sprayer, Thread size 13-415",,0 ml (0 oz),madison_generated_evidence,https://likkskifwsrvszxdvufw.supabase.co/storage/v1/object/public/generated-images/4ab1ac72-cd7e-4faf-9152-5aa5f2862411/best-bottles/reference-images/CMP-CAP-BLK-13-415-01__CP13-415SpryBlkMt__pdp-main__v001.png,
GB-CYL-CLR-9ML-ROL-SLDT-01,GBCylSwrl9RollSlDot,Cylinder,"Cylinder swirl design 9ml,1/3 oz glass bottle with plastic roller ball plug and silver dot cap. For use with perfume or fragrance oil, essential oils, aromatic oils and aromatherapy. Price each",Swirl,9 ml (0.3 oz),madison_generated_evidence,https://likkskifwsrvszxdvufw.supabase.co/storage/v1/object/public/generated-images/4ab1ac72-cd7e-4faf-9152-5aa5f2862411/d4cd4ae9-a9a8-4ea6-ab6f-fd1e19078e5e/best-bottles/reference-imports/Cylinder/GB-CYL-CLR-9ML-ROL-SLDT-01_1779632197805_pb6n99.png,
GB-RCT-CLR-10ML-MRL-SSLV-01,GBRect10MtlRollSlSh,Rectangle,"Footed rectangular design 10ml, 1/3oz Clear glass bottle with metal roller ball plug and shiny silver cap. For use with perfume or fragrance oil, essential oils, aromatic oils and aromatherapy. Refillable, classic style bottle good for promotions and deca",Clear,10 ml (0.34 oz),madison_generated_evidence,https://likkskifwsrvszxdvufw.supabase.co/storage/v1/object/public/generated-images/4ab1ac72-cd7e-4faf-9152-5aa5f2862411/best-bottles/reference-images/GB-RCT-CLR-10ML-MRL-SSLV-01__GBRect10MtlRollSlSh__pdp-main__v001.png,
GB-RYL-CLR-13ML-SPR-MCPR,GBRoyal13SpryCuMatt,Royal,"Royal design 13ml, 1/2oz Clear glass bottle with matte copper spray. For use with fine mist sprayer for use with perfumes and colognes. Refillable, classic style bottle good for promotions and decants. Price each",Clear,13 ml (0.44 oz),madison_generated_evidence,https://likkskifwsrvszxdvufw.supabase.co/storage/v1/object/public/generated-images/4ab1ac72-cd7e-4faf-9152-5aa5f2862411/best-bottles/reference-images/GB-RYL-CLR-13ML-SPR-MCPR__GBRoyal13SpryCuMatt__pdp-main__v001.png,
GB-DVA-FRS-46ML-T-25,GBDivaFrst46AnSpTslMtSl,Diva,Diva 46 ml (1.56 oz) Frosted Glass Bottle Tall Cap,Frosted,46 ml (1.56 oz),madison_generated_evidence,https://likkskifwsrvszxdvufw.supabase.co/storage/v1/object/public/generated-images/4ab1ac72-cd7e-4faf-9152-5aa5f2862411/d4cd4ae9-a9a8-4ea6-ab6f-fd1e19078e5e/best-bottles/reference-imports/Diva/GB-DVA-FRS-46ML-T-25_1779507039175_kx51ex.png,
GB-TRD-BLU-9ML,GBTrdpBlue,Teardrop,Blue glass teardrop shaped bottle with glass stopper. Capacity : 9ml (1/3oz),Cobalt Blue,9 ml (0.3 oz),madison_generated_evidence,https://www.bestbottles.com/images/store/enlarged_pics/GBTrdpBlue.gif,
GB-SLM-CLR-50ML-RDC-MSLV,GBSlm50RdcrMtSl,Slim,"Slim design 50 ml, 1.7oz  clear glass bottle  with reducer and silver matte cap. For use with cologne, aftershave, splash on, and perfume or fragrance oil, beard oils. Slim design bottle is a family of bottles available 30ml, 50ml and 100ml. Price each",Clear,50 ml (1.69 oz),madison_generated_evidence,https://likkskifwsrvszxdvufw.supabase.co/storage/v1/object/public/generated-images/4ab1ac72-cd7e-4faf-9152-5aa5f2862411/best-bottles/reference-images/GB-SLM-CLR-50ML-RDC-MSLV-01__GBSlm50RdcrMtSl__pdp-main__v001.png,
GB-CYL-CLR-9ML-ROL-MSLV-01,GBCylSwrl9RollMattSl,Cylinder,"Cylinder swirl design 9ml,1/3 oz glass bottle with plastic roller ball plug and matte silver cap. For use with perfume or fragrance oil, essential oils, aromatic oils and aromatherapy. Price each",Swirl,9 ml (0.3 oz),madison_generated_evidence,https://likkskifwsrvszxdvufw.supabase.co/storage/v1/object/public/generated-images/4ab1ac72-cd7e-4faf-9152-5aa5f2862411/d4cd4ae9-a9a8-4ea6-ab6f-fd1e19078e5e/best-bottles/reference-imports/Cylinder/GB-CYL-CLR-9ML-ROL-MSLV-01_1779632194773_q0xi9x.png,
GB-RCT-CLR-10ML-MRL-SBLK-02,GBTallRect10MtlRollBlkSh,Rectangle,"Tall rectangular design 10ml, 1/3oz Clear glass bottle with metal roller ball plug and black shiny cap. For use with perfume or fragrance oil, essential oils, aromatic oils and aromatherapy. Refillable, slender bottle with attractive heavy base. Price eac",Clear,10 ml (0.34 oz),madison_generated_evidence,https://likkskifwsrvszxdvufw.supabase.co/storage/v1/object/public/generated-images/4ab1ac72-cd7e-4faf-9152-5aa5f2862411/best-bottles/reference-images/GB-RCT-CLR-10ML-MRL-SBLK-02__GBTallRect10MtlRollBlkSh__pdp-main__v001.png,
GB-RYL-CLR-13ML-SPR-MSLV,GBRoyal13SprySlMatt,Royal,"Royal design 13ml, 1/2oz Clear glass bottle with matte silver spray. Fine mist sprayer for use with perfumes and colognes. Refillable, classic style bottle good for promotions and decants. Price each",Clear,13 ml (0.44 oz),madison_generated_evidence,https://likkskifwsrvszxdvufw.supabase.co/storage/v1/object/public/generated-images/4ab1ac72-cd7e-4faf-9152-5aa5f2862411/best-bottles/reference-images/GB-RYL-CLR-13ML-SPR-MSLV__GBRoyal13SprySlMatt__pdp-main__v001.png,
GB-DVA-FRS-46ML-T-21,GBDivaFrst46AnSpTslGl,Diva,Diva 46 ml (1.56 oz) Frosted Glass Bottle Tall Cap,Frosted,46 ml (1.56 oz),madison_generated_evidence,https://likkskifwsrvszxdvufw.supabase.co/storage/v1/object/public/generated-images/4ab1ac72-cd7e-4faf-9152-5aa5f2862411/d4cd4ae9-a9a8-4ea6-ab6f-fd1e19078e5e/best-bottles/reference-imports/Diva/GB-DVA-FRS-46ML-T-21_1779507035929_mqtmbn.png,
LB-RND-CLR-78ML-LPM-MGLD,LBRnd78LtnMtGl,Round,"Round design 78 ml, 2.65oz clear glass bottle with matte gold lotion pump. For use with serums, light creams, moisturizers, facial oils or face oils, beard oils, body lotions, body wash, and hair products. Round design bottle is available in 2 sizes - 78m",Clear,78 ml (2.64 oz),madison_generated_evidence,https://likkskifwsrvszxdvufw.supabase.co/storage/v1/object/public/generated-images/4ab1ac72-cd7e-4faf-9152-5aa5f2862411/d4cd4ae9-a9a8-4ea6-ab6f-fd1e19078e5e/best-bottles/reference-imports/Round/LB-RND-CLR-78ML-LPM-MGLD_1779532259944_mg52rj.png,
GB-TRD-CLR-9ML,GBTRDPClear,Teardrop,Clear glass teardrop shaped bottle with glass stopper. Capacity : 9ml (1/3oz),Clear,9 ml (0.3 oz),madison_generated_evidence,https://www.bestbottles.com/images/store/enlarged_pics/GBTRDPClear.gif,
GB-CYL-CLR-9ML-ROL-MGLD-01,GBCylSwrl9RollMattGl,Cylinder,"Cylinder swirl design 9ml,1/3 oz glass bottle with plastic roller ball plug and matte gold cap. For use with perfume or fragrance oil, essential oils, aromatic oils and aromatherapy. Price each",Swirl,9 ml (0.3 oz),madison_generated_evidence,https://likkskifwsrvszxdvufw.supabase.co/storage/v1/object/public/generated-images/4ab1ac72-cd7e-4faf-9152-5aa5f2862411/d4cd4ae9-a9a8-4ea6-ab6f-fd1e19078e5e/best-bottles/reference-imports/Cylinder/GB-CYL-CLR-9ML-ROL-MGLD-01_1779632194056_b0rwqb.png,
GB-RCT-CLR-10ML-MRL-MCPR-02,GBTallRect10MtlRollCuMatt,Rectangle,"Tall rectangular design 10ml, 1/3oz Clear glass bottle with metal roller ball plug and matte copper cap. For use with perfume or fragrance oil, essential oils, aromatic oils and aromatherapy. Refillable, slender bottle with attractive heavy base. Price ea",Clear,10 ml (0.34 oz),madison_generated_evidence,https://likkskifwsrvszxdvufw.supabase.co/storage/v1/object/public/generated-images/4ab1ac72-cd7e-4faf-9152-5aa5f2862411/best-bottles/reference-images/GB-RCT-CLR-10ML-MRL-MCPR-02__GBTallRect10MtlRollCuMatt__pdp-main__v001.png,
GB-RYL-CLR-13ML-SPR-MGLD,GBRoyal13SpryGlMatt,Royal,"Royal design 13ml, 1/2oz Clear glass bottle with matte gold spray. Fine mist sprayer for use with perfumes and colognes. Refillable, classic style bottle good for promotions and decants. Price each",Clear,13 ml (0.44 oz),madison_generated_evidence,https://likkskifwsrvszxdvufw.supabase.co/storage/v1/object/public/generated-images/4ab1ac72-cd7e-4faf-9152-5aa5f2862411/best-bottles/reference-images/GB-RYL-CLR-13ML-SPR-MGLD__GBRoyal13SpryGlMatt__pdp-main__v001.png,
GB-DVA-FRS-46ML-T-27,GBDivaFrst46AnSpTslRed,Diva,Diva 46 ml (1.56 oz) Frosted Glass Bottle Tall Cap,Frosted,46 ml (1.56 oz),madison_generated_evidence,https://likkskifwsrvszxdvufw.supabase.co/storage/v1/object/public/generated-images/4ab1ac72-cd7e-4faf-9152-5aa5f2862411/d4cd4ae9-a9a8-4ea6-ab6f-fd1e19078e5e/best-bottles/reference-imports/Diva/GB-DVA-FRS-46ML-T-27_1779507040234_7p4cgl.png,
LB-RND-CLR-78ML-LPM-SGLD,LBRnd78LtnShnGl,Round,"Round design 78 ml, 2.65oz clear glass bottle with shiny gold lotion pump. For use with serums, light creams, moisturizers, facial oils or face oils, beard oils, body lotions, body wash, and hair products. Round design bottle is available in 2 sizes - 78m",Clear,78 ml (2.64 oz),madison_generated_evidence,https://likkskifwsrvszxdvufw.supabase.co/storage/v1/object/public/generated-images/4ab1ac72-cd7e-4faf-9152-5aa5f2862411/d4cd4ae9-a9a8-4ea6-ab6f-fd1e19078e5e/best-bottles/reference-imports/Round/LB-RND-CLR-78ML-LPM-SGLD_1779532257835_qg3kdt.png,
GB-TRD-GRN-9ML,GBTRDPGreen,Teardrop,Green glass teardrop shaped bottle with glass stopper. Capacity : 9ml (1/3oz),Green,9 ml (0.3 oz),madison_generated_evidence,https://www.bestbottles.com/images/store/enlarged_pics/GBTRDPGreen.gif,
GB-CYL-CLR-9ML-ROL-SBLK-02,GBTallCyl9RollBlkSh,Cylinder,"Tall cylinder design 9ml, 1/3oz Clear glass bottle with plastic roller ball plug and black shiny cap. For use with perfume or fragrance oil, essential oils, aromatic oils and aromatherapy. Refillable, slender bottle with attractive heavy base. Price each",Clear,9 ml (0.3 oz),madison_generated_evidence,https://likkskifwsrvszxdvufw.supabase.co/storage/v1/object/public/generated-images/4ab1ac72-cd7e-4faf-9152-5aa5f2862411/d4cd4ae9-a9a8-4ea6-ab6f-fd1e19078e5e/best-bottles/reference-imports/Cylinder/GB-CYL-CLR-9ML-ROL-SBLK-02_1779614853536_6xyj0p.png,
GB-RCT-CLR-10ML-MRL-MGLD-02,GBTallRect10MtlRollGlMatt,Rectangle,"Tall rectangular design 10ml, 1/3oz Clear glass bottle with metal roller ball plug and matte gold cap. For use with perfume or fragrance oil, essential oils, aromatic oils and aromatherapy. Refillable, slender bottle with attractive heavy base. Price each",Clear,10 ml (0.34 oz),madison_generated_evidence,https://likkskifwsrvszxdvufw.supabase.co/storage/v1/object/public/generated-images/4ab1ac72-cd7e-4faf-9152-5aa5f2862411/best-bottles/reference-images/GB-RCT-CLR-10ML-MRL-MGLD-02__GBTallRect10MtlRollGlMatt__pdp-main__v001.png,
GB-CIR-CLR-15ML-SPR-SBLK,GBCrcl15SpryBlkSh,Circle,"Circle design 15ml, 1/2oz Clear glass bottle with shiny black spray. Fine mist sprayer for use with perfumes and colognes. Refillable, classic style bottle good for promotions and decants. Price each",Clear,15 ml (0.51 oz),madison_generated_evidence,https://likkskifwsrvszxdvufw.supabase.co/storage/v1/object/public/generated-images/4ab1ac72-cd7e-4faf-9152-5aa5f2862411/d4cd4ae9-a9a8-4ea6-ab6f-fd1e19078e5e/best-bottles/reference-imports/Circle/GB-CIR-CLR-15ML-SPR-SBLK_1779596548164_quee20.png,
GB-CIR-CLR-50ML-ASP-LVN,GBCrcl50AnSpLvn,Circle,"Circle design 50 ml, 1.7oz  clear glass bottle  with lavender vintage style bulb sprayer with shiny silver collar cap. For use with cologne, Eau de Parfum, air freshner, face and body spray, or room spray.  Antique or vintage bulb sprayers enhance the bea",Clear,50 ml (1.69 oz),madison_generated_evidence,https://likkskifwsrvszxdvufw.supabase.co/storage/v1/object/public/generated-images/4ab1ac72-cd7e-4faf-9152-5aa5f2862411/d4cd4ae9-a9a8-4ea6-ab6f-fd1e19078e5e/best-bottles/reference-imports/Circle/GB-CIR-CLR-50ML-ASP-LVN_1779525260989_ucjvsq.png,
LB-RND-CLR-78ML-LPM-SBLK,LBRnd78LtnShnBlk,Round,"Round design 78 ml, 2.65oz clear glass bottle with shiny black lotion pump. For use with serums, light creams, moisturizers, facial oils or face oils, beard oils, body lotions, body wash, and hair products. Round design bottle is available in 2 sizes - 78",Clear,78 ml (2.64 oz),madison_generated_evidence,https://likkskifwsrvszxdvufw.supabase.co/storage/v1/object/public/generated-images/4ab1ac72-cd7e-4faf-9152-5aa5f2862411/d4cd4ae9-a9a8-4ea6-ab6f-fd1e19078e5e/best-bottles/reference-imports/Round/LB-RND-CLR-78ML-LPM-SBLK_1779532251198_orkgtr.png,
GB-VIA-CLR-3ML-01,GBV1DrmBlkDropper,Vial,"Vial design 1 dram Clear glass vial with black dropper. For use with perfume or fragrance oil, essential oil, aromatherapy, sample or trial size. Perfume sample vials for promotions. Price each",Clear,4 ml (0.14 oz),madison_generated_evidence,https://likkskifwsrvszxdvufw.supabase.co/storage/v1/object/public/generated-images/4ab1ac72-cd7e-4faf-9152-5aa5f2862411/d4cd4ae9-a9a8-4ea6-ab6f-fd1e19078e5e/best-bottles/reference-imports/Vial/GB-VIA-CLR-3ML-01_1779591588193_lkb8xp.png,
GB-CYL-CLR-9ML-ROL-MCPR-02,GBTallCyl9RollCuMatt,Cylinder,"Tall cylinder design 9ml, 1/3oz Clear glass bottle with plastic roller ball plug and matte copper cap. For use with perfume or fragrance oil, essential oils, aromatic oils and aromatherapy. Refillable, slender bottle with attractive heavy base. Price each",Clear,9 ml (0.3 oz),madison_generated_evidence,https://likkskifwsrvszxdvufw.supabase.co/storage/v1/object/public/generated-images/4ab1ac72-cd7e-4faf-9152-5aa5f2862411/best-bottles/reference-images/GB-CYL-CLR-9ML-ROL-MCPR-02__GBTallCyl9RollCuMatt__pdp-main__v001.png,
GB-RCT-CLR-10ML-MRL-SGLD-02,GBTallRect10MtlRollGlSh,Rectangle,"Tall rectangular design 10ml, 1/3oz Clear glass bottle with metal roller ball plug and shiny gold cap. For use with perfume or fragrance oil, essential oils, aromatic oils and aromatherapy. Refillable, slender bottle with attractive heavy base. Price each",Clear,10 ml (0.34 oz),madison_generated_evidence,https://likkskifwsrvszxdvufw.supabase.co/storage/v1/object/public/generated-images/4ab1ac72-cd7e-4faf-9152-5aa5f2862411/best-bottles/reference-images/GB-RCT-CLR-10ML-MRL-SGLD-02__GBTallRect10MtlRollGlSh__pdp-main__v001.png,
GB-CIR-CLR-15ML-SPR-MBLU,GBCrcl15SpryBluMatt,Circle,"Circle design 15ml, 1/2oz Clear glass bottle with matte blue spray. Fine mist sprayer for use with perfumes and colognes. Refillable, classic style bottle good for promotions and decants. Price each",Clear,15 ml (0.51 oz),madison_generated_evidence,https://likkskifwsrvszxdvufw.supabase.co/storage/v1/object/public/generated-images/4ab1ac72-cd7e-4faf-9152-5aa5f2862411/best-bottles/reference-images/GB-CIR-CLR-15ML-SPR-MBLU__GBCrcl15SpryBluMatt__pdp-main__v001.png,
GB-CIR-CLR-50ML-ASP-PNK,GBCrcl50AnSpPnk,Circle,"Circle design 50 ml, 1.7oz  clear glass bottle  with pink vintage style bulb sprayer with shiny gold collar cap. For use with cologne, Eau de Parfum, air freshner, face and body spray, or room spray.  Antique or vintage bulb sprayers enhance the beauty of",Clear,50 ml (1.69 oz),madison_generated_evidence,https://likkskifwsrvszxdvufw.supabase.co/storage/v1/object/public/generated-images/4ab1ac72-cd7e-4faf-9152-5aa5f2862411/d4cd4ae9-a9a8-4ea6-ab6f-fd1e19078e5e/best-bottles/reference-imports/Circle/GB-CIR-CLR-50ML-ASP-PNK_1779525256342_7dhtkw.png,
LB-RND-CLR-78ML-LPM-MSLV,LBRnd78LtnMtSl,Round,"Round design 78 ml, 2.65oz clear glass bottle with matte silver lotion pump. For use with serums, light creams, moisturizers, facial oils or face oils, beard oils, body lotions, body wash, and hair products. Round design bottle is available in 2 sizes - 7",Clear,78 ml (2.64 oz),madison_generated_evidence,https://likkskifwsrvszxdvufw.supabase.co/storage/v1/object/public/generated-images/4ab1ac72-cd7e-4faf-9152-5aa5f2862411/d4cd4ae9-a9a8-4ea6-ab6f-fd1e19078e5e/best-bottles/reference-imports/Round/LB-RND-CLR-78ML-LPM-MSLV_1779532256234_2mj04y.png,
GB-CYL-CLR-9ML-ROL-MGLD-02,GBTallCyl9RollGlMatt,Cylinder,"Tall cylinder design 9ml, 1/3oz Clear glass bottle with plastic roller ball plug and matte gold cap. For use with perfume or fragrance oil, essential oils, aromatic oils and aromatherapy. Refillable, slender bottle with attractive heavy base. Price each",Clear,9 ml (0.3 oz),madison_generated_evidence,https://likkskifwsrvszxdvufw.supabase.co/storage/v1/object/public/generated-images/4ab1ac72-cd7e-4faf-9152-5aa5f2862411/best-bottles/reference-images/GB-CYL-CLR-9ML-ROL-MGLD-02__GBTallCyl9RollGlMatt__pdp-main__v001.png,
GB-CIR-CLR-15ML-SPR-MCPR,GBCrcl15SpryCuMatt,Circle,"Circle design 15ml, 1/2oz Clear glass bottle with matte copper spray. For use with fine mist sprayer for use with perfumes and colognes. Refillable, classic style bottle good for promotions and decants. Price each",Clear,15 ml (0.51 oz),madison_generated_evidence,https://likkskifwsrvszxdvufw.supabase.co/storage/v1/object/public/generated-images/4ab1ac72-cd7e-4faf-9152-5aa5f2862411/best-bottles/reference-images/GB-CIR-CLR-15ML-SPR-MCPR__GBCrcl15SpryCuMatt__pdp-main__v001.png,
GB-CIR-CLR-50ML-ASP-MSLV,GBCrcl50AnSpMtSl,Circle,"Circle design 50 ml, 1.7oz  clear glass bottle  with matte silver vintage style sprayer with matte silver collar cap. For use with cologne, Eau de Parfum, air freshner, face and body spray, or room spray.  Antique or vintage bulb sprayers enhance the beau",Clear,50 ml (1.69 oz),madison_generated_evidence,https://likkskifwsrvszxdvufw.supabase.co/storage/v1/object/public/generated-images/4ab1ac72-cd7e-4faf-9152-5aa5f2862411/d4cd4ae9-a9a8-4ea6-ab6f-fd1e19078e5e/best-bottles/reference-imports/Circle/GB-CIR-CLR-50ML-ASP-MSLV_1779525257392_6u41a5.png,
LB-RND-CLR-78ML-LPM-SSLV,LBRnd78LtnShnSl,Round,"Round design 78 ml, 2.65oz clear glass bottle with shiny silver lotion pump. For use with serums, light creams, moisturizers, facial oils or face oils, beard oils, body lotions, body wash, and hair products. Round design bottle is available in 2 sizes - 7",Clear,78 ml (2.64 oz),madison_generated_evidence,https://likkskifwsrvszxdvufw.supabase.co/storage/v1/object/public/generated-images/4ab1ac72-cd7e-4faf-9152-5aa5f2862411/d4cd4ae9-a9a8-4ea6-ab6f-fd1e19078e5e/best-bottles/reference-imports/Round/LB-RND-CLR-78ML-LPM-SSLV_1779532251904_07dsk0.png,
GB-CYL-CLR-9ML-ROL-SGLD-02,GBTallCyl9RollGlSh,Cylinder,"Tall cylinder design 9ml, 1/3oz Clear glass bottle with plastic roller ball plug and shiny gold cap. For use with perfume or fragrance oil, essential oils, aromatic oils and aromatherapy. Refillable, slender bottle with attractive heavy base. Price each",Clear,9 ml (0.3 oz),madison_generated_evidence,https://likkskifwsrvszxdvufw.supabase.co/storage/v1/object/public/generated-images/4ab1ac72-cd7e-4faf-9152-5aa5f2862411/d4cd4ae9-a9a8-4ea6-ab6f-fd1e19078e5e/best-bottles/reference-imports/Cylinder/GB-CYL-CLR-9ML-ROL-SGLD-02_1779614873256_bqslv7.png,
GB-VIA-CLR-3ML-03,GBVBlu1DrmBlkDropper,Vial,"Vial design 1 dram Blue glass vial with black dropper. For use with perfume or fragrance oil, essential oil, aromatherapy, sample or trial size. Perfume sample vials for promotions. Price each",Blue,4 ml (0.14 oz),madison_generated_evidence,https://likkskifwsrvszxdvufw.supabase.co/storage/v1/object/public/generated-images/4ab1ac72-cd7e-4faf-9152-5aa5f2862411/d4cd4ae9-a9a8-4ea6-ab6f-fd1e19078e5e/best-bottles/reference-imports/Vial/GB-VIA-CLR-3ML-03_1779591587418_5hxspz.png,
CMP-APP-BLK-18-400,18-400CpAppBlk,Cap/Closure,"Black cap with glass rod applicator, Threadsize 18-400",Black,0 ml (0 oz),madison_generated_evidence,https://likkskifwsrvszxdvufw.supabase.co/storage/v1/object/public/generated-images/4ab1ac72-cd7e-4faf-9152-5aa5f2862411/best-bottles/reference-images/CMP-APP-BLK-18-400__18-400CpAppBlk__pdp-main__v001.png,
GB-RCT-CLR-10ML-MRL-SLDT-02,GBTallRect10MtlRollSlDot,Rectangle,"Tall rectangular design 10ml, 1/3oz Clear glass bottle with metal roller ball plug and silver cap with dots. For use with perfume or fragrance oil, essential oils, aromatic oils and aromatherapy. Refillable, slender bottle with attractive heavy base. Pric",Clear,10 ml (0.34 oz),madison_generated_evidence,https://likkskifwsrvszxdvufw.supabase.co/storage/v1/object/public/generated-images/4ab1ac72-cd7e-4faf-9152-5aa5f2862411/best-bottles/reference-images/GB-RCT-CLR-10ML-MRL-SLDT-02__GBTallRect10MtlRollSlDot__pdp-main__v001.png,
GB-CIR-CLR-15ML-SPR-MGLD,GBCrcl15SpryGlMatt,Circle,"Circle design 15ml, 1/2oz Clear glass bottle with matte gold spray. Fine mist sprayer for use with perfumes and colognes. Refillable, classic style bottle good for promotions and decants. Price each",Clear,15 ml (0.51 oz),madison_generated_evidence,https://likkskifwsrvszxdvufw.supabase.co/storage/v1/object/public/generated-images/4ab1ac72-cd7e-4faf-9152-5aa5f2862411/best-bottles/reference-images/GB-CIR-CLR-15ML-SPR-MGLD__GBCrcl15SpryGlMatt__pdp-main__v001.png,
GB-CIR-CLR-50ML-ASP-IVSL,GBCrcl50AnSpIvySl,Circle,"Circle design 50 ml, 1.7oz  clear glass bottle  with ivory vintage style bulb sprayer with shiny silver collar cap. For use with cologne, Eau de Parfum, air freshner, face and body spray, or room spray.  Antique or vintage bulb sprayers enhance the beauty",Clear,50 ml (1.69 oz),madison_generated_evidence,https://likkskifwsrvszxdvufw.supabase.co/storage/v1/object/public/generated-images/4ab1ac72-cd7e-4faf-9152-5aa5f2862411/d4cd4ae9-a9a8-4ea6-ab6f-fd1e19078e5e/best-bottles/reference-imports/Circle/GB-CIR-CLR-50ML-ASP-IVSL_1779525277146_fvncc0.png,
LB-RND-CLR-78ML-LPM-CPR,LBRnd78LtnCu,Round,"Round design 78 ml, 2.65oz clear glass bottle with matte copper lotion pump. For use with serums, light creams, moisturizers, facial oils or face oils, beard oils, body lotions, body wash, and hair products. Round design bottle is available in 2 sizes - 7",Clear,78 ml (2.64 oz),madison_generated_evidence,https://likkskifwsrvszxdvufw.supabase.co/storage/v1/object/public/generated-images/4ab1ac72-cd7e-4faf-9152-5aa5f2862411/best-bottles/reference-images/LB-RND-CLR-78ML-LPM-CPR__LBRnd78LtnCu__pdp-main__v001.png,
GB-CYL-CLR-9ML-ROL-PKDT-02,GBTallCyl9RollPinkDot,Cylinder,"Tall cylinder design 9ml, 1/3oz Clear glass bottle with plastic roller ball plug and pink cap with dots. For use with perfume or fragrance oil, essential oils, aromatic oils and aromatherapy. Refillable, slender bottle with attractive heavy base. Price ea",Clear,9 ml (0.3 oz),madison_generated_evidence,https://likkskifwsrvszxdvufw.supabase.co/storage/v1/object/public/generated-images/4ab1ac72-cd7e-4faf-9152-5aa5f2862411/d4cd4ae9-a9a8-4ea6-ab6f-fd1e19078e5e/best-bottles/reference-imports/Cylinder/GB-CYL-CLR-9ML-ROL-PKDT-02_1779614823007_8a3644.png,
GB-GRN-GRN-20ML,GBVGreen2o4WhtCapSht,Vial,"Vial design 5/8 dram Green glass vial with white short cap. For use with perfume or fragrance oil, essential oil, aromatherapy, sample or trial size. Perfume sample vials for promotions. Price each",Green,3 ml (0.1 oz),madison_generated_evidence,https://likkskifwsrvszxdvufw.supabase.co/storage/v1/object/public/generated-images/4ab1ac72-cd7e-4faf-9152-5aa5f2862411/best-bottles/reference-images/GB-GRN-GRN-20ML__GBVGreen2o4WhtCapSht__pdp-main__v001.png,
GB-VIA-CLR-3ML-04,GBVGr1DrmBlkDropper,Vial,"Vial design 1 dram Green glass vial with black dropper. For use with perfume or fragrance oil, essential oil, aromatherapy, sample or trial size. Perfume sample vials for promotions. Price each",Green,4 ml (0.14 oz),madison_generated_evidence,https://likkskifwsrvszxdvufw.supabase.co/storage/v1/object/public/generated-images/4ab1ac72-cd7e-4faf-9152-5aa5f2862411/d4cd4ae9-a9a8-4ea6-ab6f-fd1e19078e5e/best-bottles/reference-imports/Vial/GB-VIA-CLR-3ML-04_1779591586493_gri8rc.png,
GB-RCT-CLR-10ML-MRL-MSLV-02,GBTallRect10MtlRollSlMatt,Rectangle,"Tall rectangular design 10ml, 1/3oz Clear glass bottle with metal roller ball plug and matte silver cap. For use with perfume or fragrance oil, essential oils, aromatic oils and aromatherapy. Refillable, slender bottle with attractive heavy base. Price ea",Clear,10 ml (0.34 oz),madison_generated_evidence,https://likkskifwsrvszxdvufw.supabase.co/storage/v1/object/public/generated-images/4ab1ac72-cd7e-4faf-9152-5aa5f2862411/best-bottles/reference-images/GB-RCT-CLR-10ML-MRL-MSLV-02__GBTallRect10MtlRollSlMatt__pdp-main__v001.png,
GB-CIR-CLR-15ML-SPR-SGLD,GBCrcl15SpryGlSh,Circle,"Circle design 15ml, 1/2oz Clear glass bottle with shiny gold spray. Fine mist sprayer for use with perfumes and colognes. Refillable, classic style bottle good for promotions and decants. Price each",Clear,15 ml (0.51 oz),madison_generated_evidence,https://likkskifwsrvszxdvufw.supabase.co/storage/v1/object/public/generated-images/4ab1ac72-cd7e-4faf-9152-5aa5f2862411/d4cd4ae9-a9a8-4ea6-ab6f-fd1e19078e5e/best-bottles/reference-imports/Circle/GB-CIR-CLR-15ML-SPR-SGLD_1779596549487_tx19rq.png,
GB-CIR-CLR-50ML-ASP-GLD,GBCrcl50AnSpGl,Circle,"Circle design 50 ml, 1.7oz  clear glass bottle  with gold vintage style sprayer with shiny gold collar cap. For use with cologne, Eau de Parfum, air freshner, face and body spray, or room spray.  Antique or vintage bulb sprayers enhance the beauty of your",Clear,50 ml (1.69 oz),madison_generated_evidence,https://likkskifwsrvszxdvufw.supabase.co/storage/v1/object/public/generated-images/4ab1ac72-cd7e-4faf-9152-5aa5f2862411/d4cd4ae9-a9a8-4ea6-ab6f-fd1e19078e5e/best-bottles/reference-imports/Circle/GB-CIR-CLR-50ML-ASP-GLD_1779525285067_9fy8ix.png,
LB-RND-FRS-78ML-02,LBRndFrst78LtnMtGl,Round,"Round design 78 ml, 2.65oz frosted glass bottle with matte gold lotion pump. For use with serums, light creams, moisturizers, facial oils or face oils, beard oils, body lotions, body wash, and hair products. Round design bottle is available in 2 sizes - 7",Frosted,78 ml (2.64 oz),madison_generated_evidence,https://likkskifwsrvszxdvufw.supabase.co/storage/v1/object/public/generated-images/4ab1ac72-cd7e-4faf-9152-5aa5f2862411/d4cd4ae9-a9a8-4ea6-ab6f-fd1e19078e5e/best-bottles/reference-imports/Round/LB-RND-FRS-78ML-02_1779532254812_4ueqts.png,
GB-CYL-CLR-9ML-ROL-SLDT-02,GBTallCyl9RollSlDot,Cylinder,"Tall cylinder design 9ml, 1/3oz Clear glass bottle with plastic roller ball plug and silver cap with dots. For use with perfume or fragrance oil, essential oils, aromatic oils and aromatherapy. Refillable, slender bottle with attractive heavy base. Price",Clear,9 ml (0.3 oz),madison_generated_evidence,https://likkskifwsrvszxdvufw.supabase.co/storage/v1/object/public/generated-images/4ab1ac72-cd7e-4faf-9152-5aa5f2862411/d4cd4ae9-a9a8-4ea6-ab6f-fd1e19078e5e/best-bottles/reference-imports/Cylinder/GB-CYL-CLR-9ML-ROL-SLDT-02_1779614859290_22nfl9.png,
GB-VIA-CLR-3ML-S-03,GBVAmb1DrmBlackCapSht,Vial,"Vial design 1 dram Amber glass vial with black short cap. For use with perfume or fragrance oil, essential oil, aromatherapy, sample or trial size. Perfume sample vials for promotions. Price each",Amber,4 ml (0.14 oz),madison_generated_evidence,https://likkskifwsrvszxdvufw.supabase.co/storage/v1/object/public/generated-images/4ab1ac72-cd7e-4faf-9152-5aa5f2862411/d4cd4ae9-a9a8-4ea6-ab6f-fd1e19078e5e/best-bottles/reference-imports/Vial/GB-VIA-CLR-3ML-S-03_1779591578860_bv0fy6.png,
CMP-SPR-BKSLWH-18-415-02,AnSpTsl18-415Blk,Sprayer,Black Antique or Vintage style bulb sprayer with tassel. Thread Size 18-415,,0 ml (0 oz),madison_generated_evidence,https://likkskifwsrvszxdvufw.supabase.co/storage/v1/object/public/generated-images/4ab1ac72-cd7e-4faf-9152-5aa5f2862411/best-bottles/reference-images/CMP-SPR-BLK-18-415-02__AnSpTsl18-415Blk__pdp-main__v001.png,
GB-RCT-CLR-10ML-MRL-SSLV-02,GBTallRect10MtlRollSlSh,Rectangle,"Tall rectangular design 10ml, 1/3oz Clear glass bottle with metal roller ball plug and shiny silver cap. For use with perfume or fragrance oil, essential oils, aromatic oils and aromatherapy. Refillable, slender bottle with attractive heavy base. Price ea",Clear,10 ml (0.34 oz),madison_generated_evidence,https://likkskifwsrvszxdvufw.supabase.co/storage/v1/object/public/generated-images/4ab1ac72-cd7e-4faf-9152-5aa5f2862411/best-bottles/reference-images/GB-RCT-CLR-10ML-MRL-SSLV-02__GBTallRect10MtlRollSlSh__pdp-main__v001.png,
GB-CIR-CLR-15ML-SPR-MSLV,GBCrcl15SprySlMatt,Circle,"Circle design 15ml, 1/2oz Clear glass bottle with matte silver spray. Fine mist sprayer for use with perfumes and colognes. Refillable, classic style bottle good for promotions and decants. Price each",Clear,15 ml (0.51 oz),madison_generated_evidence,https://likkskifwsrvszxdvufw.supabase.co/storage/v1/object/public/generated-images/4ab1ac72-cd7e-4faf-9152-5aa5f2862411/best-bottles/reference-images/GB-CIR-CLR-15ML-SPR-MSLV__GBCrcl15SprySlMatt__pdp-main__v001.png,
GB-CIR-CLR-50ML-ASP-IVGD,GBCrcl50AnSpIvyGl,Circle,"Circle design 50 ml, 1.7oz  clear glass bottle  with ivory vintage style bulb sprayer with shiny gold collar cap. For use with cologne, Eau de Parfum, air freshner, face and body spray, or room spray.  Antique or vintage bulb sprayers enhance the beauty o",Clear,50 ml (1.69 oz),madison_generated_evidence,https://likkskifwsrvszxdvufw.supabase.co/storage/v1/object/public/generated-images/4ab1ac72-cd7e-4faf-9152-5aa5f2862411/d4cd4ae9-a9a8-4ea6-ab6f-fd1e19078e5e/best-bottles/reference-imports/Circle/GB-CIR-CLR-50ML-ASP-IVGD_1779525271601_0rjhzt.png,
LB-RND-FRS-78ML-05,LBRndFrst78LtnShnGl,Round,"Round design 78 ml, 2.65oz frosted glass bottle with shiny gold lotion pump. For use with serums, light creams, moisturizers, facial oils or face oils, beard oils, body lotions, body wash, and hair products. Round design bottle is available in 2 sizes - 7",Frosted,78 ml (2.64 oz),madison_generated_evidence,https://likkskifwsrvszxdvufw.supabase.co/storage/v1/object/public/generated-images/4ab1ac72-cd7e-4faf-9152-5aa5f2862411/d4cd4ae9-a9a8-4ea6-ab6f-fd1e19078e5e/best-bottles/reference-imports/Round/LB-RND-FRS-78ML-05_1779532253197_9il5dq.png,
CMP-LPM-MTCP-18-415-05,Ltn18-415Cu,Lotion Pump,"Matte Copper Lotion or treatment pump, Threadsize 18-415",,0 ml (0 oz),madison_generated_evidence,https://likkskifwsrvszxdvufw.supabase.co/storage/v1/object/public/generated-images/4ab1ac72-cd7e-4faf-9152-5aa5f2862411/best-bottles/reference-images/CMP-LPM-CPR-18-415__Ltn18-415Cu__pdp-main__v001.png,
GB-CYL-CLR-9ML-ROL-MSLV-02,GBTallCyl9RollSlMatt,Cylinder,"Tall cylinder design 9ml, 1/3oz Clear glass bottle with plastic roller ball plug and matte silver cap. For use with perfume or fragrance oil, essential oils, aromatic oils and aromatherapy. Refillable, slender bottle with attractive heavy base. Price each",Clear,9 ml (0.3 oz),madison_generated_evidence,https://likkskifwsrvszxdvufw.supabase.co/storage/v1/object/public/generated-images/4ab1ac72-cd7e-4faf-9152-5aa5f2862411/best-bottles/reference-images/GB-CYL-CLR-9ML-ROL-MSLV-02__GBTallCyl9RollSlMatt__pdp-main__v001.png,
GB-CIR-CLR-15ML-SPR-SSLV,GBCrcl15SprySlSh,Circle,"Circle design 15ml, 1/2oz Clear glass bottle with shiny silver spray. Fine mist sprayer for use with perfumes and colognes. Refillable, classic style bottle good for promotions and decants. Price each",Clear,15 ml (0.51 oz),madison_generated_evidence,https://likkskifwsrvszxdvufw.supabase.co/storage/v1/object/public/generated-images/4ab1ac72-cd7e-4faf-9152-5aa5f2862411/d4cd4ae9-a9a8-4ea6-ab6f-fd1e19078e5e/best-bottles/reference-imports/Circle/GB-CIR-CLR-15ML-SPR-SSLV_1779596546770_860rm8.png,
GB-CIR-CLR-50ML-ASP-WHT,GBCrcl50AnSpWht,Circle,"Circle design 50 ml, 1.7oz  clear glass bottle  with white vintage style bulb sprayer with shiny silver collar cap. For use with cologne, Eau de Parfum, air freshner, face and body spray, or room spray.  Antique or vintage bulb sprayers enhance the beauty",Clear,50 ml (1.69 oz),madison_generated_evidence,https://likkskifwsrvszxdvufw.supabase.co/storage/v1/object/public/generated-images/4ab1ac72-cd7e-4faf-9152-5aa5f2862411/d4cd4ae9-a9a8-4ea6-ab6f-fd1e19078e5e/best-bottles/reference-imports/Circle/GB-CIR-CLR-50ML-ASP-WHT_1779525283214_dpd32x.png,
LB-RND-FRS-78ML-04,LBRndFrst78LtnShnBlk,Round,"Round design 78 ml, 2.65oz frosted glass bottle with shiny black lotion pump. For use with serums, light creams, moisturizers, facial oils or face oils, beard oils, body lotions, body wash, and hair products. Round design bottle is available in 2 sizes -",Frosted,78 ml (2.64 oz),madison_generated_evidence,https://likkskifwsrvszxdvufw.supabase.co/storage/v1/object/public/generated-images/4ab1ac72-cd7e-4faf-9152-5aa5f2862411/d4cd4ae9-a9a8-4ea6-ab6f-fd1e19078e5e/best-bottles/reference-imports/Round/LB-RND-FRS-78ML-04_1779532252555_7bts9p.png,
GB-CYL-CLR-9ML-ROL-SSLV-02,GBTallCyl9RollSlSh,Cylinder,"Tall cylinder design 9ml, 1/3oz Clear glass bottle with plastic roller ball plug and shiny silver cap. For use with perfume or fragrance oil, essential oils, aromatic oils and aromatherapy. Refillable, slender bottle with attractive heavy base. Price each",Clear,9 ml (0.3 oz),madison_generated_evidence,https://likkskifwsrvszxdvufw.supabase.co/storage/v1/object/public/generated-images/4ab1ac72-cd7e-4faf-9152-5aa5f2862411/d4cd4ae9-a9a8-4ea6-ab6f-fd1e19078e5e/best-bottles/reference-imports/Cylinder/GB-CYL-CLR-9ML-ROL-SSLV-02_1779614851141_gyn547.png,
GB-VIA-CLR-3ML-S-05,GBVBlu1DrmBlackCapSht,Vial,"Vial design 1 dram Blue glass vial with black short cap. For use with perfume or fragrance oil, essential oil, aromatherapy, sample or trial size. Perfume sample vials for promotions. Price each",Blue,4 ml (0.14 oz),madison_generated_evidence,https://likkskifwsrvszxdvufw.supabase.co/storage/v1/object/public/generated-images/4ab1ac72-cd7e-4faf-9152-5aa5f2862411/d4cd4ae9-a9a8-4ea6-ab6f-fd1e19078e5e/best-bottles/reference-imports/Vial/GB-VIA-CLR-3ML-S-05_1779591582309_5jq23a.png,
GB-CIR-CLR-50ML-ASP-RED,GBCrcl50AnSpRed,Circle,"Circle design 50 ml, 1.7oz  clear glass bottle  with red vintage style bulb sprayer with shiny silver collar cap. For use with cologne, Eau de Parfum, air freshner, face and body spray, or room spray.  Antique or vintage bulb sprayers enhance the beauty o",Clear,50 ml (1.69 oz),madison_generated_evidence,https://likkskifwsrvszxdvufw.supabase.co/storage/v1/object/public/generated-images/4ab1ac72-cd7e-4faf-9152-5aa5f2862411/d4cd4ae9-a9a8-4ea6-ab6f-fd1e19078e5e/best-bottles/reference-imports/Circle/GB-CIR-CLR-50ML-ASP-RED_1779525278259_mzc2lh.png,
LB-RND-FRS-78ML-03,LBRndFrst78LtnMtSl,Round,"Round design 78 ml, 2.65oz frosted glass bottle with matte silver lotion pump. For use with serums, light creams, moisturizers, facial oils or face oils, beard oils, body lotions, body wash, and hair products. Round design bottle is available in 2 sizes -",Frosted,78 ml (2.64 oz),madison_generated_evidence,https://likkskifwsrvszxdvufw.supabase.co/storage/v1/object/public/generated-images/4ab1ac72-cd7e-4faf-9152-5aa5f2862411/d4cd4ae9-a9a8-4ea6-ab6f-fd1e19078e5e/best-bottles/reference-imports/Round/LB-RND-FRS-78ML-03_1779532255574_10azb9.png,
GB-CYL-FRS-9ML-T-17,GBTallCylFrst9RollSlDot,Cylinder,"Tall cylinder design 9ml, 1/3oz frosted glass bottle with plastic roller ball plug and silver cap with dots. For use with perfume or fragrance oil, essential oils, aromatic oils and aromatherapy. Refillable, slender bottle with attractive heavy base. Pric",Frosted,9 ml (0.3 oz),madison_generated_evidence,https://likkskifwsrvszxdvufw.supabase.co/storage/v1/object/public/generated-images/4ab1ac72-cd7e-4faf-9152-5aa5f2862411/best-bottles/reference-images/GB-CYL-FRS-9ML-T-17__GBTallCylFrst9RollSlDot__pdp-main__v001.png,
GB-ELG-CLR-15ML-SPR-SGLD-01,GBElg15SpryGlSh,Elegant,"Elegant design 15ml, 1/2oz Clear glass bottle with shiny gold spray. Fine mist sprayer for use with perfumes and colognes. Refillable, classic style bottle good for promotions and decants. Price each",Clear,15 ml (0.51 oz),madison_generated_evidence,https://likkskifwsrvszxdvufw.supabase.co/storage/v1/object/public/generated-images/4ab1ac72-cd7e-4faf-9152-5aa5f2862411/d4cd4ae9-a9a8-4ea6-ab6f-fd1e19078e5e/paper-doll/master_corrected_1779141619390_7edbpd.png,
GB-CIR-CLR-50ML-AST-LVN,GBCrcl50AnSpTslLvn,Circle,"Circle design 50 ml, 1.7oz  clear glass bottle  with Lavender vintage style bulb sprayer with Tasseland shiny silver collar cap. For use with cologne, Eau de Parfum, air freshner, face and body spray, or room spray.  Antique or vintage bulb sprayers enhan",Clear,50 ml (1.69 oz),madison_generated_evidence,https://likkskifwsrvszxdvufw.supabase.co/storage/v1/object/public/generated-images/4ab1ac72-cd7e-4faf-9152-5aa5f2862411/d4cd4ae9-a9a8-4ea6-ab6f-fd1e19078e5e/best-bottles/reference-imports/Circle/GB-CIR-CLR-50ML-AST-LVN_1779525308594_sapglu.png,
LB-RND-FRS-78ML-06,LBRndFrst78LtnShnSl,Round,"Round design 78 ml, 2.65oz frosted glass bottle with shiny silver lotion pump. For use with serums, light creams, moisturizers, facial oils or face oils, beard oils, body lotions, body wash, and hair products. Round design bottle is available in 2 sizes -",Frosted,78 ml (2.64 oz),madison_generated_evidence,https://likkskifwsrvszxdvufw.supabase.co/storage/v1/object/public/generated-images/4ab1ac72-cd7e-4faf-9152-5aa5f2862411/d4cd4ae9-a9a8-4ea6-ab6f-fd1e19078e5e/best-bottles/reference-imports/Round/LB-RND-FRS-78ML-06_1779532254059_7iu9yo.png,
GB-CYL-CLR-9ML-S-01,GB09BlackCapSht,Vial,"Cylinder design 9 ml clear glass vial with black short cap. For use with perfume or fragrance oil, essential oil, aromatherapy. Small sample or trial size vial. Price each",Clear,9 ml (0.3 oz),madison_generated_evidence,https://likkskifwsrvszxdvufw.supabase.co/storage/v1/object/public/generated-images/4ab1ac72-cd7e-4faf-9152-5aa5f2862411/best-bottles/reference-images/GB-CYL-CLR-9ML-S-01__GB09BlackCapSht__pdp-main__v001.png,
GB-CYL-FRS-9ML-T-16,GBTallCylFrst9RollPinkDot,Cylinder,"Tall cylinder design 9ml, 1/3oz frosted glass bottle with plastic roller ball plug and pink cap with dots. For use with perfume or fragrance oil, essential oils, aromatic oils and aromatherapy. Refillable, slender bottle with attractive heavy base. Price",Frosted,9 ml (0.3 oz),madison_generated_evidence,https://likkskifwsrvszxdvufw.supabase.co/storage/v1/object/public/generated-images/4ab1ac72-cd7e-4faf-9152-5aa5f2862411/best-bottles/reference-images/GB-CYL-FRS-9ML-T-16__GBTallCylFrst9RollPinkDot__pdp-main__v001.png,
GB-ELG-CLR-15ML-SPR-MSLV-01,GBElg15SprySlMatt,Elegant,"Elegant design 15ml, 1/2oz Clear glass bottle with matte silver spray. Fine mist sprayer for use with perfumes and colognes. Refillable, classic style bottle good for promotions and decants. Price each",Clear,15 ml (0.51 oz),madison_generated_evidence,https://likkskifwsrvszxdvufw.supabase.co/storage/v1/object/public/generated-images/4ab1ac72-cd7e-4faf-9152-5aa5f2862411/best-bottles/reference-images/GB-ELG-CLR-15ML-SPR-MSLV-01__GBElg15SprySlMatt__pdp-main__v001.png,
GB-CIR-CLR-50ML-AST-IVGD,GBCrcl50AnSpTslIvyGl,Circle,"Circle design 50 ml, 1.7oz  clear glass bottle  with Ivory vintage style bulb sprayer with tassel and shiny gold collar cap. For use with cologne, Eau de Parfum, air freshner, face and body spray, or room spray.  Antique or vintage bulb sprayers enhance t",Clear,50 ml (1.69 oz),madison_generated_evidence,https://likkskifwsrvszxdvufw.supabase.co/storage/v1/object/public/generated-images/4ab1ac72-cd7e-4faf-9152-5aa5f2862411/d4cd4ae9-a9a8-4ea6-ab6f-fd1e19078e5e/best-bottles/reference-imports/Circle/GB-CIR-CLR-50ML-AST-IVGD_1779525311342_rctopt.png,
LB-RND-FRS-78ML-01,LBRndFrst78LtnCu,Round,"Round design 78 ml, 2.65oz frosted glass bottle with matte copper lotion pump. For use with serums, light creams, moisturizers, facial oils or face oils, beard oils, body lotions, body wash, and hair products. Round design bottle is available in 2 sizes -",Frosted,78 ml (2.64 oz),madison_generated_evidence,https://likkskifwsrvszxdvufw.supabase.co/storage/v1/object/public/generated-images/4ab1ac72-cd7e-4faf-9152-5aa5f2862411/d4cd4ae9-a9a8-4ea6-ab6f-fd1e19078e5e/best-bottles/reference-imports/Round/LB-RND-FRS-78ML-01_1779532256913_dn1hbq.png,
GB-VIA-CLR-3ML-S-07,GBVGr1DrmBlackCapSht,Vial,"Vial design 1 dram Green glass vial with black short cap. For use with perfume or fragrance oil, essential oil, aromatherapy, sample or trial size. Perfume sample vials for promotions. Price each",Green,4 ml (0.14 oz),madison_generated_evidence,https://likkskifwsrvszxdvufw.supabase.co/storage/v1/object/public/generated-images/4ab1ac72-cd7e-4faf-9152-5aa5f2862411/d4cd4ae9-a9a8-4ea6-ab6f-fd1e19078e5e/best-bottles/reference-imports/Vial/GB-VIA-CLR-3ML-S-07_1779591579775_tcolz2.png,
GB-CYL-FRS-9ML-T-18,GBTallCylFrst9RollSlMatt,Cylinder,"Tall cylinder design 9ml, 1/3oz frosted glass bottle with plastic roller ball plug and matte silver cap. For use with perfume or fragrance oil, essential oils, aromatic oils and aromatherapy. Refillable, slender bottle with attractive heavy base. Price ea",Frosted,9 ml (0.3 oz),madison_generated_evidence,https://likkskifwsrvszxdvufw.supabase.co/storage/v1/object/public/generated-images/4ab1ac72-cd7e-4faf-9152-5aa5f2862411/best-bottles/reference-images/GB-CYL-FRS-9ML-T-18__GBTallCylFrst9RollSlMatt__pdp-main__v001.png,
GB-CIR-CLR-50ML-AST-IVSL,GBCrcl50AnSpTslIvySl,Circle,"Circle design 50 ml, 1.7oz  clear glass bottle  with Ivory vintage style bulb sprayer with tassel and shiny silver collar cap. For use with cologne, Eau de Parfum, air freshner, face and body spray, or room spray.  Antique or vintage bulb sprayers enhance",Clear,50 ml (1.69 oz),madison_generated_evidence,https://likkskifwsrvszxdvufw.supabase.co/storage/v1/object/public/generated-images/4ab1ac72-cd7e-4faf-9152-5aa5f2862411/d4cd4ae9-a9a8-4ea6-ab6f-fd1e19078e5e/best-bottles/reference-imports/Circle/GB-CIR-CLR-50ML-AST-IVSL_1779525307368_9v9ag1.png,
GB-CYL-FRS-9ML-T-14,GBTallCylFrst9RollGlMatt,Cylinder,"Tall cylinder design 9ml, 1/3oz frosted glass bottle with plastic roller ball plug and matte gold cap. For use with perfume or fragrance oil, essential oils, aromatic oils and aromatherapy. Refillable, slender bottle with attractive heavy base. Price each",Frosted,9 ml (0.3 oz),madison_generated_evidence,https://likkskifwsrvszxdvufw.supabase.co/storage/v1/object/public/generated-images/4ab1ac72-cd7e-4faf-9152-5aa5f2862411/best-bottles/reference-images/GB-CYL-FRS-9ML-T-14__GBTallCylFrst9RollGlMatt__pdp-main__v001.png,
GB-ELG-CLR-15ML-SPR-MBLU,GBElg15SpryBluMatt,Elegant,"Elegant design 15ml, 1/2oz Clear glass bottle with matte blue spray. Fine mist sprayer for use with perfumes and colognes. Refillable, classic style bottle good for promotions and decants. Price each",Clear,15 ml (0.51 oz),madison_generated_evidence,https://likkskifwsrvszxdvufw.supabase.co/storage/v1/object/public/generated-images/4ab1ac72-cd7e-4faf-9152-5aa5f2862411/best-bottles/reference-images/GB-ELG-CLR-15ML-SPR-MBLU__GBElg15SpryBluMatt__pdp-main__v001.png,
GB-CIR-CLR-50ML-AST-WHT,GBCrcl50AnSpTslWht,Circle,"Circle design 50 ml, 1.7oz  clear glass bottle  with White vintage style bulb sprayer with tasseland shiny silver collar cap. For use with cologne, Eau de Parfum, air freshner, face and body spray, or room spray.  Antique or vintage bulb sprayers enhance",Clear,50 ml (1.69 oz),madison_generated_evidence,https://likkskifwsrvszxdvufw.supabase.co/storage/v1/object/public/generated-images/4ab1ac72-cd7e-4faf-9152-5aa5f2862411/d4cd4ae9-a9a8-4ea6-ab6f-fd1e19078e5e/best-bottles/reference-imports/Circle/GB-CIR-CLR-50ML-AST-WHT_1779525304941_u060cc.png,
GB-CYL-FRS-9ML-T-15,GBTallCylFrst9RollGlSh,Cylinder,"Tall cylinder design 9ml, 1/3oz frosted glass bottle with plastic roller ball plug and shiny gold cap. For use with perfume or fragrance oil, essential oils, aromatic oils and aromatherapy. Refillable, slender bottle with attractive heavy base. Price each",Frosted,9 ml (0.3 oz),madison_generated_evidence,https://likkskifwsrvszxdvufw.supabase.co/storage/v1/object/public/generated-images/4ab1ac72-cd7e-4faf-9152-5aa5f2862411/best-bottles/reference-images/GB-CYL-FRS-9ML-T-15__GBTallCylFrst9RollGlSh__pdp-main__v001.png,
GB-ELG-CLR-15ML-SPR-MCPR-01,GBElg15SpryCuMatt,Elegant,"Elegant design 15ml, 1/2oz Clear glass bottle with matte copper spray. For use with fine mist sprayer for use with perfumes and colognes. Refillable, classic style bottle good for promotions and decants. Price each",Clear,15 ml (0.51 oz),madison_generated_evidence,https://likkskifwsrvszxdvufw.supabase.co/storage/v1/object/public/generated-images/4ab1ac72-cd7e-4faf-9152-5aa5f2862411/best-bottles/reference-images/GB-ELG-CLR-15ML-SPR-MCPR-01__GBElg15SpryCuMatt__pdp-main__v001.png,
GB-CIR-CLR-50ML-AST-PNK,GBCrcl50AnSpTslPnk,Circle,"Circle design 50 ml, 1.7oz  clear glass bottle  with Pink vintage style bulb sprayer with tassel and shiny gold collar cap. For use with cologne, Eau de Parfum, air freshner, face and body spray, or room spray.  Antique or vintage bulb sprayers enhance th",Clear,50 ml (1.69 oz),madison_generated_evidence,https://likkskifwsrvszxdvufw.supabase.co/storage/v1/object/public/generated-images/4ab1ac72-cd7e-4faf-9152-5aa5f2862411/d4cd4ae9-a9a8-4ea6-ab6f-fd1e19078e5e/best-bottles/reference-imports/Circle/GB-CIR-CLR-50ML-AST-PNK_1779525312611_pl770k.png,
GB-DVA-FRS-46ML-DRP-CPR,GBDiva46DrpCu,Diva,"Diva design 46 ml, 1.64oz  clear glass bottle  with white dropper with shiny copper collar cap. For use with perfume oils, diffuser oils, serums, primers, facial oils or face oils, moisturizer, and beard oils.Our Classic Diva bottle family is available in",Clear,46 ml (1.56 oz),madison_generated_evidence,https://likkskifwsrvszxdvufw.supabase.co/storage/v1/object/public/generated-images/4ab1ac72-cd7e-4faf-9152-5aa5f2862411/d4cd4ae9-a9a8-4ea6-ab6f-fd1e19078e5e/paper-doll/master_corrected_1779507607226_ess4ke.png,
GB-CYL-FRS-9ML-T-19,GBTallCylFrst9RollSlSh,Cylinder,"Tall cylinder design 9ml, 1/3oz frosted glass bottle with plastic roller ball plug and shiny silver cap. For use with perfume or fragrance oil, essential oils, aromatic oils and aromatherapy. Refillable, slender bottle with attractive heavy base. Price ea",Frosted,9 ml (0.3 oz),madison_generated_evidence,https://likkskifwsrvszxdvufw.supabase.co/storage/v1/object/public/generated-images/4ab1ac72-cd7e-4faf-9152-5aa5f2862411/best-bottles/reference-images/GB-CYL-FRS-9ML-T-19__GBTallCylFrst9RollSlSh__pdp-main__v001.png,
GB-ELG-CLR-15ML-SPR-MGLD,GBElg15SpryGlMatt,Elegant,"Elegant design 15ml, 1/2oz Clear glass bottle with matte gold spray. Fine mist sprayer for use with perfumes and colognes. Refillable, classic style bottle good for promotions and decants. Price each",Clear,15 ml (0.51 oz),madison_generated_evidence,https://likkskifwsrvszxdvufw.supabase.co/storage/v1/object/public/generated-images/4ab1ac72-cd7e-4faf-9152-5aa5f2862411/best-bottles/reference-images/GB-ELG-CLR-15ML-SPR-MGLD__GBElg15SpryGlMatt__pdp-main__v001.png,
GB-CIR-CLR-50ML-ASP-02,GBCrcl50AnSpTslRed,Circle,"Circle design 50 ml, 1.7oz  clear glass bottle  with Red vintage style bulb sprayer with tasseland shiny silver collar cap. For use with cologne, Eau de Parfum, air freshner, face and body spray, or room spray.  Antique or vintage bulb sprayers enhance th",Clear,50 ml (1.69 oz),madison_generated_evidence,https://likkskifwsrvszxdvufw.supabase.co/storage/v1/object/public/generated-images/4ab1ac72-cd7e-4faf-9152-5aa5f2862411/d4cd4ae9-a9a8-4ea6-ab6f-fd1e19078e5e/best-bottles/reference-imports/Circle/GB-CIR-CLR-50ML-ASP-02_1779525264056_r6g3b8.png,
GB-CIR-CLR-50ML-DRP-CPR,GBCrcl50DrpCu,Circle,"Circle design 50 ml, 1.7oz  clear glass bottle  with white dropper with shiny copper collar cap. For use with perfume oils, diffuser oils, serums, primers, facial oils or face oils, moisturizer, and beard oils.Circle design is a famiily of bottles availab",Clear,50 ml (1.69 oz),madison_generated_evidence,https://likkskifwsrvszxdvufw.supabase.co/storage/v1/object/public/generated-images/4ab1ac72-cd7e-4faf-9152-5aa5f2862411/d4cd4ae9-a9a8-4ea6-ab6f-fd1e19078e5e/best-bottles/reference-imports/Circle/GB-CIR-CLR-50ML-DRP-CPR_1779525158779_6astss.png,
GB-CYL-FRS-9ML-T-13,GBTallCylFrst9RollCuMatt,Cylinder,"Tall cylinder design 9ml, 1/3oz frosted glass bottle with plastic roller ball plug and matte copper cap. For use with perfume or fragrance oil, essential oils, aromatic oils and aromatherapy. Refillable, slender bottle with attractive heavy base. Price ea",Frosted,9 ml (0.3 oz),madison_generated_evidence,https://likkskifwsrvszxdvufw.supabase.co/storage/v1/object/public/generated-images/4ab1ac72-cd7e-4faf-9152-5aa5f2862411/best-bottles/reference-images/GB-CYL-FRS-9ML-T-13__GBTallCylFrst9RollCuMatt__pdp-main__v001.png,
GB-RYL-CLR-13ML-MRL-SBLK,GBRoyal13MtlRollBlkSh,Royal,"Royal design 13ml, 1/2oz Clear glass bottle with metal roller ball plug and black shiny cap. For use with perfume or fragrance oil, essential oils, aromatic oils and aromatherapy. Refillable, classic style bottle good for promotions and decants. Price eac",Clear,13 ml (0.44 oz),madison_generated_evidence,https://likkskifwsrvszxdvufw.supabase.co/storage/v1/object/public/generated-images/4ab1ac72-cd7e-4faf-9152-5aa5f2862411/best-bottles/reference-images/GB-RYL-CLR-13ML-MRL-SBLK__GBRoyal13MtlRollBlkSh__pdp-main__v001.png,
GB-ELG-FRS-15ML-SPR-BLK-02,GBElgFrst15SpryBlkSh,Elegant,Elegant 15 ml (0.51 oz) Frosted Glass Bottle with Sprayer Black Cap,Frosted,15 ml (0.51 oz),madison_generated_evidence,https://likkskifwsrvszxdvufw.supabase.co/storage/v1/object/public/generated-images/4ab1ac72-cd7e-4faf-9152-5aa5f2862411/best-bottles/reference-images/GB-ELG-FRS-15ML-SPR-BLK-02__GBElgFrst15SpryBlkSh__pdp-main__v001.png,
GB-CIR-CLR-50ML-ASP-01,GBCrcl50AnSpTslMtSl,Circle,"Circle design 50 ml, 1.7oz  clear glass bottle  with Silver vintage style bulb sprayer with tasseland matte silver collar cap. For use with cologne, Eau de Parfum, air freshner, face and body spray, or room spray.  Antique or vintage bulb sprayers enhance",Clear,50 ml (1.69 oz),madison_generated_evidence,https://likkskifwsrvszxdvufw.supabase.co/storage/v1/object/public/generated-images/4ab1ac72-cd7e-4faf-9152-5aa5f2862411/d4cd4ae9-a9a8-4ea6-ab6f-fd1e19078e5e/best-bottles/reference-imports/Circle/GB-CIR-CLR-50ML-ASP-01_1779525269780_uz6cad.png,
BB-CREAMJARAMB5MLSLCAP,CreamJarAmb5mlSlcap,Cream Jar,"Cream glass jar style 5 ml amber bottle with silver cap . For use with body butters, creams, and thick lotions. Small trial or sample size. Great for promotions. Price each",,5 ml (0.17 oz),madison_generated_evidence,https://likkskifwsrvszxdvufw.supabase.co/storage/v1/object/public/generated-images/4ab1ac72-cd7e-4faf-9152-5aa5f2862411/best-bottles/reference-images/BB-CREAMJARAMB5MLSLCAP__CreamJarAmb5mlSlcap__pdp-main__v001.png,
GB-CYL-FRS-9ML-T-12,GBTallCylFrst9RollBlkSh,Cylinder,"Tall cylinder design 9ml, 1/3oz frosted glass bottle with plastic roller ball plug and black shiny cap. For use with perfume or fragrance oil, essential oils, aromatic oils and aromatherapy. Refillable, slender bottle with attractive heavy base. Price eac",Frosted,9 ml (0.3 oz),madison_generated_evidence,https://likkskifwsrvszxdvufw.supabase.co/storage/v1/object/public/generated-images/4ab1ac72-cd7e-4faf-9152-5aa5f2862411/best-bottles/reference-images/GB-CYL-FRS-9ML-T-12__GBTallCylFrst9RollBlkSh__pdp-main__v001.png,
GB-RYL-CLR-13ML-MRL-MCPR,GBRoyal13MtlRollCuMatt,Royal,"Royal design 13ml, 1/2oz Clear glass bottle with metal roller ball plug and matte copper cap. For use with perfume or fragrance oil, essential oils, aromatic oils and aromatherapy. Refillable, classic style bottle good for promotions and decants. Price ea",Clear,13 ml (0.44 oz),madison_generated_evidence,https://likkskifwsrvszxdvufw.supabase.co/storage/v1/object/public/generated-images/4ab1ac72-cd7e-4faf-9152-5aa5f2862411/best-bottles/reference-images/GB-RYL-CLR-13ML-MRL-MCPR__GBRoyal13MtlRollCuMatt__pdp-main__v001.png,
GB-ELG-FRS-15ML-SPR,GBElgFrst15SpryBluMatt,Elegant,Elegant 15 ml (0.51 oz) Frosted Glass Bottle with Sprayer,Frosted,15 ml (0.51 oz),madison_generated_evidence,https://likkskifwsrvszxdvufw.supabase.co/storage/v1/object/public/generated-images/4ab1ac72-cd7e-4faf-9152-5aa5f2862411/best-bottles/reference-images/GB-ELG-FRS-15ML-SPR__GBElgFrst15SpryBluMatt__pdp-main__v001.png,
GB-CIR-CLR-50ML-AST-GLD,GBCrcl50AnSpTslGl,Circle,"Circle design 50 ml, 1.7oz  clear glass bottle  with Gold vintage style bulb sprayer with tasseland shiny gold collar cap. For use with cologne, Eau de Parfum, air freshner, face and body spray, or room spray.  Antique or vintage bulb sprayers enhance the",Clear,50 ml (1.69 oz),madison_generated_evidence,https://likkskifwsrvszxdvufw.supabase.co/storage/v1/object/public/generated-images/4ab1ac72-cd7e-4faf-9152-5aa5f2862411/d4cd4ae9-a9a8-4ea6-ab6f-fd1e19078e5e/best-bottles/reference-imports/Circle/GB-CIR-CLR-50ML-AST-GLD_1779525306124_c3fkyt.png,
CJ-JAR-CLR-5ML-CLR,CJClr5mlClrCap,Cream Jar,"Plastic, cream jar style 5 ml clear bottle with clear cap Small trial or sample size. Great for promotions. Price each",Clear,5 ml (0.17 oz),madison_generated_evidence,https://likkskifwsrvszxdvufw.supabase.co/storage/v1/object/public/generated-images/4ab1ac72-cd7e-4faf-9152-5aa5f2862411/d4cd4ae9-a9a8-4ea6-ab6f-fd1e19078e5e/paper-doll/master_corrected_1779532182701_iqk7bq.png,
GB-RYL-CLR-13ML-MRL-MGLD,GBRoyal13MtlRollGlMatt,Royal,"Royal design 13ml, 1/2oz Clear glass bottle with metal roller ball plug and matte gold cap. For use with perfume or fragrance oil, essential oils, aromatic oils and aromatherapy. Refillable, classic style bottle good for promotions and decants. Price each",Clear,13 ml (0.44 oz),madison_generated_evidence,https://likkskifwsrvszxdvufw.supabase.co/storage/v1/object/public/generated-images/4ab1ac72-cd7e-4faf-9152-5aa5f2862411/best-bottles/reference-images/GB-RYL-CLR-13ML-MRL-MGLD__GBRoyal13MtlRollGlMatt__pdp-main__v001.png,
GB-ELG-FRS-15ML-SPR-SGLD-02,GBElgFrst15SpryGlSh,Elegant,Elegant 15 ml (0.51 oz) Frosted Glass Bottle with Sprayer Shiny Gold Cap,Frosted,15 ml (0.51 oz),madison_generated_evidence,https://likkskifwsrvszxdvufw.supabase.co/storage/v1/object/public/generated-images/4ab1ac72-cd7e-4faf-9152-5aa5f2862411/best-bottles/reference-images/GB-ELG-FRS-15ML-SPR-SGLD-02__GBElgFrst15SpryGlSh__pdp-main__v001.png,
LB-CIR-FRS-100ML-LPM-MGLD,LBCrclFrst100LtnMtGl,Circle,"Circle design 100 ml, 3 1/2oz frosted glass bottle with matte gold lotion pump. For use with serums, light creams, moisturizers, facial oils or face oils, beard oils, body lotions, body wash, and hair products. Circle design is a famiily of bottles availa",Frosted,100 ml (3.38 oz),madison_generated_evidence,https://likkskifwsrvszxdvufw.supabase.co/storage/v1/object/public/generated-images/4ab1ac72-cd7e-4faf-9152-5aa5f2862411/d4cd4ae9-a9a8-4ea6-ab6f-fd1e19078e5e/best-bottles/reference-imports/Circle/LB-CIR-FRS-100ML-LPM-MGLD_1779525205521_36w89a.png,
GB-DEC-CLR-6ML-S,GBTulip6BlkSht,Tulip,"Tulip design 6ml, 1/5oz Clear glass bottle with short black cap. For use with perfume or fragrance oil, essential oils, aromatic oils and aromatherapy. Refillable, Small sized bottle for decants, promotion, samples and travel accessory. Price each",Clear,6 ml (0.2 oz),madison_generated_evidence,https://likkskifwsrvszxdvufw.supabase.co/storage/v1/object/public/generated-images/4ab1ac72-cd7e-4faf-9152-5aa5f2862411/best-bottles/reference-images/GB-DEC-CLR-6ML-S__GBTulip6BlkSht__pdp-main__v001.png,
GB-RYL-CLR-13ML-MRL-SGLD,GBRoyal13MtlRollGlSh,Royal,"Royal design 13ml, 1/2oz Clear glass bottle with metal roller ball plug and shiny gold cap. For use with perfume or fragrance oil, essential oils, aromatic oils and aromatherapy. Refillable, classic style bottle good for promotions and decants. Price each",Clear,13 ml (0.44 oz),madison_generated_evidence,https://likkskifwsrvszxdvufw.supabase.co/storage/v1/object/public/generated-images/4ab1ac72-cd7e-4faf-9152-5aa5f2862411/best-bottles/reference-images/GB-RYL-CLR-13ML-MRL-SGLD__GBRoyal13MtlRollGlSh__pdp-main__v001.png,
GB-ELG-FRS-15ML-SPR-MSLV-02,GBElgFrst15SprySlMatt,Elegant,Elegant 15 ml (0.51 oz) Frosted Glass Bottle with Sprayer Matte Silver Cap,Frosted,15 ml (0.51 oz),madison_generated_evidence,https://likkskifwsrvszxdvufw.supabase.co/storage/v1/object/public/generated-images/4ab1ac72-cd7e-4faf-9152-5aa5f2862411/best-bottles/reference-images/GB-ELG-FRS-15ML-SPR-MSLV-02__GBElgFrst15SprySlMatt__pdp-main__v001.png,
LB-CIR-FRS-100ML-LPM-SGLD,LBCrclFrst100LtnShnGl,Circle,"Circle design 100 ml, 3 1/2oz frosted glass bottle with shiny gold lotion pump. For use with serums, light creams, moisturizers, facial oils or face oils, beard oils, body lotions, body wash, and hair products. Circle design is a famiily of bottles availa",Frosted,100 ml (3.38 oz),madison_generated_evidence,https://likkskifwsrvszxdvufw.supabase.co/storage/v1/object/public/generated-images/4ab1ac72-cd7e-4faf-9152-5aa5f2862411/d4cd4ae9-a9a8-4ea6-ab6f-fd1e19078e5e/best-bottles/reference-imports/Circle/LB-CIR-FRS-100ML-LPM-SGLD_1779525202563_e2w5gg.png,
GB-BSR-AMB-60ML-BLK-T-02,GBBstnAmb2ozBlkDrpr,Boston Round,"Boston round design 2 ounce amber glass bottle with black dropper, price each",Amber,60 ml (2.03 oz),madison_generated_evidence,https://likkskifwsrvszxdvufw.supabase.co/storage/v1/object/public/generated-images/4ab1ac72-cd7e-4faf-9152-5aa5f2862411/d4cd4ae9-a9a8-4ea6-ab6f-fd1e19078e5e/best-bottles/reference-imports/Boston-Round/GB-BSR-AMB-60ML-BLK-T-02_1779650214878_q3nww8.png,
GB-RYL-CLR-13ML-MRL-PKDT,GBRoyal13MtlRollPinkDot,Royal,"Royal design 13ml, 1/2oz Clear glass bottle with metal roller ball plug and pink cap with dots. For use with perfume or fragrance oil, essential oils, aromatic oils and aromatherapy. Refillable, classic style bottle good for promotions and decants. Price",Clear,13 ml (0.44 oz),madison_generated_evidence,https://likkskifwsrvszxdvufw.supabase.co/storage/v1/object/public/generated-images/4ab1ac72-cd7e-4faf-9152-5aa5f2862411/best-bottles/reference-images/GB-RYL-CLR-13ML-MRL-PKDT__GBRoyal13MtlRollPinkDot__pdp-main__v001.png,
GB-ELG-FRS-15ML-SPR-SLV,GBElgFrst15SprySlSh,Elegant,Elegant 15 ml (0.51 oz) Frosted Glass Bottle with Sprayer Silver Cap,Frosted,15 ml (0.51 oz),madison_generated_evidence,https://likkskifwsrvszxdvufw.supabase.co/storage/v1/object/public/generated-images/4ab1ac72-cd7e-4faf-9152-5aa5f2862411/best-bottles/reference-images/GB-ELG-FRS-15ML-SPR-SLV__GBElgFrst15SprySlSh__pdp-main__v001.png,
LB-CIR-FRS-100ML-LPM-SBLK,LBCrclFrst100LtnShnBlk,Circle,"Circle design 100 ml, 3 1/2oz frosted glass bottle with shiny black lotion pump. For use with serums, light creams, moisturizers, facial oils or face oils, beard oils, body lotions, body wash, and hair products. Circle design is a famiily of bottles avail",Frosted,100 ml (3.38 oz),madison_generated_evidence,https://likkskifwsrvszxdvufw.supabase.co/storage/v1/object/public/generated-images/4ab1ac72-cd7e-4faf-9152-5aa5f2862411/d4cd4ae9-a9a8-4ea6-ab6f-fd1e19078e5e/best-bottles/reference-imports/Circle/LB-CIR-FRS-100ML-LPM-SBLK_1779525193201_4i4qgi.png,
GB-CYL-CLR-9ML-S-02,GBTallCyl9BlkSht,Cylinder,"Tall cylinder design 9ml, 1/3oz Clear glass bottle with short black cap. For use with perfume or fragrance oil, essential oils, aromatic oils and aromatherapy. Refillable, slender bottle with attractive heavy base. Price each",Clear,9 ml (0.3 oz),madison_generated_evidence,https://likkskifwsrvszxdvufw.supabase.co/storage/v1/object/public/generated-images/4ab1ac72-cd7e-4faf-9152-5aa5f2862411/d4cd4ae9-a9a8-4ea6-ab6f-fd1e19078e5e/best-bottles/reference-imports/Cylinder/GB-CYL-CLR-9ML-S-02_1779526299133_n3p2fb.png,
GB-BSR-CBL-60ML-BLK-T-01,GBBstnBlu2ozBlkDropper,Boston Round,"Boston round design 2 ounce cobalt blue glass bottle with black dropper, price each",Cobalt Blue,60 ml (2.03 oz),madison_generated_evidence,https://likkskifwsrvszxdvufw.supabase.co/storage/v1/object/public/generated-images/4ab1ac72-cd7e-4faf-9152-5aa5f2862411/d4cd4ae9-a9a8-4ea6-ab6f-fd1e19078e5e/best-bottles/reference-imports/Boston-Round/GB-BSR-CBL-60ML-BLK-T-01_1779650226579_6faej7.png,
GB-RYL-CLR-13ML-MRL-SLDT,GBRoyal13MtlRollSlDot,Royal,"Royal design 13ml, 1/2oz Clear glass bottle with metal roller ball plug and silver cap with dots. For use with perfume or fragrance oil, essential oils, aromatic oils and aromatherapy. Refillable, classic style bottle good for promotions and decants. Pric",Clear,13 ml (0.44 oz),madison_generated_evidence,https://likkskifwsrvszxdvufw.supabase.co/storage/v1/object/public/generated-images/4ab1ac72-cd7e-4faf-9152-5aa5f2862411/best-bottles/reference-images/GB-RYL-CLR-13ML-MRL-SLDT__GBRoyal13MtlRollSlDot__pdp-main__v001.png,
GB-ELG-FRS-15ML-SPR-MCPR-02,GBElgFrst15SpryCuMatt,Elegant,Elegant 15 ml (0.51 oz) Frosted Glass Bottle with Sprayer Matte Copper Cap,Frosted,15 ml (0.51 oz),madison_generated_evidence,https://likkskifwsrvszxdvufw.supabase.co/storage/v1/object/public/generated-images/4ab1ac72-cd7e-4faf-9152-5aa5f2862411/best-bottles/reference-images/GB-ELG-FRS-15ML-SPR-MCPR-02__GBElgFrst15SpryCuMatt__pdp-main__v001.png,
LB-CIR-FRS-100ML-LPM-MSLV,LBCrclFrst100LtnMtSl,Circle,"Circle design 100 ml, 3 1/2oz frosted glass bottle with matte silver lotion pump. For use with serums, light creams, moisturizers, facial oils or face oils, beard oils, body lotions, body wash, and hair products. Circle design is a famiily of bottles avai",Frosted,100 ml (3.38 oz),madison_generated_evidence,https://likkskifwsrvszxdvufw.supabase.co/storage/v1/object/public/generated-images/4ab1ac72-cd7e-4faf-9152-5aa5f2862411/d4cd4ae9-a9a8-4ea6-ab6f-fd1e19078e5e/best-bottles/reference-imports/Circle/LB-CIR-FRS-100ML-LPM-MSLV_1779525198525_xj6cmd.png,
GB-CYL-FRS-9ML-S-01,GBTallCylFrst9BlkSht,Cylinder,"Tall cylinder design 9ml, 1/3oz frosted glass bottle with short black cap. For use with perfume or fragrance oil, essential oils, aromatic oils and aromatherapy. Refillable, slender bottle with attractive heavy base. Price each",Frosted,9 ml (0.3 oz),madison_generated_evidence,https://likkskifwsrvszxdvufw.supabase.co/storage/v1/object/public/generated-images/4ab1ac72-cd7e-4faf-9152-5aa5f2862411/best-bottles/reference-images/GB-CYL-FRS-9ML-S-01__GBTallCylFrst9BlkSht__pdp-main__v001.png,
GB-ELG-CLR-60ML-DRP-CPR,GBElg60DrpCu,Elegant,"Elegant design 60 ml, 2oz  clear glass bottle  with white dropper with shiny copper collar cap. For use with perfume oils, diffuser oils, serums, primers, facial oils or face oils, moisturizer, and beard oils. Elegant bottle is a family of bottles availab",Clear,60 ml (2.03 oz),madison_generated_evidence,https://likkskifwsrvszxdvufw.supabase.co/storage/v1/object/public/generated-images/4ab1ac72-cd7e-4faf-9152-5aa5f2862411/d4cd4ae9-a9a8-4ea6-ab6f-fd1e19078e5e/best-bottles/reference-imports/Elegant/GB-ELG-CLR-60ML-DRP-CPR_1779482836850_m9fy9u.png,
CJ-JAR-AMB-30ML-BLK,CJAmb30BlkCap,Cream Jar,"Cream glass jar style 30 ml amber bottle with black cap. For use with body butters, creams, thick lotions. Price each",Amber,30 ml (1.01 oz),madison_generated_evidence,https://likkskifwsrvszxdvufw.supabase.co/storage/v1/object/public/generated-images/4ab1ac72-cd7e-4faf-9152-5aa5f2862411/d4cd4ae9-a9a8-4ea6-ab6f-fd1e19078e5e/paper-doll/master_corrected_1779532377433_68ke8f.png,
GB-RYL-CLR-13ML-MRL-MSLV,GBRoyal13MtlRollSlMatt,Royal,"Royal design 13ml, 1/2oz Clear glass bottle with metal roller ball plug and matte silver cap. For use with perfume or fragrance oil, essential oils, aromatic oils and aromatherapy. Refillable, classic style bottle good for promotions and decants. Price ea",Clear,13 ml (0.44 oz),madison_generated_evidence,https://likkskifwsrvszxdvufw.supabase.co/storage/v1/object/public/generated-images/4ab1ac72-cd7e-4faf-9152-5aa5f2862411/best-bottles/reference-images/GB-RYL-CLR-13ML-MRL-MSLV__GBRoyal13MtlRollSlMatt__pdp-main__v001.png,
LB-CIR-FRS-100ML-LPM-SSLV,LBCrclFrst100LtnShnSl,Circle,"Circle design 100 ml, 3 1/2oz frosted glass bottle with shiny silver lotion pump. For use with serums, light creams, moisturizers, facial oils or face oils, beard oils, body lotions, body wash, and hair products. Circle design is a famiily of bottles avai",Frosted,100 ml (3.38 oz),madison_generated_evidence,https://likkskifwsrvszxdvufw.supabase.co/storage/v1/object/public/generated-images/4ab1ac72-cd7e-4faf-9152-5aa5f2862411/d4cd4ae9-a9a8-4ea6-ab6f-fd1e19078e5e/best-bottles/reference-imports/Circle/LB-CIR-FRS-100ML-LPM-SSLV_1779525195872_fnc3zg.png,
GB-ELG-FRS-60ML-DRP-CPR,GBElgFrst60DrpCu,Elegant,"Elegant design 60 ml, 2oz frosted glass bottle with white dropper with shiny copper collar cap. For use with perfume oils, diffuser oils, serums, primers, facial oils or face oils, moisturizer, and beard oils. Elegant bottle is a family of bottles availab",Frosted,60 ml (2.03 oz),madison_generated_evidence,https://likkskifwsrvszxdvufw.supabase.co/storage/v1/object/public/generated-images/4ab1ac72-cd7e-4faf-9152-5aa5f2862411/d4cd4ae9-a9a8-4ea6-ab6f-fd1e19078e5e/best-bottles/reference-imports/Elegant/GB-ELG-FRS-60ML-DRP-CPR_1779482839487_znmllk.png,
CJ-JAR-AMB-30ML-SLV,CJAmb30SlCap,Cream Jar,"Cream glass jar style 30 ml amber bottle with silver cap. For use with body butters, creams, thick lotions. Price each",Amber,30 ml (1.01 oz),madison_generated_evidence,https://likkskifwsrvszxdvufw.supabase.co/storage/v1/object/public/generated-images/4ab1ac72-cd7e-4faf-9152-5aa5f2862411/d4cd4ae9-a9a8-4ea6-ab6f-fd1e19078e5e/paper-doll/master_corrected_1779532435491_h1lsu1.png,
GB-RYL-CLR-13ML-MRL-SSLV,GBRoyal13MtlRollSlSh,Royal,"Royal design 13ml, 1/2oz Clear glass bottle with metal roller ball plug and shiny silver cap. For use with perfume or fragrance oil, essential oils, aromatic oils and aromatherapy. Refillable, classic style bottle good for promotions and decants. Price ea",Clear,13 ml (0.44 oz),madison_generated_evidence,https://likkskifwsrvszxdvufw.supabase.co/storage/v1/object/public/generated-images/4ab1ac72-cd7e-4faf-9152-5aa5f2862411/best-bottles/reference-images/GB-RYL-CLR-13ML-MRL-SSLV__GBRoyal13MtlRollSlSh__pdp-main__v001.png,
LB-CIR-FRS-100ML-LPM-CPR,LBCrclFrst100LtnCu,Circle,"Circle design 100 ml, 3 1/2oz frosted glass bottle with matte copper lotion pump. For use with serums, light creams, moisturizers, facial oils or face oils, beard oils, body lotions, body wash, and hair products. Circle design is a famiily of bottles avai",Frosted,100 ml (3.38 oz),madison_generated_evidence,https://likkskifwsrvszxdvufw.supabase.co/storage/v1/object/public/generated-images/4ab1ac72-cd7e-4faf-9152-5aa5f2862411/d4cd4ae9-a9a8-4ea6-ab6f-fd1e19078e5e/best-bottles/reference-imports/Circle/LB-CIR-FRS-100ML-LPM-CPR_1779525203614_p4a0b8.png,
GB-ELG-CLR-60ML-RDC-SBLK-T,GBElg60RdcrShnBlkTall,Elegant,"Elegant design 60 ml, 2oz  clear glass bottle  with reducer and tall black shiny cap. For use with cologne, aftershave, splash on, and perfume or fragrance oil, beard oils. Elegant bottle is a family of bottles available in 5ml, 15ml, 30ml, 60ml and 100ml",Clear,60 ml (2.03 oz),madison_generated_evidence,https://likkskifwsrvszxdvufw.supabase.co/storage/v1/object/public/generated-images/4ab1ac72-cd7e-4faf-9152-5aa5f2862411/d4cd4ae9-a9a8-4ea6-ab6f-fd1e19078e5e/best-bottles/reference-imports/Elegant/GB-ELG-CLR-60ML-RDC-SBLK-T_1779482954839_w36b6e.png,
GB-RND-CLR-128ML-DRP-CPR,GBRnd128DrpCu,Round,"Round design 128 ml, 4.33oz  clear glass bottle  with white dropper with shiny copper collar cap. For use with perfume oils, diffuser oils, serums, primers, facial oils or face oils, moisturizer, and beard oils.Round design bottle is available in 2 sizes",Clear,128 ml (4.33 oz),madison_generated_evidence,https://likkskifwsrvszxdvufw.supabase.co/storage/v1/object/public/generated-images/4ab1ac72-cd7e-4faf-9152-5aa5f2862411/d4cd4ae9-a9a8-4ea6-ab6f-fd1e19078e5e/paper-doll/master_corrected_1780332626786_hl4c5m.png,
CJ-JAR-FRS-30ML-BLK,CJFrst30BlkCap,Cream Jar,"Cream glass jar style 30 ml frosted bottle with black cap. For use with body butters, creams, thick lotions. Small trial or sample size. Great for promotions. Price each",Frosted,30 ml (1.01 oz),madison_generated_evidence,https://likkskifwsrvszxdvufw.supabase.co/storage/v1/object/public/generated-images/4ab1ac72-cd7e-4faf-9152-5aa5f2862411/d4cd4ae9-a9a8-4ea6-ab6f-fd1e19078e5e/paper-doll/master_corrected_1779532490994_8yzkq9.png,
GB-CIR-CLR-15ML-MRL-SBLK,GBCrcl15MtlRollBlkSh,Circle,"Circle design 15ml, 1/2oz Clear glass bottle with metal roller ball plug and black shiny cap. For use with perfume or fragrance oil, essential oils, aromatic oils and aromatherapy. Refillable, classic style bottle good for promotions and decants. Price ea",Clear,15 ml (0.51 oz),madison_generated_evidence,https://likkskifwsrvszxdvufw.supabase.co/storage/v1/object/public/generated-images/4ab1ac72-cd7e-4faf-9152-5aa5f2862411/best-bottles/reference-images/GB-CIR-CLR-15ML-MRL-SBLK__GBCrcl15MtlRollBlkSh__pdp-main__v001.png,
GB-FLR-CLR-15ML-SPR-MSLV,GBFlair15SprySlMatt,Flair,"Flair design 15ml, 1/2oz Clear glass bottle with matte silver spray. Fine mist sprayer for use with perfumes and colognes. Refillable, classic style bottle good for promotions and decants. Price each",Clear,15 ml (0.51 oz),madison_generated_evidence,https://likkskifwsrvszxdvufw.supabase.co/storage/v1/object/public/generated-images/4ab1ac72-cd7e-4faf-9152-5aa5f2862411/best-bottles/reference-images/GB-FLR-CLR-15ML-SPR-MSLV__GBFlair15SprySlMatt__pdp-main__v001.png,
GB-ELG-CLR-60ML-RDC-WHT,GBElg60RdcrWht,Elegant,"Elegant design 60 ml, 2oz  clear glass bottle  with reducer and white cap. For use with cologne, aftershave, splash on, and perfume or fragrance oil, beard oils. Elegant bottle is a family of bottles available in 5ml, 15ml, 30ml, 60ml and 100ml. Price eac",Clear,60 ml (2.03 oz),madison_generated_evidence,https://likkskifwsrvszxdvufw.supabase.co/storage/v1/object/public/generated-images/4ab1ac72-cd7e-4faf-9152-5aa5f2862411/d4cd4ae9-a9a8-4ea6-ab6f-fd1e19078e5e/best-bottles/reference-imports/Elegant/GB-ELG-CLR-60ML-RDC-WHT_1779482940562_adg70q.png,
GB-RND-FRS-128ML-DRP-CPR,GBRndFrst128DrpCu,Round,"Round design 128 ml, 4.33oz frosted glass bottle with white dropper with shiny copper collar cap. For use with perfume oils, diffuser oils, serums, primers, facial oils or face oils, moisturizer, and beard oils.Round design bottle is available in 2 sizes",Frosted,128 ml (4.33 oz),madison_generated_evidence,https://likkskifwsrvszxdvufw.supabase.co/storage/v1/object/public/generated-images/4ab1ac72-cd7e-4faf-9152-5aa5f2862411/d4cd4ae9-a9a8-4ea6-ab6f-fd1e19078e5e/best-bottles/reference-imports/Round/GB-RND-FRS-128ML-DRP-CPR_1779532249795_ti61ik.png,
CJ-JAR-FRS-30ML-SLV,CJFrst30SlCap,Cream Jar,"Cream jar style 30 ml frosted bottle with silver cap . For use with body butters, creams, thick lotions. Small trial or sample size. Great for promotions. Price each",Frosted,30 ml (1.01 oz),madison_generated_evidence,https://likkskifwsrvszxdvufw.supabase.co/storage/v1/object/public/generated-images/4ab1ac72-cd7e-4faf-9152-5aa5f2862411/d4cd4ae9-a9a8-4ea6-ab6f-fd1e19078e5e/paper-doll/master_corrected_1779532547111_gg145e.png,
GB-CIR-CLR-15ML-MRL-MCPR,GBCrcl15MtlRollCuMatt,Circle,"Circle design 15ml, 1/2oz Clear glass bottle with metal roller ball plug and matte copper cap. For use with perfume or fragrance oil, essential oils, aromatic oils and aromatherapy. Refillable, classic style bottle good for promotions and decants. Price e",Clear,15 ml (0.51 oz),madison_generated_evidence,https://likkskifwsrvszxdvufw.supabase.co/storage/v1/object/public/generated-images/4ab1ac72-cd7e-4faf-9152-5aa5f2862411/best-bottles/reference-images/GB-CIR-CLR-15ML-MRL-MCPR__GBCrcl15MtlRollCuMatt__pdp-main__v001.png,
GB-ELG-CLR-60ML-RDC-IVLT,GBElg60RdcrIvyLthr,Elegant,"Elegant design 60 ml, 2oz  clear glass bottle  with reducer and ivory faux leather cap. For use with cologne, aftershave, splash on, and perfume or fragrance oil, beard oils. Elegant bottle is a family of bottles available in 5ml, 15ml, 30ml, 60ml and 100",Clear,60 ml (2.03 oz),madison_generated_evidence,https://likkskifwsrvszxdvufw.supabase.co/storage/v1/object/public/generated-images/4ab1ac72-cd7e-4faf-9152-5aa5f2862411/d4cd4ae9-a9a8-4ea6-ab6f-fd1e19078e5e/best-bottles/reference-imports/Elegant/GB-ELG-CLR-60ML-RDC-IVLT_1779482945362_hcyg60.png,
GB-DEC-CLR-10ML-T,GBMtlMrblLarge,Decorative,Marble bottle with Crystal Cap with glass applicator.Capacity: Approx 1/3oz (10ml,Clear,10 ml (0.34 oz),madison_generated_evidence,https://www.bestbottles.com/images/store/enlarged_pics/GBMtlMrblLarge.gif,
CJ-JAR-AMB-40ML-01,CreamJarAmb40Blkcap,Cream Jar,"Glass, cream jar style 40 ml amber bottle with black cap. For use with body butters, creams, thick lotions. Price each",Amber,40 ml (1.35 oz),madison_generated_evidence,https://likkskifwsrvszxdvufw.supabase.co/storage/v1/object/public/generated-images/4ab1ac72-cd7e-4faf-9152-5aa5f2862411/d4cd4ae9-a9a8-4ea6-ab6f-fd1e19078e5e/paper-doll/master_corrected_1779532598399_6jkgj4.png,
GB-CIR-CLR-15ML-MRL-MGLD,GBCrcl15MtlRollGlMatt,Circle,"Circle design 15ml, 1/2oz Clear glass bottle with metal roller ball plug and matte gold cap. For use with perfume or fragrance oil, essential oils, aromatic oils and aromatherapy. Refillable, classic style bottle good for promotions and decants. Price eac",Clear,15 ml (0.51 oz),madison_generated_evidence,https://likkskifwsrvszxdvufw.supabase.co/storage/v1/object/public/generated-images/4ab1ac72-cd7e-4faf-9152-5aa5f2862411/best-bottles/reference-images/GB-CIR-CLR-15ML-MRL-MGLD__GBCrcl15MtlRollGlMatt__pdp-main__v001.png,
GB-FLR-CLR-15ML-SPR-MBLU,GBFlair15SpryBluMatt,Flair,"Flair design 15ml, 1/2oz Clear glass bottle with matte blue spray. Fine mist sprayer for use with perfumes and colognes. Refillable, classic style bottle good for promotions and decants. Price each",Clear,15 ml (0.51 oz),madison_generated_evidence,https://likkskifwsrvszxdvufw.supabase.co/storage/v1/object/public/generated-images/4ab1ac72-cd7e-4faf-9152-5aa5f2862411/best-bottles/reference-images/GB-FLR-CLR-15ML-SPR-MBLU__GBFlair15SpryBluMatt__pdp-main__v001.png,
GB-ELG-CLR-60ML-RDC-PNK,GBElg60RdcrPnkLthr,Elegant,"Elegant design 60 ml, 2oz  clear glass bottle  with reducer and pink faux leather cap. For use with cologne, aftershave, splash on, and perfume or fragrance oil, beard oils. Elegant bottle is a family of bottles available in 5ml, 15ml, 30ml, 60ml and 100m",Clear,60 ml (2.03 oz),madison_generated_evidence,https://likkskifwsrvszxdvufw.supabase.co/storage/v1/object/public/generated-images/4ab1ac72-cd7e-4faf-9152-5aa5f2862411/d4cd4ae9-a9a8-4ea6-ab6f-fd1e19078e5e/best-bottles/reference-imports/Elegant/GB-ELG-CLR-60ML-RDC-PNK_1779482946208_xwdfhb.png,
GB-DEC-CLR-5ML-T,GBMtlMrblSmall,Decorative,Marble bottle with Crystal Cap and glass applicator.Capacity: Approx 1/6oz (5ml),Clear,5 ml (0.17 oz),madison_generated_evidence,https://www.bestbottles.com/images/store/enlarged_pics/GBMtlMrblSmall.gif,
CJ-JAR-AMB-40ML-02,CJAmb40SlCap,Cream Jar,"Glass, cream jar style 40 ml amber bottle with silver cap. For use with body butters, creams, thick lotions. Price each",Amber,40 ml (1.35 oz),madison_generated_evidence,https://likkskifwsrvszxdvufw.supabase.co/storage/v1/object/public/generated-images/4ab1ac72-cd7e-4faf-9152-5aa5f2862411/d4cd4ae9-a9a8-4ea6-ab6f-fd1e19078e5e/paper-doll/master_corrected_1779532598399_6jkgj4.png,
GB-CIR-CLR-15ML-MRL-SGLD,GBCrcl15MtlRollGlSh,Circle,"Circle design 15ml, 1/2oz Clear glass bottle with metal roller ball plug and shiny gold cap. For use with perfume or fragrance oil, essential oils, aromatic oils and aromatherapy. Refillable, classic style bottle good for promotions and decants. Price eac",Clear,15 ml (0.51 oz),madison_generated_evidence,https://likkskifwsrvszxdvufw.supabase.co/storage/v1/object/public/generated-images/4ab1ac72-cd7e-4faf-9152-5aa5f2862411/best-bottles/reference-images/GB-CIR-CLR-15ML-MRL-SGLD__GBCrcl15MtlRollGlSh__pdp-main__v001.png,
GB-FLR-CLR-15ML-SPR-MCPR,GBFlair15SpryCuMatt,Flair,"Flair design 15ml, 1/2oz Clear glass bottle with matte copper spray. For use with fine mist sprayer for use with perfumes and colognes. Refillable, classic style bottle good for promotions and decants. Price each",Clear,15 ml (0.51 oz),madison_generated_evidence,https://likkskifwsrvszxdvufw.supabase.co/storage/v1/object/public/generated-images/4ab1ac72-cd7e-4faf-9152-5aa5f2862411/best-bottles/reference-images/GB-FLR-CLR-15ML-SPR-MCPR__GBFlair15SpryCuMatt__pdp-main__v001.png,
GB-ELG-CLR-60ML-RDC-SGLD,GBElg60RdcrShnGl,Elegant,"Elegant design 60 ml, 2oz  clear glass bottle  with reducer and shiny gold cap. For use with cologne, aftershave, splash on, and perfume or fragrance oil, beard oils. Elegant bottle is a family of bottles available in 5ml, 15ml, 30ml, 60ml and 100ml. Pric",Clear,60 ml (2.03 oz),madison_generated_evidence,https://likkskifwsrvszxdvufw.supabase.co/storage/v1/object/public/generated-images/4ab1ac72-cd7e-4faf-9152-5aa5f2862411/d4cd4ae9-a9a8-4ea6-ab6f-fd1e19078e5e/best-bottles/reference-imports/Elegant/GB-ELG-CLR-60ML-RDC-SGLD_1779482944532_epifbo.png,
GB-RYL-CLR-14ML-T,GBMtlCylGl,Royal,Royal cylinder bottle with Crystal Cap with glass applicator.Capacity: Approx 14ml,Clear,14 ml (0.47 oz),madison_generated_evidence,https://www.bestbottles.com/images/store/enlarged_pics/GBMtlCylGl.gif,
CJ-JAR-FRS-40ML-01,CJFrst40BlkCap,Cream Jar,"Glass, cream jar style 40 ml frosted bottle with black cap. For use with body butters, creams, thick lotions. Price each",Frosted,40 ml (1.35 oz),madison_generated_evidence,https://likkskifwsrvszxdvufw.supabase.co/storage/v1/object/public/generated-images/4ab1ac72-cd7e-4faf-9152-5aa5f2862411/d4cd4ae9-a9a8-4ea6-ab6f-fd1e19078e5e/paper-doll/master_corrected_1779532704539_3aeze8.png,
GB-CIR-CLR-15ML-MRL-PKDT,GBCrcl15MtlRollPinkDot,Circle,"Circle design 15ml, 1/2oz Clear glass bottle with metal roller ball plug and pink cap with dots. For use with perfume or fragrance oil, essential oils, aromatic oils and aromatherapy. Refillable, classic style bottle good for promotions and decants. Price",Clear,15 ml (0.51 oz),madison_generated_evidence,https://likkskifwsrvszxdvufw.supabase.co/storage/v1/object/public/generated-images/4ab1ac72-cd7e-4faf-9152-5aa5f2862411/best-bottles/reference-images/GB-CIR-CLR-15ML-MRL-PKDT__GBCrcl15MtlRollPinkDot__pdp-main__v001.png,
GB-FLR-CLR-15ML-SPR-MGLD,GBFlair15SpryGlMatt,Flair,"Flair design 15ml, 1/2oz Clear glass bottle with matte gold spray. Fine mist sprayer for use with perfumes and colognes. Refillable, classic style bottle good for promotions and decants. Price each",Clear,15 ml (0.51 oz),madison_generated_evidence,https://likkskifwsrvszxdvufw.supabase.co/storage/v1/object/public/generated-images/4ab1ac72-cd7e-4faf-9152-5aa5f2862411/best-bottles/reference-images/GB-FLR-CLR-15ML-SPR-MGLD__GBFlair15SpryGlMatt__pdp-main__v001.png,
CJ-JAR-FRS-40ML-02,CJFrst40SlCap,Cream Jar,"Glass, cream jar style 40 ml frosted bottle with silver cap. For use with body butters, creams, thick lotions. Price each",Frosted,40 ml (1.35 oz),madison_generated_evidence,https://likkskifwsrvszxdvufw.supabase.co/storage/v1/object/public/generated-images/4ab1ac72-cd7e-4faf-9152-5aa5f2862411/d4cd4ae9-a9a8-4ea6-ab6f-fd1e19078e5e/paper-doll/master_corrected_1779532754221_iwicnw.png,
GB-ELG-CLR-60ML-RDC-SBLK,GBElg60RdcrShnBlk,Elegant,"Elegant design 60 ml, 2oz  clear glass bottle  with reducer and black shiny cap. For use with cologne, aftershave, splash on, and perfume or fragrance oil, beard oils. Elegant bottle is a family of bottles available in 5ml, 15ml, 30ml, 60ml and 100ml. Pri",Clear,60 ml (2.03 oz),madison_generated_evidence,https://likkskifwsrvszxdvufw.supabase.co/storage/v1/object/public/generated-images/4ab1ac72-cd7e-4faf-9152-5aa5f2862411/d4cd4ae9-a9a8-4ea6-ab6f-fd1e19078e5e/best-bottles/reference-imports/Elegant/GB-ELG-CLR-60ML-RDC-SBLK_1779482951486_dgnarw.png,
GB-CIR-CLR-15ML-MRL-SLDT,GBCrcl15MtlRollSlDot,Circle,"Circle design 15ml, 1/2oz Clear glass bottle with metal roller ball plug and silver cap with dots. For use with perfume or fragrance oil, essential oils, aromatic oils and aromatherapy. Refillable, classic style bottle good for promotions and decants. Pri",Clear,15 ml (0.51 oz),madison_generated_evidence,https://likkskifwsrvszxdvufw.supabase.co/storage/v1/object/public/generated-images/4ab1ac72-cd7e-4faf-9152-5aa5f2862411/best-bottles/reference-images/GB-CIR-CLR-15ML-MRL-SLDT__GBCrcl15MtlRollSlDot__pdp-main__v001.png,
GB-GNI-BLU-32ML,GB1ozGenieBl,Decorative,Blue Genie glass bottle. Capacity: 1.14oz (32ml),Cobalt Blue,32 ml (1.08 oz),madison_generated_evidence,https://www.bestbottles.com/images/store/enlarged_pics/GB1ozGenieBl.gif,
CJ-JAR-FRS-60ML,CreamJarFrstdPlsBlkPls2oz,Cream Jar,Frosted plastic Cream jar bottle with clear cap. Capacity: 63 ml,Frosted,60 ml (2.03 oz),madison_generated_evidence,https://likkskifwsrvszxdvufw.supabase.co/storage/v1/object/public/generated-images/4ab1ac72-cd7e-4faf-9152-5aa5f2862411/d4cd4ae9-a9a8-4ea6-ab6f-fd1e19078e5e/paper-doll/master_corrected_1779532808027_fncjnu.png,
GB-ELG-CLR-60ML-RDC-BRLT,GBElg60RdcrBrwnLthr,Elegant,"Elegant design 60 ml, 2oz  clear glass bottle  with reducer and brown faux leather cap. For use with cologne, aftershave, splash on, and perfume or fragrance oil, beard oils. Elegant bottle is a family of bottles available in 5ml, 15ml, 30ml, 60ml and 100",Clear,60 ml (2.03 oz),madison_generated_evidence,https://likkskifwsrvszxdvufw.supabase.co/storage/v1/object/public/generated-images/4ab1ac72-cd7e-4faf-9152-5aa5f2862411/d4cd4ae9-a9a8-4ea6-ab6f-fd1e19078e5e/best-bottles/reference-imports/Elegant/GB-ELG-CLR-60ML-RDC-BRLT_1779482943721_ocnp6v.png,
GB-CIR-CLR-15ML-MRL-MSLV,GBCrcl15MtlRollSlMatt,Circle,"Circle design 15ml, 1/2oz Clear glass bottle with metal roller ball plug and matte silver cap. For use with perfume or fragrance oil, essential oils, aromatic oils and aromatherapy. Refillable, classic style bottle good for promotions and decants. Price e",Clear,15 ml (0.51 oz),madison_generated_evidence,https://likkskifwsrvszxdvufw.supabase.co/storage/v1/object/public/generated-images/4ab1ac72-cd7e-4faf-9152-5aa5f2862411/best-bottles/reference-images/GB-CIR-CLR-15ML-MRL-MSLV__GBCrcl15MtlRollSlMatt__pdp-main__v001.png,
GB-GNI-CLR-32ML,GB1ozGenieCl,Decorative,Clear Genie glass bottle. Capacity: 1.14oz (32ml),Clear,32 ml (1.08 oz),madison_generated_evidence,https://www.bestbottles.com/images/store/enlarged_pics/GB1ozGenieCl.gif,
GB-ELG-CLR-60ML-RDC,GBElg60RdcrLBrwnLthr,Elegant,"Elegant design 60 ml, 2oz  clear glass bottle  with reducer and light brown faux leather cap. For use with cologne, aftershave, splash on, and perfume or fragrance oil, beard oils. Elegant bottle is a family of bottles available in 5ml, 15ml, 30ml, 60ml a",Clear,60 ml (2.03 oz),madison_generated_evidence,https://likkskifwsrvszxdvufw.supabase.co/storage/v1/object/public/generated-images/4ab1ac72-cd7e-4faf-9152-5aa5f2862411/d4cd4ae9-a9a8-4ea6-ab6f-fd1e19078e5e/best-bottles/reference-imports/Elegant/GB-ELG-CLR-60ML-RDC_1779482952257_59acr9.png,
GB-CIR-CLR-15ML-MRL-SSLV,GBCrcl15MtlRollSlSh,Circle,"Circle design 15ml, 1/2oz Clear glass bottle with metal roller ball plug and shiny silver cap. For use with perfume or fragrance oil, essential oils, aromatic oils and aromatherapy. Refillable, classic style bottle good for promotions and decants. Price e",Clear,15 ml (0.51 oz),madison_generated_evidence,https://likkskifwsrvszxdvufw.supabase.co/storage/v1/object/public/generated-images/4ab1ac72-cd7e-4faf-9152-5aa5f2862411/best-bottles/reference-images/GB-CIR-CLR-15ML-MRL-SSLV__GBCrcl15MtlRollSlSh__pdp-main__v001.png,
GB-ETF-BLU-35ML,GBEternalFlameBlue,Decorative,Cobalt Blue bottle with ground glass neck and stopper.Capacity: Approx 1 1/4oz,Cobalt Blue,35 ml (1.18 oz),madison_generated_evidence,https://likkskifwsrvszxdvufw.supabase.co/storage/v1/object/public/generated-images/4ab1ac72-cd7e-4faf-9152-5aa5f2862411/best-bottles/reference-images/GB-ETF-BLU-35ML__GBEternalFlameBlue__pdp-main__v001.png,
CJ-JAR-60ML-WHT,CJWhitePlsSlFr2oz,Cream Jar,"White plastic cream jar with silver cap, capacity 63 ml",White,63 ml (2.13 oz),madison_generated_evidence,https://likkskifwsrvszxdvufw.supabase.co/storage/v1/object/public/generated-images/4ab1ac72-cd7e-4faf-9152-5aa5f2862411/1779556161776-635357b3-bb21-43ad-bed2-6a57ffbc77ef.png,
GB-ELG-CLR-60ML-RDC-SSLV,GBElg60RdcrShnSl,Elegant,"Elegant design 60 ml, 2oz  clear glass bottle  with reducer and shiny silver cap. For use with cologne, aftershave, splash on, and perfume or fragrance oil, beard oils. Elegant bottle is a family of bottles available in 5ml, 15ml, 30ml, 60ml and 100ml. Pr",Clear,60 ml (2.03 oz),madison_generated_evidence,https://likkskifwsrvszxdvufw.supabase.co/storage/v1/object/public/generated-images/4ab1ac72-cd7e-4faf-9152-5aa5f2862411/d4cd4ae9-a9a8-4ea6-ab6f-fd1e19078e5e/best-bottles/reference-imports/Elegant/GB-ELG-CLR-60ML-RDC-SSLV_1779482953072_mbbbly.png,
GB-ELG-CLR-15ML-MRL-MCPR-01,GBElg15MtlRollCuMatt,Elegant,"Elegant design 15ml, 1/2oz Clear glass bottle with metal roller ball plug and matte copper cap. For use with perfume or fragrance oil, essential oils, aromatic oils and aromatherapy. Refillable, classic style bottle good for promotions and decants. Price",Clear,15 ml (0.51 oz),madison_generated_evidence,https://likkskifwsrvszxdvufw.supabase.co/storage/v1/object/public/generated-images/4ab1ac72-cd7e-4faf-9152-5aa5f2862411/best-bottles/reference-images/GB-ELG-CLR-15ML-MRL-MCPR-01__GBElg15MtlRollCuMatt__pdp-main__v001.png,
GB-ETF-CLR-35ML,GBEternalFlameClear,Decorative,Clear glass bottle with ground glass neck and stopper.Capacity: Approx 1 1/4oz (35ml),Clear,35 ml (1.18 oz),madison_generated_evidence,https://likkskifwsrvszxdvufw.supabase.co/storage/v1/object/public/generated-images/4ab1ac72-cd7e-4faf-9152-5aa5f2862411/1778901292425-ceb7a92b-9ef8-43c5-ac4c-4227494cb356.png,
LB-LTB-CLR-3ML-CLR-T,LB3mlClear,Lotion Bottle,Clear Plastic Lotion Bottle. Capacity: 3ml 1 dram),Clear,3 ml (0.1 oz),madison_generated_evidence,https://likkskifwsrvszxdvufw.supabase.co/storage/v1/object/public/generated-images/4ab1ac72-cd7e-4faf-9152-5aa5f2862411/best-bottles/reference-images/LB-LTB-CLR-3ML-CLR-T__LB3mlClear__pdp-main__v001.png,
GB-ELG-CLR-60ML-RDC-MSLV-T,GBElg60RdcrMtSlTall,Elegant,"Elegant design 60 ml, 2oz  clear glass bottle  with reducer and tall silver matte cap. For use with cologne, aftershave, splash on, and perfume or fragrance oil, beard oils. Elegant bottle is a family of bottles available in 5ml, 15ml, 30ml, 60ml and 100m",Clear,60 ml (2.03 oz),madison_generated_evidence,https://likkskifwsrvszxdvufw.supabase.co/storage/v1/object/public/generated-images/4ab1ac72-cd7e-4faf-9152-5aa5f2862411/d4cd4ae9-a9a8-4ea6-ab6f-fd1e19078e5e/best-bottles/reference-imports/Elegant/GB-ELG-CLR-60ML-RDC-MSLV-T_1779482938023_zlfvg7.png,
GB-ELG-CLR-15ML-MRL-MGLD,GBElg15MtlRollGlMatt,Elegant,"Elegant design 15ml, 1/2oz Clear glass bottle with metal roller ball plug and matte gold cap. For use with perfume or fragrance oil, essential oils, aromatic oils and aromatherapy. Refillable, classic style bottle good for promotions and decants. Price ea",Clear,15 ml (0.51 oz),madison_generated_evidence,https://likkskifwsrvszxdvufw.supabase.co/storage/v1/object/public/generated-images/4ab1ac72-cd7e-4faf-9152-5aa5f2862411/best-bottles/reference-images/GB-ELG-CLR-15ML-MRL-MGLD__GBElg15MtlRollGlMatt__pdp-main__v001.png,
GB-ETF-GRN-35ML,GBEternalFlameGreen,Decorative,Eternal Flame - 1 1/4 oz (35ml)Green glass bottle with ground glass neck and stopp,Green,35 ml (1.18 oz),madison_generated_evidence,https://likkskifwsrvszxdvufw.supabase.co/storage/v1/object/public/generated-images/4ab1ac72-cd7e-4faf-9152-5aa5f2862411/best-bottles/reference-images/GB-ETF-GRN-35ML__GBEternalFlameGreen__pdp-main__v001.png,
GB-ELG-CLR-60ML-RDC-MSLV,GBElg60RdcrMtSl,Elegant,"Elegant design 60 ml, 2oz  clear glass bottle  with reducer and silver matte cap. For use with cologne, aftershave, splash on, and perfume or fragrance oil, beard oils. Elegant bottle is a family of bottles available in 5ml, 15ml, 30ml, 60ml and 100ml. Pr",Clear,60 ml (2.03 oz),madison_generated_evidence,https://likkskifwsrvszxdvufw.supabase.co/storage/v1/object/public/generated-images/4ab1ac72-cd7e-4faf-9152-5aa5f2862411/d4cd4ae9-a9a8-4ea6-ab6f-fd1e19078e5e/best-bottles/reference-imports/Elegant/GB-ELG-CLR-60ML-RDC-MSLV_1779482948022_fyqzfl.png,
GB-ELG-CLR-15ML-MRL-SGLD-01,GBElg15MtlRollGlSh,Elegant,"Elegant design 15ml, 1/2oz Clear glass bottle with metal roller ball plug and shiny gold cap. For use with perfume or fragrance oil, essential oils, aromatic oils and aromatherapy. Refillable, classic style bottle good for promotions and decants. Price ea",Clear,15 ml (0.51 oz),madison_generated_evidence,https://likkskifwsrvszxdvufw.supabase.co/storage/v1/object/public/generated-images/4ab1ac72-cd7e-4faf-9152-5aa5f2862411/best-bottles/reference-images/GB-ELG-CLR-15ML-MRL-SGLD-01__GBElg15MtlRollGlSh__pdp-main__v001.png,
GB-CYL-CLR-50ML-ASP-LVN,GBCyl50AnSpLvn,Cylinder,"Cylinder design 50 ml, 1.7oz  clear glass bottle  with lavender vintage style bulb sprayer with shiny silver collar cap. For use with cologne, Eau de Parfum, air freshner, face and body spray, or room spray.  Antique or vintage bulb sprayers enhance the b",Clear,50 ml (1.69 oz),madison_generated_evidence,https://likkskifwsrvszxdvufw.supabase.co/storage/v1/object/public/generated-images/4ab1ac72-cd7e-4faf-9152-5aa5f2862411/d4cd4ae9-a9a8-4ea6-ab6f-fd1e19078e5e/paper-doll/master_corrected_1779982707129_we2qok.png,
GB-RCT-CLR-10ML-ROL-MCPR-01,GBRect10RollCuMatt,Rectangle,"Footed rectangular design 10ml, 1/3oz Clear glass bottle with plastic roller ball plug and matte copper cap. For use with perfume or fragrance oil, essential oils, aromatic oils and aromatherapy. Refillable, classic style bottle good for promotions and de",Clear,10 ml (0.34 oz),madison_generated_evidence,https://likkskifwsrvszxdvufw.supabase.co/storage/v1/object/public/generated-images/4ab1ac72-cd7e-4faf-9152-5aa5f2862411/best-bottles/reference-images/GB-RCT-CLR-10ML-ROL-MCPR-01__GBRect10RollCuMatt__pdp-main__v001.png,
LB-CYL-CLR-9ML-T-01,LBCyl9LtnBlk,Cylinder,"Cylinder design 9ml,1/3 oz clear glass bottle with treatment pump with black trim and plastic overcap. For use with serums, light creams, moisturizers, facial oils or face oils, beard oils, body lotions, body wash, and hair products. Price each",Clear,9 ml (0.3 oz),madison_generated_evidence,https://likkskifwsrvszxdvufw.supabase.co/storage/v1/object/public/generated-images/4ab1ac72-cd7e-4faf-9152-5aa5f2862411/d4cd4ae9-a9a8-4ea6-ab6f-fd1e19078e5e/paper-doll/master_corrected_1780302194764_jn6rwc.png,
GB-ELG-FRS-60ML-RDC-SBLK,GBElgFrst60RdcrShnBlk,Elegant,"Elegant design 60 ml, 2oz frosted glass bottle with reducer and black shiny cap. For use with cologne, aftershave, splash on, and perfume or fragrance oil, beard oils. Elegant bottle is a family of bottles available in 5ml, 15ml, 30ml, 60ml and 100ml. Pri",Frosted,60 ml (2.03 oz),madison_generated_evidence,https://likkskifwsrvszxdvufw.supabase.co/storage/v1/object/public/generated-images/4ab1ac72-cd7e-4faf-9152-5aa5f2862411/d4cd4ae9-a9a8-4ea6-ab6f-fd1e19078e5e/best-bottles/reference-imports/Elegant/GB-ELG-FRS-60ML-RDC-SBLK_1779482938796_awv3mp.png,
GB-ELG-CLR-15ML-MRL-PKDT,GBElg15MtlRollPinkDot,Elegant,"Elegant design 15ml, 1/2oz Clear glass bottle with metal roller ball plug and pink cap with dots. For use with perfume or fragrance oil, essential oils, aromatic oils and aromatherapy. Refillable, classic style bottle good for promotions and decants. Pric",Clear,15 ml (0.51 oz),madison_generated_evidence,https://likkskifwsrvszxdvufw.supabase.co/storage/v1/object/public/generated-images/4ab1ac72-cd7e-4faf-9152-5aa5f2862411/best-bottles/reference-images/GB-ELG-CLR-15ML-MRL-PKDT__GBElg15MtlRollPinkDot__pdp-main__v001.png,
GB-CYL-CLR-50ML-ASP-PNK,GBCyl50AnSpPnk,Cylinder,"Cylinder design 50 ml, 1.7oz  clear glass bottle  with pink vintage style bulb sprayer with shiny gold collar cap. For use with cologne, Eau de Parfum, air freshner, face and body spray, or room spray.  Antique or vintage bulb sprayers enhance the beauty",Clear,50 ml (1.69 oz),madison_generated_evidence,https://likkskifwsrvszxdvufw.supabase.co/storage/v1/object/public/generated-images/4ab1ac72-cd7e-4faf-9152-5aa5f2862411/d4cd4ae9-a9a8-4ea6-ab6f-fd1e19078e5e/paper-doll/master_corrected_1779982776679_mueac6.png,
GB-ELG-FRS-60ML-RDC-SGLD,GBElgFrst60RdcrShnGl,Elegant,"Elegant design 60 ml, 2oz frosted glass bottle with reducer and shiny gold cap. For use with cologne, aftershave, splash on, and perfume or fragrance oil, beard oils. Elegant bottle is a family of bottles available in 5ml, 15ml, 30ml, 60ml and 100ml. Pric",Frosted,60 ml (2.03 oz),madison_generated_evidence,https://likkskifwsrvszxdvufw.supabase.co/storage/v1/object/public/generated-images/4ab1ac72-cd7e-4faf-9152-5aa5f2862411/d4cd4ae9-a9a8-4ea6-ab6f-fd1e19078e5e/best-bottles/reference-imports/Elegant/GB-ELG-FRS-60ML-RDC-SGLD_1779482948783_649x2o.png,
GB-RCT-CLR-10ML-ROL-MGLD-01,GBRect10RollGlMatt,Rectangle,"Footed rectangular design 10ml, 1/3oz Clear glass bottle with plastic roller ball plug and matte gold cap. For use with perfume or fragrance oil, essential oils, aromatic oils and aromatherapy. Refillable, classic style bottle good for promotions and deca",Clear,10 ml (0.34 oz),madison_generated_evidence,https://likkskifwsrvszxdvufw.supabase.co/storage/v1/object/public/generated-images/4ab1ac72-cd7e-4faf-9152-5aa5f2862411/best-bottles/reference-images/GB-RCT-CLR-10ML-ROL-MGLD-01__GBRect10RollGlMatt__pdp-main__v001.png,
GB-DEC-CLR-355ML-T,GBCB12ozPear,Decorative,Pear shaped blue bottle with glass stopper. Capacity : 12oz (336ml),Clear,355 ml (12 oz),madison_generated_evidence,https://www.bestbottles.com/images/store/enlarged_pics/GBCB12ozPear.gif,
GB-ELG-CLR-15ML-MRL-SLDT,GBElg15MtlRollSlDot,Elegant,"Elegant design 15ml, 1/2oz Clear glass bottle with metal roller ball plug and silver cap with dots. For use with perfume or fragrance oil, essential oils, aromatic oils and aromatherapy. Refillable, classic style bottle good for promotions and decants. Pr",Clear,15 ml (0.51 oz),madison_generated_evidence,https://likkskifwsrvszxdvufw.supabase.co/storage/v1/object/public/generated-images/4ab1ac72-cd7e-4faf-9152-5aa5f2862411/best-bottles/reference-images/GB-ELG-CLR-15ML-MRL-SLDT__GBElg15MtlRollSlDot__pdp-main__v001.png,
GB-SQR-CLR-15ML-SPR-SBLK,GBSqr15SpryBlkSh,Square,"Square design 15ml, 1/2oz Clear glass bottle with shiny black spray. Fine mist sprayer for use with perfumes and colognes. Refillable, classic style bottle good for promotions and decants. Price each",Clear,15 ml (0.51 oz),madison_generated_evidence,https://likkskifwsrvszxdvufw.supabase.co/storage/v1/object/public/generated-images/best-bottles/local-generation/clear-glass-cap-on-nb2-batch-001-150-2026-06-09/cap-on/GB-SQR-CLR-15ML-SPR-SBLK.png,
GB-CYL-CLR-50ML-ASP-MSLV,GBCyl50AnSpMtSl,Cylinder,"Cylinder design 50 ml, 1.7oz  clear glass bottle  with matte silver style bulb sprayer with matte silver collar cap. For use with cologne, Eau de Parfum, air freshner, face and body spray, or room spray.  Antique or vintage bulb sprayers enhance the beaut",Clear,50 ml (1.69 oz),madison_generated_evidence,https://likkskifwsrvszxdvufw.supabase.co/storage/v1/object/public/generated-images/4ab1ac72-cd7e-4faf-9152-5aa5f2862411/d4cd4ae9-a9a8-4ea6-ab6f-fd1e19078e5e/paper-doll/master_corrected_1779982852019_3c5uiv.png,
LB-ELG-CLR-100ML-LPM-MGLD,LBElg100LtnMtGl,Elegant,"Elegant design 100 ml, 3 1/2oz clear glass bottle with matte gold lotion pump. For use with serums, light creams, moisturizers, facial oils or face oils, beard oils, body lotions, body wash, and hair products. Elegant bottle is a family of bottles availab",Clear,100 ml (3.38 oz),madison_generated_evidence,https://likkskifwsrvszxdvufw.supabase.co/storage/v1/object/public/generated-images/4ab1ac72-cd7e-4faf-9152-5aa5f2862411/d4cd4ae9-a9a8-4ea6-ab6f-fd1e19078e5e/paper-doll/master_corrected_1779596794296_mem1py.png,
GB-ELG-FRS-60ML-RDC-SSLV,GBElgFrst60RdcrShnSl,Elegant,"Elegant design 60 ml, 2oz frosted glass bottle with reducer and shiny silver cap. For use with cologne, aftershave, splash on, and perfume or fragrance oil, beard oils. Elegant bottle is a family of bottles available in 5ml, 15ml, 30ml, 60ml and 100ml. Pr",Frosted,60 ml (2.03 oz),madison_generated_evidence,https://likkskifwsrvszxdvufw.supabase.co/storage/v1/object/public/generated-images/4ab1ac72-cd7e-4faf-9152-5aa5f2862411/d4cd4ae9-a9a8-4ea6-ab6f-fd1e19078e5e/best-bottles/reference-imports/Elegant/GB-ELG-FRS-60ML-RDC-SSLV_1779482942056_6ti7mu.png,
LB-CYL-BLU-9ML-LPM-BLK,LBCylBlu9LtnBlk,Cylinder,"Cylinder design 9ml,1/3 oz Cobalt blue glass bottle with treatment pump with black trim and plastic overcap. For use with serums, light creams, moisturizers, facial oils or face oils, beard oils, body lotions, body wash, and hair products. Refillable, Sma",Cobalt Blue,9 ml (0.3 oz),madison_generated_evidence,https://likkskifwsrvszxdvufw.supabase.co/storage/v1/object/public/generated-images/4ab1ac72-cd7e-4faf-9152-5aa5f2862411/d4cd4ae9-a9a8-4ea6-ab6f-fd1e19078e5e/best-bottles/reference-imports/Cylinder/LB-CYL-BLU-9ML-LPM-BLK_1779610705541_k7us2q.png,
GB-ELG-CLR-15ML-MRL-MSLV-01,GBElg15MtlRollSlMatt,Elegant,"Elegant design 15ml, 1/2oz Clear glass bottle with metal roller ball plug and matte silver cap. For use with perfume or fragrance oil, essential oils, aromatic oils and aromatherapy. Refillable, classic style bottle good for promotions and decants. Price",Clear,15 ml (0.51 oz),madison_generated_evidence,https://likkskifwsrvszxdvufw.supabase.co/storage/v1/object/public/generated-images/4ab1ac72-cd7e-4faf-9152-5aa5f2862411/best-bottles/reference-images/GB-ELG-CLR-15ML-MRL-MSLV-01__GBElg15MtlRollSlMatt__pdp-main__v001.png,
GB-CYL-CLR-50ML-ASP-IVSL,GBCyl50AnSpIvySl,Cylinder,"Cylinder design 50 ml, 1.7oz  clear glass bottle  with ivory vintage style bulb sprayer with shiny silver collar cap. For use with cologne, Eau de Parfum, air freshner, face and body spray, or room spray.  Antique or vintage bulb sprayers enhance the beau",Clear,50 ml (1.69 oz),madison_generated_evidence,https://likkskifwsrvszxdvufw.supabase.co/storage/v1/object/public/generated-images/4ab1ac72-cd7e-4faf-9152-5aa5f2862411/d4cd4ae9-a9a8-4ea6-ab6f-fd1e19078e5e/paper-doll/master_corrected_1779982915227_gx02le.png,
LB-ELG-CLR-100ML-LPM-SGLD,LBElg100LtnShnGl,Elegant,"Elegant design 100 ml, 3 1/2oz clear glass bottle with shiny gold lotion pump. For use with serums, light creams, moisturizers, facial oils or face oils, beard oils, body lotions, body wash, and hair products. Elegant bottle is a family of bottles availab",Clear,100 ml (3.38 oz),madison_generated_evidence,https://likkskifwsrvszxdvufw.supabase.co/storage/v1/object/public/generated-images/4ab1ac72-cd7e-4faf-9152-5aa5f2862411/d4cd4ae9-a9a8-4ea6-ab6f-fd1e19078e5e/paper-doll/master_corrected_1779596849840_iax441.png,
GB-ELG-FRS-60ML-RDC-WHT,GBElgFrst60RdcrWht,Elegant,"Elegant design 60 ml, 2oz frosted glass bottle with reducer and white cap. For use with cologne, aftershave, splash on, and perfume or fragrance oil, beard oils. Elegant bottle is a family of bottles available in 5ml, 15ml, 30ml, 60ml and 100ml. Price eac",Frosted,60 ml (2.03 oz),madison_generated_evidence,https://likkskifwsrvszxdvufw.supabase.co/storage/v1/object/public/generated-images/4ab1ac72-cd7e-4faf-9152-5aa5f2862411/d4cd4ae9-a9a8-4ea6-ab6f-fd1e19078e5e/best-bottles/reference-imports/Elegant/GB-ELG-FRS-60ML-RDC-WHT_1779482942828_4n9fuv.png,
LB-CYL-FRS-9ML-LPM-BLK,LBCylFrst9LtnBlk,Cylinder,"Cylinder design 9ml,1/3 oz frosted glass bottle with treatment pump with black trim and plastic overcap. For use with serums, light creams, moisturizers, facial oils or face oils, beard oils, body lotions, body wash, and hair products. Price each",Frosted,9 ml (0.3 oz),madison_generated_evidence,https://likkskifwsrvszxdvufw.supabase.co/storage/v1/object/public/generated-images/4ab1ac72-cd7e-4faf-9152-5aa5f2862411/d4cd4ae9-a9a8-4ea6-ab6f-fd1e19078e5e/best-bottles/reference-imports/Cylinder/LB-CYL-FRS-9ML-LPM-BLK_1779610706346_4fi0sj.png,
GB-ELG-CLR-15ML-MRL-SSLV,GBElg15MtlRollSlSh,Elegant,"Elegant design 15ml, 1/2oz Clear glass bottle with metal roller ball plug and shiny silver cap. For use with perfume or fragrance oil, essential oils, aromatic oils and aromatherapy. Refillable, classic style bottle good for promotions and decants. Price",Clear,15 ml (0.51 oz),madison_generated_evidence,https://likkskifwsrvszxdvufw.supabase.co/storage/v1/object/public/generated-images/4ab1ac72-cd7e-4faf-9152-5aa5f2862411/best-bottles/reference-images/GB-ELG-CLR-15ML-MRL-SSLV__GBElg15MtlRollSlSh__pdp-main__v001.png,
GB-SQR-CLR-15ML-SPR-MSLV,GBSqr15SprySlMatt,Square,"Square design 15ml, 1/2oz Clear glass bottle with matte silver spray. Fine mist sprayer for use with perfumes and colognes. Refillable, classic style bottle good for promotions and decants. Price each",Clear,15 ml (0.51 oz),madison_generated_evidence,https://likkskifwsrvszxdvufw.supabase.co/storage/v1/object/public/generated-images/4ab1ac72-cd7e-4faf-9152-5aa5f2862411/best-bottles/reference-images/GB-SQR-CLR-15ML-SPR-MSLV__GBSqr15SprySlMatt__pdp-main__v001.png,
GB-CYL-CLR-50ML-ASP-GLD,GBCyl50AnSpGl,Cylinder,"Cylinder design 50 ml, 1.7oz  clear glass bottle  with gold vintage style sprayer with shiny gold collar cap. For use with cologne, Eau de Parfum, air freshner, face and body spray, or room spray.  Antique or vintage bulb sprayers enhance the beauty of yo",Clear,50 ml (1.69 oz),madison_generated_evidence,https://likkskifwsrvszxdvufw.supabase.co/storage/v1/object/public/generated-images/4ab1ac72-cd7e-4faf-9152-5aa5f2862411/d4cd4ae9-a9a8-4ea6-ab6f-fd1e19078e5e/paper-doll/master_corrected_1779982982876_kld23u.png,
LB-ELG-CLR-100ML-LPM-SBLK,LBElg100LtnShnBlk,Elegant,"Elegant design 100 ml, 3 1/2oz clear glass bottle with shiny black lotion pump. For use with serums, light creams, moisturizers, facial oils or face oils, beard oils, body lotions, body wash, and hair products. Elegant bottle is a family of bottles availa",Clear,100 ml (3.38 oz),madison_generated_evidence,https://likkskifwsrvszxdvufw.supabase.co/storage/v1/object/public/generated-images/4ab1ac72-cd7e-4faf-9152-5aa5f2862411/d4cd4ae9-a9a8-4ea6-ab6f-fd1e19078e5e/paper-doll/master_corrected_1779596901867_k8fofp.png,
GB-ELG-FRS-60ML-RDC-SBLK-T,GBElgFrst60RdcrShnBlkTall,Elegant,"Elegant design 60 ml, 2oz frosted glass bottle with reducer and tall black shiny cap. For use with cologne, aftershave, splash on, and perfume or fragrance oil, beard oils. Elegant bottle is a family of bottles available in 5ml, 15ml, 30ml, 60ml and 100ml",Frosted,60 ml (2.03 oz),madison_generated_evidence,https://likkskifwsrvszxdvufw.supabase.co/storage/v1/object/public/generated-images/4ab1ac72-cd7e-4faf-9152-5aa5f2862411/d4cd4ae9-a9a8-4ea6-ab6f-fd1e19078e5e/best-bottles/reference-imports/Elegant/GB-ELG-FRS-60ML-RDC-SBLK-T_1779482936054_iru99m.png,
GB-ELG-CLR-15ML-MRL-SBLK,GBElg15MtlRollBlkSh,Elegant,"Elegant design 15ml, 1/2oz Clear glass bottle with metal roller ball plug and black shiny cap. For use with perfume or fragrance oil, essential oils, aromatic oils and aromatherapy. Refillable, classic style bottle good for promotions and decants. Price e",Clear,15 ml (0.51 oz),madison_generated_evidence,https://likkskifwsrvszxdvufw.supabase.co/storage/v1/object/public/generated-images/4ab1ac72-cd7e-4faf-9152-5aa5f2862411/best-bottles/reference-images/GB-ELG-CLR-15ML-MRL-SBLK__GBElg15MtlRollBlkSh__pdp-main__v001.png,
GB-CYL-CLR-50ML-ASP-IVGD,GBCyl50AnSpIvyGl,Cylinder,"Cylinder design 50 ml, 1.7oz  clear glass bottle  with ivory vintage style bulb sprayer with shiny gold collar cap. For use with cologne, Eau de Parfum, air freshner, face and body spray, or room spray.  Antique or vintage bulb sprayers enhance the beauty",Clear,50 ml (1.69 oz),madison_generated_evidence,https://likkskifwsrvszxdvufw.supabase.co/storage/v1/object/public/generated-images/4ab1ac72-cd7e-4faf-9152-5aa5f2862411/d4cd4ae9-a9a8-4ea6-ab6f-fd1e19078e5e/paper-doll/master_corrected_1779983064851_iwh27i.png,
GB-ELG-FRS-60ML-RDC-BRLT,GBElgFrst60RdcrBrwnLthr,Elegant,"Elegant design 60 ml, 2oz frosted glass bottle with reducer and brown faux leather cap. For use with cologne, aftershave, splash on, and perfume or fragrance oil, beard oils. Elegant bottle is a family of bottles available in 5ml, 15ml, 30ml, 60ml and 100",Frosted,60 ml (2.03 oz),madison_generated_evidence,https://likkskifwsrvszxdvufw.supabase.co/storage/v1/object/public/generated-images/4ab1ac72-cd7e-4faf-9152-5aa5f2862411/d4cd4ae9-a9a8-4ea6-ab6f-fd1e19078e5e/best-bottles/reference-imports/Elegant/GB-ELG-FRS-60ML-RDC-BRLT_1779482953802_vv53og.png,
LB-ELG-CLR-100ML-LPM-MSLV,LBElg100LtnMtSl,Elegant,"Elegant design 100 ml, 3 1/2oz clear glass bottle with matte silver lotion pump. For use with serums, light creams, moisturizers, facial oils or face oils, beard oils, body lotions, body wash, and hair products. Elegant bottle is a family of bottles avail",Clear,100 ml (3.38 oz),madison_generated_evidence,https://likkskifwsrvszxdvufw.supabase.co/storage/v1/object/public/generated-images/4ab1ac72-cd7e-4faf-9152-5aa5f2862411/d4cd4ae9-a9a8-4ea6-ab6f-fd1e19078e5e/paper-doll/master_corrected_1779596956833_xmgwln.png,
GB-RCT-CLR-10ML-ROL-MSLV-01,GBRect10RollSlMatt,Rectangle,"Footed rectangular design 10ml, 1/3oz Clear glass bottle with plastic roller ball plug and matte silver cap. For use with perfume or fragrance oil, essential oils, aromatic oils and aromatherapy. Refillable, classic style bottle good for promotions and de",Clear,10 ml (0.34 oz),madison_generated_evidence,https://likkskifwsrvszxdvufw.supabase.co/storage/v1/object/public/generated-images/4ab1ac72-cd7e-4faf-9152-5aa5f2862411/best-bottles/reference-images/GB-RCT-CLR-10ML-ROL-MSLV-01__GBRect10RollSlMatt__pdp-main__v001.png,
LB-LTB-CLR-30ML-SGLD-T,LB1ozGl,Lotion Bottle,Clear Glass Lotion Bottle with Gold Top and Base.Capacity: 1oz(30ml),Clear,30 ml (1.01 oz),madison_generated_evidence,https://likkskifwsrvszxdvufw.supabase.co/storage/v1/object/public/generated-images/4ab1ac72-cd7e-4faf-9152-5aa5f2862411/best-bottles/reference-images/LB-LTB-CLR-30ML-SGLD-T__LB1ozGl__pdp-main__v001.png,
GB-ELG-FRS-15ML-MRL-SLV-01,GBElgFrst15MtlRollSlDot,Elegant,Elegant 15 ml (0.51 oz) Frosted Glass Bottle with Metal Roller Silver Cap,Frosted,15 ml (0.51 oz),madison_generated_evidence,https://likkskifwsrvszxdvufw.supabase.co/storage/v1/object/public/generated-images/4ab1ac72-cd7e-4faf-9152-5aa5f2862411/best-bottles/reference-images/GB-ELG-FRS-15ML-MRL-SLV-01__GBElgFrst15MtlRollSlDot__pdp-main__v001.png,
GB-SQR-CLR-15ML-SPR-MBLU,GBSqr15SpryBluMatt,Square,"Square design 15ml, 1/2oz Clear glass bottle with matte blue spray. Fine mist sprayer for use with perfumes and colognes. Refillable, classic style bottle good for promotions and decants. Price each",Clear,15 ml (0.51 oz),madison_generated_evidence,https://likkskifwsrvszxdvufw.supabase.co/storage/v1/object/public/generated-images/4ab1ac72-cd7e-4faf-9152-5aa5f2862411/best-bottles/reference-images/GB-SQR-CLR-15ML-SPR-MBLU__GBSqr15SpryBluMatt__pdp-main__v001.png,
GB-CYL-CLR-50ML-ASP-WHT,GBCyl50AnSpWht,Cylinder,"Cylinder design 50 ml, 1.7oz  clear glass bottle  with white vintage style bulb sprayer with shiny silver collar cap. For use with cologne, Eau de Parfum, air freshner, face and body spray, or room spray.  Antique or vintage bulb sprayers enhance the beau",Clear,50 ml (1.69 oz),madison_generated_evidence,https://likkskifwsrvszxdvufw.supabase.co/storage/v1/object/public/generated-images/4ab1ac72-cd7e-4faf-9152-5aa5f2862411/d4cd4ae9-a9a8-4ea6-ab6f-fd1e19078e5e/paper-doll/master_corrected_1779983133415_aqisrc.png,
LB-ELG-CLR-100ML-LPM-SSLV,LBElg100LtnShnSl,Elegant,"Elegant design 100 ml, 3 1/2oz clear glass bottle with shiny silver lotion pump. For use with serums, light creams, moisturizers, facial oils or face oils, beard oils, body lotions, body wash, and hair products. Elegant bottle is a family of bottles avail",Clear,100 ml (3.38 oz),madison_generated_evidence,https://likkskifwsrvszxdvufw.supabase.co/storage/v1/object/public/generated-images/4ab1ac72-cd7e-4faf-9152-5aa5f2862411/d4cd4ae9-a9a8-4ea6-ab6f-fd1e19078e5e/paper-doll/master_corrected_1779597008974_kkkyrm.png,
GB-ELG-FRS-60ML-RDC-LBLT,GBElgFrst60RdcrLBrwnLthr,Elegant,"Elegant design 60 ml, 2oz frosted glass bottle with reducer and light brown faux leather cap. For use with cologne, aftershave, splash on, and perfume or fragrance oil, beard oils. Elegant bottle is a family of bottles available in 5ml, 15ml, 30ml, 60ml a",Frosted,60 ml (2.03 oz),madison_generated_evidence,https://likkskifwsrvszxdvufw.supabase.co/storage/v1/object/public/generated-images/4ab1ac72-cd7e-4faf-9152-5aa5f2862411/d4cd4ae9-a9a8-4ea6-ab6f-fd1e19078e5e/best-bottles/reference-imports/Elegant/GB-ELG-FRS-60ML-RDC-LBLT_1779482939586_en4bql.png,
LB-LTB-CLR-30ML-SLV-T,LB1ozSl,Lotion Bottle,Clear Glass Lotion Bottle with Silver Top and Base.Capacity:1oz(30ml),Clear,30 ml (1.01 oz),madison_generated_evidence,https://likkskifwsrvszxdvufw.supabase.co/storage/v1/object/public/generated-images/4ab1ac72-cd7e-4faf-9152-5aa5f2862411/best-bottles/reference-images/LB-LTB-CLR-30ML-SLV-T__LB1ozSl__pdp-main__v001.png,
GB-ELG-FRS-15ML-MRL,GBElgFrst15MtlRollPinkDot,Elegant,Elegant 15 ml (0.51 oz) Frosted Glass Bottle with Metal Roller,Frosted,15 ml (0.51 oz),madison_generated_evidence,https://likkskifwsrvszxdvufw.supabase.co/storage/v1/object/public/generated-images/4ab1ac72-cd7e-4faf-9152-5aa5f2862411/best-bottles/reference-images/GB-ELG-FRS-15ML-MRL__GBElgFrst15MtlRollPinkDot__pdp-main__v001.png,
GB-SQR-CLR-15ML-SPR-MCPR,GBSqr15SpryCuMatt,Square,"Square design 15ml, 1/2oz Clear glass bottle with matte copper spray. For use with fine mist sprayer for use with perfumes and colognes. Refillable, classic style bottle good for promotions and decants. Price each",Clear,15 ml (0.51 oz),madison_generated_evidence,https://likkskifwsrvszxdvufw.supabase.co/storage/v1/object/public/generated-images/4ab1ac72-cd7e-4faf-9152-5aa5f2862411/best-bottles/reference-images/GB-SQR-CLR-15ML-SPR-MCPR__GBSqr15SpryCuMatt__pdp-main__v001.png,
GB-CYL-CLR-50ML-ASP-RED,GBCyl50AnSpRed,Cylinder,"Cylinder design 50 ml, 1.7oz  clear glass bottle  with red vintage style bulb sprayer with shiny silver collar cap. For use with cologne, Eau de Parfum, air freshner, face and body spray, or room spray.  Antique or vintage bulb sprayers enhance the beauty",Clear,50 ml (1.69 oz),madison_generated_evidence,https://likkskifwsrvszxdvufw.supabase.co/storage/v1/object/public/generated-images/4ab1ac72-cd7e-4faf-9152-5aa5f2862411/d4cd4ae9-a9a8-4ea6-ab6f-fd1e19078e5e/paper-doll/master_corrected_1779983196106_bie88q.png,
LB-ELG-CLR-100ML-LPM-CPR,LBElg100LtnCu,Elegant,"Elegant design 100 ml, 3 1/2oz clear glass bottle with matte copper lotion pump. For use with serums, light creams, moisturizers, facial oils or face oils, beard oils, body lotions, body wash, and hair products. Elegant bottle is a family of bottles avail",Clear,100 ml (3.38 oz),madison_generated_evidence,https://likkskifwsrvszxdvufw.supabase.co/storage/v1/object/public/generated-images/4ab1ac72-cd7e-4faf-9152-5aa5f2862411/d4cd4ae9-a9a8-4ea6-ab6f-fd1e19078e5e/paper-doll/master_corrected_1779597072851_n3ilur.png,
GB-ELG-FRS-60ML-RDC-MSLV-T,GBElgFrst60RdcrMtSlTall,Elegant,"Elegant design 60 ml, 2oz frosted glass bottle with reducer and tall silver matte cap. For use with cologne, aftershave, splash on, and perfume or fragrance oil, beard oils. Elegant bottle is a family of bottles available in 5ml, 15ml, 30ml, 60ml and 100m",Frosted,60 ml (2.03 oz),madison_generated_evidence,https://likkskifwsrvszxdvufw.supabase.co/storage/v1/object/public/generated-images/4ab1ac72-cd7e-4faf-9152-5aa5f2862411/d4cd4ae9-a9a8-4ea6-ab6f-fd1e19078e5e/best-bottles/reference-imports/Elegant/GB-ELG-FRS-60ML-RDC-MSLV-T_1779482949620_ui8jcj.png,
LB-LTB-CLR-30ML-T,LBMetalSilver1oz,Lotion Bottle,"Silver metal shell and metal cap, refillable lotion bottle 1oz.",Clear,30 ml (1.01 oz),madison_generated_evidence,https://likkskifwsrvszxdvufw.supabase.co/storage/v1/object/public/generated-images/4ab1ac72-cd7e-4faf-9152-5aa5f2862411/best-bottles/reference-images/LB-LTB-CLR-30ML-T__LBMetalSilver1oz__pdp-main__v001.png,
GB-ELG-FRS-15ML-MRL-MSLV-02,GBElgFrst15MtlRollSlMatt,Elegant,Elegant 15 ml (0.51 oz) Frosted Glass Bottle with Metal Roller Matte Silver Cap,Frosted,15 ml (0.51 oz),madison_generated_evidence,https://likkskifwsrvszxdvufw.supabase.co/storage/v1/object/public/generated-images/4ab1ac72-cd7e-4faf-9152-5aa5f2862411/best-bottles/reference-images/GB-ELG-FRS-15ML-MRL-MSLV-02__GBElgFrst15MtlRollSlMatt__pdp-main__v001.png,
GB-SQR-CLR-15ML-SPR-MGLD,GBSqr15SpryGlMatt,Square,"Square design 15ml, 1/2oz Clear glass bottle with matte gold spray. Fine mist sprayer for use with perfumes and colognes. Refillable, classic style bottle good for promotions and decants. Price each",Clear,15 ml (0.51 oz),madison_generated_evidence,https://likkskifwsrvszxdvufw.supabase.co/storage/v1/object/public/generated-images/4ab1ac72-cd7e-4faf-9152-5aa5f2862411/best-bottles/reference-images/GB-SQR-CLR-15ML-SPR-MGLD__GBSqr15SpryGlMatt__pdp-main__v001.png,
GB-CYL-CLR-50ML-AST-LVN,GBCyl50AnSpTslLvn,Cylinder,"Cylinder design 50 ml, 1.7oz  clear glass bottle  with Lavender vintage style bulb sprayer with Tasseland shiny silver collar cap. For use with cologne, Eau de Parfum, air freshner, face and body spray, or room spray.  Antique or vintage bulb sprayers enh",Clear,50 ml (1.69 oz),madison_generated_evidence,https://likkskifwsrvszxdvufw.supabase.co/storage/v1/object/public/generated-images/4ab1ac72-cd7e-4faf-9152-5aa5f2862411/d4cd4ae9-a9a8-4ea6-ab6f-fd1e19078e5e/paper-doll/master_corrected_1779983344235_fjlzel.png,
GB-RND-CLR-128ML-ASP-PNK,GBRnd128AnSpPnk,Round,"Round design 128 ml, 4.33oz  clear glass bottle  with pink vintage style bulb sprayer with shiny gold collar cap. For use with cologne, Eau de Parfum, air freshner, face and body spray, or room spray.  Antique or vintage bulb sprayers enhance the beauty o",Clear,128 ml (4.33 oz),madison_generated_evidence,https://likkskifwsrvszxdvufw.supabase.co/storage/v1/object/public/generated-images/4ab1ac72-cd7e-4faf-9152-5aa5f2862411/d4cd4ae9-a9a8-4ea6-ab6f-fd1e19078e5e/best-bottles/reference-imports/Round/GB-RND-CLR-128ML-ASP-PNK_1779532388486_jbp8er.png,
GB-ELG-FRS-60ML-RDC-MSLV,GBElgFrst60RdcrMtSl,Elegant,"Elegant design 60 ml, 2oz frosted glass bottle with reducer and silver matte cap. For use with cologne, aftershave, splash on, and perfume or fragrance oil, beard oils. Elegant bottle is a family of bottles available in 5ml, 15ml, 30ml, 60ml and 100ml. Pr",Frosted,60 ml (2.03 oz),madison_generated_evidence,https://likkskifwsrvszxdvufw.supabase.co/storage/v1/object/public/generated-images/4ab1ac72-cd7e-4faf-9152-5aa5f2862411/d4cd4ae9-a9a8-4ea6-ab6f-fd1e19078e5e/best-bottles/reference-imports/Elegant/GB-ELG-FRS-60ML-RDC-MSLV_1779482936916_umi7hm.png,
GB-RCT-CLR-10ML-ROL-MCPR-02,GBTallRect10RollCuMatt,Rectangle,"Tall rectangular design 10ml, 1/3oz Clear glass bottle with plastic roller ball plug and matte copper cap. For use with perfume or fragrance oil, essential oils, aromatic oils and aromatherapy. Refillable, slender bottle with attractive heavy base. Price",Clear,10 ml (0.34 oz),madison_generated_evidence,https://likkskifwsrvszxdvufw.supabase.co/storage/v1/object/public/generated-images/4ab1ac72-cd7e-4faf-9152-5aa5f2862411/best-bottles/reference-images/GB-RCT-CLR-10ML-ROL-MCPR-02__GBTallRect10RollCuMatt__pdp-main__v001.png,
GB-APT-BLU-30ML-BLU-T,GB1ozApthBlue,Apothecary,"Apothecary style 30ml blue glass bottle with blue glass stopper. For use with perfume or fragrance oil, essential oil, aromatherapy. Good for displaying products. These are hand made bottles with ground glass stoppers. The stoppers are not leak proof, and",Cobalt Blue,30 ml (1.01 oz),madison_generated_evidence,https://likkskifwsrvszxdvufw.supabase.co/storage/v1/object/public/generated-images/4ab1ac72-cd7e-4faf-9152-5aa5f2862411/1779316526591-63c503c2-6666-4db9-8172-6ca21c4fa02f.png,
LB-CYL-CLR-25ML-LPM-CLR,LBcyl25LtnClOvrCap,Cylinder,"Cylinder design 25ml clear glass bottle with with a matte silver collar treatment pump and clear overcap. For use with serums, light creams, moisturizers, facial oils or face oils, beard oils, body lotions, body wash, and hair products. Cylinder design is",Clear,25 ml (0.85 oz),madison_generated_evidence,https://likkskifwsrvszxdvufw.supabase.co/storage/v1/object/public/generated-images/4ab1ac72-cd7e-4faf-9152-5aa5f2862411/best-bottles/reference-images/LB-CYL-CLR-25ML-LPM-CLR__LBcyl25LtnClOvrCap__pdp-main__v001.png,
GB-CYL-CLR-50ML-AST-IVGD,GBCyl50AnSpTslIvyGl,Cylinder,"Cylinder design 50 ml, 1.7oz  clear glass bottle  with Ivory vintage style bulb sprayer with tassel and shiny gold collar cap. For use with cologne, Eau de Parfum, air freshner, face and body spray, or room spray.  Antique or vintage bulb sprayers enhance",Clear,50 ml (1.69 oz),madison_generated_evidence,https://likkskifwsrvszxdvufw.supabase.co/storage/v1/object/public/generated-images/4ab1ac72-cd7e-4faf-9152-5aa5f2862411/d4cd4ae9-a9a8-4ea6-ab6f-fd1e19078e5e/paper-doll/master_corrected_1779983416357_lhu5be.png,
GB-RND-CLR-128ML-ASP-IVGD,GBRnd128AnSpIvyGl,Round,"Round design 128 ml, 4.33oz  clear glass bottle  with ivory vintage style bulb sprayer with shiny gold collar cap. For use with cologne, Eau de Parfum, air freshner, face and body spray, or room spray.  Antique or vintage bulb sprayers enhance the beauty",Clear,128 ml (4.33 oz),madison_generated_evidence,https://likkskifwsrvszxdvufw.supabase.co/storage/v1/object/public/generated-images/4ab1ac72-cd7e-4faf-9152-5aa5f2862411/d4cd4ae9-a9a8-4ea6-ab6f-fd1e19078e5e/best-bottles/reference-imports/Round/GB-RND-CLR-128ML-ASP-IVGD_1779532384198_ap6vce.png,
GB-ELG-FRS-60ML-RDC-PKLT,GBElgFrst60RdcrPnkLthr,Elegant,"Elegant design 60 ml, 2oz frosted glass bottle with reducer and pink faux leather cap. For use with cologne, aftershave, splash on, and perfume or fragrance oil, beard oils. Elegant bottle is a family of bottles available in 5ml, 15ml, 30ml, 60ml and 100m",Frosted,60 ml (2.03 oz),madison_generated_evidence,https://likkskifwsrvszxdvufw.supabase.co/storage/v1/object/public/generated-images/4ab1ac72-cd7e-4faf-9152-5aa5f2862411/d4cd4ae9-a9a8-4ea6-ab6f-fd1e19078e5e/best-bottles/reference-imports/Elegant/GB-ELG-FRS-60ML-RDC-PKLT_1779482947144_slycha.png,
GB-RCT-CLR-10ML-ROL-MGLD-02,GBTallRect10RollGlMatt,Rectangle,"Tall rectangular design 10ml, 1/3oz Clear glass bottle with plastic roller ball plug and matte gold cap. For use with perfume or fragrance oil, essential oils, aromatic oils and aromatherapy. Refillable, slender bottle with attractive heavy base. Price ea",Clear,10 ml (0.34 oz),madison_generated_evidence,https://likkskifwsrvszxdvufw.supabase.co/storage/v1/object/public/generated-images/4ab1ac72-cd7e-4faf-9152-5aa5f2862411/best-bottles/reference-images/GB-RCT-CLR-10ML-ROL-MGLD-02__GBTallRect10RollGlMatt__pdp-main__v001.png,
GB-APT-GRN-30ML-GRN-T,GB1ozApthGreen,Apothecary,"Apothecary style 30ml green glass bottle with green glass stopper. For use with perfume or fragrance oil, essential oil, aromatherapy. Good for displaying products. These are hand made bottles with ground glass stoppers. The stoppers are not leak proof, a",Green,30 ml (1.01 oz),madison_generated_evidence,https://likkskifwsrvszxdvufw.supabase.co/storage/v1/object/public/generated-images/4ab1ac72-cd7e-4faf-9152-5aa5f2862411/1779316567208-5007793c-8f39-4b0c-9f2a-0033947c6119.png,
GB-ELG-FRS-15ML-MRL-SGLD-02,GBElgFrst15MtlRollGlSh,Elegant,Elegant 15 ml (0.51 oz) Frosted Glass Bottle with Metal Roller Shiny Gold Cap,Frosted,15 ml (0.51 oz),madison_generated_evidence,https://likkskifwsrvszxdvufw.supabase.co/storage/v1/object/public/generated-images/4ab1ac72-cd7e-4faf-9152-5aa5f2862411/best-bottles/reference-images/GB-ELG-FRS-15ML-MRL-SGLD-02__GBElgFrst15MtlRollGlSh__pdp-main__v001.png,
GB-CIR-CLR-30ML-SPR-SSLV,GBCrcl30SpryShSl,Circle,"Circle design 30 ml, clear glass bottle with sprayer and shiny silver cap. For use with cologne, perfume, air freshner, face and body spray, or room spray. Classic, Circle design is a family of bottles availabel in many sizes. Price each",Clear,30 ml (1.01 oz),madison_generated_evidence,https://likkskifwsrvszxdvufw.supabase.co/storage/v1/object/public/generated-images/4ab1ac72-cd7e-4faf-9152-5aa5f2862411/d4cd4ae9-a9a8-4ea6-ab6f-fd1e19078e5e/best-bottles/reference-imports/Circle/GB-CIR-CLR-30ML-SPR-SSLV_1779596604368_x30bfc.png,
GB-CYL-CLR-50ML-AST-IVSL,GBCyl50AnSpTslIvySl,Cylinder,"Cylinder design 50 ml, 1.7oz  clear glass bottle  with Ivory vintage style bulb sprayer with tassel and shiny silver collar cap. For use with cologne, Eau de Parfum, air freshner, face and body spray, or room spray.  Antique or vintage bulb sprayers enhan",Clear,50 ml (1.69 oz),madison_generated_evidence,https://likkskifwsrvszxdvufw.supabase.co/storage/v1/object/public/generated-images/4ab1ac72-cd7e-4faf-9152-5aa5f2862411/d4cd4ae9-a9a8-4ea6-ab6f-fd1e19078e5e/paper-doll/master_corrected_1779983493158_1aewth.png,
GB-RND-CLR-128ML-ASP-LVN,GBRnd128AnSpLvn,Round,"Round design 128 ml, 4.33oz  clear glass bottle  with lavender vintage style bulb sprayer with shiny silver collar cap. For use with cologne, Eau de Parfum, air freshner, face and body spray, or room spray.  Antique or vintage bulb sprayers enhance the be",Clear,128 ml (4.33 oz),madison_generated_evidence,https://likkskifwsrvszxdvufw.supabase.co/storage/v1/object/public/generated-images/4ab1ac72-cd7e-4faf-9152-5aa5f2862411/d4cd4ae9-a9a8-4ea6-ab6f-fd1e19078e5e/best-bottles/reference-imports/Round/GB-RND-CLR-128ML-ASP-LVN_1779532391905_ju2hok.png,
GB-ELG-FRS-60ML-RDC-IVLT,GBElgFrst60RdcrIvyLthr,Elegant,"Elegant design 60 ml, 2oz frosted glass bottle with reducer and ivory faux leather cap. For use with cologne, aftershave, splash on, and perfume or fragrance oil, beard oils. Elegant bottle is a family of bottles available in 5ml, 15ml, 30ml, 60ml and 100",Frosted,60 ml (2.03 oz),madison_generated_evidence,https://likkskifwsrvszxdvufw.supabase.co/storage/v1/object/public/generated-images/4ab1ac72-cd7e-4faf-9152-5aa5f2862411/d4cd4ae9-a9a8-4ea6-ab6f-fd1e19078e5e/best-bottles/reference-imports/Elegant/GB-ELG-FRS-60ML-RDC-IVLT_1779482935020_1wc2ot.png,
GB-ELG-FRS-15ML-MRL-SLV-02,GBElgFrst15MtlRollSlSh,Elegant,Elegant 15 ml (0.51 oz) Frosted Glass Bottle with Metal Roller Silver Cap,Frosted,15 ml (0.51 oz),madison_generated_evidence,https://likkskifwsrvszxdvufw.supabase.co/storage/v1/object/public/generated-images/4ab1ac72-cd7e-4faf-9152-5aa5f2862411/best-bottles/reference-images/GB-ELG-FRS-15ML-MRL-SLV-02__GBElgFrst15MtlRollSlSh__pdp-main__v001.png,
GB-CIR-CLR-30ML-SPR-SGLD,GBCrcl30SpryShnGl,Circle,"Circle design 30 ml, clear glass bottle with sprayer and shiny gold cap. For use with cologne, perfume, air freshner, face and body spray, or room spray. Classic, Circle design is a family of bottles availabel in many sizes. Price each",Clear,30 ml (1.01 oz),madison_generated_evidence,https://likkskifwsrvszxdvufw.supabase.co/storage/v1/object/public/generated-images/4ab1ac72-cd7e-4faf-9152-5aa5f2862411/d4cd4ae9-a9a8-4ea6-ab6f-fd1e19078e5e/best-bottles/reference-imports/Circle/GB-CIR-CLR-30ML-SPR-SGLD_1779596601261_3xwgkg.png,
GB-CYL-CLR-50ML-AST-WHT,GBCyl50AnSpTslWht,Cylinder,"Cylinder design 50 ml, 1.7oz  clear glass bottle  with White vintage style bulb sprayer with tasseland shiny silver collar cap. For use with cologne, Eau de Parfum, air freshner, face and body spray, or room spray.  Antique or vintage bulb sprayers enhanc",Clear,50 ml (1.69 oz),madison_generated_evidence,https://likkskifwsrvszxdvufw.supabase.co/storage/v1/object/public/generated-images/4ab1ac72-cd7e-4faf-9152-5aa5f2862411/d4cd4ae9-a9a8-4ea6-ab6f-fd1e19078e5e/paper-doll/master_corrected_1779983563345_0h6k88.png,
GB-RND-CLR-128ML-ASP-GLD,GBRnd128AnSpGl,Round,"Round design 128 ml, 4.33oz  clear glass bottle  with gold vintage style sprayer with shiny gold collar cap. For use with cologne, Eau de Parfum, air freshner, face and body spray, or room spray.  Antique or vintage bulb sprayers enhance the beauty of you",Clear,128 ml (4.33 oz),madison_generated_evidence,https://likkskifwsrvszxdvufw.supabase.co/storage/v1/object/public/generated-images/4ab1ac72-cd7e-4faf-9152-5aa5f2862411/d4cd4ae9-a9a8-4ea6-ab6f-fd1e19078e5e/best-bottles/reference-imports/Round/GB-RND-CLR-128ML-ASP-GLD_1779532375149_c8qx82.png,
GB-RND-CLR-78ML-RDC-SGLD,GBRnd78RdcrShnGl,Round,"Round design 78 ml, 2.65oz  clear glass bottle  with reducer and shiny gold cap. For use with cologne, aftershave, splash on, and perfume or fragrance oil, beard oils. Round design bottle is available in 2 sizes - 78ml and 128 ml. Price each",Clear,78 ml (2.64 oz),madison_generated_evidence,https://likkskifwsrvszxdvufw.supabase.co/storage/v1/object/public/generated-images/4ab1ac72-cd7e-4faf-9152-5aa5f2862411/d4cd4ae9-a9a8-4ea6-ab6f-fd1e19078e5e/best-bottles/reference-imports/Round/GB-RND-CLR-78ML-RDC-SGLD_1779532318075_ya12lb.png,
GB-ELG-FRS-15ML-MRL-MCPR-02,GBElgFrst15MtlRollCuMatt,Elegant,Elegant 15 ml (0.51 oz) Frosted Glass Bottle with Metal Roller Matte Copper Cap,Frosted,15 ml (0.51 oz),madison_generated_evidence,https://likkskifwsrvszxdvufw.supabase.co/storage/v1/object/public/generated-images/4ab1ac72-cd7e-4faf-9152-5aa5f2862411/best-bottles/reference-images/GB-ELG-FRS-15ML-MRL-MCPR-02__GBElgFrst15MtlRollCuMatt__pdp-main__v001.png,
GB-CIR-CLR-30ML-SPR-MSLV,GBCrcl30SpryMattSl,Circle,"Circle design 30 ml, clear glass bottle with sprayer and matte silver cap. For use with cologne, perfume, air freshner, face and body spray, or room spray. Classic, Circle design is a family of bottles availabel in many sizes. Price each",Clear,30 ml (1.01 oz),madison_generated_evidence,https://likkskifwsrvszxdvufw.supabase.co/storage/v1/object/public/generated-images/4ab1ac72-cd7e-4faf-9152-5aa5f2862411/d4cd4ae9-a9a8-4ea6-ab6f-fd1e19078e5e/best-bottles/reference-imports/Circle/GB-CIR-CLR-30ML-SPR-MSLV_1779596603488_kodyfc.png,
GB-RND-CLR-128ML-ASP-IVSL,GBRnd128AnSpIvySl,Round,"Round design 128 ml, 4.33oz  clear glass bottle  with ivory vintage style bulb sprayer with shiny silver collar cap. For use with cologne, Eau de Parfum, air freshner, face and body spray, or room spray.  Antique or vintage bulb sprayers enhance the beaut",Clear,128 ml (4.33 oz),madison_generated_evidence,https://likkskifwsrvszxdvufw.supabase.co/storage/v1/object/public/generated-images/4ab1ac72-cd7e-4faf-9152-5aa5f2862411/d4cd4ae9-a9a8-4ea6-ab6f-fd1e19078e5e/best-bottles/reference-imports/Round/GB-RND-CLR-128ML-ASP-IVSL_1779532372050_j8xequ.png,
GB-CYL-CLR-50ML-AST-PNK,GBCyl50AnSpTslPnk,Cylinder,"Cylinder design 50 ml, 1.7oz  clear glass bottle  with Pink vintage style bulb sprayer with tassel and shiny gold collar cap. For use with cologne, Eau de Parfum, air freshner, face and body spray, or room spray.  Antique or vintage bulb sprayers enhance",Clear,50 ml (1.69 oz),madison_generated_evidence,https://likkskifwsrvszxdvufw.supabase.co/storage/v1/object/public/generated-images/4ab1ac72-cd7e-4faf-9152-5aa5f2862411/d4cd4ae9-a9a8-4ea6-ab6f-fd1e19078e5e/paper-doll/master_corrected_1779983630778_aghmzj.png,
GB-RND-CLR-78ML-RDC-SSLV,GBRnd78RdcrShnSl,Round,"Round design 78 ml, 2.65oz  clear glass bottle  with reducer and shiny silver cap. For use with cologne, aftershave, splash on, and perfume or fragrance oil, beard oils. Round design bottle is available in 2 sizes - 78ml and 128 ml. Price each",Clear,78 ml (2.64 oz),madison_generated_evidence,https://likkskifwsrvszxdvufw.supabase.co/storage/v1/object/public/generated-images/4ab1ac72-cd7e-4faf-9152-5aa5f2862411/d4cd4ae9-a9a8-4ea6-ab6f-fd1e19078e5e/best-bottles/reference-imports/Round/GB-RND-CLR-78ML-RDC-SSLV_1779532327850_q38gxz.png,
GB-ELG-FRS-15ML-MRL-BLK-02,GBElgFrst15MtlRollBlkSh,Elegant,Elegant 15 ml (0.51 oz) Frosted Glass Bottle with Metal Roller Black Cap,Frosted,15 ml (0.51 oz),madison_generated_evidence,https://likkskifwsrvszxdvufw.supabase.co/storage/v1/object/public/generated-images/4ab1ac72-cd7e-4faf-9152-5aa5f2862411/best-bottles/reference-images/GB-ELG-FRS-15ML-MRL-BLK-02__GBElgFrst15MtlRollBlkSh__pdp-main__v001.png,
GB-CIR-CLR-30ML-SPR-MGLD,GBCrcl30SpryMattGl,Circle,"Circle design 30 ml, clear glass bottle with sprayer and matte gold cap. For use with cologne, perfume, air freshner, face and body spray, or room spray. Classic, Circle design is a family of bottles availabel in many sizes. Price each",Clear,30 ml (1.01 oz),madison_generated_evidence,https://likkskifwsrvszxdvufw.supabase.co/storage/v1/object/public/generated-images/4ab1ac72-cd7e-4faf-9152-5aa5f2862411/d4cd4ae9-a9a8-4ea6-ab6f-fd1e19078e5e/best-bottles/reference-imports/Circle/GB-CIR-CLR-30ML-SPR-MGLD_1779596600152_uwnzgf.png,
GB-CYL-CLR-50ML-AST-RED,GBCyl50AnSpTslRed,Cylinder,"Cylinder design 50 ml, 1.7oz  clear glass bottle  with Red vintage style bulb sprayer with tasseland shiny silver collar cap. For use with cologne, Eau de Parfum, air freshner, face and body spray, or room spray.  Antique or vintage bulb sprayers enhance",Clear,50 ml (1.69 oz),madison_generated_evidence,https://likkskifwsrvszxdvufw.supabase.co/storage/v1/object/public/generated-images/4ab1ac72-cd7e-4faf-9152-5aa5f2862411/d4cd4ae9-a9a8-4ea6-ab6f-fd1e19078e5e/paper-doll/master_corrected_1779983707906_hnojxr.png,
GB-RND-CLR-128ML-ASP-MSLV,GBRnd128AnSpMtSl,Round,"Round design 128 ml, 4.33oz  clear glass bottle  with matte silver vintage style sprayer with matte silver collar cap. For use with cologne, Eau de Parfum, air freshner, face and body spray, or room spray.  Antique or vintage bulb sprayers enhance the bea",Clear,128 ml (4.33 oz),madison_generated_evidence,https://likkskifwsrvszxdvufw.supabase.co/storage/v1/object/public/generated-images/4ab1ac72-cd7e-4faf-9152-5aa5f2862411/d4cd4ae9-a9a8-4ea6-ab6f-fd1e19078e5e/best-bottles/reference-imports/Round/GB-RND-CLR-128ML-ASP-MSLV_1779532393992_6lc42r.png,
LB-DVA-CLR-46ML-LPM-COCP,LBDiva46LtnClOvrCap,Diva,"Diva design 46 ml, 1.64oz clear glass bottle with with a matte silver collar treatment pump and clear overcap. For use with serums, light creams, moisturizers, facial oils or face oils, beard oils, body lotions, body wash, and hair products. Our Classic D",Clear,46 ml (1.56 oz),madison_generated_evidence,https://likkskifwsrvszxdvufw.supabase.co/storage/v1/object/public/generated-images/4ab1ac72-cd7e-4faf-9152-5aa5f2862411/d4cd4ae9-a9a8-4ea6-ab6f-fd1e19078e5e/best-bottles/reference-imports/Diva/LB-DVA-CLR-46ML-LPM-COCP_1779507050863_zvzcy9.png,
GB-RCT-CLR-10ML-ROL-MSLV-02,GBTallRect10RollSlMatt,Rectangle,"Tall rectangular design 10ml, 1/3oz Clear glass bottle with plastic roller ball plug and matte silver cap. For use with perfume or fragrance oil, essential oils, aromatic oils and aromatherapy. Refillable, slender bottle with attractive heavy base. Price",Clear,10 ml (0.34 oz),madison_generated_evidence,https://likkskifwsrvszxdvufw.supabase.co/storage/v1/object/public/generated-images/4ab1ac72-cd7e-4faf-9152-5aa5f2862411/best-bottles/reference-images/GB-RCT-CLR-10ML-ROL-MSLV-02__GBTallRect10RollSlMatt__pdp-main__v001.png,
GB-RND-CLR-78ML-RDC-IVLT,GBRnd78RdcrIvyLthr,Round,"Round design 78 ml, 2.65oz  clear glass bottle  with reducer and ivory faux leather cap. For use with cologne, aftershave, splash on, and perfume or fragrance oil, beard oils. Round design bottle is available in 2 sizes - 78ml and 128 ml. Price each",Clear,78 ml (2.64 oz),madison_generated_evidence,https://likkskifwsrvszxdvufw.supabase.co/storage/v1/object/public/generated-images/4ab1ac72-cd7e-4faf-9152-5aa5f2862411/d4cd4ae9-a9a8-4ea6-ab6f-fd1e19078e5e/best-bottles/reference-imports/Round/GB-RND-CLR-78ML-RDC-IVLT_1779532333433_earwzy.png,
GB-FLR-CLR-15ML-MRL-SBLK,GBFlair15MtlRollBlkSh,Flair,"Flair design 15ml, 1/2oz Clear glass bottle with metal roller ball plug and black shiny cap. For use with perfume or fragrance oil, essential oils, aromatic oils and aromatherapy. Refillable, classic style bottle good for promotions and decants. Price eac",Clear,15 ml (0.51 oz),madison_generated_evidence,https://likkskifwsrvszxdvufw.supabase.co/storage/v1/object/public/generated-images/4ab1ac72-cd7e-4faf-9152-5aa5f2862411/best-bottles/reference-images/GB-FLR-CLR-15ML-MRL-SBLK__GBFlair15MtlRollBlkSh__pdp-main__v001.png,
GB-CYL-CLR-50ML-AST-MSLV,GBCyl50AnSpTslMtSl,Cylinder,"Cylinder design 50 ml, 1.7oz  clear glass bottle  with Silver vintage style bulb sprayer with tasseland matte silver collar cap. For use with cologne, Eau de Parfum, air freshner, face and body spray, or room spray.  Antique or vintage bulb sprayers enhan",Clear,50 ml (1.69 oz),madison_generated_evidence,https://likkskifwsrvszxdvufw.supabase.co/storage/v1/object/public/generated-images/4ab1ac72-cd7e-4faf-9152-5aa5f2862411/d4cd4ae9-a9a8-4ea6-ab6f-fd1e19078e5e/paper-doll/master_corrected_1779983790359_n06coi.png,
GB-RND-CLR-128ML-ASP-WHT,GBRnd128AnSpWht,Round,"Round design 128 ml, 4.33oz  clear glass bottle  with white vintage style bulb sprayer with shiny silver collar cap. For use with cologne, Eau de Parfum, air freshner, face and body spray, or room spray.  Antique or vintage bulb sprayers enhance the beaut",Clear,128 ml (4.33 oz),madison_generated_evidence,https://likkskifwsrvszxdvufw.supabase.co/storage/v1/object/public/generated-images/4ab1ac72-cd7e-4faf-9152-5aa5f2862411/d4cd4ae9-a9a8-4ea6-ab6f-fd1e19078e5e/best-bottles/reference-imports/Round/GB-RND-CLR-128ML-ASP-WHT_1779532371012_qycsy9.png,
LB-DVA-FRS-46ML-T,LBDivaFrst46LtnClOvrCap,Diva,Diva 46 ml (1.56 oz) Clear Lotion Bottle Tall Cap,Frosted,46 ml (1.56 oz),madison_generated_evidence,https://likkskifwsrvszxdvufw.supabase.co/storage/v1/object/public/generated-images/4ab1ac72-cd7e-4faf-9152-5aa5f2862411/d4cd4ae9-a9a8-4ea6-ab6f-fd1e19078e5e/best-bottles/reference-imports/Diva/LB-DVA-FRS-46ML-T_1779507062517_km9p9b.png,
GB-RND-CLR-78ML-RDC-PKLT,GBRnd78RdcrPnkLthr,Round,"Round design 78 ml, 2.65oz  clear glass bottle  with reducer and pink faux leather cap. For use with cologne, aftershave, splash on, and perfume or fragrance oil, beard oils. Round design bottle is available in 2 sizes - 78ml and 128 ml. Price each",Clear,78 ml (2.64 oz),madison_generated_evidence,https://likkskifwsrvszxdvufw.supabase.co/storage/v1/object/public/generated-images/4ab1ac72-cd7e-4faf-9152-5aa5f2862411/d4cd4ae9-a9a8-4ea6-ab6f-fd1e19078e5e/best-bottles/reference-imports/Round/GB-RND-CLR-78ML-RDC-PKLT_1779532325872_swy0v7.png,
GB-FLR-CLR-15ML-MRL-MCPR,GBFlair15MtlRollCuMatt,Flair,"Flair design 15ml, 1/2oz Clear glass bottle with metal roller ball plug and matte copper cap. For use with perfume or fragrance oil, essential oils, aromatic oils and aromatherapy. Refillable, classic style bottle good for promotions and decants. Price ea",Clear,15 ml (0.51 oz),madison_generated_evidence,https://likkskifwsrvszxdvufw.supabase.co/storage/v1/object/public/generated-images/4ab1ac72-cd7e-4faf-9152-5aa5f2862411/best-bottles/reference-images/GB-FLR-CLR-15ML-MRL-MCPR__GBFlair15MtlRollCuMatt__pdp-main__v001.png,
GB-CYL-CLR-50ML-AST-GLD,GBCyl50AnSpTslGl,Cylinder,"Cylinder design 50 ml, 1.7oz  clear glass bottle  with Gold vintage style bulb sprayer with tasseland shiny gold collar cap. For use with cologne, Eau de Parfum, air freshner, face and body spray, or room spray.  Antique or vintage bulb sprayers enhance t",Clear,50 ml (1.69 oz),madison_generated_evidence,https://likkskifwsrvszxdvufw.supabase.co/storage/v1/object/public/generated-images/4ab1ac72-cd7e-4faf-9152-5aa5f2862411/d4cd4ae9-a9a8-4ea6-ab6f-fd1e19078e5e/paper-doll/master_corrected_1779983869212_xf8osz.png,
GB-RND-CLR-128ML-ASP-RED,GBRnd128AnSpRed,Round,"Round design 128 ml, 4.33oz  clear glass bottle  with red vintage style bulb sprayer with shiny silver collar cap. For use with cologne, Eau de Parfum, air freshner, face and body spray, or room spray.  Antique or vintage bulb sprayers enhance the beauty",Clear,128 ml (4.33 oz),madison_generated_evidence,https://likkskifwsrvszxdvufw.supabase.co/storage/v1/object/public/generated-images/4ab1ac72-cd7e-4faf-9152-5aa5f2862411/d4cd4ae9-a9a8-4ea6-ab6f-fd1e19078e5e/best-bottles/reference-imports/Round/GB-RND-CLR-128ML-ASP-RED_1779532368866_vjumiw.png,
LB-CIR-CLR-50ML-LPM-COCP,LBCrcl50LtnClOvrCap,Circle,"Circle design 50 ml, 1.7oz clear glass bottle with with a matte silver collar treatment pump and clear overcap. For use with serums, light creams, moisturizers, facial oils or face oils, beard oils, body lotions, body wash, and hair products. Circle desig",Clear,50 ml (1.69 oz),madison_generated_evidence,https://likkskifwsrvszxdvufw.supabase.co/storage/v1/object/public/generated-images/4ab1ac72-cd7e-4faf-9152-5aa5f2862411/d4cd4ae9-a9a8-4ea6-ab6f-fd1e19078e5e/best-bottles/reference-imports/Circle/LB-CIR-CLR-50ML-LPM-COCP_1779525218161_4qcc13.png,
GB-RND-CLR-78ML-RDC-SBLK-T,GBRnd78RdcrShnBlkTall,Round,"Round design 78 ml, 2.65oz  clear glass bottle  with reducer and tall black shiny cap. For use with cologne, aftershave, splash on, and perfume or fragrance oil, beard oils. Round design bottle is available in 2 sizes - 78ml and 128 ml. Price each",Clear,78 ml (2.64 oz),madison_generated_evidence,https://likkskifwsrvszxdvufw.supabase.co/storage/v1/object/public/generated-images/4ab1ac72-cd7e-4faf-9152-5aa5f2862411/d4cd4ae9-a9a8-4ea6-ab6f-fd1e19078e5e/best-bottles/reference-imports/Round/GB-RND-CLR-78ML-RDC-SBLK-T_1779532321873_5nxwpd.png,
GB-FLR-CLR-15ML-MRL-MGLD,GBFlair15MtlRollGlMatt,Flair,"Flair design 15ml, 1/2oz Clear glass bottle with metal roller ball plug and matte gold cap. For use with perfume or fragrance oil, essential oils, aromatic oils and aromatherapy. Refillable, classic style bottle good for promotions and decants. Price each",Clear,15 ml (0.51 oz),madison_generated_evidence,https://likkskifwsrvszxdvufw.supabase.co/storage/v1/object/public/generated-images/4ab1ac72-cd7e-4faf-9152-5aa5f2862411/best-bottles/reference-images/GB-FLR-CLR-15ML-MRL-MGLD__GBFlair15MtlRollGlMatt__pdp-main__v001.png,
GB-RND-CLR-128ML-AST-PNK,GBRnd128AnSpTslPnk,Round,"Round design 128 ml, 4.33oz  clear glass bottle  with Pink vintage style bulb sprayer with tassel and shiny gold collar cap. For use with cologne, Eau de Parfum, air freshner, face and body spray, or room spray.  Antique or vintage bulb sprayers enhance t",Clear,128 ml (4.33 oz),madison_generated_evidence,https://likkskifwsrvszxdvufw.supabase.co/storage/v1/object/public/generated-images/4ab1ac72-cd7e-4faf-9152-5aa5f2862411/d4cd4ae9-a9a8-4ea6-ab6f-fd1e19078e5e/best-bottles/reference-imports/Round/GB-RND-CLR-128ML-AST-PNK_1779532399478_w1u90j.png,
GB-RND-CLR-78ML-RDC-SBLK,GBRnd78RdcrShnBlk,Round,"Round design 78 ml, 2.65oz  clear glass bottle  with reducer and black shiny cap. For use with cologne, aftershave, splash on, and perfume or fragrance oil, beard oils. Round design bottle is available in 2 sizes - 78ml and 128 ml. Price each",Clear,78 ml (2.64 oz),madison_generated_evidence,https://likkskifwsrvszxdvufw.supabase.co/storage/v1/object/public/generated-images/4ab1ac72-cd7e-4faf-9152-5aa5f2862411/d4cd4ae9-a9a8-4ea6-ab6f-fd1e19078e5e/best-bottles/reference-imports/Round/GB-RND-CLR-78ML-RDC-SBLK_1779532330971_t4ui1m.png,
GB-FLR-CLR-15ML-MRL-SGLD,GBFlair15MtlRollGlSh,Flair,"Flair design 15ml, 1/2oz Clear glass bottle with metal roller ball plug and shiny gold cap. For use with perfume or fragrance oil, essential oils, aromatic oils and aromatherapy. Refillable, classic style bottle good for promotions and decants. Price each",Clear,15 ml (0.51 oz),madison_generated_evidence,https://likkskifwsrvszxdvufw.supabase.co/storage/v1/object/public/generated-images/4ab1ac72-cd7e-4faf-9152-5aa5f2862411/best-bottles/reference-images/GB-FLR-CLR-15ML-MRL-SGLD__GBFlair15MtlRollGlSh__pdp-main__v001.png,
GB-RND-CLR-128ML-AST-IVGD,GBRnd128AnSpTslIvyGl,Round,"Round design 128 ml, 4.33oz  clear glass bottle  with Ivory vintage style bulb sprayer with tassel and shiny gold collar cap. For use with cologne, Eau de Parfum, air freshner, face and body spray, or room spray.  Antique or vintage bulb sprayers enhance",Clear,128 ml (4.33 oz),madison_generated_evidence,https://likkskifwsrvszxdvufw.supabase.co/storage/v1/object/public/generated-images/4ab1ac72-cd7e-4faf-9152-5aa5f2862411/d4cd4ae9-a9a8-4ea6-ab6f-fd1e19078e5e/best-bottles/reference-imports/Round/GB-RND-CLR-128ML-AST-IVGD_1779532400522_0v95of.png,
GB-RND-CLR-78ML-RDC-BRLT,GBRnd78RdcrBrwnLthr,Round,"Round design 78 ml, 2.65oz  clear glass bottle  with reducer and brown faux leather cap. For use with cologne, aftershave, splash on, and perfume or fragrance oil, beard oils. Round design bottle is available in 2 sizes - 78ml and 128 ml. Price each",Clear,78 ml (2.64 oz),madison_generated_evidence,https://likkskifwsrvszxdvufw.supabase.co/storage/v1/object/public/generated-images/4ab1ac72-cd7e-4faf-9152-5aa5f2862411/d4cd4ae9-a9a8-4ea6-ab6f-fd1e19078e5e/best-bottles/reference-imports/Round/GB-RND-CLR-78ML-RDC-BRLT_1779532323509_1bw272.png,
LB-CYL-CLR-50ML-LPM-COCP,LBCyl50LtnClOvrCap,Cylinder,"Cylinder design 50 ml, 1.7oz clear glass bottle with with a matte silver collar treatment pump and clear overcap. For use with serums, light creams, moisturizers, facial oils or face oils, beard oils, body lotions, body wash, and hair products. Cylinder d",Clear,50 ml (1.69 oz),madison_generated_evidence,https://likkskifwsrvszxdvufw.supabase.co/storage/v1/object/public/generated-images/4ab1ac72-cd7e-4faf-9152-5aa5f2862411/d4cd4ae9-a9a8-4ea6-ab6f-fd1e19078e5e/paper-doll/master_corrected_1779984363705_k38mbz.png,
GB-FLR-CLR-15ML-MRL-PKDT,GBFlair15MtlRollPinkDot,Flair,"Flair design 15ml, 1/2oz Clear glass bottle with metal roller ball plug and pink cap with dots. For use with perfume or fragrance oil, essential oils, aromatic oils and aromatherapy. Refillable, classic style bottle good for promotions and decants. Price",Clear,15 ml (0.51 oz),madison_generated_evidence,https://likkskifwsrvszxdvufw.supabase.co/storage/v1/object/public/generated-images/4ab1ac72-cd7e-4faf-9152-5aa5f2862411/best-bottles/reference-images/GB-FLR-CLR-15ML-MRL-PKDT__GBFlair15MtlRollPinkDot__pdp-main__v001.png,
GB-RND-CLR-128ML-AST-LVN,GBRnd128AnSpTslLvn,Round,"Round design 128 ml, 4.33oz  clear glass bottle  with Lavender vintage style bulb sprayer with Tasseland shiny silver collar cap. For use with cologne, Eau de Parfum, air freshner, face and body spray, or room spray.  Antique or vintage bulb sprayers enha",Clear,128 ml (4.33 oz),madison_generated_evidence,https://likkskifwsrvszxdvufw.supabase.co/storage/v1/object/public/generated-images/4ab1ac72-cd7e-4faf-9152-5aa5f2862411/d4cd4ae9-a9a8-4ea6-ab6f-fd1e19078e5e/best-bottles/reference-imports/Round/GB-RND-CLR-128ML-AST-LVN_1779532396698_pvmcsw.png,
GB-RND-CLR-78ML-RDC-LBLT,GBRnd78RdcrLBrwnLthr,Round,"Round design 78 ml, 2.65oz  clear glass bottle  with reducer and light brown faux leather cap. For use with cologne, aftershave, splash on, and perfume or fragrance oil, beard oils. Round design bottle is available in 2 sizes - 78ml and 128 ml. Price each",Clear,78 ml (2.64 oz),madison_generated_evidence,https://likkskifwsrvszxdvufw.supabase.co/storage/v1/object/public/generated-images/4ab1ac72-cd7e-4faf-9152-5aa5f2862411/d4cd4ae9-a9a8-4ea6-ab6f-fd1e19078e5e/best-bottles/reference-imports/Round/GB-RND-CLR-78ML-RDC-LBLT_1779532329375_5rj5jj.png,
GB-FLR-CLR-15ML-MRL-SLDT,GBFlair15MtlRollSlDot,Flair,"Flair design 15ml, 1/2oz Clear glass bottle with metal roller ball plug and silver cap with dots. For use with perfume or fragrance oil, essential oils, aromatic oils and aromatherapy. Refillable, classic style bottle good for promotions and decants. Pric",Clear,15 ml (0.51 oz),madison_generated_evidence,https://likkskifwsrvszxdvufw.supabase.co/storage/v1/object/public/generated-images/4ab1ac72-cd7e-4faf-9152-5aa5f2862411/best-bottles/reference-images/GB-FLR-CLR-15ML-MRL-SLDT__GBFlair15MtlRollSlDot__pdp-main__v001.png,
GB-RND-CLR-128ML-AST-GLD,GBRnd128AnSpTslGl,Round,"Round design 128 ml, 4.33oz  clear glass bottle  with Gold vintage style bulb sprayer with tasseland shiny gold collar cap. For use with cologne, Eau de Parfum, air freshner, face and body spray, or room spray.  Antique or vintage bulb sprayers enhance th",Clear,128 ml (4.33 oz),madison_generated_evidence,https://likkskifwsrvszxdvufw.supabase.co/storage/v1/object/public/generated-images/4ab1ac72-cd7e-4faf-9152-5aa5f2862411/d4cd4ae9-a9a8-4ea6-ab6f-fd1e19078e5e/best-bottles/reference-imports/Round/GB-RND-CLR-128ML-AST-GLD_1779532403735_1grfcf.png,
GB-RND-CLR-78ML-RDC-MSLV-T,GBRnd78RdcrMtSlTall,Round,"Round design 78 ml, 2.65oz  clear glass bottle  with reducer and tall silver matte cap. For use with cologne, aftershave, splash on, and perfume or fragrance oil, beard oils. Round design bottle is available in 2 sizes - 78ml and 128 ml. Price each",Clear,78 ml (2.64 oz),madison_generated_evidence,https://likkskifwsrvszxdvufw.supabase.co/storage/v1/object/public/generated-images/4ab1ac72-cd7e-4faf-9152-5aa5f2862411/d4cd4ae9-a9a8-4ea6-ab6f-fd1e19078e5e/best-bottles/reference-imports/Round/GB-RND-CLR-78ML-RDC-MSLV-T_1779532336599_az3dj0.png,
GB-FLR-CLR-15ML-MRL-MSLV,GBFlair15MtlRollSlMatt,Flair,"Flair design 15ml, 1/2oz Clear glass bottle with metal roller ball plug and matte silver cap. For use with perfume or fragrance oil, essential oils, aromatic oils and aromatherapy. Refillable, classic style bottle good for promotions and decants. Price ea",Clear,15 ml (0.51 oz),madison_generated_evidence,https://likkskifwsrvszxdvufw.supabase.co/storage/v1/object/public/generated-images/4ab1ac72-cd7e-4faf-9152-5aa5f2862411/best-bottles/reference-images/GB-FLR-CLR-15ML-MRL-MSLV__GBFlair15MtlRollSlMatt__pdp-main__v001.png,
GB-RND-CLR-128ML-AST-IVSL,GBRnd128AnSpTslIvySl,Round,"Round design 128 ml, 4.33oz  clear glass bottle  with Ivory vintage style bulb sprayer with tassel and shiny silver collar cap. For use with cologne, Eau de Parfum, air freshner, face and body spray, or room spray.  Antique or vintage bulb sprayers enhanc",Clear,128 ml (4.33 oz),madison_generated_evidence,https://likkskifwsrvszxdvufw.supabase.co/storage/v1/object/public/generated-images/4ab1ac72-cd7e-4faf-9152-5aa5f2862411/d4cd4ae9-a9a8-4ea6-ab6f-fd1e19078e5e/best-bottles/reference-imports/Round/GB-RND-CLR-128ML-AST-IVSL_1779532401617_ty03lz.png,
GB-RND-CLR-78ML-RDC-WHT,GBRnd78RdcrWht,Round,"Round design 78 ml, 2.65oz  clear glass bottle  with reducer and white cap. For use with cologne, aftershave, splash on, and perfume or fragrance oil, beard oils. Round design bottle is available in 2 sizes - 78ml and 128 ml. Price each",Clear,78 ml (2.64 oz),madison_generated_evidence,https://likkskifwsrvszxdvufw.supabase.co/storage/v1/object/public/generated-images/4ab1ac72-cd7e-4faf-9152-5aa5f2862411/d4cd4ae9-a9a8-4ea6-ab6f-fd1e19078e5e/best-bottles/reference-imports/Round/GB-RND-CLR-78ML-RDC-WHT_1779532327129_cc0ir9.png,
GB-FLR-CLR-15ML-MRL-SSLV,GBFlair15MtlRollSlSh,Flair,"Flair design 15ml, 1/2oz Clear glass bottle with metal roller ball plug and shiny silver cap. For use with perfume or fragrance oil, essential oils, aromatic oils and aromatherapy. Refillable, classic style bottle good for promotions and decants. Price ea",Clear,15 ml (0.51 oz),madison_generated_evidence,https://likkskifwsrvszxdvufw.supabase.co/storage/v1/object/public/generated-images/4ab1ac72-cd7e-4faf-9152-5aa5f2862411/best-bottles/reference-images/GB-FLR-CLR-15ML-MRL-SSLV__GBFlair15MtlRollSlSh__pdp-main__v001.png,
GB-RND-CLR-128ML-AST-RED,GBRnd128AnSpTslRed,Round,"Round design 128 ml, 4.33oz  clear glass bottle  with Red vintage style bulb sprayer with tasseland shiny silver collar cap. For use with cologne, Eau de Parfum, air freshner, face and body spray, or room spray.  Antique or vintage bulb sprayers enhance t",Clear,128 ml (4.33 oz),madison_generated_evidence,https://likkskifwsrvszxdvufw.supabase.co/storage/v1/object/public/generated-images/4ab1ac72-cd7e-4faf-9152-5aa5f2862411/d4cd4ae9-a9a8-4ea6-ab6f-fd1e19078e5e/best-bottles/reference-imports/Round/GB-RND-CLR-128ML-AST-RED_1779532404786_nh4z1b.png,
GB-RND-CLR-78ML-RDC-MSLV,GBRnd78RdcrMtSl,Round,"Round design 78 ml, 2.65oz  clear glass bottle  with reducer and silver matte cap. For use with cologne, aftershave, splash on, and perfume or fragrance oil, beard oils. Round design bottle is available in 2 sizes - 78ml and 128 ml. Price each",Clear,78 ml (2.64 oz),madison_generated_evidence,https://likkskifwsrvszxdvufw.supabase.co/storage/v1/object/public/generated-images/4ab1ac72-cd7e-4faf-9152-5aa5f2862411/d4cd4ae9-a9a8-4ea6-ab6f-fd1e19078e5e/best-bottles/reference-imports/Round/GB-RND-CLR-78ML-RDC-MSLV_1779532334248_erhl16.png,
GB-RND-CLR-128ML-AST-WHT,GBRnd128AnSpTslWht,Round,"Round design 128 ml, 4.33oz  clear glass bottle  with White vintage style bulb sprayer with tasseland shiny silver collar cap. For use with cologne, Eau de Parfum, air freshner, face and body spray, or room spray.  Antique or vintage bulb sprayers enhance",Clear,128 ml (4.33 oz),madison_generated_evidence,https://likkskifwsrvszxdvufw.supabase.co/storage/v1/object/public/generated-images/4ab1ac72-cd7e-4faf-9152-5aa5f2862411/d4cd4ae9-a9a8-4ea6-ab6f-fd1e19078e5e/best-bottles/reference-imports/Round/GB-RND-CLR-128ML-AST-WHT_1779532402666_0j1226.png,
GB-RND-FRS-78ML-RDC-SGLD,GBRndFrst78RdcrShnGl,Round,"Round design 78 ml, 2.65oz frosted glass bottle with reducer and shiny gold cap. For use with cologne, aftershave, splash on, and perfume or fragrance oil, beard oils. Round design bottle is available in 2 sizes - 78ml and 128 ml. Price each",Frosted,78 ml (2.64 oz),madison_generated_evidence,https://likkskifwsrvszxdvufw.supabase.co/storage/v1/object/public/generated-images/4ab1ac72-cd7e-4faf-9152-5aa5f2862411/d4cd4ae9-a9a8-4ea6-ab6f-fd1e19078e5e/best-bottles/reference-imports/Round/GB-RND-FRS-78ML-RDC-SGLD_1779532332622_lcuec5.png,
GB-RND-CLR-128ML-AST-MSLV,GBRnd128AnSpTslMtSl,Round,"Round design 128 ml, 4.33oz  clear glass bottle  with Silver vintage style bulb sprayer with tasseland matte silver collar cap. For use with cologne, Eau de Parfum, air freshner, face and body spray, or room spray.  Antique or vintage bulb sprayers enhanc",Clear,128 ml (4.33 oz),madison_generated_evidence,https://likkskifwsrvszxdvufw.supabase.co/storage/v1/object/public/generated-images/4ab1ac72-cd7e-4faf-9152-5aa5f2862411/d4cd4ae9-a9a8-4ea6-ab6f-fd1e19078e5e/best-bottles/reference-imports/Round/GB-RND-CLR-128ML-AST-MSLV_1779532398583_wgx7qm.png,
GB-RND-FRS-78ML-RDC-SBLK-T,GBRndFrst78RdcrShnBlkTall,Round,"Round design 78 ml, 2.65oz frosted glass bottle with reducer and tall black shiny cap. For use with cologne, aftershave, splash on, and perfume or fragrance oil, beard oils. Round design bottle is available in 2 sizes - 78ml and 128 ml. Price each",Frosted,78 ml (2.64 oz),madison_generated_evidence,https://likkskifwsrvszxdvufw.supabase.co/storage/v1/object/public/generated-images/4ab1ac72-cd7e-4faf-9152-5aa5f2862411/d4cd4ae9-a9a8-4ea6-ab6f-fd1e19078e5e/best-bottles/reference-imports/Round/GB-RND-FRS-78ML-RDC-SBLK-T_1779532335891_r55lok.png,
LB-ELG-CLR-60ML-LPM-COCP,LBElg60LtnClrOvrCap,Elegant,"Elegant design 60 ml, 2oz clear glass bottle with with a matte silver collar treatment pump and clear overcap. For use with serums, light creams, moisturizers, facial oils or face oils, beard oils, body lotions, body wash, and hair products. Elegant bottl",Clear,60 ml (2.03 oz),madison_generated_evidence,https://likkskifwsrvszxdvufw.supabase.co/storage/v1/object/public/generated-images/4ab1ac72-cd7e-4faf-9152-5aa5f2862411/d4cd4ae9-a9a8-4ea6-ab6f-fd1e19078e5e/best-bottles/reference-imports/Elegant/LB-ELG-CLR-60ML-LPM-COCP_1779482983920_sxs0yq.png,
GB-RND-FRS-128ML-ASP-SGLD,GBRndFrst128AnSpGl,Round,"Round design 128 ml, 4.33oz frosted glass bottle with gold vintage style sprayer with shiny gold collar cap. For use with cologne, Eau de Parfum, air freshner, face and body spray, or room spray.  Antique or vintage bulb sprayers enhance the beauty of you",Frosted,128 ml (4.33 oz),madison_generated_evidence,https://likkskifwsrvszxdvufw.supabase.co/storage/v1/object/public/generated-images/4ab1ac72-cd7e-4faf-9152-5aa5f2862411/d4cd4ae9-a9a8-4ea6-ab6f-fd1e19078e5e/best-bottles/reference-imports/Round/GB-RND-FRS-128ML-ASP-SGLD_1779532387404_gwpa08.png,
GB-RND-FRS-78ML-RDC-SBLK,GBRndFrst78RdcrShnBlk,Round,"Round design 78 ml, 2.65oz frosted glass bottle with reducer and black shiny cap. For use with cologne, aftershave, splash on, and perfume or fragrance oil, beard oils. Round design bottle is available in 2 sizes - 78ml and 128 ml. Price each",Frosted,78 ml (2.64 oz),madison_generated_evidence,https://likkskifwsrvszxdvufw.supabase.co/storage/v1/object/public/generated-images/4ab1ac72-cd7e-4faf-9152-5aa5f2862411/d4cd4ae9-a9a8-4ea6-ab6f-fd1e19078e5e/best-bottles/reference-imports/Round/GB-RND-FRS-78ML-RDC-SBLK_1779532321129_0lbvwl.png,
GB-RYL-CLR-13ML-ROL-MCPR,GBRoyal13RollCuMatt,Royal,"Royal design 13ml, 1/2oz Clear glass bottle with plastic roller ball plug and matte copper cap. For use with perfume or fragrance oil, essential oils, aromatic oils and aromatherapy. Refillable, classic style bottle good for promotions and decants. Price",Clear,13 ml (0.44 oz),madison_generated_evidence,https://likkskifwsrvszxdvufw.supabase.co/storage/v1/object/public/generated-images/4ab1ac72-cd7e-4faf-9152-5aa5f2862411/best-bottles/reference-images/GB-RYL-CLR-13ML-ROL-MCPR__GBRoyal13RollCuMatt__pdp-main__v001.png,
LB-ELG-FRS-60ML-LPM-COCP,LBElgFrst60LtnClOvrCap,Elegant,"Elegant design 60 ml, 2oz frosted glass bottle with with a matte silver collar treatment pump and clear overcap. For use with serums, light creams, moisturizers, facial oils or face oils, beard oils, body lotions, body wash, and hair products. Elegant bot",Frosted,60 ml (2.03 oz),madison_generated_evidence,https://likkskifwsrvszxdvufw.supabase.co/storage/v1/object/public/generated-images/4ab1ac72-cd7e-4faf-9152-5aa5f2862411/d4cd4ae9-a9a8-4ea6-ab6f-fd1e19078e5e/best-bottles/reference-imports/Elegant/LB-ELG-FRS-60ML-LPM-COCP_1779482979699_9a475f.png,
GB-RND-FRS-128ML-ASP-IVGD,GBRndFrst128AnSpIvyGl,Round,"Round design 128 ml, 4.33oz frosted glass bottle with ivory vintage style bulb sprayer with shiny gold collar cap. For use with cologne, Eau de Parfum, air freshner, face and body spray, or room spray.  Antique or vintage bulb sprayers enhance the beauty",Frosted,128 ml (4.33 oz),madison_generated_evidence,https://likkskifwsrvszxdvufw.supabase.co/storage/v1/object/public/generated-images/4ab1ac72-cd7e-4faf-9152-5aa5f2862411/d4cd4ae9-a9a8-4ea6-ab6f-fd1e19078e5e/best-bottles/reference-imports/Round/GB-RND-FRS-128ML-ASP-IVGD_1779532367841_ej75p5.png,
GB-RND-FRS-78ML-RDC-BRLT,GBRndFrst78RdcrBrwnLthr,Round,"Round design 78 ml, 2.65oz frosted glass bottle with reducer and brown faux leather cap. For use with cologne, aftershave, splash on, and perfume or fragrance oil, beard oils. Round design bottle is available in 2 sizes - 78ml and 128 ml. Price each",Frosted,78 ml (2.64 oz),madison_generated_evidence,https://likkskifwsrvszxdvufw.supabase.co/storage/v1/object/public/generated-images/4ab1ac72-cd7e-4faf-9152-5aa5f2862411/d4cd4ae9-a9a8-4ea6-ab6f-fd1e19078e5e/best-bottles/reference-imports/Round/GB-RND-FRS-78ML-RDC-BRLT_1779532331685_vrqa3p.png,
GB-RYL-CLR-13ML-ROL-MGLD,GBRoyal13RollGlMatt,Royal,"Royal design 13ml, 1/2oz Clear glass bottle with plastic roller ball plug and matte gold cap. For use with perfume or fragrance oil, essential oils, aromatic oils and aromatherapy. Refillable, classic style bottle good for promotions and decants. Price ea",Clear,13 ml (0.44 oz),madison_generated_evidence,https://likkskifwsrvszxdvufw.supabase.co/storage/v1/object/public/generated-images/4ab1ac72-cd7e-4faf-9152-5aa5f2862411/best-bottles/reference-images/GB-RYL-CLR-13ML-ROL-MGLD__GBRoyal13RollGlMatt__pdp-main__v001.png,
GB-RND-FRS-128ML-ASP-IVSL,GBRndFrst128AnSpIvySl,Round,"Round design 128 ml, 4.33oz frosted glass bottle with ivory vintage style bulb sprayer with shiny silver collar cap. For use with cologne, Eau de Parfum, air freshner, face and body spray, or room spray.  Antique or vintage bulb sprayers enhance the beaut",Frosted,128 ml (4.33 oz),madison_generated_evidence,https://likkskifwsrvszxdvufw.supabase.co/storage/v1/object/public/generated-images/4ab1ac72-cd7e-4faf-9152-5aa5f2862411/d4cd4ae9-a9a8-4ea6-ab6f-fd1e19078e5e/best-bottles/reference-imports/Round/GB-RND-FRS-128ML-ASP-IVSL_1779532390795_7da7h5.png,
GB-RND-FRS-78ML-RDC-LBLT,GBRndFrst78RdcrLBrwnLthr,Round,"Round design 78 ml, 2.65oz frosted glass bottle with reducer and light brown faux leather cap. For use with cologne, aftershave, splash on, and perfume or fragrance oil, beard oils. Round design bottle is available in 2 sizes - 78ml and 128 ml. Price each",Frosted,78 ml (2.64 oz),madison_generated_evidence,https://likkskifwsrvszxdvufw.supabase.co/storage/v1/object/public/generated-images/4ab1ac72-cd7e-4faf-9152-5aa5f2862411/d4cd4ae9-a9a8-4ea6-ab6f-fd1e19078e5e/best-bottles/reference-imports/Round/GB-RND-FRS-78ML-RDC-LBLT_1779532320240_uddtui.png,
LB-RND-CLR-78ML-LPM-COCP,LBRnd78LtnClOvrCap,Round,"Round design 78 ml, 2.65oz clear glass bottle with with a matte silver collar treatment pump and clear overcap. For use with serums, light creams, moisturizers, facial oils or face oils, beard oils, body lotions, body wash, and hair products. Round design",Clear,78 ml (2.64 oz),madison_generated_evidence,https://likkskifwsrvszxdvufw.supabase.co/storage/v1/object/public/generated-images/4ab1ac72-cd7e-4faf-9152-5aa5f2862411/d4cd4ae9-a9a8-4ea6-ab6f-fd1e19078e5e/best-bottles/reference-imports/Round/LB-RND-CLR-78ML-LPM-COCP_1779532259265_6gruiv.png,
GB-RND-FRS-128ML-ASP-LVN,GBRndFrst128AnSpLvn,Round,"Round design 128 ml, 4.33oz frosted glass bottle with lavender vintage style bulb sprayer with shiny silver collar cap. For use with cologne, Eau de Parfum, air freshner, face and body spray, or room spray.  Antique or vintage bulb sprayers enhance the be",Frosted,128 ml (4.33 oz),madison_generated_evidence,https://likkskifwsrvszxdvufw.supabase.co/storage/v1/object/public/generated-images/4ab1ac72-cd7e-4faf-9152-5aa5f2862411/d4cd4ae9-a9a8-4ea6-ab6f-fd1e19078e5e/best-bottles/reference-imports/Round/GB-RND-FRS-128ML-ASP-LVN_1779532377945_dsabnx.png,
GB-RND-FRS-78ML-RDC-SSLV,GBRndFrst78RdcrShnSl,Round,"Round design 78 ml, 2.65oz frosted glass bottle with reducer and shiny silver cap. For use with cologne, aftershave, splash on, and perfume or fragrance oil, beard oils. Round design bottle is available in 2 sizes - 78ml and 128 ml. Price each",Frosted,78 ml (2.64 oz),madison_generated_evidence,https://likkskifwsrvszxdvufw.supabase.co/storage/v1/object/public/generated-images/4ab1ac72-cd7e-4faf-9152-5aa5f2862411/d4cd4ae9-a9a8-4ea6-ab6f-fd1e19078e5e/best-bottles/reference-imports/Round/GB-RND-FRS-78ML-RDC-SSLV_1779532319505_i7w1r4.png,
LB-RND-FRS-78ML-T,LBRndFrst78LtnClOvrCap,Round,"Round design 78 ml, 2.65oz frosted glass bottle with with a matte silver collar treatment pump and clear overcap. For use with serums, light creams, moisturizers, facial oils or face oils, beard oils, body lotions, body wash, and hair products. Round desi",Frosted,78 ml (2.64 oz),madison_generated_evidence,https://likkskifwsrvszxdvufw.supabase.co/storage/v1/object/public/generated-images/4ab1ac72-cd7e-4faf-9152-5aa5f2862411/d4cd4ae9-a9a8-4ea6-ab6f-fd1e19078e5e/best-bottles/reference-imports/Round/LB-RND-FRS-78ML-T_1779532258596_a9w49r.png,
GB-RND-FRS-128ML-ASP-PNK,GBRndFrst128AnSpPnk,Round,"Round design 128 ml, 4.33oz frosted glass bottle with pink vintage style bulb sprayer with shiny gold collar cap. For use with cologne, Eau de Parfum, air freshner, face and body spray, or room spray.  Antique or vintage bulb sprayers enhance the beauty o",Frosted,128 ml (4.33 oz),madison_generated_evidence,https://likkskifwsrvszxdvufw.supabase.co/storage/v1/object/public/generated-images/4ab1ac72-cd7e-4faf-9152-5aa5f2862411/d4cd4ae9-a9a8-4ea6-ab6f-fd1e19078e5e/best-bottles/reference-imports/Round/GB-RND-FRS-128ML-ASP-PNK_1779532366799_483g8c.png,
GB-VIA-AMB-1.5ML-WHT-S,GBVialAmb1o5WhtCapSht,Vial,"Vial design 1.5ml, Amber glass vial with white short cap. For use with perfume or fragrance oil, essential oil, aromatherapy, sample or trial size. Perfume sample vials for promotions. Price each",Amber,2 ml (0.07 oz),madison_generated_evidence,https://likkskifwsrvszxdvufw.supabase.co/storage/v1/object/public/generated-images/4ab1ac72-cd7e-4faf-9152-5aa5f2862411/best-bottles/reference-images/GB-VIA-AMB-1.5ML-WHT-S__GBVialAmb1o5WhtCapSht__pdp-main__v001.png,
GB-VIA-BLU-3ML-BLK-S,GBVBlu1o9BlackCapSht,Vial,"Vial design 5/8 dram Blue glass vial with black short cap. For use with perfume or fragrance oil, essential oil, aromatherapy, sample or trial size. Perfume sample vials for promotions. Price each",Blue,3 ml (0.1 oz),madison_generated_evidence,https://likkskifwsrvszxdvufw.supabase.co/storage/v1/object/public/generated-images/4ab1ac72-cd7e-4faf-9152-5aa5f2862411/best-bottles/reference-images/GB-VIA-BLU-3ML-BLK-S__GBVBlu1o9BlackCapSht__pdp-main__v001.png,
GB-CYL-BLK-9ML-SPR-BLK,GBCylSwrl9SpryBlk,Cylinder,"Cylinder swirl design 9ml,1/3 oz glass bottle with fine mist sprayer with black trim and plastic overcap. For use with perfume or fragrance oil, essential oils, aromatic oils and aromatherapy. Price each",Swirl,9 ml (0.3 oz),madison_generated_evidence,https://likkskifwsrvszxdvufw.supabase.co/storage/v1/object/public/generated-images/4ab1ac72-cd7e-4faf-9152-5aa5f2862411/d4cd4ae9-a9a8-4ea6-ab6f-fd1e19078e5e/best-bottles/reference-imports/Cylinder/GB-CYL-BLK-9ML-SPR-BLK_1779613026054_8h07at.png,
GB-PIL-CLR-9ML-SPR-MBLK,GBPillar9SpryBlkMatt,Pillar,"Pillar design 9ml Clear glass bottle with matte black spray. Fine mist sprayer for use with perfumes and colognes. Refillable, classic style bottle good for promotions and decants. Price each",Clear,9 ml (0.3 oz),madison_generated_evidence,https://likkskifwsrvszxdvufw.supabase.co/storage/v1/object/public/generated-images/4ab1ac72-cd7e-4faf-9152-5aa5f2862411/best-bottles/reference-images/GB-PIL-CLR-9ML-SPR-MBLK__GBPillar9SpryBlkMatt__pdp-main__v001.png,
GB-BEL-CLR-10ML-SPR-SBLK,GBBell10SpryBlkSh,Bell,"Bell design 10ml Clear glass bottle with shiny black spray. Fine mist sprayer for use with perfumes and colognes. Refillable, classic style bottle good for promotions and decants. Price each",Clear,10 ml (0.34 oz),madison_generated_evidence,https://likkskifwsrvszxdvufw.supabase.co/storage/v1/object/public/generated-images/4ab1ac72-cd7e-4faf-9152-5aa5f2862411/best-bottles/reference-images/GB-BEL-CLR-10ML-SPR-SBLK__GBBell10SpryBlkSh__pdp-main__v001.png,
GB-BEL-CLR-10ML-SHT-SBLK,GBBell10BlkShSht,Bell,"Bell design 10ml Clear glass bottle with short shiny black cap. For use with perfume or fragrance oil, essential oils, aromatic oils and aromatherapy. Refillable, classic style bottle good for promotions and decants. Price each",Clear,10 ml (0.34 oz),madison_generated_evidence,https://likkskifwsrvszxdvufw.supabase.co/storage/v1/object/public/generated-images/4ab1ac72-cd7e-4faf-9152-5aa5f2862411/d4cd4ae9-a9a8-4ea6-ab6f-fd1e19078e5e/paper-doll/master_corrected_1779585306245_9lvyb2.png,
LB-CYL-BLK-9ML-LPM-BLK,LBCylSwrl9LtnBlk,Cylinder,"Cylinder swirl design 9ml,1/3 oz glass bottle with treatment pump with black trim and plastic overcap. For use with serums, light creams, moisturizers, facial oils or face oils, beard oils, body lotions, body wash, and hair products. Price each",Swirl,9 ml (0.3 oz),madison_generated_evidence,https://likkskifwsrvszxdvufw.supabase.co/storage/v1/object/public/generated-images/4ab1ac72-cd7e-4faf-9152-5aa5f2862411/d4cd4ae9-a9a8-4ea6-ab6f-fd1e19078e5e/best-bottles/reference-imports/Cylinder/LB-CYL-BLK-9ML-LPM-BLK_1779610700160_m1re0f.png,
GB-ELG-CLR-15ML-MNR-MCPR,GBElg15MinarCu,Elegant,Elegant 15 ml (0.51 oz) Clear Glass Bottle with Matte Copper Minaret Cap,Clear,15 ml (0.51 oz),madison_generated_evidence,https://likkskifwsrvszxdvufw.supabase.co/storage/v1/object/public/generated-images/4ab1ac72-cd7e-4faf-9152-5aa5f2862411/best-bottles/reference-images/GB-ELG-CLR-15ML-MNR-MCPR__GBElg15MinarCu__pdp-main__v001.png,
GB-BSR-CLR-15ML-DRP-BLK,GBBstn15BlkDrp,Boston Round,"Boston round design 15ml, 1/2 oz  Clear glass bottle with a black dropper. For use with perfume oils, diffuser oils, ser",Clear,15.0 ml,madison_generated_evidence,https://likkskifwsrvszxdvufw.supabase.co/storage/v1/object/public/generated-images/4ab1ac72-cd7e-4faf-9152-5aa5f2862411/best-bottles/reference-images/GB-BSR-CLR-15ML-DRP-BLK__GBBstn15BlkDrp__pdp-main__v001.png,
PB-CYL-227ML-WFLP,PbClear8ozFlpWh,Cylinder,"Clear plastic cylinder shaped bottle with white flip-top cap for use with perfume or fragrance oil, essential oils, arom",Clear,227 ml (8 oz),madison_generated_evidence,https://likkskifwsrvszxdvufw.supabase.co/storage/v1/object/public/generated-images/4ab1ac72-cd7e-4faf-9152-5aa5f2862411/best-bottles/reference-images/PB-CYL-227ML-WFLP__PbClear8ozFlpWh__pdp-main__v001.png,
PB-CYL-CLR-118ML-WFLP,PbClear4ozFlpWh,Cylinder,"Clear plastic cylinder shaped bottle with white flip-top cap for use with perfume or fragrance oil, essential oils, arom",Clear,118 ml (4 oz),madison_generated_evidence,https://likkskifwsrvszxdvufw.supabase.co/storage/v1/object/public/generated-images/4ab1ac72-cd7e-4faf-9152-5aa5f2862411/best-bottles/reference-images/PB-CYL-CLR-118ML-WFLP__PbClear4ozFlpWh__pdp-main__v001.png,
PB-CYL-454ML-WFLP,PbNat16ozFlpWh,Cylinder,"Natural color plastic cylinder shaped bottle with white flip-top cap for use with perfume or fragrance oil, essential oi",Clear,454 ml (16 oz),madison_generated_evidence,https://likkskifwsrvszxdvufw.supabase.co/storage/v1/object/public/generated-images/4ab1ac72-cd7e-4faf-9152-5aa5f2862411/best-bottles/reference-images/PB-CYL-454ML-WFLP__PbNat16ozFlpWh__pdp-main__v001.png,
GB-ELG-FRS-15ML-CAP-SBLK,GBElgFrst15BlkShSht,Elegant,"Elegant design 15ml, 1/2oz frosted glass bottle with short shiny black cap.",Frosted,15.0 ml,madison_generated_evidence,https://likkskifwsrvszxdvufw.supabase.co/storage/v1/object/public/generated-images/4ab1ac72-cd7e-4faf-9152-5aa5f2862411/best-bottles/reference-images/GB-ELG-FRS-15ML-CAP-SBLK__GBElgFrst15BlkShSht__pdp-main__v001.png,
GB-PIL-CLR-9ML-MRL-BDOT,GBPillar9MtlRollBlkdot,Pillar,Pillar shaped 9ml Clear glass bottle with metal roller ball plug and cap in black with dots. For use with perfume or fra,Clear,9 ml,madison_generated_evidence,https://likkskifwsrvszxdvufw.supabase.co/storage/v1/object/public/generated-images/4ab1ac72-cd7e-4faf-9152-5aa5f2862411/best-bottles/reference-images/GB-PIL-CLR-9ML-MRL-BDOT__GBPillar9MtlRollBlkdot__pdp-main__v001.png,
GB-PIL-CLR-9ML-RBL-BDOT,GBPillar9RollBlkDot,Pillar,Pillar shaped 9ml Clear glass bottle with plastic roller ball plug and cap with black dots. For use with perfume or frag,Clear,9 ml,madison_generated_evidence,https://likkskifwsrvszxdvufw.supabase.co/storage/v1/object/public/generated-images/4ab1ac72-cd7e-4faf-9152-5aa5f2862411/best-bottles/reference-images/GB-PIL-CLR-9ML-RBL-BDOT__GBPillar9RollBlkDot__pdp-main__v001.png,
GB-PIL-CLR-9ML-CAP-BLK,GBPillar9BlkShSht,Pillar,"Pillar shaped 9ml, Clear glass bottle with black short cap. For use with perfume or fragrance oil, essential oils, aroma",Clear,9 ml,madison_generated_evidence,https://likkskifwsrvszxdvufw.supabase.co/storage/v1/object/public/generated-images/4ab1ac72-cd7e-4faf-9152-5aa5f2862411/best-bottles/reference-images/GB-PIL-CLR-9ML-CAP-BLK__GBPillar9BlkShSht__pdp-main__v001.png,
GB-TUL-CLR-6ML-CAP-SBLK,GBTulip6BlkShSht,Tulip,"Tulip design 6ml, 1/5oz Clear glass bottle with short shiny black cap.",Clear,6.0 ml,madison_generated_evidence,https://likkskifwsrvszxdvufw.supabase.co/storage/v1/object/public/generated-images/4ab1ac72-cd7e-4faf-9152-5aa5f2862411/best-bottles/reference-images/GB-TUL-CLR-6ML-CAP-SBLK__GBTulip6BlkShSht__pdp-main__v001.png,
CMP-SPR-LVN-BULB,AntqSprBulbLavender,Sprayer,Antique Sprayer Bulb Lavender,,,madison_generated_evidence,https://likkskifwsrvszxdvufw.supabase.co/storage/v1/object/public/generated-images/4ab1ac72-cd7e-4faf-9152-5aa5f2862411/best-bottles/reference-images/CMP-SPR-LVN-BULB__AntqSprBulbLavender__pdp-main__v001.png,
GBCyl5WhtSht,GBCyl5WhtSht,Cylinder,Cylinder design 5ml Clear glass bottle with short white cap.,Clear,5 ml (1/6 oz),madison_generated_evidence,https://likkskifwsrvszxdvufw.supabase.co/storage/v1/object/public/generated-images/4ab1ac72-cd7e-4faf-9152-5aa5f2862411/d4cd4ae9-a9a8-4ea6-ab6f-fd1e19078e5e/paper-doll/master_corrected_1780288678157_070vlm.png,
GBCylSwrl9MtlRollWht,GBCylSwrl9MtlRollWht,Cylinder,Cylinder swirl design 9ml glass bottle with metal roller ball plug and white cap.,Clear,9 ml (1/3 oz),madison_generated_evidence,https://likkskifwsrvszxdvufw.supabase.co/storage/v1/object/public/generated-images/4ab1ac72-cd7e-4faf-9152-5aa5f2862411/d4cd4ae9-a9a8-4ea6-ab6f-fd1e19078e5e/paper-doll/master_corrected_1780303626373_2ykdcr.png,
GBCylSwrl9RollWht,GBCylSwrl9RollWht,Cylinder,Cylinder swirl design 9ml glass bottle with plastic roller ball plug and white cap.,Clear,9 ml (1/3 oz),madison_generated_evidence,https://likkskifwsrvszxdvufw.supabase.co/storage/v1/object/public/generated-images/4ab1ac72-cd7e-4faf-9152-5aa5f2862411/d4cd4ae9-a9a8-4ea6-ab6f-fd1e19078e5e/paper-doll/master_corrected_1780303701203_uiiad7.png,
GBTallCyl9WhtSht,GBTallCyl9WhtSht,Tall Cylinder,Tall cylinder design 9ml Clear glass bottle with short white cap.,Clear,9 ml (1/3 oz),madison_generated_evidence,https://likkskifwsrvszxdvufw.supabase.co/storage/v1/object/public/generated-images/4ab1ac72-cd7e-4faf-9152-5aa5f2862411/best-bottles/reference-images/GB-CYL-WHT-9ML-WHT-S__GBTallCyl9WhtSht__pdp-main__v001.png,
CJ-JAR-AMB-5ML-SLV,CJAmb5mlSlCap,Cream Jar,Cream Jar 5 ml (0.17 oz) Amber Glass Silver Cap,Amber,5 ml (0.17 oz),madison_generated_evidence,https://likkskifwsrvszxdvufw.supabase.co/storage/v1/object/public/generated-images/4ab1ac72-cd7e-4faf-9152-5aa5f2862411/d4cd4ae9-a9a8-4ea6-ab6f-fd1e19078e5e/paper-doll/master_corrected_1779532915220_ls9jno.png,
GB-CIR-CLR-50ML-RDC-MSLV-01,GBCrcl50RdcrMtSl,Circle,Circle 50 ml (1.69 oz) Clear Glass Bottle with Reducer Matte Silver Cap,Clear,50 ml (1.69 oz),madison_generated_evidence,https://likkskifwsrvszxdvufw.supabase.co/storage/v1/object/public/generated-images/4ab1ac72-cd7e-4faf-9152-5aa5f2862411/best-bottles/reference-images/GB-CIR-CLR-50ML-RDC-MSLV-01__GBCrcl50RdcrMtSl__pdp-main__v001.png,
GB-CIR-CLR-50ML-RDC-SBLK-01,GBCrcl50RdcrShnBlk,Circle,Circle 50 ml (1.69 oz) Clear Glass Bottle with Reducer Shiny Black Cap,Clear,50 ml (1.69 oz),madison_generated_evidence,https://likkskifwsrvszxdvufw.supabase.co/storage/v1/object/public/generated-images/4ab1ac72-cd7e-4faf-9152-5aa5f2862411/best-bottles/reference-images/GB-CIR-CLR-50ML-RDC-SBLK-01__GBCrcl50RdcrShnBlk__pdp-main__v001.png,
GB-RND-CLR-78ML-RDC-MSLV-01,GBRnd78RdcrMtSl,Round,Round 78 ml (2.64 oz) Clear Glass Bottle with Reducer Matte Silver Cap,Clear,78 ml (2.64 oz),madison_generated_evidence,https://likkskifwsrvszxdvufw.supabase.co/storage/v1/object/public/generated-images/4ab1ac72-cd7e-4faf-9152-5aa5f2862411/best-bottles/reference-images/GB-RND-CLR-78ML-RDC-MSLV-01__GBRnd78RdcrMtSl__pdp-main__v001.png,
GB-RND-CLR-78ML-RDC-SBLK-01,GBRnd78RdcrShnBlk,Round,Round 78 ml (2.64 oz) Clear Glass Bottle with Reducer Shiny Black Cap,Clear,78 ml (2.64 oz),madison_generated_evidence,https://likkskifwsrvszxdvufw.supabase.co/storage/v1/object/public/generated-images/4ab1ac72-cd7e-4faf-9152-5aa5f2862411/best-bottles/reference-images/GB-RND-CLR-78ML-RDC-SBLK-01__GBRnd78RdcrShnBlk__pdp-main__v001.png,
GB-RND-FRS-128ML-RDC-MSLV-01,GBRndFrst128RdcrMtSl,Round,Round 128 ml (4.33 oz) Frosted Glass Bottle with Reducer Matte Silver Cap,Frosted,128 ml (4.33 oz),madison_generated_evidence,https://likkskifwsrvszxdvufw.supabase.co/storage/v1/object/public/generated-images/4ab1ac72-cd7e-4faf-9152-5aa5f2862411/best-bottles/reference-images/GB-RND-FRS-128ML-RDC-MSLV-01__GBRndFrst128RdcrMtSl__pdp-main__v001.png,
GB-RND-FRS-128ML-RDC-SBLK-01,GBRndFrst128RdcrShnBlk,Round,Round 128 ml (4.33 oz) Frosted Glass Bottle with Reducer Shiny Black Cap,Frosted,128 ml (4.33 oz),madison_generated_evidence,https://likkskifwsrvszxdvufw.supabase.co/storage/v1/object/public/generated-images/4ab1ac72-cd7e-4faf-9152-5aa5f2862411/best-bottles/reference-images/GB-RND-FRS-128ML-RDC-SBLK-01__GBRndFrst128RdcrShnBlk__pdp-main__v001.png,
GB-RND-FRS-78ML-RDC-MSLV-01,GBRndFrst78RdcrMtSl,Round,Round 78 ml (2.64 oz) Frosted Glass Bottle with Reducer Matte Silver Cap,Frosted,78 ml (2.64 oz),madison_generated_evidence,https://likkskifwsrvszxdvufw.supabase.co/storage/v1/object/public/generated-images/4ab1ac72-cd7e-4faf-9152-5aa5f2862411/best-bottles/reference-images/GB-RND-FRS-78ML-RDC-MSLV-01__GBRndFrst78RdcrMtSl__pdp-main__v001.png,
GB-RND-FRS-78ML-RDC-SBLK-01,GBRndFrst78RdcrShnBlk,Round,Round 78 ml (2.64 oz) Frosted Glass Bottle with Reducer Shiny Black Cap,Frosted,78 ml (2.64 oz),madison_generated_evidence,https://likkskifwsrvszxdvufw.supabase.co/storage/v1/object/public/generated-images/4ab1ac72-cd7e-4faf-9152-5aa5f2862411/best-bottles/reference-images/GB-RND-FRS-78ML-RDC-SBLK-01__GBRndFrst78RdcrShnBlk__pdp-main__v001.png,
GB-SLK-CLR-100ML-RDC-MSLV-01,GBSlk100RdcrMtSl,Sleek,Sleek 100 ml (3.38 oz) Clear Glass Bottle with Reducer Matte Silver Cap,Clear,100 ml (3.38 oz),madison_generated_evidence,https://likkskifwsrvszxdvufw.supabase.co/storage/v1/object/public/generated-images/4ab1ac72-cd7e-4faf-9152-5aa5f2862411/best-bottles/reference-images/GB-SLK-CLR-100ML-RDC-MSLV-01__GBSlk100RdcrMtSl__pdp-main__v001.png,
GB-SLK-CLR-100ML-RDC-SBLK-01,GBSlk100RdcrShnBlk,Sleek,Sleek 100 ml (3.38 oz) Clear Glass Bottle with Reducer Shiny Black Cap,Clear,100 ml (3.38 oz),madison_generated_evidence,https://likkskifwsrvszxdvufw.supabase.co/storage/v1/object/public/generated-images/4ab1ac72-cd7e-4faf-9152-5aa5f2862411/best-bottles/reference-images/GB-SLK-CLR-100ML-RDC-SBLK-01__GBSlk100RdcrShnBlk__pdp-main__v001.png,
GB-SLK-CLR-30ML-RDC-MSLV-01,GBSlk30RdcrMtSl,Sleek,Sleek 30 ml (1.01 oz) Clear Glass Bottle with Reducer Matte Silver Cap,Clear,30 ml (1.01 oz),madison_generated_evidence,https://likkskifwsrvszxdvufw.supabase.co/storage/v1/object/public/generated-images/4ab1ac72-cd7e-4faf-9152-5aa5f2862411/best-bottles/reference-images/GB-SLK-CLR-30ML-RDC-MSLV-01__GBSlk30RdcrMtSl__pdp-main__v001.png,
GB-SLK-CLR-30ML-RDC-SBLK-01,GBSlk30RdcrShnBlk,Sleek,Sleek 30 ml (1.01 oz) Clear Glass Bottle with Reducer Shiny Black Cap,Clear,30 ml (1.01 oz),madison_generated_evidence,https://likkskifwsrvszxdvufw.supabase.co/storage/v1/object/public/generated-images/4ab1ac72-cd7e-4faf-9152-5aa5f2862411/best-bottles/reference-images/GB-SLK-CLR-30ML-RDC-SBLK-01__GBSlk30RdcrShnBlk__pdp-main__v001.png,
GB-SLK-CLR-50ML-RDC-MSLV-01,GBSlk50RdcrMtSl,Sleek,Sleek 50 ml (1.69 oz) Clear Glass Bottle with Reducer Matte Silver Cap,Clear,50 ml (1.69 oz),madison_generated_evidence,https://likkskifwsrvszxdvufw.supabase.co/storage/v1/object/public/generated-images/4ab1ac72-cd7e-4faf-9152-5aa5f2862411/best-bottles/reference-images/GB-SLK-CLR-50ML-RDC-MSLV-01__GBSlk50RdcrMtSl__pdp-main__v001.png,
GB-SLK-CLR-50ML-RDC-SBLK-01,GBSlk50RdcrShnBlk,Sleek,Sleek 50 ml (1.69 oz) Clear Glass Bottle with Reducer Shiny Black Cap,Clear,50 ml (1.69 oz),madison_generated_evidence,https://likkskifwsrvszxdvufw.supabase.co/storage/v1/object/public/generated-images/4ab1ac72-cd7e-4faf-9152-5aa5f2862411/best-bottles/reference-images/GB-SLK-CLR-50ML-RDC-SBLK-01__GBSlk50RdcrShnBlk__pdp-main__v001.png,
GB-SLM-CLR-100ML-RDC-MSLV-01,GBSlm100RdcrMtSl,Slim,Slim 100 ml (3.38 oz) Clear Glass Bottle with Reducer Matte Silver Cap,Clear,100 ml (3.38 oz),madison_generated_evidence,https://likkskifwsrvszxdvufw.supabase.co/storage/v1/object/public/generated-images/4ab1ac72-cd7e-4faf-9152-5aa5f2862411/best-bottles/reference-images/GB-SLM-CLR-100ML-RDC-MSLV-01__GBSlm100RdcrMtSl__pdp-main__v001.png,
GB-SLM-CLR-100ML-RDC-SBLK-01,GBSlm100RdcrShnBlk,Slim,Slim 100 ml (3.38 oz) Clear Glass Bottle with Reducer Shiny Black Cap,Clear,100 ml (3.38 oz),madison_generated_evidence,https://likkskifwsrvszxdvufw.supabase.co/storage/v1/object/public/generated-images/4ab1ac72-cd7e-4faf-9152-5aa5f2862411/best-bottles/reference-images/GB-SLM-CLR-100ML-RDC-SBLK-01__GBSlm100RdcrShnBlk__pdp-main__v001.png,
GB-SLM-CLR-30ML-RDC-MSLV-01,GBSlm30RdcrMtSl,Slim,Slim 30 ml (1.01 oz) Clear Glass Bottle with Reducer Matte Silver Cap,Clear,30 ml (1.01 oz),madison_generated_evidence,https://likkskifwsrvszxdvufw.supabase.co/storage/v1/object/public/generated-images/4ab1ac72-cd7e-4faf-9152-5aa5f2862411/best-bottles/reference-images/GB-SLM-CLR-30ML-RDC-MSLV-01__GBSlm30RdcrMtSl__pdp-main__v001.png,
GB-SLM-CLR-30ML-RDC-SBLK-01,GBSlm30RdcrShnBlk,Slim,Slim 30 ml (1.01 oz) Clear Glass Bottle with Reducer Shiny Black Cap,Clear,30 ml (1.01 oz),madison_generated_evidence,https://likkskifwsrvszxdvufw.supabase.co/storage/v1/object/public/generated-images/4ab1ac72-cd7e-4faf-9152-5aa5f2862411/best-bottles/reference-images/GB-SLM-CLR-30ML-RDC-SBLK-01__GBSlm30RdcrShnBlk__pdp-main__v001.png,
GB-SLM-CLR-50ML-RDC-MSLV-01,GBSlm50RdcrMtSl,Slim,Slim 50 ml (1.69 oz) Clear Glass Bottle with Reducer Matte Silver Cap,Clear,50 ml (1.69 oz),madison_generated_evidence,https://likkskifwsrvszxdvufw.supabase.co/storage/v1/object/public/generated-images/4ab1ac72-cd7e-4faf-9152-5aa5f2862411/best-bottles/reference-images/GB-SLM-CLR-50ML-RDC-MSLV-01__GBSlm50RdcrMtSl__pdp-main__v001.png,
GB-SLM-CLR-50ML-RDC-SBLK-01,GBSlm50RdcrShnBlk,Slim,Slim 50 ml (1.69 oz) Clear Glass Bottle with Reducer Shiny Black Cap,Clear,50 ml (1.69 oz),madison_generated_evidence,https://likkskifwsrvszxdvufw.supabase.co/storage/v1/object/public/generated-images/4ab1ac72-cd7e-4faf-9152-5aa5f2862411/best-bottles/reference-images/GB-SLM-CLR-50ML-RDC-SBLK-01__GBSlm50RdcrShnBlk__pdp-main__v001.png,
CMP-CAP-13-415,CP13-415SpryBluMt,Cap/Closure,Cap/Closure Thread 13-415,Blue,0 ml (0 oz),madison_generated_evidence,https://likkskifwsrvszxdvufw.supabase.co/storage/v1/object/public/generated-images/4ab1ac72-cd7e-4faf-9152-5aa5f2862411/best-bottles/reference-images/CMP-CAP-13-415__CP13-415SpryBluMt__pdp-main__v001.png,
CMP-CAP-BLK-13-415-01,CP13-415SpryBlkMt,Cap/Closure,Cap/Closure Thread 13-415,Black,0 ml (0 oz),madison_generated_evidence,https://likkskifwsrvszxdvufw.supabase.co/storage/v1/object/public/generated-images/4ab1ac72-cd7e-4faf-9152-5aa5f2862411/best-bottles/reference-images/CMP-CAP-BLK-13-415-01__CP13-415SpryBlkMt__pdp-main__v001.png,
CMP-CAP-BLK-13-415-02,CP13-415SpryBlkSh,Cap/Closure,Cap/Closure Thread 13-415,Black,0 ml (0 oz),madison_generated_evidence,https://likkskifwsrvszxdvufw.supabase.co/storage/v1/object/public/generated-images/4ab1ac72-cd7e-4faf-9152-5aa5f2862411/best-bottles/reference-images/CMP-CAP-BLK-13-415-02__CP13-415SpryBlkSh__pdp-main__v001.png,
CMP-CAP-SGLD-13-415-02,CP13-415SpryGlMt,Cap/Closure,Cap/Closure Thread 13-415,Gold,0 ml (0 oz),madison_generated_evidence,https://likkskifwsrvszxdvufw.supabase.co/storage/v1/object/public/generated-images/4ab1ac72-cd7e-4faf-9152-5aa5f2862411/best-bottles/reference-images/CMP-CAP-SGLD-13-415-02__CP13-415SpryGlMt__pdp-main__v001.png,
CMP-CAP-SGLD-13-415-03,CP13-415SpryGlSh,Cap/Closure,Cap/Closure Thread 13-415,Gold,0 ml (0 oz),madison_generated_evidence,https://likkskifwsrvszxdvufw.supabase.co/storage/v1/object/public/generated-images/4ab1ac72-cd7e-4faf-9152-5aa5f2862411/best-bottles/reference-images/CMP-CAP-SGLD-13-415-03__CP13-415SpryGlSh__pdp-main__v001.png,
CMP-CAP-SLV-13-415-02,CP13-415SprySlMt,Cap/Closure,Cap/Closure Thread 13-415,Silver,0 ml (0 oz),madison_generated_evidence,https://likkskifwsrvszxdvufw.supabase.co/storage/v1/object/public/generated-images/4ab1ac72-cd7e-4faf-9152-5aa5f2862411/best-bottles/reference-images/CMP-CAP-SLV-13-415-02__CP13-415SprySlMt__pdp-main__v001.png,
CMP-CAP-SLV-13-415-03,CP13-415SprySlSh,Cap/Closure,Cap/Closure Thread 13-415,Silver,0 ml (0 oz),madison_generated_evidence,https://likkskifwsrvszxdvufw.supabase.co/storage/v1/object/public/generated-images/4ab1ac72-cd7e-4faf-9152-5aa5f2862411/best-bottles/reference-images/CMP-CAP-SLV-13-415-03__CP13-415SprySlSh__pdp-main__v001.png,
CMP-LPM-CPR-18-415,Ltn18-415Cu,Lotion Pump,Lotion Pump Thread 18-415,Copper,0 ml (0 oz),madison_generated_evidence,https://likkskifwsrvszxdvufw.supabase.co/storage/v1/object/public/generated-images/4ab1ac72-cd7e-4faf-9152-5aa5f2862411/best-bottles/reference-images/CMP-LPM-CPR-18-415__Ltn18-415Cu__pdp-main__v001.png,
CMP-LPM-MGLD-18-415,Ltn18-415MtGl,Lotion Pump,Lotion Pump Thread 18-415,Gold,0 ml (0 oz),madison_generated_evidence,https://likkskifwsrvszxdvufw.supabase.co/storage/v1/object/public/generated-images/4ab1ac72-cd7e-4faf-9152-5aa5f2862411/best-bottles/reference-images/CMP-LPM-MGLD-18-415__Ltn18-415MtGl__pdp-main__v001.png,
CMP-LPM-MSLV-18-415-01,Ltn18-415MtSl,Lotion Pump,Lotion Pump Thread 18-415,Silver,0 ml (0 oz),madison_generated_evidence,https://likkskifwsrvszxdvufw.supabase.co/storage/v1/object/public/generated-images/4ab1ac72-cd7e-4faf-9152-5aa5f2862411/best-bottles/reference-images/CMP-LPM-MSLV-18-415-01__Ltn18-415MtSl__pdp-main__v001.png,
CMP-SPR-BLK-18-415-02,AnSpTsl18-415Blk,Sprayer,Sprayer Thread 18-415,Black,0 ml (0 oz),madison_generated_evidence,https://likkskifwsrvszxdvufw.supabase.co/storage/v1/object/public/generated-images/4ab1ac72-cd7e-4faf-9152-5aa5f2862411/best-bottles/reference-images/CMP-SPR-BLK-18-415-02__AnSpTsl18-415Blk__pdp-main__v001.png,
CMP-SPR-IVGD-18-415-01,AnSp18-415IvyGl,Sprayer,Sprayer Thread 18-415,Gold,0 ml (0 oz),madison_generated_evidence,https://likkskifwsrvszxdvufw.supabase.co/storage/v1/object/public/generated-images/4ab1ac72-cd7e-4faf-9152-5aa5f2862411/best-bottles/reference-images/CMP-SPR-IVGD-18-415-01__AnSp18-415IvyGl__pdp-main__v001.png,
CMP-SPR-IVGD-18-415-02,AnSpTsl18-415IvyGl,Sprayer,Sprayer Thread 18-415,Gold,0 ml (0 oz),madison_generated_evidence,https://likkskifwsrvszxdvufw.supabase.co/storage/v1/object/public/generated-images/4ab1ac72-cd7e-4faf-9152-5aa5f2862411/best-bottles/reference-images/CMP-SPR-IVGD-18-415-02__AnSpTsl18-415IvyGl__pdp-main__v001.png,
CMP-SPR-IVSL-18-415-01,AnSp18-415IvySl,Sprayer,Sprayer Thread 18-415,Silver,0 ml (0 oz),madison_generated_evidence,https://likkskifwsrvszxdvufw.supabase.co/storage/v1/object/public/generated-images/4ab1ac72-cd7e-4faf-9152-5aa5f2862411/best-bottles/reference-images/CMP-SPR-IVSL-18-415-01__AnSp18-415IvySl__pdp-main__v001.png,
CMP-SPR-IVSL-18-415-02,AnSpTsl18-415IvySl,Sprayer,Sprayer Thread 18-415,Silver,0 ml (0 oz),madison_generated_evidence,https://likkskifwsrvszxdvufw.supabase.co/storage/v1/object/public/generated-images/4ab1ac72-cd7e-4faf-9152-5aa5f2862411/best-bottles/reference-images/CMP-SPR-IVSL-18-415-02__AnSpTsl18-415IvySl__pdp-main__v001.png,
CMP-SPR-LVN-18-415-01,AnSp18-415Lvn,Sprayer,Sprayer Thread 18-415,Silver,0 ml (0 oz),madison_generated_evidence,https://likkskifwsrvszxdvufw.supabase.co/storage/v1/object/public/generated-images/4ab1ac72-cd7e-4faf-9152-5aa5f2862411/best-bottles/reference-images/CMP-SPR-LVN-18-415-01__AnSp18-415Lvn__pdp-main__v001.png,
CMP-SPR-LVN-18-415-02,AnSpTsl18-415Lvn,Sprayer,Sprayer Thread 18-415,Silver,0 ml (0 oz),madison_generated_evidence,https://likkskifwsrvszxdvufw.supabase.co/storage/v1/object/public/generated-images/4ab1ac72-cd7e-4faf-9152-5aa5f2862411/best-bottles/reference-images/CMP-SPR-LVN-18-415-02__AnSpTsl18-415Lvn__pdp-main__v001.png,
CMP-SPR-MSLV-18-415-01,AnSp18-415MtSl,Sprayer,Sprayer Thread 18-415,Silver,0 ml (0 oz),madison_generated_evidence,https://likkskifwsrvszxdvufw.supabase.co/storage/v1/object/public/generated-images/4ab1ac72-cd7e-4faf-9152-5aa5f2862411/best-bottles/reference-images/CMP-SPR-MSLV-18-415-01__AnSp18-415MtSl__pdp-main__v001.png,
CMP-SPR-MSLV-18-415-02,AnSpTsl18-415MtS,Sprayer,Sprayer Thread 18-415,Silver,0 ml (0 oz),madison_generated_evidence,https://likkskifwsrvszxdvufw.supabase.co/storage/v1/object/public/generated-images/4ab1ac72-cd7e-4faf-9152-5aa5f2862411/best-bottles/reference-images/CMP-SPR-MSLV-18-415-02__AnSpTsl18-415MtS__pdp-main__v001.png,
CMP-SPR-PNK-18-415,AnSpTsl18-415Pnk,Sprayer,Sprayer Thread 18-415,Pink,0 ml (0 oz),madison_generated_evidence,https://likkskifwsrvszxdvufw.supabase.co/storage/v1/object/public/generated-images/4ab1ac72-cd7e-4faf-9152-5aa5f2862411/best-bottles/reference-images/CMP-SPR-PNK-18-415__AnSpTsl18-415Pnk__pdp-main__v001.png,
CMP-SPR-RED-18-415-01,AnSp18-415Red,Sprayer,Sprayer Thread 18-415,Red,0 ml (0 oz),madison_generated_evidence,https://likkskifwsrvszxdvufw.supabase.co/storage/v1/object/public/generated-images/4ab1ac72-cd7e-4faf-9152-5aa5f2862411/best-bottles/reference-images/CMP-SPR-RED-18-415-01__AnSp18-415Red__pdp-main__v001.png,
CMP-SPR-RED-18-415-02,AnSpTsl18-415Red,Sprayer,Sprayer Thread 18-415,Red,0 ml (0 oz),madison_generated_evidence,https://likkskifwsrvszxdvufw.supabase.co/storage/v1/object/public/generated-images/4ab1ac72-cd7e-4faf-9152-5aa5f2862411/best-bottles/reference-images/CMP-SPR-RED-18-415-02__AnSpTsl18-415Red__pdp-main__v001.png,
CMP-SPR-WHT-18-415-01,AnSp18-415Wht,Sprayer,Sprayer Thread 18-415,White,0 ml (0 oz),madison_generated_evidence,https://likkskifwsrvszxdvufw.supabase.co/storage/v1/object/public/generated-images/4ab1ac72-cd7e-4faf-9152-5aa5f2862411/best-bottles/reference-images/CMP-SPR-WHT-18-415-01__AnSp18-415Wht__pdp-main__v001.png,
CMP-SPR-WHT-18-415-02,AnSpTsl18-415Wht,Sprayer,Sprayer Thread 18-415,White,0 ml (0 oz),madison_generated_evidence,https://likkskifwsrvszxdvufw.supabase.co/storage/v1/object/public/generated-images/4ab1ac72-cd7e-4faf-9152-5aa5f2862411/best-bottles/reference-images/CMP-SPR-WHT-18-415-02__AnSpTsl18-415Wht__pdp-main__v001.png,
GB-CYL-CLR-50ML-RDC-MSLV-01,GBCyl50RdcrMtSl,Cylinder,Cylinder 50 ml (1.69 oz) Clear Glass Bottle with Reducer Matte Silver Cap,Clear,50 ml (1.69 oz),madison_generated_evidence,https://likkskifwsrvszxdvufw.supabase.co/storage/v1/object/public/generated-images/4ab1ac72-cd7e-4faf-9152-5aa5f2862411/d4cd4ae9-a9a8-4ea6-ab6f-fd1e19078e5e/paper-doll/master_corrected_1779982461485_0evs3z.png,
GB-CYL-CLR-50ML-RDC-SBLK-01,GBCyl50RdcrShnBlk,Cylinder,Cylinder 50 ml (1.69 oz) Clear Glass Bottle with Reducer Shiny Black Cap,Clear,50 ml (1.69 oz),madison_generated_evidence,https://likkskifwsrvszxdvufw.supabase.co/storage/v1/object/public/generated-images/4ab1ac72-cd7e-4faf-9152-5aa5f2862411/d4cd4ae9-a9a8-4ea6-ab6f-fd1e19078e5e/paper-doll/master_corrected_1779982549870_fljoj5.png,
GB-CYL-WHT-5ML-WHT-S,GBCyl5WhtSht,Cylinder,Cylinder 5 ml (0.17 oz) White Glass Bottle Short White Cap,White,5 ml (0.17 oz),madison_generated_evidence,https://likkskifwsrvszxdvufw.supabase.co/storage/v1/object/public/generated-images/4ab1ac72-cd7e-4faf-9152-5aa5f2862411/best-bottles/reference-images/GB-CYL-WHT-5ML-WHT-S__GBCyl5WhtSht__pdp-main__v001.png,
GB-CYL-WHT-9ML-MRL-WHT,GBCylSwrl9MtlRollWht,Cylinder,Cylinder 9 ml (0.3 oz) White Glass Bottle with Metal Roller White Cap,White,9 ml (0.3 oz),madison_generated_evidence,https://likkskifwsrvszxdvufw.supabase.co/storage/v1/object/public/generated-images/4ab1ac72-cd7e-4faf-9152-5aa5f2862411/best-bottles/reference-images/GB-CYL-WHT-9ML-MRL-WHT__GBCylSwrl9MtlRollWht__pdp-main__v001.png,
GB-CYL-WHT-9ML-WHT-S,GBTallCyl9WhtSht,Cylinder,Cylinder 9 ml (0.3 oz) White Glass Bottle Short White Cap,White,9 ml (0.3 oz),madison_generated_evidence,https://likkskifwsrvszxdvufw.supabase.co/storage/v1/object/public/generated-images/4ab1ac72-cd7e-4faf-9152-5aa5f2862411/best-bottles/reference-images/GB-CYL-WHT-9ML-WHT-S__GBTallCyl9WhtSht__pdp-main__v001.png,
GB-CYL-WHT-9ML-ROL-WHT,GBCylSwrl9RollWht,Cylinder,Cylinder 9 ml (0.30 oz) White Glass Bottle with Roller White Cap,White,9 ml (0.30 oz),madison_generated_evidence,https://likkskifwsrvszxdvufw.supabase.co/storage/v1/object/public/generated-images/4ab1ac72-cd7e-4faf-9152-5aa5f2862411/best-bottles/reference-images/GB-CYL-WHT-9ML-ROL-WHT__GBCylSwrl9RollWht__pdp-main__v001.png,
GB-ELG-CLR-15ML-BLK-S-02,GBElgFrst15BlkSht,Elegant,Elegant 15 ml (0.51 oz) Clear Glass Bottle Short Black Cap,Clear,15 ml (0.51 oz),madison_generated_evidence,https://likkskifwsrvszxdvufw.supabase.co/storage/v1/object/public/generated-images/4ab1ac72-cd7e-4faf-9152-5aa5f2862411/best-bottles/reference-images/GB-ELG-CLR-15ML-BLK-S-02__GBElgFrst15BlkSht__pdp-main__v001.png,
GB-ELG-CLR-15ML-MRL,GBElgFrst15MtlRollPinkDot,Elegant,Elegant 15 ml (0.51 oz) Clear Glass Bottle with Metal Roller,Clear,15 ml (0.51 oz),madison_generated_evidence,https://likkskifwsrvszxdvufw.supabase.co/storage/v1/object/public/generated-images/4ab1ac72-cd7e-4faf-9152-5aa5f2862411/best-bottles/reference-images/GB-ELG-CLR-15ML-MRL__GBElgFrst15MtlRollPinkDot__pdp-main__v001.png,
GB-ELG-CLR-15ML-MRL-BLK-01,GBElgFrst15MtlRollBlkDot,Elegant,Elegant 15 ml (0.51 oz) Clear Glass Bottle with Metal Roller Black Cap,Clear,15 ml (0.51 oz),madison_generated_evidence,https://likkskifwsrvszxdvufw.supabase.co/storage/v1/object/public/generated-images/4ab1ac72-cd7e-4faf-9152-5aa5f2862411/best-bottles/reference-images/GB-ELG-CLR-15ML-MRL-BLK-01__GBElgFrst15MtlRollBlkDot__pdp-main__v001.png,
GB-ELG-CLR-15ML-MRL-BLK-02,GBElgFrst15MtlRollBlkSh,Elegant,Elegant 15 ml (0.51 oz) Clear Glass Bottle with Metal Roller Black Cap,Clear,15 ml (0.51 oz),madison_generated_evidence,https://likkskifwsrvszxdvufw.supabase.co/storage/v1/object/public/generated-images/4ab1ac72-cd7e-4faf-9152-5aa5f2862411/best-bottles/reference-images/GB-ELG-CLR-15ML-MRL-BLK-02__GBElgFrst15MtlRollBlkSh__pdp-main__v001.png,
GB-ELG-CLR-15ML-MRL-MCPR-02,GBElgFrst15MtlRollCuMatt,Elegant,Elegant 15 ml (0.51 oz) Clear Glass Bottle with Metal Roller Matte Copper Cap,Clear,15 ml (0.51 oz),madison_generated_evidence,https://likkskifwsrvszxdvufw.supabase.co/storage/v1/object/public/generated-images/4ab1ac72-cd7e-4faf-9152-5aa5f2862411/best-bottles/reference-images/GB-ELG-CLR-15ML-MRL-MCPR-02__GBElgFrst15MtlRollCuMatt__pdp-main__v001.png,
GB-ELG-CLR-15ML-MRL-MSLV-02,GBElgFrst15MtlRollSlMatt,Elegant,Elegant 15 ml (0.51 oz) Clear Glass Bottle with Metal Roller Matte Silver Cap,Clear,15 ml (0.51 oz),madison_generated_evidence,https://likkskifwsrvszxdvufw.supabase.co/storage/v1/object/public/generated-images/4ab1ac72-cd7e-4faf-9152-5aa5f2862411/best-bottles/reference-images/GB-ELG-CLR-15ML-MRL-MSLV-02__GBElgFrst15MtlRollSlMatt__pdp-main__v001.png,
GB-ELG-CLR-15ML-MRL-SGLD-02,GBElgFrst15MtlRollGlSh,Elegant,Elegant 15 ml (0.51 oz) Clear Glass Bottle with Metal Roller Shiny Gold Cap,Clear,15 ml (0.51 oz),madison_generated_evidence,https://likkskifwsrvszxdvufw.supabase.co/storage/v1/object/public/generated-images/4ab1ac72-cd7e-4faf-9152-5aa5f2862411/best-bottles/reference-images/GB-ELG-CLR-15ML-MRL-SGLD-02__GBElgFrst15MtlRollGlSh__pdp-main__v001.png,
GB-ELG-CLR-15ML-MRL-SLV-01,GBElgFrst15MtlRollSlDot,Elegant,Elegant 15 ml (0.51 oz) Clear Glass Bottle with Metal Roller Silver Cap,Clear,15 ml (0.51 oz),madison_generated_evidence,https://likkskifwsrvszxdvufw.supabase.co/storage/v1/object/public/generated-images/4ab1ac72-cd7e-4faf-9152-5aa5f2862411/best-bottles/reference-images/GB-ELG-CLR-15ML-MRL-SLV-01__GBElgFrst15MtlRollSlDot__pdp-main__v001.png,
GB-ELG-CLR-15ML-MRL-SLV-02,GBElgFrst15MtlRollSlSh,Elegant,Elegant 15 ml (0.51 oz) Clear Glass Bottle with Metal Roller Silver Cap,Clear,15 ml (0.51 oz),madison_generated_evidence,https://likkskifwsrvszxdvufw.supabase.co/storage/v1/object/public/generated-images/4ab1ac72-cd7e-4faf-9152-5aa5f2862411/best-bottles/reference-images/GB-ELG-CLR-15ML-MRL-SLV-02__GBElgFrst15MtlRollSlSh__pdp-main__v001.png,
GB-ELG-CLR-15ML-RBL,GBElgFrst15RollPinkDot,Elegant,Elegant 15 ml (0.51 oz) Clear Glass Bottle with Roller Ball,Clear,15 ml (0.51 oz),madison_generated_evidence,https://likkskifwsrvszxdvufw.supabase.co/storage/v1/object/public/generated-images/4ab1ac72-cd7e-4faf-9152-5aa5f2862411/best-bottles/reference-images/GB-ELG-CLR-15ML-RBL__GBElgFrst15RollPinkDot__pdp-main__v001.png,
GB-ELG-CLR-15ML-RBL-BLK-01,GBElgFrst15RollBlkDot,Elegant,Elegant 15 ml (0.51 oz) Clear Glass Bottle with Roller Ball Black Cap,Clear,15 ml (0.51 oz),madison_generated_evidence,https://likkskifwsrvszxdvufw.supabase.co/storage/v1/object/public/generated-images/4ab1ac72-cd7e-4faf-9152-5aa5f2862411/best-bottles/reference-images/GB-ELG-CLR-15ML-RBL-BLK-01__GBElgFrst15RollBlkDot__pdp-main__v001.png,
GB-ELG-CLR-15ML-RBL-BLK-02,GBElgFrst15RollBlkSh,Elegant,Elegant 15 ml (0.51 oz) Clear Glass Bottle with Roller Ball Black Cap,Clear,15 ml (0.51 oz),madison_generated_evidence,https://likkskifwsrvszxdvufw.supabase.co/storage/v1/object/public/generated-images/4ab1ac72-cd7e-4faf-9152-5aa5f2862411/best-bottles/reference-images/GB-ELG-CLR-15ML-RBL-BLK-02__GBElgFrst15RollBlkSh__pdp-main__v001.png,
GB-ELG-CLR-15ML-RBL-MCPR,GBElgFrst15RollCuMatt,Elegant,Elegant 15 ml (0.51 oz) Clear Glass Bottle with Roller Ball Matte Copper Cap,Clear,15 ml (0.51 oz),madison_generated_evidence,https://likkskifwsrvszxdvufw.supabase.co/storage/v1/object/public/generated-images/4ab1ac72-cd7e-4faf-9152-5aa5f2862411/best-bottles/reference-images/GB-ELG-CLR-15ML-RBL-MCPR__GBElgFrst15RollCuMatt__pdp-main__v001.png,
GB-ELG-CLR-15ML-RBL-MSLV,GBElgFrst15RollSlMatt,Elegant,Elegant 15 ml (0.51 oz) Clear Glass Bottle with Roller Ball Matte Silver Cap,Clear,15 ml (0.51 oz),madison_generated_evidence,https://likkskifwsrvszxdvufw.supabase.co/storage/v1/object/public/generated-images/4ab1ac72-cd7e-4faf-9152-5aa5f2862411/best-bottles/reference-images/GB-ELG-CLR-15ML-RBL-MSLV__GBElgFrst15RollSlMatt__pdp-main__v001.png,
GB-ELG-CLR-15ML-RBL-SGLD,GBElgFrst15RollGlSh,Elegant,Elegant 15 ml (0.51 oz) Clear Glass Bottle with Roller Ball Shiny Gold Cap,Clear,15 ml (0.51 oz),madison_generated_evidence,https://likkskifwsrvszxdvufw.supabase.co/storage/v1/object/public/generated-images/4ab1ac72-cd7e-4faf-9152-5aa5f2862411/best-bottles/reference-images/GB-ELG-CLR-15ML-RBL-SGLD__GBElgFrst15RollGlSh__pdp-main__v001.png,
GB-ELG-CLR-15ML-RBL-SLV-01,GBElgFrst15RollSlDot,Elegant,Elegant 15 ml (0.51 oz) Clear Glass Bottle with Roller Ball Silver Cap,Clear,15 ml (0.51 oz),madison_generated_evidence,https://likkskifwsrvszxdvufw.supabase.co/storage/v1/object/public/generated-images/4ab1ac72-cd7e-4faf-9152-5aa5f2862411/best-bottles/reference-images/GB-ELG-CLR-15ML-RBL-SLV-01__GBElgFrst15RollSlDot__pdp-main__v001.png,
GB-ELG-CLR-15ML-RBL-SLV-02,GBElgFrst15RollSlSh,Elegant,Elegant 15 ml (0.51 oz) Clear Glass Bottle with Roller Ball Silver Cap,Clear,15 ml (0.51 oz),madison_generated_evidence,https://likkskifwsrvszxdvufw.supabase.co/storage/v1/object/public/generated-images/4ab1ac72-cd7e-4faf-9152-5aa5f2862411/best-bottles/reference-images/GB-ELG-CLR-15ML-RBL-SLV-02__GBElgFrst15RollSlSh__pdp-main__v001.png,
GB-ELG-CLR-15ML-SGLD-T,GBElgFrst15Gl,Elegant,Elegant 15 ml (0.51 oz) Clear Glass Bottle Tall Shiny Gold Cap,Clear,15 ml (0.51 oz),madison_generated_evidence,https://likkskifwsrvszxdvufw.supabase.co/storage/v1/object/public/generated-images/4ab1ac72-cd7e-4faf-9152-5aa5f2862411/best-bottles/reference-images/GB-ELG-CLR-15ML-SGLD-T__GBElgFrst15Gl__pdp-main__v001.png,
GB-ELG-CLR-15ML-SLV-T-02,GBElgFrst15Sl,Elegant,Elegant 15 ml (0.51 oz) Clear Glass Bottle Tall Silver Cap,Clear,15 ml (0.51 oz),madison_generated_evidence,https://likkskifwsrvszxdvufw.supabase.co/storage/v1/object/public/generated-images/4ab1ac72-cd7e-4faf-9152-5aa5f2862411/best-bottles/reference-images/GB-ELG-CLR-15ML-SLV-T-02__GBElgFrst15Sl__pdp-main__v001.png,
GB-ELG-CLR-15ML-SPR,GBElgFrst15SpryBluMatt,Elegant,Elegant 15 ml (0.51 oz) Clear Glass Bottle with Sprayer,Clear,15 ml (0.51 oz),madison_generated_evidence,https://likkskifwsrvszxdvufw.supabase.co/storage/v1/object/public/generated-images/4ab1ac72-cd7e-4faf-9152-5aa5f2862411/best-bottles/reference-images/GB-ELG-CLR-15ML-SPR__GBElgFrst15SpryBluMatt__pdp-main__v001.png,
GB-ELG-CLR-15ML-SPR-BLK-01,GBElgFrst15SpryBlkMatt,Elegant,Elegant 15 ml (0.51 oz) Clear Glass Bottle with Sprayer Black Cap,Clear,15 ml (0.51 oz),madison_generated_evidence,https://likkskifwsrvszxdvufw.supabase.co/storage/v1/object/public/generated-images/4ab1ac72-cd7e-4faf-9152-5aa5f2862411/best-bottles/reference-images/GB-ELG-CLR-15ML-SPR-BLK-01__GBElgFrst15SpryBlkMatt__pdp-main__v001.png,
GB-ELG-CLR-15ML-SPR-BLK-02,GBElgFrst15SpryBlkSh,Elegant,Elegant 15 ml (0.51 oz) Clear Glass Bottle with Sprayer Black Cap,Clear,15 ml (0.51 oz),madison_generated_evidence,https://likkskifwsrvszxdvufw.supabase.co/storage/v1/object/public/generated-images/4ab1ac72-cd7e-4faf-9152-5aa5f2862411/best-bottles/reference-images/GB-ELG-CLR-15ML-SPR-BLK-02__GBElgFrst15SpryBlkSh__pdp-main__v001.png,
GB-ELG-CLR-15ML-SPR-MCPR-02,GBElgFrst15SpryCuMatt,Elegant,Elegant 15 ml (0.51 oz) Clear Glass Bottle with Sprayer Matte Copper Cap,Clear,15 ml (0.51 oz),madison_generated_evidence,https://likkskifwsrvszxdvufw.supabase.co/storage/v1/object/public/generated-images/4ab1ac72-cd7e-4faf-9152-5aa5f2862411/best-bottles/reference-images/GB-ELG-CLR-15ML-SPR-MCPR-02__GBElgFrst15SpryCuMatt__pdp-main__v001.png,
GB-ELG-CLR-15ML-SPR-MSLV-02,GBElgFrst15SprySlMatt,Elegant,Elegant 15 ml (0.51 oz) Clear Glass Bottle with Sprayer Matte Silver Cap,Clear,15 ml (0.51 oz),madison_generated_evidence,https://likkskifwsrvszxdvufw.supabase.co/storage/v1/object/public/generated-images/4ab1ac72-cd7e-4faf-9152-5aa5f2862411/best-bottles/reference-images/GB-ELG-CLR-15ML-SPR-MSLV-02__GBElgFrst15SprySlMatt__pdp-main__v001.png,
GB-ELG-CLR-15ML-SPR-SGLD-02,GBElgFrst15SpryGlSh,Elegant,Elegant 15 ml (0.51 oz) Clear Glass Bottle with Sprayer Shiny Gold Cap,Clear,15 ml (0.51 oz),madison_generated_evidence,https://likkskifwsrvszxdvufw.supabase.co/storage/v1/object/public/generated-images/4ab1ac72-cd7e-4faf-9152-5aa5f2862411/d4cd4ae9-a9a8-4ea6-ab6f-fd1e19078e5e/paper-doll/master_corrected_1779141772955_fa8evf.png,
GB-ELG-CLR-15ML-SPR-SLV,GBElgFrst15SprySlSh,Elegant,Elegant 15 ml (0.51 oz) Clear Glass Bottle with Sprayer Silver Cap,Clear,15 ml (0.51 oz),madison_generated_evidence,https://likkskifwsrvszxdvufw.supabase.co/storage/v1/object/public/generated-images/4ab1ac72-cd7e-4faf-9152-5aa5f2862411/best-bottles/reference-images/GB-ELG-CLR-15ML-SPR-SLV__GBElgFrst15SprySlSh__pdp-main__v001.png,
GB-ELG-CLR-15ML-WHT-S,GBElgFrst15WhtSht,Elegant,Elegant 15 ml (0.51 oz) Clear Glass Bottle Short White Cap,Clear,15 ml (0.51 oz),madison_generated_evidence,https://likkskifwsrvszxdvufw.supabase.co/storage/v1/object/public/generated-images/4ab1ac72-cd7e-4faf-9152-5aa5f2862411/best-bottles/reference-images/GB-ELG-CLR-15ML-WHT-S__GBElgFrst15WhtSht__pdp-main__v001.png,
GB-ELG-CLR-60ML-ASP-WHT-02,GBElgFrst60AnSpWht,Elegant,Elegant 60 ml (2.03 oz) Clear Glass Bottle with Antique Sprayer White Cap,Clear,60 ml (2.03 oz),madison_generated_evidence,https://likkskifwsrvszxdvufw.supabase.co/storage/v1/object/public/generated-images/4ab1ac72-cd7e-4faf-9152-5aa5f2862411/best-bottles/reference-images/GB-ELG-CLR-60ML-ASP-WHT-02__GBElgFrst60AnSpWht__pdp-main__v001.png,
GB-ELG-CLR-60ML-RDC-MSLV-01,GBElg60RdcrMtSl,Elegant,Elegant 60 ml (2.03 oz) Clear Glass Bottle with Reducer Matte Silver Cap,Clear,60 ml (2.03 oz),madison_generated_evidence,https://likkskifwsrvszxdvufw.supabase.co/storage/v1/object/public/generated-images/4ab1ac72-cd7e-4faf-9152-5aa5f2862411/best-bottles/reference-images/GB-ELG-CLR-60ML-RDC-MSLV-01__GBElg60RdcrMtSl__pdp-main__v001.png,
GB-ELG-CLR-60ML-RDC-SBLK-01,GBElg60RdcrShnBlk,Elegant,Elegant 60 ml (2.03 oz) Clear Glass Bottle with Reducer Shiny Black Cap,Clear,60 ml (2.03 oz),madison_generated_evidence,https://likkskifwsrvszxdvufw.supabase.co/storage/v1/object/public/generated-images/4ab1ac72-cd7e-4faf-9152-5aa5f2862411/best-bottles/reference-images/GB-ELG-CLR-60ML-RDC-SBLK-01__GBElg60RdcrShnBlk__pdp-main__v001.png,
GB-ELG-FRS-100ML-RDC-SBLK-01,GBElgFrst100RdcrShnBlk,Elegant,Elegant 100 ml (3.38 oz) Frosted Glass Bottle with Reducer Shiny Black Cap,Frosted,100 ml (3.38 oz),madison_generated_evidence,https://likkskifwsrvszxdvufw.supabase.co/storage/v1/object/public/generated-images/4ab1ac72-cd7e-4faf-9152-5aa5f2862411/best-bottles/reference-images/GB-ELG-FRS-100ML-RDC-SBLK-01__GBElgFrst100RdcrShnBlk__pdp-main__v001.png,
GB-ELG-FRS-60ML-RDC-MSLV-01,GBElgFrst60RdcrMtSl,Elegant,Elegant 60 ml (2.03 oz) Frosted Glass Bottle with Reducer Matte Silver Cap,Frosted,60 ml (2.03 oz),madison_generated_evidence,https://likkskifwsrvszxdvufw.supabase.co/storage/v1/object/public/generated-images/4ab1ac72-cd7e-4faf-9152-5aa5f2862411/best-bottles/reference-images/GB-ELG-FRS-60ML-RDC-MSLV-01__GBElgFrst60RdcrMtSl__pdp-main__v001.png,
GB-ELG-FRS-60ML-RDC-SBLK-01,GBElgFrst60RdcrShnBlk,Elegant,Elegant 60 ml (2.03 oz) Frosted Glass Bottle with Reducer Shiny Black Cap,Frosted,60 ml (2.03 oz),madison_generated_evidence,https://likkskifwsrvszxdvufw.supabase.co/storage/v1/object/public/generated-images/4ab1ac72-cd7e-4faf-9152-5aa5f2862411/best-bottles/reference-images/GB-ELG-FRS-60ML-RDC-SBLK-01__GBElgFrst60RdcrShnBlk__pdp-main__v001.png,
GB-DVA-CLR-46ML-T-20,GBDivaFrst46AnSpTslBlk,Diva,Diva 46 ml (1.56 oz) Clear Glass Bottle Tall Cap,Clear,46 ml (1.56 oz),madison_generated_evidence,https://likkskifwsrvszxdvufw.supabase.co/storage/v1/object/public/generated-images/4ab1ac72-cd7e-4faf-9152-5aa5f2862411/best-bottles/reference-images/GB-DVA-CLR-46ML-T-20__GBDivaFrst46AnSpTslBlk__pdp-main__v001.png,
GB-DVA-CLR-46ML-T-21,GBDivaFrst46AnSpTslGl,Diva,Diva 46 ml (1.56 oz) Clear Glass Bottle Tall Cap,Clear,46 ml (1.56 oz),madison_generated_evidence,https://likkskifwsrvszxdvufw.supabase.co/storage/v1/object/public/generated-images/4ab1ac72-cd7e-4faf-9152-5aa5f2862411/best-bottles/reference-images/GB-DVA-CLR-46ML-T-21__GBDivaFrst46AnSpTslGl__pdp-main__v001.png,
GB-DVA-CLR-46ML-T-22,GBDivaFrst46AnSpTslIvyGl,Diva,Diva 46 ml (1.56 oz) Clear Glass Bottle Tall Cap,Clear,46 ml (1.56 oz),madison_generated_evidence,https://likkskifwsrvszxdvufw.supabase.co/storage/v1/object/public/generated-images/4ab1ac72-cd7e-4faf-9152-5aa5f2862411/best-bottles/reference-images/GB-DVA-CLR-46ML-T-22__GBDivaFrst46AnSpTslIvyGl__pdp-main__v001.png,
GB-DVA-CLR-46ML-T-23,GBDivaFrst46AnSpTslIvySl,Diva,Diva 46 ml (1.56 oz) Clear Glass Bottle Tall Cap,Clear,46 ml (1.56 oz),madison_generated_evidence,https://likkskifwsrvszxdvufw.supabase.co/storage/v1/object/public/generated-images/4ab1ac72-cd7e-4faf-9152-5aa5f2862411/best-bottles/reference-images/GB-DVA-CLR-46ML-T-23__GBDivaFrst46AnSpTslIvySl__pdp-main__v001.png,
GB-DVA-CLR-46ML-T-24,GBDivaFrst46AnSpTslLvn,Diva,Diva 46 ml (1.56 oz) Clear Glass Bottle Tall Cap,Clear,46 ml (1.56 oz),madison_generated_evidence,https://likkskifwsrvszxdvufw.supabase.co/storage/v1/object/public/generated-images/4ab1ac72-cd7e-4faf-9152-5aa5f2862411/best-bottles/reference-images/GB-DVA-CLR-46ML-T-24__GBDivaFrst46AnSpTslLvn__pdp-main__v001.png,
GB-DVA-CLR-46ML-T-25,GBDivaFrst46AnSpTslMtSl,Diva,Diva 46 ml (1.56 oz) Clear Glass Bottle Tall Cap,Clear,46 ml (1.56 oz),madison_generated_evidence,https://likkskifwsrvszxdvufw.supabase.co/storage/v1/object/public/generated-images/4ab1ac72-cd7e-4faf-9152-5aa5f2862411/best-bottles/reference-images/GB-DVA-CLR-46ML-T-25__GBDivaFrst46AnSpTslMtSl__pdp-main__v001.png,
GB-DVA-CLR-46ML-T-26,GBDivaFrst46AnSpTslPnk,Diva,Diva 46 ml (1.56 oz) Clear Glass Bottle Tall Cap,Clear,46 ml (1.56 oz),madison_generated_evidence,https://likkskifwsrvszxdvufw.supabase.co/storage/v1/object/public/generated-images/4ab1ac72-cd7e-4faf-9152-5aa5f2862411/best-bottles/reference-images/GB-DVA-CLR-46ML-T-26__GBDivaFrst46AnSpTslPnk__pdp-main__v001.png,
GB-DVA-CLR-46ML-T-27,GBDivaFrst46AnSpTslRed,Diva,Diva 46 ml (1.56 oz) Clear Glass Bottle Tall Cap,Clear,46 ml (1.56 oz),madison_generated_evidence,https://likkskifwsrvszxdvufw.supabase.co/storage/v1/object/public/generated-images/4ab1ac72-cd7e-4faf-9152-5aa5f2862411/best-bottles/reference-images/GB-DVA-CLR-46ML-T-27__GBDivaFrst46AnSpTslRed__pdp-main__v001.png,
GB-DVA-CLR-46ML-T-28,GBDivaFrst46AnSpTslWht,Diva,Diva 46 ml (1.56 oz) Clear Glass Bottle Tall Cap,Clear,46 ml (1.56 oz),madison_generated_evidence,https://likkskifwsrvszxdvufw.supabase.co/storage/v1/object/public/generated-images/4ab1ac72-cd7e-4faf-9152-5aa5f2862411/best-bottles/reference-images/GB-DVA-CLR-46ML-T-28__GBDivaFrst46AnSpTslWht__pdp-main__v001.png,
GB-DVA-CLR-46ML-T-30,GBDivaFrst46RdcrBlkLthr,Diva,Diva 46 ml (1.56 oz) Clear Glass Bottle Tall Cap,Clear,46 ml (1.56 oz),madison_generated_evidence,https://likkskifwsrvszxdvufw.supabase.co/storage/v1/object/public/generated-images/4ab1ac72-cd7e-4faf-9152-5aa5f2862411/best-bottles/reference-images/GB-DVA-CLR-46ML-T-30__GBDivaFrst46RdcrBlkLthr__pdp-main__v001.png,
GB-DVA-CLR-46ML-T-31,GBDivaFrst46RdcrBrwnLthr,Diva,Diva 46 ml (1.56 oz) Clear Glass Bottle Tall Cap,Clear,46 ml (1.56 oz),madison_generated_evidence,https://likkskifwsrvszxdvufw.supabase.co/storage/v1/object/public/generated-images/4ab1ac72-cd7e-4faf-9152-5aa5f2862411/best-bottles/reference-images/GB-DVA-CLR-46ML-T-31__GBDivaFrst46RdcrBrwnLthr__pdp-main__v001.png,
GB-DVA-CLR-46ML-T-32,GBDivaFrst46RdcrIvyLthr,Diva,Diva 46 ml (1.56 oz) Clear Glass Bottle Tall Cap,Clear,46 ml (1.56 oz),madison_generated_evidence,https://likkskifwsrvszxdvufw.supabase.co/storage/v1/object/public/generated-images/4ab1ac72-cd7e-4faf-9152-5aa5f2862411/best-bottles/reference-images/GB-DVA-CLR-46ML-T-32__GBDivaFrst46RdcrIvyLthr__pdp-main__v001.png,
GB-DVA-CLR-46ML-T-33,GBDivaFrst46RdcrLBrwnLthr,Diva,Diva 46 ml (1.56 oz) Clear Glass Bottle Tall Cap,Clear,46 ml (1.56 oz),madison_generated_evidence,https://likkskifwsrvszxdvufw.supabase.co/storage/v1/object/public/generated-images/4ab1ac72-cd7e-4faf-9152-5aa5f2862411/best-bottles/reference-images/GB-DVA-CLR-46ML-T-33__GBDivaFrst46RdcrLBrwnLthr__pdp-main__v001.png,
GB-DVA-CLR-46ML-T-34,GBDivaFrst46RdcrMtSl,Diva,Diva 46 ml (1.56 oz) Clear Glass Bottle Tall Cap,Clear,46 ml (1.56 oz),madison_generated_evidence,https://likkskifwsrvszxdvufw.supabase.co/storage/v1/object/public/generated-images/4ab1ac72-cd7e-4faf-9152-5aa5f2862411/best-bottles/reference-images/GB-DVA-CLR-46ML-T-34__GBDivaFrst46RdcrMtSl__pdp-main__v001.png,
GB-DVA-CLR-46ML-T-35,GBDivaFrst46RdcrMtSlTall,Diva,Diva 46 ml (1.56 oz) Clear Glass Bottle Tall Cap,Clear,46 ml (1.56 oz),madison_generated_evidence,https://likkskifwsrvszxdvufw.supabase.co/storage/v1/object/public/generated-images/4ab1ac72-cd7e-4faf-9152-5aa5f2862411/best-bottles/reference-images/GB-DVA-CLR-46ML-T-35__GBDivaFrst46RdcrMtSlTall__pdp-main__v001.png,
GB-DVA-CLR-46ML-T-36,GBDivaFrst46RdcrPnkLthr,Diva,Diva 46 ml (1.56 oz) Clear Glass Bottle Tall Cap,Clear,46 ml (1.56 oz),madison_generated_evidence,https://likkskifwsrvszxdvufw.supabase.co/storage/v1/object/public/generated-images/4ab1ac72-cd7e-4faf-9152-5aa5f2862411/best-bottles/reference-images/GB-DVA-CLR-46ML-T-36__GBDivaFrst46RdcrPnkLthr__pdp-main__v001.png,
GB-DVA-CLR-46ML-T-37,GBDivaFrst46RdcrShnBlk,Diva,Diva 46 ml (1.56 oz) Clear Glass Bottle Tall Cap,Clear,46 ml (1.56 oz),madison_generated_evidence,https://likkskifwsrvszxdvufw.supabase.co/storage/v1/object/public/generated-images/4ab1ac72-cd7e-4faf-9152-5aa5f2862411/best-bottles/reference-images/GB-DVA-CLR-46ML-T-37__GBDivaFrst46RdcrShnBlk__pdp-main__v001.png,
GB-DVA-CLR-46ML-T-38,GBDivaFrst46RdcrShnBlkTall,Diva,Diva 46 ml (1.56 oz) Clear Glass Bottle Tall Cap,Clear,46 ml (1.56 oz),madison_generated_evidence,https://likkskifwsrvszxdvufw.supabase.co/storage/v1/object/public/generated-images/4ab1ac72-cd7e-4faf-9152-5aa5f2862411/best-bottles/reference-images/GB-DVA-CLR-46ML-T-38__GBDivaFrst46RdcrShnBlkTall__pdp-main__v001.png,
GB-DVA-CLR-46ML-T-39,GBDivaFrst46RdcrShnGl,Diva,Diva 46 ml (1.56 oz) Clear Glass Bottle Tall Cap,Clear,46 ml (1.56 oz),madison_generated_evidence,https://likkskifwsrvszxdvufw.supabase.co/storage/v1/object/public/generated-images/4ab1ac72-cd7e-4faf-9152-5aa5f2862411/best-bottles/reference-images/GB-DVA-CLR-46ML-T-39__GBDivaFrst46RdcrShnGl__pdp-main__v001.png,
GB-DVA-CLR-46ML-T-40,GBDivaFrst46RdcrShnSl,Diva,Diva 46 ml (1.56 oz) Clear Glass Bottle Tall Cap,Clear,46 ml (1.56 oz),madison_generated_evidence,https://likkskifwsrvszxdvufw.supabase.co/storage/v1/object/public/generated-images/4ab1ac72-cd7e-4faf-9152-5aa5f2862411/best-bottles/reference-images/GB-DVA-CLR-46ML-T-40__GBDivaFrst46RdcrShnSl__pdp-main__v001.png,
GB-DVA-CLR-46ML-T-41,GBDivaFrst46RdcrWht,Diva,Diva 46 ml (1.56 oz) Clear Glass Bottle Tall Cap,Clear,46 ml (1.56 oz),madison_generated_evidence,https://likkskifwsrvszxdvufw.supabase.co/storage/v1/object/public/generated-images/4ab1ac72-cd7e-4faf-9152-5aa5f2862411/best-bottles/reference-images/GB-DVA-CLR-46ML-T-41__GBDivaFrst46RdcrWht__pdp-main__v001.png,
LB-DVA-CLR-46ML-01,LBDivaFrst46LtnCu,Diva,Diva 46 ml (1.56 oz) Clear Lotion Bottle,Clear,46 ml (1.56 oz),madison_generated_evidence,https://likkskifwsrvszxdvufw.supabase.co/storage/v1/object/public/generated-images/4ab1ac72-cd7e-4faf-9152-5aa5f2862411/best-bottles/reference-images/LB-DVA-CLR-46ML-01__LBDivaFrst46LtnCu__pdp-main__v001.png,
LB-DVA-CLR-46ML-02,LBDivaFrst46LtnMtGl,Diva,Diva 46 ml (1.56 oz) Clear Lotion Bottle,Clear,46 ml (1.56 oz),madison_generated_evidence,https://likkskifwsrvszxdvufw.supabase.co/storage/v1/object/public/generated-images/4ab1ac72-cd7e-4faf-9152-5aa5f2862411/best-bottles/reference-images/LB-DVA-CLR-46ML-02__LBDivaFrst46LtnMtGl__pdp-main__v001.png,
LB-DVA-CLR-46ML-03,LBDivaFrst46LtnMtSl,Diva,Diva 46 ml (1.56 oz) Clear Lotion Bottle,Clear,46 ml (1.56 oz),madison_generated_evidence,https://likkskifwsrvszxdvufw.supabase.co/storage/v1/object/public/generated-images/4ab1ac72-cd7e-4faf-9152-5aa5f2862411/best-bottles/reference-images/LB-DVA-CLR-46ML-03__LBDivaFrst46LtnMtSl__pdp-main__v001.png,
LB-DVA-CLR-46ML-04,LBDivaFrst46LtnShnBlk,Diva,Diva 46 ml (1.56 oz) Clear Lotion Bottle,Clear,46 ml (1.56 oz),madison_generated_evidence,https://likkskifwsrvszxdvufw.supabase.co/storage/v1/object/public/generated-images/4ab1ac72-cd7e-4faf-9152-5aa5f2862411/best-bottles/reference-images/LB-DVA-CLR-46ML-04__LBDivaFrst46LtnShnBlk__pdp-main__v001.png,
LB-DVA-CLR-46ML-05,LBDivaFrst46LtnShnGl,Diva,Diva 46 ml (1.56 oz) Clear Lotion Bottle,Clear,46 ml (1.56 oz),madison_generated_evidence,https://likkskifwsrvszxdvufw.supabase.co/storage/v1/object/public/generated-images/4ab1ac72-cd7e-4faf-9152-5aa5f2862411/best-bottles/reference-images/LB-DVA-CLR-46ML-05__LBDivaFrst46LtnShnGl__pdp-main__v001.png,
LB-DVA-CLR-46ML-06,LBDivaFrst46LtnShnSl,Diva,Diva 46 ml (1.56 oz) Clear Lotion Bottle,Clear,46 ml (1.56 oz),madison_generated_evidence,https://likkskifwsrvszxdvufw.supabase.co/storage/v1/object/public/generated-images/4ab1ac72-cd7e-4faf-9152-5aa5f2862411/best-bottles/reference-images/LB-DVA-CLR-46ML-06__LBDivaFrst46LtnShnSl__pdp-main__v001.png,
LB-DVA-CLR-46ML-T,LBDivaFrst46LtnClOvrCap,Diva,Diva 46 ml (1.56 oz) Clear Lotion Bottle Tall Cap,Clear,46 ml (1.56 oz),madison_generated_evidence,https://likkskifwsrvszxdvufw.supabase.co/storage/v1/object/public/generated-images/4ab1ac72-cd7e-4faf-9152-5aa5f2862411/best-bottles/reference-images/LB-DVA-CLR-46ML-T__LBDivaFrst46LtnClOvrCap__pdp-main__v001.png,
