sku,graceSku,family,capacityMl,glass,neck,fitment,finish,builderVisible,completeness,slots,flags,visualApproval
"LBCrcl100LtnClOvrCap","LB-CIR-CLR-100ML-LPM-COCP","Circle","100","Clear","18-415","Lotion Pump","Clear Overcap","true","full","body | diptube | pump","","pending_exact_source_and_render_review"
"LBCrclFrst100LtnClOvrCap","LB-CIR-FRS-100ML-LPM-COCP","Circle","100","Frosted","18-415","Lotion Pump","Clear Overcap","true","full","body | pump","dip_tube_not_separate_review_source","pending_exact_source_and_render_review"
"GBCrcl15RollBlkSh","GB-CIR-CLR-15ML-ROL-SBLK","Circle","15","Clear","13-415","Plastic Roller Ball","Shiny Black","true","full","body | cap","roller_not_separate_review_source","pending_exact_source_and_render_review"
"GBCrcl15RollCuMatt","GB-CIR-CLR-15ML-ROL-MCPR","Circle","15","Clear","13-415","Plastic Roller Ball","Matte Copper","true","full","body | cap","roller_not_separate_review_source","pending_exact_source_and_render_review"
"GBCrcl100RdcrPnkLthr","GB-CIR-CLR-100ML-RDC-PNK","Circle","100","Clear","18-415","Reducer","Pink","true","full","body | cap","","pending_exact_source_and_render_review"
"GBCrcl15RollGlMatt","GB-CIR-CLR-15ML-ROL-MGLD","Circle","15","Clear","13-415","Plastic Roller Ball","Matte Gold","true","full","body | cap","roller_not_separate_review_source","pending_exact_source_and_render_review"
"GBCrcl100RdcrShnGl","GB-CIR-CLR-100ML-RDC-SGLD","Circle","100","Clear","18-415","Reducer","Shiny Gold","true","full","body | cap","","pending_exact_source_and_render_review"
"GBCrcl15RollGlSh","GB-CIR-CLR-15ML-ROL-SGLD","Circle","15","Clear","13-415","Plastic Roller Ball","Shiny Gold","true","full","body | cap","roller_not_separate_review_source","pending_exact_source_and_render_review"
"GBCrcl100RdcrShnBlkTall","GB-CIR-CLR-100ML-RDC-SBLK-T","Circle","100","Clear","18-415","Reducer","Shiny Black","true","full","body | cap","","pending_exact_source_and_render_review"
"GBCrcl15RollPinkDot","GB-CIR-CLR-15ML-ROL-PKDT","Circle","15","Clear","13-415","Plastic Roller Ball","Pink Dotted","true","full","body | cap","roller_not_separate_review_source","pending_exact_source_and_render_review"
"GBCrcl100RdcrShnBlk","GB-CIR-CLR-100ML-RDC-SBLK","Circle","100","Clear","18-415","Reducer","Shiny Black","false","full","body | cap","","pending_exact_source_and_render_review"
"GBCrcl15RollSlDot","GB-CIR-CLR-15ML-ROL-SLDT","Circle","15","Clear","13-415","Plastic Roller Ball","Silver Dotted","true","full","body | cap","roller_not_separate_review_source","pending_exact_source_and_render_review"
"GBCrcl100RdcrBrwnLthr","GB-CIR-CLR-100ML-RDC-01","Circle","100","Clear","18-415","Reducer","Clear","true","full","body | cap","","pending_exact_source_and_render_review"
"GBCrcl15RollSlMatt","GB-CIR-CLR-15ML-ROL-MSLV","Circle","15","Clear","13-415","Plastic Roller Ball","Matte Silver","true","full","body | cap","roller_not_separate_review_source","pending_exact_source_and_render_review"
"GBCrcl15RollSlSh","GB-CIR-CLR-15ML-ROL-SSLV","Circle","15","Clear","13-415","Plastic Roller Ball","Shiny Silver","true","full","body | cap","roller_not_separate_review_source","pending_exact_source_and_render_review"
"GBCrcl100RdcrLBrwnLthr","GB-CIR-CLR-100ML-RDC-02","Circle","100","Clear","18-415","Reducer","Clear","true","full","body | cap","","pending_exact_source_and_render_review"
"GBCrcl100RdcrShnSl","GB-CIR-CLR-100ML-RDC-SSLV","Circle","100","Clear","18-415","Reducer","Shiny Silver","true","full","body | cap","","pending_exact_source_and_render_review"
"GBCrcl100RdcrMtSlTall","GB-CIR-CLR-100ML-RDC-MSLV-T","Circle","100","Clear","18-415","Reducer","Matte Silver","true","full","body | cap","","pending_exact_source_and_render_review"
"GBCrcl100RdcrMtSl","GB-CIR-CLR-100ML-RDC-MSLV","Circle","100","Clear","18-415","Reducer","Matte Silver","true","full","body | cap","","pending_exact_source_and_render_review"
"GBCrcl100RdcrWht","GB-CIR-CLR-100ML-RDC-WHT","Circle","100","Clear","18-415","Reducer","White","true","full","body | cap","","pending_exact_source_and_render_review"
"GBCrcl100RdcrIvyLthr","GB-CIR-CLR-100ML-RDC-IVR","Circle","100","Clear","18-415","Reducer","Ivory","true","full","body | cap","","pending_exact_source_and_render_review"
"GBCrclFrst100RdcrShnSl","GB-CIR-FRS-100ML-RDC-SSLV","Circle","100","Frosted","18-415","Reducer","Shiny Silver","true","full","body | cap","","pending_exact_source_and_render_review"
"GBCrclFrst100RdcrShnGl","GB-CIR-FRS-100ML-RDC-SGLD","Circle","100","Frosted","18-415","Reducer","Shiny Gold","true","full","body | cap","","pending_exact_source_and_render_review"
"GBCrclFrst100RdcrIvyLthr","GB-CIR-FRS-100ML-RDC-IVR","Circle","100","Frosted","18-415","Reducer","Ivory","true","full","body | cap","","pending_exact_source_and_render_review"
"GBCrclFrst100RdcrPnkLthr","GB-CIR-FRS-100ML-RDC-PNK","Circle","100","Frosted","18-415","Reducer","Pink","true","full","body | cap","","pending_exact_source_and_render_review"
"GBCrclFrst100RdcrShnBlkTall","GB-CIR-FRS-100ML-RDC-SBLK-T","Circle","100","Frosted","18-415","Reducer","Shiny Black","true","full","body | cap","","pending_exact_source_and_render_review"
"GBCrclFrst100RdcrShnBlk","GB-CIR-FRS-100ML-RDC-SBLK","Circle","100","Frosted","18-415","Reducer","Shiny Black","false","full","body | cap","","pending_exact_source_and_render_review"
"GBCrclFrst100RdcrBrwnLthr","GB-CIR-FRS-100ML-RDC","Circle","100","Frosted","18-415","Reducer","Frosted","true","full","body | cap","","pending_exact_source_and_render_review"
"GBCrclFrst100RdcrLBrwnLthr","GB-CIR-FRS-100ML-RDC-LBLT","Circle","100","Frosted","18-415","Reducer","Light Brown Leather","true","full","body | cap","","pending_exact_source_and_render_review"
"GBCrclFrst100RdcrMtSlTall","GB-CIR-FRS-100ML-RDC-MSLV-T","Circle","100","Frosted","18-415","Reducer","Matte Silver","true","full","body | cap","","pending_exact_source_and_render_review"
"GBCrclFrst100RdcrMtSl","GB-CIR-FRS-100ML-RDC-MSLV","Circle","100","Frosted","18-415","Reducer","Matte Silver","true","full","body | cap","","pending_exact_source_and_render_review"
"GBCrclFrst100RdcrWht","GB-CIR-FRS-100ML-RDC-WHT","Circle","100","Frosted","18-415","Reducer","White","true","full","body | cap","","pending_exact_source_and_render_review"
"GBCrcl50SpryMtSl","GB-CIR-CLR-50ML-SPR-MSLV","Circle","50","Clear","18-415","Perfume Spray Pump","Matte Silver","true","full","body | diptube | sprayer | overcap","","pending_exact_source_and_render_review"
"GBCrcl50SpryMtGl","GB-CIR-CLR-50ML-SPR-MGLD","Circle","50","Clear","18-415","Perfume Spray Pump","Matte Gold","true","full","body | diptube | sprayer | overcap","","pending_exact_source_and_render_review"
"GBCrcl50SpryShnGl","GB-CIR-CLR-50ML-SPR-SGLD","Circle","50","Clear","18-415","Perfume Spray Pump","Shiny Gold","true","full","body | diptube | sprayer | overcap","","pending_exact_source_and_render_review"
"GBCrcl50SpryShnBlk","GB-CIR-CLR-50ML-SPR-SBLK","Circle","50","Clear","18-415","Perfume Spray Pump","Shiny Black","true","full","body | diptube | sprayer | overcap","","pending_exact_source_and_render_review"
"GBCrcl50SpryShnSl","GB-CIR-CLR-50ML-SPR-SSLV","Circle","50","Clear","18-415","Perfume Spray Pump","Shiny Silver","true","full","body | diptube | sprayer | overcap","","pending_exact_source_and_render_review"
"GBCrclFrst50SpryMtGl","GB-CIR-FRS-50ML-SPR-MGLD","Circle","50","Frosted","18-415","Perfume Spray Pump","Matte Gold","true","full","body | diptube | sprayer | overcap","","pending_exact_source_and_render_review"
"GBCrclFrst50SpryShnGl","GB-CIR-FRS-50ML-SPR-SGLD","Circle","50","Frosted","18-415","Perfume Spray Pump","Shiny Gold","true","full","body | diptube | sprayer | overcap","","pending_exact_source_and_render_review"
"GBCrclFrst50SpryShnBlk","GB-CIR-FRS-50ML-SPR-SBLK","Circle","50","Frosted","18-415","Perfume Spray Pump","Shiny Black","true","full","body | diptube | sprayer | overcap","","pending_exact_source_and_render_review"
"GBCrclFrst50SpryMtSl","GB-CIR-FRS-50ML-SPR-MSLV","Circle","50","Frosted","18-415","Perfume Spray Pump","Matte Silver","true","full","body | diptube | sprayer | overcap","","pending_exact_source_and_render_review"
"GBCrcl15SpryBlkMatt","GB-CIR-CLR-15ML-SPR-MBLK","Circle","15","Clear","13-415","Fine Mist Sprayer","Matte Black","true","full","body | diptube | sprayer | overcap","","pending_exact_source_and_render_review"
"GBCrclFrst50SpryShnSl","GB-CIR-FRS-50ML-SPR-SSLV","Circle","50","Frosted","18-415","Perfume Spray Pump","Shiny Silver","true","full","body | diptube | sprayer | overcap","","pending_exact_source_and_render_review"
"GBCrcl30SpryBlk","GB-CIR-BLK-30ML-SPR-BLK","Circle","30","Clear","15-415","Perfume Spray Pump","Black","true","full","body | diptube","mechanism_not_separate_review_source","pending_exact_source_and_render_review"
"GBCrcl50SpryCu","GB-CIR-CLR-50ML-SPR-CPR","Circle","50","Clear","18-415","Perfume Spray Pump","Copper","true","full","body | diptube | sprayer | overcap","","pending_exact_source_and_render_review"
"GBCrcl50DrpSl","GB-CIR-CLR-50ML-DRP-SLV","Circle","50","Clear","18-415","Dropper","Silver","true","full","body | pipette","","pending_exact_source_and_render_review"
"GBCrclFrst50SpryCu","GB-CIR-FRS-50ML-SPR-CPR","Circle","50","Frosted","18-415","Perfume Spray Pump","Copper","true","full","body | diptube | sprayer | overcap","","pending_exact_source_and_render_review"
"GBCrcl50DrpGl","GB-CIR-CLR-50ML-DRP-GLD","Circle","50","Clear","18-415","Dropper","Gold","true","full","body | pipette","","pending_exact_source_and_render_review"
"GBCrclFrst50DrpSl","GB-CIR-FRS-50ML-DRP-SLV","Circle","50","Frosted","18-415","Dropper","Silver","false","","","no_published_matching_kit","pending_exact_source_and_render_review"
"GBCrcl15Gl","GB-CIR-CLR-15ML-GLD-T","Circle","15","Clear","13-415","","Gold","true","full","body | cap","","pending_exact_source_and_render_review"
"GBCrclFrst50DrpGl","GB-CIR-FRS-50ML-DRP-SGLD","Circle","50","Frosted","18-415","Dropper","Shiny Gold","false","","","no_published_matching_kit","pending_exact_source_and_render_review"
"GBCrcl15Sl","GB-CIR-CLR-15ML-SLV-T","Circle","15","Clear","13-415","","Silver","true","full","body | cap","","pending_exact_source_and_render_review"
"GBCrcl15WhtSht","GB-CIR-WHT-15ML-WHT-S","Circle","15","Clear","13-415","","White","true","full","body | cap","","pending_exact_source_and_render_review"
"GBCrcl15BlkSht","GB-CIR-CLR-15ML-BLK-S","Circle","15","Clear","13-415","","Black","true","full","body | cap","","pending_exact_source_and_render_review"
"GBCrcl100SpryCu","GB-CIR-CLR-100ML-SPR-CPR","Circle","100","Clear","18-415","Perfume Spray Pump","Copper","true","","","no_published_matching_kit","pending_exact_source_and_render_review"
"GBCrclFrst100SpryCu","GB-CIR-FRS-100ML-SPR-CPR","Circle","100","Frosted","18-415","Perfume Spray Pump","Copper","true","full","body | sprayer | diptube","","pending_exact_source_and_render_review"
"GBCrcl30GlCap","GB-CIR-CLR-30ML-GLD-T","Circle","30","Clear","15-415","","Gold","true","full","body | cap","","pending_exact_source_and_render_review"
"GBCrcl30SlCap","GB-CIR-CLR-30ML-SLV-T","Circle","30","Clear","15-415","","Silver","true","full","body | cap","","pending_exact_source_and_render_review"
"GBCrcl100SpryMtGl","GB-CIR-CLR-100ML-SPR-MGLD","Circle","100","Clear","18-415","Perfume Spray Pump","Matte Gold","true","full","body | diptube | sprayer","","pending_exact_source_and_render_review"
"GBCrcl50RdcrBlkLthr","GB-CIR-CLR-50ML-RDC-BKLT","Circle","50","Clear","18-415","Reducer","Black Leather","true","full","body | cap","","pending_exact_source_and_render_review"
"GBCrcl100SpryShnGl","GB-CIR-CLR-100ML-SPR-SGLD","Circle","100","Clear","18-415","Perfume Spray Pump","Shiny Gold","true","full","body | diptube | sprayer","","pending_exact_source_and_render_review"
"GBCrclFrst50RdcrBlkLthr","GB-CIR-FRS-50ML-RDC-BLK","Circle","50","Frosted","18-415","Reducer","Black","true","full","body | cap","","pending_exact_source_and_render_review"
"GBCrcl100SpryShnBlk","GB-CIR-CLR-100ML-SPR-SBLK","Circle","100","Clear","18-415","Perfume Spray Pump","Shiny Black","true","full","body | diptube | sprayer","","pending_exact_source_and_render_review"
"GBCrcl100SpryMtSl","GB-CIR-CLR-100ML-SPR-MSLV","Circle","100","Clear","18-415","Perfume Spray Pump","Matte Silver","true","full","body | diptube | sprayer","","pending_exact_source_and_render_review"
"GBCrcl100SpryShnSl","GB-CIR-CLR-100ML-SPR-SSLV","Circle","100","Clear","18-415","Perfume Spray Pump","Shiny Silver","true","full","body | diptube | sprayer","","pending_exact_source_and_render_review"
"GBCrclFrst100SpryMtGl","GB-CIR-FRS-100ML-SPR-MGLD","Circle","100","Frosted","18-415","Perfume Spray Pump","Matte Gold","true","full","body | sprayer","dip_tube_not_separate_review_source","pending_exact_source_and_render_review"
"GBCrclFrst100SpryShnGl","GB-CIR-FRS-100ML-SPR-SGLD","Circle","100","Frosted","18-415","Perfume Spray Pump","Shiny Gold","true","full","body | sprayer","dip_tube_not_separate_review_source","pending_exact_source_and_render_review"
"GBCrclFrst100SpryShnBlk","GB-CIR-FRS-100ML-SPR-SBLK","Circle","100","Frosted","18-415","Perfume Spray Pump","Shiny Black","true","full","body | sprayer","dip_tube_not_separate_review_source","pending_exact_source_and_render_review"
"GBCrclFrst100SpryMtSl","GB-CIR-FRS-100ML-SPR-MSLV","Circle","100","Frosted","18-415","Perfume Spray Pump","Matte Silver","true","full","body | sprayer","dip_tube_not_separate_review_source","pending_exact_source_and_render_review"
"GBCrclFrst100SpryShnSl","GB-CIR-FRS-100ML-SPR-SSLV","Circle","100","Frosted","18-415","Perfume Spray Pump","Shiny Silver","true","full","body | sprayer","dip_tube_not_separate_review_source","pending_exact_source_and_render_review"
"GBCrcl50AnSpBlk","GB-CIR-CLR-50ML-ASP-BLK","Circle","50","Clear","18-415","Vintage Bulb Sprayer","Black","true","full","body | diptube | sprayer","","pending_exact_source_and_render_review"
"GBCrcl100RdcrBlkLthr","GB-CIR-CLR-100ML-RDC-BKLT","Circle","100","Clear","18-415","Reducer","Black Leather","true","full","body | cap","","pending_exact_source_and_render_review"
"GBCrcl50AnSpTslBlk","GB-CIR-CLR-50ML-AST-BLK","Circle","50","Clear","18-415","Vintage Bulb Sprayer with Tassel","Black","true","full","body | diptube | sprayer","","pending_exact_source_and_render_review"
"GBCrclFrst100RdcrBlkLthr","GB-CIR-FRS-100ML-RDC-BLK","Circle","100","Frosted","18-415","Reducer","Black","true","full","body | cap","","pending_exact_source_and_render_review"
"GBCrclFrst50AnSpBlk","GB-CIR-FRS-50ML-ASP-BLK","Circle","50","Frosted","18-415","Vintage Bulb Sprayer","Black","true","full","diptube | body | sprayer","","pending_exact_source_and_render_review"
"GBCrcl100AnSpBlk","GB-CIR-CLR-100ML-ASP-BLK","Circle","100","Clear","18-415","Vintage Bulb Sprayer","Black","true","full","body | diptube | sprayer","","pending_exact_source_and_render_review"
"GBCrcl100AnSpTslBlk","GB-CIR-CLR-100ML-AST-BLK","Circle","100","Clear","18-415","Vintage Bulb Sprayer with Tassel","Black","false","","","no_published_matching_kit","pending_exact_source_and_render_review"
"GBCrclFrst100AnSpBlk","GB-CIR-FRS-100ML-ASP-BLK","Circle","100","Frosted","18-415","Vintage Bulb Sprayer","Black","true","full","body | sprayer","dip_tube_not_separate_review_source","pending_exact_source_and_render_review"
"GBCrclFrst100AnSpTslBlk","GB-CIR-FRS-100ML-ASP-01","Circle","100","Frosted","18-415","Vintage Bulb Sprayer with Tassel","Frosted","true","full","sprayer | body","dip_tube_not_separate_review_source","pending_exact_source_and_render_review"
"GBCrcl100AnSpGl","GB-CIR-CLR-100ML-ASP-GLD","Circle","100","Clear","18-415","Vintage Bulb Sprayer","Gold","true","full","body | diptube | sprayer","","pending_exact_source_and_render_review"
"GBCrcl100AnSpLvn","GB-CIR-CLR-100ML-ASP-LVN","Circle","100","Clear","18-415","Vintage Bulb Sprayer","Lavender","true","full","body | diptube | sprayer","","pending_exact_source_and_render_review"
"GBCrcl100AnSpIvySl","GB-CIR-CLR-100ML-ASP-IVSL","Circle","100","Clear","18-415","Vintage Bulb Sprayer","Ivory Silver","true","full","body | diptube | sprayer","","pending_exact_source_and_render_review"
"GBCrcl100AnSpRed","GB-CIR-CLR-100ML-ASP-RED","Circle","100","Clear","18-415","Vintage Bulb Sprayer","Red","true","full","body | diptube | sprayer","","pending_exact_source_and_render_review"
"GBCrcl100AnSpMtSl","GB-CIR-CLR-100ML-ASP-MSLV","Circle","100","Clear","18-415","Vintage Bulb Sprayer","Matte Silver","true","full","body | diptube | sprayer","","pending_exact_source_and_render_review"
"GBCrcl100AnSpIvyGl","GB-CIR-CLR-100ML-ASP-IVGD","Circle","100","Clear","18-415","Vintage Bulb Sprayer","Ivory Gold","true","full","body | diptube | sprayer","","pending_exact_source_and_render_review"
"GBCrcl100AnSpWht","GB-CIR-CLR-100ML-ASP-WHT","Circle","100","Clear","18-415","Vintage Bulb Sprayer","White","true","full","body | diptube | sprayer","","pending_exact_source_and_render_review"
"GBCrcl100AnSpPnk","GB-CIR-CLR-100ML-ASP-PNK","Circle","100","Clear","18-415","Vintage Bulb Sprayer","Pink","true","full","body | diptube | sprayer","","pending_exact_source_and_render_review"
"GBCrcl100AnSpTslGl","GB-CIR-CLR-100ML-AST-GLD","Circle","100","Clear","18-415","Vintage Bulb Sprayer with Tassel","Gold","true","full","body | diptube | sprayer","","pending_exact_source_and_render_review"
"GBCrcl100AnSpTslIvyGl","GB-CIR-CLR-100ML-AST-IVGD","Circle","100","Clear","18-415","Vintage Bulb Sprayer with Tassel","Ivory Gold","true","full","body | diptube | sprayer","","pending_exact_source_and_render_review"
"GBCrcl100AnSpTslLvn","GB-CIR-CLR-100ML-AST-LVN","Circle","100","Clear","18-415","Vintage Bulb Sprayer with Tassel","Lavender","true","full","body | diptube | sprayer","","pending_exact_source_and_render_review"
"GBCrcl100AnSpTslPnk","GB-CIR-CLR-100ML-AST-PNK","Circle","100","Clear","18-415","Vintage Bulb Sprayer with Tassel","Pink","false","","","no_published_matching_kit","pending_exact_source_and_render_review"
"GBCrcl100AnSpTslIvySl","GB-CIR-CLR-100ML-AST-IVSL","Circle","100","Clear","18-415","Vintage Bulb Sprayer with Tassel","Ivory Silver","false","","","no_published_matching_kit","pending_exact_source_and_render_review"
"GBCrcl100AnSpTslRed","GB-CIR-CLR-100ML-AST-RED","Circle","100","Clear","18-415","Vintage Bulb Sprayer with Tassel","Red","false","","","no_published_matching_kit","pending_exact_source_and_render_review"
"GBCrcl100AnSpTslWht","GB-CIR-CLR-100ML-AST-WHT","Circle","100","Clear","18-415","Vintage Bulb Sprayer with Tassel","White","false","","","no_published_matching_kit","pending_exact_source_and_render_review"
"GBCrcl15RollBlkDot","GB-CIR-CLR-15ML-ROL-BKDT","Circle","15","Clear","13-415","Plastic Roller Ball","Black Dotted","true","","","no_published_matching_kit","pending_exact_source_and_render_review"
"GBCrcl100AnSpTslMtSl","GB-CIR-CLR-100ML-AST-MSLV","Circle","100","Clear","18-415","Vintage Bulb Sprayer with Tassel","Matte Silver","true","full","diptube | body | sprayer","","pending_exact_source_and_render_review"
"GBCrclFrst100AnSpGl","GB-CIR-FRS-100ML-ASP-SGLD","Circle","100","Frosted","18-415","Vintage Bulb Sprayer","Shiny Gold","true","full","body | sprayer","dip_tube_not_separate_review_source","pending_exact_source_and_render_review"
"GBCrclFrst100AnSpIvyGl","GB-CIR-FRS-100ML-ASP-IVGD","Circle","100","Frosted","18-415","Vintage Bulb Sprayer","Ivory Gold","true","full","body | sprayer","dip_tube_not_separate_review_source","pending_exact_source_and_render_review"
"GBCrclFrst100AnSpLvn","GB-CIR-FRS-100ML-ASP-LVN","Circle","100","Frosted","18-415","Vintage Bulb Sprayer","Lavender","true","full","body | sprayer","dip_tube_not_separate_review_source","pending_exact_source_and_render_review"
"GBCrclFrst100AnSpPnk","GB-CIR-FRS-100ML-ASP-PNK","Circle","100","Frosted","18-415","Vintage Bulb Sprayer","Pink","true","full","body | sprayer","dip_tube_not_separate_review_source","pending_exact_source_and_render_review"
"GBCrclFrst100AnSpRed","GB-CIR-FRS-100ML-ASP-RED","Circle","100","Frosted","18-415","Vintage Bulb Sprayer","Red","true","full","body | sprayer","dip_tube_not_separate_review_source","pending_exact_source_and_render_review"
"GBCrclFrst100AnSpMtSl","GB-CIR-FRS-100ML-ASP-MSLV","Circle","100","Frosted","18-415","Vintage Bulb Sprayer","Matte Silver","true","full","body | sprayer","dip_tube_not_separate_review_source","pending_exact_source_and_render_review"
"GBCrclFrst100AnSpWht","GB-CIR-FRS-100ML-ASP-WHT","Circle","100","Frosted","18-415","Vintage Bulb Sprayer","White","true","full","body | sprayer","dip_tube_not_separate_review_source","pending_exact_source_and_render_review"
"GBCrclFrst100AnSpIvySl","GB-CIR-FRS-100ML-ASP-IVSL","Circle","100","Frosted","18-415","Vintage Bulb Sprayer","Ivory Silver","true","full","body | sprayer","dip_tube_not_separate_review_source","pending_exact_source_and_render_review"
"GBCrclFrst100AnSpTslIvyGl","GB-CIR-FRS-100ML-AST-IVGD","Circle","100","Frosted","18-415","Vintage Bulb Sprayer with Tassel","Ivory Gold","true","full","body | sprayer","dip_tube_not_separate_review_source","pending_exact_source_and_render_review"
"GBCrclFrst100AnSpTslIvySl","GB-CIR-FRS-100ML-ASP-02","Circle","100","Frosted","18-415","Vintage Bulb Sprayer with Tassel","Frosted","true","full","body | sprayer","dip_tube_not_separate_review_source","pending_exact_source_and_render_review"
"GBCrclFrst100AnSpTslGl","GB-CIR-FRS-100ML-AST-GLD","Circle","100","Frosted","18-415","Vintage Bulb Sprayer with Tassel","Gold","true","full","sprayer | body","dip_tube_not_separate_review_source","pending_exact_source_and_render_review"
"GBCrclFrst100AnSpTslLvn","GB-CIR-FRS-100ML-ASP-03","Circle","100","Frosted","18-415","Vintage Bulb Sprayer with Tassel","Frosted","true","full","body | sprayer","dip_tube_not_separate_review_source","pending_exact_source_and_render_review"
"GBCrclFrst100AnSpTslPnk","GB-CIR-FRS-100ML-ASP-04","Circle","100","Frosted","18-415","Vintage Bulb Sprayer with Tassel","Frosted","true","full","body | sprayer","dip_tube_not_separate_review_source","pending_exact_source_and_render_review"
"GBCrclFrst100AnSpTslRed","GB-CIR-FRS-100ML-ASP-05","Circle","100","Frosted","18-415","Vintage Bulb Sprayer with Tassel","Frosted","false","","","no_published_matching_kit","pending_exact_source_and_render_review"
"GBCrclFrst100AnSpTslWht","GB-CIR-FRS-100ML-ASP-06","Circle","100","Frosted","18-415","Vintage Bulb Sprayer with Tassel","Frosted","true","full","body | sprayer","dip_tube_not_separate_review_source","pending_exact_source_and_render_review"
"GBCrclFrst100AnSpTslMtSl","GB-CIR-FRS-100ML-AST-MSLV","Circle","100","Frosted","18-415","Vintage Bulb Sprayer with Tassel","Matte Silver","true","full","sprayer | body","dip_tube_not_separate_review_source","pending_exact_source_and_render_review"
"LBCrcl50LtnMtGl","LB-CIR-CLR-50ML-LPM-MGLD","Circle","50","Clear","18-415","Lotion Pump","Matte Gold","true","full","body | diptube","mechanism_not_separate_review_source","pending_exact_source_and_render_review"
"GBCrcl50RdcrShnSl","GB-CIR-CLR-50ML-RDC-SSLV","Circle","50","Clear","18-415","Reducer","Shiny Silver","true","full","body | cap","","pending_exact_source_and_render_review"
"LBCrcl50LtnShnGl","LB-CIR-CLR-50ML-LPM-SGLD","Circle","50","Clear","18-415","Lotion Pump","Shiny Gold","true","full","body | diptube","mechanism_not_separate_review_source","pending_exact_source_and_render_review"
"LBCrcl50LtnShnBlk","LB-CIR-CLR-50ML-LPM-SBLK","Circle","50","Clear","18-415","Lotion Pump","Shiny Black","true","full","body | diptube","mechanism_not_separate_review_source","pending_exact_source_and_render_review"
"GBCrcl50RdcrShnGl","GB-CIR-CLR-50ML-RDC-SGLD","Circle","50","Clear","18-415","Reducer","Shiny Gold","true","full","body | cap","","pending_exact_source_and_render_review"
"LBCrcl50LtnMtSl","LB-CIR-CLR-50ML-LPM-MSLV","Circle","50","Clear","18-415","Lotion Pump","Matte Silver","true","full","body | diptube","mechanism_not_separate_review_source","pending_exact_source_and_render_review"
"GBCrcl50RdcrIvyLthr","GB-CIR-CLR-50ML-RDC-IVLT","Circle","50","Clear","18-415","Reducer","Ivory Leather","true","full","body | cap","","pending_exact_source_and_render_review"
"LBCrcl50LtnShnSl","LB-CIR-CLR-50ML-LPM-SSLV","Circle","50","Clear","18-415","Lotion Pump","Shiny Silver","true","full","body | diptube","mechanism_not_separate_review_source","pending_exact_source_and_render_review"
"GBCrcl50RdcrPnkLthr","GB-CIR-CLR-50ML-RDC-PKLT","Circle","50","Clear","18-415","Reducer","Pink Leather","true","full","body | cap","","pending_exact_source_and_render_review"
"LBCrcl50LtnCu","LB-CIR-CLR-50ML-LPM-CPR","Circle","50","Clear","18-415","Lotion Pump","Copper","true","full","body | diptube | pump","","pending_exact_source_and_render_review"
"GBCrcl50RdcrShnBlkTall","GB-CIR-CLR-50ML-RDC-SBLK-T","Circle","50","Clear","18-415","Reducer","Shiny Black","true","full","body | cap","","pending_exact_source_and_render_review"
"LBCrclFrst50LtnMtGl","LB-CIR-FRS-50ML-LPM-MGLD","Circle","50","Frosted","18-415","Lotion Pump","Matte Gold","false","","","no_published_matching_kit","pending_exact_source_and_render_review"
"GBCrcl50RdcrShnBlk","GB-CIR-CLR-50ML-RDC-SBLK","Circle","50","Clear","18-415","Reducer","Shiny Black","false","full","body | cap","","pending_exact_source_and_render_review"
"LBCrclFrst50LtnShnGl","LB-CIR-FRS-50ML-LPM-SGLD","Circle","50","Frosted","18-415","Lotion Pump","Shiny Gold","true","","","no_published_matching_kit","pending_exact_source_and_render_review"
"GBCrcl50RdcrBrwnLthr","GB-CIR-CLR-50ML-RDC-BRLT","Circle","50","Clear","18-415","Reducer","Brown Leather","true","full","body | cap","","pending_exact_source_and_render_review"
"LBCrclFrst50LtnShnBlk","LB-CIR-FRS-50ML-LPM-SBLK","Circle","50","Frosted","18-415","Lotion Pump","Shiny Black","true","","","no_published_matching_kit","pending_exact_source_and_render_review"
"GBCrcl50RdcrLBrwnLthr","GB-CIR-CLR-50ML-RDC-LBLT","Circle","50","Clear","18-415","Reducer","Light Brown Leather","true","full","body | cap","","pending_exact_source_and_render_review"
"LBCrclFrst50LtnMtSl","LB-CIR-FRS-50ML-LPM-MSLV","Circle","50","Frosted","18-415","Lotion Pump","Matte Silver","true","","","no_published_matching_kit","pending_exact_source_and_render_review"
"GBCrcl50RdcrMtSlTall","GB-CIR-CLR-50ML-RDC-MSLV-T","Circle","50","Clear","18-415","Reducer","Matte Silver","true","full","body | cap","","pending_exact_source_and_render_review"
"LBCrclFrst50LtnShnSl","LB-CIR-FRS-50ML-LPM-SSLV","Circle","50","Frosted","18-415","Lotion Pump","Shiny Silver","true","","","no_published_matching_kit","pending_exact_source_and_render_review"
"GBCrcl50RdcrWht","GB-CIR-CLR-50ML-RDC-WHT","Circle","50","Clear","18-415","Reducer","White","true","full","body | cap","","pending_exact_source_and_render_review"
"LBCrclFrst50LtnCu","LB-CIR-FRS-50ML-LPM-CPR","Circle","50","Frosted","18-415","Lotion Pump","Copper","false","","","no_published_matching_kit","pending_exact_source_and_render_review"
"GBCrcl50RdcrMtSl","GB-CIR-CLR-50ML-RDC-MSLV","Circle","50","Clear","18-415","Reducer","Matte Silver","true","","","no_published_matching_kit","pending_exact_source_and_render_review"
"GBCrclFrst50RdcrShnGl","GB-CIR-FRS-50ML-RDC-SGLD","Circle","50","Frosted","18-415","Reducer","Shiny Gold","true","full","body | cap","","pending_exact_source_and_render_review"
"GBCrcl15MtlRollBlkDot","GB-CIR-CLR-15ML-MRL-BKDT","Circle","15","Clear","13-415","Metal Roller Ball","Black Dotted","true","","","no_published_matching_kit","pending_exact_source_and_render_review"
"GBCrclFrst50RdcrShnBlkTall","GB-CIR-FRS-50ML-RDC-SBLK-T","Circle","50","Frosted","18-415","Reducer","Shiny Black","true","full","body | cap","","pending_exact_source_and_render_review"
"GBCrclFrst50RdcrShnBlk","GB-CIR-FRS-50ML-RDC-SBLK","Circle","50","Frosted","18-415","Reducer","Shiny Black","false","full","body | cap","","pending_exact_source_and_render_review"
"GBCrclFrst50RdcrBrwnLthr","GB-CIR-FRS-50ML-RDC-01","Circle","50","Frosted","18-415","Reducer","Frosted","true","full","body | cap","","pending_exact_source_and_render_review"
"GBCrclFrst50RdcrLBrwnLthr","GB-CIR-FRS-50ML-RDC-02","Circle","50","Frosted","18-415","Reducer","Frosted","true","full","body | cap","","pending_exact_source_and_render_review"
"GBCrclFrst50RdcrShnSl","GB-CIR-FRS-50ML-RDC-SSLV","Circle","50","Frosted","18-415","Reducer","Shiny Silver","true","full","body | cap","","pending_exact_source_and_render_review"
"GBCrclFrst50RdcrMtSl","GB-CIR-FRS-50ML-RDC-MSLV","Circle","50","Frosted","18-415","Reducer","Matte Silver","true","full","body | cap","","pending_exact_source_and_render_review"
"GBCrclFrst50RdcrWht","GB-CIR-FRS-50ML-RDC-WHT","Circle","50","Frosted","18-415","Reducer","White","true","full","body | cap","","pending_exact_source_and_render_review"
"GBCrclFrst50RdcrPnkLthr","GB-CIR-FRS-50ML-RDC-PNK","Circle","50","Frosted","18-415","Reducer","Pink","true","full","body | cap","","pending_exact_source_and_render_review"
"GBCrclFrst50RdcrIvyLthr","GB-CIR-FRS-50ML-RDC-IVR","Circle","50","Frosted","18-400","Reducer","Ivory","false","full","body | cap","","pending_exact_source_and_render_review"
"GBCrcl15SpryBlkSh","GB-CIR-CLR-15ML-SPR-SBLK","Circle","15","Clear","13-415","Fine Mist Sprayer","Shiny Black","true","full","body | diptube | sprayer | overcap","","pending_exact_source_and_render_review"
"GBCrcl50AnSpLvn","GB-CIR-CLR-50ML-ASP-LVN","Circle","50","Clear","18-415","Vintage Bulb Sprayer","Lavender","false","full","body | diptube | sprayer","","pending_exact_source_and_render_review"
"GBCrcl15SpryBluMatt","GB-CIR-CLR-15ML-SPR-MBLU","Circle","15","Clear","13-415","Fine Mist Sprayer","Matte Blue","true","full","body | diptube | sprayer | overcap","","pending_exact_source_and_render_review"
"GBCrcl50AnSpPnk","GB-CIR-CLR-50ML-ASP-PNK","Circle","50","Clear","18-415","Vintage Bulb Sprayer","Pink","true","","","no_published_matching_kit","pending_exact_source_and_render_review"
"GBCrcl15SpryCuMatt","GB-CIR-CLR-15ML-SPR-MCPR","Circle","15","Clear","13-415","Fine Mist Sprayer","Matte Copper","true","full","body | diptube | sprayer | overcap","","pending_exact_source_and_render_review"
"GBCrcl50AnSpMtSl","GB-CIR-CLR-50ML-ASP-MSLV","Circle","50","Clear","18-415","Vintage Bulb Sprayer","Matte Silver","false","full","body | diptube | sprayer","","pending_exact_source_and_render_review"
"GBCrcl15SpryGlMatt","GB-CIR-CLR-15ML-SPR-MGLD","Circle","15","Clear","13-415","Fine Mist Sprayer","Matte Gold","true","full","body | diptube | sprayer | overcap","","pending_exact_source_and_render_review"
"GBCrcl50AnSpIvySl","GB-CIR-CLR-50ML-ASP-IVSL","Circle","50","Clear","18-415","Vintage Bulb Sprayer","Ivory Silver","false","full","body | diptube | sprayer","","pending_exact_source_and_render_review"
"GBCrcl15SpryGlSh","GB-CIR-CLR-15ML-SPR-SGLD","Circle","15","Clear","13-415","Fine Mist Sprayer","Shiny Gold","true","full","body | diptube | sprayer | overcap","","pending_exact_source_and_render_review"
"GBCrcl50AnSpGl","GB-CIR-CLR-50ML-ASP-GLD","Circle","50","Clear","18-415","Vintage Bulb Sprayer","Gold","true","full","body | diptube | sprayer","","pending_exact_source_and_render_review"
"GBCrcl15SprySlMatt","GB-CIR-CLR-15ML-SPR-MSLV","Circle","15","Clear","13-415","Fine Mist Sprayer","Matte Silver","true","full","body | diptube | sprayer | overcap","","pending_exact_source_and_render_review"
"GBCrcl50AnSpIvyGl","GB-CIR-CLR-50ML-ASP-IVGD","Circle","50","Clear","18-415","Vintage Bulb Sprayer","Ivory Gold","false","full","body | diptube | sprayer","","pending_exact_source_and_render_review"
"GBCrcl15SprySlSh","GB-CIR-CLR-15ML-SPR-SSLV","Circle","15","Clear","13-415","Fine Mist Sprayer","Shiny Silver","true","full","body | diptube | sprayer | overcap","","pending_exact_source_and_render_review"
"GBCrcl50AnSpWht","GB-CIR-CLR-50ML-ASP-WHT","Circle","50","Clear","18-415","Vintage Bulb Sprayer","White","false","full","body | diptube | sprayer","","pending_exact_source_and_render_review"
"GBCrcl50AnSpRed","GB-CIR-CLR-50ML-ASP-RED","Circle","50","Clear","18-415","Vintage Bulb Sprayer","Red","false","full","body | diptube | sprayer","","pending_exact_source_and_render_review"
"GBCrcl50AnSpTslLvn","GB-CIR-CLR-50ML-AST-LVN","Circle","50","Clear","18-415","Vintage Bulb Sprayer with Tassel","Lavender","true","full","body | diptube | sprayer","","pending_exact_source_and_render_review"
"GBCrcl50AnSpTslIvyGl","GB-CIR-CLR-50ML-AST-IVGD","Circle","50","Clear","18-415","Vintage Bulb Sprayer with Tassel","Ivory Gold","true","full","body | diptube | sprayer","","pending_exact_source_and_render_review"
"GBCrcl50AnSpTslIvySl","GB-CIR-CLR-50ML-AST-IVSL","Circle","50","Clear","18-415","Vintage Bulb Sprayer with Tassel","Ivory Silver","true","full","body | diptube | sprayer","","pending_exact_source_and_render_review"
"LBCrcl100LtnMtGl","LB-CIR-CLR-100ML-LPM-MGLD","Circle","100","Clear","18-415","Lotion Pump","Matte Gold","true","full","body | diptube | pump","","pending_exact_source_and_render_review"
"GBCrcl50AnSpTslWht","GB-CIR-CLR-50ML-AST-WHT","Circle","50","Clear","18-415","Vintage Bulb Sprayer with Tassel","White","true","full","body | diptube | sprayer","","pending_exact_source_and_render_review"
"LBCrcl100LtnShnGl","LB-CIR-CLR-100ML-LPM-SGLD","Circle","100","Clear","18-415","Lotion Pump","Shiny Gold","true","full","body | diptube | pump","","pending_exact_source_and_render_review"
"GBCrcl50AnSpTslPnk","GB-CIR-CLR-50ML-AST-PNK","Circle","50","Clear","18-415","Vintage Bulb Sprayer with Tassel","Pink","true","full","body | diptube | sprayer","","pending_exact_source_and_render_review"
"LBCrcl100LtnShnBlk","LB-CIR-CLR-100ML-LPM-SBLK","Circle","100","Clear","18-415","Lotion Pump","Shiny Black","true","full","body | diptube | pump","","pending_exact_source_and_render_review"
"GBCrcl50AnSpTslRed","GB-CIR-CLR-50ML-ASP-02","Circle","50","Clear","18-415","Vintage Bulb Sprayer with Tassel","Clear","true","full","body | diptube | sprayer","","pending_exact_source_and_render_review"
"LBCrcl100LtnMtSl","LB-CIR-CLR-100ML-LPM-MSLV","Circle","100","Clear","18-415","Lotion Pump","Matte Silver","true","full","body | diptube | pump","","pending_exact_source_and_render_review"
"GBCrcl50DrpCu","GB-CIR-CLR-50ML-DRP-CPR","Circle","50","Clear","18-415","Dropper","Copper","true","full","body | pipette","","pending_exact_source_and_render_review"
"GBCrcl50AnSpTslMtSl","GB-CIR-CLR-50ML-ASP-01","Circle","50","Clear","18-415","Vintage Bulb Sprayer with Tassel","Clear","true","full","body | diptube | sprayer","","pending_exact_source_and_render_review"
"LBCrcl100LtnShnSl","LB-CIR-CLR-100ML-LPM-SSLV","Circle","100","Clear","18-415","Lotion Pump","Shiny Silver","true","full","body | diptube | pump","","pending_exact_source_and_render_review"
"GBCrclFrst50DrpCu","GB-CIR-FRS-50ML-DRP-CPR","Circle","50","Frosted","18-415","Dropper","Copper","false","","","no_published_matching_kit","pending_exact_source_and_render_review"
"GBCrcl50AnSpTslGl","GB-CIR-CLR-50ML-AST-GLD","Circle","50","Clear","18-415","Vintage Bulb Sprayer with Tassel","Gold","true","full","body | diptube | sprayer","","pending_exact_source_and_render_review"
"LBCrcl100LtnCu","LB-CIR-CLR-100ML-LPM-CPR","Circle","100","Clear","18-415","Lotion Pump","Copper","false","","","no_published_matching_kit","pending_exact_source_and_render_review"
"GBCrclFrst50AnSpLvn","GB-CIR-FRS-50ML-ASP-LVN","Circle","50","Frosted","18-415","Vintage Bulb Sprayer","Lavender","true","full","diptube | body | sprayer","","pending_exact_source_and_render_review"
"LBCrclFrst100LtnMtGl","LB-CIR-FRS-100ML-LPM-MGLD","Circle","100","Frosted","18-415","Lotion Pump","Matte Gold","true","full","body | pump","dip_tube_not_separate_review_source","pending_exact_source_and_render_review"
"GBCrclFrst50AnSpPnk","GB-CIR-FRS-50ML-ASP-PNK","Circle","50","Frosted","18-415","Vintage Bulb Sprayer","Pink","true","full","diptube | body | sprayer","","pending_exact_source_and_render_review"
"LBCrclFrst100LtnShnGl","LB-CIR-FRS-100ML-LPM-SGLD","Circle","100","Frosted","18-415","Lotion Pump","Shiny Gold","true","full","body | pump","dip_tube_not_separate_review_source","pending_exact_source_and_render_review"
"GBCrclFrst50AnSpMtSl","GB-CIR-FRS-50ML-ASP-MSLV","Circle","50","Frosted","18-415","Vintage Bulb Sprayer","Matte Silver","true","full","diptube | body | sprayer","","pending_exact_source_and_render_review"
"LBCrclFrst100LtnShnBlk","LB-CIR-FRS-100ML-LPM-SBLK","Circle","100","Frosted","18-415","Lotion Pump","Shiny Black","true","full","body | pump","dip_tube_not_separate_review_source","pending_exact_source_and_render_review"
"GBCrclFrst50AnSpIvySl","GB-CIR-FRS-50ML-ASP-IVSL","Circle","50","Frosted","18-415","Vintage Bulb Sprayer","Ivory Silver","true","full","diptube | body | sprayer","","pending_exact_source_and_render_review"
"LBCrclFrst100LtnMtSl","LB-CIR-FRS-100ML-LPM-MSLV","Circle","100","Frosted","18-415","Lotion Pump","Matte Silver","true","full","body | pump","dip_tube_not_separate_review_source","pending_exact_source_and_render_review"
"GBCrclFrst50AnSpGl","GB-CIR-FRS-50ML-ASP-SGLD","Circle","50","Frosted","18-415","Vintage Bulb Sprayer","Shiny Gold","true","full","diptube | body | sprayer","","pending_exact_source_and_render_review"
"LBCrclFrst100LtnShnSl","LB-CIR-FRS-100ML-LPM-SSLV","Circle","100","Frosted","18-415","Lotion Pump","Shiny Silver","true","full","body | pump","dip_tube_not_separate_review_source","pending_exact_source_and_render_review"
"GBCrclFrst50AnSpIvyGl","GB-CIR-FRS-50ML-ASP-IVGD","Circle","50","Frosted","18-415","Vintage Bulb Sprayer","Ivory Gold","true","full","diptube | body | sprayer","","pending_exact_source_and_render_review"
"LBCrclFrst100LtnCu","LB-CIR-FRS-100ML-LPM-CPR","Circle","100","Frosted","18-415","Lotion Pump","Copper","false","","","no_published_matching_kit","pending_exact_source_and_render_review"
"GBCrcl15MtlRollBlkSh","GB-CIR-CLR-15ML-MRL-SBLK","Circle","15","Clear","13-415","Metal Roller Ball","Shiny Black","true","full","body | cap","roller_not_separate_review_source","pending_exact_source_and_render_review"
"GBCrclFrst50AnSpWht","GB-CIR-FRS-50ML-ASP-WHT","Circle","50","Frosted","18-415","Vintage Bulb Sprayer","White","true","full","diptube | body | sprayer","","pending_exact_source_and_render_review"
"GBCrcl15MtlRollCuMatt","GB-CIR-CLR-15ML-MRL-MCPR","Circle","15","Clear","13-415","Metal Roller Ball","Matte Copper","true","full","body | cap","roller_not_separate_review_source","pending_exact_source_and_render_review"
"GBCrclFrst50AnSpRed","GB-CIR-FRS-50ML-ASP-RED","Circle","50","Frosted","18-415","Vintage Bulb Sprayer","Red","true","full","diptube | body | sprayer","","pending_exact_source_and_render_review"
"GBCrcl15MtlRollGlMatt","GB-CIR-CLR-15ML-MRL-MGLD","Circle","15","Clear","13-415","Metal Roller Ball","Matte Gold","true","full","body | cap","roller_not_separate_review_source","pending_exact_source_and_render_review"
"GBCrcl15MtlRollGlSh","GB-CIR-CLR-15ML-MRL-SGLD","Circle","15","Clear","13-415","Metal Roller Ball","Shiny Gold","true","full","body | cap","roller_not_separate_review_source","pending_exact_source_and_render_review"
"GBCrcl15MtlRollPinkDot","GB-CIR-CLR-15ML-MRL-PKDT","Circle","15","Clear","13-415","Metal Roller Ball","Pink Dotted","true","full","body | cap","roller_not_separate_review_source","pending_exact_source_and_render_review"
"GBCrcl15MtlRollSlDot","GB-CIR-CLR-15ML-MRL-SLDT","Circle","15","Clear","13-415","Metal Roller Ball","Silver Dotted","true","full","body | cap","roller_not_separate_review_source","pending_exact_source_and_render_review"
"GBCrcl15MtlRollSlMatt","GB-CIR-CLR-15ML-MRL-MSLV","Circle","15","Clear","13-415","Metal Roller Ball","Matte Silver","true","full","body | cap","roller_not_separate_review_source","pending_exact_source_and_render_review"
"GBCrcl15MtlRollSlSh","GB-CIR-CLR-15ML-MRL-SSLV","Circle","15","Clear","13-415","Metal Roller Ball","Shiny Silver","true","full","body | cap","roller_not_separate_review_source","pending_exact_source_and_render_review"
"GBCrcl30SpryShSl","GB-CIR-CLR-30ML-SPR-SSLV","Circle","30","Clear","15-415","Perfume Spray Pump","Shiny Silver","true","full","body | diptube","mechanism_not_separate_review_source","pending_exact_source_and_render_review"
"GBCrcl30SpryShnGl","GB-CIR-CLR-30ML-SPR-SGLD","Circle","30","Clear","15-415","Perfume Spray Pump","Shiny Gold","true","","","no_published_matching_kit","pending_exact_source_and_render_review"
"GBCrcl30SpryMattSl","GB-CIR-CLR-30ML-SPR-MSLV","Circle","30","Clear","15-415","Perfume Spray Pump","Matte Silver","true","","","no_published_matching_kit","pending_exact_source_and_render_review"
"GBCrcl30SpryMattGl","GB-CIR-CLR-30ML-SPR-MGLD","Circle","30","Clear","15-415","Perfume Spray Pump","Matte Gold","true","","","no_published_matching_kit","pending_exact_source_and_render_review"
"LBCrcl50LtnClOvrCap","LB-CIR-CLR-50ML-LPM-COCP","Circle","50","Clear","18-415","Lotion Pump","Clear Overcap","true","full","body | diptube","mechanism_not_separate_review_source","pending_exact_source_and_render_review"
"LBCrclFrst50LtnClOvrCap","LB-CIR-FRS-50ML-LPM-CLR","Circle","50","Frosted","18-415","Lotion Pump","Clear","false","","","no_published_matching_kit","pending_exact_source_and_render_review"
"GBCrclFrst50AnSpTslBlk","GB-CIR-FRS-50ML-ASP-01","Circle","50","Frosted","18-415","Vintage Bulb Sprayer with Tassel","Frosted","false","","","no_published_matching_kit","pending_exact_source_and_render_review"
"GBCrclFrst50AnSpTslGl","GB-CIR-FRS-50ML-ASP-02","Circle","50","Frosted","18-415","Vintage Bulb Sprayer with Tassel","Frosted","false","","","no_published_matching_kit","pending_exact_source_and_render_review"
"GBCrclFrst50AnSpTslIvyGl","GB-CIR-FRS-50ML-ASP-03","Circle","50","Frosted","18-415","Vintage Bulb Sprayer with Tassel","Frosted","false","","","no_published_matching_kit","pending_exact_source_and_render_review"
"GBCrclFrst50AnSpTslIvySl","GB-CIR-FRS-50ML-ASP-04","Circle","50","Frosted","18-415","Vintage Bulb Sprayer with Tassel","Frosted","false","","","no_published_matching_kit","pending_exact_source_and_render_review"
"GBCrclFrst50AnSpTslLvn","GB-CIR-FRS-50ML-ASP-05","Circle","50","Frosted","18-415","Vintage Bulb Sprayer with Tassel","Frosted","false","","","no_published_matching_kit","pending_exact_source_and_render_review"
"GBCrclFrst50AnSpTslMtSl","GB-CIR-FRS-50ML-ASP-06","Circle","50","Frosted","18-415","Vintage Bulb Sprayer with Tassel","Frosted","false","","","no_published_matching_kit","pending_exact_source_and_render_review"
"GBCrclFrst50AnSpTslPnk","GB-CIR-FRS-50ML-ASP-07","Circle","50","Frosted","18-415","Vintage Bulb Sprayer with Tassel","Frosted","false","","","no_published_matching_kit","pending_exact_source_and_render_review"
"GBCrclFrst50AnSpTslRed","GB-CIR-FRS-50ML-ASP-08","Circle","50","Frosted","18-415","Vintage Bulb Sprayer with Tassel","Frosted","false","","","no_published_matching_kit","pending_exact_source_and_render_review"
"GBCrclFrst50AnSpTslWht","GB-CIR-FRS-50ML-ASP-09","Circle","50","Frosted","18-415","Vintage Bulb Sprayer with Tassel","Frosted","false","","","no_published_matching_kit","pending_exact_source_and_render_review"
"GBCrcl15CuSht","GB-CIR-CLR-15ML-MCPR-S","Circle","15","Clear","13-415","","Matte Copper","false","","","no_published_matching_kit","pending_exact_source_and_render_review"
"GBCrcl15GlMattSht","GB-CIR-CLR-15ML-MGLD-S","Circle","15","Clear","13-415","","Matte Gold","false","","","no_published_matching_kit","pending_exact_source_and_render_review"
"GBCrcl15SlMattSht","GB-CIR-CLR-15ML-MSLV-S","Circle","15","Clear","13-415","","Matte Silver","false","","","no_published_matching_kit","pending_exact_source_and_render_review"
"GBCrcl15BlkShSht","GB-CIR-CLR-15ML-SBLK-S","Circle","15","Clear","13-415","","Shiny Black","false","","","no_published_matching_kit","pending_exact_source_and_render_review"
"GBCrcl15GlSht","GB-CIR-CLR-15ML-SGLD-S","Circle","15","Clear","13-415","","Shiny Gold","false","","","no_published_matching_kit","pending_exact_source_and_render_review"
"GBCrcl15SlSht","GB-CIR-CLR-15ML-SSLV-S","Circle","15","Clear","13-415","","Shiny Silver","false","","","no_published_matching_kit","pending_exact_source_and_render_review"
"LBCyl100LtnClOvrCap","LB-CYL-CLR-100ML-LPM-COCP","Cylinder","100","Clear","18-415","Lotion Pump","Clear Overcap","true","full","diptube | body | pump","","pending_exact_source_and_render_review"
"GBMtlRoll28Wht","GB-CYL-CLR-28ML-MRL-02","Cylinder","28","Clear","16mm","Metal Roller Ball","White","false","full","body | roller | cap","","pending_exact_source_and_render_review"
"GBSpry3mlClBlk","GB-SPR-CLR-3ML-BLK","Cylinder","3.3","Clear","12mm","Fine Mist Sprayer","Clear","false","","","no_published_matching_kit","pending_exact_source_and_render_review"
"GBSpry4mlClBlk","GB-SPR-CLR-4ML-BLK","Cylinder","4","Clear","12mm","Fine Mist Sprayer","Clear","false","full","body | sprayer | overcap","dip_tube_not_separate_review_source","pending_exact_source_and_render_review"
"GBCyl5SpryBlkMatt","GB-CYL-CLR-5ML-SPR-MBLK","Cylinder","5.5","Clear","13-415","Fine Mist Sprayer","Matte Black","false","full","body | diptube | sprayer | overcap","","pending_exact_source_and_render_review"
"GBCyl5Sl","GB-CYL-CLR-5ML-SLV-T","Cylinder","5","Clear","13-415","Cap/Closure","Regular Shiny Silver","true","capSplit","body | cap","partial_kit_requires_visual_review","pending_exact_source_and_render_review"
"GBCyl50MtlRollWht","GB-CYL-WHT-50ML-MRL-WHT","Cylinder","50","Clear","16mm","Metal Roller Ball","White","false","full","body | roller | cap","","pending_exact_source_and_render_review"
"GBCyl5Gl","GB-CYL-CLR-5ML-GLD-T","Cylinder","5","Clear","13-415","Cap/Closure","Regular Shiny Gold","true","capSplit","body | cap","partial_kit_requires_visual_review","pending_exact_source_and_render_review"
"GBCyl9SpryBlk","GB-CYL-CLR-9ML-T-21","Cylinder","9","Clear","17-415","Fine Mist Sprayer","Clear","true","full","body | diptube | sprayer | overcap | collar","","pending_exact_source_and_render_review"
"GBCyl100RdcrShnGl","GB-CYL-CLR-100ML-RDC-SGLD","Cylinder","100","Clear","18-415","Reducer","Shiny Gold","true","capSplit","body | fitment","partial_kit_requires_visual_review","pending_exact_source_and_render_review"
"GBCylAmb9SpryBlk","GB-CYL-AMB-9ML-SPR-BLK","Cylinder","9","Amber","17-415","Fine Mist Sprayer","Black","true","full","sprayer | body | overcap | collar","dip_tube_not_separate_review_source","pending_exact_source_and_render_review"
"GBCyl100RdcrShnBlkTall","GB-CYL-CLR-100ML-RDC-SBLK-T","Cylinder","100","Clear","18-415","Reducer","Tall Shiny Black","true","capSplit","body | fitment","partial_kit_requires_visual_review","pending_exact_source_and_render_review"
"GBCylBlu5Sl","GB-CYL-BLU-5ML-SLV-T","Cylinder","5","Cobalt Blue","13-415","Cap/Closure","Regular Shiny Silver","true","capSplit","body | cap","partial_kit_requires_visual_review","pending_exact_source_and_render_review"
"GBCyl100RdcrShnBlk","GB-CYL-CLR-100ML-RDC-SBLK","Cylinder","100","Clear","18-415","Reducer","Shiny Black","true","capSplit","body | fitment","partial_kit_requires_visual_review","pending_exact_source_and_render_review"
"GBCylBlu9SpryBlk","GB-CYL-BLU-9ML-SPR-BLK","Cylinder","9","Cobalt Blue","17-415","Fine Mist Sprayer","Black","true","full","body | sprayer | overcap | collar","dip_tube_not_separate_review_source","pending_exact_source_and_render_review"
"GBCylBlu5WhtSht","GB-CYL-CBL-5ML-S-02","Cylinder","5","Cobalt Blue","13-415","Cap/Closure","Short Ribbed White","true","capSplit","body | cap","partial_kit_requires_visual_review","pending_exact_source_and_render_review"
"GBCyl100RdcrBrwnLthr","GB-CYL-CLR-100ML-RDC-BRLT","Cylinder","100","Clear","18-415","Reducer","Brown Leather","true","capSplit","body | fitment","partial_kit_requires_visual_review","pending_exact_source_and_render_review"
"GBCylFrst9SpryBlk","GB-CYL-FRS-9ML-SPR-BLK","Cylinder","9","Frosted","17-415","Fine Mist Sprayer","Black","true","full","body | sprayer | overcap | collar","dip_tube_not_separate_review_source","pending_exact_source_and_render_review"
"GBCylBlu5Gl","GB-CYL-BLU-5ML-GLD-T","Cylinder","5","Cobalt Blue","13-415","Cap/Closure","Regular Shiny Gold","true","capSplit","body | cap","partial_kit_requires_visual_review","pending_exact_source_and_render_review"
"GBCyl100RdcrLBrwnLthr","GB-CYL-CLR-100ML-RDC-LBLT","Cylinder","100","Clear","18-415","Reducer","Light Brown Leather","true","capSplit","body | fitment","partial_kit_requires_visual_review","pending_exact_source_and_render_review"
"GBCyl100RdcrShnSl","GB-CYL-CLR-100ML-RDC-SSLV","Cylinder","100","Clear","18-415","Reducer","Shiny Silver","true","capSplit","body | fitment","partial_kit_requires_visual_review","pending_exact_source_and_render_review"
"GBCyl100RdcrMtSlTall","GB-CYL-CLR-100ML-RDC-MSLV-T","Cylinder","100","Clear","18-415","Reducer","Tall Matte Silver","true","capSplit","body | fitment","partial_kit_requires_visual_review","pending_exact_source_and_render_review"
"GBTallCyl9SpryBlkMatt","GB-CYL-CLR-9ML-SPR-MBLK","Cylinder","9","Clear","13-415","Fine Mist Sprayer","Matte Black","true","full","body | diptube | sprayer | overcap","","pending_exact_source_and_render_review"
"GBCyl100RdcrMtSl","GB-CYL-CLR-100ML-RDC-MSLV","Cylinder","100","Clear","18-415","Reducer","Matte Silver","true","capSplit","body | fitment","partial_kit_requires_visual_review","pending_exact_source_and_render_review"
"GBTallCylFrst9SpryBlkMatt","GB-CYL-FRS-9ML-01","Cylinder","9","Frosted","13-415","Fine Mist Sprayer","Frosted","true","full","body | diptube | sprayer | overcap","","pending_exact_source_and_render_review"
"GBCyl100RdcrWht","GB-CYL-CLR-100ML-RDC-WHT","Cylinder","100","Clear","18-415","Reducer","White","true","capSplit","body | fitment","partial_kit_requires_visual_review","pending_exact_source_and_render_review"
"GBCyl100RdcrIvyLthr","GB-CYL-CLR-100ML-RDC-IVLT","Cylinder","100","Clear","18-415","Reducer","Ivory Leather","true","capSplit","body | fitment","partial_kit_requires_visual_review","pending_exact_source_and_render_review"
"GBCyl100RdcrPnkLthr","GB-CYL-CLR-100ML-RDC-PKLT","Cylinder","100","Clear","18-415","Reducer","Pink Leather","true","capSplit","body | fitment","partial_kit_requires_visual_review","pending_exact_source_and_render_review"
"GBCyl50SpryMtGl","GB-CYL-CLR-50ML-SPR-MGLD","Cylinder","50","Clear","18-415","Perfume Spray Pump","Matte Gold","true","full","body | diptube | sprayer | overcap","","pending_exact_source_and_render_review"
"GBCyl50SpryShnGl","GB-CYL-CLR-50ML-SPR-SGLD","Cylinder","50","Clear","18-415","Perfume Spray Pump","Shiny Gold","true","full","body | diptube | sprayer | overcap","","pending_exact_source_and_render_review"
"GBCyl50SpryShnBlk","GB-CYL-CLR-50ML-SPR-SBLK","Cylinder","50","Clear","18-415","Perfume Spray Pump","Shiny Black","true","full","body | diptube | sprayer | overcap","","pending_exact_source_and_render_review"
"GBCyl50SpryMtSl","GB-CYL-CLR-50ML-SPR-MSLV","Cylinder","50","Clear","18-415","Perfume Spray Pump","Matte Silver","true","full","body | diptube | sprayer | overcap","","pending_exact_source_and_render_review"
"GBCyl50SpryShnSl","GB-CYL-CLR-50ML-SPR-SSLV","Cylinder","50","Clear","18-415","Perfume Spray Pump","Shiny Silver","true","full","body | diptube | sprayer | overcap","","pending_exact_source_and_render_review"
"GBTallCyl9Gl","GB-CYL-CLR-9ML-GLD-T","Cylinder","9","Clear","13-415","","Gold","true","capSplit","body | cap","partial_kit_requires_visual_review","pending_exact_source_and_render_review"
"GBTallCyl9Sl","GB-CYL-CLR-9ML-SLV-T","Cylinder","9","Clear","13-415","","Silver","true","capSplit","body | cap","partial_kit_requires_visual_review","pending_exact_source_and_render_review"
"GBCyl1ozRollWht","GB-CYL-CLR-28ML-RBL-WHT","Cylinder","28","Clear","16mm","Plastic Roller Ball","White","false","full","roller | body | cap","","pending_exact_source_and_render_review"
"GBTallCylFrst9WhtSht","GB-CYL-FRS-9ML-S-02","Cylinder","9","Frosted","13-415","","Short Ribbed White","true","capSplit","body | cap","partial_kit_requires_visual_review","pending_exact_source_and_render_review"
"GBTallCylFrst9Gl","GB-CYL-FRS-9ML-T-01","Cylinder","9","Frosted","13-415","","Shiny Gold","true","capSplit","body | cap","partial_kit_requires_visual_review","pending_exact_source_and_render_review"
"GBTallCylFrst9Sl","GB-CYL-FRS-9ML-T-20","Cylinder","9","Frosted","13-415","","Shiny Silver","true","capSplit","body | cap","partial_kit_requires_visual_review","pending_exact_source_and_render_review"
"GBSpry1ozGl","GB-SPR-CLR-30ML-GLD","Cylinder","30","Clear","18-415","","Shiny Gold","false","capSplit","body | overcap","partial_kit_requires_visual_review","pending_exact_source_and_render_review"
"GBSpry1ozSl","GB-SPR-CLR-30ML-SLV","Cylinder","30","Clear","18-415","","Silver","false","capSplit","body | overcap","partial_kit_requires_visual_review","pending_exact_source_and_render_review"
"GBCyl50RollWht","GB-CYL-WHT-50ML-ROL-WHT","Cylinder","50","Clear","16mm","Plastic Roller Ball","White","false","full","body | roller | cap","","pending_exact_source_and_render_review"
"GBCyl50SpryCu","GB-CYL-CLR-50ML-SPR-CPR","Cylinder","50","Clear","18-415","Perfume Spray Pump","Copper","true","full","diptube | body | sprayer | overcap","","pending_exact_source_and_render_review"
"GBCyl100SpryCu","GB-CYL-CLR-100ML-SPR-CPR","Cylinder","100","Clear","18-415","Perfume Spray Pump","Copper","true","full","diptube | body | sprayer | overcap","","pending_exact_source_and_render_review"
"GBCyl5MtlRollBlkSh","GB-CYL-CLR-5ML-MRL-SBLK","Cylinder","5","Clear","13-415","Metal Roller Ball","Shiny Black","false","capSplit","body | cap","partial_kit_requires_visual_review | roller_not_separate_review_source","pending_exact_source_and_render_review"
"GBCyl5MtlRollCuMatt","GB-CYL-CLR-5ML-MRL-MCPR","Cylinder","5","Clear","13-415","Metal Roller Ball","Matte Copper","false","capSplit","body | cap","partial_kit_requires_visual_review | roller_not_separate_review_source","pending_exact_source_and_render_review"
"GBCyl5MtlRollGlMatt","GB-CYL-CLR-5ML-MRL-MGLD","Cylinder","5","Clear","13-415","Metal Roller Ball","Matte Gold","false","full","roller | body | cap","","pending_exact_source_and_render_review"
"GBCyl5MtlRollGlSh","GB-CYL-CLR-5ML-MRL-SGLD","Cylinder","5","Clear","13-415","Metal Roller Ball","Shiny Gold","false","capSplit","body | cap","partial_kit_requires_visual_review | roller_not_separate_review_source","pending_exact_source_and_render_review"
"GBCyl5MtlRollPinkDot","GB-CYL-CLR-5ML-MRL-PKDT","Cylinder","5","Clear","13-415","Metal Roller Ball","Pink with Dots","false","capSplit","body | cap","partial_kit_requires_visual_review | roller_not_separate_review_source","pending_exact_source_and_render_review"
"GBCyl5MtlRollSlDot","GB-CYL-CLR-5ML-MRL-SLDT","Cylinder","5","Clear","13-415","Metal Roller Ball","Silver with Dots","false","capSplit","body | cap","partial_kit_requires_visual_review | roller_not_separate_review_source","pending_exact_source_and_render_review"
"GBCyl5MtlRollSlMatt","GB-CYL-CLR-5ML-MRL-MSLV","Cylinder","5","Clear","13-415","Metal Roller Ball","Matte Silver","false","capSplit","body | cap","partial_kit_requires_visual_review | roller_not_separate_review_source","pending_exact_source_and_render_review"
"GBCyl5MtlRollSlSh","GB-CYL-CLR-5ML-MRL-SSLV","Cylinder","5","Clear","13-415","Metal Roller Ball","Shiny Silver","false","capSplit","body | cap","partial_kit_requires_visual_review | roller_not_separate_review_source","pending_exact_source_and_render_review"
"GBCyl50RdcrBlkLthr","GB-CYL-CLR-50ML-RDC-BKLT","Cylinder","50","Clear","18-415","Reducer","Black Leather","true","capSplit","body | fitment","partial_kit_requires_visual_review","pending_exact_source_and_render_review"
"GBSpry3mlClWht","GB-SPR-CLR-3ML-WHT","Cylinder","3.3","Clear","12mm","Fine Mist Sprayer","Clear","false","full","body | sprayer | overcap","dip_tube_not_separate_review_source","pending_exact_source_and_render_review"
"GBCylBlu5MtlRollBlkSh","GB-CYL-BLU-5ML-MRL-SBLK","Cylinder","5","Cobalt Blue","13-415","Metal Roller Ball","Shiny Black","true","capSplit","body | cap","partial_kit_requires_visual_review | roller_not_separate_review_source","pending_exact_source_and_render_review"
"GBSpry4mlClWh","GB-SPR-CLR-4ML-WHT","Cylinder","4","Clear","12mm","Fine Mist Sprayer","Clear","false","full","body | sprayer | overcap","dip_tube_not_separate_review_source","pending_exact_source_and_render_review"
"GBCylBlu5MtlRollCuMatt","GB-CYL-BLU-5ML-MRL-MCPR","Cylinder","5","Cobalt Blue","13-415","Metal Roller Ball","Matte Copper","true","capSplit","body | cap","partial_kit_requires_visual_review | roller_not_separate_review_source","pending_exact_source_and_render_review"
"GBCyl5SprySlMatt","GB-CYL-CLR-5ML-SPR-MSLV","Cylinder","5","Clear","13-415","Fine Mist Sprayer","Matte Silver","false","full","body | diptube | sprayer | overcap","","pending_exact_source_and_render_review"
"GBCylBlu5MtlRollGlMatt","GB-CYL-BLU-5ML-MRL-MGLD","Cylinder","5","Cobalt Blue","13-415","Metal Roller Ball","Matte Gold","true","capSplit","body | cap","partial_kit_requires_visual_review | roller_not_separate_review_source","pending_exact_source_and_render_review"
"GBCyl5SpryBlkSh","GB-CYL-CLR-5ML-SPR-SBLK","Cylinder","5","Clear","13-415","Fine Mist Sprayer","Shiny Black","false","full","body | diptube | sprayer | overcap","","pending_exact_source_and_render_review"
"GBCylBlu5MtlRollGlSh","GB-CYL-BLU-5ML-MRL-SGLD","Cylinder","5","Cobalt Blue","13-415","Metal Roller Ball","Shiny Gold","true","capSplit","body | cap","partial_kit_requires_visual_review | roller_not_separate_review_source","pending_exact_source_and_render_review"
"GBCyl5SpryGlSh","GB-CYL-CLR-5ML-SPR-SGLD","Cylinder","5","Clear","13-415","Fine Mist Sprayer","Shiny Gold","false","full","body | diptube | sprayer | overcap","","pending_exact_source_and_render_review"
"GBCyl100SpryMtGl","GB-CYL-CLR-100ML-SPR-MGLD","Cylinder","100","Clear","18-415","Perfume Spray Pump","Matte Gold","true","full","body | diptube | sprayer | overcap","","pending_exact_source_and_render_review"
"GBCylBlu5MtlRollPinkDot","GB-CYL-BLU-5ML-MRL-PKDT","Cylinder","5","Cobalt Blue","13-415","Metal Roller Ball","Pink with Dots","true","capSplit","body | cap","partial_kit_requires_visual_review | roller_not_separate_review_source","pending_exact_source_and_render_review"
"GBCyl5SprySlSh","GB-CYL-CLR-5ML-SPR-SSLV","Cylinder","5","Clear","13-415","Fine Mist Sprayer","Shiny Silver","false","full","body | diptube | sprayer | overcap","","pending_exact_source_and_render_review"
"GBCyl100SpryShnGl","GB-CYL-CLR-100ML-SPR-SGLD","Cylinder","100","Clear","18-415","Perfume Spray Pump","Shiny Gold","true","full","body | diptube | sprayer | overcap","","pending_exact_source_and_render_review"
"GBCylBlu5MtlRollSlDot","GB-CYL-BLU-5ML-MRL-SLDT","Cylinder","5","Cobalt Blue","13-415","Metal Roller Ball","Silver with Dots","true","capSplit","body | cap","partial_kit_requires_visual_review | roller_not_separate_review_source","pending_exact_source_and_render_review"
"GBCyl5SpryBluMatt","GB-CYL-CLR-5ML-SPR-MBLU","Cylinder","5","Clear","13-415","Fine Mist Sprayer","Matte Blue","false","full","body | diptube | sprayer | overcap","","pending_exact_source_and_render_review"
"GBCyl100SpryShnBlk","GB-CYL-CLR-100ML-SPR-SBLK","Cylinder","100","Clear","18-415","Perfume Spray Pump","Shiny Black","true","full","body | diptube | sprayer | overcap","","pending_exact_source_and_render_review"
"GBCylBlu5MtlRollSlMatt","GB-CYL-BLU-5ML-MRL-MSLV","Cylinder","5","Cobalt Blue","13-415","Metal Roller Ball","Matte Silver","true","capSplit","body | cap","partial_kit_requires_visual_review | roller_not_separate_review_source","pending_exact_source_and_render_review"
"GBCyl5SpryCuMatt","GB-CYL-CLR-5ML-SPR-MCPR","Cylinder","5","Clear","13-415","Fine Mist Sprayer","Matte Copper","false","full","body | diptube | sprayer | overcap","","pending_exact_source_and_render_review"
"GBCyl100SpryMtSl","GB-CYL-CLR-100ML-SPR-MSLV","Cylinder","100","Clear","18-415","Perfume Spray Pump","Matte Silver","true","full","body | diptube | sprayer | overcap","","pending_exact_source_and_render_review"
"GBCylBlu5MtlRollSlSh","GB-CYL-BLU-5ML-MRL-SSLV","Cylinder","5","Cobalt Blue","13-415","Metal Roller Ball","Shiny Silver","true","capSplit","body | cap","partial_kit_requires_visual_review | roller_not_separate_review_source","pending_exact_source_and_render_review"
"GBCyl5SpryGlMatt","GB-CYL-CLR-5ML-SPR-MGLD","Cylinder","5","Clear","13-415","Fine Mist Sprayer","Matte Gold","false","full","body | diptube | sprayer | overcap","","pending_exact_source_and_render_review"
"GBCyl100SpryShnSl","GB-CYL-CLR-100ML-SPR-SSLV","Cylinder","100","Clear","18-415","Perfume Spray Pump","Shiny Silver","true","full","body | diptube | sprayer | overcap","","pending_exact_source_and_render_review"
"GBCyl100RdcrBlkLthr","GB-CYL-CLR-100ML-RDC-BKLT","Cylinder","100","Clear","18-415","Reducer","Black Leather","true","capSplit","body | fitment","partial_kit_requires_visual_review","pending_exact_source_and_render_review"
"GBCyl50AnSpBlk","GB-CYL-CLR-50ML-ASP-BLK","Cylinder","50","Clear","18-415","Vintage Bulb Sprayer","Black","true","full","diptube | body | sprayer","","pending_exact_source_and_render_review"
"GBCyl50AnSpTslBlk","GB-CYL-CLR-50ML-AST-BLK","Cylinder","50","Clear","18-415","Vintage Bulb Sprayer with Tassel","Black","true","full","diptube | body | sprayer","","pending_exact_source_and_render_review"
"LBCylAmb9LtnGl","LB-CYL-AMB-9ML-LPM-GLD","Cylinder","9","Amber","17-415","Lotion Pump","Gold","true","full","body | pump | overcap | collar","dip_tube_not_separate_review_source","pending_exact_source_and_render_review"
"GBCylBlu5SprySlSh","GB-CYL-BLU-5ML-SPR-SSLV","Cylinder","5","Cobalt Blue","13-415","Fine Mist Sprayer","Shiny Silver","true","full","body | sprayer | overcap","dip_tube_not_separate_review_source","pending_exact_source_and_render_review"
"LBCylAmb9LtnMtSl","LB-CYL-AMB-9ML-LPM-MSLV","Cylinder","9","Amber","17-415","Lotion Pump","Matte Silver","true","full","body | pump | overcap | collar","dip_tube_not_separate_review_source","pending_exact_source_and_render_review"
"GBCylBlu5SpryBlkSh","GB-CYL-BLU-5ML-SPR-SBLK","Cylinder","5","Cobalt Blue","13-415","Fine Mist Sprayer","Shiny Black","true","full","body | sprayer | overcap","dip_tube_not_separate_review_source","pending_exact_source_and_render_review"
"LBCyl9LtnMtSl","LB-CYL-CLR-9ML-T-03","Cylinder","9","Clear","17-415","Lotion Pump","Clear","true","full","body | diptube | pump | overcap | collar","","pending_exact_source_and_render_review"
"GBCylBlu5SpryGlSh","GB-CYL-BLU-5ML-SPR-SGLD","Cylinder","5","Cobalt Blue","13-415","Fine Mist Sprayer","Shiny Gold","true","full","body | sprayer | overcap","dip_tube_not_separate_review_source","pending_exact_source_and_render_review"
"LBCyl9LtnGl","LB-CYL-CLR-9ML-T-02","Cylinder","9","Clear","17-415","Lotion Pump","Clear","true","full","body | diptube | pump | overcap | collar","","pending_exact_source_and_render_review"
"GBCylBlu5SpryGlMatt","GB-CYL-BLU-5ML-SPR-MGLD","Cylinder","5","Cobalt Blue","13-415","Fine Mist Sprayer","Matte Gold","true","full","body | sprayer | overcap","dip_tube_not_separate_review_source","pending_exact_source_and_render_review"
"GBCylBlu5SpryBluMatt","GB-CYL-BLU-5ML-SPR-MBLU","Cylinder","5","Cobalt Blue","13-415","Fine Mist Sprayer","Matte Blue","true","full","body | sprayer | overcap","dip_tube_not_separate_review_source","pending_exact_source_and_render_review"
"GBCylBlu5SpryCuMatt","GB-CYL-BLU-5ML-SPR-MCPR","Cylinder","5","Cobalt Blue","13-415","Fine Mist Sprayer","Matte Copper","true","full","body | sprayer | overcap","dip_tube_not_separate_review_source","pending_exact_source_and_render_review"
"LBCylBlu9LtnMattSl","LB-CYL-BLU-9ML-LPM-MSLV","Cylinder","9","Cobalt Blue","17-415","Lotion Pump","Matte Silver","true","full","body | pump | overcap | collar","dip_tube_not_separate_review_source","pending_exact_source_and_render_review"
"GBCylBlu5SprySlMatt","GB-CYL-BLU-5ML-SPR-MSLV","Cylinder","5","Cobalt Blue","13-415","Fine Mist Sprayer","Matte Silver","true","full","body | sprayer | overcap","dip_tube_not_separate_review_source","pending_exact_source_and_render_review"
"LBCylBlu9LtnGl","LB-CYL-BLU-9ML-LPM-GLD","Cylinder","9","Cobalt Blue","17-415","Lotion Pump","Gold","true","full","body | pump | overcap | collar","dip_tube_not_separate_review_source","pending_exact_source_and_render_review"
"LBCylFrst9LtnMtSl","LB-CYL-FRS-9ML-LPM-MSLV","Cylinder","9","Frosted","17-415","Lotion Pump","Matte Silver","true","full","body | pump | overcap | collar","dip_tube_not_separate_review_source","pending_exact_source_and_render_review"
"LBCylFrst9LtnGl","LB-CYL-FRS-9ML-LPM-GLD","Cylinder","9","Frosted","17-415","Lotion Pump","Gold","true","full","body | pump | overcap | collar","dip_tube_not_separate_review_source","pending_exact_source_and_render_review"
"LBCylSwrl9LtnMtSl","LB-CYL-CLR-9ML-LPM-MSLV","Cylinder","9","Swirl","17-415","Lotion Pump","Matte Silver","true","full","body | pump | overcap | collar","dip_tube_not_separate_review_source","pending_exact_source_and_render_review"
"LBCylSwrl9LtnGl","LB-CYL-CLR-9ML-LPM-GLD","Cylinder","9","Swirl","17-415","Lotion Pump","Gold","true","full","body | pump | overcap | collar","dip_tube_not_separate_review_source","pending_exact_source_and_render_review"
"GBCyl5RollBlkDot","GB-CYL-CLR-5ML-ROL-BKDT","Cylinder","5","Clear","13-415","Plastic Roller Ball","Black with Dots","false","full","body | roller | cap","","pending_exact_source_and_render_review"
"GBCyl5RollSlSh","GB-CYL-CLR-5ML-ROL-SSLV","Cylinder","5","Clear","13-415","Plastic Roller Ball","Shiny Silver","false","capSplit","body | roller | cap","partial_kit_requires_visual_review","pending_exact_source_and_render_review"
"LBCyl25LtnMtGl","LB-CYL-CLR-25ML-LPM-MGLD","Cylinder","25","Clear","18-415","Lotion Pump","Matte Gold","true","full","body | diptube | pump | overcap","","pending_exact_source_and_render_review"
"LBCyl25LtnShnGl","LB-CYL-CLR-25ML-LPM-SGLD","Cylinder","25","Clear","18-415","Lotion Pump","Shiny Gold","true","full","body | diptube | pump | overcap","","pending_exact_source_and_render_review"
"GBCyl5RollBlkSh","GB-CYL-CLR-5ML-ROL-SBLK","Cylinder","5","Clear","13-415","Plastic Roller Ball","Shiny Black","false","capSplit","body | roller | cap","partial_kit_requires_visual_review","pending_exact_source_and_render_review"
"GBCylBlu5RollBlkDot","GB-CYL-BLU-5ML-ROL-BKDT","Cylinder","5","Cobalt Blue","13-415","Plastic Roller Ball","Black with Dots","true","capSplit","body | roller | cap","partial_kit_requires_visual_review","pending_exact_source_and_render_review"
"LBCyl25LtnShnBlk","LB-CYL-CLR-25ML-LPM-SBLK","Cylinder","25","Clear","18-415","Lotion Pump","Shiny Black","true","full","body | diptube | pump | overcap","","pending_exact_source_and_render_review"
"GBCyl5RollGlSh","GB-CYL-CLR-5ML-ROL-SGLD","Cylinder","5","Clear","13-415","Plastic Roller Ball","Shiny Gold","false","capSplit","body | roller | cap","partial_kit_requires_visual_review","pending_exact_source_and_render_review"
"LBCyl25LtnMtSl","LB-CYL-CLR-25ML-LPM-MSLV","Cylinder","25","Clear","18-415","Lotion Pump","Matte Silver","true","full","body | diptube | pump | overcap","","pending_exact_source_and_render_review"
"GBCyl5RollSlDot","GB-CYL-CLR-5ML-ROL-SLDT","Cylinder","5","Clear","13-415","Plastic Roller Ball","Silver with Dots","false","capSplit","body | roller | cap","partial_kit_requires_visual_review","pending_exact_source_and_render_review"
"LBCyl25LtnShnSl","LB-CYL-CLR-25ML-LPM-SSLV","Cylinder","25","Clear","18-415","Lotion Pump","Shiny Silver","true","full","body | diptube | pump | overcap","","pending_exact_source_and_render_review"
"GBCyl5RollPinkDot","GB-CYL-CLR-5ML-ROL-PKDT","Cylinder","5","Clear","13-415","Plastic Roller Ball","Pink with Dots","false","capSplit","body | roller | cap","partial_kit_requires_visual_review","pending_exact_source_and_render_review"
"LBCyl25LtnCu","LB-CYL-CLR-25ML-LPM-CPR","Cylinder","25","Clear","18-415","Lotion Pump","Copper","true","full","diptube | body | pump | overcap","","pending_exact_source_and_render_review"
"GBCyl5RollCuMatt","GB-CYL-CLR-5ML-ROL-MCPR","Cylinder","5","Clear","13-415","Plastic Roller Ball","Matte Copper","false","capSplit","body | roller | cap","partial_kit_requires_visual_review","pending_exact_source_and_render_review"
"GBCylAmb9RollBlkDot","GB-CYL-AMB-9ML-ROL-BKDT","Cylinder","9","Amber","17-415","Plastic Roller Ball","Black Dotted","false","full","body | roller | cap","","pending_exact_source_and_render_review"
"GBCyl100AnSpBlk","GB-CYL-CLR-100ML-ASP-BLK","Cylinder","100","Clear","18-415","Vintage Bulb Sprayer","Black","true","full","body | diptube | sprayer","","pending_exact_source_and_render_review"
"GBCyl5RollGlMatt","GB-CYL-CLR-5ML-ROL-MGLD","Cylinder","5","Clear","13-415","Plastic Roller Ball","Matte Gold","false","full","body | roller | cap","","pending_exact_source_and_render_review"
"GBCyl100AnSpTslBlk","GB-CYL-CLR-100ML-AST-BLK","Cylinder","100","Clear","18-415","Vintage Bulb Sprayer with Tassel","Black","true","full","diptube | body | sprayer","","pending_exact_source_and_render_review"
"GBCyl5RollSlMatt","GB-CYL-CLR-5ML-ROL-MSLV","Cylinder","5","Clear","13-415","Plastic Roller Ball","Matte Silver","false","capSplit","body | roller | cap","partial_kit_requires_visual_review","pending_exact_source_and_render_review"
"GBCylBlu9RollBlkDot","GB-CYL-BLU-9ML-ROL-BKDT","Cylinder","9","Cobalt Blue","17-415","Plastic Roller Ball","Black Dotted","true","full","body | roller | cap","","pending_exact_source_and_render_review"
"GBCylFrst9RollBlkDot","GB-CYL-FRS-9ML-ROL-BKDT","Cylinder","9","Frosted","17-415","Plastic Roller Ball","Black Dotted","true","full","body | roller | cap","","pending_exact_source_and_render_review"
"GBCyl9RollBlkDot","GB-CYL-CLR-9ML-T-11","Cylinder","9","Clear","17-415","Plastic Roller Ball","Black with Dots","false","","","no_published_matching_kit","pending_exact_source_and_render_review"
"GBCylSwrl9RollBlkDot","GB-CYL-CLR-9ML-ROL-BKDT-01","Cylinder","9","Swirl","17-415","Plastic Roller Ball","Black Dotted","true","full","body | roller | cap","","pending_exact_source_and_render_review"
"GBTallCyl9RollBlkDot","GB-CYL-CLR-9ML-ROL-BKDT-02","Cylinder","9","Clear","13-415","Plastic Roller Ball","Black with Dots","true","capSplit","body | roller | cap","partial_kit_requires_visual_review","pending_exact_source_and_render_review"
"GBTallCylFrst9RollBlkDot","GB-CYL-FRS-9ML-T-11","Cylinder","9","Frosted","13-415","Plastic Roller Ball","Black with Dots","true","capSplit","body | roller | cap","partial_kit_requires_visual_review","pending_exact_source_and_render_review"
"GBCyl9MtlRollMattSl","GB-CYL-CLR-9ML-MRL-MSLV-01","Cylinder","9","Clear","17-415","Metal Roller Ball","Matte Silver","true","full","roller | body | cap","","pending_exact_source_and_render_review"
"GBCyl9MtlRollSlDot","GB-CYL-CLR-9ML-T-09","Cylinder","9","Clear","17-415","Metal Roller Ball","Silver with Dots","true","full","roller | body | cap","","pending_exact_source_and_render_review"
"GBCyl9MtlRollPnkDot","GB-CYL-CLR-9ML-T-05","Cylinder","9","Clear","17-415","Metal Roller Ball","Pink with Dots","true","full","roller | body | cap","","pending_exact_source_and_render_review"
"GBCylBlu5RollGlSh","GB-CYL-BLU-5ML-ROL-SGLD","Cylinder","5","Cobalt Blue","13-415","Plastic Roller Ball","Shiny Gold","true","capSplit","body | roller | cap","partial_kit_requires_visual_review","pending_exact_source_and_render_review"
"GBCyl9MtlRollMattGl","GB-CYL-CLR-9ML-T-04","Cylinder","9","Clear","17-415","Metal Roller Ball","Matte Gold","true","full","roller | body | cap","","pending_exact_source_and_render_review"
"GBCylBlu5RollSlSh","GB-CYL-BLU-5ML-ROL-SSLV","Cylinder","5","Cobalt Blue","13-415","Plastic Roller Ball","Shiny Silver","true","capSplit","body | roller | cap","partial_kit_requires_visual_review","pending_exact_source_and_render_review"
"GBCyl9MtlRollShnGl","GB-CYL-CLR-9ML-T-07","Cylinder","9","Clear","17-415","Metal Roller Ball","Shiny Gold","true","full","roller | body | cap","","pending_exact_source_and_render_review"
"GBCylBlu5RollBlkSh","GB-CYL-BLU-5ML-ROL-SBLK","Cylinder","5","Cobalt Blue","13-415","Plastic Roller Ball","Shiny Black","true","capSplit","body | roller | cap","partial_kit_requires_visual_review","pending_exact_source_and_render_review"
"GBCyl9MtlRollShnSl","GB-CYL-CLR-9ML-T-08","Cylinder","9","Clear","17-415","Metal Roller Ball","Shiny Silver","true","full","roller | body | cap","","pending_exact_source_and_render_review"
"GBCylBlu5RollGlMatt","GB-CYL-BLU-5ML-ROL-MGLD","Cylinder","5","Cobalt Blue","13-415","Plastic Roller Ball","Matte Gold","true","capSplit","body | roller | cap","partial_kit_requires_visual_review","pending_exact_source_and_render_review"
"GBCyl9MtlRollMattCu","GB-CYL-CLR-9ML-T-03","Cylinder","9","Clear","17-415","Metal Roller Ball","Matte Copper","true","full","roller | body | cap","","pending_exact_source_and_render_review"
"GBCylBlu5RollPinkDot","GB-CYL-BLU-5ML-ROL-PKDT","Cylinder","5","Cobalt Blue","13-415","Plastic Roller Ball","Pink with Dots","true","capSplit","body | roller | cap","partial_kit_requires_visual_review","pending_exact_source_and_render_review"
"GBCyl9MtlRollShBlk","GB-CYL-CLR-9ML-T-06","Cylinder","9","Clear","17-415","Metal Roller Ball","Shiny Black","true","full","roller | body | cap","","pending_exact_source_and_render_review"
"GBCylBlu5RollSlDot","GB-CYL-BLU-5ML-ROL-SLDT","Cylinder","5","Cobalt Blue","13-415","Plastic Roller Ball","Silver with Dots","true","capSplit","body | roller | cap","partial_kit_requires_visual_review","pending_exact_source_and_render_review"
"GBCyl9MtlRollWht","GB-CYL-CLR-9ML-T-10","Cylinder","9","Clear","17-415","Metal Roller Ball","White","true","full","roller | body | cap","","pending_exact_source_and_render_review"
"GBCylBlu5RollCuMatt","GB-CYL-BLU-5ML-ROL-MCPR","Cylinder","5","Cobalt Blue","13-415","Plastic Roller Ball","Matte Copper","true","capSplit","body | roller | cap","partial_kit_requires_visual_review","pending_exact_source_and_render_review"
"GBCylAmb9MtlRollWht","GB-CYL-AMB-9ML-MRL-WHT","Cylinder","9","Amber","17-415","Metal Roller Ball","White","false","full","roller | body | cap","","pending_exact_source_and_render_review"
"GBCylBlu5RollSlMatt","GB-CYL-BLU-5ML-ROL-MSLV","Cylinder","5","Cobalt Blue","13-415","Plastic Roller Ball","Matte Silver","true","capSplit","body | roller | cap","partial_kit_requires_visual_review","pending_exact_source_and_render_review"
"GBCylAmb9MtlRollMattCu","GB-CYL-AMB-9ML-MRL-MCPR","Cylinder","9","Amber","17-415","Metal Roller Ball","Matte Copper","false","full","roller | body | cap","","pending_exact_source_and_render_review"
"GBCyl9SpryMattSl","GB-CYL-CLR-9ML-T-23","Cylinder","9","Clear","17-415","Fine Mist Sprayer","Clear","true","full","body | diptube | sprayer | overcap | collar","","pending_exact_source_and_render_review"
"GBCylAmb9MtlRollMattGl","GB-CYL-AMB-9ML-MRL-MGLD","Cylinder","9","Amber","17-415","Metal Roller Ball","Matte Gold","false","full","roller | body | cap","","pending_exact_source_and_render_review"
"GBCyl9SpryGl","GB-CYL-CLR-9ML-T-22","Cylinder","9","Clear","17-415","Fine Mist Sprayer","Clear","true","full","body | diptube | sprayer | overcap | collar","","pending_exact_source_and_render_review"
"GBCylAmb9MtlRollMattSl","GB-CYL-AMB-9ML-MRL-MSLV","Cylinder","9","Amber","17-415","Metal Roller Ball","Matte Silver","false","full","roller | body | cap","","pending_exact_source_and_render_review"
"GBCyl9SpryShSl","GB-CYL-CLR-9ML-T-25","Cylinder","9","Clear","17-415","Fine Mist Sprayer","Clear","true","full","body | diptube | sprayer | overcap | collar","","pending_exact_source_and_render_review"
"GBRoll28Blk","GB-CYL-CLR-28ML-RBL","Cylinder","28","Clear","16mm","Plastic Roller Ball","Black","false","full","roller | body | cap","","pending_exact_source_and_render_review"
"GBCylAmb9MtlRollPnkDot","GB-CYL-AMB-9ML-MRL-PKDT","Cylinder","9","Amber","17-415","Metal Roller Ball","Pink Dotted","false","full","roller | body | cap","","pending_exact_source_and_render_review"
"GBCyl9SpryRd","GB-CYL-CLR-9ML-T-24","Cylinder","9","Clear","17-415","Fine Mist Sprayer","Clear","true","full","body | diptube | sprayer | overcap | collar","","pending_exact_source_and_render_review"
"GBCylAmb9MtlRollShBlk","GB-CYL-AMB-9ML-MRL-SBLK","Cylinder","9","Amber","17-415","Metal Roller Ball","Shiny Black","false","full","roller | body | cap","","pending_exact_source_and_render_review"
"GBCyl9SpryTur","GB-CYL-CLR-9ML-T-26","Cylinder","9","Clear","17-415","Fine Mist Sprayer","Clear","true","full","body | diptube | sprayer | overcap | collar","","pending_exact_source_and_render_review"
"GBCylAmb9MtlRollShnGl","GB-CYL-AMB-9ML-MRL-SGLD","Cylinder","9","Amber","17-415","Metal Roller Ball","Shiny Gold","false","full","roller | body | cap","","pending_exact_source_and_render_review"
"GBCylAmb9SpryGl","GB-CYL-AMB-9ML-SPR-GLD","Cylinder","9","Amber","17-415","Fine Mist Sprayer","Gold","true","full","body | sprayer | overcap | collar","dip_tube_not_separate_review_source","pending_exact_source_and_render_review"
"GBCylAmb9MtlRollShnSl","GB-CYL-AMB-9ML-MRL-SSLV","Cylinder","9","Amber","17-415","Metal Roller Ball","Shiny Silver","false","full","roller | body | cap","","pending_exact_source_and_render_review"
"GBCylAmb9SpryMattSl","GB-CYL-AMB-9ML-SPR-MSLV","Cylinder","9","Amber","17-415","Fine Mist Sprayer","Matte Silver","true","full","body | sprayer | overcap | collar","dip_tube_not_separate_review_source","pending_exact_source_and_render_review"
"GBCyl50RollBlk","GB-CYL-BLK-50ML-ROL-BLK","Cylinder","50","Clear","16mm","Plastic Roller Ball","Black","false","full","body | roller | cap","","pending_exact_source_and_render_review"
"GBCylAmb9MtlRollSlDot","GB-CYL-AMB-9ML-MRL-SLDT","Cylinder","9","Amber","17-415","Metal Roller Ball","Silver Dotted","false","full","roller | body | cap","","pending_exact_source_and_render_review"
"GBCylAmb9SpryShSl","GB-CYL-AMB-9ML-SPR-SSLV","Cylinder","9","Amber","17-415","Fine Mist Sprayer","Shiny Silver","true","full","body | sprayer | overcap | collar","dip_tube_not_separate_review_source","pending_exact_source_and_render_review"
"GBCylAmb9SpryTur","GB-CYL-AMB-9ML-SPR-TRQ","Cylinder","9","Amber","17-415","Fine Mist Sprayer","Turquoise","true","full","body | sprayer | overcap | collar","dip_tube_not_separate_review_source","pending_exact_source_and_render_review"
"GBCylAmb9SpryRd","GB-CYL-AMB-9ML-SPR-RED","Cylinder","9","Amber","17-415","Fine Mist Sprayer","Red","true","full","body | sprayer | overcap | collar","dip_tube_not_separate_review_source","pending_exact_source_and_render_review"
"GBCyl5MtlRollBlkDot","GB-CYL-CLR-5ML-MRL-BKDT","Cylinder","5","Clear","13-415","Metal Roller Ball","Black with Dots","false","full","roller | body | cap","","pending_exact_source_and_render_review"
"GBCylBlu5MtlRollBlkDot","GB-CYL-BLU-5ML-MRL-BKDT","Cylinder","5","Cobalt Blue","13-415","Metal Roller Ball","Black with Dots","true","capSplit","body | cap","partial_kit_requires_visual_review | roller_not_separate_review_source","pending_exact_source_and_render_review"
"GBCyl100AnSpLvn","GB-CYL-CLR-100ML-ASP-LVN","Cylinder","100","Clear","18-415","Vintage Bulb Sprayer","Lavender","true","full","body | diptube | sprayer","","pending_exact_source_and_render_review"
"GBCylBlu9SpryTur","GB-CYL-BLU-9ML-SPR-TRQ","Cylinder","9","Cobalt Blue","17-415","Fine Mist Sprayer","Turquoise","true","full","body | sprayer | overcap | collar","dip_tube_not_separate_review_source","pending_exact_source_and_render_review"
"GBCyl100AnSpPnk","GB-CYL-CLR-100ML-ASP-PNK","Cylinder","100","Clear","18-415","Vintage Bulb Sprayer","Pink","true","full","body | diptube | sprayer","","pending_exact_source_and_render_review"
"GBCylBlu9SpryMattSl","GB-CYL-BLU-9ML-SPR-MSLV","Cylinder","9","Cobalt Blue","17-415","Fine Mist Sprayer","Matte Silver","true","full","body | sprayer | overcap | collar","dip_tube_not_separate_review_source","pending_exact_source_and_render_review"
"GBCyl100AnSpMtSl","GB-CYL-CLR-100ML-ASP-MSLV","Cylinder","100","Clear","18-415","Vintage Bulb Sprayer","Matte Silver","true","full","body | sprayer | diptube","","pending_exact_source_and_render_review"
"GBCylBlu9MtlRollMattSl","GB-CYL-BLU-9ML-MRL-MSLV","Cylinder","9","Cobalt Blue","17-415","Metal Roller Ball","Matte Silver","true","full","roller | body | cap","","pending_exact_source_and_render_review"
"GBCylBlu9SpryGl","GB-CYL-BLU-9ML-SPR-GLD","Cylinder","9","Cobalt Blue","17-415","Fine Mist Sprayer","Gold","true","full","body | sprayer | overcap | collar","dip_tube_not_separate_review_source","pending_exact_source_and_render_review"
"GBCyl100AnSpIvySl","GB-CYL-CLR-100ML-ASP-IVSL","Cylinder","100","Clear","18-415","Vintage Bulb Sprayer","Ivory Silver","true","full","body | diptube | sprayer","","pending_exact_source_and_render_review"
"GBCyl9MtlRollBlkDot","GB-CYL-CLR-9ML-T-02","Cylinder","9","Clear","17-415","Metal Roller Ball","Black with Dots","true","full","roller | body | cap","","pending_exact_source_and_render_review"
"GBCylBlu9MtlRollSlDot","GB-CYL-BLU-9ML-MRL-SLDT","Cylinder","9","Cobalt Blue","17-415","Metal Roller Ball","Silver Dotted","true","full","roller | body | cap","","pending_exact_source_and_render_review"
"GBCylBlu9SpryShSl","GB-CYL-BLU-9ML-SPR-SSLV","Cylinder","9","Cobalt Blue","17-415","Fine Mist Sprayer","Shiny Silver","true","full","body | sprayer | overcap | collar","dip_tube_not_separate_review_source","pending_exact_source_and_render_review"
"GBCyl100AnSpGl","GB-CYL-CLR-100ML-ASP-GLD","Cylinder","100","Clear","18-415","Vintage Bulb Sprayer","Gold","true","full","body | diptube | sprayer","","pending_exact_source_and_render_review"
"GBCylAmb9MtlRollBlkDot","GB-CYL-AMB-9ML-MRL-BKDT","Cylinder","9","Amber","17-415","Metal Roller Ball","Black Dotted","false","full","roller | body | cap","","pending_exact_source_and_render_review"
"GBCylBlu9MtlRollPnkDot","GB-CYL-BLU-9ML-MRL-PKDT","Cylinder","9","Cobalt Blue","17-415","Metal Roller Ball","Pink Dotted","true","full","roller | body | cap","","pending_exact_source_and_render_review"
"GBCylBlu9SpryRd","GB-CYL-BLU-9ML-SPR-RED","Cylinder","9","Cobalt Blue","17-415","Fine Mist Sprayer","Red","true","full","body | sprayer | overcap | collar","dip_tube_not_separate_review_source","pending_exact_source_and_render_review"
"GBCyl100AnSpIvyGl","GB-CYL-CLR-100ML-ASP-IVGD","Cylinder","100","Clear","18-415","Vintage Bulb Sprayer","Ivory Gold","true","full","diptube | body | sprayer","","pending_exact_source_and_render_review"
"GBCylBlu9MtlRollMattGl","GB-CYL-BLU-9ML-MRL-MGLD","Cylinder","9","Cobalt Blue","17-415","Metal Roller Ball","Matte Gold","true","full","roller | body | cap","","pending_exact_source_and_render_review"
"GBCylFrst9SpryGl","GB-CYL-FRS-9ML-SPR-GLD","Cylinder","9","Frosted","17-415","Fine Mist Sprayer","Gold","true","full","body | sprayer | overcap | collar","dip_tube_not_separate_review_source","pending_exact_source_and_render_review"
"GBCyl100AnSpWht","GB-CYL-CLR-100ML-ASP-WHT","Cylinder","100","Clear","18-415","Vintage Bulb Sprayer","White","true","full","body | diptube | sprayer","","pending_exact_source_and_render_review"
"GBCylBlu9MtlRollBlkDot","GB-CYL-BLU-9ML-MRL-BKDT","Cylinder","9","Cobalt Blue","17-415","Metal Roller Ball","Black Dotted","true","full","roller | body | cap","","pending_exact_source_and_render_review"
"GBCylBlu9MtlRollShnGl","GB-CYL-BLU-9ML-MRL-SGLD","Cylinder","9","Cobalt Blue","17-415","Metal Roller Ball","Shiny Gold","true","full","roller | body | cap","","pending_exact_source_and_render_review"
"GBCylFrst9SpryMattSl","GB-CYL-FRS-9ML-SPR-MSLV","Cylinder","9","Frosted","17-415","Fine Mist Sprayer","Matte Silver","true","full","body | sprayer | collar | overcap","dip_tube_not_separate_review_source","pending_exact_source_and_render_review"
"GBCyl100AnSpRed","GB-CYL-CLR-100ML-ASP-RED","Cylinder","100","Clear","18-415","Vintage Bulb Sprayer","Red","true","full","body | diptube | sprayer","","pending_exact_source_and_render_review"
"GBCylFrst9MtlRollBlkDot","GB-CYL-FRS-9ML-MRL-BKDT","Cylinder","9","Frosted","17-415","Metal Roller Ball","Black Dotted","true","full","roller | body | cap","","pending_exact_source_and_render_review"
"GBCylFrst9SpryShSl","GB-CYL-FRS-9ML-SPR-SSLV","Cylinder","9","Frosted","17-415","Fine Mist Sprayer","Shiny Silver","true","full","body | sprayer | overcap | collar","dip_tube_not_separate_review_source","pending_exact_source_and_render_review"
"GBCylBlu9MtlRollShnSl","GB-CYL-BLU-9ML-MRL-SSLV","Cylinder","9","Cobalt Blue","17-415","Metal Roller Ball","Shiny Silver","true","full","roller | body | cap","","pending_exact_source_and_render_review"
"GBCyl100AnSpTslLvn","GB-CYL-CLR-100ML-AST-LVN","Cylinder","100","Clear","18-415","Vintage Bulb Sprayer with Tassel","Lavender","true","full","diptube | body | sprayer","","pending_exact_source_and_render_review"
"GBCylSwrl9MtlRollBlkDot","GB-CYL-CLR-9ML-MRL-BKDT-01","Cylinder","9","Swirl","17-415","Metal Roller Ball","Black Dotted","true","full","roller | body | cap","","pending_exact_source_and_render_review"
"GBCylBlu9MtlRollMattCu","GB-CYL-BLU-9ML-MRL-MCPR","Cylinder","9","Cobalt Blue","17-415","Metal Roller Ball","Matte Copper","true","full","roller | body | cap","","pending_exact_source_and_render_review"
"GBCylFrst9SpryTur","GB-CYL-FRS-9ML-SPR-TRQ","Cylinder","9","Frosted","17-415","Fine Mist Sprayer","Turquoise","true","full","body | sprayer | overcap | collar","dip_tube_not_separate_review_source","pending_exact_source_and_render_review"
"GBCyl100AnSpTslIvyGl","GB-CYL-CLR-100ML-AST-IVGD","Cylinder","100","Clear","18-415","Vintage Bulb Sprayer with Tassel","Ivory Gold","true","full","diptube | body | sprayer","","pending_exact_source_and_render_review"
"GBTallCyl9MtlRollBlkDot","GB-CYL-CLR-9ML-MRL-BKDT-02","Cylinder","9","Clear","13-415","Metal Roller Ball","Black with Dots","true","capSplit","body | cap","partial_kit_requires_visual_review | roller_not_separate_review_source","pending_exact_source_and_render_review"
"GBCylBlu9MtlRollShBlk","GB-CYL-BLU-9ML-MRL-SBLK","Cylinder","9","Cobalt Blue","17-415","Metal Roller Ball","Shiny Black","true","full","roller | body | cap","","pending_exact_source_and_render_review"
"GBCylFrst9SpryRd","GB-CYL-FRS-9ML-SPR-RED","Cylinder","9","Frosted","17-415","Fine Mist Sprayer","Red","true","full","body | sprayer | overcap | collar","dip_tube_not_separate_review_source","pending_exact_source_and_render_review"
"GBCyl100AnSpTslIvySl","GB-CYL-CLR-100ML-AST-IVSL","Cylinder","100","Clear","18-415","Vintage Bulb Sprayer with Tassel","Ivory Silver","true","full","body | diptube | sprayer","","pending_exact_source_and_render_review"
"GBTallCylFrst9MtlRollBlkDot","GB-CYL-FRS-9ML-T-02","Cylinder","9","Frosted","13-415","Metal Roller Ball","Black with Dots","true","capSplit","body | cap","partial_kit_requires_visual_review | roller_not_separate_review_source","pending_exact_source_and_render_review"
"GBCylBlu9MtlRollWht","GB-CYL-BLU-9ML-MRL-WHT","Cylinder","9","Cobalt Blue","17-415","Metal Roller Ball","White","true","full","roller | body | cap","","pending_exact_source_and_render_review"
"GBCylSwrl9SpryGl","GB-CYL-CLR-9ML-SPR-GLD","Cylinder","9","Swirl","17-415","Fine Mist Sprayer","Gold","true","full","body | sprayer | overcap | collar","dip_tube_not_separate_review_source","pending_exact_source_and_render_review"
"GBCyl100AnSpTslWht","GB-CYL-CLR-100ML-AST-WHT","Cylinder","100","Clear","18-415","Vintage Bulb Sprayer with Tassel","White","true","full","diptube | body | sprayer","","pending_exact_source_and_render_review"
"GBCylFrst9MtlRollWht","GB-CYL-FRS-9ML-MRL-WHT","Cylinder","9","Frosted","17-415","Metal Roller Ball","White","true","full","roller | body | cap","","pending_exact_source_and_render_review"
"GBCylSwrl9SpryMattSl","GB-CYL-CLR-9ML-SPR-MSLV-01","Cylinder","9","Swirl","17-415","Fine Mist Sprayer","Matte Silver","true","full","body | sprayer | overcap | collar","dip_tube_not_separate_review_source","pending_exact_source_and_render_review"
"GBCyl100AnSpTslPnk","GB-CYL-CLR-100ML-AST-PNK","Cylinder","100","Clear","18-415","Vintage Bulb Sprayer with Tassel","Pink","true","full","diptube | body | sprayer","","pending_exact_source_and_render_review"
"GBCylFrst9MtlRollMattCu","GB-CYL-FRS-9ML-MRL-MCPR","Cylinder","9","Frosted","17-415","Metal Roller Ball","Matte Copper","true","full","roller | body | cap","","pending_exact_source_and_render_review"
"GBCylSwrl9SpryShSl","GB-CYL-CLR-9ML-SPR-SSLV-01","Cylinder","9","Swirl","17-415","Fine Mist Sprayer","Shiny Silver","true","full","body | sprayer | overcap | collar","dip_tube_not_separate_review_source","pending_exact_source_and_render_review"
"GBCyl100AnSpTslRed","GB-CYL-CLR-100ML-AST-RED","Cylinder","100","Clear","18-415","Vintage Bulb Sprayer with Tassel","Red","true","full","diptube | body | sprayer","","pending_exact_source_and_render_review"
"GBCylFrst9MtlRollMattSl","GB-CYL-FRS-9ML-MRL-MSLV","Cylinder","9","Frosted","17-415","Metal Roller Ball","Matte Silver","true","full","roller | body | cap","","pending_exact_source_and_render_review"
"GBCylSwrl9SpryRd","GB-CYL-CLR-9ML-SPR-RED","Cylinder","9","Swirl","17-415","Fine Mist Sprayer","Red","true","full","body | sprayer | overcap | collar","dip_tube_not_separate_review_source","pending_exact_source_and_render_review"
"GBCyl100AnSpTslMtSl","GB-CYL-CLR-100ML-AST-MSLV","Cylinder","100","Clear","18-415","Vintage Bulb Sprayer with Tassel","Matte Silver","true","full","diptube | body | sprayer","","pending_exact_source_and_render_review"
"GBCylFrst9MtlRollSlDot","GB-CYL-FRS-9ML-MRL-SLDT","Cylinder","9","Frosted","17-415","Metal Roller Ball","Silver Dotted","true","full","roller | body | cap","","pending_exact_source_and_render_review"
"GBCylSwrl9SpryTur","GB-CYL-CLR-9ML-T-27","Cylinder","9","Swirl","17-415","Fine Mist Sprayer","Clear","true","full","body | sprayer | overcap | collar","dip_tube_not_separate_review_source","pending_exact_source_and_render_review"
"GBCyl100AnSpTslGl","GB-CYL-CLR-100ML-AST-GLD","Cylinder","100","Clear","18-415","Vintage Bulb Sprayer with Tassel","Gold","true","full","diptube | body | sprayer","","pending_exact_source_and_render_review"
"GBCylFrst9MtlRollPnkDot","GB-CYL-FRS-9ML-MRL-PKDT","Cylinder","9","Frosted","17-415","Metal Roller Ball","Pink Dotted","true","full","roller | body | cap","","pending_exact_source_and_render_review"
"GBTallCyl9SpryBluMatt","GB-CYL-CLR-9ML-SPR-MBLU","Cylinder","9","Clear","13-415","Fine Mist Sprayer","Matte Blue","true","full","body | diptube | sprayer | overcap","","pending_exact_source_and_render_review"
"GBCylFrst9MtlRollMattGl","GB-CYL-FRS-9ML-MRL-MGLD","Cylinder","9","Frosted","17-415","Metal Roller Ball","Matte Gold","true","full","roller | body | cap","","pending_exact_source_and_render_review"
"GBTallCyl9SpryCuMatt","GB-CYL-CLR-9ML-SPR-MCPR","Cylinder","9","Clear","13-415","Fine Mist Sprayer","Matte Copper","true","full","body | diptube | sprayer | overcap","","pending_exact_source_and_render_review"
"LBCyl50LtnMtGl","LB-CYL-CLR-50ML-LPM-MGLD","Cylinder","50","Clear","18-415","Lotion Pump","Matte Gold","true","full","body | diptube | pump | overcap","","pending_exact_source_and_render_review"
"GBCylFrst9MtlRollShnGl","GB-CYL-FRS-9ML-MRL-SGLD","Cylinder","9","Frosted","17-415","Metal Roller Ball","Shiny Gold","true","full","roller | body | cap","","pending_exact_source_and_render_review"
"GBTallCyl9SpryBlkSh","GB-CYL-CLR-9ML-SPR-SBLK","Cylinder","9","Clear","13-415","Fine Mist Sprayer","Shiny Black","true","full","body | diptube | sprayer | overcap","","pending_exact_source_and_render_review"
"LBCyl50LtnShnGl","LB-CYL-CLR-50ML-LPM-SGLD","Cylinder","50","Clear","18-415","Lotion Pump","Shiny Gold","true","full","body | diptube | pump | overcap","","pending_exact_source_and_render_review"
"GBCylAmb9RollWht","GB-CYL-AMB-9ML-ROL-WHT","Cylinder","9","Amber","17-415","Plastic Roller Ball","White","false","full","body | roller | cap","","pending_exact_source_and_render_review"
"GBCylFrst9MtlRollShnSl","GB-CYL-FRS-9ML-MRL-SSLV","Cylinder","9","Frosted","17-415","Metal Roller Ball","Shiny Silver","true","full","roller | body | cap","","pending_exact_source_and_render_review"
"GBTallCyl9SpryGlMatt","GB-CYL-CLR-9ML-SPR-MGLD","Cylinder","9","Clear","13-415","Fine Mist Sprayer","Matte Gold","true","full","body | diptube | sprayer | overcap","","pending_exact_source_and_render_review"
"LBCyl50LtnShnBlk","LB-CYL-CLR-50ML-LPM-SBLK","Cylinder","50","Clear","18-415","Lotion Pump","Shiny Black","true","full","body | diptube | pump | overcap","","pending_exact_source_and_render_review"
"GBCylAmb9RollMattCu","GB-CYL-AMB-9ML-ROL-MCPR","Cylinder","9","Amber","17-415","Plastic Roller Ball","Matte Copper","false","full","body | roller | cap","","pending_exact_source_and_render_review"
"GBCylFrst9MtlRollShBlk","GB-CYL-FRS-9ML-MRL-SBLK","Cylinder","9","Frosted","17-415","Metal Roller Ball","Shiny Black","true","full","roller | body | cap","","pending_exact_source_and_render_review"
"GBTallCyl9SpryGlSh","GB-CYL-CLR-9ML-SPR-SGLD","Cylinder","9","Clear","13-415","Fine Mist Sprayer","Shiny Gold","true","full","body | diptube | sprayer | overcap","","pending_exact_source_and_render_review"
"LBCyl50LtnMtSl","LB-CYL-CLR-50ML-LPM-MSLV","Cylinder","50","Clear","18-415","Lotion Pump","Matte Silver","true","full","body | diptube | pump | overcap","","pending_exact_source_and_render_review"
"GBCylAmb9RollMattGl","GB-CYL-AMB-9ML-ROL-MGLD","Cylinder","9","Amber","17-415","Plastic Roller Ball","Matte Gold","false","full","body | roller | cap","","pending_exact_source_and_render_review"
"GBCylSwrl9MtlRollMattSl","GB-CYL-CLR-9ML-MRL-MSLV-02","Cylinder","9","Swirl","17-415","Metal Roller Ball","Matte Silver","true","full","roller | body | cap","","pending_exact_source_and_render_review"
"GBTallCyl9SprySlMatt","GB-CYL-CLR-9ML-SPR-MSLV-02","Cylinder","9","Clear","13-415","Fine Mist Sprayer","Matte Silver","true","full","body | diptube | sprayer | overcap","","pending_exact_source_and_render_review"
"LBCyl50LtnShnSl","LB-CYL-CLR-50ML-LPM-SSLV","Cylinder","50","Clear","18-415","Lotion Pump","Shiny Silver","true","full","body | diptube | pump | overcap","","pending_exact_source_and_render_review"
"GBCylAmb9RollMattSl","GB-CYL-AMB-9ML-ROL-MSLV","Cylinder","9","Amber","17-415","Plastic Roller Ball","Matte Silver","false","full","body | roller | cap","","pending_exact_source_and_render_review"
"GBCylSwrl9MtlRollSlDot","GB-CYL-CLR-9ML-MRL-SLDT-01","Cylinder","9","Swirl","17-415","Metal Roller Ball","Silver Dotted","true","full","roller | body | cap","","pending_exact_source_and_render_review"
"GBTallCyl9SprySlSh","GB-CYL-CLR-9ML-SPR-SSLV-02","Cylinder","9","Clear","13-415","Fine Mist Sprayer","Shiny Silver","true","full","body | diptube | sprayer | overcap","","pending_exact_source_and_render_review"
"LBCyl50LtnCu","LB-CYL-CLR-50ML-LPM-CPR","Cylinder","50","Clear","18-415","Lotion Pump","Copper","true","full","diptube | body | pump | overcap","","pending_exact_source_and_render_review"
"GBCylAmb9RollPnkDot","GB-CYL-AMB-9ML-ROL-PKDT","Cylinder","9","Amber","17-415","Plastic Roller Ball","Pink Dotted","false","full","body | roller | cap","","pending_exact_source_and_render_review"
"GBCylSwrl9MtlRollPnkDot","GB-CYL-CLR-9ML-MRL-PKDT-01","Cylinder","9","Swirl","17-415","Metal Roller Ball","Pink Dotted","true","full","roller | body | cap","","pending_exact_source_and_render_review"
"GBTallCylFrst9SpryBlkSh","GB-CYL-FRS-9ML-02","Cylinder","9","Frosted","13-415","Fine Mist Sprayer","Frosted","true","full","body | diptube | sprayer | overcap","","pending_exact_source_and_render_review"
"GBMtlRoll28Blk","GB-CYL-CLR-28ML-MRL-01","Cylinder","28","Clear","16mm","Metal Roller Ball","Black","false","full","body | roller | cap","","pending_exact_source_and_render_review"
"GBCylAmb9RollShBlk","GB-CYL-AMB-9ML-ROL-SBLK","Cylinder","9","Amber","17-415","Plastic Roller Ball","Shiny Black","false","full","body | roller | cap","","pending_exact_source_and_render_review"
"GBCylSwrl9MtlRollMattGl","GB-CYL-CLR-9ML-MRL-MGLD-01","Cylinder","9","Swirl","17-415","Metal Roller Ball","Matte Gold","true","full","roller | body | cap","","pending_exact_source_and_render_review"
"GBTallCylFrst9SpryBluMatt","GB-CYL-FRS-9ML-03","Cylinder","9","Frosted","13-415","Fine Mist Sprayer","Frosted","true","full","body | diptube | sprayer | overcap","","pending_exact_source_and_render_review"
"GBCylSwrl9MtlRollShnGl","GB-CYL-CLR-9ML-MRL-SGLD-01","Cylinder","9","Swirl","17-415","Metal Roller Ball","Shiny Gold","true","full","roller | body | cap","","pending_exact_source_and_render_review"
"GBCylAmb9RollShnGl","GB-CYL-AMB-9ML-ROL-SGLD","Cylinder","9","Amber","17-415","Plastic Roller Ball","Shiny Gold","false","full","body | roller | cap","","pending_exact_source_and_render_review"
"GBTallCylFrst9SpryGlSh","GB-CYL-FRS-9ML-06","Cylinder","9","Frosted","13-415","Fine Mist Sprayer","Frosted","true","full","body | diptube | sprayer | overcap","","pending_exact_source_and_render_review"
"GBCylAmb9RollShnSl","GB-CYL-AMB-9ML-ROL-SSLV","Cylinder","9","Amber","17-415","Plastic Roller Ball","Shiny Silver","false","full","body | roller | cap","","pending_exact_source_and_render_review"
"GBCylSwrl9MtlRollShnSl","GB-CYL-CLR-9ML-MRL-SSLV-01","Cylinder","9","Swirl","17-415","Metal Roller Ball","Shiny Silver","true","full","roller | body | cap","","pending_exact_source_and_render_review"
"GBTallCylFrst9SpryGlMatt","GB-CYL-FRS-9ML-05","Cylinder","9","Frosted","13-415","Fine Mist Sprayer","Frosted","true","full","body | diptube | sprayer | overcap","","pending_exact_source_and_render_review"
"GBCylSwrl9MtlRollMattCu","GB-CYL-CLR-9ML-MRL-MCPR-01","Cylinder","9","Swirl","17-415","Metal Roller Ball","Matte Copper","true","full","roller | body | cap","","pending_exact_source_and_render_review"
"GBCylAmb9RollSlDot","GB-CYL-AMB-9ML-ROL-SLDT","Cylinder","9","Amber","17-415","Plastic Roller Ball","Silver Dotted","false","full","body | roller | cap","","pending_exact_source_and_render_review"
"GBTallCylFrst9SprySlMatt","GB-CYL-FRS-9ML-07","Cylinder","9","Frosted","13-415","Fine Mist Sprayer","Frosted","true","full","body | diptube | sprayer | overcap","","pending_exact_source_and_render_review"
"GBCyl50MtlRollBlk","GB-CYL-BLK-50ML-MRL-BLK","Cylinder","50","Clear","16mm","Metal Roller Ball","Black","false","full","body | roller | cap","","pending_exact_source_and_render_review"
"GBCyl50RdcrShnGl","GB-CYL-CLR-50ML-RDC-SGLD","Cylinder","50","Clear","18-415","Reducer","Shiny Gold","true","capSplit","body | fitment","partial_kit_requires_visual_review","pending_exact_source_and_render_review"
"GBCylSwrl9MtlRollShBlk","GB-CYL-CLR-9ML-MRL-SBLK-01","Cylinder","9","Swirl","17-415","Metal Roller Ball","Shiny Black","true","full","roller | body | cap","","pending_exact_source_and_render_review"
"GBTallCylFrst9SprySlSh","GB-CYL-FRS-9ML-08","Cylinder","9","Frosted","13-415","Fine Mist Sprayer","Frosted","true","full","body | diptube | sprayer | overcap","","pending_exact_source_and_render_review"
"GBCyl50RdcrShnBlkTall","GB-CYL-CLR-50ML-RDC-SBLK-T","Cylinder","50","Clear","18-415","Reducer","Tall Shiny Black","true","capSplit","body | fitment","partial_kit_requires_visual_review","pending_exact_source_and_render_review"
"GBTallCylFrst9SpryCuMatt","GB-CYL-FRS-9ML-04","Cylinder","9","Frosted","13-415","Fine Mist Sprayer","Frosted","true","full","body | sprayer | overcap","dip_tube_not_separate_review_source","pending_exact_source_and_render_review"
"GBCyl50RdcrShnBlk","GB-CYL-CLR-50ML-RDC-SBLK","Cylinder","50","Clear","18-415","Reducer","Shiny Black","true","capSplit","body | fitment","partial_kit_requires_visual_review","pending_exact_source_and_render_review"
"GBTallCyl9MtlRollBlkSh","GB-CYL-CLR-9ML-MRL-SBLK-02","Cylinder","9","Clear","13-415","Metal Roller Ball","Shiny Black","true","capSplit","body | cap","partial_kit_requires_visual_review | roller_not_separate_review_source","pending_exact_source_and_render_review"
"GBCyl50RdcrBrwnLthr","GB-CYL-CLR-50ML-RDC-BRLT","Cylinder","50","Clear","18-415","Reducer","Brown Leather","true","capSplit","body | fitment","partial_kit_requires_visual_review","pending_exact_source_and_render_review"
"GBTallCyl9MtlRollCuMatt","GB-CYL-CLR-9ML-MRL-MCPR-02","Cylinder","9","Clear","13-415","Metal Roller Ball","Matte Copper","true","capSplit","body | cap","partial_kit_requires_visual_review | roller_not_separate_review_source","pending_exact_source_and_render_review"
"GBCyl50RdcrLBrwnLthr","GB-CYL-CLR-50ML-RDC-LBLT","Cylinder","50","Clear","18-415","Reducer","Light Brown Leather","true","capSplit","body | fitment","partial_kit_requires_visual_review","pending_exact_source_and_render_review"
"GBTallCyl9MtlRollGlMatt","GB-CYL-CLR-9ML-MRL-MGLD-02","Cylinder","9","Clear","13-415","Metal Roller Ball","Matte Gold","true","capSplit","body | cap","partial_kit_requires_visual_review | roller_not_separate_review_source","pending_exact_source_and_render_review"
"GBCyl50RdcrShnSl","GB-CYL-CLR-50ML-RDC-SSLV","Cylinder","50","Clear","18-415","Reducer","Shiny Silver","true","capSplit","body | fitment","partial_kit_requires_visual_review","pending_exact_source_and_render_review"
"GBTallCyl9MtlRollGlSh","GB-CYL-CLR-9ML-MRL-SGLD-02","Cylinder","9","Clear","13-415","Metal Roller Ball","Shiny Gold","true","capSplit","body | cap","partial_kit_requires_visual_review | roller_not_separate_review_source","pending_exact_source_and_render_review"
"GBCyl50RdcrMtSlTall","GB-CYL-CLR-50ML-RDC-MSLV-T","Cylinder","50","Clear","18-415","Reducer","Tall Matte Silver","true","capSplit","body | fitment","partial_kit_requires_visual_review","pending_exact_source_and_render_review"
"GBTallCyl9MtlRollPinkDot","GB-CYL-CLR-9ML-MRL-PKDT-02","Cylinder","9","Clear","13-415","Metal Roller Ball","Pink Dotted","true","capSplit","body | cap","partial_kit_requires_visual_review | roller_not_separate_review_source","pending_exact_source_and_render_review"
"GBCyl50RdcrMtSl","GB-CYL-CLR-50ML-RDC-MSLV","Cylinder","50","Clear","18-415","Reducer","Matte Silver","true","capSplit","body | fitment","partial_kit_requires_visual_review","pending_exact_source_and_render_review"
"GBTallCyl9MtlRollSlDot","GB-CYL-CLR-9ML-MRL-SLDT-02","Cylinder","9","Clear","13-415","Metal Roller Ball","Silver Dotted","true","capSplit","body | cap","partial_kit_requires_visual_review | roller_not_separate_review_source","pending_exact_source_and_render_review"
"GBCylBlu9RollWht","GB-CYL-BLU-9ML-ROL-WHT","Cylinder","9","Cobalt Blue","17-415","Plastic Roller Ball","White","true","full","body | roller | cap","","pending_exact_source_and_render_review"
"GBCyl50RdcrWht","GB-CYL-CLR-50ML-RDC-WHT","Cylinder","50","Clear","18-415","Reducer","White","true","capSplit","body | fitment","partial_kit_requires_visual_review","pending_exact_source_and_render_review"
"GBTallCyl9MtlRollSlMatt","GB-CYL-CLR-9ML-MRL-MSLV-03","Cylinder","9","Clear","13-415","Metal Roller Ball","Matte Silver","true","capSplit","body | cap","partial_kit_requires_visual_review | roller_not_separate_review_source","pending_exact_source_and_render_review"
"GBCylBlu9RollShBlk","GB-CYL-BLU-9ML-ROL-SBLK","Cylinder","9","Cobalt Blue","17-415","Plastic Roller Ball","Shiny Black","true","full","body | roller | cap","","pending_exact_source_and_render_review"
"GBCyl50RdcrPnkLthr","GB-CYL-CLR-50ML-RDC-PKLT","Cylinder","50","Clear","18-415","Reducer","Pink Leather","true","capSplit","body | fitment","partial_kit_requires_visual_review","pending_exact_source_and_render_review"
"GBTallCyl9MtlRollSlSh","GB-CYL-CLR-9ML-MRL-SSLV-02","Cylinder","9","Clear","13-415","Metal Roller Ball","Shiny Silver","true","capSplit","body | cap","partial_kit_requires_visual_review | roller_not_separate_review_source","pending_exact_source_and_render_review"
"GBCylBlu9RollShnGl","GB-CYL-BLU-9ML-ROL-SGLD","Cylinder","9","Cobalt Blue","17-415","Plastic Roller Ball","Shiny Gold","true","full","body | roller | cap","","pending_exact_source_and_render_review"
"GBCyl50RdcrIvyLthr","GB-CYL-CLR-50ML-RDC-IVLT","Cylinder","50","Clear","18-415","Reducer","Ivory Leather","true","capSplit","body | fitment","partial_kit_requires_visual_review","pending_exact_source_and_render_review"
"GBTallCylFrst9MtlRollSlDot","GB-CYL-FRS-9ML-T-08","Cylinder","9","Frosted","13-415","Metal Roller Ball","Silver with Dots","true","capSplit","body | cap","partial_kit_requires_visual_review | roller_not_separate_review_source","pending_exact_source_and_render_review"
"GBCylBlu9RollShnSl","GB-CYL-BLU-9ML-ROL-SSLV","Cylinder","9","Cobalt Blue","17-415","Plastic Roller Ball","Shiny Silver","true","full","body | roller | cap","","pending_exact_source_and_render_review"
"GBTallCylFrst9MtlRollPinkDot","GB-CYL-FRS-9ML-T-07","Cylinder","9","Frosted","13-415","Metal Roller Ball","Pink with Dots","true","capSplit","body | cap","partial_kit_requires_visual_review | roller_not_separate_review_source","pending_exact_source_and_render_review"
"GBCylBlu9RollPnkDot","GB-CYL-BLU-9ML-ROL-PKDT","Cylinder","9","Cobalt Blue","17-415","Plastic Roller Ball","Pink Dotted","false","","","no_published_matching_kit","pending_exact_source_and_render_review"
"GBTallCylFrst9MtlRollSlMatt","GB-CYL-FRS-9ML-T-09","Cylinder","9","Frosted","13-415","Metal Roller Ball","Matte Silver","true","capSplit","body | cap","partial_kit_requires_visual_review | roller_not_separate_review_source","pending_exact_source_and_render_review"
"GBCylBlu9RollMattSl","GB-CYL-BLU-9ML-ROL-MSLV","Cylinder","9","Cobalt Blue","17-415","Plastic Roller Ball","Matte Silver","true","full","body | roller | cap","","pending_exact_source_and_render_review"
"GBTallCylFrst9MtlRollGlMatt","GB-CYL-FRS-9ML-T-05","Cylinder","9","Frosted","13-415","Metal Roller Ball","Matte Gold","true","capSplit","body | cap","partial_kit_requires_visual_review | roller_not_separate_review_source","pending_exact_source_and_render_review"
"GBCylBlu9RollSlDot","GB-CYL-BLU-9ML-ROL-SLDT","Cylinder","9","Cobalt Blue","17-415","Plastic Roller Ball","Silver Dotted","false","","","no_published_matching_kit","pending_exact_source_and_render_review"
"GBTallCylFrst9MtlRollGlSh","GB-CYL-FRS-9ML-T-06","Cylinder","9","Frosted","13-415","Metal Roller Ball","Shiny Gold","true","capSplit","body | cap","partial_kit_requires_visual_review | roller_not_separate_review_source","pending_exact_source_and_render_review"
"GBCylBlu9RollMattGl","GB-CYL-BLU-9ML-ROL-MGLD","Cylinder","9","Cobalt Blue","17-415","Plastic Roller Ball","Matte Gold","true","full","body | roller | cap","","pending_exact_source_and_render_review"
"GBTallCylFrst9MtlRollSlSh","GB-CYL-FRS-9ML-T-10","Cylinder","9","Frosted","13-415","Metal Roller Ball","Shiny Silver","true","capSplit","body | cap","partial_kit_requires_visual_review | roller_not_separate_review_source","pending_exact_source_and_render_review"
"GBCylBlu9RollMattCu","GB-CYL-BLU-9ML-ROL-MCPR","Cylinder","9","Cobalt Blue","17-415","Plastic Roller Ball","Matte Copper","true","full","body | roller | cap","","pending_exact_source_and_render_review"
"GBTallCylFrst9MtlRollCuMatt","GB-CYL-FRS-9ML-T-04","Cylinder","9","Frosted","13-415","Metal Roller Ball","Matte Copper","true","capSplit","body | cap","partial_kit_requires_visual_review | roller_not_separate_review_source","pending_exact_source_and_render_review"
"GBCylFrst9RollShBlk","GB-CYL-FRS-9ML-ROL-SBLK","Cylinder","9","Frosted","17-415","Plastic Roller Ball","Shiny Black","true","full","body | roller | cap","","pending_exact_source_and_render_review"
"GBTallCylFrst9MtlRollBlkSh","GB-CYL-FRS-9ML-T-03","Cylinder","9","Frosted","13-415","Metal Roller Ball","Shiny Black","true","capSplit","body | cap","partial_kit_requires_visual_review | roller_not_separate_review_source","pending_exact_source_and_render_review"
"GBCylFrst9RollShnGl","GB-CYL-FRS-9ML-ROL-SGLD","Cylinder","9","Frosted","17-415","Plastic Roller Ball","Shiny Gold","true","full","body | roller | cap","","pending_exact_source_and_render_review"
"GBCylFrst9RollShnSl","GB-CYL-FRS-9ML-ROL-SSLV","Cylinder","9","Frosted","17-415","Plastic Roller Ball","Shiny Silver","true","full","body | roller | cap","","pending_exact_source_and_render_review"
"GBCylFrst9RollPnkDot","GB-CYL-FRS-9ML-ROL-PKDT","Cylinder","9","Frosted","17-415","Plastic Roller Ball","Pink Dotted","true","full","body | roller | cap","","pending_exact_source_and_render_review"
"GBCylFrst9RollSlDot","GB-CYL-FRS-9ML-ROL-SLDT","Cylinder","9","Frosted","17-415","Plastic Roller Ball","Silver Dotted","true","full","body | roller | cap","","pending_exact_source_and_render_review"
"GBCylFrst9RollMattSl","GB-CYL-FRS-9ML-ROL-MSLV","Cylinder","9","Frosted","17-415","Plastic Roller Ball","Matte Silver","true","full","body | roller | cap","","pending_exact_source_and_render_review"
"GBCylFrst9RollMattGl","GB-CYL-FRS-9ML-ROL-MGLD","Cylinder","9","Frosted","17-415","Plastic Roller Ball","Matte Gold","true","full","body | roller | cap","","pending_exact_source_and_render_review"
"GBCylFrst9RollMattCu","GB-CYL-FRS-9ML-ROL-MCPR","Cylinder","9","Frosted","17-415","Plastic Roller Ball","Matte Copper","true","full","body | roller | cap","","pending_exact_source_and_render_review"
"GBCylFrst9RollWht","GB-CYL-FRS-9ML-ROL-WHT","Cylinder","9","Frosted","17-415","Plastic Roller Ball","White","true","full","body | roller | cap","","pending_exact_source_and_render_review"
"GBCyl9RollShnSl","GB-CYL-CLR-9ML-T-18","Cylinder","9","Clear","17-415","Plastic Roller Ball","Shiny Silver","true","full","body | roller | cap","","pending_exact_source_and_render_review"
"GBCyl9RollWht","GB-CYL-CLR-9ML-T-20","Cylinder","9","Clear","17-415","Plastic Roller Ball","White","true","full","body | roller | cap","","pending_exact_source_and_render_review"
"GBCyl9RollShnGl","GB-CYL-CLR-9ML-T-17","Cylinder","9","Clear","17-415","Plastic Roller Ball","Shiny Gold","true","full","body | roller | cap","","pending_exact_source_and_render_review"
"GBCyl9RollShBlk","GB-CYL-CLR-9ML-T-16","Cylinder","9","Clear","17-415","Plastic Roller Ball","Shiny Black","true","full","body | roller | cap","","pending_exact_source_and_render_review"
"GBCyl9RollMattCu","GB-CYL-CLR-9ML-T-12","Cylinder","9","Clear","17-415","Plastic Roller Ball","Matte Copper","true","full","body | roller | cap","","pending_exact_source_and_render_review"
"GBCyl9RollSlDot","GB-CYL-CLR-9ML-T-19","Cylinder","9","Clear","17-415","Plastic Roller Ball","Silver with Dots","true","full","body | roller | cap","","pending_exact_source_and_render_review"
"GBCyl9RollPnkDot","GB-CYL-CLR-9ML-T-15","Cylinder","9","Clear","17-415","Plastic Roller Ball","Pink with Dots","false","","","no_published_matching_kit","pending_exact_source_and_render_review"
"GBCyl9RollMattSl","GB-CYL-CLR-9ML-T-14","Cylinder","9","Clear","17-415","Plastic Roller Ball","Matte Silver","true","full","body | roller | cap","","pending_exact_source_and_render_review"
"GBCyl9RollMattGl","GB-CYL-CLR-9ML-T-13","Cylinder","9","Clear","17-415","Plastic Roller Ball","Matte Gold","true","full","body | roller | cap","","pending_exact_source_and_render_review"
"GBCylSwrl9RollShnSl","GB-CYL-CLR-9ML-ROL-SSLV-01","Cylinder","9","Swirl","17-415","Plastic Roller Ball","Shiny Silver","false","","","no_published_matching_kit","pending_exact_source_and_render_review"
"GBCylSwrl9RollShnGl","GB-CYL-CLR-9ML-ROL-SGLD-01","Cylinder","9","Swirl","17-415","Plastic Roller Ball","Shiny Gold","false","","","no_published_matching_kit","pending_exact_source_and_render_review"
"GBCylSwrl9RollShBlk","GB-CYL-CLR-9ML-ROL-SBLK-01","Cylinder","9","Swirl","17-415","Plastic Roller Ball","Shiny Black","false","","","no_published_matching_kit","pending_exact_source_and_render_review"
"GBCylSwrl9RollMattCu","GB-CYL-CLR-9ML-ROL-MCPR-01","Cylinder","9","Swirl","17-415","Plastic Roller Ball","Matte Copper","false","","","no_published_matching_kit","pending_exact_source_and_render_review"
"GBCylSwrl9RollPnkDot","GB-CYL-CLR-9ML-ROL-PKDT-01","Cylinder","9","Swirl","17-415","Plastic Roller Ball","Pink Dotted","true","full","body | roller | cap","","pending_exact_source_and_render_review"
"GBCylSwrl9RollSlDot","GB-CYL-CLR-9ML-ROL-SLDT-01","Cylinder","9","Swirl","17-415","Plastic Roller Ball","Silver Dotted","true","full","body | roller | cap","","pending_exact_source_and_render_review"
"GBCylSwrl9RollMattSl","GB-CYL-CLR-9ML-ROL-MSLV-01","Cylinder","9","Swirl","17-415","Plastic Roller Ball","Matte Silver","false","","","no_published_matching_kit","pending_exact_source_and_render_review"
"GBCylSwrl9RollMattGl","GB-CYL-CLR-9ML-ROL-MGLD-01","Cylinder","9","Swirl","17-415","Plastic Roller Ball","Matte Gold","false","","","no_published_matching_kit","pending_exact_source_and_render_review"
"GBTallCyl9RollBlkSh","GB-CYL-CLR-9ML-ROL-SBLK-02","Cylinder","9","Clear","13-415","Plastic Roller Ball","Shiny Black","true","capSplit","body | roller | cap","partial_kit_requires_visual_review","pending_exact_source_and_render_review"
"GBTallCyl9RollCuMatt","GB-CYL-CLR-9ML-ROL-MCPR-02","Cylinder","9","Clear","13-415","Plastic Roller Ball","Matte Copper","true","capSplit","body | roller | cap","partial_kit_requires_visual_review","pending_exact_source_and_render_review"
"GBTallCyl9RollGlMatt","GB-CYL-CLR-9ML-ROL-MGLD-02","Cylinder","9","Clear","13-415","Plastic Roller Ball","Matte Gold","true","capSplit","body | roller | cap","partial_kit_requires_visual_review","pending_exact_source_and_render_review"
"GBTallCyl9RollGlSh","GB-CYL-CLR-9ML-ROL-SGLD-02","Cylinder","9","Clear","13-415","Plastic Roller Ball","Shiny Gold","true","capSplit","body | roller | cap","partial_kit_requires_visual_review","pending_exact_source_and_render_review"
"GBTallCyl9RollPinkDot","GB-CYL-CLR-9ML-ROL-PKDT-02","Cylinder","9","Clear","13-415","Plastic Roller Ball","Pink Dotted","true","capSplit","body | roller | cap","partial_kit_requires_visual_review","pending_exact_source_and_render_review"
"GBTallCyl9RollSlDot","GB-CYL-CLR-9ML-ROL-SLDT-02","Cylinder","9","Clear","13-415","Plastic Roller Ball","Silver Dotted","true","capSplit","body | roller | cap","partial_kit_requires_visual_review","pending_exact_source_and_render_review"
"GBTallCyl9RollSlMatt","GB-CYL-CLR-9ML-ROL-MSLV-02","Cylinder","9","Clear","13-415","Plastic Roller Ball","Matte Silver","true","capSplit","body | roller | cap","partial_kit_requires_visual_review","pending_exact_source_and_render_review"
"GBTallCyl9RollSlSh","GB-CYL-CLR-9ML-ROL-SSLV-02","Cylinder","9","Clear","13-415","Plastic Roller Ball","Shiny Silver","true","capSplit","body | roller | cap","partial_kit_requires_visual_review","pending_exact_source_and_render_review"
"GBTallCylFrst9RollSlDot","GB-CYL-FRS-9ML-T-17","Cylinder","9","Frosted","13-415","Plastic Roller Ball","Silver with Dots","true","capSplit","body | roller | cap","partial_kit_requires_visual_review","pending_exact_source_and_render_review"
"GBTallCylFrst9RollPinkDot","GB-CYL-FRS-9ML-T-16","Cylinder","9","Frosted","13-415","Plastic Roller Ball","Pink with Dots","true","capSplit","body | roller | cap","partial_kit_requires_visual_review","pending_exact_source_and_render_review"
"GBTallCylFrst9RollSlMatt","GB-CYL-FRS-9ML-T-18","Cylinder","9","Frosted","13-415","Plastic Roller Ball","Matte Silver","true","capSplit","body | roller | cap","partial_kit_requires_visual_review","pending_exact_source_and_render_review"
"GBCyl5BlkSht","GB-CYL-CLR-5ML-S","Cylinder","5","Clear","13-415","Cap/Closure","Short Ribbed Black","true","capSplit","body | cap","partial_kit_requires_visual_review","pending_exact_source_and_render_review"
"GBTallCylFrst9RollGlMatt","GB-CYL-FRS-9ML-T-14","Cylinder","9","Frosted","13-415","Plastic Roller Ball","Matte Gold","true","capSplit","body | roller | cap","partial_kit_requires_visual_review","pending_exact_source_and_render_review"
"GBTallCylFrst9RollGlSh","GB-CYL-FRS-9ML-T-15","Cylinder","9","Frosted","13-415","Plastic Roller Ball","Shiny Gold","true","capSplit","body | roller | cap","partial_kit_requires_visual_review","pending_exact_source_and_render_review"
"GBCylBlu5BlkSht","GB-CYL-CBL-5ML-S-01","Cylinder","5","Cobalt Blue","13-415","Cap/Closure","Short Ribbed Black","true","capSplit","body | cap","partial_kit_requires_visual_review","pending_exact_source_and_render_review"
"GBTallCylFrst9RollSlSh","GB-CYL-FRS-9ML-T-19","Cylinder","9","Frosted","13-415","Plastic Roller Ball","Shiny Silver","true","capSplit","body | roller | cap","partial_kit_requires_visual_review","pending_exact_source_and_render_review"
"GBTallCylFrst9RollCuMatt","GB-CYL-FRS-9ML-T-13","Cylinder","9","Frosted","13-415","Plastic Roller Ball","Matte Copper","true","capSplit","body | roller | cap","partial_kit_requires_visual_review","pending_exact_source_and_render_review"
"GBTallCylFrst9RollBlkSh","GB-CYL-FRS-9ML-T-12","Cylinder","9","Frosted","13-415","Plastic Roller Ball","Shiny Black","true","capSplit","body | roller | cap","partial_kit_requires_visual_review","pending_exact_source_and_render_review"
"GBTallCyl9BlkSht","GB-CYL-CLR-9ML-S-02","Cylinder","9","Clear","13-415","","Short Ribbed Black","true","capSplit","body | cap","partial_kit_requires_visual_review","pending_exact_source_and_render_review"
"GBTallCylFrst9BlkSht","GB-CYL-FRS-9ML-S-01","Cylinder","9","Frosted","13-415","","Short Ribbed Black","true","capSplit","body | cap","partial_kit_requires_visual_review","pending_exact_source_and_render_review"
"LBCyl100LtnShnBlk","LB-CYL-CLR-100ML-LPM-SBLK","Cylinder","100","Clear","18-415","Lotion Pump","Shiny Black","true","full","body | diptube | pump | overcap","","pending_exact_source_and_render_review"
"LBCyl100LtnShnGl","LB-CYL-CLR-100ML-LPM-SGLD","Cylinder","100","Clear","18-415","Lotion Pump","Shiny Gold","true","full","body | diptube | pump | overcap","","pending_exact_source_and_render_review"
"LBCyl100LtnShnSl","LB-CYL-CLR-100ML-LPM-SSLV","Cylinder","100","Clear","18-415","Lotion Pump","Shiny Silver","true","full","body | diptube | pump | overcap","","pending_exact_source_and_render_review"
"LBCyl100LtnMtGl","LB-CYL-CLR-100ML-LPM-MGLD","Cylinder","100","Clear","18-415","Lotion Pump","Matte Gold","true","full","body | diptube | pump | overcap","","pending_exact_source_and_render_review"
"LBCyl100LtnMtSl","LB-CYL-CLR-100ML-LPM-MSLV","Cylinder","100","Clear","18-415","Lotion Pump","Matte Silver","true","full","body | diptube | pump | overcap","","pending_exact_source_and_render_review"
"LBCyl100LtnCu","LB-CYL-CLR-100ML-LPM-CPR","Cylinder","100","Clear","18-415","Lotion Pump","Copper","true","full","body | pump | overcap | diptube","","pending_exact_source_and_render_review"
"LBCylAmb9LtnBlk","LB-CYL-AMB-9ML-LPM-BLK","Cylinder","9","Amber","17-415","Lotion Pump","Black","true","full","body | pump | overcap | collar","dip_tube_not_separate_review_source","pending_exact_source_and_render_review"
"GBCyl50AnSpLvn","GB-CYL-CLR-50ML-ASP-LVN","Cylinder","50","Clear","18-415","Vintage Bulb Sprayer","Lavender","true","full","diptube | body | sprayer","","pending_exact_source_and_render_review"
"LBCyl9LtnBlk","LB-CYL-CLR-9ML-T-01","Cylinder","9","Clear","17-415","Lotion Pump","Clear","true","full","body | diptube | pump | overcap | collar","","pending_exact_source_and_render_review"
"GBCyl50AnSpPnk","GB-CYL-CLR-50ML-ASP-PNK","Cylinder","50","Clear","18-415","Vintage Bulb Sprayer","Pink","true","full","diptube | body | sprayer","","pending_exact_source_and_render_review"
"GBCyl50AnSpMtSl","GB-CYL-CLR-50ML-ASP-MSLV","Cylinder","50","Clear","18-415","Vintage Bulb Sprayer","Matte Silver","true","full","diptube | body | sprayer","","pending_exact_source_and_render_review"
"LBCylBlu9LtnBlk","LB-CYL-BLU-9ML-LPM-BLK","Cylinder","9","Cobalt Blue","17-415","Lotion Pump","Black","true","full","body | pump | overcap | collar","dip_tube_not_separate_review_source","pending_exact_source_and_render_review"
"GBCyl50AnSpIvySl","GB-CYL-CLR-50ML-ASP-IVSL","Cylinder","50","Clear","18-415","Vintage Bulb Sprayer","Ivory Silver","true","full","diptube | body | sprayer","","pending_exact_source_and_render_review"
"LBCylFrst9LtnBlk","LB-CYL-FRS-9ML-LPM-BLK","Cylinder","9","Frosted","17-415","Lotion Pump","Black","true","full","body | pump | overcap | collar","dip_tube_not_separate_review_source","pending_exact_source_and_render_review"
"GBCyl50AnSpGl","GB-CYL-CLR-50ML-ASP-GLD","Cylinder","50","Clear","18-415","Vintage Bulb Sprayer","Gold","true","full","diptube | body | sprayer","","pending_exact_source_and_render_review"
"GBCyl50AnSpIvyGl","GB-CYL-CLR-50ML-ASP-IVGD","Cylinder","50","Clear","18-415","Vintage Bulb Sprayer","Ivory Gold","true","full","diptube | body | sprayer","","pending_exact_source_and_render_review"
"GBCyl50AnSpWht","GB-CYL-CLR-50ML-ASP-WHT","Cylinder","50","Clear","18-415","Vintage Bulb Sprayer","White","true","full","diptube | body | sprayer","","pending_exact_source_and_render_review"
"GBCyl50AnSpRed","GB-CYL-CLR-50ML-ASP-RED","Cylinder","50","Clear","18-415","Vintage Bulb Sprayer","Red","true","full","diptube | body | sprayer","","pending_exact_source_and_render_review"
"GBCyl50AnSpTslLvn","GB-CYL-CLR-50ML-AST-LVN","Cylinder","50","Clear","18-415","Vintage Bulb Sprayer with Tassel","Lavender","true","full","diptube | body | sprayer","","pending_exact_source_and_render_review"
"LBcyl25LtnClOvrCap","LB-CYL-CLR-25ML-LPM-CLR","Cylinder","25","Clear","18-415","Lotion Pump","Clear","true","full","diptube | body | pump","","pending_exact_source_and_render_review"
"GBCyl50AnSpTslIvyGl","GB-CYL-CLR-50ML-AST-IVGD","Cylinder","50","Clear","18-415","Vintage Bulb Sprayer with Tassel","Ivory Gold","true","full","diptube | body | sprayer","","pending_exact_source_and_render_review"
"GBCyl50AnSpTslIvySl","GB-CYL-CLR-50ML-AST-IVSL","Cylinder","50","Clear","18-415","Vintage Bulb Sprayer with Tassel","Ivory Silver","true","full","diptube | body | sprayer","","pending_exact_source_and_render_review"
"GBCyl50AnSpTslWht","GB-CYL-CLR-50ML-AST-WHT","Cylinder","50","Clear","18-415","Vintage Bulb Sprayer with Tassel","White","true","full","diptube | body | sprayer","","pending_exact_source_and_render_review"
"GBCyl50AnSpTslPnk","GB-CYL-CLR-50ML-AST-PNK","Cylinder","50","Clear","18-415","Vintage Bulb Sprayer with Tassel","Pink","true","full","diptube | body | sprayer","","pending_exact_source_and_render_review"
"GBCyl50AnSpTslRed","GB-CYL-CLR-50ML-AST-RED","Cylinder","50","Clear","18-415","Vintage Bulb Sprayer with Tassel","Red","true","full","diptube | body | sprayer","","pending_exact_source_and_render_review"
"GBCyl50AnSpTslMtSl","GB-CYL-CLR-50ML-AST-MSLV","Cylinder","50","Clear","18-415","Vintage Bulb Sprayer with Tassel","Matte Silver","true","full","diptube | body | sprayer","","pending_exact_source_and_render_review"
"GBCyl50AnSpTslGl","GB-CYL-CLR-50ML-AST-GLD","Cylinder","50","Clear","18-415","Vintage Bulb Sprayer with Tassel","Gold","true","full","diptube | body | sprayer","","pending_exact_source_and_render_review"
"LBCyl50LtnClOvrCap","LB-CYL-CLR-50ML-LPM-COCP","Cylinder","50","Clear","18-415","Lotion Pump","Clear Overcap","true","full","diptube | body | pump","","pending_exact_source_and_render_review"
"GBCylSwrl9SpryBlk","GB-CYL-BLK-9ML-SPR-BLK","Cylinder","9","Swirl","17-415","Fine Mist Sprayer","Black","true","full","body | sprayer | overcap | collar","dip_tube_not_separate_review_source","pending_exact_source_and_render_review"
"LBCylSwrl9LtnBlk","LB-CYL-BLK-9ML-LPM-BLK","Cylinder","9","Swirl","17-415","Lotion Pump","Black","true","full","body | pump | overcap | collar","dip_tube_not_separate_review_source","pending_exact_source_and_render_review"
"PbClear8ozFlpWh","PB-CYL-227ML-WFLP","Cylinder","227","Clear","","N/A","White","false","","","no_published_matching_kit","pending_exact_source_and_render_review"
"PbClear4ozFlpWh","PB-CYL-CLR-118ML-WFLP","Cylinder","114","Clear","","N/A","White","false","","","no_published_matching_kit","pending_exact_source_and_render_review"
"GBCylBlu5BlkShSht","GB-CYL-BLU-5ML-CAP-SBLK","Cylinder","5","Cobalt Blue","13-415","Cap/Closure","Short Shiny Black","true","capSplit","body | cap","partial_kit_requires_visual_review","pending_exact_source_and_render_review"
"PbNat16ozFlpWh","PB-CYL-454ML-WFLP","Cylinder","454","Clear","","N/A","White","false","","","no_published_matching_kit","pending_exact_source_and_render_review"
"GBcyl25SpryShnBlk","GB-CYL-CLR-25ML-SPR-SBLK","Cylinder","25","Clear","18-415","Fine Mist Sprayer","Shiny Black","true","full","body | diptube | sprayer | overcap","","pending_exact_source_and_render_review"
"GBCyl5WhtSht","GB-CYL-WHT-5ML-WHT-S","Cylinder","5","Clear","13-415","Cap/Closure","Short Ribbed White","true","capSplit","body | cap","partial_kit_requires_visual_review","pending_exact_source_and_render_review"
"GBCylSwrl9MtlRollWht","GB-CYL-WHT-9ML-MRL-WHT","Cylinder","9","Swirl","17-415","Plastic Roller Ball","White","true","full","body | roller | cap","","pending_exact_source_and_render_review"
"GBCylSwrl9RollWht","GB-CYL-WHT-9ML-ROL-WHT","Cylinder","9","Swirl","17-415","Plastic Roller Ball","White","false","","","no_published_matching_kit","pending_exact_source_and_render_review"
"GBTallCyl9WhtSht","GB-CYL-WHT-9ML-WHT-S","Cylinder","9","Clear","13-415","","Short Ribbed White","true","capSplit","body | cap","partial_kit_requires_visual_review","pending_exact_source_and_render_review"
"GBCylBlu5CuSht","GB-CYL-BLU-5ML-MCPR-S","Cylinder","5","Cobalt Blue","13-415","Cap/Closure","Short Matte Copper","true","capSplit","body | cap","partial_kit_requires_visual_review","pending_exact_source_and_render_review"
"GBCylBlu5GlMattSht","GB-CYL-BLU-5ML-MGLD-S","Cylinder","5","Cobalt Blue","13-415","Cap/Closure","Short Matte Gold","true","capSplit","body | cap","partial_kit_requires_visual_review","pending_exact_source_and_render_review"
"GBCylBlu5SlMattSht","GB-CYL-BLU-5ML-MSLV-S","Cylinder","5","Cobalt Blue","13-415","Cap/Closure","Short Matte Silver","true","capSplit","body | cap","partial_kit_requires_visual_review","pending_exact_source_and_render_review"
"GBCylBlu5GlSht","GB-CYL-BLU-5ML-SGLD-S","Cylinder","5","Cobalt Blue","13-415","Cap/Closure","Short Shiny Gold","true","capSplit","body | cap","partial_kit_requires_visual_review","pending_exact_source_and_render_review"
"GBCylBlu5SlSht","GB-CYL-BLU-5ML-SSLV-S","Cylinder","5","Cobalt Blue","13-415","Cap/Closure","Short Shiny Silver","true","capSplit","body | cap","partial_kit_requires_visual_review","pending_exact_source_and_render_review"
"GBCyl5CuSht","GB-CYL-CLR-5ML-MCPR-S","Cylinder","5","Clear","13-415","Cap/Closure","Short Matte Copper","true","capSplit","body | cap","partial_kit_requires_visual_review","pending_exact_source_and_render_review"
"GBCyl5GlMattSht","GB-CYL-CLR-5ML-MGLD-S","Cylinder","5","Clear","13-415","Cap/Closure","Short Matte Gold","true","capSplit","body | cap","partial_kit_requires_visual_review","pending_exact_source_and_render_review"
"GBCyl5SlMattSht","GB-CYL-CLR-5ML-MSLV-S","Cylinder","5","Clear","13-415","Cap/Closure","Short Matte Silver","true","capSplit","body | cap","partial_kit_requires_visual_review","pending_exact_source_and_render_review"
"GBCyl5BlkShSht","GB-CYL-CLR-5ML-SBLK-S","Cylinder","5","Clear","13-415","Cap/Closure","Short Shiny Black","true","capSplit","body | cap","partial_kit_requires_visual_review","pending_exact_source_and_render_review"
"GBCyl5GlSht","GB-CYL-CLR-5ML-SGLD-S","Cylinder","5","Clear","13-415","Cap/Closure","Short Shiny Gold","true","capSplit","body | cap","partial_kit_requires_visual_review","pending_exact_source_and_render_review"
"GBCyl5SlSht","GB-CYL-CLR-5ML-SSLV-S","Cylinder","5","Clear","13-415","Cap/Closure","Short Shiny Silver","true","capSplit","body | cap","partial_kit_requires_visual_review","pending_exact_source_and_render_review"
"GBTallCylFrst9CuSht","GB-CYL-FRS-9ML-MCPR-S","Cylinder","9","Frosted","13-415","","Matte Copper","true","capSplit","body | cap","partial_kit_requires_visual_review","pending_exact_source_and_render_review"
"GBTallCylFrst9GlMattSht","GB-CYL-FRS-9ML-MGLD-S","Cylinder","9","Frosted","13-415","","Matte Gold","true","capSplit","body | cap","partial_kit_requires_visual_review","pending_exact_source_and_render_review"
"GBTallCylFrst9SlMattSht","GB-CYL-FRS-9ML-MSLV-S","Cylinder","9","Frosted","13-415","","Matte Silver","true","capSplit","body | cap","partial_kit_requires_visual_review","pending_exact_source_and_render_review"
"GBTallCylFrst9BlkShSht","GB-CYL-FRS-9ML-SBLK-S","Cylinder","9","Frosted","13-415","","Shiny Black","true","capSplit","body | cap","partial_kit_requires_visual_review","pending_exact_source_and_render_review"
"GBTallCylFrst9GlSht","GB-CYL-FRS-9ML-SGLD-S","Cylinder","9","Frosted","13-415","","Shiny Gold","true","capSplit","body | cap","partial_kit_requires_visual_review","pending_exact_source_and_render_review"
"GBTallCylFrst9SlSht","GB-CYL-FRS-9ML-SSLV-S","Cylinder","9","Frosted","13-415","","Shiny Silver","true","capSplit","body | cap","partial_kit_requires_visual_review","pending_exact_source_and_render_review"
"GBTallCyl9CuSht","GB-CYL-CLR-9ML-MCPR-S","Cylinder","9","Clear","13-415","","Matte Copper","true","capSplit","body | cap","partial_kit_requires_visual_review","pending_exact_source_and_render_review"
"GBTallCyl9SlMattSht","GB-CYL-CLR-9ML-MSLV-S","Cylinder","9","Clear","13-415","","Matte Silver","true","capSplit","body | cap","partial_kit_requires_visual_review","pending_exact_source_and_render_review"
"GBTallCyl9BlkShSht","GB-CYL-CLR-9ML-SBLK-S","Cylinder","9","Clear","13-415","","Shiny Black","true","capSplit","body | cap","partial_kit_requires_visual_review","pending_exact_source_and_render_review"
"GBTallCyl9GlSht","GB-CYL-CLR-9ML-SGLD-S","Cylinder","9","Clear","13-415","","Shiny Gold","true","capSplit","body | cap","partial_kit_requires_visual_review","pending_exact_source_and_render_review"
"GBTallCyl9SlSht","GB-CYL-CLR-9ML-SSLV-S","Cylinder","9","Clear","13-415","","Shiny Silver","true","capSplit","body | cap","partial_kit_requires_visual_review","pending_exact_source_and_render_review"
"GBTallCyl9GlMattSht","GB-CYL-CLR-9ML-MGLD-S","Cylinder","9","Clear","13-415","","Matte Gold","true","capSplit","body | cap","partial_kit_requires_visual_review","pending_exact_source_and_render_review"
"GBCyl25AnSpBlk","GBCyl25AnSpBlk","Cylinder","25","Clear","18-415","Vintage Bulb Sprayer","Black / Shiny Silver Collar","true","full","diptube | body | sprayer","","pending_exact_source_and_render_review"
"GBCyl25AnSpGl","GBCyl25AnSpGl","Cylinder","25","Clear","18-415","Vintage Bulb Sprayer","Gold / Shiny Gold Collar","true","full","diptube | body | sprayer","","pending_exact_source_and_render_review"
"GBCyl25AnSpTslIvySl","GBCyl25AnSpTslIvySl","Cylinder","25","Clear","18-415","Vintage Bulb Sprayer with Tassel","Ivory / Shiny Silver Collar","true","full","diptube | body | sprayer","","pending_exact_source_and_render_review"
"GBCyl25AnSpTslMtSl","GBCyl25AnSpTslMtSl","Cylinder","25","Clear","18-415","Vintage Bulb Sprayer with Tassel","Matte Silver / Matte Silver Collar","true","full","diptube | body | sprayer","","pending_exact_source_and_render_review"
"GBCyl25AnSpTslRed","GBCyl25AnSpTslRed","Cylinder","25","Clear","18-415","Vintage Bulb Sprayer with Tassel","Red / Shiny Silver Collar","true","full","diptube | body | sprayer","","pending_exact_source_and_render_review"
"GBCyl25AnSpTslWht","GBCyl25AnSpTslWht","Cylinder","25","Clear","18-415","Vintage Bulb Sprayer with Tassel","White / Shiny Silver Collar","true","full","diptube | body | sprayer","","pending_exact_source_and_render_review"
"GBCyl25DrpCu","GBCyl25DrpCu","Cylinder","25","Clear","18-415","Dropper","Matte Copper","true","full","body | pipette","","pending_exact_source_and_render_review"
"GBCyl25DrpGl","GBCyl25DrpGl","Cylinder","25","Clear","18-415","Dropper","Shiny Gold","true","full","body | pipette","","pending_exact_source_and_render_review"
"GBCyl25DrpSl","GBCyl25DrpSl","Cylinder","25","Clear","18-415","Dropper","Shiny Silver","true","full","body | pipette","","pending_exact_source_and_render_review"
"GBCyl25RdcrIvyLthr","GBCyl25RdcrIvyLthr","Cylinder","25","Clear","18-415","Reducer","Ivory Faux Leather","true","capSplit","body | fitment","partial_kit_requires_visual_review","pending_exact_source_and_render_review"
"GBCyl25RdcrShnGl","GBCyl25RdcrShnGl","Cylinder","25","Clear","18-415","Reducer","Shiny Gold","true","capSplit","body | fitment","partial_kit_requires_visual_review","pending_exact_source_and_render_review"
"GBcyl25AnSpIvyGl","GBcyl25AnSpIvyGl","Cylinder","25","Clear","18-415","Vintage Bulb Sprayer","Ivory / Shiny Gold Collar","true","full","diptube | body | sprayer","","pending_exact_source_and_render_review"
"GBcyl25AnSpIvySl","GBcyl25AnSpIvySl","Cylinder","25","Clear","18-415","Vintage Bulb Sprayer","Ivory / Shiny Silver Collar","true","full","diptube | body | sprayer","","pending_exact_source_and_render_review"
"GBcyl25AnSpLvn","GBcyl25AnSpLvn","Cylinder","25","Clear","18-415","Vintage Bulb Sprayer","Lavender / Shiny Silver Collar","true","full","diptube | body | sprayer","","pending_exact_source_and_render_review"
"GBcyl25AnSpMtSl","GBcyl25AnSpMtSl","Cylinder","25","Clear","18-415","Vintage Bulb Sprayer","Matte Silver / Matte Silver Collar","true","full","diptube | body | sprayer","","pending_exact_source_and_render_review"
"GBcyl25AnSpPnk","GBcyl25AnSpPnk","Cylinder","25","Clear","18-415","Vintage Bulb Sprayer","Pink / Shiny Gold Collar","true","full","diptube | body | sprayer","","pending_exact_source_and_render_review"
"GBcyl25AnSpRed","GBcyl25AnSpRed","Cylinder","25","Clear","18-415","Vintage Bulb Sprayer","Red / Shiny Silver Collar","true","full","diptube | body | sprayer","","pending_exact_source_and_render_review"
"GBcyl25AnSpTslBlk","GBcyl25AnSpTslBlk","Cylinder","25","Clear","18-415","Vintage Bulb Sprayer with Tassel","Black / Shiny Silver Collar","true","full","diptube | body | sprayer","","pending_exact_source_and_render_review"
"GBcyl25AnSpTslGl","GBcyl25AnSpTslGl","Cylinder","25","Clear","18-415","Vintage Bulb Sprayer with Tassel","Gold / Shiny Gold Collar","true","full","diptube | body | sprayer","","pending_exact_source_and_render_review"
"GBcyl25AnSpTslIvyGl","GBcyl25AnSpTslIvyGl","Cylinder","25","Clear","18-415","Vintage Bulb Sprayer with Tassel","Ivory / Shiny Gold Collar","true","full","diptube | body | sprayer","","pending_exact_source_and_render_review"
"GBcyl25AnSpTslLvn","GBcyl25AnSpTslLvn","Cylinder","25","Clear","18-415","Vintage Bulb Sprayer with Tassel","Lavender / Shiny Silver Collar","true","full","diptube | body | sprayer","","pending_exact_source_and_render_review"
"GBcyl25AnSpTslPnk","GBcyl25AnSpTslPnk","Cylinder","25","Clear","18-415","Vintage Bulb Sprayer with Tassel","Pink / Shiny Gold Collar","true","full","diptube | body | sprayer","","pending_exact_source_and_render_review"
"GBcyl25AnSpWht","GBcyl25AnSpWht","Cylinder","25","Clear","18-415","Vintage Bulb Sprayer","White / Shiny Silver Collar","true","full","diptube | body | sprayer","","pending_exact_source_and_render_review"
"GBcyl25RdcrBlkLthr","GBcyl25RdcrBlkLthr","Cylinder","25","Clear","18-415","Reducer","Black Faux Leather","true","capSplit","body | fitment","partial_kit_requires_visual_review","pending_exact_source_and_render_review"
"GBcyl25RdcrBrwnLthr","GBcyl25RdcrBrwnLthr","Cylinder","25","Clear","18-415","Reducer","Brown Faux Leather","true","capSplit","body | fitment","partial_kit_requires_visual_review","pending_exact_source_and_render_review"
"GBcyl25RdcrLBrwnLthr","GBcyl25RdcrLBrwnLthr","Cylinder","25","Clear","18-415","Reducer","Light Brown Faux Leather","true","capSplit","body | fitment","partial_kit_requires_visual_review","pending_exact_source_and_render_review"
"GBcyl25RdcrMtSl","GBcyl25RdcrMtSl","Cylinder","25","Clear","18-415","Reducer","Matte Silver","true","capSplit","body | fitment","partial_kit_requires_visual_review","pending_exact_source_and_render_review"
"GBcyl25RdcrMtSlTall","GBcyl25RdcrMtSlTall","Cylinder","25","Clear","18-415","Reducer","Tall Matte Silver","true","capSplit","body | fitment","partial_kit_requires_visual_review","pending_exact_source_and_render_review"
"GBcyl25RdcrPnkLthr","GBcyl25RdcrPnkLthr","Cylinder","25","Clear","18-415","Reducer","Pink Faux Leather","true","capSplit","body | fitment","partial_kit_requires_visual_review","pending_exact_source_and_render_review"
"GBcyl25RdcrShnBlk","GBcyl25RdcrShnBlk","Cylinder","25","Clear","18-415","Reducer","Shiny Black","true","capSplit","body | fitment","partial_kit_requires_visual_review","pending_exact_source_and_render_review"
"GBcyl25RdcrShnBlkTall","GBcyl25RdcrShnBlkTall","Cylinder","25","Clear","18-415","Reducer","Tall Shiny Black","true","capSplit","body | fitment","partial_kit_requires_visual_review","pending_exact_source_and_render_review"
"GBcyl25RdcrShnSl","GBcyl25RdcrShnSl","Cylinder","25","Clear","18-415","Reducer","Shiny Silver","true","capSplit","body | fitment","partial_kit_requires_visual_review","pending_exact_source_and_render_review"
"GBcyl25RdcrWht","GBcyl25RdcrWht","Cylinder","25","Clear","18-415","Reducer","White","true","capSplit","body | fitment","partial_kit_requires_visual_review","pending_exact_source_and_render_review"
"GBcyl25SpryCu","GBcyl25SpryCu","Cylinder","25","Clear","18-415","Fine Mist Sprayer","Matte Copper","true","full","diptube | body | sprayer | overcap","","pending_exact_source_and_render_review"
"GBcyl25SpryMtGl","GBcyl25SpryMtGl","Cylinder","25","Clear","18-415","Fine Mist Sprayer","Matte Gold","true","full","body | diptube | sprayer | overcap","","pending_exact_source_and_render_review"
"GBcyl25SpryShnGl","GBcyl25SpryShnGl","Cylinder","25","Clear","18-415","Fine Mist Sprayer","Shiny Gold","true","full","body | diptube | sprayer | overcap","","pending_exact_source_and_render_review"
"GBcyl25SpryShnSl","GBcyl25SpryShnSl","Cylinder","25","Clear","18-415","Fine Mist Sprayer","Shiny Silver","true","full","body | diptube | sprayer | overcap","","pending_exact_source_and_render_review"
"GBEmp50AnSpTslRed","GB-EMP-CLR-50ML-AST-RED","Empire","50","Clear","18-415","Vintage Bulb Sprayer with Tassel","Red","true","full","body | sprayer | diptube","","pending_exact_source_and_render_review"
"GBEmp50AnSpTslWht","GB-EMP-CLR-50ML-AST-WHT","Empire","50","Clear","18-415","Vintage Bulb Sprayer with Tassel","White","true","full","body | sprayer | diptube","","pending_exact_source_and_render_review"
"GBEmp50AnSpTslMtSl","GB-EMP-CLR-50ML-AST-MSLV","Empire","50","Clear","18-415","Vintage Bulb Sprayer with Tassel","Matte Silver","true","full","body | sprayer | diptube","","pending_exact_source_and_render_review"
"LBEmp100LtnClOvrCap","LB-EMP-CLR-100ML-LPM-COCP","Empire","100","Clear","18-415","Lotion Pump","Clear Overcap","true","full","body | diptube | pump","","pending_exact_source_and_render_review"
"GBEmp50SpryMtSl","GB-EMP-CLR-50ML-SPR-MSLV","Empire","50","Clear","18-415","Perfume Spray Pump","Matte Silver","true","full","body | diptube | sprayer | overcap","","pending_exact_source_and_render_review"
"GBEmp50SpryShnSl","GB-EMP-CLR-50ML-SPR-SSLV","Empire","50","Clear","18-415","Perfume Spray Pump","Shiny Silver","true","full","body | diptube | sprayer | overcap","","pending_exact_source_and_render_review"
"GBEmp50SpryShnGl","GB-EMP-CLR-50ML-SPR-SGLD","Empire","50","Clear","18-415","Perfume Spray Pump","Shiny Gold","true","full","body | diptube | sprayer | overcap","","pending_exact_source_and_render_review"
"GBEmp50SpryShnBlk","GB-EMP-CLR-50ML-SPR-SBLK","Empire","50","Clear","18-415","Perfume Spray Pump","Shiny Black","true","full","body | diptube | sprayer | overcap","","pending_exact_source_and_render_review"
"GBEmp50SpryMtGl","GB-EMP-CLR-50ML-SPR-MGLD","Empire","50","Clear","18-415","Perfume Spray Pump","Matte Gold","true","full","body | diptube | sprayer | overcap","","pending_exact_source_and_render_review"
"GBEmp100RdcrShnGl","GB-EMP-CLR-100ML-RDC-SGLD","Empire","100","Clear","18-415","Reducer","Shiny Gold","true","full","body | cap","","pending_exact_source_and_render_review"
"GBEmp100RdcrShnBlkTall","GB-EMP-CLR-100ML-RDC-SBLK-T","Empire","100","Clear","18-415","Reducer","Shiny Black","true","full","body | cap","","pending_exact_source_and_render_review"
"GBEmp50SpryCu","GB-EMP-CLR-50ML-SPR-CPR","Empire","50","Clear","18-415","Perfume Spray Pump","Copper","true","full","body | diptube | sprayer | overcap","","pending_exact_source_and_render_review"
"GBEmp100RdcrBrwnLthr","GB-EMP-CLR-100ML-RDC-BRLT","Empire","100","Clear","18-415","Reducer","Brown Leather","true","full","body | cap","","pending_exact_source_and_render_review"
"GBEmp50DrpSl","GB-EMP-CLR-50ML-DRP-SLV","Empire","50","Clear","18-415","Dropper","Silver","true","full","body | pipette | fitment","","pending_exact_source_and_render_review"
"GBEmp100RdcrLBrwnLthr","GB-EMP-CLR-100ML-RDC-LBLT","Empire","100","Clear","18-415","Reducer","Light Brown Leather","true","full","body | cap","","pending_exact_source_and_render_review"
"GBEmp50DrpGl","GB-EMP-CLR-50ML-DRP-GLD","Empire","50","Clear","18-415","Dropper","Gold","true","full","body | pipette | fitment","","pending_exact_source_and_render_review"
"GBEmp100RdcrShnSl","GB-EMP-CLR-100ML-RDC-SSLV","Empire","100","Clear","18-415","Reducer","Shiny Silver","true","full","body | cap","","pending_exact_source_and_render_review"
"GBEmp100RdcrMtSlTall","GB-EMP-CLR-100ML-RDC-MSLV-T","Empire","100","Clear","18-415","Reducer","Matte Silver","true","full","body | cap","","pending_exact_source_and_render_review"
"GBEmp100RdcrMtSl","GB-EMP-CLR-100ML-RDC-MSLV","Empire","100","Clear","18-415","Reducer","Matte Silver","true","full","body | cap","","pending_exact_source_and_render_review"
"GBEmp100RdcrWht","GB-EMP-CLR-100ML-RDC-WHT","Empire","100","Clear","18-415","Reducer","White","true","full","body | cap","","pending_exact_source_and_render_review"
"GBEmp100RdcrPnkLthr","GB-EMP-CLR-100ML-RDC-PKLT","Empire","100","Clear","18-415","Reducer","Pink Leather","true","full","body | cap","","pending_exact_source_and_render_review"
"GBEmp100RdcrIvyLthr","GB-EMP-CLR-100ML-RDC-IVLT","Empire","100","Clear","18-415","Reducer","Ivory Leather","true","full","body | cap","","pending_exact_source_and_render_review"
"GBEmp100RdcrShnBlk","GB-EMP-CLR-100ML-RDC-SBLK","Empire","100","Clear","18-415","Reducer","Shiny Black","false","full","body | cap","","pending_exact_source_and_render_review"
"GBEmp100SpryCu","GB-EMP-CLR-100ML-SPR-CPR","Empire","100","Clear","18-415","Perfume Spray Pump","Copper","true","full","body | diptube | sprayer | overcap","","pending_exact_source_and_render_review"
"GBEmp50RdcrBlkLthr","GB-EMP-CLR-50ML-RDC-BKLT","Empire","50","Clear","18-415","Reducer","Black Leather","true","full","body | cap","","pending_exact_source_and_render_review"
"GBEmp50AnSpBlk","GB-EMP-CLR-50ML-ASP-BLK","Empire","50","Clear","18-415","Vintage Bulb Sprayer","Black","true","full","body | diptube | sprayer","","pending_exact_source_and_render_review"
"GBEmp100RdcrBlkLthr","GB-EMP-CLR-100ML-RDC-BKLT","Empire","100","Clear","18-415","Reducer","Black Leather","true","full","body | cap","","pending_exact_source_and_render_review"
"GBEmp50AnSpTslBlk","GB-EMP-CLR-50ML-AST-BLK","Empire","50","Clear","18-415","Vintage Bulb Sprayer with Tassel","Black","true","full","body | sprayer | diptube","","pending_exact_source_and_render_review"
"GBEmp100SpryMtGl","GB-EMP-CLR-100ML-SPR-MGLD","Empire","100","Clear","18-415","Perfume Spray Pump","Matte Gold","true","full","body | diptube | sprayer | overcap","","pending_exact_source_and_render_review"
"GBEmp100SpryShnGl","GB-EMP-CLR-100ML-SPR-SGLD","Empire","100","Clear","18-415","Perfume Spray Pump","Shiny Gold","true","full","body | diptube | sprayer | overcap","","pending_exact_source_and_render_review"
"GBEmp100SpryShnBlk","GB-EMP-CLR-100ML-SPR-SBLK","Empire","100","Clear","18-415","Perfume Spray Pump","Shiny Black","true","full","body | diptube | sprayer | overcap","","pending_exact_source_and_render_review"
"GBEmp100SpryMtSl","GB-EMP-CLR-100ML-SPR-MSLV","Empire","100","Clear","18-415","Perfume Spray Pump","Matte Silver","true","full","body | diptube | sprayer | overcap","","pending_exact_source_and_render_review"
"GBEmp100SpryShnSl","GB-EMP-CLR-100ML-SPR-SSLV","Empire","100","Clear","18-415","Perfume Spray Pump","Shiny Silver","true","full","body | diptube | sprayer | overcap","","pending_exact_source_and_render_review"
"GBEmp100AnSpBlk","GB-EMP-CLR-100ML-ASP-BLK","Empire","100","Clear","18-415","Vintage Bulb Sprayer","Black","true","full","body | diptube | sprayer","","pending_exact_source_and_render_review"
"GBEmp100AnSpTslBlk","GB-EMP-CLR-100ML-AST-BLK","Empire","100","Clear","18-415","Vintage Bulb Sprayer with Tassel","Black","true","full","body | diptube | sprayer","","pending_exact_source_and_render_review"
"LBEmp50LtnMtGl","LB-EMP-CLR-50ML-LPM-MGLD","Empire","50","Clear","18-415","Lotion Pump","Matte Gold","true","full","body | diptube | pump | overcap","","pending_exact_source_and_render_review"
"LBEmp50LtnShnGl","LB-EMP-CLR-50ML-LPM-SGLD","Empire","50","Clear","18-415","Lotion Pump","Shiny Gold","true","full","body | diptube | pump | overcap","","pending_exact_source_and_render_review"
"LBEmp50LtnShnBlk","LB-EMP-CLR-50ML-LPM-SBLK","Empire","50","Clear","18-415","Lotion Pump","Shiny Black","true","full","body | diptube | pump | overcap","","pending_exact_source_and_render_review"
"LBEmp50LtnMtSl","LB-EMP-CLR-50ML-LPM-MSLV","Empire","50","Clear","18-415","Lotion Pump","Matte Silver","true","full","body | diptube | pump | overcap","","pending_exact_source_and_render_review"
"LBEmp50LtnShnSl","LB-EMP-CLR-50ML-LPM-SSLV","Empire","50","Clear","18-415","Lotion Pump","Shiny Silver","true","full","body | diptube | pump | overcap","","pending_exact_source_and_render_review"
"LBEmp50WhtClOvrCp","LB-EMP-CLR-50ML-LPM-OVCP-T","Empire","50","Clear","18-415","Lotion Pump","Overcap","false","full","body | diptube | pump","","pending_exact_source_and_render_review"
"LBEmp50LtnCu","LB-EMP-CLR-50ML-LPM-CPR","Empire","50","Clear","18-415","Lotion Pump","Copper","true","full","body | diptube | pump | overcap","","pending_exact_source_and_render_review"
"GBEmp50RdcrShnSl","GB-EMP-CLR-50ML-RDC-SSLV","Empire","50","Clear","18-415","Reducer","Shiny Silver","true","full","body | cap","","pending_exact_source_and_render_review"
"GBEmp50RdcrShnGl","GB-EMP-CLR-50ML-RDC-SGLD","Empire","50","Clear","18-415","Reducer","Shiny Gold","true","full","body | cap","","pending_exact_source_and_render_review"
"GBEmp50RdcrShnBlk","GB-EMP-CLR-50ML-RDC-SBLK","Empire","50","Clear","18-415","Reducer","Shiny Black","false","full","body | cap","","pending_exact_source_and_render_review"
"GBEmp50RdcrIvyLthr","GB-EMP-CLR-50ML-RDC-IVLT","Empire","50","Clear","18-415","Reducer","Ivory Leather","true","full","body | cap","","pending_exact_source_and_render_review"
"GBEmp50RdcrPnkLthr","GB-EMP-CLR-50ML-RDC-PKLT","Empire","50","Clear","18-415","Reducer","Pink Leather","true","full","body | cap","","pending_exact_source_and_render_review"
"GBEmp50RdcrShnBlkTall","GB-EMP-CLR-50ML-RDC-SBLK-T","Empire","50","Clear","18-415","Reducer","Shiny Black","true","full","body | cap","","pending_exact_source_and_render_review"
"GBEmp50RdcrBrwnLthr","GB-EMP-CLR-50ML-RDC-BRLT","Empire","50","Clear","18-415","Reducer","Brown Leather","true","full","body | cap","","pending_exact_source_and_render_review"
"GBEmp50RdcrLBrwnLthr","GB-EMP-CLR-50ML-RDC-LBLT","Empire","50","Clear","18-415","Reducer","Light Brown Leather","true","full","body | cap","","pending_exact_source_and_render_review"
"GBEmp50RdcrMtSlTall","GB-EMP-CLR-50ML-RDC-MSLV-T","Empire","50","Clear","18-415","Reducer","Matte Silver","true","full","body | cap","","pending_exact_source_and_render_review"
"GBEmp50RdcrMtSl","GB-EMP-CLR-50ML-RDC-MSLV","Empire","50","Clear","18-415","Reducer","Matte Silver","true","full","body | cap","","pending_exact_source_and_render_review"
"GBEmp50RdcrWht","GB-EMP-CLR-50ML-RDC-WHT","Empire","50","Clear","18-415","Reducer","White","true","full","body | cap","","pending_exact_source_and_render_review"
"GBEmp100AnSpLvn","GB-EMP-CLR-100ML-ASP-LVN","Empire","100","Clear","18-415","Vintage Bulb Sprayer","Lavender","true","full","body | diptube | sprayer","","pending_exact_source_and_render_review"
"GBEmp100AnSpPnk","GB-EMP-CLR-100ML-ASP-PNK","Empire","100","Clear","18-415","Vintage Bulb Sprayer","Pink","true","full","body | sprayer | diptube","","pending_exact_source_and_render_review"
"GBEmp100AnSpMtSl","GB-EMP-CLR-100ML-ASP-MSLV","Empire","100","Clear","18-415","Vintage Bulb Sprayer","Matte Silver","true","full","body | diptube | sprayer","","pending_exact_source_and_render_review"
"GBEmp100AnSpIvyGl","GB-EMP-CLR-100ML-ASP-IVGD","Empire","100","Clear","18-415","Vintage Bulb Sprayer","Ivory Gold","true","full","body | sprayer | diptube","","pending_exact_source_and_render_review"
"GBEmp100AnSpWht","GB-EMP-CLR-100ML-ASP-WHT","Empire","100","Clear","18-415","Vintage Bulb Sprayer","White","true","full","body | sprayer | diptube","","pending_exact_source_and_render_review"
"GBEmp100AnSpRed","GB-EMP-CLR-100ML-ASP-RED","Empire","100","Clear","18-415","Vintage Bulb Sprayer","Red","true","full","body | diptube | sprayer","","pending_exact_source_and_render_review"
"GBEmp100AnSpGl","GB-EMP-CLR-100ML-ASP-GLD","Empire","100","Clear","18-415","Vintage Bulb Sprayer","Gold","true","full","body | diptube | sprayer","","pending_exact_source_and_render_review"
"GBEmp100AnSpIvySl","GB-EMP-CLR-100ML-ASP-IVSL","Empire","100","Clear","18-415","Vintage Bulb Sprayer","Ivory Silver","true","full","body | sprayer | diptube","","pending_exact_source_and_render_review"
"GBEmp100AnSpTslIvySl","GB-EMP-CLR-100ML-AST-IVSL","Empire","100","Clear","18-415","Vintage Bulb Sprayer with Tassel","Ivory Silver","false","full","body | sprayer | diptube","","pending_exact_source_and_render_review"
"GBEmp100AnSpTslWht","GB-EMP-CLR-100ML-AST-WHT","Empire","100","Clear","18-415","Vintage Bulb Sprayer with Tassel","White","true","full","body | diptube | sprayer","","pending_exact_source_and_render_review"
"GBEmp100AnSpTslMtSl","GB-EMP-CLR-100ML-AST-MSLV","Empire","100","Clear","18-415","Vintage Bulb Sprayer with Tassel","Matte Silver","true","full","body | diptube | sprayer","","pending_exact_source_and_render_review"
"GBEmp100AnSpTslGl","GB-EMP-CLR-100ML-AST-GLD","Empire","100","Clear","18-415","Vintage Bulb Sprayer with Tassel","Gold","true","full","body | diptube | sprayer","","pending_exact_source_and_render_review"
"GBEmp100AnSpTslIvyGl","GB-EMP-CLR-100ML-AST-IVGD","Empire","100","Clear","18-415","Vintage Bulb Sprayer with Tassel","Ivory Gold","true","full","body | diptube | sprayer","","pending_exact_source_and_render_review"
"GBEmp100AnSpTslLvn","GB-EMP-CLR-100ML-AST-LVN","Empire","100","Clear","18-415","Vintage Bulb Sprayer with Tassel","Lavender","true","full","body | diptube | sprayer","","pending_exact_source_and_render_review"
"GBEmp100AnSpTslPnk","GB-EMP-CLR-100ML-AST-PNK","Empire","100","Clear","18-415","Vintage Bulb Sprayer with Tassel","Pink","true","full","body | diptube | sprayer","","pending_exact_source_and_render_review"
"GBEmp100AnSpTslRed","GB-EMP-CLR-100ML-AST-RED","Empire","100","Clear","18-415","Vintage Bulb Sprayer with Tassel","Red","false","full","body | sprayer | diptube","","pending_exact_source_and_render_review"
"GBEmp50DrpCu","GB-EMP-CLR-50ML-DRP-CPR","Empire","50","Clear","18-415","Dropper","Copper","true","full","body | pipette | fitment","","pending_exact_source_and_render_review"
"LBEmp100LtnMtGl","LB-EMP-CLR-100ML-LPM-MGLD","Empire","100","Clear","18-415","Lotion Pump","Matte Gold","true","full","body | diptube | pump | overcap","","pending_exact_source_and_render_review"
"LBEmp100LtnShnGl","LB-EMP-CLR-100ML-LPM-SGLD","Empire","100","Clear","18-415","Lotion Pump","Shiny Gold","true","full","body | diptube | pump | overcap","","pending_exact_source_and_render_review"
"LBEmp100LtnShnBlk","LB-EMP-CLR-100ML-LPM-SBLK","Empire","100","Clear","18-415","Lotion Pump","Shiny Black","true","full","body | diptube | pump | overcap","","pending_exact_source_and_render_review"
"LBEmp100LtnMtSl","LB-EMP-CLR-100ML-LPM-MSLV","Empire","100","Clear","18-415","Lotion Pump","Matte Silver","true","full","body | diptube | pump | overcap","","pending_exact_source_and_render_review"
"LBEmp100LtnShnSl","LB-EMP-CLR-100ML-LPM-SSLV","Empire","100","Clear","18-415","Lotion Pump","Shiny Silver","true","full","body | diptube | pump | overcap","","pending_exact_source_and_render_review"
"LBEmp100WhtClOvrCp","LB-EMP-CLR-100ML-LPM-OVCP-T","Empire","100","Clear","18-415","Lotion Pump","Overcap","false","full","body | diptube | pump","","pending_exact_source_and_render_review"
"LBEmp100LtnCu","LB-EMP-CLR-100ML-LPM-CPR","Empire","100","Clear","18-415","Lotion Pump","Copper","true","full","body | diptube | pump | overcap","","pending_exact_source_and_render_review"
"GBEmp50AnSpGl","GB-EMP-CLR-50ML-ASP-GLD","Empire","50","Clear","18-415","Vintage Bulb Sprayer","Gold","true","full","body | diptube | sprayer","","pending_exact_source_and_render_review"
"GBEmp50AnSpLvn","GB-EMP-CLR-50ML-ASP-LVN","Empire","50","Clear","18-415","Vintage Bulb Sprayer","Lavender","true","full","body | diptube | sprayer","","pending_exact_source_and_render_review"
"GBEmp50AnSpPnk","GB-EMP-CLR-50ML-ASP-PNK","Empire","50","Clear","18-415","Vintage Bulb Sprayer","Pink","true","full","body | diptube | sprayer","","pending_exact_source_and_render_review"
"LBEmp50LtnClOvrCap","LB-EMP-CLR-50ML-LPM-COCP","Empire","50","Clear","18-415","Lotion Pump","Clear Overcap","true","full","body | diptube | pump","","pending_exact_source_and_render_review"
"GBEmp50AnSpIvyGl","GB-EMP-CLR-50ML-ASP-IVGD","Empire","50","Clear","18-415","Vintage Bulb Sprayer","Ivory Gold","true","full","body | diptube | sprayer","","pending_exact_source_and_render_review"
"GBEmp50AnSpIvySl","GB-EMP-CLR-50ML-ASP-IVSL","Empire","50","Clear","18-415","Vintage Bulb Sprayer","Ivory Silver","true","full","body | diptube | sprayer","","pending_exact_source_and_render_review"
"GBEmp50AnSpRed","GB-EMP-CLR-50ML-ASP-RED","Empire","50","Clear","18-415","Vintage Bulb Sprayer","Red","true","full","body | diptube | sprayer","","pending_exact_source_and_render_review"
"GBEmp50AnSpMtSl","GB-EMP-CLR-50ML-ASP-MSLV","Empire","50","Clear","18-415","Vintage Bulb Sprayer","Matte Silver","true","full","body | diptube | sprayer","","pending_exact_source_and_render_review"
"GBEmp50AnSpWht","GB-EMP-CLR-50ML-ASP-WHT","Empire","50","Clear","18-415","Vintage Bulb Sprayer","White","true","full","body | diptube | sprayer","","pending_exact_source_and_render_review"
"GBEmp50AnSpTslGl","GB-EMP-CLR-50ML-AST-GLD","Empire","50","Clear","18-415","Vintage Bulb Sprayer with Tassel","Gold","true","full","body | sprayer | diptube","","pending_exact_source_and_render_review"
"GBEmp50AnSpTslIvyGl","GB-EMP-CLR-50ML-AST-IVGD","Empire","50","Clear","18-415","Vintage Bulb Sprayer with Tassel","Ivory Gold","true","full","body | sprayer | diptube","","pending_exact_source_and_render_review"
"GBEmp50AnSpTslLvn","GB-EMP-CLR-50ML-AST-LVN","Empire","50","Clear","18-415","Vintage Bulb Sprayer with Tassel","Lavender","true","full","body | diptube | sprayer","","pending_exact_source_and_render_review"
"GBEmp50AnSpTslPnk","GB-EMP-CLR-50ML-AST-PNK","Empire","50","Clear","18-415","Vintage Bulb Sprayer with Tassel","Pink","true","full","body | sprayer | diptube","","pending_exact_source_and_render_review"
"GBEmp50AnSpTslIvySl","GB-EMP-CLR-50ML-AST-IVSL","Empire","50","Clear","18-415","Vintage Bulb Sprayer with Tassel","Ivory Silver","true","full","body | diptube | sprayer","","pending_exact_source_and_render_review"
"GBRndFrst78RdcrMtSlTall","GB-RND-FRS-78ML-RDC-MSLV-T","Round","78","Frosted","18-415","Reducer","Matte Silver","true","full","body | cap","","pending_exact_source_and_render_review"
"GBRndFrst128AnSpRed","GB-RND-FRS-128ML-ASP-RED","Round","128","Frosted","18-415","Vintage Bulb Sprayer","Red","true","full","body | sprayer","dip_tube_not_separate_review_source","pending_exact_source_and_render_review"
"GBRndFrst78RdcrMtSl","GB-RND-FRS-78ML-RDC-MSLV","Round","78","Frosted","18-415","Reducer","Matte Silver","true","full","body | cap","","pending_exact_source_and_render_review"
"GBRndFrst128AnSpMtSl","GB-RND-FRS-128ML-ASP-MSLV","Round","128","Frosted","18-415","Vintage Bulb Sprayer","Matte Silver","true","full","body | sprayer","dip_tube_not_separate_review_source","pending_exact_source_and_render_review"
"GBRndFrst78RdcrWht","GB-RND-FRS-78ML-RDC-WHT","Round","78","Frosted","18-415","Reducer","White","true","full","body | cap","","pending_exact_source_and_render_review"
"GBRndFrst128AnSpWht","GB-RND-FRS-128ML-ASP-WHT","Round","128","Frosted","18-415","Vintage Bulb Sprayer","White","true","full","body | sprayer","dip_tube_not_separate_review_source","pending_exact_source_and_render_review"
"GBRndFrst78RdcrIvyLthr","GB-RND-FRS-78ML-RDC-IVLT","Round","78","Frosted","18-415","Reducer","Ivory Leather","true","full","body | cap","","pending_exact_source_and_render_review"
"GBRndFrst128AnSpTslRed","GB-RND-FRS-128ML-ASP-08","Round","128","Frosted","18-415","Vintage Bulb Sprayer with Tassel","Frosted","true","full","body | sprayer","dip_tube_not_separate_review_source","pending_exact_source_and_render_review"
"GBRndFrst78RdcrPnkLthr","GB-RND-FRS-78ML-RDC-PKLT","Round","78","Frosted","18-415","Reducer","Pink Leather","true","full","body | cap","","pending_exact_source_and_render_review"
"GBRndFrst128AnSpTslGl","GB-RND-FRS-128ML-ASP-02","Round","128","Frosted","18-415","Vintage Bulb Sprayer with Tassel","Frosted","true","full","body | sprayer","dip_tube_not_separate_review_source","pending_exact_source_and_render_review"
"GBRndFrst128AnSpTslIvyGl","GB-RND-FRS-128ML-ASP-03","Round","128","Frosted","18-415","Vintage Bulb Sprayer with Tassel","Frosted","false","full","body | sprayer","dip_tube_not_separate_review_source","pending_exact_source_and_render_review"
"GBRndFrst128AnSpTslIvySl","GB-RND-FRS-128ML-ASP-04","Round","128","Frosted","18-415","Vintage Bulb Sprayer with Tassel","Frosted","true","full","body | sprayer","dip_tube_not_separate_review_source","pending_exact_source_and_render_review"
"GBRndFrst128AnSpTslLvn","GB-RND-FRS-128ML-ASP-05","Round","128","Frosted","18-415","Vintage Bulb Sprayer with Tassel","Frosted","false","","","no_published_matching_kit","pending_exact_source_and_render_review"
"GBRndFrst128AnSpTslPnk","GB-RND-FRS-128ML-ASP-07","Round","128","Frosted","18-415","Vintage Bulb Sprayer with Tassel","Frosted","false","","","no_published_matching_kit","pending_exact_source_and_render_review"
"LBRnd128LtnShnGl","LB-RND-CLR-128ML-LPM-SGLD","Round","128","Clear","18-415","Lotion Pump","Shiny Gold","false","full","body | diptube","mechanism_not_separate_review_source","pending_exact_source_and_render_review"
"GBRndFrst128AnSpTslWht","GB-RND-FRS-128ML-ASP-09","Round","128","Frosted","18-415","Vintage Bulb Sprayer with Tassel","Frosted","true","full","body | sprayer","dip_tube_not_separate_review_source","pending_exact_source_and_render_review"
"LBRnd128LtnMtSl","LB-RND-CLR-128ML-LPM-MSLV","Round","128","Clear","18-415","Lotion Pump","Matte Silver","false","full","body | diptube","mechanism_not_separate_review_source","pending_exact_source_and_render_review"
"LBRnd128LtnClOvrCap","LB-RND-CLR-128ML-LPM-COCP","Round","128","Clear","18-415","Lotion Pump","Clear Overcap","false","","","no_published_matching_kit","pending_exact_source_and_render_review"
"GBRndFrst128AnSpTslMtSl","GB-RND-FRS-128ML-ASP-06","Round","128","Frosted","18-415","Vintage Bulb Sprayer with Tassel","Frosted","true","full","diptube | body | sprayer","","pending_exact_source_and_render_review"
"LBRnd128LtnCu","LB-RND-CLR-128ML-LPM-CPR","Round","128","Clear","18-415","Lotion Pump","Copper","false","full","body | diptube | pump","","pending_exact_source_and_render_review"
"LBRndFrst128LtnClOvrCap","LB-RND-FRS-128ML-LPM-CLR","Round","128","Frosted","18-415","Lotion Pump","Clear","false","","","no_published_matching_kit","pending_exact_source_and_render_review"
"LBRnd128LtnMtGl","LB-RND-CLR-128ML-LPM-MGLD","Round","128","Clear","18-415","Lotion Pump","Matte Gold","false","full","body | diptube","mechanism_not_separate_review_source","pending_exact_source_and_render_review"
"LBRnd128LtnShnBlk","LB-RND-CLR-128ML-LPM-SBLK","Round","128","Clear","18-415","Lotion Pump","Shiny Black","false","full","body | diptube","mechanism_not_separate_review_source","pending_exact_source_and_render_review"
"LBRnd128LtnShnSl","LB-RND-CLR-128ML-LPM-SSLV","Round","128","Clear","18-415","Lotion Pump","Shiny Silver","false","full","body | diptube","mechanism_not_separate_review_source","pending_exact_source_and_render_review"
"LBRndFrst128LtnMtGl","LB-RND-FRS-128ML-LPM-MGLD","Round","128","Frosted","18-415","Lotion Pump","Matte Gold","false","","","no_published_matching_kit","pending_exact_source_and_render_review"
"LBRndFrst128LtnShnGl","LB-RND-FRS-128ML-LPM-SGLD","Round","128","Frosted","18-415","Lotion Pump","Shiny Gold","true","full","body | diptube","mechanism_not_separate_review_source","pending_exact_source_and_render_review"
"LBRndFrst128LtnShnBlk","LB-RND-FRS-128ML-LPM-SBLK","Round","128","Frosted","18-415","Lotion Pump","Shiny Black","true","full","body | diptube","mechanism_not_separate_review_source","pending_exact_source_and_render_review"
"LBRndFrst128LtnMtSl","LB-RND-FRS-128ML-LPM-MSLV","Round","128","Frosted","18-415","Lotion Pump","Matte Silver","true","full","body | diptube","mechanism_not_separate_review_source","pending_exact_source_and_render_review"
"LBRndFrst128LtnShnSl","LB-RND-FRS-128ML-LPM-SSLV","Round","128","Frosted","18-415","Lotion Pump","Shiny Silver","false","","","no_published_matching_kit","pending_exact_source_and_render_review"
"LBRndFrst128LtnCu","LB-RND-FRS-128ML-LPM-CPR","Round","128","Frosted","18-415","Lotion Pump","Copper","false","","","no_published_matching_kit","pending_exact_source_and_render_review"
"GBRnd78SpryCu","GB-RND-CLR-78ML-SPR-CPR","Round","78","Clear","18-415","Perfume Spray Pump","Copper","true","full","body | diptube | sprayer","","pending_exact_source_and_render_review"
"GBRndFrst78SpryCu","GB-RND-FRS-78ML-SPR-CPR","Round","78","Frosted","18-415","Perfume Spray Pump","Copper","true","full","body | diptube | sprayer","","pending_exact_source_and_render_review"
"GBRnd78SpryMtGl","GB-RND-CLR-78ML-SPR-MGLD","Round","78","Clear","18-415","Perfume Spray Pump","Matte Gold","true","full","body | diptube","mechanism_not_separate_review_source","pending_exact_source_and_render_review"
"GBRnd78SpryMtSl","GB-RND-CLR-78ML-SPR-MSLV","Round","78","Clear","18-415","Perfume Spray Pump","Matte Silver","true","full","body | diptube","mechanism_not_separate_review_source","pending_exact_source_and_render_review"
"GBRnd78SpryShnGl","GB-RND-CLR-78ML-SPR-SGLD","Round","78","Clear","18-415","Perfume Spray Pump","Shiny Gold","true","full","body | diptube","mechanism_not_separate_review_source","pending_exact_source_and_render_review"
"GBRnd78SpryShnBlk","GB-RND-CLR-78ML-SPR-SBLK","Round","78","Clear","18-415","Perfume Spray Pump","Shiny Black","true","full","body | diptube","mechanism_not_separate_review_source","pending_exact_source_and_render_review"
"GBRnd78SpryShnSl","GB-RND-CLR-78ML-SPR-SSLV","Round","78","Clear","18-415","Perfume Spray Pump","Shiny Silver","true","full","body | diptube","mechanism_not_separate_review_source","pending_exact_source_and_render_review"
"GBRndFrst78SpryShnGl","GB-RND-FRS-78ML-SPR-SGLD","Round","78","Frosted","18-415","Perfume Spray Pump","Shiny Gold","true","full","body | diptube","mechanism_not_separate_review_source","pending_exact_source_and_render_review"
"GBRndFrst78SpryMtSl","GB-RND-FRS-78ML-SPR-MSLV","Round","78","Frosted","18-415","Perfume Spray Pump","Matte Silver","true","full","body | sprayer","dip_tube_not_separate_review_source","pending_exact_source_and_render_review"
"GBRndFrst78SpryShnSl","GB-RND-FRS-78ML-SPR-SSLV","Round","78","Frosted","18-415","Perfume Spray Pump","Shiny Silver","true","full","body | sprayer","dip_tube_not_separate_review_source","pending_exact_source_and_render_review"
"GBRnd128SpryCu","GB-RND-CLR-128ML-SPR-CPR","Round","128","Clear","18-415","Perfume Spray Pump","Copper","true","full","body | diptube | sprayer","","pending_exact_source_and_render_review"
"GBRndFrst78SpryShnBlk","GB-RND-FRS-78ML-SPR-SBLK","Round","78","Frosted","18-415","Perfume Spray Pump","Shiny Black","true","full","body | sprayer","dip_tube_not_separate_review_source","pending_exact_source_and_render_review"
"GBRndFrst128SpryCu","GB-RND-FRS-128ML-SPR-CPR","Round","128","Frosted","18-415","Perfume Spray Pump","Copper","false","","","no_published_matching_kit","pending_exact_source_and_render_review"
"GBRndFrst78SpryMtGl","GB-RND-FRS-78ML-SPR-MGLD","Round","78","Frosted","18-415","Perfume Spray Pump","Matte Gold","true","full","body | diptube","mechanism_not_separate_review_source","pending_exact_source_and_render_review"
"GBRnd128DrpSl","GB-RND-CLR-128ML-DRP-SLV","Round","128","Clear","18-415","Dropper","Silver","false","full","body | pipette","","pending_exact_source_and_render_review"
"GBRnd128DrpGl","GB-RND-CLR-128ML-DRP-GLD","Round","128","Clear","18-415","Dropper","Gold","false","full","body | pipette","","pending_exact_source_and_render_review"
"GBRndFrst128DrpSl","GB-RND-FRS-128ML-DRP-SLV","Round","128","Frosted","18-415","Dropper","Silver","false","","","no_published_matching_kit","pending_exact_source_and_render_review"
"GBRndFrst128DrpGl","GB-RND-FRS-12ML-DRP-SGLD","Round","128","Frosted","18-415","Dropper","Shiny Gold","false","","","no_published_matching_kit","pending_exact_source_and_render_review"
"GBRnd78AnSpPnk","GB-RND-CLR-78ML-ASP-PNK","Round","78","Clear","18-415","Vintage Bulb Sprayer","Pink","true","full","body | diptube | sprayer","","pending_exact_source_and_render_review"
"GBRnd78AnSpLvn","GB-RND-CLR-78ML-ASP-LVN","Round","78","Clear","18-415","Vintage Bulb Sprayer","Lavender","true","full","body | diptube | sprayer","","pending_exact_source_and_render_review"
"GBRnd78AnSpIvyGl","GB-RND-CLR-78ML-ASP-IVGD","Round","78","Clear","18-415","Vintage Bulb Sprayer","Ivory Gold","true","full","body | diptube | sprayer","","pending_exact_source_and_render_review"
"GBRnd78AnSpGl","GB-RND-CLR-78ML-ASP-GLD","Round","78","Clear","18-415","Vintage Bulb Sprayer","Gold","true","full","body | diptube | sprayer","","pending_exact_source_and_render_review"
"GBRnd78RdcrBlkLthr","GB-RND-CLR-78ML-RDC-BKLT","Round","78","Clear","18-415","Reducer","Black Leather","true","full","body | cap","","pending_exact_source_and_render_review"
"GBRnd78AnSpIvySl","GB-RND-CLR-78ML-ASP-IVSL","Round","78","Clear","18-415","Vintage Bulb Sprayer","Ivory Silver","true","full","body | diptube | sprayer","","pending_exact_source_and_render_review"
"GBRndFrst78RdcrBlkLthr","GB-RND-FRS-78ML-RDC-BKLT","Round","78","Frosted","18-415","Reducer","Black Leather","true","full","body | cap","","pending_exact_source_and_render_review"
"GBRnd128RdcrIvyLthr","GB-RND-CLR-128ML-RDC-IVLT","Round","128","Clear","18-415","Reducer","Ivory Leather","true","full","body | cap","","pending_exact_source_and_render_review"
"GBRnd78AnSpRed","GB-RND-CLR-78ML-ASP-RED","Round","78","Clear","18-415","Vintage Bulb Sprayer","Red","true","full","body | diptube | sprayer","","pending_exact_source_and_render_review"
"GBRnd128RdcrShnGl","GB-RND-CLR-128ML-RDC-SGLD","Round","128","Clear","18-415","Reducer","Shiny Gold","true","full","body | cap","","pending_exact_source_and_render_review"
"GBRnd78AnSpMtSl","GB-RND-CLR-78ML-ASP-MSLV","Round","78","Clear","18-415","Vintage Bulb Sprayer","Matte Silver","true","full","body | diptube | sprayer","","pending_exact_source_and_render_review"
"GBRnd128RdcrShnBlkTall","GB-RND-CLR-128ML-RDC-SBLK-T","Round","128","Clear","18-415","Reducer","Shiny Black","true","full","body | cap","","pending_exact_source_and_render_review"
"GBRnd78AnSpWht","GB-RND-CLR-78ML-T","Round","78","Clear","18-415","Vintage Bulb Sprayer","Clear","true","full","body | diptube | sprayer","","pending_exact_source_and_render_review"
"GBRnd128RdcrShnBlk","GB-RND-CLR-128ML-RDC-SBLK","Round","128","Clear","18-415","Reducer","Shiny Black","false","full","body | cap","","pending_exact_source_and_render_review"
"GBRnd78AnSpTslGl","GB-RND-CLR-78ML-AST-GLD","Round","78","Clear","18-415","Vintage Bulb Sprayer with Tassel","Gold","true","full","body | diptube | sprayer","","pending_exact_source_and_render_review"
"GBRnd128RdcrBrwnLthr","GB-RND-CLR-128ML-RDC-BRLT","Round","128","Clear","18-415","Reducer","Brown Leather","true","full","body | cap","","pending_exact_source_and_render_review"
"GBRnd78AnSpTslIvyGl","GB-RND-CLR-78ML-AST-IVGD","Round","78","Clear","18-415","Vintage Bulb Sprayer with Tassel","Ivory Gold","true","full","body | diptube | sprayer","","pending_exact_source_and_render_review"
"GBRnd128RdcrLBrwnLthr","GB-RND-CLR-128ML-RDC-LBLT","Round","128","Clear","18-415","Reducer","Light Brown Leather","true","full","body | cap","","pending_exact_source_and_render_review"
"GBRnd78AnSpTslLvn","GB-RND-CLR-78ML-AST-LVN","Round","78","Clear","18-415","Vintage Bulb Sprayer with Tassel","Lavender","false","","","no_published_matching_kit","pending_exact_source_and_render_review"
"GBRnd128RdcrShnSl","GB-RND-CLR-128ML-RDC-SSLV","Round","128","Clear","18-415","Reducer","Shiny Silver","true","full","body | cap","","pending_exact_source_and_render_review"
"GBRnd78AnSpTslWht","GB-RND-CLR-78ML-AST-WHT","Round","78","Clear","18-415","Vintage Bulb Sprayer with Tassel","White","true","full","body | diptube | sprayer","","pending_exact_source_and_render_review"
"GBRnd128RdcrMtSlTall","GB-RND-CLR-128ML-RDC-MSLV-T","Round","128","Clear","18-415","Reducer","Matte Silver","true","full","body | cap","","pending_exact_source_and_render_review"
"GBRnd78AnSpTslPnk","GB-RND-CLR-78ML-AST-PNK","Round","78","Clear","18-415","Vintage Bulb Sprayer with Tassel","Pink","false","","","no_published_matching_kit","pending_exact_source_and_render_review"
"GBRnd128RdcrMtSl","GB-RND-CLR-128ML-RDC-MSLV","Round","128","Clear","18-415","Reducer","Matte Silver","true","full","body | cap","","pending_exact_source_and_render_review"
"GBRnd78AnSpTslRed","GB-RND-CLR-78ML-AST-RED","Round","78","Clear","18-415","Vintage Bulb Sprayer with Tassel","Red","true","full","body | diptube | sprayer","","pending_exact_source_and_render_review"
"GBRnd128RdcrWht","GB-RND-CLR-128ML-RDC-WHT","Round","128","Clear","18-415","Reducer","White","true","full","body | cap","","pending_exact_source_and_render_review"
"GBRnd78AnSpTslMtSl","GB-RND-CLR-78ML-AST-MSLV","Round","78","Clear","18-415","Vintage Bulb Sprayer with Tassel","Matte Silver","false","","","no_published_matching_kit","pending_exact_source_and_render_review"
"GBRnd128RdcrBlkLthr","GB-RND-CLR-128ML-RDC-BKLT","Round","128","Clear","18-415","Reducer","Black Leather","true","full","body | cap","","pending_exact_source_and_render_review"
"GBRnd128RdcrPnkLthr","GB-RND-CLR-128ML-RDC-PKLT","Round","128","Clear","18-415","Reducer","Pink Leather","true","full","body | cap","","pending_exact_source_and_render_review"
"GBRnd78AnSpTslIvySl","GB-RND-CLR-78ML-AST-IVSL","Round","78","Clear","18-415","Vintage Bulb Sprayer with Tassel","Ivory Silver","true","full","body | diptube | sprayer","","pending_exact_source_and_render_review"
"GBRndFrst128RdcrBlkLthr","GB-RND-FRS-128ML-RDC-BLK","Round","128","Frosted","18-415","Reducer","Black","true","full","body | cap","","pending_exact_source_and_render_review"
"GBRndFrst128RdcrShnSl","GB-RND-FRS-128ML-RDC-SSLV","Round","128","Frosted","18-415","Reducer","Shiny Silver","false","","","no_published_matching_kit","pending_exact_source_and_render_review"
"GBRndFrst78AnSpGl","GB-RND-FRS-78ML-ASP-GLD","Round","78","Frosted","18-415","Vintage Bulb Sprayer","Gold","true","full","body | sprayer","dip_tube_not_separate_review_source","pending_exact_source_and_render_review"
"GBRndFrst128RdcrShnGl","GB-RND-FRS-128ML-RDC-SGLD","Round","128","Frosted","18-415","Reducer","Shiny Gold","true","full","body | cap","","pending_exact_source_and_render_review"
"GBRndFrst78AnSpIvyGl","GB-RND-FRS-78ML-ASP-IVGD","Round","78","Frosted","18-415","Vintage Bulb Sprayer","Ivory Gold","true","full","body | sprayer","dip_tube_not_separate_review_source","pending_exact_source_and_render_review"
"GBRndFrst128RdcrShnBlkTall","GB-RND-FRS-128ML-RDC-SBLK-T","Round","128","Frosted","18-415","Reducer","Shiny Black","true","full","body | cap","","pending_exact_source_and_render_review"
"GBRndFrst78AnSpIvySl","GB-RND-FRS-78ML-ASP-IVSL","Round","78","Frosted","18-415","Vintage Bulb Sprayer","Ivory Silver","true","full","body | sprayer","dip_tube_not_separate_review_source","pending_exact_source_and_render_review"
"GBRndFrst128RdcrShnBlk","GB-RND-FRS-128ML-RDC-SBLK","Round","128","Frosted","18-415","Reducer","Shiny Black","false","full","body | cap","","pending_exact_source_and_render_review"
"GBRndFrst78AnSpPnk","GB-RND-FRS-78ML-ASP-PNK","Round","78","Frosted","18-415","Vintage Bulb Sprayer","Pink","true","full","body | sprayer","dip_tube_not_separate_review_source","pending_exact_source_and_render_review"
"GBRndFrst128RdcrBrwnLthr","GB-RND-FRS-128ML-RDC-01","Round","128","Frosted","18-415","Reducer","Frosted","true","full","body | cap","","pending_exact_source_and_render_review"
"GBRndFrst78AnSpLvn","GB-RND-FRS-78ML-ASP-LVN","Round","78","Frosted","18-415","Vintage Bulb Sprayer","Lavender","true","full","body | sprayer","dip_tube_not_separate_review_source","pending_exact_source_and_render_review"
"GBRndFrst128RdcrLBrwnLthr","GB-RND-FRS-128ML-RDC-02","Round","128","Frosted","18-415","Reducer","Frosted","true","full","body | cap","","pending_exact_source_and_render_review"
"GBRndFrst78AnSpRed","GB-RND-FRS-78ML-ASP-RED","Round","78","Frosted","18-415","Vintage Bulb Sprayer","Red","true","full","body | sprayer","dip_tube_not_separate_review_source","pending_exact_source_and_render_review"
"GBRndFrst128RdcrMtSlTall","GB-RND-FRS-128ML-RDC-MSLV-T","Round","128","Frosted","18-415","Reducer","Matte Silver","true","full","body | cap","","pending_exact_source_and_render_review"
"GBRndFrst78AnSpMtSl","GB-RND-FRS-78ML-ASP-MSLV","Round","78","Frosted","18-415","Vintage Bulb Sprayer","Matte Silver","true","full","body | sprayer","dip_tube_not_separate_review_source","pending_exact_source_and_render_review"
"GBRndFrst128RdcrMtSl","GB-RND-FRS-128ML-RDC-MSLV","Round","128","Frosted","18-415","Reducer","Matte Silver","true","full","body | cap","","pending_exact_source_and_render_review"
"GBRndFrst78AnSpWht","GB-RND-FRS-78ML-T","Round","78","Frosted","18-415","Vintage Bulb Sprayer","Frosted","true","full","body | sprayer","dip_tube_not_separate_review_source","pending_exact_source_and_render_review"
"GBRndFrst128RdcrWht","GB-RND-FRS-128ML-RDC-WHT","Round","128","Frosted","18-415","Reducer","White","true","full","body | cap","","pending_exact_source_and_render_review"
"GBRndFrst78AnSpTslGl","GB-RND-FRS-78ML-AST-GLD","Round","78","Frosted","18-415","Vintage Bulb Sprayer with Tassel","Gold","true","full","body | sprayer","dip_tube_not_separate_review_source","pending_exact_source_and_render_review"
"GBRndFrst128RdcrPnkLthr","GB-RND-FRS-128ML-RDC-PNK","Round","128","Frosted","18-415","Reducer","Pink","true","full","body | cap","","pending_exact_source_and_render_review"
"GBRnd78AnSpBlk","GB-RND-CLR-78ML-ASP-BLK","Round","78","Clear","18-415","Vintage Bulb Sprayer","Black","true","full","body | diptube | sprayer","","pending_exact_source_and_render_review"
"GBRndFrst78AnSpTslIvyGl","GB-RND-FRS-78ML-AST-IVGD","Round","78","Frosted","18-415","Vintage Bulb Sprayer with Tassel","Ivory Gold","false","full","body | sprayer","dip_tube_not_separate_review_source","pending_exact_source_and_render_review"
"GBRndFrst128RdcrIvyLthr","GB-RND-FRS-128ML-RDC-IVR","Round","128","Frosted","18-415","Reducer","Ivory","true","full","body | cap","","pending_exact_source_and_render_review"
"GBRnd78AnSpTslBlk","GB-RND-CLR-78ML-AST-BLK","Round","78","Clear","18-415","Vintage Bulb Sprayer with Tassel","Black","true","full","body | diptube | sprayer","","pending_exact_source_and_render_review"
"GBRndFrst78AnSpTslLvn","GB-RND-FRS-78ML-AST-LVN","Round","78","Frosted","18-415","Vintage Bulb Sprayer with Tassel","Lavender","false","","","no_published_matching_kit","pending_exact_source_and_render_review"
"GBRndFrst78AnSpBlk","GB-RND-FRS-78ML-ASP-BLK","Round","78","Frosted","18-415","Vintage Bulb Sprayer","Black","true","full","body | sprayer","dip_tube_not_separate_review_source","pending_exact_source_and_render_review"
"GBRndFrst78AnSpTslPnk","GB-RND-FRS-78ML-AST-PNK","Round","78","Frosted","18-415","Vintage Bulb Sprayer with Tassel","Pink","false","","","no_published_matching_kit","pending_exact_source_and_render_review"
"GBRndFrst78AnSpTslBlk","GB-RND-FRS-78ML-AST-BLK","Round","78","Frosted","18-415","Vintage Bulb Sprayer with Tassel","Black","false","","","no_published_matching_kit","pending_exact_source_and_render_review"
"GBRndFrst78AnSpTslIvySl","GB-RND-FRS-78ML-AST-IVSL","Round","78","Frosted","18-415","Vintage Bulb Sprayer with Tassel","Ivory Silver","true","full","body | sprayer","dip_tube_not_separate_review_source","pending_exact_source_and_render_review"
"GBRndFrst78AnSpTslWht","GB-RND-FRS-78ML-AST-WHT","Round","78","Frosted","18-415","Vintage Bulb Sprayer with Tassel","White","true","full","body | sprayer","dip_tube_not_separate_review_source","pending_exact_source_and_render_review"
"GBRndFrst78AnSpTslMtSl","GB-RND-FRS-78ML-AST-MSLV","Round","78","Frosted","18-415","Vintage Bulb Sprayer with Tassel","Matte Silver","true","full","body | sprayer","dip_tube_not_separate_review_source","pending_exact_source_and_render_review"
"GBRndFrst78AnSpTslRed","GB-RND-FRS-78ML-AST-RED","Round","78","Frosted","18-415","Vintage Bulb Sprayer with Tassel","Red","false","","","no_published_matching_kit","pending_exact_source_and_render_review"
"GBRnd128SpryMtGl","GB-RND-CLR-128ML-SPR-MGLD","Round","128","Clear","18-415","Perfume Spray Pump","Matte Gold","true","full","body | diptube","mechanism_not_separate_review_source","pending_exact_source_and_render_review"
"GBRnd128SpryShnGl","GB-RND-CLR-128ML-SPR-SGLD","Round","128","Clear","18-415","Perfume Spray Pump","Shiny Gold","true","full","body | diptube","mechanism_not_separate_review_source","pending_exact_source_and_render_review"
"GBRnd128SpryShnBlk","GB-RND-CLR-128ML-SPR-SBLK","Round","128","Clear","18-415","Perfume Spray Pump","Shiny Black","true","full","body | diptube","mechanism_not_separate_review_source","pending_exact_source_and_render_review"
"GBRnd128SpryMtSl","GB-RND-CLR-128ML-SPR-MSLV","Round","128","Clear","18-415","Perfume Spray Pump","Matte Silver","false","","","no_published_matching_kit","pending_exact_source_and_render_review"
"GBRnd128SpryShnSl","GB-RND-CLR-128ML-SPR-SSLV","Round","128","Clear","18-415","Perfume Spray Pump","Shiny Silver","true","full","body | diptube","mechanism_not_separate_review_source","pending_exact_source_and_render_review"
"GBRndFrst128SpryMtGl","GB-RND-FRS-128ML-SPR-MGLD","Round","128","Frosted","18-415","Perfume Spray Pump","Matte Gold","true","full","body | diptube","mechanism_not_separate_review_source","pending_exact_source_and_render_review"
"GBRndFrst128SpryMtSl","GB-RND-FRS-128ML-SPR-MSLV","Round","128","Frosted","18-415","Perfume Spray Pump","Matte Silver","true","full","body | diptube","mechanism_not_separate_review_source","pending_exact_source_and_render_review"
"GBRndFrst128SpryShnGl","GB-RND-FRS-128ML-SPR-SGLD","Round","128","Frosted","18-415","Perfume Spray Pump","Shiny Gold","true","full","sprayer | body | diptube","","pending_exact_source_and_render_review"
"GBRndFrst128SpryShnBlk","GB-RND-FRS-128ML-SPR-SBLK","Round","128","Frosted","18-415","Perfume Spray Pump","Shiny Black","false","","","no_published_matching_kit","pending_exact_source_and_render_review"
"GBRnd128AnSpBlk","GB-RND-CLR-128ML-ASP-BLK","Round","128","Clear","18-415","Vintage Bulb Sprayer","Black","true","full","body | diptube | sprayer","","pending_exact_source_and_render_review"
"GBRndFrst128SpryShnSl","GB-RND-FRS-128ML-SPR-SSLV","Round","128","Frosted","18-415","Perfume Spray Pump","Shiny Silver","false","","","no_published_matching_kit","pending_exact_source_and_render_review"
"GBRnd128AnSpTslBlk","GB-RND-CLR-128ML-AST-BLK","Round","128","Clear","18-415","Vintage Bulb Sprayer with Tassel","Black","false","","","no_published_matching_kit","pending_exact_source_and_render_review"
"GBRndFrst128AnSpBlk","GB-RND-FRS-128ML-ASP-BLK","Round","128","Frosted","18-415","Vintage Bulb Sprayer","Black","true","full","body | sprayer","dip_tube_not_separate_review_source","pending_exact_source_and_render_review"
"GBRndFrst128AnSpTslBlk","GB-RND-FRS-128ML-ASP-01","Round","128","Frosted","18-415","Vintage Bulb Sprayer with Tassel","Frosted","false","","","no_published_matching_kit","pending_exact_source_and_render_review"
"LBRnd78LtnMtGl","LB-RND-CLR-78ML-LPM-MGLD","Round","78","Clear","18-415","Lotion Pump","Matte Gold","true","full","body | diptube","mechanism_not_separate_review_source","pending_exact_source_and_render_review"
"LBRnd78LtnShnGl","LB-RND-CLR-78ML-LPM-SGLD","Round","78","Clear","18-415","Lotion Pump","Shiny Gold","false","","","no_published_matching_kit","pending_exact_source_and_render_review"
"LBRnd78LtnShnBlk","LB-RND-CLR-78ML-LPM-SBLK","Round","78","Clear","18-415","Lotion Pump","Shiny Black","false","","","no_published_matching_kit","pending_exact_source_and_render_review"
"LBRnd78LtnMtSl","LB-RND-CLR-78ML-LPM-MSLV","Round","78","Clear","18-415","Lotion Pump","Matte Silver","false","","","no_published_matching_kit","pending_exact_source_and_render_review"
"LBRnd78LtnShnSl","LB-RND-CLR-78ML-LPM-SSLV","Round","78","Clear","18-415","Lotion Pump","Shiny Silver","false","","","no_published_matching_kit","pending_exact_source_and_render_review"
"LBRnd78LtnCu","LB-RND-CLR-78ML-LPM-CPR","Round","78","Clear","18-415","Lotion Pump","Copper","true","full","body | diptube | pump","","pending_exact_source_and_render_review"
"LBRndFrst78LtnMtGl","LB-RND-FRS-78ML-02","Round","78","Frosted","18-415","Lotion Pump","Frosted","true","full","body | diptube","mechanism_not_separate_review_source","pending_exact_source_and_render_review"
"LBRndFrst78LtnShnGl","LB-RND-FRS-78ML-05","Round","78","Frosted","18-415","Lotion Pump","Frosted","true","full","body | diptube","mechanism_not_separate_review_source","pending_exact_source_and_render_review"
"LBRndFrst78LtnShnBlk","LB-RND-FRS-78ML-04","Round","78","Frosted","18-415","Lotion Pump","Frosted","true","full","body | pump","dip_tube_not_separate_review_source","pending_exact_source_and_render_review"
"LBRndFrst78LtnMtSl","LB-RND-FRS-78ML-03","Round","78","Frosted","18-415","Lotion Pump","Frosted","true","full","body | pump","dip_tube_not_separate_review_source","pending_exact_source_and_render_review"
"LBRndFrst78LtnShnSl","LB-RND-FRS-78ML-06","Round","78","Frosted","18-415","Lotion Pump","Frosted","true","full","body | pump","dip_tube_not_separate_review_source","pending_exact_source_and_render_review"
"LBRndFrst78LtnCu","LB-RND-FRS-78ML-01","Round","78","Frosted","18-415","Lotion Pump","Frosted","false","","","no_published_matching_kit","pending_exact_source_and_render_review"
"GBRnd128DrpCu","GB-RND-CLR-128ML-DRP-CPR","Round","128","Clear","18-415","Dropper","Copper","false","full","body | pipette","","pending_exact_source_and_render_review"
"GBRndFrst128DrpCu","GB-RND-FRS-128ML-DRP-CPR","Round","128","Frosted","18-415","Dropper","Copper","false","","","no_published_matching_kit","pending_exact_source_and_render_review"
"GBRnd128AnSpPnk","GB-RND-CLR-128ML-ASP-PNK","Round","128","Clear","18-415","Vintage Bulb Sprayer","Pink","true","full","body | diptube | sprayer","","pending_exact_source_and_render_review"
"GBRnd128AnSpIvyGl","GB-RND-CLR-128ML-ASP-IVGD","Round","128","Clear","18-415","Vintage Bulb Sprayer","Ivory Gold","true","full","body | diptube | sprayer","","pending_exact_source_and_render_review"
"GBRnd128AnSpLvn","GB-RND-CLR-128ML-ASP-LVN","Round","128","Clear","18-415","Vintage Bulb Sprayer","Lavender","true","full","body | diptube | sprayer","","pending_exact_source_and_render_review"
"GBRnd128AnSpGl","GB-RND-CLR-128ML-ASP-GLD","Round","128","Clear","18-415","Vintage Bulb Sprayer","Gold","true","full","body | diptube | sprayer","","pending_exact_source_and_render_review"
"GBRnd78RdcrShnGl","GB-RND-CLR-78ML-RDC-SGLD","Round","78","Clear","18-415","Reducer","Shiny Gold","true","full","body | cap","","pending_exact_source_and_render_review"
"GBRnd128AnSpIvySl","GB-RND-CLR-128ML-ASP-IVSL","Round","128","Clear","18-415","Vintage Bulb Sprayer","Ivory Silver","true","full","body | diptube | sprayer","","pending_exact_source_and_render_review"
"GBRnd78RdcrShnSl","GB-RND-CLR-78ML-RDC-SSLV","Round","78","Clear","18-415","Reducer","Shiny Silver","true","full","body | cap","","pending_exact_source_and_render_review"
"GBRnd128AnSpMtSl","GB-RND-CLR-128ML-ASP-MSLV","Round","128","Clear","18-415","Vintage Bulb Sprayer","Matte Silver","true","full","body | diptube | sprayer","","pending_exact_source_and_render_review"
"GBRnd78RdcrIvyLthr","GB-RND-CLR-78ML-RDC-IVLT","Round","78","Clear","18-415","Reducer","Ivory Leather","true","full","body | cap","","pending_exact_source_and_render_review"
"GBRnd128AnSpWht","GB-RND-CLR-128ML-ASP-WHT","Round","128","Clear","18-415","Vintage Bulb Sprayer","White","true","full","body | diptube | sprayer","","pending_exact_source_and_render_review"
"GBRnd78RdcrPnkLthr","GB-RND-CLR-78ML-RDC-PKLT","Round","78","Clear","18-415","Reducer","Pink Leather","true","full","body | cap","","pending_exact_source_and_render_review"
"GBRnd128AnSpRed","GB-RND-CLR-128ML-ASP-RED","Round","128","Clear","18-415","Vintage Bulb Sprayer","Red","true","full","body | diptube | sprayer","","pending_exact_source_and_render_review"
"GBRnd78RdcrShnBlkTall","GB-RND-CLR-78ML-RDC-SBLK-T","Round","78","Clear","18-415","Reducer","Shiny Black","true","full","body | cap","","pending_exact_source_and_render_review"
"GBRnd128AnSpTslPnk","GB-RND-CLR-128ML-AST-PNK","Round","128","Clear","18-415","Vintage Bulb Sprayer with Tassel","Pink","true","full","body | diptube | sprayer","","pending_exact_source_and_render_review"
"GBRnd78RdcrShnBlk","GB-RND-CLR-78ML-RDC-SBLK","Round","78","Clear","18-415","Reducer","Shiny Black","false","full","body | cap","","pending_exact_source_and_render_review"
"GBRnd128AnSpTslIvyGl","GB-RND-CLR-128ML-AST-IVGD","Round","128","Clear","18-415","Vintage Bulb Sprayer with Tassel","Ivory Gold","true","full","body | diptube | sprayer","","pending_exact_source_and_render_review"
"GBRnd78RdcrBrwnLthr","GB-RND-CLR-78ML-RDC-BRLT","Round","78","Clear","18-415","Reducer","Brown Leather","true","full","body | cap","","pending_exact_source_and_render_review"
"GBRnd128AnSpTslLvn","GB-RND-CLR-128ML-AST-LVN","Round","128","Clear","18-415","Vintage Bulb Sprayer with Tassel","Lavender","false","full","sprayer | body | diptube","","pending_exact_source_and_render_review"
"GBRnd78RdcrLBrwnLthr","GB-RND-CLR-78ML-RDC-LBLT","Round","78","Clear","18-415","Reducer","Light Brown Leather","true","full","body | cap","","pending_exact_source_and_render_review"
"GBRnd128AnSpTslGl","GB-RND-CLR-128ML-AST-GLD","Round","128","Clear","18-415","Vintage Bulb Sprayer with Tassel","Gold","true","full","body | diptube | sprayer","","pending_exact_source_and_render_review"
"GBRnd78RdcrMtSlTall","GB-RND-CLR-78ML-RDC-MSLV-T","Round","78","Clear","18-415","Reducer","Matte Silver","true","full","body | cap","","pending_exact_source_and_render_review"
"GBRnd128AnSpTslIvySl","GB-RND-CLR-128ML-AST-IVSL","Round","128","Clear","18-415","Vintage Bulb Sprayer with Tassel","Ivory Silver","false","","","no_published_matching_kit","pending_exact_source_and_render_review"
"GBRnd78RdcrWht","GB-RND-CLR-78ML-RDC-WHT","Round","78","Clear","18-415","Reducer","White","true","full","body | cap","","pending_exact_source_and_render_review"
"GBRnd128AnSpTslRed","GB-RND-CLR-128ML-AST-RED","Round","128","Clear","18-415","Vintage Bulb Sprayer with Tassel","Red","false","","","no_published_matching_kit","pending_exact_source_and_render_review"
"GBRnd78RdcrMtSl","GB-RND-CLR-78ML-RDC-MSLV","Round","78","Clear","18-415","Reducer","Matte Silver","true","full","body | cap","","pending_exact_source_and_render_review"
"GBRnd128AnSpTslWht","GB-RND-CLR-128ML-AST-WHT","Round","128","Clear","18-415","Vintage Bulb Sprayer with Tassel","White","false","","","no_published_matching_kit","pending_exact_source_and_render_review"
"GBRndFrst78RdcrShnGl","GB-RND-FRS-78ML-RDC-SGLD","Round","78","Frosted","18-415","Reducer","Shiny Gold","true","full","body | cap","","pending_exact_source_and_render_review"
"GBRnd128AnSpTslMtSl","GB-RND-CLR-128ML-AST-MSLV","Round","128","Clear","18-415","Vintage Bulb Sprayer with Tassel","Matte Silver","true","full","body | diptube | sprayer","","pending_exact_source_and_render_review"
"GBRndFrst78RdcrShnBlkTall","GB-RND-FRS-78ML-RDC-SBLK-T","Round","78","Frosted","18-415","Reducer","Shiny Black","true","full","body | cap","","pending_exact_source_and_render_review"
"GBRndFrst128AnSpGl","GB-RND-FRS-128ML-ASP-SGLD","Round","128","Frosted","18-415","Vintage Bulb Sprayer","Shiny Gold","true","full","body | sprayer","dip_tube_not_separate_review_source","pending_exact_source_and_render_review"
"GBRndFrst78RdcrShnBlk","GB-RND-FRS-78ML-RDC-SBLK","Round","78","Frosted","18-415","Reducer","Shiny Black","false","full","body | cap","","pending_exact_source_and_render_review"
"GBRndFrst128AnSpIvyGl","GB-RND-FRS-128ML-ASP-IVGD","Round","128","Frosted","18-415","Vintage Bulb Sprayer","Ivory Gold","true","full","body | sprayer","dip_tube_not_separate_review_source","pending_exact_source_and_render_review"
"GBRndFrst78RdcrBrwnLthr","GB-RND-FRS-78ML-RDC-BRLT","Round","78","Frosted","18-415","Reducer","Brown Leather","true","full","body | cap","","pending_exact_source_and_render_review"
"GBRndFrst128AnSpIvySl","GB-RND-FRS-128ML-ASP-IVSL","Round","128","Frosted","18-415","Vintage Bulb Sprayer","Ivory Silver","true","full","body | sprayer","dip_tube_not_separate_review_source","pending_exact_source_and_render_review"
"GBRndFrst78RdcrLBrwnLthr","GB-RND-FRS-78ML-RDC-LBLT","Round","78","Frosted","18-415","Reducer","Light Brown Leather","true","full","body | cap","","pending_exact_source_and_render_review"
"LBRnd78LtnClOvrCap","LB-RND-CLR-78ML-LPM-COCP","Round","78","Clear","18-415","Lotion Pump","Clear Overcap","false","full","body | diptube","mechanism_not_separate_review_source","pending_exact_source_and_render_review"
"GBRndFrst128AnSpLvn","GB-RND-FRS-128ML-ASP-LVN","Round","128","Frosted","18-415","Vintage Bulb Sprayer","Lavender","false","","","no_published_matching_kit","pending_exact_source_and_render_review"
"GBRndFrst78RdcrShnSl","GB-RND-FRS-78ML-RDC-SSLV","Round","78","Frosted","18-415","Reducer","Shiny Silver","true","full","body | cap","","pending_exact_source_and_render_review"
"LBRndFrst78LtnClOvrCap","LB-RND-FRS-78ML-T","Round","78","Frosted","18-415","Lotion Pump","Frosted","true","full","body | diptube","mechanism_not_separate_review_source","pending_exact_source_and_render_review"
"GBRndFrst128AnSpPnk","GB-RND-FRS-128ML-ASP-PNK","Round","128","Frosted","18-415","Vintage Bulb Sprayer","Pink","true","full","body | sprayer","dip_tube_not_separate_review_source","pending_exact_source_and_render_review"
