sku,family,capacityMl,glass,neck,fitment,finish,visible,blockers,componentSku,componentIfPublicationIgnored,componentSellableReason,assemblySellableReason,visibleIfStandalonePublicationIgnored,sourceUrl
"GBBell10SpryBlkSh","Bell","10","Clear","13-415","Fine Mist Sprayer","Shiny Black","false","standalone_component_unpublished","","CP13-415SpryBlkSh","STATUS_DRAFT+NOT_PUBLISHED","","false","https://www.bestbottles.com/product/bell-design-10-ml-clear-glass-bottle-shiny-black-spray"
"GBBell10BlkShSht","Bell","10","Clear","13-415","Cap/Closure","Shiny Black","false","exact_component_unresolved","","","","","false","https://www.bestbottles.com/product/bell-design-10-ml-glass-bottle-short-shiny-black-cap"
"GBBell10RollBlkDot","Bell","10","Clear","13-415","Plastic Roller Ball","Shiny Black","false","media_or_configuration_invalid","CPRoll13-415BlackDot","CPRoll13-415BlackDot","","","false","https://www.bestbottles.com/product/bell-design-10-ml-glass-bottle-plastic-roller-ball-plug-black-shiny-cap-with-dots"
"GBBell10MtlRollBlkDot","Bell","10","Clear","13-415","Metal Roller Ball","Shiny Black","false","media_or_configuration_invalid","CPRoll13-415BlackDot","CPRoll13-415BlackDot","","","false","https://www.bestbottles.com/product/bell-design-10-ml-glass-bottle-metal-roller-ball-plug-black-shiny-cap-with-dots"
"GBBell10MtlRollBlkDot__RETIRED__GB-BLL-CLR-10ML-MRL-BDOT__kd774rnn3rkk3smtk0kk536j9s82ayk3","Bell","10","Clear","13-415","N/A","","false","retired_assembly | missing_bottle_component_links | exact_component_unresolved | assembly_unpublished_or_unsellable | assembly_stock_unavailable","","","","SOFT_DISCONTINUED_IDENTITY_DUPLICATE","false","https://www.bestbottles.com/product/bell-design-10-ml-glass-bottle-metal-roller-ball-plug-black-shiny-cap-with-dots"
"GBBell10RollBlkDot__RETIRED__GB-BLL-CLR-10ML-RBL-BDOT__kd736nen3kgkxrt5e7zng2qz5n82a76x","Bell","10","Clear","13-415","N/A","","false","retired_assembly | missing_bottle_component_links | exact_component_unresolved | assembly_unpublished_or_unsellable | assembly_stock_unavailable","","","","SOFT_DISCONTINUED_IDENTITY_DUPLICATE","false","https://www.bestbottles.com/product/bell-design-10-ml-glass-bottle-plastic-roller-ball-plug-black-shiny-cap-with-dots"
"LBCrcl100LtnClOvrCap","Circle","100","Clear","18-415","Lotion Pump","Clear Overcap","false","exact_component_unresolved","","","","","false","https://www.bestbottles.com/product/circle-design-100-ml-glass-bottle-clear-over-the-cap-lotion-pump-matte-silver-collar-cap"
"LBCrclFrst100LtnClOvrCap","Circle","100","Frosted","18-415","Lotion Pump","Clear Overcap","false","exact_component_unresolved","","","","","false","https://www.bestbottles.com/product/circle-design-100-ml-frosted-glass-bottle-clear-over-the-cap-lotion-pump-matte-silver-collar-cap"
"GBCrcl15RollBlkSh","Circle","15","Clear","13-415","Plastic Roller Ball","Shiny Black","true","","CPRoll13-415BlkSh","CPRoll13-415BlkSh","","","true","https://www.bestbottles.com/product/circle-design-15-ml-bottle-plastic-roller-ball-plug-black-shiny-cap"
"GBCrcl15RollCuMatt","Circle","15","Clear","13-415","Plastic Roller Ball","Matte Copper","true","","CPRoll13-415Cu","CPRoll13-415Cu","","","true","https://www.bestbottles.com/product/circle-design-15-ml-bottle-plastic-roller-ball-plug-matte-copper-cap"
"GBCrcl100RdcrPnkLthr","Circle","100","Clear","18-415","Reducer","Pink","false","assembly_unpublished_or_unsellable","CP18-415LPnkLthr","CP18-415LPnkLthr","","STATUS_DRAFT+NOT_PUBLISHED","false","https://www.bestbottles.com/product/circle-design-100-ml-glass-bottle-reducer-pink-faux-leather-cap"
"GBCrcl15RollGlMatt","Circle","15","Clear","13-415","Plastic Roller Ball","Matte Gold","true","","CPRoll13-415GlMt","CPRoll13-415GlMt","","","true","https://www.bestbottles.com/product/circle-design-15-ml-bottle-plastic-roller-ball-plug-matte-gold-cap"
"GBCrcl100RdcrShnGl","Circle","100","Clear","18-415","Reducer","Shiny Gold","false","assembly_unpublished_or_unsellable","CP18-415ShnGl","CP18-415ShnGl","","STATUS_DRAFT+NOT_PUBLISHED","false","https://www.bestbottles.com/product/circle-design-100-ml-glass-bottle-reducer-shiny-gold-cap"
"GBCrcl15RollGlSh","Circle","15","Clear","13-415","Plastic Roller Ball","Shiny Gold","true","","CPRoll13-415GlSh","CPRoll13-415GlSh","","","true","https://www.bestbottles.com/product/circle-design-15-ml-bottle-plastic-roller-ball-plug-shiny-gold-cap"
"GBCrcl100RdcrShnBlkTall","Circle","100","Clear","18-415","Reducer","Shiny Black","false","assembly_unpublished_or_unsellable","CP18-415ShnBlkTall","CP18-415ShnBlkTall","","STATUS_DRAFT+NOT_PUBLISHED","false","https://www.bestbottles.com/product/circle-design-100-ml-glass-bottle-reducer-tall-black-shiny-cap"
"GBCrcl15RollPinkDot","Circle","15","Clear","13-415","Plastic Roller Ball","Pink Dotted","true","","CPRoll13-415PinkDot","CPRoll13-415PinkDot","","","true","https://www.bestbottles.com/product/circle-design-15-ml-bottle-plastic-roller-ball-plug-pink-cap-with-dots"
"GBCrcl100RdcrShnBlk","Circle","100","Clear","18-415","Reducer","Shiny Black","false","exact_component_unresolved | assembly_unpublished_or_unsellable","","","","STATUS_DRAFT+NOT_PUBLISHED","false","https://www.bestbottles.com/product/circle-design-100-ml-glass-bottle-reducer-black-shiny-cap"
"GBCrcl15RollSlDot","Circle","15","Clear","13-415","Plastic Roller Ball","Silver Dotted","true","","CPRoll13-415SlDot","CPRoll13-415SlDot","","","true","https://www.bestbottles.com/product/circle-design-15-ml-bottle-plastic-roller-ball-plug-silver-cap-with-dots"
"GBCrcl100RdcrBrwnLthr","Circle","100","Clear","18-415","Reducer","Clear","false","assembly_unpublished_or_unsellable","CP18-415BrwnLthr","CP18-415BrwnLthr","","STATUS_DRAFT+NOT_PUBLISHED","false","https://www.bestbottles.com/product/circle-design-100-ml-glass-bottle-reducer-brown-faux-leather-cap"
"GBCrcl15RollSlMatt","Circle","15","Clear","13-415","Plastic Roller Ball","Matte Silver","true","","CPRoll13-415SlMt","CPRoll13-415SlMt","","","true","https://www.bestbottles.com/product/circle-design-15-ml-bottle-plastic-roller-ball-plug-matte-silver-cap"
"GBCrcl15RollSlSh","Circle","15","Clear","13-415","Plastic Roller Ball","Shiny Silver","true","","CPRoll13-415SlSh","CPRoll13-415SlSh","","","true","https://www.bestbottles.com/product/circle-design-15-ml-bottle-plastic-roller-ball-plug-shiny-silver-cap"
"GBCrcl100RdcrLBrwnLthr","Circle","100","Clear","18-415","Reducer","Clear","false","assembly_unpublished_or_unsellable","CP18-415LBrwnLthr","CP18-415LBrwnLthr","","STATUS_DRAFT+NOT_PUBLISHED","false","https://www.bestbottles.com/product/circle-design-100-ml-glass-bottle-reducer-light-brown-faux-leather-cap"
"GBCrcl100RdcrShnSl","Circle","100","Clear","18-415","Reducer","Shiny Silver","false","assembly_unpublished_or_unsellable","CP18-415ShnSl","CP18-415ShnSl","","STATUS_DRAFT+NOT_PUBLISHED","false","https://www.bestbottles.com/product/circle-design-100-ml-glass-bottle-reducer-shiny-silver-cap"
"GBCrcl100RdcrMtSlTall","Circle","100","Clear","18-415","Reducer","Matte Silver","false","assembly_unpublished_or_unsellable","CP18-415MtSlTall","CP18-415MtSlTall","","STATUS_DRAFT+NOT_PUBLISHED","false","https://www.bestbottles.com/product/circle-design-100-ml-glass-bottle-reducer-tall-silver-matte-cap"
"GBCrcl100RdcrMtSl","Circle","100","Clear","18-415","Reducer","Matte Silver","false","assembly_unpublished_or_unsellable","CP18-415MtSl","CP18-415MtSl","","STATUS_DRAFT+NOT_PUBLISHED","false","https://www.bestbottles.com/product/circle-design-100-ml-glass-bottle-reducer-silver-matte-cap"
"GBCrcl100RdcrWht","Circle","100","Clear","18-415","Reducer","White","false","assembly_unpublished_or_unsellable","CP18-415Wh","CP18-415Wh","","STATUS_DRAFT+NOT_PUBLISHED","false","https://www.bestbottles.com/product/circle-design-100-ml-glass-bottle-reducer-white-cap"
"GBCrcl100RdcrIvyLthr","Circle","100","Clear","18-415","Reducer","Ivory","false","assembly_unpublished_or_unsellable","CP18-415LIvyLthr","CP18-415LIvyLthr","","STATUS_DRAFT+NOT_PUBLISHED","false","https://www.bestbottles.com/product/circle-design-100-ml-glass-bottle-reducer-ivory-faux-leather-cap"
"GBCrclFrst100RdcrShnSl","Circle","100","Frosted","18-415","Reducer","Shiny Silver","true","","CP18-415ShnSl","CP18-415ShnSl","","","true","https://www.bestbottles.com/product/circle-design-100-ml-frosted-glass-bottle-reducer-shiny-silver-cap"
"GBCrclFrst100RdcrShnGl","Circle","100","Frosted","18-415","Reducer","Shiny Gold","true","","CP18-415ShnGl","CP18-415ShnGl","","","true","https://www.bestbottles.com/product/circle-design-100-ml-frosted-glass-bottle-reducer-shiny-gold-cap"
"GBCrclFrst100RdcrIvyLthr","Circle","100","Frosted","18-415","Reducer","Ivory","true","","CP18-415LIvyLthr","CP18-415LIvyLthr","","","true","https://www.bestbottles.com/product/circle-design-100-ml-frosted-glass-bottle-reducer-ivory-faux-leather-cap"
"GBCrclFrst100RdcrPnkLthr","Circle","100","Frosted","18-415","Reducer","Pink","true","","CP18-415LPnkLthr","CP18-415LPnkLthr","","","true","https://www.bestbottles.com/product/circle-design-100-ml-frosted-glass-bottle-reducer-pink-faux-leather-cap"
"GBCrclFrst100RdcrShnBlkTall","Circle","100","Frosted","18-415","Reducer","Shiny Black","true","","CP18-415ShnBlkTall","CP18-415ShnBlkTall","","","true","https://www.bestbottles.com/product/circle-design-100-ml-frosted-glass-bottle-reducer-tall-black-shiny-cap"
"GBCrclFrst100RdcrShnBlk","Circle","100","Frosted","18-415","Reducer","Shiny Black","false","exact_component_unresolved","","","","","false","https://www.bestbottles.com/product/circle-design-100-ml-frosted-glass-bottle-reducer-black-shiny-cap"
"GBCrclFrst100RdcrBrwnLthr","Circle","100","Frosted","18-415","Reducer","Frosted","true","","CP18-415BrwnLthr","CP18-415BrwnLthr","","","true","https://www.bestbottles.com/product/circle-design-100-ml-frosted-glass-bottle-reducer-brown-faux-leather-cap"
"GBCrclFrst100RdcrLBrwnLthr","Circle","100","Frosted","18-415","Reducer","Light Brown Leather","true","","CP18-415LBrwnLthr","CP18-415LBrwnLthr","","","true","https://www.bestbottles.com/product/circle-design-100-ml-frosted-glass-bottle-reducer-light-brown-faux-leather-cap"
"GBCrclFrst100RdcrMtSlTall","Circle","100","Frosted","18-415","Reducer","Matte Silver","false","ambiguous_selection_identity","CP18-415MtSlTall","CP18-415MtSlTall","","","false","https://www.bestbottles.com/product/circle-design-100-ml-frosted-glass-bottle-reducer-tall-silver-matte-cap"
"GBCrclFrst100RdcrMtSl","Circle","100","Frosted","18-415","Reducer","Matte Silver","false","ambiguous_selection_identity","CP18-415MtSl","CP18-415MtSl","","","false","https://www.bestbottles.com/product/circle-design-100-ml-frosted-glass-bottle-reducer-silver-matte-cap"
"GBCrclFrst100RdcrWht","Circle","100","Frosted","18-415","Reducer","White","true","","CP18-415Wh","CP18-415Wh","","","true","https://www.bestbottles.com/product/circle-design-100-ml-frosted-glass-bottle-reducer-white-cap"
"GBCrcl50SpryMtSl","Circle","50","Clear","18-415","Perfume Spray Pump","Matte Silver","false","standalone_component_unpublished","","Spry18-415MtSl","STATUS_DRAFT+NOT_PUBLISHED","","true","https://www.bestbottles.com/product/circle-design-50-ml-glass-bottle-matte-silver-spray-pump-and-cap"
"GBCrcl50SpryMtGl","Circle","50","Clear","18-415","Perfume Spray Pump","Matte Gold","false","standalone_component_unpublished","","Spry18-415MtGl","STATUS_DRAFT+NOT_PUBLISHED","","true","https://www.bestbottles.com/product/circle-design-50-ml-glass-bottle-matte-gold-spray-pump-and-cap"
"GBCrcl50SpryShnGl","Circle","50","Clear","18-415","Perfume Spray Pump","Shiny Gold","false","standalone_component_unpublished","","Spry18-415ShnGl","STATUS_DRAFT+NOT_PUBLISHED","","true","https://www.bestbottles.com/product/circle-design-50-ml-glass-bottle-shiny-gold-spray-pump-and-cap"
"GBCrcl50SpryShnBlk","Circle","50","Clear","18-415","Perfume Spray Pump","Shiny Black","false","standalone_component_unpublished","","Spry18-415ShnBlk","STATUS_DRAFT+NOT_PUBLISHED","","true","https://www.bestbottles.com/product/circle-design-50-ml-glass-bottle-shiny-black-spray-pump-and-cap"
"GBCrcl50SpryShnSl","Circle","50","Clear","18-415","Perfume Spray Pump","Shiny Silver","false","standalone_component_unpublished","","Spry18-415ShnSl","STATUS_DRAFT+NOT_PUBLISHED","","true","https://www.bestbottles.com/product/circle-design-50-ml-glass-bottle-shiny-silver-spray-and-cap"
"GBCrclFrst50SpryMtGl","Circle","50","Frosted","18-415","Perfume Spray Pump","Matte Gold","false","standalone_component_unpublished","","Spry18-415MtGl","STATUS_DRAFT+NOT_PUBLISHED","","true","https://www.bestbottles.com/product/circle-design-50-ml-frosted-glass-bottle-matte-gold-spray-pump-and-cap"
"GBCrclFrst50SpryShnGl","Circle","50","Frosted","18-415","Perfume Spray Pump","Shiny Gold","false","standalone_component_unpublished","","Spry18-415ShnGl","STATUS_DRAFT+NOT_PUBLISHED","","true","https://www.bestbottles.com/product/circle-design-50-ml-frosted-glass-bottle-shiny-gold-spray-pump-and-cap"
"GBCrclFrst50SpryShnBlk","Circle","50","Frosted","18-415","Perfume Spray Pump","Shiny Black","false","standalone_component_unpublished","","Spry18-415ShnBlk","STATUS_DRAFT+NOT_PUBLISHED","","true","https://www.bestbottles.com/product/circle-design-50-ml-frosted-glass-bottle-shiny-black-spray-pump-and-cap"
"GBCrclFrst50SpryMtSl","Circle","50","Frosted","18-415","Perfume Spray Pump","Matte Silver","false","standalone_component_unpublished","","Spry18-415MtSl","STATUS_DRAFT+NOT_PUBLISHED","","true","https://www.bestbottles.com/product/circle-design-50-ml-frosted-glass-bottle-matte-silver-spray-pump-and-cap"
"GBCrcl15SpryBlkMatt","Circle","15","Clear","13-415","Fine Mist Sprayer","Matte Black","false","standalone_component_unpublished","","CP13-415SpryBlkMt","STATUS_DRAFT+NOT_PUBLISHED","","true","https://www.bestbottles.com/product/circle-design-15-ml-bottle-matte-black-spray"
"GBCrclFrst50SpryShnSl","Circle","50","Frosted","18-415","Perfume Spray Pump","Shiny Silver","false","standalone_component_unpublished","","Spry18-415ShnSl","STATUS_DRAFT+NOT_PUBLISHED","","true","https://www.bestbottles.com/product/circle-design-50-ml-frosted-glass-bottle-shiny-silver-spray-and-cap"
"GBCrcl50SpryCu","Circle","50","Clear","18-415","Perfume Spray Pump","Copper","false","standalone_component_unpublished","","Spry18-415Cu","STATUS_DRAFT+NOT_PUBLISHED","","true","https://www.bestbottles.com/product/circle-design-50-ml-glass-bottle-matte-copper-spray-and-cap"
"GBCrcl50DrpSl","Circle","50","Clear","18-415","Dropper","Silver","true","","Drp18-415Sl","Drp18-415Sl","","","true","https://www.bestbottles.com/product/circle-design-50-ml-glass-bottle-white-dropper-shiny-silver-collar-cap"
"GBCrclFrst50SpryCu","Circle","50","Frosted","18-415","Perfume Spray Pump","Copper","false","standalone_component_unpublished","","Spry18-415Cu","STATUS_DRAFT+NOT_PUBLISHED","","true","https://www.bestbottles.com/product/circle-design-50-ml-frosted-glass-bottle-matte-copper-spray-and-cap"
"GBCrcl50DrpGl","Circle","50","Clear","18-415","Dropper","Gold","true","","Drp18-415Gl","Drp18-415Gl","","","true","https://www.bestbottles.com/product/circle-design-50-ml-glass-bottle-white-dropper-shiny-gold-collar-cap"
"GBCrclFrst50DrpSl","Circle","50","Frosted","18-415","Dropper","Silver","false","exact_component_unresolved","","","","","false","https://www.bestbottles.com/product/circle-design-50-ml-frosted-glass-bottle-white-dropper-shiny-silver-collar-cap"
"GBCrcl15Gl","Circle","15","Clear","13-415","","Gold","true","","CP13-415Gl","CP13-415Gl","","","true","https://www.bestbottles.com/product/circle-design-15-ml-bottle-shiny-gold-cap"
"GBCrclFrst50DrpGl","Circle","50","Frosted","18-415","Dropper","Shiny Gold","false","exact_component_unresolved","","","","","false","https://www.bestbottles.com/product/circle-design-50-ml-frosted-glass-bottle-white-dropper-shiny-gold-collar-cap"
"GBCrcl15Sl","Circle","15","Clear","13-415","","Silver","true","","CP13-415Sl","CP13-415Sl","","","true","https://www.bestbottles.com/product/circle-design-15-ml-bottle-shiny-silver-cap"
"GBCrcl15WhtSht","Circle","15","Clear","13-415","","White","true","","CP13-415WhtSht","CP13-415WhtSht","","","true","https://www.bestbottles.com/product/circle-design-15-ml-bottle-short-white-cap"
"GBCrcl15BlkSht","Circle","15","Clear","13-415","","Black","true","","CP13-415BlkSht","CP13-415BlkSht","","","true","https://www.bestbottles.com/product/circle-design-15-ml-bottle-short-black-cap"
"GBCrcl100SpryCu","Circle","100","Clear","18-415","Perfume Spray Pump","Copper","false","standalone_component_unpublished","","Spry18-415Cu","STATUS_DRAFT+NOT_PUBLISHED","","true","https://www.bestbottles.com/product/circle-design-100-ml-glass-bottle-matte-copper-spray-and-cap"
"GBCrclFrst100SpryCu","Circle","100","Frosted","18-415","Perfume Spray Pump","Copper","false","standalone_component_unpublished","","Spry18-415Cu","STATUS_DRAFT+NOT_PUBLISHED","","true","https://www.bestbottles.com/product/circle-design-100-ml-frosted-glass-bottle-matte-copper-spray-and-cap"
"GBCrcl100SpryMtGl","Circle","100","Clear","18-415","Perfume Spray Pump","Matte Gold","false","standalone_component_unpublished","","Spry18-415MtGl","STATUS_DRAFT+NOT_PUBLISHED","","true","https://www.bestbottles.com/product/circle-design-100-ml-glass-bottle-matte-gold-spray-pump-and-cap"
"GBCrcl50RdcrBlkLthr","Circle","50","Clear","18-415","Reducer","Black Leather","false","assembly_unpublished_or_unsellable","CP18-415BlkLthr","CP18-415BlkLthr","","STATUS_DRAFT+NOT_PUBLISHED","false","https://www.bestbottles.com/product/circle-design-50-ml-glass-bottle-reducer-black-faux-leather-cap"
"GBCrcl100SpryShnGl","Circle","100","Clear","18-415","Perfume Spray Pump","Shiny Gold","false","standalone_component_unpublished","","Spry18-415ShnGl","STATUS_DRAFT+NOT_PUBLISHED","","true","https://www.bestbottles.com/product/circle-design-100-ml-glass-bottle-shiny-gold-spray-pump-and-cap"
"GBCrclFrst50RdcrBlkLthr","Circle","50","Frosted","18-415","Reducer","Black","false","assembly_unpublished_or_unsellable","CP18-415BlkLthr","CP18-415BlkLthr","","STATUS_DRAFT+NOT_PUBLISHED","false","https://www.bestbottles.com/product/circle-design-50-ml-frosted-glass-bottle-reducer-black-faux-leather-cap"
"GBCrcl100SpryShnBlk","Circle","100","Clear","18-415","Perfume Spray Pump","Shiny Black","false","standalone_component_unpublished","","Spry18-415ShnBlk","STATUS_DRAFT+NOT_PUBLISHED","","true","https://www.bestbottles.com/product/circle-design-100-ml-glass-bottle-shiny-black-spray-pump-and-cap"
"GBCrcl100SpryMtSl","Circle","100","Clear","18-415","Perfume Spray Pump","Matte Silver","false","standalone_component_unpublished","","Spry18-415MtSl","STATUS_DRAFT+NOT_PUBLISHED","","true","https://www.bestbottles.com/product/circle-design-100-ml-glass-bottle-matte-silver-spray-pump-and-cap"
"GBCrcl100SpryShnSl","Circle","100","Clear","18-415","Perfume Spray Pump","Shiny Silver","false","standalone_component_unpublished","","Spry18-415ShnSl","STATUS_DRAFT+NOT_PUBLISHED","","true","https://www.bestbottles.com/product/circle-design-100-ml-glass-bottle-shiny-silver-spray-and-cap"
"GBCrclFrst100SpryMtGl","Circle","100","Frosted","18-415","Perfume Spray Pump","Matte Gold","false","standalone_component_unpublished","","Spry18-415MtGl","STATUS_DRAFT+NOT_PUBLISHED","","true","https://www.bestbottles.com/product/circle-design-100-ml-frosted-glass-bottle-matte-gold-spray-pump-and-cap"
"GBCrclFrst100SpryShnGl","Circle","100","Frosted","18-415","Perfume Spray Pump","Shiny Gold","false","standalone_component_unpublished","","Spry18-415ShnGl","STATUS_DRAFT+NOT_PUBLISHED","","true","https://www.bestbottles.com/product/circle-design-100-ml-frosted-glass-bottle-shiny-gold-spray-pump-and-cap"
"GBCrclFrst100SpryShnBlk","Circle","100","Frosted","18-415","Perfume Spray Pump","Shiny Black","false","standalone_component_unpublished","","Spry18-415ShnBlk","STATUS_DRAFT+NOT_PUBLISHED","","true","https://www.bestbottles.com/product/circle-design-100-ml-frosted-glass-bottle-shiny-black-spray-pump-and-cap"
"GBCrclFrst100SpryMtSl","Circle","100","Frosted","18-415","Perfume Spray Pump","Matte Silver","false","standalone_component_unpublished","","Spry18-415MtSl","STATUS_DRAFT+NOT_PUBLISHED","","true","https://www.bestbottles.com/product/circle-design-100-ml-frosted-glass-bottle-matte-silver-spray-pump-and-cap"
"GBCrclFrst100SpryShnSl","Circle","100","Frosted","18-415","Perfume Spray Pump","Shiny Silver","false","standalone_component_unpublished","","Spry18-415ShnSl","STATUS_DRAFT+NOT_PUBLISHED","","true","https://www.bestbottles.com/product/circle-design-100-ml-frosted-glass-bottle-shiny-silver-spray-and-cap"
"GBCrcl50AnSpBlk","Circle","50","Clear","18-415","Vintage Bulb Sprayer","Black","true","","AnSp18-415Blk","AnSp18-415Blk","","","true","https://www.bestbottles.com/product/circle-design-50-ml-glass-bottle-black-vintage-style-bulb-sprayer-shiny-silver-collar-cap"
"GBCrcl100RdcrBlkLthr","Circle","100","Clear","18-415","Reducer","Black Leather","false","assembly_unpublished_or_unsellable","CP18-415BlkLthr","CP18-415BlkLthr","","STATUS_DRAFT+NOT_PUBLISHED","false","https://www.bestbottles.com/product/circle-design-100-ml-glass-bottle-reducer-black-faux-leather-cap"
"GBCrcl50AnSpTslBlk","Circle","50","Clear","18-415","Vintage Bulb Sprayer with Tassel","Black","false","media_or_configuration_invalid","AnSpTsl18-415Blk","AnSpTsl18-415Blk","","","false","https://www.bestbottles.com/product/circle-design-50-ml-glass-bottle-black-vintage-style-sprayer-with-tassel-shiny-silver-collar"
"GBCrclFrst100RdcrBlkLthr","Circle","100","Frosted","18-415","Reducer","Black","true","","CP18-415BlkLthr","CP18-415BlkLthr","","","true","https://www.bestbottles.com/product/circle-design-100-ml-frosted-glass-bottle-reducer-black-faux-leather-cap"
"GBCrclFrst50AnSpBlk","Circle","50","Frosted","18-415","Vintage Bulb Sprayer","Black","true","","AnSp18-415Blk","AnSp18-415Blk","","","true","https://www.bestbottles.com/product/circle-design-50-ml-frosted-glass-bottle-black-vintage-style-bulb-sprayer-shiny-silver-collar-cap"
"GBCrcl100AnSpBlk","Circle","100","Clear","18-415","Vintage Bulb Sprayer","Black","true","","AnSp18-415Blk","AnSp18-415Blk","","","true","https://www.bestbottles.com/product/circle-design-100-ml-glass-bottle-black-vintage-style-bulb-sprayer-shiny-silver-collar-cap"
"GBCrcl100AnSpTslBlk","Circle","100","Clear","18-415","Vintage Bulb Sprayer with Tassel","Black","false","media_or_configuration_invalid","AnSpTsl18-415Blk","AnSpTsl18-415Blk","","","false","https://www.bestbottles.com/product/circle-design-100-ml-glass-bottle-black-vintage-style-sprayer-with-tassel-shiny-silver-collar"
"GBCrclFrst100AnSpBlk","Circle","100","Frosted","18-415","Vintage Bulb Sprayer","Black","false","ambiguous_selection_identity","AnSp18-415Blk","AnSp18-415Blk","","","false","https://www.bestbottles.com/product/circle-design-100-ml-frosted-glass-bottle-black-vintage-style-bulb-sprayer-shiny-silver-collar-cap"
"GBCrclFrst100AnSpTslBlk","Circle","100","Frosted","18-415","Vintage Bulb Sprayer","Frosted","false","ambiguous_selection_identity","AnSp18-415Blk","AnSp18-415Blk","","","false","https://www.bestbottles.com/product/circle-design-100-ml-frosted-glass-bottle-black-vintage-style-sprayer-with-tassel-shiny-silver-collar"
"GBCrcl100AnSpGl","Circle","100","Clear","18-415","Vintage Bulb Sprayer","Gold","true","","AnSp18-415Gl","AnSp18-415Gl","","","true","https://www.bestbottles.com/product/circle-design-100-ml-glass-bottle-gold-vintage-style-sprayer-shiny-gold-collar-cap"
"GBCrcl100AnSpLvn","Circle","100","Clear","18-415","Vintage Bulb Sprayer","Lavender","false","media_or_configuration_invalid","AnSp18-415Lvn","AnSp18-415Lvn","","","false","https://www.bestbottles.com/product/circle-design-100-ml-glass-bottle-lavender-vintage-style-bulb-sprayer-shiny-silver-collar-cap"
"GBCrcl100AnSpIvySl","Circle","100","Clear","18-415","Vintage Bulb Sprayer","Ivory Silver","false","media_or_configuration_invalid","AnSp18-415IvySl","AnSp18-415IvySl","","","false","https://www.bestbottles.com/product/circle-design-100-ml-glass-bottle-ivory-vintage-style-bulb-sprayer-shiny-silver-collar-cap"
"GBCrcl100AnSpRed","Circle","100","Clear","18-415","Vintage Bulb Sprayer","Red","false","media_or_configuration_invalid","AnSp18-415Red","AnSp18-415Red","","","false","https://www.bestbottles.com/product/circle-design-100-ml-glass-bottle-red-vintage-style-bulb-sprayer-shiny-silver-collar-cap"
"GBCrcl100AnSpMtSl","Circle","100","Clear","18-415","Vintage Bulb Sprayer","Matte Silver","false","media_or_configuration_invalid","AnSp18-415MtSl","AnSp18-415MtSl","","","false","https://www.bestbottles.com/product/circle-design-100-ml-glass-bottle-matte-silver-vintage-style-sprayer-matte-silver-collar-cap"
"GBCrcl100AnSpIvyGl","Circle","100","Clear","18-415","Vintage Bulb Sprayer","Ivory Gold","false","media_or_configuration_invalid","AnSp18-415IvyGl","AnSp18-415IvyGl","","","false","https://www.bestbottles.com/product/circle-design-100-ml-glass-bottle-ivory-vintage-style-bulb-sprayer-shiny-gold-collar-cap"
"GBCrcl100AnSpWht","Circle","100","Clear","18-415","Vintage Bulb Sprayer","White","false","media_or_configuration_invalid","AnSp18-415Wht","AnSp18-415Wht","","","false","https://www.bestbottles.com/product/circle-design-100-ml-glass-bottle-white-vintage-style-bulb-sprayer-shiny-silver-collar-cap"
"GBCrcl100AnSpPnk","Circle","100","Clear","18-415","Vintage Bulb Sprayer","Pink","true","","CP18-415AnSpPnk","CP18-415AnSpPnk","","","true","https://www.bestbottles.com/product/circle-design-100-ml-glass-bottle-pink-vintage-style-bulb-sprayer-shiny-gold-collar-cap"
"GBCrcl100AnSpTslGl","Circle","100","Clear","18-415","Vintage Bulb Sprayer with Tassel","Gold","true","","CP18-415AnSpTslGl","CP18-415AnSpTslGl","","","true","https://www.bestbottles.com/product/circle-design-100-ml-glass-bottle-gold-vintage-style-sprayer-with-tassel-shiny-gold-collar"
"GBCrcl100AnSpTslIvyGl","Circle","100","Clear","18-415","Vintage Bulb Sprayer with Tassel","Ivory Gold","false","media_or_configuration_invalid","AnSpTsl18-415IvyGl","AnSpTsl18-415IvyGl","","","false","https://www.bestbottles.com/product/circle-design-100-ml-glass-bottle-ivory-vintage-style-sprayer-with-tassel-shiny-gold-collar"
"GBCrcl100AnSpTslLvn","Circle","100","Clear","18-415","Vintage Bulb Sprayer with Tassel","Lavender","false","media_or_configuration_invalid","AnSpTsl18-415Lvn","AnSpTsl18-415Lvn","","","false","https://www.bestbottles.com/product/circle-design-100-ml-glass-bottle-lavender-vintage-style-sprayer-with-tassel-shiny-silver-collar"
"GBCrcl100AnSpTslPnk","Circle","100","Clear","18-415","Vintage Bulb Sprayer with Tassel","Pink","false","media_or_configuration_invalid","AnSpTsl18-415Pnk","AnSpTsl18-415Pnk","","","false","https://www.bestbottles.com/product/circle-design-100-ml-glass-bottle-pink-vintage-style-sprayer-with-tassel-shiny-gold-collar"
"GBCrcl100AnSpTslIvySl","Circle","100","Clear","18-415","Vintage Bulb Sprayer with Tassel","Ivory Silver","false","media_or_configuration_invalid","AnSpTsl18-415IvySl","AnSpTsl18-415IvySl","","","false","https://www.bestbottles.com/product/circle-design-100-ml-glass-bottle-ivory-vintage-style-sprayer-with-tassel-shiny-silver-collar"
"GBCrcl100AnSpTslRed","Circle","100","Clear","18-415","Vintage Bulb Sprayer with Tassel","Red","false","media_or_configuration_invalid","AnSpTsl18-415Red","AnSpTsl18-415Red","","","false","https://www.bestbottles.com/product/circle-design-100-ml-glass-bottle-red-vintage-style-sprayer-with-tassel-shiny-silver-collar"
"GBCrcl100AnSpTslWht","Circle","100","Clear","18-415","Vintage Bulb Sprayer with Tassel","White","false","media_or_configuration_invalid","AnSpTsl18-415Wht","AnSpTsl18-415Wht","","","false","https://www.bestbottles.com/product/circle-design-100-ml-glass-bottle-white-vintage-style-sprayer-with-tassel-shiny-silver-collar"
"GBCrcl15RollBlkDot","Circle","15","Clear","13-415","Plastic Roller Ball","Black Dotted","true","","CPRoll13-415BlackDot","CPRoll13-415BlackDot","","","true","https://www.bestbottles.com/product/circle-design-15-ml-bottle-plastic-roller-ball-plug-black-shiny-cap-with-dots"
"GBCrcl100AnSpTslMtSl","Circle","100","Clear","18-415","Vintage Bulb Sprayer with Tassel","Matte Silver","false","media_or_configuration_invalid","AnSpTsl18-415MtS","AnSpTsl18-415MtS","","","false","https://www.bestbottles.com/product/circle-design-100-ml-glass-bottle-matte-silver-vintage-style-sprayer-with-tassel-matte-silver-collar"
"GBCrclFrst100AnSpGl","Circle","100","Frosted","18-415","Vintage Bulb Sprayer","Shiny Gold","true","","AnSp18-415Gl","AnSp18-415Gl","","","true","https://www.bestbottles.com/product/circle-design-100-ml-frosted-glass-bottle-gold-vintage-style-sprayer-shiny-gold-collar-cap"
"GBCrclFrst100AnSpIvyGl","Circle","100","Frosted","18-415","Vintage Bulb Sprayer","Ivory Gold","false","media_or_configuration_invalid","AnSp18-415IvyGl","AnSp18-415IvyGl","","","false","https://www.bestbottles.com/product/circle-design-100-ml-frosted-glass-bottle-ivory-vintage-style-bulb-sprayer-shiny-gold-collar-cap"
"GBCrclFrst100AnSpLvn","Circle","100","Frosted","18-415","Vintage Bulb Sprayer","Lavender","false","media_or_configuration_invalid","AnSp18-415Lvn","AnSp18-415Lvn","","","false","https://www.bestbottles.com/product/circle-design-100-ml-frosted-glass-bottle-lavender-vintage-style-bulb-sprayer-shiny-silver-collar-cap"
"GBCrclFrst100AnSpPnk","Circle","100","Frosted","18-415","Vintage Bulb Sprayer","Pink","false","ambiguous_selection_identity","CP18-415AnSpPnk","CP18-415AnSpPnk","","","false","https://www.bestbottles.com/product/circle-design-100-ml-frosted-glass-bottle-pink-vintage-style-bulb-sprayer-shiny-gold-collar-cap"
"GBCrclFrst100AnSpRed","Circle","100","Frosted","18-415","Vintage Bulb Sprayer","Red","false","media_or_configuration_invalid","AnSp18-415Red","AnSp18-415Red","","","false","https://www.bestbottles.com/product/circle-design-100-ml-frosted-glass-bottle-red-vintage-style-bulb-sprayer-shiny-silver-collar-cap"
"GBCrclFrst100AnSpMtSl","Circle","100","Frosted","18-415","Vintage Bulb Sprayer","Matte Silver","false","media_or_configuration_invalid","AnSp18-415MtSl","AnSp18-415MtSl","","","false","https://www.bestbottles.com/product/circle-design-100-ml-frosted-glass-bottle-matte-silver-vintage-style-sprayer-matte-silver-collar-cap"
"GBCrclFrst100AnSpWht","Circle","100","Frosted","18-415","Vintage Bulb Sprayer","White","false","media_or_configuration_invalid","AnSp18-415Wht","AnSp18-415Wht","","","false","https://www.bestbottles.com/product/circle-design-100-ml-frosted-glass-bottle-white-vintage-style-bulb-sprayer-shiny-silver-collar-cap"
"GBCrclFrst100AnSpIvySl","Circle","100","Frosted","18-415","Vintage Bulb Sprayer","Ivory Silver","false","media_or_configuration_invalid","AnSp18-415IvySl","AnSp18-415IvySl","","","false","https://www.bestbottles.com/product/circle-design-100-ml-frosted-glass-bottle-ivory-vintage-style-bulb-sprayer-shiny-silver-collar-cap"
"GBCrclFrst100AnSpTslIvyGl","Circle","100","Frosted","18-415","Vintage Bulb Sprayer with Tassel","Ivory Gold","false","media_or_configuration_invalid","AnSpTsl18-415IvyGl","AnSpTsl18-415IvyGl","","","false","https://www.bestbottles.com/product/circle-design-100-ml-frosted-glass-bottle-ivory-vintage-style-sprayer-with-tassel-shiny-gold-collar"
"GBCrclFrst100AnSpTslIvySl","Circle","100","Frosted","18-415","Vintage Bulb Sprayer","Frosted","false","media_or_configuration_invalid","AnSp18-415IvySl","AnSp18-415IvySl","","","false","https://www.bestbottles.com/product/circle-design-100-ml-frosted-glass-bottle-ivory-vintage-style-sprayer-with-tassel-shiny-silver-collar"
"GBCrclFrst100AnSpTslGl","Circle","100","Frosted","18-415","Vintage Bulb Sprayer with Tassel","Gold","true","","CP18-415AnSpTslGl","CP18-415AnSpTslGl","","","true","https://www.bestbottles.com/product/circle-design-100-ml-frosted-glass-bottle-gold-vintage-style-sprayer-with-tassel-shiny-gold-collar"
"GBCrclFrst100AnSpTslLvn","Circle","100","Frosted","18-415","Vintage Bulb Sprayer","Frosted","false","media_or_configuration_invalid","AnSp18-415Lvn","AnSp18-415Lvn","","","false","https://www.bestbottles.com/product/circle-design-100-ml-frosted-glass-bottle-lavender-vintage-style-sprayer-with-tassel-shiny-silver-collar"
"GBCrclFrst100AnSpTslPnk","Circle","100","Frosted","18-415","Vintage Bulb Sprayer","Frosted","false","ambiguous_selection_identity","CP18-415AnSpPnk","CP18-415AnSpPnk","","","false","https://www.bestbottles.com/product/circle-design-100-ml-frosted-glass-bottle-pink-vintage-style-sprayer-with-tassel-shiny-gold-collar"
"GBCrclFrst100AnSpTslRed","Circle","100","Frosted","18-415","Vintage Bulb Sprayer","Frosted","false","media_or_configuration_invalid","AnSp18-415Red","AnSp18-415Red","","","false","https://www.bestbottles.com/product/circle-design-100-ml-frosted-glass-bottle-red-vintage-style-sprayer-with-tassel-shiny-silver-collar"
"GBCrclFrst100AnSpTslWht","Circle","100","Frosted","18-415","Vintage Bulb Sprayer","Frosted","false","media_or_configuration_invalid","AnSp18-415Wht","AnSp18-415Wht","","","false","https://www.bestbottles.com/product/circle-design-100-ml-frosted-glass-bottle-white-vintage-style-sprayer-with-tassel-shiny-silver-collar"
"GBCrclFrst100AnSpTslMtSl","Circle","100","Frosted","18-415","Vintage Bulb Sprayer with Tassel","Matte Silver","false","media_or_configuration_invalid","AnSpTsl18-415MtS","AnSpTsl18-415MtS","","","false","https://www.bestbottles.com/product/circle-design-100-ml-frosted-glass-bottle-matte-silver-vintage-style-sprayer-with-tassel-matte-silver-collar"
"LBCrcl50LtnMtGl","Circle","50","Clear","18-415","Lotion Pump","Matte Gold","false","standalone_component_unpublished","","Ltn18-415MtGl","STATUS_DRAFT+NOT_PUBLISHED","","false","https://www.bestbottles.com/product/circle-design-50-ml-glass-bottle-matte-gold-lotion-pump-and-cap"
"GBCrcl50RdcrShnSl","Circle","50","Clear","18-415","Reducer","Shiny Silver","false","assembly_unpublished_or_unsellable","CP18-415ShnSl","CP18-415ShnSl","","STATUS_DRAFT+NOT_PUBLISHED","false","https://www.bestbottles.com/product/circle-design-50-ml-glass-bottle-reducer-shiny-silver-cap"
"LBCrcl50LtnShnGl","Circle","50","Clear","18-415","Lotion Pump","Shiny Gold","false","standalone_component_unpublished","","Ltn18-415ShnGl","STATUS_DRAFT+NOT_PUBLISHED","","true","https://www.bestbottles.com/product/circle-design-50-ml-glass-bottle-shiny-gold-lotion-pump-and-cap"
"LBCrcl50LtnShnBlk","Circle","50","Clear","18-415","Lotion Pump","Shiny Black","false","standalone_component_unpublished","","Ltn18-415ShnBlk","STATUS_DRAFT+NOT_PUBLISHED","","true","https://www.bestbottles.com/product/circle-design-50-ml-glass-bottle-shiny-black-lotion-pump-and-cap"
"GBCrcl50RdcrShnGl","Circle","50","Clear","18-415","Reducer","Shiny Gold","false","assembly_unpublished_or_unsellable","CP18-415ShnGl","CP18-415ShnGl","","STATUS_DRAFT+NOT_PUBLISHED","false","https://www.bestbottles.com/product/circle-design-50-ml-glass-bottle-reducer-shiny-gold-cap"
"LBCrcl50LtnMtSl","Circle","50","Clear","18-415","Lotion Pump","Matte Silver","false","exact_component_unresolved","","","","","false","https://www.bestbottles.com/product/circle-design-50-ml-glass-bottle-matte-silver-lotion-pump-and-cap"
"GBCrcl50RdcrIvyLthr","Circle","50","Clear","18-415","Reducer","Ivory Leather","false","assembly_unpublished_or_unsellable","CP18-415LIvyLthr","CP18-415LIvyLthr","","STATUS_DRAFT+NOT_PUBLISHED","false","https://www.bestbottles.com/product/circle-design-50-ml-glass-bottle-reducer-ivory-faux-leather-cap"
"LBCrcl50LtnShnSl","Circle","50","Clear","18-415","Lotion Pump","Shiny Silver","false","standalone_component_unpublished","","Ltn18-415ShnSl","STATUS_DRAFT+NOT_PUBLISHED","","true","https://www.bestbottles.com/product/circle-design-50-ml-glass-bottle-shiny-silver-lotion-pump-and-cap"
"GBCrcl50RdcrPnkLthr","Circle","50","Clear","18-415","Reducer","Pink Leather","false","assembly_unpublished_or_unsellable","CP18-415LPnkLthr","CP18-415LPnkLthr","","STATUS_DRAFT+NOT_PUBLISHED","false","https://www.bestbottles.com/product/circle-design-50-ml-glass-bottle-reducer-pink-faux-leather-cap"
"LBCrcl50LtnCu","Circle","50","Clear","18-415","Lotion Pump","Copper","false","standalone_component_unpublished","","Ltn18-415Cu","STATUS_DRAFT+NOT_PUBLISHED","","false","https://www.bestbottles.com/product/circle-design-50-ml-glass-bottle-matte-copper-lotion-pump-and-cap"
"GBCrcl50RdcrShnBlkTall","Circle","50","Clear","18-415","Reducer","Shiny Black","false","assembly_unpublished_or_unsellable","CP18-415ShnBlkTall","CP18-415ShnBlkTall","","STATUS_DRAFT+NOT_PUBLISHED","false","https://www.bestbottles.com/product/circle-design-50-ml-glass-bottle-reducer-tall-black-shiny-cap"
"LBCrclFrst50LtnMtGl","Circle","50","Frosted","18-415","Lotion Pump","Matte Gold","false","standalone_component_unpublished","","Ltn18-415MtGl","STATUS_DRAFT+NOT_PUBLISHED","","false","https://www.bestbottles.com/product/circle-design-50-ml-frosted-glass-bottle-matte-gold-lotion-pump-and-cap"
"GBCrcl50RdcrShnBlk","Circle","50","Clear","18-415","Reducer","Shiny Black","false","exact_component_unresolved | assembly_unpublished_or_unsellable","","","","STATUS_DRAFT+NOT_PUBLISHED","false","https://www.bestbottles.com/product/circle-design-50-ml-glass-bottle-reducer-black-shiny-cap"
"LBCrclFrst50LtnShnGl","Circle","50","Frosted","18-415","Lotion Pump","Shiny Gold","false","standalone_component_unpublished","","Ltn18-415ShnGl","STATUS_DRAFT+NOT_PUBLISHED","","true","https://www.bestbottles.com/product/circle-design-50-ml-frosted-glass-bottle-shiny-gold-lotion-pump-and-cap"
"GBCrcl50RdcrBrwnLthr","Circle","50","Clear","18-415","Reducer","Brown Leather","false","assembly_unpublished_or_unsellable","CP18-415BrwnLthr","CP18-415BrwnLthr","","STATUS_DRAFT+NOT_PUBLISHED","false","https://www.bestbottles.com/product/circle-design-50-ml-glass-bottle-reducer-brown-faux-leather-cap"
"LBCrclFrst50LtnShnBlk","Circle","50","Frosted","18-415","Lotion Pump","Shiny Black","false","standalone_component_unpublished","","Ltn18-415ShnBlk","STATUS_DRAFT+NOT_PUBLISHED","","true","https://www.bestbottles.com/product/circle-design-50-ml-frosted-glass-bottle-shiny-black-lotion-pump-and-cap"
"GBCrcl50RdcrLBrwnLthr","Circle","50","Clear","18-415","Reducer","Light Brown Leather","false","assembly_unpublished_or_unsellable","CP18-415LBrwnLthr","CP18-415LBrwnLthr","","STATUS_DRAFT+NOT_PUBLISHED","false","https://www.bestbottles.com/product/circle-design-50-ml-glass-bottle-reducer-light-brown-faux-leather-cap"
"LBCrclFrst50LtnMtSl","Circle","50","Frosted","18-415","Lotion Pump","Matte Silver","false","exact_component_unresolved","","","","","false","https://www.bestbottles.com/product/circle-design-50-ml-frosted-glass-bottle-matte-silver-lotion-pump-and-cap"
"GBCrcl50RdcrMtSlTall","Circle","50","Clear","18-415","Reducer","Matte Silver","false","assembly_unpublished_or_unsellable","CP18-415MtSlTall","CP18-415MtSlTall","","STATUS_DRAFT+NOT_PUBLISHED","false","https://www.bestbottles.com/product/circle-design-50-ml-glass-bottle-reducer-tall-silver-matte-cap"
"LBCrclFrst50LtnShnSl","Circle","50","Frosted","18-415","Lotion Pump","Shiny Silver","false","standalone_component_unpublished","","Ltn18-415ShnSl","STATUS_DRAFT+NOT_PUBLISHED","","true","https://www.bestbottles.com/product/circle-design-50-ml-frosted-glass-bottle-shiny-silver-lotion-pump-and-cap"
"GBCrcl50RdcrWht","Circle","50","Clear","18-415","Reducer","White","false","assembly_unpublished_or_unsellable","CP18-415Wh","CP18-415Wh","","STATUS_DRAFT+NOT_PUBLISHED","false","https://www.bestbottles.com/product/circle-design-50-ml-glass-bottle-reducer-white-cap"
"LBCrclFrst50LtnCu","Circle","50","Frosted","18-415","Lotion Pump","Copper","false","standalone_component_unpublished","","Ltn18-415Cu","STATUS_DRAFT+NOT_PUBLISHED","","false","https://www.bestbottles.com/product/circle-design-50-ml-frosted-glass-bottle-matte-copper-lotion-pump-and-cap"
"GBCrcl50RdcrMtSl","Circle","50","Clear","18-415","Reducer","Matte Silver","false","assembly_unpublished_or_unsellable","CP18-415MtSl","CP18-415MtSl","","STATUS_DRAFT+NOT_PUBLISHED","false","https://www.bestbottles.com/product/circle-design-50-ml-glass-bottle-reducer-silver-matte-cap"
"GBCrclFrst50RdcrShnGl","Circle","50","Frosted","18-415","Reducer","Shiny Gold","false","assembly_unpublished_or_unsellable","CP18-415ShnGl","CP18-415ShnGl","","STATUS_DRAFT+NOT_PUBLISHED","false","https://www.bestbottles.com/product/circle-design-50-ml-frosted-glass-bottle-reducer-shiny-gold-cap"
"GBCrcl15MtlRollBlkDot","Circle","15","Clear","13-415","Metal Roller Ball","Black Dotted","true","","CPRoll13-415BlackDot","CPRoll13-415BlackDot","","","true","https://www.bestbottles.com/product/circle-design-15-ml-bottle-metal-roller-ball-plug-black-shiny-cap-with-dots"
"GBCrclFrst50RdcrShnBlkTall","Circle","50","Frosted","18-415","Reducer","Shiny Black","false","assembly_unpublished_or_unsellable","CP18-415ShnBlkTall","CP18-415ShnBlkTall","","STATUS_DRAFT+NOT_PUBLISHED","false","https://www.bestbottles.com/product/circle-design-50-ml-frosted-glass-bottle-reducer-tall-black-shiny-cap"
"GBCrclFrst50RdcrShnBlk","Circle","50","Frosted","18-415","Reducer","Shiny Black","false","exact_component_unresolved | assembly_unpublished_or_unsellable","","","","STATUS_DRAFT+NOT_PUBLISHED","false","https://www.bestbottles.com/product/circle-design-50-ml-frosted-glass-bottle-reducer-black-shiny-cap"
"GBCrclFrst50RdcrBrwnLthr","Circle","50","Frosted","18-415","Reducer","Frosted","false","assembly_unpublished_or_unsellable","CP18-415BrwnLthr","CP18-415BrwnLthr","","STATUS_DRAFT+NOT_PUBLISHED","false","https://www.bestbottles.com/product/circle-design-50-ml-frosted-glass-bottle-reducer-brown-faux-leather-cap"
"GBCrclFrst50RdcrLBrwnLthr","Circle","50","Frosted","18-415","Reducer","Frosted","false","assembly_unpublished_or_unsellable","CP18-415LBrwnLthr","CP18-415LBrwnLthr","","STATUS_DRAFT+NOT_PUBLISHED","false","https://www.bestbottles.com/product/circle-design-50-ml-frosted-glass-bottle-reducer-light-brown-faux-leather-cap"
"GBCrclFrst50RdcrShnSl","Circle","50","Frosted","18-415","Reducer","Shiny Silver","false","assembly_unpublished_or_unsellable","CP18-415ShnSl","CP18-415ShnSl","","STATUS_DRAFT+NOT_PUBLISHED","false","https://www.bestbottles.com/product/circle-design-50-ml-frosted-glass-bottle-reducer-shiny-silver-cap"
"GBCrclFrst50RdcrMtSl","Circle","50","Frosted","18-415","Reducer","Matte Silver","false","assembly_unpublished_or_unsellable","CP18-415MtSl","CP18-415MtSl","","STATUS_DRAFT+NOT_PUBLISHED","false","https://www.bestbottles.com/product/circle-design-50-ml-frosted-glass-bottle-reducer-tall-silver-matte-cap"
"GBCrclFrst50RdcrWht","Circle","50","Frosted","18-415","Reducer","White","false","assembly_unpublished_or_unsellable","CP18-415Wh","CP18-415Wh","","STATUS_DRAFT+NOT_PUBLISHED","false","https://www.bestbottles.com/product/circle-design-50-ml-frosted-glass-bottle-reducer-white-cap"
"GBCrclFrst50RdcrPnkLthr","Circle","50","Frosted","18-415","Reducer","Pink","false","assembly_unpublished_or_unsellable","CP18-415LPnkLthr","CP18-415LPnkLthr","","STATUS_DRAFT+NOT_PUBLISHED","false","https://www.bestbottles.com/product/circle-design-50-ml-frosted-glass-bottle-reducer-pink-faux-leather-cap"
"GBCrcl15SpryBlkSh","Circle","15","Clear","13-415","Fine Mist Sprayer","Shiny Black","false","standalone_component_unpublished","","CP13-415SpryBlkSh","STATUS_DRAFT+NOT_PUBLISHED","","true","https://www.bestbottles.com/product/circle-design-15-ml-bottle-shiny-black-spray"
"GBCrcl50AnSpLvn","Circle","50","Clear","18-415","Vintage Bulb Sprayer","Lavender","false","media_or_configuration_invalid","AnSp18-415Lvn","AnSp18-415Lvn","","","false","https://www.bestbottles.com/product/circle-design-50-ml-glass-bottle-lavender-vintage-style-bulb-sprayer-shiny-silver-collar-cap"
"GBCrcl15SpryBluMatt","Circle","15","Clear","13-415","Fine Mist Sprayer","Matte Blue","false","standalone_component_unpublished","","CP13-415SpryBluMt","STATUS_DRAFT+NOT_PUBLISHED","","true","https://www.bestbottles.com/product/circle-design-15-ml-bottle-matte-blue-spray"
"GBCrcl50AnSpPnk","Circle","50","Clear","18-415","Vintage Bulb Sprayer","Pink","true","","CP18-415AnSpPnk","CP18-415AnSpPnk","","","true","https://www.bestbottles.com/product/circle-design-50-ml-glass-bottle-pink-vintage-style-bulb-sprayer-shiny-gold-collar-cap"
"GBCrcl15SpryCuMatt","Circle","15","Clear","13-415","Fine Mist Sprayer","Matte Copper","false","standalone_component_unpublished","","CP13-415SpryCuMt","STATUS_DRAFT+NOT_PUBLISHED","","true","https://www.bestbottles.com/product/circle-design-15-ml-bottle-matte-copper-spray"
"GBCrcl50AnSpMtSl","Circle","50","Clear","18-415","Vintage Bulb Sprayer","Matte Silver","false","media_or_configuration_invalid","AnSp18-415MtSl","AnSp18-415MtSl","","","false","https://www.bestbottles.com/product/circle-design-50-ml-glass-bottle-matte-silver-vintage-style-sprayer-matte-silver-collar-cap"
"GBCrcl15SpryGlMatt","Circle","15","Clear","13-415","Fine Mist Sprayer","Matte Gold","false","standalone_component_unpublished","","CP13-415SpryGlMt","STATUS_DRAFT+NOT_PUBLISHED","","true","https://www.bestbottles.com/product/circle-design-15-ml-bottle-matte-gold-spray"
"GBCrcl50AnSpIvySl","Circle","50","Clear","18-415","Vintage Bulb Sprayer","Ivory Silver","false","media_or_configuration_invalid","AnSp18-415IvySl","AnSp18-415IvySl","","","false","https://www.bestbottles.com/product/circle-design-50-ml-glass-bottle-ivory-vintage-style-bulb-sprayer-shiny-silver-collar-cap"
"GBCrcl15SpryGlSh","Circle","15","Clear","13-415","Fine Mist Sprayer","Shiny Gold","false","standalone_component_unpublished","","CP13-415SpryGlSh","STATUS_DRAFT+NOT_PUBLISHED","","true","https://www.bestbottles.com/product/circle-design-15-ml-bottle-shiny-gold-spray"
"GBCrcl50AnSpGl","Circle","50","Clear","18-415","Vintage Bulb Sprayer","Gold","true","","AnSp18-415Gl","AnSp18-415Gl","","","true","https://www.bestbottles.com/product/circle-design-50-ml-glass-bottle-gold-vintage-style-sprayer-shiny-gold-collar-cap"
"GBCrcl15SprySlMatt","Circle","15","Clear","13-415","Fine Mist Sprayer","Matte Silver","false","standalone_component_unpublished","","CP13-415SprySlMt","STATUS_DRAFT+NOT_PUBLISHED","","true","https://www.bestbottles.com/product/circle-design-15-ml-bottle-matte-silver-spray"
"GBCrcl50AnSpIvyGl","Circle","50","Clear","18-415","Vintage Bulb Sprayer","Ivory Gold","false","media_or_configuration_invalid","AnSp18-415IvyGl","AnSp18-415IvyGl","","","false","https://www.bestbottles.com/product/circle-design-50-ml-glass-bottle-ivory-vintage-style-bulb-sprayer-shiny-gold-collar-cap"
"GBCrcl15SprySlSh","Circle","15","Clear","13-415","Fine Mist Sprayer","Shiny Silver","false","standalone_component_unpublished","","CP13-415SprySlSh","STATUS_DRAFT+NOT_PUBLISHED","","true","https://www.bestbottles.com/product/circle-design-15-ml-bottle-shiny-silver-spray"
"GBCrcl50AnSpWht","Circle","50","Clear","18-415","Vintage Bulb Sprayer","White","false","media_or_configuration_invalid","AnSp18-415Wht","AnSp18-415Wht","","","false","https://www.bestbottles.com/product/circle-design-50-ml-glass-bottle-white-vintage-style-bulb-sprayer-shiny-silver-collar-cap"
"GBCrcl50AnSpRed","Circle","50","Clear","18-415","Vintage Bulb Sprayer","Red","false","media_or_configuration_invalid","AnSp18-415Red","AnSp18-415Red","","","false","https://www.bestbottles.com/product/circle-design-50-ml-glass-bottle-red-vintage-style-bulb-sprayer-shiny-silver-collar-cap"
"GBCrcl50AnSpTslLvn","Circle","50","Clear","18-415","Vintage Bulb Sprayer with Tassel","Lavender","false","media_or_configuration_invalid","AnSpTsl18-415Lvn","AnSpTsl18-415Lvn","","","false","https://www.bestbottles.com/product/circle-design-50-ml-glass-bottle-lavender-vintage-style-sprayer-with-tassel-shiny-silver-collar"
"GBCrcl50AnSpTslIvyGl","Circle","50","Clear","18-415","Vintage Bulb Sprayer with Tassel","Ivory Gold","false","media_or_configuration_invalid","AnSpTsl18-415IvyGl","AnSpTsl18-415IvyGl","","","false","https://www.bestbottles.com/product/circle-design-50-ml-glass-bottle-ivory-vintage-style-sprayer-with-tassel-shiny-gold-collar"
"GBCrcl50AnSpTslIvySl","Circle","50","Clear","18-415","Vintage Bulb Sprayer with Tassel","Ivory Silver","false","media_or_configuration_invalid","AnSpTsl18-415IvySl","AnSpTsl18-415IvySl","","","false","https://www.bestbottles.com/product/circle-design-50-ml-glass-bottle-ivory-vintage-style-sprayer-with-tassel-shiny-silver-collar"
"LBCrcl100LtnMtGl","Circle","100","Clear","18-415","Lotion Pump","Matte Gold","false","standalone_component_unpublished","","Ltn18-415MtGl","STATUS_DRAFT+NOT_PUBLISHED","","false","https://www.bestbottles.com/product/circle-design-100-ml-glass-bottle-matte-gold-lotion-pump-and-cap"
"GBCrcl50AnSpTslWht","Circle","50","Clear","18-415","Vintage Bulb Sprayer with Tassel","White","false","media_or_configuration_invalid","AnSpTsl18-415Wht","AnSpTsl18-415Wht","","","false","https://www.bestbottles.com/product/circle-design-50-ml-glass-bottle-white-vintage-style-sprayer-with-tassel-shiny-silver-collar"
"LBCrcl100LtnShnGl","Circle","100","Clear","18-415","Lotion Pump","Shiny Gold","false","standalone_component_unpublished","","Ltn18-415ShnGl","STATUS_DRAFT+NOT_PUBLISHED","","true","https://www.bestbottles.com/product/circle-design-100-ml-glass-bottle-shiny-gold-lotion-pump-and-cap"
"GBCrcl50AnSpTslPnk","Circle","50","Clear","18-415","Vintage Bulb Sprayer with Tassel","Pink","false","media_or_configuration_invalid","AnSpTsl18-415Pnk","AnSpTsl18-415Pnk","","","false","https://www.bestbottles.com/product/circle-design-50-ml-glass-bottle-pink-vintage-style-sprayer-with-tassel-shiny-gold-collar"
"LBCrcl100LtnShnBlk","Circle","100","Clear","18-415","Lotion Pump","Shiny Black","false","standalone_component_unpublished","","Ltn18-415ShnBlk","STATUS_DRAFT+NOT_PUBLISHED","","true","https://www.bestbottles.com/product/circle-design-100-ml-glass-bottle-shiny-black-lotion-pump-and-cap"
"GBCrcl50AnSpTslRed","Circle","50","Clear","18-415","Vintage Bulb Sprayer","Clear","false","media_or_configuration_invalid","AnSp18-415Red","AnSp18-415Red","","","false","https://www.bestbottles.com/product/circle-design-50-ml-glass-bottle-red-vintage-style-sprayer-with-tassel-shiny-silver-collar"
"LBCrcl100LtnMtSl","Circle","100","Clear","18-415","Lotion Pump","Matte Silver","false","exact_component_unresolved","","","","","false","https://www.bestbottles.com/product/circle-design-100-ml-glass-bottle-matte-silver-lotion-pump-and-cap"
"GBCrcl50DrpCu","Circle","50","Clear","18-415","Dropper","Copper","true","","Drp18-415Cu","Drp18-415Cu","","","true","https://www.bestbottles.com/product/circle-design-50-ml-glass-bottle-white-dropper-shiny-copper-collar-cap"
"GBCrcl50AnSpTslMtSl","Circle","50","Clear","18-415","Vintage Bulb Sprayer","Clear","false","media_or_configuration_invalid","AnSp18-415MtSl","AnSp18-415MtSl","","","false","https://www.bestbottles.com/product/circle-design-50-ml-glass-bottle-matte-silver-vintage-style-sprayer-with-tassel-matte-silver-collar"
"LBCrcl100LtnShnSl","Circle","100","Clear","18-415","Lotion Pump","Shiny Silver","false","standalone_component_unpublished","","Ltn18-415ShnSl","STATUS_DRAFT+NOT_PUBLISHED","","true","https://www.bestbottles.com/product/circle-design-100-ml-glass-bottle-shiny-silver-lotion-pump-and-cap"
"GBCrclFrst50DrpCu","Circle","50","Frosted","18-415","Dropper","Copper","false","exact_component_unresolved","","","","","false","https://www.bestbottles.com/product/circle-design-50-ml-frosted-glass-bottle-white-dropper-shiny-copper-collar-cap"
"GBCrcl50AnSpTslGl","Circle","50","Clear","18-415","Vintage Bulb Sprayer with Tassel","Gold","true","","CP18-415AnSpTslGl","CP18-415AnSpTslGl","","","true","https://www.bestbottles.com/product/circle-design-50-ml-glass-bottle-gold-vintage-style-sprayer-with-tassel-shiny-gold-collar"
"LBCrcl100LtnCu","Circle","100","Clear","18-415","Lotion Pump","Copper","false","standalone_component_unpublished","","Ltn18-415Cu","STATUS_DRAFT+NOT_PUBLISHED","","false","https://www.bestbottles.com/product/circle-design-100-ml-glass-bottle-matte-copper-lotion-pump-and-cap"
"GBCrclFrst50AnSpLvn","Circle","50","Frosted","18-415","Vintage Bulb Sprayer","Lavender","false","media_or_configuration_invalid","AnSp18-415Lvn","AnSp18-415Lvn","","","false","https://www.bestbottles.com/product/circle-design-50-ml-frosted-glass-bottle-lavender-vintage-style-bulb-sprayer-shiny-silver-collar-cap"
"LBCrclFrst100LtnMtGl","Circle","100","Frosted","18-415","Lotion Pump","Matte Gold","false","standalone_component_unpublished","","Ltn18-415MtGl","STATUS_DRAFT+NOT_PUBLISHED","","false","https://www.bestbottles.com/product/circle-design-100-ml-frosted-glass-bottle-matte-gold-lotion-pump-and-cap"
"GBCrclFrst50AnSpPnk","Circle","50","Frosted","18-415","Vintage Bulb Sprayer","Pink","true","","CP18-415AnSpPnk","CP18-415AnSpPnk","","","true","https://www.bestbottles.com/product/circle-design-50-ml-frosted-glass-bottle-pink-vintage-style-bulb-sprayer-shiny-gold-collar-cap"
"LBCrclFrst100LtnShnGl","Circle","100","Frosted","18-415","Lotion Pump","Shiny Gold","false","standalone_component_unpublished","","Ltn18-415ShnGl","STATUS_DRAFT+NOT_PUBLISHED","","true","https://www.bestbottles.com/product/circle-design-100-ml-frosted-glass-bottle-shiny-gold-lotion-pump-and-cap"
"GBCrclFrst50AnSpMtSl","Circle","50","Frosted","18-415","Vintage Bulb Sprayer","Matte Silver","false","media_or_configuration_invalid","AnSp18-415MtSl","AnSp18-415MtSl","","","false","https://www.bestbottles.com/product/circle-design-50-ml-frosted-glass-bottle-matte-silver-vintage-style-sprayer-matte-silver-collar-cap"
"LBCrclFrst100LtnShnBlk","Circle","100","Frosted","18-415","Lotion Pump","Shiny Black","false","standalone_component_unpublished","","Ltn18-415ShnBlk","STATUS_DRAFT+NOT_PUBLISHED","","true","https://www.bestbottles.com/product/circle-design-100-ml-frosted-glass-bottle-shiny-black-lotion-pump-and-cap"
"GBCrclFrst50AnSpIvySl","Circle","50","Frosted","18-415","Vintage Bulb Sprayer","Ivory Silver","false","media_or_configuration_invalid","AnSp18-415IvySl","AnSp18-415IvySl","","","false","https://www.bestbottles.com/product/circle-design-50-ml-frosted-glass-bottle-ivory-vintage-style-bulb-sprayer-shiny-silver-collar-cap"
"LBCrclFrst100LtnMtSl","Circle","100","Frosted","18-415","Lotion Pump","Matte Silver","false","exact_component_unresolved","","","","","false","https://www.bestbottles.com/product/circle-design-100-ml-frosted-glass-bottle-matte-silver-lotion-pump-and-cap"
"GBCrclFrst50AnSpGl","Circle","50","Frosted","18-415","Vintage Bulb Sprayer","Shiny Gold","true","","AnSp18-415Gl","AnSp18-415Gl","","","true","https://www.bestbottles.com/product/circle-design-50-ml-frosted-glass-bottle-gold-vintage-style-sprayer-shiny-gold-collar-cap"
"LBCrclFrst100LtnShnSl","Circle","100","Frosted","18-415","Lotion Pump","Shiny Silver","false","standalone_component_unpublished","","Ltn18-415ShnSl","STATUS_DRAFT+NOT_PUBLISHED","","true","https://www.bestbottles.com/product/circle-design-100-ml-frosted-glass-bottle-shiny-silver-lotion-pump-and-cap"
"GBCrclFrst50AnSpIvyGl","Circle","50","Frosted","18-415","Vintage Bulb Sprayer","Ivory Gold","false","media_or_configuration_invalid","AnSp18-415IvyGl","AnSp18-415IvyGl","","","false","https://www.bestbottles.com/product/circle-design-50-ml-frosted-glass-bottle-ivory-vintage-style-bulb-sprayer-shiny-gold-collar-cap"
"LBCrclFrst100LtnCu","Circle","100","Frosted","18-415","Lotion Pump","Copper","false","standalone_component_unpublished","","Ltn18-415Cu","STATUS_DRAFT+NOT_PUBLISHED","","false","https://www.bestbottles.com/product/circle-design-100-ml-frosted-glass-bottle-matte-copper-lotion-pump-and-cap"
"GBCrcl15MtlRollBlkSh","Circle","15","Clear","13-415","Metal Roller Ball","Shiny Black","true","","CPRoll13-415BlkSh","CPRoll13-415BlkSh","","","true","https://www.bestbottles.com/product/circle-design-15-ml-bottle-metal-roller-ball-plug-black-shiny-cap"
"GBCrclFrst50AnSpWht","Circle","50","Frosted","18-415","Vintage Bulb Sprayer","White","false","media_or_configuration_invalid","AnSp18-415Wht","AnSp18-415Wht","","","false","https://www.bestbottles.com/product/circle-design-50-ml-frosted-glass-bottle-white-vintage-style-bulb-sprayer-shiny-silver-collar-cap"
"GBCrcl15MtlRollCuMatt","Circle","15","Clear","13-415","Metal Roller Ball","Matte Copper","true","","CPRoll13-415Cu","CPRoll13-415Cu","","","true","https://www.bestbottles.com/product/circle-design-15-ml-bottle-metal-roller-ball-plug-matte-copper-cap"
"GBCrclFrst50AnSpRed","Circle","50","Frosted","18-415","Vintage Bulb Sprayer","Red","false","media_or_configuration_invalid","AnSp18-415Red","AnSp18-415Red","","","false","https://www.bestbottles.com/product/circle-design-50-ml-frosted-glass-bottle-red-vintage-style-bulb-sprayer-shiny-silver-collar-cap"
"GBCrcl15MtlRollGlMatt","Circle","15","Clear","13-415","Metal Roller Ball","Matte Gold","true","","CPRoll13-415GlMt","CPRoll13-415GlMt","","","true","https://www.bestbottles.com/product/circle-design-15-ml-bottle-metal-roller-ball-plug-matte-gold-cap"
"GBCrcl15MtlRollGlSh","Circle","15","Clear","13-415","Metal Roller Ball","Shiny Gold","true","","CPRoll13-415GlSh","CPRoll13-415GlSh","","","true","https://www.bestbottles.com/product/circle-design-15-ml-bottle-metal-roller-ball-plug-shiny-gold-cap"
"GBCrcl15MtlRollPinkDot","Circle","15","Clear","13-415","Metal Roller Ball","Pink Dotted","true","","CPRoll13-415PinkDot","CPRoll13-415PinkDot","","","true","https://www.bestbottles.com/product/circle-design-15-ml-bottle-metal-roller-ball-plug-pink-cap-with-dots"
"GBCrcl15MtlRollSlDot","Circle","15","Clear","13-415","Metal Roller Ball","Silver Dotted","true","","CPRoll13-415SlDot","CPRoll13-415SlDot","","","true","https://www.bestbottles.com/product/circle-design-15-ml-bottle-metal-roller-ball-plug-silver-cap-with-dots"
"GBCrcl15MtlRollSlMatt","Circle","15","Clear","13-415","Metal Roller Ball","Matte Silver","true","","CPRoll13-415SlMt","CPRoll13-415SlMt","","","true","https://www.bestbottles.com/product/circle-design-15-ml-bottle-metal-roller-ball-plug-matte-silver-cap"
"GBCrcl15MtlRollSlSh","Circle","15","Clear","13-415","Metal Roller Ball","Shiny Silver","true","","CPRoll13-415SlSh","CPRoll13-415SlSh","","","true","https://www.bestbottles.com/product/circle-design-15-ml-bottle-metal-roller-ball-plug-shiny-silver-cap"
"LBCrcl50LtnClOvrCap","Circle","50","Clear","18-415","Lotion Pump","Clear Overcap","false","exact_component_unresolved","","","","","false","https://www.bestbottles.com/product/circle-design-50-ml-glass-bottle-clear-over-the-cap-lotion-pump-matte-silver-collar-cap"
"LBCrclFrst50LtnClOvrCap","Circle","50","Frosted","18-415","Lotion Pump","Clear","false","exact_component_unresolved","","","","","false","https://www.bestbottles.com/product/circle-design-50-ml-frosted-glass-bottle-clear-over-the-cap-lotion-pump-matte-silver-collar-cap"
"GBCrclFrst50AnSpTslBlk","Circle","50","Frosted","18-415","Vintage Bulb Sprayer","Frosted","false","missing_bottle_component_links | exact_component_unresolved","","","","","false","https://www.bestbottles.com/product/circle-design-50-ml-frosted-glass-bottle-black-vintage-style-sprayer-with-tassel-shiny-silver-collar"
"GBCrclFrst50AnSpTslGl","Circle","50","Frosted","18-415","Vintage Bulb Sprayer","Frosted","false","missing_bottle_component_links | exact_component_unresolved","","","","","false","https://www.bestbottles.com/product/circle-design-50-ml-frosted-glass-bottle-gold-vintage-style-sprayer-with-tassel-shiny-gold-collar"
"GBCrclFrst50AnSpTslIvyGl","Circle","50","Frosted","18-415","Vintage Bulb Sprayer","Frosted","false","missing_bottle_component_links | exact_component_unresolved","","","","","false","https://www.bestbottles.com/product/circle-design-50-ml-frosted-glass-bottle-ivory-vintage-style-sprayer-with-tassel-shiny-gold-collar"
"GBCrclFrst50AnSpTslIvySl","Circle","50","Frosted","18-415","Vintage Bulb Sprayer","Frosted","false","missing_bottle_component_links | exact_component_unresolved","","","","","false","https://www.bestbottles.com/product/circle-design-50-ml-frosted-glass-bottle-ivory-vintage-style-sprayer-with-tassel-shiny-silver-collar"
"GBCrclFrst50AnSpTslLvn","Circle","50","Frosted","18-415","Vintage Bulb Sprayer","Frosted","false","missing_bottle_component_links | exact_component_unresolved","","","","","false","https://www.bestbottles.com/product/circle-design-50-ml-frosted-glass-bottle-lavender-vintage-style-sprayer-with-tassel-shiny-silver-collar"
"GBCrclFrst50AnSpTslMtSl","Circle","50","Frosted","18-415","Vintage Bulb Sprayer","Frosted","false","missing_bottle_component_links | exact_component_unresolved","","","","","false","https://www.bestbottles.com/product/circle-design-50-ml-frosted-glass-bottle-matte-silver-vintage-style-sprayer-with-tassel-matte-silver-collar"
"GBCrclFrst50AnSpTslPnk","Circle","50","Frosted","18-415","Vintage Bulb Sprayer","Frosted","false","missing_bottle_component_links | exact_component_unresolved","","","","","false","https://www.bestbottles.com/product/circle-design-50-ml-frosted-glass-bottle-pink-vintage-style-sprayer-with-tassel-shiny-gold-collar"
"GBCrclFrst50AnSpTslRed","Circle","50","Frosted","18-415","Vintage Bulb Sprayer","Frosted","false","missing_bottle_component_links | exact_component_unresolved","","","","","false","https://www.bestbottles.com/product/circle-design-50-ml-frosted-glass-bottle-red-vintage-style-sprayer-with-tassel-shiny-silver-collar"
"GBCrclFrst50AnSpTslWht","Circle","50","Frosted","18-415","Vintage Bulb Sprayer","Frosted","false","missing_bottle_component_links | exact_component_unresolved","","","","","false","https://www.bestbottles.com/product/circle-design-50-ml-frosted-glass-bottle-white-vintage-style-sprayer-with-tassel-shiny-silver-collar"
"GBCrcl15CuSht","Circle","15","Clear","13-415","","Matte Copper","false","exact_component_unresolved","","","","","false",""
"GBCrcl15GlMattSht","Circle","15","Clear","13-415","","Matte Gold","false","exact_component_unresolved","","","","","false",""
"GBCrcl15SlMattSht","Circle","15","Clear","13-415","","Matte Silver","false","exact_component_unresolved","","","","","false",""
"GBCrcl15BlkShSht","Circle","15","Clear","13-415","","Shiny Black","false","exact_component_unresolved","","","","","false",""
"GBCrcl15GlSht","Circle","15","Clear","13-415","","Shiny Gold","false","exact_component_unresolved","","","","","false",""
"GBCrcl15SlSht","Circle","15","Clear","13-415","","Shiny Silver","false","exact_component_unresolved","","","","","false",""
"LBCyl100LtnClOvrCap","Cylinder","100","Clear","18-415","Lotion Pump","Clear Overcap","false","exact_component_unresolved","","","","","false","https://www.bestbottles.com/product/cylinder-design-100-ml-glass-bottle-clear-over-the-cap-lotion-pump-matte-silver-collar-cap"
"GBCyl5SpryBlkMatt","Cylinder","5.5","Clear","13-415","Fine Mist Sprayer","Matte Black","false","standalone_component_unpublished","","CP13-415SpryBlkMt","STATUS_DRAFT+NOT_PUBLISHED","","false","https://www.bestbottles.com/product/cylinder-design-5-ml-glass-bottle-matte-black-spray"
"GBCyl5Sl","Cylinder","5","Clear","13-415","Cap/Closure","Regular Shiny Silver","true","","CP13-415Sl","CP13-415Sl","","","true","https://www.bestbottles.com/product/cylinder-design-5-ml-glass-bottle-shiny-silver-cap"
"GBCyl5Gl","Cylinder","5","Clear","13-415","Cap/Closure","Regular Shiny Gold","true","","CP13-415Gl","CP13-415Gl","","","true","https://www.bestbottles.com/product/cylinder-design-5-ml-glass-bottle-shiny-gold-cap"
"GBCyl9SpryBlk","Cylinder","9","Clear","17-415","Fine Mist Sprayer","Clear","true","","Spry17-415Blk","Spry17-415Blk","","","true","https://www.bestbottles.com/product/cylinder-design-9-ml-clear-glass-bottle-sprayer-black-trim-and-cap"
"GBCyl100RdcrShnGl","Cylinder","100","Clear","18-415","Reducer","Shiny Gold","false","assembly_unpublished_or_unsellable","CP18-415ShnGl","CP18-415ShnGl","","STATUS_DRAFT+NOT_PUBLISHED","false","https://www.bestbottles.com/product/cylinder-design-100-ml-glass-bottle-reducer-shiny-gold-cap"
"GBCylAmb9SpryBlk","Cylinder","9","Amber","17-415","Fine Mist Sprayer","Black","true","","Spry17-415Blk","Spry17-415Blk","","","true","https://www.bestbottles.com/product/cylinder-design-9-ml-amber-glass-bottle-sprayer-black-trim-and-cap"
"GBCyl100RdcrShnBlkTall","Cylinder","100","Clear","18-415","Reducer","Tall Shiny Black","false","assembly_unpublished_or_unsellable","CP18-415ShnBlkTall","CP18-415ShnBlkTall","","STATUS_DRAFT+NOT_PUBLISHED","false","https://www.bestbottles.com/product/cylinder-design-100-ml-glass-bottle-reducer-tall-black-shiny-cap"
"GBCylBlu5Sl","Cylinder","5","Cobalt Blue","13-415","Cap/Closure","Regular Shiny Silver","true","","CP13-415Sl","CP13-415Sl","","","true","https://www.bestbottles.com/product/cylinder-design-5-ml-blue-glass-bottle-shiny-silver-cap"
"GBCyl100RdcrShnBlk","Cylinder","100","Clear","18-415","Reducer","Shiny Black","false","exact_component_unresolved | assembly_unpublished_or_unsellable","","","","STATUS_DRAFT+NOT_PUBLISHED","false","https://www.bestbottles.com/product/cylinder-design-100-ml-glass-bottle-reducer-black-shiny-cap"
"GBCylBlu9SpryBlk","Cylinder","9","Cobalt Blue","17-415","Fine Mist Sprayer","Black","true","","Spry17-415Blk","Spry17-415Blk","","","true","https://www.bestbottles.com/product/cylinder-design-9-ml-cobalt-blue-glass-bottle-sprayer-black-trim-and-cap"
"GBCylBlu5WhtSht","Cylinder","5","Cobalt Blue","13-415","Cap/Closure","Short Ribbed White","true","","CP13-415WhtSht","CP13-415WhtSht","","","true","https://www.bestbottles.com/product/cylinder-design-5-ml-blue-glass-bottle-short-white-cap"
"GBCyl100RdcrBrwnLthr","Cylinder","100","Clear","18-415","Reducer","Brown Leather","false","assembly_unpublished_or_unsellable","CP18-415BrwnLthr","CP18-415BrwnLthr","","STATUS_DRAFT+NOT_PUBLISHED","false","https://www.bestbottles.com/product/cylinder-design-100-ml-glass-bottle-reducer-brown-faux-leather-cap"
"GBCylFrst9SpryBlk","Cylinder","9","Frosted","17-415","Fine Mist Sprayer","Black","true","","Spry17-415Blk","Spry17-415Blk","","","true","https://www.bestbottles.com/product/cylinder-design-9-ml-frosted-glass-bottle-sprayer-black-trim-and-cap"
"GBCylBlu5Gl","Cylinder","5","Cobalt Blue","13-415","Cap/Closure","Regular Shiny Gold","true","","CP13-415Gl","CP13-415Gl","","","true","https://www.bestbottles.com/product/cylinder-design-5-ml-blue-glass-bottle-shiny-gold-cap"
"GBCyl100RdcrLBrwnLthr","Cylinder","100","Clear","18-415","Reducer","Light Brown Leather","false","assembly_unpublished_or_unsellable","CP18-415LBrwnLthr","CP18-415LBrwnLthr","","STATUS_DRAFT+NOT_PUBLISHED","false","https://www.bestbottles.com/product/cylinder-design-100-ml-glass-bottle-reducer-light-brown-faux-leather-cap"
"GBCyl100RdcrShnSl","Cylinder","100","Clear","18-415","Reducer","Shiny Silver","false","assembly_unpublished_or_unsellable","CP18-415ShnSl","CP18-415ShnSl","","STATUS_DRAFT+NOT_PUBLISHED","false","https://www.bestbottles.com/product/cylinder-design-100-ml-glass-bottle-reducer-shiny-silver-cap"
"GBCyl100RdcrMtSlTall","Cylinder","100","Clear","18-415","Reducer","Tall Matte Silver","false","assembly_unpublished_or_unsellable","CP18-415MtSlTall","CP18-415MtSlTall","","STATUS_DRAFT+NOT_PUBLISHED","false","https://www.bestbottles.com/product/cylinder-design-100-ml-glass-bottle-reducer-tall-silver-matte-cap"
"GBTallCyl9SpryBlkMatt","Cylinder","9","Clear","13-415","Fine Mist Sprayer","Matte Black","false","standalone_component_unpublished","","CP13-415SpryBlkMt","STATUS_DRAFT+NOT_PUBLISHED","","true","https://www.bestbottles.com/product/tall-cylinder-design-9-ml-glass-bottle-matte-black-spray"
"GBCyl100RdcrMtSl","Cylinder","100","Clear","18-415","Reducer","Matte Silver","false","assembly_unpublished_or_unsellable","CP18-415MtSl","CP18-415MtSl","","STATUS_DRAFT+NOT_PUBLISHED","false","https://www.bestbottles.com/product/cylinder-design-100-ml-glass-bottle-reducer-silver-matte-cap"
"GBTallCylFrst9SpryBlkMatt","Cylinder","9","Frosted","13-415","Fine Mist Sprayer","Frosted","false","standalone_component_unpublished","","CP13-415SpryBlkMt","STATUS_DRAFT+NOT_PUBLISHED","","true","https://www.bestbottles.com/product/tall-cylinder-design-9-ml-frosted-glass-bottle-matte-black-spray"
"GBCyl100RdcrWht","Cylinder","100","Clear","18-415","Reducer","White","false","assembly_unpublished_or_unsellable","CP18-415Wh","CP18-415Wh","","STATUS_DRAFT+NOT_PUBLISHED","false","https://www.bestbottles.com/product/cylinder-design-100-ml-glass-bottle-reducer-white-cap"
"GBCyl100RdcrIvyLthr","Cylinder","100","Clear","18-415","Reducer","Ivory Leather","false","assembly_unpublished_or_unsellable","CP18-415LIvyLthr","CP18-415LIvyLthr","","STATUS_DRAFT+NOT_PUBLISHED","false","https://www.bestbottles.com/product/cylinder-design-100-ml-glass-bottle-reducer-ivory-faux-leather-cap"
"GBCyl100RdcrPnkLthr","Cylinder","100","Clear","18-415","Reducer","Pink Leather","false","assembly_unpublished_or_unsellable","CP18-415LPnkLthr","CP18-415LPnkLthr","","STATUS_DRAFT+NOT_PUBLISHED","false","https://www.bestbottles.com/product/cylinder-design-100-ml-glass-bottle-reducer-pink-faux-leather-cap"
"GBCyl50SpryMtGl","Cylinder","50","Clear","18-415","Perfume Spray Pump","Matte Gold","false","standalone_component_unpublished","","Spry18-415MtGl","STATUS_DRAFT+NOT_PUBLISHED","","true","https://www.bestbottles.com/product/cylinder-design-50-ml-glass-bottle-matte-gold-spray-pump-and-cap"
"GBCyl50SpryShnGl","Cylinder","50","Clear","18-415","Perfume Spray Pump","Shiny Gold","false","standalone_component_unpublished","","Spry18-415ShnGl","STATUS_DRAFT+NOT_PUBLISHED","","true","https://www.bestbottles.com/product/cylinder-design-50-ml-glass-bottle-shiny-gold-spray-pump-and-cap"
"GBCyl50SpryShnBlk","Cylinder","50","Clear","18-415","Perfume Spray Pump","Shiny Black","false","standalone_component_unpublished","","Spry18-415ShnBlk","STATUS_DRAFT+NOT_PUBLISHED","","true","https://www.bestbottles.com/product/cylinder-design-50-ml-glass-bottle-shiny-black-spray-pump-and-cap"
"GBCyl50SpryMtSl","Cylinder","50","Clear","18-415","Perfume Spray Pump","Matte Silver","false","standalone_component_unpublished","","Spry18-415MtSl","STATUS_DRAFT+NOT_PUBLISHED","","true","https://www.bestbottles.com/product/cylinder-design-50-ml-glass-bottle-matte-silver-spray-pump-and-cap"
"GBCyl50SpryShnSl","Cylinder","50","Clear","18-415","Perfume Spray Pump","Shiny Silver","false","standalone_component_unpublished","","Spry18-415ShnSl","STATUS_DRAFT+NOT_PUBLISHED","","true","https://www.bestbottles.com/product/cylinder-design-50-ml-glass-bottle-shiny-silver-spray-and-cap"
"GBTallCyl9Gl","Cylinder","9","Clear","13-415","","Gold","true","","CP13-415Gl","CP13-415Gl","","","true","https://www.bestbottles.com/product/tall-cylinder-design-9-ml-glass-bottle-shiny-gold-cap"
"GBTallCyl9Sl","Cylinder","9","Clear","13-415","","Silver","true","","CP13-415Sl","CP13-415Sl","","","true","https://www.bestbottles.com/product/tall-cylinder-design-9-ml-glass-bottle-shiny-silver-cap"
"GBTallCylFrst9WhtSht","Cylinder","9","Frosted","13-415","","Short Ribbed White","true","","CP13-415WhtSht","CP13-415WhtSht","","","true","https://www.bestbottles.com/product/tall-cylinder-design-9-ml-frosted-glass-bottle-short-white-cap"
"GBTallCylFrst9Gl","Cylinder","9","Frosted","13-415","","Shiny Gold","true","","CP13-415Gl","CP13-415Gl","","","true","https://www.bestbottles.com/product/tall-cylinder-design-9-ml-frosted-glass-bottle-shiny-gold-cap"
"GBTallCylFrst9Sl","Cylinder","9","Frosted","13-415","","Shiny Silver","true","","CP13-415Sl","CP13-415Sl","","","true","https://www.bestbottles.com/product/tall-cylinder-design-9-ml-frosted-glass-bottle-shiny-silver-cap"
"GBSpry1ozGl","Cylinder","30","Clear","18-415","","Shiny Gold","false","exact_component_unresolved","","","","","false","https://www.bestbottles.com/product/Tube-Glass-Bottle-Sprayer-atomizer-Gold-1oz"
"GBSpry1ozSl","Cylinder","30","Clear","18-415","","Silver","false","exact_component_unresolved","","","","","false","https://www.bestbottles.com/product/Tube-Glass-Bottle-Sprayer-atomizer-Matte-Silver-1oz"
"GBCyl50SpryCu","Cylinder","50","Clear","18-415","Perfume Spray Pump","Copper","false","standalone_component_unpublished","","Spry18-415Cu","STATUS_DRAFT+NOT_PUBLISHED","","true","https://www.bestbottles.com/product/cylinder-design-50-ml-glass-bottle-matte-copper-spray-and-cap"
"GBCyl100SpryCu","Cylinder","100","Clear","18-415","Perfume Spray Pump","Copper","false","standalone_component_unpublished","","Spry18-415Cu","STATUS_DRAFT+NOT_PUBLISHED","","true","https://www.bestbottles.com/product/cylinder-design-100-ml-glass-bottle-matte-copper-spray-and-cap"
"GBCyl5MtlRollBlkSh","Cylinder","5","Clear","13-415","Metal Roller Ball","Shiny Black","true","","CPRoll13-415BlkSh","CPRoll13-415BlkSh","","","true","https://www.bestbottles.com/product/cylinder-design-5-ml-glass-bottle-metal-roller-ball-plug-black-shiny-cap"
"GBCyl5MtlRollCuMatt","Cylinder","5","Clear","13-415","Metal Roller Ball","Matte Copper","true","","CPRoll13-415Cu","CPRoll13-415Cu","","","true","https://www.bestbottles.com/product/cylinder-design-5-ml-glass-bottle-metal-roller-ball-plug-matte-copper-cap"
"GBCyl5MtlRollGlMatt","Cylinder","5","Clear","13-415","Metal Roller Ball","Matte Gold","true","","CPRoll13-415GlMt","CPRoll13-415GlMt","","","true","https://www.bestbottles.com/product/cylinder-design-5-ml-glass-bottle-metal-roller-ball-plug-matte-gold-cap"
"GBCyl5MtlRollGlSh","Cylinder","5","Clear","13-415","Metal Roller Ball","Shiny Gold","true","","CPRoll13-415GlSh","CPRoll13-415GlSh","","","true","https://www.bestbottles.com/product/cylinder-design-5-ml-glass-bottle-metal-roller-ball-plug-shiny-gold-cap"
"GBCyl5MtlRollPinkDot","Cylinder","5","Clear","13-415","Metal Roller Ball","Pink with Dots","true","","CPRoll13-415PinkDot","CPRoll13-415PinkDot","","","true","https://www.bestbottles.com/product/cylinder-design-5-ml-glass-bottle-metal-roller-ball-plug-pink-cap-with-dots"
"GBCyl5MtlRollSlDot","Cylinder","5","Clear","13-415","Metal Roller Ball","Silver with Dots","true","","CPRoll13-415SlDot","CPRoll13-415SlDot","","","true","https://www.bestbottles.com/product/cylinder-design-5-ml-glass-bottle-metal-roller-ball-plug-silver-cap-with-dots"
"GBCyl5MtlRollSlMatt","Cylinder","5","Clear","13-415","Metal Roller Ball","Matte Silver","true","","CPRoll13-415SlMt","CPRoll13-415SlMt","","","true","https://www.bestbottles.com/product/cylinder-design-5-ml-glass-bottle-metal-roller-ball-plug-matte-silver-cap"
"GBCyl5MtlRollSlSh","Cylinder","5","Clear","13-415","Metal Roller Ball","Shiny Silver","true","","CPRoll13-415SlSh","CPRoll13-415SlSh","","","true","https://www.bestbottles.com/product/cylinder-design-5-ml-glass-bottle-metal-roller-ball-plug-shiny-silver-cap"
"GBCyl50RdcrBlkLthr","Cylinder","50","Clear","18-415","Reducer","Black Leather","false","assembly_unpublished_or_unsellable","CP18-415BlkLthr","CP18-415BlkLthr","","STATUS_DRAFT+NOT_PUBLISHED","false","https://www.bestbottles.com/product/cylinder-design-50-ml-glass-bottle-reducer-black-faux-leather-cap"
"GBCylBlu5MtlRollBlkSh","Cylinder","5","Cobalt Blue","13-415","Metal Roller Ball","Shiny Black","false","bare_preview_depends_on_blocked_sibling","CPRoll13-415BlkSh","CPRoll13-415BlkSh","","","true","https://www.bestbottles.com/product/cylinder-design-5-ml-blue-glass-bottle-metal-roller-ball-plug-black-shiny-cap"
"GBCylBlu5MtlRollCuMatt","Cylinder","5","Cobalt Blue","13-415","Metal Roller Ball","Matte Copper","false","bare_preview_depends_on_blocked_sibling","CPRoll13-415Cu","CPRoll13-415Cu","","","true","https://www.bestbottles.com/product/cylinder-design-5-ml-blue-glass-bottle-metal-roller-ball-plug-matte-copper-cap"
"GBCyl5SprySlMatt","Cylinder","5","Clear","13-415","Fine Mist Sprayer","Matte Silver","false","standalone_component_unpublished","","CP13-415SprySlMt","STATUS_DRAFT+NOT_PUBLISHED","","true","https://www.bestbottles.com/product/cylinder-design-5-ml-glass-bottle-matte-silver-spray"
"GBCylBlu5MtlRollGlMatt","Cylinder","5","Cobalt Blue","13-415","Metal Roller Ball","Matte Gold","false","bare_preview_depends_on_blocked_sibling","CPRoll13-415GlMt","CPRoll13-415GlMt","","","true","https://www.bestbottles.com/product/cylinder-design-5-ml-blue-glass-bottle-metal-roller-ball-plug-matte-gold-cap"
"GBCyl5SpryBlkSh","Cylinder","5","Clear","13-415","Fine Mist Sprayer","Shiny Black","false","standalone_component_unpublished","","CP13-415SpryBlkSh","STATUS_DRAFT+NOT_PUBLISHED","","true","https://www.bestbottles.com/product/cylinder-design-5-ml-glass-bottle-shiny-black-spray"
"GBCylBlu5MtlRollGlSh","Cylinder","5","Cobalt Blue","13-415","Metal Roller Ball","Shiny Gold","false","bare_preview_depends_on_blocked_sibling","CPRoll13-415GlSh","CPRoll13-415GlSh","","","true","https://www.bestbottles.com/product/cylinder-design-5-ml-blue-glass-bottle-metal-roller-ball-plug-shiny-gold-cap"
"GBCyl5SpryGlSh","Cylinder","5","Clear","13-415","Fine Mist Sprayer","Shiny Gold","false","standalone_component_unpublished","","CP13-415SpryGlSh","STATUS_DRAFT+NOT_PUBLISHED","","true","https://www.bestbottles.com/product/cylinder-design-5-ml-glass-bottle-shiny-gold-spray"
"GBCyl100SpryMtGl","Cylinder","100","Clear","18-415","Perfume Spray Pump","Matte Gold","false","standalone_component_unpublished","","Spry18-415MtGl","STATUS_DRAFT+NOT_PUBLISHED","","true","https://www.bestbottles.com/product/cylinder-design-100-ml-glass-bottle-matte-gold-spray-pump-and-cap"
"GBCylBlu5MtlRollPinkDot","Cylinder","5","Cobalt Blue","13-415","Metal Roller Ball","Pink with Dots","false","bare_preview_depends_on_blocked_sibling","CPRoll13-415PinkDot","CPRoll13-415PinkDot","","","true","https://www.bestbottles.com/product/cylinder-design-5-ml-blue-glass-bottle-metal-roller-ball-plug-pink-cap-with-dots"
"GBCyl5SprySlSh","Cylinder","5","Clear","13-415","Fine Mist Sprayer","Shiny Silver","false","standalone_component_unpublished","","CP13-415SprySlSh","STATUS_DRAFT+NOT_PUBLISHED","","true","https://www.bestbottles.com/product/cylinder-design-5-ml-glass-bottle-shiny-silver-spray"
"GBCyl100SpryShnGl","Cylinder","100","Clear","18-415","Perfume Spray Pump","Shiny Gold","false","standalone_component_unpublished","","Spry18-415ShnGl","STATUS_DRAFT+NOT_PUBLISHED","","true","https://www.bestbottles.com/product/cylinder-design-100-ml-glass-bottle-shiny-gold-spray-pump-and-cap"
"GBCylBlu5MtlRollSlDot","Cylinder","5","Cobalt Blue","13-415","Metal Roller Ball","Silver with Dots","false","bare_preview_depends_on_blocked_sibling","CPRoll13-415SlDot","CPRoll13-415SlDot","","","true","https://www.bestbottles.com/product/cylinder-design-5-ml-blue-glass-bottle-metal-roller-ball-plug-silver-cap-with-dots"
"GBCyl5SpryBluMatt","Cylinder","5","Clear","13-415","Fine Mist Sprayer","Matte Blue","false","standalone_component_unpublished","","CP13-415SpryBluMt","STATUS_DRAFT+NOT_PUBLISHED","","true","https://www.bestbottles.com/product/cylinder-design-5-ml-glass-bottle-matte-blue-spray"
"GBCyl100SpryShnBlk","Cylinder","100","Clear","18-415","Perfume Spray Pump","Shiny Black","false","standalone_component_unpublished","","Spry18-415ShnBlk","STATUS_DRAFT+NOT_PUBLISHED","","true","https://www.bestbottles.com/product/cylinder-design-100-ml-glass-bottle-shiny-black-spray-pump-and-cap"
"GBCylBlu5MtlRollSlMatt","Cylinder","5","Cobalt Blue","13-415","Metal Roller Ball","Matte Silver","false","bare_preview_depends_on_blocked_sibling","CPRoll13-415SlMt","CPRoll13-415SlMt","","","true","https://www.bestbottles.com/product/cylinder-design-5-ml-blue-glass-bottle-metal-roller-ball-plug-matte-silver-cap"
"GBCyl5SpryCuMatt","Cylinder","5","Clear","13-415","Fine Mist Sprayer","Matte Copper","false","standalone_component_unpublished","","CP13-415SpryCuMt","STATUS_DRAFT+NOT_PUBLISHED","","true","https://www.bestbottles.com/product/cylinder-design-5-ml-glass-bottle-matte-copper-spray"
"GBCyl100SpryMtSl","Cylinder","100","Clear","18-415","Perfume Spray Pump","Matte Silver","false","standalone_component_unpublished","","Spry18-415MtSl","STATUS_DRAFT+NOT_PUBLISHED","","true","https://www.bestbottles.com/product/cylinder-design-100-ml-glass-bottle-matte-silver-spray-pump-and-cap"
"GBCylBlu5MtlRollSlSh","Cylinder","5","Cobalt Blue","13-415","Metal Roller Ball","Shiny Silver","false","bare_preview_depends_on_blocked_sibling","CPRoll13-415SlSh","CPRoll13-415SlSh","","","true","https://www.bestbottles.com/product/cylinder-design-5-ml-blue-glass-bottle-metal-roller-ball-plug-shiny-silver-cap"
"GBCyl5SpryGlMatt","Cylinder","5","Clear","13-415","Fine Mist Sprayer","Matte Gold","false","standalone_component_unpublished","","CP13-415SpryGlMt","STATUS_DRAFT+NOT_PUBLISHED","","true","https://www.bestbottles.com/product/cylinder-design-5-ml-glass-bottle-matte-gold-spray"
"GBCyl100SpryShnSl","Cylinder","100","Clear","18-415","Perfume Spray Pump","Shiny Silver","false","standalone_component_unpublished","","Spry18-415ShnSl","STATUS_DRAFT+NOT_PUBLISHED","","true","https://www.bestbottles.com/product/cylinder-design-100-ml-glass-bottle-shiny-silver-spray-and-cap"
"GBCyl100RdcrBlkLthr","Cylinder","100","Clear","18-415","Reducer","Black Leather","false","assembly_unpublished_or_unsellable","CP18-415BlkLthr","CP18-415BlkLthr","","STATUS_DRAFT+NOT_PUBLISHED","false","https://www.bestbottles.com/product/cylinder-design-100-ml-glass-bottle-reducer-black-faux-leather-cap"
"GBCyl50AnSpBlk","Cylinder","50","Clear","18-415","Vintage Bulb Sprayer","Black","true","","AnSp18-415Blk","AnSp18-415Blk","","","true","https://www.bestbottles.com/product/cylinder-design-50-ml-glass-bottle-black-vintage-style-bulb-sprayer-shiny-silver-collar-cap"
"GBCyl50AnSpTslBlk","Cylinder","50","Clear","18-415","Vintage Bulb Sprayer with Tassel","Black","true","","AnSpTsl18-415Blk","AnSpTsl18-415Blk","","","true","https://www.bestbottles.com/product/cylinder-design-50-ml-glass-bottle-black-vintage-style-sprayer-with-tassel-shiny-silver-collar"
"LBCylAmb9LtnGl","Cylinder","9","Amber","17-415","Lotion Pump","Gold","true","","Ltn17-415Gl","Ltn17-415Gl","","","true","https://www.bestbottles.com/product/cylinder-design-9-ml-amber-glass-bottle-lotion-pump-gold-trim-and-cap"
"GBCylBlu5SprySlSh","Cylinder","5","Cobalt Blue","13-415","Fine Mist Sprayer","Shiny Silver","false","standalone_component_unpublished","","CP13-415SprySlSh","STATUS_DRAFT+NOT_PUBLISHED","","true","https://www.bestbottles.com/product/cylinder-design-5-ml-blue-glass-bottle-shiny-silver-spray"
"LBCylAmb9LtnMtSl","Cylinder","9","Amber","17-415","Lotion Pump","Matte Silver","true","","Ltn17-415MattSl","Ltn17-415MattSl","","","true","https://www.bestbottles.com/product/cylinder-design-9-ml-amber-glass-bottle-lotion-pump-matte-silver-trim-cap"
"GBCylBlu5SpryBlkSh","Cylinder","5","Cobalt Blue","13-415","Fine Mist Sprayer","Shiny Black","false","standalone_component_unpublished","","CP13-415SpryBlkSh","STATUS_DRAFT+NOT_PUBLISHED","","true","https://www.bestbottles.com/product/cylinder-design-5-ml-blue-glass-bottle-shiny-black-spray"
"LBCyl9LtnMtSl","Cylinder","9","Clear","17-415","Lotion Pump","Clear","true","","Ltn17-415MattSl","Ltn17-415MattSl","","","true","https://www.bestbottles.com/product/cylinder-design-9-ml-clear-glass-bottle-lotion-pump-matte-silver-trim-cap"
"GBCylBlu5SpryGlSh","Cylinder","5","Cobalt Blue","13-415","Fine Mist Sprayer","Shiny Gold","false","standalone_component_unpublished","","CP13-415SpryGlSh","STATUS_DRAFT+NOT_PUBLISHED","","true","https://www.bestbottles.com/product/cylinder-design-5-ml-blue-glass-bottle-shiny-gold-spray"
"LBCyl9LtnGl","Cylinder","9","Clear","17-415","Lotion Pump","Clear","true","","Ltn17-415Gl","Ltn17-415Gl","","","true","https://www.bestbottles.com/product/cylinder-design-9-ml-clear-glass-bottle-lotion-pump-gold-trim-and-cap"
"GBCylBlu5SpryGlMatt","Cylinder","5","Cobalt Blue","13-415","Fine Mist Sprayer","Matte Gold","false","standalone_component_unpublished","","CP13-415SpryGlMt","STATUS_DRAFT+NOT_PUBLISHED","","true","https://www.bestbottles.com/product/cylinder-design-5-ml-blue-glass-bottle-matte-gold-spray"
"GBCylBlu5SpryBluMatt","Cylinder","5","Cobalt Blue","13-415","Fine Mist Sprayer","Matte Blue","false","standalone_component_unpublished","","CP13-415SpryBluMt","STATUS_DRAFT+NOT_PUBLISHED","","true","https://www.bestbottles.com/product/cylinder-design-5-ml-blue-glass-bottle-matte-blue-spray"
"GBCylBlu5SpryCuMatt","Cylinder","5","Cobalt Blue","13-415","Fine Mist Sprayer","Matte Copper","false","standalone_component_unpublished","","CP13-415SpryCuMt","STATUS_DRAFT+NOT_PUBLISHED","","true","https://www.bestbottles.com/product/cylinder-design-5-ml-blue-glass-bottle-matte-copper-spray"
"LBCylBlu9LtnMattSl","Cylinder","9","Cobalt Blue","17-415","Lotion Pump","Matte Silver","true","","Ltn17-415MattSl","Ltn17-415MattSl","","","true","https://www.bestbottles.com/product/cylinder-design-9-ml-cobalt-blue-glass-bottle-lotion-pump-matte-silver-trim-cap"
"GBCylBlu5SprySlMatt","Cylinder","5","Cobalt Blue","13-415","Fine Mist Sprayer","Matte Silver","false","standalone_component_unpublished","","CP13-415SprySlMt","STATUS_DRAFT+NOT_PUBLISHED","","true","https://www.bestbottles.com/product/cylinder-design-5-ml-blue-glass-bottle-matte-silver-spray"
"LBCylBlu9LtnGl","Cylinder","9","Cobalt Blue","17-415","Lotion Pump","Gold","true","","Ltn17-415Gl","Ltn17-415Gl","","","true","https://www.bestbottles.com/product/cylinder-design-9-ml-cobalt-blue-glass-bottle-lotion-pump-gold-trim-and-cap"
"LBCylFrst9LtnMtSl","Cylinder","9","Frosted","17-415","Lotion Pump","Matte Silver","true","","Ltn17-415MattSl","Ltn17-415MattSl","","","true","https://www.bestbottles.com/product/cylinder-design-9-ml-frosted-glass-bottle-lotion-pump-matte-silver-trim-cap"
"LBCylFrst9LtnGl","Cylinder","9","Frosted","17-415","Lotion Pump","Gold","true","","Ltn17-415Gl","Ltn17-415Gl","","","true","https://www.bestbottles.com/product/cylinder-design-9-ml-frosted-glass-bottle-lotion-pump-gold-trim-and-cap"
"LBCylSwrl9LtnMtSl","Cylinder","9","Swirl","17-415","Lotion Pump","Matte Silver","true","","Ltn17-415MattSl","Ltn17-415MattSl","","","true","https://www.bestbottles.com/product/cylinder-design-9-ml-swirl-glass-bottle-lotion-pump-matte-silver-trim-cap"
"LBCylSwrl9LtnGl","Cylinder","9","Swirl","17-415","Lotion Pump","Gold","true","","Ltn17-415Gl","Ltn17-415Gl","","","true","https://www.bestbottles.com/product/cylinder-design-9-ml-swirl-glass-bottle-lotion-pump-gold-trim-and-cap"
"GBCyl5RollBlkDot","Cylinder","5","Clear","13-415","Plastic Roller Ball","Black with Dots","true","","CPRoll13-415BlackDot","CPRoll13-415BlackDot","","","true","https://www.bestbottles.com/product/cylinder-design-5-ml-glass-bottle-plastic-roller-ball-plug-black-shiny-cap-with-dots"
"GBCyl5RollSlSh","Cylinder","5","Clear","13-415","Plastic Roller Ball","Shiny Silver","true","","CPRoll13-415SlSh","CPRoll13-415SlSh","","","true","https://www.bestbottles.com/product/cylinder-design-5-ml-glass-bottle-plastic-roller-ball-plug-shiny-silver-cap"
"LBCyl25LtnMtGl","Cylinder","25","Clear","18-415","Lotion Pump","Matte Gold","false","standalone_component_unpublished","","Ltn18-415MtGl","STATUS_DRAFT+NOT_PUBLISHED","","true","https://www.bestbottles.com/product/cylinder-design-25-ml-glass-bottle-matte-gold-lotion-pump-and-cap"
"LBCyl25LtnShnGl","Cylinder","25","Clear","18-415","Lotion Pump","Shiny Gold","false","standalone_component_unpublished","","Ltn18-415ShnGl","STATUS_DRAFT+NOT_PUBLISHED","","true","https://www.bestbottles.com/product/cylinder-design-25-ml-glass-bottle-shiny-gold-lotion-pump-and-cap"
"GBCyl5RollBlkSh","Cylinder","5","Clear","13-415","Plastic Roller Ball","Shiny Black","true","","CPRoll13-415BlkSh","CPRoll13-415BlkSh","","","true","https://www.bestbottles.com/product/cylinder-design-5-ml-glass-bottle-plastic-roller-ball-plug-black-shiny-cap"
"GBCylBlu5RollBlkDot","Cylinder","5","Cobalt Blue","13-415","Plastic Roller Ball","Black with Dots","false","bare_preview_depends_on_blocked_sibling","CPRoll13-415BlackDot","CPRoll13-415BlackDot","","","true","https://www.bestbottles.com/product/cylinder-design-5-ml-blue-glass-bottle-plastic-roller-ball-plug-black-shiny-cap-with-dots"
"LBCyl25LtnShnBlk","Cylinder","25","Clear","18-415","Lotion Pump","Shiny Black","false","standalone_component_unpublished","","Ltn18-415ShnBlk","STATUS_DRAFT+NOT_PUBLISHED","","true","https://www.bestbottles.com/product/cylinder-design-25-ml-glass-bottle-shiny-black-lotion-pump-and-cap"
"GBCyl5RollGlSh","Cylinder","5","Clear","13-415","Plastic Roller Ball","Shiny Gold","true","","CPRoll13-415GlSh","CPRoll13-415GlSh","","","true","https://www.bestbottles.com/product/cylinder-design-5-ml-glass-bottle-plastic-roller-ball-plug-shiny-gold-cap"
"LBCyl25LtnMtSl","Cylinder","25","Clear","18-415","Lotion Pump","Matte Silver","false","exact_component_unresolved","","","","","false","https://www.bestbottles.com/product/cylinder-design-25-ml-glass-bottle-matte-silver-lotion-pump-and-cap"
"GBCyl5RollSlDot","Cylinder","5","Clear","13-415","Plastic Roller Ball","Silver with Dots","true","","CPRoll13-415SlDot","CPRoll13-415SlDot","","","true","https://www.bestbottles.com/product/cylinder-design-5-ml-glass-bottle-plastic-roller-ball-plug-silver-cap-with-dots"
"LBCyl25LtnShnSl","Cylinder","25","Clear","18-415","Lotion Pump","Shiny Silver","false","standalone_component_unpublished","","Ltn18-415ShnSl","STATUS_DRAFT+NOT_PUBLISHED","","true","https://www.bestbottles.com/product/cylinder-design-25-ml-glass-bottle-shiny-silver-lotion-pump-and-cap"
"GBCyl5RollPinkDot","Cylinder","5","Clear","13-415","Plastic Roller Ball","Pink with Dots","true","","CPRoll13-415PinkDot","CPRoll13-415PinkDot","","","true","https://www.bestbottles.com/product/cylinder-design-5-ml-glass-bottle-plastic-roller-ball-plug-pink-cap-with-dots"
"LBCyl25LtnCu","Cylinder","25","Clear","18-415","Lotion Pump","Copper","false","standalone_component_unpublished","","Ltn18-415Cu","STATUS_DRAFT+NOT_PUBLISHED","","true","https://www.bestbottles.com/product/cylinder-design-25-ml-glass-bottle-matte-copper-lotion-pump-and-cap"
"GBCyl5RollCuMatt","Cylinder","5","Clear","13-415","Plastic Roller Ball","Matte Copper","true","","CPRoll13-415Cu","CPRoll13-415Cu","","","true","https://www.bestbottles.com/product/cylinder-design-5-ml-glass-bottle-plastic-roller-ball-plug-matte-copper-cap"
"GBCylAmb9RollBlkDot","Cylinder","9","Amber","17-415","Plastic Roller Ball","Black Dotted","true","","CpRoll17-415BlkDot","CpRoll17-415BlkDot","","","true","https://www.bestbottles.com/product/cylinder-design-9-ml-amber-glass-bottle-plastic-roller-ball-black-dot-cap"
"GBCyl100AnSpBlk","Cylinder","100","Clear","18-415","Vintage Bulb Sprayer","Black","true","","AnSp18-415Blk","AnSp18-415Blk","","","true","https://www.bestbottles.com/product/cylinder-design-100-ml-glass-bottle-black-vintage-style-bulb-sprayer-shiny-silver-collar-cap"
"GBCyl5RollGlMatt","Cylinder","5","Clear","13-415","Plastic Roller Ball","Matte Gold","true","","CPRoll13-415GlMt","CPRoll13-415GlMt","","","true","https://www.bestbottles.com/product/cylinder-design-5-ml-glass-bottle-plastic-roller-ball-plug-matte-gold-cap"
"GBCyl100AnSpTslBlk","Cylinder","100","Clear","18-415","Vintage Bulb Sprayer with Tassel","Black","true","","AnSpTsl18-415Blk","AnSpTsl18-415Blk","","","true","https://www.bestbottles.com/product/cylinder-design-100-ml-glass-bottle-black-vintage-style-sprayer-with-tassel-shiny-silver-collar"
"GBCyl5RollSlMatt","Cylinder","5","Clear","13-415","Plastic Roller Ball","Matte Silver","true","","CPRoll13-415SlMt","CPRoll13-415SlMt","","","true","https://www.bestbottles.com/product/cylinder-design-5-ml-glass-bottle-plastic-roller-ball-plug-matte-silver-cap"
"GBCylBlu9RollBlkDot","Cylinder","9","Cobalt Blue","17-415","Plastic Roller Ball","Black Dotted","true","","CpRoll17-415BlkDot","CpRoll17-415BlkDot","","","true","https://www.bestbottles.com/product/cylinder-design-9-ml-cobalt-blue-glass-bottle-plastic-roller-ball-black-dot-cap"
"GBCylFrst9RollBlkDot","Cylinder","9","Frosted","17-415","Plastic Roller Ball","Black Dotted","true","","CpRoll17-415BlkDot","CpRoll17-415BlkDot","","","true","https://www.bestbottles.com/product/cylinder-design-9-ml-frosted-glass-bottle-plastic-roller-ball-black-dot-cap"
"GBCyl9RollBlkDot","Cylinder","9","Clear","17-415","Plastic Roller Ball","Black with Dots","false","media_or_configuration_invalid","CpRoll17-415BlkDot","CpRoll17-415BlkDot","","","false","https://www.bestbottles.com/product/cylinder-design-9-ml-clear-glass-bottle-plastic-roller-ball-black-dot-cap"
"GBCylSwrl9RollBlkDot","Cylinder","9","Swirl","17-415","Plastic Roller Ball","Black Dotted","true","","CpRoll17-415BlkDot","CpRoll17-415BlkDot","","","true","https://www.bestbottles.com/product/cylinder-design-9-ml-swirl-glass-bottle-plastic-roller-ball-black-dot-cap"
"GBTallCyl9RollBlkDot","Cylinder","9","Clear","13-415","Plastic Roller Ball","Black with Dots","false","bare_preview_depends_on_blocked_sibling","CPRoll13-415BlackDot","CPRoll13-415BlackDot","","","true","https://www.bestbottles.com/product/tall-cylinder-design-9-ml-glass-bottle-plastic-roller-ball-plug-black-shiny-cap-with-dots"
"GBTallCylFrst9RollBlkDot","Cylinder","9","Frosted","13-415","Plastic Roller Ball","Black with Dots","false","bare_preview_depends_on_blocked_sibling","CPRoll13-415BlackDot","CPRoll13-415BlackDot","","","true","https://www.bestbottles.com/product/tall-cylinder-design-9-ml-frosted-glass-bottle-plastic-roller-ball-plug-black-shiny-cap-with-dots"
"GBCyl9MtlRollMattSl","Cylinder","9","Clear","17-415","Metal Roller Ball","Matte Silver","true","","CpRoll17-415MattSl","CpRoll17-415MattSl","","","true","https://www.bestbottles.com/product/cylinder-design-9-ml-clear-glass-bottle-metal-roller-ball-matte-silver-cap"
"GBCyl9MtlRollSlDot","Cylinder","9","Clear","17-415","Metal Roller Ball","Silver with Dots","true","","CpRoll17-415SlDot","CpRoll17-415SlDot","","","true","https://www.bestbottles.com/product/cylinder-design-9-ml-clear-glass-bottle-metal-roller-ball-silver-dot-cap"
"GBCyl9MtlRollPnkDot","Cylinder","9","Clear","17-415","Metal Roller Ball","Pink with Dots","true","","CpRoll17-415PnkDot","CpRoll17-415PnkDot","","","true","https://www.bestbottles.com/product/cylinder-design-9-ml-clear-glass-bottle-metal-roller-ball-pink-dot-cap"
"GBCylBlu5RollGlSh","Cylinder","5","Cobalt Blue","13-415","Plastic Roller Ball","Shiny Gold","false","bare_preview_depends_on_blocked_sibling","CPRoll13-415GlSh","CPRoll13-415GlSh","","","true","https://www.bestbottles.com/product/cylinder-design-5-ml-blue-glass-bottle-plastic-roller-ball-plug-shiny-gold-cap"
"GBCyl9MtlRollMattGl","Cylinder","9","Clear","17-415","Metal Roller Ball","Matte Gold","true","","CpRoll17-415MattGl","CpRoll17-415MattGl","","","true","https://www.bestbottles.com/product/cylinder-design-9-ml-clear-glass-bottle-metal-roller-ball-matte-gold-cap"
"GBCylBlu5RollSlSh","Cylinder","5","Cobalt Blue","13-415","Plastic Roller Ball","Shiny Silver","false","bare_preview_depends_on_blocked_sibling","CPRoll13-415SlSh","CPRoll13-415SlSh","","","true","https://www.bestbottles.com/product/cylinder-design-5-ml-blue-glass-bottle-plastic-roller-ball-plug-shiny-silver-cap"
"GBCyl9MtlRollShnGl","Cylinder","9","Clear","17-415","Metal Roller Ball","Shiny Gold","true","","CpRoll17-415ShnGl","CpRoll17-415ShnGl","","","true","https://www.bestbottles.com/product/cylinder-design-9-ml-clear-glass-bottle-metal-roller-ball-shiny-gold-cap"
"GBCylBlu5RollBlkSh","Cylinder","5","Cobalt Blue","13-415","Plastic Roller Ball","Shiny Black","false","bare_preview_depends_on_blocked_sibling","CPRoll13-415BlkSh","CPRoll13-415BlkSh","","","true","https://www.bestbottles.com/product/cylinder-design-5-ml-blue-glass-bottle-plastic-roller-ball-plug-black-shiny-cap"
"GBCyl9MtlRollShnSl","Cylinder","9","Clear","17-415","Metal Roller Ball","Shiny Silver","true","","CpRoll17-415ShnSl","CpRoll17-415ShnSl","","","true","https://www.bestbottles.com/product/cylinder-design-9-ml-clear-glass-bottle-metal-roller-ball-shiny-silver-cap"
"GBCylBlu5RollGlMatt","Cylinder","5","Cobalt Blue","13-415","Plastic Roller Ball","Matte Gold","false","bare_preview_depends_on_blocked_sibling","CPRoll13-415GlMt","CPRoll13-415GlMt","","","true","https://www.bestbottles.com/product/cylinder-design-5-ml-blue-glass-bottle-plastic-roller-ball-plug-matte-gold-cap"
"GBCyl9MtlRollMattCu","Cylinder","9","Clear","17-415","Metal Roller Ball","Matte Copper","true","","CpRoll17-415Cu","CpRoll17-415Cu","","","true","https://www.bestbottles.com/product/cylinder-design-9-ml-clear-glass-bottle-metal-roller-ball-matte-copper-cap"
"GBCylBlu5RollPinkDot","Cylinder","5","Cobalt Blue","13-415","Plastic Roller Ball","Pink with Dots","false","bare_preview_depends_on_blocked_sibling","CPRoll13-415PinkDot","CPRoll13-415PinkDot","","","true","https://www.bestbottles.com/product/cylinder-design-5-ml-blue-glass-bottle-plastic-roller-ball-plug-pink-cap-with-dots"
"GBCyl9MtlRollShBlk","Cylinder","9","Clear","17-415","Metal Roller Ball","Shiny Black","true","","CpRoll17-415ShnBlk","CpRoll17-415ShnBlk","","","true","https://www.bestbottles.com/product/cylinder-design-9-ml-clear-glass-bottle-metal-roller-ball-shiny-black-cap"
"GBCylBlu5RollSlDot","Cylinder","5","Cobalt Blue","13-415","Plastic Roller Ball","Silver with Dots","false","bare_preview_depends_on_blocked_sibling","CPRoll13-415SlDot","CPRoll13-415SlDot","","","true","https://www.bestbottles.com/product/cylinder-design-5-ml-blue-glass-bottle-plastic-roller-ball-plug-silver-cap-with-dots"
"GBCyl9MtlRollWht","Cylinder","9","Clear","17-415","Metal Roller Ball","White","true","","CpRoll17-415White","CpRoll17-415White","","","true","https://www.bestbottles.com/product/cylinder-design-9-ml-clear-glass-bottle-metal-roller-ball-white-cap"
"GBCylBlu5RollCuMatt","Cylinder","5","Cobalt Blue","13-415","Plastic Roller Ball","Matte Copper","false","bare_preview_depends_on_blocked_sibling","CPRoll13-415Cu","CPRoll13-415Cu","","","true","https://www.bestbottles.com/product/cylinder-design-5-ml-blue-glass-bottle-plastic-roller-ball-plug-matte-copper-cap"
"GBCylAmb9MtlRollWht","Cylinder","9","Amber","17-415","Metal Roller Ball","White","true","","CpRoll17-415White","CpRoll17-415White","","","true","https://www.bestbottles.com/product/cylinder-design-9-ml-amber-glass-bottle-metal-roller-ball-white-cap"
"GBCylBlu5RollSlMatt","Cylinder","5","Cobalt Blue","13-415","Plastic Roller Ball","Matte Silver","false","bare_preview_depends_on_blocked_sibling","CPRoll13-415SlMt","CPRoll13-415SlMt","","","true","https://www.bestbottles.com/product/cylinder-design-5-ml-blue-glass-bottle-plastic-roller-ball-plug-matte-silver-cap"
"GBCylAmb9MtlRollMattCu","Cylinder","9","Amber","17-415","Metal Roller Ball","Matte Copper","true","","CpRoll17-415Cu","CpRoll17-415Cu","","","true","https://www.bestbottles.com/product/cylinder-design-9-ml-amber-glass-bottle-metal-roller-ball-matte-copper-cap"
"GBCyl9SpryMattSl","Cylinder","9","Clear","17-415","Fine Mist Sprayer","Clear","true","","Spry17-415MattSl","Spry17-415MattSl","","","true","https://www.bestbottles.com/product/cylinder-design-9-ml-clear-glass-bottle-sprayer-matte-silver-trim-and-cap"
"GBCylAmb9MtlRollMattGl","Cylinder","9","Amber","17-415","Metal Roller Ball","Matte Gold","true","","CpRoll17-415MattGl","CpRoll17-415MattGl","","","true","https://www.bestbottles.com/product/cylinder-design-9-ml-amber-glass-bottle-metal-roller-ball-matte-gold-cap"
"GBCyl9SpryGl","Cylinder","9","Clear","17-415","Fine Mist Sprayer","Clear","true","","Spry17-415Gl","Spry17-415Gl","","","true","https://www.bestbottles.com/product/cylinder-design-9-ml-clear-glass-bottle-sprayer-gold-trim-and-cap"
"GBCylAmb9MtlRollMattSl","Cylinder","9","Amber","17-415","Metal Roller Ball","Matte Silver","true","","CpRoll17-415MattSl","CpRoll17-415MattSl","","","true","https://www.bestbottles.com/product/cylinder-design-9-ml-amber-glass-bottle-metal-roller-ball-matte-silver-cap"
"GBCyl9SpryShSl","Cylinder","9","Clear","17-415","Fine Mist Sprayer","Clear","false","media_or_configuration_invalid","Spry17-415ShnSl","Spry17-415ShnSl","","","false","https://www.bestbottles.com/product/cylinder-design-9-ml-clear-glass-bottle-sprayer-shiny-silver-trim-and-cap"
"GBCylAmb9MtlRollPnkDot","Cylinder","9","Amber","17-415","Metal Roller Ball","Pink Dotted","true","","CpRoll17-415PnkDot","CpRoll17-415PnkDot","","","true","https://www.bestbottles.com/product/cylinder-design-9-ml-amber-glass-bottle-metal-roller-ball-pink-dot-cap"
"GBCyl9SpryRd","Cylinder","9","Clear","17-415","Fine Mist Sprayer","Clear","false","exact_component_unresolved","","","","","false","https://www.bestbottles.com/product/cylinder-design-9-ml-clear-glass-bottle-sprayer-red-trim-and-cap"
"GBCylAmb9MtlRollShBlk","Cylinder","9","Amber","17-415","Metal Roller Ball","Shiny Black","true","","CpRoll17-415ShnBlk","CpRoll17-415ShnBlk","","","true","https://www.bestbottles.com/product/cylinder-design-9-ml-amber-glass-bottle-metal-roller-ball-shiny-black-cap"
"GBCyl9SpryTur","Cylinder","9","Clear","17-415","Fine Mist Sprayer","Clear","true","","Spry17-415Tur","Spry17-415Tur","","","true","https://www.bestbottles.com/product/cylinder-design-9-ml-clear-glass-bottle-sprayer-turquoise-trim-and-cap"
"GBCylAmb9MtlRollShnGl","Cylinder","9","Amber","17-415","Metal Roller Ball","Shiny Gold","true","","CpRoll17-415ShnGl","CpRoll17-415ShnGl","","","true","https://www.bestbottles.com/product/cylinder-design-9-ml-amber-glass-bottle-metal-roller-ball-shiny-gold-cap"
"GBCylAmb9SpryGl","Cylinder","9","Amber","17-415","Fine Mist Sprayer","Gold","true","","Spry17-415Gl","Spry17-415Gl","","","true","https://www.bestbottles.com/product/cylinder-design-9-ml-amber-glass-bottle-sprayer-gold-trim-and-cap"
"GBCylAmb9MtlRollShnSl","Cylinder","9","Amber","17-415","Metal Roller Ball","Shiny Silver","true","","CpRoll17-415ShnSl","CpRoll17-415ShnSl","","","true","https://www.bestbottles.com/product/cylinder-design-9-ml-amber-glass-bottle-metal-roller-ball-shiny-silver-cap"
"GBCylAmb9SpryMattSl","Cylinder","9","Amber","17-415","Fine Mist Sprayer","Matte Silver","true","","Spry17-415MattSl","Spry17-415MattSl","","","true","https://www.bestbottles.com/product/cylinder-design-9-ml-amber-glass-bottle-sprayer-matte-silver-trim-and-cap"
"GBCylAmb9MtlRollSlDot","Cylinder","9","Amber","17-415","Metal Roller Ball","Silver Dotted","true","","CpRoll17-415SlDot","CpRoll17-415SlDot","","","true","https://www.bestbottles.com/product/cylinder-design-9-ml-amber-glass-bottle-metal-roller-ball-silver-dot-cap"
"GBCylAmb9SpryShSl","Cylinder","9","Amber","17-415","Fine Mist Sprayer","Shiny Silver","true","","Spry17-415ShnSl","Spry17-415ShnSl","","","true","https://www.bestbottles.com/product/cylinder-design-9-ml-amber-glass-bottle-sprayer-shiny-silver-trim-and-cap"
"GBCylAmb9SpryTur","Cylinder","9","Amber","17-415","Fine Mist Sprayer","Turquoise","true","","Spry17-415Tur","Spry17-415Tur","","","true","https://www.bestbottles.com/product/cylinder-design-9-ml-amber-glass-bottle-sprayer-turquoise-trim-and-cap"
"GBCylAmb9SpryRd","Cylinder","9","Amber","17-415","Fine Mist Sprayer","Red","true","","Spry17-415Red","Spry17-415Red","","","true","https://www.bestbottles.com/product/cylinder-design-9-ml-amber-glass-bottle-sprayer-red-trim-and-cap"
"GBCyl5MtlRollBlkDot","Cylinder","5","Clear","13-415","Metal Roller Ball","Black with Dots","true","","CPRoll13-415BlackDot","CPRoll13-415BlackDot","","","true","https://www.bestbottles.com/product/cylinder-design-5-ml-glass-bottle-metal-roller-ball-plug-black-shiny-cap-with-dots"
"GBCylBlu5MtlRollBlkDot","Cylinder","5","Cobalt Blue","13-415","Metal Roller Ball","Black with Dots","false","bare_preview_depends_on_blocked_sibling","CPRoll13-415BlackDot","CPRoll13-415BlackDot","","","true","https://www.bestbottles.com/product/cylinder-design-5-ml-blue-glass-bottle-metal-roller-ball-plug-black-shiny-cap-with-dots"
"GBCyl100AnSpLvn","Cylinder","100","Clear","18-415","Vintage Bulb Sprayer","Lavender","true","","AnSp18-415Lvn","AnSp18-415Lvn","","","true","https://www.bestbottles.com/product/cylinder-design-100-ml-glass-bottle-lavender-vintage-style-bulb-sprayer-shiny-silver-collar-cap"
"GBCylBlu9SpryTur","Cylinder","9","Cobalt Blue","17-415","Fine Mist Sprayer","Turquoise","true","","Spry17-415Tur","Spry17-415Tur","","","true","https://www.bestbottles.com/product/cylinder-design-9-ml-cobalt-blue-glass-bottle-sprayer-turquoise-trim-and-cap"
"GBCyl100AnSpPnk","Cylinder","100","Clear","18-415","Vintage Bulb Sprayer","Pink","true","","CP18-415AnSpPnk","CP18-415AnSpPnk","","","true","https://www.bestbottles.com/product/cylinder-design-100-ml-glass-bottle-pink-vintage-style-bulb-sprayer-shiny-gold-collar-cap"
"GBCylBlu9SpryMattSl","Cylinder","9","Cobalt Blue","17-415","Fine Mist Sprayer","Matte Silver","true","","Spry17-415MattSl","Spry17-415MattSl","","","true","https://www.bestbottles.com/product/cylinder-design-9-ml-cobalt-blue-glass-bottle-sprayer-matte-silver-trim-and-cap"
"GBCyl100AnSpMtSl","Cylinder","100","Clear","18-415","Vintage Bulb Sprayer","Matte Silver","true","","AnSp18-415MtSl","AnSp18-415MtSl","","","true","https://www.bestbottles.com/product/cylinder-design-100-ml-glass-bottle-matte-silver-vintage-style-sprayer-matte-silver-collar-cap"
"GBCylBlu9MtlRollMattSl","Cylinder","9","Cobalt Blue","17-415","Metal Roller Ball","Matte Silver","true","","CpRoll17-415MattSl","CpRoll17-415MattSl","","","true","https://www.bestbottles.com/product/cylinder-design-9-ml-cobalt-blue-glass-bottle-metal-roller-ball-matte-silver-cap"
"GBCylBlu9SpryGl","Cylinder","9","Cobalt Blue","17-415","Fine Mist Sprayer","Gold","true","","Spry17-415Gl","Spry17-415Gl","","","true","https://www.bestbottles.com/product/cylinder-design-9-ml-cobalt-blue-glass-bottle-sprayer-gold-trim-and-cap"
"GBCyl100AnSpIvySl","Cylinder","100","Clear","18-415","Vintage Bulb Sprayer","Ivory Silver","true","","AnSp18-415IvySl","AnSp18-415IvySl","","","true","https://www.bestbottles.com/product/cylinder-design-100-ml-glass-bottle-ivory-vintage-style-bulb-sprayer-shiny-silver-collar-cap"
"GBCyl9MtlRollBlkDot","Cylinder","9","Clear","17-415","Metal Roller Ball","Black with Dots","true","","CpRoll17-415BlkDot","CpRoll17-415BlkDot","","","true","https://www.bestbottles.com/product/cylinder-design-9-ml-clear-glass-bottle-metal-roller-ball-black-dot-cap"
"GBCylBlu9MtlRollSlDot","Cylinder","9","Cobalt Blue","17-415","Metal Roller Ball","Silver Dotted","true","","CpRoll17-415SlDot","CpRoll17-415SlDot","","","true","https://www.bestbottles.com/product/cylinder-design-9-ml-cobalt-blue-glass-bottle-metal-roller-ball-silver-dot-cap"
"GBCylBlu9SpryShSl","Cylinder","9","Cobalt Blue","17-415","Fine Mist Sprayer","Shiny Silver","true","","Spry17-415ShnSl","Spry17-415ShnSl","","","true","https://www.bestbottles.com/product/cylinder-design-9-ml-cobalt-blue-glass-bottle-sprayer-shiny-silver-trim-and-cap"
"GBCyl100AnSpGl","Cylinder","100","Clear","18-415","Vintage Bulb Sprayer","Gold","true","","AnSp18-415Gl","AnSp18-415Gl","","","true","https://www.bestbottles.com/product/cylinder-design-100-ml-glass-bottle-gold-vintage-style-sprayer-shiny-gold-collar-cap"
"GBCylAmb9MtlRollBlkDot","Cylinder","9","Amber","17-415","Metal Roller Ball","Black Dotted","true","","CpRoll17-415BlkDot","CpRoll17-415BlkDot","","","true","https://www.bestbottles.com/product/cylinder-design-9-ml-amber-glass-bottle-metal-roller-ball-black-dot-cap"
"GBCylBlu9MtlRollPnkDot","Cylinder","9","Cobalt Blue","17-415","Metal Roller Ball","Pink Dotted","true","","CpRoll17-415PnkDot","CpRoll17-415PnkDot","","","true","https://www.bestbottles.com/product/cylinder-design-9-ml-cobalt-blue-glass-bottle-metal-roller-ball-pink-dot-cap"
"GBCylBlu9SpryRd","Cylinder","9","Cobalt Blue","17-415","Fine Mist Sprayer","Red","true","","Spry17-415Red","Spry17-415Red","","","true","https://www.bestbottles.com/product/cylinder-design-9-ml-cobalt-blue-glass-bottle-sprayer-red-trim-and-cap"
"GBCyl100AnSpIvyGl","Cylinder","100","Clear","18-415","Vintage Bulb Sprayer","Ivory Gold","true","","AnSp18-415IvyGl","AnSp18-415IvyGl","","","true","https://www.bestbottles.com/product/cylinder-design-100-ml-glass-bottle-ivory-vintage-style-bulb-sprayer-shiny-gold-collar-cap"
"GBCylBlu9MtlRollMattGl","Cylinder","9","Cobalt Blue","17-415","Metal Roller Ball","Matte Gold","true","","CpRoll17-415MattGl","CpRoll17-415MattGl","","","true","https://www.bestbottles.com/product/cylinder-design-9-ml-cobalt-blue-glass-bottle-metal-roller-ball-matte-gold-cap"
"GBCylFrst9SpryGl","Cylinder","9","Frosted","17-415","Fine Mist Sprayer","Gold","true","","Spry17-415Gl","Spry17-415Gl","","","true","https://www.bestbottles.com/product/cylinder-design-9-ml-frosted-glass-bottle-sprayer-gold-trim-and-cap"
"GBCyl100AnSpWht","Cylinder","100","Clear","18-415","Vintage Bulb Sprayer","White","true","","AnSp18-415Wht","AnSp18-415Wht","","","true","https://www.bestbottles.com/product/cylinder-design-100-ml-glass-bottle-white-vintage-style-bulb-sprayer-shiny-silver-collar-cap"
"GBCylBlu9MtlRollBlkDot","Cylinder","9","Cobalt Blue","17-415","Metal Roller Ball","Black Dotted","true","","CpRoll17-415BlkDot","CpRoll17-415BlkDot","","","true","https://www.bestbottles.com/product/cylinder-design-9-ml-cobalt-blue-glass-bottle-metal-roller-ball-black-dot-cap"
"GBCylBlu9MtlRollShnGl","Cylinder","9","Cobalt Blue","17-415","Metal Roller Ball","Shiny Gold","true","","CpRoll17-415ShnGl","CpRoll17-415ShnGl","","","true","https://www.bestbottles.com/product/cylinder-design-9-ml-cobalt-blue-glass-bottle-metal-roller-ball-shiny-gold-cap"
"GBCylFrst9SpryMattSl","Cylinder","9","Frosted","17-415","Fine Mist Sprayer","Matte Silver","true","","Spry17-415MattSl","Spry17-415MattSl","","","true","https://www.bestbottles.com/product/cylinder-design-9-ml-frosted-glass-bottle-sprayer-matte-silver-trim-and-cap"
"GBCyl100AnSpRed","Cylinder","100","Clear","18-415","Vintage Bulb Sprayer","Red","true","","AnSp18-415Red","AnSp18-415Red","","","true","https://www.bestbottles.com/product/cylinder-design-100-ml-glass-bottle-red-vintage-style-bulb-sprayer-shiny-silver-collar-cap"
"GBCylFrst9MtlRollBlkDot","Cylinder","9","Frosted","17-415","Metal Roller Ball","Black Dotted","true","","CpRoll17-415BlkDot","CpRoll17-415BlkDot","","","true","https://www.bestbottles.com/product/cylinder-design-9-ml-frosted-glass-bottle-metal-roller-ball-black-dot-cap"
"GBCylFrst9SpryShSl","Cylinder","9","Frosted","17-415","Fine Mist Sprayer","Shiny Silver","true","","Spry17-415ShnSl","Spry17-415ShnSl","","","true","https://www.bestbottles.com/product/cylinder-design-9-ml-frosted-glass-bottle-sprayer-shiny-silver-trim-and-cap"
"GBCylBlu9MtlRollShnSl","Cylinder","9","Cobalt Blue","17-415","Metal Roller Ball","Shiny Silver","true","","CpRoll17-415ShnSl","CpRoll17-415ShnSl","","","true","https://www.bestbottles.com/product/cylinder-design-9-ml-cobalt-blue-glass-bottle-metal-roller-ball-shiny-silver-cap"
"GBCyl100AnSpTslLvn","Cylinder","100","Clear","18-415","Vintage Bulb Sprayer with Tassel","Lavender","true","","AnSpTsl18-415Lvn","AnSpTsl18-415Lvn","","","true","https://www.bestbottles.com/product/cylinder-design-100-ml-glass-bottle-lavender-vintage-style-sprayer-with-tassel-shiny-silver-collar"
"GBCylSwrl9MtlRollBlkDot","Cylinder","9","Swirl","17-415","Metal Roller Ball","Black Dotted","true","","CpRoll17-415BlkDot","CpRoll17-415BlkDot","","","true","https://www.bestbottles.com/product/cylinder-design-9-ml-swirl-glass-bottle-metal-roller-ball-black-dot-cap"
"GBCylBlu9MtlRollMattCu","Cylinder","9","Cobalt Blue","17-415","Metal Roller Ball","Matte Copper","true","","CpRoll17-415Cu","CpRoll17-415Cu","","","true","https://www.bestbottles.com/product/cylinder-design-9-ml-cobalt-blue-glass-bottle-metal-roller-ball-matte-copper-cap"
"GBCylFrst9SpryTur","Cylinder","9","Frosted","17-415","Fine Mist Sprayer","Turquoise","true","","Spry17-415Tur","Spry17-415Tur","","","true","https://www.bestbottles.com/product/cylinder-design-9-ml-frosted-glass-bottle-sprayer-turquoise-trim-and-cap"
"GBCyl100AnSpTslIvyGl","Cylinder","100","Clear","18-415","Vintage Bulb Sprayer with Tassel","Ivory Gold","true","","AnSpTsl18-415IvyGl","AnSpTsl18-415IvyGl","","","true","https://www.bestbottles.com/product/cylinder-design-100-ml-glass-bottle-ivory-vintage-style-sprayer-with-tassel-shiny-gold-collar"
"GBTallCyl9MtlRollBlkDot","Cylinder","9","Clear","13-415","Metal Roller Ball","Black with Dots","false","bare_preview_depends_on_blocked_sibling","CPRoll13-415BlackDot","CPRoll13-415BlackDot","","","true","https://www.bestbottles.com/product/tall-cylinder-design-9-ml-glass-bottle-metal-roller-ball-plug-black-shiny-cap-with-dots"
"GBCylBlu9MtlRollShBlk","Cylinder","9","Cobalt Blue","17-415","Metal Roller Ball","Shiny Black","true","","CpRoll17-415ShnBlk","CpRoll17-415ShnBlk","","","true","https://www.bestbottles.com/product/cylinder-design-9-ml-cobalt-blue-glass-bottle-metal-roller-ball-shiny-black-cap"
"GBCylFrst9SpryRd","Cylinder","9","Frosted","17-415","Fine Mist Sprayer","Red","true","","Spry17-415Red","Spry17-415Red","","","true","https://www.bestbottles.com/product/cylinder-design-9-ml-frosted-glass-bottle-sprayer-red-trim-and-cap"
"GBCyl100AnSpTslIvySl","Cylinder","100","Clear","18-415","Vintage Bulb Sprayer with Tassel","Ivory Silver","true","","AnSpTsl18-415IvySl","AnSpTsl18-415IvySl","","","true","https://www.bestbottles.com/product/cylinder-design-100-ml-glass-bottle-ivory-vintage-style-sprayer-with-tassel-shiny-silver-collar"
"GBTallCylFrst9MtlRollBlkDot","Cylinder","9","Frosted","13-415","Metal Roller Ball","Black with Dots","false","bare_preview_depends_on_blocked_sibling","CPRoll13-415BlackDot","CPRoll13-415BlackDot","","","true","https://www.bestbottles.com/product/tall-cylinder-design-9-ml-frosted-glass-bottle-metal-roller-ball-plug-black-shiny-cap-with-dots"
"GBCylBlu9MtlRollWht","Cylinder","9","Cobalt Blue","17-415","Metal Roller Ball","White","true","","CpRoll17-415White","CpRoll17-415White","","","true","https://www.bestbottles.com/product/cylinder-design-9-ml-cobalt-blue-glass-bottle-metal-roller-ball-white-cap"
"GBCylSwrl9SpryGl","Cylinder","9","Swirl","17-415","Fine Mist Sprayer","Gold","true","","Spry17-415Gl","Spry17-415Gl","","","true","https://www.bestbottles.com/product/cylinder-design-9-ml-swirl-glass-bottle-sprayer-gold-trim-and-cap"
"GBCyl100AnSpTslWht","Cylinder","100","Clear","18-415","Vintage Bulb Sprayer with Tassel","White","true","","AnSpTsl18-415Wht","AnSpTsl18-415Wht","","","true","https://www.bestbottles.com/product/cylinder-design-100-ml-glass-bottle-white-vintage-style-sprayer-with-tassel-shiny-silver-collar"
"GBCylFrst9MtlRollWht","Cylinder","9","Frosted","17-415","Metal Roller Ball","White","true","","CpRoll17-415White","CpRoll17-415White","","","true","https://www.bestbottles.com/product/cylinder-design-9-ml-frosted-glass-bottle-metal-roller-ball-white-cap"
"GBCylSwrl9SpryMattSl","Cylinder","9","Swirl","17-415","Fine Mist Sprayer","Matte Silver","true","","Spry17-415MattSl","Spry17-415MattSl","","","true","https://www.bestbottles.com/product/cylinder-design-9-ml-swirl-glass-bottle-sprayer-matte-silver-trim-and-cap"
"GBCyl100AnSpTslPnk","Cylinder","100","Clear","18-415","Vintage Bulb Sprayer with Tassel","Pink","true","","AnSpTsl18-415Pnk","AnSpTsl18-415Pnk","","","true","https://www.bestbottles.com/product/cylinder-design-100-ml-glass-bottle-pink-vintage-style-sprayer-with-tassel-shiny-gold-collar"
"GBCylFrst9MtlRollMattCu","Cylinder","9","Frosted","17-415","Metal Roller Ball","Matte Copper","true","","CpRoll17-415Cu","CpRoll17-415Cu","","","true","https://www.bestbottles.com/product/cylinder-design-9-ml-frosted-glass-bottle-metal-roller-ball-matte-copper-cap"
"GBCylSwrl9SpryShSl","Cylinder","9","Swirl","17-415","Fine Mist Sprayer","Shiny Silver","true","","Spry17-415ShnSl","Spry17-415ShnSl","","","true","https://www.bestbottles.com/product/cylinder-design-9-ml-swirl-glass-bottle-sprayer-shiny-silver-trim-and-cap"
"GBCyl100AnSpTslRed","Cylinder","100","Clear","18-415","Vintage Bulb Sprayer with Tassel","Red","true","","AnSpTsl18-415Red","AnSpTsl18-415Red","","","true","https://www.bestbottles.com/product/cylinder-design-100-ml-glass-bottle-red-vintage-style-sprayer-with-tassel-shiny-silver-collar"
"GBCylFrst9MtlRollMattSl","Cylinder","9","Frosted","17-415","Metal Roller Ball","Matte Silver","true","","CpRoll17-415MattSl","CpRoll17-415MattSl","","","true","https://www.bestbottles.com/product/cylinder-design-9-ml-frosted-glass-bottle-metal-roller-ball-matte-silver-cap"
"GBCylSwrl9SpryRd","Cylinder","9","Swirl","17-415","Fine Mist Sprayer","Red","true","","Spry17-415Red","Spry17-415Red","","","true","https://www.bestbottles.com/product/cylinder-design-9-ml-swirl-glass-bottle-sprayer-red-trim-and-cap"
"GBCyl100AnSpTslMtSl","Cylinder","100","Clear","18-415","Vintage Bulb Sprayer with Tassel","Matte Silver","true","","AnSpTsl18-415MtS","AnSpTsl18-415MtS","","","true","https://www.bestbottles.com/product/cylinder-design-100-ml-glass-bottle-matte-silver-vintage-style-sprayer-with-tassel-matte-silver-collar"
"GBCylFrst9MtlRollSlDot","Cylinder","9","Frosted","17-415","Metal Roller Ball","Silver Dotted","true","","CpRoll17-415SlDot","CpRoll17-415SlDot","","","true","https://www.bestbottles.com/product/cylinder-design-9-ml-frosted-glass-bottle-metal-roller-ball-silver-dot-cap"
"GBCylSwrl9SpryTur","Cylinder","9","Swirl","17-415","Fine Mist Sprayer","Clear","true","","Spry17-415Tur","Spry17-415Tur","","","true","https://www.bestbottles.com/product/cylinder-design-9-ml-swirl-glass-bottle-sprayer-turquoise-trim-and-cap"
"GBCyl100AnSpTslGl","Cylinder","100","Clear","18-415","Vintage Bulb Sprayer with Tassel","Gold","true","","CP18-415AnSpTslGl","CP18-415AnSpTslGl","","","true","https://www.bestbottles.com/product/cylinder-design-100-ml-glass-bottle-gold-vintage-style-sprayer-with-tassel-shiny-gold-collar"
"GBCylFrst9MtlRollPnkDot","Cylinder","9","Frosted","17-415","Metal Roller Ball","Pink Dotted","true","","CpRoll17-415PnkDot","CpRoll17-415PnkDot","","","true","https://www.bestbottles.com/product/cylinder-design-9-ml-frosted-glass-bottle-metal-roller-ball-pink-dot-cap"
"GBTallCyl9SpryBluMatt","Cylinder","9","Clear","13-415","Fine Mist Sprayer","Matte Blue","false","standalone_component_unpublished","","CP13-415SpryBluMt","STATUS_DRAFT+NOT_PUBLISHED","","true","https://www.bestbottles.com/product/tall-cylinder-design-9-ml-glass-bottle-matte-blue-spray"
"GBCylFrst9MtlRollMattGl","Cylinder","9","Frosted","17-415","Metal Roller Ball","Matte Gold","true","","CpRoll17-415MattGl","CpRoll17-415MattGl","","","true","https://www.bestbottles.com/product/cylinder-design-9-ml-frosted-glass-bottle-metal-roller-ball-matte-gold-cap"
"GBTallCyl9SpryCuMatt","Cylinder","9","Clear","13-415","Fine Mist Sprayer","Matte Copper","false","standalone_component_unpublished","","CP13-415SpryCuMt","STATUS_DRAFT+NOT_PUBLISHED","","true","https://www.bestbottles.com/product/tall-cylinder-design-9-ml-glass-bottle-matte-copper-spray"
"LBCyl50LtnMtGl","Cylinder","50","Clear","18-415","Lotion Pump","Matte Gold","false","standalone_component_unpublished","","Ltn18-415MtGl","STATUS_DRAFT+NOT_PUBLISHED","","true","https://www.bestbottles.com/product/cylinder-design-50-ml-glass-bottle-matte-gold-lotion-pump-and-cap"
"GBCylFrst9MtlRollShnGl","Cylinder","9","Frosted","17-415","Metal Roller Ball","Shiny Gold","true","","CpRoll17-415ShnGl","CpRoll17-415ShnGl","","","true","https://www.bestbottles.com/product/cylinder-design-9-ml-frosted-glass-bottle-metal-roller-ball-shiny-gold-cap"
"GBTallCyl9SpryBlkSh","Cylinder","9","Clear","13-415","Fine Mist Sprayer","Shiny Black","false","standalone_component_unpublished","","CP13-415SpryBlkSh","STATUS_DRAFT+NOT_PUBLISHED","","true","https://www.bestbottles.com/product/tall-cylinder-design-9-ml-glass-bottle-shiny-black-spray"
"LBCyl50LtnShnGl","Cylinder","50","Clear","18-415","Lotion Pump","Shiny Gold","false","standalone_component_unpublished","","Ltn18-415ShnGl","STATUS_DRAFT+NOT_PUBLISHED","","true","https://www.bestbottles.com/product/cylinder-design-50-ml-glass-bottle-shiny-gold-lotion-pump-and-cap"
"GBCylAmb9RollWht","Cylinder","9","Amber","17-415","Plastic Roller Ball","White","true","","CpRoll17-415White","CpRoll17-415White","","","true","https://www.bestbottles.com/product/cylinder-design-9-ml-amber-glass-bottle-plastic-roller-ball-white-cap"
"GBCylFrst9MtlRollShnSl","Cylinder","9","Frosted","17-415","Metal Roller Ball","Shiny Silver","true","","CpRoll17-415ShnSl","CpRoll17-415ShnSl","","","true","https://www.bestbottles.com/product/cylinder-design-9-ml-frosted-glass-bottle-metal-roller-ball-shiny-silver-cap"
"GBTallCyl9SpryGlMatt","Cylinder","9","Clear","13-415","Fine Mist Sprayer","Matte Gold","false","standalone_component_unpublished","","CP13-415SpryGlMt","STATUS_DRAFT+NOT_PUBLISHED","","true","https://www.bestbottles.com/product/tall-cylinder-design-9-ml-glass-bottle-matte-gold-spray"
"LBCyl50LtnShnBlk","Cylinder","50","Clear","18-415","Lotion Pump","Shiny Black","false","standalone_component_unpublished","","Ltn18-415ShnBlk","STATUS_DRAFT+NOT_PUBLISHED","","true","https://www.bestbottles.com/product/cylinder-design-50-ml-glass-bottle-shiny-black-lotion-pump-and-cap"
"GBCylAmb9RollMattCu","Cylinder","9","Amber","17-415","Plastic Roller Ball","Matte Copper","true","","CpRoll17-415Cu","CpRoll17-415Cu","","","true","https://www.bestbottles.com/product/cylinder-design-9-ml-amber-glass-bottle-plastic-roller-ball-matte-copper-cap"
"GBCylFrst9MtlRollShBlk","Cylinder","9","Frosted","17-415","Metal Roller Ball","Shiny Black","true","","CpRoll17-415ShnBlk","CpRoll17-415ShnBlk","","","true","https://www.bestbottles.com/product/cylinder-design-9-ml-frosted-glass-bottle-metal-roller-ball-shiny-black-cap"
"GBTallCyl9SpryGlSh","Cylinder","9","Clear","13-415","Fine Mist Sprayer","Shiny Gold","false","standalone_component_unpublished","","CP13-415SpryGlSh","STATUS_DRAFT+NOT_PUBLISHED","","true","https://www.bestbottles.com/product/tall-cylinder-design-9-ml-glass-bottle-shiny-gold-spray"
"LBCyl50LtnMtSl","Cylinder","50","Clear","18-415","Lotion Pump","Matte Silver","false","standalone_component_unpublished","","Ltn18-415MtSl","STATUS_DRAFT+NOT_PUBLISHED","","true","https://www.bestbottles.com/product/cylinder-design-50-ml-glass-bottle-matte-silver-lotion-pump-and-cap"
"GBCylAmb9RollMattGl","Cylinder","9","Amber","17-415","Plastic Roller Ball","Matte Gold","true","","CpRoll17-415MattGl","CpRoll17-415MattGl","","","true","https://www.bestbottles.com/product/cylinder-design-9-ml-amber-glass-bottle-plastic-roller-ball-matte-gold-cap"
"GBCylSwrl9MtlRollMattSl","Cylinder","9","Swirl","17-415","Metal Roller Ball","Matte Silver","true","","CpRoll17-415MattSl","CpRoll17-415MattSl","","","true","https://www.bestbottles.com/product/cylinder-design-9-ml-swirl-glass-bottle-metal-roller-ball-matte-silver-cap"
"GBTallCyl9SprySlMatt","Cylinder","9","Clear","13-415","Fine Mist Sprayer","Matte Silver","false","standalone_component_unpublished","","CP13-415SprySlMt","STATUS_DRAFT+NOT_PUBLISHED","","true","https://www.bestbottles.com/product/tall-cylinder-design-9-ml-glass-bottle-matte-silver-spray"
"LBCyl50LtnShnSl","Cylinder","50","Clear","18-415","Lotion Pump","Shiny Silver","false","standalone_component_unpublished","","Ltn18-415ShnSl","STATUS_DRAFT+NOT_PUBLISHED","","true","https://www.bestbottles.com/product/cylinder-design-50-ml-glass-bottle-shiny-silver-lotion-pump-and-cap"
"GBCylAmb9RollMattSl","Cylinder","9","Amber","17-415","Plastic Roller Ball","Matte Silver","true","","CpRoll17-415MattSl","CpRoll17-415MattSl","","","true","https://www.bestbottles.com/product/cylinder-design-9-ml-amber-glass-bottle-plastic-roller-ball-matte-silver-cap"
"GBCylSwrl9MtlRollSlDot","Cylinder","9","Swirl","17-415","Metal Roller Ball","Silver Dotted","true","","CpRoll17-415SlDot","CpRoll17-415SlDot","","","true","https://www.bestbottles.com/product/cylinder-design-9-ml-swirl-glass-bottle-metal-roller-ball-silver-dot-cap"
"GBTallCyl9SprySlSh","Cylinder","9","Clear","13-415","Fine Mist Sprayer","Shiny Silver","false","standalone_component_unpublished","","CP13-415SprySlSh","STATUS_DRAFT+NOT_PUBLISHED","","true","https://www.bestbottles.com/product/tall-cylinder-design-9-ml-glass-bottle-shiny-silver-spray"
"LBCyl50LtnCu","Cylinder","50","Clear","18-415","Lotion Pump","Copper","false","standalone_component_unpublished","","Ltn18-415Cu","STATUS_DRAFT+NOT_PUBLISHED","","true","https://www.bestbottles.com/product/cylinder-design-50-ml-glass-bottle-matte-copper-lotion-pump-and-cap"
"GBCylAmb9RollPnkDot","Cylinder","9","Amber","17-415","Plastic Roller Ball","Pink Dotted","true","","CpRoll17-415PnkDot","CpRoll17-415PnkDot","","","true","https://www.bestbottles.com/product/cylinder-design-9-ml-amber-glass-bottle-plastic-roller-ball-pink-dot-cap"
"GBCylSwrl9MtlRollPnkDot","Cylinder","9","Swirl","17-415","Metal Roller Ball","Pink Dotted","true","","CpRoll17-415PnkDot","CpRoll17-415PnkDot","","","true","https://www.bestbottles.com/product/cylinder-design-9-ml-swirl-glass-bottle-metal-roller-ball-pink-dot-cap"
"GBTallCylFrst9SpryBlkSh","Cylinder","9","Frosted","13-415","Fine Mist Sprayer","Frosted","false","standalone_component_unpublished","","CP13-415SpryBlkSh","STATUS_DRAFT+NOT_PUBLISHED","","true","https://www.bestbottles.com/product/tall-cylinder-design-9-ml-frosted-glass-bottle-shiny-black-spray"
"GBCylAmb9RollShBlk","Cylinder","9","Amber","17-415","Plastic Roller Ball","Shiny Black","true","","CpRoll17-415ShnBlk","CpRoll17-415ShnBlk","","","true","https://www.bestbottles.com/product/cylinder-design-9-ml-amber-glass-bottle-plastic-roller-ball-shiny-black-cap"
"GBCylSwrl9MtlRollMattGl","Cylinder","9","Swirl","17-415","Metal Roller Ball","Matte Gold","true","","CpRoll17-415MattGl","CpRoll17-415MattGl","","","true","https://www.bestbottles.com/product/cylinder-design-9-ml-swirl-glass-bottle-metal-roller-ball-matte-gold-cap"
"GBTallCylFrst9SpryBluMatt","Cylinder","9","Frosted","13-415","Fine Mist Sprayer","Frosted","false","standalone_component_unpublished","","CP13-415SpryBluMt","STATUS_DRAFT+NOT_PUBLISHED","","true","https://www.bestbottles.com/product/tall-cylinder-design-9-ml-frosted-glass-bottle-matte-blue-spray"
"GBCylSwrl9MtlRollShnGl","Cylinder","9","Swirl","17-415","Metal Roller Ball","Shiny Gold","true","","CpRoll17-415ShnGl","CpRoll17-415ShnGl","","","true","https://www.bestbottles.com/product/cylinder-design-9-ml-swirl-glass-bottle-metal-roller-ball-shiny-gold-cap"
"GBCylAmb9RollShnGl","Cylinder","9","Amber","17-415","Plastic Roller Ball","Shiny Gold","true","","CpRoll17-415ShnGl","CpRoll17-415ShnGl","","","true","https://www.bestbottles.com/product/cylinder-design-9-ml-amber-glass-bottle-plastic-roller-ball-shiny-gold-cap"
"GBTallCylFrst9SpryGlSh","Cylinder","9","Frosted","13-415","Fine Mist Sprayer","Frosted","false","standalone_component_unpublished","","CP13-415SpryGlSh","STATUS_DRAFT+NOT_PUBLISHED","","true","https://www.bestbottles.com/product/tall-cylinder-design-9-ml-frosted-glass-bottle-shiny-gold-spray"
"GBCylAmb9RollShnSl","Cylinder","9","Amber","17-415","Plastic Roller Ball","Shiny Silver","true","","CpRoll17-415ShnSl","CpRoll17-415ShnSl","","","true","https://www.bestbottles.com/product/cylinder-design-9-ml-amber-glass-bottle-plastic-roller-ball-shiny-silver-cap"
"GBCylSwrl9MtlRollShnSl","Cylinder","9","Swirl","17-415","Metal Roller Ball","Shiny Silver","true","","CpRoll17-415ShnSl","CpRoll17-415ShnSl","","","true","https://www.bestbottles.com/product/cylinder-design-9-ml-swirl-glass-bottle-metal-roller-ball-shiny-silver-cap"
"GBTallCylFrst9SpryGlMatt","Cylinder","9","Frosted","13-415","Fine Mist Sprayer","Frosted","false","standalone_component_unpublished","","CP13-415SpryGlMt","STATUS_DRAFT+NOT_PUBLISHED","","true","https://www.bestbottles.com/product/tall-cylinder-design-9-ml-frosted-glass-bottle-matte-gold-spray"
"GBCylSwrl9MtlRollMattCu","Cylinder","9","Swirl","17-415","Metal Roller Ball","Matte Copper","true","","CpRoll17-415Cu","CpRoll17-415Cu","","","true","https://www.bestbottles.com/product/cylinder-design-9-ml-swirl-glass-bottle-metal-roller-ball-matte-copper-cap"
"GBCylAmb9RollSlDot","Cylinder","9","Amber","17-415","Plastic Roller Ball","Silver Dotted","true","","CpRoll17-415SlDot","CpRoll17-415SlDot","","","true","https://www.bestbottles.com/product/cylinder-design-9-ml-amber-glass-bottle-plastic-roller-ball-silver-dot-cap"
"GBTallCylFrst9SprySlMatt","Cylinder","9","Frosted","13-415","Fine Mist Sprayer","Frosted","false","standalone_component_unpublished","","CP13-415SprySlMt","STATUS_DRAFT+NOT_PUBLISHED","","true","https://www.bestbottles.com/product/tall-cylinder-design-9-ml-frosted-glass-bottle-matte-silver-spray"
"GBCyl50RdcrShnGl","Cylinder","50","Clear","18-415","Reducer","Shiny Gold","false","assembly_unpublished_or_unsellable","CP18-415ShnGl","CP18-415ShnGl","","STATUS_DRAFT+NOT_PUBLISHED","false","https://www.bestbottles.com/product/cylinder-design-50-ml-glass-bottle-reducer-shiny-gold-cap"
"GBCylSwrl9MtlRollShBlk","Cylinder","9","Swirl","17-415","Metal Roller Ball","Shiny Black","true","","CpRoll17-415ShnBlk","CpRoll17-415ShnBlk","","","true","https://www.bestbottles.com/product/cylinder-design-9-ml-swirl-glass-bottle-metal-roller-ball-shiny-black-cap"
"GBTallCylFrst9SprySlSh","Cylinder","9","Frosted","13-415","Fine Mist Sprayer","Frosted","false","standalone_component_unpublished","","CP13-415SprySlSh","STATUS_DRAFT+NOT_PUBLISHED","","true","https://www.bestbottles.com/product/tall-cylinder-design-9-ml-frosted-glass-bottle-shiny-silver-spray"
"GBCyl50RdcrShnBlkTall","Cylinder","50","Clear","18-415","Reducer","Tall Shiny Black","false","assembly_unpublished_or_unsellable","CP18-415ShnBlkTall","CP18-415ShnBlkTall","","STATUS_DRAFT+NOT_PUBLISHED","false","https://www.bestbottles.com/product/cylinder-design-50-ml-glass-bottle-reducer-tall-black-shiny-cap"
"GBTallCylFrst9SpryCuMatt","Cylinder","9","Frosted","13-415","Fine Mist Sprayer","Frosted","false","standalone_component_unpublished","","CP13-415SpryCuMt","STATUS_DRAFT+NOT_PUBLISHED","","true","https://www.bestbottles.com/product/tall-cylinder-design-9-ml-frosted-glass-bottle-matte-copper-spray"
"GBCyl50RdcrShnBlk","Cylinder","50","Clear","18-415","Reducer","Shiny Black","false","exact_component_unresolved | assembly_unpublished_or_unsellable","","","","STATUS_DRAFT+NOT_PUBLISHED","false","https://www.bestbottles.com/product/cylinder-design-50-ml-glass-bottle-reducer-black-shiny-cap"
"GBTallCyl9MtlRollBlkSh","Cylinder","9","Clear","13-415","Metal Roller Ball","Shiny Black","false","bare_preview_depends_on_blocked_sibling","CPRoll13-415BlkSh","CPRoll13-415BlkSh","","","true","https://www.bestbottles.com/product/tall-cylinder-design-9-ml-glass-bottle-metal-roller-ball-plug-black-shiny-cap"
"GBCyl50RdcrBrwnLthr","Cylinder","50","Clear","18-415","Reducer","Brown Leather","false","assembly_unpublished_or_unsellable","CP18-415BrwnLthr","CP18-415BrwnLthr","","STATUS_DRAFT+NOT_PUBLISHED","false","https://www.bestbottles.com/product/cylinder-design-50-ml-glass-bottle-reducer-brown-faux-leather-cap"
"GBTallCyl9MtlRollCuMatt","Cylinder","9","Clear","13-415","Metal Roller Ball","Matte Copper","false","bare_preview_depends_on_blocked_sibling","CPRoll13-415Cu","CPRoll13-415Cu","","","true","https://www.bestbottles.com/product/tall-cylinder-design-9-ml-glass-bottle-metal-roller-ball-plug-matte-copper-cap"
"GBCyl50RdcrLBrwnLthr","Cylinder","50","Clear","18-415","Reducer","Light Brown Leather","false","assembly_unpublished_or_unsellable","CP18-415LBrwnLthr","CP18-415LBrwnLthr","","STATUS_DRAFT+NOT_PUBLISHED","false","https://www.bestbottles.com/product/cylinder-design-50-ml-glass-bottle-reducer-light-brown-faux-leather-cap"
"GBTallCyl9MtlRollGlMatt","Cylinder","9","Clear","13-415","Metal Roller Ball","Matte Gold","false","bare_preview_depends_on_blocked_sibling","CPRoll13-415GlMt","CPRoll13-415GlMt","","","true","https://www.bestbottles.com/product/tall-cylinder-design-9-ml-glass-bottle-metal-roller-ball-plug-matte-gold-cap"
"GBCyl50RdcrShnSl","Cylinder","50","Clear","18-415","Reducer","Shiny Silver","false","assembly_unpublished_or_unsellable","CP18-415ShnSl","CP18-415ShnSl","","STATUS_DRAFT+NOT_PUBLISHED","false","https://www.bestbottles.com/product/cylinder-design-50-ml-glass-bottle-reducer-shiny-silver-cap"
"GBTallCyl9MtlRollGlSh","Cylinder","9","Clear","13-415","Metal Roller Ball","Shiny Gold","false","bare_preview_depends_on_blocked_sibling","CPRoll13-415GlSh","CPRoll13-415GlSh","","","true","https://www.bestbottles.com/product/tall-cylinder-design-9-ml-glass-bottle-metal-roller-ball-plug-shiny-gold-cap"
"GBCyl50RdcrMtSlTall","Cylinder","50","Clear","18-415","Reducer","Tall Matte Silver","false","assembly_unpublished_or_unsellable","CP18-415MtSlTall","CP18-415MtSlTall","","STATUS_DRAFT+NOT_PUBLISHED","false","https://www.bestbottles.com/product/cylinder-design-50-ml-glass-bottle-reducer-tall-silver-matte-cap"
"GBTallCyl9MtlRollPinkDot","Cylinder","9","Clear","13-415","Metal Roller Ball","Pink Dotted","false","bare_preview_depends_on_blocked_sibling","CPRoll13-415PinkDot","CPRoll13-415PinkDot","","","true","https://www.bestbottles.com/product/tall-cylinder-design-9-ml-glass-bottle-metal-roller-ball-plug-pink-cap-with-dots"
"GBCyl50RdcrMtSl","Cylinder","50","Clear","18-415","Reducer","Matte Silver","false","assembly_unpublished_or_unsellable","CP18-415MtSl","CP18-415MtSl","","STATUS_DRAFT+NOT_PUBLISHED","false","https://www.bestbottles.com/product/cylinder-design-50-ml-glass-bottle-reducer-silver-matte-cap"
"GBTallCyl9MtlRollSlDot","Cylinder","9","Clear","13-415","Metal Roller Ball","Silver Dotted","false","bare_preview_depends_on_blocked_sibling","CPRoll13-415SlDot","CPRoll13-415SlDot","","","true","https://www.bestbottles.com/product/tall-cylinder-design-9-ml-glass-bottle-metal-roller-ball-plug-silver-cap-with-dots"
"GBCylBlu9RollWht","Cylinder","9","Cobalt Blue","17-415","Plastic Roller Ball","White","true","","CpRoll17-415White","CpRoll17-415White","","","true","https://www.bestbottles.com/product/cylinder-design-9-ml-cobalt-blue-glass-bottle-plastic-roller-ball-white-cap"
"GBCyl50RdcrWht","Cylinder","50","Clear","18-415","Reducer","White","false","assembly_unpublished_or_unsellable","CP18-415Wh","CP18-415Wh","","STATUS_DRAFT+NOT_PUBLISHED","false","https://www.bestbottles.com/product/cylinder-design-50-ml-glass-bottle-reducer-white-cap"
"GBTallCyl9MtlRollSlMatt","Cylinder","9","Clear","13-415","Metal Roller Ball","Matte Silver","false","bare_preview_depends_on_blocked_sibling","CPRoll13-415SlMt","CPRoll13-415SlMt","","","true","https://www.bestbottles.com/product/tall-cylinder-design-9-ml-glass-bottle-metal-roller-ball-plug-matte-silver-cap"
"GBCylBlu9RollShBlk","Cylinder","9","Cobalt Blue","17-415","Plastic Roller Ball","Shiny Black","true","","CpRoll17-415ShnBlk","CpRoll17-415ShnBlk","","","true","https://www.bestbottles.com/product/cylinder-design-9-ml-cobalt-blue-glass-bottle-plastic-roller-ball-shiny-black-cap"
"GBCyl50RdcrPnkLthr","Cylinder","50","Clear","18-415","Reducer","Pink Leather","false","assembly_unpublished_or_unsellable","CP18-415LPnkLthr","CP18-415LPnkLthr","","STATUS_DRAFT+NOT_PUBLISHED","false","https://www.bestbottles.com/product/cylinder-design-50-ml-glass-bottle-reducer-pink-faux-leather-cap"
"GBTallCyl9MtlRollSlSh","Cylinder","9","Clear","13-415","Metal Roller Ball","Shiny Silver","false","bare_preview_depends_on_blocked_sibling","CPRoll13-415SlSh","CPRoll13-415SlSh","","","true","https://www.bestbottles.com/product/tall-cylinder-design-9-ml-glass-bottle-metal-roller-ball-plug-shiny-silver-cap"
"GBCylBlu9RollShnGl","Cylinder","9","Cobalt Blue","17-415","Plastic Roller Ball","Shiny Gold","true","","CpRoll17-415ShnGl","CpRoll17-415ShnGl","","","true","https://www.bestbottles.com/product/cylinder-design-9-ml-cobalt-blue-glass-bottle-plastic-roller-ball-shiny-gold-cap"
"GBCyl50RdcrIvyLthr","Cylinder","50","Clear","18-415","Reducer","Ivory Leather","false","assembly_unpublished_or_unsellable","CP18-415LIvyLthr","CP18-415LIvyLthr","","STATUS_DRAFT+NOT_PUBLISHED","false","https://www.bestbottles.com/product/cylinder-design-50-ml-glass-bottle-reducer-ivory-faux-leather-cap"
"GBTallCylFrst9MtlRollSlDot","Cylinder","9","Frosted","13-415","Metal Roller Ball","Silver with Dots","false","bare_preview_depends_on_blocked_sibling","CPRoll13-415SlDot","CPRoll13-415SlDot","","","true","https://www.bestbottles.com/product/tall-cylinder-design-9-ml-frosted-glass-bottle-metal-roller-ball-plug-silver-cap-with-dots"
"GBCylBlu9RollShnSl","Cylinder","9","Cobalt Blue","17-415","Plastic Roller Ball","Shiny Silver","true","","CpRoll17-415ShnSl","CpRoll17-415ShnSl","","","true","https://www.bestbottles.com/product/cylinder-design-9-ml-cobalt-blue-glass-bottle-plastic-roller-ball-shiny-silver-cap"
"GBTallCylFrst9MtlRollPinkDot","Cylinder","9","Frosted","13-415","Metal Roller Ball","Pink with Dots","false","bare_preview_depends_on_blocked_sibling","CPRoll13-415PinkDot","CPRoll13-415PinkDot","","","true","https://www.bestbottles.com/product/tall-cylinder-design-9-ml-frosted-glass-bottle-metal-roller-ball-plug-pink-cap-with-dots"
"GBCylBlu9RollPnkDot","Cylinder","9","Cobalt Blue","17-415","Plastic Roller Ball","Pink Dotted","false","media_or_configuration_invalid","CpRoll17-415PnkDot","CpRoll17-415PnkDot","","","false","https://www.bestbottles.com/product/cylinder-design-9-ml-cobalt-blue-glass-bottle-plastic-roller-ball-pink-dot-cap"
"GBTallCylFrst9MtlRollSlMatt","Cylinder","9","Frosted","13-415","Metal Roller Ball","Matte Silver","false","bare_preview_depends_on_blocked_sibling","CPRoll13-415SlMt","CPRoll13-415SlMt","","","true","https://www.bestbottles.com/product/tall-cylinder-design-9-ml-frosted-glass-bottle-metal-roller-ball-plug-matte-silver-cap"
"GBCylBlu9RollMattSl","Cylinder","9","Cobalt Blue","17-415","Plastic Roller Ball","Matte Silver","true","","CpRoll17-415MattSl","CpRoll17-415MattSl","","","true","https://www.bestbottles.com/product/cylinder-design-9-ml-cobalt-blue-glass-bottle-plastic-roller-ball-matte-silver-cap"
"GBTallCylFrst9MtlRollGlMatt","Cylinder","9","Frosted","13-415","Metal Roller Ball","Matte Gold","false","bare_preview_depends_on_blocked_sibling","CPRoll13-415GlMt","CPRoll13-415GlMt","","","true","https://www.bestbottles.com/product/tall-cylinder-design-9-ml-frosted-glass-bottle-metal-roller-ball-plug-matte-gold-cap"
"GBCylBlu9RollSlDot","Cylinder","9","Cobalt Blue","17-415","Plastic Roller Ball","Silver Dotted","false","media_or_configuration_invalid","CpRoll17-415SlDot","CpRoll17-415SlDot","","","false","https://www.bestbottles.com/product/cylinder-design-9-ml-cobalt-blue-glass-bottle-plastic-roller-ball-silver-dot-cap"
"GBTallCylFrst9MtlRollGlSh","Cylinder","9","Frosted","13-415","Metal Roller Ball","Shiny Gold","false","bare_preview_depends_on_blocked_sibling","CPRoll13-415GlSh","CPRoll13-415GlSh","","","true","https://www.bestbottles.com/product/tall-cylinder-design-9-ml-frosted-glass-bottle-metal-roller-ball-plug-shiny-gold-cap"
"GBCylBlu9RollMattGl","Cylinder","9","Cobalt Blue","17-415","Plastic Roller Ball","Matte Gold","true","","CpRoll17-415MattGl","CpRoll17-415MattGl","","","true","https://www.bestbottles.com/product/cylinder-design-9-ml-cobalt-blue-glass-bottle-plastic-roller-ball-matte-gold-cap"
"GBTallCylFrst9MtlRollSlSh","Cylinder","9","Frosted","13-415","Metal Roller Ball","Shiny Silver","false","bare_preview_depends_on_blocked_sibling","CPRoll13-415SlSh","CPRoll13-415SlSh","","","true","https://www.bestbottles.com/product/tall-cylinder-design-9-ml-frosted-glass-bottle-metal-roller-ball-plug-shiny-silver-cap"
"GBCylBlu9RollMattCu","Cylinder","9","Cobalt Blue","17-415","Plastic Roller Ball","Matte Copper","true","","CpRoll17-415Cu","CpRoll17-415Cu","","","true","https://www.bestbottles.com/product/cylinder-design-9-ml-cobalt-blue-glass-bottle-plastic-roller-ball-matte-copper-cap"
"GBTallCylFrst9MtlRollCuMatt","Cylinder","9","Frosted","13-415","Metal Roller Ball","Matte Copper","false","bare_preview_depends_on_blocked_sibling","CPRoll13-415Cu","CPRoll13-415Cu","","","true","https://www.bestbottles.com/product/tall-cylinder-design-9-ml-frosted-glass-bottle-metal-roller-ball-plug-matte-copper-cap"
"GBCylFrst9RollShBlk","Cylinder","9","Frosted","17-415","Plastic Roller Ball","Shiny Black","true","","CpRoll17-415ShnBlk","CpRoll17-415ShnBlk","","","true","https://www.bestbottles.com/product/cylinder-design-9-ml-frosted-glass-bottle-plastic-roller-ball-shiny-black-cap"
"GBTallCylFrst9MtlRollBlkSh","Cylinder","9","Frosted","13-415","Metal Roller Ball","Shiny Black","false","bare_preview_depends_on_blocked_sibling","CPRoll13-415BlkSh","CPRoll13-415BlkSh","","","true","https://www.bestbottles.com/product/tall-cylinder-design-9-ml-frosted-glass-bottle-metal-roller-ball-plug-black-shiny-cap"
"GBCylFrst9RollShnGl","Cylinder","9","Frosted","17-415","Plastic Roller Ball","Shiny Gold","true","","CpRoll17-415ShnGl","CpRoll17-415ShnGl","","","true","https://www.bestbottles.com/product/cylinder-design-9-ml-frosted-glass-bottle-plastic-roller-ball-shiny-gold-cap"
"GBCylFrst9RollShnSl","Cylinder","9","Frosted","17-415","Plastic Roller Ball","Shiny Silver","true","","CpRoll17-415ShnSl","CpRoll17-415ShnSl","","","true","https://www.bestbottles.com/product/cylinder-design-9-ml-frosted-glass-bottle-plastic-roller-ball-shiny-silver-cap"
"GBCylFrst9RollPnkDot","Cylinder","9","Frosted","17-415","Plastic Roller Ball","Pink Dotted","true","","CpRoll17-415PnkDot","CpRoll17-415PnkDot","","","true","https://www.bestbottles.com/product/cylinder-design-9-ml-frosted-glass-bottle-plastic-roller-ball-pink-dot-cap"
"GBCylFrst9RollSlDot","Cylinder","9","Frosted","17-415","Plastic Roller Ball","Silver Dotted","true","","CpRoll17-415SlDot","CpRoll17-415SlDot","","","true","https://www.bestbottles.com/product/cylinder-design-9-ml-frosted-glass-bottle-plastic-roller-ball-silver-dot-cap"
"GBCylFrst9RollMattSl","Cylinder","9","Frosted","17-415","Plastic Roller Ball","Matte Silver","true","","CpRoll17-415MattSl","CpRoll17-415MattSl","","","true","https://www.bestbottles.com/product/cylinder-design-9-ml-frosted-glass-bottle-plastic-roller-ball-matte-silver-cap"
"GBCylFrst9RollMattGl","Cylinder","9","Frosted","17-415","Plastic Roller Ball","Matte Gold","true","","CpRoll17-415MattGl","CpRoll17-415MattGl","","","true","https://www.bestbottles.com/product/cylinder-design-9-ml-frosted-glass-bottle-plastic-roller-ball-matte-gold-cap"
"GBCylFrst9RollMattCu","Cylinder","9","Frosted","17-415","Plastic Roller Ball","Matte Copper","true","","CpRoll17-415Cu","CpRoll17-415Cu","","","true","https://www.bestbottles.com/product/cylinder-design-9-ml-frosted-glass-bottle-plastic-roller-ball-matte-copper-cap"
"GBCylFrst9RollWht","Cylinder","9","Frosted","17-415","Plastic Roller Ball","White","true","","CpRoll17-415White","CpRoll17-415White","","","true","https://www.bestbottles.com/product/cylinder-design-9-ml-frosted-glass-bottle-plastic-roller-ball-white-cap"
"GBCyl9RollShnSl","Cylinder","9","Clear","17-415","Plastic Roller Ball","Shiny Silver","true","","CpRoll17-415ShnSl","CpRoll17-415ShnSl","","","true","https://www.bestbottles.com/product/cylinder-design-9-ml-clear-glass-bottle-plastic-roller-ball-shiny-silver-cap"
"GBCyl9RollWht","Cylinder","9","Clear","17-415","Plastic Roller Ball","White","true","","CpRoll17-415White","CpRoll17-415White","","","true","https://www.bestbottles.com/product/cylinder-design-9-ml-clear-glass-bottle-plastic-roller-ball-white-cap"
"GBCyl9RollShnGl","Cylinder","9","Clear","17-415","Plastic Roller Ball","Shiny Gold","true","","CpRoll17-415ShnGl","CpRoll17-415ShnGl","","","true","https://www.bestbottles.com/product/cylinder-design-9-ml-clear-glass-bottle-plastic-roller-ball-shiny-gold-cap"
"GBCyl9RollShBlk","Cylinder","9","Clear","17-415","Plastic Roller Ball","Shiny Black","true","","CpRoll17-415ShnBlk","CpRoll17-415ShnBlk","","","true","https://www.bestbottles.com/product/cylinder-design-9-ml-clear-glass-bottle-plastic-roller-ball-shiny-black-cap"
"GBCyl9RollMattCu","Cylinder","9","Clear","17-415","Plastic Roller Ball","Matte Copper","true","","CpRoll17-415Cu","CpRoll17-415Cu","","","true","https://www.bestbottles.com/product/cylinder-design-9-ml-clear-glass-bottle-plastic-roller-ball-matte-copper-cap"
"GBCyl9RollSlDot","Cylinder","9","Clear","17-415","Plastic Roller Ball","Silver with Dots","true","","CpRoll17-415SlDot","CpRoll17-415SlDot","","","true","https://www.bestbottles.com/product/cylinder-design-9-ml-clear-glass-bottle-plastic-roller-ball-silver-dot-cap"
"GBCyl9RollPnkDot","Cylinder","9","Clear","17-415","Plastic Roller Ball","Pink with Dots","false","media_or_configuration_invalid","CpRoll17-415PnkDot","CpRoll17-415PnkDot","","","false","https://www.bestbottles.com/product/cylinder-design-9-ml-clear-glass-bottle-plastic-roller-ball-pink-dot-cap"
"GBCyl9RollMattSl","Cylinder","9","Clear","17-415","Plastic Roller Ball","Matte Silver","true","","CpRoll17-415MattSl","CpRoll17-415MattSl","","","true","https://www.bestbottles.com/product/cylinder-design-9-ml-clear-glass-bottle-plastic-roller-ball-matte-silver-cap"
"GBCyl9RollMattGl","Cylinder","9","Clear","17-415","Plastic Roller Ball","Matte Gold","true","","CpRoll17-415MattGl","CpRoll17-415MattGl","","","true","https://www.bestbottles.com/product/cylinder-design-9-ml-clear-glass-bottle-plastic-roller-ball-matte-gold-cap"
"GBCylSwrl9RollShnSl","Cylinder","9","Swirl","17-415","Plastic Roller Ball","Shiny Silver","false","media_or_configuration_invalid","CpRoll17-415ShnSl","CpRoll17-415ShnSl","","","false","https://www.bestbottles.com/product/cylinder-design-9-ml-swirl-glass-bottle-plastic-roller-ball-shiny-silver-cap"
"GBCylSwrl9RollShnGl","Cylinder","9","Swirl","17-415","Plastic Roller Ball","Shiny Gold","false","media_or_configuration_invalid","CpRoll17-415ShnGl","CpRoll17-415ShnGl","","","false","https://www.bestbottles.com/product/cylinder-design-9-ml-swirl-glass-bottle-plastic-roller-ball-shiny-gold-cap"
"GBCylSwrl9RollShBlk","Cylinder","9","Swirl","17-415","Plastic Roller Ball","Shiny Black","false","media_or_configuration_invalid","CpRoll17-415ShnBlk","CpRoll17-415ShnBlk","","","false","https://www.bestbottles.com/product/cylinder-design-9-ml-swirl-glass-bottle-plastic-roller-ball-shiny-black-cap"
"GBCylSwrl9RollMattCu","Cylinder","9","Swirl","17-415","Plastic Roller Ball","Matte Copper","false","media_or_configuration_invalid","CpRoll17-415Cu","CpRoll17-415Cu","","","false","https://www.bestbottles.com/product/cylinder-design-9-ml-swirl-glass-bottle-plastic-roller-ball-matte-copper-cap"
"GBCylSwrl9RollPnkDot","Cylinder","9","Swirl","17-415","Plastic Roller Ball","Pink Dotted","true","","CpRoll17-415PnkDot","CpRoll17-415PnkDot","","","true","https://www.bestbottles.com/product/cylinder-design-9-ml-swirl-glass-bottle-plastic-roller-ball-pink-dot-cap"
"GBCylSwrl9RollSlDot","Cylinder","9","Swirl","17-415","Plastic Roller Ball","Silver Dotted","true","","CpRoll17-415SlDot","CpRoll17-415SlDot","","","true","https://www.bestbottles.com/product/cylinder-design-9-ml-swirl-glass-bottle-plastic-roller-ball-silver-dot-cap"
"GBCylSwrl9RollMattSl","Cylinder","9","Swirl","17-415","Plastic Roller Ball","Matte Silver","false","media_or_configuration_invalid","CpRoll17-415MattSl","CpRoll17-415MattSl","","","false","https://www.bestbottles.com/product/cylinder-design-9-ml-swirl-glass-bottle-plastic-roller-ball-matte-silver-cap"
"GBCylSwrl9RollMattGl","Cylinder","9","Swirl","17-415","Plastic Roller Ball","Matte Gold","false","media_or_configuration_invalid","CpRoll17-415MattGl","CpRoll17-415MattGl","","","false","https://www.bestbottles.com/product/cylinder-design-9-ml-swirl-glass-bottle-plastic-roller-ball-matte-gold-cap"
"GBTallCyl9RollBlkSh","Cylinder","9","Clear","13-415","Plastic Roller Ball","Shiny Black","false","bare_preview_depends_on_blocked_sibling","CPRoll13-415BlkSh","CPRoll13-415BlkSh","","","true","https://www.bestbottles.com/product/tall-cylinder-design-9-ml-glass-bottle-plastic-roller-ball-plug-black-shiny-cap"
"GBTallCyl9RollCuMatt","Cylinder","9","Clear","13-415","Plastic Roller Ball","Matte Copper","false","bare_preview_depends_on_blocked_sibling","CPRoll13-415Cu","CPRoll13-415Cu","","","true","https://www.bestbottles.com/product/tall-cylinder-design-9-ml-glass-bottle-plastic-roller-ball-plug-matte-copper-cap"
"GBTallCyl9RollGlMatt","Cylinder","9","Clear","13-415","Plastic Roller Ball","Matte Gold","false","bare_preview_depends_on_blocked_sibling","CPRoll13-415GlMt","CPRoll13-415GlMt","","","true","https://www.bestbottles.com/product/tall-cylinder-design-9-ml-glass-bottle-plastic-roller-ball-plug-matte-gold-cap"
"GBTallCyl9RollGlSh","Cylinder","9","Clear","13-415","Plastic Roller Ball","Shiny Gold","false","bare_preview_depends_on_blocked_sibling","CPRoll13-415GlSh","CPRoll13-415GlSh","","","true","https://www.bestbottles.com/product/tall-cylinder-design-9-ml-glass-bottle-plastic-roller-ball-plug-shiny-gold-cap"
"GBTallCyl9RollPinkDot","Cylinder","9","Clear","13-415","Plastic Roller Ball","Pink Dotted","false","bare_preview_depends_on_blocked_sibling","CPRoll13-415PinkDot","CPRoll13-415PinkDot","","","true","https://www.bestbottles.com/product/tall-cylinder-design-9-ml-glass-bottle-plastic-roller-ball-plug-pink-cap-with-dots"
"GBTallCyl9RollSlDot","Cylinder","9","Clear","13-415","Plastic Roller Ball","Silver Dotted","false","bare_preview_depends_on_blocked_sibling","CPRoll13-415SlDot","CPRoll13-415SlDot","","","true","https://www.bestbottles.com/product/tall-cylinder-design-9-ml-glass-bottle-plastic-roller-ball-plug-silver-cap-with-dots"
"GBTallCyl9RollSlMatt","Cylinder","9","Clear","13-415","Plastic Roller Ball","Matte Silver","false","bare_preview_depends_on_blocked_sibling","CPRoll13-415SlMt","CPRoll13-415SlMt","","","true","https://www.bestbottles.com/product/tall-cylinder-design-9-ml-glass-bottle-plastic-roller-ball-plug-matte-silver-cap"
"GBTallCyl9RollSlSh","Cylinder","9","Clear","13-415","Plastic Roller Ball","Shiny Silver","false","bare_preview_depends_on_blocked_sibling","CPRoll13-415SlSh","CPRoll13-415SlSh","","","true","https://www.bestbottles.com/product/tall-cylinder-design-9-ml-glass-bottle-plastic-roller-ball-plug-shiny-silver-cap"
"GBTallCylFrst9RollSlDot","Cylinder","9","Frosted","13-415","Plastic Roller Ball","Silver with Dots","false","bare_preview_depends_on_blocked_sibling","CPRoll13-415SlDot","CPRoll13-415SlDot","","","true","https://www.bestbottles.com/product/tall-cylinder-design-9-ml-frosted-glass-bottle-plastic-roller-ball-plug-silver-cap-with-dots"
"GBTallCylFrst9RollPinkDot","Cylinder","9","Frosted","13-415","Plastic Roller Ball","Pink with Dots","false","bare_preview_depends_on_blocked_sibling","CPRoll13-415PinkDot","CPRoll13-415PinkDot","","","true","https://www.bestbottles.com/product/tall-cylinder-design-9-ml-frosted-glass-bottle-plastic-roller-ball-plug-pink-cap-with-dots"
"GBTallCylFrst9RollSlMatt","Cylinder","9","Frosted","13-415","Plastic Roller Ball","Matte Silver","false","bare_preview_depends_on_blocked_sibling","CPRoll13-415SlMt","CPRoll13-415SlMt","","","true","https://www.bestbottles.com/product/tall-cylinder-design-9-ml-frosted-glass-bottle-plastic-roller-ball-plug-matte-silver-cap"
"GBCyl5BlkSht","Cylinder","5","Clear","13-415","Cap/Closure","Short Ribbed Black","true","","CP13-415BlkSht","CP13-415BlkSht","","","true","https://www.bestbottles.com/product/cylinder-design-5-ml-glass-bottle-short-black-cap"
"GBTallCylFrst9RollGlMatt","Cylinder","9","Frosted","13-415","Plastic Roller Ball","Matte Gold","false","bare_preview_depends_on_blocked_sibling","CPRoll13-415GlMt","CPRoll13-415GlMt","","","true","https://www.bestbottles.com/product/tall-cylinder-design-9-ml-frosted-glass-bottle-plastic-roller-ball-plug-matte-gold-cap"
"GBTallCylFrst9RollGlSh","Cylinder","9","Frosted","13-415","Plastic Roller Ball","Shiny Gold","false","bare_preview_depends_on_blocked_sibling","CPRoll13-415GlSh","CPRoll13-415GlSh","","","true","https://www.bestbottles.com/product/tall-cylinder-design-9-ml-frosted-glass-bottle-plastic-roller-ball-plug-shiny-gold-cap"
"GBCylBlu5BlkSht","Cylinder","5","Cobalt Blue","13-415","Cap/Closure","Short Ribbed Black","true","","CP13-415BlkSht","CP13-415BlkSht","","","true","https://www.bestbottles.com/product/cylinder-design-5-ml-blue-glass-bottle-short-black-cap"
"GBTallCylFrst9RollSlSh","Cylinder","9","Frosted","13-415","Plastic Roller Ball","Shiny Silver","false","bare_preview_depends_on_blocked_sibling","CPRoll13-415SlSh","CPRoll13-415SlSh","","","true","https://www.bestbottles.com/product/tall-cylinder-design-9-ml-frosted-glass-bottle-plastic-roller-ball-plug-shiny-silver-cap"
"GBTallCylFrst9RollCuMatt","Cylinder","9","Frosted","13-415","Plastic Roller Ball","Matte Copper","false","bare_preview_depends_on_blocked_sibling","CPRoll13-415Cu","CPRoll13-415Cu","","","true","https://www.bestbottles.com/product/tall-cylinder-design-9-ml-frosted-glass-bottle-plastic-roller-ball-plug-matte-copper-cap"
"GBTallCylFrst9RollBlkSh","Cylinder","9","Frosted","13-415","Plastic Roller Ball","Shiny Black","false","bare_preview_depends_on_blocked_sibling","CPRoll13-415BlkSh","CPRoll13-415BlkSh","","","true","https://www.bestbottles.com/product/tall-cylinder-design-9-ml-frosted-glass-bottle-plastic-roller-ball-plug-black-shiny-cap"
"GBTallCyl9BlkSht","Cylinder","9","Clear","13-415","","Short Ribbed Black","true","","CP13-415BlkSht","CP13-415BlkSht","","","true","https://www.bestbottles.com/product/tall-cylinder-design-9-ml-glass-bottle-short-black-cap"
"GBTallCylFrst9BlkSht","Cylinder","9","Frosted","13-415","","Short Ribbed Black","true","","CP13-415BlkSht","CP13-415BlkSht","","","true","https://www.bestbottles.com/product/tall-cylinder-design-9-ml-frosted-glass-bottle-short-black-cap"
"LBCyl100LtnShnBlk","Cylinder","100","Clear","18-415","Lotion Pump","Shiny Black","false","standalone_component_unpublished","","Ltn18-415ShnBlk","STATUS_DRAFT+NOT_PUBLISHED","","true","https://www.bestbottles.com/product/cylinder-design-100-ml-glass-bottle-shiny-black-lotion-pump-and-cap"
"LBCyl100LtnShnGl","Cylinder","100","Clear","18-415","Lotion Pump","Shiny Gold","false","standalone_component_unpublished","","Ltn18-415ShnGl","STATUS_DRAFT+NOT_PUBLISHED","","true","https://www.bestbottles.com/product/cylinder-design-100-ml-glass-bottle-shiny-gold-lotion-pump-and-cap"
"LBCyl100LtnShnSl","Cylinder","100","Clear","18-415","Lotion Pump","Shiny Silver","false","standalone_component_unpublished","","Ltn18-415ShnSl","STATUS_DRAFT+NOT_PUBLISHED","","true","https://www.bestbottles.com/product/cylinder-design-100-ml-glass-bottle-shiny-silver-lotion-pump-and-cap"
"LBCyl100LtnMtGl","Cylinder","100","Clear","18-415","Lotion Pump","Matte Gold","false","standalone_component_unpublished","","Ltn18-415MtGl","STATUS_DRAFT+NOT_PUBLISHED","","true","https://www.bestbottles.com/product/cylinder-design-100-ml-glass-bottle-matte-gold-lotion-pump-and-cap"
"LBCyl100LtnMtSl","Cylinder","100","Clear","18-415","Lotion Pump","Matte Silver","false","standalone_component_unpublished","","Ltn18-415MtSl","STATUS_DRAFT+NOT_PUBLISHED","","true","https://www.bestbottles.com/product/cylinder-design-100-ml-glass-bottle-matte-silver-lotion-pump-and-cap"
"LBCyl100LtnCu","Cylinder","100","Clear","18-415","Lotion Pump","Copper","false","standalone_component_unpublished","","Ltn18-415Cu","STATUS_DRAFT+NOT_PUBLISHED","","true","https://www.bestbottles.com/product/cylinder-design-100-ml-glass-bottle-matte-copper-lotion-pump-and-cap"
"LBCylAmb9LtnBlk","Cylinder","9","Amber","17-415","Lotion Pump","Black","true","","Ltn17-415Blk","Ltn17-415Blk","","","true","https://www.bestbottles.com/product/cylinder-design-9-ml-amber-glass-bottle-lotion-pump-black-trim-and-cap"
"GBCyl50AnSpLvn","Cylinder","50","Clear","18-415","Vintage Bulb Sprayer","Lavender","true","","AnSp18-415Lvn","AnSp18-415Lvn","","","true","https://www.bestbottles.com/product/cylinder-design-50-ml-glass-bottle-lavender-vintage-style-bulb-sprayer-shiny-silver-collar-cap"
"LBCyl9LtnBlk","Cylinder","9","Clear","17-415","Lotion Pump","Clear","true","","Ltn17-415Blk","Ltn17-415Blk","","","true","https://www.bestbottles.com/product/cylinder-design-9-ml-clear-glass-bottle-lotion-pump-black-trim-and-cap"
"GBCyl50AnSpPnk","Cylinder","50","Clear","18-415","Vintage Bulb Sprayer","Pink","true","","CP18-415AnSpPnk","CP18-415AnSpPnk","","","true","https://www.bestbottles.com/product/cylinder-design-50-ml-glass-bottle-pink-vintage-style-bulb-sprayer-shiny-gold-collar-cap"
"GBCyl50AnSpMtSl","Cylinder","50","Clear","18-415","Vintage Bulb Sprayer","Matte Silver","true","","AnSp18-415MtSl","AnSp18-415MtSl","","","true","https://www.bestbottles.com/product/cylinder-design-50-ml-glass-bottle-matte-silver-vintage-style-sprayer-matte-silver-collar-cap"
"LBCylBlu9LtnBlk","Cylinder","9","Cobalt Blue","17-415","Lotion Pump","Black","true","","Ltn17-415Blk","Ltn17-415Blk","","","true","https://www.bestbottles.com/product/cylinder-design-9-ml-cobalt-blue-glass-bottle-lotion-pump-black-trim-and-cap"
"GBCyl50AnSpIvySl","Cylinder","50","Clear","18-415","Vintage Bulb Sprayer","Ivory Silver","true","","AnSp18-415IvySl","AnSp18-415IvySl","","","true","https://www.bestbottles.com/product/cylinder-design-50-ml-glass-bottle-ivory-vintage-style-bulb-sprayer-shiny-silver-collar-cap"
"LBCylFrst9LtnBlk","Cylinder","9","Frosted","17-415","Lotion Pump","Black","true","","Ltn17-415Blk","Ltn17-415Blk","","","true","https://www.bestbottles.com/product/cylinder-design-9-ml-frosted-glass-bottle-lotion-pump-black-trim-and-cap"
"GBCyl50AnSpGl","Cylinder","50","Clear","18-415","Vintage Bulb Sprayer","Gold","true","","AnSp18-415Gl","AnSp18-415Gl","","","true","https://www.bestbottles.com/product/cylinder-design-50-ml-glass-bottle-gold-vintage-style-sprayer-shiny-gold-collar-cap"
"GBCyl50AnSpIvyGl","Cylinder","50","Clear","18-415","Vintage Bulb Sprayer","Ivory Gold","true","","AnSp18-415IvyGl","AnSp18-415IvyGl","","","true","https://www.bestbottles.com/product/cylinder-design-50-ml-glass-bottle-ivory-vintage-style-bulb-sprayer-shiny-gold-collar-cap"
"GBCyl50AnSpWht","Cylinder","50","Clear","18-415","Vintage Bulb Sprayer","White","true","","AnSp18-415Wht","AnSp18-415Wht","","","true","https://www.bestbottles.com/product/cylinder-design-50-ml-glass-bottle-white-vintage-style-bulb-sprayer-shiny-silver-collar-cap"
"GBCyl50AnSpRed","Cylinder","50","Clear","18-415","Vintage Bulb Sprayer","Red","true","","AnSp18-415Red","AnSp18-415Red","","","true","https://www.bestbottles.com/product/cylinder-design-50-ml-glass-bottle-red-vintage-style-bulb-sprayer-shiny-silver-collar-cap"
"GBCyl50AnSpTslLvn","Cylinder","50","Clear","18-415","Vintage Bulb Sprayer with Tassel","Lavender","true","","AnSpTsl18-415Lvn","AnSpTsl18-415Lvn","","","true","https://www.bestbottles.com/product/cylinder-design-50-ml-glass-bottle-lavender-vintage-style-sprayer-with-tassel-shiny-silver-collar"
"LBcyl25LtnClOvrCap","Cylinder","25","Clear","18-415","Lotion Pump","Clear","false","exact_component_unresolved","","","","","false","https://www.bestbottles.com/product/cylinder-design-25-ml-glass-bottle-clear-over-the-cap-lotion-pump-matte-silver-collar-cap"
"GBCyl50AnSpTslIvyGl","Cylinder","50","Clear","18-415","Vintage Bulb Sprayer with Tassel","Ivory Gold","true","","AnSpTsl18-415IvyGl","AnSpTsl18-415IvyGl","","","true","https://www.bestbottles.com/product/cylinder-design-50-ml-glass-bottle-ivory-vintage-style-sprayer-with-tassel-shiny-gold-collar"
"GBCyl50AnSpTslIvySl","Cylinder","50","Clear","18-415","Vintage Bulb Sprayer with Tassel","Ivory Silver","true","","AnSpTsl18-415IvySl","AnSpTsl18-415IvySl","","","true","https://www.bestbottles.com/product/cylinder-design-50-ml-glass-bottle-ivory-vintage-style-sprayer-with-tassel-shiny-silver-collar"
"GBCyl50AnSpTslWht","Cylinder","50","Clear","18-415","Vintage Bulb Sprayer with Tassel","White","true","","AnSpTsl18-415Wht","AnSpTsl18-415Wht","","","true","https://www.bestbottles.com/product/cylinder-design-50-ml-glass-bottle-white-vintage-style-sprayer-with-tassel-shiny-silver-collar"
"GBCyl50AnSpTslPnk","Cylinder","50","Clear","18-415","Vintage Bulb Sprayer with Tassel","Pink","true","","AnSpTsl18-415Pnk","AnSpTsl18-415Pnk","","","true","https://www.bestbottles.com/product/cylinder-design-50-ml-glass-bottle-pink-vintage-style-sprayer-with-tassel-shiny-gold-collar"
"GBCyl50AnSpTslRed","Cylinder","50","Clear","18-415","Vintage Bulb Sprayer with Tassel","Red","true","","AnSpTsl18-415Red","AnSpTsl18-415Red","","","true","https://www.bestbottles.com/product/cylinder-design-50-ml-glass-bottle-red-vintage-style-sprayer-with-tassel-shiny-silver-collar"
"GBCyl50AnSpTslMtSl","Cylinder","50","Clear","18-415","Vintage Bulb Sprayer with Tassel","Matte Silver","true","","AnSpTsl18-415MtS","AnSpTsl18-415MtS","","","true","https://www.bestbottles.com/product/cylinder-design-50-ml-glass-bottle-matte-silver-vintage-style-sprayer-with-tassel-matte-silver-collar"
"GBCyl50AnSpTslGl","Cylinder","50","Clear","18-415","Vintage Bulb Sprayer with Tassel","Gold","true","","CP18-415AnSpTslGl","CP18-415AnSpTslGl","","","true","https://www.bestbottles.com/product/cylinder-design-50-ml-glass-bottle-gold-vintage-style-sprayer-with-tassel-shiny-gold-collar"
"LBCyl50LtnClOvrCap","Cylinder","50","Clear","18-415","Lotion Pump","Clear Overcap","false","exact_component_unresolved","","","","","false","https://www.bestbottles.com/product/cylinder-design-50-ml-glass-bottle-clear-over-the-cap-lotion-pump-matte-silver-collar-cap"
"GBCylSwrl9SpryBlk","Cylinder","9","Swirl","17-415","Fine Mist Sprayer","Black","true","","Spry17-415Blk","Spry17-415Blk","","","true","https://www.bestbottles.com/product/cylinder-design-9-ml-swirl-glass-bottle-sprayer-black-trim-and-cap"
"LBCylSwrl9LtnBlk","Cylinder","9","Swirl","17-415","Lotion Pump","Black","true","","Ltn17-415Blk","Ltn17-415Blk","","","true","https://www.bestbottles.com/product/cylinder-design-9-ml-swirl-glass-bottle-lotion-pump-black-trim-and-cap"
"GBCylBlu5BlkShSht","Cylinder","5","Cobalt Blue","13-415","Cap/Closure","Short Shiny Black","false","missing_bottle_component_links | exact_component_unresolved","","","","","false","https://www.bestbottles.com/product/cylinder-design-5-ml-blue-glass-bottle-short-shiny-black-cap"
"GBcyl25SpryShnBlk","Cylinder","25","Clear","18-415","Fine Mist Sprayer","Shiny Black","false","missing_bottle_component_links | exact_component_unresolved","","","","","false","https://www.bestbottles.com/product/cylinder-design-25-ml-glass-bottle-shiny-black-spray-pump-and-cap"
"GBCyl5WhtSht","Cylinder","5","Clear","13-415","Cap/Closure","Short Ribbed White","true","","CP13-415WhtSht","CP13-415WhtSht","","","true",""
"GBCylSwrl9MtlRollWht","Cylinder","9","Swirl","17-415","Plastic Roller Ball","White","true","","CpRoll17-415White","CpRoll17-415White","","","true",""
"GBCylSwrl9RollWht","Cylinder","9","Swirl","17-415","Plastic Roller Ball","White","false","media_or_configuration_invalid","CpRoll17-415White","CpRoll17-415White","","","false",""
"GBTallCyl9WhtSht","Cylinder","9","Clear","13-415","","Short Ribbed White","true","","CP13-415WhtSht","CP13-415WhtSht","","","true",""
"GBCylBlu5CuSht","Cylinder","5","Cobalt Blue","13-415","Cap/Closure","Short Matte Copper","false","exact_component_unresolved","","","","","false",""
"GBCylBlu5GlMattSht","Cylinder","5","Cobalt Blue","13-415","Cap/Closure","Short Matte Gold","false","exact_component_unresolved","","","","","false",""
"GBCylBlu5SlMattSht","Cylinder","5","Cobalt Blue","13-415","Cap/Closure","Short Matte Silver","false","exact_component_unresolved","","","","","false",""
"GBCylBlu5GlSht","Cylinder","5","Cobalt Blue","13-415","Cap/Closure","Short Shiny Gold","false","exact_component_unresolved","","","","","false",""
"GBCylBlu5SlSht","Cylinder","5","Cobalt Blue","13-415","Cap/Closure","Short Shiny Silver","false","exact_component_unresolved","","","","","false",""
"GBCyl5CuSht","Cylinder","5","Clear","13-415","Cap/Closure","Short Matte Copper","false","exact_component_unresolved","","","","","false",""
"GBCyl5GlMattSht","Cylinder","5","Clear","13-415","Cap/Closure","Short Matte Gold","false","exact_component_unresolved","","","","","false",""
"GBCyl5SlMattSht","Cylinder","5","Clear","13-415","Cap/Closure","Short Matte Silver","false","exact_component_unresolved","","","","","false",""
"GBCyl5BlkShSht","Cylinder","5","Clear","13-415","Cap/Closure","Short Shiny Black","false","exact_component_unresolved","","","","","false",""
"GBCyl5GlSht","Cylinder","5","Clear","13-415","Cap/Closure","Short Shiny Gold","false","exact_component_unresolved","","","","","false",""
"GBCyl5SlSht","Cylinder","5","Clear","13-415","Cap/Closure","Short Shiny Silver","false","exact_component_unresolved","","","","","false",""
"GBTallCylFrst9CuSht","Cylinder","9","Frosted","13-415","","Matte Copper","false","exact_component_unresolved","","","","","false",""
"GBTallCylFrst9GlMattSht","Cylinder","9","Frosted","13-415","","Matte Gold","false","exact_component_unresolved","","","","","false",""
"GBTallCylFrst9SlMattSht","Cylinder","9","Frosted","13-415","","Matte Silver","false","exact_component_unresolved","","","","","false",""
"GBTallCylFrst9BlkShSht","Cylinder","9","Frosted","13-415","","Shiny Black","false","exact_component_unresolved","","","","","false",""
"GBTallCylFrst9GlSht","Cylinder","9","Frosted","13-415","","Shiny Gold","false","exact_component_unresolved","","","","","false",""
"GBTallCylFrst9SlSht","Cylinder","9","Frosted","13-415","","Shiny Silver","false","exact_component_unresolved","","","","","false",""
"GBTallCyl9CuSht","Cylinder","9","Clear","13-415","","Matte Copper","false","exact_component_unresolved","","","","","false",""
"GBTallCyl9SlMattSht","Cylinder","9","Clear","13-415","","Matte Silver","false","exact_component_unresolved","","","","","false",""
"GBTallCyl9BlkShSht","Cylinder","9","Clear","13-415","","Shiny Black","false","exact_component_unresolved","","","","","false",""
"GBTallCyl9GlSht","Cylinder","9","Clear","13-415","","Shiny Gold","false","exact_component_unresolved","","","","","false",""
"GBTallCyl9SlSht","Cylinder","9","Clear","13-415","","Shiny Silver","false","exact_component_unresolved","","","","","false",""
"GBTallCyl9GlMattSht","Cylinder","9","Clear","13-415","","Matte Gold","false","exact_component_unresolved","","","","","false",""
"GBCyl25AnSpBlk","Cylinder","25","Clear","18-415","Vintage Bulb Sprayer","Black / Shiny Silver Collar","false","missing_bottle_component_links | exact_component_unresolved","","","","","false","https://www.bestbottles.com/all-bottles/option_details.php?items_count=2&OPTinv_id=2058"
"GBCyl25AnSpGl","Cylinder","25","Clear","18-415","Vintage Bulb Sprayer","Gold / Shiny Gold Collar","false","missing_bottle_component_links | exact_component_unresolved","","","","","false","https://www.bestbottles.com/all-bottles/option_details.php?items_count=2&OPTinv_id=2056"
"GBCyl25AnSpTslIvySl","Cylinder","25","Clear","18-415","Vintage Bulb Sprayer with Tassel","Ivory / Shiny Silver Collar","false","missing_bottle_component_links | exact_component_unresolved","","","","","false","https://www.bestbottles.com/all-bottles/option_details.php?items_count=3&OPTinv_id=3211"
"GBCyl25AnSpTslMtSl","Cylinder","25","Clear","18-415","Vintage Bulb Sprayer with Tassel","Matte Silver / Matte Silver Collar","false","missing_bottle_component_links | exact_component_unresolved","","","","","false","https://www.bestbottles.com/all-bottles/option_details.php?items_count=3&OPTinv_id=3213"
"GBCyl25AnSpTslRed","Cylinder","25","Clear","18-415","Vintage Bulb Sprayer with Tassel","Red / Shiny Silver Collar","false","missing_bottle_component_links | exact_component_unresolved","","","","","false","https://www.bestbottles.com/all-bottles/option_details.php?items_count=3&OPTinv_id=3215"
"GBCyl25AnSpTslWht","Cylinder","25","Clear","18-415","Vintage Bulb Sprayer with Tassel","White / Shiny Silver Collar","false","missing_bottle_component_links | exact_component_unresolved","","","","","false","https://www.bestbottles.com/all-bottles/option_details.php?items_count=3&OPTinv_id=3216"
"GBCyl25DrpCu","Cylinder","25","Clear","18-415","Dropper","Matte Copper","false","missing_bottle_component_links | exact_component_unresolved","","","","","false","https://www.bestbottles.com/product/cylinder-design-25-ml-glass-bottle-white-dropper-Matte-copper-collar-cap"
"GBCyl25DrpGl","Cylinder","25","Clear","18-415","Dropper","Shiny Gold","false","missing_bottle_component_links | exact_component_unresolved","","","","","false","https://www.bestbottles.com/all-bottles/option_details.php?items_count=3&OPTinv_id=2062"
"GBCyl25DrpSl","Cylinder","25","Clear","18-415","Dropper","Shiny Silver","false","missing_bottle_component_links | exact_component_unresolved","","","","","false","https://www.bestbottles.com/all-bottles/option_details.php?items_count=3&OPTinv_id=2061"
"GBCyl25RdcrIvyLthr","Cylinder","25","Clear","18-415","Reducer","Ivory Faux Leather","false","missing_bottle_component_links | exact_component_unresolved","","","","","false","https://www.bestbottles.com/all-bottles/option_details.php?items_count=45&OPTinv_id=2065"
"GBCyl25RdcrShnGl","Cylinder","25","Clear","18-415","Reducer","Shiny Gold","false","missing_bottle_component_links | exact_component_unresolved","","","","","false","https://www.bestbottles.com/all-bottles/option_details.php?items_count=6&OPTinv_id=2032"
"GBcyl25AnSpIvyGl","Cylinder","25","Clear","18-415","Vintage Bulb Sprayer","Ivory / Shiny Gold Collar","false","missing_bottle_component_links | exact_component_unresolved","","","","","false","https://www.bestbottles.com/all-bottles/option_details.php?items_count=2&OPTinv_id=2057"
"GBcyl25AnSpIvySl","Cylinder","25","Clear","18-415","Vintage Bulb Sprayer","Ivory / Shiny Silver Collar","false","missing_bottle_component_links | exact_component_unresolved","","","","","false","https://www.bestbottles.com/all-bottles/option_details.php?items_count=2&OPTinv_id=2055"
"GBcyl25AnSpLvn","Cylinder","25","Clear","18-415","Vintage Bulb Sprayer","Lavender / Shiny Silver Collar","false","missing_bottle_component_links | exact_component_unresolved","","","","","false","https://www.bestbottles.com/all-bottles/option_details.php?items_count=2&OPTinv_id=2052"
"GBcyl25AnSpMtSl","Cylinder","25","Clear","18-415","Vintage Bulb Sprayer","Matte Silver / Matte Silver Collar","false","missing_bottle_component_links | exact_component_unresolved","","","","","false","https://www.bestbottles.com/all-bottles/option_details.php?items_count=2&OPTinv_id=2054"
"GBcyl25AnSpPnk","Cylinder","25","Clear","18-415","Vintage Bulb Sprayer","Pink / Shiny Gold Collar","false","missing_bottle_component_links | exact_component_unresolved","","","","","false","https://www.bestbottles.com/all-bottles/option_details.php?items_count=2&OPTinv_id=2053"
"GBcyl25AnSpRed","Cylinder","25","Clear","18-415","Vintage Bulb Sprayer","Red / Shiny Silver Collar","false","missing_bottle_component_links | exact_component_unresolved","","","","","false","https://www.bestbottles.com/all-bottles/option_details.php?items_count=2&OPTinv_id=2060"
"GBcyl25AnSpTslBlk","Cylinder","25","Clear","18-415","Vintage Bulb Sprayer with Tassel","Black / Shiny Silver Collar","false","missing_bottle_component_links | exact_component_unresolved","","","","","false","https://www.bestbottles.com/product/cylinder-design-25-ml-glass-bottle-black-vintage-style-bulb-sprayer-tassel-shiny-silver-collar-cap"
"GBcyl25AnSpTslGl","Cylinder","25","Clear","18-415","Vintage Bulb Sprayer with Tassel","Gold / Shiny Gold Collar","false","missing_bottle_component_links | exact_component_unresolved","","","","","false","https://www.bestbottles.com/all-bottles/option_details.php?items_count=3&OPTinv_id=3209"
"GBcyl25AnSpTslIvyGl","Cylinder","25","Clear","18-415","Vintage Bulb Sprayer with Tassel","Ivory / Shiny Gold Collar","false","missing_bottle_component_links | exact_component_unresolved","","","","","false","https://www.bestbottles.com/all-bottles/option_details.php?items_count=3&OPTinv_id=3210"
"GBcyl25AnSpTslLvn","Cylinder","25","Clear","18-415","Vintage Bulb Sprayer with Tassel","Lavender / Shiny Silver Collar","false","missing_bottle_component_links | exact_component_unresolved","","","","","false","https://www.bestbottles.com/all-bottles/option_details.php?items_count=3&OPTinv_id=3212"
"GBcyl25AnSpTslPnk","Cylinder","25","Clear","18-415","Vintage Bulb Sprayer with Tassel","Pink / Shiny Gold Collar","false","missing_bottle_component_links | exact_component_unresolved","","","","","false","https://www.bestbottles.com/all-bottles/option_details.php?items_count=3&OPTinv_id=3214"
"GBcyl25AnSpWht","Cylinder","25","Clear","18-415","Vintage Bulb Sprayer","White / Shiny Silver Collar","false","missing_bottle_component_links | exact_component_unresolved","","","","","false","https://www.bestbottles.com/product/cylinder-design-25-ml-glass-bottle-white-vintage-style-bulb-sprayer-shiny-silver-collar-cap"
"GBcyl25RdcrBlkLthr","Cylinder","25","Clear","18-415","Reducer","Black Faux Leather","false","missing_bottle_component_links | exact_component_unresolved","","","","","false","https://www.bestbottles.com/all-bottles/option_details.php?items_count=45&OPTinv_id=2035"
"GBcyl25RdcrBrwnLthr","Cylinder","25","Clear","18-415","Reducer","Brown Faux Leather","false","missing_bottle_component_links | exact_component_unresolved","","","","","false","https://www.bestbottles.com/all-bottles/option_details.php?items_count=45&OPTinv_id=2036"
"GBcyl25RdcrLBrwnLthr","Cylinder","25","Clear","18-415","Reducer","Light Brown Faux Leather","false","missing_bottle_component_links | exact_component_unresolved","","","","","false","https://www.bestbottles.com/all-bottles/option_details.php?items_count=45&OPTinv_id=2037"
"GBcyl25RdcrMtSl","Cylinder","25","Clear","18-415","Reducer","Matte Silver","false","missing_bottle_component_links | exact_component_unresolved","","","","","false","https://www.bestbottles.com/all-bottles/option_details.php?items_count=45&OPTinv_id=2040"
"GBcyl25RdcrMtSlTall","Cylinder","25","Clear","18-415","Reducer","Tall Matte Silver","false","missing_bottle_component_links | exact_component_unresolved","","","","","false","https://www.bestbottles.com/all-bottles/option_details.php?items_count=45&OPTinv_id=2039"
"GBcyl25RdcrPnkLthr","Cylinder","25","Clear","18-415","Reducer","Pink Faux Leather","false","missing_bottle_component_links | exact_component_unresolved","","","","","false","https://www.bestbottles.com/all-bottles/option_details.php?items_count=6&OPTinv_id=2064"
"GBcyl25RdcrShnBlk","Cylinder","25","Clear","18-415","Reducer","Shiny Black","false","missing_bottle_component_links | exact_component_unresolved","","","","","false","https://www.bestbottles.com/all-bottles/option_details.php?items_count=45&OPTinv_id=2034"
"GBcyl25RdcrShnBlkTall","Cylinder","25","Clear","18-415","Reducer","Tall Shiny Black","false","missing_bottle_component_links | exact_component_unresolved","","","","","false","https://www.bestbottles.com/all-bottles/option_details.php?items_count=45&OPTinv_id=2033"
"GBcyl25RdcrShnSl","Cylinder","25","Clear","18-415","Reducer","Shiny Silver","false","missing_bottle_component_links | exact_component_unresolved","","","","","false","https://www.bestbottles.com/all-bottles/option_details.php?items_count=6&OPTinv_id=2038"
"GBcyl25RdcrWht","Cylinder","25","Clear","18-415","Reducer","White","false","missing_bottle_component_links | exact_component_unresolved","","","","","false","https://www.bestbottles.com/all-bottles/option_details.php?items_count=6&OPTinv_id=2041"
"GBcyl25SpryCu","Cylinder","25","Clear","18-415","Fine Mist Sprayer","Matte Copper","false","missing_bottle_component_links | exact_component_unresolved","","","","","false","https://www.bestbottles.com/product/cylinder-design-25-ml-glass-bottle-matte-copper-spray-and-cap"
"GBcyl25SpryMtGl","Cylinder","25","Clear","18-415","Fine Mist Sprayer","Matte Gold","false","missing_bottle_component_links | exact_component_unresolved","","","","","false","https://www.bestbottles.com/product/cylinder-design-25-ml-glass-bottle-matte-gold-spray-pump-and-cap"
"GBcyl25SpryShnGl","Cylinder","25","Clear","18-415","Fine Mist Sprayer","Shiny Gold","false","missing_bottle_component_links | exact_component_unresolved","","","","","false","https://www.bestbottles.com/product/cylinder-design-25-ml-glass-bottle-shiny-gold-spray-pump-and-cap"
"GBcyl25SpryShnSl","Cylinder","25","Clear","18-415","Fine Mist Sprayer","Shiny Silver","false","missing_bottle_component_links | exact_component_unresolved","","","","","false","https://www.bestbottles.com/product/cylinder-design-25-ml-glass-bottle-shiny-silver-spray-and-cap"
"GBDmnd2ozAnSpPnk","Diamond","60","Clear","18-415","Vintage Bulb Sprayer","Pink","false","media_or_configuration_invalid","CP18-415AnSpPnk","CP18-415AnSpPnk","","","false","https://www.bestbottles.com/product/diamond-design-2-oz-glass-bottle-pink-vintage-style-bulb-sprayer-shiny-gold-collar-cap"
"GBDmnd2ozAnSpIvyGl","Diamond","60","Clear","18-415","Vintage Bulb Sprayer","Ivory Gold","false","media_or_configuration_invalid","AnSp18-415IvyGl","AnSp18-415IvyGl","","","false","https://www.bestbottles.com/product/diamond-design-2-oz-glass-bottle-ivory-vintage-style-bulb-sprayer-shiny-gold-collar-cap"
"GBDmnd2ozAnSpLvn","Diamond","60","Clear","18-415","Vintage Bulb Sprayer","Lavender","false","media_or_configuration_invalid","AnSp18-415Lvn","AnSp18-415Lvn","","","false","https://www.bestbottles.com/product/diamond-design-2-oz-glass-bottle-lavender-vintage-style-bulb-sprayer-shiny-silver-collar-cap"
"GBDmnd2ozAnSpGl","Diamond","60","Clear","18-415","Vintage Bulb Sprayer","Gold","false","media_or_configuration_invalid","AnSp18-415Gl","AnSp18-415Gl","","","false","https://www.bestbottles.com/product/diamond-design-2-oz-glass-bottle-gold-vintage-style-sprayer-shiny-gold-collar-cap"
"GBDmnd2ozAnSpRed","Diamond","60","Clear","18-415","Vintage Bulb Sprayer","Red","false","media_or_configuration_invalid","AnSp18-415Red","AnSp18-415Red","","","false","https://www.bestbottles.com/product/diamond-design-2-oz-glass-bottle-red-vintage-style-bulb-sprayer-shiny-silver-collar-cap"
"GBDmnd2ozAnSpIvySl","Diamond","60","Clear","18-415","Vintage Bulb Sprayer","Ivory Silver","false","media_or_configuration_invalid","AnSp18-415IvySl","AnSp18-415IvySl","","","false","https://www.bestbottles.com/product/diamond-design-2-oz-glass-bottle-ivory-vintage-style-bulb-sprayer-shiny-silver-collar-cap"
"GBDmnd2ozAnSpMtSl","Diamond","60","Clear","18-415","Vintage Bulb Sprayer","Matte Silver","false","media_or_configuration_invalid","AnSp18-415MtSl","AnSp18-415MtSl","","","false","https://www.bestbottles.com/product/diamond-design-2-oz-glass-bottle-matte-silver-vintage-style-sprayer-matte-silver-collar-cap"
"GBDmnd2ozAnSpWht","Diamond","60","Clear","18-415","Vintage Bulb Sprayer","White","false","media_or_configuration_invalid","AnSp18-415Wht","AnSp18-415Wht","","","false","https://www.bestbottles.com/product/diamond-design-2-oz-glass-bottle-white-vintage-style-bulb-sprayer-shiny-silver-collar-cap"
"GBDmnd2ozAnSpTslGl","Diamond","60","Clear","18-415","Vintage Bulb Sprayer with Tassel","Gold","false","media_or_configuration_invalid","CP18-415AnSpTslGl","CP18-415AnSpTslGl","","","false","https://www.bestbottles.com/product/diamond-design-2-oz-glass-bottle-gold-vintage-style-sprayer-with-tassel-shiny-gold-collar"
"GBDmnd2ozAnSpTslIvyGl","Diamond","60","Clear","18-415","Vintage Bulb Sprayer with Tassel","Ivory Gold","false","media_or_configuration_invalid","AnSpTsl18-415IvyGl","AnSpTsl18-415IvyGl","","","false","https://www.bestbottles.com/product/diamond-design-2-oz-glass-bottle-ivory-vintage-style-sprayer-with-tassel-shiny-gold-collar"
"GBDmnd2ozAnSpTslIvySl","Diamond","60","Clear","18-415","Vintage Bulb Sprayer with Tassel","Ivory Silver","false","media_or_configuration_invalid","AnSpTsl18-415IvySl","AnSpTsl18-415IvySl","","","false","https://www.bestbottles.com/product/diamond-design-2-oz-glass-bottle-ivory-vintage-style-sprayer-with-tassel-shiny-silver-collar"
"GBDmnd2ozAnSpTslLvn","Diamond","60","Clear","18-415","Vintage Bulb Sprayer with Tassel","Lavender","false","media_or_configuration_invalid","AnSpTsl18-415Lvn","AnSpTsl18-415Lvn","","","false","https://www.bestbottles.com/product/diamond-design-2-oz-glass-bottle-lavender-vintage-style-sprayer-with-tassel-shiny-silver-collar"
"GBDmnd2ozAnSpTslPnk","Diamond","60","Clear","18-415","Vintage Bulb Sprayer with Tassel","Pink","false","media_or_configuration_invalid","AnSpTsl18-415Pnk","AnSpTsl18-415Pnk","","","false","https://www.bestbottles.com/product/diamond-design-2-oz-glass-bottle-pink-vintage-style-sprayer-with-tassel-shiny-gold-collar"
"GBDmnd2ozAnSpTslRed","Diamond","60","Clear","18-415","Vintage Bulb Sprayer with Tassel","Red","false","media_or_configuration_invalid","AnSpTsl18-415Red","AnSpTsl18-415Red","","","false","https://www.bestbottles.com/product/diamond-design-2-oz-glass-bottle-red-vintage-style-sprayer-with-tassel-shiny-silver-collar"
"GBDmnd2ozAnSpTslWht","Diamond","60","Clear","18-415","Vintage Bulb Sprayer with Tassel","White","false","media_or_configuration_invalid","AnSpTsl18-415Wht","AnSpTsl18-415Wht","","","false","https://www.bestbottles.com/product/diamond-design-2-oz-glass-bottle-white-vintage-style-sprayer-with-tassel-shiny-silver-collar"
"GBDmnd2ozAnSpTslMtSl","Diamond","60","Clear","18-415","Vintage Bulb Sprayer with Tassel","Matte Silver","false","media_or_configuration_invalid","AnSpTsl18-415MtS","AnSpTsl18-415MtS","","","false","https://www.bestbottles.com/product/diamond-design-2-oz-glass-bottle-matte-silver-vintage-style-sprayer-with-tassel-matte-silver-collar"
"GBDmnd2ozSpryShnGl","Diamond","60","Clear","18-415","Perfume Spray Pump","Shiny Gold","false","standalone_component_unpublished","","Spry18-415ShnGl","STATUS_DRAFT+NOT_PUBLISHED","","false","https://www.bestbottles.com/product/diamond-design-2-oz-glass-bottle-shiny-gold-spray-pump-and-cap"
"GBDmnd2ozSpryMtSl","Diamond","60","Clear","18-415","Perfume Spray Pump","Matte Silver","false","standalone_component_unpublished","","Spry18-415MtSl","STATUS_DRAFT+NOT_PUBLISHED","","false","https://www.bestbottles.com/product/diamond-design-2-oz-glass-bottle-matte-silver-spray-pump-and-capsilver-matte-cap"
"GBDmnd2ozSpryMtGl","Diamond","60","Clear","18-415","Perfume Spray Pump","Matte Gold","false","standalone_component_unpublished","","Spry18-415MtGl","STATUS_DRAFT+NOT_PUBLISHED","","false","https://www.bestbottles.com/product/diamond-design-2-oz-glass-bottle-matte-gold-spray-pump-and-cap"
"GBDmnd2ozSpryShnBlk","Diamond","60","Clear","18-415","Perfume Spray Pump","Shiny Black","false","standalone_component_unpublished","","Spry18-415ShnBlk","STATUS_DRAFT+NOT_PUBLISHED","","false","https://www.bestbottles.com/product/diamond-design-2-oz-glass-bottle-shiny-black-spray-pump-and-capblack-shiny-cap"
"GBDmnd2ozSpryShnSl","Diamond","60","Clear","18-415","Perfume Spray Pump","Shiny Silver","false","standalone_component_unpublished","","Spry18-415ShnSl","STATUS_DRAFT+NOT_PUBLISHED","","false","https://www.bestbottles.com/product/diamond-design-2-oz-glass-bottle-shiny-silver-spray-and-capshiny-silver-cap"
"GBDmnd2ozSpryCu","Diamond","60","Clear","18-415","Perfume Spray Pump","Copper","false","standalone_component_unpublished","","Spry18-415Cu","STATUS_DRAFT+NOT_PUBLISHED","","false","https://www.bestbottles.com/product/diamond-design-2-oz-glass-bottle-matte-copper-spray-and-cap"
"GBDmnd2ozRdcrBlkLthr","Diamond","60","Clear","18-415","Reducer","Black Leather","false","assembly_unpublished_or_unsellable","CP18-415BlkLthr","CP18-415BlkLthr","","STATUS_DRAFT+NOT_PUBLISHED","false","https://www.bestbottles.com/product/diamond-design-2-oz-glass-bottle-reducer-black-faux-leather-cap"
"GBDmnd2ozAnSpBlk","Diamond","60","Clear","18-415","Vintage Bulb Sprayer","Black","false","media_or_configuration_invalid","AnSp18-415Blk","AnSp18-415Blk","","","false","https://www.bestbottles.com/product/diamond-design-2-oz-glass-bottle-black-vintage-style-bulb-sprayer-shiny-silver-collar-cap"
"GBDmnd2ozAnSpTslBlk","Diamond","60","Clear","18-415","Vintage Bulb Sprayer with Tassel","Black","false","media_or_configuration_invalid","AnSpTsl18-415Blk","AnSpTsl18-415Blk","","","false","https://www.bestbottles.com/product/diamond-design-2-oz-glass-bottle-black-vintage-style-sprayer-with-tassel-shiny-silver-collar"
"LBDmnd2ozLtnMtGl","Diamond","60","Clear","18-415","Lotion Pump","Matte Gold","false","standalone_component_unpublished","","Ltn18-415MtGl","STATUS_DRAFT+NOT_PUBLISHED","","false","https://www.bestbottles.com/product/diamond-design-2-oz-glass-bottle-matte-gold-lotion-pump-and-cap"
"LBDmnd2ozLtnShnGl","Diamond","60","Clear","18-415","Lotion Pump","Shiny Gold","false","standalone_component_unpublished","","Ltn18-415ShnGl","STATUS_DRAFT+NOT_PUBLISHED","","false","https://www.bestbottles.com/product/diamond-design-2-oz-glass-bottle-shiny-gold-lotion-pump-and-cap"
"LBDmnd2ozLtnShnBlk","Diamond","60","Clear","18-415","Lotion Pump","Shiny Black","false","standalone_component_unpublished","","Ltn18-415ShnBlk","STATUS_DRAFT+NOT_PUBLISHED","","false","https://www.bestbottles.com/product/diamond-design-2-oz-glass-bottle-shiny-black-lotion-pump-and-capblack-shiny-cap"
"LBDmnd2ozLtnMtSl","Diamond","60","Clear","18-415","Lotion Pump","Matte Silver","false","exact_component_unresolved","","","","","false","https://www.bestbottles.com/product/diamond-design-2-oz-glass-bottle-matte-silver-lotion-pump-and-capsilver-matte-cap"
"LBDmnd2ozLtnShnSl","Diamond","60","Clear","18-415","Lotion Pump","Shiny Silver","false","standalone_component_unpublished","","Ltn18-415ShnSl","STATUS_DRAFT+NOT_PUBLISHED","","false","https://www.bestbottles.com/product/diamond-design-2-oz-glass-bottle-shiny-silver-lotion-pump-and-capshiny-silver-cap"
"LBDmnd2ozLtnCu","Diamond","60","Clear","18-415","Lotion Pump","Copper","false","standalone_component_unpublished","","Ltn18-415Cu","STATUS_DRAFT+NOT_PUBLISHED","","false","https://www.bestbottles.com/product/diamond-design-2-oz-glass-bottle-matte-copper-lotion-pump-and-cap"
"GBDmnd2ozRdcrWht","Diamond","60","Clear","18-415","Reducer","White","false","assembly_unpublished_or_unsellable","CP18-415Wh","CP18-415Wh","","STATUS_DRAFT+NOT_PUBLISHED","false","https://www.bestbottles.com/product/diamond-design-2-oz-glass-bottle-reducer-white-cap"
"GBDmnd2ozRdcrIvyLthr","Diamond","60","Clear","18-415","Reducer","Ivory Leather","false","assembly_unpublished_or_unsellable","CP18-415LIvyLthr","CP18-415LIvyLthr","","STATUS_DRAFT+NOT_PUBLISHED","false","https://www.bestbottles.com/product/diamond-design-2-oz-glass-bottle-reducer-ivory-faux-leather-cap"
"GBDmnd2ozRdcrPnkLthr","Diamond","60","Clear","18-415","Reducer","Pink Leather","false","assembly_unpublished_or_unsellable","CP18-415LPnkLthr","CP18-415LPnkLthr","","STATUS_DRAFT+NOT_PUBLISHED","false","https://www.bestbottles.com/product/diamond-design-2-oz-glass-bottle-reducer-pink-faux-leather-cap"
"GBDmnd2ozRdcrShnGl","Diamond","60","Clear","18-415","Reducer","Shiny Gold","false","assembly_unpublished_or_unsellable","CP18-415ShnGl","CP18-415ShnGl","","STATUS_DRAFT+NOT_PUBLISHED","false","https://www.bestbottles.com/product/diamond-design-2-oz-glass-bottle-reducer-shiny-gold-cap"
"GBDmnd2ozRdcrShnBlkTall","Diamond","60","Clear","18-415","Reducer","Shiny Black","false","assembly_unpublished_or_unsellable","CP18-415ShnBlkTall","CP18-415ShnBlkTall","","STATUS_DRAFT+NOT_PUBLISHED","false","https://www.bestbottles.com/product/diamond-design-2-oz-glass-bottle-reducer-tall-black-shiny-cap"
"GBDmnd2ozRdcrBrwnLthr","Diamond","60","Clear","18-415","Reducer","Brown Leather","false","assembly_unpublished_or_unsellable","CP18-415BrwnLthr","CP18-415BrwnLthr","","STATUS_DRAFT+NOT_PUBLISHED","false","https://www.bestbottles.com/product/diamond-design-2-oz-glass-bottle-reducer-brown-faux-leather-cap"
"GBDmnd2ozRdcrLBrwnLthr","Diamond","60","Clear","18-415","Reducer","Light Brown Leather","false","assembly_unpublished_or_unsellable","CP18-415LBrwnLthr","CP18-415LBrwnLthr","","STATUS_DRAFT+NOT_PUBLISHED","false","https://www.bestbottles.com/product/diamond-design-2-oz-glass-bottle-reducer-light-brown-faux-leather-cap"
"GBDmnd2ozRdcrShnSl","Diamond","60","Clear","18-415","Reducer","Shiny Silver","false","assembly_unpublished_or_unsellable","CP18-415ShnSl","CP18-415ShnSl","","STATUS_DRAFT+NOT_PUBLISHED","false","https://www.bestbottles.com/product/diamond-design-2-oz-glass-bottle-reducer-shiny-silver-cap"
"GBDmnd2ozRdcrMtSlTall","Diamond","60","Clear","18-415","Reducer","Matte Silver","false","assembly_unpublished_or_unsellable","CP18-415MtSlTall","CP18-415MtSlTall","","STATUS_DRAFT+NOT_PUBLISHED","false","https://www.bestbottles.com/product/diamond-design-2-oz-glass-bottle-reducer-tall-silver-matte-cap"
"GBDmnd2ozRdcrMtSl","Diamond","60","Clear","18-415","Reducer","Matte Silver","false","assembly_unpublished_or_unsellable","CP18-415MtSl","CP18-415MtSl","","STATUS_DRAFT+NOT_PUBLISHED","false","https://www.bestbottles.com/product/diamond-design-2-oz-glass-bottle-reducer-silver-matte-cap"
"GBDmnd2ozRdcrShnBlk","Diamond","60","Clear","18-415","Reducer","Shiny Black","false","exact_component_unresolved | assembly_unpublished_or_unsellable","","","","STATUS_DRAFT+NOT_PUBLISHED","false","https://www.bestbottles.com/product/diamond-design-2-oz-glass-bottle-reducer-black-shiny-cap"
"LBDmnd2ozLtnClOvrCap","Diamond","60","Clear","18-415","Lotion Pump","Clear Overcap","false","exact_component_unresolved","","","","","false","https://www.bestbottles.com/product/diamond-design-2-oz-glass-bottle-clear-over-the-cap-lotion-pump-matte-silver-collar-cap"
"LBDiva100LtnClOvrCap","Diva","100","Clear","18-415","Lotion Pump","Clear Overcap","false","exact_component_unresolved","","","","","false","https://www.bestbottles.com/product/diva-design-100-ml-glass-bottle-clear-over-the-cap-lotion-pump-matte-silver-collar-cap"
"GBDiva46SpryMtGl","Diva","46","Clear","18-415","Perfume Spray Pump","Matte Gold","false","standalone_component_unpublished","","Spry18-415MtGl","STATUS_DRAFT+NOT_PUBLISHED","","false","https://www.bestbottles.com/product/diva-design-46-ml-glass-bottle-matte-gold-spray-pump-and-cap"
"GBDiva46SpryShnGl","Diva","46","Clear","18-415","Perfume Spray Pump","Shiny Gold","false","standalone_component_unpublished","","Spry18-415ShnGl","STATUS_DRAFT+NOT_PUBLISHED","","false","https://www.bestbottles.com/product/diva-design-46-ml-glass-bottle-shiny-gold-spray-pump-and-cap"
"GBDiva46SpryShnBlk","Diva","46","Clear","18-415","Perfume Spray Pump","Shiny Black","false","standalone_component_unpublished","","Spry18-415ShnBlk","STATUS_DRAFT+NOT_PUBLISHED","","false","https://www.bestbottles.com/product/diva-design-46-ml-glass-bottle-shiny-black-spray-pump-and-cap"
"GBDiva46SpryMtSl","Diva","46","Clear","18-415","Perfume Spray Pump","Matte Silver","false","standalone_component_unpublished","","Spry18-415MtSl","STATUS_DRAFT+NOT_PUBLISHED","","false","https://www.bestbottles.com/product/diva-design-46-ml-glass-bottle-matte-silver-spray-pump-and-cap"
"GBDiva46SpryShnSl","Diva","46","Clear","18-415","Perfume Spray Pump","Shiny Silver","false","standalone_component_unpublished","","Spry18-415ShnSl","STATUS_DRAFT+NOT_PUBLISHED","","false","https://www.bestbottles.com/product/diva-design-46-ml-glass-bottle-shiny-silver-spray-and-cap"
"GBDivaFrst46SpryMtGl","Diva","46","Frosted","18-415","Perfume Spray Pump","Clear","false","standalone_component_unpublished","","Spry18-415MtGl","STATUS_DRAFT+NOT_PUBLISHED","","false","https://www.bestbottles.com/product/diva-design-46-ml-frosted-glass-bottle-matte-gold-spray-pump-and-cap"
"GBDivaFrst46SpryShnGl","Diva","46","Frosted","18-415","Perfume Spray Pump","Clear","false","standalone_component_unpublished","","Spry18-415ShnGl","STATUS_DRAFT+NOT_PUBLISHED","","false","https://www.bestbottles.com/product/diva-design-46-ml-frosted-glass-bottle-shiny-gold-spray-pump-and-cap"
"GBDivaFrst46SpryShnBlk","Diva","46","Frosted","18-415","Perfume Spray Pump","Clear","false","standalone_component_unpublished","","Spry18-415ShnBlk","STATUS_DRAFT+NOT_PUBLISHED","","false","https://www.bestbottles.com/product/diva-design-46-ml-frosted-glass-bottle-shiny-black-spray-pump-and-cap"
"GBDivaFrst46SpryMtSl","Diva","46","Frosted","18-415","Perfume Spray Pump","Clear","false","standalone_component_unpublished","","Spry18-415MtSl","STATUS_DRAFT+NOT_PUBLISHED","","false","https://www.bestbottles.com/product/diva-design-46-ml-frosted-glass-bottle-matte-silver-spray-pump-and-cap"
"GBDivaFrst46SpryShnSl","Diva","46","Frosted","18-415","Perfume Spray Pump","Clear","false","standalone_component_unpublished","","Spry18-415ShnSl","STATUS_DRAFT+NOT_PUBLISHED","","false","https://www.bestbottles.com/product/diva-design-46-ml-frosted-glass-bottle-shiny-silver-spray-and-cap"
"GBDiva100RdcrShnGl","Diva","100","Clear","18-415","Reducer","Shiny Gold","false","assembly_unpublished_or_unsellable","CP18-415ShnGl","CP18-415ShnGl","","STATUS_DRAFT+NOT_PUBLISHED","false","https://www.bestbottles.com/product/diva-design-100-ml-glass-bottle-reducer-shiny-gold-cap"
"GBDiva100RdcrShnBlkTall","Diva","100","Clear","18-415","Reducer","Shiny Black","false","assembly_unpublished_or_unsellable","CP18-415ShnBlkTall","CP18-415ShnBlkTall","","STATUS_DRAFT+NOT_PUBLISHED","false","https://www.bestbottles.com/product/diva-design-100-ml-glass-bottle-reducer-tall-black-shiny-cap"
"GBDiva100RdcrShnBlk","Diva","100","Clear","18-415","Reducer","Shiny Black","false","exact_component_unresolved | assembly_unpublished_or_unsellable","","","","STATUS_DRAFT+NOT_PUBLISHED","false","https://www.bestbottles.com/product/diva-design-100-ml-glass-bottle-reducer-black-shiny-cap"
"GBDiva100RdcrBrwnLthr","Diva","100","Clear","18-415","Reducer","Brown Leather","false","assembly_unpublished_or_unsellable","CP18-415BrwnLthr","CP18-415BrwnLthr","","STATUS_DRAFT+NOT_PUBLISHED","false","https://www.bestbottles.com/product/diva-design-100-ml-glass-bottle-reducer-brown-faux-leather-cap"
"GBDiva100RdcrLBrwnLthr","Diva","100","Clear","18-415","Reducer","Light Brown Leather","false","assembly_unpublished_or_unsellable","CP18-415LBrwnLthr","CP18-415LBrwnLthr","","STATUS_DRAFT+NOT_PUBLISHED","false","https://www.bestbottles.com/product/diva-design-100-ml-glass-bottle-reducer-light-brown-faux-leather-cap"
"GBDiva100RdcrShnSl","Diva","100","Clear","18-415","Reducer","Shiny Silver","false","assembly_unpublished_or_unsellable","CP18-415ShnSl","CP18-415ShnSl","","STATUS_DRAFT+NOT_PUBLISHED","false","https://www.bestbottles.com/product/diva-design-100-ml-glass-bottle-reducer-shiny-silver-cap"
"GBDiva100RdcrMtSlTall","Diva","100","Clear","18-415","Reducer","Matte Silver","false","assembly_unpublished_or_unsellable","CP18-415MtSlTall","CP18-415MtSlTall","","STATUS_DRAFT+NOT_PUBLISHED","false","https://www.bestbottles.com/product/diva-design-100-ml-glass-bottle-reducer-tall-silver-matte-cap"
"GBDiva100RdcrMtSl","Diva","100","Clear","18-415","Reducer","Matte Silver","false","assembly_unpublished_or_unsellable","CP18-415MtSl","CP18-415MtSl","","STATUS_DRAFT+NOT_PUBLISHED","false","https://www.bestbottles.com/product/diva-design-100-ml-glass-bottle-reducer-silver-matte-cap"
"GBDiva100RdcrWht","Diva","100","Clear","18-415","Reducer","White","false","assembly_unpublished_or_unsellable","CP18-415Wh","CP18-415Wh","","STATUS_DRAFT+NOT_PUBLISHED","false","https://www.bestbottles.com/product/diva-design-100-ml-glass-bottle-reducer-white-cap"
"GBDiva100RdcrPnkLthr","Diva","100","Clear","18-415","Reducer","Pink Leather","false","assembly_unpublished_or_unsellable","CP18-415LPnkLthr","CP18-415LPnkLthr","","STATUS_DRAFT+NOT_PUBLISHED","false","https://www.bestbottles.com/product/diva-design-100-ml-glass-bottle-reducer-pink-faux-leather-cap"
"GBDiva100RdcrIvyLthr","Diva","100","Clear","18-415","Reducer","Ivory Leather","false","assembly_unpublished_or_unsellable","CP18-415LIvyLthr","CP18-415LIvyLthr","","STATUS_DRAFT+NOT_PUBLISHED","false","https://www.bestbottles.com/product/diva-design-100-ml-glass-bottle-reducer-ivory-faux-leather-cap"
"GBDiva30SpryCu","Diva","30","Clear","18-415","Perfume Spray Pump","Copper","false","standalone_component_unpublished","","Spry18-415Cu","STATUS_DRAFT+NOT_PUBLISHED","","false","https://www.bestbottles.com/product/diva-design-30-ml-glass-bottle-matte-copper-spray-and-cap"
"GBDiva46SpryCu","Diva","46","Clear","18-415","Perfume Spray Pump","Copper","false","standalone_component_unpublished","","Spry18-415Cu","STATUS_DRAFT+NOT_PUBLISHED","","false","https://www.bestbottles.com/product/diva-design-46-ml-glass-bottle-matte-copper-spray-and-cap"
"GBDiva46DrpSl","Diva","46","Frosted","18-415","Dropper","Silver","false","media_or_configuration_invalid","Drp18-415Sl","Drp18-415Sl","","","false","https://www.bestbottles.com/product/diva-design-46-ml-glass-bottle-white-dropper-shiny-silver-collar-cap"
"GBDivaFrst46SpryCu","Diva","46","Frosted","18-415","Perfume Spray Pump","Clear","false","standalone_component_unpublished","","Spry18-415Cu","STATUS_DRAFT+NOT_PUBLISHED","","false","https://www.bestbottles.com/product/diva-design-46-ml-frosted-glass-bottle-matte-copper-spray-and-cap"
"GBDiva46DrpGl","Diva","46","Clear","18-415","Dropper","Gold","false","media_or_configuration_invalid","Drp18-415Gl","Drp18-415Gl","","","false","https://www.bestbottles.com/product/diva-design-46-ml-glass-bottle-white-dropper-shiny-gold-collar-cap"
"GBDiva100SpryCu","Diva","100","Clear","18-415","Perfume Spray Pump","Copper","false","standalone_component_unpublished","","Spry18-415Cu","STATUS_DRAFT+NOT_PUBLISHED","","false","https://www.bestbottles.com/product/diva-design-100-ml-glass-bottle-matte-copper-spray-and-cap"
"GBDiva30RdcrBlkLthr","Diva","30","Clear","18-415","Reducer","Black Leather","false","assembly_unpublished_or_unsellable","CP18-415BlkLthr","CP18-415BlkLthr","","STATUS_DRAFT+NOT_PUBLISHED","false","https://www.bestbottles.com/product/diva-design-30-ml-glass-bottle-reducer-black-faux-leather-cap"
"GBDiva46RdcrBlkLthr","Diva","46","Clear","18-415","Reducer","Black Leather","false","assembly_unpublished_or_unsellable","CP18-415BlkLthr","CP18-415BlkLthr","","STATUS_DRAFT+NOT_PUBLISHED","false","https://www.bestbottles.com/product/diva-design-46-ml-glass-bottle-reducer-black-faux-leather-cap"
"GBDivaFrst46RdcrBlkLthr","Diva","46","Frosted","18-415","Reducer","Clear","false","media_or_configuration_invalid","CP18-415BlkLthr","CP18-415BlkLthr","","","false","https://www.bestbottles.com/product/diva-design-46-ml-frosted-glass-bottle-reducer-black-faux-leather-cap"
"GBDiva30AnSpBlk","Diva","30","Clear","18-415","Vintage Bulb Sprayer","Black","false","media_or_configuration_invalid","AnSp18-415Blk","AnSp18-415Blk","","","false","https://www.bestbottles.com/product/diva-design-30-ml-glass-bottle-black-vintage-style-bulb-sprayer-shiny-silver-collar-cap"
"GBDiva46AnSpBlkRng","Diva","46","Clear","18-415","Vintage Bulb Sprayer","Clear","false","media_or_configuration_invalid","AnSp18-415Blk","AnSp18-415Blk","","","false","https://www.bestbottles.com/product/diva-design-46-ml-glass-bottle-black-vintage-style-sprayer-with-shiny-silver-collar-ring"
"GBDiva46AnSpTslBlkRng","Diva","46","Clear","18-415","Vintage Bulb Sprayer with Tassel","Clear","false","media_or_configuration_invalid","AnSpTsl18-415Blk","AnSpTsl18-415Blk","","","false","https://www.bestbottles.com/product/diva-design-46-ml-glass-bottle-black-vintage-style-sprayer-with-tassel-shiny-silver-collar-ring"
"GBDiva46AnSpBlk","Diva","46","Clear","18-415","Vintage Bulb Sprayer","Black","false","media_or_configuration_invalid","AnSp18-415Blk","AnSp18-415Blk","","","false","https://www.bestbottles.com/product/diva-design-46-ml-glass-bottle-black-vintage-style-bulb-sprayer-shiny-silver-collar-cap"
"GBDiva46AnSpTslBlk","Diva","46","Clear","18-415","Vintage Bulb Sprayer with Tassel","Black","false","media_or_configuration_invalid","AnSpTsl18-415Blk","AnSpTsl18-415Blk","","","false","https://www.bestbottles.com/product/diva-design-46-ml-glass-bottle-black-vintage-style-sprayer-with-tassel-shiny-silver-collar"
"GBDivaFrst46AnSpBlk","Diva","46","Frosted","18-415","Vintage Bulb Sprayer","Clear","false","media_or_configuration_invalid","AnSp18-415Blk","AnSp18-415Blk","","","false","https://www.bestbottles.com/product/diva-design-46-ml-frosted-glass-bottle-black-vintage-style-bulb-sprayer-shiny-silver-collar-cap"
"GBDiva30RdcrShnGl","Diva","30","Clear","18-415","Reducer","Shiny Gold","false","assembly_unpublished_or_unsellable","CP18-415ShnGl","CP18-415ShnGl","","STATUS_DRAFT+NOT_PUBLISHED","false","https://www.bestbottles.com/product/diva-design-30-ml-glass-bottle-reducer-shiny-gold-cap"
"GBDivaFrst46AnSpTslBlk","Diva","46","Frosted","18-415","Vintage Bulb Sprayer with Tassel","Clear","false","media_or_configuration_invalid","AnSpTsl18-415Blk","AnSpTsl18-415Blk","","","false","https://www.bestbottles.com/product/diva-design-46-ml-frosted-glass-bottle-black-vintage-style-sprayer-with-tassel-shiny-silver-collar-ring"
"GBDiva30RdcrShnBlkTall","Diva","30","Clear","18-415","Reducer","Shiny Black","false","assembly_unpublished_or_unsellable","CP18-415ShnBlkTall","CP18-415ShnBlkTall","","STATUS_DRAFT+NOT_PUBLISHED","false","https://www.bestbottles.com/product/diva-design-30-ml-glass-bottle-reducer-tall-black-shiny-cap"
"GBDiva30RdcrShnBlk","Diva","30","Clear","18-415","Reducer","Shiny Black","false","exact_component_unresolved | assembly_unpublished_or_unsellable","","","","STATUS_DRAFT+NOT_PUBLISHED","false","https://www.bestbottles.com/product/diva-design-30-ml-glass-bottle-reducer-black-shiny-cap"
"GBDiva30RdcrBrwnLthr","Diva","30","Clear","18-415","Reducer","Brown Leather","false","assembly_unpublished_or_unsellable","CP18-415BrwnLthr","CP18-415BrwnLthr","","STATUS_DRAFT+NOT_PUBLISHED","false","https://www.bestbottles.com/product/diva-design-30-ml-glass-bottle-reducer-brown-faux-leather-cap"
"GBDiva30RdcrLBrwnLthr","Diva","30","Clear","18-415","Reducer","Light Brown Leather","false","assembly_unpublished_or_unsellable","CP18-415LBrwnLthr","CP18-415LBrwnLthr","","STATUS_DRAFT+NOT_PUBLISHED","false","https://www.bestbottles.com/product/diva-design-30-ml-glass-bottle-reducer-light-brown-faux-leather-cap"
"GBDiva30RdcrShnSl","Diva","30","Clear","18-415","Reducer","Shiny Silver","false","assembly_unpublished_or_unsellable","CP18-415ShnSl","CP18-415ShnSl","","STATUS_DRAFT+NOT_PUBLISHED","false","https://www.bestbottles.com/product/diva-design-30-ml-glass-bottle-reducer-shiny-silver-cap"
"GBDiva100SpryMtGl","Diva","100","Clear","18-415","Perfume Spray Pump","Matte Gold","false","standalone_component_unpublished","","Spry18-415MtGl","STATUS_DRAFT+NOT_PUBLISHED","","false","https://www.bestbottles.com/product/diva-design-100-ml-glass-bottle-matte-gold-spray-pump-and-cap"
"GBDiva100RdcrBlkLthr","Diva","100","Clear","18-415","Reducer","Black Leather","false","assembly_unpublished_or_unsellable","CP18-415BlkLthr","CP18-415BlkLthr","","STATUS_DRAFT+NOT_PUBLISHED","false","https://www.bestbottles.com/product/diva-design-100-ml-glass-bottle-reducer-black-faux-leather-cap"
"GBDiva30RdcrMtSlTall","Diva","30","Clear","18-415","Reducer","Matte Silver","false","assembly_unpublished_or_unsellable","CP18-415MtSlTall","CP18-415MtSlTall","","STATUS_DRAFT+NOT_PUBLISHED","false","https://www.bestbottles.com/product/diva-design-30-ml-glass-bottle-reducer-tall-silver-matte-cap"
"GBDiva100SpryShnGl","Diva","100","Clear","18-415","Perfume Spray Pump","Shiny Gold","false","standalone_component_unpublished","","Spry18-415ShnGl","STATUS_DRAFT+NOT_PUBLISHED","","false","https://www.bestbottles.com/product/diva-design-100-ml-glass-bottle-shiny-gold-spray-pump-and-cap"
"GBDiva30RdcrMtSl","Diva","30","Clear","18-415","Reducer","Matte Silver","false","assembly_unpublished_or_unsellable","CP18-415MtSl","CP18-415MtSl","","STATUS_DRAFT+NOT_PUBLISHED","false","https://www.bestbottles.com/product/diva-design-30-ml-glass-bottle-reducer-silver-matte-cap"
"GBDiva100SpryShnBlk","Diva","100","Clear","18-415","Perfume Spray Pump","Shiny Black","false","standalone_component_unpublished","","Spry18-415ShnBlk","STATUS_DRAFT+NOT_PUBLISHED","","false","https://www.bestbottles.com/product/diva-design-100-ml-glass-bottle-shiny-black-spray-pump-and-capblack-shiny-cap"
"GBDiva30RdcrWht","Diva","30","Clear","18-415","Reducer","White","false","assembly_unpublished_or_unsellable","CP18-415Wh","CP18-415Wh","","STATUS_DRAFT+NOT_PUBLISHED","false","https://www.bestbottles.com/product/diva-design-30-ml-glass-bottle-reducer-white-cap"
"GBDiva100SpryMtSl","Diva","100","Clear","18-415","Perfume Spray Pump","Matte Silver","false","standalone_component_unpublished","","Spry18-415MtSl","STATUS_DRAFT+NOT_PUBLISHED","","false","https://www.bestbottles.com/product/diva-design-100-ml-glass-bottle-matte-silver-spray-pump-and-cap"
"GBDiva30RdcrPnkLthr","Diva","30","Clear","18-415","Reducer","Pink Leather","false","assembly_unpublished_or_unsellable","CP18-415LPnkLthr","CP18-415LPnkLthr","","STATUS_DRAFT+NOT_PUBLISHED","false","https://www.bestbottles.com/product/diva-design-30-ml-glass-bottle-reducer-pink-faux-leather-cap"
"GBDiva100SpryShnSl","Diva","100","Clear","18-415","Perfume Spray Pump","Shiny Silver","false","standalone_component_unpublished","","Spry18-415ShnSl","STATUS_DRAFT+NOT_PUBLISHED","","false","https://www.bestbottles.com/product/diva-design-100-ml-glass-bottle-shiny-silver-spray-and-cap"
"GBDiva30RdcrIvyLthr","Diva","30","Clear","18-415","Reducer","Ivory Leather","false","assembly_unpublished_or_unsellable","CP18-415LIvyLthr","CP18-415LIvyLthr","","STATUS_DRAFT+NOT_PUBLISHED","false","https://www.bestbottles.com/product/diva-design-30-ml-glass-bottle-reducer-ivory-faux-leather-cap"
"LBDiva30LtnMtGl","Diva","30","Clear","18-415","Lotion Pump","Matte Gold","false","standalone_component_unpublished","","Ltn18-415MtGl","STATUS_DRAFT+NOT_PUBLISHED","","false","https://www.bestbottles.com/product/diva-design-30-ml-glass-bottle-matte-gold-lotion-pump-and-cap"
"LBDiva30LtnShnGl","Diva","30","Clear","18-415","Lotion Pump","Shiny Gold","false","standalone_component_unpublished","","Ltn18-415ShnGl","STATUS_DRAFT+NOT_PUBLISHED","","false","https://www.bestbottles.com/product/diva-design-30-ml-glass-bottle-shiny-gold-lotion-pump-and-cap"
"LBDiva30LtnShnBlk","Diva","30","Clear","18-415","Lotion Pump","Shiny Black","false","standalone_component_unpublished","","Ltn18-415ShnBlk","STATUS_DRAFT+NOT_PUBLISHED","","false","https://www.bestbottles.com/product/diva-design-30-ml-glass-bottle-shiny-black-lotion-pump-and-cap"
"GBDiva100AnSpBlk","Diva","100","Clear","18-415","Vintage Bulb Sprayer","Black","false","media_or_configuration_invalid","AnSp18-415Blk","AnSp18-415Blk","","","false","https://www.bestbottles.com/product/diva-design-100-ml-glass-bottle-black-vintage-style-bulb-sprayer-shiny-silver-collar-cap"
"LBDiva30LtnMtSl","Diva","30","Clear","18-415","Lotion Pump","Matte Silver","false","exact_component_unresolved","","","","","false","https://www.bestbottles.com/product/diva-design-30-ml-glass-bottle-matte-silver-lotion-pump-and-cap"
"GBDiva100AnSpTslBlk","Diva","100","Clear","18-415","Vintage Bulb Sprayer with Tassel","Black","false","media_or_configuration_invalid","AnSpTsl18-415Blk","AnSpTsl18-415Blk","","","false","https://www.bestbottles.com/product/diva-design-100-ml-glass-bottle-black-vintage-style-sprayer-with-tassel-shiny-silver-collar"
"LBDiva30LtnShnSl","Diva","30","Clear","18-415","Lotion Pump","Shiny Silver","false","standalone_component_unpublished","","Ltn18-415ShnSl","STATUS_DRAFT+NOT_PUBLISHED","","false","https://www.bestbottles.com/product/diva-design-30-ml-glass-bottle-shiny-silver-lotion-pump-and-cap"
"LBDiva30LtnCu","Diva","30","Clear","18-415","Lotion Pump","Copper","false","standalone_component_unpublished","","Ltn18-415Cu","STATUS_DRAFT+NOT_PUBLISHED","","false","https://www.bestbottles.com/product/diva-design-30-ml-glass-bottle-matte-copper-lotion-pump-and-cap"
"GBDiva46RdcrShnGl","Diva","46","Clear","18-415","Reducer","Shiny Gold","false","assembly_unpublished_or_unsellable","CP18-415ShnGl","CP18-415ShnGl","","STATUS_DRAFT+NOT_PUBLISHED","false","https://www.bestbottles.com/product/diva-design-46-ml-glass-bottle-reducer-shiny-gold-cap"
"GBDiva46RdcrShnBlkTall","Diva","46","Clear","18-415","Reducer","Shiny Black","false","assembly_unpublished_or_unsellable","CP18-415ShnBlkTall","CP18-415ShnBlkTall","","STATUS_DRAFT+NOT_PUBLISHED","false","https://www.bestbottles.com/product/diva-design-46-ml-glass-bottle-reducer-tall-black-shiny-cap"
"GBDiva46RdcrShnBlk","Diva","46","Clear","18-415","Reducer","Shiny Black","false","exact_component_unresolved | assembly_unpublished_or_unsellable","","","","STATUS_DRAFT+NOT_PUBLISHED","false","https://www.bestbottles.com/product/diva-design-46-ml-glass-bottle-reducer-black-shiny-cap"
"GBDiva46RdcrBrwnLthr","Diva","46","Clear","18-415","Reducer","Brown Leather","false","assembly_unpublished_or_unsellable","CP18-415BrwnLthr","CP18-415BrwnLthr","","STATUS_DRAFT+NOT_PUBLISHED","false","https://www.bestbottles.com/product/diva-design-46-ml-glass-bottle-reducer-brown-faux-leather-cap"
"GBDiva46RdcrLBrwnLthr","Diva","46","Clear","18-415","Reducer","Light Brown Leather","false","assembly_unpublished_or_unsellable","CP18-415LBrwnLthr","CP18-415LBrwnLthr","","STATUS_DRAFT+NOT_PUBLISHED","false","https://www.bestbottles.com/product/diva-design-46-ml-glass-bottle-reducer-light-brown-faux-leather-cap"
"GBDiva46RdcrShnSl","Diva","46","Clear","18-415","Reducer","Shiny Silver","false","assembly_unpublished_or_unsellable","CP18-415ShnSl","CP18-415ShnSl","","STATUS_DRAFT+NOT_PUBLISHED","false","https://www.bestbottles.com/product/diva-design-46-ml-glass-bottle-reducer-shiny-silver-cap"
"GBDiva46RdcrMtSlTall","Diva","46","Clear","18-415","Reducer","Matte Silver","false","assembly_unpublished_or_unsellable","CP18-415MtSlTall","CP18-415MtSlTall","","STATUS_DRAFT+NOT_PUBLISHED","false","https://www.bestbottles.com/product/diva-design-46-ml-glass-bottle-reducer-tall-silver-matte-cap"
"GBDiva46RdcrMtSl","Diva","46","Clear","18-415","Reducer","Matte Silver","false","assembly_unpublished_or_unsellable","CP18-415MtSl","CP18-415MtSl","","STATUS_DRAFT+NOT_PUBLISHED","false","https://www.bestbottles.com/product/diva-design-46-ml-glass-bottle-reducer-silver-matte-cap"
"GBDiva46RdcrWht","Diva","46","Clear","18-415","Reducer","White","false","assembly_unpublished_or_unsellable","CP18-415Wh","CP18-415Wh","","STATUS_DRAFT+NOT_PUBLISHED","false","https://www.bestbottles.com/product/diva-design-46-ml-glass-bottle-reducer-white-cap"
"LBDiva46LtnMtGl","Diva","46","Clear","18-415","Lotion Pump","Matte Gold","false","standalone_component_unpublished | assembly_unpublished_or_unsellable","","Ltn18-415MtGl","STATUS_DRAFT+NOT_PUBLISHED","STATUS_DRAFT+NOT_PUBLISHED","false","https://www.bestbottles.com/product/diva-design-46-ml-glass-bottle-matte-gold-lotion-pump-and-cap"
"GBDiva46RdcrPnkLthr","Diva","46","Clear","18-415","Reducer","Pink Leather","false","assembly_unpublished_or_unsellable","CP18-415LPnkLthr","CP18-415LPnkLthr","","STATUS_DRAFT+NOT_PUBLISHED","false","https://www.bestbottles.com/product/diva-design-46-ml-glass-bottle-reducer-pink-faux-leather-cap"
"LBDiva46LtnShnGl","Diva","46","Clear","18-415","Lotion Pump","Shiny Gold","false","standalone_component_unpublished | assembly_unpublished_or_unsellable","","Ltn18-415ShnGl","STATUS_DRAFT+NOT_PUBLISHED","STATUS_DRAFT+NOT_PUBLISHED","false","https://www.bestbottles.com/product/diva-design-46-ml-glass-bottle-shiny-gold-lotion-pump-and-cap"
"GBDiva46RdcrIvyLthr","Diva","46","Clear","18-415","Reducer","Ivory Leather","false","assembly_unpublished_or_unsellable","CP18-415LIvyLthr","CP18-415LIvyLthr","","STATUS_DRAFT+NOT_PUBLISHED","false","https://www.bestbottles.com/product/diva-design-46-ml-glass-bottle-reducer-ivory-faux-leather-cap"
"LBDiva46LtnShnBlk","Diva","46","Clear","18-415","Lotion Pump","Shiny Black","false","standalone_component_unpublished | assembly_unpublished_or_unsellable","","Ltn18-415ShnBlk","STATUS_DRAFT+NOT_PUBLISHED","STATUS_DRAFT+NOT_PUBLISHED","false","https://www.bestbottles.com/product/diva-design-46-ml-glass-bottle-shiny-black-lotion-pump-and-cap"
"GBDivaFrst46RdcrShnGl","Diva","46","Frosted","18-415","Reducer","Clear","false","media_or_configuration_invalid","CP18-415ShnGl","CP18-415ShnGl","","","false","https://www.bestbottles.com/product/diva-design-46-ml-frosted-glass-bottle-reducer-shiny-gold-cap"
"LBDiva46LtnMtSl","Diva","46","Clear","18-415","Lotion Pump","Matte Silver","false","exact_component_unresolved | assembly_unpublished_or_unsellable","","","","STATUS_DRAFT+NOT_PUBLISHED","false","https://www.bestbottles.com/product/diva-design-46-ml-glass-bottle-matte-silver-lotion-pump-and-cap"
"GBDivaFrst46RdcrShnBlkTall","Diva","46","Frosted","18-415","Reducer","Clear","false","media_or_configuration_invalid","CP18-415ShnBlkTall","CP18-415ShnBlkTall","","","false","https://www.bestbottles.com/product/diva-design-46-ml-frosted-glass-bottle-reducer-tall-black-shiny-cap"
"LBDiva46LtnShnSl","Diva","46","Clear","18-415","Lotion Pump","Shiny Silver","false","standalone_component_unpublished | assembly_unpublished_or_unsellable","","Ltn18-415ShnSl","STATUS_DRAFT+NOT_PUBLISHED","STATUS_DRAFT+NOT_PUBLISHED","false","https://www.bestbottles.com/product/diva-design-46-ml-glass-bottle-shiny-silver-lotion-pump-and-cap"
"GBDivaFrst46RdcrShnBlk","Diva","46","Frosted","18-415","Reducer","Clear","false","exact_component_unresolved","","","","","false","https://www.bestbottles.com/product/diva-design-46-ml-frosted-glass-bottle-reducer-black-shiny-cap"
"LBDiva46LtnCu","Diva","46","Clear","18-415","Lotion Pump","Copper","false","standalone_component_unpublished | assembly_unpublished_or_unsellable","","Ltn18-415Cu","STATUS_DRAFT+NOT_PUBLISHED","STATUS_DRAFT+NOT_PUBLISHED","false","https://www.bestbottles.com/product/diva-design-46-ml-glass-bottle-matte-copper-lotion-pump-and-cap"
"GBDivaFrst46RdcrBrwnLthr","Diva","46","Frosted","18-415","Reducer","Clear","false","media_or_configuration_invalid","CP18-415BrwnLthr","CP18-415BrwnLthr","","","false","https://www.bestbottles.com/product/diva-design-46-ml-frosted-glass-bottle-reducer-brown-faux-leather-cap"
"LBDivaFrst46LtnMtGl","Diva","46","Frosted","18-415","Lotion Pump","Clear","false","standalone_component_unpublished","","Ltn18-415MtGl","STATUS_DRAFT+NOT_PUBLISHED","","false","https://www.bestbottles.com/product/diva-design-46-ml-frosted-glass-bottle-matte-gold-lotion-pump-and-cap"
"GBDivaFrst46RdcrLBrwnLthr","Diva","46","Frosted","18-415","Reducer","Clear","false","media_or_configuration_invalid","CP18-415LBrwnLthr","CP18-415LBrwnLthr","","","false","https://www.bestbottles.com/product/diva-design-46-ml-frosted-glass-bottle-reducer-light-brown-faux-leather-cap"
"GBDiva30AnSpMtSl","Diva","30","Clear","18-415","Vintage Bulb Sprayer","Matte Silver","false","media_or_configuration_invalid","AnSp18-415MtSl","AnSp18-415MtSl","","","false","https://www.bestbottles.com/product/diva-design-30-ml-glass-bottle-matte-silver-vintage-style-sprayer-matte-silver-collar-cap"
"LBDivaFrst46LtnMtSl","Diva","46","Frosted","18-415","Lotion Pump","Clear","false","exact_component_unresolved","","","","","false","https://www.bestbottles.com/product/diva-design-46-ml-frosted-glass-bottle-matte-silver-lotion-pump-and-cap"
"GBDivaFrst46RdcrShnSl","Diva","46","Frosted","18-415","Reducer","Clear","false","media_or_configuration_invalid","CP18-415ShnSl","CP18-415ShnSl","","","false","https://www.bestbottles.com/product/diva-design-46-ml-frosted-glass-bottle-reducer-shiny-silver-cap"
"GBDiva30AnSpWht","Diva","30","Clear","18-415","Vintage Bulb Sprayer","White","false","media_or_configuration_invalid","AnSp18-415Wht","AnSp18-415Wht","","","false","https://www.bestbottles.com/product/diva-design-30-ml-glass-bottle-white-vintage-style-bulb-sprayer-shiny-silver-collar-cap"
"LBDivaFrst46LtnCu","Diva","46","Frosted","18-415","Lotion Pump","Clear","false","standalone_component_unpublished","","Ltn18-415Cu","STATUS_DRAFT+NOT_PUBLISHED","","false","https://www.bestbottles.com/product/diva-design-46-ml-frosted-glass-bottle-matte-copper-lotion-pump-and-cap"
"GBDivaFrst46RdcrMtSlTall","Diva","46","Frosted","18-415","Reducer","Clear","false","media_or_configuration_invalid","CP18-415MtSlTall","CP18-415MtSlTall","","","false","https://www.bestbottles.com/product/diva-design-46-ml-frosted-glass-bottle-reducer-tall-silver-matte-cap"
"GBDiva30AnSpRed","Diva","30","Clear","18-415","Vintage Bulb Sprayer","Red","false","media_or_configuration_invalid","AnSp18-415Red","AnSp18-415Red","","","false","https://www.bestbottles.com/product/diva-design-30-ml-glass-bottle-red-vintage-style-bulb-sprayer-shiny-silver-collar-cap"
"LBDivaFrst46LtnShnGl","Diva","46","Frosted","18-415","Lotion Pump","Clear","false","standalone_component_unpublished","","Ltn18-415ShnGl","STATUS_DRAFT+NOT_PUBLISHED","","false","https://www.bestbottles.com/product/diva-design-46-ml-frosted-glass-bottle-shiny-gold-lotion-pump-and-cap"
"GBDivaFrst46RdcrMtSl","Diva","46","Frosted","18-415","Reducer","Clear","false","media_or_configuration_invalid","CP18-415MtSl","CP18-415MtSl","","","false","https://www.bestbottles.com/product/diva-design-46-ml-frosted-glass-bottle-reducer-silver-matte-cap"
"GBDiva30AnSpGl","Diva","30","Clear","18-415","Vintage Bulb Sprayer","Gold","false","media_or_configuration_invalid","AnSp18-415Gl","AnSp18-415Gl","","","false","https://www.bestbottles.com/product/diva-design-30-ml-glass-bottle-gold-vintage-style-sprayer-shiny-gold-collar-cap"
"LBDivaFrst46LtnShnBlk","Diva","46","Frosted","18-415","Lotion Pump","Clear","false","standalone_component_unpublished","","Ltn18-415ShnBlk","STATUS_DRAFT+NOT_PUBLISHED","","false","https://www.bestbottles.com/product/diva-design-46-ml-frosted-glass-bottle-shiny-black-lotion-pump-and-cap"
"GBDivaFrst46RdcrWht","Diva","46","Frosted","18-415","Reducer","Clear","false","media_or_configuration_invalid","CP18-415Wh","CP18-415Wh","","","false","https://www.bestbottles.com/product/diva-design-46-ml-frosted-glass-bottle-reducer-white-cap"
"GBDiva30AnSpIvyGl","Diva","30","Clear","18-415","Vintage Bulb Sprayer","Ivory Gold","false","media_or_configuration_invalid","AnSp18-415IvyGl","AnSp18-415IvyGl","","","false","https://www.bestbottles.com/product/diva-design-30-ml-glass-bottle-ivory-vintage-style-bulb-sprayer-shiny-gold-collar-cap"
"LBDivaFrst46LtnShnSl","Diva","46","Frosted","18-415","Lotion Pump","Clear","false","standalone_component_unpublished","","Ltn18-415ShnSl","STATUS_DRAFT+NOT_PUBLISHED","","false","https://www.bestbottles.com/product/diva-design-46-ml-frosted-glass-bottle-shiny-silver-lotion-pump-and-cap"
"GBDivaFrst46RdcrPnkLthr","Diva","46","Frosted","18-415","Reducer","Clear","false","media_or_configuration_invalid","CP18-415LPnkLthr","CP18-415LPnkLthr","","","false","https://www.bestbottles.com/product/diva-design-46-ml-frosted-glass-bottle-reducer-pink-faux-leather-cap"
"GBDiva30AnSpIvySl","Diva","30","Clear","18-415","Vintage Bulb Sprayer","Ivory Silver","false","media_or_configuration_invalid","AnSp18-415IvySl","AnSp18-415IvySl","","","false","https://www.bestbottles.com/product/diva-design-30-ml-glass-bottle-ivory-vintage-style-bulb-sprayer-shiny-silver-collar-cap"
"GBDivaFrst46RdcrIvyLthr","Diva","46","Frosted","18-415","Reducer","Clear","false","media_or_configuration_invalid","CP18-415LIvyLthr","CP18-415LIvyLthr","","","false","https://www.bestbottles.com/product/diva-design-46-ml-frosted-glass-bottle-reducer-ivory-faux-leather-cap"
"GBDiva30AnSpLvn","Diva","30","Clear","18-415","Vintage Bulb Sprayer","Lavender","false","media_or_configuration_invalid","AnSp18-415Lvn","AnSp18-415Lvn","","","false","https://www.bestbottles.com/product/diva-design-30-ml-glass-bottle-lavender-vintage-style-bulb-sprayer-shiny-silver-collar-cap"
"GBDiva30AnSpPnk","Diva","30","Clear","18-415","Vintage Bulb Sprayer","Pink","false","media_or_configuration_invalid","CP18-415AnSpPnk","CP18-415AnSpPnk","","","false","https://www.bestbottles.com/product/diva-design-30-ml-glass-bottle-pink-vintage-style-bulb-sprayer-shiny-gold-collar-cap"
"GBDiva100AnSpMtSl","Diva","100","Clear","18-415","Vintage Bulb Sprayer","Matte Silver","false","media_or_configuration_invalid","AnSp18-415MtSl","AnSp18-415MtSl","","","false","https://www.bestbottles.com/product/diva-design-100-ml-glass-bottle-matte-silver-vintage-style-sprayer-matte-silver-collar-cap"
"GBDiva100AnSpGl","Diva","100","Clear","18-415","Vintage Bulb Sprayer","Gold","false","media_or_configuration_invalid","AnSp18-415Gl","AnSp18-415Gl","","","false","https://www.bestbottles.com/product/diva-design-100-ml-glass-bottle-gold-vintage-style-sprayer-shiny-gold-collar-cap"
"GBDiva100AnSpIvyGl","Diva","100","Clear","18-415","Vintage Bulb Sprayer","Ivory Gold","false","media_or_configuration_invalid","AnSp18-415IvyGl","AnSp18-415IvyGl","","","false","https://www.bestbottles.com/product/diva-design-100-ml-glass-bottle-ivory-vintage-style-bulb-sprayer-shiny-gold-collar-cap"
"GBDiva100AnSpWht","Diva","100","Clear","18-415","Vintage Bulb Sprayer","White","false","media_or_configuration_invalid","AnSp18-415Wht","AnSp18-415Wht","","","false","https://www.bestbottles.com/product/diva-design-100-ml-glass-bottle-white-vintage-style-bulb-sprayer-shiny-silver-collar-cap"
"GBDiva100AnSpIvySl","Diva","100","Clear","18-415","Vintage Bulb Sprayer","Ivory Silver","false","media_or_configuration_invalid","AnSp18-415IvySl","AnSp18-415IvySl","","","false","https://www.bestbottles.com/product/diva-design-100-ml-glass-bottle-ivory-vintage-style-bulb-sprayer-shiny-silver-collar-cap"
"GBDiva100AnSpLvn","Diva","100","Clear","18-415","Vintage Bulb Sprayer","Lavender","false","media_or_configuration_invalid","AnSp18-415Lvn","AnSp18-415Lvn","","","false","https://www.bestbottles.com/product/diva-design-100-ml-glass-bottle-lavender-vintage-style-bulb-sprayer-shiny-silver-collar-cap"
"GBDiva100AnSpPnk","Diva","100","Clear","18-415","Vintage Bulb Sprayer","Pink","false","media_or_configuration_invalid","CP18-415AnSpPnk","CP18-415AnSpPnk","","","false","https://www.bestbottles.com/product/diva-design-100-ml-glass-bottle-pink-vintage-style-bulb-sprayer-shiny-gold-collar-cap"
"GBDiva100AnSpRed","Diva","100","Clear","18-415","Vintage Bulb Sprayer","Red","false","media_or_configuration_invalid","AnSp18-415Red","AnSp18-415Red","","","false","https://www.bestbottles.com/product/diva-design-100-ml-glass-bottle-red-vintage-style-bulb-sprayer-shiny-silver-collar-cap"
"GBDiva100AnSpTslWht","Diva","100","Clear","18-415","Vintage Bulb Sprayer with Tassel","White","false","media_or_configuration_invalid","AnSpTsl18-415Wht","AnSpTsl18-415Wht","","","false","https://www.bestbottles.com/product/diva-design-100-ml-glass-bottle-white-vintage-style-sprayer-with-tassel-shiny-silver-collar"
"GBDiva100AnSpTslRed","Diva","100","Clear","18-415","Vintage Bulb Sprayer with Tassel","Red","false","media_or_configuration_invalid","AnSpTsl18-415Red","AnSpTsl18-415Red","","","false","https://www.bestbottles.com/product/diva-design-100-ml-glass-bottle-red-vintage-style-sprayer-with-tassel-shiny-silver-collar"
"GBDiva100AnSpTslMtSl","Diva","100","Clear","18-415","Vintage Bulb Sprayer with Tassel","Matte Silver","false","media_or_configuration_invalid","AnSpTsl18-415MtS","AnSpTsl18-415MtS","","","false","https://www.bestbottles.com/product/diva-design-100-ml-glass-bottle-matte-silver-vintage-style-sprayer-with-tassel-matte-silver-collar"
"GBDiva100AnSpTslGl","Diva","100","Clear","18-415","Vintage Bulb Sprayer with Tassel","Gold","false","media_or_configuration_invalid","CP18-415AnSpTslGl","CP18-415AnSpTslGl","","","false","https://www.bestbottles.com/product/diva-design-100-ml-glass-bottle-gold-vintage-style-sprayer-with-tassel-shiny-gold-collar"
"GBDiva100AnSpTslIvyGl","Diva","100","Clear","18-415","Vintage Bulb Sprayer with Tassel","Ivory Gold","false","media_or_configuration_invalid","AnSpTsl18-415IvyGl","AnSpTsl18-415IvyGl","","","false","https://www.bestbottles.com/product/diva-design-100-ml-glass-bottle-ivory-vintage-style-sprayer-with-tassel-shiny-gold-collar"
"GBDiva100AnSpTslIvySl","Diva","100","Clear","18-415","Vintage Bulb Sprayer with Tassel","Ivory Silver","false","media_or_configuration_invalid","AnSpTsl18-415IvySl","AnSpTsl18-415IvySl","","","false","https://www.bestbottles.com/product/diva-design-100-ml-glass-bottle-ivory-vintage-style-sprayer-with-tassel-shiny-silver-collar"
"GBDiva100AnSpTslLvn","Diva","100","Clear","18-415","Vintage Bulb Sprayer with Tassel","Lavender","false","media_or_configuration_invalid","AnSpTsl18-415Lvn","AnSpTsl18-415Lvn","","","false","https://www.bestbottles.com/product/diva-design-100-ml-glass-bottle-lavender-vintage-style-sprayer-with-tassel-shiny-silver-collar"
"GBDiva100AnSpTslPnk","Diva","100","Clear","18-415","Vintage Bulb Sprayer with Tassel","Pink","false","media_or_configuration_invalid","AnSpTsl18-415Pnk","AnSpTsl18-415Pnk","","","false","https://www.bestbottles.com/product/diva-design-100-ml-glass-bottle-pink-vintage-style-sprayer-with-tassel-shiny-gold-collar"
"GBDiva46AnSpLvnRng","Diva","46","Clear","18-415","Vintage Bulb Sprayer","Clear","false","media_or_configuration_invalid","AnSp18-415Lvn","AnSp18-415Lvn","","","false","https://www.bestbottles.com/product/diva-design-46-ml-glass-bottle-lavender-vintage-style-sprayer-with-shiny-silver-collar-ring"
"GBDiva46AnSpIvySlRng","Diva","46","Clear","18-415","Vintage Bulb Sprayer","Clear","false","media_or_configuration_invalid","AnSp18-415IvySl","AnSp18-415IvySl","","","false","https://www.bestbottles.com/product/diva-design-46-ml-glass-bottle-ivory-vintage-style-sprayer-with-shiny-silver-collar-ring"
"GBDiva46AnSpRedRng","Diva","46","Clear","18-415","Vintage Bulb Sprayer","Clear","false","media_or_configuration_invalid","AnSp18-415Red","AnSp18-415Red","","","false","https://www.bestbottles.com/product/diva-design-46-ml-glass-bottle-red-vintage-style-sprayer-with-shiny-silver-collar-ring"
"GBDiva46AnSpWhtRng","Diva","46","Clear","18-415","Vintage Bulb Sprayer","Clear","false","media_or_configuration_invalid","AnSp18-415Wht","AnSp18-415Wht","","","false","https://www.bestbottles.com/product/diva-design-46-ml-glass-bottle-white-vintage-style-sprayer-with-shiny-silver-collar-ring"
"GBDiva46AnSpTslLvnRng","Diva","46","Clear","18-415","Vintage Bulb Sprayer with Tassel","Clear","false","media_or_configuration_invalid","AnSpTsl18-415Lvn","AnSpTsl18-415Lvn","","","false","https://www.bestbottles.com/product/diva-design-46-ml-glass-bottle-lavender-vintage-style-sprayer-with-tassel-shiny-silver-collar-ring"
"GBDiva46AnSpTslIvySlRng","Diva","46","Clear","18-415","Vintage Bulb Sprayer with Tassel","Clear","false","media_or_configuration_invalid","AnSpTsl18-415IvySl","AnSpTsl18-415IvySl","","","false","https://www.bestbottles.com/product/diva-design-46-ml-glass-bottle-ivory-vintage-style-sprayer-with-tassel-shiny-silver-collar-ring"
"GBDiva46AnSpTslRedRng","Diva","46","Clear","18-415","Vintage Bulb Sprayer with Tassel","Clear","false","media_or_configuration_invalid","AnSpTsl18-415Red","AnSpTsl18-415Red","","","false","https://www.bestbottles.com/product/diva-design-46-ml-glass-bottle-red-vintage-style-sprayer-with-tassel-shiny-silver-collar-ring"
"GBDiva46AnSpTslWhtRng","Diva","46","Clear","18-415","Vintage Bulb Sprayer with Tassel","Clear","false","media_or_configuration_invalid","AnSpTsl18-415Wht","AnSpTsl18-415Wht","","","false","https://www.bestbottles.com/product/diva-design-46-ml-glass-bottle-white-vintage-style-sprayer-with-tassel-shiny-silver-collar-ring"
"GBDiva46AnSpLvn","Diva","46","Clear","18-415","Vintage Bulb Sprayer","Clear","false","media_or_configuration_invalid","AnSp18-415Lvn","AnSp18-415Lvn","","","false","https://www.bestbottles.com/product/diva-design-46-ml-glass-bottle-lavendar-vintage-style-bulb-sprayer-shiny-silver-collar-cap"
"GBDiva46AnSpPnk","Diva","46","Clear","18-415","Vintage Bulb Sprayer","Pink","false","media_or_configuration_invalid","CP18-415AnSpPnk","CP18-415AnSpPnk","","","false","https://www.bestbottles.com/product/diva-design-46-ml-glass-bottle-pink-vintage-style-bulb-sprayer-shiny-gold-collar-cap"
"GBDiva46AnSpGl","Diva","46","Clear","18-415","Vintage Bulb Sprayer","Gold","false","media_or_configuration_invalid","AnSp18-415Gl","AnSp18-415Gl","","","false","https://www.bestbottles.com/product/diva-design-46-ml-glass-bottle-ivory-vintage-style-bulb-sprayer-shiny-gold-collar-cap"
"GBDiva46AnSpIvyGl","Diva","46","Clear","18-415","Vintage Bulb Sprayer","Ivory Gold","false","media_or_configuration_invalid","AnSp18-415IvyGl","AnSp18-415IvyGl","","","false","https://www.bestbottles.com/product/diva-design-46-ml-glass-bottle-ivory-vintage-style-sprayer-shiny-gold-collar-cap"
"GBDiva46AnSpRed","Diva","46","Clear","18-415","Vintage Bulb Sprayer","Red","false","media_or_configuration_invalid","AnSp18-415Red","AnSp18-415Red","","","false","https://www.bestbottles.com/product/diva-design-46-ml-glass-bottle-red-vintage-style-bulb-sprayer-shiny-silver-collar-cap"
"GBDiva46AnSpIvySl","Diva","46","Clear","18-415","Vintage Bulb Sprayer","Ivory Silver","false","media_or_configuration_invalid","AnSp18-415IvySl","AnSp18-415IvySl","","","false","https://www.bestbottles.com/product/diva-design-46-ml-glass-bottle-ivory-vintage-style-bulb-sprayer-shiny-silver-collar-cap"
"GBDiva46AnSpMtSl","Diva","46","Clear","18-415","Vintage Bulb Sprayer","Matte Silver","false","media_or_configuration_invalid","AnSp18-415MtSl","AnSp18-415MtSl","","","false","https://www.bestbottles.com/product/diva-design-46-ml-glass-bottle-matte-silver-vintage-style-sprayer-matte-silver-collar-cap"
"GBDiva46AnSpWht","Diva","46","Clear","18-415","Vintage Bulb Sprayer","White","false","media_or_configuration_invalid","AnSp18-415Wht","AnSp18-415Wht","","","false","https://www.bestbottles.com/product/diva-design-46-ml-glass-bottle-white-vintage-style-bulb-sprayer-shiny-silver-collar-cap"
"GBDiva46AnSpTslIvyGl","Diva","46","Clear","18-415","Vintage Bulb Sprayer with Tassel","Ivory Gold","false","media_or_configuration_invalid","AnSpTsl18-415IvyGl","AnSpTsl18-415IvyGl","","","false","https://www.bestbottles.com/product/diva-design-46-ml-glass-bottle-ivory-vintage-style-sprayer-with-tassel-shiny-gold-collar"
"GBDiva46AnSpTslPnk","Diva","46","Clear","18-415","Vintage Bulb Sprayer with Tassel","Pink","false","media_or_configuration_invalid","AnSpTsl18-415Pnk","AnSpTsl18-415Pnk","","","false","https://www.bestbottles.com/product/diva-design-46-ml-glass-bottle-pink-vintage-style-sprayer-with-tassel-shiny-gold-collar"
"GBDiva46AnSpTslLvn","Diva","46","Clear","18-415","Vintage Bulb Sprayer with Tassel","Lavender","false","media_or_configuration_invalid","AnSpTsl18-415Lvn","AnSpTsl18-415Lvn","","","false","https://www.bestbottles.com/product/diva-design-46-ml-glass-bottle-lavender-vintage-style-sprayer-with-tassel-shiny-silver-collar"
"GBDiva46AnSpTslGl","Diva","46","Clear","18-415","Vintage Bulb Sprayer with Tassel","Gold","false","media_or_configuration_invalid","CP18-415AnSpTslGl","CP18-415AnSpTslGl","","","false","https://www.bestbottles.com/product/diva-design-46-ml-glass-bottle-gold-vintage-style-sprayer-with-tassel-shiny-gold-collar"
"GBDiva46AnSpTslIvySl","Diva","46","Clear","18-415","Vintage Bulb Sprayer with Tassel","Ivory Silver","false","media_or_configuration_invalid","AnSpTsl18-415IvySl","AnSpTsl18-415IvySl","","","false","https://www.bestbottles.com/product/diva-design-46-ml-glass-bottle-ivory-vintage-style-sprayer-with-tassel-shiny-silver-collar"
"GBDiva46AnSpTslRed","Diva","46","Clear","18-415","Vintage Bulb Sprayer with Tassel","Red","false","media_or_configuration_invalid","AnSpTsl18-415Red","AnSpTsl18-415Red","","","false","https://www.bestbottles.com/product/diva-design-46-ml-glass-bottle-red-vintage-style-sprayer-with-tassel-shiny-silver-collar"
"GBDiva46AnSpTslWht","Diva","46","Clear","18-415","Vintage Bulb Sprayer with Tassel","White","false","media_or_configuration_invalid","AnSpTsl18-415Wht","AnSpTsl18-415Wht","","","false","https://www.bestbottles.com/product/diva-design-46-ml-glass-bottle-white-vintage-style-sprayer-with-tassel-shiny-silver-collar"
"GBDiva46AnSpTslMtSl","Diva","46","Clear","18-415","Vintage Bulb Sprayer with Tassel","Matte Silver","false","media_or_configuration_invalid","AnSpTsl18-415MtS","AnSpTsl18-415MtS","","","false","https://www.bestbottles.com/product/diva-design-46-ml-glass-bottle-matte-silver-vintage-style-sprayer-with-tassel-matte-silver-collar"
"GBDivaFrst46AnSpLvn","Diva","46","Frosted","18-415","Vintage Bulb Sprayer","Clear","false","media_or_configuration_invalid","AnSp18-415Lvn","AnSp18-415Lvn","","","false","https://www.bestbottles.com/product/diva-design-46-ml-frosted-glass-bottle-lavender-vintage-style-bulb-sprayer-shiny-silver-collar-cap"
"GBDivaFrst46AnSpPnk","Diva","46","Frosted","18-415","Vintage Bulb Sprayer","Clear","false","media_or_configuration_invalid","CP18-415AnSpPnk","CP18-415AnSpPnk","","","false","https://www.bestbottles.com/product/diva-design-46-ml-frosted-glass-bottle-pink-vintage-style-bulb-sprayer-shiny-gold-collar-cap"
"GBDivaFrst46AnSpMtSl","Diva","46","Frosted","18-415","Vintage Bulb Sprayer","Clear","false","media_or_configuration_invalid","AnSp18-415MtSl","AnSp18-415MtSl","","","false","https://www.bestbottles.com/product/diva-design-46-ml-frosted-glass-bottle-matte-silver-vintage-style-sprayer-matte-silver-collar-cap"
"GBDivaFrst46AnSpIvySl","Diva","46","Frosted","18-415","Vintage Bulb Sprayer","Clear","false","media_or_configuration_invalid","AnSp18-415IvySl","AnSp18-415IvySl","","","false","https://www.bestbottles.com/product/diva-design-46-ml-frosted-glass-bottle-ivory-vintage-style-bulb-sprayer-shiny-silver-collar-cap"
"GBDivaFrst46AnSpGl","Diva","46","Frosted","18-415","Vintage Bulb Sprayer","Clear","false","media_or_configuration_invalid","AnSp18-415Gl","AnSp18-415Gl","","","false","https://www.bestbottles.com/product/diva-design-46-ml-frosted-glass-bottle-gold-vintage-style-sprayer-shiny-gold-collar-cap"
"GBDivaFrst46AnSpIvyGl","Diva","46","Frosted","18-415","Vintage Bulb Sprayer","Clear","false","media_or_configuration_invalid","AnSp18-415IvyGl","AnSp18-415IvyGl","","","false","https://www.bestbottles.com/product/diva-design-46-ml-frosted-glass-bottle-ivory-vintage-style-bulb-sprayer-shiny-gold-collar-cap"
"GBDivaFrst46AnSpWht","Diva","46","Frosted","18-415","Vintage Bulb Sprayer","Clear","false","media_or_configuration_invalid","AnSp18-415Wht","AnSp18-415Wht","","","false","https://www.bestbottles.com/product/diva-design-46-ml-frosted-glass-bottle-white-vintage-style-bulb-sprayer-shiny-silver-collar-cap"
"GBDivaFrst46AnSpRed","Diva","46","Frosted","18-415","Vintage Bulb Sprayer","Clear","false","media_or_configuration_invalid","AnSp18-415Red","AnSp18-415Red","","","false","https://www.bestbottles.com/product/diva-design-46-ml-frosted-glass-bottle-red-vintage-style-bulb-sprayer-shiny-silver-collar-cap"
"GBDivaFrst46AnSpTslLvn","Diva","46","Frosted","18-415","Vintage Bulb Sprayer with Tassel","Clear","false","media_or_configuration_invalid","AnSpTsl18-415Lvn","AnSpTsl18-415Lvn","","","false","https://www.bestbottles.com/product/diva-design-46-ml-frosted-glass-bottle-lavender-vintage-style-sprayer-with-tassel-shiny-silver-collar-ring"
"GBDivaFrst46AnSpTslIvyGl","Diva","46","Frosted","18-415","Vintage Bulb Sprayer with Tassel","Clear","false","media_or_configuration_invalid","AnSpTsl18-415IvyGl","AnSpTsl18-415IvyGl","","","false","https://www.bestbottles.com/product/diva-design-46-ml-frosted-glass-bottle-ivory-vintage-style-sprayer-with-tassel-shiny-gold-collar"
"GBDivaFrst46AnSpTslIvySl","Diva","46","Frosted","18-415","Vintage Bulb Sprayer with Tassel","Clear","false","media_or_configuration_invalid","AnSpTsl18-415IvySl","AnSpTsl18-415IvySl","","","false","https://www.bestbottles.com/product/diva-design-46-ml-frosted-glass-bottle-ivory-vintage-style-sprayer-with-tassel-shiny-silver-collar"
"GBDivaFrst46AnSpTslWht","Diva","46","Frosted","18-415","Vintage Bulb Sprayer with Tassel","Clear","false","media_or_configuration_invalid","AnSpTsl18-415Wht","AnSpTsl18-415Wht","","","false","https://www.bestbottles.com/product/diva-design-46-ml-frosted-glass-bottle-white-vintage-style-sprayer-with-tassel-shiny-silver-collar"
"GBDivaFrst46AnSpTslPnk","Diva","46","Frosted","18-415","Vintage Bulb Sprayer with Tassel","Clear","false","media_or_configuration_invalid","AnSpTsl18-415Pnk","AnSpTsl18-415Pnk","","","false","https://www.bestbottles.com/product/diva-design-46-ml-frosted-glass-bottle-pink-vintage-style-sprayer-with-tassel-shiny-gold-collar-ring"
"GBDivaFrst46AnSpTslMtSl","Diva","46","Frosted","18-415","Vintage Bulb Sprayer with Tassel","Clear","false","media_or_configuration_invalid","AnSpTsl18-415MtS","AnSpTsl18-415MtS","","","false","https://www.bestbottles.com/product/diva-design-46-ml-frosted-glass-bottle-matte-silver-vintage-style-sprayer-with-tassel-matte-silver-collar-ring"
"GBDivaFrst46AnSpTslGl","Diva","46","Frosted","18-415","Vintage Bulb Sprayer with Tassel","Clear","false","media_or_configuration_invalid","CP18-415AnSpTslGl","CP18-415AnSpTslGl","","","false","https://www.bestbottles.com/product/diva-design-46-ml-frosted-glass-bottle-gold-vintage-style-sprayer-with-tassel-shiny-gold-collar-ring"
"GBDivaFrst46AnSpTslRed","Diva","46","Frosted","18-415","Vintage Bulb Sprayer with Tassel","Clear","false","media_or_configuration_invalid","AnSpTsl18-415Red","AnSpTsl18-415Red","","","false","https://www.bestbottles.com/product/diva-design-46-ml-frosted-glass-bottle-red-vintage-style-sprayer-with-tassel-shiny-silver-collar"
"GBDiva46DrpCu","Diva","46","Clear","18-415","Dropper","Copper","false","media_or_configuration_invalid","Drp18-415Cu","Drp18-415Cu","","","false","https://www.bestbottles.com/product/diva-design-46-ml-glass-bottle-white-dropper-shiny-copper-collar-cap"
"LBDiva100LtnMtGl","Diva","100","Clear","18-415","Lotion Pump","Matte Gold","false","standalone_component_unpublished","","Ltn18-415MtGl","STATUS_DRAFT+NOT_PUBLISHED","","false","https://www.bestbottles.com/product/diva-design-100-ml-glass-bottle-matte-gold-lotion-pump-and-cap"
"LBDiva100LtnShnGl","Diva","100","Clear","18-415","Lotion Pump","Shiny Gold","false","standalone_component_unpublished","","Ltn18-415ShnGl","STATUS_DRAFT+NOT_PUBLISHED","","false","https://www.bestbottles.com/product/diva-design-100-ml-glass-bottle-shiny-gold-lotion-pump-and-cap"
"LBDiva100LtnShnBlk","Diva","100","Clear","18-415","Lotion Pump","Shiny Black","false","standalone_component_unpublished","","Ltn18-415ShnBlk","STATUS_DRAFT+NOT_PUBLISHED","","false","https://www.bestbottles.com/product/diva-design-100-ml-glass-bottle-shiny-black-lotion-pump-and-cap"
"LBDiva100LtnMtSl","Diva","100","Clear","18-415","Lotion Pump","Matte Silver","false","exact_component_unresolved","","","","","false","https://www.bestbottles.com/product/diva-design-100-ml-glass-bottle-matte-silver-lotion-pump-and-cap"
"LBDiva100LtnShnSl","Diva","100","Clear","18-415","Lotion Pump","Shiny Silver","false","standalone_component_unpublished","","Ltn18-415ShnSl","STATUS_DRAFT+NOT_PUBLISHED","","false","https://www.bestbottles.com/product/diva-design-100-ml-glass-bottle-shiny-silver-lotion-pump-and-cap"
"LBDiva100LtnCu","Diva","100","Clear","18-415","Lotion Pump","Copper","false","standalone_component_unpublished","","Ltn18-415Cu","STATUS_DRAFT+NOT_PUBLISHED","","false","https://www.bestbottles.com/product/diva-design-100-ml-glass-bottle-matte-copper-lotion-pump-and-cap"
"LBDiva30LtnClOvrCap","Diva","30","Clear","18-415","Lotion Pump","Clear Overcap","false","exact_component_unresolved","","","","","false","https://www.bestbottles.com/product/diva-design-30-ml-glass-bottle-clear-over-the-cap-lotion-pump-matte-silver-collar-cap"
"LBDiva46LtnClOvrCap","Diva","46","Clear","18-415","Lotion Pump","Clear Overcap","false","exact_component_unresolved | assembly_unpublished_or_unsellable","","","","STATUS_DRAFT+NOT_PUBLISHED","false","https://www.bestbottles.com/product/diva-design-46-ml-glass-bottle-clear-over-the-cap-lotion-pump-matte-silver-collar-cap"
"LBDivaFrst46LtnClOvrCap","Diva","46","Frosted","18-415","Lotion Pump","Clear","false","exact_component_unresolved","","","","","false","https://www.bestbottles.com/product/diva-design-46-ml-frosted-glass-bottle-clear-over-the-cap-lotion-pump-matte-silver-collar-cap"
"GBDiva30SpryMtGl","Diva","30","Clear","18-415","Perfume Spray Pump","Matte Gold","false","standalone_component_unpublished","","Spry18-415MtGl","STATUS_DRAFT+NOT_PUBLISHED","","false","https://www.bestbottles.com/product/diva-design-30-ml-glass-bottle-matte-gold-spray-pump-and-cap"
"GBDiva30SpryShnGl","Diva","30","Clear","18-415","Perfume Spray Pump","Shiny Gold","false","standalone_component_unpublished","","Spry18-415ShnGl","STATUS_DRAFT+NOT_PUBLISHED","","false","https://www.bestbottles.com/product/diva-design-30-ml-glass-bottle-shiny-gold-spray-pump-and-cap"
"GBDiva30SpryShnBlk","Diva","30","Clear","18-415","Perfume Spray Pump","Shiny Black","false","standalone_component_unpublished","","Spry18-415ShnBlk","STATUS_DRAFT+NOT_PUBLISHED","","false","https://www.bestbottles.com/product/diva-design-30-ml-glass-bottle-shiny-black-spray-pump-and-cap"
"GBDiva30SpryMtSl","Diva","30","Clear","18-415","Perfume Spray Pump","Matte Silver","false","standalone_component_unpublished","","Spry18-415MtSl","STATUS_DRAFT+NOT_PUBLISHED","","false","https://www.bestbottles.com/product/diva-design-30-ml-glass-bottle-matte-silver-spray-pump-and-cap"
"GBDiva30SpryShnSl","Diva","30","Clear","18-415","Perfume Spray Pump","Shiny Silver","false","standalone_component_unpublished","","Spry18-415ShnSl","STATUS_DRAFT+NOT_PUBLISHED","","false","https://www.bestbottles.com/product/diva-design-30-ml-glass-bottle-shiny-silver-spray-and-cap"
"LBElgFrst100LtnMtGl","Elegant","100","Frosted","18-415","Lotion Pump","Matte Gold","false","standalone_component_unpublished","","Ltn18-415MtGl","STATUS_DRAFT+NOT_PUBLISHED","","false","https://www.bestbottles.com/product/elegant-design-105-ml-frosted-glass-bottle-matte-gold-lotion-pump-and-cap"
"LBElgFrst100LtnShnGl","Elegant","100","Frosted","18-415","Lotion Pump","Shiny Gold","false","standalone_component_unpublished","","Ltn18-415ShnGl","STATUS_DRAFT+NOT_PUBLISHED","","false","https://www.bestbottles.com/product/elegant-design-105-ml-frosted-glass-bottle-shiny-gold-lotion-pump-and-cap"
"LBElgFrst100LtnShnBlk","Elegant","100","Frosted","18-415","Lotion Pump","Shiny Black","false","standalone_component_unpublished","","Ltn18-415ShnBlk","STATUS_DRAFT+NOT_PUBLISHED","","false","https://www.bestbottles.com/product/elegant-design-105-ml-frosted-glass-bottle-shiny-black-lotion-pump-and-cap"
"LBElgFrst100LtnMtSl","Elegant","100","Frosted","18-415","Lotion Pump","Matte Silver","false","exact_component_unresolved","","","","","false","https://www.bestbottles.com/product/elegant-design-105-ml-frosted-glass-bottle-matte-silver-lotion-pump-and-cap"
"LBElg100LtnClOvrCap","Elegant","100","Clear","18-415","Lotion Pump","Clear Overcap","false","exact_component_unresolved","","","","","false","https://www.bestbottles.com/product/elegant-design-105-ml-glass-bottle-clear-over-the-cap-lotion-pump-matte-silver-collar-cap"
"LBElgFrst100LtnShnSl","Elegant","100","Frosted","18-415","Lotion Pump","Shiny Silver","false","standalone_component_unpublished","","Ltn18-415ShnSl","STATUS_DRAFT+NOT_PUBLISHED","","false","https://www.bestbottles.com/product/elegant-design-105-ml-frosted-glass-bottle-shiny-silver-lotion-pump-and-cap"
"LBElgFrst100WhtClOvrCp","Elegant","100","Frosted","18-415","Lotion Pump","Overcap","false","exact_component_unresolved","","","","","false","https://www.bestbottles.com/product/elegant-design-105-ml-frosted-glass-bottle-white-rectangular-clear-over-the-cap"
"LBElgFrst100LtnCu","Elegant","100","Frosted","18-415","Lotion Pump","Copper","false","standalone_component_unpublished","","Ltn18-415Cu","STATUS_DRAFT+NOT_PUBLISHED","","false","https://www.bestbottles.com/product/elegant-design-105-ml-frosted-glass-bottle-matte-copper-lotion-pump-and-cap"
"LBElgFrst100LtnClOvrCap","Elegant","100","Frosted","18-415","Lotion Pump","Clear Overcap","false","exact_component_unresolved","","","","","false","https://www.bestbottles.com/product/elegant-design-105-ml-frosted-glass-bottle-clear-over-the-cap-lotion-pump-matte-silver-collar-cap"
"GBElg15RollSlSh","Elegant","15","Clear","13-415","Plastic Roller Ball","Shiny Silver","false","assembly_unpublished_or_unsellable","CPRoll13-415SlSh","CPRoll13-415SlSh","","STATUS_DRAFT+NOT_PUBLISHED","false","https://www.bestbottles.com/product/elegant-design-15-ml-glass-bottle-plastic-roller-ball-plug-shiny-silver-cap"
"GBElg15RollGlSh","Elegant","15","Clear","13-415","Plastic Roller Ball","Shiny Gold","false","assembly_unpublished_or_unsellable","CPRoll13-415GlSh","CPRoll13-415GlSh","","STATUS_DRAFT+NOT_PUBLISHED","false","https://www.bestbottles.com/product/elegant-design-15-ml-glass-bottle-plastic-roller-ball-plug-shiny-gold-cap"
"GBElg15RollPinkDot","Elegant","15","Clear","13-415","Plastic Roller Ball","Pink Dotted","false","assembly_unpublished_or_unsellable","CPRoll13-415PinkDot","CPRoll13-415PinkDot","","STATUS_DRAFT+NOT_PUBLISHED","false","https://www.bestbottles.com/product/elegant-design-15-ml-glass-bottle-plastic-roller-ball-plug-pink-cap-with-dots"
"GBElg15RollSlDot","Elegant","15","Clear","13-415","Plastic Roller Ball","Silver Dotted","false","assembly_unpublished_or_unsellable","CPRoll13-415SlDot","CPRoll13-415SlDot","","STATUS_DRAFT+NOT_PUBLISHED","false","https://www.bestbottles.com/product/elegant-design-15-ml-glass-bottle-plastic-roller-ball-plug-silver-cap-with-dots"
"GBElg15RollSlMatt","Elegant","15","Clear","13-415","Plastic Roller Ball","Matte Silver","false","assembly_unpublished_or_unsellable","CPRoll13-415SlMt","CPRoll13-415SlMt","","STATUS_DRAFT+NOT_PUBLISHED","false","https://www.bestbottles.com/product/elegant-design-15-ml-glass-bottle-plastic-roller-ball-plug-matte-silver-cap"
"GBElg15RollBlkSh","Elegant","15","Clear","13-415","Plastic Roller Ball","Shiny Black","false","assembly_unpublished_or_unsellable","CPRoll13-415BlkSh","CPRoll13-415BlkSh","","STATUS_DRAFT+NOT_PUBLISHED","false","https://www.bestbottles.com/product/elegant-design-15-ml-glass-bottle-plastic-roller-ball-plug-black-shiny-cap"
"GBElg15RollCuMatt","Elegant","15","Clear","13-415","Plastic Roller Ball","Matte Copper","false","assembly_unpublished_or_unsellable","CPRoll13-415Cu","CPRoll13-415Cu","","STATUS_DRAFT+NOT_PUBLISHED","false","https://www.bestbottles.com/product/elegant-design-15-ml-glass-bottle-plastic-roller-ball-plug-matte-copper-cap"
"GBElg15RollGlMatt","Elegant","15","Clear","13-415","Plastic Roller Ball","Matte Gold","false","assembly_unpublished_or_unsellable","CPRoll13-415GlMt","CPRoll13-415GlMt","","STATUS_DRAFT+NOT_PUBLISHED","false","https://www.bestbottles.com/product/elegant-design-15-ml-glass-bottle-plastic-roller-ball-plug-matte-gold-cap"
"GBElgFrst15RollSlDot","Elegant","15","Frosted","13-415","Plastic Roller Ball","Silver","false","media_or_configuration_invalid","CPRoll13-415SlDot","CPRoll13-415SlDot","","","false","https://www.bestbottles.com/product/elegant-design-15-ml-frosted-glass-bottle-plastic-roller-ball-plug-silver-cap-with-dots"
"GBElgFrst15RollPinkDot","Elegant","15","Frosted","13-415","Plastic Roller Ball","Clear","false","media_or_configuration_invalid","CPRoll13-415PinkDot","CPRoll13-415PinkDot","","","false","https://www.bestbottles.com/product/elegant-design-15-ml-frosted-glass-bottle-plastic-roller-ball-plug-pink-cap-with-dots"
"GBElgFrst15RollSlMatt","Elegant","15","Frosted","13-415","Plastic Roller Ball","Matte Silver","false","media_or_configuration_invalid","CPRoll13-415SlMt","CPRoll13-415SlMt","","","false","https://www.bestbottles.com/product/elegant-design-15-ml-frosted-glass-bottle-plastic-roller-ball-plug-matte-silver-cap"
"GBElgFrst15RollGlSh","Elegant","15","Frosted","13-415","Plastic Roller Ball","Shiny Gold","false","media_or_configuration_invalid","CPRoll13-415GlSh","CPRoll13-415GlSh","","","false","https://www.bestbottles.com/product/elegant-design-15-ml-frosted-glass-bottle-plastic-roller-ball-plug-shiny-gold-cap"
"GBElgFrst15RollSlSh","Elegant","15","Frosted","13-415","Plastic Roller Ball","Silver","false","media_or_configuration_invalid","CPRoll13-415SlSh","CPRoll13-415SlSh","","","false","https://www.bestbottles.com/product/elegant-design-15-ml-frosted-glass-bottle-plastic-roller-ball-plug-shiny-silver-cap"
"GBElgFrst15RollCuMatt","Elegant","15","Frosted","13-415","Plastic Roller Ball","Matte Copper","false","media_or_configuration_invalid","CPRoll13-415Cu","CPRoll13-415Cu","","","false","https://www.bestbottles.com/product/elegant-design-15-ml-frosted-glass-bottle-plastic-roller-ball-plug-matte-copper-cap"
"GBElgFrst15RollBlkSh","Elegant","15","Frosted","13-415","Plastic Roller Ball","Black","false","media_or_configuration_invalid","CPRoll13-415BlkSh","CPRoll13-415BlkSh","","","false","https://www.bestbottles.com/product/elegant-design-15-ml-frosted-glass-bottle-plastic-roller-ball-plug-black-shiny-cap"
"GBElg15SpryBlkMatt","Elegant","15","Clear","13-415","Fine Mist Sprayer","Matte Black","false","standalone_component_unpublished | assembly_unpublished_or_unsellable","","CP13-415SpryBlkMt","STATUS_DRAFT+NOT_PUBLISHED","STATUS_DRAFT+NOT_PUBLISHED","false","https://www.bestbottles.com/product/elegant-design-15-ml-glass-bottle-matte-black-spray"
"GBElgFrst15SpryBlkMatt","Elegant","15","Frosted","13-415","Fine Mist Sprayer","Black","false","standalone_component_unpublished","","CP13-415SpryBlkMt","STATUS_DRAFT+NOT_PUBLISHED","","false","https://www.bestbottles.com/product/elegant-design-15-ml-frosted-glass-bottle-matte-black-spray"
"GBElg100RdcrMtSl","Elegant","100","Clear","18-415","Reducer","Matte Silver","false","assembly_unpublished_or_unsellable","CP18-415MtSl","CP18-415MtSl","","STATUS_DRAFT+NOT_PUBLISHED","false","https://www.bestbottles.com/product/elegant-design-105-ml-glass-bottle-reducer-silver-matte-cap"
"GBElg100RdcrShnSl","Elegant","100","Clear","18-415","Reducer","Shiny Silver","false","assembly_unpublished_or_unsellable","CP18-415ShnSl","CP18-415ShnSl","","STATUS_DRAFT+NOT_PUBLISHED","false","https://www.bestbottles.com/product/elegant-design-105-ml-glass-bottle-reducer-shiny-silver-cap"
"GBElg100RdcrIvyLthr","Elegant","100","Clear","18-415","Reducer","Ivory Leather","false","assembly_unpublished_or_unsellable","CP18-415LIvyLthr","CP18-415LIvyLthr","","STATUS_DRAFT+NOT_PUBLISHED","false","https://www.bestbottles.com/product/elegant-design-105-ml-glass-bottle-reducer-ivory-faux-leather-cap"
"GBElg100RdcrPnkLthr","Elegant","100","Clear","18-415","Reducer","Pink Leather","false","assembly_unpublished_or_unsellable","CP18-415LPnkLthr","CP18-415LPnkLthr","","STATUS_DRAFT+NOT_PUBLISHED","false","https://www.bestbottles.com/product/elegant-design-105-ml-glass-bottle-reducer-pink-faux-leather-cap"
"GBElg100RdcrShnGl","Elegant","100","Clear","18-415","Reducer","Shiny Gold","false","assembly_unpublished_or_unsellable","CP18-415ShnGl","CP18-415ShnGl","","STATUS_DRAFT+NOT_PUBLISHED","false","https://www.bestbottles.com/product/elegant-design-105-ml-glass-bottle-reducer-shiny-gold-cap"
"GBElg100RdcrShnBlkTall","Elegant","100","Clear","18-415","Reducer","Shiny Black","false","assembly_unpublished_or_unsellable","CP18-415ShnBlkTall","CP18-415ShnBlkTall","","STATUS_DRAFT+NOT_PUBLISHED","false","https://www.bestbottles.com/product/elegant-design-105-ml-glass-bottle-reducer-tall-black-shiny-cap"
"GBElg100RdcrShnBlk","Elegant","100","Clear","18-415","Reducer","Shiny Black","false","exact_component_unresolved | assembly_unpublished_or_unsellable","","","","STATUS_DRAFT+NOT_PUBLISHED","false","https://www.bestbottles.com/product/elegant-design-105-ml-glass-bottle-reducer-black-shiny-cap"
"GBElg100RdcrLBrwnLthr","Elegant","100","Clear","18-415","Reducer","Light Brown Leather","false","assembly_unpublished_or_unsellable","CP18-415LBrwnLthr","CP18-415LBrwnLthr","","STATUS_DRAFT+NOT_PUBLISHED","false","https://www.bestbottles.com/product/elegant-design-105-ml-glass-bottle-reducer-light-brown-faux-leather-cap"
"GBElg100RdcrMtSlTall","Elegant","100","Clear","18-415","Reducer","Matte Silver","false","assembly_unpublished_or_unsellable","CP18-415MtSlTall","CP18-415MtSlTall","","STATUS_DRAFT+NOT_PUBLISHED","false","https://www.bestbottles.com/product/elegant-design-105-ml-glass-bottle-reducer-tall-silver-matte-cap"
"GBElg100RdcrWht","Elegant","100","Clear","18-415","Reducer","White","false","assembly_unpublished_or_unsellable","CP18-415Wh","CP18-415Wh","","STATUS_DRAFT+NOT_PUBLISHED","false","https://www.bestbottles.com/product/elegant-design-105-ml-glass-bottle-reducer-white-cap"
"GBElg100RdcrBrwnLthr","Elegant","100","Clear","18-415","Reducer","Brown Leather","false","assembly_unpublished_or_unsellable","CP18-415BrwnLthr","CP18-415BrwnLthr","","STATUS_DRAFT+NOT_PUBLISHED","false","https://www.bestbottles.com/product/elegant-design-105-ml-glass-bottle-reducer-brown-faux-leather-cap"
"GBElgFrst100RdcrShnBlk","Elegant","100","Frosted","18-415","Reducer","Shiny Black","false","exact_component_unresolved | assembly_unpublished_or_unsellable","","","","STATUS_DRAFT+NOT_PUBLISHED","false","https://www.bestbottles.com/product/elegant-design-105-ml-frosted-glass-bottle-reducer-black-shiny-cap"
"GBElgFrst100RdcrWht","Elegant","100","Frosted","18-415","Reducer","White","false","assembly_unpublished_or_unsellable","CP18-415Wh","CP18-415Wh","","STATUS_DRAFT+NOT_PUBLISHED","false","https://www.bestbottles.com/product/elegant-design-105-ml-frosted-glass-bottle-reducer-white-cap"
"GBElgFrst100RdcrIvyLthr","Elegant","100","Frosted","18-415","Reducer","Ivory Leather","false","assembly_unpublished_or_unsellable","CP18-415LIvyLthr","CP18-415LIvyLthr","","STATUS_DRAFT+NOT_PUBLISHED","false","https://www.bestbottles.com/product/elegant-design-105-ml-frosted-glass-bottle-reducer-ivory-faux-leather-cap"
"GBElgFrst100RdcrPnkLthr","Elegant","100","Frosted","18-415","Reducer","Pink Leather","false","assembly_unpublished_or_unsellable","CP18-415LPnkLthr","CP18-415LPnkLthr","","STATUS_DRAFT+NOT_PUBLISHED","false","https://www.bestbottles.com/product/elegant-design-105-ml-frosted-glass-bottle-reducer-pink-faux-leather-cap"
"GBElgFrst100RdcrShnGl","Elegant","100","Frosted","18-415","Reducer","Shiny Gold","false","assembly_unpublished_or_unsellable","CP18-415ShnGl","CP18-415ShnGl","","STATUS_DRAFT+NOT_PUBLISHED","false","https://www.bestbottles.com/product/elegant-design-105-ml-frosted-glass-bottle-reducer-shiny-gold-cap"
"GBElgFrst100RdcrShnBlkTall","Elegant","100","Frosted","18-415","Reducer","Shiny Black","false","assembly_unpublished_or_unsellable","CP18-415ShnBlkTall","CP18-415ShnBlkTall","","STATUS_DRAFT+NOT_PUBLISHED","false","https://www.bestbottles.com/product/elegant-design-105-ml-frosted-glass-bottle-reducer-tall-black-shiny-cap"
"GBElgFrst100RdcrBrwnLthr","Elegant","100","Frosted","18-415","Reducer","Brown Leather","false","assembly_unpublished_or_unsellable","CP18-415BrwnLthr","CP18-415BrwnLthr","","STATUS_DRAFT+NOT_PUBLISHED","false","https://www.bestbottles.com/product/elegant-design-105-ml-frosted-glass-bottle-reducer-brown-faux-leather-cap"
"GBElgFrst100RdcrLBrwnLthr","Elegant","100","Frosted","18-415","Reducer","Light Brown Leather","false","assembly_unpublished_or_unsellable","CP18-415LBrwnLthr","CP18-415LBrwnLthr","","STATUS_DRAFT+NOT_PUBLISHED","false","https://www.bestbottles.com/product/elegant-design-105-ml-frosted-glass-bottle-reducer-light-brown-faux-leather-cap"
"GBElg60AnSpLvn","Elegant","60","Clear","18-415","Vintage Bulb Sprayer","Lavender","false","media_or_configuration_invalid","AnSp18-415Lvn","AnSp18-415Lvn","","","false","https://www.bestbottles.com/product/elegant-design-60-ml-glass-bottle-lavender-vintage-style-bulb-sprayer-shiny-silver-collar-cap"
"GBElgFrst100RdcrShnSl","Elegant","100","Frosted","18-415","Reducer","Shiny Silver","false","assembly_unpublished_or_unsellable","CP18-415ShnSl","CP18-415ShnSl","","STATUS_DRAFT+NOT_PUBLISHED","false","https://www.bestbottles.com/product/elegant-design-105-ml-frosted-glass-bottle-reducer-shiny-silver-cap"
"GBElg60AnSpPnk","Elegant","60","Clear","18-415","Vintage Bulb Sprayer","Pink","false","media_or_configuration_invalid","CP18-415AnSpPnk","CP18-415AnSpPnk","","","false","https://www.bestbottles.com/product/elegant-design-60-ml-glass-bottle-pink-vintage-style-bulb-sprayer-shiny-gold-collar-cap"
"GBElgFrst100RdcrMtSlTall","Elegant","100","Frosted","18-415","Reducer","Matte Silver","false","assembly_unpublished_or_unsellable","CP18-415MtSlTall","CP18-415MtSlTall","","STATUS_DRAFT+NOT_PUBLISHED","false","https://www.bestbottles.com/product/elegant-design-105-ml-frosted-glass-bottle-reducer-tall-silver-matte-cap"
"GBElg60AnSpMtSl","Elegant","60","Clear","18-415","Vintage Bulb Sprayer","Matte Silver","false","media_or_configuration_invalid","AnSp18-415MtSl","AnSp18-415MtSl","","","false","https://www.bestbottles.com/product/elegant-design-60-ml-glass-bottle-matte-silver-vintage-style-sprayer-matte-silver-collar-cap"
"GBElg60AnSpIvySl","Elegant","60","Clear","18-415","Vintage Bulb Sprayer","Ivory Silver","false","media_or_configuration_invalid","AnSp18-415IvySl","AnSp18-415IvySl","","","false","https://www.bestbottles.com/product/elegant-design-60-ml-glass-bottle-ivory-vintage-style-bulb-sprayer-shiny-silver-collar-cap"
"GBElg60AnSpGl","Elegant","60","Clear","18-415","Vintage Bulb Sprayer","Shiny Gold","false","media_or_configuration_invalid","AnSp18-415Gl","AnSp18-415Gl","","","false","https://www.bestbottles.com/product/elegant-design-60-ml-glass-bottle-gold-vintage-style-sprayer-shiny-gold-collar-cap"
"GBElg60SpryShnGl","Elegant","60","Clear","18-415","Perfume Spray Pump","Shiny Gold","false","standalone_component_unpublished","","Spry18-415ShnGl","STATUS_DRAFT+NOT_PUBLISHED","","false","https://www.bestbottles.com/product/elegant-design-60-ml-glass-bottle-shiny-gold-spray-pump-and-cap"
"GBElg60AnSpIvyGl","Elegant","60","Clear","18-415","Vintage Bulb Sprayer","Ivory Gold","false","media_or_configuration_invalid","AnSp18-415IvyGl","AnSp18-415IvyGl","","","false","https://www.bestbottles.com/product/elegant-design-60-ml-glass-bottle-ivory-vintage-style-bulb-sprayer-shiny-gold-collar-cap"
"GBElg60SpryShnBlk","Elegant","60","Clear","18-415","Perfume Spray Pump","Shiny Black","false","standalone_component_unpublished","","Spry18-415ShnBlk","STATUS_DRAFT+NOT_PUBLISHED","","false","https://www.bestbottles.com/product/elegant-design-60-ml-glass-bottle-shiny-black-spray-pump-and-cap"
"GBElg60AnSpWht","Elegant","60","Clear","18-415","Vintage Bulb Sprayer","White","false","media_or_configuration_invalid","AnSp18-415Wht","AnSp18-415Wht","","","false","https://www.bestbottles.com/product/elegant-design-60-ml-glass-bottle-white-vintage-style-bulb-sprayer-shiny-silver-collar-cap"
"GBElg60SpryMtGl","Elegant","60","Clear","18-415","Perfume Spray Pump","Matte Gold","false","standalone_component_unpublished","","Spry18-415MtGl","STATUS_DRAFT+NOT_PUBLISHED","","false","https://www.bestbottles.com/product/elegant-design-60-ml-glass-bottle-matte-gold-spray-pump-and-cap"
"GBElg60AnSpRed","Elegant","60","Clear","18-415","Vintage Bulb Sprayer","Red","false","media_or_configuration_invalid","AnSp18-415Red","AnSp18-415Red","","","false","https://www.bestbottles.com/product/elegant-design-60-ml-glass-bottle-red-vintage-style-bulb-sprayer-shiny-silver-collar-cap"
"GBElg15Sl","Elegant","15","Clear","13-415","","Silver","false","assembly_unpublished_or_unsellable","CP13-415Sl","CP13-415Sl","","STATUS_DRAFT+NOT_PUBLISHED","false","https://www.bestbottles.com/product/elegant-design-15-ml-glass-bottle-shiny-silver-cap"
"GBElg60SpryShnSl","Elegant","60","Clear","18-415","Perfume Spray Pump","Shiny Silver","false","standalone_component_unpublished","","Spry18-415ShnSl","STATUS_DRAFT+NOT_PUBLISHED","","false","https://www.bestbottles.com/product/elegant-design-60-ml-glass-bottle-shiny-silver-spray-and-cap"
"GBElg60AnSpTslLvn","Elegant","60","Clear","18-415","Vintage Bulb Sprayer with Tassel","Lavender","false","media_or_configuration_invalid","AnSpTsl18-415Lvn","AnSpTsl18-415Lvn","","","false","https://www.bestbottles.com/product/elegant-design-60-ml-glass-bottle-lavender-vintage-style-sprayer-with-tassel-shiny-silver-collar"
"GBElg15WhtSht","Elegant","15","Clear","13-415","","White","false","assembly_unpublished_or_unsellable","CP13-415WhtSht","CP13-415WhtSht","","STATUS_DRAFT+NOT_PUBLISHED","false","https://www.bestbottles.com/product/elegant-design-15-ml-glass-bottle-short-white-cap"
"GBElg60SpryMtSl","Elegant","60","Clear","18-415","Perfume Spray Pump","Matte Silver","false","standalone_component_unpublished","","Spry18-415MtSl","STATUS_DRAFT+NOT_PUBLISHED","","false","https://www.bestbottles.com/product/elegant-design-60-ml-glass-bottle-matte-silver-spray-pump-and-cap"
"GBElg60AnSpTslIvyGl","Elegant","60","Clear","18-415","Vintage Bulb Sprayer with Tassel","Ivory Gold","false","media_or_configuration_invalid","AnSpTsl18-415IvyGl","AnSpTsl18-415IvyGl","","","false","https://www.bestbottles.com/product/elegant-design-60-ml-glass-bottle-ivory-vintage-style-sprayer-with-tassel-shiny-gold-collar"
"GBElg60SpryCu","Elegant","60","Clear","18-415","Perfume Spray Pump","Copper","false","standalone_component_unpublished","","Spry18-415Cu","STATUS_DRAFT+NOT_PUBLISHED","","false","https://www.bestbottles.com/product/elegant-design-60-ml-glass-bottle-matte-copper-spray-and-cap"
"GBElg15Gl","Elegant","15","Clear","13-415","","Gold","false","assembly_unpublished_or_unsellable","CP13-415Gl","CP13-415Gl","","STATUS_DRAFT+NOT_PUBLISHED","false","https://www.bestbottles.com/product/elegant-design-15-ml-glass-bottle-shiny-gold-cap"
"GBElgFrst60SpryShnBlk","Elegant","60","Frosted","18-415","Perfume Spray Pump","Shiny Black","false","standalone_component_unpublished","","Spry18-415ShnBlk","STATUS_DRAFT+NOT_PUBLISHED","","false","https://www.bestbottles.com/product/elegant-design-60-ml-frosted-glass-bottle-shiny-black-spray-pump-and-cap"
"GBElg60AnSpTslIvySl","Elegant","60","Clear","18-415","Vintage Bulb Sprayer","Clear","false","media_or_configuration_invalid","AnSp18-415IvySl","AnSp18-415IvySl","","","false","https://www.bestbottles.com/product/elegant-design-60-ml-glass-bottle-ivory-vintage-style-sprayer-with-tassel-shiny-silver-collar"
"GBElg15BlkSht","Elegant","15","Clear","13-415","","Black","false","assembly_unpublished_or_unsellable","CP13-415BlkSht","CP13-415BlkSht","","STATUS_DRAFT+NOT_PUBLISHED","false","https://www.bestbottles.com/product/elegant-design-15-ml-glass-bottle-short-black-cap"
"GBElgFrst60SpryCu","Elegant","60","Frosted","18-415","Perfume Spray Pump","Copper","false","standalone_component_unpublished","","Spry18-415Cu","STATUS_DRAFT+NOT_PUBLISHED","","false","https://www.bestbottles.com/product/elegant-design-60-ml-frosted-glass-bottle-matte-copper-spray-and-cap"
"GBElgFrst15WhtSht","Elegant","15","Frosted","13-415","","White","false","media_or_configuration_invalid","CP13-415WhtSht","CP13-415WhtSht","","","false","https://www.bestbottles.com/product/elegant-design-15-ml-frosted-glass-bottle-short-white-cap"
"GBElgFrst60SpryShnGl","Elegant","60","Frosted","18-415","Perfume Spray Pump","Shiny Gold","false","standalone_component_unpublished","","Spry18-415ShnGl","STATUS_DRAFT+NOT_PUBLISHED","","false","https://www.bestbottles.com/product/elegant-design-60-ml-frosted-glass-bottle-shiny-gold-spray-pump-and-cap"
"GBElg60AnSpTslWht","Elegant","60","Clear","18-415","Vintage Bulb Sprayer","Clear","false","media_or_configuration_invalid","AnSp18-415Wht","AnSp18-415Wht","","","false","https://www.bestbottles.com/product/elegant-design-60-ml-glass-bottle-white-vintage-style-sprayer-with-tassel-shiny-silver-collar"
"GBElgFrst15BlkSht","Elegant","15","Frosted","13-415","","Black","false","media_or_configuration_invalid","CP13-415BlkSht","CP13-415BlkSht","","","false","https://www.bestbottles.com/product/elegant-design-15-ml-frosted-glass-bottle-short-black-cap"
"GBElgFrst15Gl","Elegant","15","Frosted","13-415","","Shiny Gold","false","media_or_configuration_invalid","CP13-415Gl","CP13-415Gl","","","false","https://www.bestbottles.com/product/elegant-design-15-ml-frosted-glass-bottle-shiny-gold-cap"
"GBElgFrst60SpryMtSl","Elegant","60","Frosted","18-415","Perfume Spray Pump","Matte Silver","false","standalone_component_unpublished","","Spry18-415MtSl","STATUS_DRAFT+NOT_PUBLISHED","","false","https://www.bestbottles.com/product/elegant-design-60-ml-frosted-glass-bottle-matte-silver-spray-pump-and-cap"
"GBElg60AnSpTslPnk","Elegant","60","Clear","18-415","Vintage Bulb Sprayer with Tassel","Pink","false","media_or_configuration_invalid","AnSpTsl18-415Pnk","AnSpTsl18-415Pnk","","","false","https://www.bestbottles.com/product/elegant-design-60-ml-glass-bottle-pink-vintage-style-sprayer-with-tassel-shiny-gold-collar"
"GBElgFrst15Sl","Elegant","15","Frosted","13-415","","Silver","false","media_or_configuration_invalid","CP13-415Sl","CP13-415Sl","","","false","https://www.bestbottles.com/product/elegant-design-15-ml-frosted-glass-bottle-shiny-silver-cap"
"GBElgFrst60SpryShnSl","Elegant","60","Frosted","18-415","Perfume Spray Pump","Shiny Silver","false","standalone_component_unpublished","","Spry18-415ShnSl","STATUS_DRAFT+NOT_PUBLISHED","","false","https://www.bestbottles.com/product/elegant-design-60-ml-frosted-glass-bottle-shiny-silver-spray-and-cap"
"GBElg60AnSpTslRed","Elegant","60","Clear","18-415","Vintage Bulb Sprayer","Clear","false","media_or_configuration_invalid","AnSp18-415Red","AnSp18-415Red","","","false","https://www.bestbottles.com/product/elegant-design-60-ml-glass-bottle-red-vintage-style-sprayer-with-tassel-shiny-silver-collar"
"GBElgFrst60SpryMtGl","Elegant","60","Frosted","18-415","Perfume Spray Pump","Matte Gold","false","standalone_component_unpublished","","Spry18-415MtGl","STATUS_DRAFT+NOT_PUBLISHED","","false","https://www.bestbottles.com/product/elegant-design-60-ml-frosted-glass-bottle-matte-gold-spray-pump-and-cap"
"GBElg60AnSpTslMtSl","Elegant","60","Clear","18-415","Vintage Bulb Sprayer","Clear","false","media_or_configuration_invalid","AnSp18-415MtSl","AnSp18-415MtSl","","","false","https://www.bestbottles.com/product/elegant-design-60-ml-glass-bottle-matte-silver-vintage-style-sprayer-with-tassel-matte-silver-collar"
"GBElg60AnSpTslGl","Elegant","60","Clear","18-415","Vintage Bulb Sprayer","Clear","false","media_or_configuration_invalid","AnSp18-415Gl","AnSp18-415Gl","","","false","https://www.bestbottles.com/product/elegant-design-60-ml-glass-bottle-gold-vintage-style-sprayer-with-tassel-shiny-gold-collar"
"GBElgFrst60AnSpGl","Elegant","60","Frosted","18-415","Vintage Bulb Sprayer","Gold","false","media_or_configuration_invalid","AnSp18-415Gl","AnSp18-415Gl","","","false","https://www.bestbottles.com/product/elegant-design-60-ml-frosted-glass-bottle-gold-vintage-style-sprayer-shiny-gold-collar-cap"
"GBElgFrst60AnSpIvyGl","Elegant","60","Frosted","18-415","Vintage Bulb Sprayer","Ivory Gold","false","media_or_configuration_invalid","AnSp18-415IvyGl","AnSp18-415IvyGl","","","false","https://www.bestbottles.com/product/elegant-design-60-ml-frosted-glass-bottle-ivory-vintage-style-bulb-sprayer-shiny-gold-collar-cap"
"GBElg100SpryCu","Elegant","100","Clear","18-415","Perfume Spray Pump","Copper","false","standalone_component_unpublished","","Spry18-415Cu","STATUS_DRAFT+NOT_PUBLISHED","","false","https://www.bestbottles.com/product/elegant-design-105-ml-glass-bottle-matte-copper-spray-and-cap"
"GBElgFrst60AnSpIvySl","Elegant","60","Frosted","18-415","Vintage Bulb Sprayer","Ivory Silver","false","media_or_configuration_invalid","AnSp18-415IvySl","AnSp18-415IvySl","","","false","https://www.bestbottles.com/product/elegant-design-60-ml-frosted-glass-bottle-ivory-vintage-style-bulb-sprayer-shiny-silver-collar-cap"
"GBElgFrst100SpryCu","Elegant","100","Frosted","18-415","Perfume Spray Pump","Copper","false","standalone_component_unpublished","","Spry18-415Cu","STATUS_DRAFT+NOT_PUBLISHED","","false","https://www.bestbottles.com/product/elegant-design-105-ml-frosted-glass-bottle-matte-copper-spray-and-cap"
"GBElgFrst60AnSpLvn","Elegant","60","Frosted","18-415","Vintage Bulb Sprayer","Lavender","false","media_or_configuration_invalid","AnSp18-415Lvn","AnSp18-415Lvn","","","false","https://www.bestbottles.com/product/elegant-design-60-ml-frosted-glass-bottle-lavender-vintage-style-bulb-sprayer-shiny-silver-collar-cap"
"GBElgFrst60AnSpPnk","Elegant","60","Frosted","18-415","Vintage Bulb Sprayer","Pink","false","media_or_configuration_invalid","CP18-415AnSpPnk","CP18-415AnSpPnk","","","false","https://www.bestbottles.com/product/elegant-design-60-ml-frosted-glass-bottle-pink-vintage-style-bulb-sprayer-shiny-gold-collar-cap"
"GBElgFrst60AnSpRed","Elegant","60","Frosted","18-415","Vintage Bulb Sprayer","Red","false","media_or_configuration_invalid","AnSp18-415Red","AnSp18-415Red","","","false","https://www.bestbottles.com/product/elegant-design-60-ml-frosted-glass-bottle-red-vintage-style-bulb-sprayer-shiny-silver-collar-cap"
"GBElg60DrpSl","Elegant","60","Clear","18-415","Dropper","Silver","false","exact_component_unresolved","","","","","false","https://www.bestbottles.com/product/elegant-design-60-ml-glass-bottle-white-dropper-shiny-silver-collar-cap"
"GBElgFrst60AnSpMtSl","Elegant","60","Frosted","18-415","Vintage Bulb Sprayer","Matte Silver","false","media_or_configuration_invalid","AnSp18-415MtSl","AnSp18-415MtSl","","","false","https://www.bestbottles.com/product/elegant-design-60-ml-frosted-glass-bottle-matte-silver-vintage-style-sprayer-matte-silver-collar-cap"
"GBElg60DrpGl","Elegant","60","Clear","18-415","Dropper","Gold","false","exact_component_unresolved","","","","","false","https://www.bestbottles.com/product/elegant-design-60-ml-glass-bottle-white-dropper-shiny-gold-collar-cap"
"GBElgFrst60AnSpWht","Elegant","60","Frosted","18-415","Vintage Bulb Sprayer","White","false","media_or_configuration_invalid","AnSp18-415Wht","AnSp18-415Wht","","","false","https://www.bestbottles.com/product/elegant-design-60-ml-frosted-glass-bottle-white-vintage-style-bulb-sprayer-shiny-silver-collar-cap"
"GBElgFrst60DrpSl","Elegant","60","Frosted","18-415","Dropper","Silver","false","exact_component_unresolved","","","","","false","https://www.bestbottles.com/product/elegant-design-60-ml-frosted-glass-bottle-white-dropper-shiny-silver-collar-cap"
"GBElgFrst60AnSpTslGl","Elegant","60","Frosted","18-415","Vintage Bulb Sprayer with Tassel","Gold","false","media_or_configuration_invalid","CP18-415AnSpTslGl","CP18-415AnSpTslGl","","","false","https://www.bestbottles.com/product/elegant-design-60-ml-frosted-glass-bottle-gold-vintage-style-sprayer-with-tassel-shiny-gold-collar"
"GBElgFrst60DrpGl","Elegant","60","Frosted","18-415","Dropper","Gold","false","exact_component_unresolved","","","","","false","https://www.bestbottles.com/product/elegant-design-60-ml-frosted-glass-bottle-white-dropper-shiny-gold-collar-cap"
"GBElgFrst60AnSpTslIvyGl","Elegant","60","Frosted","18-415","Vintage Bulb Sprayer with Tassel","Ivory Gold","false","media_or_configuration_invalid","AnSpTsl18-415IvyGl","AnSpTsl18-415IvyGl","","","false","https://www.bestbottles.com/product/elegant-design-60-ml-frosted-glass-bottle-ivory-vintage-style-sprayer-with-tassel-shiny-gold-collar"
"GBElgFrst60AnSpTslLvn","Elegant","60","Frosted","18-415","Vintage Bulb Sprayer with Tassel","Lavender","false","media_or_configuration_invalid","AnSpTsl18-415Lvn","AnSpTsl18-415Lvn","","","false","https://www.bestbottles.com/product/elegant-design-60-ml-frosted-glass-bottle-lavender-vintage-style-sprayer-with-tassel-shiny-silver-collar"
"GBElgFrst60AnSpTslPnk","Elegant","60","Frosted","18-415","Vintage Bulb Sprayer with Tassel","Pink","false","media_or_configuration_invalid","AnSpTsl18-415Pnk","AnSpTsl18-415Pnk","","","false","https://www.bestbottles.com/product/elegant-design-60-ml-frosted-glass-bottle-pink-vintage-style-sprayer-with-tassel-shiny-gold-collar"
"GBElgFrst60AnSpTslIvySl","Elegant","60","Frosted","18-415","Vintage Bulb Sprayer with Tassel","Ivory Silver","false","media_or_configuration_invalid","AnSpTsl18-415IvySl","AnSpTsl18-415IvySl","","","false","https://www.bestbottles.com/product/elegant-design-60-ml-frosted-glass-bottle-ivory-vintage-style-sprayer-with-tassel-shiny-silver-collar"
"GBElgFrst60AnSpTslRed","Elegant","60","Frosted","18-415","Vintage Bulb Sprayer with Tassel","Red","false","media_or_configuration_invalid","AnSpTsl18-415Red","AnSpTsl18-415Red","","","false","https://www.bestbottles.com/product/elegant-design-60-ml-frosted-glass-bottle-red-vintage-style-sprayer-with-tassel-shiny-silver-collar"
"GBElgFrst60AnSpTslWht","Elegant","60","Frosted","18-415","Vintage Bulb Sprayer with Tassel","White","false","media_or_configuration_invalid","AnSpTsl18-415Wht","AnSpTsl18-415Wht","","","false","https://www.bestbottles.com/product/elegant-design-60-ml-frosted-glass-bottle-white-vintage-style-sprayer-with-tassel-shiny-silver-collar"
"GBElgFrst60AnSpTslMtSl","Elegant","60","Frosted","18-415","Vintage Bulb Sprayer with Tassel","Matte Silver","false","media_or_configuration_invalid","AnSpTsl18-415MtS","AnSpTsl18-415MtS","","","false","https://www.bestbottles.com/product/elegant-design-60-ml-frosted-glass-bottle-matte-silver-vintage-style-sprayer-with-tassel-matte-silver-collar"
"GBElg60RdcrBlkLthr","Elegant","60","Clear","18-415","Reducer","Black Leather","false","assembly_unpublished_or_unsellable","CP18-415BlkLthr","CP18-415BlkLthr","","STATUS_DRAFT+NOT_PUBLISHED","false","https://www.bestbottles.com/product/elegant-design-60-ml-glass-bottle-reducer-black-faux-leather-cap"
"GBElgFrst60RdcrBlkLthr","Elegant","60","Frosted","18-415","Reducer","Black Leather","false","assembly_unpublished_or_unsellable","CP18-415BlkLthr","CP18-415BlkLthr","","STATUS_DRAFT+NOT_PUBLISHED","false","https://www.bestbottles.com/product/elegant-design-60-ml-frosted-glass-bottle-reducer-black-faux-leather-cap"
"GBElg100RdcrBlkLthr","Elegant","100","Clear","18-415","Reducer","Black Leather","false","assembly_unpublished_or_unsellable","CP18-415BlkLthr","CP18-415BlkLthr","","STATUS_DRAFT+NOT_PUBLISHED","false","https://www.bestbottles.com/product/elegant-design-105-ml-glass-bottle-reducer-black-faux-leather-cap"
"GBElgFrst100RdcrBlkLthr","Elegant","100","Frosted","18-415","Reducer","Black Leather","false","assembly_unpublished_or_unsellable","CP18-415BlkLthr","CP18-415BlkLthr","","STATUS_DRAFT+NOT_PUBLISHED","false","https://www.bestbottles.com/product/elegant-design-105-ml-frosted-glass-bottle-reducer-black-faux-leather-cap"
"GBElg100SpryShnBlk","Elegant","100","Clear","18-415","Perfume Spray Pump","Shiny Black","false","standalone_component_unpublished","","Spry18-415ShnBlk","STATUS_DRAFT+NOT_PUBLISHED","","false","https://www.bestbottles.com/product/elegant-design-105-ml-glass-bottle-shiny-black-spray-pump-and-cap"
"GBElg100SpryShnGl","Elegant","100","Clear","18-415","Perfume Spray Pump","Shiny Gold","false","standalone_component_unpublished","","Spry18-415ShnGl","STATUS_DRAFT+NOT_PUBLISHED","","false","https://www.bestbottles.com/product/elegant-design-105-ml-glass-bottle-shiny-gold-spray-pump-and-cap"
"GBElg100SpryMtGl","Elegant","100","Clear","18-415","Perfume Spray Pump","Matte Gold","false","standalone_component_unpublished","","Spry18-415MtGl","STATUS_DRAFT+NOT_PUBLISHED","","false","https://www.bestbottles.com/product/elegant-design-105-ml-glass-bottle-matte-gold-spray-pump-and-cap"
"GBElg100SpryMtSl","Elegant","100","Clear","18-415","Perfume Spray Pump","Matte Silver","false","standalone_component_unpublished","","Spry18-415MtSl","STATUS_DRAFT+NOT_PUBLISHED","","false","https://www.bestbottles.com/product/elegant-design-105-ml-glass-bottle-matte-silver-spray-pump-and-cap"
"GBElg100SpryShnSl","Elegant","100","Clear","18-415","Perfume Spray Pump","Shiny Silver","false","standalone_component_unpublished","","Spry18-415ShnSl","STATUS_DRAFT+NOT_PUBLISHED","","false","https://www.bestbottles.com/product/elegant-design-105-ml-glass-bottle-shiny-silver-spray-and-cap"
"GBElgFrst100SpryShnBlk","Elegant","100","Frosted","18-415","Perfume Spray Pump","Shiny Black","false","standalone_component_unpublished","","Spry18-415ShnBlk","STATUS_DRAFT+NOT_PUBLISHED","","false","https://www.bestbottles.com/product/elegant-design-105-ml-frosted-glass-bottle-shiny-black-spray-pump-and-cap"
"GBElgFrst100SpryShnGl","Elegant","100","Frosted","18-415","Perfume Spray Pump","Shiny Gold","false","standalone_component_unpublished","","Spry18-415ShnGl","STATUS_DRAFT+NOT_PUBLISHED","","false","https://www.bestbottles.com/product/elegant-design-105-ml-frosted-glass-bottle-shiny-gold-spray-pump-and-cap"
"GBElgFrst100SpryMtSl","Elegant","100","Frosted","18-415","Perfume Spray Pump","Matte Silver","false","standalone_component_unpublished","","Spry18-415MtSl","STATUS_DRAFT+NOT_PUBLISHED","","false","https://www.bestbottles.com/product/elegant-design-105-ml-frosted-glass-bottle-matte-silver-spray-pump-and-cap"
"GBElg60AnSpBlk","Elegant","60","Clear","18-415","Vintage Bulb Sprayer","Black","false","media_or_configuration_invalid","AnSp18-415Blk","AnSp18-415Blk","","","false","https://www.bestbottles.com/product/elegant-design-60-ml-glass-bottle-black-vintage-style-bulb-sprayer-shiny-silver-collar-cap"
"GBElgFrst100SpryShnSl","Elegant","100","Frosted","18-415","Perfume Spray Pump","Shiny Silver","false","standalone_component_unpublished","","Spry18-415ShnSl","STATUS_DRAFT+NOT_PUBLISHED","","false","https://www.bestbottles.com/product/elegant-design-105-ml-frosted-glass-bottle-shiny-silver-spray-and-cap"
"GBElg60AnSpTslBlk","Elegant","60","Clear","18-415","Vintage Bulb Sprayer with Tassel","Black","false","media_or_configuration_invalid","AnSpTsl18-415Blk","AnSpTsl18-415Blk","","","false","https://www.bestbottles.com/product/elegant-design-60-ml-glass-bottle-black-vintage-style-sprayer-with-tassel-shiny-silver-collar"
"GBElgFrst100SpryMtGl","Elegant","100","Frosted","18-415","Perfume Spray Pump","Matte Gold","false","standalone_component_unpublished","","Spry18-415MtGl","STATUS_DRAFT+NOT_PUBLISHED","","false","https://www.bestbottles.com/product/elegant-design-105-ml-frosted-glass-bottle-matte-gold-spray-pump-and-cap"
"GBElgFrst60AnSpBlk","Elegant","60","Frosted","18-415","Vintage Bulb Sprayer","Black","false","media_or_configuration_invalid","AnSp18-415Blk","AnSp18-415Blk","","","false","https://www.bestbottles.com/product/elegant-design-60-ml-frosted-glass-bottle-black-vintage-style-bulb-sprayer-shiny-silver-collar-cap"
"GBElgFrst60AnSpTslBlk","Elegant","60","Frosted","18-415","Vintage Bulb Sprayer with Tassel","Black","false","media_or_configuration_invalid","AnSpTsl18-415Blk","AnSpTsl18-415Blk","","","false","https://www.bestbottles.com/product/elegant-design-60-ml-frosted-glass-bottle-black-vintage-style-sprayer-with-tassel-shiny-silver-collar"
"GBElg100AnSpBlk","Elegant","100","Clear","18-415","Vintage Bulb Sprayer","Black","false","media_or_configuration_invalid","AnSp18-415Blk","AnSp18-415Blk","","","false","https://www.bestbottles.com/product/elegant-design-105-ml-glass-bottle-black-vintage-style-bulb-sprayer-shiny-silver-collar-cap"
"GBElg100AnSpTslBlk","Elegant","100","Clear","18-415","Vintage Bulb Sprayer with Tassel","Black","false","media_or_configuration_invalid","AnSpTsl18-415Blk","AnSpTsl18-415Blk","","","false","https://www.bestbottles.com/product/elegant-design-105-ml-glass-bottle-black-vintage-style-sprayer-with-tassel-shiny-silver-collar"
"GBElgFrst100AnSpBlk","Elegant","100","Frosted","18-415","Vintage Bulb Sprayer","Black","false","media_or_configuration_invalid","AnSp18-415Blk","AnSp18-415Blk","","","false","https://www.bestbottles.com/product/elegant-design-105-ml-frosted-glass-bottle-black-vintage-style-bulb-sprayer-shiny-silver-collar-cap"
"GBElgFrst100AnSpTslBlk","Elegant","100","Frosted","18-415","Vintage Bulb Sprayer with Tassel","Black","false","media_or_configuration_invalid","AnSpTsl18-415Blk","AnSpTsl18-415Blk","","","false","https://www.bestbottles.com/product/elegant-design-105-ml-frosted-glass-bottle-black-vintage-style-sprayer-with-tassel-shiny-silver-collar"
"GBElg15RollBlkDot","Elegant","15","Clear","13-415","Plastic Roller Ball","Black Dotted","false","assembly_unpublished_or_unsellable","CPRoll13-415BlackDot","CPRoll13-415BlackDot","","STATUS_DRAFT+NOT_PUBLISHED","false","https://www.bestbottles.com/product/elegant-design-15-ml-glass-bottle-plastic-roller-ball-plug-black-shiny-cap-with-dots"
"GBElgFrst15RollBlkDot","Elegant","15","Frosted","13-415","Plastic Roller Ball","Black","false","media_or_configuration_invalid","CPRoll13-415BlackDot","CPRoll13-415BlackDot","","","false","https://www.bestbottles.com/product/elegant-design-15-ml-frosted-glass-bottle-plastic-roller-ball-plug-black-shiny-cap-with-dots"
"GBElg15MtlRollBlkDot","Elegant","15","Clear","13-415","Metal Roller Ball","Black Dotted","false","assembly_unpublished_or_unsellable","CPRoll13-415BlackDot","CPRoll13-415BlackDot","","STATUS_DRAFT+NOT_PUBLISHED","false","https://www.bestbottles.com/product/elegant-design-15-ml-glass-bottle-metal-roller-ball-plug-black-shiny-cap-with-dots"
"GBElgFrst15MtlRollBlkDot","Elegant","15","Frosted","13-415","Metal Roller Ball","Black","false","media_or_configuration_invalid","CPRoll13-415BlackDot","CPRoll13-415BlackDot","","","false","https://www.bestbottles.com/product/elegant-design-15-ml-frosted-glass-bottle-metal-roller-ball-plug-black-shiny-cap-with-dots"
"GBElg100AnSpLvn","Elegant","100","Clear","18-415","Vintage Bulb Sprayer","Lavender","false","media_or_configuration_invalid","AnSp18-415Lvn","AnSp18-415Lvn","","","false","https://www.bestbottles.com/product/elegant-design-105-ml-glass-bottle-lavender-vintage-style-bulb-sprayer-shiny-silver-collar-cap"
"GBElg100AnSpPnk","Elegant","100","Clear","18-415","Vintage Bulb Sprayer","Pink","false","media_or_configuration_invalid","CP18-415AnSpPnk","CP18-415AnSpPnk","","","false","https://www.bestbottles.com/product/elegant-design-105-ml-glass-bottle-pink-vintage-style-bulb-sprayer-shiny-gold-collar-cap"
"GBElg100AnSpMtSl","Elegant","100","Clear","18-415","Vintage Bulb Sprayer","Matte Silver","false","media_or_configuration_invalid","AnSp18-415MtSl","AnSp18-415MtSl","","","false","https://www.bestbottles.com/product/elegant-design-105-ml-glass-bottle-matte-silver-vintage-style-sprayer-matte-silver-collar-cap"
"GBElg100AnSpIvySl","Elegant","100","Clear","18-415","Vintage Bulb Sprayer","Ivory Silver","false","media_or_configuration_invalid","AnSp18-415IvySl","AnSp18-415IvySl","","","false","https://www.bestbottles.com/product/elegant-design-105-ml-glass-bottle-ivory-vintage-style-bulb-sprayer-shiny-silver-collar-cap"
"GBElg100AnSpGl","Elegant","100","Clear","18-415","Vintage Bulb Sprayer","Gold","false","media_or_configuration_invalid","AnSp18-415Gl","AnSp18-415Gl","","","false","https://www.bestbottles.com/product/elegant-design-105-ml-glass-bottle-gold-vintage-style-sprayer-shiny-gold-collar-cap"
"GBElg100AnSpIvyGl","Elegant","100","Clear","18-415","Vintage Bulb Sprayer","Ivory Gold","false","media_or_configuration_invalid","AnSp18-415IvyGl","AnSp18-415IvyGl","","","false","https://www.bestbottles.com/product/elegant-design-105-ml-glass-bottle-ivory-vintage-style-bulb-sprayer-shiny-gold-collar-cap"
"GBElg100AnSpWht","Elegant","100","Clear","18-415","Vintage Bulb Sprayer","White","false","media_or_configuration_invalid","AnSp18-415Wht","AnSp18-415Wht","","","false","https://www.bestbottles.com/product/elegant-design-105-ml-glass-bottle-white-vintage-style-bulb-sprayer-shiny-silver-collar-cap"
"GBElg100AnSpRed","Elegant","100","Clear","18-415","Vintage Bulb Sprayer","Red","false","media_or_configuration_invalid","AnSp18-415Red","AnSp18-415Red","","","false","https://www.bestbottles.com/product/elegant-design-105-ml-glass-bottle-red-vintage-style-bulb-sprayer-shiny-silver-collar-cap"
"GBElg100AnSpTslLvn","Elegant","100","Clear","18-415","Vintage Bulb Sprayer with Tassel","Lavender","false","media_or_configuration_invalid","AnSpTsl18-415Lvn","AnSpTsl18-415Lvn","","","false","https://www.bestbottles.com/product/elegant-design-105-ml-glass-bottle-lavender-vintage-style-sprayer-with-tassel-shiny-silver-collar"
"GBElg100AnSpTslIvyGl","Elegant","100","Clear","18-415","Vintage Bulb Sprayer with Tassel","Ivory Gold","false","media_or_configuration_invalid","AnSpTsl18-415IvyGl","AnSpTsl18-415IvyGl","","","false","https://www.bestbottles.com/product/elegant-design-105-ml-glass-bottle-ivory-vintage-style-sprayer-with-tassel-shiny-gold-collar"
"GBElg100AnSpTslIvySl","Elegant","100","Clear","18-415","Vintage Bulb Sprayer with Tassel","Ivory Silver","false","media_or_configuration_invalid","AnSpTsl18-415IvySl","AnSpTsl18-415IvySl","","","false","https://www.bestbottles.com/product/elegant-design-105-ml-glass-bottle-ivory-vintage-style-sprayer-with-tassel-shiny-silver-collar"
"GBElg100AnSpTslWht","Elegant","100","Clear","18-415","Vintage Bulb Sprayer with Tassel","White","false","media_or_configuration_invalid","AnSpTsl18-415Wht","AnSpTsl18-415Wht","","","false","https://www.bestbottles.com/product/elegant-design-105-ml-glass-bottle-white-vintage-style-sprayer-with-tassel-shiny-silver-collar"
"GBElg100AnSpTslPnk","Elegant","100","Clear","18-415","Vintage Bulb Sprayer with Tassel","Pink","false","media_or_configuration_invalid","AnSpTsl18-415Pnk","AnSpTsl18-415Pnk","","","false","https://www.bestbottles.com/product/elegant-design-105-ml-glass-bottle-pink-vintage-style-sprayer-with-tassel-shiny-gold-collar"
"GBElg100AnSpTslRed","Elegant","100","Clear","18-415","Vintage Bulb Sprayer with Tassel","Red","false","media_or_configuration_invalid","AnSpTsl18-415Red","AnSpTsl18-415Red","","","false","https://www.bestbottles.com/product/elegant-design-105-ml-glass-bottle-red-vintage-style-sprayer-with-tassel-shiny-silver-collar"
"GBElg100AnSpTslMtSl","Elegant","100","Clear","18-415","Vintage Bulb Sprayer with Tassel","Matte Silver","false","media_or_configuration_invalid","AnSpTsl18-415MtS","AnSpTsl18-415MtS","","","false","https://www.bestbottles.com/product/elegant-design-105-ml-glass-bottle-matte-silver-vintage-style-sprayer-with-tassel-matte-silver-collar"
"GBElg100AnSpTslGl","Elegant","100","Clear","18-415","Vintage Bulb Sprayer with Tassel","Gold","false","media_or_configuration_invalid","CP18-415AnSpTslGl","CP18-415AnSpTslGl","","","false","https://www.bestbottles.com/product/elegant-design-105-ml-glass-bottle-gold-vintage-style-sprayer-with-tassel-shiny-gold-collar"
"GBElgFrst100AnSpRed","Elegant","100","Frosted","18-415","Vintage Bulb Sprayer","Red","false","media_or_configuration_invalid","AnSp18-415Red","AnSp18-415Red","","","false","https://www.bestbottles.com/product/elegant-design-105-ml-frosted-glass-bottle-red-vintage-style-bulb-sprayer-shiny-silver-collar-cap"
"GBElgFrst100AnSpIvyGl","Elegant","100","Frosted","18-415","Vintage Bulb Sprayer","Ivory Gold","false","media_or_configuration_invalid","AnSp18-415IvyGl","AnSp18-415IvyGl","","","false","https://www.bestbottles.com/product/elegant-design-105-ml-frosted-glass-bottle-ivory-vintage-style-bulb-sprayer-shiny-gold-collar-cap"
"GBElgFrst100AnSpMtSl","Elegant","100","Frosted","18-415","Vintage Bulb Sprayer","Matte Silver","false","media_or_configuration_invalid","AnSp18-415MtSl","AnSp18-415MtSl","","","false","https://www.bestbottles.com/product/elegant-design-105-ml-frosted-glass-bottle-matte-silver-vintage-style-sprayer-matte-silver-collar-cap"
"GBElgFrst100AnSpWht","Elegant","100","Frosted","18-415","Vintage Bulb Sprayer","White","false","media_or_configuration_invalid","AnSp18-415Wht","AnSp18-415Wht","","","false","https://www.bestbottles.com/product/elegant-design-105-ml-frosted-glass-bottle-white-vintage-style-bulb-sprayer-shiny-silver-collar-cap"
"GBElgFrst100AnSpGl","Elegant","100","Frosted","18-415","Vintage Bulb Sprayer","Gold","false","media_or_configuration_invalid","AnSp18-415Gl","AnSp18-415Gl","","","false","https://www.bestbottles.com/product/elegant-design-105-ml-frosted-glass-bottle-gold-vintage-style-sprayer-shiny-gold-collar-cap"
"GBElgFrst100AnSpIvySl","Elegant","100","Frosted","18-415","Vintage Bulb Sprayer","Ivory Silver","false","media_or_configuration_invalid","AnSp18-415IvySl","AnSp18-415IvySl","","","false","https://www.bestbottles.com/product/elegant-design-105-ml-frosted-glass-bottle-ivory-vintage-style-bulb-sprayer-shiny-silver-collar-cap"
"GBElgFrst100AnSpLvn","Elegant","100","Frosted","18-415","Vintage Bulb Sprayer","Lavender","false","media_or_configuration_invalid","AnSp18-415Lvn","AnSp18-415Lvn","","","false","https://www.bestbottles.com/product/elegant-design-105-ml-frosted-glass-bottle-lavender-vintage-style-bulb-sprayer-shiny-silver-collar-cap"
"GBElgFrst100AnSpPnk","Elegant","100","Frosted","18-415","Vintage Bulb Sprayer","Pink","false","media_or_configuration_invalid","CP18-415AnSpPnk","CP18-415AnSpPnk","","","false","https://www.bestbottles.com/product/elegant-design-105-ml-frosted-glass-bottle-pink-vintage-style-bulb-sprayer-shiny-gold-collar-cap"
"LBElg60LtnMtGl","Elegant","60","Clear","18-415","Lotion Pump","Matte Gold","false","standalone_component_unpublished","","Ltn18-415MtGl","STATUS_DRAFT+NOT_PUBLISHED","","false","https://www.bestbottles.com/product/elegant-design-60-ml-glass-bottle-matte-gold-lotion-pump-and-cap"
"GBElgFrst100AnSpTslGl","Elegant","100","Frosted","18-415","Vintage Bulb Sprayer with Tassel","Gold","false","media_or_configuration_invalid","CP18-415AnSpTslGl","CP18-415AnSpTslGl","","","false","https://www.bestbottles.com/product/elegant-design-105-ml-frosted-glass-bottle-gold-vintage-style-sprayer-with-tassel-shiny-gold-collar"
"LBElg60LtnMtSl","Elegant","60","Clear","18-415","Lotion Pump","Matte Silver","false","exact_component_unresolved","","","","","false","https://www.bestbottles.com/product/elegant-design-60-ml-glass-bottle-matte-silver-lotion-pump-and-cap"
"GBElgFrst100AnSpTslIvyGl","Elegant","100","Frosted","18-415","Vintage Bulb Sprayer with Tassel","Ivory Gold","false","media_or_configuration_invalid","AnSpTsl18-415IvyGl","AnSpTsl18-415IvyGl","","","false","https://www.bestbottles.com/product/elegant-design-105-ml-frosted-glass-bottle-ivory-vintage-style-sprayer-with-tassel-shiny-gold-collar"
"LBElg60WhtClOvrCp","Elegant","60","Clear","18-415","Lotion Pump","Overcap","false","exact_component_unresolved","","","","","false","https://www.bestbottles.com/product/elegant-design-60-ml-glass-bottle-white-rectangular-clear-over-the-cap"
"GBElgFrst100AnSpTslLvn","Elegant","100","Frosted","18-415","Vintage Bulb Sprayer with Tassel","Lavender","false","media_or_configuration_invalid","AnSpTsl18-415Lvn","AnSpTsl18-415Lvn","","","false","https://www.bestbottles.com/product/elegant-design-105-ml-frosted-glass-bottle-lavender-vintage-style-sprayer-with-tassel-shiny-silver-collar"
"LBElg60LtnCu","Elegant","60","Clear","18-415","Lotion Pump","Copper","false","standalone_component_unpublished","","Ltn18-415Cu","STATUS_DRAFT+NOT_PUBLISHED","","false","https://www.bestbottles.com/product/elegant-design-60-ml-glass-bottle-matte-copper-lotion-pump-and-cap"
"GBElgFrst100AnSpTslPnk","Elegant","100","Frosted","18-415","Vintage Bulb Sprayer with Tassel","Pink","false","media_or_configuration_invalid","AnSpTsl18-415Pnk","AnSpTsl18-415Pnk","","","false","https://www.bestbottles.com/product/elegant-design-105-ml-frosted-glass-bottle-pink-vintage-style-sprayer-with-tassel-shiny-gold-collar"
"LBElg60LtnShnGl","Elegant","60","Clear","18-415","Lotion Pump","Shiny Gold","false","standalone_component_unpublished","","Ltn18-415ShnGl","STATUS_DRAFT+NOT_PUBLISHED","","false","https://www.bestbottles.com/product/elegant-design-60-ml-glass-bottle-shiny-gold-lotion-pump-and-cap"
"GBElgFrst100AnSpTslRed","Elegant","100","Frosted","18-415","Vintage Bulb Sprayer with Tassel","Red","false","media_or_configuration_invalid","AnSpTsl18-415Red","AnSpTsl18-415Red","","","false","https://www.bestbottles.com/product/elegant-design-105-ml-frosted-glass-bottle-red-vintage-style-sprayer-with-tassel-shiny-silver-collar"
"LBElg60LtnShnBlk","Elegant","60","Clear","18-415","Lotion Pump","Shiny Black","false","standalone_component_unpublished","","Ltn18-415ShnBlk","STATUS_DRAFT+NOT_PUBLISHED","","false","https://www.bestbottles.com/product/elegant-design-60-ml-glass-bottle-shiny-black-lotion-pump-and-cap"
"GBElgFrst100AnSpTslIvySl","Elegant","100","Frosted","18-415","Vintage Bulb Sprayer with Tassel","Ivory Silver","false","media_or_configuration_invalid","AnSpTsl18-415IvySl","AnSpTsl18-415IvySl","","","false","https://www.bestbottles.com/product/elegant-design-105-ml-frosted-glass-bottle-ivory-vintage-style-sprayer-with-tassel-shiny-silver-collar"
"LBElg60LtnShnSl","Elegant","60","Clear","18-415","Lotion Pump","Shiny Silver","false","standalone_component_unpublished","","Ltn18-415ShnSl","STATUS_DRAFT+NOT_PUBLISHED","","false","https://www.bestbottles.com/product/elegant-design-60-ml-glass-bottle-shiny-silver-lotion-pump-and-cap"
"GBElgFrst100AnSpTslWht","Elegant","100","Frosted","18-415","Vintage Bulb Sprayer with Tassel","White","false","media_or_configuration_invalid","AnSpTsl18-415Wht","AnSpTsl18-415Wht","","","false","https://www.bestbottles.com/product/elegant-design-105-ml-frosted-glass-bottle-white-vintage-style-sprayer-with-tassel-shiny-silver-collar"
"LBElgFrst60LtnMtGl","Elegant","60","Frosted","18-415","Lotion Pump","Matte Gold","false","standalone_component_unpublished","","Ltn18-415MtGl","STATUS_DRAFT+NOT_PUBLISHED","","false","https://www.bestbottles.com/product/elegant-design-60-ml-frosted-glass-bottle-matte-gold-lotion-pump-and-cap"
"GBElgFrst100AnSpTslMtSl","Elegant","100","Frosted","18-415","Vintage Bulb Sprayer with Tassel","Matte Silver","false","media_or_configuration_invalid","AnSpTsl18-415MtS","AnSpTsl18-415MtS","","","false","https://www.bestbottles.com/product/elegant-design-105-ml-frosted-glass-bottle-matte-silver-vintage-style-sprayer-with-tassel-matte-silver-collar"
"LBElgFrst60LtnMtSl","Elegant","60","Frosted","18-415","Lotion Pump","Matte Silver","false","exact_component_unresolved","","","","","false","https://www.bestbottles.com/product/elegant-design-60-ml-frosted-glass-bottle-matte-silver-lotion-pump-and-cap"
"LBElgFrst60WhtClOvrCp","Elegant","60","Frosted","18-415","Lotion Pump","Overcap","false","exact_component_unresolved","","","","","false","https://www.bestbottles.com/product/elegant-design-60-ml-frosted-glass-bottle-white-rectangular-clear-over-the-cap"
"LBElgFrst60LtnCu","Elegant","60","Frosted","18-415","Lotion Pump","Copper","false","standalone_component_unpublished","","Ltn18-415Cu","STATUS_DRAFT+NOT_PUBLISHED","","false","https://www.bestbottles.com/product/elegant-design-60-ml-frosted-glass-bottle-matte-copper-lotion-pump-and-cap"
"LBElgFrst60LtnShnGl","Elegant","60","Frosted","18-415","Lotion Pump","Shiny Gold","false","standalone_component_unpublished","","Ltn18-415ShnGl","STATUS_DRAFT+NOT_PUBLISHED","","false","https://www.bestbottles.com/product/elegant-design-60-ml-frosted-glass-bottle-shiny-gold-lotion-pump-and-cap"
"LBElgFrst60LtnShnBlk","Elegant","60","Frosted","18-415","Lotion Pump","Shiny Black","false","standalone_component_unpublished","","Ltn18-415ShnBlk","STATUS_DRAFT+NOT_PUBLISHED","","false","https://www.bestbottles.com/product/elegant-design-60-ml-frosted-glass-bottle-shiny-black-lotion-pump-and-cap"
"LBElgFrst60LtnShnSl","Elegant","60","Frosted","18-415","Lotion Pump","Shiny Silver","false","standalone_component_unpublished","","Ltn18-415ShnSl","STATUS_DRAFT+NOT_PUBLISHED","","false","https://www.bestbottles.com/product/elegant-design-60-ml-frosted-glass-bottle-shiny-silver-lotion-pump-and-cap"
"GBElg15SpryBlkSh","Elegant","15","Clear","13-415","Fine Mist Sprayer","Shiny Black","false","standalone_component_unpublished | assembly_unpublished_or_unsellable","","CP13-415SpryBlkSh","STATUS_DRAFT+NOT_PUBLISHED","STATUS_DRAFT+NOT_PUBLISHED","false","https://www.bestbottles.com/product/elegant-design-15-ml-glass-bottle-shiny-black-spray"
"GBElg15SpryGlSh","Elegant","15","Clear","13-415","Fine Mist Sprayer","Shiny Gold","false","standalone_component_unpublished | assembly_unpublished_or_unsellable","","CP13-415SpryGlSh","STATUS_DRAFT+NOT_PUBLISHED","STATUS_DRAFT+NOT_PUBLISHED","false","https://www.bestbottles.com/product/elegant-design-15-ml-glass-bottle-shiny-gold-spray"
"GBElg15SprySlMatt","Elegant","15","Clear","13-415","Fine Mist Sprayer","Matte Silver","false","standalone_component_unpublished | assembly_unpublished_or_unsellable","","CP13-415SprySlMt","STATUS_DRAFT+NOT_PUBLISHED","STATUS_DRAFT+NOT_PUBLISHED","false","https://www.bestbottles.com/product/elegant-design-15-ml-glass-bottle-matte-silver-spray"
"GBElg15SprySlSh","Elegant","15","Clear","13-415","Fine Mist Sprayer","Shiny Silver","false","standalone_component_unpublished | assembly_unpublished_or_unsellable","","CP13-415SprySlSh","STATUS_DRAFT+NOT_PUBLISHED","STATUS_DRAFT+NOT_PUBLISHED","false","https://www.bestbottles.com/product/elegant-design-15-ml-glass-bottle-shiny-silver-spray"
"GBElg15SpryBluMatt","Elegant","15","Clear","13-415","Fine Mist Sprayer","Matte Blue","false","standalone_component_unpublished | assembly_unpublished_or_unsellable","","CP13-415SpryBluMt","STATUS_DRAFT+NOT_PUBLISHED","STATUS_DRAFT+NOT_PUBLISHED","false","https://www.bestbottles.com/product/elegant-design-15-ml-glass-bottle-matte-blue-spray"
"GBElg15SpryCuMatt","Elegant","15","Clear","13-415","Fine Mist Sprayer","Matte Copper","false","standalone_component_unpublished | assembly_unpublished_or_unsellable","","CP13-415SpryCuMt","STATUS_DRAFT+NOT_PUBLISHED","STATUS_DRAFT+NOT_PUBLISHED","false","https://www.bestbottles.com/product/elegant-design-15-ml-glass-bottle-matte-copper-spray"
"GBElg15SpryGlMatt","Elegant","15","Clear","13-415","Fine Mist Sprayer","Matte Gold","false","standalone_component_unpublished | assembly_unpublished_or_unsellable","","CP13-415SpryGlMt","STATUS_DRAFT+NOT_PUBLISHED","STATUS_DRAFT+NOT_PUBLISHED","false","https://www.bestbottles.com/product/elegant-design-15-ml-glass-bottle-matte-gold-spray"
"GBElgFrst15SpryBlkSh","Elegant","15","Frosted","13-415","Fine Mist Sprayer","Black","false","standalone_component_unpublished","","CP13-415SpryBlkSh","STATUS_DRAFT+NOT_PUBLISHED","","false","https://www.bestbottles.com/product/elegant-design-15-ml-frosted-glass-bottle-shiny-black-spray"
"GBElgFrst15SpryBluMatt","Elegant","15","Frosted","13-415","Fine Mist Sprayer","Clear","false","standalone_component_unpublished","","CP13-415SpryBluMt","STATUS_DRAFT+NOT_PUBLISHED","","false","https://www.bestbottles.com/product/elegant-design-15-ml-frosted-glass-bottle-matte-blue-spray"
"GBElgFrst15SpryGlSh","Elegant","15","Frosted","13-415","Fine Mist Sprayer","Shiny Gold","false","standalone_component_unpublished","","CP13-415SpryGlSh","STATUS_DRAFT+NOT_PUBLISHED","","false","https://www.bestbottles.com/product/elegant-design-15-ml-frosted-glass-bottle-shiny-gold-spray"
"GBElgFrst15SprySlMatt","Elegant","15","Frosted","13-415","Fine Mist Sprayer","Matte Silver","false","standalone_component_unpublished","","CP13-415SprySlMt","STATUS_DRAFT+NOT_PUBLISHED","","false","https://www.bestbottles.com/product/elegant-design-15-ml-frosted-glass-bottle-matte-silver-spray"
"GBElgFrst15SprySlSh","Elegant","15","Frosted","13-415","Fine Mist Sprayer","Silver","false","standalone_component_unpublished","","CP13-415SprySlSh","STATUS_DRAFT+NOT_PUBLISHED","","false","https://www.bestbottles.com/product/elegant-design-15-ml-frosted-glass-bottle-shiny-silver-spray"
"GBElgFrst15SpryCuMatt","Elegant","15","Frosted","13-415","Fine Mist Sprayer","Matte Copper","false","standalone_component_unpublished","","CP13-415SpryCuMt","STATUS_DRAFT+NOT_PUBLISHED","","false","https://www.bestbottles.com/product/elegant-design-15-ml-frosted-glass-bottle-matte-copper-spray"
"GBElg60DrpCu","Elegant","60","Clear","18-415","Dropper","Copper","false","exact_component_unresolved","","","","","false","https://www.bestbottles.com/product/elegant-design-60-ml-glass-bottle-white-dropper-shiny-copper-collar-cap"
"GBElgFrst60DrpCu","Elegant","60","Frosted","18-415","Dropper","Copper","false","exact_component_unresolved","","","","","false","https://www.bestbottles.com/product/elegant-design-60-ml-frosted-glass-bottle-white-dropper-shiny-copper-collar-cap"
"GBElg60RdcrShnBlkTall","Elegant","60","Clear","18-415","Reducer","Shiny Black","false","assembly_unpublished_or_unsellable","CP18-415ShnBlkTall","CP18-415ShnBlkTall","","STATUS_DRAFT+NOT_PUBLISHED","false","https://www.bestbottles.com/product/elegant-design-60-ml-glass-bottle-reducer-tall-black-shiny-cap"
"GBElg60RdcrWht","Elegant","60","Clear","18-415","Reducer","White","false","assembly_unpublished_or_unsellable","CP18-415Wh","CP18-415Wh","","STATUS_DRAFT+NOT_PUBLISHED","false","https://www.bestbottles.com/product/elegant-design-60-ml-glass-bottle-reducer-white-cap"
"GBElg60RdcrIvyLthr","Elegant","60","Clear","18-415","Reducer","Ivory Leather","false","assembly_unpublished_or_unsellable","CP18-415LIvyLthr","CP18-415LIvyLthr","","STATUS_DRAFT+NOT_PUBLISHED","false","https://www.bestbottles.com/product/elegant-design-60-ml-glass-bottle-reducer-ivory-faux-leather-cap"
"GBElg60RdcrPnkLthr","Elegant","60","Clear","18-415","Reducer","Pink","false","assembly_unpublished_or_unsellable","CP18-415LPnkLthr","CP18-415LPnkLthr","","STATUS_DRAFT+NOT_PUBLISHED","false","https://www.bestbottles.com/product/elegant-design-60-ml-glass-bottle-reducer-pink-faux-leather-cap"
"GBElg60RdcrShnGl","Elegant","60","Clear","18-415","Reducer","Shiny Gold","false","assembly_unpublished_or_unsellable","CP18-415ShnGl","CP18-415ShnGl","","STATUS_DRAFT+NOT_PUBLISHED","false","https://www.bestbottles.com/product/elegant-design-60-ml-glass-bottle-reducer-shiny-gold-cap"
"GBElg60RdcrShnBlk","Elegant","60","Clear","18-415","Reducer","Shiny Black","false","exact_component_unresolved | assembly_unpublished_or_unsellable","","","","STATUS_DRAFT+NOT_PUBLISHED","false","https://www.bestbottles.com/product/elegant-design-60-ml-glass-bottle-reducer-black-shiny-cap"
"GBElg60RdcrBrwnLthr","Elegant","60","Clear","18-415","Reducer","Brown Leather","false","assembly_unpublished_or_unsellable","CP18-415BrwnLthr","CP18-415BrwnLthr","","STATUS_DRAFT+NOT_PUBLISHED","false","https://www.bestbottles.com/product/elegant-design-60-ml-glass-bottle-reducer-brown-faux-leather-cap"
"GBElg60RdcrLBrwnLthr","Elegant","60","Clear","18-415","Reducer","Clear","false","assembly_unpublished_or_unsellable","CP18-415LBrwnLthr","CP18-415LBrwnLthr","","STATUS_DRAFT+NOT_PUBLISHED","false","https://www.bestbottles.com/product/elegant-design-60-ml-glass-bottle-reducer-light-brown-faux-leather-cap"
"GBElg60RdcrShnSl","Elegant","60","Clear","18-415","Reducer","Shiny Silver","false","assembly_unpublished_or_unsellable","CP18-415ShnSl","CP18-415ShnSl","","STATUS_DRAFT+NOT_PUBLISHED","false","https://www.bestbottles.com/product/elegant-design-60-ml-glass-bottle-reducer-shiny-silver-cap"
"GBElg15MtlRollCuMatt","Elegant","15","Clear","13-415","Metal Roller Ball","Matte Copper","false","assembly_unpublished_or_unsellable","CPRoll13-415Cu","CPRoll13-415Cu","","STATUS_DRAFT+NOT_PUBLISHED","false","https://www.bestbottles.com/product/elegant-design-15-ml-glass-bottle-metal-roller-ball-plug-matte-copper-cap"
"GBElg60RdcrMtSlTall","Elegant","60","Clear","18-415","Reducer","Matte Silver","false","assembly_unpublished_or_unsellable","CP18-415MtSlTall","CP18-415MtSlTall","","STATUS_DRAFT+NOT_PUBLISHED","false","https://www.bestbottles.com/product/elegant-design-60-ml-glass-bottle-reducer-tall-silver-matte-cap"
"GBElg15MtlRollGlMatt","Elegant","15","Clear","13-415","Metal Roller Ball","Matte Gold","false","assembly_unpublished_or_unsellable","CPRoll13-415GlMt","CPRoll13-415GlMt","","STATUS_DRAFT+NOT_PUBLISHED","false","https://www.bestbottles.com/product/elegant-design-15-ml-glass-bottle-metal-roller-ball-plug-matte-gold-cap"
"GBElg60RdcrMtSl","Elegant","60","Clear","18-415","Reducer","Matte Silver","false","assembly_unpublished_or_unsellable","CP18-415MtSl","CP18-415MtSl","","STATUS_DRAFT+NOT_PUBLISHED","false","https://www.bestbottles.com/product/elegant-design-60-ml-glass-bottle-reducer-silver-matte-cap"
"GBElg15MtlRollGlSh","Elegant","15","Clear","13-415","Metal Roller Ball","Shiny Gold","false","assembly_unpublished_or_unsellable","CPRoll13-415GlSh","CPRoll13-415GlSh","","STATUS_DRAFT+NOT_PUBLISHED","false","https://www.bestbottles.com/product/elegant-design-15-ml-glass-bottle-metal-roller-ball-plug-shiny-gold-cap"
"GBElgFrst60RdcrShnBlk","Elegant","60","Frosted","18-415","Reducer","Shiny Black","false","exact_component_unresolved | assembly_unpublished_or_unsellable","","","","STATUS_DRAFT+NOT_PUBLISHED","false","https://www.bestbottles.com/product/elegant-design-60-ml-frosted-glass-bottle-reducer-black-shiny-cap"
"GBElg15MtlRollPinkDot","Elegant","15","Clear","13-415","Metal Roller Ball","Pink Dotted","false","assembly_unpublished_or_unsellable","CPRoll13-415PinkDot","CPRoll13-415PinkDot","","STATUS_DRAFT+NOT_PUBLISHED","false","https://www.bestbottles.com/product/elegant-design-15-ml-glass-bottle-metal-roller-ball-plug-pink-cap-with-dots"
"GBElgFrst60RdcrShnGl","Elegant","60","Frosted","18-415","Reducer","Shiny Gold","false","assembly_unpublished_or_unsellable","CP18-415ShnGl","CP18-415ShnGl","","STATUS_DRAFT+NOT_PUBLISHED","false","https://www.bestbottles.com/product/elegant-design-60-ml-frosted-glass-bottle-reducer-shiny-gold-cap"
"GBElg15MtlRollSlDot","Elegant","15","Clear","13-415","Metal Roller Ball","Silver Dotted","false","assembly_unpublished_or_unsellable","CPRoll13-415SlDot","CPRoll13-415SlDot","","STATUS_DRAFT+NOT_PUBLISHED","false","https://www.bestbottles.com/product/elegant-design-15-ml-glass-bottle-metal-roller-ball-plug-silver-cap-with-dots"
"LBElg100LtnMtGl","Elegant","100","Clear","18-415","Lotion Pump","Matte Gold","false","standalone_component_unpublished","","Ltn18-415MtGl","STATUS_DRAFT+NOT_PUBLISHED","","false","https://www.bestbottles.com/product/elegant-design-105-ml-glass-bottle-matte-gold-lotion-pump-and-cap"
"GBElgFrst60RdcrShnSl","Elegant","60","Frosted","18-415","Reducer","Shiny Silver","false","assembly_unpublished_or_unsellable","CP18-415ShnSl","CP18-415ShnSl","","STATUS_DRAFT+NOT_PUBLISHED","false","https://www.bestbottles.com/product/elegant-design-60-ml-frosted-glass-bottle-reducer-shiny-silver-cap"
"GBElg15MtlRollSlMatt","Elegant","15","Clear","13-415","Metal Roller Ball","Matte Silver","false","assembly_unpublished_or_unsellable","CPRoll13-415SlMt","CPRoll13-415SlMt","","STATUS_DRAFT+NOT_PUBLISHED","false","https://www.bestbottles.com/product/elegant-design-15-ml-glass-bottle-metal-roller-ball-plug-matte-silver-cap"
"LBElg100LtnShnGl","Elegant","100","Clear","18-415","Lotion Pump","Shiny Gold","false","standalone_component_unpublished","","Ltn18-415ShnGl","STATUS_DRAFT+NOT_PUBLISHED","","false","https://www.bestbottles.com/product/elegant-design-105-ml-glass-bottle-shiny-gold-lotion-pump-and-cap"
"GBElgFrst60RdcrWht","Elegant","60","Frosted","18-415","Reducer","White","false","assembly_unpublished_or_unsellable","CP18-415Wh","CP18-415Wh","","STATUS_DRAFT+NOT_PUBLISHED","false","https://www.bestbottles.com/product/elegant-design-60-ml-frosted-glass-bottle-reducer-white-cap"
"GBElg15MtlRollSlSh","Elegant","15","Clear","13-415","Metal Roller Ball","Shiny Silver","false","assembly_unpublished_or_unsellable","CPRoll13-415SlSh","CPRoll13-415SlSh","","STATUS_DRAFT+NOT_PUBLISHED","false","https://www.bestbottles.com/product/elegant-design-15-ml-glass-bottle-metal-roller-ball-plug-shiny-silver-cap"
"LBElg100LtnShnBlk","Elegant","100","Clear","18-415","Lotion Pump","Shiny Black","false","standalone_component_unpublished","","Ltn18-415ShnBlk","STATUS_DRAFT+NOT_PUBLISHED","","false","https://www.bestbottles.com/product/elegant-design-105-ml-glass-bottle-shiny-black-lotion-pump-and-cap"
"GBElgFrst60RdcrShnBlkTall","Elegant","60","Frosted","18-415","Reducer","Shiny Black","false","assembly_unpublished_or_unsellable","CP18-415ShnBlkTall","CP18-415ShnBlkTall","","STATUS_DRAFT+NOT_PUBLISHED","false","https://www.bestbottles.com/product/elegant-design-60-ml-frosted-glass-bottle-reducer-tall-black-shiny-cap"
"GBElg15MtlRollBlkSh","Elegant","15","Clear","13-415","Metal Roller Ball","Shiny Black","false","assembly_unpublished_or_unsellable","CPRoll13-415BlkSh","CPRoll13-415BlkSh","","STATUS_DRAFT+NOT_PUBLISHED","false","https://www.bestbottles.com/product/elegant-design-15-ml-glass-bottle-metal-roller-ball-plug-black-shiny-cap"
"GBElgFrst60RdcrBrwnLthr","Elegant","60","Frosted","18-415","Reducer","Brown Leather","false","assembly_unpublished_or_unsellable","CP18-415BrwnLthr","CP18-415BrwnLthr","","STATUS_DRAFT+NOT_PUBLISHED","false","https://www.bestbottles.com/product/elegant-design-60-ml-frosted-glass-bottle-reducer-brown-faux-leather-cap"
"LBElg100LtnMtSl","Elegant","100","Clear","18-415","Lotion Pump","Matte Silver","false","exact_component_unresolved","","","","","false","https://www.bestbottles.com/product/elegant-design-105-ml-glass-bottle-matte-silver-lotion-pump-and-cap"
"GBElgFrst15MtlRollSlDot","Elegant","15","Frosted","13-415","Metal Roller Ball","Silver","false","media_or_configuration_invalid","CPRoll13-415SlDot","CPRoll13-415SlDot","","","false","https://www.bestbottles.com/product/elegant-design-15-ml-frosted-glass-bottle-metal-roller-ball-plug-silver-cap-with-dots"
"LBElg100LtnShnSl","Elegant","100","Clear","18-415","Lotion Pump","Shiny Silver","false","standalone_component_unpublished","","Ltn18-415ShnSl","STATUS_DRAFT+NOT_PUBLISHED","","false","https://www.bestbottles.com/product/elegant-design-105-ml-glass-bottle-shiny-silver-lotion-pump-and-cap"
"GBElgFrst60RdcrLBrwnLthr","Elegant","60","Frosted","18-415","Reducer","Light Brown Leather","false","assembly_unpublished_or_unsellable","CP18-415LBrwnLthr","CP18-415LBrwnLthr","","STATUS_DRAFT+NOT_PUBLISHED","false","https://www.bestbottles.com/product/elegant-design-60-ml-frosted-glass-bottle-reducer-light-brown-faux-leather-cap"
"GBElgFrst15MtlRollPinkDot","Elegant","15","Frosted","13-415","Metal Roller Ball","Clear","false","media_or_configuration_invalid","CPRoll13-415PinkDot","CPRoll13-415PinkDot","","","false","https://www.bestbottles.com/product/elegant-design-15-ml-frosted-glass-bottle-metal-roller-ball-plug-pink-cap-with-dots"
"LBElg100LtnCu","Elegant","100","Clear","18-415","Lotion Pump","Copper","false","standalone_component_unpublished","","Ltn18-415Cu","STATUS_DRAFT+NOT_PUBLISHED","","false","https://www.bestbottles.com/product/elegant-design-105-ml-glass-bottle-matte-copper-lotion-pump-and-cap"
"GBElgFrst60RdcrMtSlTall","Elegant","60","Frosted","18-415","Reducer","Matte Silver","false","assembly_unpublished_or_unsellable","CP18-415MtSlTall","CP18-415MtSlTall","","STATUS_DRAFT+NOT_PUBLISHED","false","https://www.bestbottles.com/product/elegant-design-60-ml-frosted-glass-bottle-reducer-tall-silver-matte-cap"
"GBElgFrst15MtlRollSlMatt","Elegant","15","Frosted","13-415","Metal Roller Ball","Matte Silver","false","media_or_configuration_invalid","CPRoll13-415SlMt","CPRoll13-415SlMt","","","false","https://www.bestbottles.com/product/elegant-design-15-ml-frosted-glass-bottle-metal-roller-ball-plug-matte-silver-cap"
"LBElg100WhtClOvrCp","Elegant","100","Clear","18-415","Lotion Pump","Overcap","false","exact_component_unresolved","","","","","false","https://www.bestbottles.com/product/elegant-design-105-ml-glass-bottle-white-rectangular-clear-over-the-cap"
"GBElgFrst60RdcrMtSl","Elegant","60","Frosted","18-415","Reducer","Matte Silver","false","assembly_unpublished_or_unsellable","CP18-415MtSl","CP18-415MtSl","","STATUS_DRAFT+NOT_PUBLISHED","false","https://www.bestbottles.com/product/elegant-design-60-ml-frosted-glass-bottle-reducer-silver-matte-cap"
"GBElgFrst60RdcrPnkLthr","Elegant","60","Frosted","18-415","Reducer","Pink Leather","false","assembly_unpublished_or_unsellable","CP18-415LPnkLthr","CP18-415LPnkLthr","","STATUS_DRAFT+NOT_PUBLISHED","false","https://www.bestbottles.com/product/elegant-design-60-ml-frosted-glass-bottle-reducer-pink-faux-leather-cap"
"GBElgFrst15MtlRollGlSh","Elegant","15","Frosted","13-415","Metal Roller Ball","Shiny Gold","false","media_or_configuration_invalid","CPRoll13-415GlSh","CPRoll13-415GlSh","","","false","https://www.bestbottles.com/product/elegant-design-15-ml-frosted-glass-bottle-metal-roller-ball-plug-shiny-gold-cap"
"GBElgFrst60RdcrIvyLthr","Elegant","60","Frosted","18-415","Reducer","Ivory Leather","false","assembly_unpublished_or_unsellable","CP18-415LIvyLthr","CP18-415LIvyLthr","","STATUS_DRAFT+NOT_PUBLISHED","false","https://www.bestbottles.com/product/elegant-design-60-ml-frosted-glass-bottle-reducer-ivory-faux-leather-cap"
"GBElgFrst15MtlRollSlSh","Elegant","15","Frosted","13-415","Metal Roller Ball","Silver","false","media_or_configuration_invalid","CPRoll13-415SlSh","CPRoll13-415SlSh","","","false","https://www.bestbottles.com/product/elegant-design-15-ml-frosted-glass-bottle-metal-roller-ball-plug-shiny-silver-cap"
"GBElgFrst15MtlRollCuMatt","Elegant","15","Frosted","13-415","Metal Roller Ball","Matte Copper","false","media_or_configuration_invalid","CPRoll13-415Cu","CPRoll13-415Cu","","","false","https://www.bestbottles.com/product/elegant-design-15-ml-frosted-glass-bottle-metal-roller-ball-plug-matte-copper-cap"
"GBElgFrst15MtlRollBlkSh","Elegant","15","Frosted","13-415","Metal Roller Ball","Black","false","media_or_configuration_invalid","CPRoll13-415BlkSh","CPRoll13-415BlkSh","","","false","https://www.bestbottles.com/product/elegant-design-15-ml-frosted-glass-bottle-metal-roller-ball-plug-black-shiny-cap"
"LBElg60LtnClrOvrCap","Elegant","60","Clear","18-415","Lotion Pump","Clear Overcap","false","exact_component_unresolved","","","","","false","https://www.bestbottles.com/product/elegant-design-60-ml-glass-bottle-clear-over-the-cap-lotion-pump-matte-silver-collar-cap"
"LBElgFrst60LtnClOvrCap","Elegant","60","Frosted","18-415","Lotion Pump","Clear Overcap","false","exact_component_unresolved","","","","","false","https://www.bestbottles.com/product/elegant-design-60-ml-frosted-glass-bottle-clear-over-the-cap-lotion-pump-matte-silver-collar-cap"
"GBElg15MinarCu","Elegant","15","Clear","13-415","Cap/Closure","Matte Copper","false","missing_bottle_component_links | exact_component_unresolved","","","","","false","https://www.bestbottles.com/product/elegant-design-15-ml-glass-bottle-matte-copper-minaret-cap"
"GBElgFrst15BlkShSht","Elegant","15","Frosted","13-415","N/A","","false","missing_bottle_component_links | exact_component_unresolved","","","","","false","https://www.bestbottles.com/product/elegant-design-15-ml-frosted-glass-bottle-short-shiny-black-cap"
"GBElgFrst15SpryGlMatt","Elegant","15","Frosted","13-415","Fine Mist Sprayer","Matte Gold","false","standalone_component_unpublished","","CP13-415SpryGlMt","STATUS_DRAFT+NOT_PUBLISHED","","false",""
"GBElgFrst15CuSht","Elegant","15","Frosted","13-415","","Matte Copper","false","exact_component_unresolved","","","","","false",""
"GBElgFrst15GlMattSht","Elegant","15","Frosted","13-415","","Matte Gold","false","exact_component_unresolved","","","","","false",""
"GBElgFrst15SlMattSht","Elegant","15","Frosted","13-415","","Matte Silver","false","exact_component_unresolved","","","","","false",""
"GBElgFrst15GlSht","Elegant","15","Frosted","13-415","","Shiny Gold","false","exact_component_unresolved","","","","","false",""
"GBElgFrst15SlSht","Elegant","15","Frosted","13-415","","Shiny Silver","false","exact_component_unresolved","","","","","false",""
"GBElg15MinarSl","Elegant","15","Clear","13-415","Cap/Closure","Shiny Silver","false","missing_bottle_component_links | exact_component_unresolved | assembly_unpublished_or_unsellable","","","","STATUS_DRAFT+NOT_PUBLISHED","false",""
"GBElg15CuSht","Elegant","15","Clear","13-415","","Matte Copper","false","exact_component_unresolved | assembly_unpublished_or_unsellable","","","","STATUS_DRAFT+NOT_PUBLISHED","false",""
"GBElg15GlMattSht","Elegant","15","Clear","13-415","","Matte Gold","false","exact_component_unresolved | assembly_unpublished_or_unsellable","","","","STATUS_DRAFT+NOT_PUBLISHED","false",""
"GBElg15SlMattSht","Elegant","15","Clear","13-415","","Matte Silver","false","exact_component_unresolved | assembly_unpublished_or_unsellable","","","","STATUS_DRAFT+NOT_PUBLISHED","false",""
"GBElg15BlkShSht","Elegant","15","Clear","13-415","","Shiny Black","false","exact_component_unresolved | assembly_unpublished_or_unsellable","","","","STATUS_DRAFT+NOT_PUBLISHED","false",""
"GBElg15GlSht","Elegant","15","Clear","13-415","","Shiny Gold","false","exact_component_unresolved | assembly_unpublished_or_unsellable","","","","STATUS_DRAFT+NOT_PUBLISHED","false",""
"GBElg15SlSht","Elegant","15","Clear","13-415","","Shiny Silver","false","exact_component_unresolved | assembly_unpublished_or_unsellable","","","","STATUS_DRAFT+NOT_PUBLISHED","false",""
"GBElgFrst15MinarCu","Elegant","15","Frosted","13-415","Plastic Roller Ball","Matte Copper","false","media_or_configuration_invalid","CPRoll13-415Cu","CPRoll13-415Cu","","","false",""
"GBElgFrst15MinarSl","Elegant","15","Frosted","13-415","Plastic Roller Ball","Shiny Silver","false","exact_component_unresolved","","","","","false",""
"GBEmp50AnSpTslRed","Empire","50","Clear","18-415","Vintage Bulb Sprayer with Tassel","Red","false","media_or_configuration_invalid","AnSpTsl18-415Red","AnSpTsl18-415Red","","","false","https://www.bestbottles.com/product/empire-design-50-ml-glass-bottle-red-vintage-style-sprayer-with-tassel-shiny-silver-collar"
"GBEmp50AnSpTslWht","Empire","50","Clear","18-415","Vintage Bulb Sprayer with Tassel","White","false","media_or_configuration_invalid","AnSpTsl18-415Wht","AnSpTsl18-415Wht","","","false","https://www.bestbottles.com/product/empire-design-50-ml-glass-bottle-white-vintage-style-sprayer-with-tassel-shiny-silver-collar"
"GBEmp50AnSpTslMtSl","Empire","50","Clear","18-415","Vintage Bulb Sprayer with Tassel","Matte Silver","false","media_or_configuration_invalid","AnSpTsl18-415MtS","AnSpTsl18-415MtS","","","false","https://www.bestbottles.com/product/empire-design-50-ml-glass-bottle-matte-silver-vintage-style-sprayer-with-tassel-matte-silver-collar"
"LBEmp100LtnClOvrCap","Empire","100","Clear","18-415","Lotion Pump","Clear Overcap","false","exact_component_unresolved","","","","","false","https://www.bestbottles.com/product/empire-design-100-ml-glass-bottle-clear-over-the-cap-lotion-pump-matte-silver-collar-cap"
"GBEmp50SpryMtSl","Empire","50","Clear","18-415","Perfume Spray Pump","Matte Silver","false","standalone_component_unpublished","","Spry18-415MtSl","STATUS_DRAFT+NOT_PUBLISHED","","false","https://www.bestbottles.com/product/empire-design-50-ml-glass-bottle-matte-silver-spray-pump-and-cap"
"GBEmp50SpryShnSl","Empire","50","Clear","18-415","Perfume Spray Pump","Shiny Silver","false","standalone_component_unpublished","","Spry18-415ShnSl","STATUS_DRAFT+NOT_PUBLISHED","","false","https://www.bestbottles.com/product/empire-design-50-ml-glass-bottle-shiny-silver-spray-and-cap"
"GBEmp50SpryShnGl","Empire","50","Clear","18-415","Perfume Spray Pump","Shiny Gold","false","standalone_component_unpublished","","Spry18-415ShnGl","STATUS_DRAFT+NOT_PUBLISHED","","false","https://www.bestbottles.com/product/empire-design-50-ml-glass-bottle-shiny-gold-spray-pump-and-cap"
"GBEmp50SpryShnBlk","Empire","50","Clear","18-415","Perfume Spray Pump","Shiny Black","false","standalone_component_unpublished","","Spry18-415ShnBlk","STATUS_DRAFT+NOT_PUBLISHED","","false","https://www.bestbottles.com/product/empire-design-50-ml-glass-bottle-shiny-black-spray-pump-and-cap"
"GBEmp50SpryMtGl","Empire","50","Clear","18-415","Perfume Spray Pump","Matte Gold","false","standalone_component_unpublished","","Spry18-415MtGl","STATUS_DRAFT+NOT_PUBLISHED","","false","https://www.bestbottles.com/product/empire-design-50-ml-glass-bottle-matte-gold-spray-pump-and-cap"
"GBEmp100RdcrShnGl","Empire","100","Clear","18-415","Reducer","Shiny Gold","false","assembly_unpublished_or_unsellable","CP18-415ShnGl","CP18-415ShnGl","","STATUS_DRAFT+NOT_PUBLISHED","false","https://www.bestbottles.com/product/empire-design-100-ml-glass-bottle-reducer-shiny-gold-cap"
"GBEmp100RdcrShnBlkTall","Empire","100","Clear","18-415","Reducer","Shiny Black","false","assembly_unpublished_or_unsellable","CP18-415ShnBlkTall","CP18-415ShnBlkTall","","STATUS_DRAFT+NOT_PUBLISHED","false","https://www.bestbottles.com/product/empire-design-100-ml-glass-bottle-reducer-tall-black-shiny-cap"
"GBEmp50SpryCu","Empire","50","Clear","18-415","Perfume Spray Pump","Copper","false","standalone_component_unpublished","","Spry18-415Cu","STATUS_DRAFT+NOT_PUBLISHED","","false","https://www.bestbottles.com/product/empire-design-50-ml-glass-bottle-matte-copper-spray-and-cap"
"GBEmp100RdcrBrwnLthr","Empire","100","Clear","18-415","Reducer","Brown Leather","false","assembly_unpublished_or_unsellable","CP18-415BrwnLthr","CP18-415BrwnLthr","","STATUS_DRAFT+NOT_PUBLISHED","false","https://www.bestbottles.com/product/empire-design-100-ml-glass-bottle-reducer-brown-faux-leather-cap"
"GBEmp50DrpSl","Empire","50","Clear","18-415","Dropper","Silver","false","media_or_configuration_invalid","Drp18-415Sl","Drp18-415Sl","","","false","https://www.bestbottles.com/product/empire-design-50-ml-glass-bottle-white-dropper-shiny-silver-collar-cap"
"GBEmp100RdcrLBrwnLthr","Empire","100","Clear","18-415","Reducer","Light Brown Leather","false","assembly_unpublished_or_unsellable","CP18-415LBrwnLthr","CP18-415LBrwnLthr","","STATUS_DRAFT+NOT_PUBLISHED","false","https://www.bestbottles.com/product/empire-design-100-ml-glass-bottle-reducer-light-brown-faux-leather-cap"
"GBEmp50DrpGl","Empire","50","Clear","18-415","Dropper","Gold","false","media_or_configuration_invalid","Drp18-415Gl","Drp18-415Gl","","","false","https://www.bestbottles.com/product/empire-design-50-ml-glass-bottle-white-dropper-shiny-gold-collar-cap"
"GBEmp100RdcrShnSl","Empire","100","Clear","18-415","Reducer","Shiny Silver","false","assembly_unpublished_or_unsellable","CP18-415ShnSl","CP18-415ShnSl","","STATUS_DRAFT+NOT_PUBLISHED","false","https://www.bestbottles.com/product/empire-design-100-ml-glass-bottle-reducer-shiny-silver-cap"
"GBEmp100RdcrMtSlTall","Empire","100","Clear","18-415","Reducer","Matte Silver","false","assembly_unpublished_or_unsellable","CP18-415MtSlTall","CP18-415MtSlTall","","STATUS_DRAFT+NOT_PUBLISHED","false","https://www.bestbottles.com/product/empire-design-100-ml-glass-bottle-reducer-tall-silver-matte-cap"
"GBEmp100RdcrMtSl","Empire","100","Clear","18-415","Reducer","Matte Silver","false","assembly_unpublished_or_unsellable","CP18-415MtSl","CP18-415MtSl","","STATUS_DRAFT+NOT_PUBLISHED","false","https://www.bestbottles.com/product/empire-design-100-ml-glass-bottle-reducer-silver-matte-cap"
"GBEmp100RdcrWht","Empire","100","Clear","18-415","Reducer","White","false","assembly_unpublished_or_unsellable","CP18-415Wh","CP18-415Wh","","STATUS_DRAFT+NOT_PUBLISHED","false","https://www.bestbottles.com/product/empire-design-100-ml-glass-bottle-reducer-white-cap"
"GBEmp100RdcrPnkLthr","Empire","100","Clear","18-415","Reducer","Pink Leather","false","assembly_unpublished_or_unsellable","CP18-415LPnkLthr","CP18-415LPnkLthr","","STATUS_DRAFT+NOT_PUBLISHED","false","https://www.bestbottles.com/product/empire-design-100-ml-glass-bottle-reducer-pink-faux-leather-cap"
"GBEmp100RdcrIvyLthr","Empire","100","Clear","18-415","Reducer","Ivory Leather","false","assembly_unpublished_or_unsellable","CP18-415LIvyLthr","CP18-415LIvyLthr","","STATUS_DRAFT+NOT_PUBLISHED","false","https://www.bestbottles.com/product/empire-design-100-ml-glass-bottle-reducer-ivory-faux-leather-cap"
"GBEmp100RdcrShnBlk","Empire","100","Clear","18-415","Reducer","Shiny Black","false","exact_component_unresolved | assembly_unpublished_or_unsellable","","","","STATUS_DRAFT+NOT_PUBLISHED","false","https://www.bestbottles.com/product/empire-design-100-ml-glass-bottle-reducer-black-shiny-cap"
"GBEmp100SpryCu","Empire","100","Clear","18-415","Perfume Spray Pump","Copper","false","standalone_component_unpublished","","Spry18-415Cu","STATUS_DRAFT+NOT_PUBLISHED","","false","https://www.bestbottles.com/product/empire-design-100-ml-glass-bottle-matte-copper-spray-and-cap"
"GBEmp50RdcrBlkLthr","Empire","50","Clear","18-415","Reducer","Black Leather","false","assembly_unpublished_or_unsellable","CP18-415BlkLthr","CP18-415BlkLthr","","STATUS_DRAFT+NOT_PUBLISHED","false","https://www.bestbottles.com/product/empire-design-50-ml-glass-bottle-reducer-black-faux-leather-cap"
"GBEmp50AnSpBlk","Empire","50","Clear","18-415","Vintage Bulb Sprayer","Black","false","media_or_configuration_invalid","AnSp18-415Blk","AnSp18-415Blk","","","false","https://www.bestbottles.com/product/empire-design-50-ml-glass-bottle-black-vintage-style-bulb-sprayer-shiny-silver-collar-cap"
"GBEmp100RdcrBlkLthr","Empire","100","Clear","18-415","Reducer","Black Leather","false","assembly_unpublished_or_unsellable","CP18-415BlkLthr","CP18-415BlkLthr","","STATUS_DRAFT+NOT_PUBLISHED","false","https://www.bestbottles.com/product/empire-design-100-ml-glass-bottle-reducer-black-faux-leather-cap"
"GBEmp50AnSpTslBlk","Empire","50","Clear","18-415","Vintage Bulb Sprayer with Tassel","Black","false","media_or_configuration_invalid","AnSpTsl18-415Blk","AnSpTsl18-415Blk","","","false","https://www.bestbottles.com/product/empire-design-50-ml-glass-bottle-black-vintage-style-sprayer-with-tassel-shiny-silver-collar"
"GBEmp100SpryMtGl","Empire","100","Clear","18-415","Perfume Spray Pump","Matte Gold","false","standalone_component_unpublished","","Spry18-415MtGl","STATUS_DRAFT+NOT_PUBLISHED","","false","https://www.bestbottles.com/product/empire-design-100-ml-glass-bottle-matte-gold-spray-pump-and-cap"
"GBEmp100SpryShnGl","Empire","100","Clear","18-415","Perfume Spray Pump","Shiny Gold","false","standalone_component_unpublished","","Spry18-415ShnGl","STATUS_DRAFT+NOT_PUBLISHED","","false","https://www.bestbottles.com/product/empire-design-100-ml-glass-bottle-shiny-gold-spray-pump-and-cap"
"GBEmp100SpryShnBlk","Empire","100","Clear","18-415","Perfume Spray Pump","Shiny Black","false","standalone_component_unpublished","","Spry18-415ShnBlk","STATUS_DRAFT+NOT_PUBLISHED","","false","https://www.bestbottles.com/product/empire-design-100-ml-glass-bottle-shiny-black-spray-pump-and-cap"
"GBEmp100SpryMtSl","Empire","100","Clear","18-415","Perfume Spray Pump","Matte Silver","false","standalone_component_unpublished","","Spry18-415MtSl","STATUS_DRAFT+NOT_PUBLISHED","","false","https://www.bestbottles.com/product/empire-design-100-ml-glass-bottle-matte-silver-spray-pump-and-cap"
"GBEmp100SpryShnSl","Empire","100","Clear","18-415","Perfume Spray Pump","Shiny Silver","false","standalone_component_unpublished","","Spry18-415ShnSl","STATUS_DRAFT+NOT_PUBLISHED","","false","https://www.bestbottles.com/product/empire-design-100-ml-glass-bottle-shiny-silver-spray-and-cap"
"GBEmp100AnSpBlk","Empire","100","Clear","18-415","Vintage Bulb Sprayer","Black","false","media_or_configuration_invalid","AnSp18-415Blk","AnSp18-415Blk","","","false","https://www.bestbottles.com/product/empire-design-100-ml-glass-bottle-black-vintage-style-bulb-sprayer-shiny-silver-collar-cap"
"GBEmp100AnSpTslBlk","Empire","100","Clear","18-415","Vintage Bulb Sprayer with Tassel","Black","false","media_or_configuration_invalid","AnSpTsl18-415Blk","AnSpTsl18-415Blk","","","false","https://www.bestbottles.com/product/empire-design-100-ml-glass-bottle-black-vintage-style-sprayer-with-tassel-shiny-silver-collar"
"LBEmp50LtnMtGl","Empire","50","Clear","18-415","Lotion Pump","Matte Gold","false","standalone_component_unpublished","","Ltn18-415MtGl","STATUS_DRAFT+NOT_PUBLISHED","","false","https://www.bestbottles.com/product/empire-design-50-ml-glass-bottle-matte-gold-lotion-pump-and-cap"
"LBEmp50LtnShnGl","Empire","50","Clear","18-415","Lotion Pump","Shiny Gold","false","standalone_component_unpublished","","Ltn18-415ShnGl","STATUS_DRAFT+NOT_PUBLISHED","","false","https://www.bestbottles.com/product/empire-design-50-ml-glass-bottle-shiny-gold-lotion-pump-and-cap"
"LBEmp50LtnShnBlk","Empire","50","Clear","18-415","Lotion Pump","Shiny Black","false","standalone_component_unpublished","","Ltn18-415ShnBlk","STATUS_DRAFT+NOT_PUBLISHED","","false","https://www.bestbottles.com/product/empire-design-50-ml-glass-bottle-shiny-black-lotion-pump-and-cap"
"LBEmp50LtnMtSl","Empire","50","Clear","18-415","Lotion Pump","Matte Silver","false","exact_component_unresolved","","","","","false","https://www.bestbottles.com/product/empire-design-50-ml-glass-bottle-matte-silver-lotion-pump-and-cap"
"LBEmp50LtnShnSl","Empire","50","Clear","18-415","Lotion Pump","Shiny Silver","false","standalone_component_unpublished","","Ltn18-415ShnSl","STATUS_DRAFT+NOT_PUBLISHED","","false","https://www.bestbottles.com/product/empire-design-50-ml-glass-bottle-shiny-silver-lotion-pump-and-cap"
"LBEmp50WhtClOvrCp","Empire","50","Clear","18-415","Lotion Pump","Overcap","false","exact_component_unresolved","","","","","false","https://www.bestbottles.com/product/empire-design-50-ml-glass-bottle-white-rectangular-clear-over-the-cap"
"LBEmp50LtnCu","Empire","50","Clear","18-415","Lotion Pump","Copper","false","standalone_component_unpublished","","Ltn18-415Cu","STATUS_DRAFT+NOT_PUBLISHED","","false","https://www.bestbottles.com/product/empire-design-50-ml-glass-bottle-matte-copper-lotion-pump-and-cap"
"GBEmp50RdcrShnSl","Empire","50","Clear","18-415","Reducer","Shiny Silver","false","assembly_unpublished_or_unsellable","CP18-415ShnSl","CP18-415ShnSl","","STATUS_DRAFT+NOT_PUBLISHED","false","https://www.bestbottles.com/product/empire-design-50-ml-glass-bottle-reducer-shiny-silver-cap"
"GBEmp50RdcrShnGl","Empire","50","Clear","18-415","Reducer","Shiny Gold","false","assembly_unpublished_or_unsellable","CP18-415ShnGl","CP18-415ShnGl","","STATUS_DRAFT+NOT_PUBLISHED","false","https://www.bestbottles.com/product/empire-design-50-ml-glass-bottle-reducer-shiny-gold-cap"
"GBEmp50RdcrShnBlk","Empire","50","Clear","18-415","Reducer","Shiny Black","false","exact_component_unresolved | assembly_unpublished_or_unsellable","","","","STATUS_DRAFT+NOT_PUBLISHED","false","https://www.bestbottles.com/product/empire-design-50-ml-glass-bottle-reducer-black-shiny-cap"
"GBEmp50RdcrIvyLthr","Empire","50","Clear","18-415","Reducer","Ivory Leather","false","assembly_unpublished_or_unsellable","CP18-415LIvyLthr","CP18-415LIvyLthr","","STATUS_DRAFT+NOT_PUBLISHED","false","https://www.bestbottles.com/product/empire-design-50-ml-glass-bottle-reducer-ivory-faux-leather-cap"
"GBEmp50RdcrPnkLthr","Empire","50","Clear","18-415","Reducer","Pink Leather","false","assembly_unpublished_or_unsellable","CP18-415LPnkLthr","CP18-415LPnkLthr","","STATUS_DRAFT+NOT_PUBLISHED","false","https://www.bestbottles.com/product/empire-design-50-ml-glass-bottle-reducer-pink-faux-leather-cap"
"GBEmp50RdcrShnBlkTall","Empire","50","Clear","18-415","Reducer","Shiny Black","false","assembly_unpublished_or_unsellable","CP18-415ShnBlkTall","CP18-415ShnBlkTall","","STATUS_DRAFT+NOT_PUBLISHED","false","https://www.bestbottles.com/product/empire-design-50-ml-glass-bottle-reducer-tall-black-shiny-cap"
"GBEmp50RdcrBrwnLthr","Empire","50","Clear","18-415","Reducer","Brown Leather","false","assembly_unpublished_or_unsellable","CP18-415BrwnLthr","CP18-415BrwnLthr","","STATUS_DRAFT+NOT_PUBLISHED","false","https://www.bestbottles.com/product/empire-design-50-ml-glass-bottle-reducer-brown-faux-leather-cap"
"GBEmp50RdcrLBrwnLthr","Empire","50","Clear","18-415","Reducer","Light Brown Leather","false","assembly_unpublished_or_unsellable","CP18-415LBrwnLthr","CP18-415LBrwnLthr","","STATUS_DRAFT+NOT_PUBLISHED","false","https://www.bestbottles.com/product/empire-design-50-ml-glass-bottle-reducer-light-brown-faux-leather-cap"
"GBEmp50RdcrMtSlTall","Empire","50","Clear","18-415","Reducer","Matte Silver","false","assembly_unpublished_or_unsellable","CP18-415MtSlTall","CP18-415MtSlTall","","STATUS_DRAFT+NOT_PUBLISHED","false","https://www.bestbottles.com/product/empire-design-50-ml-glass-bottle-reducer-tall-silver-matte-cap"
"GBEmp50RdcrMtSl","Empire","50","Clear","18-415","Reducer","Matte Silver","false","assembly_unpublished_or_unsellable","CP18-415MtSl","CP18-415MtSl","","STATUS_DRAFT+NOT_PUBLISHED","false","https://www.bestbottles.com/product/empire-design-50-ml-glass-bottle-reducer-silver-matte-cap"
"GBEmp50RdcrWht","Empire","50","Clear","18-415","Reducer","White","false","assembly_unpublished_or_unsellable","CP18-415Wh","CP18-415Wh","","STATUS_DRAFT+NOT_PUBLISHED","false","https://www.bestbottles.com/product/empire-design-50-ml-glass-bottle-reducer-white-cap"
"GBEmp100AnSpLvn","Empire","100","Clear","18-415","Vintage Bulb Sprayer","Lavender","false","media_or_configuration_invalid","AnSp18-415Lvn","AnSp18-415Lvn","","","false","https://www.bestbottles.com/product/empire-design-100-ml-glass-bottle-lavender-vintage-style-bulb-sprayer-shiny-silver-collar-cap"
"GBEmp100AnSpPnk","Empire","100","Clear","18-415","Vintage Bulb Sprayer","Pink","false","media_or_configuration_invalid","CP18-415AnSpPnk","CP18-415AnSpPnk","","","false","https://www.bestbottles.com/product/empire-design-100-ml-glass-bottle-pink-vintage-style-bulb-sprayer-shiny-gold-collar-cap"
"GBEmp100AnSpMtSl","Empire","100","Clear","18-415","Vintage Bulb Sprayer","Matte Silver","false","media_or_configuration_invalid","AnSp18-415MtSl","AnSp18-415MtSl","","","false","https://www.bestbottles.com/product/empire-design-100-ml-glass-bottle-matte-silver-vintage-style-sprayer-matte-silver-collar-cap"
"GBEmp100AnSpIvyGl","Empire","100","Clear","18-415","Vintage Bulb Sprayer","Ivory Gold","false","media_or_configuration_invalid","AnSp18-415IvyGl","AnSp18-415IvyGl","","","false","https://www.bestbottles.com/product/empire-design-100-ml-glass-bottle-ivory-vintage-style-bulb-sprayer-shiny-gold-collar-cap"
"GBEmp100AnSpWht","Empire","100","Clear","18-415","Vintage Bulb Sprayer","White","false","media_or_configuration_invalid","AnSp18-415Wht","AnSp18-415Wht","","","false","https://www.bestbottles.com/product/empire-design-100-ml-glass-bottle-white-vintage-style-bulb-sprayer-shiny-silver-collar-cap"
"GBEmp100AnSpRed","Empire","100","Clear","18-415","Vintage Bulb Sprayer","Red","false","media_or_configuration_invalid","AnSp18-415Red","AnSp18-415Red","","","false","https://www.bestbottles.com/product/empire-design-100-ml-glass-bottle-red-vintage-style-bulb-sprayer-shiny-silver-collar-cap"
"GBEmp100AnSpGl","Empire","100","Clear","18-415","Vintage Bulb Sprayer","Gold","false","media_or_configuration_invalid","AnSp18-415Gl","AnSp18-415Gl","","","false","https://www.bestbottles.com/product/empire-design-100-ml-glass-bottle-gold-vintage-style-sprayer-shiny-gold-collar-cap"
"GBEmp100AnSpIvySl","Empire","100","Clear","18-415","Vintage Bulb Sprayer","Ivory Silver","false","media_or_configuration_invalid","AnSp18-415IvySl","AnSp18-415IvySl","","","false","https://www.bestbottles.com/product/empire-design-100-ml-glass-bottle-ivory-vintage-style-bulb-sprayer-shiny-silver-collar-cap"
"GBEmp100AnSpTslIvySl","Empire","100","Clear","18-415","Vintage Bulb Sprayer with Tassel","Ivory Silver","false","media_or_configuration_invalid","AnSpTsl18-415IvySl","AnSpTsl18-415IvySl","","","false","https://www.bestbottles.com/product/empire-design-100-ml-glass-bottle-ivory-vintage-style-sprayer-with-tassel-shiny-silver-collar"
"GBEmp100AnSpTslWht","Empire","100","Clear","18-415","Vintage Bulb Sprayer with Tassel","White","false","media_or_configuration_invalid","AnSpTsl18-415Wht","AnSpTsl18-415Wht","","","false","https://www.bestbottles.com/product/empire-design-100-ml-glass-bottle-white-vintage-style-sprayer-with-tassel-shiny-silver-collar"
"GBEmp100AnSpTslMtSl","Empire","100","Clear","18-415","Vintage Bulb Sprayer with Tassel","Matte Silver","false","media_or_configuration_invalid","AnSpTsl18-415MtS","AnSpTsl18-415MtS","","","false","https://www.bestbottles.com/product/empire-design-100-ml-glass-bottle-matte-silver-vintage-style-sprayer-with-tassel-matte-silver-collar"
"GBEmp100AnSpTslGl","Empire","100","Clear","18-415","Vintage Bulb Sprayer with Tassel","Gold","false","media_or_configuration_invalid","CP18-415AnSpTslGl","CP18-415AnSpTslGl","","","false","https://www.bestbottles.com/product/empire-design-100-ml-glass-bottle-gold-vintage-style-sprayer-with-tassel-shiny-gold-collar"
"GBEmp100AnSpTslIvyGl","Empire","100","Clear","18-415","Vintage Bulb Sprayer with Tassel","Ivory Gold","false","media_or_configuration_invalid","AnSpTsl18-415IvyGl","AnSpTsl18-415IvyGl","","","false","https://www.bestbottles.com/product/empire-design-100-ml-glass-bottle-ivory-vintage-style-sprayer-with-tassel-shiny-gold-collar"
"GBEmp100AnSpTslLvn","Empire","100","Clear","18-415","Vintage Bulb Sprayer with Tassel","Lavender","false","media_or_configuration_invalid","AnSpTsl18-415Lvn","AnSpTsl18-415Lvn","","","false","https://www.bestbottles.com/product/empire-design-100-ml-glass-bottle-lavender-vintage-style-sprayer-with-tassel-shiny-silver-collar"
"GBEmp100AnSpTslPnk","Empire","100","Clear","18-415","Vintage Bulb Sprayer with Tassel","Pink","false","media_or_configuration_invalid","AnSpTsl18-415Pnk","AnSpTsl18-415Pnk","","","false","https://www.bestbottles.com/product/empire-design-100-ml-glass-bottle-pink-vintage-style-sprayer-with-tassel-shiny-gold-collar"
"GBEmp100AnSpTslRed","Empire","100","Clear","18-415","Vintage Bulb Sprayer with Tassel","Red","false","media_or_configuration_invalid","AnSpTsl18-415Red","AnSpTsl18-415Red","","","false","https://www.bestbottles.com/product/empire-design-100-ml-glass-bottle-red-vintage-style-sprayer-with-tassel-shiny-silver-collar"
"GBEmp50DrpCu","Empire","50","Clear","18-415","Dropper","Copper","false","media_or_configuration_invalid","Drp18-415Cu","Drp18-415Cu","","","false","https://www.bestbottles.com/product/empire-design-50-ml-glass-bottle-white-dropper-shiny-copper-collar-cap"
"LBEmp100LtnMtGl","Empire","100","Clear","18-415","Lotion Pump","Matte Gold","false","standalone_component_unpublished","","Ltn18-415MtGl","STATUS_DRAFT+NOT_PUBLISHED","","false","https://www.bestbottles.com/product/empire-design-100-ml-glass-bottle-matte-gold-lotion-pump-and-cap"
"LBEmp100LtnShnGl","Empire","100","Clear","18-415","Lotion Pump","Shiny Gold","false","standalone_component_unpublished","","Ltn18-415ShnGl","STATUS_DRAFT+NOT_PUBLISHED","","false","https://www.bestbottles.com/product/empire-design-100-ml-glass-bottle-shiny-gold-lotion-pump-and-cap"
"LBEmp100LtnShnBlk","Empire","100","Clear","18-415","Lotion Pump","Shiny Black","false","standalone_component_unpublished","","Ltn18-415ShnBlk","STATUS_DRAFT+NOT_PUBLISHED","","false","https://www.bestbottles.com/product/empire-design-100-ml-glass-bottle-shiny-black-lotion-pump-and-cap"
"LBEmp100LtnMtSl","Empire","100","Clear","18-415","Lotion Pump","Matte Silver","false","exact_component_unresolved","","","","","false","https://www.bestbottles.com/product/empire-design-100-ml-glass-bottle-matte-silver-lotion-pump-and-cap"
"LBEmp100LtnShnSl","Empire","100","Clear","18-415","Lotion Pump","Shiny Silver","false","standalone_component_unpublished","","Ltn18-415ShnSl","STATUS_DRAFT+NOT_PUBLISHED","","false","https://www.bestbottles.com/product/empire-design-100-ml-glass-bottle-shiny-silver-lotion-pump-and-cap"
"LBEmp100WhtClOvrCp","Empire","100","Clear","18-415","Lotion Pump","Overcap","false","exact_component_unresolved","","","","","false","https://www.bestbottles.com/product/empire-design-100-ml-glass-bottle-white-rectangular-clear-over-the-cap"
"LBEmp100LtnCu","Empire","100","Clear","18-415","Lotion Pump","Copper","false","standalone_component_unpublished","","Ltn18-415Cu","STATUS_DRAFT+NOT_PUBLISHED","","false","https://www.bestbottles.com/product/empire-design-100-ml-glass-bottle-matte-copper-lotion-pump-and-cap"
"GBEmp50AnSpGl","Empire","50","Clear","18-415","Vintage Bulb Sprayer","Gold","false","media_or_configuration_invalid","AnSp18-415Gl","AnSp18-415Gl","","","false","https://www.bestbottles.com/product/empire-design-50-ml-glass-bottle-gold-vintage-style-sprayer-shiny-gold-collar-cap"
"GBEmp50AnSpLvn","Empire","50","Clear","18-415","Vintage Bulb Sprayer","Lavender","false","media_or_configuration_invalid","AnSp18-415Lvn","AnSp18-415Lvn","","","false","https://www.bestbottles.com/product/empire-design-50-ml-glass-bottle-lavender-vintage-style-bulb-sprayer-shiny-silver-collar-cap"
"GBEmp50AnSpPnk","Empire","50","Clear","18-415","Vintage Bulb Sprayer","Pink","false","media_or_configuration_invalid","CP18-415AnSpPnk","CP18-415AnSpPnk","","","false","https://www.bestbottles.com/product/empire-design-50-ml-glass-bottle-pink-vintage-style-bulb-sprayer-shiny-gold-collar-cap"
"LBEmp50LtnClOvrCap","Empire","50","Clear","18-415","Lotion Pump","Clear Overcap","false","exact_component_unresolved","","","","","false","https://www.bestbottles.com/product/empire-design-50-ml-glass-bottle-clear-over-the-cap-lotion-pump-matte-silver-collar-cap"
"GBEmp50AnSpIvyGl","Empire","50","Clear","18-415","Vintage Bulb Sprayer","Ivory Gold","false","media_or_configuration_invalid","AnSp18-415IvyGl","AnSp18-415IvyGl","","","false","https://www.bestbottles.com/product/empire-design-50-ml-glass-bottle-ivory-vintage-style-bulb-sprayer-shiny-gold-collar-cap"
"GBEmp50AnSpIvySl","Empire","50","Clear","18-415","Vintage Bulb Sprayer","Ivory Silver","false","media_or_configuration_invalid","AnSp18-415IvySl","AnSp18-415IvySl","","","false","https://www.bestbottles.com/product/empire-design-50-ml-glass-bottle-ivory-vintage-style-bulb-sprayer-shiny-silver-collar-cap"
"GBEmp50AnSpRed","Empire","50","Clear","18-415","Vintage Bulb Sprayer","Red","false","media_or_configuration_invalid","AnSp18-415Red","AnSp18-415Red","","","false","https://www.bestbottles.com/product/empire-design-50-ml-glass-bottle-red-vintage-style-bulb-sprayer-shiny-silver-collar-cap"
"GBEmp50AnSpMtSl","Empire","50","Clear","18-415","Vintage Bulb Sprayer","Matte Silver","false","media_or_configuration_invalid","AnSp18-415MtSl","AnSp18-415MtSl","","","false","https://www.bestbottles.com/product/empire-design-50-ml-glass-bottle-matte-silver-vintage-style-sprayer-matte-silver-collar-cap"
"GBEmp50AnSpWht","Empire","50","Clear","18-415","Vintage Bulb Sprayer","White","false","media_or_configuration_invalid","AnSp18-415Wht","AnSp18-415Wht","","","false","https://www.bestbottles.com/product/empire-design-50-ml-glass-bottle-white-vintage-style-bulb-sprayer-shiny-silver-collar-cap"
"GBEmp50AnSpTslGl","Empire","50","Clear","18-415","Vintage Bulb Sprayer with Tassel","Gold","false","media_or_configuration_invalid","CP18-415AnSpTslGl","CP18-415AnSpTslGl","","","false","https://www.bestbottles.com/product/empire-design-50-ml-glass-bottle-gold-vintage-style-sprayer-with-tassel-shiny-gold-collar"
"GBEmp50AnSpTslIvyGl","Empire","50","Clear","18-415","Vintage Bulb Sprayer with Tassel","Ivory Gold","false","media_or_configuration_invalid","AnSpTsl18-415IvyGl","AnSpTsl18-415IvyGl","","","false","https://www.bestbottles.com/product/empire-design-50-ml-glass-bottle-ivory-vintage-style-sprayer-with-tassel-shiny-gold-collar"
"GBEmp50AnSpTslLvn","Empire","50","Clear","18-415","Vintage Bulb Sprayer with Tassel","Lavender","false","media_or_configuration_invalid","AnSpTsl18-415Lvn","AnSpTsl18-415Lvn","","","false","https://www.bestbottles.com/product/empire-design-50-ml-glass-bottle-lavender-vintage-style-sprayer-with-tassel-shiny-silver-collar"
"GBEmp50AnSpTslPnk","Empire","50","Clear","18-415","Vintage Bulb Sprayer with Tassel","Pink","false","media_or_configuration_invalid","AnSpTsl18-415Pnk","AnSpTsl18-415Pnk","","","false","https://www.bestbottles.com/product/empire-design-50-ml-glass-bottle-pink-vintage-style-sprayer-with-tassel-shiny-gold-collar"
"GBEmp50AnSpTslIvySl","Empire","50","Clear","18-415","Vintage Bulb Sprayer with Tassel","Ivory Silver","false","media_or_configuration_invalid","AnSpTsl18-415IvySl","AnSpTsl18-415IvySl","","","false","https://www.bestbottles.com/product/empire-design-50-ml-glass-bottle-ivory-vintage-style-sprayer-with-tassel-shiny-silver-collar"
"GBFlair15RollSlDot","Flair","15","Clear","13-415","Plastic Roller Ball","Silver Dotted","false","media_or_configuration_invalid","CPRoll13-415SlDot","CPRoll13-415SlDot","","","false","https://www.bestbottles.com/product/flair-design-15-ml-glass-bottle-plastic-roller-ball-plug-silver-cap-with-dots"
"GBFlair15RollSlMatt","Flair","15","Clear","13-415","Plastic Roller Ball","Matte Silver","false","media_or_configuration_invalid","CPRoll13-415SlMt","CPRoll13-415SlMt","","","false","https://www.bestbottles.com/product/flair-design-15-ml-glass-bottle-plastic-roller-ball-plug-matte-silver-cap"
"GBFlair15RollSlSh","Flair","15","Clear","13-415","Plastic Roller Ball","Shiny Silver","false","media_or_configuration_invalid","CPRoll13-415SlSh","CPRoll13-415SlSh","","","false","https://www.bestbottles.com/product/flair-design-15-ml-glass-bottle-plastic-roller-ball-plug-shiny-silver-cap"
"GBFlair15RollBlkSh","Flair","15","Clear","13-415","Plastic Roller Ball","Shiny Black","false","media_or_configuration_invalid","CPRoll13-415BlkSh","CPRoll13-415BlkSh","","","false","https://www.bestbottles.com/product/flair-design-15-ml-glass-bottle-plastic-roller-ball-plug-black-shiny-cap"
"GBFlair15RollCuMatt","Flair","15","Clear","13-415","Plastic Roller Ball","Matte Copper","false","media_or_configuration_invalid","CPRoll13-415Cu","CPRoll13-415Cu","","","false","https://www.bestbottles.com/product/flair-design-15-ml-glass-bottle-plastic-roller-ball-plug-matte-copper-cap"
"GBFlair15RollGlMatt","Flair","15","Clear","13-415","Plastic Roller Ball","Matte Gold","false","media_or_configuration_invalid","CPRoll13-415GlMt","CPRoll13-415GlMt","","","false","https://www.bestbottles.com/product/flair-design-15-ml-glass-bottle-plastic-roller-ball-plug-matte-gold-cap"
"GBFlair15RollGlSh","Flair","15","Clear","13-415","Plastic Roller Ball","Shiny Gold","false","media_or_configuration_invalid","CPRoll13-415GlSh","CPRoll13-415GlSh","","","false","https://www.bestbottles.com/product/flair-design-15-ml-glass-bottle-plastic-roller-ball-plug-shiny-gold-cap"
"GBFlair15RollPinkDot","Flair","15","Clear","13-415","Plastic Roller Ball","Pink Dotted","false","media_or_configuration_invalid","CPRoll13-415PinkDot","CPRoll13-415PinkDot","","","false","https://www.bestbottles.com/product/flair-design-15-ml-glass-bottle-plastic-roller-ball-plug-pink-cap-with-dots"
"GBFlair15SpryBlkMatt","Flair","15","Clear","13-415","Fine Mist Sprayer","Matte Black","false","standalone_component_unpublished","","CP13-415SpryBlkMt","STATUS_DRAFT+NOT_PUBLISHED","","false","https://www.bestbottles.com/product/flair-design-15-ml-glass-bottle-matte-black-spray"
"GBFlair15BlkSht","Flair","15","Clear","13-415","","Black","false","media_or_configuration_invalid","CP13-415BlkSht","CP13-415BlkSht","","","false","https://www.bestbottles.com/product/flair-design-15-ml-glass-bottle-short-black-cap"
"GBFlair15Gl","Flair","15","Clear","13-415","","Gold","false","media_or_configuration_invalid","CP13-415Gl","CP13-415Gl","","","false","https://www.bestbottles.com/product/flair-design-15-ml-glass-bottle-shiny-gold-cap"
"GBFlair15Sl","Flair","15","Clear","13-415","","Silver","false","media_or_configuration_invalid","CP13-415Sl","CP13-415Sl","","","false","https://www.bestbottles.com/product/flair-design-15-ml-glass-bottle-shiny-silver-cap"
"GBFlair15WhtSht","Flair","15","Clear","13-415","","White","false","media_or_configuration_invalid","CP13-415WhtSht","CP13-415WhtSht","","","false","https://www.bestbottles.com/product/flair-design-15-ml-glass-bottle-short-white-cap"
"GBFlair15RollBlkDot","Flair","15","Clear","13-415","Plastic Roller Ball","Black Dotted","false","media_or_configuration_invalid","CPRoll13-415BlackDot","CPRoll13-415BlackDot","","","false","https://www.bestbottles.com/product/flair-design-15-ml-glass-bottle-plastic-roller-ball-plug-black-shiny-cap-with-dots"
"GBFlair15MtlRollBlkDot","Flair","15","Clear","13-415","Metal Roller Ball","Black Dotted","false","media_or_configuration_invalid","CPRoll13-415BlackDot","CPRoll13-415BlackDot","","","false","https://www.bestbottles.com/product/flair-design-15-ml-glass-bottle-metal-roller-ball-plug-black-shiny-cap-with-dots"
"GBFlair15SpryBlkSh","Flair","15","Clear","13-415","Fine Mist Sprayer","Shiny Black","false","standalone_component_unpublished","","CP13-415SpryBlkSh","STATUS_DRAFT+NOT_PUBLISHED","","false","https://www.bestbottles.com/product/flair-design-15-ml-glass-bottle-shiny-black-spray"
"GBFlair15SpryGlSh","Flair","15","Clear","13-415","Fine Mist Sprayer","Shiny Gold","false","standalone_component_unpublished","","CP13-415SpryGlSh","STATUS_DRAFT+NOT_PUBLISHED","","false","https://www.bestbottles.com/product/flair-design-15-ml-glass-bottle-shiny-gold-spray"
"GBFlair15SprySlMatt","Flair","15","Clear","13-415","Fine Mist Sprayer","Matte Silver","false","standalone_component_unpublished","","CP13-415SprySlMt","STATUS_DRAFT+NOT_PUBLISHED","","false","https://www.bestbottles.com/product/flair-design-15-ml-glass-bottle-matte-silver-spray"
"GBFlair15SprySlSh","Flair","15","Clear","13-415","Fine Mist Sprayer","Shiny Silver","false","standalone_component_unpublished","","CP13-415SprySlSh","STATUS_DRAFT+NOT_PUBLISHED","","false","https://www.bestbottles.com/product/flair-design-15-ml-glass-bottle-shiny-silver-spray"
"GBFlair15SpryBluMatt","Flair","15","Clear","13-415","Fine Mist Sprayer","Matte Blue","false","standalone_component_unpublished","","CP13-415SpryBluMt","STATUS_DRAFT+NOT_PUBLISHED","","false","https://www.bestbottles.com/product/flair-design-15-ml-glass-bottle-matte-blue-spray"
"GBFlair15SpryCuMatt","Flair","15","Clear","13-415","Fine Mist Sprayer","Matte Copper","false","standalone_component_unpublished","","CP13-415SpryCuMt","STATUS_DRAFT+NOT_PUBLISHED","","false","https://www.bestbottles.com/product/flair-design-15-ml-glass-bottle-matte-copper-spray"
"GBFlair15SpryGlMatt","Flair","15","Clear","13-415","Fine Mist Sprayer","Matte Gold","false","standalone_component_unpublished","","CP13-415SpryGlMt","STATUS_DRAFT+NOT_PUBLISHED","","false","https://www.bestbottles.com/product/flair-design-15-ml-glass-bottle-matte-gold-spray"
"GBFlair15MtlRollBlkSh","Flair","15","Clear","13-415","Metal Roller Ball","Shiny Black","false","media_or_configuration_invalid","CPRoll13-415BlkSh","CPRoll13-415BlkSh","","","false","https://www.bestbottles.com/product/flair-design-15-ml-glass-bottle-metal-roller-ball-plug-black-shiny-cap"
"GBFlair15MtlRollCuMatt","Flair","15","Clear","13-415","Metal Roller Ball","Matte Copper","false","media_or_configuration_invalid","CPRoll13-415Cu","CPRoll13-415Cu","","","false","https://www.bestbottles.com/product/flair-design-15-ml-glass-bottle-metal-roller-ball-plug-matte-copper-cap"
"GBFlair15MtlRollGlMatt","Flair","15","Clear","13-415","Metal Roller Ball","Matte Gold","false","media_or_configuration_invalid","CPRoll13-415GlMt","CPRoll13-415GlMt","","","false","https://www.bestbottles.com/product/flair-design-15-ml-glass-bottle-metal-roller-ball-plug-matte-gold-cap"
"GBFlair15MtlRollGlSh","Flair","15","Clear","13-415","Metal Roller Ball","Shiny Gold","false","media_or_configuration_invalid","CPRoll13-415GlSh","CPRoll13-415GlSh","","","false","https://www.bestbottles.com/product/flair-design-15-ml-glass-bottle-metal-roller-ball-plug-shiny-gold-cap"
"GBFlair15MtlRollPinkDot","Flair","15","Clear","13-415","Metal Roller Ball","Pink Dotted","false","media_or_configuration_invalid","CPRoll13-415PinkDot","CPRoll13-415PinkDot","","","false","https://www.bestbottles.com/product/flair-design-15-ml-glass-bottle-metal-roller-ball-plug-pink-cap-with-dots"
"GBFlair15MtlRollSlDot","Flair","15","Clear","13-415","Metal Roller Ball","Silver Dotted","false","media_or_configuration_invalid","CPRoll13-415SlDot","CPRoll13-415SlDot","","","false","https://www.bestbottles.com/product/flair-design-15-ml-glass-bottle-metal-roller-ball-plug-silver-cap-with-dots"
"GBFlair15MtlRollSlMatt","Flair","15","Clear","13-415","Metal Roller Ball","Matte Silver","false","media_or_configuration_invalid","CPRoll13-415SlMt","CPRoll13-415SlMt","","","false","https://www.bestbottles.com/product/flair-design-15-ml-glass-bottle-metal-roller-ball-plug-matte-silver-cap"
"GBFlair15MtlRollSlSh","Flair","15","Clear","13-415","Metal Roller Ball","Shiny Silver","false","media_or_configuration_invalid","CPRoll13-415SlSh","CPRoll13-415SlSh","","","false","https://www.bestbottles.com/product/flair-design-15-ml-glass-bottle-metal-roller-ball-plug-shiny-silver-cap"
"GBFlair15MinarCu","Flair","15","Clear","13-415","Plastic Roller Ball","Matte Copper","false","media_or_configuration_invalid","CPRoll13-415Cu","CPRoll13-415Cu","","","false",""
"GBFlair15MinarSl","Flair","15","Clear","13-415","Plastic Roller Ball","Shiny Silver","false","exact_component_unresolved","","","","","false",""
"GBFlair15CuSht","Flair","15","Clear","13-415","","Matte Copper","false","exact_component_unresolved","","","","","false",""
"GBFlair15GlMattSht","Flair","15","Clear","13-415","","Matte Gold","false","exact_component_unresolved","","","","","false",""
"GBFlair15SlMattSht","Flair","15","Clear","13-415","","Matte Silver","false","exact_component_unresolved","","","","","false",""
"GBFlair15BlkShSht","Flair","15","Clear","13-415","","Shiny Black","false","exact_component_unresolved","","","","","false",""
"GBFlair15GlSht","Flair","15","Clear","13-415","","Shiny Gold","false","exact_component_unresolved","","","","","false",""
"GBFlair15SlSht","Flair","15","Clear","13-415","","Shiny Silver","false","exact_component_unresolved","","","","","false",""
"GBGrce55AnSpGl","Grace","55","Clear","18-415","Vintage Bulb Sprayer","Gold","false","media_or_configuration_invalid","AnSp18-415Gl","AnSp18-415Gl","","","false","https://www.bestbottles.com/product/grace-design-55-ml-glass-bottle-gold-vintage-style-sprayer-shiny-gold-collar-cap"
"GBGrce55AnSpLvn","Grace","55","Clear","18-415","Vintage Bulb Sprayer","Lavender","false","media_or_configuration_invalid","AnSp18-415Lvn","AnSp18-415Lvn","","","false","https://www.bestbottles.com/product/grace-design-55-ml-glass-bottle-lavender-vintage-style-bulb-sprayer-shiny-silver-collar-cap"
"GBGrce55AnSpIvyGl","Grace","55","Clear","18-415","Vintage Bulb Sprayer","Ivory Gold","false","media_or_configuration_invalid","AnSp18-415IvyGl","AnSp18-415IvyGl","","","false","https://www.bestbottles.com/product/grace-design-55-ml-glass-bottle-ivory-vintage-style-bulb-sprayer-shiny-gold-collar-cap"
"GBGrce55AnSpPnk","Grace","55","Clear","18-415","Vintage Bulb Sprayer","Pink","false","media_or_configuration_invalid","CP18-415AnSpPnk","CP18-415AnSpPnk","","","false","https://www.bestbottles.com/product/grace-design-55-ml-glass-bottle-pink-vintage-style-bulb-sprayer-shiny-gold-collar-cap"
"GBGrce55AnSpMtSl","Grace","55","Clear","18-415","Vintage Bulb Sprayer","Matte Silver","false","media_or_configuration_invalid","AnSp18-415MtSl","AnSp18-415MtSl","","","false","https://www.bestbottles.com/product/grace-design-55-ml-glass-bottle-matte-silver-vintage-style-sprayer-matte-silver-collar-cap"
"GBGrce55AnSpWht","Grace","55","Clear","18-415","Vintage Bulb Sprayer","White","false","media_or_configuration_invalid","AnSp18-415Wht","AnSp18-415Wht","","","false","https://www.bestbottles.com/product/grace-design-55-ml-glass-bottle-white-vintage-style-bulb-sprayer-shiny-silver-collar-cap"
"GBGrce55AnSpIvySl","Grace","55","Clear","18-415","Vintage Bulb Sprayer","Ivory Silver","false","media_or_configuration_invalid","AnSp18-415IvySl","AnSp18-415IvySl","","","false","https://www.bestbottles.com/product/grace-design-55-ml-glass-bottle-ivory-vintage-style-bulb-sprayer-shiny-silver-collar-cap"
"GBGrce55AnSpRed","Grace","55","Clear","18-415","Vintage Bulb Sprayer","Red","false","media_or_configuration_invalid","AnSp18-415Red","AnSp18-415Red","","","false","https://www.bestbottles.com/product/grace-design-55-ml-glass-bottle-red-vintage-style-bulb-sprayer-shiny-silver-collar-cap"
"GBGrce55AnSpTslPnk","Grace","55","Clear","18-415","Vintage Bulb Sprayer with Tassel","Pink","false","media_or_configuration_invalid","AnSpTsl18-415Pnk","AnSpTsl18-415Pnk","","","false","https://www.bestbottles.com/product/grace-design-55-ml-glass-bottle-pink-vintage-style-sprayer-with-tassel-shiny-gold-collar"
"GBGrce55AnSpTslGl","Grace","55","Clear","18-415","Vintage Bulb Sprayer with Tassel","Gold","false","media_or_configuration_invalid","CP18-415AnSpTslGl","CP18-415AnSpTslGl","","","false","https://www.bestbottles.com/product/grace-design-55-ml-glass-bottle-gold-vintage-style-sprayer-with-tassel-shiny-gold-collar"
"GBGrce55AnSpTslIvySl","Grace","55","Clear","18-415","Vintage Bulb Sprayer with Tassel","Ivory Silver","false","media_or_configuration_invalid","AnSpTsl18-415IvySl","AnSpTsl18-415IvySl","","","false","https://www.bestbottles.com/product/grace-design-55-ml-glass-bottle-ivory-vintage-style-sprayer-with-tassel-shiny-silver-collar"
"GBGrce55AnSpTslRed","Grace","55","Clear","18-415","Vintage Bulb Sprayer with Tassel","Red","false","media_or_configuration_invalid","AnSpTsl18-415Red","AnSpTsl18-415Red","","","false","https://www.bestbottles.com/product/grace-design-55-ml-glass-bottle-red-vintage-style-sprayer-with-tassel-shiny-silver-collar"
"GBGrce55AnSpTslLvn","Grace","55","Clear","18-415","Vintage Bulb Sprayer with Tassel","Lavender","false","media_or_configuration_invalid","AnSpTsl18-415Lvn","AnSpTsl18-415Lvn","","","false","https://www.bestbottles.com/product/grace-design-55-ml-glass-bottle-lavender-vintage-style-sprayer-with-tassel-shiny-silver-collar"
"GBGrce55AnSpTslIvyGl","Grace","55","Clear","18-415","Vintage Bulb Sprayer with Tassel","Ivory Gold","false","media_or_configuration_invalid","AnSpTsl18-415IvyGl","AnSpTsl18-415IvyGl","","","false","https://www.bestbottles.com/product/grace-design-55-ml-glass-bottle-ivory-vintage-style-sprayer-with-tassel-shiny-gold-collar"
"GBGrce55AnSpTslWht","Grace","55","Clear","18-415","Vintage Bulb Sprayer with Tassel","White","false","media_or_configuration_invalid","AnSpTsl18-415Wht","AnSpTsl18-415Wht","","","false","https://www.bestbottles.com/product/grace-design-55-ml-glass-bottle-white-vintage-style-sprayer-with-tassel-shiny-silver-collar"
"GBGrce55AnSpTslMtSl","Grace","55","Clear","18-415","Vintage Bulb Sprayer with Tassel","Matte Silver","false","media_or_configuration_invalid","AnSpTsl18-415MtS","AnSpTsl18-415MtS","","","false","https://www.bestbottles.com/product/grace-design-55-ml-glass-bottle-matte-silver-vintage-style-sprayer-with-tassel-matte-silver-collar"
"GBGrce55SpryMtGl","Grace","55","Clear","18-415","Perfume Spray Pump","Matte Gold","false","standalone_component_unpublished","","Spry18-415MtGl","STATUS_DRAFT+NOT_PUBLISHED","","false","https://www.bestbottles.com/product/grace-design-55-ml-glass-bottle-matte-gold-spray-pump-and-cap"
"GBGrce55SpryShnGl","Grace","55","Clear","18-415","Perfume Spray Pump","Shiny Gold","false","standalone_component_unpublished","","Spry18-415ShnGl","STATUS_DRAFT+NOT_PUBLISHED","","false","https://www.bestbottles.com/product/grace-design-55-ml-glass-bottle-shiny-gold-spray-pump-and-cap"
"GBGrce55SpryShnBlk","Grace","55","Clear","18-415","Perfume Spray Pump","Shiny Black","false","standalone_component_unpublished","","Spry18-415ShnBlk","STATUS_DRAFT+NOT_PUBLISHED","","false","https://www.bestbottles.com/product/grace-design-55-ml-glass-bottle-shiny-black-spray-pump-and-capblack-shiny-cap"
"GBGrce55SpryMtSl","Grace","55","Clear","18-415","Perfume Spray Pump","Matte Silver","false","standalone_component_unpublished","","Spry18-415MtSl","STATUS_DRAFT+NOT_PUBLISHED","","false","https://www.bestbottles.com/product/grace-design-55-ml-glass-bottle-matte-silver-spray-pump-and-capsilver-matte-cap"
"GBGrce55SpryShnSl","Grace","55","Clear","18-415","Perfume Spray Pump","Shiny Silver","false","standalone_component_unpublished","","Spry18-415ShnSl","STATUS_DRAFT+NOT_PUBLISHED","","false","https://www.bestbottles.com/product/grace-design-55-ml-glass-bottle-shiny-silver-spray-and-capshiny-silver-cap"
"GBGrce55SpryCu","Grace","55","Clear","18-415","Perfume Spray Pump","Copper","false","standalone_component_unpublished","","Spry18-415Cu","STATUS_DRAFT+NOT_PUBLISHED","","false","https://www.bestbottles.com/product/grace-design-55-ml-glass-bottle-matte-copper-spray-and-cap"
"GBGrce55RdcrBlkLthr","Grace","55","Clear","18-415","Reducer","Black Leather","false","assembly_unpublished_or_unsellable","CP18-415BlkLthr","CP18-415BlkLthr","","STATUS_DRAFT+NOT_PUBLISHED","false","https://www.bestbottles.com/product/grace-design-55-ml-glass-bottle-reducer-black-faux-leather-cap"
"GBGrce55AnSpBlk","Grace","55","Clear","18-415","Vintage Bulb Sprayer","Black","false","media_or_configuration_invalid","AnSp18-415Blk","AnSp18-415Blk","","","false","https://www.bestbottles.com/product/grace-design-55-ml-glass-bottle-black-vintage-style-bulb-sprayer-shiny-silver-collar-cap"
"GBGrce55AnSpTslBlk","Grace","55","Clear","18-415","Vintage Bulb Sprayer with Tassel","Black","false","media_or_configuration_invalid","AnSpTsl18-415Blk","AnSpTsl18-415Blk","","","false","https://www.bestbottles.com/product/grace-design-55-ml-glass-bottle-black-vintage-style-sprayer-with-tassel-shiny-silver-collar"
"LBGrce55LtnMtGl","Grace","55","Clear","18-415","Lotion Pump","Matte Gold","false","standalone_component_unpublished","","Ltn18-415MtGl","STATUS_DRAFT+NOT_PUBLISHED","","false","https://www.bestbottles.com/product/grace-design-55-ml-glass-bottle-matte-gold-lotion-pump-and-cap"
"LBGrce55LtnMtSl","Grace","55","Clear","18-415","Lotion Pump","Matte Silver","false","exact_component_unresolved","","","","","false","https://www.bestbottles.com/product/grace-design-55-ml-glass-bottle-matte-silver-lotion-pump-and-capsilver-matte-cap"
"LBGrce55LtnCu","Grace","55","Clear","18-415","Lotion Pump","Copper","false","standalone_component_unpublished","","Ltn18-415Cu","STATUS_DRAFT+NOT_PUBLISHED","","false","https://www.bestbottles.com/product/grace-design-55-ml-glass-bottle-matte-copper-lotion-pump-and-cap"
"LBGrce55LtnShnGl","Grace","55","Clear","18-415","Lotion Pump","Shiny Gold","false","standalone_component_unpublished","","Ltn18-415ShnGl","STATUS_DRAFT+NOT_PUBLISHED","","false","https://www.bestbottles.com/product/grace-design-55-ml-glass-bottle-shiny-gold-lotion-pump-and-cap"
"LBGrce55LtnShnBlk","Grace","55","Clear","18-415","Lotion Pump","Shiny Black","false","standalone_component_unpublished","","Ltn18-415ShnBlk","STATUS_DRAFT+NOT_PUBLISHED","","false","https://www.bestbottles.com/product/grace-design-55-ml-glass-bottle-shiny-black-lotion-pump-and-capblack-shiny-cap"
"LBGrce55LtnShnSl","Grace","55","Clear","18-415","Lotion Pump","Shiny Silver","false","standalone_component_unpublished","","Ltn18-415ShnSl","STATUS_DRAFT+NOT_PUBLISHED","","false","https://www.bestbottles.com/product/grace-design-55-ml-glass-bottle-shiny-silver-lotion-pump-and-capshiny-silver-cap"
"GBGrce55RdcrShnGl","Grace","55","Clear","18-415","Reducer","Shiny Gold","false","assembly_unpublished_or_unsellable","CP18-415ShnGl","CP18-415ShnGl","","STATUS_DRAFT+NOT_PUBLISHED","false","https://www.bestbottles.com/product/grace-design-55-ml-glass-bottle-reducer-shiny-gold-cap"
"GBGrce55RdcrShnBlkTall","Grace","55","Clear","18-415","Reducer","Shiny Black","false","assembly_unpublished_or_unsellable","CP18-415ShnBlkTall","CP18-415ShnBlkTall","","STATUS_DRAFT+NOT_PUBLISHED","false","https://www.bestbottles.com/product/grace-design-55-ml-glass-bottle-reducer-tall-black-shiny-cap"
"GBGrce55RdcrShnBlk","Grace","55","Clear","18-415","Reducer","Shiny Black","false","exact_component_unresolved | assembly_unpublished_or_unsellable","","","","STATUS_DRAFT+NOT_PUBLISHED","false","https://www.bestbottles.com/product/grace-design-55-ml-glass-bottle-reducer-black-shiny-cap"
"GBGrce55RdcrBrwnLthr","Grace","55","Clear","18-415","Reducer","Brown Leather","false","assembly_unpublished_or_unsellable","CP18-415BrwnLthr","CP18-415BrwnLthr","","STATUS_DRAFT+NOT_PUBLISHED","false","https://www.bestbottles.com/product/grace-design-55-ml-glass-bottle-reducer-brown-faux-leather-cap"
"GBGrce55RdcrLBrwnLthr","Grace","55","Clear","18-415","Reducer","Light Brown Leather","false","assembly_unpublished_or_unsellable","CP18-415LBrwnLthr","CP18-415LBrwnLthr","","STATUS_DRAFT+NOT_PUBLISHED","false","https://www.bestbottles.com/product/grace-design-55-ml-glass-bottle-reducer-light-brown-faux-leather-cap"
"GBGrce55RdcrShnSl","Grace","55","Clear","18-415","Reducer","Shiny Silver","false","assembly_unpublished_or_unsellable","CP18-415ShnSl","CP18-415ShnSl","","STATUS_DRAFT+NOT_PUBLISHED","false","https://www.bestbottles.com/product/grace-design-55-ml-glass-bottle-reducer-shiny-silver-cap"
"GBGrce55RdcrMtSlTall","Grace","55","Clear","18-415","Reducer","Matte Silver","false","assembly_unpublished_or_unsellable","CP18-415MtSlTall","CP18-415MtSlTall","","STATUS_DRAFT+NOT_PUBLISHED","false","https://www.bestbottles.com/product/grace-design-55-ml-glass-bottle-reducer-tall-silver-matte-cap"
"GBGrce55RdcrMtSl","Grace","55","Clear","18-415","Reducer","Matte Silver","false","assembly_unpublished_or_unsellable","CP18-415MtSl","CP18-415MtSl","","STATUS_DRAFT+NOT_PUBLISHED","false","https://www.bestbottles.com/product/grace-design-55-ml-glass-bottle-reducer-silver-matte-cap"
"GBGrce55RdcrWht","Grace","55","Clear","18-415","Reducer","White","false","assembly_unpublished_or_unsellable","CP18-415Wh","CP18-415Wh","","STATUS_DRAFT+NOT_PUBLISHED","false","https://www.bestbottles.com/product/grace-design-55-ml-glass-bottle-reducer-white-cap"
"GBGrce55RdcrPnkLthr","Grace","55","Clear","18-415","Reducer","Pink Leather","false","assembly_unpublished_or_unsellable","CP18-415LPnkLthr","CP18-415LPnkLthr","","STATUS_DRAFT+NOT_PUBLISHED","false","https://www.bestbottles.com/product/grace-design-55-ml-glass-bottle-reducer-pink-faux-leather-cap"
"GBGrce55RdcrIvyLthr","Grace","55","Clear","18-415","Reducer","Ivory Leather","false","assembly_unpublished_or_unsellable","CP18-415LIvyLthr","CP18-415LIvyLthr","","STATUS_DRAFT+NOT_PUBLISHED","false","https://www.bestbottles.com/product/grace-design-55-ml-glass-bottle-reducer-ivory-faux-leather-cap"
"LBGrce55LtnClOvrCap","Grace","55","Clear","18-415","Lotion Pump","Clear Overcap","false","exact_component_unresolved","","","","","false","https://www.bestbottles.com/product/grace-design-55-ml-glass-bottle-clear-over-the-cap-lotion-pump-matte-silver-collar-cap"
"GBPillar9SpryBlkMatt","Pillar","9","Clear","17-415","Fine Mist Sprayer","Matte Black","false","exact_component_unresolved","","","","","false","https://www.bestbottles.com/product/pillar-design-9-ml-clear-glass-bottle-matte-black-spray"
"GBPillar9MtlRollBlkdot","Pillar","9","Clear","13-415","N/A","","false","missing_bottle_component_links | exact_component_unresolved","","","","","false","https://www.bestbottles.com/product/pillar-design-5-ml-glass-bottle-metal-roller-ball-plug-black-dots-cap"
"GBPillar9RollBlkDot","Pillar","9","Clear","13-415","N/A","Clear","false","missing_bottle_component_links | exact_component_unresolved","","","","","false","https://www.bestbottles.com/product/pillar-design-5-ml-glass-bottle-roller-ball-plug-black-dots-cap"
"GBPillar9BlkShSht","Pillar","9","Clear","13-415","N/A","Clear","false","missing_bottle_component_links | exact_component_unresolved","","","","","false","https://www.bestbottles.com/product/pillar-design-9-ml-glass-bottle-black-short-cap"
"PB1ozClearcap","Plastic Bottle","30","","13-415","","Clear","false","exact_component_unresolved","","","","","false","https://www.bestbottles.com/product/Plastic-bottle-container-clear-Clear-cap-1oz"
"PB1ozSpryNat","Plastic Bottle","30","","13-415","","Natural","false","missing_bottle_component_links | exact_component_unresolved","","","","","false","https://www.bestbottles.com/product/Plastic-Bottle-container-Clear-Natural-sprayer-1oz"
"PB1ozSprySl","Plastic Bottle","30","","13-415","","Silver","false","missing_bottle_component_links | exact_component_unresolved","","","","","false","https://www.bestbottles.com/product/Plastic-bottle-container-clear-Silver-sprayer-1oz"
"GBRect10SpryBlkMatt","Rectangle","10","Clear","13-415","Fine Mist Sprayer","Matte Black","false","standalone_component_unpublished","","CP13-415SpryBlkMt","STATUS_DRAFT+NOT_PUBLISHED","","false","https://www.bestbottles.com/product/footed-rectangular-design-10-ml-bottle-matte-black-spray"
"GBTallRect10SpryBlkMatt","Rectangle","10","Clear","13-415","Fine Mist Sprayer","Matte Black","false","standalone_component_unpublished","","CP13-415SpryBlkMt","STATUS_DRAFT+NOT_PUBLISHED","","false","https://www.bestbottles.com/product/tall-rectangular-design-10-ml-glass-bottle-matte-black-spray"
"GBRect10Gl","Rectangle","10","Clear","13-415","","Gold","false","media_or_configuration_invalid","CP13-415Gl","CP13-415Gl","","","false","https://www.bestbottles.com/product/footed-rectangular-design-10-ml-bottle-shiny-gold-cap"
"GBRect10Sl","Rectangle","10","Clear","13-415","","Silver","false","media_or_configuration_invalid","CP13-415Sl","CP13-415Sl","","","false","https://www.bestbottles.com/product/footed-rectangular-design-10-ml-bottle-shiny-silver-cap"
"GBRect10WhtSht","Rectangle","10","Clear","13-415","","White","false","media_or_configuration_invalid","CP13-415WhtSht","CP13-415WhtSht","","","false","https://www.bestbottles.com/product/footed-rectangular-design-10-ml-bottle-short-white-cap"
"GBTallRect10Gl","Rectangle","10","Clear","13-415","","Gold","false","media_or_configuration_invalid","CP13-415Gl","CP13-415Gl","","","false","https://www.bestbottles.com/product/tall-rectangular-design-10-ml-glass-bottle-shiny-gold-cap"
"GBTallRect10Sl","Rectangle","10","Clear","13-415","","Silver","false","media_or_configuration_invalid","CP13-415Sl","CP13-415Sl","","","false","https://www.bestbottles.com/product/tall-rectangular-design-10-ml-glass-bottle-shiny-silver-cap"
"GBTallRect10WhtSht","Rectangle","10","Clear","13-415","","White","false","media_or_configuration_invalid","CP13-415WhtSht","CP13-415WhtSht","","","false","https://www.bestbottles.com/product/tall-rectangular-design-10-ml-glass-bottle-short-white-cap"
"GBTallRect10BlkSht","Rectangle","10","Clear","13-415","","Black","false","media_or_configuration_invalid","CP13-415BlkSht","CP13-415BlkSht","","","false","https://www.bestbottles.com/product/tall-rectangular-design-10-ml-glass-bottle-short-black-cap"
"GBRect10RollBlkDot","Rectangle","10","Clear","13-415","Plastic Roller Ball","Black Dotted","false","media_or_configuration_invalid","CPRoll13-415BlackDot","CPRoll13-415BlackDot","","","false","https://www.bestbottles.com/product/footed-rectangular-design-10-ml-bottle-plastic-roller-ball-plug-black-shiny-cap-with-dots"
"GBTallRect10RollBlkDot","Rectangle","10","Clear","13-415","Plastic Roller Ball","Black Dotted","false","media_or_configuration_invalid","CPRoll13-415BlackDot","CPRoll13-415BlackDot","","","false","https://www.bestbottles.com/product/tall-rectangular-design-10-ml-glass-bottle-plastic-roller-ball-plug-black-shiny-cap-with-dots"
"GBRect10MtlRollBlkDot","Rectangle","10","Clear","13-415","Metal Roller Ball","Black Dotted","false","media_or_configuration_invalid","CPRoll13-415BlackDot","CPRoll13-415BlackDot","","","false","https://www.bestbottles.com/product/footed-rectangular-design-10-ml-bottle-metal-roller-ball-plug-black-shiny-cap-with-dots"
"GBTallRect10MtlRollBlkDot","Rectangle","10","Clear","13-415","Metal Roller Ball","Black Dotted","false","media_or_configuration_invalid","CPRoll13-415BlackDot","CPRoll13-415BlackDot","","","false","https://www.bestbottles.com/product/tall-rectangular-design-10-ml-glass-bottle-metal-roller-ball-plug-black-shiny-cap-with-dots"
"GBRect10SpryBlkSh","Rectangle","10","Clear","13-415","Fine Mist Sprayer","Shiny Black","false","standalone_component_unpublished","","CP13-415SpryBlkSh","STATUS_DRAFT+NOT_PUBLISHED","","false","https://www.bestbottles.com/product/footed-rectangular-design-10-ml-bottle-shiny-black-spray"
"GBRect10SpryBluMatt","Rectangle","10","Clear","13-415","Fine Mist Sprayer","Matte Blue","false","standalone_component_unpublished","","CP13-415SpryBluMt","STATUS_DRAFT+NOT_PUBLISHED","","false","https://www.bestbottles.com/product/footed-rectangular-design-10-ml-bottle-matte-blue-spray"
"GBRect10SpryCuMatt","Rectangle","10","Clear","13-415","Fine Mist Sprayer","Matte Copper","false","standalone_component_unpublished","","CP13-415SpryCuMt","STATUS_DRAFT+NOT_PUBLISHED","","false","https://www.bestbottles.com/product/footed-rectangular-design-10-ml-bottle-matte-copper-spray"
"GBRect10SpryGlMatt","Rectangle","10","Clear","13-415","Fine Mist Sprayer","Matte Gold","false","standalone_component_unpublished","","CP13-415SpryGlMt","STATUS_DRAFT+NOT_PUBLISHED","","false","https://www.bestbottles.com/product/footed-rectangular-design-10-ml-bottle-matte-gold-spray"
"GBRect10SpryGlSh","Rectangle","10","Clear","13-415","Fine Mist Sprayer","Shiny Gold","false","standalone_component_unpublished","","CP13-415SpryGlSh","STATUS_DRAFT+NOT_PUBLISHED","","false","https://www.bestbottles.com/product/footed-rectangular-design-10-ml-bottle-shiny-gold-spray"
"GBRect10SprySlMatt","Rectangle","10","Clear","13-415","Fine Mist Sprayer","Matte Silver","false","standalone_component_unpublished","","CP13-415SprySlMt","STATUS_DRAFT+NOT_PUBLISHED","","false","https://www.bestbottles.com/product/footed-rectangular-design-10-ml-bottle-matte-silver-spray"
"GBRect10SprySlSh","Rectangle","10","Clear","13-415","Fine Mist Sprayer","Shiny Silver","false","standalone_component_unpublished","","CP13-415SprySlSh","STATUS_DRAFT+NOT_PUBLISHED","","false","https://www.bestbottles.com/product/footed-rectangular-design-10-ml-bottle-shiny-silver-spray"
"GBTallRect10SpryBlkSh","Rectangle","10","Clear","13-415","Fine Mist Sprayer","Shiny Black","false","standalone_component_unpublished","","CP13-415SpryBlkSh","STATUS_DRAFT+NOT_PUBLISHED","","false","https://www.bestbottles.com/product/tall-rectangular-design-10-ml-glass-bottle-shiny-black-spray"
"GBTallRect10SpryBluMatt","Rectangle","10","Clear","13-415","Fine Mist Sprayer","Matte Blue","false","standalone_component_unpublished","","CP13-415SpryBluMt","STATUS_DRAFT+NOT_PUBLISHED","","false","https://www.bestbottles.com/product/tall-rectangular-design-10-ml-glass-bottle-matte-blue-spray"
"GBTallRect10SpryCuMatt","Rectangle","10","Clear","13-415","Fine Mist Sprayer","Matte Copper","false","standalone_component_unpublished","","CP13-415SpryCuMt","STATUS_DRAFT+NOT_PUBLISHED","","false","https://www.bestbottles.com/product/tall-rectangular-design-10-ml-glass-bottle-matte-copper-spray"
"GBTallRect10SpryGlMatt","Rectangle","10","Clear","13-415","Fine Mist Sprayer","Matte Gold","false","standalone_component_unpublished","","CP13-415SpryGlMt","STATUS_DRAFT+NOT_PUBLISHED","","false","https://www.bestbottles.com/product/tall-rectangular-design-10-ml-glass-bottle-matte-gold-spray"
"GBTallRect10SpryGlSh","Rectangle","10","Clear","13-415","Fine Mist Sprayer","Shiny Gold","false","standalone_component_unpublished","","CP13-415SpryGlSh","STATUS_DRAFT+NOT_PUBLISHED","","false","https://www.bestbottles.com/product/tall-rectangular-design-10-ml-glass-bottle-shiny-gold-spray"
"GBTallRect10SprySlMatt","Rectangle","10","Clear","13-415","Fine Mist Sprayer","Matte Silver","false","standalone_component_unpublished","","CP13-415SprySlMt","STATUS_DRAFT+NOT_PUBLISHED","","false","https://www.bestbottles.com/product/tall-rectangular-design-10-ml-glass-bottle-matte-silver-spray"
"GBTallRect10SprySlSh","Rectangle","10","Clear","13-415","Fine Mist Sprayer","Shiny Silver","false","standalone_component_unpublished","","CP13-415SprySlSh","STATUS_DRAFT+NOT_PUBLISHED","","false","https://www.bestbottles.com/product/tall-rectangular-design-10-ml-glass-bottle-shiny-silver-spray"
"GBRect10MtlRollBlkSh","Rectangle","10","Clear","13-415","Metal Roller Ball","Shiny Black","false","media_or_configuration_invalid","CPRoll13-415BlkSh","CPRoll13-415BlkSh","","","false","https://www.bestbottles.com/product/footed-rectangular-design-10-ml-bottle-metal-roller-ball-plug-black-shiny-cap"
"GBRect10MtlRollCuMatt","Rectangle","10","Clear","13-415","Metal Roller Ball","Matte Copper","false","media_or_configuration_invalid","CPRoll13-415Cu","CPRoll13-415Cu","","","false","https://www.bestbottles.com/product/footed-rectangular-design-10-ml-bottle-metal-roller-ball-plug-matte-copper-cap"
"GBRect10MtlRollGlMatt","Rectangle","10","Clear","13-415","Metal Roller Ball","Matte Gold","false","media_or_configuration_invalid","CPRoll13-415GlMt","CPRoll13-415GlMt","","","false","https://www.bestbottles.com/product/footed-rectangular-design-10-ml-bottle-metal-roller-ball-plug-matte-gold-cap"
"GBRect10MtlRollGlSh","Rectangle","10","Clear","13-415","Metal Roller Ball","Shiny Gold","false","media_or_configuration_invalid","CPRoll13-415GlSh","CPRoll13-415GlSh","","","false","https://www.bestbottles.com/product/footed-rectangular-design-10-ml-bottle-metal-roller-ball-plug-shiny-gold-cap"
"GBRect10MtlRollPinkDot","Rectangle","10","Clear","13-415","Metal Roller Ball","Pink Dotted","false","media_or_configuration_invalid","CPRoll13-415PinkDot","CPRoll13-415PinkDot","","","false","https://www.bestbottles.com/product/footed-rectangular-design-10-ml-bottle-metal-roller-ball-plug-pink-cap-with-dots"
"GBRect10MtlRollSlDot","Rectangle","10","Clear","13-415","Metal Roller Ball","Silver Dotted","false","media_or_configuration_invalid","CPRoll13-415SlDot","CPRoll13-415SlDot","","","false","https://www.bestbottles.com/product/footed-rectangular-design-10-ml-bottle-metal-roller-ball-plug-silver-cap-with-dots"
"GBRect10MtlRollSlMatt","Rectangle","10","Clear","13-415","Metal Roller Ball","Matte Silver","false","media_or_configuration_invalid","CPRoll13-415SlMt","CPRoll13-415SlMt","","","false","https://www.bestbottles.com/product/footed-rectangular-design-10-ml-bottle-metal-roller-ball-plug-matte-silver-cap"
"GBRect10MtlRollSlSh","Rectangle","10","Clear","13-415","Metal Roller Ball","Shiny Silver","false","media_or_configuration_invalid","CPRoll13-415SlSh","CPRoll13-415SlSh","","","false","https://www.bestbottles.com/product/footed-rectangular-design-10-ml-bottle-metal-roller-ball-plug-shiny-silver-cap"
"GBTallRect10MtlRollBlkSh","Rectangle","10","Clear","13-415","Metal Roller Ball","Shiny Black","false","media_or_configuration_invalid","CPRoll13-415BlkSh","CPRoll13-415BlkSh","","","false","https://www.bestbottles.com/product/tall-rectangular-design-10-ml-glass-bottle-metal-roller-ball-plug-black-shiny-cap"
"GBTallRect10MtlRollCuMatt","Rectangle","10","Clear","13-415","Metal Roller Ball","Matte Copper","false","media_or_configuration_invalid","CPRoll13-415Cu","CPRoll13-415Cu","","","false","https://www.bestbottles.com/product/tall-rectangular-design-10-ml-glass-bottle-metal-roller-ball-plug-matte-copper-cap"
"GBTallRect10MtlRollGlMatt","Rectangle","10","Clear","13-415","Metal Roller Ball","Matte Gold","false","media_or_configuration_invalid","CPRoll13-415GlMt","CPRoll13-415GlMt","","","false","https://www.bestbottles.com/product/tall-rectangular-design-10-ml-glass-bottle-metal-roller-ball-plug-matte-gold-cap"
"GBTallRect10MtlRollGlSh","Rectangle","10","Clear","13-415","Metal Roller Ball","Shiny Gold","false","media_or_configuration_invalid","CPRoll13-415GlSh","CPRoll13-415GlSh","","","false","https://www.bestbottles.com/product/tall-rectangular-design-10-ml-glass-bottle-metal-roller-ball-plug-shiny-gold-cap"
"GBTallRect10MtlRollPinkDo","Rectangle","10","Clear","13-415","Metal Roller Ball","Clear","false","exact_component_unresolved","","","","","false","https://www.bestbottles.com/product/tall-rectangular-design-10-ml-glass-bottle-metal-roller-ball-plug-pink-cap-with-dots"
"GBTallRect10MtlRollSlDot","Rectangle","10","Clear","13-415","Metal Roller Ball","Silver Dotted","false","media_or_configuration_invalid","CPRoll13-415SlDot","CPRoll13-415SlDot","","","false","https://www.bestbottles.com/product/tall-rectangular-design-10-ml-glass-bottle-metal-roller-ball-plug-silver-cap-with-dots"
"GBTallRect10MtlRollSlMatt","Rectangle","10","Clear","13-415","Metal Roller Ball","Matte Silver","false","media_or_configuration_invalid","CPRoll13-415SlMt","CPRoll13-415SlMt","","","false","https://www.bestbottles.com/product/tall-rectangular-design-10-ml-glass-bottle-metal-roller-ball-plug-matte-silver-cap"
"GBTallRect10MtlRollSlSh","Rectangle","10","Clear","13-415","Metal Roller Ball","Shiny Silver","false","media_or_configuration_invalid","CPRoll13-415SlSh","CPRoll13-415SlSh","","","false","https://www.bestbottles.com/product/tall-rectangular-design-10-ml-glass-bottle-metal-roller-ball-plug-shiny-silver-cap"
"GBRect10BlkSht","Rectangle","10","Clear","13-415","","Black","false","media_or_configuration_invalid","CP13-415BlkSht","CP13-415BlkSht","","","false","https://www.bestbottles.com/product/footed-rectangular-design-10-ml-bottle-short-black-cap"
"GBRect10RollBlkSh","Rectangle","10","Clear","13-415","Plastic Roller Ball","Shiny Black","false","media_or_configuration_invalid","CPRoll13-415BlkSh","CPRoll13-415BlkSh","","","false","https://www.bestbottles.com/product/footed-rectangular-design-10-ml-bottle-plastic-roller-ball-plug-black-shiny-cap"
"GBRect10RollCuMatt","Rectangle","10","Clear","13-415","Plastic Roller Ball","Matte Copper","false","media_or_configuration_invalid","CPRoll13-415Cu","CPRoll13-415Cu","","","false","https://www.bestbottles.com/product/footed-rectangular-design-10-ml-bottle-plastic-roller-ball-plug-matte-copper-cap"
"GBRect10RollGlMatt","Rectangle","10","Clear","13-415","Plastic Roller Ball","Matte Gold","false","media_or_configuration_invalid","CPRoll13-415GlMt","CPRoll13-415GlMt","","","false","https://www.bestbottles.com/product/footed-rectangular-design-10-ml-bottle-plastic-roller-ball-plug-matte-gold-cap"
"GBRect10RollGlSh","Rectangle","10","Clear","13-415","Plastic Roller Ball","Shiny Gold","false","media_or_configuration_invalid","CPRoll13-415GlSh","CPRoll13-415GlSh","","","false","https://www.bestbottles.com/product/footed-rectangular-design-10-ml-bottle-plastic-roller-ball-plug-shiny-gold-cap"
"GBRect10RollPinkDot","Rectangle","10","Clear","13-415","Plastic Roller Ball","Pink Dotted","false","media_or_configuration_invalid","CPRoll13-415PinkDot","CPRoll13-415PinkDot","","","false","https://www.bestbottles.com/product/footed-rectangular-design-10-ml-bottle-plastic-roller-ball-plug-pink-cap-with-dots"
"GBRect10RollSlDot","Rectangle","10","Clear","13-415","Plastic Roller Ball","Silver Dotted","false","media_or_configuration_invalid","CPRoll13-415SlDot","CPRoll13-415SlDot","","","false","https://www.bestbottles.com/product/footed-rectangular-design-10-ml-bottle-plastic-roller-ball-plug-silver-cap-with-dots"
"GBRect10RollSlMatt","Rectangle","10","Clear","13-415","Plastic Roller Ball","Matte Silver","false","media_or_configuration_invalid","CPRoll13-415SlMt","CPRoll13-415SlMt","","","false","https://www.bestbottles.com/product/footed-rectangular-design-10-ml-bottle-plastic-roller-ball-plug-matte-silver-cap"
"GBRect10RollSlSh","Rectangle","10","Clear","13-415","Plastic Roller Ball","Shiny Silver","false","media_or_configuration_invalid","CPRoll13-415SlSh","CPRoll13-415SlSh","","","false","https://www.bestbottles.com/product/footed-rectangular-design-10-ml-bottle-plastic-roller-ball-plug-shiny-silver-cap"
"GBTallRect10RollBlkSh","Rectangle","10","Clear","13-415","Plastic Roller Ball","Shiny Black","false","media_or_configuration_invalid","CPRoll13-415BlkSh","CPRoll13-415BlkSh","","","false","https://www.bestbottles.com/product/tall-rectangular-design-10-ml-glass-bottle-plastic-roller-ball-plug-black-shiny-cap"
"GBTallRect10RollCuMatt","Rectangle","10","Clear","13-415","Plastic Roller Ball","Matte Copper","false","media_or_configuration_invalid","CPRoll13-415Cu","CPRoll13-415Cu","","","false","https://www.bestbottles.com/product/tall-rectangular-design-10-ml-glass-bottle-plastic-roller-ball-plug-matte-copper-cap"
"GBTallRect10RollGlMatt","Rectangle","10","Clear","13-415","Plastic Roller Ball","Matte Gold","false","media_or_configuration_invalid","CPRoll13-415GlMt","CPRoll13-415GlMt","","","false","https://www.bestbottles.com/product/tall-rectangular-design-10-ml-glass-bottle-plastic-roller-ball-plug-matte-gold-cap"
"GBTallRect10RollGlSh","Rectangle","10","Clear","13-415","Plastic Roller Ball","Shiny Gold","false","media_or_configuration_invalid","CPRoll13-415GlSh","CPRoll13-415GlSh","","","false","https://www.bestbottles.com/product/tall-rectangular-design-10-ml-glass-bottle-plastic-roller-ball-plug-shiny-gold-cap"
"GBTallRect10RollPinkDot","Rectangle","10","Clear","13-415","Plastic Roller Ball","Pink Dotted","false","media_or_configuration_invalid","CPRoll13-415PinkDot","CPRoll13-415PinkDot","","","false","https://www.bestbottles.com/product/tall-rectangular-design-10-ml-glass-bottle-plastic-roller-ball-plug-pink-cap-with-dots"
"GBTallRect10RollSlDot","Rectangle","10","Clear","13-415","Plastic Roller Ball","Silver Dotted","false","media_or_configuration_invalid","CPRoll13-415SlDot","CPRoll13-415SlDot","","","false","https://www.bestbottles.com/product/tall-rectangular-design-10-ml-glass-bottle-plastic-roller-ball-plug-silver-cap-with-dots"
"GBTallRect10RollSlMatt","Rectangle","10","Clear","13-415","Plastic Roller Ball","Matte Silver","false","media_or_configuration_invalid","CPRoll13-415SlMt","CPRoll13-415SlMt","","","false","https://www.bestbottles.com/product/tall-rectangular-design-10-ml-glass-bottle-plastic-roller-ball-plug-matte-silver-cap"
"GBTallRect10RollSlSh","Rectangle","10","Clear","13-415","Plastic Roller Ball","Shiny Silver","false","media_or_configuration_invalid","CPRoll13-415SlSh","CPRoll13-415SlSh","","","false","https://www.bestbottles.com/product/tall-rectangular-design-10-ml-glass-bottle-plastic-roller-ball-plug-shiny-silver-cap"
"GBRect10CuSht","Rectangle","10","Clear","13-415","","Matte Copper","false","exact_component_unresolved","","","","","false",""
"GBRect10GlMattSht","Rectangle","10","Clear","13-415","","Matte Gold","false","exact_component_unresolved","","","","","false",""
"GBRect10SlMattSht","Rectangle","10","Clear","13-415","","Matte Silver","false","exact_component_unresolved","","","","","false",""
"GBRect10BlkShSht","Rectangle","10","Clear","13-415","","Shiny Black","false","exact_component_unresolved","","","","","false",""
"GBRect10GlSht","Rectangle","10","Clear","13-415","","Shiny Gold","false","exact_component_unresolved","","","","","false",""
"GBRect10SlSht","Rectangle","10","Clear","13-415","","Shiny Silver","false","exact_component_unresolved","","","","","false",""
"GBRect10MinarCu","Rectangle","10","Clear","13-415","Fine Mist Sprayer","Matte Copper","false","standalone_component_unpublished","","CP13-415SpryCuMt","STATUS_DRAFT+NOT_PUBLISHED","","false",""
"GBRect10MinarSl","Rectangle","10","Clear","13-415","Fine Mist Sprayer","Shiny Silver","false","exact_component_unresolved","","","","","false",""
"GBTallRect10CuSht","Rectangle","10","Clear","13-415","","Matte Copper","false","exact_component_unresolved","","","","","false",""
"GBTallRect10GlMattSht","Rectangle","10","Clear","13-415","","Matte Gold","false","exact_component_unresolved","","","","","false",""
"GBTallRect10SlMattSht","Rectangle","10","Clear","13-415","","Matte Silver","false","exact_component_unresolved","","","","","false",""
"GBTallRect10BlkShSht","Rectangle","10","Clear","13-415","","Shiny Black","false","exact_component_unresolved","","","","","false",""
"GBTallRect10GlSht","Rectangle","10","Clear","13-415","","Shiny Gold","false","exact_component_unresolved","","","","","false",""
"GBTallRect10SlSht","Rectangle","10","Clear","13-415","","Shiny Silver","false","exact_component_unresolved","","","","","false",""
"GBRndFrst78RdcrMtSlTall","Round","78","Frosted","18-415","Reducer","Matte Silver","false","assembly_unpublished_or_unsellable","CP18-415MtSlTall","CP18-415MtSlTall","","STATUS_DRAFT+NOT_PUBLISHED","false","https://www.bestbottles.com/product/round-design-78-ml-frosted-glass-bottle-reducer-tall-silver-matte-cap"
"GBRndFrst128AnSpRed","Round","128","Frosted","18-415","Vintage Bulb Sprayer","Red","false","media_or_configuration_invalid","AnSp18-415Red","AnSp18-415Red","","","false","https://www.bestbottles.com/product/round-design-128-ml-frosted-glass-bottle-red-vintage-style-bulb-sprayer-shiny-silver-collar-cap"
"GBRndFrst78RdcrMtSl","Round","78","Frosted","18-415","Reducer","Matte Silver","false","assembly_unpublished_or_unsellable","CP18-415MtSl","CP18-415MtSl","","STATUS_DRAFT+NOT_PUBLISHED","false","https://www.bestbottles.com/product/round-design-78-ml-frosted-glass-bottle-reducer-silver-matte-cap"
"GBRndFrst128AnSpMtSl","Round","128","Frosted","18-415","Vintage Bulb Sprayer","Matte Silver","false","media_or_configuration_invalid","AnSp18-415MtSl","AnSp18-415MtSl","","","false","https://www.bestbottles.com/product/round-design-128-ml-frosted-glass-bottle-matte-silver-vintage-style-sprayer-matte-silver-collar-cap"
"GBRndFrst78RdcrWht","Round","78","Frosted","18-415","Reducer","White","false","assembly_unpublished_or_unsellable","CP18-415Wh","CP18-415Wh","","STATUS_DRAFT+NOT_PUBLISHED","false","https://www.bestbottles.com/product/round-design-78-ml-frosted-glass-bottle-reducer-white-cap"
"GBRndFrst128AnSpWht","Round","128","Frosted","18-415","Vintage Bulb Sprayer","White","false","media_or_configuration_invalid","AnSp18-415Wht","AnSp18-415Wht","","","false","https://www.bestbottles.com/product/round-design-128-ml-frosted-glass-bottle-white-vintage-style-bulb-sprayer-shiny-silver-collar-cap"
"GBRndFrst78RdcrIvyLthr","Round","78","Frosted","18-415","Reducer","Ivory Leather","false","assembly_unpublished_or_unsellable","CP18-415LIvyLthr","CP18-415LIvyLthr","","STATUS_DRAFT+NOT_PUBLISHED","false","https://www.bestbottles.com/product/round-design-78-ml-frosted-glass-bottle-reducer-ivory-faux-leather-cap"
"GBRndFrst128AnSpTslRed","Round","128","Frosted","18-415","Vintage Bulb Sprayer","Frosted","false","media_or_configuration_invalid","AnSp18-415Red","AnSp18-415Red","","","false","https://www.bestbottles.com/product/round-design-128-ml-frosted-glass-bottle-red-vintage-style-sprayer-with-tassel-shiny-silver-collar"
"GBRndFrst78RdcrPnkLthr","Round","78","Frosted","18-415","Reducer","Pink Leather","false","assembly_unpublished_or_unsellable","CP18-415LPnkLthr","CP18-415LPnkLthr","","STATUS_DRAFT+NOT_PUBLISHED","false","https://www.bestbottles.com/product/round-design-78-ml-frosted-glass-bottle-reducer-pink-faux-leather-cap"
"GBRndFrst128AnSpTslGl","Round","128","Frosted","18-415","Vintage Bulb Sprayer","Frosted","false","media_or_configuration_invalid","AnSp18-415Gl","AnSp18-415Gl","","","false","https://www.bestbottles.com/product/round-design-128-ml-frosted-glass-bottle-gold-vintage-style-sprayer-with-tassel-shiny-gold-collar"
"GBRndFrst128AnSpTslIvyGl","Round","128","Frosted","18-415","Vintage Bulb Sprayer","Frosted","false","media_or_configuration_invalid","AnSp18-415IvyGl","AnSp18-415IvyGl","","","false","https://www.bestbottles.com/product/round-design-128-ml-frosted-glass-bottle-ivory-vintage-style-sprayer-with-tassel-shiny-gold-collar"
"GBRndFrst128AnSpTslIvySl","Round","128","Frosted","18-415","Vintage Bulb Sprayer","Frosted","false","media_or_configuration_invalid","AnSp18-415IvySl","AnSp18-415IvySl","","","false","https://www.bestbottles.com/product/round-design-128-ml-frosted-glass-bottle-ivory-vintage-style-sprayer-with-tassel-shiny-silver-collar"
"GBRndFrst128AnSpTslLvn","Round","128","Frosted","18-415","Vintage Bulb Sprayer","Frosted","false","media_or_configuration_invalid","AnSp18-415Lvn","AnSp18-415Lvn","","","false","https://www.bestbottles.com/product/round-design-128-ml-frosted-glass-bottle-lavender-vintage-style-sprayer-with-tassel-shiny-silver-collar"
"GBRndFrst128AnSpTslPnk","Round","128","Frosted","18-415","Vintage Bulb Sprayer","Frosted","false","media_or_configuration_invalid","CP18-415AnSpPnk","CP18-415AnSpPnk","","","false","https://www.bestbottles.com/product/round-design-128-ml-frosted-glass-bottle-pink-vintage-style-sprayer-with-tassel-shiny-gold-collar"
"LBRnd128LtnShnGl","Round","128","Clear","18-415","Lotion Pump","Shiny Gold","false","standalone_component_unpublished","","Ltn18-415ShnGl","STATUS_DRAFT+NOT_PUBLISHED","","false","https://www.bestbottles.com/product/round-design-128-ml-glass-bottle-shiny-gold-lotion-pump-and-cap"
"GBRndFrst128AnSpTslWht","Round","128","Frosted","18-415","Vintage Bulb Sprayer","Frosted","false","media_or_configuration_invalid","AnSp18-415Wht","AnSp18-415Wht","","","false","https://www.bestbottles.com/product/round-design-128-ml-frosted-glass-bottle-white-vintage-style-sprayer-with-tassel-shiny-silver-collar"
"LBRnd128LtnMtSl","Round","128","Clear","18-415","Lotion Pump","Matte Silver","false","exact_component_unresolved","","","","","false","https://www.bestbottles.com/product/round-design-128-ml-glass-bottle-matte-silver-lotion-pump-and-cap"
"LBRnd128LtnClOvrCap","Round","128","Clear","18-415","Lotion Pump","Clear Overcap","false","exact_component_unresolved","","","","","false","https://www.bestbottles.com/product/round-design-128-ml-glass-bottle-clear-over-the-cap-lotion-pump-matte-silver-collar-cap"
"GBRndFrst128AnSpTslMtSl","Round","128","Frosted","18-415","Vintage Bulb Sprayer","Frosted","false","media_or_configuration_invalid","AnSp18-415MtSl","AnSp18-415MtSl","","","false","https://www.bestbottles.com/product/round-design-128-ml-frosted-glass-bottle-matte-silver-vintage-style-sprayer-with-tassel-matte-silver-collar"
"LBRnd128LtnCu","Round","128","Clear","18-415","Lotion Pump","Copper","false","standalone_component_unpublished","","Ltn18-415Cu","STATUS_DRAFT+NOT_PUBLISHED","","false","https://www.bestbottles.com/product/round-design-128-ml-glass-bottle-matte-copper-lotion-pump-and-cap"
"LBRndFrst128LtnClOvrCap","Round","128","Frosted","18-415","Lotion Pump","Clear","false","exact_component_unresolved","","","","","false","https://www.bestbottles.com/product/round-design-128-ml-frosted-glass-bottle-clear-over-the-cap-lotion-pump-matte-silver-collar-cap"
"LBRnd128LtnMtGl","Round","128","Clear","18-415","Lotion Pump","Matte Gold","false","standalone_component_unpublished","","Ltn18-415MtGl","STATUS_DRAFT+NOT_PUBLISHED","","false","https://www.bestbottles.com/product/round-design-128-ml-glass-bottle-matte-gold-lotion-pump-and-cap"
"LBRnd128LtnShnBlk","Round","128","Clear","18-415","Lotion Pump","Shiny Black","false","standalone_component_unpublished","","Ltn18-415ShnBlk","STATUS_DRAFT+NOT_PUBLISHED","","false","https://www.bestbottles.com/product/round-design-128-ml-glass-bottle-shiny-black-lotion-pump-and-cap"
"LBRnd128LtnShnSl","Round","128","Clear","18-415","Lotion Pump","Shiny Silver","false","standalone_component_unpublished","","Ltn18-415ShnSl","STATUS_DRAFT+NOT_PUBLISHED","","false","https://www.bestbottles.com/product/round-design-128-ml-glass-bottle-shiny-silver-lotion-pump-and-cap"
"LBRndFrst128LtnMtGl","Round","128","Frosted","18-415","Lotion Pump","Matte Gold","false","standalone_component_unpublished","","Ltn18-415MtGl","STATUS_DRAFT+NOT_PUBLISHED","","false","https://www.bestbottles.com/product/round-design-128-ml-frosted-glass-bottle-matte-gold-lotion-pump-and-cap"
"LBRndFrst128LtnShnGl","Round","128","Frosted","18-415","Lotion Pump","Shiny Gold","false","standalone_component_unpublished","","Ltn18-415ShnGl","STATUS_DRAFT+NOT_PUBLISHED","","false","https://www.bestbottles.com/product/round-design-128-ml-frosted-glass-bottle-shiny-gold-lotion-pump-and-cap"
"LBRndFrst128LtnShnBlk","Round","128","Frosted","18-415","Lotion Pump","Shiny Black","false","standalone_component_unpublished","","Ltn18-415ShnBlk","STATUS_DRAFT+NOT_PUBLISHED","","false","https://www.bestbottles.com/product/round-design-128-ml-frosted-glass-bottle-shiny-black-lotion-pump-and-cap"
"LBRndFrst128LtnMtSl","Round","128","Frosted","18-415","Lotion Pump","Matte Silver","false","exact_component_unresolved","","","","","false","https://www.bestbottles.com/product/round-design-128-ml-frosted-glass-bottle-matte-silver-lotion-pump-and-cap"
"LBRndFrst128LtnShnSl","Round","128","Frosted","18-415","Lotion Pump","Shiny Silver","false","standalone_component_unpublished","","Ltn18-415ShnSl","STATUS_DRAFT+NOT_PUBLISHED","","false","https://www.bestbottles.com/product/round-design-128-ml-frosted-glass-bottle-shiny-silver-lotion-pump-and-cap"
"LBRndFrst128LtnCu","Round","128","Frosted","18-415","Lotion Pump","Copper","false","standalone_component_unpublished","","Ltn18-415Cu","STATUS_DRAFT+NOT_PUBLISHED","","false","https://www.bestbottles.com/product/round-design-128-ml-frosted-glass-bottle-matte-copper-lotion-pump-and-cap"
"GBRnd78SpryCu","Round","78","Clear","18-415","Perfume Spray Pump","Copper","false","standalone_component_unpublished","","Spry18-415Cu","STATUS_DRAFT+NOT_PUBLISHED","","false","https://www.bestbottles.com/product/round-design-78-ml-glass-bottle-matte-copper-spray-and-cap"
"GBRndFrst78SpryCu","Round","78","Frosted","18-415","Perfume Spray Pump","Copper","false","standalone_component_unpublished","","Spry18-415Cu","STATUS_DRAFT+NOT_PUBLISHED","","false","https://www.bestbottles.com/product/round-design-78-ml-frosted-glass-bottle-matte-copper-spray-and-cap"
"GBRnd78SpryMtGl","Round","78","Clear","18-415","Perfume Spray Pump","Matte Gold","false","standalone_component_unpublished","","Spry18-415MtGl","STATUS_DRAFT+NOT_PUBLISHED","","false","https://www.bestbottles.com/product/round-design-78-ml-glass-bottle-matte-gold-spray-pump-and-cap"
"GBRnd78SpryMtSl","Round","78","Clear","18-415","Perfume Spray Pump","Matte Silver","false","standalone_component_unpublished","","Spry18-415MtSl","STATUS_DRAFT+NOT_PUBLISHED","","false","https://www.bestbottles.com/product/round-design-78-ml-glass-bottle-matte-silver-spray-pump-and-cap"
"GBRnd78SpryShnGl","Round","78","Clear","18-415","Perfume Spray Pump","Shiny Gold","false","standalone_component_unpublished","","Spry18-415ShnGl","STATUS_DRAFT+NOT_PUBLISHED","","false","https://www.bestbottles.com/product/round-design-78-ml-glass-bottle-shiny-gold-spray-pump-and-cap"
"GBRnd78SpryShnBlk","Round","78","Clear","18-415","Perfume Spray Pump","Shiny Black","false","standalone_component_unpublished","","Spry18-415ShnBlk","STATUS_DRAFT+NOT_PUBLISHED","","false","https://www.bestbottles.com/product/round-design-78-ml-glass-bottle-shiny-black-spray-pump-and-cap"
"GBRnd78SpryShnSl","Round","78","Clear","18-415","Perfume Spray Pump","Shiny Silver","false","standalone_component_unpublished","","Spry18-415ShnSl","STATUS_DRAFT+NOT_PUBLISHED","","false","https://www.bestbottles.com/product/round-design-78-ml-glass-bottle-shiny-silver-spray-and-cap"
"GBRndFrst78SpryShnGl","Round","78","Frosted","18-415","Perfume Spray Pump","Shiny Gold","false","standalone_component_unpublished","","Spry18-415ShnGl","STATUS_DRAFT+NOT_PUBLISHED","","false","https://www.bestbottles.com/product/round-design-78-ml-frosted-glass-bottle-shiny-gold-spray-pump-and-cap"
"GBRndFrst78SpryMtSl","Round","78","Frosted","18-415","Perfume Spray Pump","Matte Silver","false","standalone_component_unpublished","","Spry18-415MtSl","STATUS_DRAFT+NOT_PUBLISHED","","false","https://www.bestbottles.com/product/round-design-78-ml-frosted-glass-bottle-matte-silver-spray-pump-and-cap"
"GBRndFrst78SpryShnSl","Round","78","Frosted","18-415","Perfume Spray Pump","Shiny Silver","false","standalone_component_unpublished","","Spry18-415ShnSl","STATUS_DRAFT+NOT_PUBLISHED","","false","https://www.bestbottles.com/product/round-design-78-ml-frosted-glass-bottle-shiny-silver-spray-and-cap"
"GBRnd128SpryCu","Round","128","Clear","18-415","Perfume Spray Pump","Copper","false","standalone_component_unpublished","","Spry18-415Cu","STATUS_DRAFT+NOT_PUBLISHED","","false","https://www.bestbottles.com/product/round-design-128-ml-glass-bottle-matte-copper-spray-and-cap"
"GBRndFrst78SpryShnBlk","Round","78","Frosted","18-415","Perfume Spray Pump","Shiny Black","false","standalone_component_unpublished","","Spry18-415ShnBlk","STATUS_DRAFT+NOT_PUBLISHED","","false","https://www.bestbottles.com/product/round-design-78-ml-frosted-glass-bottle-shiny-black-spray-pump-and-cap"
"GBRndFrst128SpryCu","Round","128","Frosted","18-415","Perfume Spray Pump","Copper","false","standalone_component_unpublished","","Spry18-415Cu","STATUS_DRAFT+NOT_PUBLISHED","","false","https://www.bestbottles.com/product/round-design-128-ml-frosted-glass-bottle-matte-copper-spray-and-cap"
"GBRndFrst78SpryMtGl","Round","78","Frosted","18-415","Perfume Spray Pump","Matte Gold","false","standalone_component_unpublished","","Spry18-415MtGl","STATUS_DRAFT+NOT_PUBLISHED","","false","https://www.bestbottles.com/product/round-design-78-ml-frosted-glass-bottle-matte-gold-spray-pump-and-cap"
"GBRnd128DrpSl","Round","128","Clear","18-415","Dropper","Silver","false","exact_component_unresolved","","","","","false","https://www.bestbottles.com/product/round-design-128-ml-glass-bottle-white-dropper-shiny-silver-collar-cap"
"GBRnd128DrpGl","Round","128","Clear","18-415","Dropper","Gold","false","exact_component_unresolved","","","","","false","https://www.bestbottles.com/product/round-design-128-ml-glass-bottle-white-dropper-shiny-gold-collar-cap"
"GBRndFrst128DrpSl","Round","128","Frosted","18-415","Dropper","Silver","false","exact_component_unresolved","","","","","false","https://www.bestbottles.com/product/round-design-128-ml-frosted-glass-bottle-white-dropper-shiny-silver-collar-cap"
"GBRndFrst128DrpGl","Round","128","Frosted","18-415","Dropper","Shiny Gold","false","exact_component_unresolved","","","","","false","https://www.bestbottles.com/product/round-design-128-ml-frosted-glass-bottle-white-dropper-shiny-gold-collar-cap"
"GBRnd78AnSpPnk","Round","78","Clear","18-415","Vintage Bulb Sprayer","Pink","false","media_or_configuration_invalid","CP18-415AnSpPnk","CP18-415AnSpPnk","","","false","https://www.bestbottles.com/product/round-design-78-ml-glass-bottle-pink-vintage-style-bulb-sprayer-shiny-gold-collar-cap"
"GBRnd78AnSpLvn","Round","78","Clear","18-415","Vintage Bulb Sprayer","Lavender","false","media_or_configuration_invalid","AnSp18-415Lvn","AnSp18-415Lvn","","","false","https://www.bestbottles.com/product/round-design-78-ml-glass-bottle-lavender-vintage-style-bulb-sprayer-shiny-silver-collar-cap"
"GBRnd78AnSpIvyGl","Round","78","Clear","18-415","Vintage Bulb Sprayer","Ivory Gold","false","media_or_configuration_invalid","AnSp18-415IvyGl","AnSp18-415IvyGl","","","false","https://www.bestbottles.com/product/round-design-78-ml-glass-bottle-ivory-vintage-style-bulb-sprayer-shiny-gold-collar-cap"
"GBRnd78AnSpGl","Round","78","Clear","18-415","Vintage Bulb Sprayer","Gold","false","media_or_configuration_invalid","AnSp18-415Gl","AnSp18-415Gl","","","false","https://www.bestbottles.com/product/round-design-78-ml-glass-bottle-gold-vintage-style-sprayer-shiny-gold-collar-cap"
"GBRnd78RdcrBlkLthr","Round","78","Clear","18-415","Reducer","Black Leather","false","assembly_unpublished_or_unsellable","CP18-415BlkLthr","CP18-415BlkLthr","","STATUS_DRAFT+NOT_PUBLISHED","false","https://www.bestbottles.com/product/round-design-78-ml-glass-bottle-reducer-black-faux-leather-cap"
"GBRnd78AnSpIvySl","Round","78","Clear","18-415","Vintage Bulb Sprayer","Ivory Silver","false","media_or_configuration_invalid","AnSp18-415IvySl","AnSp18-415IvySl","","","false","https://www.bestbottles.com/product/round-design-78-ml-glass-bottle-ivory-vintage-style-bulb-sprayer-shiny-silver-collar-cap"
"GBRndFrst78RdcrBlkLthr","Round","78","Frosted","18-415","Reducer","Black Leather","false","assembly_unpublished_or_unsellable","CP18-415BlkLthr","CP18-415BlkLthr","","STATUS_DRAFT+NOT_PUBLISHED","false","https://www.bestbottles.com/product/round-design-78-ml-frosted-glass-bottle-reducer-black-faux-leather-cap"
"GBRnd128RdcrIvyLthr","Round","128","Clear","18-415","Reducer","Ivory Leather","false","assembly_unpublished_or_unsellable","CP18-415LIvyLthr","CP18-415LIvyLthr","","STATUS_DRAFT+NOT_PUBLISHED","false","https://www.bestbottles.com/product/round-design-128-ml-glass-bottle-reducer-ivory-faux-leather-cap"
"GBRnd78AnSpRed","Round","78","Clear","18-415","Vintage Bulb Sprayer","Red","false","media_or_configuration_invalid","AnSp18-415Red","AnSp18-415Red","","","false","https://www.bestbottles.com/product/round-design-78-ml-glass-bottle-red-vintage-style-bulb-sprayer-shiny-silver-collar-cap"
"GBRnd128RdcrShnGl","Round","128","Clear","18-415","Reducer","Shiny Gold","false","assembly_unpublished_or_unsellable","CP18-415ShnGl","CP18-415ShnGl","","STATUS_DRAFT+NOT_PUBLISHED","false","https://www.bestbottles.com/product/round-design-128-ml-glass-bottle-reducer-shiny-gold-cap"
"GBRnd78AnSpMtSl","Round","78","Clear","18-415","Vintage Bulb Sprayer","Matte Silver","false","media_or_configuration_invalid","AnSp18-415MtSl","AnSp18-415MtSl","","","false","https://www.bestbottles.com/product/round-design-78-ml-glass-bottle-matte-silver-vintage-style-sprayer-matte-silver-collar-cap"
"GBRnd128RdcrShnBlkTall","Round","128","Clear","18-415","Reducer","Shiny Black","false","assembly_unpublished_or_unsellable","CP18-415ShnBlkTall","CP18-415ShnBlkTall","","STATUS_DRAFT+NOT_PUBLISHED","false","https://www.bestbottles.com/product/round-design-128-ml-glass-bottle-reducer-tall-black-shiny-cap"
"GBRnd78AnSpWht","Round","78","Clear","18-415","Vintage Bulb Sprayer","Clear","false","media_or_configuration_invalid","AnSp18-415Wht","AnSp18-415Wht","","","false","https://www.bestbottles.com/product/round-design-78-ml-glass-bottle-white-vintage-style-bulb-sprayer-shiny-silver-collar-cap"
"GBRnd128RdcrShnBlk","Round","128","Clear","18-415","Reducer","Shiny Black","false","exact_component_unresolved | assembly_unpublished_or_unsellable","","","","STATUS_DRAFT+NOT_PUBLISHED","false","https://www.bestbottles.com/product/round-design-128-ml-glass-bottle-reducer-black-shiny-cap"
"GBRnd78AnSpTslGl","Round","78","Clear","18-415","Vintage Bulb Sprayer with Tassel","Gold","false","media_or_configuration_invalid","CP18-415AnSpTslGl","CP18-415AnSpTslGl","","","false","https://www.bestbottles.com/product/round-design-78-ml-glass-bottle-gold-vintage-style-sprayer-with-tassel-shiny-gold-collar"
"GBRnd128RdcrBrwnLthr","Round","128","Clear","18-415","Reducer","Brown Leather","false","assembly_unpublished_or_unsellable","CP18-415BrwnLthr","CP18-415BrwnLthr","","STATUS_DRAFT+NOT_PUBLISHED","false","https://www.bestbottles.com/product/round-design-128-ml-glass-bottle-reducer-brown-faux-leather-cap"
"GBRnd78AnSpTslIvyGl","Round","78","Clear","18-415","Vintage Bulb Sprayer with Tassel","Ivory Gold","false","media_or_configuration_invalid","AnSpTsl18-415IvyGl","AnSpTsl18-415IvyGl","","","false","https://www.bestbottles.com/product/round-design-78-ml-glass-bottle-ivory-vintage-style-sprayer-with-tassel-shiny-gold-collar"
"GBRnd128RdcrLBrwnLthr","Round","128","Clear","18-415","Reducer","Light Brown Leather","false","assembly_unpublished_or_unsellable","CP18-415LBrwnLthr","CP18-415LBrwnLthr","","STATUS_DRAFT+NOT_PUBLISHED","false","https://www.bestbottles.com/product/round-design-128-ml-glass-bottle-reducer-light-brown-faux-leather-cap"
"GBRnd78AnSpTslLvn","Round","78","Clear","18-415","Vintage Bulb Sprayer with Tassel","Lavender","false","media_or_configuration_invalid","AnSpTsl18-415Lvn","AnSpTsl18-415Lvn","","","false","https://www.bestbottles.com/product/round-design-78-ml-glass-bottle-lavender-vintage-style-sprayer-with-tassel-shiny-silver-collar"
"GBRnd128RdcrShnSl","Round","128","Clear","18-415","Reducer","Shiny Silver","false","assembly_unpublished_or_unsellable","CP18-415ShnSl","CP18-415ShnSl","","STATUS_DRAFT+NOT_PUBLISHED","false","https://www.bestbottles.com/product/round-design-128-ml-glass-bottle-reducer-shiny-silver-cap"
"GBRnd78AnSpTslWht","Round","78","Clear","18-415","Vintage Bulb Sprayer with Tassel","White","false","media_or_configuration_invalid","AnSpTsl18-415Wht","AnSpTsl18-415Wht","","","false","https://www.bestbottles.com/product/round-design-78-ml-glass-bottle-white-vintage-style-sprayer-with-tassel-shiny-silver-collar"
"GBRnd128RdcrMtSlTall","Round","128","Clear","18-415","Reducer","Matte Silver","false","assembly_unpublished_or_unsellable","CP18-415MtSlTall","CP18-415MtSlTall","","STATUS_DRAFT+NOT_PUBLISHED","false","https://www.bestbottles.com/product/round-design-128-ml-glass-bottle-reducer-tall-silver-matte-cap"
"GBRnd78AnSpTslPnk","Round","78","Clear","18-415","Vintage Bulb Sprayer with Tassel","Pink","false","media_or_configuration_invalid","AnSpTsl18-415Pnk","AnSpTsl18-415Pnk","","","false","https://www.bestbottles.com/product/round-design-78-ml-glass-bottle-pink-vintage-style-sprayer-with-tassel-shiny-gold-collar"
"GBRnd128RdcrMtSl","Round","128","Clear","18-415","Reducer","Matte Silver","false","assembly_unpublished_or_unsellable","CP18-415MtSl","CP18-415MtSl","","STATUS_DRAFT+NOT_PUBLISHED","false","https://www.bestbottles.com/product/round-design-128-ml-glass-bottle-reducer-silver-matte-cap"
"GBRnd78AnSpTslRed","Round","78","Clear","18-415","Vintage Bulb Sprayer with Tassel","Red","false","media_or_configuration_invalid","AnSpTsl18-415Red","AnSpTsl18-415Red","","","false","https://www.bestbottles.com/product/round-design-78-ml-glass-bottle-red-vintage-style-sprayer-with-tassel-shiny-silver-collar"
"GBRnd128RdcrWht","Round","128","Clear","18-415","Reducer","White","false","assembly_unpublished_or_unsellable","CP18-415Wh","CP18-415Wh","","STATUS_DRAFT+NOT_PUBLISHED","false","https://www.bestbottles.com/product/round-design-128-ml-glass-bottle-reducer-white-cap"
"GBRnd78AnSpTslMtSl","Round","78","Clear","18-415","Vintage Bulb Sprayer with Tassel","Matte Silver","false","media_or_configuration_invalid","AnSpTsl18-415MtS","AnSpTsl18-415MtS","","","false","https://www.bestbottles.com/product/round-design-78-ml-glass-bottle-matte-silver-vintage-style-sprayer-with-tassel-matte-silver-collar"
"GBRnd128RdcrBlkLthr","Round","128","Clear","18-415","Reducer","Black Leather","false","assembly_unpublished_or_unsellable","CP18-415BlkLthr","CP18-415BlkLthr","","STATUS_DRAFT+NOT_PUBLISHED","false","https://www.bestbottles.com/product/round-design-128-ml-glass-bottle-reducer-black-faux-leather-cap"
"GBRnd128RdcrPnkLthr","Round","128","Clear","18-415","Reducer","Pink Leather","false","assembly_unpublished_or_unsellable","CP18-415LPnkLthr","CP18-415LPnkLthr","","STATUS_DRAFT+NOT_PUBLISHED","false","https://www.bestbottles.com/product/round-design-128-ml-glass-bottle-reducer-pink-faux-leather-cap"
"GBRnd78AnSpTslIvySl","Round","78","Clear","18-415","Vintage Bulb Sprayer with Tassel","Ivory Silver","false","media_or_configuration_invalid","AnSpTsl18-415IvySl","AnSpTsl18-415IvySl","","","false","https://www.bestbottles.com/product/round-design-78-ml-glass-bottle-ivory-vintage-style-sprayer-with-tassel-shiny-silver-collar"
"GBRndFrst128RdcrBlkLthr","Round","128","Frosted","18-415","Reducer","Black","false","assembly_unpublished_or_unsellable","CP18-415BlkLthr","CP18-415BlkLthr","","STATUS_DRAFT+NOT_PUBLISHED","false","https://www.bestbottles.com/product/round-design-128-ml-frosted-glass-bottle-reducer-black-faux-leather-cap"
"GBRndFrst128RdcrShnSl","Round","128","Frosted","18-415","Reducer","Shiny Silver","false","assembly_unpublished_or_unsellable","CP18-415ShnSl","CP18-415ShnSl","","STATUS_DRAFT+NOT_PUBLISHED","false","https://www.bestbottles.com/product/round-design-128-ml-frosted-glass-bottle-reducer-shiny-silver-cap"
"GBRndFrst78AnSpGl","Round","78","Frosted","18-415","Vintage Bulb Sprayer","Gold","false","media_or_configuration_invalid","AnSp18-415Gl","AnSp18-415Gl","","","false","https://www.bestbottles.com/product/round-design-78-ml-frosted-glass-bottle-gold-vintage-style-sprayer-shiny-gold-collar-cap"
"GBRndFrst128RdcrShnGl","Round","128","Frosted","18-415","Reducer","Shiny Gold","false","assembly_unpublished_or_unsellable","CP18-415ShnGl","CP18-415ShnGl","","STATUS_DRAFT+NOT_PUBLISHED","false","https://www.bestbottles.com/product/round-design-128-ml-frosted-glass-bottle-reducer-shiny-gold-cap"
"GBRndFrst78AnSpIvyGl","Round","78","Frosted","18-415","Vintage Bulb Sprayer","Ivory Gold","false","media_or_configuration_invalid","AnSp18-415IvyGl","AnSp18-415IvyGl","","","false","https://www.bestbottles.com/product/round-design-78-ml-frosted-glass-bottle-ivory-vintage-style-bulb-sprayer-shiny-gold-collar-cap"
"GBRndFrst128RdcrShnBlkTall","Round","128","Frosted","18-415","Reducer","Shiny Black","false","assembly_unpublished_or_unsellable","CP18-415ShnBlkTall","CP18-415ShnBlkTall","","STATUS_DRAFT+NOT_PUBLISHED","false","https://www.bestbottles.com/product/round-design-128-ml-frosted-glass-bottle-reducer-tall-black-shiny-cap"
"GBRndFrst78AnSpIvySl","Round","78","Frosted","18-415","Vintage Bulb Sprayer","Ivory Silver","false","media_or_configuration_invalid","AnSp18-415IvySl","AnSp18-415IvySl","","","false","https://www.bestbottles.com/product/round-design-78-ml-frosted-glass-bottle-ivory-vintage-style-bulb-sprayer-shiny-silver-collar-cap"
"GBRndFrst128RdcrShnBlk","Round","128","Frosted","18-415","Reducer","Shiny Black","false","exact_component_unresolved | assembly_unpublished_or_unsellable","","","","STATUS_DRAFT+NOT_PUBLISHED","false","https://www.bestbottles.com/product/round-design-128-ml-frosted-glass-bottle-reducer-black-shiny-cap"
"GBRndFrst78AnSpPnk","Round","78","Frosted","18-415","Vintage Bulb Sprayer","Pink","false","media_or_configuration_invalid","CP18-415AnSpPnk","CP18-415AnSpPnk","","","false","https://www.bestbottles.com/product/round-design-78-ml-frosted-glass-bottle-pink-vintage-style-bulb-sprayer-shiny-gold-collar-cap"
"GBRndFrst128RdcrBrwnLthr","Round","128","Frosted","18-415","Reducer","Frosted","false","assembly_unpublished_or_unsellable","CP18-415BrwnLthr","CP18-415BrwnLthr","","STATUS_DRAFT+NOT_PUBLISHED","false","https://www.bestbottles.com/product/round-design-128-ml-frosted-glass-bottle-reducer-brown-faux-leather-cap"
"GBRndFrst78AnSpLvn","Round","78","Frosted","18-415","Vintage Bulb Sprayer","Lavender","false","media_or_configuration_invalid","AnSp18-415Lvn","AnSp18-415Lvn","","","false","https://www.bestbottles.com/product/round-design-78-ml-frosted-glass-bottle-lavender-vintage-style-bulb-sprayer-shiny-silver-collar-cap"
"GBRndFrst128RdcrLBrwnLthr","Round","128","Frosted","18-415","Reducer","Frosted","false","assembly_unpublished_or_unsellable","CP18-415LBrwnLthr","CP18-415LBrwnLthr","","STATUS_DRAFT+NOT_PUBLISHED","false","https://www.bestbottles.com/product/round-design-128-ml-frosted-glass-bottle-reducer-light-brown-faux-leather-cap"
"GBRndFrst78AnSpRed","Round","78","Frosted","18-415","Vintage Bulb Sprayer","Red","false","media_or_configuration_invalid","AnSp18-415Red","AnSp18-415Red","","","false","https://www.bestbottles.com/product/round-design-78-ml-frosted-glass-bottle-red-vintage-style-bulb-sprayer-shiny-silver-collar-cap"
"GBRndFrst128RdcrMtSlTall","Round","128","Frosted","18-415","Reducer","Matte Silver","false","assembly_unpublished_or_unsellable","CP18-415MtSlTall","CP18-415MtSlTall","","STATUS_DRAFT+NOT_PUBLISHED","false","https://www.bestbottles.com/product/round-design-128-ml-frosted-glass-bottle-reducer-tall-silver-matte-cap"
"GBRndFrst78AnSpMtSl","Round","78","Frosted","18-415","Vintage Bulb Sprayer","Matte Silver","false","media_or_configuration_invalid","AnSp18-415MtSl","AnSp18-415MtSl","","","false","https://www.bestbottles.com/product/round-design-78-ml-frosted-glass-bottle-matte-silver-vintage-style-sprayer-matte-silver-collar-cap"
"GBRndFrst128RdcrMtSl","Round","128","Frosted","18-415","Reducer","Matte Silver","false","assembly_unpublished_or_unsellable","CP18-415MtSl","CP18-415MtSl","","STATUS_DRAFT+NOT_PUBLISHED","false","https://www.bestbottles.com/product/round-design-128-ml-frosted-glass-bottle-reducer-silver-matte-cap"
"GBRndFrst78AnSpWht","Round","78","Frosted","18-415","Vintage Bulb Sprayer","Frosted","false","media_or_configuration_invalid","AnSp18-415Wht","AnSp18-415Wht","","","false","https://www.bestbottles.com/product/round-design-78-ml-frosted-glass-bottle-white-vintage-style-bulb-sprayer-shiny-silver-collar-cap"
"GBRndFrst128RdcrWht","Round","128","Frosted","18-415","Reducer","White","false","assembly_unpublished_or_unsellable","CP18-415Wh","CP18-415Wh","","STATUS_DRAFT+NOT_PUBLISHED","false","https://www.bestbottles.com/product/round-design-128-ml-frosted-glass-bottle-reducer-white-cap"
"GBRndFrst78AnSpTslGl","Round","78","Frosted","18-415","Vintage Bulb Sprayer with Tassel","Gold","false","media_or_configuration_invalid","CP18-415AnSpTslGl","CP18-415AnSpTslGl","","","false","https://www.bestbottles.com/product/round-design-78-ml-frosted-glass-bottle-gold-vintage-style-sprayer-with-tassel-shiny-gold-collar"
"GBRndFrst128RdcrPnkLthr","Round","128","Frosted","18-415","Reducer","Pink","false","assembly_unpublished_or_unsellable","CP18-415LPnkLthr","CP18-415LPnkLthr","","STATUS_DRAFT+NOT_PUBLISHED","false","https://www.bestbottles.com/product/round-design-128-ml-frosted-glass-bottle-reducer-pink-faux-leather-cap"
"GBRnd78AnSpBlk","Round","78","Clear","18-415","Vintage Bulb Sprayer","Black","false","media_or_configuration_invalid","AnSp18-415Blk","AnSp18-415Blk","","","false","https://www.bestbottles.com/product/round-design-78-ml-glass-bottle-black-vintage-style-bulb-sprayer-shiny-silver-collar-cap"
"GBRndFrst78AnSpTslIvyGl","Round","78","Frosted","18-415","Vintage Bulb Sprayer with Tassel","Ivory Gold","false","media_or_configuration_invalid","AnSpTsl18-415IvyGl","AnSpTsl18-415IvyGl","","","false","https://www.bestbottles.com/product/round-design-78-ml-frosted-glass-bottle-ivory-vintage-style-sprayer-with-tassel-shiny-gold-collar"
"GBRndFrst128RdcrIvyLthr","Round","128","Frosted","18-415","Reducer","Ivory","false","assembly_unpublished_or_unsellable","CP18-415LIvyLthr","CP18-415LIvyLthr","","STATUS_DRAFT+NOT_PUBLISHED","false","https://www.bestbottles.com/product/round-design-128-ml-frosted-glass-bottle-reducer-ivory-faux-leather-cap"
"GBRnd78AnSpTslBlk","Round","78","Clear","18-415","Vintage Bulb Sprayer with Tassel","Black","false","media_or_configuration_invalid","AnSpTsl18-415Blk","AnSpTsl18-415Blk","","","false","https://www.bestbottles.com/product/round-design-78-ml-glass-bottle-black-vintage-style-sprayer-with-tassel-shiny-silver-collar"
"GBRndFrst78AnSpTslLvn","Round","78","Frosted","18-415","Vintage Bulb Sprayer with Tassel","Lavender","false","media_or_configuration_invalid","AnSpTsl18-415Lvn","AnSpTsl18-415Lvn","","","false","https://www.bestbottles.com/product/round-design-78-ml-frosted-glass-bottle-lavender-vintage-style-sprayer-with-tassel-shiny-silver-collar"
"GBRndFrst78AnSpBlk","Round","78","Frosted","18-415","Vintage Bulb Sprayer","Black","false","media_or_configuration_invalid","AnSp18-415Blk","AnSp18-415Blk","","","false","https://www.bestbottles.com/product/round-design-78-ml-frosted-glass-bottle-black-vintage-style-bulb-sprayer-shiny-silver-collar-cap"
"GBRndFrst78AnSpTslPnk","Round","78","Frosted","18-415","Vintage Bulb Sprayer with Tassel","Pink","false","media_or_configuration_invalid","AnSpTsl18-415Pnk","AnSpTsl18-415Pnk","","","false","https://www.bestbottles.com/product/round-design-78-ml-frosted-glass-bottle-pink-vintage-style-sprayer-with-tassel-shiny-gold-collar"
"GBRndFrst78AnSpTslBlk","Round","78","Frosted","18-415","Vintage Bulb Sprayer with Tassel","Black","false","media_or_configuration_invalid","AnSpTsl18-415Blk","AnSpTsl18-415Blk","","","false","https://www.bestbottles.com/product/round-design-78-ml-frosted-glass-bottle-black-vintage-style-sprayer-with-tassel-shiny-silver-collar"
"GBRndFrst78AnSpTslIvySl","Round","78","Frosted","18-415","Vintage Bulb Sprayer with Tassel","Ivory Silver","false","media_or_configuration_invalid","AnSpTsl18-415IvySl","AnSpTsl18-415IvySl","","","false","https://www.bestbottles.com/product/round-design-78-ml-frosted-glass-bottle-ivory-vintage-style-sprayer-with-tassel-shiny-silver-collar"
"GBRndFrst78AnSpTslWht","Round","78","Frosted","18-415","Vintage Bulb Sprayer with Tassel","White","false","media_or_configuration_invalid","AnSpTsl18-415Wht","AnSpTsl18-415Wht","","","false","https://www.bestbottles.com/product/round-design-78-ml-frosted-glass-bottle-white-vintage-style-sprayer-with-tassel-shiny-silver-collar"
"GBRndFrst78AnSpTslMtSl","Round","78","Frosted","18-415","Vintage Bulb Sprayer with Tassel","Matte Silver","false","media_or_configuration_invalid","AnSpTsl18-415MtS","AnSpTsl18-415MtS","","","false","https://www.bestbottles.com/product/round-design-78-ml-frosted-glass-bottle-matte-silver-vintage-style-sprayer-with-tassel-matte-silver-collar"
"GBRndFrst78AnSpTslRed","Round","78","Frosted","18-415","Vintage Bulb Sprayer with Tassel","Red","false","media_or_configuration_invalid","AnSpTsl18-415Red","AnSpTsl18-415Red","","","false","https://www.bestbottles.com/product/round-design-78-ml-frosted-glass-bottle-red-vintage-style-sprayer-with-tassel-shiny-silver-collar"
"GBRnd128SpryMtGl","Round","128","Clear","18-415","Perfume Spray Pump","Matte Gold","false","standalone_component_unpublished","","Spry18-415MtGl","STATUS_DRAFT+NOT_PUBLISHED","","false","https://www.bestbottles.com/product/round-design-128-ml-glass-bottle-matte-gold-spray-pump-and-cap"
"GBRnd128SpryShnGl","Round","128","Clear","18-415","Perfume Spray Pump","Shiny Gold","false","standalone_component_unpublished","","Spry18-415ShnGl","STATUS_DRAFT+NOT_PUBLISHED","","false","https://www.bestbottles.com/product/round-design-128-ml-glass-bottle-shiny-gold-spray-pump-and-cap"
"GBRnd128SpryShnBlk","Round","128","Clear","18-415","Perfume Spray Pump","Shiny Black","false","standalone_component_unpublished","","Spry18-415ShnBlk","STATUS_DRAFT+NOT_PUBLISHED","","false","https://www.bestbottles.com/product/round-design-128-ml-glass-bottle-shiny-black-spray-pump-and-cap"
"GBRnd128SpryMtSl","Round","128","Clear","18-415","Perfume Spray Pump","Matte Silver","false","standalone_component_unpublished","","Spry18-415MtSl","STATUS_DRAFT+NOT_PUBLISHED","","false","https://www.bestbottles.com/product/round-design-128-ml-glass-bottle-matte-silver-spray-pump-and-cap"
"GBRnd128SpryShnSl","Round","128","Clear","18-415","Perfume Spray Pump","Shiny Silver","false","standalone_component_unpublished","","Spry18-415ShnSl","STATUS_DRAFT+NOT_PUBLISHED","","false","https://www.bestbottles.com/product/round-design-128-ml-glass-bottle-shiny-silver-spray-and-cap"
"GBRndFrst128SpryMtGl","Round","128","Frosted","18-415","Perfume Spray Pump","Matte Gold","false","standalone_component_unpublished","","Spry18-415MtGl","STATUS_DRAFT+NOT_PUBLISHED","","false","https://www.bestbottles.com/product/round-design-128-ml-frosted-glass-bottle-matte-gold-spray-pump-and-cap"
"GBRndFrst128SpryMtSl","Round","128","Frosted","18-415","Perfume Spray Pump","Matte Silver","false","standalone_component_unpublished","","Spry18-415MtSl","STATUS_DRAFT+NOT_PUBLISHED","","false","https://www.bestbottles.com/product/round-design-128-ml-frosted-glass-bottle-matte-silver-spray-pump-and-cap"
"GBRndFrst128SpryShnGl","Round","128","Frosted","18-415","Perfume Spray Pump","Shiny Gold","false","standalone_component_unpublished","","Spry18-415ShnGl","STATUS_DRAFT+NOT_PUBLISHED","","false","https://www.bestbottles.com/product/round-design-128-ml-frosted-glass-bottle-shiny-gold-spray-pump-and-cap"
"GBRndFrst128SpryShnBlk","Round","128","Frosted","18-415","Perfume Spray Pump","Shiny Black","false","standalone_component_unpublished","","Spry18-415ShnBlk","STATUS_DRAFT+NOT_PUBLISHED","","false","https://www.bestbottles.com/product/round-design-128-ml-frosted-glass-bottle-shiny-black-spray-pump-and-cap"
"GBRnd128AnSpBlk","Round","128","Clear","18-415","Vintage Bulb Sprayer","Black","false","media_or_configuration_invalid","AnSp18-415Blk","AnSp18-415Blk","","","false","https://www.bestbottles.com/product/round-design-128-ml-glass-bottle-black-vintage-style-bulb-sprayer-shiny-silver-collar-cap"
"GBRndFrst128SpryShnSl","Round","128","Frosted","18-415","Perfume Spray Pump","Shiny Silver","false","standalone_component_unpublished","","Spry18-415ShnSl","STATUS_DRAFT+NOT_PUBLISHED","","false","https://www.bestbottles.com/product/round-design-128-ml-frosted-glass-bottle-shiny-silver-spray-and-cap"
"GBRnd128AnSpTslBlk","Round","128","Clear","18-415","Vintage Bulb Sprayer with Tassel","Black","false","media_or_configuration_invalid","AnSpTsl18-415Blk","AnSpTsl18-415Blk","","","false","https://www.bestbottles.com/product/round-design-128-ml-glass-bottle-black-vintage-style-sprayer-with-tassel-shiny-silver-collar"
"GBRndFrst128AnSpBlk","Round","128","Frosted","18-415","Vintage Bulb Sprayer","Black","false","media_or_configuration_invalid","AnSp18-415Blk","AnSp18-415Blk","","","false","https://www.bestbottles.com/product/round-design-128-ml-frosted-glass-bottle-black-vintage-style-bulb-sprayer-shiny-silver-collar-cap"
"GBRndFrst128AnSpTslBlk","Round","128","Frosted","18-415","Vintage Bulb Sprayer","Frosted","false","media_or_configuration_invalid","AnSp18-415Blk","AnSp18-415Blk","","","false","https://www.bestbottles.com/product/round-design-128-ml-frosted-glass-bottle-black-vintage-style-sprayer-with-tassel-shiny-silver-collar"
"LBRnd78LtnMtGl","Round","78","Clear","18-415","Lotion Pump","Matte Gold","false","standalone_component_unpublished","","Ltn18-415MtGl","STATUS_DRAFT+NOT_PUBLISHED","","false","https://www.bestbottles.com/product/round-design-78-ml-glass-bottle-matte-gold-lotion-pump-and-cap"
"LBRnd78LtnShnGl","Round","78","Clear","18-415","Lotion Pump","Shiny Gold","false","standalone_component_unpublished","","Ltn18-415ShnGl","STATUS_DRAFT+NOT_PUBLISHED","","false","https://www.bestbottles.com/product/round-design-78-ml-glass-bottle-shiny-gold-lotion-pump-and-cap"
"LBRnd78LtnShnBlk","Round","78","Clear","18-415","Lotion Pump","Shiny Black","false","standalone_component_unpublished","","Ltn18-415ShnBlk","STATUS_DRAFT+NOT_PUBLISHED","","false","https://www.bestbottles.com/product/round-design-78-ml-glass-bottle-shiny-black-lotion-pump-and-cap"
"LBRnd78LtnMtSl","Round","78","Clear","18-415","Lotion Pump","Matte Silver","false","exact_component_unresolved","","","","","false","https://www.bestbottles.com/product/round-design-78-ml-glass-bottle-matte-silver-lotion-pump-and-cap"
"LBRnd78LtnShnSl","Round","78","Clear","18-415","Lotion Pump","Shiny Silver","false","standalone_component_unpublished","","Ltn18-415ShnSl","STATUS_DRAFT+NOT_PUBLISHED","","false","https://www.bestbottles.com/product/round-design-78-ml-glass-bottle-shiny-silver-lotion-pump-and-cap"
"LBRnd78LtnCu","Round","78","Clear","18-415","Lotion Pump","Copper","false","standalone_component_unpublished","","Ltn18-415Cu","STATUS_DRAFT+NOT_PUBLISHED","","false","https://www.bestbottles.com/product/round-design-78-ml-glass-bottle-matte-copper-lotion-pump-and-cap"
"LBRndFrst78LtnMtGl","Round","78","Frosted","18-415","Lotion Pump","Frosted","false","standalone_component_unpublished","","Ltn18-415MtGl","STATUS_DRAFT+NOT_PUBLISHED","","false","https://www.bestbottles.com/product/round-design-78-ml-frosted-glass-bottle-matte-gold-lotion-pump-and-cap"
"LBRndFrst78LtnShnGl","Round","78","Frosted","18-415","Lotion Pump","Frosted","false","standalone_component_unpublished","","Ltn18-415ShnGl","STATUS_DRAFT+NOT_PUBLISHED","","false","https://www.bestbottles.com/product/round-design-78-ml-frosted-glass-bottle-shiny-gold-lotion-pump-and-cap"
"LBRndFrst78LtnShnBlk","Round","78","Frosted","18-415","Lotion Pump","Frosted","false","standalone_component_unpublished","","Ltn18-415ShnBlk","STATUS_DRAFT+NOT_PUBLISHED","","false","https://www.bestbottles.com/product/round-design-78-ml-frosted-glass-bottle-shiny-black-lotion-pump-and-cap"
"LBRndFrst78LtnMtSl","Round","78","Frosted","18-415","Lotion Pump","Frosted","false","exact_component_unresolved","","","","","false","https://www.bestbottles.com/product/round-design-78-ml-frosted-glass-bottle-matte-silver-lotion-pump-and-cap"
"LBRndFrst78LtnShnSl","Round","78","Frosted","18-415","Lotion Pump","Frosted","false","standalone_component_unpublished","","Ltn18-415ShnSl","STATUS_DRAFT+NOT_PUBLISHED","","false","https://www.bestbottles.com/product/round-design-78-ml-frosted-glass-bottle-shiny-silver-lotion-pump-and-cap"
"LBRndFrst78LtnCu","Round","78","Frosted","18-415","Lotion Pump","Frosted","false","standalone_component_unpublished","","Ltn18-415Cu","STATUS_DRAFT+NOT_PUBLISHED","","false","https://www.bestbottles.com/product/round-design-78-ml-frosted-glass-bottle-matte-copper-lotion-pump-and-cap"
"GBRnd128DrpCu","Round","128","Clear","18-415","Dropper","Copper","false","exact_component_unresolved","","","","","false","https://www.bestbottles.com/product/round-design-128-ml-glass-bottle-white-dropper-shiny-copper-collar-cap"
"GBRndFrst128DrpCu","Round","128","Frosted","18-415","Dropper","Copper","false","exact_component_unresolved","","","","","false","https://www.bestbottles.com/product/round-design-128-ml-frosted-glass-bottle-white-dropper-shiny-copper-collar-cap"
"GBRnd128AnSpPnk","Round","128","Clear","18-415","Vintage Bulb Sprayer","Pink","false","media_or_configuration_invalid","CP18-415AnSpPnk","CP18-415AnSpPnk","","","false","https://www.bestbottles.com/product/round-design-128-ml-glass-bottle-pink-vintage-style-bulb-sprayer-shiny-gold-collar-cap"
"GBRnd128AnSpIvyGl","Round","128","Clear","18-415","Vintage Bulb Sprayer","Ivory Gold","false","media_or_configuration_invalid","AnSp18-415IvyGl","AnSp18-415IvyGl","","","false","https://www.bestbottles.com/product/round-design-128-ml-glass-bottle-ivory-vintage-style-bulb-sprayer-shiny-gold-collar-cap"
"GBRnd128AnSpLvn","Round","128","Clear","18-415","Vintage Bulb Sprayer","Lavender","false","media_or_configuration_invalid","AnSp18-415Lvn","AnSp18-415Lvn","","","false","https://www.bestbottles.com/product/round-design-128-ml-glass-bottle-lavender-vintage-style-bulb-sprayer-shiny-silver-collar-cap"
"GBRnd128AnSpGl","Round","128","Clear","18-415","Vintage Bulb Sprayer","Gold","false","media_or_configuration_invalid","AnSp18-415Gl","AnSp18-415Gl","","","false","https://www.bestbottles.com/product/round-design-128-ml-glass-bottle-gold-vintage-style-sprayer-shiny-gold-collar-cap"
"GBRnd78RdcrShnGl","Round","78","Clear","18-415","Reducer","Shiny Gold","false","assembly_unpublished_or_unsellable","CP18-415ShnGl","CP18-415ShnGl","","STATUS_DRAFT+NOT_PUBLISHED","false","https://www.bestbottles.com/product/round-design-78-ml-glass-bottle-reducer-shiny-gold-cap"
"GBRnd128AnSpIvySl","Round","128","Clear","18-415","Vintage Bulb Sprayer","Ivory Silver","false","media_or_configuration_invalid","AnSp18-415IvySl","AnSp18-415IvySl","","","false","https://www.bestbottles.com/product/round-design-128-ml-glass-bottle-ivory-vintage-style-bulb-sprayer-shiny-silver-collar-cap"
"GBRnd78RdcrShnSl","Round","78","Clear","18-415","Reducer","Shiny Silver","false","assembly_unpublished_or_unsellable","CP18-415ShnSl","CP18-415ShnSl","","STATUS_DRAFT+NOT_PUBLISHED","false","https://www.bestbottles.com/product/round-design-78-ml-glass-bottle-reducer-shiny-silver-cap"
"GBRnd128AnSpMtSl","Round","128","Clear","18-415","Vintage Bulb Sprayer","Matte Silver","false","media_or_configuration_invalid","AnSp18-415MtSl","AnSp18-415MtSl","","","false","https://www.bestbottles.com/product/round-design-128-ml-glass-bottle-matte-silver-vintage-style-sprayer-matte-silver-collar-cap"
"GBRnd78RdcrIvyLthr","Round","78","Clear","18-415","Reducer","Ivory Leather","false","assembly_unpublished_or_unsellable","CP18-415LIvyLthr","CP18-415LIvyLthr","","STATUS_DRAFT+NOT_PUBLISHED","false","https://www.bestbottles.com/product/round-design-78-ml-glass-bottle-reducer-ivory-faux-leather-cap"
"GBRnd128AnSpWht","Round","128","Clear","18-415","Vintage Bulb Sprayer","White","false","media_or_configuration_invalid","AnSp18-415Wht","AnSp18-415Wht","","","false","https://www.bestbottles.com/product/round-design-128-ml-glass-bottle-white-vintage-style-bulb-sprayer-shiny-silver-collar-cap"
"GBRnd78RdcrPnkLthr","Round","78","Clear","18-415","Reducer","Pink Leather","false","assembly_unpublished_or_unsellable","CP18-415LPnkLthr","CP18-415LPnkLthr","","STATUS_DRAFT+NOT_PUBLISHED","false","https://www.bestbottles.com/product/round-design-78-ml-glass-bottle-reducer-pink-faux-leather-cap"
"GBRnd128AnSpRed","Round","128","Clear","18-415","Vintage Bulb Sprayer","Red","false","media_or_configuration_invalid","AnSp18-415Red","AnSp18-415Red","","","false","https://www.bestbottles.com/product/round-design-128-ml-glass-bottle-red-vintage-style-bulb-sprayer-shiny-silver-collar-cap"
"GBRnd78RdcrShnBlkTall","Round","78","Clear","18-415","Reducer","Shiny Black","false","assembly_unpublished_or_unsellable","CP18-415ShnBlkTall","CP18-415ShnBlkTall","","STATUS_DRAFT+NOT_PUBLISHED","false","https://www.bestbottles.com/product/round-design-78-ml-glass-bottle-reducer-tall-black-shiny-cap"
"GBRnd128AnSpTslPnk","Round","128","Clear","18-415","Vintage Bulb Sprayer with Tassel","Pink","false","media_or_configuration_invalid","AnSpTsl18-415Pnk","AnSpTsl18-415Pnk","","","false","https://www.bestbottles.com/product/round-design-128-ml-glass-bottle-pink-vintage-style-sprayer-with-tassel-shiny-gold-collar"
"GBRnd78RdcrShnBlk","Round","78","Clear","18-415","Reducer","Shiny Black","false","exact_component_unresolved | assembly_unpublished_or_unsellable","","","","STATUS_DRAFT+NOT_PUBLISHED","false","https://www.bestbottles.com/product/round-design-78-ml-glass-bottle-reducer-black-shiny-cap"
"GBRnd128AnSpTslIvyGl","Round","128","Clear","18-415","Vintage Bulb Sprayer with Tassel","Ivory Gold","false","media_or_configuration_invalid","AnSpTsl18-415IvyGl","AnSpTsl18-415IvyGl","","","false","https://www.bestbottles.com/product/round-design-128-ml-glass-bottle-ivory-vintage-style-sprayer-with-tassel-shiny-gold-collar"
"GBRnd78RdcrBrwnLthr","Round","78","Clear","18-415","Reducer","Brown Leather","false","assembly_unpublished_or_unsellable","CP18-415BrwnLthr","CP18-415BrwnLthr","","STATUS_DRAFT+NOT_PUBLISHED","false","https://www.bestbottles.com/product/round-design-78-ml-glass-bottle-reducer-brown-faux-leather-cap"
"GBRnd128AnSpTslLvn","Round","128","Clear","18-415","Vintage Bulb Sprayer with Tassel","Lavender","false","media_or_configuration_invalid","AnSpTsl18-415Lvn","AnSpTsl18-415Lvn","","","false","https://www.bestbottles.com/product/round-design-128-ml-glass-bottle-lavender-vintage-style-sprayer-with-tassel-shiny-silver-collar"
"GBRnd78RdcrLBrwnLthr","Round","78","Clear","18-415","Reducer","Light Brown Leather","false","assembly_unpublished_or_unsellable","CP18-415LBrwnLthr","CP18-415LBrwnLthr","","STATUS_DRAFT+NOT_PUBLISHED","false","https://www.bestbottles.com/product/round-design-78-ml-glass-bottle-reducer-light-brown-faux-leather-cap"
"GBRnd128AnSpTslGl","Round","128","Clear","18-415","Vintage Bulb Sprayer with Tassel","Gold","false","media_or_configuration_invalid","CP18-415AnSpTslGl","CP18-415AnSpTslGl","","","false","https://www.bestbottles.com/product/round-design-128-ml-glass-bottle-gold-vintage-style-sprayer-with-tassel-shiny-gold-collar"
"GBRnd78RdcrMtSlTall","Round","78","Clear","18-415","Reducer","Matte Silver","false","assembly_unpublished_or_unsellable","CP18-415MtSlTall","CP18-415MtSlTall","","STATUS_DRAFT+NOT_PUBLISHED","false","https://www.bestbottles.com/product/round-design-78-ml-glass-bottle-reducer-tall-silver-matte-cap"
"GBRnd128AnSpTslIvySl","Round","128","Clear","18-415","Vintage Bulb Sprayer with Tassel","Ivory Silver","false","media_or_configuration_invalid","AnSpTsl18-415IvySl","AnSpTsl18-415IvySl","","","false","https://www.bestbottles.com/product/round-design-128-ml-glass-bottle-ivory-vintage-style-sprayer-with-tassel-shiny-silver-collar"
"GBRnd78RdcrWht","Round","78","Clear","18-415","Reducer","White","false","assembly_unpublished_or_unsellable","CP18-415Wh","CP18-415Wh","","STATUS_DRAFT+NOT_PUBLISHED","false","https://www.bestbottles.com/product/round-design-78-ml-glass-bottle-reducer-white-cap"
"GBRnd128AnSpTslRed","Round","128","Clear","18-415","Vintage Bulb Sprayer with Tassel","Red","false","media_or_configuration_invalid","AnSpTsl18-415Red","AnSpTsl18-415Red","","","false","https://www.bestbottles.com/product/round-design-128-ml-glass-bottle-red-vintage-style-sprayer-with-tassel-shiny-silver-collar"
"GBRnd78RdcrMtSl","Round","78","Clear","18-415","Reducer","Matte Silver","false","assembly_unpublished_or_unsellable","CP18-415MtSl","CP18-415MtSl","","STATUS_DRAFT+NOT_PUBLISHED","false","https://www.bestbottles.com/product/round-design-78-ml-glass-bottle-reducer-silver-matte-cap"
"GBRnd128AnSpTslWht","Round","128","Clear","18-415","Vintage Bulb Sprayer with Tassel","White","false","media_or_configuration_invalid","AnSpTsl18-415Wht","AnSpTsl18-415Wht","","","false","https://www.bestbottles.com/product/round-design-128-ml-glass-bottle-white-vintage-style-sprayer-with-tassel-shiny-silver-collar"
"GBRndFrst78RdcrShnGl","Round","78","Frosted","18-415","Reducer","Shiny Gold","false","assembly_unpublished_or_unsellable","CP18-415ShnGl","CP18-415ShnGl","","STATUS_DRAFT+NOT_PUBLISHED","false","https://www.bestbottles.com/product/round-design-78-ml-frosted-glass-bottle-reducer-shiny-gold-cap"
"GBRnd128AnSpTslMtSl","Round","128","Clear","18-415","Vintage Bulb Sprayer with Tassel","Matte Silver","false","media_or_configuration_invalid","AnSpTsl18-415MtS","AnSpTsl18-415MtS","","","false","https://www.bestbottles.com/product/round-design-128-ml-glass-bottle-matte-silver-vintage-style-sprayer-with-tassel-matte-silver-collar"
"GBRndFrst78RdcrShnBlkTall","Round","78","Frosted","18-415","Reducer","Shiny Black","false","assembly_unpublished_or_unsellable","CP18-415ShnBlkTall","CP18-415ShnBlkTall","","STATUS_DRAFT+NOT_PUBLISHED","false","https://www.bestbottles.com/product/round-design-78-ml-frosted-glass-bottle-reducer-tall-black-shiny-cap"
"GBRndFrst128AnSpGl","Round","128","Frosted","18-415","Vintage Bulb Sprayer","Shiny Gold","false","media_or_configuration_invalid","AnSp18-415Gl","AnSp18-415Gl","","","false","https://www.bestbottles.com/product/round-design-128-ml-frosted-glass-bottle-gold-vintage-style-sprayer-shiny-gold-collar-cap"
"GBRndFrst78RdcrShnBlk","Round","78","Frosted","18-415","Reducer","Shiny Black","false","exact_component_unresolved | assembly_unpublished_or_unsellable","","","","STATUS_DRAFT+NOT_PUBLISHED","false","https://www.bestbottles.com/product/round-design-78-ml-frosted-glass-bottle-reducer-black-shiny-cap"
"GBRndFrst128AnSpIvyGl","Round","128","Frosted","18-415","Vintage Bulb Sprayer","Ivory Gold","false","media_or_configuration_invalid","AnSp18-415IvyGl","AnSp18-415IvyGl","","","false","https://www.bestbottles.com/product/round-design-128-ml-frosted-glass-bottle-ivory-vintage-style-bulb-sprayer-shiny-gold-collar-cap"
"GBRndFrst78RdcrBrwnLthr","Round","78","Frosted","18-415","Reducer","Brown Leather","false","assembly_unpublished_or_unsellable","CP18-415BrwnLthr","CP18-415BrwnLthr","","STATUS_DRAFT+NOT_PUBLISHED","false","https://www.bestbottles.com/product/round-design-78-ml-frosted-glass-bottle-reducer-brown-faux-leather-cap"
"GBRndFrst128AnSpIvySl","Round","128","Frosted","18-415","Vintage Bulb Sprayer","Ivory Silver","false","media_or_configuration_invalid","AnSp18-415IvySl","AnSp18-415IvySl","","","false","https://www.bestbottles.com/product/round-design-128-ml-frosted-glass-bottle-ivory-vintage-style-bulb-sprayer-shiny-silver-collar-cap"
"GBRndFrst78RdcrLBrwnLthr","Round","78","Frosted","18-415","Reducer","Light Brown Leather","false","assembly_unpublished_or_unsellable","CP18-415LBrwnLthr","CP18-415LBrwnLthr","","STATUS_DRAFT+NOT_PUBLISHED","false","https://www.bestbottles.com/product/round-design-78-ml-frosted-glass-bottle-reducer-light-brown-faux-leather-cap"
"LBRnd78LtnClOvrCap","Round","78","Clear","18-415","Lotion Pump","Clear Overcap","false","exact_component_unresolved","","","","","false","https://www.bestbottles.com/product/round-design-78-ml-glass-bottle-clear-over-the-cap-lotion-pump-matte-silver-collar-cap"
"GBRndFrst128AnSpLvn","Round","128","Frosted","18-415","Vintage Bulb Sprayer","Lavender","false","media_or_configuration_invalid","AnSp18-415Lvn","AnSp18-415Lvn","","","false","https://www.bestbottles.com/product/round-design-128-ml-frosted-glass-bottle-lavender-vintage-style-bulb-sprayer-shiny-silver-collar-cap"
"GBRndFrst78RdcrShnSl","Round","78","Frosted","18-415","Reducer","Shiny Silver","false","assembly_unpublished_or_unsellable","CP18-415ShnSl","CP18-415ShnSl","","STATUS_DRAFT+NOT_PUBLISHED","false","https://www.bestbottles.com/product/round-design-78-ml-frosted-glass-bottle-reducer-shiny-silver-cap"
"LBRndFrst78LtnClOvrCap","Round","78","Frosted","18-415","Lotion Pump","Frosted","false","exact_component_unresolved","","","","","false","https://www.bestbottles.com/product/round-design-78-ml-frosted-glass-bottle-clear-over-the-cap-lotion-pump-matte-silver-collar-cap"
"GBRndFrst128AnSpPnk","Round","128","Frosted","18-415","Vintage Bulb Sprayer","Pink","false","media_or_configuration_invalid","CP18-415AnSpPnk","CP18-415AnSpPnk","","","false","https://www.bestbottles.com/product/round-design-128-ml-frosted-glass-bottle-pink-vintage-style-bulb-sprayer-shiny-gold-collar-cap"
"GBRoyal13RollSlDot","Royal","13","Clear","13-415","Plastic Roller Ball","Silver Dotted","false","media_or_configuration_invalid","CPRoll13-415SlDot","CPRoll13-415SlDot","","","false","https://www.bestbottles.com/product/royal-design-13-ml-glass-bottle-plastic-roller-ball-plug-silver-cap-with-dots"
"GBRoyal13RollSlMatt","Royal","13","Clear","13-415","Plastic Roller Ball","Matte Silver","false","media_or_configuration_invalid","CPRoll13-415SlMt","CPRoll13-415SlMt","","","false","https://www.bestbottles.com/product/royal-design-13-ml-glass-bottle-plastic-roller-ball-plug-matte-silver-cap"
"GBRoyal13RollSlSh","Royal","13","Clear","13-415","Plastic Roller Ball","Shiny Silver","false","media_or_configuration_invalid","CPRoll13-415SlSh","CPRoll13-415SlSh","","","false","https://www.bestbottles.com/product/royal-design-13-ml-glass-bottle-plastic-roller-ball-plug-shiny-silver-cap"
"GBRoyal13Gl","Royal","13","Clear","13-415","","Gold","false","media_or_configuration_invalid","CP13-415Gl","CP13-415Gl","","","false","https://www.bestbottles.com/product/royal-design-13-ml-glass-bottle-shiny-gold-cap"
"GBRoyal13Sl","Royal","13","Clear","13-415","","Silver","false","media_or_configuration_invalid","CP13-415Sl","CP13-415Sl","","","false","https://www.bestbottles.com/product/royal-design-13-ml-glass-bottle-shiny-silver-cap"
"GBRoyal13WhtSht","Royal","13","Clear","13-415","","White","false","media_or_configuration_invalid","CP13-415WhtSht","CP13-415WhtSht","","","false","https://www.bestbottles.com/product/royal-design-13-ml-glass-bottle-short-white-cap"
"GBRoyal13BlkSht","Royal","13","Clear","13-415","","Black","false","media_or_configuration_invalid","CP13-415BlkSht","CP13-415BlkSht","","","false","https://www.bestbottles.com/product/royal-design-13-ml-glass-bottle-short-black-cap"
"GBRoyal13RollBlkDot","Royal","13","Clear","13-415","Plastic Roller Ball","Black Dotted","false","media_or_configuration_invalid","CPRoll13-415BlackDot","CPRoll13-415BlackDot","","","false","https://www.bestbottles.com/product/royal-design-13-ml-glass-bottle-plastic-roller-ball-plug-black-shiny-cap-with-dots"
"GBRoyal13MtlRollBlkDot","Royal","13","Clear","13-415","Metal Roller Ball","Black Dotted","false","media_or_configuration_invalid","CPRoll13-415BlackDot","CPRoll13-415BlackDot","","","false","https://www.bestbottles.com/product/royal-design-13-ml-glass-bottle-metal-roller-ball-plug-black-shiny-cap-with-dots"
"GBRoyal13SpryBlkSh","Royal","13","Clear","13-415","Fine Mist Sprayer","Shiny Black","false","standalone_component_unpublished","","CP13-415SpryBlkSh","STATUS_DRAFT+NOT_PUBLISHED","","false","https://www.bestbottles.com/product/royal-design-13-ml-glass-bottle-shiny-black-spray"
"GBRoyal13SpryGlSh","Royal","13","Clear","13-415","Fine Mist Sprayer","Shiny Gold","false","standalone_component_unpublished","","CP13-415SpryGlSh","STATUS_DRAFT+NOT_PUBLISHED","","false","https://www.bestbottles.com/product/royal-design-13-ml-glass-bottle-shiny-gold-spray"
"GBRoyal13SprySlSh","Royal","13","Clear","13-415","Fine Mist Sprayer","Shiny Silver","false","standalone_component_unpublished","","CP13-415SprySlSh","STATUS_DRAFT+NOT_PUBLISHED","","false","https://www.bestbottles.com/product/royal-design-13-ml-glass-bottle-shiny-silver-spray"
"GBRoyal13SpryBluMatt","Royal","13","Clear","13-415","Fine Mist Sprayer","Matte Blue","false","standalone_component_unpublished","","CP13-415SpryBluMt","STATUS_DRAFT+NOT_PUBLISHED","","false","https://www.bestbottles.com/product/royal-design-13-ml-glass-bottle-matte-blue-spray"
"GBRoyal13SpryCuMatt","Royal","13","Clear","13-415","Fine Mist Sprayer","Matte Copper","false","standalone_component_unpublished","","CP13-415SpryCuMt","STATUS_DRAFT+NOT_PUBLISHED","","false","https://www.bestbottles.com/product/royal-design-13-ml-glass-bottle-matte-copper-spray"
"GBRoyal13SprySlMatt","Royal","13","Clear","13-415","Fine Mist Sprayer","Matte Silver","false","standalone_component_unpublished","","CP13-415SprySlMt","STATUS_DRAFT+NOT_PUBLISHED","","false","https://www.bestbottles.com/product/royal-design-13-ml-glass-bottle-matte-silver-spray"
"GBRoyal13SpryGlMatt","Royal","13","Clear","13-415","Fine Mist Sprayer","Matte Gold","false","standalone_component_unpublished","","CP13-415SpryGlMt","STATUS_DRAFT+NOT_PUBLISHED","","false","https://www.bestbottles.com/product/royal-design-13-ml-glass-bottle-matte-gold-spray"
"GBRoyal13MtlRollBlkSh","Royal","13","Clear","13-415","Metal Roller Ball","Shiny Black","false","media_or_configuration_invalid","CPRoll13-415BlkSh","CPRoll13-415BlkSh","","","false","https://www.bestbottles.com/product/royal-design-13-ml-glass-bottle-metal-roller-ball-plug-black-shiny-cap"
"GBRoyal13MtlRollCuMatt","Royal","13","Clear","13-415","Metal Roller Ball","Matte Copper","false","media_or_configuration_invalid","CPRoll13-415Cu","CPRoll13-415Cu","","","false","https://www.bestbottles.com/product/royal-design-13-ml-glass-bottle-metal-roller-ball-plug-matte-copper-cap"
"GBRoyal13MtlRollGlMatt","Royal","13","Clear","13-415","Metal Roller Ball","Matte Gold","false","media_or_configuration_invalid","CPRoll13-415GlMt","CPRoll13-415GlMt","","","false","https://www.bestbottles.com/product/royal-design-13-ml-glass-bottle-metal-roller-ball-plug-matte-gold-cap"
"GBRoyal13MtlRollGlSh","Royal","13","Clear","13-415","Metal Roller Ball","Shiny Gold","false","media_or_configuration_invalid","CPRoll13-415GlSh","CPRoll13-415GlSh","","","false","https://www.bestbottles.com/product/royal-design-13-ml-glass-bottle-metal-roller-ball-plug-shiny-gold-cap"
"GBRoyal13MtlRollPinkDot","Royal","13","Clear","13-415","Metal Roller Ball","Pink Dotted","false","media_or_configuration_invalid","CPRoll13-415PinkDot","CPRoll13-415PinkDot","","","false","https://www.bestbottles.com/product/royal-design-13-ml-glass-bottle-metal-roller-ball-plug-pink-cap-with-dots"
"GBRoyal13MtlRollSlDot","Royal","13","Clear","13-415","Metal Roller Ball","Silver Dotted","false","media_or_configuration_invalid","CPRoll13-415SlDot","CPRoll13-415SlDot","","","false","https://www.bestbottles.com/product/royal-design-13-ml-glass-bottle-metal-roller-ball-plug-silver-cap-with-dots"
"GBRoyal13MtlRollSlMatt","Royal","13","Clear","13-415","Metal Roller Ball","Matte Silver","false","media_or_configuration_invalid","CPRoll13-415SlMt","CPRoll13-415SlMt","","","false","https://www.bestbottles.com/product/royal-design-13-ml-glass-bottle-metal-roller-ball-plug-matte-silver-cap"
"GBRoyal13MtlRollSlSh","Royal","13","Clear","13-415","Metal Roller Ball","Shiny Silver","false","media_or_configuration_invalid","CPRoll13-415SlSh","CPRoll13-415SlSh","","","false","https://www.bestbottles.com/product/royal-design-13-ml-glass-bottle-metal-roller-ball-plug-shiny-silver-cap"
"GBRoyal13RollBlkSh","Royal","13","Clear","13-415","Plastic Roller Ball","Shiny Black","false","media_or_configuration_invalid","CPRoll13-415BlkSh","CPRoll13-415BlkSh","","","false","https://www.bestbottles.com/product/royal-design-13-ml-glass-bottle-plastic-roller-ball-plug-black-shiny-cap"
"GBRoyal13RollCuMatt","Royal","13","Clear","13-415","Plastic Roller Ball","Matte Copper","false","media_or_configuration_invalid","CPRoll13-415Cu","CPRoll13-415Cu","","","false","https://www.bestbottles.com/product/royal-design-13-ml-glass-bottle-plastic-roller-ball-plug-matte-copper-cap"
"GBRoyal13RollGlMatt","Royal","13","Clear","13-415","Plastic Roller Ball","Matte Gold","false","media_or_configuration_invalid","CPRoll13-415GlMt","CPRoll13-415GlMt","","","false","https://www.bestbottles.com/product/royal-design-13-ml-glass-bottle-plastic-roller-ball-plug-matte-gold-cap"
"GBRoyal13RollGlSh","Royal","13","Clear","13-415","Plastic Roller Ball","Shiny Gold","false","media_or_configuration_invalid","CPRoll13-415GlSh","CPRoll13-415GlSh","","","false","https://www.bestbottles.com/product/royal-design-13-ml-glass-bottle-plastic-roller-ball-plug-shiny-gold-cap"
"GBRoyal13RollPinkDot","Royal","13","Clear","13-415","Plastic Roller Ball","Pink Dotted","false","media_or_configuration_invalid","CPRoll13-415PinkDot","CPRoll13-415PinkDot","","","false","https://www.bestbottles.com/product/royal-design-13-ml-glass-bottle-plastic-roller-ball-plug-pink-cap-with-dots"
"GBRoyal13MinarCu","Royal","13","Clear","13-415","Plastic Roller Ball","Matte Copper","false","media_or_configuration_invalid","CPRoll13-415Cu","CPRoll13-415Cu","","","false",""
"GBRoyal13MinarSl","Royal","13","Clear","13-415","Plastic Roller Ball","Shiny Silver","false","exact_component_unresolved","","","","","false",""
"GBRoyal13CuSht","Royal","13","Clear","13-415","","Matte Copper","false","exact_component_unresolved","","","","","false",""
"GBRoyal13GlMattSht","Royal","13","Clear","13-415","","Matte Gold","false","exact_component_unresolved","","","","","false",""
"GBRoyal13SlMattSht","Royal","13","Clear","13-415","","Matte Silver","false","exact_component_unresolved","","","","","false",""
"GBRoyal13BlkShSht","Royal","13","Clear","13-415","","Shiny Black","false","exact_component_unresolved","","","","","false",""
"GBRoyal13GlSht","Royal","13","Clear","13-415","","Shiny Gold","false","exact_component_unresolved","","","","","false",""
"GBRoyal13SlSht","Royal","13","Clear","13-415","","Shiny Silver","false","exact_component_unresolved","","","","","false",""
"GBSlk50AnSpLvn","Sleek","50","Clear","18-415","Vintage Bulb Sprayer","Lavender","false","media_or_configuration_invalid","AnSp18-415Lvn","AnSp18-415Lvn","","","false","https://www.bestbottles.com/product/sleek-design-50-ml-glass-bottle-lavender-vintage-style-bulb-sprayer-shiny-silver-collar-cap"
"GBSlk50AnSpPnk","Sleek","50","Clear","18-415","Vintage Bulb Sprayer","Pink","false","media_or_configuration_invalid","CP18-415AnSpPnk","CP18-415AnSpPnk","","","false","https://www.bestbottles.com/product/sleek-design-50-ml-glass-bottle-pink-vintage-style-bulb-sprayer-shiny-gold-collar-cap"
"GBSlk50AnSpMtSl","Sleek","50","Clear","18-415","Vintage Bulb Sprayer","Matte Silver","false","media_or_configuration_invalid","AnSp18-415MtSl","AnSp18-415MtSl","","","false","https://www.bestbottles.com/product/sleek-design-50-ml-glass-bottle-matte-silver-vintage-style-sprayer-matte-silver-collar-cap"
"LBSlk100LtnClOvrCap","Sleek","100","Clear","18-415","Lotion Pump","Clear Overcap","false","exact_component_unresolved","","","","","false","https://www.bestbottles.com/product/sleek-design-100-ml-glass-bottle-clear-over-the-cap-lotion-pump-matte-silver-collar-cap"
"GBSlk50AnSpIvySl","Sleek","50","Clear","18-415","Vintage Bulb Sprayer","Ivory Silver","false","media_or_configuration_invalid","AnSp18-415IvySl","AnSp18-415IvySl","","","false","https://www.bestbottles.com/product/sleek-design-50-ml-glass-bottle-ivory-vintage-style-bulb-sprayer-shiny-silver-collar-cap"
"GBSlk50AnSpGl","Sleek","50","Clear","18-415","Vintage Bulb Sprayer","Gold","false","media_or_configuration_invalid","AnSp18-415Gl","AnSp18-415Gl","","","false","https://www.bestbottles.com/product/sleek-design-50-ml-glass-bottle-gold-vintage-style-sprayer-shiny-gold-collar-cap"
"GBSlk50AnSpIvyGl","Sleek","50","Clear","18-415","Vintage Bulb Sprayer","Ivory Gold","false","media_or_configuration_invalid","AnSp18-415IvyGl","AnSp18-415IvyGl","","","false","https://www.bestbottles.com/product/sleek-design-50-ml-glass-bottle-ivory-vintage-style-bulb-sprayer-shiny-gold-collar-cap"
"GBSlk50AnSpWht","Sleek","50","Clear","18-415","Vintage Bulb Sprayer","White","false","media_or_configuration_invalid","AnSp18-415Wht","AnSp18-415Wht","","","false","https://www.bestbottles.com/product/sleek-design-50-ml-glass-bottle-white-vintage-style-bulb-sprayer-shiny-silver-collar-cap"
"GBSlk50AnSpRed","Sleek","50","Clear","18-415","Vintage Bulb Sprayer","Red","false","media_or_configuration_invalid","AnSp18-415Red","AnSp18-415Red","","","false","https://www.bestbottles.com/product/sleek-design-50-ml-glass-bottle-red-vintage-style-bulb-sprayer-shiny-silver-collar-cap"
"GBSlk50AnSpTslLvn","Sleek","50","Clear","18-415","Vintage Bulb Sprayer with Tassel","Lavender","false","media_or_configuration_invalid","AnSpTsl18-415Lvn","AnSpTsl18-415Lvn","","","false","https://www.bestbottles.com/product/sleek-design-50-ml-glass-bottle-lavender-vintage-style-sprayer-with-tassel-shiny-silver-collar"
"GBSlk30SpryMtGl","Sleek","30","Clear","18-415","Perfume Spray Pump","Matte Gold","false","standalone_component_unpublished","","Spry18-415MtGl","STATUS_DRAFT+NOT_PUBLISHED","","false","https://www.bestbottles.com/product/sleek-design-30-ml-glass-bottle-matte-gold-spray-pump-and-cap"
"GBSlk50AnSpTslIvyGl","Sleek","50","Clear","18-415","Vintage Bulb Sprayer with Tassel","Ivory Gold","false","media_or_configuration_invalid","AnSpTsl18-415IvyGl","AnSpTsl18-415IvyGl","","","false","https://www.bestbottles.com/product/sleek-design-50-ml-glass-bottle-ivory-vintage-style-sprayer-with-tassel-shiny-gold-collar"
"GBSlk30SpryShnGl","Sleek","30","Clear","18-415","Perfume Spray Pump","Shiny Gold","false","standalone_component_unpublished","","Spry18-415ShnGl","STATUS_DRAFT+NOT_PUBLISHED","","false","https://www.bestbottles.com/product/sleek-design-30-ml-glass-bottle-shiny-gold-spray-pump-and-cap"
"GBSlk50AnSpTslIvySl","Sleek","50","Clear","18-415","Vintage Bulb Sprayer with Tassel","Ivory Silver","false","media_or_configuration_invalid","AnSpTsl18-415IvySl","AnSpTsl18-415IvySl","","","false","https://www.bestbottles.com/product/sleek-design-50-ml-glass-bottle-ivory-vintage-style-sprayer-with-tassel-shiny-silver-collar"
"GBSlk30SpryShnBlk","Sleek","30","Clear","18-415","Perfume Spray Pump","Shiny Black","false","standalone_component_unpublished","","Spry18-415ShnBlk","STATUS_DRAFT+NOT_PUBLISHED","","false","https://www.bestbottles.com/product/sleek-design-30-ml-glass-bottle-shiny-black-spray-pump-and-cap"
"GBSlk50AnSpTslWht","Sleek","50","Clear","18-415","Vintage Bulb Sprayer with Tassel","White","false","media_or_configuration_invalid","AnSpTsl18-415Wht","AnSpTsl18-415Wht","","","false","https://www.bestbottles.com/product/sleek-design-50-ml-glass-bottle-white-vintage-style-sprayer-with-tassel-shiny-silver-collar"
"GBSlk30SpryMtSl","Sleek","30","Clear","18-415","Perfume Spray Pump","Matte Silver","false","standalone_component_unpublished","","Spry18-415MtSl","STATUS_DRAFT+NOT_PUBLISHED","","false","https://www.bestbottles.com/product/sleek-design-30-ml-glass-bottle-matte-silver-spray-pump-and-cap"
"GBSlk50AnSpTslPnk","Sleek","50","Clear","18-415","Vintage Bulb Sprayer with Tassel","Pink","false","media_or_configuration_invalid","AnSpTsl18-415Pnk","AnSpTsl18-415Pnk","","","false","https://www.bestbottles.com/product/sleek-design-50-ml-glass-bottle-pink-vintage-style-sprayer-with-tassel-shiny-gold-collar"
"GBSlk30SpryShnSl","Sleek","30","Clear","18-415","Perfume Spray Pump","Shiny Silver","false","standalone_component_unpublished","","Spry18-415ShnSl","STATUS_DRAFT+NOT_PUBLISHED","","false","https://www.bestbottles.com/product/sleek-design-30-ml-glass-bottle-shiny-silver-spray-and-cap"
"GBSlk50AnSpTslRed","Sleek","50","Clear","18-415","Vintage Bulb Sprayer with Tassel","Red","false","media_or_configuration_invalid","AnSpTsl18-415Red","AnSpTsl18-415Red","","","false","https://www.bestbottles.com/product/sleek-design-50-ml-glass-bottle-red-vintage-style-sprayer-with-tassel-shiny-silver-collar"
"GBSlk50AnSpTslMtSl","Sleek","50","Clear","18-415","Vintage Bulb Sprayer with Tassel","Matte Silver","false","media_or_configuration_invalid","AnSpTsl18-415MtS","AnSpTsl18-415MtS","","","false","https://www.bestbottles.com/product/sleek-design-50-ml-glass-bottle-matte-silver-vintage-style-sprayer-with-tassel-matte-silver-collar"
"GBSlk50AnSpTslGl","Sleek","50","Clear","18-415","Vintage Bulb Sprayer with Tassel","Gold","false","media_or_configuration_invalid","CP18-415AnSpTslGl","CP18-415AnSpTslGl","","","false","https://www.bestbottles.com/product/sleek-design-50-ml-glass-bottle-gold-vintage-style-sprayer-with-tassel-shiny-gold-collar"
"GBSleek5SpryBlkMatt","Sleek","5","Clear","13-415","Fine Mist Sprayer","Matte Black","false","standalone_component_unpublished","","CP13-415SpryBlkMt","STATUS_DRAFT+NOT_PUBLISHED","","false","https://www.bestbottles.com/product/sleek-design-5-ml-glass-bottle-matte-black-spray"
"GBSleek8SpryBlkMatt","Sleek","8","Clear","13-415","Fine Mist Sprayer","Matte Black","false","standalone_component_unpublished","","CP13-415SpryBlkMt","STATUS_DRAFT+NOT_PUBLISHED","","false","https://www.bestbottles.com/product/sleek-design-8-ml-glass-bottle-matte-black-spray"
"GBSleek5Gl","Sleek","5","Clear","13-415","","Gold","false","media_or_configuration_invalid","CP13-415Gl","CP13-415Gl","","","false","https://www.bestbottles.com/product/sleek-design-5-ml-glass-bottle-shiny-gold-cap"
"GBSleek5Sl","Sleek","5","Clear","13-415","","Silver","false","media_or_configuration_invalid","CP13-415Sl","CP13-415Sl","","","false","https://www.bestbottles.com/product/sleek-design-5-ml-glass-bottle-shiny-silver-cap"
"GBSleek5WhtSht","Sleek","5","Clear","13-415","","White","false","media_or_configuration_invalid","CP13-415WhtSht","CP13-415WhtSht","","","false","https://www.bestbottles.com/product/sleek-design-5-ml-glass-bottle-short-white-cap"
"GBSleek8Sl","Sleek","8","Clear","13-415","","Silver","false","media_or_configuration_invalid","CP13-415Sl","CP13-415Sl","","","false","https://www.bestbottles.com/product/sleek-design-8-ml-glass-bottle-shiny-silver-cap"
"GBSleek8Gl","Sleek","8","Clear","13-415","","Gold","false","media_or_configuration_invalid","CP13-415Gl","CP13-415Gl","","","false","https://www.bestbottles.com/product/sleek-design-8-ml-glass-bottle-shiny-gold-cap"
"GBSleek8WhtSht","Sleek","8","Clear","13-415","","White","false","media_or_configuration_invalid","CP13-415WhtSht","CP13-415WhtSht","","","false","https://www.bestbottles.com/product/sleek-design-8-ml-glass-bottle-short-white-cap"
"GBSlk50SpryShnBlk","Sleek","50","Clear","18-415","Perfume Spray Pump","Shiny Black","false","standalone_component_unpublished","","Spry18-415ShnBlk","STATUS_DRAFT+NOT_PUBLISHED","","false","https://www.bestbottles.com/product/sleek-design-50-ml-glass-bottle-shiny-black-spray-pump-and-cap"
"GBSlk50SpryShnGl","Sleek","50","Clear","18-415","Perfume Spray Pump","Shiny Gold","false","standalone_component_unpublished","","Spry18-415ShnGl","STATUS_DRAFT+NOT_PUBLISHED","","false","https://www.bestbottles.com/product/sleek-design-50-ml-glass-bottle-shiny-gold-spray-pump-and-cap"
"GBSlk50SpryMtSl","Sleek","50","Clear","18-415","Perfume Spray Pump","Matte Silver","false","standalone_component_unpublished","","Spry18-415MtSl","STATUS_DRAFT+NOT_PUBLISHED","","false","https://www.bestbottles.com/product/sleek-design-50-ml-glass-bottle-matte-silver-spray-pump-and-cap"
"GBSlk50SpryShnSl","Sleek","50","Clear","18-415","Perfume Spray Pump","Shiny Silver","false","standalone_component_unpublished","","Spry18-415ShnSl","STATUS_DRAFT+NOT_PUBLISHED","","false","https://www.bestbottles.com/product/sleek-design-50-ml-glass-bottle-shiny-silver-spray-and-cap"
"GBSlk50SpryMtGl","Sleek","50","Clear","18-415","Perfume Spray Pump","Matte Gold","false","standalone_component_unpublished","","Spry18-415MtGl","STATUS_DRAFT+NOT_PUBLISHED","","false","https://www.bestbottles.com/product/sleek-design-50-ml-glass-bottle-matte-gold-spray-pump-and-cap"
"GBSlk30DrpSl","Sleek","30","Clear","18-415","Dropper","Silver","false","exact_component_unresolved","","","","","false","https://www.bestbottles.com/product/sleek-design-30-ml-glass-bottle-white-dropper-shiny-silver-collar-cap"
"GBSlk30DrpGl","Sleek","30","Clear","18-415","Dropper","Gold","false","exact_component_unresolved","","","","","false","https://www.bestbottles.com/product/sleek-design-30-ml-glass-bottle-white-dropper-shiny-gold-collar-cap"
"GBSlk30SpryCu","Sleek","30","Clear","18-415","Perfume Spray Pump","Copper","false","standalone_component_unpublished","","Spry18-415Cu","STATUS_DRAFT+NOT_PUBLISHED","","false","https://www.bestbottles.com/product/sleek-design-30-ml-glass-bottle-matte-copper-spray-and-cap"
"GBSlk50SpryCu","Sleek","50","Clear","18-415","Perfume Spray Pump","Copper","false","standalone_component_unpublished","","Spry18-415Cu","STATUS_DRAFT+NOT_PUBLISHED","","false","https://www.bestbottles.com/product/sleek-design-50-ml-glass-bottle-matte-copper-spray-and-cap"
"GBSlk100RdcrIvyLthr","Sleek","100","Clear","18-415","Reducer","Ivory Leather","false","assembly_unpublished_or_unsellable","CP18-415LIvyLthr","CP18-415LIvyLthr","","STATUS_DRAFT+NOT_PUBLISHED","false","https://www.bestbottles.com/product/sleek-design-100-ml-glass-bottle-reducer-ivory-faux-leather-cap"
"GBSlk100RdcrPnkLthr","Sleek","100","Clear","18-415","Reducer","Pink Leather","false","assembly_unpublished_or_unsellable","CP18-415LPnkLthr","CP18-415LPnkLthr","","STATUS_DRAFT+NOT_PUBLISHED","false","https://www.bestbottles.com/product/sleek-design-100-ml-glass-bottle-reducer-pink-faux-leather-cap"
"GBSlk100RdcrShnGl","Sleek","100","Clear","18-415","Reducer","Shiny Gold","false","assembly_unpublished_or_unsellable","CP18-415ShnGl","CP18-415ShnGl","","STATUS_DRAFT+NOT_PUBLISHED","false","https://www.bestbottles.com/product/sleek-design-100-ml-glass-bottle-reducer-shiny-gold-cap"
"GBSlk100RdcrShnBlkTall","Sleek","100","Clear","18-415","Reducer","Shiny Black","false","assembly_unpublished_or_unsellable","CP18-415ShnBlkTall","CP18-415ShnBlkTall","","STATUS_DRAFT+NOT_PUBLISHED","false","https://www.bestbottles.com/product/sleek-design-100-ml-glass-bottle-reducer-tall-black-shiny-cap"
"GBSlk100RdcrShnBlk","Sleek","100","Clear","18-415","Reducer","Shiny Black","false","exact_component_unresolved | assembly_unpublished_or_unsellable","","","","STATUS_DRAFT+NOT_PUBLISHED","false","https://www.bestbottles.com/product/sleek-design-100-ml-glass-bottle-reducer-black-shiny-cap"
"GBSlk100RdcrBrwnLthr","Sleek","100","Clear","18-415","Reducer","Brown Leather","false","assembly_unpublished_or_unsellable","CP18-415BrwnLthr","CP18-415BrwnLthr","","STATUS_DRAFT+NOT_PUBLISHED","false","https://www.bestbottles.com/product/sleek-design-100-ml-glass-bottle-reducer-brown-faux-leather-cap"
"GBSlk100SpryCu","Sleek","100","Clear","18-415","Perfume Spray Pump","Copper","false","standalone_component_unpublished","","Spry18-415Cu","STATUS_DRAFT+NOT_PUBLISHED","","false","https://www.bestbottles.com/product/sleek-design-100-ml-glass-bottle-matte-copper-spray-and-cap"
"GBSlk100RdcrLBrwnLthr","Sleek","100","Clear","18-415","Reducer","Light Brown Leather","false","assembly_unpublished_or_unsellable","CP18-415LBrwnLthr","CP18-415LBrwnLthr","","STATUS_DRAFT+NOT_PUBLISHED","false","https://www.bestbottles.com/product/sleek-design-100-ml-glass-bottle-reducer-light-brown-faux-leather-cap"
"GBSlk30RdcrBlkLthr","Sleek","30","Clear","18-415","Reducer","Black Leather","false","assembly_unpublished_or_unsellable","CP18-415BlkLthr","CP18-415BlkLthr","","STATUS_DRAFT+NOT_PUBLISHED","false","https://www.bestbottles.com/product/sleek-design-30-ml-glass-bottle-reducer-black-faux-leather-cap"
"GBSlk100RdcrShnSl","Sleek","100","Clear","18-415","Reducer","Shiny Silver","false","assembly_unpublished_or_unsellable","CP18-415ShnSl","CP18-415ShnSl","","STATUS_DRAFT+NOT_PUBLISHED","false","https://www.bestbottles.com/product/sleek-design-100-ml-glass-bottle-reducer-shiny-silver-cap"
"GBSlk100RdcrMtSlTall","Sleek","100","Clear","18-415","Reducer","Matte Silver","false","assembly_unpublished_or_unsellable","CP18-415MtSlTall","CP18-415MtSlTall","","STATUS_DRAFT+NOT_PUBLISHED","false","https://www.bestbottles.com/product/sleek-design-100-ml-glass-bottle-reducer-tall-silver-matte-cap"
"GBSlk100RdcrMtSl","Sleek","100","Clear","18-415","Reducer","Matte Silver","false","assembly_unpublished_or_unsellable","CP18-415MtSl","CP18-415MtSl","","STATUS_DRAFT+NOT_PUBLISHED","false","https://www.bestbottles.com/product/sleek-design-100-ml-glass-bottle-reducer-silver-matte-cap"
"GBSlk100RdcrWht","Sleek","100","Clear","18-415","Reducer","White","false","assembly_unpublished_or_unsellable","CP18-415Wh","CP18-415Wh","","STATUS_DRAFT+NOT_PUBLISHED","false","https://www.bestbottles.com/product/sleek-design-100-ml-glass-bottle-reducer-white-cap"
"GBSlk30AnSpBlk","Sleek","30","Clear","18-415","Vintage Bulb Sprayer","Black","false","media_or_configuration_invalid","AnSp18-415Blk","AnSp18-415Blk","","","false","https://www.bestbottles.com/product/sleek-design-30-ml-glass-bottle-black-vintage-style-bulb-sprayer-shiny-silver-collar-cap"
"GBSlk50RdcrBlkLthr","Sleek","50","Clear","18-415","Reducer","Black Leather","false","assembly_unpublished_or_unsellable","CP18-415BlkLthr","CP18-415BlkLthr","","STATUS_DRAFT+NOT_PUBLISHED","false","https://www.bestbottles.com/product/sleek-design-50-ml-glass-bottle-reducer-black-faux-leather-cap"
"GBSleek5MtlRollBlkSh","Sleek","5","Clear","13-415","Metal Roller Ball","Shiny Black","false","media_or_configuration_invalid","CPRoll13-415BlkSh","CPRoll13-415BlkSh","","","false","https://www.bestbottles.com/product/sleek-design-5-ml-glass-bottle-metal-roller-ball-plug-black-shiny-cap"
"GBSleek5MtlRollCuMatt","Sleek","5","Clear","13-415","Metal Roller Ball","Matte Copper","false","media_or_configuration_invalid","CPRoll13-415Cu","CPRoll13-415Cu","","","false","https://www.bestbottles.com/product/sleek-design-5-ml-glass-bottle-metal-roller-ball-plug-matte-copper-cap"
"GBSleek5MtlRollGlMatt","Sleek","5","Clear","13-415","Metal Roller Ball","Matte Gold","false","media_or_configuration_invalid","CPRoll13-415GlMt","CPRoll13-415GlMt","","","false","https://www.bestbottles.com/product/sleek-design-5-ml-glass-bottle-metal-roller-ball-plug-matte-gold-cap"
"GBSleek5MtlRollGlSh","Sleek","5","Clear","13-415","Metal Roller Ball","Shiny Gold","false","media_or_configuration_invalid","CPRoll13-415GlSh","CPRoll13-415GlSh","","","false","https://www.bestbottles.com/product/sleek-design-5-ml-glass-bottle-metal-roller-ball-plug-shiny-gold-cap"
"GBSleek5MtlRollPinkDot","Sleek","5","Clear","13-415","Metal Roller Ball","Pink Dotted","false","media_or_configuration_invalid","CPRoll13-415PinkDot","CPRoll13-415PinkDot","","","false","https://www.bestbottles.com/product/sleek-design-5-ml-glass-bottle-metal-roller-ball-plug-pink-cap-with-dots"
"GBSlk100RdcrBlkLthr","Sleek","100","Clear","18-415","Reducer","Black Leather","false","assembly_unpublished_or_unsellable","CP18-415BlkLthr","CP18-415BlkLthr","","STATUS_DRAFT+NOT_PUBLISHED","false","https://www.bestbottles.com/product/sleek-design-100-ml-glass-bottle-reducer-black-faux-leather-cap"
"GBSlk50AnSpBlk","Sleek","50","Clear","18-415","Vintage Bulb Sprayer","Black","false","media_or_configuration_invalid","AnSp18-415Blk","AnSp18-415Blk","","","false","https://www.bestbottles.com/product/sleek-design-50-ml-glass-bottle-black-vintage-style-bulb-sprayer-shiny-silver-collar-cap"
"GBSleek5MtlRollSlDot","Sleek","5","Clear","13-415","Metal Roller Ball","Silver Dotted","false","media_or_configuration_invalid","CPRoll13-415SlDot","CPRoll13-415SlDot","","","false","https://www.bestbottles.com/product/sleek-design-5-ml-glass-bottle-metal-roller-ball-plug-silver-cap-with-dots"
"GBSlk50AnSpTslBlk","Sleek","50","Clear","18-415","Vintage Bulb Sprayer with Tassel","Black","false","media_or_configuration_invalid","AnSpTsl18-415Blk","AnSpTsl18-415Blk","","","false","https://www.bestbottles.com/product/sleek-design-50-ml-glass-bottle-black-vintage-style-sprayer-with-tassel-shiny-silver-collar"
"GBSleek5MtlRollSlMatt","Sleek","5","Clear","13-415","Metal Roller Ball","Matte Silver","false","media_or_configuration_invalid","CPRoll13-415SlMt","CPRoll13-415SlMt","","","false","https://www.bestbottles.com/product/sleek-design-5-ml-glass-bottle-metal-roller-ball-plug-matte-silver-cap"
"GBSleek5MtlRollSlSh","Sleek","5","Clear","13-415","Metal Roller Ball","Shiny Silver","false","media_or_configuration_invalid","CPRoll13-415SlSh","CPRoll13-415SlSh","","","false","https://www.bestbottles.com/product/sleek-design-5-ml-glass-bottle-metal-roller-ball-plug-shiny-silver-cap"
"GBSleek5SpryGlSh","Sleek","5","Clear","13-415","Fine Mist Sprayer","Shiny Gold","false","standalone_component_unpublished","","CP13-415SpryGlSh","STATUS_DRAFT+NOT_PUBLISHED","","false","https://www.bestbottles.com/product/sleek-design-5-ml-glass-bottle-shiny-gold-spray"
"GBSleek5SprySlSh","Sleek","5","Clear","13-415","Fine Mist Sprayer","Shiny Silver","false","standalone_component_unpublished","","CP13-415SprySlSh","STATUS_DRAFT+NOT_PUBLISHED","","false","https://www.bestbottles.com/product/sleek-design-5-ml-glass-bottle-shiny-silver-spray"
"GBSleek5SpryBlkSh","Sleek","5","Clear","13-415","Fine Mist Sprayer","Shiny Black","false","standalone_component_unpublished","","CP13-415SpryBlkSh","STATUS_DRAFT+NOT_PUBLISHED","","false","https://www.bestbottles.com/product/sleek-design-5-ml-glass-bottle-shiny-black-spray"
"GBSleek5SprySlMatt","Sleek","5","Clear","13-415","Fine Mist Sprayer","Matte Silver","false","standalone_component_unpublished","","CP13-415SprySlMt","STATUS_DRAFT+NOT_PUBLISHED","","false","https://www.bestbottles.com/product/sleek-design-5-ml-glass-bottle-matte-silver-spray"
"GBSleek5SpryCuMatt","Sleek","5","Clear","13-415","Fine Mist Sprayer","Matte Copper","false","standalone_component_unpublished","","CP13-415SpryCuMt","STATUS_DRAFT+NOT_PUBLISHED","","false","https://www.bestbottles.com/product/sleek-design-5-ml-glass-bottle-matte-copper-spray"
"GBSlk30RdcrIvyLthr","Sleek","30","Clear","18-415","Reducer","Ivory Leather","false","assembly_unpublished_or_unsellable","CP18-415LIvyLthr","CP18-415LIvyLthr","","STATUS_DRAFT+NOT_PUBLISHED","false","https://www.bestbottles.com/product/sleek-design-30-ml-glass-bottle-reducer-ivory-faux-leather-cap"
"GBSleek5SpryBluMatt","Sleek","5","Clear","13-415","Fine Mist Sprayer","Matte Blue","false","standalone_component_unpublished","","CP13-415SpryBluMt","STATUS_DRAFT+NOT_PUBLISHED","","false","https://www.bestbottles.com/product/sleek-design-5-ml-glass-bottle-matte-blue-spray"
"GBSlk30RdcrPnkLthr","Sleek","30","Clear","18-415","Reducer","Pink Leather","false","assembly_unpublished_or_unsellable","CP18-415LPnkLthr","CP18-415LPnkLthr","","STATUS_DRAFT+NOT_PUBLISHED","false","https://www.bestbottles.com/product/sleek-design-30-ml-glass-bottle-reducer-pink-faux-leather-cap"
"GBSleek5SpryGlMatt","Sleek","5","Clear","13-415","Fine Mist Sprayer","Matte Gold","false","standalone_component_unpublished","","CP13-415SpryGlMt","STATUS_DRAFT+NOT_PUBLISHED","","false","https://www.bestbottles.com/product/sleek-design-5-ml-glass-bottle-matte-gold-spray"
"GBSlk100SpryShnBlk","Sleek","100","Clear","18-415","Perfume Spray Pump","Shiny Black","false","standalone_component_unpublished","","Spry18-415ShnBlk","STATUS_DRAFT+NOT_PUBLISHED","","false","https://www.bestbottles.com/product/sleek-design-100-ml-glass-bottle-shiny-black-spray-pump-and-cap"
"GBSleek5RollBlkDot","Sleek","5","Clear","13-415","Plastic Roller Ball","Black Dotted","false","media_or_configuration_invalid","CPRoll13-415BlackDot","CPRoll13-415BlackDot","","","false","https://www.bestbottles.com/product/sleek-design-5-ml-glass-bottle-plastic-roller-ball-plug-black-shiny-cap-with-dots"
"GBSlk30RdcrShnGl","Sleek","30","Clear","18-415","Reducer","Shiny Gold","false","assembly_unpublished_or_unsellable","CP18-415ShnGl","CP18-415ShnGl","","STATUS_DRAFT+NOT_PUBLISHED","false","https://www.bestbottles.com/product/sleek-design-30-ml-glass-bottle-reducer-shiny-gold-cap"
"GBSlk100SpryShnGl","Sleek","100","Clear","18-415","Perfume Spray Pump","Shiny Gold","false","standalone_component_unpublished","","Spry18-415ShnGl","STATUS_DRAFT+NOT_PUBLISHED","","false","https://www.bestbottles.com/product/sleek-design-100-ml-glass-bottle-shiny-gold-spray-pump-and-cap"
"GBSlk30RdcrShnBlkTall","Sleek","30","Clear","18-415","Reducer","Shiny Black","false","assembly_unpublished_or_unsellable","CP18-415ShnBlkTall","CP18-415ShnBlkTall","","STATUS_DRAFT+NOT_PUBLISHED","false","https://www.bestbottles.com/product/sleek-design-30-ml-glass-bottle-reducer-tall-black-shiny-cap"
"GBSlk100SpryMtGl","Sleek","100","Clear","18-415","Perfume Spray Pump","Matte Gold","false","standalone_component_unpublished","","Spry18-415MtGl","STATUS_DRAFT+NOT_PUBLISHED","","false","https://www.bestbottles.com/product/sleek-design-100-ml-glass-bottle-matte-gold-spray-pump-and-cap"
"GBSlk30RdcrShnBlk","Sleek","30","Clear","18-415","Reducer","Shiny Black","false","exact_component_unresolved | assembly_unpublished_or_unsellable","","","","STATUS_DRAFT+NOT_PUBLISHED","false","https://www.bestbottles.com/product/sleek-design-30-ml-glass-bottle-reducer-black-shiny-cap"
"GBSlk100SpryMtSl","Sleek","100","Clear","18-415","Perfume Spray Pump","Matte Silver","false","standalone_component_unpublished","","Spry18-415MtSl","STATUS_DRAFT+NOT_PUBLISHED","","false","https://www.bestbottles.com/product/sleek-design-100-ml-glass-bottle-matte-silver-spray-pump-and-cap"
"GBSleek8RollBlkDot","Sleek","8","Clear","13-415","Plastic Roller Ball","Black Dotted","false","media_or_configuration_invalid","CPRoll13-415BlackDot","CPRoll13-415BlackDot","","","false","https://www.bestbottles.com/product/sleek-design-8-ml-glass-bottle-plastic-roller-ball-plug-black-shiny-cap-with-dots"
"GBSlk30RdcrBrwnLthr","Sleek","30","Clear","18-415","Reducer","Brown Leather","false","assembly_unpublished_or_unsellable","CP18-415BrwnLthr","CP18-415BrwnLthr","","STATUS_DRAFT+NOT_PUBLISHED","false","https://www.bestbottles.com/product/sleek-design-30-ml-glass-bottle-reducer-brown-faux-leather-cap"
"GBSleek8MtlRollBlkSh","Sleek","8","Clear","13-415","Metal Roller Ball","Shiny Black","false","media_or_configuration_invalid","CPRoll13-415BlkSh","CPRoll13-415BlkSh","","","false","https://www.bestbottles.com/product/sleek-design-8-ml-glass-bottle-metal-roller-ball-plug-black-shiny-cap"
"GBSlk100SpryShnSl","Sleek","100","Clear","18-415","Perfume Spray Pump","Shiny Silver","false","standalone_component_unpublished","","Spry18-415ShnSl","STATUS_DRAFT+NOT_PUBLISHED","","false","https://www.bestbottles.com/product/sleek-design-100-ml-glass-bottle-shiny-silver-spray-and-cap"
"GBSlk30RdcrLBrwnLthr","Sleek","30","Clear","18-415","Reducer","Light Brown Leather","false","assembly_unpublished_or_unsellable","CP18-415LBrwnLthr","CP18-415LBrwnLthr","","STATUS_DRAFT+NOT_PUBLISHED","false","https://www.bestbottles.com/product/sleek-design-30-ml-glass-bottle-reducer-light-brown-faux-leather-cap"
"GBSleek8MtlRollCuMatt","Sleek","8","Clear","13-415","Metal Roller Ball","Matte Copper","false","media_or_configuration_invalid","CPRoll13-415Cu","CPRoll13-415Cu","","","false","https://www.bestbottles.com/product/sleek-design-8-ml-glass-bottle-metal-roller-ball-plug-matte-copper-cap"
"GBSlk30RdcrShnSl","Sleek","30","Clear","18-415","Reducer","Shiny Silver","false","assembly_unpublished_or_unsellable","CP18-415ShnSl","CP18-415ShnSl","","STATUS_DRAFT+NOT_PUBLISHED","false","https://www.bestbottles.com/product/sleek-design-30-ml-glass-bottle-reducer-shiny-silver-cap"
"GBSleek8MtlRollGlMatt","Sleek","8","Clear","13-415","Metal Roller Ball","Matte Gold","false","media_or_configuration_invalid","CPRoll13-415GlMt","CPRoll13-415GlMt","","","false","https://www.bestbottles.com/product/sleek-design-8-ml-glass-bottle-metal-roller-ball-plug-matte-gold-cap"
"GBSlk30RdcrMtSlTall","Sleek","30","Clear","18-415","Reducer","Matte Silver","false","assembly_unpublished_or_unsellable","CP18-415MtSlTall","CP18-415MtSlTall","","STATUS_DRAFT+NOT_PUBLISHED","false","https://www.bestbottles.com/product/sleek-design-30-ml-glass-bottle-reducer-tall-silver-matte-cap"
"GBSleek8MtlRollGlSh","Sleek","8","Clear","13-415","Metal Roller Ball","Shiny Gold","false","media_or_configuration_invalid","CPRoll13-415GlSh","CPRoll13-415GlSh","","","false","https://www.bestbottles.com/product/sleek-design-8-ml-glass-bottle-metal-roller-ball-plug-shiny-gold-cap"
"GBSlk30RdcrMtSl","Sleek","30","Clear","18-415","Reducer","Matte Silver","false","assembly_unpublished_or_unsellable","CP18-415MtSl","CP18-415MtSl","","STATUS_DRAFT+NOT_PUBLISHED","false","https://www.bestbottles.com/product/sleek-design-30-ml-glass-bottle-reducer-silver-matte-cap"
"GBSleek8MtlRollPinkDot","Sleek","8","Clear","13-415","Metal Roller Ball","Pink Dotted","false","media_or_configuration_invalid","CPRoll13-415PinkDot","CPRoll13-415PinkDot","","","false","https://www.bestbottles.com/product/sleek-design-8-ml-glass-bottle-metal-roller-ball-plug-pink-cap-with-dots"
"GBSlk30RdcrWht","Sleek","30","Clear","18-415","Reducer","White","false","assembly_unpublished_or_unsellable","CP18-415Wh","CP18-415Wh","","STATUS_DRAFT+NOT_PUBLISHED","false","https://www.bestbottles.com/product/sleek-design-30-ml-glass-bottle-reducer-white-cap"
"GBSleek8MtlRollSlDot","Sleek","8","Clear","13-415","Metal Roller Ball","Silver Dotted","false","media_or_configuration_invalid","CPRoll13-415SlDot","CPRoll13-415SlDot","","","false","https://www.bestbottles.com/product/sleek-design-8-ml-glass-bottle-metal-roller-ball-plug-silver-cap-with-dots"
"GBSleek8MtlRollSlMatt","Sleek","8","Clear","13-415","Metal Roller Ball","Matte Silver","false","media_or_configuration_invalid","CPRoll13-415SlMt","CPRoll13-415SlMt","","","false","https://www.bestbottles.com/product/sleek-design-8-ml-glass-bottle-metal-roller-ball-plug-matte-silver-cap"
"GBSleek8MtlRollSlSh","Sleek","8","Clear","13-415","Metal Roller Ball","Shiny Silver","false","media_or_configuration_invalid","CPRoll13-415SlSh","CPRoll13-415SlSh","","","false","https://www.bestbottles.com/product/sleek-design-8-ml-glass-bottle-metal-roller-ball-plug-shiny-silver-cap"
"GBSlk100AnSpBlk","Sleek","100","Clear","18-415","Vintage Bulb Sprayer","Black","false","media_or_configuration_invalid","AnSp18-415Blk","AnSp18-415Blk","","","false","https://www.bestbottles.com/product/sleek-design-100-ml-glass-bottle-black-vintage-style-bulb-sprayer-shiny-silver-collar-cap"
"GBSleek8SpryBlkSh","Sleek","8","Clear","13-415","Fine Mist Sprayer","Shiny Black","false","standalone_component_unpublished","","CP13-415SpryBlkSh","STATUS_DRAFT+NOT_PUBLISHED","","false","https://www.bestbottles.com/product/sleek-design-8-ml-glass-bottle-shiny-black-spray"
"GBSlk100AnSpTslBlk","Sleek","100","Clear","18-415","Vintage Bulb Sprayer with Tassel","Black","false","media_or_configuration_invalid","AnSpTsl18-415Blk","AnSpTsl18-415Blk","","","false","https://www.bestbottles.com/product/sleek-design-100-ml-glass-bottle-black-vintage-style-sprayer-with-tassel-shiny-silver-collar"
"GBSleek8SpryGlSh","Sleek","8","Clear","13-415","Fine Mist Sprayer","Shiny Gold","false","standalone_component_unpublished","","CP13-415SpryGlSh","STATUS_DRAFT+NOT_PUBLISHED","","false","https://www.bestbottles.com/product/sleek-design-8-ml-glass-bottle-shiny-gold-spray"
"LBSlk30WhtRectClOverCap","Sleek","30","Clear","18-415","Lotion Pump","Clear Overcap","false","exact_component_unresolved","","","","","false","https://www.bestbottles.com/product/sleek-design-30-ml-glass-bottle-white-rectangular-clear-over-the-cap"
"GBSleek8SprySlMatt","Sleek","8","Clear","13-415","Fine Mist Sprayer","Matte Silver","false","standalone_component_unpublished","","CP13-415SprySlMt","STATUS_DRAFT+NOT_PUBLISHED","","false","https://www.bestbottles.com/product/sleek-design-8-ml-glass-bottle-matte-silver-spray"
"LBSlk30LtnShnBlk","Sleek","30","Clear","18-415","Lotion Pump","Shiny Black","false","standalone_component_unpublished","","Ltn18-415ShnBlk","STATUS_DRAFT+NOT_PUBLISHED","","false","https://www.bestbottles.com/product/sleek-design-30-ml-glass-bottle-shiny-black-lotion-pump-and-cap"
"GBSleek8SprySlSh","Sleek","8","Clear","13-415","Fine Mist Sprayer","Shiny Silver","false","standalone_component_unpublished","","CP13-415SprySlSh","STATUS_DRAFT+NOT_PUBLISHED","","false","https://www.bestbottles.com/product/sleek-design-8-ml-glass-bottle-shiny-silver-spray"
"LBSlk30LtnShnGl","Sleek","30","Clear","18-415","Lotion Pump","Shiny Gold","false","standalone_component_unpublished","","Ltn18-415ShnGl","STATUS_DRAFT+NOT_PUBLISHED","","false","https://www.bestbottles.com/product/sleek-design-30-ml-glass-bottle-shiny-gold-lotion-pump-and-cap"
"GBSleek8SpryBluMatt","Sleek","8","Clear","13-415","Fine Mist Sprayer","Matte Blue","false","standalone_component_unpublished","","CP13-415SpryBluMt","STATUS_DRAFT+NOT_PUBLISHED","","false","https://www.bestbottles.com/product/sleek-design-8-ml-glass-bottle-matte-blue-spray"
"LBSlk30LtnShnSl","Sleek","30","Clear","18-415","Lotion Pump","Shiny Silver","false","standalone_component_unpublished","","Ltn18-415ShnSl","STATUS_DRAFT+NOT_PUBLISHED","","false","https://www.bestbottles.com/product/sleek-design-30-ml-glass-bottle-shiny-silver-lotion-pump-and-cap"
"GBSleek8SpryCuMatt","Sleek","8","Clear","13-415","Fine Mist Sprayer","Matte Copper","false","standalone_component_unpublished","","CP13-415SpryCuMt","STATUS_DRAFT+NOT_PUBLISHED","","false","https://www.bestbottles.com/product/sleek-design-8-ml-glass-bottle-matte-copper-spray"
"LBSlk30LtnMtGl","Sleek","30","Clear","18-415","Lotion Pump","Matte Gold","false","standalone_component_unpublished","","Ltn18-415MtGl","STATUS_DRAFT+NOT_PUBLISHED","","false","https://www.bestbottles.com/product/sleek-design-30-ml-glass-bottle-matte-gold-lotion-pump-and-cap"
"GBSleek8SpryGlMatt","Sleek","8","Clear","13-415","Fine Mist Sprayer","Matte Gold","false","standalone_component_unpublished","","CP13-415SpryGlMt","STATUS_DRAFT+NOT_PUBLISHED","","false","https://www.bestbottles.com/product/sleek-design-8-ml-glass-bottle-matte-gold-spray"
"LBSlk30LtnMtSl","Sleek","30","Clear","18-415","Lotion Pump","Matte Silver","false","exact_component_unresolved","","","","","false","https://www.bestbottles.com/product/sleek-design-30-ml-glass-bottle-matte-silver-lotion-pump-and-cap"
"LBSlk30LtnCu","Sleek","30","Clear","18-415","Lotion Pump","Copper","false","standalone_component_unpublished","","Ltn18-415Cu","STATUS_DRAFT+NOT_PUBLISHED","","false","https://www.bestbottles.com/product/sleek-design-30-ml-glass-bottle-matte-copper-lotion-pump-and-cap"
"GBSleek5RollBlkSh","Sleek","5","Clear","13-415","Plastic Roller Ball","Shiny Black","false","media_or_configuration_invalid","CPRoll13-415BlkSh","CPRoll13-415BlkSh","","","false","https://www.bestbottles.com/product/sleek-design-5-ml-glass-bottle-plastic-roller-ball-plug-black-shiny-cap"
"GBSleek5RollGlSh","Sleek","5","Clear","13-415","Plastic Roller Ball","Shiny Gold","false","media_or_configuration_invalid","CPRoll13-415GlSh","CPRoll13-415GlSh","","","false","https://www.bestbottles.com/product/sleek-design-5-ml-glass-bottle-plastic-roller-ball-plug-shiny-gold-cap"
"GBSleek5RollSlSh","Sleek","5","Clear","13-415","Plastic Roller Ball","Shiny Silver","false","media_or_configuration_invalid","CPRoll13-415SlSh","CPRoll13-415SlSh","","","false","https://www.bestbottles.com/product/sleek-design-5-ml-glass-bottle-plastic-roller-ball-plug-shiny-silver-cap"
"GBSleek5RollPinkDot","Sleek","5","Clear","13-415","Plastic Roller Ball","Pink Dotted","false","media_or_configuration_invalid","CPRoll13-415PinkDot","CPRoll13-415PinkDot","","","false","https://www.bestbottles.com/product/sleek-design-5-ml-glass-bottle-plastic-roller-ball-plug-pink-cap-with-dots"
"GBSleek5RollSlDot","Sleek","5","Clear","13-415","Plastic Roller Ball","Silver Dotted","false","media_or_configuration_invalid","CPRoll13-415SlDot","CPRoll13-415SlDot","","","false","https://www.bestbottles.com/product/sleek-design-5-ml-glass-bottle-plastic-roller-ball-plug-silver-cap-with-dots"
"GBSleek5RollCuMatt","Sleek","5","Clear","13-415","Plastic Roller Ball","Matte Copper","false","media_or_configuration_invalid","CPRoll13-415Cu","CPRoll13-415Cu","","","false","https://www.bestbottles.com/product/sleek-design-5-ml-glass-bottle-plastic-roller-ball-plug-matte-copper-cap"
"GBSleek5RollGlMatt","Sleek","5","Clear","13-415","Plastic Roller Ball","Matte Gold","false","media_or_configuration_invalid","CPRoll13-415GlMt","CPRoll13-415GlMt","","","false","https://www.bestbottles.com/product/sleek-design-5-ml-glass-bottle-plastic-roller-ball-plug-matte-gold-cap"
"GBSleek5RollSlMatt","Sleek","5","Clear","13-415","Plastic Roller Ball","Matte Silver","false","media_or_configuration_invalid","CPRoll13-415SlMt","CPRoll13-415SlMt","","","false","https://www.bestbottles.com/product/sleek-design-5-ml-glass-bottle-plastic-roller-ball-plug-matte-silver-cap"
"GBSleek5MtlRollBlkDot","Sleek","5","Clear","13-415","Metal Roller Ball","Black Dotted","false","media_or_configuration_invalid","CPRoll13-415BlackDot","CPRoll13-415BlackDot","","","false","https://www.bestbottles.com/product/sleek-design-5-ml-glass-bottle-metal-roller-ball-plug-black-shiny-cap-with-dots"
"GBSleek8MtlRollBlkDot","Sleek","8","Clear","13-415","Metal Roller Ball","Black Dotted","false","media_or_configuration_invalid","CPRoll13-415BlackDot","CPRoll13-415BlackDot","","","false","https://www.bestbottles.com/product/sleek-design-8-ml-glass-bottle-metal-roller-ball-plug-black-shiny-cap-with-dots"
"GBSleek8RollBlkSh","Sleek","8","Clear","13-415","Plastic Roller Ball","Shiny Black","false","media_or_configuration_invalid","CPRoll13-415BlkSh","CPRoll13-415BlkSh","","","false","https://www.bestbottles.com/product/sleek-design-8-ml-glass-bottle-plastic-roller-ball-plug-black-shiny-cap"
"GBSleek8RollSlSh","Sleek","8","Clear","13-415","Plastic Roller Ball","Shiny Silver","false","media_or_configuration_invalid","CPRoll13-415SlSh","CPRoll13-415SlSh","","","false","https://www.bestbottles.com/product/sleek-design-8-ml-glass-bottle-plastic-roller-ball-plug-shiny-silver-cap"
"GBSleek8RollPinkDot","Sleek","8","Clear","13-415","Plastic Roller Ball","Pink Dotted","false","media_or_configuration_invalid","CPRoll13-415PinkDot","CPRoll13-415PinkDot","","","false","https://www.bestbottles.com/product/sleek-design-8-ml-glass-bottle-plastic-roller-ball-plug-pink-cap-with-dots"
"GBSleek8RollSlDot","Sleek","8","Clear","13-415","Plastic Roller Ball","Silver Dotted","false","media_or_configuration_invalid","CPRoll13-415SlDot","CPRoll13-415SlDot","","","false","https://www.bestbottles.com/product/sleek-design-8-ml-glass-bottle-plastic-roller-ball-plug-silver-cap-with-dots"
"GBSleek8RollCuMatt","Sleek","8","Clear","13-415","Plastic Roller Ball","Matte Copper","false","media_or_configuration_invalid","CPRoll13-415Cu","CPRoll13-415Cu","","","false","https://www.bestbottles.com/product/sleek-design-8-ml-glass-bottle-plastic-roller-ball-plug-matte-copper-cap"
"GBSleek8RollGlMatt","Sleek","8","Clear","13-415","Plastic Roller Ball","Matte Gold","false","media_or_configuration_invalid","CPRoll13-415GlMt","CPRoll13-415GlMt","","","false","https://www.bestbottles.com/product/sleek-design-8-ml-glass-bottle-plastic-roller-ball-plug-matte-gold-cap"
"GBSlk30AnSpLvn","Sleek","30","Clear","18-415","Vintage Bulb Sprayer","Lavender","false","media_or_configuration_invalid","AnSp18-415Lvn","AnSp18-415Lvn","","","false","https://www.bestbottles.com/product/sleek-design-30-ml-glass-bottle-lavender-vintage-style-bulb-sprayer-shiny-silver-collar-cap"
"GBSleek8RollGlSh","Sleek","8","Clear","13-415","Plastic Roller Ball","Shiny Gold","false","media_or_configuration_invalid","CPRoll13-415GlSh","CPRoll13-415GlSh","","","false","https://www.bestbottles.com/product/sleek-design-8-ml-glass-bottle-plastic-roller-ball-plug-shiny-gold-cap"
"GBSlk30AnSpPnk","Sleek","30","Clear","18-415","Vintage Bulb Sprayer","Pink","false","media_or_configuration_invalid","CP18-415AnSpPnk","CP18-415AnSpPnk","","","false","https://www.bestbottles.com/product/sleek-design-30-ml-glass-bottle-pink-vintage-style-bulb-sprayer-shiny-gold-collar-cap"
"GBSleek8RollSlMatt","Sleek","8","Clear","13-415","Plastic Roller Ball","Matte Silver","false","media_or_configuration_invalid","CPRoll13-415SlMt","CPRoll13-415SlMt","","","false","https://www.bestbottles.com/product/sleek-design-8-ml-glass-bottle-plastic-roller-ball-plug-matte-silver-cap"
"GBSlk30AnSpMtSl","Sleek","30","Clear","18-415","Vintage Bulb Sprayer","Matte Silver","false","media_or_configuration_invalid","AnSp18-415MtSl","AnSp18-415MtSl","","","false","https://www.bestbottles.com/product/sleek-design-30-ml-glass-bottle-matte-silver-vintage-style-sprayer-matte-silver-collar-cap"
"GBSlk30AnSpIvySl","Sleek","30","Clear","18-415","Vintage Bulb Sprayer","Ivory Silver","false","media_or_configuration_invalid","AnSp18-415IvySl","AnSp18-415IvySl","","","false","https://www.bestbottles.com/product/sleek-design-30-ml-glass-bottle-ivory-vintage-style-bulb-sprayer-shiny-silver-collar-cap"
"GBSlk30AnSpGl","Sleek","30","Clear","18-415","Vintage Bulb Sprayer","Gold","false","media_or_configuration_invalid","AnSp18-415Gl","AnSp18-415Gl","","","false","https://www.bestbottles.com/product/sleek-design-30-ml-glass-bottle-gold-vintage-style-sprayer-shiny-gold-collar-cap"
"GBSlk30AnSpIvyGl","Sleek","30","Clear","18-415","Vintage Bulb Sprayer","Ivory Gold","false","media_or_configuration_invalid","AnSp18-415IvyGl","AnSp18-415IvyGl","","","false","https://www.bestbottles.com/product/sleek-design-30-ml-glass-bottle-ivory-vintage-style-bulb-sprayer-shiny-gold-collar-cap"
"GBSlk30AnSpWht","Sleek","30","Clear","18-415","Vintage Bulb Sprayer","White","false","media_or_configuration_invalid","AnSp18-415Wht","AnSp18-415Wht","","","false","https://www.bestbottles.com/product/sleek-design-30-ml-glass-bottle-white-vintage-style-bulb-sprayer-shiny-silver-collar-cap"
"GBSlk30AnSpRed","Sleek","30","Clear","18-415","Vintage Bulb Sprayer","Red","false","media_or_configuration_invalid","AnSp18-415Red","AnSp18-415Red","","","false","https://www.bestbottles.com/product/sleek-design-30-ml-glass-bottle-red-vintage-style-bulb-sprayer-shiny-silver-collar-cap"
"LBSlk50WhtRectClOverCap","Sleek","50","Clear","18-415","Lotion Pump","Clear Overcap","false","exact_component_unresolved","","","","","false","https://www.bestbottles.com/product/sleek-design-50-ml-glass-bottle-white-rectangular-clear-over-the-cap"
"LBSlk50LtnShnBlk","Sleek","50","Clear","18-415","Lotion Pump","Shiny Black","false","standalone_component_unpublished","","Ltn18-415ShnBlk","STATUS_DRAFT+NOT_PUBLISHED","","false","https://www.bestbottles.com/product/sleek-design-50-ml-glass-bottle-shiny-black-lotion-pump-and-cap"
"LBSlk50LtnShnGl","Sleek","50","Clear","18-415","Lotion Pump","Shiny Gold","false","standalone_component_unpublished","","Ltn18-415ShnGl","STATUS_DRAFT+NOT_PUBLISHED","","false","https://www.bestbottles.com/product/sleek-design-50-ml-glass-bottle-shiny-gold-lotion-pump-and-cap"
"LBSlk50LtnMtGl","Sleek","50","Clear","18-415","Lotion Pump","Matte Gold","false","standalone_component_unpublished","","Ltn18-415MtGl","STATUS_DRAFT+NOT_PUBLISHED","","false","https://www.bestbottles.com/product/sleek-design-50-ml-glass-bottle-matte-gold-lotion-pump-and-cap"
"LBSlk50LtnMtSl","Sleek","50","Clear","18-415","Lotion Pump","Matte Silver","false","exact_component_unresolved","","","","","false","https://www.bestbottles.com/product/sleek-design-50-ml-glass-bottle-matte-silver-lotion-pump-and-cap"
"LBSlk50LtnCu","Sleek","50","Clear","18-415","Lotion Pump","Copper","false","standalone_component_unpublished","","Ltn18-415Cu","STATUS_DRAFT+NOT_PUBLISHED","","false","https://www.bestbottles.com/product/sleek-design-50-ml-glass-bottle-matte-copper-lotion-pump-and-cap"
"LBSlk50LtnShnSl","Sleek","50","Clear","18-415","Lotion Pump","Shiny Silver","false","standalone_component_unpublished","","Ltn18-415ShnSl","STATUS_DRAFT+NOT_PUBLISHED","","false","https://www.bestbottles.com/product/sleek-design-50-ml-glass-bottle-shiny-silver-lotion-pump-and-cap"
"GBSlk50RdcrIvyLthr","Sleek","50","Clear","18-415","Reducer","Ivory Leather","false","assembly_unpublished_or_unsellable","CP18-415LIvyLthr","CP18-415LIvyLthr","","STATUS_DRAFT+NOT_PUBLISHED","false","https://www.bestbottles.com/product/sleek-design-50-ml-glass-bottle-reducer-ivory-faux-leather-cap"
"GBSlk50RdcrPnkLthr","Sleek","50","Clear","18-415","Reducer","Pink Leather","false","assembly_unpublished_or_unsellable","CP18-415LPnkLthr","CP18-415LPnkLthr","","STATUS_DRAFT+NOT_PUBLISHED","false","https://www.bestbottles.com/product/sleek-design-50-ml-glass-bottle-reducer-pink-faux-leather-cap"
"GBSlk50RdcrShnGl","Sleek","50","Clear","18-415","Reducer","Shiny Gold","false","assembly_unpublished_or_unsellable","CP18-415ShnGl","CP18-415ShnGl","","STATUS_DRAFT+NOT_PUBLISHED","false","https://www.bestbottles.com/product/sleek-design-50-ml-glass-bottle-reducer-shiny-gold-cap"
"GBSlk50RdcrShnBlkTall","Sleek","50","Clear","18-415","Reducer","Shiny Black","false","assembly_unpublished_or_unsellable","CP18-415ShnBlkTall","CP18-415ShnBlkTall","","STATUS_DRAFT+NOT_PUBLISHED","false","https://www.bestbottles.com/product/sleek-design-50-ml-glass-bottle-reducer-tall-black-shiny-cap"
"GBSlk50RdcrShnBlk","Sleek","50","Clear","18-415","Reducer","Shiny Black","false","exact_component_unresolved | assembly_unpublished_or_unsellable","","","","STATUS_DRAFT+NOT_PUBLISHED","false","https://www.bestbottles.com/product/sleek-design-50-ml-glass-bottle-reducer-black-shiny-cap"
"GBSlk50RdcrBrwnLthr","Sleek","50","Clear","18-415","Reducer","Brown Leather","false","assembly_unpublished_or_unsellable","CP18-415BrwnLthr","CP18-415BrwnLthr","","STATUS_DRAFT+NOT_PUBLISHED","false","https://www.bestbottles.com/product/sleek-design-50-ml-glass-bottle-reducer-brown-faux-leather-cap"
"GBSlk50RdcrLBrwnLthr","Sleek","50","Clear","18-415","Reducer","Light Brown Leather","false","assembly_unpublished_or_unsellable","CP18-415LBrwnLthr","CP18-415LBrwnLthr","","STATUS_DRAFT+NOT_PUBLISHED","false","https://www.bestbottles.com/product/sleek-design-50-ml-glass-bottle-reducer-light-brown-faux-leather-cap"
"GBSlk50RdcrShnSl","Sleek","50","Clear","18-415","Reducer","Shiny Silver","false","assembly_unpublished_or_unsellable","CP18-415ShnSl","CP18-415ShnSl","","STATUS_DRAFT+NOT_PUBLISHED","false","https://www.bestbottles.com/product/sleek-design-50-ml-glass-bottle-reducer-shiny-silver-cap"
"GBSlk50RdcrMtSlTall","Sleek","50","Clear","18-415","Reducer","Matte Silver","false","assembly_unpublished_or_unsellable","CP18-415MtSlTall","CP18-415MtSlTall","","STATUS_DRAFT+NOT_PUBLISHED","false","https://www.bestbottles.com/product/sleek-design-50-ml-glass-bottle-reducer-tall-silver-matte-cap"
"GBSlk50RdcrMtSl","Sleek","50","Clear","18-415","Reducer","Matte Silver","false","assembly_unpublished_or_unsellable","CP18-415MtSl","CP18-415MtSl","","STATUS_DRAFT+NOT_PUBLISHED","false","https://www.bestbottles.com/product/sleek-design-50-ml-glass-bottle-reducer-silver-matte-cap"
"GBSlk50RdcrWht","Sleek","50","Clear","18-415","Reducer","White","false","assembly_unpublished_or_unsellable","CP18-415Wh","CP18-415Wh","","STATUS_DRAFT+NOT_PUBLISHED","false","https://www.bestbottles.com/product/sleek-design-50-ml-glass-bottle-reducer-white-cap"
"GBSlk100AnSpLvn","Sleek","100","Clear","18-415","Vintage Bulb Sprayer","Lavender","false","media_or_configuration_invalid","AnSp18-415Lvn","AnSp18-415Lvn","","","false","https://www.bestbottles.com/product/sleek-design-100-ml-glass-bottle-lavender-vintage-style-bulb-sprayer-shiny-silver-collar-cap"
"GBSlk100AnSpPnk","Sleek","100","Clear","18-415","Vintage Bulb Sprayer","Pink","false","media_or_configuration_invalid","CP18-415AnSpPnk","CP18-415AnSpPnk","","","false","https://www.bestbottles.com/product/sleek-design-100-ml-glass-bottle-pink-vintage-style-bulb-sprayer-shiny-gold-collar-cap"
"GBSlk100AnSpMtSl","Sleek","100","Clear","18-415","Vintage Bulb Sprayer","Matte Silver","false","media_or_configuration_invalid","AnSp18-415MtSl","AnSp18-415MtSl","","","false","https://www.bestbottles.com/product/sleek-design-100-ml-glass-bottle-matte-silver-vintage-style-sprayer-matte-silver-collar-cap"
"GBSlk30DrpCu","Sleek","30","Clear","18-415","Dropper","Copper","false","exact_component_unresolved","","","","","false","https://www.bestbottles.com/product/sleek-design-30-ml-glass-bottle-white-dropper-shiny-copper-collar-cap"
"GBSlk100AnSpIvySl","Sleek","100","Clear","18-415","Vintage Bulb Sprayer","Ivory Silver","false","media_or_configuration_invalid","AnSp18-415IvySl","AnSp18-415IvySl","","","false","https://www.bestbottles.com/product/sleek-design-100-ml-glass-bottle-ivory-vintage-style-bulb-sprayer-shiny-silver-collar-cap"
"GBSlk100AnSpGl","Sleek","100","Clear","18-415","Vintage Bulb Sprayer","Gold","false","media_or_configuration_invalid","AnSp18-415Gl","AnSp18-415Gl","","","false","https://www.bestbottles.com/product/sleek-design-100-ml-glass-bottle-gold-vintage-style-sprayer-shiny-gold-collar-cap"
"GBSlk100AnSpIvyGl","Sleek","100","Clear","18-415","Vintage Bulb Sprayer","Ivory Gold","false","media_or_configuration_invalid","AnSp18-415IvyGl","AnSp18-415IvyGl","","","false","https://www.bestbottles.com/product/sleek-design-100-ml-glass-bottle-ivory-vintage-style-bulb-sprayer-shiny-gold-collar-cap"
"GBSlk100AnSpWht","Sleek","100","Clear","18-415","Vintage Bulb Sprayer","White","false","media_or_configuration_invalid","AnSp18-415Wht","AnSp18-415Wht","","","false","https://www.bestbottles.com/product/sleek-design-100-ml-glass-bottle-white-vintage-style-bulb-sprayer-shiny-silver-collar-cap"
"GBSleek5BlkSht","Sleek","5","Clear","13-415","","Clear","false","media_or_configuration_invalid","CP13-415BlkSht","CP13-415BlkSht","","","false","https://www.bestbottles.com/product/sleek-design-5-ml-glass-bottle-short-black-cap"
"GBSlk100AnSpRed","Sleek","100","Clear","18-415","Vintage Bulb Sprayer","Red","false","media_or_configuration_invalid","AnSp18-415Red","AnSp18-415Red","","","false","https://www.bestbottles.com/product/sleek-design-100-ml-glass-bottle-red-vintage-style-bulb-sprayer-shiny-silver-collar-cap"
"GBSlk100AnSpTslLvn","Sleek","100","Clear","18-415","Vintage Bulb Sprayer with Tassel","Lavender","false","media_or_configuration_invalid","AnSpTsl18-415Lvn","AnSpTsl18-415Lvn","","","false","https://www.bestbottles.com/product/sleek-design-100-ml-glass-bottle-lavender-vintage-style-sprayer-with-tassel-shiny-silver-collar"
"GBSlk100AnSpTslIvyGl","Sleek","100","Clear","18-415","Vintage Bulb Sprayer with Tassel","Ivory Gold","false","media_or_configuration_invalid","AnSpTsl18-415IvyGl","AnSpTsl18-415IvyGl","","","false","https://www.bestbottles.com/product/sleek-design-100-ml-glass-bottle-ivory-vintage-style-sprayer-with-tassel-shiny-gold-collar"
"GBSleek8BlkSht","Sleek","8","Clear","13-415","","Clear","false","media_or_configuration_invalid","CP13-415BlkSht","CP13-415BlkSht","","","false","https://www.bestbottles.com/product/sleek-design-8-ml-glass-bottle-short-black-cap"
"GBSlk100AnSpTslIvySl","Sleek","100","Clear","18-415","Vintage Bulb Sprayer with Tassel","Ivory Silver","false","media_or_configuration_invalid","AnSpTsl18-415IvySl","AnSpTsl18-415IvySl","","","false","https://www.bestbottles.com/product/sleek-design-100-ml-glass-bottle-ivory-vintage-style-sprayer-with-tassel-shiny-silver-collar"
"GBSlk100AnSpTslWht","Sleek","100","Clear","18-415","Vintage Bulb Sprayer with Tassel","White","false","media_or_configuration_invalid","AnSpTsl18-415Wht","AnSpTsl18-415Wht","","","false","https://www.bestbottles.com/product/sleek-design-100-ml-glass-bottle-white-vintage-style-sprayer-with-tassel-shiny-silver-collar"
"GBSlk100AnSpTslPnk","Sleek","100","Clear","18-415","Vintage Bulb Sprayer with Tassel","Pink","false","media_or_configuration_invalid","AnSpTsl18-415Pnk","AnSpTsl18-415Pnk","","","false","https://www.bestbottles.com/product/sleek-design-100-ml-glass-bottle-pink-vintage-style-sprayer-with-tassel-shiny-gold-collar"
"GBSlk100AnSpTslRed","Sleek","100","Clear","18-415","Vintage Bulb Sprayer with Tassel","Red","false","media_or_configuration_invalid","AnSpTsl18-415Red","AnSpTsl18-415Red","","","false","https://www.bestbottles.com/product/sleek-design-100-ml-glass-bottle-red-vintage-style-sprayer-with-tassel-shiny-silver-collar"
"GBSlk100AnSpTslMtSl","Sleek","100","Clear","18-415","Vintage Bulb Sprayer with Tassel","Matte Silver","false","media_or_configuration_invalid","AnSpTsl18-415MtS","AnSpTsl18-415MtS","","","false","https://www.bestbottles.com/product/sleek-design-100-ml-glass-bottle-matte-silver-vintage-style-sprayer-with-tassel-matte-silver-collar"
"GBSlk100AnSpTslGl","Sleek","100","Clear","18-415","Vintage Bulb Sprayer with Tassel","Gold","false","media_or_configuration_invalid","CP18-415AnSpTslGl","CP18-415AnSpTslGl","","","false","https://www.bestbottles.com/product/sleek-design-100-ml-glass-bottle-gold-vintage-style-sprayer-with-tassel-shiny-gold-collar"
"LBSlk30LtnClOvrCap","Sleek","30","Clear","18-415","Lotion Pump","Clear Overcap","false","exact_component_unresolved","","","","","false","https://www.bestbottles.com/product/sleek-design-30-ml-glass-bottle-clear-over-the-cap-lotion-pump-matte-silver-collar-cap"
"LBSlk100LtnShnBlk","Sleek","100","Clear","18-415","Lotion Pump","Shiny Black","false","standalone_component_unpublished","","Ltn18-415ShnBlk","STATUS_DRAFT+NOT_PUBLISHED","","false","https://www.bestbottles.com/product/sleek-design-100-ml-glass-bottle-shiny-black-lotion-pump-and-cap"
"LBSlk100LtnShnGl","Sleek","100","Clear","18-415","Lotion Pump","Shiny Gold","false","standalone_component_unpublished","","Ltn18-415ShnGl","STATUS_DRAFT+NOT_PUBLISHED","","false","https://www.bestbottles.com/product/sleek-design-100-ml-glass-bottle-shiny-gold-lotion-pump-and-cap"
"LBSlk100LtnShnSl","Sleek","100","Clear","18-415","Lotion Pump","Shiny Silver","false","standalone_component_unpublished","","Ltn18-415ShnSl","STATUS_DRAFT+NOT_PUBLISHED","","false","https://www.bestbottles.com/product/sleek-design-100-ml-glass-bottle-shiny-silver-lotion-pump-and-cap"
"LBSlk100WhtRectClOverCap","Sleek","100","Clear","18-415","Lotion Pump","Clear Overcap","false","exact_component_unresolved","","","","","false","https://www.bestbottles.com/product/sleek-design-100-ml-glass-bottle-white-rectangular-clear-over-the-cap"
"LBSlk50LtnClOvrCap","Sleek","50","Clear","18-415","Lotion Pump","Clear Overcap","false","exact_component_unresolved","","","","","false","https://www.bestbottles.com/product/sleek-design-50-ml-glass-bottle-clear-over-the-cap-lotion-pump-matte-silver-collar-cap"
"LBSlk100LtnMtGl","Sleek","100","Clear","18-415","Lotion Pump","Matte Gold","false","standalone_component_unpublished","","Ltn18-415MtGl","STATUS_DRAFT+NOT_PUBLISHED","","false","https://www.bestbottles.com/product/sleek-design-100-ml-glass-bottle-matte-gold-lotion-pump-and-cap"
"LBSlk100LtnMtSl","Sleek","100","Clear","18-415","Lotion Pump","Matte Silver","false","exact_component_unresolved","","","","","false","https://www.bestbottles.com/product/sleek-design-100-ml-glass-bottle-matte-silver-lotion-pump-and-cap"
"LBSlk100LtnCu","Sleek","100","Clear","18-415","Lotion Pump","Copper","false","standalone_component_unpublished","","Ltn18-415Cu","STATUS_DRAFT+NOT_PUBLISHED","","false","https://www.bestbottles.com/product/sleek-design-100-ml-glass-bottle-matte-copper-lotion-pump-and-cap"
"GBSleek5CuSht","Sleek","5","Clear","13-415","","Matte Copper","false","exact_component_unresolved","","","","","false",""
"GBSleek5GlMattSht","Sleek","5","Clear","13-415","","Matte Gold","false","exact_component_unresolved","","","","","false",""
"GBSleek5SlMattSht","Sleek","5","Clear","13-415","","Matte Silver","false","exact_component_unresolved","","","","","false",""
"GBSleek5BlkShSht","Sleek","5","Clear","13-415","","Shiny Black","false","exact_component_unresolved","","","","","false",""
"GBSleek5GlSht","Sleek","5","Clear","13-415","","Shiny Gold","false","exact_component_unresolved","","","","","false",""
"GBSleek5SlSht","Sleek","5","Clear","13-415","","Shiny Silver","false","exact_component_unresolved","","","","","false",""
"GBSleek8CuSht","Sleek","8","Clear","13-415","","Matte Copper","false","exact_component_unresolved","","","","","false",""
"GBSleek8GlMattSht","Sleek","8","Clear","13-415","","Matte Gold","false","exact_component_unresolved","","","","","false",""
"GBSleek8SlMattSht","Sleek","8","Clear","13-415","","Matte Silver","false","exact_component_unresolved","","","","","false",""
"GBSleek8BlkShSht","Sleek","8","Clear","13-415","","Shiny Black","false","exact_component_unresolved","","","","","false",""
"GBSleek8GlSht","Sleek","8","Clear","13-415","","Shiny Gold","false","exact_component_unresolved","","","","","false",""
"GBSleek8SlSht","Sleek","8","Clear","13-415","","Shiny Silver","false","exact_component_unresolved","","","","","false",""
"LBSlm100LtnCu","Slim","100","Clear","18-415","Lotion Pump","Copper","false","standalone_component_unpublished","","Ltn18-415Cu","STATUS_DRAFT+NOT_PUBLISHED","","false","https://www.bestbottles.com/product/slim-design-100-ml-glass-bottle-matte-copper-lotion-pump-and-cap"
"GBSlm30SpryShnBlk","Slim","30","Clear","18-415","Perfume Spray Pump","Shiny Black","false","standalone_component_unpublished","","Spry18-415ShnBlk","STATUS_DRAFT+NOT_PUBLISHED","","false","https://www.bestbottles.com/product/slim-design-30-ml-glass-bottle-shiny-black-spray-pump-and-cap"
"GBSlm30SpryMtSl","Slim","30","Clear","18-415","Perfume Spray Pump","Matte Silver","false","standalone_component_unpublished","","Spry18-415MtSl","STATUS_DRAFT+NOT_PUBLISHED","","false","https://www.bestbottles.com/product/slim-design-30-ml-glass-bottle-matte-silver-spray-pump-and-cap"
"GBSlm30SpryShnSl","Slim","30","Clear","18-415","Perfume Spray Pump","Shiny Silver","false","standalone_component_unpublished","","Spry18-415ShnSl","STATUS_DRAFT+NOT_PUBLISHED","","false","https://www.bestbottles.com/product/slim-design-30-ml-glass-bottle-shiny-silver-spray-and-cap"
"GBSlm50AnSpPnk","Slim","50","Clear","18-415","Vintage Bulb Sprayer","Pink","false","media_or_configuration_invalid","CP18-415AnSpPnk","CP18-415AnSpPnk","","","false","https://www.bestbottles.com/product/slim-design-50-ml-glass-bottle-pink-vintage-style-bulb-sprayer-shiny-gold-collar-cap"
"GBSlm30SpryShnGl","Slim","30","Clear","18-415","Perfume Spray Pump","Shiny Gold","false","standalone_component_unpublished","","Spry18-415ShnGl","STATUS_DRAFT+NOT_PUBLISHED","","false","https://www.bestbottles.com/product/slim-design-30-ml-glass-bottle-shiny-gold-spray-pump-and-cap"
"GBSlm50AnSpGl","Slim","50","Clear","18-415","Vintage Bulb Sprayer","Gold","false","media_or_configuration_invalid","AnSp18-415Gl","AnSp18-415Gl","","","false","https://www.bestbottles.com/product/slim-design-50-ml-glass-bottle-gold-vintage-style-sprayer-shiny-gold-collar-cap"
"GBSlm30SpryMtGl","Slim","30","Clear","18-415","Perfume Spray Pump","Matte Gold","false","standalone_component_unpublished","","Spry18-415MtGl","STATUS_DRAFT+NOT_PUBLISHED","","false","https://www.bestbottles.com/product/slim-design-30-ml-glass-bottle-matte-gold-spray-pump-and-cap"
"GBSlm50AnSpLvn","Slim","50","Clear","18-415","Vintage Bulb Sprayer","Lavender","false","media_or_configuration_invalid","AnSp18-415Lvn","AnSp18-415Lvn","","","false","https://www.bestbottles.com/product/slim-design-50-ml-glass-bottle-lavender-vintage-style-bulb-sprayer-shiny-silver-collar-cap"
"GBSlm50AnSpIvyGl","Slim","50","Clear","18-415","Vintage Bulb Sprayer","Ivory Gold","false","media_or_configuration_invalid","AnSp18-415IvyGl","AnSp18-415IvyGl","","","false","https://www.bestbottles.com/product/slim-design-50-ml-glass-bottle-ivory-vintage-style-bulb-sprayer-shiny-gold-collar-cap"
"GBSlm50AnSpRed","Slim","50","Clear","18-415","Vintage Bulb Sprayer","Red","false","media_or_configuration_invalid","AnSp18-415Red","AnSp18-415Red","","","false","https://www.bestbottles.com/product/slim-design-50-ml-glass-bottle-red-vintage-style-bulb-sprayer-shiny-silver-collar-cap"
"GBSlm50AnSpMtSl","Slim","50","Clear","18-415","Vintage Bulb Sprayer","Matte Silver","false","media_or_configuration_invalid","AnSp18-415MtSl","AnSp18-415MtSl","","","false","https://www.bestbottles.com/product/slim-design-50-ml-glass-bottle-matte-silver-vintage-style-sprayer-matte-silver-collar-cap"
"GBSlm50AnSpWht","Slim","50","Clear","18-415","Vintage Bulb Sprayer","White","false","media_or_configuration_invalid","AnSp18-415Wht","AnSp18-415Wht","","","false","https://www.bestbottles.com/product/slim-design-50-ml-glass-bottle-white-vintage-style-bulb-sprayer-shiny-silver-collar-cap"
"GBSlm50AnSpIvySl","Slim","50","Clear","18-415","Vintage Bulb Sprayer","Ivory Silver","false","media_or_configuration_invalid","AnSp18-415IvySl","AnSp18-415IvySl","","","false","https://www.bestbottles.com/product/slim-design-50-ml-glass-bottle-ivory-vintage-style-bulb-sprayer-shiny-silver-collar-cap"
"GBSlm50AnSpTslGl","Slim","50","Clear","18-415","Vintage Bulb Sprayer with Tassel","Gold","false","media_or_configuration_invalid","CP18-415AnSpTslGl","CP18-415AnSpTslGl","","","false","https://www.bestbottles.com/product/slim-design-50-ml-glass-bottle-gold-vintage-style-sprayer-with-tassel-shiny-gold-collar"
"GBSlm50AnSpTslIvyGl","Slim","50","Clear","18-415","Vintage Bulb Sprayer with Tassel","Ivory Gold","false","media_or_configuration_invalid","AnSpTsl18-415IvyGl","AnSpTsl18-415IvyGl","","","false","https://www.bestbottles.com/product/slim-design-50-ml-glass-bottle-ivory-vintage-style-sprayer-with-tassel-shiny-gold-collar"
"GBSlm50AnSpTslLvn","Slim","50","Clear","18-415","Vintage Bulb Sprayer with Tassel","Lavender","false","media_or_configuration_invalid","AnSpTsl18-415Lvn","AnSpTsl18-415Lvn","","","false","https://www.bestbottles.com/product/slim-design-50-ml-glass-bottle-lavender-vintage-style-sprayer-with-tassel-shiny-silver-collar"
"GBSlm50AnSpTslPnk","Slim","50","Clear","18-415","Vintage Bulb Sprayer with Tassel","Pink","false","media_or_configuration_invalid","AnSpTsl18-415Pnk","AnSpTsl18-415Pnk","","","false","https://www.bestbottles.com/product/slim-design-50-ml-glass-bottle-pink-vintage-style-sprayer-with-tassel-shiny-gold-collar"
"GBSlm50AnSpTslIvySl","Slim","50","Clear","18-415","Vintage Bulb Sprayer with Tassel","Ivory Silver","false","media_or_configuration_invalid","AnSpTsl18-415IvySl","AnSpTsl18-415IvySl","","","false","https://www.bestbottles.com/product/slim-design-50-ml-glass-bottle-ivory-vintage-style-sprayer-with-tassel-shiny-silver-collar"
"GBSlm50AnSpTslRed","Slim","50","Clear","18-415","Vintage Bulb Sprayer with Tassel","Red","false","media_or_configuration_invalid","AnSpTsl18-415Red","AnSpTsl18-415Red","","","false","https://www.bestbottles.com/product/slim-design-50-ml-glass-bottle-red-vintage-style-sprayer-with-tassel-shiny-silver-collar"
"GBSlm50AnSpTslWht","Slim","50","Clear","18-415","Vintage Bulb Sprayer with Tassel","White","false","media_or_configuration_invalid","AnSpTsl18-415Wht","AnSpTsl18-415Wht","","","false","https://www.bestbottles.com/product/slim-design-50-ml-glass-bottle-white-vintage-style-sprayer-with-tassel-shiny-silver-collar"
"GBSlm50AnSpTslMtSl","Slim","50","Clear","18-415","Vintage Bulb Sprayer with Tassel","Matte Silver","false","media_or_configuration_invalid","AnSpTsl18-415MtS","AnSpTsl18-415MtS","","","false","https://www.bestbottles.com/product/slim-design-50-ml-glass-bottle-matte-silver-vintage-style-sprayer-with-tassel-matte-silver-collar"
"GBSlm50SpryShnGl","Slim","50","Clear","18-415","Perfume Spray Pump","Shiny Gold","false","standalone_component_unpublished","","Spry18-415ShnGl","STATUS_DRAFT+NOT_PUBLISHED","","false","https://www.bestbottles.com/product/slim-design-50-ml-glass-bottle-shiny-gold-spray-pump-and-cap"
"GBSlm50SpryShnSl","Slim","50","Clear","18-415","Perfume Spray Pump","Shiny Silver","false","standalone_component_unpublished","","Spry18-415ShnSl","STATUS_DRAFT+NOT_PUBLISHED","","false","https://www.bestbottles.com/product/slim-design-50-ml-glass-bottle-shiny-silver-spray-and-cap"
"GBSlm50SpryMtSl","Slim","50","Clear","18-415","Perfume Spray Pump","Matte Silver","false","standalone_component_unpublished","","Spry18-415MtSl","STATUS_DRAFT+NOT_PUBLISHED","","false","https://www.bestbottles.com/product/slim-design-50-ml-glass-bottle-matte-silver-spray-pump-and-cap"
"GBSlm50SpryShnBlk","Slim","50","Clear","18-415","Perfume Spray Pump","Shiny Black","false","standalone_component_unpublished","","Spry18-415ShnBlk","STATUS_DRAFT+NOT_PUBLISHED","","false","https://www.bestbottles.com/product/slim-design-50-ml-glass-bottle-shiny-black-spray-pump-and-cap"
"GBSlm50SpryMtGl","Slim","50","Clear","18-415","Perfume Spray Pump","Matte Gold","false","standalone_component_unpublished","","Spry18-415MtGl","STATUS_DRAFT+NOT_PUBLISHED","","false","https://www.bestbottles.com/product/slim-design-50-ml-glass-bottle-matte-gold-spray-pump-and-cap"
"GBSlm30DrpSl","Slim","30","Clear","18-415","Dropper","Silver","false","media_or_configuration_invalid","Drp18-415Sl","Drp18-415Sl","","","false","https://www.bestbottles.com/product/slim-design-30-ml-glass-bottle-white-dropper-shiny-silver-collar-cap"
"GBSlm30SpryCu","Slim","30","Clear","18-415","Perfume Spray Pump","Copper","false","standalone_component_unpublished","","Spry18-415Cu","STATUS_DRAFT+NOT_PUBLISHED","","false","https://www.bestbottles.com/product/slim-design-30-ml-glass-bottle-matte-copper-spray-and-cap"
"GBSlm30DrpGl","Slim","30","Clear","18-415","Dropper","Gold","false","media_or_configuration_invalid","Drp18-415Gl","Drp18-415Gl","","","false","https://www.bestbottles.com/product/slim-design-30-ml-glass-bottle-white-dropper-shiny-gold-collar-cap"
"GBSlm50SpryCu","Slim","50","Clear","18-415","Perfume Spray Pump","Copper","false","standalone_component_unpublished","","Spry18-415Cu","STATUS_DRAFT+NOT_PUBLISHED","","false","https://www.bestbottles.com/product/slim-design-50-ml-glass-bottle-matte-copper-spray-and-cap"
"GBSlm100SpryCu","Slim","100","Clear","18-415","Perfume Spray Pump","Copper","false","standalone_component_unpublished","","Spry18-415Cu","STATUS_DRAFT+NOT_PUBLISHED","","false","https://www.bestbottles.com/product/slim-design-100-ml-glass-bottle-matte-copper-spray-and-cap"
"GBSlm30RdcrBlkLthr","Slim","30","Clear","18-415","Reducer","Black Leather","false","assembly_unpublished_or_unsellable","CP18-415BlkLthr","CP18-415BlkLthr","","STATUS_DRAFT+NOT_PUBLISHED","false","https://www.bestbottles.com/product/slim-design-30-ml-glass-bottle-reducer-black-faux-leather-cap"
"GBSlm100RdcrIvyLthr","Slim","100","Clear","18-415","Reducer","Ivory Leather","false","assembly_unpublished_or_unsellable","CP18-415LIvyLthr","CP18-415LIvyLthr","","STATUS_DRAFT+NOT_PUBLISHED","false","https://www.bestbottles.com/product/slim-design-100-ml-glass-bottle-reducer-ivory-faux-leather-cap"
"GBSlm100RdcrPnkLthr","Slim","100","Clear","18-415","Reducer","Pink Leather","false","assembly_unpublished_or_unsellable","CP18-415LPnkLthr","CP18-415LPnkLthr","","STATUS_DRAFT+NOT_PUBLISHED","false","https://www.bestbottles.com/product/slim-design-100-ml-glass-bottle-reducer-pink-faux-leather-cap"
"GBSlm100RdcrShnGl","Slim","100","Clear","18-415","Reducer","Shiny Gold","false","assembly_unpublished_or_unsellable","CP18-415ShnGl","CP18-415ShnGl","","STATUS_DRAFT+NOT_PUBLISHED","false","https://www.bestbottles.com/product/slim-design-100-ml-glass-bottle-reducer-shiny-gold-cap"
"GBSlm100RdcrShnBlkTall","Slim","100","Clear","18-415","Reducer","Shiny Black","false","assembly_unpublished_or_unsellable","CP18-415ShnBlkTall","CP18-415ShnBlkTall","","STATUS_DRAFT+NOT_PUBLISHED","false","https://www.bestbottles.com/product/slim-design-100-ml-glass-bottle-reducer-tall-black-shiny-cap"
"GBSlm30AnSpBlk","Slim","30","Clear","18-415","Vintage Bulb Sprayer","Black","false","media_or_configuration_invalid","AnSp18-415Blk","AnSp18-415Blk","","","false","https://www.bestbottles.com/product/slim-design-30-ml-glass-bottle-black-vintage-style-bulb-sprayer-shiny-silver-collar-cap"
"GBSlm100RdcrShnBlk","Slim","100","Clear","18-415","Reducer","Shiny Black","false","exact_component_unresolved | assembly_unpublished_or_unsellable","","","","STATUS_DRAFT+NOT_PUBLISHED","false","https://www.bestbottles.com/product/slim-design-100-ml-glass-bottle-reducer-black-shiny-cap"
"GBSlm50RdcrBlkLthr","Slim","50","Clear","18-415","Reducer","Black Leather","false","assembly_unpublished_or_unsellable","CP18-415BlkLthr","CP18-415BlkLthr","","STATUS_DRAFT+NOT_PUBLISHED","false","https://www.bestbottles.com/product/slim-design-50-ml-glass-bottle-reducer-black-faux-leather-cap"
"GBSlm100RdcrBrwnLthr","Slim","100","Clear","18-415","Reducer","Brown Leather","false","assembly_unpublished_or_unsellable","CP18-415BrwnLthr","CP18-415BrwnLthr","","STATUS_DRAFT+NOT_PUBLISHED","false","https://www.bestbottles.com/product/slim-design-100-ml-glass-bottle-reducer-brown-faux-leather-cap"
"GBSlm100RdcrLBrwnLthr","Slim","100","Clear","18-415","Reducer","Light Brown Leather","false","assembly_unpublished_or_unsellable","CP18-415LBrwnLthr","CP18-415LBrwnLthr","","STATUS_DRAFT+NOT_PUBLISHED","false","https://www.bestbottles.com/product/slim-design-100-ml-glass-bottle-reducer-light-brown-faux-leather-cap"
"GBSlm100RdcrShnSl","Slim","100","Clear","18-415","Reducer","Shiny Silver","false","assembly_unpublished_or_unsellable","CP18-415ShnSl","CP18-415ShnSl","","STATUS_DRAFT+NOT_PUBLISHED","false","https://www.bestbottles.com/product/slim-design-100-ml-glass-bottle-reducer-shiny-silver-cap"
"GBSlm100RdcrMtSlTall","Slim","100","Clear","18-415","Reducer","Matte Silver","false","assembly_unpublished_or_unsellable","CP18-415MtSlTall","CP18-415MtSlTall","","STATUS_DRAFT+NOT_PUBLISHED","false","https://www.bestbottles.com/product/slim-design-100-ml-glass-bottle-reducer-tall-silver-matte-cap"
"GBSlm100RdcrMtSl","Slim","100","Clear","18-415","Reducer","Matte Silver","false","assembly_unpublished_or_unsellable","CP18-415MtSl","CP18-415MtSl","","STATUS_DRAFT+NOT_PUBLISHED","false","https://www.bestbottles.com/product/slim-design-100-ml-glass-bottle-reducer-silver-matte-cap"
"GBSlm100RdcrWht","Slim","100","Clear","18-415","Reducer","White","false","assembly_unpublished_or_unsellable","CP18-415Wh","CP18-415Wh","","STATUS_DRAFT+NOT_PUBLISHED","false","https://www.bestbottles.com/product/slim-design-100-ml-glass-bottle-reducer-white-cap"
"GBSlm100RdcrBlkLthr","Slim","100","Clear","18-415","Reducer","Black Leather","false","assembly_unpublished_or_unsellable","CP18-415BlkLthr","CP18-415BlkLthr","","STATUS_DRAFT+NOT_PUBLISHED","false","https://www.bestbottles.com/product/slim-design-100-ml-glass-bottle-reducer-black-faux-leather-cap"
"GBSlm50AnSpBlk","Slim","50","Clear","18-415","Vintage Bulb Sprayer","Black","false","media_or_configuration_invalid","AnSp18-415Blk","AnSp18-415Blk","","","false","https://www.bestbottles.com/product/slim-design-50-ml-glass-bottle-black-vintage-style-bulb-sprayer-shiny-silver-collar-cap"
"GBSlm50AnSpTslBlk","Slim","50","Clear","18-415","Vintage Bulb Sprayer with Tassel","Black","false","media_or_configuration_invalid","AnSpTsl18-415Blk","AnSpTsl18-415Blk","","","false","https://www.bestbottles.com/product/slim-design-50-ml-glass-bottle-black-vintage-style-sprayer-with-tassel-shiny-silver-collar"
"GBSlm100SpryShnSl","Slim","100","Clear","18-415","Perfume Spray Pump","Shiny Silver","false","standalone_component_unpublished","","Spry18-415ShnSl","STATUS_DRAFT+NOT_PUBLISHED","","false","https://www.bestbottles.com/product/slim-design-100-ml-glass-bottle-shiny-silver-spray-and-cap"
"GBSlm100SpryShnGl","Slim","100","Clear","18-415","Perfume Spray Pump","Shiny Gold","false","standalone_component_unpublished","","Spry18-415ShnGl","STATUS_DRAFT+NOT_PUBLISHED","","false","https://www.bestbottles.com/product/slim-design-100-ml-glass-bottle-shiny-gold-spray-pump-and-cap"
"GBSlm100SpryMtSl","Slim","100","Clear","18-415","Perfume Spray Pump","Matte Silver","false","standalone_component_unpublished","","Spry18-415MtSl","STATUS_DRAFT+NOT_PUBLISHED","","false","https://www.bestbottles.com/product/slim-design-100-ml-glass-bottle-matte-silver-spray-pump-and-cap"
"GBSlm100SpryMtGl","Slim","100","Clear","18-415","Perfume Spray Pump","Matte Gold","false","standalone_component_unpublished","","Spry18-415MtGl","STATUS_DRAFT+NOT_PUBLISHED","","false","https://www.bestbottles.com/product/slim-design-100-ml-glass-bottle-matte-gold-spray-pump-and-cap"
"GBSlm100SpryShnBlk","Slim","100","Clear","18-415","Perfume Spray Pump","Shiny Black","false","standalone_component_unpublished","","Spry18-415ShnBlk","STATUS_DRAFT+NOT_PUBLISHED","","false","https://www.bestbottles.com/product/slim-design-100-ml-glass-bottle-shiny-black-spray-pump-and-cap"
"GBSlm30RdcrShnGl","Slim","30","Clear","18-415","Reducer","Shiny Gold","false","assembly_unpublished_or_unsellable","CP18-415ShnGl","CP18-415ShnGl","","STATUS_DRAFT+NOT_PUBLISHED","false","https://www.bestbottles.com/product/slim-design-30-ml-glass-bottle-reducer-shiny-gold-cap"
"GBSlm30RdcrShnBlkTall","Slim","30","Clear","18-415","Reducer","Shiny Black","false","assembly_unpublished_or_unsellable","CP18-415ShnBlkTall","CP18-415ShnBlkTall","","STATUS_DRAFT+NOT_PUBLISHED","false","https://www.bestbottles.com/product/slim-design-30-ml-glass-bottle-reducer-tall-black-shiny-cap"
"GBSlm30RdcrShnBlk","Slim","30","Clear","18-415","Reducer","Shiny Black","false","exact_component_unresolved | assembly_unpublished_or_unsellable","","","","STATUS_DRAFT+NOT_PUBLISHED","false","https://www.bestbottles.com/product/slim-design-30-ml-glass-bottle-reducer-black-shiny-cap"
"GBSlm30RdcrBrwnLthr","Slim","30","Clear","18-415","Reducer","Brown Leather","false","assembly_unpublished_or_unsellable","CP18-415BrwnLthr","CP18-415BrwnLthr","","STATUS_DRAFT+NOT_PUBLISHED","false","https://www.bestbottles.com/product/slim-design-30-ml-glass-bottle-reducer-brown-faux-leather-cap"
"GBSlm30RdcrLBrwnLthr","Slim","30","Clear","18-415","Reducer","Light Brown Leather","false","assembly_unpublished_or_unsellable","CP18-415LBrwnLthr","CP18-415LBrwnLthr","","STATUS_DRAFT+NOT_PUBLISHED","false","https://www.bestbottles.com/product/slim-design-30-ml-glass-bottle-reducer-light-brown-faux-leather-cap"
"GBSlm30RdcrShnSl","Slim","30","Clear","18-415","Reducer","Shiny Silver","false","assembly_unpublished_or_unsellable","CP18-415ShnSl","CP18-415ShnSl","","STATUS_DRAFT+NOT_PUBLISHED","false","https://www.bestbottles.com/product/slim-design-30-ml-glass-bottle-reducer-shiny-silver-cap"
"GBSlm30RdcrMtSlTall","Slim","30","Clear","18-415","Reducer","Matte Silver","false","assembly_unpublished_or_unsellable","CP18-415MtSlTall","CP18-415MtSlTall","","STATUS_DRAFT+NOT_PUBLISHED","false","https://www.bestbottles.com/product/slim-design-30-ml-glass-bottle-reducer-tall-silver-matte-cap"
"GBSlm100AnSpBlk","Slim","100","Clear","18-415","Vintage Bulb Sprayer","Black","false","media_or_configuration_invalid","AnSp18-415Blk","AnSp18-415Blk","","","false","https://www.bestbottles.com/product/slim-design-100-ml-glass-bottle-black-vintage-style-bulb-sprayer-shiny-silver-collar-cap"
"GBSlm30RdcrMtSl","Slim","30","Clear","18-415","Reducer","Matte Silver","false","assembly_unpublished_or_unsellable","CP18-415MtSl","CP18-415MtSl","","STATUS_DRAFT+NOT_PUBLISHED","false","https://www.bestbottles.com/product/slim-design-30-ml-glass-bottle-reducer-silver-matte-cap"
"GBSlm100AnSpTslBlk","Slim","100","Clear","18-415","Vintage Bulb Sprayer with Tassel","Black","false","media_or_configuration_invalid","AnSpTsl18-415Blk","AnSpTsl18-415Blk","","","false","https://www.bestbottles.com/product/slim-design-100-ml-glass-bottle-black-vintage-style-sprayer-with-tassel-shiny-silver-collar"
"GBSlm30RdcrWht","Slim","30","Clear","18-415","Reducer","White","false","assembly_unpublished_or_unsellable","CP18-415Wh","CP18-415Wh","","STATUS_DRAFT+NOT_PUBLISHED","false","https://www.bestbottles.com/product/slim-design-30-ml-glass-bottle-reducer-white-cap"
"GBSlm30RdcrPnkLthr","Slim","30","Clear","18-415","Reducer","Pink Leather","false","assembly_unpublished_or_unsellable","CP18-415LPnkLthr","CP18-415LPnkLthr","","STATUS_DRAFT+NOT_PUBLISHED","false","https://www.bestbottles.com/product/slim-design-30-ml-glass-bottle-reducer-pink-faux-leather-cap"
"GBSlm30RdcrIvyLthr","Slim","30","Clear","18-415","Reducer","Ivory Leather","false","assembly_unpublished_or_unsellable","CP18-415LIvyLthr","CP18-415LIvyLthr","","STATUS_DRAFT+NOT_PUBLISHED","false","https://www.bestbottles.com/product/slim-design-30-ml-glass-bottle-reducer-ivory-faux-leather-cap"
"LBSlm30LtnShnBlk","Slim","30","Clear","18-415","Lotion Pump","Shiny Black","false","standalone_component_unpublished","","Ltn18-415ShnBlk","STATUS_DRAFT+NOT_PUBLISHED","","false","https://www.bestbottles.com/product/slim-design-30-ml-glass-bottle-shiny-black-lotion-pump-and-cap"
"LBSlm30LtnShnGl","Slim","30","Clear","18-415","Lotion Pump","Shiny Gold","false","standalone_component_unpublished","","Ltn18-415ShnGl","STATUS_DRAFT+NOT_PUBLISHED","","false","https://www.bestbottles.com/product/slim-design-30-ml-glass-bottle-shiny-gold-lotion-pump-and-cap"
"LBSlm30LtnMtSl","Slim","30","Clear","18-415","Lotion Pump","Matte Silver","false","exact_component_unresolved","","","","","false","https://www.bestbottles.com/product/slim-design-30-ml-glass-bottle-matte-silver-lotion-pump-and-cap"
"LBSlm30LtnMtGl","Slim","30","Clear","18-415","Lotion Pump","Matte Gold","false","standalone_component_unpublished","","Ltn18-415MtGl","STATUS_DRAFT+NOT_PUBLISHED","","false","https://www.bestbottles.com/product/slim-design-30-ml-glass-bottle-matte-gold-lotion-pump-and-cap"
"LBSlm30LtnShnSl","Slim","30","Clear","18-415","Lotion Pump","Shiny Silver","false","standalone_component_unpublished","","Ltn18-415ShnSl","STATUS_DRAFT+NOT_PUBLISHED","","false","https://www.bestbottles.com/product/slim-design-30-ml-glass-bottle-shiny-silver-lotion-pump-and-cap"
"LBSlm30LtnCu","Slim","30","Clear","18-415","Lotion Pump","Copper","false","standalone_component_unpublished","","Ltn18-415Cu","STATUS_DRAFT+NOT_PUBLISHED","","false","https://www.bestbottles.com/product/slim-design-30-ml-glass-bottle-matte-copper-lotion-pump-and-cap"
"GBSlm30AnSpLvn","Slim","30","Clear","18-415","Vintage Bulb Sprayer","Lavender","false","media_or_configuration_invalid","AnSp18-415Lvn","AnSp18-415Lvn","","","false","https://www.bestbottles.com/product/slim-design-30-ml-glass-bottle-lavender-vintage-style-bulb-sprayer-shiny-silver-collar-cap"
"GBSlm30AnSpPnk","Slim","30","Clear","18-415","Vintage Bulb Sprayer","Pink","false","media_or_configuration_invalid","CP18-415AnSpPnk","CP18-415AnSpPnk","","","false","https://www.bestbottles.com/product/slim-design-30-ml-glass-bottle-pink-vintage-style-bulb-sprayer-shiny-gold-collar-cap"
"GBSlm30AnSpMtSl","Slim","30","Clear","18-415","Vintage Bulb Sprayer","Matte Silver","false","media_or_configuration_invalid","AnSp18-415MtSl","AnSp18-415MtSl","","","false","https://www.bestbottles.com/product/slim-design-30-ml-glass-bottle-matte-silver-vintage-style-sprayer-matte-silver-collar-cap"
"GBSlm30AnSpIvySl","Slim","30","Clear","18-415","Vintage Bulb Sprayer","Ivory Silver","false","media_or_configuration_invalid","AnSp18-415IvySl","AnSp18-415IvySl","","","false","https://www.bestbottles.com/product/slim-design-30-ml-glass-bottle-ivory-vintage-style-bulb-sprayer-shiny-silver-collar-cap"
"GBSlm30AnSpGl","Slim","30","Clear","18-415","Vintage Bulb Sprayer","Gold","false","media_or_configuration_invalid","AnSp18-415Gl","AnSp18-415Gl","","","false","https://www.bestbottles.com/product/slim-design-30-ml-glass-bottle-gold-vintage-style-sprayer-shiny-gold-collar-cap"
"GBSlm30AnSpIvyGl","Slim","30","Clear","18-415","Vintage Bulb Sprayer","Ivory Gold","false","media_or_configuration_invalid","AnSp18-415IvyGl","AnSp18-415IvyGl","","","false","https://www.bestbottles.com/product/slim-design-30-ml-glass-bottle-ivory-vintage-style-bulb-sprayer-shiny-gold-collar-cap"
"GBSlm30AnSpWht","Slim","30","Clear","18-415","Vintage Bulb Sprayer","White","false","media_or_configuration_invalid","AnSp18-415Wht","AnSp18-415Wht","","","false","https://www.bestbottles.com/product/slim-design-30-ml-glass-bottle-white-vintage-style-bulb-sprayer-shiny-silver-collar-cap"
"GBSlm30AnSpRed","Slim","30","Clear","18-415","Vintage Bulb Sprayer","Red","false","media_or_configuration_invalid","AnSp18-415Red","AnSp18-415Red","","","false","https://www.bestbottles.com/product/slim-design-30-ml-glass-bottle-red-vintage-style-bulb-sprayer-shiny-silver-collar-cap"
"LBSlm50LtnShnBlk","Slim","50","Clear","18-415","Lotion Pump","Shiny Black","false","standalone_component_unpublished","","Ltn18-415ShnBlk","STATUS_DRAFT+NOT_PUBLISHED","","false","https://www.bestbottles.com/product/slim-design-50-ml-glass-bottle-shiny-black-lotion-pump-and-cap"
"LBSlm50LtnShnGl","Slim","50","Clear","18-415","Lotion Pump","Shiny Gold","false","standalone_component_unpublished","","Ltn18-415ShnGl","STATUS_DRAFT+NOT_PUBLISHED","","false","https://www.bestbottles.com/product/slim-design-50-ml-glass-bottle-shiny-gold-lotion-pump-and-cap"
"LBSlm50LtnShnSl","Slim","50","Clear","18-415","Lotion Pump","Shiny Silver","false","standalone_component_unpublished","","Ltn18-415ShnSl","STATUS_DRAFT+NOT_PUBLISHED","","false","https://www.bestbottles.com/product/slim-design-50-ml-glass-bottle-shiny-silver-lotion-pump-and-cap"
"LBSlm50LtnMtGl","Slim","50","Clear","18-415","Lotion Pump","Matte Gold","false","standalone_component_unpublished","","Ltn18-415MtGl","STATUS_DRAFT+NOT_PUBLISHED","","false","https://www.bestbottles.com/product/slim-design-50-ml-glass-bottle-matte-gold-lotion-pump-and-cap"
"LBSlm50LtnMtSl","Slim","50","Clear","18-415","Lotion Pump","Matte Silver","false","exact_component_unresolved","","","","","false","https://www.bestbottles.com/product/slim-design-50-ml-glass-bottle-matte-silver-lotion-pump-and-cap"
"LBSlm50LtnCu","Slim","50","Clear","18-415","Lotion Pump","Copper","false","standalone_component_unpublished","","Ltn18-415Cu","STATUS_DRAFT+NOT_PUBLISHED","","false","https://www.bestbottles.com/product/slim-design-50-ml-glass-bottle-matte-copper-lotion-pump-and-cap"
"GBSlm50RdcrIvyLthr","Slim","50","Clear","18-415","Reducer","Ivory Leather","false","assembly_unpublished_or_unsellable","CP18-415LIvyLthr","CP18-415LIvyLthr","","STATUS_DRAFT+NOT_PUBLISHED","false","https://www.bestbottles.com/product/slim-design-50-ml-glass-bottle-reducer-ivory-faux-leather-cap"
"GBSlm50RdcrPnkLthr","Slim","50","Clear","18-415","Reducer","Pink Leather","false","assembly_unpublished_or_unsellable","CP18-415LPnkLthr","CP18-415LPnkLthr","","STATUS_DRAFT+NOT_PUBLISHED","false","https://www.bestbottles.com/product/slim-design-50-ml-glass-bottle-reducer-pink-faux-leather-cap"
"GBSlm50RdcrShnGl","Slim","50","Clear","18-415","Reducer","Shiny Gold","false","assembly_unpublished_or_unsellable","CP18-415ShnGl","CP18-415ShnGl","","STATUS_DRAFT+NOT_PUBLISHED","false","https://www.bestbottles.com/product/slim-design-50-ml-glass-bottle-reducer-shiny-gold-cap"
"GBSlm50RdcrShnBlkTall","Slim","50","Clear","18-415","Reducer","Shiny Black","false","assembly_unpublished_or_unsellable","CP18-415ShnBlkTall","CP18-415ShnBlkTall","","STATUS_DRAFT+NOT_PUBLISHED","false","https://www.bestbottles.com/product/slim-design-50-ml-glass-bottle-reducer-tall-black-shiny-cap"
"GBSlm50RdcrShnBlk","Slim","50","Clear","18-415","Reducer","Shiny Black","false","exact_component_unresolved | assembly_unpublished_or_unsellable","","","","STATUS_DRAFT+NOT_PUBLISHED","false","https://www.bestbottles.com/product/slim-design-50-ml-glass-bottle-reducer-black-shiny-cap"
"GBSlm50RdcrBrwnLthr","Slim","50","Clear","18-415","Reducer","Clear","false","assembly_unpublished_or_unsellable","CP18-415BrwnLthr","CP18-415BrwnLthr","","STATUS_DRAFT+NOT_PUBLISHED","false","https://www.bestbottles.com/product/slim-design-50-ml-glass-bottle-reducer-brown-faux-leather-cap"
"GBSlm50RdcrLBrwnLthr","Slim","50","Clear","18-415","Reducer","Light Brown Leather","false","assembly_unpublished_or_unsellable","CP18-415LBrwnLthr","CP18-415LBrwnLthr","","STATUS_DRAFT+NOT_PUBLISHED","false","https://www.bestbottles.com/product/slim-design-50-ml-glass-bottle-reducer-light-brown-faux-leather-cap"
"GBSlm50RdcrShnSl","Slim","50","Clear","18-415","Reducer","Shiny Silver","false","assembly_unpublished_or_unsellable","CP18-415ShnSl","CP18-415ShnSl","","STATUS_DRAFT+NOT_PUBLISHED","false","https://www.bestbottles.com/product/slim-design-50-ml-glass-bottle-reducer-shiny-silver-cap"
"GBSlm50RdcrMtSlTall","Slim","50","Clear","18-415","Reducer","Matte Silver","false","assembly_unpublished_or_unsellable","CP18-415MtSlTall","CP18-415MtSlTall","","STATUS_DRAFT+NOT_PUBLISHED","false","https://www.bestbottles.com/product/slim-design-50-ml-glass-bottle-reducer-tall-silver-matte-cap"
"GBSlm50RdcrMtSl","Slim","50","Clear","18-415","Reducer","Matte Silver","false","assembly_unpublished_or_unsellable","CP18-415MtSl","CP18-415MtSl","","STATUS_DRAFT+NOT_PUBLISHED","false","https://www.bestbottles.com/product/slim-design-50-ml-glass-bottle-reducer-silver-matte-cap"
"GBSlm50RdcrWht","Slim","50","Clear","18-415","Reducer","White","false","assembly_unpublished_or_unsellable","CP18-415Wh","CP18-415Wh","","STATUS_DRAFT+NOT_PUBLISHED","false","https://www.bestbottles.com/product/slim-design-50-ml-glass-bottle-reducer-white-cap"
"GBSlm30DrpCu","Slim","30","Clear","18-415","Dropper","Copper","false","media_or_configuration_invalid","Drp18-415Cu","Drp18-415Cu","","","false","https://www.bestbottles.com/product/slim-design-30-ml-glass-bottle-white-dropper-shiny-copper-collar-cap"
"GBSlm100AnSpPnk","Slim","100","Clear","18-415","Vintage Bulb Sprayer","Pink","false","media_or_configuration_invalid","CP18-415AnSpPnk","CP18-415AnSpPnk","","","false","https://www.bestbottles.com/product/slim-design-100-ml-glass-bottle-pink-vintage-style-bulb-sprayer-shiny-gold-collar-cap"
"GBSlm100AnSpIvyGl","Slim","100","Clear","18-415","Vintage Bulb Sprayer","Ivory Gold","false","media_or_configuration_invalid","AnSp18-415IvyGl","AnSp18-415IvyGl","","","false","https://www.bestbottles.com/product/slim-design-100-ml-glass-bottle-ivory-vintage-style-bulb-sprayer-shiny-gold-collar-cap"
"GBSlm100AnSpLvn","Slim","100","Clear","18-415","Vintage Bulb Sprayer","Lavender","false","media_or_configuration_invalid","AnSp18-415Lvn","AnSp18-415Lvn","","","false","https://www.bestbottles.com/product/slim-design-100-ml-glass-bottle-lavender-vintage-style-bulb-sprayer-shiny-silver-collar-cap"
"GBSlm100AnSpGl","Slim","100","Clear","18-415","Vintage Bulb Sprayer","Gold","false","media_or_configuration_invalid","AnSp18-415Gl","AnSp18-415Gl","","","false","https://www.bestbottles.com/product/slim-design-100-ml-glass-bottle-gold-vintage-style-sprayer-shiny-gold-collar-cap"
"GBSlm100AnSpIvySl","Slim","100","Clear","18-415","Vintage Bulb Sprayer","Ivory Silver","false","media_or_configuration_invalid","AnSp18-415IvySl","AnSp18-415IvySl","","","false","https://www.bestbottles.com/product/slim-design-100-ml-glass-bottle-ivory-vintage-style-bulb-sprayer-shiny-silver-collar-cap"
"GBSlm100AnSpRed","Slim","100","Clear","18-415","Vintage Bulb Sprayer","Red","false","media_or_configuration_invalid","AnSp18-415Red","AnSp18-415Red","","","false","https://www.bestbottles.com/product/slim-design-100-ml-glass-bottle-red-vintage-style-bulb-sprayer-shiny-silver-collar-cap"
"GBSlm100AnSpMtSl","Slim","100","Clear","18-415","Vintage Bulb Sprayer","Matte Silver","false","media_or_configuration_invalid","AnSp18-415MtSl","AnSp18-415MtSl","","","false","https://www.bestbottles.com/product/slim-design-100-ml-glass-bottle-matte-silver-vintage-style-sprayer-matte-silver-collar-cap"
"GBSlm100AnSpWht","Slim","100","Clear","18-415","Vintage Bulb Sprayer","White","false","media_or_configuration_invalid","AnSp18-415Wht","AnSp18-415Wht","","","false","https://www.bestbottles.com/product/slim-design-100-ml-glass-bottle-white-vintage-style-bulb-sprayer-shiny-silver-collar-cap"
"GBSlm100AnSpTslPnk","Slim","100","Clear","18-415","Vintage Bulb Sprayer with Tassel","Pink","false","media_or_configuration_invalid","AnSpTsl18-415Pnk","AnSpTsl18-415Pnk","","","false","https://www.bestbottles.com/product/slim-design-100-ml-glass-bottle-pink-vintage-style-sprayer-with-tassel-shiny-gold-collar"
"GBSlm100AnSpTslGl","Slim","100","Clear","18-415","Vintage Bulb Sprayer with Tassel","Gold","false","media_or_configuration_invalid","CP18-415AnSpTslGl","CP18-415AnSpTslGl","","","false","https://www.bestbottles.com/product/slim-design-100-ml-glass-bottle-gold-vintage-style-sprayer-with-tassel-shiny-gold-collar"
"GBSlm100AnSpTslIvyGl","Slim","100","Clear","18-415","Vintage Bulb Sprayer with Tassel","Ivory Gold","false","media_or_configuration_invalid","AnSpTsl18-415IvyGl","AnSpTsl18-415IvyGl","","","false","https://www.bestbottles.com/product/slim-design-100-ml-glass-bottle-ivory-vintage-style-sprayer-with-tassel-shiny-gold-collar"
"GBSlm100AnSpTslIvySl","Slim","100","Clear","18-415","Vintage Bulb Sprayer with Tassel","Ivory Silver","false","media_or_configuration_invalid","AnSpTsl18-415IvySl","AnSpTsl18-415IvySl","","","false","https://www.bestbottles.com/product/slim-design-100-ml-glass-bottle-ivory-vintage-style-sprayer-with-tassel-shiny-silver-collar"
"GBSlm100AnSpTslLvn","Slim","100","Clear","18-415","Vintage Bulb Sprayer with Tassel","Lavender","false","media_or_configuration_invalid","AnSpTsl18-415Lvn","AnSpTsl18-415Lvn","","","false","https://www.bestbottles.com/product/slim-design-100-ml-glass-bottle-lavender-vintage-style-sprayer-with-tassel-shiny-silver-collar"
"GBSlm100AnSpTslRed","Slim","100","Clear","18-415","Vintage Bulb Sprayer with Tassel","Red","false","media_or_configuration_invalid","AnSpTsl18-415Red","AnSpTsl18-415Red","","","false","https://www.bestbottles.com/product/slim-design-100-ml-glass-bottle-red-vintage-style-sprayer-with-tassel-shiny-silver-collar"
"GBSlm100AnSpTslWht","Slim","100","Clear","18-415","Vintage Bulb Sprayer with Tassel","White","false","media_or_configuration_invalid","AnSpTsl18-415Wht","AnSpTsl18-415Wht","","","false","https://www.bestbottles.com/product/slim-design-100-ml-glass-bottle-white-vintage-style-sprayer-with-tassel-shiny-silver-collar"
"GBSlm100AnSpTslMtSl","Slim","100","Clear","18-415","Vintage Bulb Sprayer with Tassel","Matte Silver","false","media_or_configuration_invalid","AnSpTsl18-415MtS","AnSpTsl18-415MtS","","","false","https://www.bestbottles.com/product/slim-design-100-ml-glass-bottle-matte-silver-vintage-style-sprayer-with-tassel-matte-silver-collar"
"LBSlm30LtnClOvrCap","Slim","30","Clear","18-415","Lotion Pump","Clear Overcap","false","exact_component_unresolved","","","","","false","https://www.bestbottles.com/product/slim-design-30-ml-glass-bottle-clear-over-the-cap-lotion-pump-matte-silver-collar-cap"
"LBSlm50LtnClOvrCap","Slim","50","Clear","18-415","Lotion Pump","Clear Overcap","false","exact_component_unresolved","","","","","false","https://www.bestbottles.com/product/slim-design-50-ml-glass-bottle-clear-over-the-cap-lotion-pump-matte-silver-collar-cap"
"LBSlm100LtnShnSl","Slim","100","Clear","18-415","Lotion Pump","Shiny Silver","false","standalone_component_unpublished","","Ltn18-415ShnSl","STATUS_DRAFT+NOT_PUBLISHED","","false","https://www.bestbottles.com/product/slim-design-100-ml-glass-bottle-shiny-silver-lotion-pump-and-cap"
"LBSlm100LtnShnGl","Slim","100","Clear","18-415","Lotion Pump","Shiny Gold","false","standalone_component_unpublished","","Ltn18-415ShnGl","STATUS_DRAFT+NOT_PUBLISHED","","false","https://www.bestbottles.com/product/slim-design-100-ml-glass-bottle-shiny-gold-lotion-pump-and-cap"
"LBSlm100LtnShnBlk","Slim","100","Clear","18-415","Lotion Pump","Shiny Black","false","standalone_component_unpublished","","Ltn18-415ShnBlk","STATUS_DRAFT+NOT_PUBLISHED","","false","https://www.bestbottles.com/product/slim-design-100-ml-glass-bottle-shiny-black-lotion-pump-and-cap"
"LBSlm100LtnMtGl","Slim","100","Clear","18-415","Lotion Pump","Matte Gold","false","standalone_component_unpublished","","Ltn18-415MtGl","STATUS_DRAFT+NOT_PUBLISHED","","false","https://www.bestbottles.com/product/slim-design-100-ml-glass-bottle-matte-gold-lotion-pump-and-cap"
"LBSlm100LtnMtSl","Slim","100","Clear","18-415","Lotion Pump","Matte Silver","false","exact_component_unresolved","","","","","false","https://www.bestbottles.com/product/slim-design-100-ml-glass-bottle-matte-silver-lotion-pump-and-cap"
"LBSlm100MtSlClOvrCap","Slim","100","Clear","18-415","Lotion Pump","Matte Silver","false","exact_component_unresolved","","","","","false","https://www.bestbottles.com/product/slim-design-100-ml-glass-bottle-clear-over-the-cap-lotion-pump-matte-silver-collar-cap"
"GBSqr15MtlRollBlkSh","Square","15","Clear","13-415","Metal Roller Ball","Shiny Black","false","media_or_configuration_invalid","CPRoll13-415BlkSh","CPRoll13-415BlkSh","","","false","https://www.bestbottles.com/product/square-design-15-ml-glass-bottle-metal-roller-ball-plug-black-shiny-cap"
"GBSqr15MtlRollCuMatt","Square","15","Clear","13-415","Metal Roller Ball","Matte Copper","false","media_or_configuration_invalid","CPRoll13-415Cu","CPRoll13-415Cu","","","false","https://www.bestbottles.com/product/square-design-15-ml-glass-bottle-metal-roller-ball-plug-matte-copper-cap"
"GBSqr15MtlRollGlMatt","Square","15","Clear","13-415","Metal Roller Ball","Matte Gold","false","media_or_configuration_invalid","CPRoll13-415GlMt","CPRoll13-415GlMt","","","false","https://www.bestbottles.com/product/square-design-15-ml-glass-bottle-metal-roller-ball-plug-matte-gold-cap"
"GBSqr15MtlRollGlSh","Square","15","Clear","13-415","Metal Roller Ball","Shiny Gold","false","media_or_configuration_invalid","CPRoll13-415GlSh","CPRoll13-415GlSh","","","false","https://www.bestbottles.com/product/square-design-15-ml-glass-bottle-metal-roller-ball-plug-shiny-gold-cap"
"GBSqr15MtlRollPinkDot","Square","15","Clear","13-415","Metal Roller Ball","Pink Dotted","false","media_or_configuration_invalid","CPRoll13-415PinkDot","CPRoll13-415PinkDot","","","false","https://www.bestbottles.com/product/square-design-15-ml-glass-bottle-metal-roller-ball-plug-pink-cap-with-dots"
"GBSqr15MtlRollSlDot","Square","15","Clear","13-415","Metal Roller Ball","Silver Dotted","false","media_or_configuration_invalid","CPRoll13-415SlDot","CPRoll13-415SlDot","","","false","https://www.bestbottles.com/product/square-design-15-ml-glass-bottle-metal-roller-ball-plug-silver-cap-with-dots"
"GBSqr15MtlRollSlMatt","Square","15","Clear","13-415","Metal Roller Ball","Matte Silver","false","media_or_configuration_invalid","CPRoll13-415SlMt","CPRoll13-415SlMt","","","false","https://www.bestbottles.com/product/square-design-15-ml-glass-bottle-metal-roller-ball-plug-matte-silver-cap"
"GBSqr15MtlRollSlSh","Square","15","Clear","13-415","Metal Roller Ball","Shiny Silver","false","media_or_configuration_invalid","CPRoll13-415SlSh","CPRoll13-415SlSh","","","false","https://www.bestbottles.com/product/square-design-15-ml-glass-bottle-metal-roller-ball-plug-shiny-silver-cap"
"GBSqr15RollSlSh","Square","15","Clear","13-415","Plastic Roller Ball","Shiny Silver","false","media_or_configuration_invalid","CPRoll13-415SlSh","CPRoll13-415SlSh","","","false","https://www.bestbottles.com/product/square-design-15-ml-glass-bottle-plastic-roller-ball-plug-shiny-silver-cap"
"GBSqr15RollGlSh","Square","15","Clear","13-415","Plastic Roller Ball","Shiny Gold","false","media_or_configuration_invalid","CPRoll13-415GlSh","CPRoll13-415GlSh","","","false","https://www.bestbottles.com/product/square-design-15-ml-glass-bottle-plastic-roller-ball-plug-shiny-gold-cap"
"GBSqr15RollBlkSh","Square","15","Clear","13-415","Plastic Roller Ball","Shiny Black","false","media_or_configuration_invalid","CPRoll13-415BlkSh","CPRoll13-415BlkSh","","","false","https://www.bestbottles.com/product/square-design-15-ml-glass-bottle-plastic-roller-ball-plug-black-shiny-cap"
"GBSqr15RollCuMatt","Square","15","Clear","13-415","Plastic Roller Ball","Matte Copper","false","media_or_configuration_invalid","CPRoll13-415Cu","CPRoll13-415Cu","","","false","https://www.bestbottles.com/product/square-design-15-ml-glass-bottle-plastic-roller-ball-plug-matte-copper-cap"
"GBSqr15RollGlMatt","Square","15","Clear","13-415","Plastic Roller Ball","Matte Gold","false","media_or_configuration_invalid","CPRoll13-415GlMt","CPRoll13-415GlMt","","","false","https://www.bestbottles.com/product/square-design-15-ml-glass-bottle-plastic-roller-ball-plug-matte-gold-cap"
"GBSqr15RollPinkDot","Square","15","Clear","13-415","Plastic Roller Ball","Pink Dotted","false","media_or_configuration_invalid","CPRoll13-415PinkDot","CPRoll13-415PinkDot","","","false","https://www.bestbottles.com/product/square-design-15-ml-glass-bottle-plastic-roller-ball-plug-pink-cap-with-dots"
"GBSqr15RollSlDot","Square","15","Clear","13-415","Plastic Roller Ball","Silver Dotted","false","media_or_configuration_invalid","CPRoll13-415SlDot","CPRoll13-415SlDot","","","false","https://www.bestbottles.com/product/square-design-15-ml-glass-bottle-plastic-roller-ball-plug-silver-cap-with-dots"
"GBSqr15RollSlMatt","Square","15","Clear","13-415","Plastic Roller Ball","Matte Silver","false","media_or_configuration_invalid","CPRoll13-415SlMt","CPRoll13-415SlMt","","","false","https://www.bestbottles.com/product/square-design-15-ml-glass-bottle-plastic-roller-ball-plug-matte-silver-cap"
"GBSqr15BlkSht","Square","15","Clear","13-415","","Clear","false","media_or_configuration_invalid","CP13-415BlkSht","CP13-415BlkSht","","","false","https://www.bestbottles.com/product/square-design-15-ml-glass-bottle-short-black-cap"
"GBSqr15Gl","Square","15","Clear","13-415","","Gold","false","media_or_configuration_invalid","CP13-415Gl","CP13-415Gl","","","false","https://www.bestbottles.com/product/square-design-15-ml-glass-bottle-shiny-gold-cap"
"GBSqr15Sl","Square","15","Clear","13-415","","Silver","false","media_or_configuration_invalid","CP13-415Sl","CP13-415Sl","","","false","https://www.bestbottles.com/product/square-design-15-ml-glass-bottle-shiny-silver-cap"
"GBSqr15WhtSht","Square","15","Clear","13-415","","White","false","media_or_configuration_invalid","CP13-415WhtSht","CP13-415WhtSht","","","false","https://www.bestbottles.com/product/square-design-15-ml-glass-bottle-short-white-cap"
"GBSqr15RollBlkDot","Square","15","Clear","13-415","Plastic Roller Ball","Black Dotted","false","media_or_configuration_invalid","CPRoll13-415BlackDot","CPRoll13-415BlackDot","","","false","https://www.bestbottles.com/product/square-design-15-ml-glass-bottle-plastic-roller-ball-plug-black-shiny-cap-with-dots"
"GBSqr15MtlRollBlkDot","Square","15","Clear","13-415","Metal Roller Ball","Black Dotted","false","media_or_configuration_invalid","CPRoll13-415BlackDot","CPRoll13-415BlackDot","","","false","https://www.bestbottles.com/product/square-design-15-ml-glass-bottle-metal-roller-ball-plug-black-shiny-cap-with-dots"
"GBSqr15SpryBlkSh","Square","15","Clear","13-415","Fine Mist Sprayer","Shiny Black","false","standalone_component_unpublished","","CP13-415SpryBlkSh","STATUS_DRAFT+NOT_PUBLISHED","","false","https://www.bestbottles.com/product/square-design-15-ml-glass-bottle-shiny-black-spray"
"GBSqr15SpryGlSh","Square","15","Clear","13-415","Fine Mist Sprayer","Shiny Gold","false","standalone_component_unpublished","","CP13-415SpryGlSh","STATUS_DRAFT+NOT_PUBLISHED","","false","https://www.bestbottles.com/product/square-design-15-ml-glass-bottle-shiny-gold-spray"
"GBSqr15SprySlMatt","Square","15","Clear","13-415","Fine Mist Sprayer","Matte Silver","false","standalone_component_unpublished","","CP13-415SprySlMt","STATUS_DRAFT+NOT_PUBLISHED","","false","https://www.bestbottles.com/product/square-design-15-ml-glass-bottle-matte-silver-spray"
"GBSqr15SprySlSh","Square","15","Clear","13-415","Fine Mist Sprayer","Shiny Silver","false","standalone_component_unpublished","","CP13-415SprySlSh","STATUS_DRAFT+NOT_PUBLISHED","","false","https://www.bestbottles.com/product/square-design-15-ml-glass-bottle-shiny-silver-spray"
"GBSqr15SpryBluMatt","Square","15","Clear","13-415","Fine Mist Sprayer","Matte Blue","false","standalone_component_unpublished","","CP13-415SpryBluMt","STATUS_DRAFT+NOT_PUBLISHED","","false","https://www.bestbottles.com/product/square-design-15-ml-glass-bottle-matte-blue-spray"
"GBSqr15SpryCuMatt","Square","15","Clear","13-415","Fine Mist Sprayer","Matte Copper","false","standalone_component_unpublished","","CP13-415SpryCuMt","STATUS_DRAFT+NOT_PUBLISHED","","false","https://www.bestbottles.com/product/square-design-15-ml-glass-bottle-matte-copper-spray"
"GBSqr15SpryGlMatt","Square","15","Clear","13-415","Fine Mist Sprayer","Matte Gold","false","standalone_component_unpublished","","CP13-415SpryGlMt","STATUS_DRAFT+NOT_PUBLISHED","","false","https://www.bestbottles.com/product/square-design-15-ml-glass-bottle-matte-gold-spray"
"GBSqr15GlSht","Square","15","Clear","13-415","","Shiny Gold","false","exact_component_unresolved","","","","","false",""
"GBSqr15CuSht","Square","15","Clear","13-415","","Matte Copper","false","exact_component_unresolved","","","","","false",""
"GBSqr15GlMattSht","Square","15","Clear","13-415","","Matte Gold","false","exact_component_unresolved","","","","","false",""
"GBSqr15SlMattSht","Square","15","Clear","13-415","","Matte Silver","false","exact_component_unresolved","","","","","false",""
"GBSqr15BlkShSht","Square","15","Clear","13-415","","Shiny Black","false","exact_component_unresolved","","","","","false",""
"GBTulipAmb5SpryBlkMatt","Tulip","5","Amber","13-415","Fine Mist Sprayer","Matte Black","false","standalone_component_unpublished","","CP13-415SpryBlkMt","STATUS_DRAFT+NOT_PUBLISHED","","false","https://www.bestbottles.com/product/tulip-design-5-ml-amber-glass-bottle-matte-black-spray"
"GBTulipAmb5Gl","Tulip","5","Amber","13-415","","Gold","false","media_or_configuration_invalid","CP13-415Gl","CP13-415Gl","","","false","https://www.bestbottles.com/product/tulip-design-5-ml-amber-glass-bottle-shiny-gold-cap"
"GBTulipAmb5Sl","Tulip","5","Amber","13-415","","Silver","false","media_or_configuration_invalid","CP13-415Sl","CP13-415Sl","","","false","https://www.bestbottles.com/product/tulip-design-5-ml-amber-glass-bottle-shiny-silver-cap"
"GBTulipAmb5WhtSht","Tulip","5","Amber","13-415","","White","false","media_or_configuration_invalid","CP13-415WhtSht","CP13-415WhtSht","","","false","https://www.bestbottles.com/product/tulip-design-5-ml-amber-glass-bottle-short-white-cap"
"GBTulip6Gl","Tulip","6","Clear","13-415","","Gold","false","media_or_configuration_invalid","CP13-415Gl","CP13-415Gl","","","false","https://www.bestbottles.com/product/tulip-design-6ml-bottle-shiny-gold-cap"
"GBTulip6Sl","Tulip","6","Clear","13-415","","Silver","false","media_or_configuration_invalid","CP13-415Sl","CP13-415Sl","","","false","https://www.bestbottles.com/product/tulip-design-6ml-bottle-shiny-silver-cap"
"GBTulip6WhtSht","Tulip","6","Clear","13-415","","White","false","media_or_configuration_invalid","CP13-415WhtSht","CP13-415WhtSht","","","false","https://www.bestbottles.com/product/tulip-design-6ml-bottle-short-white-cap"
"GBTulipAmb5MtlRollCuMatt","Tulip","5","Amber","13-415","Metal Roller Ball","Matte Copper","false","media_or_configuration_invalid","CPRoll13-415Cu","CPRoll13-415Cu","","","false","https://www.bestbottles.com/product/tulip-design-5-ml-amber-glass-bottle-metal-roller-ball-plug-matte-copper-cap"
"GBTulipAmb5MtlRollGlMatt","Tulip","5","Amber","13-415","Metal Roller Ball","Matte Gold","false","media_or_configuration_invalid","CPRoll13-415GlMt","CPRoll13-415GlMt","","","false","https://www.bestbottles.com/product/tulip-design-5-ml-amber-glass-bottle-metal-roller-ball-plug-matte-gold-cap"
"GBTulipAmb5MtlRollGlSh","Tulip","5","Amber","13-415","Metal Roller Ball","Shiny Gold","false","media_or_configuration_invalid","CPRoll13-415GlSh","CPRoll13-415GlSh","","","false","https://www.bestbottles.com/product/tulip-design-5-ml-amber-glass-bottle-metal-roller-ball-plug-shiny-gold-cap"
"GBTulipAmb5MtlRollPinkDot","Tulip","5","Amber","13-415","Metal Roller Ball","Pink Dotted","false","media_or_configuration_invalid","CPRoll13-415PinkDot","CPRoll13-415PinkDot","","","false","https://www.bestbottles.com/product/tulip-design-5-ml-amber-glass-bottle-metal-roller-ball-plug-pink-cap-with-dots"
"GBTulipAmb5MtlRollSlDot","Tulip","5","Amber","13-415","Metal Roller Ball","Silver Dotted","false","media_or_configuration_invalid","CPRoll13-415SlDot","CPRoll13-415SlDot","","","false","https://www.bestbottles.com/product/tulip-design-5-ml-amber-glass-bottle-metal-roller-ball-plug-silver-cap-with-dots"
"GBTulipAmb5MtlRollSlMatt","Tulip","5","Amber","13-415","Metal Roller Ball","Matte Silver","false","media_or_configuration_invalid","CPRoll13-415SlMt","CPRoll13-415SlMt","","","false","https://www.bestbottles.com/product/tulip-design-5-ml-amber-glass-bottle-metal-roller-ball-plug-matte-silver-cap"
"GBTulipAmb5MtlRollSlSh","Tulip","5","Amber","13-415","Metal Roller Ball","Shiny Silver","false","media_or_configuration_invalid","CPRoll13-415SlSh","CPRoll13-415SlSh","","","false","https://www.bestbottles.com/product/tulip-design-5-ml-amber-glass-bottle-metal-roller-ball-plug-shiny-silver-cap"
"GBTulipAmb5MtlRollBlkSh","Tulip","5","Amber","13-415","Metal Roller Ball","Shiny Black","false","media_or_configuration_invalid","CPRoll13-415BlkSh","CPRoll13-415BlkSh","","","false","https://www.bestbottles.com/product/tulip-design-5-ml-amber-glass-bottle-metal-roller-ball-plug-black-shiny-cap"
"GBTulip6MtlRollBlkSh","Tulip","6","Clear","13-415","Metal Roller Ball","Shiny Black","false","media_or_configuration_invalid","CPRoll13-415BlkSh","CPRoll13-415BlkSh","","","false","https://www.bestbottles.com/product/tulip-design-6ml-bottle-metal-roller-ball-plug-black-shiny-cap"
"GBTulip6MtlRollCuMatt","Tulip","6","Clear","13-415","Metal Roller Ball","Matte Copper","false","media_or_configuration_invalid","CPRoll13-415Cu","CPRoll13-415Cu","","","false","https://www.bestbottles.com/product/tulip-design-6ml-bottle-metal-roller-ball-plug-matte-copper-cap"
"GBTulip6MtlRollGlMatt","Tulip","6","Clear","13-415","Metal Roller Ball","Matte Gold","false","media_or_configuration_invalid","CPRoll13-415GlMt","CPRoll13-415GlMt","","","false","https://www.bestbottles.com/product/tulip-design-6ml-bottle-metal-roller-ball-plug-matte-gold-cap"
"GBTulip6MtlRollGlSh","Tulip","6","Clear","13-415","Metal Roller Ball","Shiny Gold","false","media_or_configuration_invalid","CPRoll13-415GlSh","CPRoll13-415GlSh","","","false","https://www.bestbottles.com/product/tulip-design-6ml-bottle-metal-roller-ball-plug-shiny-gold-cap"
"GBTulip6MtlRollPinkDot","Tulip","6","Clear","13-415","Metal Roller Ball","Pink Dotted","false","media_or_configuration_invalid","CPRoll13-415PinkDot","CPRoll13-415PinkDot","","","false","https://www.bestbottles.com/product/tulip-design-6ml-bottle-metal-roller-ball-plug-pink-cap-with-dots"
"GBTulip6MtlRollSlDot","Tulip","6","Clear","13-415","Metal Roller Ball","Silver Dotted","false","media_or_configuration_invalid","CPRoll13-415SlDot","CPRoll13-415SlDot","","","false","https://www.bestbottles.com/product/tulip-design-6ml-bottle-metal-roller-ball-plug-silver-cap-with-dots"
"GBTulipAmb5SpryBlkSh","Tulip","5","Amber","13-415","Fine Mist Sprayer","Shiny Black","false","standalone_component_unpublished","","CP13-415SpryBlkSh","STATUS_DRAFT+NOT_PUBLISHED","","false","https://www.bestbottles.com/product/tulip-design-5-ml-amber-glass-bottle-shiny-black-spray"
"GBTulipAmb5RollBlkDot","Tulip","5","Amber","13-415","Plastic Roller Ball","Black Dotted","false","media_or_configuration_invalid","CPRoll13-415BlackDot","CPRoll13-415BlackDot","","","false","https://www.bestbottles.com/product/tulip-design-5-ml-amber-glass-bottle-plastic-roller-ball-plug-black-shiny-cap-with-dots"
"GBTulip6MtlRollSlMatt","Tulip","6","Clear","13-415","Metal Roller Ball","Matte Silver","false","media_or_configuration_invalid","CPRoll13-415SlMt","CPRoll13-415SlMt","","","false","https://www.bestbottles.com/product/tulip-design-6ml-bottle-metal-roller-ball-plug-matte-silver-cap"
"GBTulipAmb5SpryBluMatt","Tulip","5","Amber","13-415","Fine Mist Sprayer","Matte Blue","false","standalone_component_unpublished","","CP13-415SpryBluMt","STATUS_DRAFT+NOT_PUBLISHED","","false","https://www.bestbottles.com/product/tulip-design-5-ml-amber-glass-bottle-matte-blue-spray"
"GBTulip6RollBlkDot","Tulip","6","Clear","13-415","Plastic Roller Ball","Black Dotted","false","media_or_configuration_invalid","CPRoll13-415BlackDot","CPRoll13-415BlackDot","","","false","https://www.bestbottles.com/product/tulip-design-6ml-bottle-plastic-roller-ball-plug-black-shiny-cap-with-dots"
"GBTulip6MtlRollSlSh","Tulip","6","Clear","13-415","Metal Roller Ball","Shiny Silver","false","media_or_configuration_invalid","CPRoll13-415SlSh","CPRoll13-415SlSh","","","false","https://www.bestbottles.com/product/tulip-design-6ml-bottle-metal-roller-ball-plug-shiny-silver-cap"
"GBTulipAmb5SpryCuMatt","Tulip","5","Amber","13-415","Fine Mist Sprayer","Matte Copper","false","standalone_component_unpublished","","CP13-415SpryCuMt","STATUS_DRAFT+NOT_PUBLISHED","","false","https://www.bestbottles.com/product/tulip-design-5-ml-amber-glass-bottle-matte-copper-spray"
"GBTulipAmb5SpryGlMatt","Tulip","5","Amber","13-415","Fine Mist Sprayer","Matte Gold","false","standalone_component_unpublished","","CP13-415SpryGlMt","STATUS_DRAFT+NOT_PUBLISHED","","false","https://www.bestbottles.com/product/tulip-design-5-ml-amber-glass-bottle-matte-gold-spray"
"GBTulipAmb5SpryGlSh","Tulip","5","Amber","13-415","Fine Mist Sprayer","Shiny Gold","false","standalone_component_unpublished","","CP13-415SpryGlSh","STATUS_DRAFT+NOT_PUBLISHED","","false","https://www.bestbottles.com/product/tulip-design-5-ml-amber-glass-bottle-shiny-gold-spray"
"GBTulipAmb5SprySlMatt","Tulip","5","Amber","13-415","Fine Mist Sprayer","Matte Silver","false","standalone_component_unpublished","","CP13-415SprySlMt","STATUS_DRAFT+NOT_PUBLISHED","","false","https://www.bestbottles.com/product/tulip-design-5-ml-amber-glass-bottle-matte-silver-spray"
"GBTulipAmb5SprySlSh","Tulip","5","Amber","13-415","Fine Mist Sprayer","Shiny Silver","false","standalone_component_unpublished","","CP13-415SprySlSh","STATUS_DRAFT+NOT_PUBLISHED","","false","https://www.bestbottles.com/product/tulip-design-5-ml-amber-glass-bottle-shiny-silver-spray"
"GBTulip6SpryBlkSh","Tulip","6","Clear","13-415","Fine Mist Sprayer","Shiny Black","false","standalone_component_unpublished","","CP13-415SpryBlkSh","STATUS_DRAFT+NOT_PUBLISHED","","false","https://www.bestbottles.com/product/tulip-design-6ml-bottle-shiny-black-spray"
"GBTulip6SpryBluMatt","Tulip","6","Clear","13-415","Fine Mist Sprayer","Matte Blue","false","standalone_component_unpublished","","CP13-415SpryBluMt","STATUS_DRAFT+NOT_PUBLISHED","","false","https://www.bestbottles.com/product/tulip-design-6ml-bottle-matte-blue-spray"
"GBTulip6SpryCuMatt","Tulip","6","Clear","13-415","Fine Mist Sprayer","Matte Copper","false","standalone_component_unpublished","","CP13-415SpryCuMt","STATUS_DRAFT+NOT_PUBLISHED","","false","https://www.bestbottles.com/product/tulip-design-6ml-bottle-matte-copper-spray"
"GBTulip6SpryGlMatt","Tulip","6","Clear","13-415","Fine Mist Sprayer","Matte Gold","false","standalone_component_unpublished","","CP13-415SpryGlMt","STATUS_DRAFT+NOT_PUBLISHED","","false","https://www.bestbottles.com/product/tulip-design-6ml-bottle-matte-gold-spray"
"GBTulip6SpryGlSh","Tulip","6","Clear","13-415","Fine Mist Sprayer","Shiny Gold","false","standalone_component_unpublished","","CP13-415SpryGlSh","STATUS_DRAFT+NOT_PUBLISHED","","false","https://www.bestbottles.com/product/tulip-design-6ml-bottle-shiny-gold-spray"
"GBTulip6SprySlMatt","Tulip","6","Clear","13-415","Fine Mist Sprayer","Matte Silver","false","standalone_component_unpublished","","CP13-415SprySlMt","STATUS_DRAFT+NOT_PUBLISHED","","false","https://www.bestbottles.com/product/tulip-design-6ml-bottle-matte-silver-spray"
"GBTulip6SprySlSh","Tulip","6","Clear","13-415","Fine Mist Sprayer","Shiny Silver","false","standalone_component_unpublished","","CP13-415SprySlSh","STATUS_DRAFT+NOT_PUBLISHED","","false","https://www.bestbottles.com/product/tulip-design-6ml-bottle-shiny-silver-spray"
"GBTulipAmb5RollBlkSh","Tulip","5","Amber","13-415","Plastic Roller Ball","Shiny Black","false","media_or_configuration_invalid","CPRoll13-415BlkSh","CPRoll13-415BlkSh","","","false","https://www.bestbottles.com/product/tulip-design-5-ml-amber-glass-bottle-plastic-roller-ball-plug-black-shiny-cap"
"GBTulipAmb5RollCuMatt","Tulip","5","Amber","13-415","Plastic Roller Ball","Matte Copper","false","media_or_configuration_invalid","CPRoll13-415Cu","CPRoll13-415Cu","","","false","https://www.bestbottles.com/product/tulip-design-5-ml-amber-glass-bottle-plastic-roller-ball-plug-matte-copper-cap"
"GBTulipAmb5RollGlMatt","Tulip","5","Amber","13-415","Plastic Roller Ball","Matte Gold","false","media_or_configuration_invalid","CPRoll13-415GlMt","CPRoll13-415GlMt","","","false","https://www.bestbottles.com/product/tulip-design-5-ml-amber-glass-bottle-plastic-roller-ball-plug-matte-gold-cap"
"GBTulipAmb5RollPinkDot","Tulip","5","Amber","13-415","Plastic Roller Ball","Pink Dotted","false","media_or_configuration_invalid","CPRoll13-415PinkDot","CPRoll13-415PinkDot","","","false","https://www.bestbottles.com/product/tulip-design-5-ml-amber-glass-bottle-plastic-roller-ball-plug-pink-cap-with-dots"
"GBTulipAmb5RollSlDot","Tulip","5","Amber","13-415","Plastic Roller Ball","Silver Dotted","false","media_or_configuration_invalid","CPRoll13-415SlDot","CPRoll13-415SlDot","","","false","https://www.bestbottles.com/product/tulip-design-5-ml-amber-glass-bottle-plastic-roller-ball-plug-silver-cap-with-dots"
"GBTulipAmb5RollSlMatt","Tulip","5","Amber","13-415","Plastic Roller Ball","Matte Silver","false","media_or_configuration_invalid","CPRoll13-415SlMt","CPRoll13-415SlMt","","","false","https://www.bestbottles.com/product/tulip-design-5-ml-amber-glass-bottle-plastic-roller-ball-plug-matte-silver-cap"
"GBTulipAmb5RollSlSh","Tulip","5","Amber","13-415","Plastic Roller Ball","Shiny Silver","false","media_or_configuration_invalid","CPRoll13-415SlSh","CPRoll13-415SlSh","","","false","https://www.bestbottles.com/product/tulip-design-5-ml-amber-glass-bottle-plastic-roller-ball-plug-shiny-silver-cap"
"GBTulipAmb5MtlRollBlkDot","Tulip","5","Amber","13-415","Metal Roller Ball","Black Dotted","false","media_or_configuration_invalid","CPRoll13-415BlackDot","CPRoll13-415BlackDot","","","false","https://www.bestbottles.com/product/tulip-design-5-ml-amber-glass-bottle-metal-roller-ball-plug-black-shiny-cap-with-dots"
"GBTulipAmb5RollGlSh","Tulip","5","Amber","13-415","Plastic Roller Ball","Shiny Gold","false","media_or_configuration_invalid","CPRoll13-415GlSh","CPRoll13-415GlSh","","","false","https://www.bestbottles.com/product/tulip-design-5-ml-amber-glass-bottle-plastic-roller-ball-plug-shiny-gold-cap"
"GBTulip6MtlRollBlkDot","Tulip","6","Clear","13-415","Metal Roller Ball","Black Dotted","false","media_or_configuration_invalid","CPRoll13-415BlackDot","CPRoll13-415BlackDot","","","false","https://www.bestbottles.com/product/tulip-design-6ml-bottle-metal-roller-ball-plug-black-shiny-cap-with-dots"
"GBTulip6RollBlkSh","Tulip","6","Clear","13-415","Plastic Roller Ball","Shiny Black","false","media_or_configuration_invalid","CPRoll13-415BlkSh","CPRoll13-415BlkSh","","","false","https://www.bestbottles.com/product/tulip-design-6ml-bottle-plastic-roller-ball-plug-black-shiny-cap"
"GBTulip6RollCuMatt","Tulip","6","Clear","13-415","Plastic Roller Ball","Matte Copper","false","media_or_configuration_invalid","CPRoll13-415Cu","CPRoll13-415Cu","","","false","https://www.bestbottles.com/product/tulip-design-6ml-bottle-plastic-roller-ball-plug-matte-copper-cap"
"GBTulip6RollGlMatt","Tulip","6","Clear","13-415","Plastic Roller Ball","Matte Gold","false","media_or_configuration_invalid","CPRoll13-415GlMt","CPRoll13-415GlMt","","","false","https://www.bestbottles.com/product/tulip-design-6ml-bottle-plastic-roller-ball-plug-matte-gold-cap"
"GBTulip6RollGlSh","Tulip","6","Clear","13-415","Plastic Roller Ball","Shiny Gold","false","media_or_configuration_invalid","CPRoll13-415GlSh","CPRoll13-415GlSh","","","false","https://www.bestbottles.com/product/tulip-design-6ml-bottle-plastic-roller-ball-plug-shiny-gold-cap"
"GBTulip6RollPinkDot","Tulip","6","Clear","13-415","Plastic Roller Ball","Pink Dotted","false","media_or_configuration_invalid","CPRoll13-415PinkDot","CPRoll13-415PinkDot","","","false","https://www.bestbottles.com/product/tulip-design-6ml-bottle-plastic-roller-ball-plug-pink-cap-with-dots"
"GBTulip6RollSlDot","Tulip","6","Clear","13-415","Plastic Roller Ball","Silver Dotted","false","media_or_configuration_invalid","CPRoll13-415SlDot","CPRoll13-415SlDot","","","false","https://www.bestbottles.com/product/tulip-design-6ml-bottle-plastic-roller-ball-plug-silver-cap-with-dots"
"GBTulip6RollSlMatt","Tulip","6","Clear","13-415","Plastic Roller Ball","Matte Silver","false","media_or_configuration_invalid","CPRoll13-415SlMt","CPRoll13-415SlMt","","","false","https://www.bestbottles.com/product/tulip-design-6ml-bottle-plastic-roller-ball-plug-matte-silver-cap"
"GBTulip6RollSlSh","Tulip","6","Clear","13-415","Plastic Roller Ball","Shiny Silver","false","media_or_configuration_invalid","CPRoll13-415SlSh","CPRoll13-415SlSh","","","false","https://www.bestbottles.com/product/tulip-design-6ml-bottle-plastic-roller-ball-plug-shiny-silver-cap"
"GBTulipAmb5BlkSht","Tulip","5","Amber","13-415","","Amber","false","media_or_configuration_invalid","CP13-415BlkSht","CP13-415BlkSht","","","false","https://www.bestbottles.com/product/tulip-design-5-ml-amber-glass-bottle-short-black-cap"
"GBTulip6BlkSht","Tulip","6","Clear","13-415","","Clear","false","media_or_configuration_invalid","CP13-415BlkSht","CP13-415BlkSht","","","false","https://www.bestbottles.com/product/tulip-design-6ml-bottle-short-black-cap"
"GBTulip6BlkShSht","Tulip","6","Clear","13-415","N/A","Clear","false","missing_bottle_component_links | exact_component_unresolved","","","","","false","https://www.bestbottles.com/product/tulip-design-6ml-bottle-short-shiny-black-cap"
"GBTulipAmb5CuSht","Tulip","5","Amber","13-415","","Matte Copper","false","exact_component_unresolved","","","","","false",""
"GBTulipAmb5GlMattSht","Tulip","5","Amber","13-415","","Matte Gold","false","exact_component_unresolved","","","","","false",""
"GBTulipAmb5SlMattSht","Tulip","5","Amber","13-415","","Matte Silver","false","exact_component_unresolved","","","","","false",""
"GBTulipAmb5BlkShSht","Tulip","5","Amber","13-415","","Shiny Black","false","exact_component_unresolved","","","","","false",""
"GBTulipAmb5GlSht","Tulip","5","Amber","13-415","","Shiny Gold","false","exact_component_unresolved","","","","","false",""
"GBTulipAmb5SlSht","Tulip","5","Amber","13-415","","Shiny Silver","false","exact_component_unresolved","","","","","false",""
"GBTulip6CuSht","Tulip","6","Clear","13-415","","Matte Copper","false","exact_component_unresolved","","","","","false",""
"GBTulip6GlMattSht","Tulip","6","Clear","13-415","","Matte Gold","false","exact_component_unresolved","","","","","false",""
"GBTulip6SlMattSht","Tulip","6","Clear","13-415","","Matte Silver","false","exact_component_unresolved","","","","","false",""
"GBTulip6GlSht","Tulip","6","Clear","13-415","","Shiny Gold","false","exact_component_unresolved","","","","","false",""
"GBTulip6SlSht","Tulip","6","Clear","13-415","","Shiny Silver","false","exact_component_unresolved","","","","","false",""
