grace_sku,neck_finish,capacity_ml,height_mm,height_capped_mm,diameter_mm,width_mm,depth_mm,page
Alu500,20-410,500.0,178.0,186.0,74.0,,,https_www_bestbottles_com_product_Aluminum_Bottle_Can_white_cap_500ml.html
GB15ApthBlue,,15.0,58.0,82.0,30.0,,,https_www_bestbottles_com_product_Apothecary_style_15_ml_blue_glass_bottle_blue_glass_stopper.html
GB1ozApthBlue,,30.0,,98.0,37.0,,,https_www_bestbottles_com_product_Apothecary_style_1_ounce_blue_glass_bottle_blue_glass_stopper.html
GB1ozApth,,30.0,,98.0,37.0,,,https_www_bestbottles_com_product_Apothecary_style_1_ounce_clear_glass_bottle_clear_glass_stopper.html
GB1ozApthGreen,,30.0,,98.0,37.0,,,https_www_bestbottles_com_product_Apothecary_style_1_ounce_green_glass_bottle_green_glass_stopper.html
GBPearClear4ozStpr,,118.0,,,,,,https_www_bestbottles_com_product_Apothecary_style_Clear_glass_cylindrical_4oz_glass_stopper.html
GBCB12ozPear,,355.0,,192.0,92.0,,,https_www_bestbottles_com_product_Apothecary_style_clear_glass_bottle_Pear_12oz_glass_bottle_stopper.html
GBEternalFlameBlue,,35.0,43.0,82.0,,63.0,,https_www_bestbottles_com_product_Blue_glass_perfume_bottle_container_eternal_flame_glass_stopper.html
GBBstnAmb1ozRollonShnBlk,20-400,30.0,78.0,97.0,33.0,,73.0,https_www_bestbottles_com_product_Boston_Round_Amber_Glass_Roll_on_Bottle_Shiny_Black_Cap_1oz.html
GBBstnAmb2ozRollonShnBlk,20-400,60.0,94.0,111.0,39.0,,88.0,https_www_bestbottles_com_product_Boston_Round_Amber_Glass_Roll_on_Bottle_Shiny_Black_Cap_2oz.html
GBBstnBlu2ozRollonShnBlk,20-400,60.0,94.0,111.0,39.0,,88.0,https_www_bestbottles_com_product_Boston_Round_Blue_Glass_Roll_on_Bottle_Black_Cap_2oz.html
GBBstnBlu1ozRollonShnBlk,20-400,30.0,78.0,97.0,33.0,,73.0,https_www_bestbottles_com_product_Boston_Round_Blue_Glass_Roll_on_Bottle_Shiny_Black_Cap_1oz.html
Box-4x4x4,,0.0,102.0,,,102.0,101.0,https_www_bestbottles_com_product_Brown_Shipping_Packaging_Box_4x4x4.html
Box-5x5x5,,0.0,127.0,,,127.0,127.0,https_www_bestbottles_com_product_Brown_Shipping_Packaging_Box_5x5x5.html
CP18-400ShortBlk,18-400,0.0,,11.0,21.0,,,https_www_bestbottles_com_product_Caps_lid_short_top_black_Color_18_400.html
CP18-400AppBlk,18-400,0.0,,45.0,21.0,,,https_www_bestbottles_com_product_Caps_lid_with_applicator_top_black_Color_8_425.html
CP13-415WhtSht,13-415,0.0,,32.0,17.0,,,https_www_bestbottles_com_product_Caps_lids_short_top_bottle_black_Color_13_415.html
CP13-415BlkSht,13-415,0.0,,10.0,17.0,,,https_www_bestbottles_com_product_Caps_lids_short_top_bottle_white_Color_13_415.html
CP20-4001ozShortBlk,20-400,0.0,,12.0,23.0,,,https_www_bestbottles_com_product_Caps_lids_top_bottle_black_Color_1oz_20_400.html
CP13-415Gl,13-415,0.0,,24.0,17.0,,,https_www_bestbottles_com_product_Caps_lids_top_bottle_shiny_gold_Color_13_415.html
CP15-415ShnGl,15-415,0.0,,32.0,19.0,,,https_www_bestbottles_com_product_Caps_lids_top_bottle_shiny_gold_Color_15_415.html
CP13-415Sl,13-415,0.0,,24.0,17.0,,,https_www_bestbottles_com_product_Caps_lids_top_bottle_shiny_silver_Color_13_415.html
CP15-415ShnSl,15-415,0.0,,32.0,19.0,,,https_www_bestbottles_com_product_Caps_lids_top_bottle_shiny_silver_Color_15_415.html
CPRoll13-415SlDot,13-415,0.0,,24.0,17.0,,,https_www_bestbottles_com_product_Caps_lids_top_roll_on_bottle_Black_Color_13_415.html
CpRoll17-415BlkDot,17-415,0.0,,27.0,19.0,,,https_www_bestbottles_com_product_Caps_lids_top_roll_on_bottle_Black_Dot_Color_17_415.html
CPRoll13-415BlackDot,13-415,0.0,,24.0,17.0,,,https_www_bestbottles_com_product_Caps_lids_top_roll_on_bottle_Black_dot_Color_13_415.html
CpRoll17-415Cu,17-415,0.0,,27.0,19.0,,,https_www_bestbottles_com_product_Caps_lids_top_roll_on_bottle_Matte_Copper_Color_17_415.html
CpRoll17-415MattGl,17-415,0.0,,27.0,19.0,,,https_www_bestbottles_com_product_Caps_lids_top_roll_on_bottle_Matte_Gold_Color_17_415.html
CpRoll17-415MattSl,17-415,0.0,,27.0,19.0,,,https_www_bestbottles_com_product_Caps_lids_top_roll_on_bottle_Matte_Silver_Color_17_415.html
CpRoll17-415PnkDot,17-415,0.0,,27.0,19.0,,,https_www_bestbottles_com_product_Caps_lids_top_roll_on_bottle_Pink_Dot_Color_17_415.html
CpRoll17-415ShnBlk,17-415,0.0,,27.0,19.0,,,https_www_bestbottles_com_product_Caps_lids_top_roll_on_bottle_Shiny_Black_Color_17_415.html
CpRoll17-415ShnGl,17-415,0.0,,27.0,19.0,,,https_www_bestbottles_com_product_Caps_lids_top_roll_on_bottle_Shiny_Gold_Color_17_415.html
CpRoll17-415ShnSl,17-415,0.0,,27.0,19.0,,,https_www_bestbottles_com_product_Caps_lids_top_roll_on_bottle_Shiny_Silver_Color_17_415.html
CpRoll17-415SlDot,17-415,0.0,,27.0,19.0,,,https_www_bestbottles_com_product_Caps_lids_top_roll_on_bottle_Silver_Dot_Color_17_415.html
CpRoll17-415White,17-415,0.0,,27.0,19.0,,,https_www_bestbottles_com_product_Caps_lids_top_roll_on_bottle_White_Color_17_415.html
CPRoll13-415Cu,13-415,0.0,,24.0,17.0,,,https_www_bestbottles_com_product_Caps_lids_top_roll_on_bottle_copper_Color_13_415.html
CPRoll20-400TallMattBlk,20-400,0.0,,35.0,23.0,,,https_www_bestbottles_com_product_Caps_lids_top_roll_on_bottle_matte_black_Color_20_400.html
CPRoll13-415GlMt,13-415,0.0,,24.0,17.0,,,https_www_bestbottles_com_product_Caps_lids_top_roll_on_bottle_matte_gold_Color_13_415.html
CPRoll20-400TallMattGl,20-400,0.0,,35.0,23.0,,,https_www_bestbottles_com_product_Caps_lids_top_roll_on_bottle_matte_gold_Color_20_400.html
CPRoll20-400TallMattSl,20-400,0.0,,35.0,23.0,,,https_www_bestbottles_com_product_Caps_lids_top_roll_on_bottle_matte_silver_Color_20_400.html
CPRoll13-415SlMt,13-415,0.0,,24.0,17.0,,,https_www_bestbottles_com_product_Caps_lids_top_roll_on_bottle_mattr_silver_Color_13_415.html
CPRoll13-415PinkDot,13-415,0.0,,24.0,17.0,,,https_www_bestbottles_com_product_Caps_lids_top_roll_on_bottle_pink_dot_Color_13_415.html
CPRoll13-415BlkSh,13-415,0.0,,24.0,17.0,,,https_www_bestbottles_com_product_Caps_lids_top_roll_on_bottle_shiny_Black_Color_13_415.html
CPRoll20-400TallShnBlk,20-400,0.0,,35.0,23.0,,,https_www_bestbottles_com_product_Caps_lids_top_roll_on_bottle_shiny_black_Color_20_400.html
CPRoll13-415GlSh,13-415,0.0,,24.0,17.0,,,https_www_bestbottles_com_product_Caps_lids_top_roll_on_bottle_shiny_gold_Color_13_415.html
CPRoll20-400TallShnGl,20-400,0.0,,35.0,23.0,,,https_www_bestbottles_com_product_Caps_lids_top_roll_on_bottle_shiny_gold_Color_20_400.html
CPRoll13-415SlSh,13-415,0.0,,24.0,17.0,,,https_www_bestbottles_com_product_Caps_lids_top_roll_on_bottle_shiny_silver_Color_13_415.html
CPRoll20-400TallShnSl,20-400,0.0,,35.0,23.0,,,https_www_bestbottles_com_product_Caps_lids_top_roll_on_bottle_shiny_silver_Color_20_400.html
CP18-415BlkLthr,18-415,0.0,,30.0,25.0,,,https_www_bestbottles_com_product_Caps_reducer_lids_top_bottle_black_leather_Color_18_415.html
CP18-415BrwnLthr,18-415,0.0,,30.0,25.0,,,https_www_bestbottles_com_product_Caps_reducer_lids_top_bottle_brown_leather_Color_18_415.html
CP18-415LIvyLthr,18-415,0.0,,30.0,25.0,,,https_www_bestbottles_com_product_Caps_reducer_lids_top_bottle_ivory_leather_Color_18_415.html
CP18-415LBrwnLthr,18-415,0.0,,30.0,25.0,,,https_www_bestbottles_com_product_Caps_reducer_lids_top_bottle_light_brown_leather_Color_18_415.html
CP18-415MtSl,18-415,0.0,,19.0,21.0,,,https_www_bestbottles_com_product_Caps_reducer_lids_top_bottle_matte_silver_18_415.html
CP18-415MtSlTall,18-415,0.0,,26.0,21.0,,,https_www_bestbottles_com_product_Caps_reducer_lids_top_bottle_matte_silver_tall_18_415.html
CP18-415LPnkLthr,18-415,0.0,,30.0,25.0,,,https_www_bestbottles_com_product_Caps_reducer_lids_top_bottle_pink_leather_Color_18_415.html
CP18-415ShnBlkTall,18-415,0.0,,26.0,21.0,,,https_www_bestbottles_com_product_Caps_reducer_lids_top_bottle_shiny_black_tall_18_415.html
CP18-415ShnGl,18-415,0.0,,19.0,21.0,,,https_www_bestbottles_com_product_Caps_reducer_lids_top_bottle_shiny_gold_Color_18_415.html
CP18-415ShnSl,18-415,0.0,,19.0,21.0,,,https_www_bestbottles_com_product_Caps_reducer_lids_top_bottle_shiny_silver_Color_18_415.html
CP18-415Wh,18-415,0.0,,19.0,21.0,,,https_www_bestbottles_com_product_Caps_reducer_lids_top_bottle_white_Color_18_415.html
CP8-425ShortWhite,8-425,0.0,,9.0,12.0,,,https_www_bestbottles_com_product_Caps_short_lid_top_White_Color_8_425.html
CP8-425ShortBlack,8-425,0.0,,9.0,12.0,,,https_www_bestbottles_com_product_Caps_short_lid_top_black_Color_8_425.html
CP8-425TallBlack,8-425,0.0,,16.0,11.0,,,https_www_bestbottles_com_product_Caps_tall_lid_top_black_Color_8_425.html
CP8-425TallShnGl,8-425,0.0,,16.0,11.0,,,https_www_bestbottles_com_product_Caps_tall_lid_top_shiny_gold_Color_8_425.html
CP8-425TallShnSl,8-425,0.0,,16.0,11.0,,,https_www_bestbottles_com_product_Caps_tall_lid_top_shiny_silver_Color_8_425.html
GBEternalFlameClear,,35.0,44.0,81.0,,63.0,,https_www_bestbottles_com_product_Clear_glass_perfume_Bottle_container_eternal_flame_glass_stopper.html
CJWhitePlsSlFr2oz,,63.0,,53.0,60.0,,,https_www_bestbottles_com_product_Cream_butter_balm_jar_container_Plastic_Frosted_white_silver_lid_2oz.html
CJFrstdPlsBlkPls2oz,,60.0,51.0,57.0,59.0,,,https_www_bestbottles_com_product_Cream_jar_Plastic_Frosted_Black_cap_2oz.html
Alu120mlLotionPumpBlack,20-410,120.0,114.0,147.0,45.0,,,https_www_bestbottles_com_product_Cylinder_shaped_brushed_aluminum_120ml_bottle_black_lotion_pump.html
Alu120mlLotionPumpWhite,20-410,120.0,114.0,147.0,45.0,,,https_www_bestbottles_com_product_Cylinder_shaped_brushed_aluminum_120ml_bottle_white_lotion_pump.html
Alu65mlLotionPumpBlack,20-410,65.0,94.0,127.0,36.0,,,https_www_bestbottles_com_product_Cylinder_shaped_brushed_aluminum_65ml_bottle_black_lotion_pump.html
Alu65mlLotionPumpWhite,20-410,65.0,94.0,127.0,36.0,,,https_www_bestbottles_com_product_Cylinder_shaped_brushed_aluminum_65ml_bottle_white_lotion_pump.html
Alu100mlSprayBlack,20-410,100.0,,150.0,50.0,,,https_www_bestbottles_com_product_Cylinder_shaped_matte_aluminum_100ml_bottle_black_sprayer.html
Alu250mlSprayblack,20-410,250.0,155.0,178.0,50.0,,,https_www_bestbottles_com_product_Cylinder_shaped_matte_aluminum_250ml_bottle_black_sprayer.html
Drp18-40015mlBlckBulb,18-400,0.0,,33.0,21.0,,,https_www_bestbottles_com_product_Dropper_black_rubber_bulb_black_trim_glass_Pipette_15ml.html
Drp18-40015mlShnGlTrimBlkBulb,18-400,0.0,,33.0,21.0,,,https_www_bestbottles_com_product_Dropper_black_rubber_bulb_gold_trim_glass_Pipette_15ml.html
Drp18-40015mlShnSlTrimBlkBulb,18-400,0.0,,33.0,21.0,,,https_www_bestbottles_com_product_Dropper_black_rubber_silver_trim_bulb_glass_Pipette_15ml.html
Drp20-4002ozBlckBulb,20-400,0.0,,32.0,22.0,,,https_www_bestbottles_com_product_Dropper_glass_Black_Rubber_Bulb_black_trim7x89.html
Drp20-4001ozBlckBulb,20-400,0.0,,32.0,22.0,,,https_www_bestbottles_com_product_Dropper_glass_Black_Rubber_Bulb_black_trim_7x76.html
Drp20-4001ozShnGlTrimBlkBulb,20-400,0.0,,33.0,23.0,,,https_www_bestbottles_com_product_Dropper_glass_Black_Rubber_Bulb_gold_trim_7x76.html
Drp20-4002ozShnGlTrimBlkBulb,20-400,0.0,,32.0,23.0,,,https_www_bestbottles_com_product_Dropper_glass_Black_Rubber_Bulb_gold_trim_7x89.html
Drp20-4001ozShnSlTrimBlkBulb,20-400,0.0,,33.0,23.0,,,https_www_bestbottles_com_product_Dropper_glass_Black_Rubber_Bulb_silver_trim_7x76.html
Drp20-4002ozShnSlTrimBlkBulb,20-400,0.0,,32.0,23.0,,,https_www_bestbottles_com_product_Dropper_glass_Black_Rubber_Bulb_silver_trim_7x89.html
Drp20-4002ozWhiteBulb,20-400,0.0,,32.0,22.0,,,https_www_bestbottles_com_product_Dropper_glass_White_Rubber_Bulb_white_trim_7x89.html
Drp20-4001ozlShnGlTrimWhiteBulb,20-400,0.0,,33.0,23.0,,,https_www_bestbottles_com_product_Dropper_glass_white_Rubber_Bulb_gold_trim7x76.html
Drp20-4002ozlShnGlTrimWhiteBulb,20-400,0.0,,32.0,23.0,,,https_www_bestbottles_com_product_Dropper_glass_white_Rubber_Bulb_gold_trim_7x89.html
Drp20-4001ozlShnSlTrimWhiteBulb,20-400,0.0,,33.0,23.0,,,https_www_bestbottles_com_product_Dropper_glass_white_Rubber_Bulb_silver_trim_7x76.html
Drp20-4002ozlShnSlTrimWhiteBulb,20-400,0.0,,32.0,23.0,,,https_www_bestbottles_com_product_Dropper_glass_white_Rubber_Bulb_silver_trim_7x89.html
Drp20-4001ozWhiteBulb,20-400,0.0,,32.0,22.0,,,https_www_bestbottles_com_product_Dropper_glass_white_Rubber_Bulb_white_trim_7x76.html
Drp18-415Gl,18-415,0.0,,39.0,23.0,,,https_www_bestbottles_com_product_Dropper_white_rubber_bulb_gold_trim_glass_Pipette.html
Drp18-40015mlShnGlTrimWhiteBulb,18-400,0.0,,33.0,21.0,,,https_www_bestbottles_com_product_Dropper_white_rubber_bulb_gold_trim_glass_Pipette_15ml.html
Drp18-415Sl,18-415,0.0,,39.0,23.0,,,https_www_bestbottles_com_product_Dropper_white_rubber_bulb_silver_trim_glass_Pipette.html
Drp18-40015mlShnSlTrimWhiteBulb,18-400,0.0,,33.0,21.0,,,https_www_bestbottles_com_product_Dropper_white_rubber_bulb_silver_trim_glass_Pipette_15ml.html
Drp18-40015mlWhiteBulb,18-400,0.0,,33.0,21.0,,,https_www_bestbottles_com_product_Dropper_white_rubber_bulb_white_trim_glass_Pipette_15ml.html
GBHeartFrst4KeyGld,,4.0,46.0,53.0,,32.0,12.0,https_www_bestbottles_com_product_Frosted_glass_small_heart_shaped_bottle_with_gold_key_chain.html
GBHeartFrst4TslRed,,4.0,46.0,53.0,,32.0,12.0,https_www_bestbottles_com_product_Frosted_glass_small_heart_shaped_bottle_with_red_tassel.html
FunnelMetalSl,,0.0,,28.0,25.0,,,https_www_bestbottles_com_product_Funnel_Small_Metal_Silver.html
FunnelMetalGl,,0.0,,28.0,25.0,,,https_www_bestbottles_com_product_Funnel_small_metal_Gold_color.html
GB1ozGenieBl,,32.0,77.0,105.0,42.0,,,https_www_bestbottles_com_product_Genie_style_Blue_glass_jar_cylindrical_1oz_glass_stopper.html
GB1ozGenieCl,,32.0,77.0,105.0,42.0,,,https_www_bestbottles_com_product_Genie_style_clear_glass_cylindrical_1oz_glass_stopper.html
BoxECreamMatteRctMed,,0.0,150.0,,,70.0,79.0,https_www_bestbottles_com_product_Gift_Box_Cream_butter_balm_color_3_1x2_75x5_9.html
BoxECreamMatteCube,,0.0,102.0,,,89.0,101.0,https_www_bestbottles_com_product_Gift_Box_Cream_butter_balm_color_4x3_5x4.html
BoxWhite101020,,0.0,51.0,,,25.0,25.0,https_www_bestbottles_com_product_Gift_Box_White_1x1x2.html
BoxBWndwBlueFthr,,0.0,89.0,,,38.0,38.0,https_www_bestbottles_com_product_Gift_box_B_small_window_Blue_feather.html
BoxBWndwGreenBrush,,0.0,89.0,,,38.0,38.0,https_www_bestbottles_com_product_Gift_box_B_small_window_Green_brush.html
BoxBWndwOrngShade,,0.0,89.0,,,38.0,38.0,https_www_bestbottles_com_product_Gift_box_B_small_window_Orange_Shade.html
BoxBWndwEarthBrush,,0.0,89.0,,,38.0,38.0,https_www_bestbottles_com_product_Gift_box_B_small_window_earth_brush.html
BoxCWndwBlueDots,,0.0,89.0,,,57.0,19.0,https_www_bestbottles_com_product_Gift_box_C_small_window_Blue_dots.html
BoxCWndwGrnShd,,0.0,89.0,,,57.0,19.0,https_www_bestbottles_com_product_Gift_box_C_small_window_Green_Shade.html
BoxCWndwGreenPrint,,0.0,89.0,,,57.0,19.0,https_www_bestbottles_com_product_Gift_box_C_small_window_Green_print.html
BoxCWndwSlvrSunFlwr,,0.0,89.0,,,57.0,19.0,https_www_bestbottles_com_product_Gift_box_C_small_window_Silver_Sunflower.html
BoxCWndwWhite,,0.0,89.0,,,57.0,19.0,https_www_bestbottles_com_product_Gift_box_C_small_window_white_color.html
GBSpry4mlClWh,,4.0,49.0,67.0,14.0,,,https_www_bestbottles_com_product_Glass_vial_sprayer_white_promotional_sample_size_4ml.html
GBEternalFlameGreen,,35.0,44.0,80.0,,63.0,,https_www_bestbottles_com_product_Green_glass_perfume_Bottle_container_eternal_flame_glass_stopper.html
LB1ozGl,,30.0,,,,,,https_www_bestbottles_com_product_Lotion_bottle_Gold_treatment_pump_cylinder_1oz.html
LB3mlClear,,3.0,,,,,,https_www_bestbottles_com_product_Lotion_bottle_Plastic_Clear_promotional_sample_size_3ml.html
LB1ozSl,,30.0,,,,,,https_www_bestbottles_com_product_Lotion_bottle_container_Silver_treatment_pump_cylinder_1oz.html
GB3TPlGl,,3.0,42.0,53.0,18.0,18.0,,https_www_bestbottles_com_product_Octagonal_style_3_ml_glass_bottle_shiny_gold_cap_red_bead.html
GB6TPlGl,,6.0,48.0,59.0,22.0,,,https_www_bestbottles_com_product_Octagonal_style_6_ml_glass_bottle_shiny_gold_cap_red_bead.html
OBagBlack4x6,,0.0,,144.0,,122.0,,https_www_bestbottles_com_product_Organza_Sheer_Bag_pouch_Black_4x6.html
OBagIvory4x6,,0.0,,144.0,,122.0,,https_www_bestbottles_com_product_Organza_Sheer_Gift_Bag_Ivory_4x6.html
OBagPink4x6,,0.0,,144.0,,122.0,,https_www_bestbottles_com_product_Organza_Sheer_Gift_Bag_Pink_4x6.html
OBagBlack5x8,,0.0,,197.0,,145.0,,https_www_bestbottles_com_product_Organza_Sheer_Gift_Bag_Pouch_Black_5x8.html
OBagGold4x6,,0.0,,144.0,,122.0,,https_www_bestbottles_com_product_Organza_Sheer_Gift_Bag_Pouch_Gold_4x6.html
OBagGold5x8,,0.0,,197.0,,145.0,,https_www_bestbottles_com_product_Organza_Sheer_Gift_Bag_Pouch_Gold_5x8.html
OBagChGreen5x8,,0.0,,197.0,,145.0,,https_www_bestbottles_com_product_Organza_Sheer_Gift_Bag_Pouch_Green_4x6.html
OBagChGreen5x8,,0.0,,197.0,,145.0,,https_www_bestbottles_com_product_Organza_Sheer_Gift_Bag_Pouch_Green_5x8.html
OBagLavender5x8,,0.0,,197.0,,145.0,,https_www_bestbottles_com_product_Organza_Sheer_Gift_Bag_Pouch_Lavender_5x8.html
OBagLightPurple5x8,,0.0,,197.0,,145.0,,https_www_bestbottles_com_product_Organza_Sheer_Gift_Bag_Pouch_Light_Purple_5x8.html
OBagRed4x6,,0.0,,144.0,,122.0,,https_www_bestbottles_com_product_Organza_Sheer_Gift_Bag_Pouch_Red_4x6.html
OBagRed5x8,,0.0,,197.0,,145.0,,https_www_bestbottles_com_product_Organza_Sheer_Gift_Bag_Pouch_Red_5x8.html
OBagPurple4x6,,0.0,,144.0,,122.0,,https_www_bestbottles_com_product_Organza_Sheer_Gift_Bag_Purple_4x6.html
OBagSilver4x6,,0.0,,144.0,,122.0,,https_www_bestbottles_com_product_Organza_Sheer_Gift_Bag_Silver_4x6.html
GBSQSTBlue,,9.0,47.0,64.0,,24.0,,https_www_bestbottles_com_product_Perfume_small_Bottle_Jar_Rectangular_Blue_glass_stopper.html
GBSQSTClear,,9.0,47.0,64.0,,24.0,,https_www_bestbottles_com_product_Perfume_small_Bottle_Jar_Rectangular_Clear_glass_stopper.html
GBSQSTGREEN,,9.0,47.0,64.0,,24.0,,https_www_bestbottles_com_product_Perfume_small_Bottle_Jar_Rectangular_Green_glass_stopper.html
GBTrdpBlue,,9.0,43.0,68.0,,31.0,,https_www_bestbottles_com_product_Perfume_small_Bottle_Jar_Teardrop_Blue_glass_stopper.html
GBTRDPClear,,9.0,43.0,68.0,,31.0,,https_www_bestbottles_com_product_Perfume_small_Bottle_Jar_Teardrop_Clear_glass_stopper.html
GBTRDPGreen,,9.0,43.0,68.0,,31.0,,https_www_bestbottles_com_product_Perfume_small_Bottle_Jar_Teardrop_Green_glass_stopper.html
PB10SpryNat,,10.0,,,,,,https_www_bestbottles_com_product_Plastic_Bottle_Clear_Natural_sprayer_10ml.html
PB1ozSpryNat,13-415,30.0,,82.0,,,,https_www_bestbottles_com_product_Plastic_Bottle_container_Clear_Natural_sprayer_1oz.html
RecloseableBags3x4,,0.0,,,,,,https_www_bestbottles_com_product_Plastic_Reclosable_Bag_Clear_3x4.html
RecloseableBags12x15,,0.0,,,,,,https_www_bestbottles_com_product_Plastic_Reclosable_bag_Clear_12x15.html
RecloseableBags3x3,,0.0,,,,,,https_www_bestbottles_com_product_Plastic_Reclosable_bag_Clear_3x3.html
RecloseableBags4X5,,0.0,,,,,,https_www_bestbottles_com_product_Plastic_Reclosable_bag_Clear_4x5.html
RecloseableBags4X6,,0.0,,,,,,https_www_bestbottles_com_product_Plastic_Reclosable_bag_Clear_4x6.html
RecloseableBags4X8,,0.0,,,,,,https_www_bestbottles_com_product_Plastic_Reclosable_bag_Clear_4x8.html
RecloseableBags6x10,,0.0,,,,,,https_www_bestbottles_com_product_Plastic_Reclosable_bag_Clear_6x10.html
RecloseableBags2x10,,0.0,,,,,,https_www_bestbottles_com_product_Plastic_Reclosable_bag_Clear_Incense_2x10.html
RecloseableBags2x12,,0.0,,,,,,https_www_bestbottles_com_product_Plastic_Reclosable_bag_Clear_Incense_2x12.html
RecloseableBags3x12,,0.0,,,,,,https_www_bestbottles_com_product_Plastic_Reclosable_bag_Clear_Incense_3x12.html
PB1ozClearcap,13-415,30.0,68.0,85.0,,28.0,,https_www_bestbottles_com_product_Plastic_bottle_container_clear_Clear_cap_1oz.html
PB1ozSprySl,13-415,30.0,,,,,,https_www_bestbottles_com_product_Plastic_bottle_container_clear_Silver_sprayer_1oz.html
RecloseableBags4x12,,0.0,,,,,,https_www_bestbottles_com_product_Plastic_reclosable_Bag_Clear_4x12.html
GBMtlCylGl,,14.0,64.0,92.0,,32.0,,https_www_bestbottles_com_product_Royal_Cylindrical_decorative_Perfume_bottle_Gold_Metal_decoration_crystal_top_14ml.html
GBSpry3mlClBlk,,3.0,37.0,54.0,14.0,,,https_www_bestbottles_com_product_Sample_Promotional_Decant_Spray_clear_glass_vial_Black_Sprayer_3ml.html
GBSpry4mlClBlk,,4.0,49.0,67.0,14.0,,,https_www_bestbottles_com_product_Sample_Promotional_Decant_Spray_clear_glass_vial_Black_Sprayer_4ml.html
GBSpry3mlClWht,,3.0,37.0,54.0,14.0,,,https_www_bestbottles_com_product_Sample_Promotional_Decant_Spray_clear_glass_vial_White_Sprayer_3ml.html
13-415CpBlkShShtMtl,13-415,0.0,,17.0,17.0,,,https_www_bestbottles_com_product_Short_Caps_lids_top_bottle_shiny_black_Color_13_415.html
GBMtlMrblSmall,,5.0,66.0,87.0,,26.0,,https_www_bestbottles_com_product_Small_decorative_Perfume_bottle_marble_decoration_crystal_top.html
GBMtlMrblLarge,,10.0,80.0,102.0,,28.0,,https_www_bestbottles_com_product_Small_decorative_Perfume_bottle_marble_decoration_crystal_top_15ml.html
VBagBlack4x5,,0.0,,,,,,https_www_bestbottles_com_product_Small_velveteen_Black_gift_bag_pouch_4x5.html
VBagGreen4x5,,0.0,,,,,,https_www_bestbottles_com_product_Small_velveteen_Green_bag_pouch_4x5.html
VBagRed4x5,,0.0,,,,,,https_www_bestbottles_com_product_Small_velveteen_Red_gift_bag_pouch_4x5.html
GBSpry1ozGl,18-415,30.0,,,,,,https_www_bestbottles_com_product_Tube_Glass_Bottle_Sprayer_atomizer_Gold_1oz.html
GBSpry1ozSl,18-415,30.0,,,,,,https_www_bestbottles_com_product_Tube_Glass_Bottle_Sprayer_atomizer_Matte_Silver_1oz.html
VBagBlack4x3,,0.0,,,,,,https_www_bestbottles_com_product_Velveteen_gift_bag_Red_4x3.html
VBagBlue4x3,,0.0,,,,,,https_www_bestbottles_com_product_Velveteen_gift_bag_pouch_Blue_4x3.html
VBagGreen4x3,,0.0,,,,,,https_www_bestbottles_com_product_Velveteen_gift_bag_pouch_Green_4x3.html
VBagRed4x3,,0.0,,,,,,https_www_bestbottles_com_product_Velveteen_gift_bag_pouch_Red_4x3.html
GBVAmb1DrmBlkDropper,13-425,4.0,45.0,63.0,15.0,,,https_www_bestbottles_com_product_Vial_design_1_dram_amber_glass_black_dropper.html
GBVAmb1DrmBlackCapSht,13-425,4.0,45.0,47.0,15.0,,,https_www_bestbottles_com_product_Vial_design_1_dram_amber_glass_black_short_cap.html
GBVAmb1DrmWhtCapSht,13-425,4.0,45.0,47.0,15.0,,,https_www_bestbottles_com_product_Vial_design_1_dram_amber_glass_white_short_cap.html
GBVBlu1DrmBlkDropper,13-425,4.0,45.0,63.0,15.0,,,https_www_bestbottles_com_product_Vial_design_1_dram_blue_glass_black_dropper.html
GBVBlu1DrmBlackCapSht,13-425,4.0,45.0,47.0,15.0,,,https_www_bestbottles_com_product_Vial_design_1_dram_blue_glass_black_short_cap.html
GBVBlu1DrmWhtCapSht,13-425,4.0,45.0,47.0,15.0,,,https_www_bestbottles_com_product_Vial_design_1_dram_blue_glass_white_short_cap.html
GBV1DrmBlkDropper,13-425,4.0,45.0,47.0,15.0,,,https_www_bestbottles_com_product_Vial_design_1_dram_clear_glass_black_dropper.html
GBVial1DrmBlackCapSht,13-425,4.0,45.0,47.0,15.0,,,https_www_bestbottles_com_product_Vial_design_1_dram_clear_glass_black_short_cap.html
GBVial1DrmWhtCapSht,13-425,4.0,45.0,47.0,15.0,,,https_www_bestbottles_com_product_Vial_design_1_dram_clear_glass_white_short_cap.html
GBVGr1DrmBlkDropper,13-425,4.0,45.0,63.0,15.0,,,https_www_bestbottles_com_product_Vial_design_1_dram_green_glass_black_dropper.html
GBVGr1DrmBlackCapSht,13-425,4.0,45.0,47.0,15.0,,,https_www_bestbottles_com_product_Vial_design_1_dram_green_glass_black_short_cap.html
GBVGr1DrmWhtCapSht,13-425,4.0,45.0,47.0,15.0,,,https_www_bestbottles_com_product_Vial_design_1_dram_green_glass_white_short_cap.html
GBVAmb1o5WhtCapSht,13-425,2.0,22.0,24.0,16.0,,,https_www_bestbottles_com_product_Vial_design_1_o_5_ml_amber_glass_white_short_cap.html
GBVAmb2BlackCap,8-425,2.0,35.0,37.0,12.0,,,https_www_bestbottles_com_product_Vial_design_2_ml_amber_glass_short_black_cap.html
GBVAmb2WhtCap,8-425,2.0,35.0,37.0,12.0,,,https_www_bestbottles_com_product_Vial_design_2_ml_amber_glass_short_white_cap.html
GBVClr2mlBlackCap,8-425,2.0,35.0,37.0,12.0,,,https_www_bestbottles_com_product_Vial_design_2_ml_clear_glass_vial_short_black_cap.html
GBVClr2mlWhtCap,8-425,2.0,35.0,37.0,12.0,,,https_www_bestbottles_com_product_Vial_design_2_ml_clear_glass_vial_short_white_cap.html
GBVGreen2o4BlackCapSht,13-425,3.0,29.0,32.0,14.0,,,https_www_bestbottles_com_product_Vial_design_5_8_dram_green_glass_black_short_cap.html
GBVGreen2o4WhtCapSht,13-425,3.0,29.0,32.0,14.0,,,https_www_bestbottles_com_product_Vial_design_5_8_dram_green_glass_white_short_cap.html
GB09BlackCapApp,18-400,9.0,,50.0,20.0,,,https_www_bestbottles_com_product_Vial_design_9_ml_clear_glass_black_cap_with_glass_rod_applicator.html
GB09BlackCapSht,18-400,9.0,,47.0,21.0,,,https_www_bestbottles_com_product_Vial_design_9_ml_clear_glass_black_short_cap.html
GB1mlAmbVBlk,,1.0,35.0,44.0,8.0,,,https_www_bestbottles_com_product_Vial_style_1_ml_amber_glass_bottle_black_applicator.html
GB1mlAmbVialWht,,1.0,35.0,44.0,8.0,,,https_www_bestbottles_com_product_Vial_style_1_ml_amber_glass_bottle_white_applicator.html
GB1mlVBlk,,1.0,35.0,44.0,8.0,,,https_www_bestbottles_com_product_Vial_style_1_ml_glass_bottle_black_applicator.html
GB1mlVWht,,1.0,35.0,44.0,8.0,,,https_www_bestbottles_com_product_Vial_style_1_ml_glass_bottle_white_applicator.html
AnSp18-415Blk,18-415,0.0,,38.0,65.0,,,https_www_bestbottles_com_product_Vintage_antique_bulb_sprayer_Black.html
AnSpTsl18-415Blk,18-415,0.0,,36.0,21.0,,,https_www_bestbottles_com_product_Vintage_antique_bulb_sprayer_Black_Tassel.html
AnSp18-415Gl,18-415,0.0,,38.0,65.0,,,https_www_bestbottles_com_product_Vintage_antique_bulb_sprayer_gold.html
AnSpTsl18-415Gl,18-415,0.0,,36.0,21.0,,,https_www_bestbottles_com_product_Vintage_antique_bulb_sprayer_gold_Tassel.html
AnSp18-415IvyGl,18-415,0.0,,38.0,65.0,,,https_www_bestbottles_com_product_Vintage_antique_bulb_sprayer_ivory_gold.html
AnSpTsl18-415IvyGl,18-415,0.0,,36.0,21.0,,,https_www_bestbottles_com_product_Vintage_antique_bulb_sprayer_ivory_gold_Tassel.html
AnSp18-415IvySl,18-415,0.0,,38.0,65.0,,,https_www_bestbottles_com_product_Vintage_antique_bulb_sprayer_ivory_silver.html
AnSpTsl18-415IvySl,18-415,0.0,,36.0,21.0,,,https_www_bestbottles_com_product_Vintage_antique_bulb_sprayer_ivory_silver_Tassel.html
AnSp18-415Lvn,18-415,0.0,,38.0,65.0,,,https_www_bestbottles_com_product_Vintage_antique_bulb_sprayer_lavender.html
AnSpTsl18-415Lvn,18-415,0.0,,36.0,21.0,,,https_www_bestbottles_com_product_Vintage_antique_bulb_sprayer_lavender_Tassel.html
AnSp18-415MtSl,18-415,0.0,,38.0,65.0,,,https_www_bestbottles_com_product_Vintage_antique_bulb_sprayer_matte_silver.html
AnSpTsl18-415MtS,18-415,0.0,,36.0,21.0,,,https_www_bestbottles_com_product_Vintage_antique_bulb_sprayer_matte_silver_Tassel.html
AnSp18-415Pnk,18-415,0.0,,38.0,65.0,,,https_www_bestbottles_com_product_Vintage_antique_bulb_sprayer_pink.html
AnSpTsl18-415Pnk,18-415,0.0,,36.0,21.0,,,https_www_bestbottles_com_product_Vintage_antique_bulb_sprayer_pink_Tassel.html
AnSp18-415Red,18-415,0.0,,38.0,65.0,,,https_www_bestbottles_com_product_Vintage_antique_bulb_sprayer_red.html
AnSpTsl18-415Red,18-415,0.0,,36.0,21.0,,,https_www_bestbottles_com_product_Vintage_antique_bulb_sprayer_red_Tassel.html
AnSp18-415Wht,18-415,0.0,,38.0,65.0,,,https_www_bestbottles_com_product_Vintage_antique_bulb_sprayer_white.html
AnSpTsl18-415Wht,18-415,0.0,,36.0,21.0,,,https_www_bestbottles_com_product_Vintage_antique_bulb_sprayer_white_Tassel.html
GBBell10MtlRollBlkDot,13-415,10.0,55.0,66.0,27.0,,,https_www_bestbottles_com_product_bell_design_10_ml_glass_bottle_metal_roller_ball_plug_black_shiny_cap_with_dots.html
GBBell10RollBlkDot,13-415,10.0,55.0,66.0,27.0,,,https_www_bestbottles_com_product_bell_design_10_ml_glass_bottle_plastic_roller_ball_plug_black_shiny_cap_with_dots.html
GBBell10BlkShSht,13-415,10.0,55.0,59.0,27.0,,,https_www_bestbottles_com_product_bell_design_10_ml_glass_bottle_short_shiny_black_cap.html
GBAtom10Blk,,10.0,82.0,89.0,23.0,,,https_www_bestbottles_com_product_black_atomizer_design_10_ml_bottle.html
GBAtom10BlkDot,,10.0,82.0,89.0,23.0,,,https_www_bestbottles_com_product_black_atomizer_design_10_ml_bottle_dots.html
GBAtom5Blk,,5.0,76.0,81.0,18.0,,,https_www_bestbottles_com_product_black_atomizer_design_5_ml_bottle.html
GBAtom5SlimBlk,,5.0,92.0,104.0,15.0,,,https_www_bestbottles_com_product_black_slim_atomizer_design_5_ml_bottle.html
GBAtom10Blu,,10.0,82.0,89.0,23.0,,,https_www_bestbottles_com_product_blue_atomizer_design_10_ml_bottle.html
GBAtom5Blu,,5.0,76.0,81.0,18.0,,,https_www_bestbottles_com_product_blue_atomizer_design_5_ml_bottle.html
GBBstnAmb2ozBlkDropper,20-400,60.0,94.0,117.0,39.0,,88.0,https_www_bestbottles_com_product_boston_round_2_oz_amber_glass_bottle_black_dropper_black_cap.html
GBBstnAmb2ozBlkDropperShnGlTrim,20-400,60.0,94.0,117.0,39.0,,88.0,https_www_bestbottles_com_product_boston_round_2_oz_amber_glass_bottle_black_dropper_shiny_gold_trim_cap.html
GBBstnAmb2ozBlkDropperShnSlTrim,20-400,60.0,94.0,117.0,39.0,,88.0,https_www_bestbottles_com_product_boston_round_2_oz_amber_glass_bottle_black_dropper_shiny_silver_trim_cap.html
GBBstnAmb2ozMtlRollonMattBlk,20-400,60.0,94.0,111.0,39.0,,88.0,https_www_bestbottles_com_product_boston_round_2_oz_amber_glass_bottle_metal_roller_ball_matte_black_cap.html
GBBstnAmb2ozMtlRollonMattGl,20-400,60.0,94.0,111.0,39.0,,88.0,https_www_bestbottles_com_product_boston_round_2_oz_amber_glass_bottle_metal_roller_ball_matte_gold_cap.html
GBBstnAmb2ozMtlRollonMattSl,20-400,60.0,94.0,111.0,39.0,,88.0,https_www_bestbottles_com_product_boston_round_2_oz_amber_glass_bottle_metal_roller_ball_matte_silver_cap.html
GBBstnAmb2ozMtlRollonGl,20-400,60.0,94.0,111.0,39.0,,88.0,https_www_bestbottles_com_product_boston_round_2_oz_amber_glass_bottle_metal_roller_ball_shiny_gold_cap.html
GBBstnAmb2ozMtlRollonShnSl,20-400,60.0,94.0,111.0,39.0,,88.0,https_www_bestbottles_com_product_boston_round_2_oz_amber_glass_bottle_metal_roller_ball_shiny_silver_cap.html
GBBstnAmb2ozRollonMattBlk,20-400,60.0,94.0,111.0,39.0,,88.0,https_www_bestbottles_com_product_boston_round_2_oz_amber_glass_bottle_plastic_roller_ball_matte_black_cap.html
GBBstnAmb2ozRollonMattGl,20-400,60.0,94.0,111.0,39.0,,88.0,https_www_bestbottles_com_product_boston_round_2_oz_amber_glass_bottle_plastic_roller_ball_matte_gold_cap.html
GBBstnAmb2ozRollonMattSl,20-400,60.0,94.0,111.0,39.0,,88.0,https_www_bestbottles_com_product_boston_round_2_oz_amber_glass_bottle_plastic_roller_ball_matte_silver_cap.html
GBBstnAmb2ozRollonGl,20-400,60.0,94.0,111.0,39.0,,88.0,https_www_bestbottles_com_product_boston_round_2_oz_amber_glass_bottle_plastic_roller_ball_shiny_gold_cap.html
GBBstnAmb2ozRollonShnSl,20-400,60.0,94.0,111.0,39.0,,88.0,https_www_bestbottles_com_product_boston_round_2_oz_amber_glass_bottle_plastic_roller_ball_shiny_silver_cap.html
GBBstnAmb2ozBlkCapSht,20-400,60.0,94.0,110.0,39.0,,88.0,https_www_bestbottles_com_product_boston_round_2_oz_amber_glass_bottle_short_black_cap.html
GBBstnAmb2ozWhtDropper,20-400,60.0,94.0,117.0,39.0,,88.0,https_www_bestbottles_com_product_boston_round_2_oz_amber_glass_bottle_white_dropper.html
GBBstnAmb2ozWhtDropperShnGlTrim,20-400,60.0,94.0,117.0,39.0,,88.0,https_www_bestbottles_com_product_boston_round_2_oz_amber_glass_bottle_white_dropper_shiny_gold_trim_cap.html
GBBstnAmb2ozWhtDropperShnSlTrim,20-400,60.0,94.0,117.0,39.0,,88.0,https_www_bestbottles_com_product_boston_round_2_oz_amber_glass_bottle_white_dropper_shiny_silver_trim_cap.html
GBBstn2ozBlkDrp,20-400,60.0,94.0,117.0,39.0,,88.0,https_www_bestbottles_com_product_boston_round_2_oz_clear_glass_bottle_black_dropper.html
GBBstn2ozBlkDropperShnGlTrim,20-400,60.0,94.0,117.0,39.0,,88.0,https_www_bestbottles_com_product_boston_round_2_oz_clear_glass_bottle_black_dropper_shiny_gold_trim_cap.html
GBBstn2ozBlkDropperShnSlTrim,20-400,60.0,94.0,117.0,39.0,,88.0,https_www_bestbottles_com_product_boston_round_2_oz_clear_glass_bottle_black_dropper_shiny_silver_trim_cap.html
GBBstn2ozMtlRollonBlk,20-400,60.0,94.0,111.0,39.0,,88.0,https_www_bestbottles_com_product_boston_round_2_oz_clear_glass_bottle_metal_roller_ball_black_cap.html
GBBstn2ozMtlRollonMattBlk,20-400,60.0,94.0,111.0,39.0,,88.0,https_www_bestbottles_com_product_boston_round_2_oz_clear_glass_bottle_metal_roller_ball_matte_black_cap.html
GBBstn2ozMtlRollonMattGl,20-400,60.0,94.0,111.0,39.0,,88.0,https_www_bestbottles_com_product_boston_round_2_oz_clear_glass_bottle_metal_roller_ball_matte_gold_cap.html
GBBstn2ozMtlRollonMattSl,20-400,60.0,94.0,111.0,39.0,,88.0,https_www_bestbottles_com_product_boston_round_2_oz_clear_glass_bottle_metal_roller_ball_matte_silver_cap.html
GBBstn2ozMtlRollonGl,20-400,60.0,94.0,111.0,39.0,,88.0,https_www_bestbottles_com_product_boston_round_2_oz_clear_glass_bottle_metal_roller_ball_shiny_gold_cap.html
GBBstn2ozMtlRollonShnSl,20-400,60.0,94.0,111.0,39.0,,88.0,https_www_bestbottles_com_product_boston_round_2_oz_clear_glass_bottle_metal_roller_ball_shiny_silver_cap.html
GBBstn2ozRollonMattBlk,20-400,60.0,94.0,111.0,39.0,,88.0,https_www_bestbottles_com_product_boston_round_2_oz_clear_glass_bottle_plastic_roller_ball_matte_black_cap.html
GBBstn2ozRollonMattGl,20-400,60.0,94.0,111.0,39.0,,88.0,https_www_bestbottles_com_product_boston_round_2_oz_clear_glass_bottle_plastic_roller_ball_matte_gold_cap.html
GBBstn2ozRollonMattSl,20-400,60.0,94.0,111.0,39.0,,88.0,https_www_bestbottles_com_product_boston_round_2_oz_clear_glass_bottle_plastic_roller_ball_matte_silver_cap.html
GBBstn2ozRollonGl,20-400,60.0,94.0,111.0,39.0,,88.0,https_www_bestbottles_com_product_boston_round_2_oz_clear_glass_bottle_plastic_roller_ball_shiny_gold_cap.html
GBBstn2ozRollonShnSl,20-400,60.0,94.0,111.0,39.0,,88.0,https_www_bestbottles_com_product_boston_round_2_oz_clear_glass_bottle_plastic_roller_ball_shiny_silver_cap.html
GBBstn2ozBlkCapSht,20-400,60.0,94.0,110.0,39.0,,88.0,https_www_bestbottles_com_product_boston_round_2_oz_clear_glass_bottle_short_black_cap.html
GBBstn2ozWhtDropper,20-400,60.0,94.0,117.0,39.0,,88.0,https_www_bestbottles_com_product_boston_round_2_oz_clear_glass_bottle_white_dropper.html
GBBstn2ozWhtDropperShnGlTrim,20-400,60.0,94.0,117.0,39.0,,88.0,https_www_bestbottles_com_product_boston_round_2_oz_clear_glass_bottle_white_dropper_shiny_gold_trim_cap.html
GBBstn2ozWhtDropperShnSlTrim,20-400,60.0,94.0,117.0,39.0,,88.0,https_www_bestbottles_com_product_boston_round_2_oz_clear_glass_bottle_white_dropper_shiny_silver_trim_cap.html
GBBstnBlu2ozBlkDropper,20-400,60.0,94.0,110.0,39.0,,88.0,https_www_bestbottles_com_product_boston_round_2_oz_cobalt_blue_glass_bottle_black_dropper_black_cap.html
GBBstnBlu2ozBlkDropperShnGlTrim,20-400,60.0,94.0,110.0,39.0,,88.0,https_www_bestbottles_com_product_boston_round_2_oz_cobalt_blue_glass_bottle_black_dropper_shiny_silver_trim_cap.html
GBBstnBlu2ozMtlRollonMattBlk,20-400,60.0,94.0,111.0,39.0,,88.0,https_www_bestbottles_com_product_boston_round_2_oz_cobalt_blue_glass_bottle_metal_roller_ball_matte_black_cap.html
GBBstnBlu2ozMtlRollonMattGl,20-400,60.0,94.0,111.0,39.0,,88.0,https_www_bestbottles_com_product_boston_round_2_oz_cobalt_blue_glass_bottle_metal_roller_ball_matte_gold_cap.html
GBBstnBlu2ozMtlRollonMattSl,20-400,60.0,94.0,111.0,39.0,,88.0,https_www_bestbottles_com_product_boston_round_2_oz_cobalt_blue_glass_bottle_metal_roller_ball_matte_silver_cap.html
GBBstnBlu2ozMtlRollonGl,20-400,60.0,94.0,111.0,39.0,,88.0,https_www_bestbottles_com_product_boston_round_2_oz_cobalt_blue_glass_bottle_metal_roller_ball_shiny_gold_cap.html
GBBstnBlu2ozMtlRollonShnSl,20-400,60.0,94.0,111.0,39.0,,88.0,https_www_bestbottles_com_product_boston_round_2_oz_cobalt_blue_glass_bottle_metal_roller_ball_shiny_silver_cap.html
GBBstnBlu2ozRollonMattBlk,20-400,60.0,94.0,111.0,39.0,,88.0,https_www_bestbottles_com_product_boston_round_2_oz_cobalt_blue_glass_bottle_plastic_roller_ball_matte_black_cap.html
GBBstnBlu2ozRollonMattGl,20-400,60.0,94.0,111.0,39.0,,88.0,https_www_bestbottles_com_product_boston_round_2_oz_cobalt_blue_glass_bottle_plastic_roller_ball_matte_gold_cap.html
GBBstnBlu2ozRollonMattSl,20-400,60.0,94.0,111.0,39.0,,88.0,https_www_bestbottles_com_product_boston_round_2_oz_cobalt_blue_glass_bottle_plastic_roller_ball_matte_silver_cap.html
GBBstnBlu2ozRollonGl,20-400,60.0,94.0,111.0,39.0,,88.0,https_www_bestbottles_com_product_boston_round_2_oz_cobalt_blue_glass_bottle_plastic_roller_ball_shiny_gold_cap.html
GBBstnBlu2ozRollonShnSl,20-400,60.0,94.0,111.0,39.0,,88.0,https_www_bestbottles_com_product_boston_round_2_oz_cobalt_blue_glass_bottle_plastic_roller_ball_shiny_silver_cap.html
GBBstnBlu2ozBlkCapSht,20-400,60.0,94.0,110.0,39.0,,88.0,https_www_bestbottles_com_product_boston_round_2_oz_cobalt_blue_glass_bottle_short_black_cap.html
GBBstnBlu2ozWhtDropper,20-400,60.0,94.0,110.0,39.0,,88.0,https_www_bestbottles_com_product_boston_round_2_oz_cobalt_blue_glass_bottle_white_dropper.html
GBBstnBlu2ozWhtDropperShnGlTrim,20-400,60.0,94.0,110.0,39.0,,88.0,https_www_bestbottles_com_product_boston_round_2_oz_cobalt_blue_glass_bottle_white_dropper_shiny_gold_trim_cap.html
GBBstnBlu2ozWhtDropperShnSlTrim,20-400,60.0,94.0,110.0,39.0,,88.0,https_www_bestbottles_com_product_boston_round_2_oz_cobalt_blue_glass_bottle_white_dropper_shiny_silver_trim_cap.html
GBBstnAmb15mlBlkDropper,18-400,15.0,68.0,91.0,25.0,,,https_www_bestbottles_com_product_boston_round_design_15_ml_amber_glass_bottle_black_dropper.html
GBBstnAmb15mlBlkDropperGlTrim,18-400,15.0,68.0,91.0,25.0,,,https_www_bestbottles_com_product_boston_round_design_15_ml_amber_glass_bottle_black_dropper_shiny_gold_trim_cap.html
GBBstnAmb15mlBlkDropperSlTrim,18-400,15.0,68.0,91.0,25.0,,,https_www_bestbottles_com_product_boston_round_design_15_ml_amber_glass_bottle_black_dropper_shiny_silver_trim_cap.html
GBBstnBlu15BlkDrpGlTrim,18-400,15.0,68.0,91.0,25.0,,,https_www_bestbottles_com_product_boston_round_design_15_ml_amber_glass_bottle_black_droppershiny_gold_trim_cap.html
GBBstnAmb15mlBlkCapSht,18-400,15.0,68.0,72.0,25.0,,,https_www_bestbottles_com_product_boston_round_design_15_ml_amber_glass_bottle_black_short_cap.html
GBBstnAmb15mlWhtDropper,18-400,15.0,68.0,91.0,25.0,,,https_www_bestbottles_com_product_boston_round_design_15_ml_amber_glass_bottle_white_dropper.html
GBBstnAmb15mlWhtDropperGlTrim,18-400,15.0,68.0,91.0,25.0,,,https_www_bestbottles_com_product_boston_round_design_15_ml_amber_glass_bottle_white_dropper_shiny_gold_trim_cap.html
GBBstnAmb15mlWhtDropperSlTrim,18-400,15.0,68.0,91.0,25.0,,,https_www_bestbottles_com_product_boston_round_design_15_ml_amber_glass_bottle_white_dropper_shiny_silver_trim_cap.html
GBBstn15BlkDrp,18-400,15.0,68.0,91.0,25.0,,,https_www_bestbottles_com_product_boston_round_design_15_ml_clear_glass_bottle_black_dropper.html
GBBstn15BlkCapSht,18-400,15.0,68.0,72.0,25.0,,,https_www_bestbottles_com_product_boston_round_design_15_ml_clear_glass_bottle_black_short_cap.html
GBBstnBlu15BlkDrp,18-400,15.0,68.0,91.0,25.0,,,https_www_bestbottles_com_product_boston_round_design_15_ml_cobalt_blue_glass_bottle_black_dropper.html
GBBstnBlu15mlBlkDropperSlTrim,18-400,15.0,68.0,91.0,25.0,,,https_www_bestbottles_com_product_boston_round_design_15_ml_cobalt_blue_glass_bottle_black_dropper_shiny_silver_trim_cap.html
GBBstnBlu15BlkCapSht,18-400,15.0,68.0,72.0,25.0,,,https_www_bestbottles_com_product_boston_round_design_15_ml_cobalt_blue_glass_bottle_black_short_cap.html
GBBstnBlu15WhtDrp,18-400,15.0,68.0,91.0,25.0,,,https_www_bestbottles_com_product_boston_round_design_15_ml_cobalt_blue_glass_bottle_white_dropper.html
GBBstnBlu15WhtDrpGlTrim,18-400,15.0,68.0,91.0,25.0,,,https_www_bestbottles_com_product_boston_round_design_15_ml_cobalt_blue_glass_bottle_white_dropper_shiny_gold_trim_cap.html
GBBstnBlu15WhtDrpSlTrim,18-400,15.0,68.0,91.0,25.0,,,https_www_bestbottles_com_product_boston_round_design_15_ml_cobalt_blue_glass_bottle_white_dropper_shiny_silver_trim_cap.html
GBBstnAmb1ozBlkDropper,20-400,30.0,78.0,102.0,33.0,,73.0,https_www_bestbottles_com_product_boston_round_design_1_oz_amber_glass_bottle_black_dropper.html
GBBstnAmb1ozBlkDropperShnGlTrim,20-400,30.0,78.0,102.0,33.0,,73.0,https_www_bestbottles_com_product_boston_round_design_1_oz_amber_glass_bottle_black_dropper_shiny_silver_trim_cap.html
GBBstnAmb1ozMtlRollonMattBlk,20-400,30.0,78.0,97.0,33.0,,73.0,https_www_bestbottles_com_product_boston_round_design_1_oz_amber_glass_bottle_metal_roller_ball_matte_black_cap.html
GBBstnAmb1ozMtlRollonMattGl,20-400,30.0,78.0,97.0,33.0,,73.0,https_www_bestbottles_com_product_boston_round_design_1_oz_amber_glass_bottle_metal_roller_ball_matte_gold_cap.html
GBBstnAmb1ozMtlRollonMattSl,20-400,30.0,78.0,97.0,33.0,,73.0,https_www_bestbottles_com_product_boston_round_design_1_oz_amber_glass_bottle_metal_roller_ball_matte_silver_cap.html
GBBstnAmb1ozMtlRollonShnBlk,20-400,30.0,78.0,97.0,33.0,,73.0,https_www_bestbottles_com_product_boston_round_design_1_oz_amber_glass_bottle_metal_roller_ball_shiny_black_cap.html
GBBstnAmb1ozMtlRollonGl,20-400,30.0,78.0,97.0,33.0,,73.0,https_www_bestbottles_com_product_boston_round_design_1_oz_amber_glass_bottle_metal_roller_ball_shiny_gold_cap.html
GBBstnAmb1ozMtlRollonShnSl,20-400,30.0,78.0,97.0,33.0,,73.0,https_www_bestbottles_com_product_boston_round_design_1_oz_amber_glass_bottle_metal_roller_ball_shiny_silver_cap.html
GBBstnAmb1ozRollonMattBlk,20-400,30.0,78.0,97.0,33.0,,73.0,https_www_bestbottles_com_product_boston_round_design_1_oz_amber_glass_bottle_plastic_roller_ball_matte_black_cap.html
GBBstnAmb1ozRollonMattGl,20-400,30.0,78.0,97.0,33.0,,73.0,https_www_bestbottles_com_product_boston_round_design_1_oz_amber_glass_bottle_plastic_roller_ball_matte_gold_cap.html
GBBstnAmb1ozRollonMattSl,20-400,30.0,78.0,97.0,33.0,,73.0,https_www_bestbottles_com_product_boston_round_design_1_oz_amber_glass_bottle_plastic_roller_ball_matte_silver_cap.html
GBBstnAmb1ozRollonGl,20-400,30.0,78.0,97.0,33.0,,73.0,https_www_bestbottles_com_product_boston_round_design_1_oz_amber_glass_bottle_plastic_roller_ball_shiny_gold_cap.html
GBBstnAmb1ozRollonShnSl,20-400,30.0,78.0,97.0,33.0,,73.0,https_www_bestbottles_com_product_boston_round_design_1_oz_amber_glass_bottle_plastic_roller_ball_shiny_silver_cap.html
GBBstnAmb1ozBlkCapSht,20-400,30.0,78.0,78.0,33.0,,73.0,https_www_bestbottles_com_product_boston_round_design_1_oz_amber_glass_bottle_short_black_cap.html
GBBstnAmb1ozWhtDropper,20-400,30.0,78.0,102.0,33.0,,73.0,https_www_bestbottles_com_product_boston_round_design_1_oz_amber_glass_bottle_white_dropper.html
GBBstnAmb1ozWhtDropperShnGlTrim,20-400,30.0,78.0,102.0,33.0,,73.0,https_www_bestbottles_com_product_boston_round_design_1_oz_amber_glass_bottle_white_dropper_shiny_gold_trim_cap.html
GBBstnAmb1ozWhtDropperShnSlTrim,20-400,30.0,78.0,102.0,33.0,,73.0,https_www_bestbottles_com_product_boston_round_design_1_oz_amber_glass_bottle_white_dropper_shiny_silver_trim_cap.html
GBBstn1ozBlkDrp,20-400,30.0,78.0,102.0,33.0,,73.0,https_www_bestbottles_com_product_boston_round_design_1_oz_clear_glass_bottle_black_dropper.html
GBBstn1ozBlkDrpShnGlTrim,20-400,30.0,78.0,102.0,33.0,,73.0,https_www_bestbottles_com_product_boston_round_design_1_oz_clear_glass_bottle_black_dropper_shiny_silver_trim_cap.html
GBBstn1ozMtlRollonMattBlk,20-400,30.0,78.0,97.0,33.0,,73.0,https_www_bestbottles_com_product_boston_round_design_1_oz_clear_glass_bottle_metal_roller_ball_matte_black_cap.html
GBBstn1ozMtlRollonMattGl,20-400,30.0,78.0,97.0,33.0,,73.0,https_www_bestbottles_com_product_boston_round_design_1_oz_clear_glass_bottle_metal_roller_ball_matte_gold_cap.html
GBBstn1ozMtlRollonMattSl,20-400,30.0,78.0,97.0,33.0,,73.0,https_www_bestbottles_com_product_boston_round_design_1_oz_clear_glass_bottle_metal_roller_ball_matte_silver_cap.html
GBBstn1ozMtlRollonBlk,20-400,30.0,78.0,97.0,33.0,,73.0,https_www_bestbottles_com_product_boston_round_design_1_oz_clear_glass_bottle_metal_roller_ball_shiny_black_cap.html
GBBstn1ozMtlRollonGl,20-400,30.0,78.0,97.0,33.0,,73.0,https_www_bestbottles_com_product_boston_round_design_1_oz_clear_glass_bottle_metal_roller_ball_shiny_gold_cap.html
GBBstn1ozMtlRollonShnSl,20-400,30.0,78.0,97.0,33.0,,73.0,https_www_bestbottles_com_product_boston_round_design_1_oz_clear_glass_bottle_metal_roller_ball_shiny_silver_cap.html
GBBstn1ozRollMattBlk,20-400,30.0,78.0,97.0,33.0,,73.0,https_www_bestbottles_com_product_boston_round_design_1_oz_clear_glass_bottle_plastic_roller_ball_matte_black_cap.html
GBBstn1ozRollMattGl,20-400,30.0,78.0,97.0,33.0,,73.0,https_www_bestbottles_com_product_boston_round_design_1_oz_clear_glass_bottle_plastic_roller_ball_matte_gold_cap.html
GBBstn1ozRollMattSl,20-400,30.0,78.0,97.0,33.0,,73.0,https_www_bestbottles_com_product_boston_round_design_1_oz_clear_glass_bottle_plastic_roller_ball_matte_silver_cap.html
GBBstn1ozRollShBlk,20-400,30.0,78.0,97.0,33.0,,73.0,https_www_bestbottles_com_product_boston_round_design_1_oz_clear_glass_bottle_plastic_roller_ball_shiny_black_cap.html
GBBstn1ozRollShGl,20-400,30.0,78.0,97.0,33.0,,73.0,https_www_bestbottles_com_product_boston_round_design_1_oz_clear_glass_bottle_plastic_roller_ball_shiny_gold_cap.html
GBBstn1ozRollShnSl,20-400,30.0,78.0,97.0,33.0,,73.0,https_www_bestbottles_com_product_boston_round_design_1_oz_clear_glass_bottle_plastic_roller_ball_shiny_silver_cap.html
GBBstn1ozBlkCapSht,20-400,30.0,68.0,78.0,33.0,,73.0,https_www_bestbottles_com_product_boston_round_design_1_oz_clear_glass_bottle_short_black_cap.html
GBBstn1ozWhtDrp,20-400,30.0,78.0,102.0,33.0,,73.0,https_www_bestbottles_com_product_boston_round_design_1_oz_clear_glass_bottle_white_dropper.html
GBBstn1ozWhtDrpShnGlTrim,20-400,30.0,78.0,102.0,33.0,,73.0,https_www_bestbottles_com_product_boston_round_design_1_oz_clear_glass_bottle_white_dropper_shiny_gold_trim_cap.html
GBBstn1ozWhtDrpShnSlTrim,20-400,30.0,78.0,102.0,33.0,,73.0,https_www_bestbottles_com_product_boston_round_design_1_oz_clear_glass_bottle_white_dropper_shiny_silver_trim_cap.html
GBBstnBlu1ozBlkDropper,20-400,30.0,78.0,102.0,33.0,,73.0,https_www_bestbottles_com_product_boston_round_design_1_oz_cobalt_blue_glass_bottle_black_dropper.html
GBBstnBlu1ozBlkDropperShnGlTrim,20-400,30.0,78.0,102.0,33.0,,73.0,https_www_bestbottles_com_product_boston_round_design_1_oz_cobalt_blue_glass_bottle_black_dropper_shiny_silver_trim_cap.html
GBBstnBlu1ozMtlRollonMattBlk,20-400,30.0,78.0,97.0,33.0,,73.0,https_www_bestbottles_com_product_boston_round_design_1_oz_cobalt_blue_glass_bottle_metal_roller_ball_matte_black_cap.html
GBBstnBlu1ozMtlRollonMattGl,20-400,30.0,78.0,97.0,33.0,,73.0,https_www_bestbottles_com_product_boston_round_design_1_oz_cobalt_blue_glass_bottle_metal_roller_ball_matte_gold_cap.html
GBBstnBlu1ozMtlRollonMattSl,20-400,30.0,78.0,97.0,33.0,,73.0,https_www_bestbottles_com_product_boston_round_design_1_oz_cobalt_blue_glass_bottle_metal_roller_ball_matte_silver_cap.html
GBBstnBlu1ozMtlRollonGl,20-400,30.0,78.0,97.0,33.0,,73.0,https_www_bestbottles_com_product_boston_round_design_1_oz_cobalt_blue_glass_bottle_metal_roller_ball_shiny_gold_cap.html
GBBstnBlu1ozMtlRollonShnSl,20-400,30.0,78.0,97.0,33.0,,73.0,https_www_bestbottles_com_product_boston_round_design_1_oz_cobalt_blue_glass_bottle_metal_roller_ball_shiny_silver_cap.html
GBBstnBlu1ozRollonMattBlk,20-400,30.0,78.0,97.0,33.0,,73.0,https_www_bestbottles_com_product_boston_round_design_1_oz_cobalt_blue_glass_bottle_plastic_roller_ball_matte_black_cap.html
GBBstnBlu1ozRollonMattGl,20-400,30.0,78.0,97.0,33.0,,73.0,https_www_bestbottles_com_product_boston_round_design_1_oz_cobalt_blue_glass_bottle_plastic_roller_ball_matte_gold_cap.html
GBBstnBlu1ozRollonMattSl,20-400,30.0,78.0,97.0,33.0,,73.0,https_www_bestbottles_com_product_boston_round_design_1_oz_cobalt_blue_glass_bottle_plastic_roller_ball_matte_silver_cap.html
GBBstnBlu1ozRollonGl,20-400,30.0,78.0,97.0,33.0,,73.0,https_www_bestbottles_com_product_boston_round_design_1_oz_cobalt_blue_glass_bottle_plastic_roller_ball_shiny_gold_cap.html
GBBstnBlu1ozRollonShnSl,20-400,30.0,78.0,97.0,33.0,,73.0,https_www_bestbottles_com_product_boston_round_design_1_oz_cobalt_blue_glass_bottle_plastic_roller_ball_shiny_silver_cap.html
GBBstnBlu1ozBlkCapSht,20-400,30.0,78.0,78.0,33.0,,73.0,https_www_bestbottles_com_product_boston_round_design_1_oz_cobalt_blue_glass_bottle_short_black_cap.html
GBBstnBlu1ozWhtDropper,20-400,30.0,78.0,97.0,33.0,,73.0,https_www_bestbottles_com_product_boston_round_design_1_oz_cobalt_blue_glass_bottle_white_dropper.html
GBBstnBlu1ozWhtDropperShnGlTrim,20-400,30.0,78.0,102.0,33.0,,73.0,https_www_bestbottles_com_product_boston_round_design_1_oz_cobalt_blue_glass_bottle_white_dropper_shiny_gold_trim_cap.html
GBBstnBlu1ozWhtDropperShnSlTrim,20-400,30.0,78.0,102.0,33.0,,73.0,https_www_bestbottles_com_product_boston_round_design_1_oz_cobalt_blue_glass_bottle_white_dropper_shiny_silver_trim_cap.html
GBBstn2ozRollonShnBlk,20-400,60.0,94.0,111.0,39.0,,88.0,https_www_bestbottles_com_product_boston_round_design_2_oz_clear_glass_bottle_plastic_roller_ball_shiny_black_cap.html
CP20-4002ozShortBlk,20-400,0.0,,12.0,23.0,,,https_www_bestbottles_com_product_caps_lids_top_bottle_black_color_2oz_20_400.html
GBCrclFrst100AnSpBlk,18-415,100.0,105.0,136.0,,89.0,29.0,https_www_bestbottles_com_product_circle_design_100_ml_frosted_glass_bottle_black_vintage_style_bulb_sprayer_shiny_silver_collar_cap.html
GBCrclFrst100AnSpTslBlk,18-415,100.0,105.0,127.0,,89.0,29.0,https_www_bestbottles_com_product_circle_design_100_ml_frosted_glass_bottle_black_vintage_style_sprayer_with_tassel_shiny_silver_collar.html
LBCrclFrst100LtnClOvrCap,18-415,100.0,105.0,131.0,,89.0,29.0,https_www_bestbottles_com_product_circle_design_100_ml_frosted_glass_bottle_clear_over_the_cap_lotion_pump_matte_silver_collar_cap.html
GBCrclFrst100AnSpGl,18-415,100.0,105.0,136.0,,89.0,29.0,https_www_bestbottles_com_product_circle_design_100_ml_frosted_glass_bottle_gold_vintage_style_sprayer_shiny_gold_collar_cap.html
GBCrclFrst100AnSpTslGl,18-415,100.0,105.0,127.0,,89.0,29.0,https_www_bestbottles_com_product_circle_design_100_ml_frosted_glass_bottle_gold_vintage_style_sprayer_with_tassel_shiny_gold_collar.html
GBCrclFrst100AnSpIvyGl,18-415,100.0,105.0,136.0,,89.0,29.0,https_www_bestbottles_com_product_circle_design_100_ml_frosted_glass_bottle_ivory_vintage_style_bulb_sprayer_shiny_gold_collar_cap.html
GBCrclFrst100AnSpIvySl,18-415,100.0,105.0,136.0,,89.0,29.0,https_www_bestbottles_com_product_circle_design_100_ml_frosted_glass_bottle_ivory_vintage_style_bulb_sprayer_shiny_silver_collar_cap.html
GBCrclFrst100AnSpTslIvyGl,18-415,100.0,105.0,127.0,,89.0,29.0,https_www_bestbottles_com_product_circle_design_100_ml_frosted_glass_bottle_ivory_vintage_style_sprayer_with_tassel_shiny_gold_collar.html
GBCrclFrst100AnSpTslIvySl,18-415,100.0,105.0,127.0,,89.0,29.0,https_www_bestbottles_com_product_circle_design_100_ml_frosted_glass_bottle_ivory_vintage_style_sprayer_with_tassel_shiny_silver_collar.html
GBCrclFrst100AnSpLvn,18-415,100.0,105.0,136.0,,89.0,29.0,https_www_bestbottles_com_product_circle_design_100_ml_frosted_glass_bottle_lavender_vintage_style_bulb_sprayer_shiny_silver_collar_cap.html
GBCrclFrst100AnSpTslLvn,18-415,100.0,105.0,127.0,,89.0,29.0,https_www_bestbottles_com_product_circle_design_100_ml_frosted_glass_bottle_lavender_vintage_style_sprayer_with_tassel_shiny_silver_collar.html
LBCrclFrst100LtnCu,18-415,100.0,105.0,130.0,,89.0,29.0,https_www_bestbottles_com_product_circle_design_100_ml_frosted_glass_bottle_matte_copper_lotion_pump_and_cap.html
GBCrclFrst100SpryCu,18-415,100.0,105.0,130.0,,89.0,29.0,https_www_bestbottles_com_product_circle_design_100_ml_frosted_glass_bottle_matte_copper_spray_and_cap.html
LBCrclFrst100LtnMtGl,18-415,100.0,105.0,130.0,,89.0,29.0,https_www_bestbottles_com_product_circle_design_100_ml_frosted_glass_bottle_matte_gold_lotion_pump_and_cap.html
GBCrclFrst100SpryMtGl,18-415,100.0,105.0,130.0,,89.0,29.0,https_www_bestbottles_com_product_circle_design_100_ml_frosted_glass_bottle_matte_gold_spray_pump_and_cap.html
LBCrclFrst100LtnMtSl,18-415,100.0,105.0,130.0,,89.0,29.0,https_www_bestbottles_com_product_circle_design_100_ml_frosted_glass_bottle_matte_silver_lotion_pump_and_cap.html
GBCrclFrst100SpryMtSl,18-415,100.0,105.0,130.0,,89.0,29.0,https_www_bestbottles_com_product_circle_design_100_ml_frosted_glass_bottle_matte_silver_spray_pump_and_cap.html
GBCrclFrst100AnSpMtSl,18-415,100.0,105.0,136.0,,89.0,29.0,https_www_bestbottles_com_product_circle_design_100_ml_frosted_glass_bottle_matte_silver_vintage_style_sprayer_matte_silver_collar_cap.html
GBCrclFrst100AnSpTslMtSl,18-415,100.0,105.0,127.0,,89.0,29.0,https_www_bestbottles_com_product_circle_design_100_ml_frosted_glass_bottle_matte_silver_vintage_style_sprayer_with_tassel_matte_silver_collar.html
GBCrclFrst100AnSpPnk,18-415,100.0,105.0,136.0,,89.0,29.0,https_www_bestbottles_com_product_circle_design_100_ml_frosted_glass_bottle_pink_vintage_style_bulb_sprayer_shiny_gold_collar_cap.html
GBCrclFrst100AnSpTslPnk,18-415,100.0,105.0,127.0,,89.0,29.0,https_www_bestbottles_com_product_circle_design_100_ml_frosted_glass_bottle_pink_vintage_style_sprayer_with_tassel_shiny_gold_collar.html
GBCrclFrst100AnSpRed,18-415,100.0,105.0,136.0,,89.0,29.0,https_www_bestbottles_com_product_circle_design_100_ml_frosted_glass_bottle_red_vintage_style_bulb_sprayer_shiny_silver_collar_cap.html
GBCrclFrst100AnSpTslRed,18-415,100.0,105.0,127.0,,89.0,29.0,https_www_bestbottles_com_product_circle_design_100_ml_frosted_glass_bottle_red_vintage_style_sprayer_with_tassel_shiny_silver_collar.html
GBCrclFrst100RdcrBlkLthr,18-415,100.0,105.0,118.0,,89.0,29.0,https_www_bestbottles_com_product_circle_design_100_ml_frosted_glass_bottle_reducer_black_faux_leather_cap.html
GBCrclFrst100RdcrShnBlk,18-415,100.0,105.0,109.0,,89.0,29.0,https_www_bestbottles_com_product_circle_design_100_ml_frosted_glass_bottle_reducer_black_shiny_cap.html
GBCrclFrst100RdcrBrwnLthr,18-415,100.0,105.0,118.0,,89.0,29.0,https_www_bestbottles_com_product_circle_design_100_ml_frosted_glass_bottle_reducer_brown_faux_leather_cap.html
GBCrclFrst100RdcrIvyLthr,18-415,100.0,105.0,118.0,,89.0,29.0,https_www_bestbottles_com_product_circle_design_100_ml_frosted_glass_bottle_reducer_ivory_faux_leather_cap.html
GBCrclFrst100RdcrLBrwnLthr,18-415,100.0,105.0,118.0,,89.0,29.0,https_www_bestbottles_com_product_circle_design_100_ml_frosted_glass_bottle_reducer_light_brown_faux_leather_cap.html
GBCrclFrst100RdcrPnkLthr,18-415,100.0,105.0,118.0,,89.0,29.0,https_www_bestbottles_com_product_circle_design_100_ml_frosted_glass_bottle_reducer_pink_faux_leather_cap.html
GBCrclFrst100RdcrShnGl,18-415,100.0,105.0,109.0,,89.0,29.0,https_www_bestbottles_com_product_circle_design_100_ml_frosted_glass_bottle_reducer_shiny_gold_cap.html
GBCrclFrst100RdcrShnSl,18-415,100.0,105.0,109.0,,89.0,29.0,https_www_bestbottles_com_product_circle_design_100_ml_frosted_glass_bottle_reducer_shiny_silver_cap.html
GBCrclFrst100RdcrMtSl,18-415,100.0,105.0,109.0,,89.0,29.0,https_www_bestbottles_com_product_circle_design_100_ml_frosted_glass_bottle_reducer_silver_matte_cap.html
GBCrclFrst100RdcrShnBlkTall,18-415,100.0,105.0,116.0,,89.0,29.0,https_www_bestbottles_com_product_circle_design_100_ml_frosted_glass_bottle_reducer_tall_black_shiny_cap.html
GBCrclFrst100RdcrMtSlTall,18-415,100.0,105.0,116.0,,89.0,29.0,https_www_bestbottles_com_product_circle_design_100_ml_frosted_glass_bottle_reducer_tall_silver_matte_cap.html
GBCrclFrst100RdcrWht,18-415,100.0,105.0,116.0,,89.0,29.0,https_www_bestbottles_com_product_circle_design_100_ml_frosted_glass_bottle_reducer_white_cap.html
LBCrclFrst100LtnShnBlk,18-415,100.0,105.0,130.0,,89.0,29.0,https_www_bestbottles_com_product_circle_design_100_ml_frosted_glass_bottle_shiny_black_lotion_pump_and_cap.html
GBCrclFrst100SpryShnBlk,18-415,100.0,105.0,130.0,,89.0,29.0,https_www_bestbottles_com_product_circle_design_100_ml_frosted_glass_bottle_shiny_black_spray_pump_and_cap.html
LBCrclFrst100LtnShnGl,18-415,100.0,105.0,130.0,,89.0,29.0,https_www_bestbottles_com_product_circle_design_100_ml_frosted_glass_bottle_shiny_gold_lotion_pump_and_cap.html
GBCrclFrst100SpryShnGl,18-415,100.0,105.0,130.0,,89.0,29.0,https_www_bestbottles_com_product_circle_design_100_ml_frosted_glass_bottle_shiny_gold_spray_pump_and_cap.html
LBCrclFrst100LtnShnSl,18-415,100.0,105.0,130.0,,89.0,29.0,https_www_bestbottles_com_product_circle_design_100_ml_frosted_glass_bottle_shiny_silver_lotion_pump_and_cap.html
GBCrclFrst100SpryShnSl,18-415,100.0,105.0,130.0,,89.0,29.0,https_www_bestbottles_com_product_circle_design_100_ml_frosted_glass_bottle_shiny_silver_spray_and_cap.html
GBCrclFrst100AnSpWht,18-415,100.0,105.0,136.0,,89.0,29.0,https_www_bestbottles_com_product_circle_design_100_ml_frosted_glass_bottle_white_vintage_style_bulb_sprayer_shiny_silver_collar_cap.html
GBCrclFrst100AnSpTslWht,18-415,100.0,105.0,127.0,,89.0,29.0,https_www_bestbottles_com_product_circle_design_100_ml_frosted_glass_bottle_white_vintage_style_sprayer_with_tassel_shiny_silver_collar.html
GBCrcl100AnSpBlk,18-415,100.0,105.0,136.0,,89.0,29.0,https_www_bestbottles_com_product_circle_design_100_ml_glass_bottle_black_vintage_style_bulb_sprayer_shiny_silver_collar_cap.html
GBCrcl100AnSpTslBlk,18-415,100.0,105.0,127.0,,89.0,29.0,https_www_bestbottles_com_product_circle_design_100_ml_glass_bottle_black_vintage_style_sprayer_with_tassel_shiny_silver_collar.html
LBCrcl100LtnClOvrCap,18-415,100.0,105.0,131.0,,89.0,29.0,https_www_bestbottles_com_product_circle_design_100_ml_glass_bottle_clear_over_the_cap_lotion_pump_matte_silver_collar_cap.html
GBCrcl100AnSpGl,18-415,100.0,105.0,136.0,,89.0,29.0,https_www_bestbottles_com_product_circle_design_100_ml_glass_bottle_gold_vintage_style_sprayer_shiny_gold_collar_cap.html
GBCrcl100AnSpTslGl,18-415,100.0,105.0,127.0,,89.0,29.0,https_www_bestbottles_com_product_circle_design_100_ml_glass_bottle_gold_vintage_style_sprayer_with_tassel_shiny_gold_collar.html
GBCrcl100AnSpIvyGl,18-415,100.0,105.0,136.0,,89.0,29.0,https_www_bestbottles_com_product_circle_design_100_ml_glass_bottle_ivory_vintage_style_bulb_sprayer_shiny_gold_collar_cap.html
GBCrcl100AnSpIvySl,18-415,100.0,105.0,136.0,,89.0,29.0,https_www_bestbottles_com_product_circle_design_100_ml_glass_bottle_ivory_vintage_style_bulb_sprayer_shiny_silver_collar_cap.html
GBCrcl100AnSpTslIvyGl,18-415,100.0,105.0,127.0,,89.0,29.0,https_www_bestbottles_com_product_circle_design_100_ml_glass_bottle_ivory_vintage_style_sprayer_with_tassel_shiny_gold_collar.html
GBCrcl100AnSpTslIvySl,18-415,100.0,105.0,127.0,,89.0,29.0,https_www_bestbottles_com_product_circle_design_100_ml_glass_bottle_ivory_vintage_style_sprayer_with_tassel_shiny_silver_collar.html
GBCrcl100AnSpLvn,18-415,100.0,105.0,136.0,,89.0,29.0,https_www_bestbottles_com_product_circle_design_100_ml_glass_bottle_lavender_vintage_style_bulb_sprayer_shiny_silver_collar_cap.html
GBCrcl100AnSpTslLvn,18-415,100.0,105.0,127.0,,89.0,29.0,https_www_bestbottles_com_product_circle_design_100_ml_glass_bottle_lavender_vintage_style_sprayer_with_tassel_shiny_silver_collar.html
LBCrcl100LtnCu,18-415,100.0,105.0,130.0,,89.0,29.0,https_www_bestbottles_com_product_circle_design_100_ml_glass_bottle_matte_copper_lotion_pump_and_cap.html
GBCrcl100SpryCu,18-415,100.0,105.0,130.0,,89.0,29.0,https_www_bestbottles_com_product_circle_design_100_ml_glass_bottle_matte_copper_spray_and_cap.html
LBCrcl100LtnMtGl,18-415,100.0,105.0,130.0,,89.0,29.0,https_www_bestbottles_com_product_circle_design_100_ml_glass_bottle_matte_gold_lotion_pump_and_cap.html
GBCrcl100SpryMtGl,18-415,100.0,105.0,130.0,,89.0,29.0,https_www_bestbottles_com_product_circle_design_100_ml_glass_bottle_matte_gold_spray_pump_and_cap.html
LBCrcl100LtnMtSl,18-415,100.0,105.0,130.0,,89.0,29.0,https_www_bestbottles_com_product_circle_design_100_ml_glass_bottle_matte_silver_lotion_pump_and_cap.html
GBCrcl100SpryMtSl,18-415,100.0,105.0,130.0,,89.0,29.0,https_www_bestbottles_com_product_circle_design_100_ml_glass_bottle_matte_silver_spray_pump_and_cap.html
GBCrcl100AnSpMtSl,18-415,100.0,105.0,136.0,,89.0,29.0,https_www_bestbottles_com_product_circle_design_100_ml_glass_bottle_matte_silver_vintage_style_sprayer_matte_silver_collar_cap.html
GBCrcl100AnSpTslMtSl,18-415,100.0,105.0,127.0,,89.0,29.0,https_www_bestbottles_com_product_circle_design_100_ml_glass_bottle_matte_silver_vintage_style_sprayer_with_tassel_matte_silver_collar.html
GBCrcl100AnSpPnk,18-415,100.0,105.0,136.0,,89.0,29.0,https_www_bestbottles_com_product_circle_design_100_ml_glass_bottle_pink_vintage_style_bulb_sprayer_shiny_gold_collar_cap.html
GBCrcl100AnSpTslPnk,18-415,100.0,105.0,127.0,,89.0,29.0,https_www_bestbottles_com_product_circle_design_100_ml_glass_bottle_pink_vintage_style_sprayer_with_tassel_shiny_gold_collar.html
GBCrcl100AnSpRed,18-415,100.0,105.0,136.0,,89.0,29.0,https_www_bestbottles_com_product_circle_design_100_ml_glass_bottle_red_vintage_style_bulb_sprayer_shiny_silver_collar_cap.html
GBCrcl100AnSpTslRed,18-415,100.0,105.0,127.0,,89.0,29.0,https_www_bestbottles_com_product_circle_design_100_ml_glass_bottle_red_vintage_style_sprayer_with_tassel_shiny_silver_collar.html
GBCrcl100RdcrBlkLthr,18-415,100.0,105.0,118.0,,89.0,29.0,https_www_bestbottles_com_product_circle_design_100_ml_glass_bottle_reducer_black_faux_leather_cap.html
GBCrcl100RdcrShnBlk,18-415,100.0,105.0,109.0,,89.0,29.0,https_www_bestbottles_com_product_circle_design_100_ml_glass_bottle_reducer_black_shiny_cap.html
GBCrcl100RdcrBrwnLthr,18-415,100.0,105.0,118.0,,89.0,29.0,https_www_bestbottles_com_product_circle_design_100_ml_glass_bottle_reducer_brown_faux_leather_cap.html
GBCrcl100RdcrIvyLthr,18-415,100.0,105.0,118.0,,89.0,29.0,https_www_bestbottles_com_product_circle_design_100_ml_glass_bottle_reducer_ivory_faux_leather_cap.html
GBCrcl100RdcrLBrwnLthr,18-415,100.0,105.0,118.0,,89.0,29.0,https_www_bestbottles_com_product_circle_design_100_ml_glass_bottle_reducer_light_brown_faux_leather_cap.html
GBCrcl100RdcrPnkLthr,18-415,100.0,105.0,118.0,,89.0,29.0,https_www_bestbottles_com_product_circle_design_100_ml_glass_bottle_reducer_pink_faux_leather_cap.html
GBCrcl100RdcrShnGl,18-415,100.0,105.0,109.0,,89.0,29.0,https_www_bestbottles_com_product_circle_design_100_ml_glass_bottle_reducer_shiny_gold_cap.html
GBCrcl100RdcrShnSl,18-415,100.0,105.0,109.0,,89.0,29.0,https_www_bestbottles_com_product_circle_design_100_ml_glass_bottle_reducer_shiny_silver_cap.html
GBCrcl100RdcrMtSl,18-415,100.0,105.0,109.0,,89.0,29.0,https_www_bestbottles_com_product_circle_design_100_ml_glass_bottle_reducer_silver_matte_cap.html
GBCrcl100RdcrShnBlkTall,18-415,100.0,105.0,116.0,,89.0,29.0,https_www_bestbottles_com_product_circle_design_100_ml_glass_bottle_reducer_tall_black_shiny_cap.html
GBCrcl100RdcrMtSlTall,18-415,100.0,105.0,116.0,,89.0,29.0,https_www_bestbottles_com_product_circle_design_100_ml_glass_bottle_reducer_tall_silver_matte_cap.html
GBCrcl100RdcrWht,18-415,100.0,105.0,116.0,,89.0,29.0,https_www_bestbottles_com_product_circle_design_100_ml_glass_bottle_reducer_white_cap.html
LBCrcl100LtnShnBlk,18-415,100.0,105.0,130.0,,89.0,29.0,https_www_bestbottles_com_product_circle_design_100_ml_glass_bottle_shiny_black_lotion_pump_and_cap.html
GBCrcl100SpryShnBlk,18-415,100.0,105.0,130.0,,89.0,29.0,https_www_bestbottles_com_product_circle_design_100_ml_glass_bottle_shiny_black_spray_pump_and_cap.html
LBCrcl100LtnShnGl,18-415,100.0,105.0,130.0,,89.0,29.0,https_www_bestbottles_com_product_circle_design_100_ml_glass_bottle_shiny_gold_lotion_pump_and_cap.html
GBCrcl100SpryShnGl,18-415,100.0,105.0,130.0,,89.0,29.0,https_www_bestbottles_com_product_circle_design_100_ml_glass_bottle_shiny_gold_spray_pump_and_cap.html
LBCrcl100LtnShnSl,18-415,100.0,105.0,130.0,,89.0,29.0,https_www_bestbottles_com_product_circle_design_100_ml_glass_bottle_shiny_silver_lotion_pump_and_cap.html
GBCrcl100SpryShnSl,18-415,100.0,105.0,130.0,,89.0,29.0,https_www_bestbottles_com_product_circle_design_100_ml_glass_bottle_shiny_silver_spray_and_cap.html
GBCrcl100AnSpWht,18-415,100.0,105.0,136.0,,89.0,29.0,https_www_bestbottles_com_product_circle_design_100_ml_glass_bottle_white_vintage_style_bulb_sprayer_shiny_silver_collar_cap.html
GBCrcl100AnSpTslWht,18-415,100.0,105.0,127.0,,89.0,29.0,https_www_bestbottles_com_product_circle_design_100_ml_glass_bottle_white_vintage_style_sprayer_with_tassel_shiny_silver_collar.html
GBCrcl15SpryBlkMatt,13-415,15.0,60.0,80.0,50.0,,17.0,https_www_bestbottles_com_product_circle_design_15_ml_bottle_matte_black_spray.html
GBCrcl15SpryBluMatt,13-415,15.0,60.0,80.0,50.0,,17.0,https_www_bestbottles_com_product_circle_design_15_ml_bottle_matte_blue_spray.html
GBCrcl15SpryCuMatt,13-415,15.0,60.0,80.0,50.0,,17.0,https_www_bestbottles_com_product_circle_design_15_ml_bottle_matte_copper_spray.html
GBCrcl15SpryGlMatt,13-415,15.0,60.0,80.0,50.0,,17.0,https_www_bestbottles_com_product_circle_design_15_ml_bottle_matte_gold_spray.html
GBCrcl15SprySlMatt,13-415,15.0,60.0,80.0,50.0,,17.0,https_www_bestbottles_com_product_circle_design_15_ml_bottle_matte_silver_spray.html
GBCrcl15MtlRollBlkSh,13-415,15.0,60.0,72.0,50.0,,17.0,https_www_bestbottles_com_product_circle_design_15_ml_bottle_metal_roller_ball_plug_black_shiny_cap.html
GBCrcl15MtlRollBlkDot,13-415,15.0,60.0,72.0,50.0,,17.0,https_www_bestbottles_com_product_circle_design_15_ml_bottle_metal_roller_ball_plug_black_shiny_cap_with_dots.html
GBCrcl15MtlRollCuMatt,13-415,15.0,60.0,72.0,50.0,,17.0,https_www_bestbottles_com_product_circle_design_15_ml_bottle_metal_roller_ball_plug_matte_copper_cap.html
GBCrcl15MtlRollGlMatt,13-415,15.0,60.0,72.0,50.0,,17.0,https_www_bestbottles_com_product_circle_design_15_ml_bottle_metal_roller_ball_plug_matte_gold_cap.html
GBCrcl15MtlRollSlMatt,13-415,15.0,60.0,72.0,50.0,,17.0,https_www_bestbottles_com_product_circle_design_15_ml_bottle_metal_roller_ball_plug_matte_silver_cap.html
GBCrcl15MtlRollPinkDot,13-415,15.0,60.0,72.0,50.0,,17.0,https_www_bestbottles_com_product_circle_design_15_ml_bottle_metal_roller_ball_plug_pink_cap_with_dots.html
GBCrcl15MtlRollGlSh,13-415,15.0,60.0,72.0,50.0,,17.0,https_www_bestbottles_com_product_circle_design_15_ml_bottle_metal_roller_ball_plug_shiny_gold_cap.html
GBCrcl15MtlRollSlSh,13-415,15.0,60.0,72.0,50.0,,17.0,https_www_bestbottles_com_product_circle_design_15_ml_bottle_metal_roller_ball_plug_shiny_silver_cap.html
GBCrcl15MtlRollSlDot,13-415,15.0,60.0,72.0,50.0,,17.0,https_www_bestbottles_com_product_circle_design_15_ml_bottle_metal_roller_ball_plug_silver_cap_with_dots.html
GBCrcl15RollBlkSh,13-415,15.0,60.0,72.0,50.0,,17.0,https_www_bestbottles_com_product_circle_design_15_ml_bottle_plastic_roller_ball_plug_black_shiny_cap.html
GBCrcl15RollBlkDot,13-415,15.0,60.0,72.0,50.0,,17.0,https_www_bestbottles_com_product_circle_design_15_ml_bottle_plastic_roller_ball_plug_black_shiny_cap_with_dots.html
GBCrcl15RollCuMatt,13-415,15.0,60.0,72.0,50.0,,17.0,https_www_bestbottles_com_product_circle_design_15_ml_bottle_plastic_roller_ball_plug_matte_copper_cap.html
GBCrcl15RollGlMatt,13-415,15.0,60.0,72.0,50.0,,17.0,https_www_bestbottles_com_product_circle_design_15_ml_bottle_plastic_roller_ball_plug_matte_gold_cap.html
GBCrcl15RollSlMatt,13-415,15.0,60.0,72.0,50.0,,17.0,https_www_bestbottles_com_product_circle_design_15_ml_bottle_plastic_roller_ball_plug_matte_silver_cap.html
GBCrcl15RollPinkDot,13-415,15.0,60.0,72.0,50.0,,17.0,https_www_bestbottles_com_product_circle_design_15_ml_bottle_plastic_roller_ball_plug_pink_cap_with_dots.html
GBCrcl15RollGlSh,13-415,15.0,60.0,72.0,50.0,,17.0,https_www_bestbottles_com_product_circle_design_15_ml_bottle_plastic_roller_ball_plug_shiny_gold_cap.html
GBCrcl15RollSlSh,13-415,15.0,60.0,72.0,50.0,,17.0,https_www_bestbottles_com_product_circle_design_15_ml_bottle_plastic_roller_ball_plug_shiny_silver_cap.html
GBCrcl15RollSlDot,13-415,15.0,60.0,72.0,50.0,,17.0,https_www_bestbottles_com_product_circle_design_15_ml_bottle_plastic_roller_ball_plug_silver_cap_with_dots.html
GBCrcl15SpryBlkSh,13-415,15.0,60.0,80.0,50.0,,17.0,https_www_bestbottles_com_product_circle_design_15_ml_bottle_shiny_black_spray.html
GBCrcl15Gl,13-415,15.0,60.0,72.0,50.0,,17.0,https_www_bestbottles_com_product_circle_design_15_ml_bottle_shiny_gold_cap.html
GBCrcl15SpryGlSh,13-415,15.0,60.0,80.0,50.0,,17.0,https_www_bestbottles_com_product_circle_design_15_ml_bottle_shiny_gold_spray.html
GBCrcl15Sl,13-415,15.0,60.0,72.0,50.0,,17.0,https_www_bestbottles_com_product_circle_design_15_ml_bottle_shiny_silver_cap.html
GBCrcl15SprySlSh,13-415,15.0,60.0,80.0,50.0,,17.0,https_www_bestbottles_com_product_circle_design_15_ml_bottle_shiny_silver_spray.html
GBCrcl15BlkSht,13-415,15.0,60.0,62.0,50.0,,17.0,https_www_bestbottles_com_product_circle_design_15_ml_bottle_short_black_cap.html
GBCrcl15WhtSht,13-415,15.0,60.0,62.0,50.0,,17.0,https_www_bestbottles_com_product_circle_design_15_ml_bottle_short_white_cap.html
GBCrcl30GlCap,15-415,30.0,74.0,93.0,,60.0,20.0,https_www_bestbottles_com_product_circle_design_30_ml_clear_glass_bottle_shiny_gold_cap.html
GBCrcl30SlCap,15-415,30.0,74.0,93.0,,60.0,20.0,https_www_bestbottles_com_product_circle_design_30_ml_clear_glass_bottle_shiny_silver_cap.html
GBCrcl30SpryBlk,15-415,30.0,74.0,100.0,,60.0,20.0,https_www_bestbottles_com_product_circle_design_30_ml_clear_glass_bottle_sprayer_black_cap.html
GBCrcl30SpryMattGl,15-415,30.0,74.0,100.0,,60.0,20.0,https_www_bestbottles_com_product_circle_design_30_ml_clear_glass_bottle_sprayer_matte_gold_cap.html
GBCrcl30SpryMattSl,15-415,30.0,74.0,100.0,,60.0,20.0,https_www_bestbottles_com_product_circle_design_30_ml_clear_glass_bottle_sprayer_matte_silver_cap.html
GBCrcl30SpryShnGl,15-415,30.0,74.0,100.0,,60.0,20.0,https_www_bestbottles_com_product_circle_design_30_ml_clear_glass_bottle_sprayer_shiny_gold_cap.html
GBCrcl30SpryShSl,15-415,30.0,74.0,100.0,,60.0,20.0,https_www_bestbottles_com_product_circle_design_30_ml_clear_glass_bottle_sprayer_shiny_silver_cap.html
GBCrclFrst50AnSpBlk,18-415,50.0,87.0,115.0,,72.0,23.0,https_www_bestbottles_com_product_circle_design_50_ml_frosted_glass_bottle_black_vintage_style_bulb_sprayer_shiny_silver_collar_cap.html
LBCrclFrst50LtnClOvrCap,18-415,50.0,87.0,114.0,72.0,,23.0,https_www_bestbottles_com_product_circle_design_50_ml_frosted_glass_bottle_clear_over_the_cap_lotion_pump_matte_silver_collar_cap.html
GBCrclFrst50AnSpGl,18-415,50.0,87.0,115.0,,72.0,23.0,https_www_bestbottles_com_product_circle_design_50_ml_frosted_glass_bottle_gold_vintage_style_sprayer_shiny_gold_collar_cap.html
GBCrclFrst50AnSpIvyGl,18-415,50.0,87.0,115.0,,72.0,23.0,https_www_bestbottles_com_product_circle_design_50_ml_frosted_glass_bottle_ivory_vintage_style_bulb_sprayer_shiny_gold_collar_cap.html
GBCrclFrst50AnSpIvySl,18-415,50.0,87.0,115.0,,72.0,23.0,https_www_bestbottles_com_product_circle_design_50_ml_frosted_glass_bottle_ivory_vintage_style_bulb_sprayer_shiny_silver_collar_cap.html
GBCrclFrst50AnSpLvn,18-415,50.0,87.0,115.0,,72.0,23.0,https_www_bestbottles_com_product_circle_design_50_ml_frosted_glass_bottle_lavender_vintage_style_bulb_sprayer_shiny_silver_collar_cap.html
LBCrclFrst50LtnCu,18-415,50.0,87.0,112.0,72.0,,23.0,https_www_bestbottles_com_product_circle_design_50_ml_frosted_glass_bottle_matte_copper_lotion_pump_and_cap.html
GBCrclFrst50SpryCu,18-415,50.0,87.0,112.0,,72.0,23.0,https_www_bestbottles_com_product_circle_design_50_ml_frosted_glass_bottle_matte_copper_spray_and_cap.html
LBCrclFrst50LtnMtGl,18-415,50.0,87.0,112.0,72.0,,23.0,https_www_bestbottles_com_product_circle_design_50_ml_frosted_glass_bottle_matte_gold_lotion_pump_and_cap.html
GBCrclFrst50SpryMtGl,18-415,50.0,87.0,112.0,,72.0,23.0,https_www_bestbottles_com_product_circle_design_50_ml_frosted_glass_bottle_matte_gold_spray_pump_and_cap.html
LBCrclFrst50LtnMtSl,18-415,50.0,87.0,112.0,72.0,,23.0,https_www_bestbottles_com_product_circle_design_50_ml_frosted_glass_bottle_matte_silver_lotion_pump_and_cap.html
GBCrclFrst50SpryMtSl,18-415,50.0,87.0,112.0,,72.0,23.0,https_www_bestbottles_com_product_circle_design_50_ml_frosted_glass_bottle_matte_silver_spray_pump_and_cap.html
GBCrclFrst50AnSpMtSl,18-415,50.0,87.0,115.0,,72.0,23.0,https_www_bestbottles_com_product_circle_design_50_ml_frosted_glass_bottle_matte_silver_vintage_style_sprayer_matte_silver_collar_cap.html
GBCrclFrst50AnSpPnk,18-415,50.0,87.0,115.0,,72.0,23.0,https_www_bestbottles_com_product_circle_design_50_ml_frosted_glass_bottle_pink_vintage_style_bulb_sprayer_shiny_gold_collar_cap.html
GBCrclFrst50AnSpRed,18-415,50.0,87.0,115.0,,72.0,23.0,https_www_bestbottles_com_product_circle_design_50_ml_frosted_glass_bottle_red_vintage_style_bulb_sprayer_shiny_silver_collar_cap.html
GBCrclFrst50RdcrBlkLthr,18-415,50.0,87.0,101.0,,72.0,23.0,https_www_bestbottles_com_product_circle_design_50_ml_frosted_glass_bottle_reducer_black_faux_leather_cap.html
GBCrclFrst50RdcrShnBlk,18-415,50.0,87.0,91.0,,72.0,23.0,https_www_bestbottles_com_product_circle_design_50_ml_frosted_glass_bottle_reducer_black_shiny_cap.html
GBCrclFrst50RdcrBrwnLthr,18-415,50.0,87.0,101.0,,72.0,23.0,https_www_bestbottles_com_product_circle_design_50_ml_frosted_glass_bottle_reducer_brown_faux_leather_cap.html
GBCrclFrst50RdcrIvyLthr,18-400,50.0,87.0,101.0,,72.0,23.0,https_www_bestbottles_com_product_circle_design_50_ml_frosted_glass_bottle_reducer_ivory_faux_leather_cap.html
GBCrclFrst50RdcrLBrwnLthr,18-415,50.0,87.0,101.0,,72.0,23.0,https_www_bestbottles_com_product_circle_design_50_ml_frosted_glass_bottle_reducer_light_brown_faux_leather_cap.html
GBCrclFrst50RdcrPnkLthr,18-415,50.0,87.0,101.0,,72.0,23.0,https_www_bestbottles_com_product_circle_design_50_ml_frosted_glass_bottle_reducer_pink_faux_leather_cap.html
GBCrclFrst50RdcrShnGl,18-415,50.0,87.0,91.0,,72.0,23.0,https_www_bestbottles_com_product_circle_design_50_ml_frosted_glass_bottle_reducer_shiny_gold_cap.html
GBCrclFrst50RdcrShnSl,18-415,50.0,87.0,91.0,,72.0,23.0,https_www_bestbottles_com_product_circle_design_50_ml_frosted_glass_bottle_reducer_shiny_silver_cap.html
GBCrclFrst50RdcrShnBlkTall,18-415,50.0,87.0,99.0,,72.0,23.0,https_www_bestbottles_com_product_circle_design_50_ml_frosted_glass_bottle_reducer_tall_black_shiny_cap.html
GBCrclFrst50RdcrMtSl,18-415,50.0,87.0,91.0,,72.0,23.0,https_www_bestbottles_com_product_circle_design_50_ml_frosted_glass_bottle_reducer_tall_silver_matte_cap.html
GBCrclFrst50RdcrWht,18-415,50.0,87.0,99.0,,72.0,23.0,https_www_bestbottles_com_product_circle_design_50_ml_frosted_glass_bottle_reducer_white_cap.html
LBCrclFrst50LtnShnBlk,18-415,50.0,87.0,112.0,72.0,,23.0,https_www_bestbottles_com_product_circle_design_50_ml_frosted_glass_bottle_shiny_black_lotion_pump_and_cap.html
GBCrclFrst50SpryShnBlk,18-415,50.0,87.0,112.0,,72.0,23.0,https_www_bestbottles_com_product_circle_design_50_ml_frosted_glass_bottle_shiny_black_spray_pump_and_cap.html
LBCrclFrst50LtnShnGl,18-415,50.0,87.0,112.0,72.0,,23.0,https_www_bestbottles_com_product_circle_design_50_ml_frosted_glass_bottle_shiny_gold_lotion_pump_and_cap.html
GBCrclFrst50SpryShnGl,18-415,50.0,87.0,112.0,,72.0,23.0,https_www_bestbottles_com_product_circle_design_50_ml_frosted_glass_bottle_shiny_gold_spray_pump_and_cap.html
LBCrclFrst50LtnShnSl,18-415,50.0,87.0,112.0,72.0,,23.0,https_www_bestbottles_com_product_circle_design_50_ml_frosted_glass_bottle_shiny_silver_lotion_pump_and_cap.html
GBCrclFrst50SpryShnSl,18-415,50.0,87.0,112.0,,72.0,23.0,https_www_bestbottles_com_product_circle_design_50_ml_frosted_glass_bottle_shiny_silver_spray_and_cap.html
GBCrclFrst50DrpCu,18-415,50.0,87.0,110.0,,72.0,23.0,https_www_bestbottles_com_product_circle_design_50_ml_frosted_glass_bottle_white_dropper_shiny_copper_collar_cap.html
GBCrclFrst50DrpGl,18-415,50.0,87.0,110.0,,72.0,23.0,https_www_bestbottles_com_product_circle_design_50_ml_frosted_glass_bottle_white_dropper_shiny_gold_collar_cap.html
GBCrclFrst50DrpSl,18-415,50.0,87.0,110.0,,72.0,23.0,https_www_bestbottles_com_product_circle_design_50_ml_frosted_glass_bottle_white_dropper_shiny_silver_collar_cap.html
GBCrclFrst50AnSpWht,18-415,50.0,87.0,115.0,,72.0,23.0,https_www_bestbottles_com_product_circle_design_50_ml_frosted_glass_bottle_white_vintage_style_bulb_sprayer_shiny_silver_collar_cap.html
GBCrcl50AnSpBlk,18-415,50.0,87.0,115.0,,72.0,23.0,https_www_bestbottles_com_product_circle_design_50_ml_glass_bottle_black_vintage_style_bulb_sprayer_shiny_silver_collar_cap.html
GBCrcl50AnSpTslBlk,18-415,50.0,87.0,109.0,,72.0,23.0,https_www_bestbottles_com_product_circle_design_50_ml_glass_bottle_black_vintage_style_sprayer_with_tassel_shiny_silver_collar.html
LBCrcl50LtnClOvrCap,18-415,50.0,87.0,114.0,72.0,72.0,23.0,https_www_bestbottles_com_product_circle_design_50_ml_glass_bottle_clear_over_the_cap_lotion_pump_matte_silver_collar_cap.html
GBCrcl50AnSpGl,18-415,50.0,87.0,115.0,,72.0,23.0,https_www_bestbottles_com_product_circle_design_50_ml_glass_bottle_gold_vintage_style_sprayer_shiny_gold_collar_cap.html
GBCrcl50AnSpTslGl,18-415,50.0,87.0,109.0,,72.0,23.0,https_www_bestbottles_com_product_circle_design_50_ml_glass_bottle_gold_vintage_style_sprayer_with_tassel_shiny_gold_collar.html
GBCrcl50AnSpIvyGl,18-415,50.0,87.0,115.0,,72.0,23.0,https_www_bestbottles_com_product_circle_design_50_ml_glass_bottle_ivory_vintage_style_bulb_sprayer_shiny_gold_collar_cap.html
GBCrcl50AnSpIvySl,18-415,50.0,87.0,115.0,,72.0,23.0,https_www_bestbottles_com_product_circle_design_50_ml_glass_bottle_ivory_vintage_style_bulb_sprayer_shiny_silver_collar_cap.html
GBCrcl50AnSpTslIvyGl,18-415,50.0,87.0,109.0,,72.0,23.0,https_www_bestbottles_com_product_circle_design_50_ml_glass_bottle_ivory_vintage_style_sprayer_with_tassel_shiny_gold_collar.html
GBCrcl50AnSpTslIvySl,18-415,50.0,87.0,109.0,,72.0,23.0,https_www_bestbottles_com_product_circle_design_50_ml_glass_bottle_ivory_vintage_style_sprayer_with_tassel_shiny_silver_collar.html
GBCrcl50AnSpLvn,18-415,50.0,87.0,115.0,,72.0,23.0,https_www_bestbottles_com_product_circle_design_50_ml_glass_bottle_lavender_vintage_style_bulb_sprayer_shiny_silver_collar_cap.html
GBCrcl50AnSpTslLvn,18-415,50.0,87.0,109.0,,72.0,23.0,https_www_bestbottles_com_product_circle_design_50_ml_glass_bottle_lavender_vintage_style_sprayer_with_tassel_shiny_silver_collar.html
LBCrcl50LtnCu,18-415,50.0,87.0,112.0,72.0,72.0,23.0,https_www_bestbottles_com_product_circle_design_50_ml_glass_bottle_matte_copper_lotion_pump_and_cap.html
GBCrcl50SpryCu,18-415,50.0,87.0,112.0,,72.0,23.0,https_www_bestbottles_com_product_circle_design_50_ml_glass_bottle_matte_copper_spray_and_cap.html
LBCrcl50LtnMtGl,18-415,50.0,87.0,112.0,72.0,72.0,23.0,https_www_bestbottles_com_product_circle_design_50_ml_glass_bottle_matte_gold_lotion_pump_and_cap.html
GBCrcl50SpryMtGl,18-415,50.0,87.0,112.0,,72.0,23.0,https_www_bestbottles_com_product_circle_design_50_ml_glass_bottle_matte_gold_spray_pump_and_cap.html
LBCrcl50LtnMtSl,18-415,50.0,87.0,112.0,72.0,72.0,23.0,https_www_bestbottles_com_product_circle_design_50_ml_glass_bottle_matte_silver_lotion_pump_and_cap.html
GBCrcl50SpryMtSl,18-415,50.0,87.0,112.0,,72.0,23.0,https_www_bestbottles_com_product_circle_design_50_ml_glass_bottle_matte_silver_spray_pump_and_cap.html
GBCrcl50AnSpMtSl,18-415,50.0,87.0,115.0,,72.0,23.0,https_www_bestbottles_com_product_circle_design_50_ml_glass_bottle_matte_silver_vintage_style_sprayer_matte_silver_collar_cap.html
GBCrcl50AnSpTslMtSl,18-415,50.0,87.0,109.0,,72.0,23.0,https_www_bestbottles_com_product_circle_design_50_ml_glass_bottle_matte_silver_vintage_style_sprayer_with_tassel_matte_silver_collar.html
GBCrcl50AnSpPnk,18-415,50.0,87.0,115.0,,72.0,23.0,https_www_bestbottles_com_product_circle_design_50_ml_glass_bottle_pink_vintage_style_bulb_sprayer_shiny_gold_collar_cap.html
GBCrcl50AnSpTslPnk,18-415,50.0,87.0,109.0,,72.0,23.0,https_www_bestbottles_com_product_circle_design_50_ml_glass_bottle_pink_vintage_style_sprayer_with_tassel_shiny_gold_collar.html
GBCrcl50AnSpRed,18-415,50.0,87.0,115.0,,72.0,23.0,https_www_bestbottles_com_product_circle_design_50_ml_glass_bottle_red_vintage_style_bulb_sprayer_shiny_silver_collar_cap.html
GBCrcl50AnSpTslRed,18-415,50.0,87.0,109.0,,72.0,23.0,https_www_bestbottles_com_product_circle_design_50_ml_glass_bottle_red_vintage_style_sprayer_with_tassel_shiny_silver_collar.html
GBCrcl50RdcrBlkLthr,18-415,50.0,87.0,101.0,,72.0,23.0,https_www_bestbottles_com_product_circle_design_50_ml_glass_bottle_reducer_black_faux_leather_cap.html
GBCrcl50RdcrShnBlk,18-415,50.0,87.0,91.0,,72.0,23.0,https_www_bestbottles_com_product_circle_design_50_ml_glass_bottle_reducer_black_shiny_cap.html
GBCrcl50RdcrBrwnLthr,18-415,50.0,87.0,101.0,,72.0,23.0,https_www_bestbottles_com_product_circle_design_50_ml_glass_bottle_reducer_brown_faux_leather_cap.html
GBCrcl50RdcrIvyLthr,18-415,50.0,87.0,101.0,,72.0,23.0,https_www_bestbottles_com_product_circle_design_50_ml_glass_bottle_reducer_ivory_faux_leather_cap.html
GBCrcl50RdcrLBrwnLthr,18-415,50.0,87.0,101.0,,72.0,23.0,https_www_bestbottles_com_product_circle_design_50_ml_glass_bottle_reducer_light_brown_faux_leather_cap.html
GBCrcl50RdcrPnkLthr,18-415,50.0,87.0,101.0,,72.0,23.0,https_www_bestbottles_com_product_circle_design_50_ml_glass_bottle_reducer_pink_faux_leather_cap.html
GBCrcl50RdcrShnGl,18-415,50.0,87.0,91.0,,72.0,23.0,https_www_bestbottles_com_product_circle_design_50_ml_glass_bottle_reducer_shiny_gold_cap.html
GBCrcl50RdcrShnSl,18-415,50.0,87.0,91.0,,72.0,23.0,https_www_bestbottles_com_product_circle_design_50_ml_glass_bottle_reducer_shiny_silver_cap.html
GBCrcl50RdcrMtSl,18-415,50.0,87.0,91.0,,72.0,23.0,https_www_bestbottles_com_product_circle_design_50_ml_glass_bottle_reducer_silver_matte_cap.html
GBCrcl50RdcrShnBlkTall,18-415,50.0,87.0,99.0,,72.0,23.0,https_www_bestbottles_com_product_circle_design_50_ml_glass_bottle_reducer_tall_black_shiny_cap.html
GBCrcl50RdcrMtSlTall,18-415,50.0,87.0,99.0,,72.0,23.0,https_www_bestbottles_com_product_circle_design_50_ml_glass_bottle_reducer_tall_silver_matte_cap.html
GBCrcl50RdcrWht,18-415,50.0,87.0,91.0,,72.0,23.0,https_www_bestbottles_com_product_circle_design_50_ml_glass_bottle_reducer_white_cap.html
LBCrcl50LtnShnBlk,18-415,50.0,87.0,112.0,72.0,72.0,23.0,https_www_bestbottles_com_product_circle_design_50_ml_glass_bottle_shiny_black_lotion_pump_and_cap.html
GBCrcl50SpryShnBlk,18-415,50.0,87.0,112.0,,72.0,23.0,https_www_bestbottles_com_product_circle_design_50_ml_glass_bottle_shiny_black_spray_pump_and_cap.html
LBCrcl50LtnShnGl,18-415,50.0,87.0,112.0,72.0,72.0,23.0,https_www_bestbottles_com_product_circle_design_50_ml_glass_bottle_shiny_gold_lotion_pump_and_cap.html
GBCrcl50SpryShnGl,18-415,50.0,87.0,112.0,,72.0,23.0,https_www_bestbottles_com_product_circle_design_50_ml_glass_bottle_shiny_gold_spray_pump_and_cap.html
LBCrcl50LtnShnSl,18-415,50.0,87.0,112.0,72.0,72.0,23.0,https_www_bestbottles_com_product_circle_design_50_ml_glass_bottle_shiny_silver_lotion_pump_and_cap.html
GBCrcl50SpryShnSl,18-415,50.0,87.0,112.0,,72.0,23.0,https_www_bestbottles_com_product_circle_design_50_ml_glass_bottle_shiny_silver_spray_and_cap.html
GBCrcl50DrpCu,18-415,50.0,87.0,110.0,,72.0,23.0,https_www_bestbottles_com_product_circle_design_50_ml_glass_bottle_white_dropper_shiny_copper_collar_cap.html
GBCrcl50DrpGl,18-415,50.0,87.0,110.0,,72.0,23.0,https_www_bestbottles_com_product_circle_design_50_ml_glass_bottle_white_dropper_shiny_gold_collar_cap.html
GBCrcl50DrpSl,18-415,50.0,87.0,110.0,,72.0,23.0,https_www_bestbottles_com_product_circle_design_50_ml_glass_bottle_white_dropper_shiny_silver_collar_cap.html
GBCrcl50AnSpWht,18-415,50.0,87.0,115.0,,72.0,23.0,https_www_bestbottles_com_product_circle_design_50_ml_glass_bottle_white_vintage_style_bulb_sprayer_shiny_silver_collar_cap.html
GBCrcl50AnSpTslWht,18-415,50.0,87.0,109.0,,72.0,23.0,https_www_bestbottles_com_product_circle_design_50_ml_glass_bottle_white_vintage_style_sprayer_with_tassel_shiny_silver_collar.html
CJClr15Wht,,15.0,31.0,31.0,48.0,48.0,,https_www_bestbottles_com_product_cream_jar_style_15_ml_clear_plastic_bottle_clear_cap.html
CJClr15Pnk,,15.0,26.0,29.0,55.0,55.0,,https_www_bestbottles_com_product_cream_jar_style_15_ml_clear_plastic_bottle_pink_cap.html
CJWhite20,,20.0,,29.0,55.0,,,https_www_bestbottles_com_product_cream_jar_style_20_ml_white_plastic_bottle_white_cap.html
CJAmb30BlkCap,,30.0,35.0,40.0,52.0,52.0,,https_www_bestbottles_com_product_cream_jar_style_30_ml_amber_glass_bottle_black_cap.html
CJAmb30SlCap,,30.0,35.0,40.0,52.0,52.0,,https_www_bestbottles_com_product_cream_jar_style_30_ml_amber_glass_bottle_silver_cap.html
CJFrst30BlkCap,,30.0,35.0,40.0,52.0,,,https_www_bestbottles_com_product_cream_jar_style_30_ml_frosted_glass_bottle_black_cap.html
CJFrst30SlCap,,30.0,35.0,40.0,52.0,,,https_www_bestbottles_com_product_cream_jar_style_30_ml_frosted_glass_bottle_silver_cap.html
CJBlu3,,3.0,18.0,20.0,35.0,35.0,,https_www_bestbottles_com_product_cream_jar_style_3_ml_blue_plastic_bottle_blue_cap.html
CJClr3,,3.0,22.0,24.0,33.0,33.0,,https_www_bestbottles_com_product_cream_jar_style_3_ml_plastic_bottle_clear_cap.html
CJAmb40BlkCap,,40.0,42.0,47.0,56.0,56.0,,https_www_bestbottles_com_product_cream_jar_style_40_ml_amber_glass_bottle_black_cap.html
CJAmb40SlCap,,40.0,42.0,47.0,56.0,56.0,,https_www_bestbottles_com_product_cream_jar_style_40_ml_amber_glass_bottle_silver_cap.html
CJFrst40BlkCap,,40.0,42.0,47.0,56.0,,,https_www_bestbottles_com_product_cream_jar_style_40_ml_frosted_glass_bottle_black_cap.html
CJFrst40SlCap,,40.0,42.0,47.0,56.0,,,https_www_bestbottles_com_product_cream_jar_style_40_ml_frosted_glass_bottle_silver_cap.html
CJAmb5mlBlkCap,,5.0,24.0,28.0,31.0,31.0,,https_www_bestbottles_com_product_cream_jar_style_5_ml_amber_glass_bottle_black_cap.html
CJAmb5mlSlCap,,5.0,24.0,28.0,31.0,31.0,,https_www_bestbottles_com_product_cream_jar_style_5_ml_amber_glass_bottle_silver_cap.html
CJClr5mlClrCap,,5.0,16.0,18.0,31.0,31.0,,https_www_bestbottles_com_product_cream_jar_style_5_ml_clear_plastic_bottle_clear_cap.html
GBCyl100AnSpBlk,18-415,100.0,154.0,199.0,35.0,,,https_www_bestbottles_com_product_cylinder_design_100_ml_glass_bottle_black_vintage_style_bulb_sprayer_shiny_silver_collar_cap.html
GBCyl100AnSpTslBlk,18-415,100.0,154.0,191.0,35.0,,,https_www_bestbottles_com_product_cylinder_design_100_ml_glass_bottle_black_vintage_style_sprayer_with_tassel_shiny_silver_collar.html
LBCyl100LtnClOvrCap,18-415,100.0,154.0,196.0,35.0,,,https_www_bestbottles_com_product_cylinder_design_100_ml_glass_bottle_clear_over_the_cap_lotion_pump_matte_silver_collar_cap.html
GBCyl100AnSpGl,18-415,100.0,154.0,199.0,35.0,,,https_www_bestbottles_com_product_cylinder_design_100_ml_glass_bottle_gold_vintage_style_sprayer_shiny_gold_collar_cap.html
GBCyl100AnSpTslGl,18-415,100.0,154.0,191.0,35.0,,,https_www_bestbottles_com_product_cylinder_design_100_ml_glass_bottle_gold_vintage_style_sprayer_with_tassel_shiny_gold_collar.html
GBCyl100AnSpIvyGl,18-415,100.0,154.0,199.0,35.0,,,https_www_bestbottles_com_product_cylinder_design_100_ml_glass_bottle_ivory_vintage_style_bulb_sprayer_shiny_gold_collar_cap.html
GBCyl100AnSpIvySl,18-415,100.0,154.0,199.0,35.0,,,https_www_bestbottles_com_product_cylinder_design_100_ml_glass_bottle_ivory_vintage_style_bulb_sprayer_shiny_silver_collar_cap.html
GBCyl100AnSpTslIvyGl,18-415,100.0,154.0,191.0,35.0,,,https_www_bestbottles_com_product_cylinder_design_100_ml_glass_bottle_ivory_vintage_style_sprayer_with_tassel_shiny_gold_collar.html
GBCyl100AnSpTslIvySl,18-415,100.0,154.0,191.0,35.0,,,https_www_bestbottles_com_product_cylinder_design_100_ml_glass_bottle_ivory_vintage_style_sprayer_with_tassel_shiny_silver_collar.html
GBCyl100AnSpLvn,18-415,100.0,154.0,199.0,35.0,,,https_www_bestbottles_com_product_cylinder_design_100_ml_glass_bottle_lavender_vintage_style_bulb_sprayer_shiny_silver_collar_cap.html
GBCyl100AnSpTslLvn,18-415,100.0,154.0,191.0,35.0,,,https_www_bestbottles_com_product_cylinder_design_100_ml_glass_bottle_lavender_vintage_style_sprayer_with_tassel_shiny_silver_collar.html
LBCyl100LtnCu,18-415,100.0,154.0,195.0,35.0,,,https_www_bestbottles_com_product_cylinder_design_100_ml_glass_bottle_matte_copper_lotion_pump_and_cap.html
GBCyl100SpryCu,18-415,100.0,154.0,195.0,35.0,,,https_www_bestbottles_com_product_cylinder_design_100_ml_glass_bottle_matte_copper_spray_and_cap.html
LBCyl100LtnMtGl,18-415,100.0,154.0,195.0,35.0,,,https_www_bestbottles_com_product_cylinder_design_100_ml_glass_bottle_matte_gold_lotion_pump_and_cap.html
GBCyl100SpryMtGl,18-415,100.0,154.0,195.0,35.0,,,https_www_bestbottles_com_product_cylinder_design_100_ml_glass_bottle_matte_gold_spray_pump_and_cap.html
LBCyl100LtnMtSl,18-415,100.0,154.0,195.0,35.0,,,https_www_bestbottles_com_product_cylinder_design_100_ml_glass_bottle_matte_silver_lotion_pump_and_cap.html
GBCyl100SpryMtSl,18-415,100.0,154.0,195.0,35.0,,,https_www_bestbottles_com_product_cylinder_design_100_ml_glass_bottle_matte_silver_spray_pump_and_cap.html
GBCyl100AnSpMtSl,18-415,100.0,154.0,199.0,35.0,,,https_www_bestbottles_com_product_cylinder_design_100_ml_glass_bottle_matte_silver_vintage_style_sprayer_matte_silver_collar_cap.html
GBCyl100AnSpTslMtSl,18-415,100.0,154.0,191.0,35.0,,,https_www_bestbottles_com_product_cylinder_design_100_ml_glass_bottle_matte_silver_vintage_style_sprayer_with_tassel_matte_silver_collar.html
GBCyl100AnSpPnk,18-415,100.0,154.0,199.0,35.0,,,https_www_bestbottles_com_product_cylinder_design_100_ml_glass_bottle_pink_vintage_style_bulb_sprayer_shiny_gold_collar_cap.html
GBCyl100AnSpTslPnk,18-415,100.0,154.0,191.0,35.0,,,https_www_bestbottles_com_product_cylinder_design_100_ml_glass_bottle_pink_vintage_style_sprayer_with_tassel_shiny_gold_collar.html
GBCyl100AnSpRed,18-415,100.0,154.0,199.0,35.0,,,https_www_bestbottles_com_product_cylinder_design_100_ml_glass_bottle_red_vintage_style_bulb_sprayer_shiny_silver_collar_cap.html
GBCyl100AnSpTslRed,18-415,100.0,154.0,191.0,35.0,,,https_www_bestbottles_com_product_cylinder_design_100_ml_glass_bottle_red_vintage_style_sprayer_with_tassel_shiny_silver_collar.html
GBCyl100RdcrBlkLthr,18-415,100.0,154.0,184.0,35.0,,,https_www_bestbottles_com_product_cylinder_design_100_ml_glass_bottle_reducer_black_faux_leather_cap.html
GBCyl100RdcrShnBlk,18-415,100.0,154.0,173.0,35.0,,,https_www_bestbottles_com_product_cylinder_design_100_ml_glass_bottle_reducer_black_shiny_cap.html
GBCyl100RdcrBrwnLthr,18-415,100.0,154.0,184.0,35.0,,,https_www_bestbottles_com_product_cylinder_design_100_ml_glass_bottle_reducer_brown_faux_leather_cap.html
GBCyl100RdcrIvyLthr,18-415,100.0,154.0,184.0,35.0,,,https_www_bestbottles_com_product_cylinder_design_100_ml_glass_bottle_reducer_ivory_faux_leather_cap.html
GBCyl100RdcrLBrwnLthr,18-415,100.0,154.0,184.0,35.0,,,https_www_bestbottles_com_product_cylinder_design_100_ml_glass_bottle_reducer_light_brown_faux_leather_cap.html
GBCyl100RdcrPnkLthr,18-415,100.0,154.0,184.0,35.0,,,https_www_bestbottles_com_product_cylinder_design_100_ml_glass_bottle_reducer_pink_faux_leather_cap.html
GBCyl100RdcrShnGl,18-415,100.0,154.0,173.0,35.0,,,https_www_bestbottles_com_product_cylinder_design_100_ml_glass_bottle_reducer_shiny_gold_cap.html
GBCyl100RdcrShnSl,18-415,100.0,154.0,173.0,35.0,,,https_www_bestbottles_com_product_cylinder_design_100_ml_glass_bottle_reducer_shiny_silver_cap.html
GBCyl100RdcrMtSl,18-415,100.0,154.0,173.0,35.0,,,https_www_bestbottles_com_product_cylinder_design_100_ml_glass_bottle_reducer_silver_matte_cap.html
GBCyl100RdcrShnBlkTall,18-415,100.0,154.0,180.0,35.0,,,https_www_bestbottles_com_product_cylinder_design_100_ml_glass_bottle_reducer_tall_black_shiny_cap.html
GBCyl100RdcrMtSlTall,18-415,100.0,154.0,180.0,35.0,,,https_www_bestbottles_com_product_cylinder_design_100_ml_glass_bottle_reducer_tall_silver_matte_cap.html
GBCyl100RdcrWht,18-415,100.0,154.0,180.0,35.0,,,https_www_bestbottles_com_product_cylinder_design_100_ml_glass_bottle_reducer_white_cap.html
LBCyl100LtnShnBlk,18-415,100.0,154.0,195.0,35.0,,,https_www_bestbottles_com_product_cylinder_design_100_ml_glass_bottle_shiny_black_lotion_pump_and_cap.html
GBCyl100SpryShnBlk,18-415,100.0,154.0,195.0,35.0,,,https_www_bestbottles_com_product_cylinder_design_100_ml_glass_bottle_shiny_black_spray_pump_and_cap.html
LBCyl100LtnShnGl,18-415,100.0,154.0,195.0,35.0,,,https_www_bestbottles_com_product_cylinder_design_100_ml_glass_bottle_shiny_gold_lotion_pump_and_cap.html
GBCyl100SpryShnGl,18-415,100.0,154.0,195.0,35.0,,,https_www_bestbottles_com_product_cylinder_design_100_ml_glass_bottle_shiny_gold_spray_pump_and_cap.html
LBCyl100LtnShnSl,18-415,100.0,154.0,195.0,35.0,,,https_www_bestbottles_com_product_cylinder_design_100_ml_glass_bottle_shiny_silver_lotion_pump_and_cap.html
GBCyl100SpryShnSl,18-415,100.0,154.0,195.0,35.0,,,https_www_bestbottles_com_product_cylinder_design_100_ml_glass_bottle_shiny_silver_spray_and_cap.html
GBCyl100AnSpWht,18-415,100.0,154.0,199.0,35.0,,,https_www_bestbottles_com_product_cylinder_design_100_ml_glass_bottle_white_vintage_style_bulb_sprayer_shiny_silver_collar_cap.html
GBCyl100AnSpTslWht,18-415,100.0,154.0,191.0,35.0,,,https_www_bestbottles_com_product_cylinder_design_100_ml_glass_bottle_white_vintage_style_sprayer_with_tassel_shiny_silver_collar.html
PbClear8ozFlpWh,,227.0,156.0,159.0,51.0,,,https_www_bestbottles_com_product_cylinder_design_16_oz_plastic_bottle_white_flip_top_cap.html
LBcyl25LtnClOvrCap,18-415,25.0,83.0,109.0,32.0,,,https_www_bestbottles_com_product_cylinder_design_25_ml_glass_bottle_clear_over_the_cap_lotion_pump_matte_silver_collar_cap.html
LBcyl25LtnCu,18-415,25.0,83.0,108.0,32.0,,,https_www_bestbottles_com_product_cylinder_design_25_ml_glass_bottle_matte_copper_lotion_pump_and_cap.html
LBcyl25LtnMtGl,18-415,25.0,83.0,108.0,32.0,,,https_www_bestbottles_com_product_cylinder_design_25_ml_glass_bottle_matte_gold_lotion_pump_and_cap.html
LBcyl25LtnMtSl,18-415,25.0,83.0,108.0,32.0,,,https_www_bestbottles_com_product_cylinder_design_25_ml_glass_bottle_matte_silver_lotion_pump_and_cap.html
LBcyl25LtnShnBlk,18-415,25.0,83.0,108.0,32.0,,,https_www_bestbottles_com_product_cylinder_design_25_ml_glass_bottle_shiny_black_lotion_pump_and_cap.html
LBcyl25LtnShnGl,18-415,25.0,83.0,108.0,32.0,,,https_www_bestbottles_com_product_cylinder_design_25_ml_glass_bottle_shiny_gold_lotion_pump_and_cap.html
LBcyl25LtnShnSl,18-415,25.0,83.0,108.0,32.0,,,https_www_bestbottles_com_product_cylinder_design_25_ml_glass_bottle_shiny_silver_lotion_pump_and_cap.html
PbClear4ozFlpWh,,114.0,116.0,124.0,41.0,,,https_www_bestbottles_com_product_cylinder_design_4_oz_plastic_bottle_white_flip_top_cap.html
GBCyl50AnSpBlk,18-415,50.0,117.0,142.0,32.0,,,https_www_bestbottles_com_product_cylinder_design_50_ml_glass_bottle_black_vintage_style_bulb_sprayer_shiny_silver_collar_cap.html
GBCyl50AnSpTslBlk,18-415,50.0,117.0,138.0,32.0,,,https_www_bestbottles_com_product_cylinder_design_50_ml_glass_bottle_black_vintage_style_sprayer_with_tassel_shiny_silver_collar.html
LBCyl50LtnClOvrCap,18-415,50.0,117.0,142.0,32.0,,,https_www_bestbottles_com_product_cylinder_design_50_ml_glass_bottle_clear_over_the_cap_lotion_pump_matte_silver_collar_cap.html
GBCyl50AnSpGl,18-415,50.0,117.0,142.0,32.0,,,https_www_bestbottles_com_product_cylinder_design_50_ml_glass_bottle_gold_vintage_style_sprayer_shiny_gold_collar_cap.html
GBCyl50AnSpTslGl,18-415,50.0,117.0,138.0,32.0,,,https_www_bestbottles_com_product_cylinder_design_50_ml_glass_bottle_gold_vintage_style_sprayer_with_tassel_shiny_gold_collar.html
GBCyl50AnSpIvyGl,18-415,50.0,117.0,142.0,32.0,,,https_www_bestbottles_com_product_cylinder_design_50_ml_glass_bottle_ivory_vintage_style_bulb_sprayer_shiny_gold_collar_cap.html
GBCyl50AnSpIvySl,18-415,50.0,117.0,142.0,32.0,,,https_www_bestbottles_com_product_cylinder_design_50_ml_glass_bottle_ivory_vintage_style_bulb_sprayer_shiny_silver_collar_cap.html
GBCyl50AnSpTslIvyGl,18-415,50.0,117.0,138.0,32.0,,,https_www_bestbottles_com_product_cylinder_design_50_ml_glass_bottle_ivory_vintage_style_sprayer_with_tassel_shiny_gold_collar.html
GBCyl50AnSpTslIvySl,18-415,50.0,117.0,138.0,32.0,,,https_www_bestbottles_com_product_cylinder_design_50_ml_glass_bottle_ivory_vintage_style_sprayer_with_tassel_shiny_silver_collar.html
GBCyl50AnSpLvn,18-415,50.0,117.0,142.0,32.0,,,https_www_bestbottles_com_product_cylinder_design_50_ml_glass_bottle_lavender_vintage_style_bulb_sprayer_shiny_silver_collar_cap.html
GBCyl50AnSpTslLvn,18-415,50.0,117.0,138.0,32.0,,,https_www_bestbottles_com_product_cylinder_design_50_ml_glass_bottle_lavender_vintage_style_sprayer_with_tassel_shiny_silver_collar.html
LBCyl50LtnCu,18-415,50.0,117.0,142.0,32.0,,,https_www_bestbottles_com_product_cylinder_design_50_ml_glass_bottle_matte_copper_lotion_pump_and_cap.html
GBCyl50SpryCu,18-415,50.0,117.0,142.0,32.0,,,https_www_bestbottles_com_product_cylinder_design_50_ml_glass_bottle_matte_copper_spray_and_cap.html
LBCyl50LtnMtGl,18-415,50.0,117.0,142.0,32.0,,,https_www_bestbottles_com_product_cylinder_design_50_ml_glass_bottle_matte_gold_lotion_pump_and_cap.html
GBCyl50SpryMtGl,18-415,50.0,117.0,142.0,32.0,,,https_www_bestbottles_com_product_cylinder_design_50_ml_glass_bottle_matte_gold_spray_pump_and_cap.html
LBCyl50LtnMtSl,18-415,50.0,117.0,142.0,32.0,,,https_www_bestbottles_com_product_cylinder_design_50_ml_glass_bottle_matte_silver_lotion_pump_and_cap.html
GBCyl50SpryMtSl,18-415,50.0,117.0,142.0,32.0,,,https_www_bestbottles_com_product_cylinder_design_50_ml_glass_bottle_matte_silver_spray_pump_and_cap.html
GBCyl50AnSpMtSl,18-415,50.0,117.0,142.0,32.0,,,https_www_bestbottles_com_product_cylinder_design_50_ml_glass_bottle_matte_silver_vintage_style_sprayer_matte_silver_collar_cap.html
GBCyl50AnSpTslMtSl,18-415,50.0,117.0,138.0,32.0,,,https_www_bestbottles_com_product_cylinder_design_50_ml_glass_bottle_matte_silver_vintage_style_sprayer_with_tassel_matte_silver_collar.html
GBCyl50AnSpPnk,18-415,50.0,117.0,142.0,32.0,,,https_www_bestbottles_com_product_cylinder_design_50_ml_glass_bottle_pink_vintage_style_bulb_sprayer_shiny_gold_collar_cap.html
GBCyl50AnSpTslPnk,18-415,50.0,117.0,138.0,32.0,,,https_www_bestbottles_com_product_cylinder_design_50_ml_glass_bottle_pink_vintage_style_sprayer_with_tassel_shiny_gold_collar.html
GBCyl50AnSpRed,18-415,50.0,117.0,142.0,32.0,,,https_www_bestbottles_com_product_cylinder_design_50_ml_glass_bottle_red_vintage_style_bulb_sprayer_shiny_silver_collar_cap.html
GBCyl50AnSpTslRed,18-415,50.0,117.0,138.0,32.0,,,https_www_bestbottles_com_product_cylinder_design_50_ml_glass_bottle_red_vintage_style_sprayer_with_tassel_shiny_silver_collar.html
GBCyl50RdcrBlkLthr,18-415,50.0,117.0,131.0,32.0,,,https_www_bestbottles_com_product_cylinder_design_50_ml_glass_bottle_reducer_black_faux_leather_cap.html
GBCyl50RdcrShnBlk,18-415,50.0,117.0,121.0,32.0,,,https_www_bestbottles_com_product_cylinder_design_50_ml_glass_bottle_reducer_black_shiny_cap.html
GBCyl50RdcrBrwnLthr,18-415,50.0,117.0,131.0,32.0,,,https_www_bestbottles_com_product_cylinder_design_50_ml_glass_bottle_reducer_brown_faux_leather_cap.html
GBCyl50RdcrIvyLthr,18-415,50.0,117.0,131.0,32.0,,,https_www_bestbottles_com_product_cylinder_design_50_ml_glass_bottle_reducer_ivory_faux_leather_cap.html
GBCyl50RdcrLBrwnLthr,18-415,50.0,117.0,131.0,32.0,,,https_www_bestbottles_com_product_cylinder_design_50_ml_glass_bottle_reducer_light_brown_faux_leather_cap.html
GBCyl50RdcrPnkLthr,18-415,50.0,117.0,131.0,32.0,,,https_www_bestbottles_com_product_cylinder_design_50_ml_glass_bottle_reducer_pink_faux_leather_cap.html
GBCyl50RdcrShnGl,18-415,50.0,117.0,121.0,32.0,,,https_www_bestbottles_com_product_cylinder_design_50_ml_glass_bottle_reducer_shiny_gold_cap.html
GBCyl50RdcrShnSl,18-415,50.0,117.0,121.0,32.0,,,https_www_bestbottles_com_product_cylinder_design_50_ml_glass_bottle_reducer_shiny_silver_cap.html
GBCyl50RdcrMtSl,18-415,50.0,117.0,121.0,32.0,,,https_www_bestbottles_com_product_cylinder_design_50_ml_glass_bottle_reducer_silver_matte_cap.html
GBCyl50RdcrShnBlkTall,18-415,50.0,117.0,128.0,32.0,,,https_www_bestbottles_com_product_cylinder_design_50_ml_glass_bottle_reducer_tall_black_shiny_cap.html
GBCyl50RdcrMtSlTall,18-415,50.0,117.0,128.0,32.0,,,https_www_bestbottles_com_product_cylinder_design_50_ml_glass_bottle_reducer_tall_silver_matte_cap.html
GBCyl50RdcrWht,18-415,50.0,117.0,128.0,32.0,,,https_www_bestbottles_com_product_cylinder_design_50_ml_glass_bottle_reducer_white_cap.html
LBCyl50LtnShnBlk,18-415,50.0,117.0,142.0,32.0,,,https_www_bestbottles_com_product_cylinder_design_50_ml_glass_bottle_shiny_black_lotion_pump_and_cap.html
GBCyl50SpryShnBlk,18-415,50.0,117.0,142.0,32.0,,,https_www_bestbottles_com_product_cylinder_design_50_ml_glass_bottle_shiny_black_spray_pump_and_cap.html
LBCyl50LtnShnGl,18-415,50.0,117.0,142.0,32.0,,,https_www_bestbottles_com_product_cylinder_design_50_ml_glass_bottle_shiny_gold_lotion_pump_and_cap.html
GBCyl50SpryShnGl,18-415,50.0,117.0,142.0,32.0,,,https_www_bestbottles_com_product_cylinder_design_50_ml_glass_bottle_shiny_gold_spray_pump_and_cap.html
LBCyl50LtnShnSl,18-415,50.0,117.0,142.0,32.0,,,https_www_bestbottles_com_product_cylinder_design_50_ml_glass_bottle_shiny_silver_lotion_pump_and_cap.html
GBCyl50SpryShnSl,18-415,50.0,117.0,142.0,32.0,,,https_www_bestbottles_com_product_cylinder_design_50_ml_glass_bottle_shiny_silver_spray_and_cap.html
GBCyl50AnSpWht,18-415,50.0,117.0,142.0,32.0,,,https_www_bestbottles_com_product_cylinder_design_50_ml_glass_bottle_white_vintage_style_bulb_sprayer_shiny_silver_collar_cap.html
GBCyl50AnSpTslWht,18-415,50.0,117.0,138.0,32.0,,,https_www_bestbottles_com_product_cylinder_design_50_ml_glass_bottle_white_vintage_style_sprayer_with_tassel_shiny_silver_collar.html
GBCylBlu5SpryBluMatt,13-415,5.0,53.0,72.0,17.0,,,https_www_bestbottles_com_product_cylinder_design_5_ml_blue_glass_bottle_matte_blue_spray.html
GBCylBlu5SpryCuMatt,13-415,5.0,53.0,72.0,17.0,,,https_www_bestbottles_com_product_cylinder_design_5_ml_blue_glass_bottle_matte_copper_spray.html
GBCylBlu5SpryGlMatt,13-415,5.0,53.0,72.0,17.0,,,https_www_bestbottles_com_product_cylinder_design_5_ml_blue_glass_bottle_matte_gold_spray.html
GBCylBlu5SprySlMatt,13-415,5.0,53.0,72.0,17.0,,,https_www_bestbottles_com_product_cylinder_design_5_ml_blue_glass_bottle_matte_silver_spray.html
GBCylBlu5MtlRollBlkSh,13-415,5.0,53.0,65.0,17.0,,,https_www_bestbottles_com_product_cylinder_design_5_ml_blue_glass_bottle_metal_roller_ball_plug_black_shiny_cap.html
GBCylBlu5MtlRollBlkDot,13-415,5.0,53.0,65.0,17.0,,,https_www_bestbottles_com_product_cylinder_design_5_ml_blue_glass_bottle_metal_roller_ball_plug_black_shiny_cap_with_dots.html
GBCylBlu5MtlRollCuMatt,13-415,5.0,53.0,65.0,17.0,,,https_www_bestbottles_com_product_cylinder_design_5_ml_blue_glass_bottle_metal_roller_ball_plug_matte_copper_cap.html
GBCylBlu5MtlRollGlMatt,13-415,5.0,53.0,65.0,17.0,,,https_www_bestbottles_com_product_cylinder_design_5_ml_blue_glass_bottle_metal_roller_ball_plug_matte_gold_cap.html
GBCylBlu5MtlRollSlMatt,13-415,5.0,53.0,65.0,17.0,,,https_www_bestbottles_com_product_cylinder_design_5_ml_blue_glass_bottle_metal_roller_ball_plug_matte_silver_cap.html
GBCylBlu5MtlRollPinkDot,13-415,5.0,53.0,65.0,17.0,,,https_www_bestbottles_com_product_cylinder_design_5_ml_blue_glass_bottle_metal_roller_ball_plug_pink_cap_with_dots.html
GBCylBlu5MtlRollGlSh,13-415,5.0,53.0,65.0,17.0,,,https_www_bestbottles_com_product_cylinder_design_5_ml_blue_glass_bottle_metal_roller_ball_plug_shiny_gold_cap.html
GBCylBlu5MtlRollSlSh,13-415,5.0,53.0,65.0,17.0,,,https_www_bestbottles_com_product_cylinder_design_5_ml_blue_glass_bottle_metal_roller_ball_plug_shiny_silver_cap.html
GBCylBlu5MtlRollSlDot,13-415,5.0,53.0,65.0,17.0,,,https_www_bestbottles_com_product_cylinder_design_5_ml_blue_glass_bottle_metal_roller_ball_plug_silver_cap_with_dots.html
GBCylBlu5RollBlkSh,13-415,5.0,53.0,65.0,17.0,,,https_www_bestbottles_com_product_cylinder_design_5_ml_blue_glass_bottle_plastic_roller_ball_plug_black_shiny_cap.html
GBCylBlu5RollBlkDot,13-415,5.0,53.0,65.0,17.0,,,https_www_bestbottles_com_product_cylinder_design_5_ml_blue_glass_bottle_plastic_roller_ball_plug_black_shiny_cap_with_dots.html
GBCylBlu5RollCuMatt,13-415,5.0,53.0,65.0,17.0,,,https_www_bestbottles_com_product_cylinder_design_5_ml_blue_glass_bottle_plastic_roller_ball_plug_matte_copper_cap.html
GBCylBlu5RollGlMatt,13-415,5.0,53.0,65.0,17.0,,,https_www_bestbottles_com_product_cylinder_design_5_ml_blue_glass_bottle_plastic_roller_ball_plug_matte_gold_cap.html
GBCylBlu5RollSlMatt,13-415,5.0,53.0,65.0,17.0,,,https_www_bestbottles_com_product_cylinder_design_5_ml_blue_glass_bottle_plastic_roller_ball_plug_matte_silver_cap.html
GBCylBlu5RollPinkDot,13-415,5.0,53.0,65.0,17.0,,,https_www_bestbottles_com_product_cylinder_design_5_ml_blue_glass_bottle_plastic_roller_ball_plug_pink_cap_with_dots.html
GBCylBlu5RollGlSh,13-415,5.0,53.0,65.0,17.0,,,https_www_bestbottles_com_product_cylinder_design_5_ml_blue_glass_bottle_plastic_roller_ball_plug_shiny_gold_cap.html
GBCylBlu5RollSlSh,13-415,5.0,53.0,65.0,17.0,,,https_www_bestbottles_com_product_cylinder_design_5_ml_blue_glass_bottle_plastic_roller_ball_plug_shiny_silver_cap.html
GBCylBlu5RollSlDot,13-415,5.0,53.0,65.0,17.0,,,https_www_bestbottles_com_product_cylinder_design_5_ml_blue_glass_bottle_plastic_roller_ball_plug_silver_cap_with_dots.html
GBCylBlu5SpryBlkSh,13-415,5.0,53.0,72.0,17.0,,,https_www_bestbottles_com_product_cylinder_design_5_ml_blue_glass_bottle_shiny_black_spray.html
GBCylBlu5Gl,13-415,5.0,53.0,65.0,17.0,,,https_www_bestbottles_com_product_cylinder_design_5_ml_blue_glass_bottle_shiny_gold_cap.html
GBCylBlu5SpryGlSh,13-415,5.0,53.0,72.0,17.0,,,https_www_bestbottles_com_product_cylinder_design_5_ml_blue_glass_bottle_shiny_gold_spray.html
GBCylBlu5Sl,13-415,5.0,53.0,65.0,17.0,,,https_www_bestbottles_com_product_cylinder_design_5_ml_blue_glass_bottle_shiny_silver_cap.html
GBCylBlu5SprySlSh,13-415,5.0,53.0,72.0,17.0,,,https_www_bestbottles_com_product_cylinder_design_5_ml_blue_glass_bottle_shiny_silver_spray.html
GBCylBlu5BlkSht,13-415,5.0,53.0,55.0,17.0,,,https_www_bestbottles_com_product_cylinder_design_5_ml_blue_glass_bottle_short_black_cap.html
GBCylBlu5BlkShSht,13-415,5.0,53.0,59.0,17.0,,,https_www_bestbottles_com_product_cylinder_design_5_ml_blue_glass_bottle_short_shiny_black_cap.html
GBCylBlu5WhtSht,13-415,5.0,53.0,55.0,17.0,,,https_www_bestbottles_com_product_cylinder_design_5_ml_blue_glass_bottle_short_white_cap.html
GBCyl5SpryBlkMatt,13-415,5.0,53.0,72.0,17.0,,,https_www_bestbottles_com_product_cylinder_design_5_ml_glass_bottle_matte_black_spray.html
GBCyl5SpryBluMatt,13-415,5.0,53.0,72.0,17.0,,,https_www_bestbottles_com_product_cylinder_design_5_ml_glass_bottle_matte_blue_spray.html
GBCyl5SpryCuMatt,13-415,5.0,53.0,72.0,17.0,,,https_www_bestbottles_com_product_cylinder_design_5_ml_glass_bottle_matte_copper_spray.html
GBCyl5SpryGlMatt,13-415,5.0,53.0,72.0,17.0,,,https_www_bestbottles_com_product_cylinder_design_5_ml_glass_bottle_matte_gold_spray.html
GBCyl5SprySlMatt,13-415,5.0,53.0,72.0,17.0,,,https_www_bestbottles_com_product_cylinder_design_5_ml_glass_bottle_matte_silver_spray.html
GBCyl5MtlRollBlkSh,13-415,5.0,53.0,65.0,17.0,,,https_www_bestbottles_com_product_cylinder_design_5_ml_glass_bottle_metal_roller_ball_plug_black_shiny_cap.html
GBCyl5MtlRollBlkDot,13-415,5.0,53.0,65.0,17.0,,,https_www_bestbottles_com_product_cylinder_design_5_ml_glass_bottle_metal_roller_ball_plug_black_shiny_cap_with_dots.html
GBCyl5MtlRollCuMatt,13-415,5.0,53.0,65.0,17.0,,,https_www_bestbottles_com_product_cylinder_design_5_ml_glass_bottle_metal_roller_ball_plug_matte_copper_cap.html
GBCyl5MtlRollGlMatt,13-415,5.0,53.0,65.0,17.0,,,https_www_bestbottles_com_product_cylinder_design_5_ml_glass_bottle_metal_roller_ball_plug_matte_gold_cap.html
GBCyl5MtlRollSlMatt,13-415,5.0,53.0,65.0,17.0,,,https_www_bestbottles_com_product_cylinder_design_5_ml_glass_bottle_metal_roller_ball_plug_matte_silver_cap.html
GBCyl5MtlRollPinkDot,13-415,5.0,53.0,65.0,17.0,,,https_www_bestbottles_com_product_cylinder_design_5_ml_glass_bottle_metal_roller_ball_plug_pink_cap_with_dots.html
GBCyl5MtlRollGlSh,13-415,5.0,53.0,65.0,17.0,,,https_www_bestbottles_com_product_cylinder_design_5_ml_glass_bottle_metal_roller_ball_plug_shiny_gold_cap.html
GBCyl5MtlRollSlSh,13-415,5.0,53.0,65.0,17.0,,,https_www_bestbottles_com_product_cylinder_design_5_ml_glass_bottle_metal_roller_ball_plug_shiny_silver_cap.html
GBCyl5MtlRollSlDot,13-415,5.0,53.0,65.0,17.0,,,https_www_bestbottles_com_product_cylinder_design_5_ml_glass_bottle_metal_roller_ball_plug_silver_cap_with_dots.html
GBCyl5RollBlkSh,13-415,5.0,53.0,65.0,17.0,,,https_www_bestbottles_com_product_cylinder_design_5_ml_glass_bottle_plastic_roller_ball_plug_black_shiny_cap.html
GBCyl5RollBlkDot,13-415,5.0,53.0,65.0,17.0,,,https_www_bestbottles_com_product_cylinder_design_5_ml_glass_bottle_plastic_roller_ball_plug_black_shiny_cap_with_dots.html
GBCyl5RollCuMatt,13-415,5.0,53.0,65.0,17.0,,,https_www_bestbottles_com_product_cylinder_design_5_ml_glass_bottle_plastic_roller_ball_plug_matte_copper_cap.html
GBCyl5RollGlMatt,13-415,5.0,53.0,65.0,17.0,,,https_www_bestbottles_com_product_cylinder_design_5_ml_glass_bottle_plastic_roller_ball_plug_matte_gold_cap.html
GBCyl5RollSlMatt,13-415,5.0,53.0,65.0,17.0,,,https_www_bestbottles_com_product_cylinder_design_5_ml_glass_bottle_plastic_roller_ball_plug_matte_silver_cap.html
GBCyl5RollPinkDot,13-415,5.0,53.0,65.0,17.0,,,https_www_bestbottles_com_product_cylinder_design_5_ml_glass_bottle_plastic_roller_ball_plug_pink_cap_with_dots.html
GBCyl5RollGlSh,13-415,5.0,53.0,65.0,17.0,,,https_www_bestbottles_com_product_cylinder_design_5_ml_glass_bottle_plastic_roller_ball_plug_shiny_gold_cap.html
GBCyl5RollSlSh,13-415,5.0,53.0,65.0,17.0,,,https_www_bestbottles_com_product_cylinder_design_5_ml_glass_bottle_plastic_roller_ball_plug_shiny_silver_cap.html
GBCyl5RollSlDot,13-415,5.0,53.0,65.0,17.0,,,https_www_bestbottles_com_product_cylinder_design_5_ml_glass_bottle_plastic_roller_ball_plug_silver_cap_with_dots.html
GBCyl5SpryBlkSh,13-415,5.0,53.0,72.0,17.0,,,https_www_bestbottles_com_product_cylinder_design_5_ml_glass_bottle_shiny_black_spray.html
GBCyl5Gl,13-415,5.0,53.0,65.0,17.0,,,https_www_bestbottles_com_product_cylinder_design_5_ml_glass_bottle_shiny_gold_cap.html
GBCyl5SpryGlSh,13-415,5.0,53.0,72.0,17.0,,,https_www_bestbottles_com_product_cylinder_design_5_ml_glass_bottle_shiny_gold_spray.html
GBCyl5Sl,13-415,5.0,53.0,65.0,17.0,,,https_www_bestbottles_com_product_cylinder_design_5_ml_glass_bottle_shiny_silver_cap.html
GBCyl5SprySlSh,13-415,5.0,53.0,72.0,17.0,,,https_www_bestbottles_com_product_cylinder_design_5_ml_glass_bottle_shiny_silver_spray.html
GBCyl5BlkSht,13-415,5.0,53.0,55.0,17.0,,,https_www_bestbottles_com_product_cylinder_design_5_ml_glass_bottle_short_black_cap.html
GBCyl5WhtSht,13-415,5.0,53.0,55.0,17.0,,,https_www_bestbottles_com_product_cylinder_design_5_ml_glass_bottle_short_white_cap.html
PbNat16ozFlpWh,,454.0,195.0,194.0,62.0,,,https_www_bestbottles_com_product_cylinder_design_8_oz_plastic_bottle_white_flip_top_cap.html
LBCylAmb9LtnBlk,17-415,9.0,70.0,96.0,20.0,,,https_www_bestbottles_com_product_cylinder_design_9_ml_amber_glass_bottle_lotion_pump_black_trim_and_cap.html
LBCylAmb9LtnGl,17-415,9.0,70.0,96.0,20.0,,,https_www_bestbottles_com_product_cylinder_design_9_ml_amber_glass_bottle_lotion_pump_gold_trim_and_cap.html
LBCylAmb9LtnMtSl,17-415,9.0,70.0,96.0,20.0,,,https_www_bestbottles_com_product_cylinder_design_9_ml_amber_glass_bottle_lotion_pump_matte_silver_trim_cap.html
GBCylAmb9MtlRollBlkDot,17-415,9.0,70.0,83.0,20.0,,,https_www_bestbottles_com_product_cylinder_design_9_ml_amber_glass_bottle_metal_roller_ball_black_dot_cap.html
GBCylAmb9MtlRollMattCu,17-415,9.0,70.0,83.0,20.0,,,https_www_bestbottles_com_product_cylinder_design_9_ml_amber_glass_bottle_metal_roller_ball_matte_copper_cap.html
GBCylAmb9MtlRollMattGl,17-415,9.0,70.0,83.0,20.0,,,https_www_bestbottles_com_product_cylinder_design_9_ml_amber_glass_bottle_metal_roller_ball_matte_gold_cap.html
GBCylAmb9MtlRollMattSl,17-415,9.0,70.0,83.0,20.0,,,https_www_bestbottles_com_product_cylinder_design_9_ml_amber_glass_bottle_metal_roller_ball_matte_silver_cap.html
GBCylAmb9MtlRollPnkDot,17-415,9.0,70.0,83.0,20.0,,,https_www_bestbottles_com_product_cylinder_design_9_ml_amber_glass_bottle_metal_roller_ball_pink_dot_cap.html
GBCylAmb9MtlRollShBlk,17-415,9.0,70.0,83.0,20.0,,,https_www_bestbottles_com_product_cylinder_design_9_ml_amber_glass_bottle_metal_roller_ball_shiny_black_cap.html
GBCylAmb9MtlRollShnGl,17-415,9.0,70.0,83.0,20.0,,,https_www_bestbottles_com_product_cylinder_design_9_ml_amber_glass_bottle_metal_roller_ball_shiny_gold_cap.html
GBCylAmb9MtlRollShnSl,17-415,9.0,70.0,83.0,20.0,,,https_www_bestbottles_com_product_cylinder_design_9_ml_amber_glass_bottle_metal_roller_ball_shiny_silver_cap.html
GBCylAmb9MtlRollSlDot,17-415,9.0,70.0,83.0,20.0,,,https_www_bestbottles_com_product_cylinder_design_9_ml_amber_glass_bottle_metal_roller_ball_silver_dot_cap.html
GBCylAmb9MtlRollWht,17-415,9.0,70.0,83.0,20.0,,,https_www_bestbottles_com_product_cylinder_design_9_ml_amber_glass_bottle_metal_roller_ball_white_cap.html
GBCylAmb9RollBlkDot,17-415,9.0,70.0,83.0,20.0,,,https_www_bestbottles_com_product_cylinder_design_9_ml_amber_glass_bottle_plastic_roller_ball_black_dot_cap.html
GBCylAmb9RollMattCu,17-415,9.0,70.0,83.0,20.0,,,https_www_bestbottles_com_product_cylinder_design_9_ml_amber_glass_bottle_plastic_roller_ball_matte_copper_cap.html
GBCylAmb9RollMattGl,17-415,9.0,70.0,83.0,20.0,,,https_www_bestbottles_com_product_cylinder_design_9_ml_amber_glass_bottle_plastic_roller_ball_matte_gold_cap.html
GBCylAmb9RollMattSl,17-415,9.0,70.0,83.0,20.0,,,https_www_bestbottles_com_product_cylinder_design_9_ml_amber_glass_bottle_plastic_roller_ball_matte_silver_cap.html
GBCylAmb9RollPnkDot,17-415,9.0,70.0,83.0,20.0,,,https_www_bestbottles_com_product_cylinder_design_9_ml_amber_glass_bottle_plastic_roller_ball_pink_dot_cap.html
GBCylAmb9RollShBlk,17-415,9.0,70.0,83.0,20.0,,,https_www_bestbottles_com_product_cylinder_design_9_ml_amber_glass_bottle_plastic_roller_ball_shiny_black_cap.html
GBCylAmb9RollShnGl,17-415,9.0,70.0,83.0,20.0,,,https_www_bestbottles_com_product_cylinder_design_9_ml_amber_glass_bottle_plastic_roller_ball_shiny_gold_cap.html
GBCylAmb9RollShnSl,17-415,9.0,70.0,83.0,20.0,,,https_www_bestbottles_com_product_cylinder_design_9_ml_amber_glass_bottle_plastic_roller_ball_shiny_silver_cap.html
GBCylAmb9RollSlDot,17-415,9.0,70.0,83.0,20.0,,,https_www_bestbottles_com_product_cylinder_design_9_ml_amber_glass_bottle_plastic_roller_ball_silver_dot_cap.html
GBCylAmb9RollWht,17-415,9.0,70.0,83.0,20.0,,,https_www_bestbottles_com_product_cylinder_design_9_ml_amber_glass_bottle_plastic_roller_ball_white_cap.html
GBCylAmb9SpryBlk,17-415,9.0,70.0,96.0,20.0,,,https_www_bestbottles_com_product_cylinder_design_9_ml_amber_glass_bottle_sprayer_black_trim_and_cap.html
GBCylAmb9SpryGl,17-415,9.0,70.0,96.0,20.0,,,https_www_bestbottles_com_product_cylinder_design_9_ml_amber_glass_bottle_sprayer_gold_trim_and_cap.html
GBCylAmb9SpryMattSl,17-415,9.0,70.0,96.0,20.0,,,https_www_bestbottles_com_product_cylinder_design_9_ml_amber_glass_bottle_sprayer_matte_silver_trim_and_cap.html
GBCylAmb9SpryRd,17-415,9.0,70.0,96.0,20.0,,,https_www_bestbottles_com_product_cylinder_design_9_ml_amber_glass_bottle_sprayer_red_trim_and_cap.html
GBCylAmb9SpryShSl,17-415,9.0,70.0,96.0,20.0,,,https_www_bestbottles_com_product_cylinder_design_9_ml_amber_glass_bottle_sprayer_shiny_silver_trim_and_cap.html
GBCylAmb9SpryTur,17-415,9.0,70.0,96.0,20.0,,,https_www_bestbottles_com_product_cylinder_design_9_ml_amber_glass_bottle_sprayer_turquoise_trim_and_cap.html
LBCyl9LtnBlk,17-415,9.0,70.0,98.0,20.0,,,https_www_bestbottles_com_product_cylinder_design_9_ml_clear_glass_bottle_lotion_pump_black_trim_and_cap.html
LBCyl9LtnGl,17-415,9.0,70.0,98.0,20.0,,,https_www_bestbottles_com_product_cylinder_design_9_ml_clear_glass_bottle_lotion_pump_gold_trim_and_cap.html
LBCyl9LtnMtSl,17-415,9.0,70.0,98.0,20.0,,,https_www_bestbottles_com_product_cylinder_design_9_ml_clear_glass_bottle_lotion_pump_matte_silver_trim_cap.html
GBCyl9MtlRollBlkDot,17-415,9.0,70.0,83.0,20.0,,,https_www_bestbottles_com_product_cylinder_design_9_ml_clear_glass_bottle_metal_roller_ball_black_dot_cap.html
GBCyl9MtlRollMattCu,17-415,9.0,70.0,83.0,20.0,,,https_www_bestbottles_com_product_cylinder_design_9_ml_clear_glass_bottle_metal_roller_ball_matte_copper_cap.html
GBCyl9MtlRollMattGl,17-415,9.0,70.0,83.0,20.0,,,https_www_bestbottles_com_product_cylinder_design_9_ml_clear_glass_bottle_metal_roller_ball_matte_gold_cap.html
GBCyl9MtlRollMattSl,17-415,9.0,70.0,83.0,20.0,,,https_www_bestbottles_com_product_cylinder_design_9_ml_clear_glass_bottle_metal_roller_ball_matte_silver_cap.html
GBCyl9MtlRollPnkDot,17-415,9.0,70.0,83.0,20.0,,,https_www_bestbottles_com_product_cylinder_design_9_ml_clear_glass_bottle_metal_roller_ball_pink_dot_cap.html
GBCyl9MtlRollShBlk,17-415,9.0,70.0,83.0,20.0,,,https_www_bestbottles_com_product_cylinder_design_9_ml_clear_glass_bottle_metal_roller_ball_shiny_black_cap.html
GBCyl9MtlRollShnGl,17-415,9.0,70.0,83.0,20.0,,,https_www_bestbottles_com_product_cylinder_design_9_ml_clear_glass_bottle_metal_roller_ball_shiny_gold_cap.html
GBCyl9MtlRollShnSl,17-415,9.0,70.0,83.0,20.0,,,https_www_bestbottles_com_product_cylinder_design_9_ml_clear_glass_bottle_metal_roller_ball_shiny_silver_cap.html
GBCyl9MtlRollSlDot,17-415,9.0,70.0,83.0,20.0,,,https_www_bestbottles_com_product_cylinder_design_9_ml_clear_glass_bottle_metal_roller_ball_silver_dot_cap.html
GBCyl9MtlRollWht,17-415,9.0,70.0,83.0,20.0,,,https_www_bestbottles_com_product_cylinder_design_9_ml_clear_glass_bottle_metal_roller_ball_white_cap.html
GBCyl9RollBlkDot,17-415,9.0,70.0,83.0,20.0,,,https_www_bestbottles_com_product_cylinder_design_9_ml_clear_glass_bottle_plastic_roller_ball_black_dot_cap.html
GBCyl9RollMattCu,17-415,9.0,70.0,83.0,20.0,,,https_www_bestbottles_com_product_cylinder_design_9_ml_clear_glass_bottle_plastic_roller_ball_matte_copper_cap.html
GBCyl9RollMattGl,17-415,9.0,70.0,83.0,20.0,,,https_www_bestbottles_com_product_cylinder_design_9_ml_clear_glass_bottle_plastic_roller_ball_matte_gold_cap.html
GBCyl9RollMattSl,17-415,9.0,70.0,83.0,20.0,,,https_www_bestbottles_com_product_cylinder_design_9_ml_clear_glass_bottle_plastic_roller_ball_matte_silver_cap.html
GBCyl9RollPnkDot,17-415,9.0,70.0,83.0,20.0,,,https_www_bestbottles_com_product_cylinder_design_9_ml_clear_glass_bottle_plastic_roller_ball_pink_dot_cap.html
GBCyl9RollShBlk,17-415,9.0,70.0,83.0,20.0,,,https_www_bestbottles_com_product_cylinder_design_9_ml_clear_glass_bottle_plastic_roller_ball_shiny_black_cap.html
GBCyl9RollShnGl,17-415,9.0,70.0,83.0,20.0,,,https_www_bestbottles_com_product_cylinder_design_9_ml_clear_glass_bottle_plastic_roller_ball_shiny_gold_cap.html
GBCyl9RollShnSl,17-415,9.0,70.0,83.0,20.0,,,https_www_bestbottles_com_product_cylinder_design_9_ml_clear_glass_bottle_plastic_roller_ball_shiny_silver_cap.html
GBCyl9RollSlDot,17-415,9.0,70.0,83.0,20.0,,,https_www_bestbottles_com_product_cylinder_design_9_ml_clear_glass_bottle_plastic_roller_ball_silver_dot_cap.html
GBCyl9RollWht,17-415,9.0,70.0,83.0,20.0,,,https_www_bestbottles_com_product_cylinder_design_9_ml_clear_glass_bottle_plastic_roller_ball_white_cap.html
GBCyl9SpryBlk,17-415,9.0,70.0,98.0,20.0,,,https_www_bestbottles_com_product_cylinder_design_9_ml_clear_glass_bottle_sprayer_black_trim_and_cap.html
GBCyl9SpryGl,17-415,9.0,70.0,98.0,20.0,,,https_www_bestbottles_com_product_cylinder_design_9_ml_clear_glass_bottle_sprayer_gold_trim_and_cap.html
GBCyl9SpryMattSl,17-415,9.0,70.0,98.0,20.0,,,https_www_bestbottles_com_product_cylinder_design_9_ml_clear_glass_bottle_sprayer_matte_silver_trim_and_cap.html
GBCyl9SpryRd,17-415,9.0,70.0,98.0,20.0,,,https_www_bestbottles_com_product_cylinder_design_9_ml_clear_glass_bottle_sprayer_red_trim_and_cap.html
GBCyl9SpryShSl,17-415,9.0,70.0,98.0,20.0,,,https_www_bestbottles_com_product_cylinder_design_9_ml_clear_glass_bottle_sprayer_shiny_silver_trim_and_cap.html
GBCyl9SpryTur,17-415,9.0,70.0,98.0,20.0,,,https_www_bestbottles_com_product_cylinder_design_9_ml_clear_glass_bottle_sprayer_turquoise_trim_and_cap.html
LBCylBlu9LtnBlk,17-415,9.0,70.0,96.0,20.0,,,https_www_bestbottles_com_product_cylinder_design_9_ml_cobalt_blue_glass_bottle_lotion_pump_black_trim_and_cap.html
LBCylBlu9LtnGl,17-415,9.0,70.0,96.0,20.0,,,https_www_bestbottles_com_product_cylinder_design_9_ml_cobalt_blue_glass_bottle_lotion_pump_gold_trim_and_cap.html
LBCylBlu9LtnMattSl,17-415,9.0,70.0,96.0,20.0,,,https_www_bestbottles_com_product_cylinder_design_9_ml_cobalt_blue_glass_bottle_lotion_pump_matte_silver_trim_cap.html
GBCylBlu9MtlRollBlkDot,17-415,9.0,70.0,85.0,20.0,,,https_www_bestbottles_com_product_cylinder_design_9_ml_cobalt_blue_glass_bottle_metal_roller_ball_black_dot_cap.html
GBCylBlu9MtlRollMattCu,17-415,9.0,70.0,85.0,20.0,,,https_www_bestbottles_com_product_cylinder_design_9_ml_cobalt_blue_glass_bottle_metal_roller_ball_matte_copper_cap.html
GBCylBlu9MtlRollMattGl,17-415,9.0,70.0,85.0,20.0,,,https_www_bestbottles_com_product_cylinder_design_9_ml_cobalt_blue_glass_bottle_metal_roller_ball_matte_gold_cap.html
GBCylBlu9MtlRollMattSl,17-415,9.0,70.0,85.0,20.0,,,https_www_bestbottles_com_product_cylinder_design_9_ml_cobalt_blue_glass_bottle_metal_roller_ball_matte_silver_cap.html
GBCylBlu9MtlRollPnkDot,17-415,9.0,70.0,85.0,20.0,,,https_www_bestbottles_com_product_cylinder_design_9_ml_cobalt_blue_glass_bottle_metal_roller_ball_pink_dot_cap.html
GBCylBlu9MtlRollShBlk,17-415,9.0,70.0,85.0,20.0,,,https_www_bestbottles_com_product_cylinder_design_9_ml_cobalt_blue_glass_bottle_metal_roller_ball_shiny_black_cap.html
GBCylBlu9MtlRollShnGl,17-415,9.0,70.0,85.0,20.0,,,https_www_bestbottles_com_product_cylinder_design_9_ml_cobalt_blue_glass_bottle_metal_roller_ball_shiny_gold_cap.html
GBCylBlu9MtlRollShnSl,17-415,9.0,70.0,85.0,20.0,,,https_www_bestbottles_com_product_cylinder_design_9_ml_cobalt_blue_glass_bottle_metal_roller_ball_shiny_silver_cap.html
GBCylBlu9MtlRollSlDot,17-415,9.0,70.0,85.0,20.0,,,https_www_bestbottles_com_product_cylinder_design_9_ml_cobalt_blue_glass_bottle_metal_roller_ball_silver_dot_cap.html
GBCylBlu9MtlRollWht,17-415,9.0,70.0,85.0,20.0,,,https_www_bestbottles_com_product_cylinder_design_9_ml_cobalt_blue_glass_bottle_metal_roller_ball_white_cap.html
GBCylBlu9RollBlkDot,17-415,9.0,70.0,85.0,20.0,,,https_www_bestbottles_com_product_cylinder_design_9_ml_cobalt_blue_glass_bottle_plastic_roller_ball_black_dot_cap.html
GBCylBlu9RollMattCu,17-415,9.0,70.0,85.0,20.0,,,https_www_bestbottles_com_product_cylinder_design_9_ml_cobalt_blue_glass_bottle_plastic_roller_ball_matte_copper_cap.html
GBCylBlu9RollMattGl,17-415,9.0,70.0,85.0,20.0,,,https_www_bestbottles_com_product_cylinder_design_9_ml_cobalt_blue_glass_bottle_plastic_roller_ball_matte_gold_cap.html
GBCylBlu9RollMattSl,17-415,9.0,70.0,85.0,20.0,,,https_www_bestbottles_com_product_cylinder_design_9_ml_cobalt_blue_glass_bottle_plastic_roller_ball_matte_silver_cap.html
GBCylBlu9RollPnkDot,17-415,9.0,70.0,85.0,20.0,,,https_www_bestbottles_com_product_cylinder_design_9_ml_cobalt_blue_glass_bottle_plastic_roller_ball_pink_dot_cap.html
GBCylBlu9RollShBlk,17-415,9.0,70.0,85.0,20.0,,,https_www_bestbottles_com_product_cylinder_design_9_ml_cobalt_blue_glass_bottle_plastic_roller_ball_shiny_black_cap.html
GBCylBlu9RollShnGl,17-415,9.0,70.0,85.0,20.0,,,https_www_bestbottles_com_product_cylinder_design_9_ml_cobalt_blue_glass_bottle_plastic_roller_ball_shiny_gold_cap.html
GBCylBlu9RollShnSl,17-415,9.0,70.0,85.0,20.0,,,https_www_bestbottles_com_product_cylinder_design_9_ml_cobalt_blue_glass_bottle_plastic_roller_ball_shiny_silver_cap.html
GBCylBlu9RollSlDot,17-415,9.0,70.0,85.0,20.0,,,https_www_bestbottles_com_product_cylinder_design_9_ml_cobalt_blue_glass_bottle_plastic_roller_ball_silver_dot_cap.html
GBCylBlu9RollWht,17-415,9.0,70.0,85.0,20.0,,,https_www_bestbottles_com_product_cylinder_design_9_ml_cobalt_blue_glass_bottle_plastic_roller_ball_white_cap.html
GBCylBlu9SpryBlk,17-415,9.0,70.0,96.0,20.0,,,https_www_bestbottles_com_product_cylinder_design_9_ml_cobalt_blue_glass_bottle_sprayer_black_trim_and_cap.html
GBCylBlu9SpryGl,17-415,9.0,70.0,96.0,20.0,,,https_www_bestbottles_com_product_cylinder_design_9_ml_cobalt_blue_glass_bottle_sprayer_gold_trim_and_cap.html
GBCylBlu9SpryMattSl,17-415,9.0,70.0,96.0,20.0,,,https_www_bestbottles_com_product_cylinder_design_9_ml_cobalt_blue_glass_bottle_sprayer_matte_silver_trim_and_cap.html
GBCylBlu9SpryRd,17-415,9.0,70.0,96.0,20.0,,,https_www_bestbottles_com_product_cylinder_design_9_ml_cobalt_blue_glass_bottle_sprayer_red_trim_and_cap.html
GBCylBlu9SpryShSl,17-415,9.0,70.0,96.0,20.0,,,https_www_bestbottles_com_product_cylinder_design_9_ml_cobalt_blue_glass_bottle_sprayer_shiny_silver_trim_and_cap.html
GBCylBlu9SpryTur,17-415,9.0,70.0,96.0,20.0,,,https_www_bestbottles_com_product_cylinder_design_9_ml_cobalt_blue_glass_bottle_sprayer_turquoise_trim_and_cap.html
LBCylFrst9LtnBlk,17-415,9.0,74.0,94.0,20.0,,,https_www_bestbottles_com_product_cylinder_design_9_ml_frosted_glass_bottle_lotion_pump_black_trim_and_cap.html
LBCylFrst9LtnGl,17-415,9.0,74.0,94.0,20.0,,,https_www_bestbottles_com_product_cylinder_design_9_ml_frosted_glass_bottle_lotion_pump_gold_trim_and_cap.html
LBCylFrst9LtnMtSl,17-415,9.0,74.0,94.0,20.0,,,https_www_bestbottles_com_product_cylinder_design_9_ml_frosted_glass_bottle_lotion_pump_matte_silver_trim_cap.html
GBCylFrst9MtlRollBlkDot,17-415,9.0,74.0,87.0,21.0,,,https_www_bestbottles_com_product_cylinder_design_9_ml_frosted_glass_bottle_metal_roller_ball_black_dot_cap.html
GBCylFrst9MtlRollMattCu,17-415,9.0,74.0,87.0,21.0,,,https_www_bestbottles_com_product_cylinder_design_9_ml_frosted_glass_bottle_metal_roller_ball_matte_copper_cap.html
GBCylFrst9MtlRollMattGl,17-415,9.0,74.0,87.0,21.0,,,https_www_bestbottles_com_product_cylinder_design_9_ml_frosted_glass_bottle_metal_roller_ball_matte_gold_cap.html
GBCylFrst9MtlRollMattSl,17-415,9.0,74.0,87.0,21.0,,,https_www_bestbottles_com_product_cylinder_design_9_ml_frosted_glass_bottle_metal_roller_ball_matte_silver_cap.html
GBCylFrst9MtlRollPnkDot,17-415,9.0,74.0,87.0,21.0,,,https_www_bestbottles_com_product_cylinder_design_9_ml_frosted_glass_bottle_metal_roller_ball_pink_dot_cap.html
GBCylFrst9MtlRollShBlk,17-415,9.0,74.0,87.0,21.0,,,https_www_bestbottles_com_product_cylinder_design_9_ml_frosted_glass_bottle_metal_roller_ball_shiny_black_cap.html
GBCylFrst9MtlRollShnGl,17-415,9.0,74.0,87.0,21.0,,,https_www_bestbottles_com_product_cylinder_design_9_ml_frosted_glass_bottle_metal_roller_ball_shiny_gold_cap.html
GBCylFrst9MtlRollShnSl,17-415,9.0,74.0,87.0,21.0,,,https_www_bestbottles_com_product_cylinder_design_9_ml_frosted_glass_bottle_metal_roller_ball_shiny_silver_cap.html
GBCylFrst9MtlRollSlDot,17-415,9.0,74.0,87.0,21.0,,,https_www_bestbottles_com_product_cylinder_design_9_ml_frosted_glass_bottle_metal_roller_ball_silver_dot_cap.html
GBCylFrst9MtlRollWht,17-415,9.0,74.0,87.0,21.0,,,https_www_bestbottles_com_product_cylinder_design_9_ml_frosted_glass_bottle_metal_roller_ball_white_cap.html
GBCylFrst9RollBlkDot,17-415,9.0,74.0,87.0,21.0,,,https_www_bestbottles_com_product_cylinder_design_9_ml_frosted_glass_bottle_plastic_roller_ball_black_dot_cap.html
GBCylFrst9RollMattCu,17-415,9.0,74.0,87.0,21.0,,,https_www_bestbottles_com_product_cylinder_design_9_ml_frosted_glass_bottle_plastic_roller_ball_matte_copper_cap.html
GBCylFrst9RollMattGl,17-415,9.0,74.0,87.0,21.0,,,https_www_bestbottles_com_product_cylinder_design_9_ml_frosted_glass_bottle_plastic_roller_ball_matte_gold_cap.html
GBCylFrst9RollMattSl,17-415,9.0,74.0,87.0,21.0,,,https_www_bestbottles_com_product_cylinder_design_9_ml_frosted_glass_bottle_plastic_roller_ball_matte_silver_cap.html
GBCylFrst9RollPnkDot,17-415,9.0,74.0,87.0,21.0,,,https_www_bestbottles_com_product_cylinder_design_9_ml_frosted_glass_bottle_plastic_roller_ball_pink_dot_cap.html
GBCylFrst9RollShBlk,17-415,9.0,74.0,87.0,21.0,,,https_www_bestbottles_com_product_cylinder_design_9_ml_frosted_glass_bottle_plastic_roller_ball_shiny_black_cap.html
GBCylFrst9RollShnGl,17-415,9.0,74.0,87.0,21.0,,,https_www_bestbottles_com_product_cylinder_design_9_ml_frosted_glass_bottle_plastic_roller_ball_shiny_gold_cap.html
GBCylFrst9RollShnSl,17-415,9.0,74.0,87.0,21.0,,,https_www_bestbottles_com_product_cylinder_design_9_ml_frosted_glass_bottle_plastic_roller_ball_shiny_silver_cap.html
GBCylFrst9RollSlDot,17-415,9.0,74.0,87.0,21.0,,,https_www_bestbottles_com_product_cylinder_design_9_ml_frosted_glass_bottle_plastic_roller_ball_silver_dot_cap.html
GBCylFrst9RollWht,17-415,9.0,74.0,87.0,21.0,,,https_www_bestbottles_com_product_cylinder_design_9_ml_frosted_glass_bottle_plastic_roller_ball_white_cap.html
GBCylFrst9SpryBlk,17-415,9.0,74.0,94.0,20.0,,,https_www_bestbottles_com_product_cylinder_design_9_ml_frosted_glass_bottle_sprayer_black_trim_and_cap.html
GBCylFrst9SpryGl,17-415,9.0,74.0,94.0,20.0,,,https_www_bestbottles_com_product_cylinder_design_9_ml_frosted_glass_bottle_sprayer_gold_trim_and_cap.html
GBCylFrst9SpryMattSl,17-415,9.0,74.0,94.0,20.0,,,https_www_bestbottles_com_product_cylinder_design_9_ml_frosted_glass_bottle_sprayer_matte_silver_trim_and_cap.html
GBCylFrst9SpryRd,17-415,9.0,74.0,94.0,20.0,,,https_www_bestbottles_com_product_cylinder_design_9_ml_frosted_glass_bottle_sprayer_red_trim_and_cap.html
GBCylFrst9SpryShSl,17-415,9.0,74.0,94.0,20.0,,,https_www_bestbottles_com_product_cylinder_design_9_ml_frosted_glass_bottle_sprayer_shiny_silver_trim_and_cap.html
GBCylFrst9SpryTur,17-415,9.0,74.0,94.0,20.0,,,https_www_bestbottles_com_product_cylinder_design_9_ml_frosted_glass_bottle_sprayer_turquoise_trim_and_cap.html
LBCylSwrl9LtnBlk,17-415,9.0,74.0,87.0,21.0,,,https_www_bestbottles_com_product_cylinder_design_9_ml_swirl_glass_bottle_lotion_pump_black_trim_and_cap.html
LBCylSwrl9LtnGl,17-415,9.0,74.0,87.0,21.0,,,https_www_bestbottles_com_product_cylinder_design_9_ml_swirl_glass_bottle_lotion_pump_gold_trim_and_cap.html
LBCylSwrl9LtnMtSl,17-415,9.0,74.0,87.0,21.0,,,https_www_bestbottles_com_product_cylinder_design_9_ml_swirl_glass_bottle_lotion_pump_matte_silver_trim_cap.html
GBCylSwrl9MtlRollBlkDot,17-415,9.0,74.0,87.0,21.0,,,https_www_bestbottles_com_product_cylinder_design_9_ml_swirl_glass_bottle_metal_roller_ball_black_dot_cap.html
GBCylSwrl9MtlRollMattCu,17-415,9.0,74.0,87.0,21.0,,,https_www_bestbottles_com_product_cylinder_design_9_ml_swirl_glass_bottle_metal_roller_ball_matte_copper_cap.html
GBCylSwrl9MtlRollMattGl,17-415,9.0,74.0,87.0,21.0,,,https_www_bestbottles_com_product_cylinder_design_9_ml_swirl_glass_bottle_metal_roller_ball_matte_gold_cap.html
GBCylSwrl9MtlRollMattSl,17-415,9.0,74.0,87.0,21.0,,,https_www_bestbottles_com_product_cylinder_design_9_ml_swirl_glass_bottle_metal_roller_ball_matte_silver_cap.html
GBCylSwrl9MtlRollPnkDot,17-415,9.0,74.0,87.0,21.0,,,https_www_bestbottles_com_product_cylinder_design_9_ml_swirl_glass_bottle_metal_roller_ball_pink_dot_cap.html
GBCylSwrl9MtlRollShBlk,17-415,9.0,74.0,87.0,21.0,,,https_www_bestbottles_com_product_cylinder_design_9_ml_swirl_glass_bottle_metal_roller_ball_shiny_black_cap.html
GBCylSwrl9MtlRollShnGl,17-415,9.0,74.0,87.0,21.0,,,https_www_bestbottles_com_product_cylinder_design_9_ml_swirl_glass_bottle_metal_roller_ball_shiny_gold_cap.html
GBCylSwrl9MtlRollShnSl,17-415,9.0,74.0,87.0,21.0,,,https_www_bestbottles_com_product_cylinder_design_9_ml_swirl_glass_bottle_metal_roller_ball_shiny_silver_cap.html
GBCylSwrl9MtlRollSlDot,17-415,9.0,74.0,87.0,21.0,,,https_www_bestbottles_com_product_cylinder_design_9_ml_swirl_glass_bottle_metal_roller_ball_silver_dot_cap.html
GBCylSwrl9MtlRollWht,17-415,9.0,74.0,87.0,21.0,,,https_www_bestbottles_com_product_cylinder_design_9_ml_swirl_glass_bottle_metal_roller_ball_white_cap.html
GBCylSwrl9RollBlkDot,17-415,9.0,74.0,87.0,21.0,,,https_www_bestbottles_com_product_cylinder_design_9_ml_swirl_glass_bottle_plastic_roller_ball_black_dot_cap.html
GBCylSwrl9RollMattCu,17-415,9.0,74.0,87.0,21.0,,,https_www_bestbottles_com_product_cylinder_design_9_ml_swirl_glass_bottle_plastic_roller_ball_matte_copper_cap.html
GBCylSwrl9RollMattGl,17-415,9.0,74.0,87.0,21.0,,,https_www_bestbottles_com_product_cylinder_design_9_ml_swirl_glass_bottle_plastic_roller_ball_matte_gold_cap.html
GBCylSwrl9RollMattSl,17-415,9.0,74.0,87.0,21.0,,,https_www_bestbottles_com_product_cylinder_design_9_ml_swirl_glass_bottle_plastic_roller_ball_matte_silver_cap.html
GBCylSwrl9RollPnkDot,17-415,9.0,74.0,87.0,21.0,,,https_www_bestbottles_com_product_cylinder_design_9_ml_swirl_glass_bottle_plastic_roller_ball_pink_dot_cap.html
GBCylSwrl9RollShBlk,17-415,9.0,74.0,87.0,21.0,,,https_www_bestbottles_com_product_cylinder_design_9_ml_swirl_glass_bottle_plastic_roller_ball_shiny_black_cap.html
GBCylSwrl9RollShnGl,17-415,9.0,74.0,87.0,21.0,,,https_www_bestbottles_com_product_cylinder_design_9_ml_swirl_glass_bottle_plastic_roller_ball_shiny_gold_cap.html
GBCylSwrl9RollShnSl,17-415,9.0,74.0,87.0,21.0,,,https_www_bestbottles_com_product_cylinder_design_9_ml_swirl_glass_bottle_plastic_roller_ball_shiny_silver_cap.html
GBCylSwrl9RollSlDot,17-415,9.0,74.0,87.0,21.0,,,https_www_bestbottles_com_product_cylinder_design_9_ml_swirl_glass_bottle_plastic_roller_ball_silver_dot_cap.html
GBCylSwrl9RollWht,17-415,9.0,74.0,87.0,21.0,,,https_www_bestbottles_com_product_cylinder_design_9_ml_swirl_glass_bottle_plastic_roller_ball_white_cap.html
GBCylSwrl9SpryBlk,17-415,9.0,74.0,98.0,21.0,,,https_www_bestbottles_com_product_cylinder_design_9_ml_swirl_glass_bottle_sprayer_black_trim_and_cap.html
GBCylSwrl9SpryGl,17-415,9.0,74.0,98.0,21.0,,,https_www_bestbottles_com_product_cylinder_design_9_ml_swirl_glass_bottle_sprayer_gold_trim_and_cap.html
GBCylSwrl9SpryMattSl,17-415,9.0,74.0,98.0,21.0,,,https_www_bestbottles_com_product_cylinder_design_9_ml_swirl_glass_bottle_sprayer_matte_silver_trim_and_cap.html
GBCylSwrl9SpryRd,17-415,9.0,74.0,98.0,21.0,,,https_www_bestbottles_com_product_cylinder_design_9_ml_swirl_glass_bottle_sprayer_red_trim_and_cap.html
GBCylSwrl9SpryShSl,17-415,9.0,74.0,98.0,21.0,,,https_www_bestbottles_com_product_cylinder_design_9_ml_swirl_glass_bottle_sprayer_shiny_silver_trim_and_cap.html
GBCylSwrl9SpryTur,17-415,9.0,74.0,98.0,21.0,,,https_www_bestbottles_com_product_cylinder_design_9_ml_swirl_glass_bottle_sprayer_turquoise_trim_and_cap.html
GBCyl28MtlRollBlk,,28.0,81.0,100.0,31.0,,,https_www_bestbottles_com_product_cylinder_style_28_ml_glass_bottle_metal_roll_on_and_black_cap.html
GBCyl28MtlRollWht,,28.0,81.0,100.0,31.0,,,https_www_bestbottles_com_product_cylinder_style_28_ml_glass_bottle_metal_roll_on_and_white_cap.html
GBCyl28RollBlk,,28.0,81.0,100.0,31.0,,,https_www_bestbottles_com_product_cylinder_style_28_ml_glass_bottle_plastic_roll_on_and_black_cap.html
GBCyl28RollWht,,28.0,81.0,100.0,31.0,,,https_www_bestbottles_com_product_cylinder_style_28_ml_glass_bottle_plastic_roll_on_and_white_cap.html
GBCyl50MtlRollBlk,,50.0,98.0,116.0,37.0,,,https_www_bestbottles_com_product_cylinder_style_50_ml_glass_bottle_metal_roll_on_and_black_cap.html
GBCyl50MtlRollWht,,50.0,98.0,116.0,37.0,,,https_www_bestbottles_com_product_cylinder_style_50_ml_glass_bottle_metal_roll_on_and_white_cap.html
GBCyl50RollBlk,,50.0,98.0,116.0,37.0,,,https_www_bestbottles_com_product_cylinder_style_50_ml_glass_bottle_plastic_roll_on_and_black_cap.html
GBCyl50RollWht,,50.0,98.0,116.0,37.0,,,https_www_bestbottles_com_product_cylinder_style_50_ml_glass_bottle_plastic_roll_on_and_white_cap.html
GBDmnd2ozAnSpBlk,18-415,60.0,88.0,115.0,,41.0,,https_www_bestbottles_com_product_diamond_design_2_oz_glass_bottle_black_vintage_style_bulb_sprayer_shiny_silver_collar_cap.html
GBDmnd2ozAnSpTslBlk,18-415,60.0,88.0,110.0,,41.0,,https_www_bestbottles_com_product_diamond_design_2_oz_glass_bottle_black_vintage_style_sprayer_with_tassel_shiny_silver_collar.html
LBDmnd2ozLtnClOvrCap,18-415,60.0,88.0,115.0,,,,https_www_bestbottles_com_product_diamond_design_2_oz_glass_bottle_clear_over_the_cap_lotion_pump_matte_silver_collar_cap.html
GBDmnd2ozAnSpGl,18-415,60.0,88.0,115.0,,41.0,,https_www_bestbottles_com_product_diamond_design_2_oz_glass_bottle_gold_vintage_style_sprayer_shiny_gold_collar_cap.html
GBDmnd2ozAnSpTslGl,18-415,60.0,88.0,110.0,,41.0,,https_www_bestbottles_com_product_diamond_design_2_oz_glass_bottle_gold_vintage_style_sprayer_with_tassel_shiny_gold_collar.html
GBDmnd2ozAnSpIvyGl,18-415,60.0,88.0,115.0,,41.0,,https_www_bestbottles_com_product_diamond_design_2_oz_glass_bottle_ivory_vintage_style_bulb_sprayer_shiny_gold_collar_cap.html
GBDmnd2ozAnSpIvySl,18-415,60.0,88.0,115.0,,41.0,,https_www_bestbottles_com_product_diamond_design_2_oz_glass_bottle_ivory_vintage_style_bulb_sprayer_shiny_silver_collar_cap.html
GBDmnd2ozAnSpTslIvyGl,18-415,60.0,88.0,110.0,,41.0,,https_www_bestbottles_com_product_diamond_design_2_oz_glass_bottle_ivory_vintage_style_sprayer_with_tassel_shiny_gold_collar.html
GBDmnd2ozAnSpTslIvySl,18-415,60.0,88.0,110.0,,41.0,,https_www_bestbottles_com_product_diamond_design_2_oz_glass_bottle_ivory_vintage_style_sprayer_with_tassel_shiny_silver_collar.html
GBDmnd2ozAnSpLvn,18-415,60.0,88.0,115.0,,41.0,,https_www_bestbottles_com_product_diamond_design_2_oz_glass_bottle_lavender_vintage_style_bulb_sprayer_shiny_silver_collar_cap.html
GBDmnd2ozAnSpTslLvn,18-415,60.0,88.0,110.0,,41.0,,https_www_bestbottles_com_product_diamond_design_2_oz_glass_bottle_lavender_vintage_style_sprayer_with_tassel_shiny_silver_collar.html
LBDmnd2ozLtnCu,18-415,60.0,88.0,114.0,,,,https_www_bestbottles_com_product_diamond_design_2_oz_glass_bottle_matte_copper_lotion_pump_and_cap.html
GBDmnd2ozSpryCu,18-415,60.0,88.0,114.0,,41.0,,https_www_bestbottles_com_product_diamond_design_2_oz_glass_bottle_matte_copper_spray_and_cap.html
LBDmnd2ozLtnMtGl,18-415,60.0,88.0,114.0,,,,https_www_bestbottles_com_product_diamond_design_2_oz_glass_bottle_matte_gold_lotion_pump_and_cap.html
GBDmnd2ozSpryMtGl,18-415,60.0,88.0,114.0,,41.0,,https_www_bestbottles_com_product_diamond_design_2_oz_glass_bottle_matte_gold_spray_pump_and_cap.html
LBDmnd2ozLtnMtSl,18-415,60.0,88.0,114.0,,,,https_www_bestbottles_com_product_diamond_design_2_oz_glass_bottle_matte_silver_lotion_pump_and_capsilver_matte_cap.html
GBDmnd2ozSpryMtSl,18-415,60.0,88.0,114.0,,41.0,,https_www_bestbottles_com_product_diamond_design_2_oz_glass_bottle_matte_silver_spray_pump_and_capsilver_matte_cap.html
GBDmnd2ozAnSpMtSl,18-415,60.0,88.0,115.0,,41.0,,https_www_bestbottles_com_product_diamond_design_2_oz_glass_bottle_matte_silver_vintage_style_sprayer_matte_silver_collar_cap.html
GBDmnd2ozAnSpTslMtSl,18-415,60.0,88.0,110.0,,41.0,,https_www_bestbottles_com_product_diamond_design_2_oz_glass_bottle_matte_silver_vintage_style_sprayer_with_tassel_matte_silver_collar.html
GBDmnd2ozAnSpPnk,18-415,60.0,88.0,115.0,,41.0,,https_www_bestbottles_com_product_diamond_design_2_oz_glass_bottle_pink_vintage_style_bulb_sprayer_shiny_gold_collar_cap.html
GBDmnd2ozAnSpTslPnk,18-415,60.0,88.0,110.0,,41.0,,https_www_bestbottles_com_product_diamond_design_2_oz_glass_bottle_pink_vintage_style_sprayer_with_tassel_shiny_gold_collar.html
GBDmnd2ozAnSpRed,18-415,60.0,88.0,115.0,,41.0,,https_www_bestbottles_com_product_diamond_design_2_oz_glass_bottle_red_vintage_style_bulb_sprayer_shiny_silver_collar_cap.html
GBDmnd2ozAnSpTslRed,18-415,60.0,88.0,110.0,,41.0,,https_www_bestbottles_com_product_diamond_design_2_oz_glass_bottle_red_vintage_style_sprayer_with_tassel_shiny_silver_collar.html
GBDmnd2ozRdcrBlkLthr,18-415,60.0,88.0,103.0,,41.0,,https_www_bestbottles_com_product_diamond_design_2_oz_glass_bottle_reducer_black_faux_leather_cap.html
GBDmnd2ozRdcrShnBlk,18-415,60.0,88.0,92.0,,41.0,,https_www_bestbottles_com_product_diamond_design_2_oz_glass_bottle_reducer_black_shiny_cap.html
GBDmnd2ozRdcrBrwnLthr,18-415,60.0,88.0,103.0,,41.0,,https_www_bestbottles_com_product_diamond_design_2_oz_glass_bottle_reducer_brown_faux_leather_cap.html
GBDmnd2ozRdcrIvyLthr,18-415,60.0,88.0,103.0,,41.0,,https_www_bestbottles_com_product_diamond_design_2_oz_glass_bottle_reducer_ivory_faux_leather_cap.html
GBDmnd2ozRdcrLBrwnLthr,18-415,60.0,88.0,103.0,,41.0,,https_www_bestbottles_com_product_diamond_design_2_oz_glass_bottle_reducer_light_brown_faux_leather_cap.html
GBDmnd2ozRdcrPnkLthr,18-415,60.0,88.0,103.0,,41.0,,https_www_bestbottles_com_product_diamond_design_2_oz_glass_bottle_reducer_pink_faux_leather_cap.html
GBDmnd2ozRdcrShnGl,18-415,60.0,88.0,92.0,,41.0,,https_www_bestbottles_com_product_diamond_design_2_oz_glass_bottle_reducer_shiny_gold_cap.html
GBDmnd2ozRdcrShnSl,18-415,60.0,88.0,92.0,,41.0,,https_www_bestbottles_com_product_diamond_design_2_oz_glass_bottle_reducer_shiny_silver_cap.html
GBDmnd2ozRdcrMtSl,18-415,60.0,88.0,92.0,,41.0,,https_www_bestbottles_com_product_diamond_design_2_oz_glass_bottle_reducer_silver_matte_cap.html
GBDmnd2ozRdcrShnBlkTall,18-415,60.0,88.0,100.0,,41.0,,https_www_bestbottles_com_product_diamond_design_2_oz_glass_bottle_reducer_tall_black_shiny_cap.html
GBDmnd2ozRdcrMtSlTall,18-415,60.0,88.0,100.0,,41.0,,https_www_bestbottles_com_product_diamond_design_2_oz_glass_bottle_reducer_tall_silver_matte_cap.html
GBDmnd2ozRdcrWht,18-415,60.0,88.0,100.0,,41.0,,https_www_bestbottles_com_product_diamond_design_2_oz_glass_bottle_reducer_white_cap.html
LBDmnd2ozLtnShnBlk,18-415,60.0,88.0,114.0,,,,https_www_bestbottles_com_product_diamond_design_2_oz_glass_bottle_shiny_black_lotion_pump_and_capblack_shiny_cap.html
GBDmnd2ozSpryShnBlk,18-415,60.0,88.0,114.0,,41.0,,https_www_bestbottles_com_product_diamond_design_2_oz_glass_bottle_shiny_black_spray_pump_and_capblack_shiny_cap.html
LBDmnd2ozLtnShnGl,18-415,60.0,88.0,114.0,,,,https_www_bestbottles_com_product_diamond_design_2_oz_glass_bottle_shiny_gold_lotion_pump_and_cap.html
GBDmnd2ozSpryShnGl,18-415,60.0,88.0,114.0,,41.0,,https_www_bestbottles_com_product_diamond_design_2_oz_glass_bottle_shiny_gold_spray_pump_and_cap.html
LBDmnd2ozLtnShnSl,18-415,60.0,88.0,114.0,,,,https_www_bestbottles_com_product_diamond_design_2_oz_glass_bottle_shiny_silver_lotion_pump_and_capshiny_silver_cap.html
GBDmnd2ozSpryShnSl,18-415,60.0,88.0,114.0,,41.0,,https_www_bestbottles_com_product_diamond_design_2_oz_glass_bottle_shiny_silver_spray_and_capshiny_silver_cap.html
GBDmnd2ozAnSpWht,18-415,60.0,88.0,115.0,,41.0,,https_www_bestbottles_com_product_diamond_design_2_oz_glass_bottle_white_vintage_style_bulb_sprayer_shiny_silver_collar_cap.html
GBDmnd2ozAnSpTslWht,18-415,60.0,88.0,110.0,,41.0,,https_www_bestbottles_com_product_diamond_design_2_oz_glass_bottle_white_vintage_style_sprayer_with_tassel_shiny_silver_collar.html
GBDiva100AnSpBlk,18-415,100.0,113.0,140.0,64.0,,,https_www_bestbottles_com_product_diva_design_100_ml_glass_bottle_black_vintage_style_bulb_sprayer_shiny_silver_collar_cap.html
GBDiva100AnSpTslBlk,18-415,100.0,113.0,135.0,64.0,,,https_www_bestbottles_com_product_diva_design_100_ml_glass_bottle_black_vintage_style_sprayer_with_tassel_shiny_silver_collar.html
LBDiva100LtnClOvrCap,18-415,100.0,113.0,139.0,64.0,,,https_www_bestbottles_com_product_diva_design_100_ml_glass_bottle_clear_over_the_cap_lotion_pump_matte_silver_collar_cap.html
GBDiva100AnSpGl,18-415,100.0,113.0,140.0,64.0,,,https_www_bestbottles_com_product_diva_design_100_ml_glass_bottle_gold_vintage_style_sprayer_shiny_gold_collar_cap.html
GBDiva100AnSpTslGl,18-415,100.0,113.0,135.0,64.0,,,https_www_bestbottles_com_product_diva_design_100_ml_glass_bottle_gold_vintage_style_sprayer_with_tassel_shiny_gold_collar.html
GBDiva100AnSpIvyGl,18-415,100.0,113.0,140.0,64.0,,,https_www_bestbottles_com_product_diva_design_100_ml_glass_bottle_ivory_vintage_style_bulb_sprayer_shiny_gold_collar_cap.html
GBDiva100AnSpIvySl,18-415,100.0,113.0,140.0,64.0,,,https_www_bestbottles_com_product_diva_design_100_ml_glass_bottle_ivory_vintage_style_bulb_sprayer_shiny_silver_collar_cap.html
GBDiva100AnSpTslIvyGl,18-415,100.0,113.0,135.0,64.0,,,https_www_bestbottles_com_product_diva_design_100_ml_glass_bottle_ivory_vintage_style_sprayer_with_tassel_shiny_gold_collar.html
GBDiva100AnSpTslIvySl,18-415,100.0,113.0,135.0,64.0,,,https_www_bestbottles_com_product_diva_design_100_ml_glass_bottle_ivory_vintage_style_sprayer_with_tassel_shiny_silver_collar.html
GBDiva100AnSpLvn,18-415,100.0,113.0,140.0,64.0,,,https_www_bestbottles_com_product_diva_design_100_ml_glass_bottle_lavender_vintage_style_bulb_sprayer_shiny_silver_collar_cap.html
GBDiva100AnSpTslLvn,18-415,100.0,113.0,135.0,64.0,,,https_www_bestbottles_com_product_diva_design_100_ml_glass_bottle_lavender_vintage_style_sprayer_with_tassel_shiny_silver_collar.html
LBDiva100LtnCu,18-415,100.0,113.0,138.0,64.0,,,https_www_bestbottles_com_product_diva_design_100_ml_glass_bottle_matte_copper_lotion_pump_and_cap.html
GBDiva100SpryCu,18-415,100.0,113.0,138.0,64.0,,,https_www_bestbottles_com_product_diva_design_100_ml_glass_bottle_matte_copper_spray_and_cap.html
LBDiva100LtnMtGl,18-415,100.0,113.0,138.0,64.0,,,https_www_bestbottles_com_product_diva_design_100_ml_glass_bottle_matte_gold_lotion_pump_and_cap.html
GBDiva100SpryMtGl,18-415,100.0,113.0,138.0,64.0,,,https_www_bestbottles_com_product_diva_design_100_ml_glass_bottle_matte_gold_spray_pump_and_cap.html
LBDiva100LtnMtSl,18-415,100.0,113.0,138.0,64.0,,,https_www_bestbottles_com_product_diva_design_100_ml_glass_bottle_matte_silver_lotion_pump_and_cap.html
GBDiva100SpryMtSl,18-415,100.0,113.0,138.0,64.0,,,https_www_bestbottles_com_product_diva_design_100_ml_glass_bottle_matte_silver_spray_pump_and_cap.html
GBDiva100AnSpMtSl,18-415,100.0,113.0,140.0,64.0,,,https_www_bestbottles_com_product_diva_design_100_ml_glass_bottle_matte_silver_vintage_style_sprayer_matte_silver_collar_cap.html
GBDiva100AnSpTslMtSl,18-415,100.0,113.0,135.0,64.0,,,https_www_bestbottles_com_product_diva_design_100_ml_glass_bottle_matte_silver_vintage_style_sprayer_with_tassel_matte_silver_collar.html
GBDiva100AnSpPnk,18-415,100.0,113.0,140.0,64.0,,,https_www_bestbottles_com_product_diva_design_100_ml_glass_bottle_pink_vintage_style_bulb_sprayer_shiny_gold_collar_cap.html
GBDiva100AnSpTslPnk,18-415,100.0,113.0,135.0,64.0,,,https_www_bestbottles_com_product_diva_design_100_ml_glass_bottle_pink_vintage_style_sprayer_with_tassel_shiny_gold_collar.html
GBDiva100AnSpRed,18-415,100.0,113.0,140.0,64.0,,,https_www_bestbottles_com_product_diva_design_100_ml_glass_bottle_red_vintage_style_bulb_sprayer_shiny_silver_collar_cap.html
GBDiva100AnSpTslRed,18-415,100.0,113.0,135.0,64.0,,,https_www_bestbottles_com_product_diva_design_100_ml_glass_bottle_red_vintage_style_sprayer_with_tassel_shiny_silver_collar.html
GBDiva100RdcrBlkLthr,18-415,100.0,113.0,126.0,64.0,,,https_www_bestbottles_com_product_diva_design_100_ml_glass_bottle_reducer_black_faux_leather_cap.html
GBDiva100RdcrShnBlk,18-415,100.0,113.0,117.0,64.0,,,https_www_bestbottles_com_product_diva_design_100_ml_glass_bottle_reducer_black_shiny_cap.html
GBDiva100RdcrBrwnLthr,18-415,100.0,113.0,126.0,64.0,,,https_www_bestbottles_com_product_diva_design_100_ml_glass_bottle_reducer_brown_faux_leather_cap.html
GBDiva100RdcrIvyLthr,18-415,100.0,113.0,126.0,64.0,,,https_www_bestbottles_com_product_diva_design_100_ml_glass_bottle_reducer_ivory_faux_leather_cap.html
GBDiva100RdcrLBrwnLthr,18-415,100.0,113.0,126.0,64.0,,,https_www_bestbottles_com_product_diva_design_100_ml_glass_bottle_reducer_light_brown_faux_leather_cap.html
GBDiva100RdcrPnkLthr,18-415,100.0,113.0,126.0,64.0,,,https_www_bestbottles_com_product_diva_design_100_ml_glass_bottle_reducer_pink_faux_leather_cap.html
GBDiva100RdcrShnGl,18-415,100.0,113.0,117.0,64.0,,,https_www_bestbottles_com_product_diva_design_100_ml_glass_bottle_reducer_shiny_gold_cap.html
GBDiva100RdcrShnSl,18-415,100.0,113.0,117.0,64.0,,,https_www_bestbottles_com_product_diva_design_100_ml_glass_bottle_reducer_shiny_silver_cap.html
GBDiva100RdcrMtSl,18-415,100.0,113.0,117.0,64.0,,,https_www_bestbottles_com_product_diva_design_100_ml_glass_bottle_reducer_silver_matte_cap.html
GBDiva100RdcrShnBlkTall,18-415,100.0,113.0,123.0,64.0,,,https_www_bestbottles_com_product_diva_design_100_ml_glass_bottle_reducer_tall_black_shiny_cap.html
GBDiva100RdcrMtSlTall,18-415,100.0,113.0,123.0,64.0,,,https_www_bestbottles_com_product_diva_design_100_ml_glass_bottle_reducer_tall_silver_matte_cap.html
GBDiva100RdcrWht,18-415,100.0,113.0,123.0,64.0,,,https_www_bestbottles_com_product_diva_design_100_ml_glass_bottle_reducer_white_cap.html
LBDiva100LtnShnBlk,18-415,100.0,113.0,138.0,64.0,,,https_www_bestbottles_com_product_diva_design_100_ml_glass_bottle_shiny_black_lotion_pump_and_cap.html
GBDiva100SpryShnBlk,18-415,100.0,113.0,138.0,64.0,,,https_www_bestbottles_com_product_diva_design_100_ml_glass_bottle_shiny_black_spray_pump_and_capblack_shiny_cap.html
LBDiva100LtnShnGl,18-415,100.0,113.0,138.0,64.0,,,https_www_bestbottles_com_product_diva_design_100_ml_glass_bottle_shiny_gold_lotion_pump_and_cap.html
GBDiva100SpryShnGl,18-415,100.0,113.0,138.0,64.0,,,https_www_bestbottles_com_product_diva_design_100_ml_glass_bottle_shiny_gold_spray_pump_and_cap.html
LBDiva100LtnShnSl,18-415,100.0,113.0,138.0,64.0,,,https_www_bestbottles_com_product_diva_design_100_ml_glass_bottle_shiny_silver_lotion_pump_and_cap.html
GBDiva100SpryShnSl,18-415,100.0,113.0,138.0,64.0,,,https_www_bestbottles_com_product_diva_design_100_ml_glass_bottle_shiny_silver_spray_and_cap.html
GBDiva100AnSpWht,18-415,100.0,113.0,140.0,64.0,,,https_www_bestbottles_com_product_diva_design_100_ml_glass_bottle_white_vintage_style_bulb_sprayer_shiny_silver_collar_cap.html
GBDiva100AnSpTslWht,18-415,100.0,113.0,135.0,64.0,,,https_www_bestbottles_com_product_diva_design_100_ml_glass_bottle_white_vintage_style_sprayer_with_tassel_shiny_silver_collar.html
GBDiva30AnSpBlk,18-415,30.0,81.0,109.0,43.0,,,https_www_bestbottles_com_product_diva_design_30_ml_glass_bottle_black_vintage_style_bulb_sprayer_shiny_silver_collar_cap.html
LBDiva30LtnClOvrCap,18-415,30.0,81.0,107.0,43.0,,,https_www_bestbottles_com_product_diva_design_30_ml_glass_bottle_clear_over_the_cap_lotion_pump_matte_silver_collar_cap.html
GBDiva30AnSpGl,18-415,30.0,81.0,109.0,43.0,,,https_www_bestbottles_com_product_diva_design_30_ml_glass_bottle_gold_vintage_style_sprayer_shiny_gold_collar_cap.html
GBDiva30AnSpIvyGl,18-415,30.0,81.0,109.0,43.0,,,https_www_bestbottles_com_product_diva_design_30_ml_glass_bottle_ivory_vintage_style_bulb_sprayer_shiny_gold_collar_cap.html
GBDiva30AnSpIvySl,18-415,30.0,81.0,109.0,43.0,,,https_www_bestbottles_com_product_diva_design_30_ml_glass_bottle_ivory_vintage_style_bulb_sprayer_shiny_silver_collar_cap.html
GBDiva30AnSpLvn,18-415,30.0,81.0,109.0,43.0,,,https_www_bestbottles_com_product_diva_design_30_ml_glass_bottle_lavender_vintage_style_bulb_sprayer_shiny_silver_collar_cap.html
LBDiva30LtnCu,18-415,30.0,81.0,104.0,43.0,,,https_www_bestbottles_com_product_diva_design_30_ml_glass_bottle_matte_copper_lotion_pump_and_cap.html
GBDiva30SpryCu,18-415,30.0,81.0,104.0,43.0,,,https_www_bestbottles_com_product_diva_design_30_ml_glass_bottle_matte_copper_spray_and_cap.html
LBDiva30LtnMtGl,18-415,30.0,81.0,104.0,43.0,,,https_www_bestbottles_com_product_diva_design_30_ml_glass_bottle_matte_gold_lotion_pump_and_cap.html
GBDiva30SpryMtGl,18-415,30.0,81.0,104.0,43.0,,,https_www_bestbottles_com_product_diva_design_30_ml_glass_bottle_matte_gold_spray_pump_and_cap.html
LBDiva30LtnMtSl,18-415,30.0,81.0,104.0,43.0,,,https_www_bestbottles_com_product_diva_design_30_ml_glass_bottle_matte_silver_lotion_pump_and_cap.html
GBDiva30SpryMtSl,18-415,30.0,81.0,104.0,43.0,,,https_www_bestbottles_com_product_diva_design_30_ml_glass_bottle_matte_silver_spray_pump_and_cap.html
GBDiva30AnSpMtSl,18-415,30.0,81.0,109.0,43.0,,,https_www_bestbottles_com_product_diva_design_30_ml_glass_bottle_matte_silver_vintage_style_sprayer_matte_silver_collar_cap.html
GBDiva30AnSpPnk,18-415,30.0,81.0,109.0,43.0,,,https_www_bestbottles_com_product_diva_design_30_ml_glass_bottle_pink_vintage_style_bulb_sprayer_shiny_gold_collar_cap.html
GBDiva30AnSpRed,18-415,30.0,81.0,109.0,43.0,,,https_www_bestbottles_com_product_diva_design_30_ml_glass_bottle_red_vintage_style_bulb_sprayer_shiny_silver_collar_cap.html
GBDiva30RdcrBlkLthr,18-415,30.0,81.0,95.0,43.0,,,https_www_bestbottles_com_product_diva_design_30_ml_glass_bottle_reducer_black_faux_leather_cap.html
GBDiva30RdcrShnBlk,18-415,30.0,81.0,85.0,43.0,,,https_www_bestbottles_com_product_diva_design_30_ml_glass_bottle_reducer_black_shiny_cap.html
GBDiva30RdcrBrwnLthr,18-415,30.0,81.0,95.0,43.0,,,https_www_bestbottles_com_product_diva_design_30_ml_glass_bottle_reducer_brown_faux_leather_cap.html
GBDiva30RdcrIvyLthr,18-415,30.0,81.0,95.0,43.0,,,https_www_bestbottles_com_product_diva_design_30_ml_glass_bottle_reducer_ivory_faux_leather_cap.html
GBDiva30RdcrLBrwnLthr,18-415,30.0,81.0,95.0,43.0,,,https_www_bestbottles_com_product_diva_design_30_ml_glass_bottle_reducer_light_brown_faux_leather_cap.html
GBDiva30RdcrPnkLthr,18-415,30.0,81.0,95.0,43.0,,,https_www_bestbottles_com_product_diva_design_30_ml_glass_bottle_reducer_pink_faux_leather_cap.html
GBDiva30RdcrShnGl,18-415,30.0,81.0,85.0,43.0,,,https_www_bestbottles_com_product_diva_design_30_ml_glass_bottle_reducer_shiny_gold_cap.html
GBDiva30RdcrShnSl,18-415,30.0,81.0,85.0,43.0,,,https_www_bestbottles_com_product_diva_design_30_ml_glass_bottle_reducer_shiny_silver_cap.html
GBDiva30RdcrMtSl,18-415,30.0,81.0,85.0,43.0,,,https_www_bestbottles_com_product_diva_design_30_ml_glass_bottle_reducer_silver_matte_cap.html
GBDiva30RdcrShnBlkTall,18-415,30.0,81.0,92.0,43.0,,,https_www_bestbottles_com_product_diva_design_30_ml_glass_bottle_reducer_tall_black_shiny_cap.html
GBDiva30RdcrMtSlTall,18-415,30.0,81.0,92.0,43.0,,,https_www_bestbottles_com_product_diva_design_30_ml_glass_bottle_reducer_tall_silver_matte_cap.html
GBDiva30RdcrWht,18-415,30.0,81.0,92.0,43.0,,,https_www_bestbottles_com_product_diva_design_30_ml_glass_bottle_reducer_white_cap.html
LBDiva30LtnShnBlk,18-415,30.0,81.0,104.0,43.0,,,https_www_bestbottles_com_product_diva_design_30_ml_glass_bottle_shiny_black_lotion_pump_and_cap.html
GBDiva30SpryShnBlk,18-415,30.0,81.0,104.0,43.0,,,https_www_bestbottles_com_product_diva_design_30_ml_glass_bottle_shiny_black_spray_pump_and_cap.html
LBDiva30LtnShnGl,18-415,30.0,81.0,104.0,43.0,,,https_www_bestbottles_com_product_diva_design_30_ml_glass_bottle_shiny_gold_lotion_pump_and_cap.html
GBDiva30SpryShnGl,18-415,30.0,81.0,104.0,43.0,,,https_www_bestbottles_com_product_diva_design_30_ml_glass_bottle_shiny_gold_spray_pump_and_cap.html
LBDiva30LtnShnSl,18-415,30.0,81.0,104.0,43.0,,,https_www_bestbottles_com_product_diva_design_30_ml_glass_bottle_shiny_silver_lotion_pump_and_cap.html
GBDiva30SpryShnSl,18-415,30.0,81.0,104.0,43.0,,,https_www_bestbottles_com_product_diva_design_30_ml_glass_bottle_shiny_silver_spray_and_cap.html
GBDiva30AnSpWht,18-415,30.0,81.0,109.0,43.0,,,https_www_bestbottles_com_product_diva_design_30_ml_glass_bottle_white_vintage_style_bulb_sprayer_shiny_silver_collar_cap.html
GBDivaFrst46AnSpBlk,18-415,46.0,89.0,115.0,49.0,,,https_www_bestbottles_com_product_diva_design_46_ml_frosted_glass_bottle_black_vintage_style_bulb_sprayer_shiny_silver_collar_cap.html
GBDivaFrst46AnSpTslBlk,18-415,46.0,89.0,111.0,49.0,,,https_www_bestbottles_com_product_diva_design_46_ml_frosted_glass_bottle_black_vintage_style_sprayer_with_tassel_shiny_silver_collar_ring.html
LBDivaFrst46LtnClOvrCap,18-415,46.0,89.0,116.0,49.0,,,https_www_bestbottles_com_product_diva_design_46_ml_frosted_glass_bottle_clear_over_the_cap_lotion_pump_matte_silver_collar_cap.html
GBDivaFrst46AnSpGl,18-415,46.0,89.0,115.0,49.0,,,https_www_bestbottles_com_product_diva_design_46_ml_frosted_glass_bottle_gold_vintage_style_sprayer_shiny_gold_collar_cap.html
GBDivaFrst46AnSpTslGl,18-415,46.0,89.0,111.0,49.0,,,https_www_bestbottles_com_product_diva_design_46_ml_frosted_glass_bottle_gold_vintage_style_sprayer_with_tassel_shiny_gold_collar_ring.html
GBDivaFrst46AnSpIvyGl,18-415,46.0,89.0,115.0,49.0,,,https_www_bestbottles_com_product_diva_design_46_ml_frosted_glass_bottle_ivory_vintage_style_bulb_sprayer_shiny_gold_collar_cap.html
GBDivaFrst46AnSpIvySl,18-415,46.0,89.0,115.0,49.0,,,https_www_bestbottles_com_product_diva_design_46_ml_frosted_glass_bottle_ivory_vintage_style_bulb_sprayer_shiny_silver_collar_cap.html
GBDivaFrst46AnSpTslIvyGl,18-415,46.0,89.0,111.0,49.0,,,https_www_bestbottles_com_product_diva_design_46_ml_frosted_glass_bottle_ivory_vintage_style_sprayer_with_tassel_shiny_gold_collar.html
GBDivaFrst46AnSpTslIvySl,18-415,46.0,89.0,111.0,49.0,,,https_www_bestbottles_com_product_diva_design_46_ml_frosted_glass_bottle_ivory_vintage_style_sprayer_with_tassel_shiny_silver_collar.html
GBDivaFrst46AnSpLvn,18-415,46.0,89.0,115.0,49.0,,,https_www_bestbottles_com_product_diva_design_46_ml_frosted_glass_bottle_lavender_vintage_style_bulb_sprayer_shiny_silver_collar_cap.html
GBDivaFrst46AnSpTslLvn,18-415,46.0,89.0,111.0,49.0,,,https_www_bestbottles_com_product_diva_design_46_ml_frosted_glass_bottle_lavender_vintage_style_sprayer_with_tassel_shiny_silver_collar_ring.html
LBDivaFrst46LtnCu,18-415,46.0,89.0,113.0,49.0,,,https_www_bestbottles_com_product_diva_design_46_ml_frosted_glass_bottle_matte_copper_lotion_pump_and_cap.html
GBDivaFrst46SpryCu,18-415,46.0,89.0,114.0,49.0,,,https_www_bestbottles_com_product_diva_design_46_ml_frosted_glass_bottle_matte_copper_spray_and_cap.html
LBDivaFrst46LtnMtGl,18-415,46.0,89.0,113.0,49.0,,,https_www_bestbottles_com_product_diva_design_46_ml_frosted_glass_bottle_matte_gold_lotion_pump_and_cap.html
GBDivaFrst46SpryMtGl,18-415,46.0,89.0,114.0,49.0,,,https_www_bestbottles_com_product_diva_design_46_ml_frosted_glass_bottle_matte_gold_spray_pump_and_cap.html
LBDivaFrst46LtnMtSl,18-415,46.0,89.0,113.0,49.0,,,https_www_bestbottles_com_product_diva_design_46_ml_frosted_glass_bottle_matte_silver_lotion_pump_and_cap.html
GBDivaFrst46SpryMtSl,18-415,46.0,89.0,114.0,49.0,,,https_www_bestbottles_com_product_diva_design_46_ml_frosted_glass_bottle_matte_silver_spray_pump_and_cap.html
GBDivaFrst46AnSpMtSl,18-415,46.0,89.0,115.0,49.0,,,https_www_bestbottles_com_product_diva_design_46_ml_frosted_glass_bottle_matte_silver_vintage_style_sprayer_matte_silver_collar_cap.html
GBDivaFrst46AnSpTslMtSl,18-415,46.0,89.0,111.0,49.0,,,https_www_bestbottles_com_product_diva_design_46_ml_frosted_glass_bottle_matte_silver_vintage_style_sprayer_with_tassel_matte_silver_collar_ring.html
GBDivaFrst46AnSpPnk,18-415,46.0,89.0,115.0,49.0,,,https_www_bestbottles_com_product_diva_design_46_ml_frosted_glass_bottle_pink_vintage_style_bulb_sprayer_shiny_gold_collar_cap.html
GBDivaFrst46AnSpTslPnk,18-415,46.0,89.0,111.0,49.0,,,https_www_bestbottles_com_product_diva_design_46_ml_frosted_glass_bottle_pink_vintage_style_sprayer_with_tassel_shiny_gold_collar_ring.html
GBDivaFrst46AnSpRed,18-415,46.0,89.0,115.0,49.0,,,https_www_bestbottles_com_product_diva_design_46_ml_frosted_glass_bottle_red_vintage_style_bulb_sprayer_shiny_silver_collar_cap.html
GBDivaFrst46AnSpTslRed,18-415,46.0,89.0,111.0,49.0,,,https_www_bestbottles_com_product_diva_design_46_ml_frosted_glass_bottle_red_vintage_style_sprayer_with_tassel_shiny_silver_collar.html
GBDivaFrst46RdcrBlkLthr,18-415,46.0,89.0,103.0,49.0,,,https_www_bestbottles_com_product_diva_design_46_ml_frosted_glass_bottle_reducer_black_faux_leather_cap.html
GBDivaFrst46RdcrShnBlk,18-415,46.0,89.0,93.0,49.0,,,https_www_bestbottles_com_product_diva_design_46_ml_frosted_glass_bottle_reducer_black_shiny_cap.html
GBDivaFrst46RdcrBrwnLthr,18-415,46.0,89.0,103.0,49.0,,,https_www_bestbottles_com_product_diva_design_46_ml_frosted_glass_bottle_reducer_brown_faux_leather_cap.html
GBDivaFrst46RdcrIvyLthr,18-415,46.0,89.0,103.0,49.0,,,https_www_bestbottles_com_product_diva_design_46_ml_frosted_glass_bottle_reducer_ivory_faux_leather_cap.html
GBDivaFrst46RdcrLBrwnLthr,18-415,46.0,89.0,103.0,49.0,,,https_www_bestbottles_com_product_diva_design_46_ml_frosted_glass_bottle_reducer_light_brown_faux_leather_cap.html
GBDivaFrst46RdcrPnkLthr,18-415,46.0,89.0,103.0,49.0,,,https_www_bestbottles_com_product_diva_design_46_ml_frosted_glass_bottle_reducer_pink_faux_leather_cap.html
GBDivaFrst46RdcrShnGl,18-415,46.0,89.0,93.0,49.0,,,https_www_bestbottles_com_product_diva_design_46_ml_frosted_glass_bottle_reducer_shiny_gold_cap.html
GBDivaFrst46RdcrShnSl,18-415,46.0,89.0,93.0,49.0,,,https_www_bestbottles_com_product_diva_design_46_ml_frosted_glass_bottle_reducer_shiny_silver_cap.html
GBDivaFrst46RdcrMtSl,18-415,46.0,89.0,93.0,49.0,,,https_www_bestbottles_com_product_diva_design_46_ml_frosted_glass_bottle_reducer_silver_matte_cap.html
GBDivaFrst46RdcrShnBlkTall,18-415,46.0,89.0,100.0,49.0,,,https_www_bestbottles_com_product_diva_design_46_ml_frosted_glass_bottle_reducer_tall_black_shiny_cap.html
GBDivaFrst46RdcrMtSlTall,18-415,46.0,89.0,100.0,49.0,,,https_www_bestbottles_com_product_diva_design_46_ml_frosted_glass_bottle_reducer_tall_silver_matte_cap.html
GBDivaFrst46RdcrWht,18-415,46.0,89.0,100.0,49.0,,,https_www_bestbottles_com_product_diva_design_46_ml_frosted_glass_bottle_reducer_white_cap.html
LBDivaFrst46LtnShnBlk,18-415,46.0,89.0,113.0,49.0,,,https_www_bestbottles_com_product_diva_design_46_ml_frosted_glass_bottle_shiny_black_lotion_pump_and_cap.html
GBDivaFrst46SpryShnBlk,18-415,46.0,89.0,114.0,49.0,,,https_www_bestbottles_com_product_diva_design_46_ml_frosted_glass_bottle_shiny_black_spray_pump_and_cap.html
LBDivaFrst46LtnShnGl,18-415,46.0,89.0,113.0,49.0,,,https_www_bestbottles_com_product_diva_design_46_ml_frosted_glass_bottle_shiny_gold_lotion_pump_and_cap.html
GBDivaFrst46SpryShnGl,18-415,46.0,89.0,114.0,49.0,,,https_www_bestbottles_com_product_diva_design_46_ml_frosted_glass_bottle_shiny_gold_spray_pump_and_cap.html
LBDivaFrst46LtnShnSl,18-415,46.0,89.0,113.0,49.0,,,https_www_bestbottles_com_product_diva_design_46_ml_frosted_glass_bottle_shiny_silver_lotion_pump_and_cap.html
GBDivaFrst46SpryShnSl,18-415,46.0,89.0,114.0,49.0,,,https_www_bestbottles_com_product_diva_design_46_ml_frosted_glass_bottle_shiny_silver_spray_and_cap.html
GBDivaFrst46AnSpWht,18-415,46.0,89.0,115.0,49.0,,,https_www_bestbottles_com_product_diva_design_46_ml_frosted_glass_bottle_white_vintage_style_bulb_sprayer_shiny_silver_collar_cap.html
GBDivaFrst46AnSpTslWht,18-415,46.0,89.0,111.0,49.0,,,https_www_bestbottles_com_product_diva_design_46_ml_frosted_glass_bottle_white_vintage_style_sprayer_with_tassel_shiny_silver_collar.html
GBDiva46AnSpBlk,18-415,46.0,89.0,115.0,49.0,,,https_www_bestbottles_com_product_diva_design_46_ml_glass_bottle_black_vintage_style_bulb_sprayer_shiny_silver_collar_cap.html
GBDiva46AnSpBlkRng,18-415,46.0,89.0,115.0,49.0,,,https_www_bestbottles_com_product_diva_design_46_ml_glass_bottle_black_vintage_style_sprayer_with_shiny_silver_collar_ring.html
GBDiva46AnSpTslBlk,18-415,46.0,89.0,111.0,49.0,,,https_www_bestbottles_com_product_diva_design_46_ml_glass_bottle_black_vintage_style_sprayer_with_tassel_shiny_silver_collar.html
GBDiva46AnSpTslBlkRng,18-415,46.0,89.0,111.0,49.0,,,https_www_bestbottles_com_product_diva_design_46_ml_glass_bottle_black_vintage_style_sprayer_with_tassel_shiny_silver_collar_ring.html
LBDiva46LtnClOvrCap,18-415,46.0,89.0,116.0,49.0,,,https_www_bestbottles_com_product_diva_design_46_ml_glass_bottle_clear_over_the_cap_lotion_pump_matte_silver_collar_cap.html
GBDiva46AnSpTslGl,18-415,46.0,89.0,111.0,49.0,,,https_www_bestbottles_com_product_diva_design_46_ml_glass_bottle_gold_vintage_style_sprayer_with_tassel_shiny_gold_collar.html
GBDiva46AnSpGl,18-415,46.0,89.0,115.0,49.0,,,https_www_bestbottles_com_product_diva_design_46_ml_glass_bottle_ivory_vintage_style_bulb_sprayer_shiny_gold_collar_cap.html
GBDiva46AnSpIvySl,18-415,46.0,89.0,115.0,49.0,,,https_www_bestbottles_com_product_diva_design_46_ml_glass_bottle_ivory_vintage_style_bulb_sprayer_shiny_silver_collar_cap.html
GBDiva46AnSpIvyGl,18-415,46.0,89.0,115.0,49.0,,,https_www_bestbottles_com_product_diva_design_46_ml_glass_bottle_ivory_vintage_style_sprayer_shiny_gold_collar_cap.html
GBDiva46AnSpIvySlRng,18-415,46.0,89.0,115.0,49.0,,,https_www_bestbottles_com_product_diva_design_46_ml_glass_bottle_ivory_vintage_style_sprayer_with_shiny_silver_collar_ring.html
GBDiva46AnSpTslIvyGl,18-415,46.0,89.0,111.0,49.0,,,https_www_bestbottles_com_product_diva_design_46_ml_glass_bottle_ivory_vintage_style_sprayer_with_tassel_shiny_gold_collar.html
GBDiva46AnSpTslIvySl,18-415,46.0,89.0,111.0,49.0,,,https_www_bestbottles_com_product_diva_design_46_ml_glass_bottle_ivory_vintage_style_sprayer_with_tassel_shiny_silver_collar.html
GBDiva46AnSpTslIvySlRng,18-415,46.0,89.0,111.0,49.0,,,https_www_bestbottles_com_product_diva_design_46_ml_glass_bottle_ivory_vintage_style_sprayer_with_tassel_shiny_silver_collar_ring.html
GBDiva46AnSpLvn,18-415,46.0,89.0,115.0,49.0,,,https_www_bestbottles_com_product_diva_design_46_ml_glass_bottle_lavendar_vintage_style_bulb_sprayer_shiny_silver_collar_cap.html
GBDiva46AnSpLvnRng,18-415,46.0,89.0,115.0,49.0,,,https_www_bestbottles_com_product_diva_design_46_ml_glass_bottle_lavender_vintage_style_sprayer_with_shiny_silver_collar_ring.html
GBDiva46AnSpTslLvn,18-415,46.0,89.0,111.0,49.0,,,https_www_bestbottles_com_product_diva_design_46_ml_glass_bottle_lavender_vintage_style_sprayer_with_tassel_shiny_silver_collar.html
GBDiva46AnSpTslLvnRng,18-415,46.0,89.0,111.0,49.0,,,https_www_bestbottles_com_product_diva_design_46_ml_glass_bottle_lavender_vintage_style_sprayer_with_tassel_shiny_silver_collar_ring.html
LBDiva46LtnCu,18-415,46.0,89.0,113.0,49.0,,,https_www_bestbottles_com_product_diva_design_46_ml_glass_bottle_matte_copper_lotion_pump_and_cap.html
GBDiva46SpryCu,18-415,46.0,89.0,114.0,49.0,,,https_www_bestbottles_com_product_diva_design_46_ml_glass_bottle_matte_copper_spray_and_cap.html
LBDiva46LtnMtGl,18-415,46.0,89.0,113.0,49.0,,,https_www_bestbottles_com_product_diva_design_46_ml_glass_bottle_matte_gold_lotion_pump_and_cap.html
GBDiva46SpryMtGl,18-415,46.0,89.0,114.0,49.0,,,https_www_bestbottles_com_product_diva_design_46_ml_glass_bottle_matte_gold_spray_pump_and_cap.html
LBDiva46LtnMtSl,18-415,46.0,89.0,113.0,49.0,,,https_www_bestbottles_com_product_diva_design_46_ml_glass_bottle_matte_silver_lotion_pump_and_cap.html
GBDiva46SpryMtSl,18-415,46.0,89.0,114.0,49.0,,,https_www_bestbottles_com_product_diva_design_46_ml_glass_bottle_matte_silver_spray_pump_and_cap.html
GBDiva46AnSpMtSl,18-415,46.0,89.0,115.0,49.0,,,https_www_bestbottles_com_product_diva_design_46_ml_glass_bottle_matte_silver_vintage_style_sprayer_matte_silver_collar_cap.html
GBDiva46AnSpTslMtSl,18-415,46.0,89.0,111.0,49.0,,,https_www_bestbottles_com_product_diva_design_46_ml_glass_bottle_matte_silver_vintage_style_sprayer_with_tassel_matte_silver_collar.html
GBDiva46AnSpPnk,18-415,46.0,89.0,115.0,49.0,,,https_www_bestbottles_com_product_diva_design_46_ml_glass_bottle_pink_vintage_style_bulb_sprayer_shiny_gold_collar_cap.html
GBDiva46AnSpTslPnk,18-415,46.0,89.0,111.0,49.0,,,https_www_bestbottles_com_product_diva_design_46_ml_glass_bottle_pink_vintage_style_sprayer_with_tassel_shiny_gold_collar.html
GBDiva46AnSpRed,18-415,46.0,89.0,115.0,49.0,,,https_www_bestbottles_com_product_diva_design_46_ml_glass_bottle_red_vintage_style_bulb_sprayer_shiny_silver_collar_cap.html
GBDiva46AnSpRedRng,18-415,46.0,89.0,115.0,49.0,,,https_www_bestbottles_com_product_diva_design_46_ml_glass_bottle_red_vintage_style_sprayer_with_shiny_silver_collar_ring.html
GBDiva46AnSpTslRed,18-415,46.0,89.0,111.0,49.0,,,https_www_bestbottles_com_product_diva_design_46_ml_glass_bottle_red_vintage_style_sprayer_with_tassel_shiny_silver_collar.html
GBDiva46AnSpTslRedRng,18-415,46.0,89.0,111.0,49.0,,,https_www_bestbottles_com_product_diva_design_46_ml_glass_bottle_red_vintage_style_sprayer_with_tassel_shiny_silver_collar_ring.html
GBDiva46RdcrBlkLthr,18-415,46.0,89.0,103.0,49.0,,,https_www_bestbottles_com_product_diva_design_46_ml_glass_bottle_reducer_black_faux_leather_cap.html
GBDiva46RdcrShnBlk,18-415,46.0,89.0,93.0,49.0,,,https_www_bestbottles_com_product_diva_design_46_ml_glass_bottle_reducer_black_shiny_cap.html
GBDiva46RdcrBrwnLthr,18-415,46.0,89.0,103.0,49.0,,,https_www_bestbottles_com_product_diva_design_46_ml_glass_bottle_reducer_brown_faux_leather_cap.html
GBDiva46RdcrIvyLthr,18-415,46.0,89.0,103.0,49.0,,,https_www_bestbottles_com_product_diva_design_46_ml_glass_bottle_reducer_ivory_faux_leather_cap.html
GBDiva46RdcrLBrwnLthr,18-415,46.0,89.0,103.0,49.0,,,https_www_bestbottles_com_product_diva_design_46_ml_glass_bottle_reducer_light_brown_faux_leather_cap.html
GBDiva46RdcrPnkLthr,18-415,46.0,89.0,103.0,49.0,,,https_www_bestbottles_com_product_diva_design_46_ml_glass_bottle_reducer_pink_faux_leather_cap.html
GBDiva46RdcrShnGl,18-415,46.0,89.0,93.0,49.0,,,https_www_bestbottles_com_product_diva_design_46_ml_glass_bottle_reducer_shiny_gold_cap.html
GBDiva46RdcrShnSl,18-415,46.0,89.0,93.0,49.0,,,https_www_bestbottles_com_product_diva_design_46_ml_glass_bottle_reducer_shiny_silver_cap.html
GBDiva46RdcrMtSl,18-415,46.0,89.0,93.0,49.0,,,https_www_bestbottles_com_product_diva_design_46_ml_glass_bottle_reducer_silver_matte_cap.html
GBDiva46RdcrShnBlkTall,18-415,46.0,89.0,100.0,49.0,,,https_www_bestbottles_com_product_diva_design_46_ml_glass_bottle_reducer_tall_black_shiny_cap.html
GBDiva46RdcrMtSlTall,18-415,46.0,89.0,100.0,49.0,,,https_www_bestbottles_com_product_diva_design_46_ml_glass_bottle_reducer_tall_silver_matte_cap.html
GBDiva46RdcrWht,18-415,46.0,89.0,100.0,49.0,,,https_www_bestbottles_com_product_diva_design_46_ml_glass_bottle_reducer_white_cap.html
LBDiva46LtnShnBlk,18-415,46.0,89.0,113.0,49.0,,,https_www_bestbottles_com_product_diva_design_46_ml_glass_bottle_shiny_black_lotion_pump_and_cap.html
GBDiva46SpryShnBlk,18-415,46.0,89.0,114.0,49.0,,,https_www_bestbottles_com_product_diva_design_46_ml_glass_bottle_shiny_black_spray_pump_and_cap.html
LBDiva46LtnShnGl,18-415,46.0,89.0,113.0,49.0,,,https_www_bestbottles_com_product_diva_design_46_ml_glass_bottle_shiny_gold_lotion_pump_and_cap.html
GBDiva46SpryShnGl,18-415,46.0,89.0,114.0,49.0,,,https_www_bestbottles_com_product_diva_design_46_ml_glass_bottle_shiny_gold_spray_pump_and_cap.html
LBDiva46LtnShnSl,18-415,46.0,89.0,113.0,49.0,,,https_www_bestbottles_com_product_diva_design_46_ml_glass_bottle_shiny_silver_lotion_pump_and_cap.html
GBDiva46SpryShnSl,18-415,46.0,89.0,114.0,49.0,,,https_www_bestbottles_com_product_diva_design_46_ml_glass_bottle_shiny_silver_spray_and_cap.html
GBDiva46DrpCu,18-415,46.0,89.0,113.0,49.0,,,https_www_bestbottles_com_product_diva_design_46_ml_glass_bottle_white_dropper_shiny_copper_collar_cap.html
GBDiva46DrpGl,18-415,46.0,89.0,113.0,49.0,,,https_www_bestbottles_com_product_diva_design_46_ml_glass_bottle_white_dropper_shiny_gold_collar_cap.html
GBDiva46DrpSl,18-415,46.0,89.0,113.0,49.0,,,https_www_bestbottles_com_product_diva_design_46_ml_glass_bottle_white_dropper_shiny_silver_collar_cap.html
GBDiva46AnSpWht,18-415,46.0,89.0,115.0,49.0,,,https_www_bestbottles_com_product_diva_design_46_ml_glass_bottle_white_vintage_style_bulb_sprayer_shiny_silver_collar_cap.html
GBDiva46AnSpWhtRng,18-415,46.0,89.0,113.0,49.0,,,https_www_bestbottles_com_product_diva_design_46_ml_glass_bottle_white_vintage_style_sprayer_with_shiny_silver_collar_ring.html
GBDiva46AnSpTslWht,18-415,46.0,89.0,111.0,49.0,,,https_www_bestbottles_com_product_diva_design_46_ml_glass_bottle_white_vintage_style_sprayer_with_tassel_shiny_silver_collar.html
GBDiva46AnSpTslWhtRng,18-415,46.0,89.0,111.0,49.0,,,https_www_bestbottles_com_product_diva_design_46_ml_glass_bottle_white_vintage_style_sprayer_with_tassel_shiny_silver_collar_ring.html
Drp18-415Cu,18-415,0.0,,39.0,23.0,,,https_www_bestbottles_com_product_dropper_white_rubber_bulb_copper_trim_glass_pipette.html
GBElgFrst100AnSpBlk,18-415,100.0,109.0,137.0,,61.0,30.0,https_www_bestbottles_com_product_elegant_design_105_ml_frosted_glass_bottle_black_vintage_style_bulb_sprayer_shiny_silver_collar_cap.html
GBElgFrst100AnSpTslBlk,18-415,100.0,109.0,131.0,,61.0,30.0,https_www_bestbottles_com_product_elegant_design_105_ml_frosted_glass_bottle_black_vintage_style_sprayer_with_tassel_shiny_silver_collar.html
LBElgFrst100LtnClOvrCap,18-415,100.0,109.0,135.0,,61.0,30.0,https_www_bestbottles_com_product_elegant_design_105_ml_frosted_glass_bottle_clear_over_the_cap_lotion_pump_matte_silver_collar_cap.html
GBElgFrst100AnSpGl,18-415,100.0,109.0,137.0,,61.0,30.0,https_www_bestbottles_com_product_elegant_design_105_ml_frosted_glass_bottle_gold_vintage_style_sprayer_shiny_gold_collar_cap.html
GBElgFrst100AnSpTslGl,18-415,100.0,109.0,131.0,,61.0,30.0,https_www_bestbottles_com_product_elegant_design_105_ml_frosted_glass_bottle_gold_vintage_style_sprayer_with_tassel_shiny_gold_collar.html
GBElgFrst100AnSpIvyGl,18-415,100.0,109.0,137.0,,61.0,30.0,https_www_bestbottles_com_product_elegant_design_105_ml_frosted_glass_bottle_ivory_vintage_style_bulb_sprayer_shiny_gold_collar_cap.html
GBElgFrst100AnSpIvySl,18-415,100.0,109.0,137.0,,61.0,30.0,https_www_bestbottles_com_product_elegant_design_105_ml_frosted_glass_bottle_ivory_vintage_style_bulb_sprayer_shiny_silver_collar_cap.html
GBElgFrst100AnSpTslIvyGl,18-415,100.0,109.0,131.0,,61.0,30.0,https_www_bestbottles_com_product_elegant_design_105_ml_frosted_glass_bottle_ivory_vintage_style_sprayer_with_tassel_shiny_gold_collar.html
GBElgFrst100AnSpTslIvySl,18-415,100.0,109.0,131.0,,61.0,30.0,https_www_bestbottles_com_product_elegant_design_105_ml_frosted_glass_bottle_ivory_vintage_style_sprayer_with_tassel_shiny_silver_collar.html
GBElgFrst100AnSpLvn,18-415,100.0,109.0,137.0,,61.0,30.0,https_www_bestbottles_com_product_elegant_design_105_ml_frosted_glass_bottle_lavender_vintage_style_bulb_sprayer_shiny_silver_collar_cap.html
GBElgFrst100AnSpTslLvn,18-415,100.0,109.0,131.0,,61.0,30.0,https_www_bestbottles_com_product_elegant_design_105_ml_frosted_glass_bottle_lavender_vintage_style_sprayer_with_tassel_shiny_silver_collar.html
LBElgFrst100LtnCu,18-415,100.0,109.0,135.0,,61.0,30.0,https_www_bestbottles_com_product_elegant_design_105_ml_frosted_glass_bottle_matte_copper_lotion_pump_and_cap.html
GBElgFrst100SpryCu,18-415,100.0,109.0,135.0,,61.0,30.0,https_www_bestbottles_com_product_elegant_design_105_ml_frosted_glass_bottle_matte_copper_spray_and_cap.html
LBElgFrst100LtnMtGl,18-415,100.0,109.0,135.0,,61.0,30.0,https_www_bestbottles_com_product_elegant_design_105_ml_frosted_glass_bottle_matte_gold_lotion_pump_and_cap.html
GBElgFrst100SpryMtGl,18-415,100.0,109.0,135.0,,61.0,30.0,https_www_bestbottles_com_product_elegant_design_105_ml_frosted_glass_bottle_matte_gold_spray_pump_and_cap.html
LBElgFrst100LtnMtSl,18-415,100.0,109.0,135.0,,61.0,30.0,https_www_bestbottles_com_product_elegant_design_105_ml_frosted_glass_bottle_matte_silver_lotion_pump_and_cap.html
GBElgFrst100SpryMtSl,18-415,100.0,109.0,135.0,,61.0,30.0,https_www_bestbottles_com_product_elegant_design_105_ml_frosted_glass_bottle_matte_silver_spray_pump_and_cap.html
GBElgFrst100AnSpMtSl,18-415,100.0,109.0,137.0,,61.0,30.0,https_www_bestbottles_com_product_elegant_design_105_ml_frosted_glass_bottle_matte_silver_vintage_style_sprayer_matte_silver_collar_cap.html
GBElgFrst100AnSpTslMtSl,18-415,100.0,109.0,131.0,,61.0,30.0,https_www_bestbottles_com_product_elegant_design_105_ml_frosted_glass_bottle_matte_silver_vintage_style_sprayer_with_tassel_matte_silver_collar.html
GBElgFrst100AnSpPnk,18-415,100.0,109.0,137.0,,61.0,30.0,https_www_bestbottles_com_product_elegant_design_105_ml_frosted_glass_bottle_pink_vintage_style_bulb_sprayer_shiny_gold_collar_cap.html
GBElgFrst100AnSpTslPnk,18-415,100.0,109.0,131.0,,61.0,30.0,https_www_bestbottles_com_product_elegant_design_105_ml_frosted_glass_bottle_pink_vintage_style_sprayer_with_tassel_shiny_gold_collar.html
GBElgFrst100AnSpRed,18-415,100.0,109.0,137.0,,61.0,30.0,https_www_bestbottles_com_product_elegant_design_105_ml_frosted_glass_bottle_red_vintage_style_bulb_sprayer_shiny_silver_collar_cap.html
GBElgFrst100AnSpTslRed,18-415,100.0,109.0,131.0,,61.0,30.0,https_www_bestbottles_com_product_elegant_design_105_ml_frosted_glass_bottle_red_vintage_style_sprayer_with_tassel_shiny_silver_collar.html
GBElgFrst100RdcrBlkLthr,18-415,100.0,109.0,124.0,,61.0,30.0,https_www_bestbottles_com_product_elegant_design_105_ml_frosted_glass_bottle_reducer_black_faux_leather_cap.html
GBElgFrst100RdcrShnBlk,18-415,100.0,109.0,113.0,,61.0,30.0,https_www_bestbottles_com_product_elegant_design_105_ml_frosted_glass_bottle_reducer_black_shiny_cap.html
GBElgFrst100RdcrBrwnLthr,18-415,100.0,109.0,124.0,,61.0,30.0,https_www_bestbottles_com_product_elegant_design_105_ml_frosted_glass_bottle_reducer_brown_faux_leather_cap.html
GBElgFrst100RdcrIvyLthr,18-415,100.0,109.0,124.0,,61.0,30.0,https_www_bestbottles_com_product_elegant_design_105_ml_frosted_glass_bottle_reducer_ivory_faux_leather_cap.html
GBElgFrst100RdcrLBrwnLthr,18-415,100.0,109.0,124.0,,61.0,30.0,https_www_bestbottles_com_product_elegant_design_105_ml_frosted_glass_bottle_reducer_light_brown_faux_leather_cap.html
GBElgFrst100RdcrPnkLthr,18-415,100.0,109.0,124.0,,61.0,30.0,https_www_bestbottles_com_product_elegant_design_105_ml_frosted_glass_bottle_reducer_pink_faux_leather_cap.html
GBElgFrst100RdcrShnGl,18-415,100.0,109.0,113.0,,61.0,30.0,https_www_bestbottles_com_product_elegant_design_105_ml_frosted_glass_bottle_reducer_shiny_gold_cap.html
GBElgFrst100RdcrShnSl,18-415,100.0,109.0,113.0,,61.0,30.0,https_www_bestbottles_com_product_elegant_design_105_ml_frosted_glass_bottle_reducer_shiny_silver_cap.html
GBElgFrst100RdcrShnBlkTall,18-415,100.0,109.0,120.0,,61.0,30.0,https_www_bestbottles_com_product_elegant_design_105_ml_frosted_glass_bottle_reducer_tall_black_shiny_cap.html
GBElgFrst100RdcrMtSlTall,18-415,100.0,109.0,120.0,,61.0,30.0,https_www_bestbottles_com_product_elegant_design_105_ml_frosted_glass_bottle_reducer_tall_silver_matte_cap.html
GBElgFrst100RdcrWht,18-415,100.0,109.0,120.0,,61.0,30.0,https_www_bestbottles_com_product_elegant_design_105_ml_frosted_glass_bottle_reducer_white_cap.html
LBElgFrst100LtnShnBlk,18-415,100.0,109.0,135.0,,61.0,30.0,https_www_bestbottles_com_product_elegant_design_105_ml_frosted_glass_bottle_shiny_black_lotion_pump_and_cap.html
GBElgFrst100SpryShnBlk,18-415,100.0,109.0,135.0,,61.0,30.0,https_www_bestbottles_com_product_elegant_design_105_ml_frosted_glass_bottle_shiny_black_spray_pump_and_cap.html
LBElgFrst100LtnShnGl,18-415,100.0,109.0,135.0,,61.0,30.0,https_www_bestbottles_com_product_elegant_design_105_ml_frosted_glass_bottle_shiny_gold_lotion_pump_and_cap.html
GBElgFrst100SpryShnGl,18-415,100.0,109.0,135.0,,61.0,30.0,https_www_bestbottles_com_product_elegant_design_105_ml_frosted_glass_bottle_shiny_gold_spray_pump_and_cap.html
LBElgFrst100LtnShnSl,18-415,100.0,109.0,135.0,,61.0,30.0,https_www_bestbottles_com_product_elegant_design_105_ml_frosted_glass_bottle_shiny_silver_lotion_pump_and_cap.html
GBElgFrst100SpryShnSl,18-415,100.0,109.0,135.0,,61.0,30.0,https_www_bestbottles_com_product_elegant_design_105_ml_frosted_glass_bottle_shiny_silver_spray_and_cap.html
LBElgFrst100WhtClOvrCp,18-415,100.0,109.0,,,61.0,,https_www_bestbottles_com_product_elegant_design_105_ml_frosted_glass_bottle_white_rectangular_clear_over_the_cap.html
GBElgFrst100AnSpWht,18-415,100.0,109.0,137.0,,61.0,30.0,https_www_bestbottles_com_product_elegant_design_105_ml_frosted_glass_bottle_white_vintage_style_bulb_sprayer_shiny_silver_collar_cap.html
GBElgFrst100AnSpTslWht,18-415,100.0,109.0,131.0,,61.0,30.0,https_www_bestbottles_com_product_elegant_design_105_ml_frosted_glass_bottle_white_vintage_style_sprayer_with_tassel_shiny_silver_collar.html
GBElg100AnSpBlk,18-415,100.0,109.0,137.0,,61.0,30.0,https_www_bestbottles_com_product_elegant_design_105_ml_glass_bottle_black_vintage_style_bulb_sprayer_shiny_silver_collar_cap.html
GBElg100AnSpTslBlk,18-415,100.0,109.0,131.0,,61.0,30.0,https_www_bestbottles_com_product_elegant_design_105_ml_glass_bottle_black_vintage_style_sprayer_with_tassel_shiny_silver_collar.html
LBElg100LtnClOvrCap,18-415,100.0,109.0,135.0,,61.0,30.0,https_www_bestbottles_com_product_elegant_design_105_ml_glass_bottle_clear_over_the_cap_lotion_pump_matte_silver_collar_cap.html
GBElg100AnSpGl,18-415,100.0,109.0,137.0,,61.0,30.0,https_www_bestbottles_com_product_elegant_design_105_ml_glass_bottle_gold_vintage_style_sprayer_shiny_gold_collar_cap.html
GBElg100AnSpTslGl,18-415,100.0,109.0,131.0,,61.0,30.0,https_www_bestbottles_com_product_elegant_design_105_ml_glass_bottle_gold_vintage_style_sprayer_with_tassel_shiny_gold_collar.html
GBElg100AnSpIvyGl,18-415,100.0,109.0,137.0,,61.0,30.0,https_www_bestbottles_com_product_elegant_design_105_ml_glass_bottle_ivory_vintage_style_bulb_sprayer_shiny_gold_collar_cap.html
GBElg100AnSpIvySl,18-415,100.0,109.0,137.0,,61.0,30.0,https_www_bestbottles_com_product_elegant_design_105_ml_glass_bottle_ivory_vintage_style_bulb_sprayer_shiny_silver_collar_cap.html
GBElg100AnSpTslIvyGl,18-415,100.0,109.0,131.0,,61.0,30.0,https_www_bestbottles_com_product_elegant_design_105_ml_glass_bottle_ivory_vintage_style_sprayer_with_tassel_shiny_gold_collar.html
GBElg100AnSpTslIvySl,18-415,100.0,109.0,131.0,,61.0,30.0,https_www_bestbottles_com_product_elegant_design_105_ml_glass_bottle_ivory_vintage_style_sprayer_with_tassel_shiny_silver_collar.html
GBElg100AnSpLvn,18-415,100.0,109.0,137.0,,61.0,30.0,https_www_bestbottles_com_product_elegant_design_105_ml_glass_bottle_lavender_vintage_style_bulb_sprayer_shiny_silver_collar_cap.html
GBElg100AnSpTslLvn,18-415,100.0,109.0,131.0,,61.0,30.0,https_www_bestbottles_com_product_elegant_design_105_ml_glass_bottle_lavender_vintage_style_sprayer_with_tassel_shiny_silver_collar.html
LBElg100LtnCu,18-415,100.0,109.0,135.0,,61.0,30.0,https_www_bestbottles_com_product_elegant_design_105_ml_glass_bottle_matte_copper_lotion_pump_and_cap.html
GBElg100SpryCu,18-415,100.0,109.0,135.0,,61.0,30.0,https_www_bestbottles_com_product_elegant_design_105_ml_glass_bottle_matte_copper_spray_and_cap.html
LBElg100LtnMtGl,18-415,100.0,109.0,135.0,,61.0,30.0,https_www_bestbottles_com_product_elegant_design_105_ml_glass_bottle_matte_gold_lotion_pump_and_cap.html
GBElg100SpryMtGl,18-415,100.0,109.0,135.0,,61.0,30.0,https_www_bestbottles_com_product_elegant_design_105_ml_glass_bottle_matte_gold_spray_pump_and_cap.html
LBElg100LtnMtSl,18-415,100.0,109.0,135.0,,61.0,30.0,https_www_bestbottles_com_product_elegant_design_105_ml_glass_bottle_matte_silver_lotion_pump_and_cap.html
GBElg100SpryMtSl,18-415,100.0,109.0,135.0,,61.0,30.0,https_www_bestbottles_com_product_elegant_design_105_ml_glass_bottle_matte_silver_spray_pump_and_cap.html
GBElg100AnSpMtSl,18-415,100.0,109.0,137.0,,61.0,30.0,https_www_bestbottles_com_product_elegant_design_105_ml_glass_bottle_matte_silver_vintage_style_sprayer_matte_silver_collar_cap.html
GBElg100AnSpTslMtSl,18-415,100.0,109.0,131.0,,61.0,30.0,https_www_bestbottles_com_product_elegant_design_105_ml_glass_bottle_matte_silver_vintage_style_sprayer_with_tassel_matte_silver_collar.html
GBElg100AnSpPnk,18-415,100.0,109.0,137.0,,61.0,30.0,https_www_bestbottles_com_product_elegant_design_105_ml_glass_bottle_pink_vintage_style_bulb_sprayer_shiny_gold_collar_cap.html
GBElg100AnSpTslPnk,18-415,100.0,109.0,131.0,,61.0,30.0,https_www_bestbottles_com_product_elegant_design_105_ml_glass_bottle_pink_vintage_style_sprayer_with_tassel_shiny_gold_collar.html
GBElg100AnSpRed,18-415,100.0,109.0,137.0,,61.0,30.0,https_www_bestbottles_com_product_elegant_design_105_ml_glass_bottle_red_vintage_style_bulb_sprayer_shiny_silver_collar_cap.html
GBElg100AnSpTslRed,18-415,100.0,109.0,131.0,,61.0,30.0,https_www_bestbottles_com_product_elegant_design_105_ml_glass_bottle_red_vintage_style_sprayer_with_tassel_shiny_silver_collar.html
GBElg100RdcrBlkLthr,18-415,100.0,109.0,124.0,,61.0,30.0,https_www_bestbottles_com_product_elegant_design_105_ml_glass_bottle_reducer_black_faux_leather_cap.html
GBElg100RdcrShnBlk,18-415,100.0,109.0,113.0,,61.0,30.0,https_www_bestbottles_com_product_elegant_design_105_ml_glass_bottle_reducer_black_shiny_cap.html
GBElg100RdcrBrwnLthr,18-415,100.0,109.0,124.0,,61.0,30.0,https_www_bestbottles_com_product_elegant_design_105_ml_glass_bottle_reducer_brown_faux_leather_cap.html
GBElg100RdcrIvyLthr,18-415,100.0,109.0,124.0,,61.0,30.0,https_www_bestbottles_com_product_elegant_design_105_ml_glass_bottle_reducer_ivory_faux_leather_cap.html
GBElg100RdcrLBrwnLthr,18-415,100.0,109.0,124.0,,61.0,30.0,https_www_bestbottles_com_product_elegant_design_105_ml_glass_bottle_reducer_light_brown_faux_leather_cap.html
GBElg100RdcrPnkLthr,18-415,100.0,109.0,124.0,,61.0,30.0,https_www_bestbottles_com_product_elegant_design_105_ml_glass_bottle_reducer_pink_faux_leather_cap.html
GBElg100RdcrShnGl,18-415,100.0,109.0,113.0,,61.0,30.0,https_www_bestbottles_com_product_elegant_design_105_ml_glass_bottle_reducer_shiny_gold_cap.html
GBElg100RdcrShnSl,18-415,100.0,109.0,113.0,,61.0,30.0,https_www_bestbottles_com_product_elegant_design_105_ml_glass_bottle_reducer_shiny_silver_cap.html
GBElg100RdcrMtSl,18-415,100.0,109.0,113.0,,61.0,30.0,https_www_bestbottles_com_product_elegant_design_105_ml_glass_bottle_reducer_silver_matte_cap.html
GBElg100RdcrShnBlkTall,18-415,100.0,109.0,120.0,,61.0,30.0,https_www_bestbottles_com_product_elegant_design_105_ml_glass_bottle_reducer_tall_black_shiny_cap.html
GBElg100RdcrMtSlTall,18-415,100.0,109.0,113.0,,61.0,30.0,https_www_bestbottles_com_product_elegant_design_105_ml_glass_bottle_reducer_tall_silver_matte_cap.html
GBElg100RdcrWht,18-415,100.0,109.0,120.0,,61.0,30.0,https_www_bestbottles_com_product_elegant_design_105_ml_glass_bottle_reducer_white_cap.html
LBElg100LtnShnBlk,18-415,100.0,109.0,135.0,,61.0,30.0,https_www_bestbottles_com_product_elegant_design_105_ml_glass_bottle_shiny_black_lotion_pump_and_cap.html
GBElg100SpryShnBlk,18-415,100.0,109.0,135.0,,61.0,30.0,https_www_bestbottles_com_product_elegant_design_105_ml_glass_bottle_shiny_black_spray_pump_and_cap.html
LBElg100LtnShnGl,18-415,100.0,109.0,135.0,,61.0,30.0,https_www_bestbottles_com_product_elegant_design_105_ml_glass_bottle_shiny_gold_lotion_pump_and_cap.html
GBElg100SpryShnGl,18-415,100.0,109.0,135.0,,61.0,30.0,https_www_bestbottles_com_product_elegant_design_105_ml_glass_bottle_shiny_gold_spray_pump_and_cap.html
LBElg100LtnShnSl,18-415,100.0,109.0,135.0,,61.0,30.0,https_www_bestbottles_com_product_elegant_design_105_ml_glass_bottle_shiny_silver_lotion_pump_and_cap.html
GBElg100SpryShnSl,18-415,100.0,109.0,135.0,,61.0,30.0,https_www_bestbottles_com_product_elegant_design_105_ml_glass_bottle_shiny_silver_spray_and_cap.html
LBElg100WhtClOvrCp,18-415,100.0,109.0,,,,,https_www_bestbottles_com_product_elegant_design_105_ml_glass_bottle_white_rectangular_clear_over_the_cap.html
GBElg100AnSpWht,18-415,100.0,109.0,137.0,,61.0,30.0,https_www_bestbottles_com_product_elegant_design_105_ml_glass_bottle_white_vintage_style_bulb_sprayer_shiny_silver_collar_cap.html
GBElg100AnSpTslWht,18-415,100.0,109.0,131.0,,61.0,30.0,https_www_bestbottles_com_product_elegant_design_105_ml_glass_bottle_white_vintage_style_sprayer_with_tassel_shiny_silver_collar.html
GBElgFrst15SpryBlkMatt,13-415,15.0,61.0,80.0,,36.0,18.0,https_www_bestbottles_com_product_elegant_design_15_ml_frosted_glass_bottle_matte_black_spray.html
GBElgFrst15SpryBluMatt,13-415,15.0,61.0,80.0,,36.0,18.0,https_www_bestbottles_com_product_elegant_design_15_ml_frosted_glass_bottle_matte_blue_spray.html
GBElgFrst15SpryCuMatt,13-415,15.0,61.0,80.0,,36.0,18.0,https_www_bestbottles_com_product_elegant_design_15_ml_frosted_glass_bottle_matte_copper_spray.html
GBElgFrst15SprySlMatt,13-415,15.0,61.0,80.0,,36.0,18.0,https_www_bestbottles_com_product_elegant_design_15_ml_frosted_glass_bottle_matte_silver_spray.html
GBElgFrst15MtlRollBlkSh,13-415,15.0,61.0,73.0,,36.0,18.0,https_www_bestbottles_com_product_elegant_design_15_ml_frosted_glass_bottle_metal_roller_ball_plug_black_shiny_cap.html
GBElgFrst15MtlRollBlkDot,13-415,15.0,61.0,73.0,,36.0,18.0,https_www_bestbottles_com_product_elegant_design_15_ml_frosted_glass_bottle_metal_roller_ball_plug_black_shiny_cap_with_dots.html
GBElgFrst15MtlRollCuMatt,13-415,15.0,61.0,73.0,,36.0,18.0,https_www_bestbottles_com_product_elegant_design_15_ml_frosted_glass_bottle_metal_roller_ball_plug_matte_copper_cap.html
GBElgFrst15MtlRollSlMatt,13-415,15.0,61.0,73.0,,36.0,18.0,https_www_bestbottles_com_product_elegant_design_15_ml_frosted_glass_bottle_metal_roller_ball_plug_matte_silver_cap.html
GBElgFrst15MtlRollPinkDot,13-415,15.0,61.0,73.0,,36.0,18.0,https_www_bestbottles_com_product_elegant_design_15_ml_frosted_glass_bottle_metal_roller_ball_plug_pink_cap_with_dots.html
GBElgFrst15MtlRollGlSh,13-415,15.0,61.0,73.0,,36.0,18.0,https_www_bestbottles_com_product_elegant_design_15_ml_frosted_glass_bottle_metal_roller_ball_plug_shiny_gold_cap.html
GBElgFrst15MtlRollSlSh,13-415,15.0,61.0,73.0,,36.0,18.0,https_www_bestbottles_com_product_elegant_design_15_ml_frosted_glass_bottle_metal_roller_ball_plug_shiny_silver_cap.html
GBElgFrst15MtlRollSlDot,13-415,15.0,61.0,73.0,,36.0,18.0,https_www_bestbottles_com_product_elegant_design_15_ml_frosted_glass_bottle_metal_roller_ball_plug_silver_cap_with_dots.html
GBElgFrst15RollBlkSh,13-415,15.0,61.0,73.0,,36.0,18.0,https_www_bestbottles_com_product_elegant_design_15_ml_frosted_glass_bottle_plastic_roller_ball_plug_black_shiny_cap.html
GBElgFrst15RollBlkDot,13-415,15.0,61.0,73.0,,36.0,18.0,https_www_bestbottles_com_product_elegant_design_15_ml_frosted_glass_bottle_plastic_roller_ball_plug_black_shiny_cap_with_dots.html
GBElgFrst15RollCuMatt,13-415,15.0,61.0,73.0,,36.0,18.0,https_www_bestbottles_com_product_elegant_design_15_ml_frosted_glass_bottle_plastic_roller_ball_plug_matte_copper_cap.html
GBElgFrst15RollSlMatt,13-415,15.0,61.0,73.0,,36.0,18.0,https_www_bestbottles_com_product_elegant_design_15_ml_frosted_glass_bottle_plastic_roller_ball_plug_matte_silver_cap.html
GBElgFrst15RollPinkDot,13-415,15.0,61.0,73.0,,36.0,18.0,https_www_bestbottles_com_product_elegant_design_15_ml_frosted_glass_bottle_plastic_roller_ball_plug_pink_cap_with_dots.html
GBElgFrst15RollGlSh,13-415,15.0,61.0,73.0,,36.0,18.0,https_www_bestbottles_com_product_elegant_design_15_ml_frosted_glass_bottle_plastic_roller_ball_plug_shiny_gold_cap.html
GBElgFrst15RollSlSh,13-415,15.0,61.0,73.0,,36.0,18.0,https_www_bestbottles_com_product_elegant_design_15_ml_frosted_glass_bottle_plastic_roller_ball_plug_shiny_silver_cap.html
GBElgFrst15RollSlDot,13-415,15.0,61.0,73.0,,36.0,18.0,https_www_bestbottles_com_product_elegant_design_15_ml_frosted_glass_bottle_plastic_roller_ball_plug_silver_cap_with_dots.html
GBElgFrst15SpryBlkSh,13-415,15.0,61.0,80.0,,36.0,18.0,https_www_bestbottles_com_product_elegant_design_15_ml_frosted_glass_bottle_shiny_black_spray.html
GBElgFrst15Gl,13-415,15.0,61.0,73.0,,36.0,18.0,https_www_bestbottles_com_product_elegant_design_15_ml_frosted_glass_bottle_shiny_gold_cap.html
GBElgFrst15SpryGlSh,13-415,15.0,61.0,80.0,,36.0,18.0,https_www_bestbottles_com_product_elegant_design_15_ml_frosted_glass_bottle_shiny_gold_spray.html
GBElgFrst15Sl,13-415,15.0,61.0,73.0,,36.0,18.0,https_www_bestbottles_com_product_elegant_design_15_ml_frosted_glass_bottle_shiny_silver_cap.html
GBElgFrst15SprySlSh,13-415,15.0,61.0,80.0,,36.0,18.0,https_www_bestbottles_com_product_elegant_design_15_ml_frosted_glass_bottle_shiny_silver_spray.html
GBElgFrst15BlkSht,13-415,15.0,61.0,63.0,,36.0,18.0,https_www_bestbottles_com_product_elegant_design_15_ml_frosted_glass_bottle_short_black_cap.html
GBElgFrst15BlkShSht,13-415,15.0,61.0,66.0,,36.0,18.0,https_www_bestbottles_com_product_elegant_design_15_ml_frosted_glass_bottle_short_shiny_black_cap.html
GBElgFrst15WhtSht,13-415,15.0,61.0,63.0,,36.0,18.0,https_www_bestbottles_com_product_elegant_design_15_ml_frosted_glass_bottle_short_white_cap.html
GBElg15SpryBlkMatt,13-415,15.0,61.0,80.0,,36.0,18.0,https_www_bestbottles_com_product_elegant_design_15_ml_glass_bottle_matte_black_spray.html
GBElg15SpryBluMatt,13-415,15.0,61.0,80.0,,36.0,18.0,https_www_bestbottles_com_product_elegant_design_15_ml_glass_bottle_matte_blue_spray.html
GBElg15MinarCu,,15.0,61.0,79.0,,36.0,18.0,https_www_bestbottles_com_product_elegant_design_15_ml_glass_bottle_matte_copper_minaret_cap.html
GBElg15SpryCuMatt,13-415,15.0,61.0,80.0,,36.0,18.0,https_www_bestbottles_com_product_elegant_design_15_ml_glass_bottle_matte_copper_spray.html
GBElg15SpryGlMatt,13-415,15.0,61.0,80.0,,36.0,18.0,https_www_bestbottles_com_product_elegant_design_15_ml_glass_bottle_matte_gold_spray.html
GBElg15SprySlMatt,13-415,15.0,61.0,80.0,,36.0,18.0,https_www_bestbottles_com_product_elegant_design_15_ml_glass_bottle_matte_silver_spray.html
GBElg15MtlRollBlkSh,13-415,15.0,61.0,73.0,,36.0,18.0,https_www_bestbottles_com_product_elegant_design_15_ml_glass_bottle_metal_roller_ball_plug_black_shiny_cap.html
GBElg15MtlRollBlkDot,13-415,15.0,61.0,73.0,,36.0,18.0,https_www_bestbottles_com_product_elegant_design_15_ml_glass_bottle_metal_roller_ball_plug_black_shiny_cap_with_dots.html
GBElg15MtlRollCuMatt,13-415,15.0,61.0,73.0,,36.0,18.0,https_www_bestbottles_com_product_elegant_design_15_ml_glass_bottle_metal_roller_ball_plug_matte_copper_cap.html
GBElg15MtlRollGlMatt,13-415,15.0,61.0,73.0,,36.0,18.0,https_www_bestbottles_com_product_elegant_design_15_ml_glass_bottle_metal_roller_ball_plug_matte_gold_cap.html
GBElg15MtlRollSlMatt,13-415,15.0,61.0,73.0,,36.0,18.0,https_www_bestbottles_com_product_elegant_design_15_ml_glass_bottle_metal_roller_ball_plug_matte_silver_cap.html
GBElg15MtlRollPinkDot,13-415,15.0,61.0,73.0,,36.0,18.0,https_www_bestbottles_com_product_elegant_design_15_ml_glass_bottle_metal_roller_ball_plug_pink_cap_with_dots.html
GBElg15MtlRollGlSh,13-415,15.0,61.0,73.0,,36.0,18.0,https_www_bestbottles_com_product_elegant_design_15_ml_glass_bottle_metal_roller_ball_plug_shiny_gold_cap.html
GBElg15MtlRollSlSh,13-415,15.0,61.0,73.0,,36.0,18.0,https_www_bestbottles_com_product_elegant_design_15_ml_glass_bottle_metal_roller_ball_plug_shiny_silver_cap.html
GBElg15MtlRollSlDot,13-415,15.0,61.0,73.0,,36.0,18.0,https_www_bestbottles_com_product_elegant_design_15_ml_glass_bottle_metal_roller_ball_plug_silver_cap_with_dots.html
GBElg15RollBlkSh,13-415,15.0,61.0,73.0,,36.0,18.0,https_www_bestbottles_com_product_elegant_design_15_ml_glass_bottle_plastic_roller_ball_plug_black_shiny_cap.html
GBElg15RollBlkDot,13-415,15.0,61.0,73.0,,36.0,18.0,https_www_bestbottles_com_product_elegant_design_15_ml_glass_bottle_plastic_roller_ball_plug_black_shiny_cap_with_dots.html
GBElg15RollCuMatt,13-415,15.0,61.0,73.0,,36.0,18.0,https_www_bestbottles_com_product_elegant_design_15_ml_glass_bottle_plastic_roller_ball_plug_matte_copper_cap.html
GBElg15RollGlMatt,13-415,15.0,61.0,73.0,,36.0,18.0,https_www_bestbottles_com_product_elegant_design_15_ml_glass_bottle_plastic_roller_ball_plug_matte_gold_cap.html
GBElg15RollSlMatt,13-415,15.0,61.0,73.0,,36.0,18.0,https_www_bestbottles_com_product_elegant_design_15_ml_glass_bottle_plastic_roller_ball_plug_matte_silver_cap.html
GBElg15RollPinkDot,13-415,15.0,61.0,73.0,,36.0,18.0,https_www_bestbottles_com_product_elegant_design_15_ml_glass_bottle_plastic_roller_ball_plug_pink_cap_with_dots.html
GBElg15RollGlSh,13-415,15.0,61.0,73.0,,36.0,18.0,https_www_bestbottles_com_product_elegant_design_15_ml_glass_bottle_plastic_roller_ball_plug_shiny_gold_cap.html
GBElg15RollSlSh,13-415,15.0,61.0,73.0,,36.0,18.0,https_www_bestbottles_com_product_elegant_design_15_ml_glass_bottle_plastic_roller_ball_plug_shiny_silver_cap.html
GBElg15RollSlDot,13-415,15.0,61.0,73.0,,36.0,18.0,https_www_bestbottles_com_product_elegant_design_15_ml_glass_bottle_plastic_roller_ball_plug_silver_cap_with_dots.html
GBElg15SpryBlkSh,13-415,15.0,61.0,80.0,,36.0,18.0,https_www_bestbottles_com_product_elegant_design_15_ml_glass_bottle_shiny_black_spray.html
GBElg15Gl,13-415,15.0,61.0,73.0,,36.0,18.0,https_www_bestbottles_com_product_elegant_design_15_ml_glass_bottle_shiny_gold_cap.html
GBElg15SpryGlSh,13-415,15.0,61.0,80.0,,36.0,18.0,https_www_bestbottles_com_product_elegant_design_15_ml_glass_bottle_shiny_gold_spray.html
GBElg15Sl,13-415,15.0,61.0,73.0,,36.0,18.0,https_www_bestbottles_com_product_elegant_design_15_ml_glass_bottle_shiny_silver_cap.html
GBElg15SprySlSh,13-415,15.0,61.0,80.0,,36.0,18.0,https_www_bestbottles_com_product_elegant_design_15_ml_glass_bottle_shiny_silver_spray.html
GBElg15BlkSht,13-415,15.0,61.0,63.0,,36.0,18.0,https_www_bestbottles_com_product_elegant_design_15_ml_glass_bottle_short_black_cap.html
GBElg15WhtSht,13-415,15.0,61.0,63.0,,36.0,18.0,https_www_bestbottles_com_product_elegant_design_15_ml_glass_bottle_short_white_cap.html
GBElg30GlCap,15-415,30.0,75.0,93.0,,44.0,22.0,https_www_bestbottles_com_product_elegant_design_30_ml_clear_glass_bottle_shiny_gold_cap.html
GBElg30SlCap,15-415,30.0,75.0,93.0,,44.0,22.0,https_www_bestbottles_com_product_elegant_design_30_ml_clear_glass_bottle_shiny_silver_cap.html
GBElg30SpryBlk,15-415,30.0,,100.0,,44.0,22.0,https_www_bestbottles_com_product_elegant_design_30_ml_clear_glass_bottle_sprayer_black_cap.html
GBElg30SpryMattGl,15-415,30.0,,100.0,,44.0,22.0,https_www_bestbottles_com_product_elegant_design_30_ml_clear_glass_bottle_sprayer_matte_gold_cap.html
GBElg30SpryMattSl,15-415,30.0,,100.0,,44.0,22.0,https_www_bestbottles_com_product_elegant_design_30_ml_clear_glass_bottle_sprayer_matte_silver_cap.html
GBElg30SpryShnGl,15-415,30.0,,100.0,,44.0,22.0,https_www_bestbottles_com_product_elegant_design_30_ml_clear_glass_bottle_sprayer_shiny_gold_cap.html
GBElg30SpryShSl,15-415,30.0,,100.0,,44.0,22.0,https_www_bestbottles_com_product_elegant_design_30_ml_clear_glass_bottle_sprayer_shiny_silvercap.html
GBElgFrst30GlCap,15-415,30.0,75.0,93.0,,44.0,22.0,https_www_bestbottles_com_product_elegant_design_30_ml_frosted_glass_bottle_shiny_gold_cap.html
GBElgFrst30SlCap,15-415,30.0,75.0,93.0,,44.0,22.0,https_www_bestbottles_com_product_elegant_design_30_ml_frosted_glass_bottle_shiny_silver_cap.html
GBElgFrst30SpryBlk,15-415,30.0,,100.0,,44.0,22.0,https_www_bestbottles_com_product_elegant_design_30_ml_frosted_glass_bottle_sprayer_black_cap.html
GBElgFrst30SpryMattGl,15-415,30.0,,100.0,,44.0,22.0,https_www_bestbottles_com_product_elegant_design_30_ml_frosted_glass_bottle_sprayer_matte_gold_cap.html
GBElgFrst30SpryMattSl,15-415,30.0,,100.0,,44.0,22.0,https_www_bestbottles_com_product_elegant_design_30_ml_frosted_glass_bottle_sprayer_matte_silver_cap.html
GBElgFrst30SpryShnGl,15-415,30.0,,100.0,,44.0,22.0,https_www_bestbottles_com_product_elegant_design_30_ml_frosted_glass_bottle_sprayer_shiny_gold_cap.html
GBElgFrst30SpryShSl,15-415,30.0,,100.0,,44.0,22.0,https_www_bestbottles_com_product_elegant_design_30_ml_frosted_glass_bottle_sprayer_shiny_silvercap.html
GBElgFrst60AnSpBlk,18-415,60.0,86.0,112.0,,54.0,27.0,https_www_bestbottles_com_product_elegant_design_60_ml_frosted_glass_bottle_black_vintage_style_bulb_sprayer_shiny_silver_collar_cap.html
GBElgFrst60AnSpTslBlk,18-415,60.0,86.0,108.0,,54.0,27.0,https_www_bestbottles_com_product_elegant_design_60_ml_frosted_glass_bottle_black_vintage_style_sprayer_with_tassel_shiny_silver_collar.html
LBElgFrst60LtnClOvrCap,18-415,60.0,86.0,113.0,,54.0,27.0,https_www_bestbottles_com_product_elegant_design_60_ml_frosted_glass_bottle_clear_over_the_cap_lotion_pump_matte_silver_collar_cap.html
GBElgFrst60AnSpGl,18-415,60.0,86.0,112.0,,54.0,27.0,https_www_bestbottles_com_product_elegant_design_60_ml_frosted_glass_bottle_gold_vintage_style_sprayer_shiny_gold_collar_cap.html
GBElgFrst60AnSpTslGl,18-415,60.0,86.0,108.0,,54.0,27.0,https_www_bestbottles_com_product_elegant_design_60_ml_frosted_glass_bottle_gold_vintage_style_sprayer_with_tassel_shiny_gold_collar.html
GBElgFrst60AnSpIvyGl,18-415,60.0,86.0,112.0,,54.0,27.0,https_www_bestbottles_com_product_elegant_design_60_ml_frosted_glass_bottle_ivory_vintage_style_bulb_sprayer_shiny_gold_collar_cap.html
GBElgFrst60AnSpIvySl,18-415,60.0,86.0,112.0,,54.0,27.0,https_www_bestbottles_com_product_elegant_design_60_ml_frosted_glass_bottle_ivory_vintage_style_bulb_sprayer_shiny_silver_collar_cap.html
GBElgFrst60AnSpTslIvyGl,18-415,60.0,86.0,108.0,,54.0,27.0,https_www_bestbottles_com_product_elegant_design_60_ml_frosted_glass_bottle_ivory_vintage_style_sprayer_with_tassel_shiny_gold_collar.html
GBElgFrst60AnSpTslIvySl,18-415,60.0,86.0,108.0,,54.0,27.0,https_www_bestbottles_com_product_elegant_design_60_ml_frosted_glass_bottle_ivory_vintage_style_sprayer_with_tassel_shiny_silver_collar.html
GBElgFrst60AnSpLvn,18-415,60.0,86.0,112.0,,54.0,27.0,https_www_bestbottles_com_product_elegant_design_60_ml_frosted_glass_bottle_lavender_vintage_style_bulb_sprayer_shiny_silver_collar_cap.html
GBElgFrst60AnSpTslLvn,18-415,60.0,86.0,108.0,,54.0,27.0,https_www_bestbottles_com_product_elegant_design_60_ml_frosted_glass_bottle_lavender_vintage_style_sprayer_with_tassel_shiny_silver_collar.html
LBElgFrst60LtnCu,18-415,60.0,86.0,111.0,,54.0,27.0,https_www_bestbottles_com_product_elegant_design_60_ml_frosted_glass_bottle_matte_copper_lotion_pump_and_cap.html
GBElgFrst60SpryCu,18-415,60.0,86.0,135.0,,54.0,27.0,https_www_bestbottles_com_product_elegant_design_60_ml_frosted_glass_bottle_matte_copper_spray_and_cap.html
LBElgFrst60LtnMtGl,18-415,60.0,86.0,111.0,,54.0,27.0,https_www_bestbottles_com_product_elegant_design_60_ml_frosted_glass_bottle_matte_gold_lotion_pump_and_cap.html
GBElgFrst60SpryMtGl,18-415,60.0,86.0,135.0,,54.0,27.0,https_www_bestbottles_com_product_elegant_design_60_ml_frosted_glass_bottle_matte_gold_spray_pump_and_cap.html
LBElgFrst60LtnMtSl,18-415,60.0,86.0,111.0,,54.0,27.0,https_www_bestbottles_com_product_elegant_design_60_ml_frosted_glass_bottle_matte_silver_lotion_pump_and_cap.html
GBElgFrst60SpryMtSl,18-415,60.0,86.0,135.0,,54.0,27.0,https_www_bestbottles_com_product_elegant_design_60_ml_frosted_glass_bottle_matte_silver_spray_pump_and_cap.html
GBElgFrst60AnSpMtSl,18-415,60.0,86.0,112.0,,54.0,27.0,https_www_bestbottles_com_product_elegant_design_60_ml_frosted_glass_bottle_matte_silver_vintage_style_sprayer_matte_silver_collar_cap.html
GBElgFrst60AnSpTslMtSl,18-415,60.0,86.0,108.0,,54.0,27.0,https_www_bestbottles_com_product_elegant_design_60_ml_frosted_glass_bottle_matte_silver_vintage_style_sprayer_with_tassel_matte_silver_collar.html
GBElgFrst60AnSpPnk,18-415,60.0,86.0,112.0,,54.0,27.0,https_www_bestbottles_com_product_elegant_design_60_ml_frosted_glass_bottle_pink_vintage_style_bulb_sprayer_shiny_gold_collar_cap.html
GBElgFrst60AnSpTslPnk,18-415,60.0,86.0,108.0,,54.0,27.0,https_www_bestbottles_com_product_elegant_design_60_ml_frosted_glass_bottle_pink_vintage_style_sprayer_with_tassel_shiny_gold_collar.html
GBElgFrst60AnSpRed,18-415,60.0,86.0,112.0,,54.0,27.0,https_www_bestbottles_com_product_elegant_design_60_ml_frosted_glass_bottle_red_vintage_style_bulb_sprayer_shiny_silver_collar_cap.html
GBElgFrst60AnSpTslRed,18-415,60.0,86.0,108.0,,54.0,27.0,https_www_bestbottles_com_product_elegant_design_60_ml_frosted_glass_bottle_red_vintage_style_sprayer_with_tassel_shiny_silver_collar.html
GBElgFrst60RdcrBlkLthr,18-415,60.0,86.0,100.0,,54.0,27.0,https_www_bestbottles_com_product_elegant_design_60_ml_frosted_glass_bottle_reducer_black_faux_leather_cap.html
GBElgFrst60RdcrShnBlk,18-415,60.0,86.0,90.0,,54.0,27.0,https_www_bestbottles_com_product_elegant_design_60_ml_frosted_glass_bottle_reducer_black_shiny_cap.html
GBElgFrst60RdcrBrwnLthr,18-415,60.0,86.0,100.0,,54.0,27.0,https_www_bestbottles_com_product_elegant_design_60_ml_frosted_glass_bottle_reducer_brown_faux_leather_cap.html
GBElgFrst60RdcrIvyLthr,18-415,60.0,86.0,100.0,,54.0,27.0,https_www_bestbottles_com_product_elegant_design_60_ml_frosted_glass_bottle_reducer_ivory_faux_leather_cap.html
GBElgFrst60RdcrLBrwnLthr,18-415,60.0,86.0,100.0,,54.0,27.0,https_www_bestbottles_com_product_elegant_design_60_ml_frosted_glass_bottle_reducer_light_brown_faux_leather_cap.html
GBElgFrst60RdcrPnkLthr,18-415,60.0,86.0,100.0,,54.0,27.0,https_www_bestbottles_com_product_elegant_design_60_ml_frosted_glass_bottle_reducer_pink_faux_leather_cap.html
GBElgFrst60RdcrShnGl,18-415,60.0,86.0,90.0,,54.0,27.0,https_www_bestbottles_com_product_elegant_design_60_ml_frosted_glass_bottle_reducer_shiny_gold_cap.html
GBElgFrst60RdcrShnSl,18-415,60.0,86.0,90.0,,54.0,27.0,https_www_bestbottles_com_product_elegant_design_60_ml_frosted_glass_bottle_reducer_shiny_silver_cap.html
GBElgFrst60RdcrMtSl,18-415,60.0,86.0,90.0,,54.0,27.0,https_www_bestbottles_com_product_elegant_design_60_ml_frosted_glass_bottle_reducer_silver_matte_cap.html
GBElgFrst60RdcrShnBlkTall,18-415,60.0,86.0,97.0,,54.0,27.0,https_www_bestbottles_com_product_elegant_design_60_ml_frosted_glass_bottle_reducer_tall_black_shiny_cap.html
GBElgFrst60RdcrMtSlTall,18-415,60.0,86.0,97.0,,54.0,27.0,https_www_bestbottles_com_product_elegant_design_60_ml_frosted_glass_bottle_reducer_tall_silver_matte_cap.html
GBElgFrst60RdcrWht,18-415,60.0,86.0,97.0,,54.0,27.0,https_www_bestbottles_com_product_elegant_design_60_ml_frosted_glass_bottle_reducer_white_cap.html
LBElgFrst60LtnShnBlk,18-415,60.0,86.0,111.0,,54.0,27.0,https_www_bestbottles_com_product_elegant_design_60_ml_frosted_glass_bottle_shiny_black_lotion_pump_and_cap.html
GBElgFrst60SpryShnBlk,18-415,60.0,86.0,135.0,,54.0,27.0,https_www_bestbottles_com_product_elegant_design_60_ml_frosted_glass_bottle_shiny_black_spray_pump_and_cap.html
LBElgFrst60LtnShnGl,18-415,60.0,86.0,111.0,,54.0,27.0,https_www_bestbottles_com_product_elegant_design_60_ml_frosted_glass_bottle_shiny_gold_lotion_pump_and_cap.html
GBElgFrst60SpryShnGl,18-415,60.0,86.0,135.0,,54.0,27.0,https_www_bestbottles_com_product_elegant_design_60_ml_frosted_glass_bottle_shiny_gold_spray_pump_and_cap.html
LBElgFrst60LtnShnSl,18-415,60.0,86.0,111.0,,54.0,27.0,https_www_bestbottles_com_product_elegant_design_60_ml_frosted_glass_bottle_shiny_silver_lotion_pump_and_cap.html
GBElgFrst60SpryShnSl,18-415,60.0,86.0,135.0,,54.0,27.0,https_www_bestbottles_com_product_elegant_design_60_ml_frosted_glass_bottle_shiny_silver_spray_and_cap.html
GBElgFrst60DrpCu,18-415,60.0,86.0,110.0,,54.0,27.0,https_www_bestbottles_com_product_elegant_design_60_ml_frosted_glass_bottle_white_dropper_shiny_copper_collar_cap.html
GBElgFrst60DrpGl,18-415,60.0,86.0,110.0,,54.0,27.0,https_www_bestbottles_com_product_elegant_design_60_ml_frosted_glass_bottle_white_dropper_shiny_gold_collar_cap.html
GBElgFrst60DrpSl,18-415,60.0,86.0,110.0,,54.0,27.0,https_www_bestbottles_com_product_elegant_design_60_ml_frosted_glass_bottle_white_dropper_shiny_silver_collar_cap.html
LBElgFrst60WhtClOvrCp,18-415,60.0,86.0,,,54.0,27.0,https_www_bestbottles_com_product_elegant_design_60_ml_frosted_glass_bottle_white_rectangular_clear_over_the_cap.html
GBElgFrst60AnSpWht,18-415,60.0,86.0,112.0,,54.0,27.0,https_www_bestbottles_com_product_elegant_design_60_ml_frosted_glass_bottle_white_vintage_style_bulb_sprayer_shiny_silver_collar_cap.html
GBElgFrst60AnSpTslWht,18-415,60.0,86.0,108.0,,54.0,27.0,https_www_bestbottles_com_product_elegant_design_60_ml_frosted_glass_bottle_white_vintage_style_sprayer_with_tassel_shiny_silver_collar.html
GBElg60AnSpBlk,18-415,60.0,86.0,112.0,,54.0,27.0,https_www_bestbottles_com_product_elegant_design_60_ml_glass_bottle_black_vintage_style_bulb_sprayer_shiny_silver_collar_cap.html
GBElg60AnSpTslBlk,18-415,60.0,86.0,108.0,,54.0,27.0,https_www_bestbottles_com_product_elegant_design_60_ml_glass_bottle_black_vintage_style_sprayer_with_tassel_shiny_silver_collar.html
LBElg60LtnClrOvrCap,18-415,60.0,86.0,113.0,,54.0,27.0,https_www_bestbottles_com_product_elegant_design_60_ml_glass_bottle_clear_over_the_cap_lotion_pump_matte_silver_collar_cap.html
GBElg60AnSpGl,18-415,60.0,86.0,112.0,,54.0,27.0,https_www_bestbottles_com_product_elegant_design_60_ml_glass_bottle_gold_vintage_style_sprayer_shiny_gold_collar_cap.html
GBElg60AnSpTslGl,18-415,60.0,86.0,108.0,,54.0,27.0,https_www_bestbottles_com_product_elegant_design_60_ml_glass_bottle_gold_vintage_style_sprayer_with_tassel_shiny_gold_collar.html
GBElg60AnSpIvyGl,18-415,60.0,86.0,112.0,,54.0,27.0,https_www_bestbottles_com_product_elegant_design_60_ml_glass_bottle_ivory_vintage_style_bulb_sprayer_shiny_gold_collar_cap.html
GBElg60AnSpIvySl,18-415,60.0,86.0,112.0,,54.0,27.0,https_www_bestbottles_com_product_elegant_design_60_ml_glass_bottle_ivory_vintage_style_bulb_sprayer_shiny_silver_collar_cap.html
GBElg60AnSpTslIvyGl,18-415,60.0,86.0,108.0,,54.0,27.0,https_www_bestbottles_com_product_elegant_design_60_ml_glass_bottle_ivory_vintage_style_sprayer_with_tassel_shiny_gold_collar.html
GBElg60AnSpTslIvySl,18-415,60.0,86.0,108.0,,54.0,27.0,https_www_bestbottles_com_product_elegant_design_60_ml_glass_bottle_ivory_vintage_style_sprayer_with_tassel_shiny_silver_collar.html
GBElg60AnSpLvn,18-415,60.0,86.0,112.0,,54.0,27.0,https_www_bestbottles_com_product_elegant_design_60_ml_glass_bottle_lavender_vintage_style_bulb_sprayer_shiny_silver_collar_cap.html
GBElg60AnSpTslLvn,18-415,60.0,86.0,108.0,,54.0,27.0,https_www_bestbottles_com_product_elegant_design_60_ml_glass_bottle_lavender_vintage_style_sprayer_with_tassel_shiny_silver_collar.html
LBElg60LtnCu,18-415,60.0,86.0,111.0,,54.0,27.0,https_www_bestbottles_com_product_elegant_design_60_ml_glass_bottle_matte_copper_lotion_pump_and_cap.html
GBElg60SpryCu,18-415,60.0,86.0,111.0,,54.0,27.0,https_www_bestbottles_com_product_elegant_design_60_ml_glass_bottle_matte_copper_spray_and_cap.html
LBElg60LtnMtGl,18-415,60.0,86.0,111.0,,54.0,27.0,https_www_bestbottles_com_product_elegant_design_60_ml_glass_bottle_matte_gold_lotion_pump_and_cap.html
GBElg60SpryMtGl,18-415,60.0,86.0,111.0,,54.0,27.0,https_www_bestbottles_com_product_elegant_design_60_ml_glass_bottle_matte_gold_spray_pump_and_cap.html
LBElg60LtnMtSl,18-415,60.0,86.0,111.0,,54.0,27.0,https_www_bestbottles_com_product_elegant_design_60_ml_glass_bottle_matte_silver_lotion_pump_and_cap.html
GBElg60SpryMtSl,18-415,60.0,86.0,111.0,,54.0,27.0,https_www_bestbottles_com_product_elegant_design_60_ml_glass_bottle_matte_silver_spray_pump_and_cap.html
GBElg60AnSpMtSl,18-415,60.0,86.0,112.0,,54.0,27.0,https_www_bestbottles_com_product_elegant_design_60_ml_glass_bottle_matte_silver_vintage_style_sprayer_matte_silver_collar_cap.html
GBElg60AnSpTslMtSl,18-415,60.0,86.0,108.0,,54.0,27.0,https_www_bestbottles_com_product_elegant_design_60_ml_glass_bottle_matte_silver_vintage_style_sprayer_with_tassel_matte_silver_collar.html
GBElg60AnSpPnk,18-415,60.0,86.0,112.0,,54.0,27.0,https_www_bestbottles_com_product_elegant_design_60_ml_glass_bottle_pink_vintage_style_bulb_sprayer_shiny_gold_collar_cap.html
GBElg60AnSpTslPnk,18-415,60.0,86.0,108.0,,54.0,27.0,https_www_bestbottles_com_product_elegant_design_60_ml_glass_bottle_pink_vintage_style_sprayer_with_tassel_shiny_gold_collar.html
GBElg60AnSpRed,18-415,60.0,86.0,112.0,,54.0,27.0,https_www_bestbottles_com_product_elegant_design_60_ml_glass_bottle_red_vintage_style_bulb_sprayer_shiny_silver_collar_cap.html
GBElg60AnSpTslRed,18-415,60.0,86.0,108.0,,54.0,27.0,https_www_bestbottles_com_product_elegant_design_60_ml_glass_bottle_red_vintage_style_sprayer_with_tassel_shiny_silver_collar.html
GBElg60RdcrBlkLthr,18-415,60.0,86.0,100.0,,54.0,27.0,https_www_bestbottles_com_product_elegant_design_60_ml_glass_bottle_reducer_black_faux_leather_cap.html
GBElg60RdcrShnBlk,18-415,60.0,86.0,90.0,,54.0,27.0,https_www_bestbottles_com_product_elegant_design_60_ml_glass_bottle_reducer_black_shiny_cap.html
GBElg60RdcrBrwnLthr,18-415,60.0,86.0,100.0,,54.0,27.0,https_www_bestbottles_com_product_elegant_design_60_ml_glass_bottle_reducer_brown_faux_leather_cap.html
GBElg60RdcrIvyLthr,18-415,60.0,86.0,100.0,,54.0,27.0,https_www_bestbottles_com_product_elegant_design_60_ml_glass_bottle_reducer_ivory_faux_leather_cap.html
GBElg60RdcrLBrwnLthr,18-415,60.0,86.0,100.0,,54.0,27.0,https_www_bestbottles_com_product_elegant_design_60_ml_glass_bottle_reducer_light_brown_faux_leather_cap.html
GBElg60RdcrPnkLthr,18-415,60.0,86.0,100.0,,54.0,27.0,https_www_bestbottles_com_product_elegant_design_60_ml_glass_bottle_reducer_pink_faux_leather_cap.html
GBElg60RdcrShnGl,18-415,60.0,86.0,90.0,,54.0,27.0,https_www_bestbottles_com_product_elegant_design_60_ml_glass_bottle_reducer_shiny_gold_cap.html
GBElg60RdcrShnSl,18-415,60.0,86.0,90.0,,54.0,27.0,https_www_bestbottles_com_product_elegant_design_60_ml_glass_bottle_reducer_shiny_silver_cap.html
GBElg60RdcrMtSl,18-415,60.0,86.0,90.0,,54.0,27.0,https_www_bestbottles_com_product_elegant_design_60_ml_glass_bottle_reducer_silver_matte_cap.html
GBElg60RdcrShnBlkTall,18-415,60.0,86.0,97.0,,54.0,27.0,https_www_bestbottles_com_product_elegant_design_60_ml_glass_bottle_reducer_tall_black_shiny_cap.html
GBElg60RdcrMtSlTall,18-415,60.0,86.0,97.0,,54.0,27.0,https_www_bestbottles_com_product_elegant_design_60_ml_glass_bottle_reducer_tall_silver_matte_cap.html
GBElg60RdcrWht,18-415,60.0,86.0,97.0,,54.0,27.0,https_www_bestbottles_com_product_elegant_design_60_ml_glass_bottle_reducer_white_cap.html
LBElg60LtnShnBlk,18-415,60.0,86.0,111.0,,54.0,27.0,https_www_bestbottles_com_product_elegant_design_60_ml_glass_bottle_shiny_black_lotion_pump_and_cap.html
GBElg60SpryShnBlk,18-415,60.0,86.0,111.0,,54.0,27.0,https_www_bestbottles_com_product_elegant_design_60_ml_glass_bottle_shiny_black_spray_pump_and_cap.html
LBElg60LtnShnGl,18-415,60.0,86.0,111.0,,54.0,27.0,https_www_bestbottles_com_product_elegant_design_60_ml_glass_bottle_shiny_gold_lotion_pump_and_cap.html
GBElg60SpryShnGl,18-415,60.0,86.0,111.0,,54.0,27.0,https_www_bestbottles_com_product_elegant_design_60_ml_glass_bottle_shiny_gold_spray_pump_and_cap.html
LBElg60LtnShnSl,18-415,60.0,86.0,111.0,,54.0,27.0,https_www_bestbottles_com_product_elegant_design_60_ml_glass_bottle_shiny_silver_lotion_pump_and_cap.html
GBElg60SpryShnSl,18-415,60.0,86.0,111.0,,54.0,27.0,https_www_bestbottles_com_product_elegant_design_60_ml_glass_bottle_shiny_silver_spray_and_cap.html
GBElg60DrpCu,18-415,60.0,86.0,110.0,,54.0,27.0,https_www_bestbottles_com_product_elegant_design_60_ml_glass_bottle_white_dropper_shiny_copper_collar_cap.html
GBElg60DrpGl,18-415,60.0,86.0,110.0,,54.0,27.0,https_www_bestbottles_com_product_elegant_design_60_ml_glass_bottle_white_dropper_shiny_gold_collar_cap.html
GBElg60DrpSl,18-415,60.0,86.0,110.0,,54.0,27.0,https_www_bestbottles_com_product_elegant_design_60_ml_glass_bottle_white_dropper_shiny_silver_collar_cap.html
LBElg60WhtClOvrCp,18-415,60.0,86.0,,,54.0,,https_www_bestbottles_com_product_elegant_design_60_ml_glass_bottle_white_rectangular_clear_over_the_cap.html
GBElg60AnSpWht,18-415,60.0,86.0,112.0,,54.0,27.0,https_www_bestbottles_com_product_elegant_design_60_ml_glass_bottle_white_vintage_style_bulb_sprayer_shiny_silver_collar_cap.html
GBElg60AnSpTslWht,18-415,60.0,86.0,108.0,,54.0,27.0,https_www_bestbottles_com_product_elegant_design_60_ml_glass_bottle_white_vintage_style_sprayer_with_tassel_shiny_silver_collar.html
GBEmp100AnSpBlk,18-415,100.0,107.0,134.0,,46.0,,https_www_bestbottles_com_product_empire_design_100_ml_glass_bottle_black_vintage_style_bulb_sprayer_shiny_silver_collar_cap.html
GBEmp100AnSpTslBlk,18-415,100.0,107.0,128.0,,46.0,,https_www_bestbottles_com_product_empire_design_100_ml_glass_bottle_black_vintage_style_sprayer_with_tassel_shiny_silver_collar.html
LBEmp100LtnClOvrCap,18-415,100.0,107.0,133.0,,46.0,,https_www_bestbottles_com_product_empire_design_100_ml_glass_bottle_clear_over_the_cap_lotion_pump_matte_silver_collar_cap.html
GBEmp100AnSpGl,18-415,100.0,107.0,134.0,,46.0,,https_www_bestbottles_com_product_empire_design_100_ml_glass_bottle_gold_vintage_style_sprayer_shiny_gold_collar_cap.html
GBEmp100AnSpTslGl,18-415,100.0,107.0,128.0,,46.0,,https_www_bestbottles_com_product_empire_design_100_ml_glass_bottle_gold_vintage_style_sprayer_with_tassel_shiny_gold_collar.html
GBEmp100AnSpIvyGl,18-415,100.0,107.0,134.0,,46.0,,https_www_bestbottles_com_product_empire_design_100_ml_glass_bottle_ivory_vintage_style_bulb_sprayer_shiny_gold_collar_cap.html
GBEmp100AnSpIvySl,18-415,100.0,107.0,134.0,,46.0,,https_www_bestbottles_com_product_empire_design_100_ml_glass_bottle_ivory_vintage_style_bulb_sprayer_shiny_silver_collar_cap.html
GBEmp100AnSpTslIvyGl,18-415,100.0,107.0,128.0,,46.0,,https_www_bestbottles_com_product_empire_design_100_ml_glass_bottle_ivory_vintage_style_sprayer_with_tassel_shiny_gold_collar.html
GBEmp100AnSpTslIvySl,18-415,100.0,107.0,128.0,,46.0,,https_www_bestbottles_com_product_empire_design_100_ml_glass_bottle_ivory_vintage_style_sprayer_with_tassel_shiny_silver_collar.html
GBEmp100AnSpLvn,18-415,100.0,107.0,134.0,,46.0,,https_www_bestbottles_com_product_empire_design_100_ml_glass_bottle_lavender_vintage_style_bulb_sprayer_shiny_silver_collar_cap.html
GBEmp100AnSpTslLvn,18-415,100.0,107.0,128.0,,46.0,,https_www_bestbottles_com_product_empire_design_100_ml_glass_bottle_lavender_vintage_style_sprayer_with_tassel_shiny_silver_collar.html
LBEmp100LtnCu,18-415,100.0,107.0,132.0,,46.0,,https_www_bestbottles_com_product_empire_design_100_ml_glass_bottle_matte_copper_lotion_pump_and_cap.html
GBEmp100SpryCu,18-415,100.0,107.0,132.0,,46.0,,https_www_bestbottles_com_product_empire_design_100_ml_glass_bottle_matte_copper_spray_and_cap.html
LBEmp100LtnMtGl,18-415,100.0,107.0,132.0,,46.0,,https_www_bestbottles_com_product_empire_design_100_ml_glass_bottle_matte_gold_lotion_pump_and_cap.html
GBEmp100SpryMtGl,18-415,100.0,107.0,132.0,,46.0,,https_www_bestbottles_com_product_empire_design_100_ml_glass_bottle_matte_gold_spray_pump_and_cap.html
LBEmp100LtnMtSl,18-415,100.0,107.0,132.0,,46.0,,https_www_bestbottles_com_product_empire_design_100_ml_glass_bottle_matte_silver_lotion_pump_and_cap.html
GBEmp100SpryMtSl,18-415,100.0,107.0,132.0,,46.0,,https_www_bestbottles_com_product_empire_design_100_ml_glass_bottle_matte_silver_spray_pump_and_cap.html
GBEmp100AnSpMtSl,18-415,100.0,107.0,134.0,,46.0,,https_www_bestbottles_com_product_empire_design_100_ml_glass_bottle_matte_silver_vintage_style_sprayer_matte_silver_collar_cap.html
GBEmp100AnSpTslMtSl,18-415,100.0,107.0,128.0,,46.0,,https_www_bestbottles_com_product_empire_design_100_ml_glass_bottle_matte_silver_vintage_style_sprayer_with_tassel_matte_silver_collar.html
GBEmp100AnSpPnk,18-415,100.0,107.0,134.0,,46.0,,https_www_bestbottles_com_product_empire_design_100_ml_glass_bottle_pink_vintage_style_bulb_sprayer_shiny_gold_collar_cap.html
GBEmp100AnSpTslPnk,18-415,100.0,107.0,128.0,,46.0,,https_www_bestbottles_com_product_empire_design_100_ml_glass_bottle_pink_vintage_style_sprayer_with_tassel_shiny_gold_collar.html
GBEmp100AnSpRed,18-415,100.0,107.0,134.0,,46.0,,https_www_bestbottles_com_product_empire_design_100_ml_glass_bottle_red_vintage_style_bulb_sprayer_shiny_silver_collar_cap.html
GBEmp100AnSpTslRed,18-415,100.0,107.0,128.0,,46.0,,https_www_bestbottles_com_product_empire_design_100_ml_glass_bottle_red_vintage_style_sprayer_with_tassel_shiny_silver_collar.html
GBEmp100RdcrBlkLthr,18-415,100.0,107.0,121.0,,46.0,,https_www_bestbottles_com_product_empire_design_100_ml_glass_bottle_reducer_black_faux_leather_cap.html
GBEmp100RdcrShnBlk,18-415,100.0,107.0,110.0,,46.0,,https_www_bestbottles_com_product_empire_design_100_ml_glass_bottle_reducer_black_shiny_cap.html
GBEmp100RdcrBrwnLthr,18-415,100.0,107.0,121.0,,46.0,,https_www_bestbottles_com_product_empire_design_100_ml_glass_bottle_reducer_brown_faux_leather_cap.html
GBEmp100RdcrIvyLthr,18-415,100.0,107.0,121.0,,46.0,,https_www_bestbottles_com_product_empire_design_100_ml_glass_bottle_reducer_ivory_faux_leather_cap.html
GBEmp100RdcrLBrwnLthr,18-415,100.0,107.0,121.0,,46.0,,https_www_bestbottles_com_product_empire_design_100_ml_glass_bottle_reducer_light_brown_faux_leather_cap.html
GBEmp100RdcrPnkLthr,18-415,100.0,107.0,121.0,,46.0,,https_www_bestbottles_com_product_empire_design_100_ml_glass_bottle_reducer_pink_faux_leather_cap.html
GBEmp100RdcrShnGl,18-415,100.0,107.0,110.0,,46.0,,https_www_bestbottles_com_product_empire_design_100_ml_glass_bottle_reducer_shiny_gold_cap.html
GBEmp100RdcrShnSl,18-415,100.0,107.0,110.0,,46.0,,https_www_bestbottles_com_product_empire_design_100_ml_glass_bottle_reducer_shiny_silver_cap.html
GBEmp100RdcrMtSl,18-415,100.0,107.0,110.0,,46.0,,https_www_bestbottles_com_product_empire_design_100_ml_glass_bottle_reducer_silver_matte_cap.html
GBEmp100RdcrShnBlkTall,18-415,100.0,107.0,118.0,,46.0,,https_www_bestbottles_com_product_empire_design_100_ml_glass_bottle_reducer_tall_black_shiny_cap.html
GBEmp100RdcrMtSlTall,18-415,100.0,107.0,118.0,,46.0,,https_www_bestbottles_com_product_empire_design_100_ml_glass_bottle_reducer_tall_silver_matte_cap.html
GBEmp100RdcrWht,18-415,100.0,107.0,118.0,,46.0,,https_www_bestbottles_com_product_empire_design_100_ml_glass_bottle_reducer_white_cap.html
LBEmp100LtnShnBlk,18-415,100.0,107.0,132.0,,46.0,,https_www_bestbottles_com_product_empire_design_100_ml_glass_bottle_shiny_black_lotion_pump_and_cap.html
GBEmp100SpryShnBlk,18-415,100.0,107.0,132.0,,46.0,,https_www_bestbottles_com_product_empire_design_100_ml_glass_bottle_shiny_black_spray_pump_and_cap.html
LBEmp100LtnShnGl,18-415,100.0,107.0,132.0,,46.0,,https_www_bestbottles_com_product_empire_design_100_ml_glass_bottle_shiny_gold_lotion_pump_and_cap.html
GBEmp100SpryShnGl,18-415,100.0,107.0,132.0,,46.0,,https_www_bestbottles_com_product_empire_design_100_ml_glass_bottle_shiny_gold_spray_pump_and_cap.html
LBEmp100LtnShnSl,18-415,100.0,107.0,132.0,,46.0,,https_www_bestbottles_com_product_empire_design_100_ml_glass_bottle_shiny_silver_lotion_pump_and_cap.html
GBEmp100SpryShnSl,18-415,100.0,107.0,132.0,,46.0,,https_www_bestbottles_com_product_empire_design_100_ml_glass_bottle_shiny_silver_spray_and_cap.html
LBEmp100WhtClOvrCp,18-415,100.0,107.0,139.0,,46.0,,https_www_bestbottles_com_product_empire_design_100_ml_glass_bottle_white_rectangular_clear_over_the_cap.html
GBEmp100AnSpWht,18-415,100.0,107.0,134.0,,46.0,,https_www_bestbottles_com_product_empire_design_100_ml_glass_bottle_white_vintage_style_bulb_sprayer_shiny_silver_collar_cap.html
GBEmp100AnSpTslWht,18-415,100.0,107.0,128.0,,46.0,,https_www_bestbottles_com_product_empire_design_100_ml_glass_bottle_white_vintage_style_sprayer_with_tassel_shiny_silver_collar.html
GBEmp50AnSpBlk,18-415,50.0,88.0,116.0,,37.0,,https_www_bestbottles_com_product_empire_design_50_ml_glass_bottle_black_vintage_style_bulb_sprayer_shiny_silver_collar_cap.html
GBEmp50AnSpTslBlk,18-415,50.0,88.0,110.0,,37.0,,https_www_bestbottles_com_product_empire_design_50_ml_glass_bottle_black_vintage_style_sprayer_with_tassel_shiny_silver_collar.html
LBEmp50LtnClOvrCap,18-415,50.0,88.0,115.0,,37.0,,https_www_bestbottles_com_product_empire_design_50_ml_glass_bottle_clear_over_the_cap_lotion_pump_matte_silver_collar_cap.html
GBEmp50AnSpGl,18-415,50.0,88.0,116.0,,37.0,,https_www_bestbottles_com_product_empire_design_50_ml_glass_bottle_gold_vintage_style_sprayer_shiny_gold_collar_cap.html
GBEmp50AnSpTslGl,18-415,50.0,88.0,110.0,,37.0,,https_www_bestbottles_com_product_empire_design_50_ml_glass_bottle_gold_vintage_style_sprayer_with_tassel_shiny_gold_collar.html
GBEmp50AnSpIvyGl,18-415,50.0,88.0,116.0,,37.0,,https_www_bestbottles_com_product_empire_design_50_ml_glass_bottle_ivory_vintage_style_bulb_sprayer_shiny_gold_collar_cap.html
GBEmp50AnSpIvySl,18-415,50.0,88.0,116.0,,37.0,,https_www_bestbottles_com_product_empire_design_50_ml_glass_bottle_ivory_vintage_style_bulb_sprayer_shiny_silver_collar_cap.html
GBEmp50AnSpTslIvyGl,18-415,50.0,88.0,110.0,,37.0,,https_www_bestbottles_com_product_empire_design_50_ml_glass_bottle_ivory_vintage_style_sprayer_with_tassel_shiny_gold_collar.html
GBEmp50AnSpTslIvySl,18-415,50.0,88.0,110.0,,37.0,,https_www_bestbottles_com_product_empire_design_50_ml_glass_bottle_ivory_vintage_style_sprayer_with_tassel_shiny_silver_collar.html
GBEmp50AnSpLvn,18-415,50.0,88.0,116.0,,37.0,,https_www_bestbottles_com_product_empire_design_50_ml_glass_bottle_lavender_vintage_style_bulb_sprayer_shiny_silver_collar_cap.html
GBEmp50AnSpTslLvn,18-415,50.0,88.0,110.0,,37.0,,https_www_bestbottles_com_product_empire_design_50_ml_glass_bottle_lavender_vintage_style_sprayer_with_tassel_shiny_silver_collar.html
LBEmp50LtnCu,18-415,50.0,88.0,114.0,,37.0,,https_www_bestbottles_com_product_empire_design_50_ml_glass_bottle_matte_copper_lotion_pump_and_cap.html
GBEmp50SpryCu,18-415,50.0,88.0,114.0,,37.0,,https_www_bestbottles_com_product_empire_design_50_ml_glass_bottle_matte_copper_spray_and_cap.html
LBEmp50LtnMtGl,18-415,50.0,88.0,114.0,,37.0,,https_www_bestbottles_com_product_empire_design_50_ml_glass_bottle_matte_gold_lotion_pump_and_cap.html
GBEmp50SpryMtGl,18-415,50.0,88.0,114.0,,37.0,,https_www_bestbottles_com_product_empire_design_50_ml_glass_bottle_matte_gold_spray_pump_and_cap.html
LBEmp50LtnMtSl,18-415,50.0,88.0,114.0,,37.0,,https_www_bestbottles_com_product_empire_design_50_ml_glass_bottle_matte_silver_lotion_pump_and_cap.html
GBEmp50SpryMtSl,18-415,50.0,88.0,114.0,,37.0,,https_www_bestbottles_com_product_empire_design_50_ml_glass_bottle_matte_silver_spray_pump_and_cap.html
GBEmp50AnSpMtSl,18-415,50.0,88.0,116.0,,37.0,,https_www_bestbottles_com_product_empire_design_50_ml_glass_bottle_matte_silver_vintage_style_sprayer_matte_silver_collar_cap.html
GBEmp50AnSpTslMtSl,18-415,50.0,88.0,110.0,,37.0,,https_www_bestbottles_com_product_empire_design_50_ml_glass_bottle_matte_silver_vintage_style_sprayer_with_tassel_matte_silver_collar.html
GBEmp50AnSpPnk,18-415,50.0,88.0,116.0,,37.0,,https_www_bestbottles_com_product_empire_design_50_ml_glass_bottle_pink_vintage_style_bulb_sprayer_shiny_gold_collar_cap.html
GBEmp50AnSpTslPnk,18-415,50.0,88.0,110.0,,37.0,,https_www_bestbottles_com_product_empire_design_50_ml_glass_bottle_pink_vintage_style_sprayer_with_tassel_shiny_gold_collar.html
GBEmp50AnSpRed,18-415,50.0,88.0,116.0,,37.0,,https_www_bestbottles_com_product_empire_design_50_ml_glass_bottle_red_vintage_style_bulb_sprayer_shiny_silver_collar_cap.html
GBEmp50AnSpTslRed,18-415,50.0,88.0,110.0,,37.0,,https_www_bestbottles_com_product_empire_design_50_ml_glass_bottle_red_vintage_style_sprayer_with_tassel_shiny_silver_collar.html
GBEmp50RdcrBlkLthr,18-415,50.0,88.0,103.0,,37.0,,https_www_bestbottles_com_product_empire_design_50_ml_glass_bottle_reducer_black_faux_leather_cap.html
GBEmp50RdcrShnBlk,18-415,50.0,88.0,93.0,,37.0,,https_www_bestbottles_com_product_empire_design_50_ml_glass_bottle_reducer_black_shiny_cap.html
GBEmp50RdcrBrwnLthr,18-415,50.0,88.0,103.0,,37.0,,https_www_bestbottles_com_product_empire_design_50_ml_glass_bottle_reducer_brown_faux_leather_cap.html
GBEmp50RdcrIvyLthr,18-415,50.0,88.0,103.0,,37.0,,https_www_bestbottles_com_product_empire_design_50_ml_glass_bottle_reducer_ivory_faux_leather_cap.html
GBEmp50RdcrLBrwnLthr,18-415,50.0,88.0,103.0,,37.0,,https_www_bestbottles_com_product_empire_design_50_ml_glass_bottle_reducer_light_brown_faux_leather_cap.html
GBEmp50RdcrPnkLthr,18-415,50.0,88.0,103.0,,37.0,,https_www_bestbottles_com_product_empire_design_50_ml_glass_bottle_reducer_pink_faux_leather_cap.html
GBEmp50RdcrShnGl,18-415,50.0,88.0,93.0,,37.0,,https_www_bestbottles_com_product_empire_design_50_ml_glass_bottle_reducer_shiny_gold_cap.html
GBEmp50RdcrShnSl,18-415,50.0,88.0,93.0,,37.0,,https_www_bestbottles_com_product_empire_design_50_ml_glass_bottle_reducer_shiny_silver_cap.html
GBEmp50RdcrMtSl,18-415,50.0,88.0,93.0,,37.0,,https_www_bestbottles_com_product_empire_design_50_ml_glass_bottle_reducer_silver_matte_cap.html
GBEmp50RdcrShnBlkTall,18-415,50.0,88.0,100.0,,37.0,,https_www_bestbottles_com_product_empire_design_50_ml_glass_bottle_reducer_tall_black_shiny_cap.html
GBEmp50RdcrMtSlTall,18-415,50.0,88.0,100.0,,37.0,,https_www_bestbottles_com_product_empire_design_50_ml_glass_bottle_reducer_tall_silver_matte_cap.html
GBEmp50RdcrWht,18-415,50.0,88.0,100.0,,37.0,,https_www_bestbottles_com_product_empire_design_50_ml_glass_bottle_reducer_white_cap.html
LBEmp50LtnShnBlk,18-415,50.0,88.0,114.0,,37.0,,https_www_bestbottles_com_product_empire_design_50_ml_glass_bottle_shiny_black_lotion_pump_and_cap.html
GBEmp50SpryShnBlk,18-415,50.0,88.0,114.0,,37.0,,https_www_bestbottles_com_product_empire_design_50_ml_glass_bottle_shiny_black_spray_pump_and_cap.html
LBEmp50LtnShnGl,18-415,50.0,88.0,114.0,,37.0,,https_www_bestbottles_com_product_empire_design_50_ml_glass_bottle_shiny_gold_lotion_pump_and_cap.html
GBEmp50SpryShnGl,18-415,50.0,88.0,114.0,,37.0,,https_www_bestbottles_com_product_empire_design_50_ml_glass_bottle_shiny_gold_spray_pump_and_cap.html
LBEmp50LtnShnSl,18-415,50.0,88.0,114.0,,37.0,,https_www_bestbottles_com_product_empire_design_50_ml_glass_bottle_shiny_silver_lotion_pump_and_cap.html
GBEmp50SpryShnSl,18-415,50.0,88.0,114.0,,37.0,,https_www_bestbottles_com_product_empire_design_50_ml_glass_bottle_shiny_silver_spray_and_cap.html
GBEmp50DrpCu,18-415,50.0,88.0,112.0,,37.0,,https_www_bestbottles_com_product_empire_design_50_ml_glass_bottle_white_dropper_shiny_copper_collar_cap.html
GBEmp50DrpGl,18-415,50.0,88.0,112.0,,37.0,,https_www_bestbottles_com_product_empire_design_50_ml_glass_bottle_white_dropper_shiny_gold_collar_cap.html
GBEmp50DrpSl,18-415,50.0,88.0,112.0,,37.0,,https_www_bestbottles_com_product_empire_design_50_ml_glass_bottle_white_dropper_shiny_silver_collar_cap.html
LBEmp50WhtClOvrCp,18-415,50.0,88.0,121.0,,37.0,,https_www_bestbottles_com_product_empire_design_50_ml_glass_bottle_white_rectangular_clear_over_the_cap.html
GBEmp50AnSpWht,18-415,50.0,88.0,116.0,,37.0,,https_www_bestbottles_com_product_empire_design_50_ml_glass_bottle_white_vintage_style_bulb_sprayer_shiny_silver_collar_cap.html
GBEmp50AnSpTslWht,18-415,50.0,88.0,110.0,,37.0,,https_www_bestbottles_com_product_empire_design_50_ml_glass_bottle_white_vintage_style_sprayer_with_tassel_shiny_silver_collar.html
GBFlair15SpryBlkMatt,13-415,15.0,56.0,77.0,,41.0,20.0,https_www_bestbottles_com_product_flair_design_15_ml_glass_bottle_matte_black_spray.html
GBFlair15SpryBluMatt,13-415,15.0,56.0,77.0,,41.0,20.0,https_www_bestbottles_com_product_flair_design_15_ml_glass_bottle_matte_blue_spray.html
GBFlair15SpryCuMatt,13-415,15.0,56.0,77.0,,41.0,20.0,https_www_bestbottles_com_product_flair_design_15_ml_glass_bottle_matte_copper_spray.html
GBFlair15SpryGlMatt,13-415,15.0,56.0,77.0,,41.0,20.0,https_www_bestbottles_com_product_flair_design_15_ml_glass_bottle_matte_gold_spray.html
GBFlair15SprySlMatt,13-415,15.0,56.0,77.0,,41.0,20.0,https_www_bestbottles_com_product_flair_design_15_ml_glass_bottle_matte_silver_spray.html
GBFlair15MtlRollBlkSh,13-415,15.0,56.0,68.0,,41.0,20.0,https_www_bestbottles_com_product_flair_design_15_ml_glass_bottle_metal_roller_ball_plug_black_shiny_cap.html
GBFlair15MtlRollBlkDot,13-415,15.0,56.0,68.0,,41.0,20.0,https_www_bestbottles_com_product_flair_design_15_ml_glass_bottle_metal_roller_ball_plug_black_shiny_cap_with_dots.html
GBFlair15MtlRollCuMatt,13-415,15.0,56.0,68.0,,41.0,20.0,https_www_bestbottles_com_product_flair_design_15_ml_glass_bottle_metal_roller_ball_plug_matte_copper_cap.html
GBFlair15MtlRollGlMatt,13-415,15.0,56.0,68.0,,41.0,20.0,https_www_bestbottles_com_product_flair_design_15_ml_glass_bottle_metal_roller_ball_plug_matte_gold_cap.html
GBFlair15MtlRollSlMatt,13-415,15.0,56.0,68.0,,41.0,20.0,https_www_bestbottles_com_product_flair_design_15_ml_glass_bottle_metal_roller_ball_plug_matte_silver_cap.html
GBFlair15MtlRollPinkDot,13-415,15.0,56.0,68.0,,41.0,20.0,https_www_bestbottles_com_product_flair_design_15_ml_glass_bottle_metal_roller_ball_plug_pink_cap_with_dots.html
GBFlair15MtlRollGlSh,13-415,15.0,56.0,68.0,,41.0,20.0,https_www_bestbottles_com_product_flair_design_15_ml_glass_bottle_metal_roller_ball_plug_shiny_gold_cap.html
GBFlair15MtlRollSlSh,13-415,15.0,56.0,68.0,,41.0,20.0,https_www_bestbottles_com_product_flair_design_15_ml_glass_bottle_metal_roller_ball_plug_shiny_silver_cap.html
GBFlair15MtlRollSlDot,13-415,15.0,56.0,68.0,,41.0,20.0,https_www_bestbottles_com_product_flair_design_15_ml_glass_bottle_metal_roller_ball_plug_silver_cap_with_dots.html
GBFlair15RollBlkSh,13-415,15.0,56.0,68.0,,41.0,20.0,https_www_bestbottles_com_product_flair_design_15_ml_glass_bottle_plastic_roller_ball_plug_black_shiny_cap.html
GBFlair15RollBlkDot,13-415,15.0,56.0,68.0,,41.0,20.0,https_www_bestbottles_com_product_flair_design_15_ml_glass_bottle_plastic_roller_ball_plug_black_shiny_cap_with_dots.html
GBFlair15RollCuMatt,13-415,15.0,56.0,68.0,,41.0,20.0,https_www_bestbottles_com_product_flair_design_15_ml_glass_bottle_plastic_roller_ball_plug_matte_copper_cap.html
GBFlair15RollGlMatt,13-415,15.0,56.0,68.0,,41.0,20.0,https_www_bestbottles_com_product_flair_design_15_ml_glass_bottle_plastic_roller_ball_plug_matte_gold_cap.html
GBFlair15RollSlMatt,13-415,15.0,56.0,68.0,,41.0,20.0,https_www_bestbottles_com_product_flair_design_15_ml_glass_bottle_plastic_roller_ball_plug_matte_silver_cap.html
GBFlair15RollPinkDot,13-415,15.0,56.0,68.0,,41.0,20.0,https_www_bestbottles_com_product_flair_design_15_ml_glass_bottle_plastic_roller_ball_plug_pink_cap_with_dots.html
GBFlair15RollGlSh,13-415,15.0,56.0,68.0,,41.0,20.0,https_www_bestbottles_com_product_flair_design_15_ml_glass_bottle_plastic_roller_ball_plug_shiny_gold_cap.html
GBFlair15RollSlSh,13-415,15.0,56.0,68.0,,41.0,20.0,https_www_bestbottles_com_product_flair_design_15_ml_glass_bottle_plastic_roller_ball_plug_shiny_silver_cap.html
GBFlair15RollSlDot,13-415,15.0,56.0,68.0,,41.0,20.0,https_www_bestbottles_com_product_flair_design_15_ml_glass_bottle_plastic_roller_ball_plug_silver_cap_with_dots.html
GBFlair15SpryBlkSh,13-415,15.0,56.0,77.0,,41.0,20.0,https_www_bestbottles_com_product_flair_design_15_ml_glass_bottle_shiny_black_spray.html
GBFlair15Gl,13-415,15.0,56.0,68.0,,41.0,20.0,https_www_bestbottles_com_product_flair_design_15_ml_glass_bottle_shiny_gold_cap.html
GBFlair15SpryGlSh,13-415,15.0,56.0,77.0,,41.0,20.0,https_www_bestbottles_com_product_flair_design_15_ml_glass_bottle_shiny_gold_spray.html
GBFlair15Sl,13-415,15.0,56.0,68.0,,41.0,20.0,https_www_bestbottles_com_product_flair_design_15_ml_glass_bottle_shiny_silver_cap.html
GBFlair15SprySlSh,13-415,15.0,56.0,77.0,,41.0,20.0,https_www_bestbottles_com_product_flair_design_15_ml_glass_bottle_shiny_silver_spray.html
GBFlair15BlkSht,13-415,15.0,56.0,58.0,,41.0,20.0,https_www_bestbottles_com_product_flair_design_15_ml_glass_bottle_short_black_cap.html
GBFlair15WhtSht,13-415,15.0,56.0,58.0,,41.0,20.0,https_www_bestbottles_com_product_flair_design_15_ml_glass_bottle_short_white_cap.html
GBRect10SpryBlkMatt,13-415,10.0,50.0,71.0,,29.0,19.0,https_www_bestbottles_com_product_footed_rectangular_design_10_ml_bottle_matte_black_spray.html
GBRect10SpryBluMatt,13-415,10.0,50.0,71.0,,29.0,19.0,https_www_bestbottles_com_product_footed_rectangular_design_10_ml_bottle_matte_blue_spray.html
GBRect10SpryCuMatt,13-415,10.0,50.0,71.0,,29.0,19.0,https_www_bestbottles_com_product_footed_rectangular_design_10_ml_bottle_matte_copper_spray.html
GBRect10SpryGlMatt,13-415,10.0,50.0,71.0,,29.0,19.0,https_www_bestbottles_com_product_footed_rectangular_design_10_ml_bottle_matte_gold_spray.html
GBRect10SprySlMatt,13-415,10.0,50.0,71.0,,29.0,19.0,https_www_bestbottles_com_product_footed_rectangular_design_10_ml_bottle_matte_silver_spray.html
GBRect10MtlRollBlkSh,13-415,10.0,50.0,63.0,,29.0,19.0,https_www_bestbottles_com_product_footed_rectangular_design_10_ml_bottle_metal_roller_ball_plug_black_shiny_cap.html
GBRect10MtlRollBlkDot,13-415,10.0,50.0,63.0,,29.0,19.0,https_www_bestbottles_com_product_footed_rectangular_design_10_ml_bottle_metal_roller_ball_plug_black_shiny_cap_with_dots.html
GBRect10MtlRollCuMatt,13-415,10.0,50.0,63.0,,29.0,19.0,https_www_bestbottles_com_product_footed_rectangular_design_10_ml_bottle_metal_roller_ball_plug_matte_copper_cap.html
GBRect10MtlRollGlMatt,13-415,10.0,50.0,63.0,,29.0,19.0,https_www_bestbottles_com_product_footed_rectangular_design_10_ml_bottle_metal_roller_ball_plug_matte_gold_cap.html
GBRect10MtlRollSlMatt,13-415,10.0,50.0,63.0,,29.0,19.0,https_www_bestbottles_com_product_footed_rectangular_design_10_ml_bottle_metal_roller_ball_plug_matte_silver_cap.html
GBRect10MtlRollPinkDot,13-415,10.0,50.0,63.0,,29.0,19.0,https_www_bestbottles_com_product_footed_rectangular_design_10_ml_bottle_metal_roller_ball_plug_pink_cap_with_dots.html
GBRect10MtlRollGlSh,13-415,10.0,50.0,63.0,,29.0,19.0,https_www_bestbottles_com_product_footed_rectangular_design_10_ml_bottle_metal_roller_ball_plug_shiny_gold_cap.html
GBRect10MtlRollSlSh,13-415,10.0,50.0,63.0,,29.0,19.0,https_www_bestbottles_com_product_footed_rectangular_design_10_ml_bottle_metal_roller_ball_plug_shiny_silver_cap.html
GBRect10MtlRollSlDot,13-415,10.0,50.0,63.0,,29.0,19.0,https_www_bestbottles_com_product_footed_rectangular_design_10_ml_bottle_metal_roller_ball_plug_silver_cap_with_dots.html
GBRect10RollBlkSh,13-415,10.0,50.0,63.0,,29.0,19.0,https_www_bestbottles_com_product_footed_rectangular_design_10_ml_bottle_plastic_roller_ball_plug_black_shiny_cap.html
GBRect10RollBlkDot,13-415,10.0,50.0,63.0,,29.0,19.0,https_www_bestbottles_com_product_footed_rectangular_design_10_ml_bottle_plastic_roller_ball_plug_black_shiny_cap_with_dots.html
GBRect10RollCuMatt,13-415,10.0,50.0,63.0,,29.0,19.0,https_www_bestbottles_com_product_footed_rectangular_design_10_ml_bottle_plastic_roller_ball_plug_matte_copper_cap.html
GBRect10RollGlMatt,13-415,10.0,50.0,63.0,,29.0,19.0,https_www_bestbottles_com_product_footed_rectangular_design_10_ml_bottle_plastic_roller_ball_plug_matte_gold_cap.html
GBRect10RollSlMatt,13-415,10.0,50.0,63.0,,29.0,19.0,https_www_bestbottles_com_product_footed_rectangular_design_10_ml_bottle_plastic_roller_ball_plug_matte_silver_cap.html
GBRect10RollPinkDot,13-415,10.0,50.0,63.0,,29.0,19.0,https_www_bestbottles_com_product_footed_rectangular_design_10_ml_bottle_plastic_roller_ball_plug_pink_cap_with_dots.html
GBRect10RollGlSh,13-415,10.0,50.0,63.0,,29.0,19.0,https_www_bestbottles_com_product_footed_rectangular_design_10_ml_bottle_plastic_roller_ball_plug_shiny_gold_cap.html
GBRect10RollSlSh,13-415,10.0,50.0,63.0,,29.0,19.0,https_www_bestbottles_com_product_footed_rectangular_design_10_ml_bottle_plastic_roller_ball_plug_shiny_silver_cap.html
GBRect10RollSlDot,13-415,10.0,50.0,63.0,,29.0,19.0,https_www_bestbottles_com_product_footed_rectangular_design_10_ml_bottle_plastic_roller_ball_plug_silver_cap_with_dots.html
GBRect10SpryBlkSh,13-415,10.0,50.0,71.0,,29.0,19.0,https_www_bestbottles_com_product_footed_rectangular_design_10_ml_bottle_shiny_black_spray.html
GBRect10Gl,13-415,10.0,50.0,63.0,,29.0,19.0,https_www_bestbottles_com_product_footed_rectangular_design_10_ml_bottle_shiny_gold_cap.html
GBRect10SpryGlSh,13-415,10.0,50.0,71.0,,29.0,19.0,https_www_bestbottles_com_product_footed_rectangular_design_10_ml_bottle_shiny_gold_spray.html
GBRect10Sl,13-415,10.0,50.0,63.0,,29.0,19.0,https_www_bestbottles_com_product_footed_rectangular_design_10_ml_bottle_shiny_silver_cap.html
GBRect10SprySlSh,13-415,10.0,50.0,71.0,,29.0,19.0,https_www_bestbottles_com_product_footed_rectangular_design_10_ml_bottle_shiny_silver_spray.html
GBRect10BlkSht,13-415,10.0,50.0,55.0,,29.0,19.0,https_www_bestbottles_com_product_footed_rectangular_design_10_ml_bottle_short_black_cap.html
GBRect10WhtSht,13-415,10.0,50.0,53.0,,29.0,19.0,https_www_bestbottles_com_product_footed_rectangular_design_10_ml_bottle_short_white_cap.html
GBAtom10Gl,,10.0,82.0,89.0,23.0,,,https_www_bestbottles_com_product_gold_atomizer_design_10_ml_bottle.html
GBAtom5Gl,,5.0,76.0,81.0,18.0,,,https_www_bestbottles_com_product_gold_atomizer_design_5_ml_bottle.html
GBAtom5SlimGl,,5.0,92.0,104.0,15.0,,,https_www_bestbottles_com_product_gold_slim_atomizer_design_5_ml_bottle.html
GBGrce55AnSpBlk,18-415,55.0,113.0,141.0,,52.0,30.0,https_www_bestbottles_com_product_grace_design_55_ml_glass_bottle_black_vintage_style_bulb_sprayer_shiny_silver_collar_cap.html
GBGrce55AnSpTslBlk,18-415,55.0,113.0,135.0,,52.0,30.0,https_www_bestbottles_com_product_grace_design_55_ml_glass_bottle_black_vintage_style_sprayer_with_tassel_shiny_silver_collar.html
LBGrce55LtnClOvrCap,18-415,55.0,113.0,140.0,,52.0,30.0,https_www_bestbottles_com_product_grace_design_55_ml_glass_bottle_clear_over_the_cap_lotion_pump_matte_silver_collar_cap.html
GBGrce55AnSpGl,18-415,55.0,113.0,141.0,,52.0,30.0,https_www_bestbottles_com_product_grace_design_55_ml_glass_bottle_gold_vintage_style_sprayer_shiny_gold_collar_cap.html
GBGrce55AnSpTslGl,18-415,55.0,113.0,135.0,,52.0,30.0,https_www_bestbottles_com_product_grace_design_55_ml_glass_bottle_gold_vintage_style_sprayer_with_tassel_shiny_gold_collar.html
GBGrce55AnSpIvyGl,18-415,55.0,113.0,141.0,,52.0,30.0,https_www_bestbottles_com_product_grace_design_55_ml_glass_bottle_ivory_vintage_style_bulb_sprayer_shiny_gold_collar_cap.html
GBGrce55AnSpIvySl,18-415,55.0,113.0,141.0,,52.0,30.0,https_www_bestbottles_com_product_grace_design_55_ml_glass_bottle_ivory_vintage_style_bulb_sprayer_shiny_silver_collar_cap.html
GBGrce55AnSpTslIvyGl,18-415,55.0,113.0,135.0,,52.0,30.0,https_www_bestbottles_com_product_grace_design_55_ml_glass_bottle_ivory_vintage_style_sprayer_with_tassel_shiny_gold_collar.html
GBGrce55AnSpTslIvySl,18-415,55.0,113.0,135.0,,52.0,30.0,https_www_bestbottles_com_product_grace_design_55_ml_glass_bottle_ivory_vintage_style_sprayer_with_tassel_shiny_silver_collar.html
GBGrce55AnSpLvn,18-415,55.0,113.0,141.0,,52.0,30.0,https_www_bestbottles_com_product_grace_design_55_ml_glass_bottle_lavender_vintage_style_bulb_sprayer_shiny_silver_collar_cap.html
GBGrce55AnSpTslLvn,18-415,55.0,113.0,135.0,,52.0,30.0,https_www_bestbottles_com_product_grace_design_55_ml_glass_bottle_lavender_vintage_style_sprayer_with_tassel_shiny_silver_collar.html
LBGrce55LtnCu,18-415,55.0,113.0,139.0,,52.0,30.0,https_www_bestbottles_com_product_grace_design_55_ml_glass_bottle_matte_copper_lotion_pump_and_cap.html
GBGrce55SpryCu,18-415,55.0,113.0,139.0,,52.0,30.0,https_www_bestbottles_com_product_grace_design_55_ml_glass_bottle_matte_copper_spray_and_cap.html
LBGrce55LtnMtGl,18-415,55.0,113.0,139.0,,52.0,30.0,https_www_bestbottles_com_product_grace_design_55_ml_glass_bottle_matte_gold_lotion_pump_and_cap.html
GBGrce55SpryMtGl,18-415,55.0,113.0,139.0,,52.0,30.0,https_www_bestbottles_com_product_grace_design_55_ml_glass_bottle_matte_gold_spray_pump_and_cap.html
LBGrce55LtnMtSl,18-415,55.0,113.0,139.0,,52.0,30.0,https_www_bestbottles_com_product_grace_design_55_ml_glass_bottle_matte_silver_lotion_pump_and_capsilver_matte_cap.html
GBGrce55SpryMtSl,18-415,55.0,113.0,139.0,,52.0,30.0,https_www_bestbottles_com_product_grace_design_55_ml_glass_bottle_matte_silver_spray_pump_and_capsilver_matte_cap.html
GBGrce55AnSpMtSl,18-415,55.0,113.0,141.0,,52.0,30.0,https_www_bestbottles_com_product_grace_design_55_ml_glass_bottle_matte_silver_vintage_style_sprayer_matte_silver_collar_cap.html
GBGrce55AnSpTslMtSl,18-415,55.0,113.0,135.0,,52.0,30.0,https_www_bestbottles_com_product_grace_design_55_ml_glass_bottle_matte_silver_vintage_style_sprayer_with_tassel_matte_silver_collar.html
GBGrce55AnSpPnk,18-415,55.0,113.0,141.0,,52.0,30.0,https_www_bestbottles_com_product_grace_design_55_ml_glass_bottle_pink_vintage_style_bulb_sprayer_shiny_gold_collar_cap.html
GBGrce55AnSpTslPnk,18-415,55.0,113.0,135.0,,52.0,30.0,https_www_bestbottles_com_product_grace_design_55_ml_glass_bottle_pink_vintage_style_sprayer_with_tassel_shiny_gold_collar.html
GBGrce55AnSpRed,18-415,55.0,113.0,141.0,,52.0,30.0,https_www_bestbottles_com_product_grace_design_55_ml_glass_bottle_red_vintage_style_bulb_sprayer_shiny_silver_collar_cap.html
GBGrce55AnSpTslRed,18-415,55.0,113.0,135.0,,52.0,30.0,https_www_bestbottles_com_product_grace_design_55_ml_glass_bottle_red_vintage_style_sprayer_with_tassel_shiny_silver_collar.html
GBGrce55RdcrBlkLthr,18-415,55.0,113.0,127.0,,52.0,30.0,https_www_bestbottles_com_product_grace_design_55_ml_glass_bottle_reducer_black_faux_leather_cap.html
GBGrce55RdcrShnBlk,18-415,55.0,113.0,117.0,,52.0,30.0,https_www_bestbottles_com_product_grace_design_55_ml_glass_bottle_reducer_black_shiny_cap.html
GBGrce55RdcrBrwnLthr,18-415,55.0,113.0,127.0,,52.0,30.0,https_www_bestbottles_com_product_grace_design_55_ml_glass_bottle_reducer_brown_faux_leather_cap.html
GBGrce55RdcrIvyLthr,18-415,55.0,113.0,127.0,,52.0,30.0,https_www_bestbottles_com_product_grace_design_55_ml_glass_bottle_reducer_ivory_faux_leather_cap.html
GBGrce55RdcrLBrwnLthr,18-415,55.0,113.0,127.0,,52.0,30.0,https_www_bestbottles_com_product_grace_design_55_ml_glass_bottle_reducer_light_brown_faux_leather_cap.html
GBGrce55RdcrPnkLthr,18-415,55.0,113.0,127.0,,52.0,30.0,https_www_bestbottles_com_product_grace_design_55_ml_glass_bottle_reducer_pink_faux_leather_cap.html
GBGrce55RdcrShnGl,18-415,55.0,113.0,117.0,,52.0,30.0,https_www_bestbottles_com_product_grace_design_55_ml_glass_bottle_reducer_shiny_gold_cap.html
GBGrce55RdcrShnSl,18-415,55.0,113.0,117.0,,52.0,30.0,https_www_bestbottles_com_product_grace_design_55_ml_glass_bottle_reducer_shiny_silver_cap.html
GBGrce55RdcrMtSl,18-415,55.0,113.0,117.0,,52.0,30.0,https_www_bestbottles_com_product_grace_design_55_ml_glass_bottle_reducer_silver_matte_cap.html
GBGrce55RdcrShnBlkTall,18-415,55.0,113.0,124.0,,52.0,30.0,https_www_bestbottles_com_product_grace_design_55_ml_glass_bottle_reducer_tall_black_shiny_cap.html
GBGrce55RdcrMtSlTall,18-415,55.0,113.0,124.0,,52.0,30.0,https_www_bestbottles_com_product_grace_design_55_ml_glass_bottle_reducer_tall_silver_matte_cap.html
GBGrce55RdcrWht,18-415,55.0,113.0,124.0,,52.0,30.0,https_www_bestbottles_com_product_grace_design_55_ml_glass_bottle_reducer_white_cap.html
LBGrce55LtnShnBlk,18-415,55.0,113.0,139.0,,52.0,30.0,https_www_bestbottles_com_product_grace_design_55_ml_glass_bottle_shiny_black_lotion_pump_and_capblack_shiny_cap.html
GBGrce55SpryShnBlk,18-415,55.0,113.0,139.0,,52.0,30.0,https_www_bestbottles_com_product_grace_design_55_ml_glass_bottle_shiny_black_spray_pump_and_capblack_shiny_cap.html
LBGrce55LtnShnGl,18-415,55.0,113.0,139.0,,52.0,30.0,https_www_bestbottles_com_product_grace_design_55_ml_glass_bottle_shiny_gold_lotion_pump_and_cap.html
GBGrce55SpryShnGl,18-415,55.0,113.0,139.0,,52.0,30.0,https_www_bestbottles_com_product_grace_design_55_ml_glass_bottle_shiny_gold_spray_pump_and_cap.html
LBGrce55LtnShnSl,18-415,55.0,113.0,139.0,,52.0,30.0,https_www_bestbottles_com_product_grace_design_55_ml_glass_bottle_shiny_silver_lotion_pump_and_capshiny_silver_cap.html
GBGrce55SpryShnSl,18-415,55.0,113.0,139.0,,52.0,30.0,https_www_bestbottles_com_product_grace_design_55_ml_glass_bottle_shiny_silver_spray_and_capshiny_silver_cap.html
GBGrce55AnSpWht,18-415,55.0,113.0,141.0,,52.0,30.0,https_www_bestbottles_com_product_grace_design_55_ml_glass_bottle_white_vintage_style_bulb_sprayer_shiny_silver_collar_cap.html
GBGrce55AnSpTslWht,18-415,55.0,113.0,135.0,,52.0,30.0,https_www_bestbottles_com_product_grace_design_55_ml_glass_bottle_white_vintage_style_sprayer_with_tassel_shiny_silver_collar.html
GBAtom10Gr,,10.0,82.0,89.0,23.0,,,https_www_bestbottles_com_product_green_atomizer_design_10_ml_bottle.html
GBAtom10Lv,,10.0,82.0,89.0,23.0,,,https_www_bestbottles_com_product_lavender_atomizer_design_10_ml_bottle.html
Ltn17-415Blk,17-415,0.0,,31.0,19.0,,,https_www_bestbottles_com_product_lotion_top_black_color_17_415.html
Ltn18-415Cu,18-415,0.0,,41.0,23.0,,,https_www_bestbottles_com_product_lotion_top_copper_color_18_415.html
Ltn17-415Gl,17-415,0.0,,31.0,19.0,,,https_www_bestbottles_com_product_lotion_top_gold_color_17_415.html
Ltn18-415MtGl,18-415,0.0,,41.0,23.0,,,https_www_bestbottles_com_product_lotion_top_matte_gold_color_18_415.html
Ltn18-415MtSlCl,18-415,0.0,,41.0,23.0,,,https_www_bestbottles_com_product_lotion_top_matte_silver_clear_overcap_color_18_415.html
Ltn17-415MattSl,17-415,0.0,,31.0,19.0,,,https_www_bestbottles_com_product_lotion_top_matte_silver_color_17_415.html
Ltn18-415MtSl,18-415,0.0,,41.0,23.0,,,https_www_bestbottles_com_product_lotion_top_matte_silver_color_18_415.html
Ltn18-415ShnBlk,18-415,0.0,,41.0,23.0,,,https_www_bestbottles_com_product_lotion_top_shiny_black_color_18_415.html
Ltn18-415ShnGl,18-415,0.0,,41.0,23.0,,,https_www_bestbottles_com_product_lotion_top_shiny_gold_color_18_415.html
Ltn18-415ShnSl,18-415,0.0,,41.0,23.0,,,https_www_bestbottles_com_product_lotion_top_shiny_silver_color_18_415.html
GBPillar9MtlRollBlkdot,13-415,9.0,57.0,70.0,21.0,,,https_www_bestbottles_com_product_pillar_design_5_ml_glass_bottle_metal_roller_ball_plug_black_dots_cap.html
GBPillar9RollBlkDot,13-415,9.0,57.0,70.0,21.0,,,https_www_bestbottles_com_product_pillar_design_5_ml_glass_bottle_roller_ball_plug_black_dots_cap.html
GBPillar9BlkShSht,13-415,9.0,57.0,69.0,21.0,,,https_www_bestbottles_com_product_pillar_design_9_ml_glass_bottle_black_short_cap.html
GBAtom10Pnk,,10.0,82.0,89.0,23.0,,,https_www_bestbottles_com_product_pink_atomizer_design_10_ml_bottle.html
GBAtom5PnkDot,,5.0,76.0,81.0,18.0,,,https_www_bestbottles_com_product_pink_atomizer_design_5_ml_bottle_dots.html
GBAtom10Red,,10.0,82.0,89.0,23.0,,,https_www_bestbottles_com_product_red_atomizer_design_10_ml_bottle.html
GBAtom5Red,,5.0,76.0,81.0,18.0,,,https_www_bestbottles_com_product_red_atomizer_design_5_ml_bottle.html
GBRndFrst128AnSpBlk,18-415,128.0,83.0,111.0,69.0,,,https_www_bestbottles_com_product_round_design_128_ml_frosted_glass_bottle_black_vintage_style_bulb_sprayer_shiny_silver_collar_cap.html
GBRndFrst128AnSpTslBlk,18-415,128.0,83.0,106.0,69.0,,,https_www_bestbottles_com_product_round_design_128_ml_frosted_glass_bottle_black_vintage_style_sprayer_with_tassel_shiny_silver_collar.html
LBRndFrst128LtnClOvrCap,18-415,128.0,83.0,110.0,69.0,,,https_www_bestbottles_com_product_round_design_128_ml_frosted_glass_bottle_clear_over_the_cap_lotion_pump_matte_silver_collar_cap.html
GBRndFrst128AnSpGl,18-415,128.0,83.0,111.0,69.0,,,https_www_bestbottles_com_product_round_design_128_ml_frosted_glass_bottle_gold_vintage_style_sprayer_shiny_gold_collar_cap.html
GBRndFrst128AnSpTslGl,18-415,128.0,83.0,106.0,69.0,,,https_www_bestbottles_com_product_round_design_128_ml_frosted_glass_bottle_gold_vintage_style_sprayer_with_tassel_shiny_gold_collar.html
GBRndFrst128AnSpIvyGl,18-415,128.0,83.0,111.0,69.0,,,https_www_bestbottles_com_product_round_design_128_ml_frosted_glass_bottle_ivory_vintage_style_bulb_sprayer_shiny_gold_collar_cap.html
GBRndFrst128AnSpIvySl,18-415,128.0,83.0,111.0,69.0,,,https_www_bestbottles_com_product_round_design_128_ml_frosted_glass_bottle_ivory_vintage_style_bulb_sprayer_shiny_silver_collar_cap.html
GBRndFrst128AnSpTslIvyGl,18-415,128.0,83.0,106.0,69.0,,,https_www_bestbottles_com_product_round_design_128_ml_frosted_glass_bottle_ivory_vintage_style_sprayer_with_tassel_shiny_gold_collar.html
GBRndFrst128AnSpTslIvySl,18-415,128.0,83.0,106.0,69.0,,,https_www_bestbottles_com_product_round_design_128_ml_frosted_glass_bottle_ivory_vintage_style_sprayer_with_tassel_shiny_silver_collar.html
GBRndFrst128AnSpLvn,18-415,128.0,83.0,111.0,69.0,,,https_www_bestbottles_com_product_round_design_128_ml_frosted_glass_bottle_lavender_vintage_style_bulb_sprayer_shiny_silver_collar_cap.html
GBRndFrst128AnSpTslLvn,18-415,128.0,83.0,106.0,69.0,,,https_www_bestbottles_com_product_round_design_128_ml_frosted_glass_bottle_lavender_vintage_style_sprayer_with_tassel_shiny_silver_collar.html
LBRndFrst128LtnCu,18-415,128.0,83.0,107.0,69.0,,,https_www_bestbottles_com_product_round_design_128_ml_frosted_glass_bottle_matte_copper_lotion_pump_and_cap.html
GBRndFrst128SpryCu,18-415,128.0,83.0,108.0,69.0,,,https_www_bestbottles_com_product_round_design_128_ml_frosted_glass_bottle_matte_copper_spray_and_cap.html
LBRndFrst128LtnMtGl,18-415,128.0,83.0,107.0,69.0,,,https_www_bestbottles_com_product_round_design_128_ml_frosted_glass_bottle_matte_gold_lotion_pump_and_cap.html
GBRndFrst128SpryMtGl,18-415,128.0,83.0,108.0,69.0,,,https_www_bestbottles_com_product_round_design_128_ml_frosted_glass_bottle_matte_gold_spray_pump_and_cap.html
LBRndFrst128LtnMtSl,18-415,128.0,83.0,107.0,69.0,,,https_www_bestbottles_com_product_round_design_128_ml_frosted_glass_bottle_matte_silver_lotion_pump_and_cap.html
GBRndFrst128SpryMtSl,18-415,128.0,83.0,108.0,69.0,,,https_www_bestbottles_com_product_round_design_128_ml_frosted_glass_bottle_matte_silver_spray_pump_and_cap.html
GBRndFrst128AnSpMtSl,18-415,128.0,83.0,111.0,69.0,,,https_www_bestbottles_com_product_round_design_128_ml_frosted_glass_bottle_matte_silver_vintage_style_sprayer_matte_silver_collar_cap.html
GBRndFrst128AnSpTslMtSl,18-415,128.0,83.0,106.0,69.0,,,https_www_bestbottles_com_product_round_design_128_ml_frosted_glass_bottle_matte_silver_vintage_style_sprayer_with_tassel_matte_silver_collar.html
GBRndFrst128AnSpPnk,18-415,128.0,83.0,111.0,69.0,,,https_www_bestbottles_com_product_round_design_128_ml_frosted_glass_bottle_pink_vintage_style_bulb_sprayer_shiny_gold_collar_cap.html
GBRndFrst128AnSpTslPnk,18-415,128.0,83.0,106.0,69.0,,,https_www_bestbottles_com_product_round_design_128_ml_frosted_glass_bottle_pink_vintage_style_sprayer_with_tassel_shiny_gold_collar.html
GBRndFrst128AnSpRed,18-415,128.0,83.0,111.0,69.0,,,https_www_bestbottles_com_product_round_design_128_ml_frosted_glass_bottle_red_vintage_style_bulb_sprayer_shiny_silver_collar_cap.html
GBRndFrst128AnSpTslRed,18-415,128.0,83.0,106.0,69.0,,,https_www_bestbottles_com_product_round_design_128_ml_frosted_glass_bottle_red_vintage_style_sprayer_with_tassel_shiny_silver_collar.html
GBRndFrst128RdcrBlkLthr,18-415,128.0,83.0,96.0,69.0,,,https_www_bestbottles_com_product_round_design_128_ml_frosted_glass_bottle_reducer_black_faux_leather_cap.html
GBRndFrst128RdcrShnBlk,18-415,128.0,83.0,87.0,69.0,,,https_www_bestbottles_com_product_round_design_128_ml_frosted_glass_bottle_reducer_black_shiny_cap.html
GBRndFrst128RdcrBrwnLthr,18-415,128.0,83.0,96.0,69.0,,,https_www_bestbottles_com_product_round_design_128_ml_frosted_glass_bottle_reducer_brown_faux_leather_cap.html
GBRndFrst128RdcrIvyLthr,18-415,128.0,83.0,96.0,69.0,,,https_www_bestbottles_com_product_round_design_128_ml_frosted_glass_bottle_reducer_ivory_faux_leather_cap.html
GBRndFrst128RdcrLBrwnLthr,18-415,128.0,83.0,96.0,69.0,,,https_www_bestbottles_com_product_round_design_128_ml_frosted_glass_bottle_reducer_light_brown_faux_leather_cap.html
GBRndFrst128RdcrPnkLthr,18-415,128.0,83.0,96.0,69.0,,,https_www_bestbottles_com_product_round_design_128_ml_frosted_glass_bottle_reducer_pink_faux_leather_cap.html
GBRndFrst128RdcrShnGl,18-415,128.0,83.0,87.0,69.0,,,https_www_bestbottles_com_product_round_design_128_ml_frosted_glass_bottle_reducer_shiny_gold_cap.html
GBRndFrst128RdcrShnSl,18-415,128.0,83.0,87.0,69.0,,,https_www_bestbottles_com_product_round_design_128_ml_frosted_glass_bottle_reducer_shiny_silver_cap.html
GBRndFrst128RdcrMtSl,18-415,128.0,83.0,87.0,69.0,,,https_www_bestbottles_com_product_round_design_128_ml_frosted_glass_bottle_reducer_silver_matte_cap.html
GBRndFrst128RdcrShnBlkTall,18-415,128.0,83.0,94.0,69.0,,,https_www_bestbottles_com_product_round_design_128_ml_frosted_glass_bottle_reducer_tall_black_shiny_cap.html
GBRndFrst128RdcrMtSlTall,18-415,128.0,83.0,94.0,69.0,,,https_www_bestbottles_com_product_round_design_128_ml_frosted_glass_bottle_reducer_tall_silver_matte_cap.html
GBRndFrst128RdcrWht,18-415,128.0,83.0,94.0,69.0,,,https_www_bestbottles_com_product_round_design_128_ml_frosted_glass_bottle_reducer_white_cap.html
LBRndFrst128LtnShnBlk,18-415,128.0,83.0,107.0,69.0,,,https_www_bestbottles_com_product_round_design_128_ml_frosted_glass_bottle_shiny_black_lotion_pump_and_cap.html
GBRndFrst128SpryShnBlk,18-415,128.0,83.0,108.0,69.0,,,https_www_bestbottles_com_product_round_design_128_ml_frosted_glass_bottle_shiny_black_spray_pump_and_cap.html
LBRndFrst128LtnShnGl,18-415,128.0,83.0,107.0,69.0,,,https_www_bestbottles_com_product_round_design_128_ml_frosted_glass_bottle_shiny_gold_lotion_pump_and_cap.html
GBRndFrst128SpryShnGl,18-415,128.0,83.0,108.0,69.0,,,https_www_bestbottles_com_product_round_design_128_ml_frosted_glass_bottle_shiny_gold_spray_pump_and_cap.html
LBRndFrst128LtnShnSl,18-415,128.0,83.0,107.0,69.0,,,https_www_bestbottles_com_product_round_design_128_ml_frosted_glass_bottle_shiny_silver_lotion_pump_and_cap.html
GBRndFrst128SpryShnSl,18-415,128.0,83.0,108.0,69.0,,,https_www_bestbottles_com_product_round_design_128_ml_frosted_glass_bottle_shiny_silver_spray_and_cap.html
GBRndFrst128DrpCu,18-415,128.0,83.0,107.0,69.0,,,https_www_bestbottles_com_product_round_design_128_ml_frosted_glass_bottle_white_dropper_shiny_copper_collar_cap.html
GBRndFrst128DrpGl,18-415,128.0,83.0,107.0,69.0,,,https_www_bestbottles_com_product_round_design_128_ml_frosted_glass_bottle_white_dropper_shiny_gold_collar_cap.html
GBRndFrst128DrpSl,18-415,128.0,83.0,107.0,69.0,,,https_www_bestbottles_com_product_round_design_128_ml_frosted_glass_bottle_white_dropper_shiny_silver_collar_cap.html
GBRndFrst128AnSpWht,18-415,128.0,83.0,111.0,69.0,,,https_www_bestbottles_com_product_round_design_128_ml_frosted_glass_bottle_white_vintage_style_bulb_sprayer_shiny_silver_collar_cap.html
GBRndFrst128AnSpTslWht,18-415,128.0,83.0,106.0,69.0,,,https_www_bestbottles_com_product_round_design_128_ml_frosted_glass_bottle_white_vintage_style_sprayer_with_tassel_shiny_silver_collar.html
GBRnd128AnSpBlk,18-415,128.0,83.0,111.0,69.0,,,https_www_bestbottles_com_product_round_design_128_ml_glass_bottle_black_vintage_style_bulb_sprayer_shiny_silver_collar_cap.html
GBRnd128AnSpTslBlk,18-415,128.0,83.0,106.0,69.0,,,https_www_bestbottles_com_product_round_design_128_ml_glass_bottle_black_vintage_style_sprayer_with_tassel_shiny_silver_collar.html
LBRnd128LtnClOvrCap,18-415,128.0,83.0,110.0,69.0,,,https_www_bestbottles_com_product_round_design_128_ml_glass_bottle_clear_over_the_cap_lotion_pump_matte_silver_collar_cap.html
GBRnd128AnSpGl,18-415,128.0,83.0,111.0,69.0,,,https_www_bestbottles_com_product_round_design_128_ml_glass_bottle_gold_vintage_style_sprayer_shiny_gold_collar_cap.html
GBRnd128AnSpTslGl,18-415,128.0,83.0,106.0,69.0,,,https_www_bestbottles_com_product_round_design_128_ml_glass_bottle_gold_vintage_style_sprayer_with_tassel_shiny_gold_collar.html
GBRnd128AnSpIvyGl,18-415,128.0,83.0,111.0,69.0,,,https_www_bestbottles_com_product_round_design_128_ml_glass_bottle_ivory_vintage_style_bulb_sprayer_shiny_gold_collar_cap.html
GBRnd128AnSpIvySl,18-415,128.0,83.0,111.0,69.0,,,https_www_bestbottles_com_product_round_design_128_ml_glass_bottle_ivory_vintage_style_bulb_sprayer_shiny_silver_collar_cap.html
GBRnd128AnSpTslIvyGl,18-415,128.0,83.0,106.0,69.0,,,https_www_bestbottles_com_product_round_design_128_ml_glass_bottle_ivory_vintage_style_sprayer_with_tassel_shiny_gold_collar.html
GBRnd128AnSpTslIvySl,18-415,128.0,83.0,106.0,69.0,,,https_www_bestbottles_com_product_round_design_128_ml_glass_bottle_ivory_vintage_style_sprayer_with_tassel_shiny_silver_collar.html
GBRnd128AnSpLvn,18-415,128.0,83.0,111.0,69.0,,,https_www_bestbottles_com_product_round_design_128_ml_glass_bottle_lavender_vintage_style_bulb_sprayer_shiny_silver_collar_cap.html
GBRnd128AnSpTslLvn,18-415,128.0,83.0,106.0,69.0,,,https_www_bestbottles_com_product_round_design_128_ml_glass_bottle_lavender_vintage_style_sprayer_with_tassel_shiny_silver_collar.html
LBRnd128LtnCu,18-415,128.0,83.0,107.0,69.0,,,https_www_bestbottles_com_product_round_design_128_ml_glass_bottle_matte_copper_lotion_pump_and_cap.html
GBRnd128SpryCu,18-415,128.0,83.0,108.0,69.0,,,https_www_bestbottles_com_product_round_design_128_ml_glass_bottle_matte_copper_spray_and_cap.html
LBRnd128LtnMtGl,18-415,128.0,83.0,107.0,69.0,,,https_www_bestbottles_com_product_round_design_128_ml_glass_bottle_matte_gold_lotion_pump_and_cap.html
GBRnd128SpryMtGl,18-415,128.0,83.0,108.0,69.0,,,https_www_bestbottles_com_product_round_design_128_ml_glass_bottle_matte_gold_spray_pump_and_cap.html
LBRnd128LtnMtSl,18-415,128.0,83.0,107.0,69.0,,,https_www_bestbottles_com_product_round_design_128_ml_glass_bottle_matte_silver_lotion_pump_and_cap.html
GBRnd128SpryMtSl,18-415,128.0,83.0,108.0,69.0,,,https_www_bestbottles_com_product_round_design_128_ml_glass_bottle_matte_silver_spray_pump_and_cap.html
GBRnd128AnSpMtSl,18-415,128.0,83.0,111.0,69.0,,,https_www_bestbottles_com_product_round_design_128_ml_glass_bottle_matte_silver_vintage_style_sprayer_matte_silver_collar_cap.html
GBRnd128AnSpTslMtSl,18-415,128.0,83.0,106.0,69.0,,,https_www_bestbottles_com_product_round_design_128_ml_glass_bottle_matte_silver_vintage_style_sprayer_with_tassel_matte_silver_collar.html
GBRnd128AnSpPnk,18-415,128.0,83.0,111.0,69.0,,,https_www_bestbottles_com_product_round_design_128_ml_glass_bottle_pink_vintage_style_bulb_sprayer_shiny_gold_collar_cap.html
GBRnd128AnSpTslPnk,18-415,128.0,83.0,106.0,69.0,,,https_www_bestbottles_com_product_round_design_128_ml_glass_bottle_pink_vintage_style_sprayer_with_tassel_shiny_gold_collar.html
GBRnd128AnSpRed,18-415,128.0,83.0,111.0,69.0,,,https_www_bestbottles_com_product_round_design_128_ml_glass_bottle_red_vintage_style_bulb_sprayer_shiny_silver_collar_cap.html
GBRnd128AnSpTslRed,18-415,128.0,83.0,106.0,69.0,,,https_www_bestbottles_com_product_round_design_128_ml_glass_bottle_red_vintage_style_sprayer_with_tassel_shiny_silver_collar.html
GBRnd128RdcrBlkLthr,18-415,128.0,83.0,96.0,69.0,,,https_www_bestbottles_com_product_round_design_128_ml_glass_bottle_reducer_black_faux_leather_cap.html
GBRnd128RdcrShnBlk,18-415,128.0,83.0,87.0,69.0,,,https_www_bestbottles_com_product_round_design_128_ml_glass_bottle_reducer_black_shiny_cap.html
GBRnd128RdcrBrwnLthr,18-415,128.0,83.0,96.0,69.0,,,https_www_bestbottles_com_product_round_design_128_ml_glass_bottle_reducer_brown_faux_leather_cap.html
GBRnd128RdcrIvyLthr,18-415,128.0,83.0,96.0,69.0,,,https_www_bestbottles_com_product_round_design_128_ml_glass_bottle_reducer_ivory_faux_leather_cap.html
GBRnd128RdcrLBrwnLthr,18-415,128.0,83.0,96.0,69.0,,,https_www_bestbottles_com_product_round_design_128_ml_glass_bottle_reducer_light_brown_faux_leather_cap.html
GBRnd128RdcrPnkLthr,18-415,128.0,83.0,96.0,69.0,,,https_www_bestbottles_com_product_round_design_128_ml_glass_bottle_reducer_pink_faux_leather_cap.html
GBRnd128RdcrShnGl,18-415,128.0,83.0,87.0,69.0,,,https_www_bestbottles_com_product_round_design_128_ml_glass_bottle_reducer_shiny_gold_cap.html
GBRnd128RdcrShnSl,18-415,128.0,83.0,87.0,69.0,,,https_www_bestbottles_com_product_round_design_128_ml_glass_bottle_reducer_shiny_silver_cap.html
GBRnd128RdcrMtSl,18-415,128.0,83.0,87.0,69.0,,,https_www_bestbottles_com_product_round_design_128_ml_glass_bottle_reducer_silver_matte_cap.html
GBRnd128RdcrShnBlkTall,18-415,128.0,83.0,94.0,69.0,,,https_www_bestbottles_com_product_round_design_128_ml_glass_bottle_reducer_tall_black_shiny_cap.html
GBRnd128RdcrMtSlTall,18-415,128.0,83.0,94.0,69.0,,,https_www_bestbottles_com_product_round_design_128_ml_glass_bottle_reducer_tall_silver_matte_cap.html
GBRnd128RdcrWht,18-415,128.0,83.0,94.0,69.0,,,https_www_bestbottles_com_product_round_design_128_ml_glass_bottle_reducer_white_cap.html
LBRnd128LtnShnBlk,18-415,128.0,83.0,107.0,69.0,,,https_www_bestbottles_com_product_round_design_128_ml_glass_bottle_shiny_black_lotion_pump_and_cap.html
GBRnd128SpryShnBlk,18-415,128.0,83.0,108.0,69.0,,,https_www_bestbottles_com_product_round_design_128_ml_glass_bottle_shiny_black_spray_pump_and_cap.html
LBRnd128LtnShnGl,18-415,128.0,83.0,107.0,69.0,,,https_www_bestbottles_com_product_round_design_128_ml_glass_bottle_shiny_gold_lotion_pump_and_cap.html
GBRnd128SpryShnGl,18-415,128.0,83.0,108.0,69.0,,,https_www_bestbottles_com_product_round_design_128_ml_glass_bottle_shiny_gold_spray_pump_and_cap.html
LBRnd128LtnShnSl,18-415,128.0,83.0,107.0,69.0,,,https_www_bestbottles_com_product_round_design_128_ml_glass_bottle_shiny_silver_lotion_pump_and_cap.html
GBRnd128SpryShnSl,18-415,128.0,83.0,108.0,69.0,,,https_www_bestbottles_com_product_round_design_128_ml_glass_bottle_shiny_silver_spray_and_cap.html
GBRnd128DrpCu,18-415,128.0,83.0,107.0,69.0,,,https_www_bestbottles_com_product_round_design_128_ml_glass_bottle_white_dropper_shiny_copper_collar_cap.html
GBRnd128DrpGl,18-415,128.0,83.0,107.0,69.0,,,https_www_bestbottles_com_product_round_design_128_ml_glass_bottle_white_dropper_shiny_gold_collar_cap.html
GBRnd128DrpSl,18-415,128.0,83.0,107.0,69.0,,,https_www_bestbottles_com_product_round_design_128_ml_glass_bottle_white_dropper_shiny_silver_collar_cap.html
GBRnd128AnSpWht,18-415,128.0,83.0,111.0,69.0,,,https_www_bestbottles_com_product_round_design_128_ml_glass_bottle_white_vintage_style_bulb_sprayer_shiny_silver_collar_cap.html
GBRnd128AnSpTslWht,18-415,128.0,83.0,106.0,69.0,,,https_www_bestbottles_com_product_round_design_128_ml_glass_bottle_white_vintage_style_sprayer_with_tassel_shiny_silver_collar.html
GBRndFrst78AnSpBlk,18-415,78.0,73.0,87.0,59.0,,,https_www_bestbottles_com_product_round_design_78_ml_frosted_glass_bottle_black_vintage_style_bulb_sprayer_shiny_silver_collar_cap.html
GBRndFrst78AnSpTslBlk,18-415,78.0,73.0,100.0,59.0,,,https_www_bestbottles_com_product_round_design_78_ml_frosted_glass_bottle_black_vintage_style_sprayer_with_tassel_shiny_silver_collar.html
LBRndFrst78LtnClOvrCap,18-415,78.0,73.0,131.0,59.0,,,https_www_bestbottles_com_product_round_design_78_ml_frosted_glass_bottle_clear_over_the_cap_lotion_pump_matte_silver_collar_cap.html
GBRndFrst78AnSpGl,18-415,78.0,73.0,87.0,59.0,,,https_www_bestbottles_com_product_round_design_78_ml_frosted_glass_bottle_gold_vintage_style_sprayer_shiny_gold_collar_cap.html
GBRndFrst78AnSpTslGl,18-415,78.0,73.0,100.0,59.0,,,https_www_bestbottles_com_product_round_design_78_ml_frosted_glass_bottle_gold_vintage_style_sprayer_with_tassel_shiny_gold_collar.html
GBRndFrst78AnSpIvyGl,18-415,78.0,73.0,87.0,59.0,,,https_www_bestbottles_com_product_round_design_78_ml_frosted_glass_bottle_ivory_vintage_style_bulb_sprayer_shiny_gold_collar_cap.html
GBRndFrst78AnSpIvySl,18-415,78.0,73.0,87.0,59.0,,,https_www_bestbottles_com_product_round_design_78_ml_frosted_glass_bottle_ivory_vintage_style_bulb_sprayer_shiny_silver_collar_cap.html
GBRndFrst78AnSpTslIvyGl,18-415,78.0,73.0,100.0,59.0,,,https_www_bestbottles_com_product_round_design_78_ml_frosted_glass_bottle_ivory_vintage_style_sprayer_with_tassel_shiny_gold_collar.html
GBRndFrst78AnSpTslIvySl,18-415,78.0,73.0,100.0,59.0,,,https_www_bestbottles_com_product_round_design_78_ml_frosted_glass_bottle_ivory_vintage_style_sprayer_with_tassel_shiny_silver_collar.html
GBRndFrst78AnSpLvn,18-415,78.0,73.0,87.0,59.0,,,https_www_bestbottles_com_product_round_design_78_ml_frosted_glass_bottle_lavender_vintage_style_bulb_sprayer_shiny_silver_collar_cap.html
GBRndFrst78AnSpTslLvn,18-415,78.0,73.0,100.0,59.0,,,https_www_bestbottles_com_product_round_design_78_ml_frosted_glass_bottle_lavender_vintage_style_sprayer_with_tassel_shiny_silver_collar.html
LBRndFrst78LtnCu,18-415,78.0,73.0,130.0,59.0,,,https_www_bestbottles_com_product_round_design_78_ml_frosted_glass_bottle_matte_copper_lotion_pump_and_cap.html
GBRndFrst78SpryCu,18-415,78.0,73.0,97.0,59.0,,,https_www_bestbottles_com_product_round_design_78_ml_frosted_glass_bottle_matte_copper_spray_and_cap.html
LBRndFrst78LtnMtGl,18-415,78.0,73.0,130.0,59.0,,,https_www_bestbottles_com_product_round_design_78_ml_frosted_glass_bottle_matte_gold_lotion_pump_and_cap.html
GBRndFrst78SpryMtGl,18-415,78.0,73.0,97.0,59.0,,,https_www_bestbottles_com_product_round_design_78_ml_frosted_glass_bottle_matte_gold_spray_pump_and_cap.html
LBRndFrst78LtnMtSl,18-415,78.0,73.0,130.0,59.0,,,https_www_bestbottles_com_product_round_design_78_ml_frosted_glass_bottle_matte_silver_lotion_pump_and_cap.html
GBRndFrst78SpryMtSl,18-415,78.0,73.0,97.0,59.0,,,https_www_bestbottles_com_product_round_design_78_ml_frosted_glass_bottle_matte_silver_spray_pump_and_cap.html
GBRndFrst78AnSpMtSl,18-415,78.0,73.0,87.0,59.0,,,https_www_bestbottles_com_product_round_design_78_ml_frosted_glass_bottle_matte_silver_vintage_style_sprayer_matte_silver_collar_cap.html
GBRndFrst78AnSpTslMtSl,18-415,78.0,73.0,100.0,59.0,,,https_www_bestbottles_com_product_round_design_78_ml_frosted_glass_bottle_matte_silver_vintage_style_sprayer_with_tassel_matte_silver_collar.html
GBRndFrst78AnSpPnk,18-415,78.0,73.0,87.0,59.0,,,https_www_bestbottles_com_product_round_design_78_ml_frosted_glass_bottle_pink_vintage_style_bulb_sprayer_shiny_gold_collar_cap.html
GBRndFrst78AnSpTslPnk,18-415,78.0,73.0,100.0,59.0,,,https_www_bestbottles_com_product_round_design_78_ml_frosted_glass_bottle_pink_vintage_style_sprayer_with_tassel_shiny_gold_collar.html
GBRndFrst78AnSpRed,18-415,78.0,73.0,87.0,59.0,,,https_www_bestbottles_com_product_round_design_78_ml_frosted_glass_bottle_red_vintage_style_bulb_sprayer_shiny_silver_collar_cap.html
GBRndFrst78AnSpTslRed,18-415,78.0,73.0,100.0,59.0,,,https_www_bestbottles_com_product_round_design_78_ml_frosted_glass_bottle_red_vintage_style_sprayer_with_tassel_shiny_silver_collar.html
GBRndFrst78RdcrBlkLthr,18-415,78.0,73.0,87.0,59.0,,,https_www_bestbottles_com_product_round_design_78_ml_frosted_glass_bottle_reducer_black_faux_leather_cap.html
GBRndFrst78RdcrShnBlk,18-415,78.0,73.0,77.0,59.0,,,https_www_bestbottles_com_product_round_design_78_ml_frosted_glass_bottle_reducer_black_shiny_cap.html
GBRndFrst78RdcrBrwnLthr,18-415,78.0,73.0,87.0,59.0,,,https_www_bestbottles_com_product_round_design_78_ml_frosted_glass_bottle_reducer_brown_faux_leather_cap.html
GBRndFrst78RdcrIvyLthr,18-415,78.0,73.0,87.0,59.0,,,https_www_bestbottles_com_product_round_design_78_ml_frosted_glass_bottle_reducer_ivory_faux_leather_cap.html
GBRndFrst78RdcrLBrwnLthr,18-415,78.0,73.0,87.0,59.0,,,https_www_bestbottles_com_product_round_design_78_ml_frosted_glass_bottle_reducer_light_brown_faux_leather_cap.html
GBRndFrst78RdcrPnkLthr,18-415,78.0,73.0,87.0,59.0,,,https_www_bestbottles_com_product_round_design_78_ml_frosted_glass_bottle_reducer_pink_faux_leather_cap.html
GBRndFrst78RdcrShnGl,18-415,78.0,73.0,77.0,59.0,,,https_www_bestbottles_com_product_round_design_78_ml_frosted_glass_bottle_reducer_shiny_gold_cap.html
GBRndFrst78RdcrShnSl,18-415,78.0,73.0,77.0,59.0,,,https_www_bestbottles_com_product_round_design_78_ml_frosted_glass_bottle_reducer_shiny_silver_cap.html
GBRndFrst78RdcrMtSl,18-415,78.0,73.0,77.0,59.0,,,https_www_bestbottles_com_product_round_design_78_ml_frosted_glass_bottle_reducer_silver_matte_cap.html
GBRndFrst78RdcrShnBlkTall,18-415,78.0,73.0,85.0,59.0,,,https_www_bestbottles_com_product_round_design_78_ml_frosted_glass_bottle_reducer_tall_black_shiny_cap.html
GBRndFrst78RdcrMtSlTall,18-415,78.0,73.0,85.0,59.0,,,https_www_bestbottles_com_product_round_design_78_ml_frosted_glass_bottle_reducer_tall_silver_matte_cap.html
GBRndFrst78RdcrWht,18-415,78.0,73.0,85.0,59.0,,,https_www_bestbottles_com_product_round_design_78_ml_frosted_glass_bottle_reducer_white_cap.html
LBRndFrst78LtnShnBlk,18-415,78.0,73.0,130.0,59.0,,,https_www_bestbottles_com_product_round_design_78_ml_frosted_glass_bottle_shiny_black_lotion_pump_and_cap.html
GBRndFrst78SpryShnBlk,18-415,78.0,73.0,97.0,59.0,,,https_www_bestbottles_com_product_round_design_78_ml_frosted_glass_bottle_shiny_black_spray_pump_and_cap.html
LBRndFrst78LtnShnGl,18-415,78.0,73.0,130.0,59.0,,,https_www_bestbottles_com_product_round_design_78_ml_frosted_glass_bottle_shiny_gold_lotion_pump_and_cap.html
GBRndFrst78SpryShnGl,18-415,78.0,73.0,97.0,59.0,,,https_www_bestbottles_com_product_round_design_78_ml_frosted_glass_bottle_shiny_gold_spray_pump_and_cap.html
LBRndFrst78LtnShnSl,18-415,78.0,73.0,130.0,59.0,,,https_www_bestbottles_com_product_round_design_78_ml_frosted_glass_bottle_shiny_silver_lotion_pump_and_cap.html
GBRndFrst78SpryShnSl,18-415,78.0,73.0,97.0,59.0,,,https_www_bestbottles_com_product_round_design_78_ml_frosted_glass_bottle_shiny_silver_spray_and_cap.html
GBRndFrst78AnSpWht,18-415,78.0,73.0,87.0,59.0,,,https_www_bestbottles_com_product_round_design_78_ml_frosted_glass_bottle_white_vintage_style_bulb_sprayer_shiny_silver_collar_cap.html
GBRndFrst78AnSpTslWht,18-415,78.0,73.0,100.0,59.0,,,https_www_bestbottles_com_product_round_design_78_ml_frosted_glass_bottle_white_vintage_style_sprayer_with_tassel_shiny_silver_collar.html
GBRnd78AnSpBlk,18-415,78.0,73.0,100.0,59.0,,,https_www_bestbottles_com_product_round_design_78_ml_glass_bottle_black_vintage_style_bulb_sprayer_shiny_silver_collar_cap.html
GBRnd78AnSpTslBlk,18-415,78.0,73.0,95.0,59.0,,,https_www_bestbottles_com_product_round_design_78_ml_glass_bottle_black_vintage_style_sprayer_with_tassel_shiny_silver_collar.html
LBRnd78LtnClOvrCap,18-415,78.0,73.0,131.0,59.0,,,https_www_bestbottles_com_product_round_design_78_ml_glass_bottle_clear_over_the_cap_lotion_pump_matte_silver_collar_cap.html
GBRnd78AnSpGl,18-415,78.0,73.0,100.0,59.0,,,https_www_bestbottles_com_product_round_design_78_ml_glass_bottle_gold_vintage_style_sprayer_shiny_gold_collar_cap.html
GBRnd78AnSpTslGl,18-415,78.0,73.0,95.0,59.0,,,https_www_bestbottles_com_product_round_design_78_ml_glass_bottle_gold_vintage_style_sprayer_with_tassel_shiny_gold_collar.html
GBRnd78AnSpIvyGl,18-415,78.0,73.0,100.0,59.0,,,https_www_bestbottles_com_product_round_design_78_ml_glass_bottle_ivory_vintage_style_bulb_sprayer_shiny_gold_collar_cap.html
GBRnd78AnSpIvySl,18-415,78.0,73.0,100.0,59.0,,,https_www_bestbottles_com_product_round_design_78_ml_glass_bottle_ivory_vintage_style_bulb_sprayer_shiny_silver_collar_cap.html
GBRnd78AnSpTslIvyGl,18-415,78.0,73.0,95.0,59.0,,,https_www_bestbottles_com_product_round_design_78_ml_glass_bottle_ivory_vintage_style_sprayer_with_tassel_shiny_gold_collar.html
GBRnd78AnSpTslIvySl,18-415,78.0,73.0,95.0,59.0,,,https_www_bestbottles_com_product_round_design_78_ml_glass_bottle_ivory_vintage_style_sprayer_with_tassel_shiny_silver_collar.html
GBRnd78AnSpLvn,18-415,78.0,73.0,100.0,59.0,,,https_www_bestbottles_com_product_round_design_78_ml_glass_bottle_lavender_vintage_style_bulb_sprayer_shiny_silver_collar_cap.html
GBRnd78AnSpTslLvn,18-415,78.0,73.0,95.0,59.0,,,https_www_bestbottles_com_product_round_design_78_ml_glass_bottle_lavender_vintage_style_sprayer_with_tassel_shiny_silver_collar.html
LBRnd78LtnCu,18-415,78.0,73.0,130.0,59.0,,,https_www_bestbottles_com_product_round_design_78_ml_glass_bottle_matte_copper_lotion_pump_and_cap.html
GBRnd78SpryCu,18-415,78.0,73.0,97.0,59.0,,,https_www_bestbottles_com_product_round_design_78_ml_glass_bottle_matte_copper_spray_and_cap.html
LBRnd78LtnMtGl,18-415,78.0,73.0,130.0,59.0,,,https_www_bestbottles_com_product_round_design_78_ml_glass_bottle_matte_gold_lotion_pump_and_cap.html
GBRnd78SpryMtGl,18-415,78.0,73.0,97.0,59.0,,,https_www_bestbottles_com_product_round_design_78_ml_glass_bottle_matte_gold_spray_pump_and_cap.html
LBRnd78LtnMtSl,18-415,78.0,73.0,130.0,59.0,,,https_www_bestbottles_com_product_round_design_78_ml_glass_bottle_matte_silver_lotion_pump_and_cap.html
GBRnd78SpryMtSl,18-415,78.0,73.0,97.0,59.0,,,https_www_bestbottles_com_product_round_design_78_ml_glass_bottle_matte_silver_spray_pump_and_cap.html
GBRnd78AnSpMtSl,18-415,78.0,73.0,100.0,59.0,,,https_www_bestbottles_com_product_round_design_78_ml_glass_bottle_matte_silver_vintage_style_sprayer_matte_silver_collar_cap.html
GBRnd78AnSpTslMtSl,18-415,78.0,73.0,95.0,59.0,,,https_www_bestbottles_com_product_round_design_78_ml_glass_bottle_matte_silver_vintage_style_sprayer_with_tassel_matte_silver_collar.html
GBRnd78AnSpPnk,18-415,78.0,73.0,100.0,59.0,,,https_www_bestbottles_com_product_round_design_78_ml_glass_bottle_pink_vintage_style_bulb_sprayer_shiny_gold_collar_cap.html
GBRnd78AnSpTslPnk,18-415,78.0,73.0,95.0,59.0,,,https_www_bestbottles_com_product_round_design_78_ml_glass_bottle_pink_vintage_style_sprayer_with_tassel_shiny_gold_collar.html
GBRnd78AnSpRed,18-415,78.0,73.0,100.0,59.0,,,https_www_bestbottles_com_product_round_design_78_ml_glass_bottle_red_vintage_style_bulb_sprayer_shiny_silver_collar_cap.html
GBRnd78AnSpTslRed,18-415,78.0,73.0,95.0,59.0,,,https_www_bestbottles_com_product_round_design_78_ml_glass_bottle_red_vintage_style_sprayer_with_tassel_shiny_silver_collar.html
GBRnd78RdcrBlkLthr,18-415,78.0,73.0,87.0,59.0,,,https_www_bestbottles_com_product_round_design_78_ml_glass_bottle_reducer_black_faux_leather_cap.html
GBRnd78RdcrShnBlk,18-415,78.0,73.0,77.0,59.0,,,https_www_bestbottles_com_product_round_design_78_ml_glass_bottle_reducer_black_shiny_cap.html
GBRnd78RdcrBrwnLthr,18-415,78.0,73.0,87.0,59.0,,,https_www_bestbottles_com_product_round_design_78_ml_glass_bottle_reducer_brown_faux_leather_cap.html
GBRnd78RdcrIvyLthr,18-415,78.0,73.0,87.0,59.0,,,https_www_bestbottles_com_product_round_design_78_ml_glass_bottle_reducer_ivory_faux_leather_cap.html
GBRnd78RdcrLBrwnLthr,18-415,78.0,73.0,87.0,59.0,,,https_www_bestbottles_com_product_round_design_78_ml_glass_bottle_reducer_light_brown_faux_leather_cap.html
GBRnd78RdcrPnkLthr,18-415,78.0,73.0,87.0,59.0,,,https_www_bestbottles_com_product_round_design_78_ml_glass_bottle_reducer_pink_faux_leather_cap.html
GBRnd78RdcrShnGl,18-415,78.0,73.0,77.0,59.0,,,https_www_bestbottles_com_product_round_design_78_ml_glass_bottle_reducer_shiny_gold_cap.html
GBRnd78RdcrShnSl,18-415,78.0,73.0,77.0,59.0,,,https_www_bestbottles_com_product_round_design_78_ml_glass_bottle_reducer_shiny_silver_cap.html
GBRnd78RdcrMtSl,18-415,78.0,73.0,77.0,59.0,,,https_www_bestbottles_com_product_round_design_78_ml_glass_bottle_reducer_silver_matte_cap.html
GBRnd78RdcrShnBlkTall,18-415,78.0,73.0,85.0,59.0,,,https_www_bestbottles_com_product_round_design_78_ml_glass_bottle_reducer_tall_black_shiny_cap.html
GBRnd78RdcrMtSlTall,18-415,78.0,73.0,85.0,59.0,,,https_www_bestbottles_com_product_round_design_78_ml_glass_bottle_reducer_tall_silver_matte_cap.html
GBRnd78RdcrWht,18-415,78.0,73.0,85.0,59.0,,,https_www_bestbottles_com_product_round_design_78_ml_glass_bottle_reducer_white_cap.html
LBRnd78LtnShnBlk,18-415,78.0,73.0,130.0,59.0,,,https_www_bestbottles_com_product_round_design_78_ml_glass_bottle_shiny_black_lotion_pump_and_cap.html
GBRnd78SpryShnBlk,18-415,78.0,73.0,97.0,59.0,,,https_www_bestbottles_com_product_round_design_78_ml_glass_bottle_shiny_black_spray_pump_and_cap.html
LBRnd78LtnShnGl,18-415,78.0,73.0,130.0,59.0,,,https_www_bestbottles_com_product_round_design_78_ml_glass_bottle_shiny_gold_lotion_pump_and_cap.html
GBRnd78SpryShnGl,18-415,78.0,73.0,97.0,59.0,,,https_www_bestbottles_com_product_round_design_78_ml_glass_bottle_shiny_gold_spray_pump_and_cap.html
LBRnd78LtnShnSl,18-415,78.0,73.0,130.0,59.0,,,https_www_bestbottles_com_product_round_design_78_ml_glass_bottle_shiny_silver_lotion_pump_and_cap.html
GBRnd78SpryShnSl,18-415,78.0,73.0,97.0,59.0,,,https_www_bestbottles_com_product_round_design_78_ml_glass_bottle_shiny_silver_spray_and_cap.html
GBRnd78AnSpWht,18-415,78.0,73.0,100.0,59.0,,,https_www_bestbottles_com_product_round_design_78_ml_glass_bottle_white_vintage_style_bulb_sprayer_shiny_silver_collar_cap.html
GBRnd78AnSpTslWht,18-415,78.0,73.0,95.0,59.0,,,https_www_bestbottles_com_product_round_design_78_ml_glass_bottle_white_vintage_style_sprayer_with_tassel_shiny_silver_collar.html
GBRoyal13SpryBluMatt,13-415,13.0,56.0,76.0,,40.0,21.0,https_www_bestbottles_com_product_royal_design_13_ml_glass_bottle_matte_blue_spray.html
GBRoyal13SpryCuMatt,13-415,13.0,56.0,76.0,,40.0,21.0,https_www_bestbottles_com_product_royal_design_13_ml_glass_bottle_matte_copper_spray.html
GBRoyal13SpryGlMatt,13-415,13.0,56.0,76.0,,40.0,21.0,https_www_bestbottles_com_product_royal_design_13_ml_glass_bottle_matte_gold_spray.html
GBRoyal13SprySlMatt,13-415,13.0,56.0,76.0,,40.0,21.0,https_www_bestbottles_com_product_royal_design_13_ml_glass_bottle_matte_silver_spray.html
GBRoyal13MtlRollBlkSh,13-415,13.0,56.0,69.0,,40.0,21.0,https_www_bestbottles_com_product_royal_design_13_ml_glass_bottle_metal_roller_ball_plug_black_shiny_cap.html
GBRoyal13MtlRollBlkDot,13-415,13.0,56.0,69.0,,40.0,21.0,https_www_bestbottles_com_product_royal_design_13_ml_glass_bottle_metal_roller_ball_plug_black_shiny_cap_with_dots.html
GBRoyal13MtlRollCuMatt,13-415,13.0,56.0,69.0,,40.0,21.0,https_www_bestbottles_com_product_royal_design_13_ml_glass_bottle_metal_roller_ball_plug_matte_copper_cap.html
GBRoyal13MtlRollGlMatt,13-415,13.0,56.0,69.0,,40.0,21.0,https_www_bestbottles_com_product_royal_design_13_ml_glass_bottle_metal_roller_ball_plug_matte_gold_cap.html
GBRoyal13MtlRollSlMatt,13-415,13.0,56.0,69.0,,40.0,21.0,https_www_bestbottles_com_product_royal_design_13_ml_glass_bottle_metal_roller_ball_plug_matte_silver_cap.html
GBRoyal13MtlRollPinkDot,13-415,13.0,56.0,69.0,,40.0,21.0,https_www_bestbottles_com_product_royal_design_13_ml_glass_bottle_metal_roller_ball_plug_pink_cap_with_dots.html
GBRoyal13MtlRollGlSh,13-415,13.0,56.0,69.0,,40.0,21.0,https_www_bestbottles_com_product_royal_design_13_ml_glass_bottle_metal_roller_ball_plug_shiny_gold_cap.html
GBRoyal13MtlRollSlSh,13-415,13.0,56.0,69.0,,40.0,21.0,https_www_bestbottles_com_product_royal_design_13_ml_glass_bottle_metal_roller_ball_plug_shiny_silver_cap.html
GBRoyal13MtlRollSlDot,13-415,13.0,56.0,69.0,,40.0,21.0,https_www_bestbottles_com_product_royal_design_13_ml_glass_bottle_metal_roller_ball_plug_silver_cap_with_dots.html
GBRoyal13RollBlkSh,13-415,13.0,56.0,69.0,,40.0,21.0,https_www_bestbottles_com_product_royal_design_13_ml_glass_bottle_plastic_roller_ball_plug_black_shiny_cap.html
GBRoyal13RollBlkDot,13-415,13.0,56.0,69.0,,40.0,21.0,https_www_bestbottles_com_product_royal_design_13_ml_glass_bottle_plastic_roller_ball_plug_black_shiny_cap_with_dots.html
GBRoyal13RollCuMatt,13-415,13.0,56.0,69.0,,40.0,21.0,https_www_bestbottles_com_product_royal_design_13_ml_glass_bottle_plastic_roller_ball_plug_matte_copper_cap.html
GBRoyal13RollGlMatt,13-415,13.0,56.0,69.0,,40.0,21.0,https_www_bestbottles_com_product_royal_design_13_ml_glass_bottle_plastic_roller_ball_plug_matte_gold_cap.html
GBRoyal13RollSlMatt,13-415,13.0,56.0,69.0,,40.0,21.0,https_www_bestbottles_com_product_royal_design_13_ml_glass_bottle_plastic_roller_ball_plug_matte_silver_cap.html
GBRoyal13RollPinkDot,13-415,13.0,56.0,69.0,,40.0,21.0,https_www_bestbottles_com_product_royal_design_13_ml_glass_bottle_plastic_roller_ball_plug_pink_cap_with_dots.html
GBRoyal13RollGlSh,13-415,13.0,56.0,69.0,,40.0,21.0,https_www_bestbottles_com_product_royal_design_13_ml_glass_bottle_plastic_roller_ball_plug_shiny_gold_cap.html
GBRoyal13RollSlSh,13-415,13.0,56.0,69.0,,40.0,21.0,https_www_bestbottles_com_product_royal_design_13_ml_glass_bottle_plastic_roller_ball_plug_shiny_silver_cap.html
GBRoyal13RollSlDot,13-415,13.0,56.0,69.0,,40.0,21.0,https_www_bestbottles_com_product_royal_design_13_ml_glass_bottle_plastic_roller_ball_plug_silver_cap_with_dots.html
GBRoyal13SpryBlkSh,13-415,13.0,56.0,76.0,,40.0,21.0,https_www_bestbottles_com_product_royal_design_13_ml_glass_bottle_shiny_black_spray.html
GBRoyal13Gl,13-415,13.0,56.0,69.0,,40.0,21.0,https_www_bestbottles_com_product_royal_design_13_ml_glass_bottle_shiny_gold_cap.html
GBRoyal13SpryGlSh,13-415,13.0,56.0,76.0,,40.0,21.0,https_www_bestbottles_com_product_royal_design_13_ml_glass_bottle_shiny_gold_spray.html
GBRoyal13Sl,13-415,13.0,56.0,69.0,,40.0,21.0,https_www_bestbottles_com_product_royal_design_13_ml_glass_bottle_shiny_silver_cap.html
GBRoyal13SprySlSh,13-415,13.0,56.0,76.0,,40.0,21.0,https_www_bestbottles_com_product_royal_design_13_ml_glass_bottle_shiny_silver_spray.html
GBRoyal13BlkSht,13-415,13.0,56.0,58.0,,40.0,21.0,https_www_bestbottles_com_product_royal_design_13_ml_glass_bottle_short_black_cap.html
GBRoyal13WhtSht,13-415,13.0,56.0,62.0,,40.0,21.0,https_www_bestbottles_com_product_royal_design_13_ml_glass_bottle_short_white_cap.html
GBAtom10Sl,,10.0,82.0,89.0,23.0,,,https_www_bestbottles_com_product_silver_atomizer_design_10_ml_bottle.html
GBAtom10SlDot,,10.0,82.0,89.0,23.0,,,https_www_bestbottles_com_product_silver_atomizer_design_10_ml_bottle_dots.html
GBAtom10SlStars,,10.0,82.0,89.0,23.0,,,https_www_bestbottles_com_product_silver_atomizer_design_10_ml_bottle_star_patterns.html
GBAtom5Sl,,5.0,76.0,81.0,18.0,,,https_www_bestbottles_com_product_silver_atomizer_design_5_ml_bottle.html
GBAtom5SlDot,,5.0,76.0,104.0,18.0,,,https_www_bestbottles_com_product_silver_atomizer_design_5_ml_bottle_dots.html
GBAtom5SlStars,,5.0,76.0,81.0,18.0,,,https_www_bestbottles_com_product_silver_atomizer_design_5_ml_bottle_star_patterns.html
GBAtom5SlimSl,,5.0,92.0,104.0,15.0,,,https_www_bestbottles_com_product_silver_slim_atomizer_design_5_ml_bottle.html
GBSlk100AnSpBlk,18-415,100.0,149.0,199.0,,36.0,,https_www_bestbottles_com_product_sleek_design_100_ml_glass_bottle_black_vintage_style_bulb_sprayer_shiny_silver_collar_cap.html
GBSlk100AnSpTslBlk,18-415,100.0,149.0,191.0,,36.0,,https_www_bestbottles_com_product_sleek_design_100_ml_glass_bottle_black_vintage_style_sprayer_with_tassel_shiny_silver_collar.html
LBSlk100LtnClOvrCap,18-415,100.0,149.0,191.0,,36.0,,https_www_bestbottles_com_product_sleek_design_100_ml_glass_bottle_clear_over_the_cap_lotion_pump_matte_silver_collar_cap.html
GBSlk100AnSpGl,18-415,100.0,149.0,199.0,,36.0,,https_www_bestbottles_com_product_sleek_design_100_ml_glass_bottle_gold_vintage_style_sprayer_shiny_gold_collar_cap.html
GBSlk100AnSpTslGl,18-415,100.0,149.0,191.0,,36.0,,https_www_bestbottles_com_product_sleek_design_100_ml_glass_bottle_gold_vintage_style_sprayer_with_tassel_shiny_gold_collar.html
GBSlk100AnSpIvyGl,18-415,100.0,149.0,199.0,,36.0,,https_www_bestbottles_com_product_sleek_design_100_ml_glass_bottle_ivory_vintage_style_bulb_sprayer_shiny_gold_collar_cap.html
GBSlk100AnSpIvySl,18-415,100.0,149.0,199.0,,36.0,,https_www_bestbottles_com_product_sleek_design_100_ml_glass_bottle_ivory_vintage_style_bulb_sprayer_shiny_silver_collar_cap.html
GBSlk100AnSpTslIvyGl,18-415,100.0,149.0,191.0,,36.0,,https_www_bestbottles_com_product_sleek_design_100_ml_glass_bottle_ivory_vintage_style_sprayer_with_tassel_shiny_gold_collar.html
GBSlk100AnSpTslIvySl,18-415,100.0,149.0,191.0,,36.0,,https_www_bestbottles_com_product_sleek_design_100_ml_glass_bottle_ivory_vintage_style_sprayer_with_tassel_shiny_silver_collar.html
GBSlk100AnSpLvn,18-415,100.0,149.0,199.0,,36.0,,https_www_bestbottles_com_product_sleek_design_100_ml_glass_bottle_lavender_vintage_style_bulb_sprayer_shiny_silver_collar_cap.html
GBSlk100AnSpTslLvn,18-415,100.0,149.0,191.0,,36.0,,https_www_bestbottles_com_product_sleek_design_100_ml_glass_bottle_lavender_vintage_style_sprayer_with_tassel_shiny_silver_collar.html
LBSlk100LtnCu,18-415,100.0,149.0,189.0,,36.0,,https_www_bestbottles_com_product_sleek_design_100_ml_glass_bottle_matte_copper_lotion_pump_and_cap.html
GBSlk100SpryCu,18-415,100.0,149.0,190.0,,36.0,,https_www_bestbottles_com_product_sleek_design_100_ml_glass_bottle_matte_copper_spray_and_cap.html
LBSlk100LtnMtGl,18-415,100.0,149.0,189.0,,36.0,,https_www_bestbottles_com_product_sleek_design_100_ml_glass_bottle_matte_gold_lotion_pump_and_cap.html
GBSlk100SpryMtGl,18-415,100.0,149.0,190.0,,36.0,,https_www_bestbottles_com_product_sleek_design_100_ml_glass_bottle_matte_gold_spray_pump_and_cap.html
LBSlk100LtnMtSl,18-415,100.0,149.0,189.0,,36.0,,https_www_bestbottles_com_product_sleek_design_100_ml_glass_bottle_matte_silver_lotion_pump_and_cap.html
GBSlk100SpryMtSl,18-415,100.0,149.0,190.0,,36.0,,https_www_bestbottles_com_product_sleek_design_100_ml_glass_bottle_matte_silver_spray_pump_and_cap.html
GBSlk100AnSpMtSl,18-415,100.0,149.0,199.0,,36.0,,https_www_bestbottles_com_product_sleek_design_100_ml_glass_bottle_matte_silver_vintage_style_sprayer_matte_silver_collar_cap.html
GBSlk100AnSpTslMtSl,18-415,100.0,149.0,191.0,,36.0,,https_www_bestbottles_com_product_sleek_design_100_ml_glass_bottle_matte_silver_vintage_style_sprayer_with_tassel_matte_silver_collar.html
GBSlk100AnSpPnk,18-415,100.0,149.0,199.0,,36.0,,https_www_bestbottles_com_product_sleek_design_100_ml_glass_bottle_pink_vintage_style_bulb_sprayer_shiny_gold_collar_cap.html
GBSlk100AnSpTslPnk,18-415,100.0,149.0,191.0,,36.0,,https_www_bestbottles_com_product_sleek_design_100_ml_glass_bottle_pink_vintage_style_sprayer_with_tassel_shiny_gold_collar.html
GBSlk100AnSpRed,18-415,100.0,149.0,199.0,,36.0,,https_www_bestbottles_com_product_sleek_design_100_ml_glass_bottle_red_vintage_style_bulb_sprayer_shiny_silver_collar_cap.html
GBSlk100AnSpTslRed,18-415,100.0,149.0,191.0,,36.0,,https_www_bestbottles_com_product_sleek_design_100_ml_glass_bottle_red_vintage_style_sprayer_with_tassel_shiny_silver_collar.html
GBSlk100RdcrBlkLthr,18-415,100.0,149.0,179.0,,36.0,,https_www_bestbottles_com_product_sleek_design_100_ml_glass_bottle_reducer_black_faux_leather_cap.html
GBSlk100RdcrShnBlk,18-415,100.0,149.0,178.0,,36.0,,https_www_bestbottles_com_product_sleek_design_100_ml_glass_bottle_reducer_black_shiny_cap.html
GBSlk100RdcrBrwnLthr,18-415,100.0,149.0,179.0,,36.0,,https_www_bestbottles_com_product_sleek_design_100_ml_glass_bottle_reducer_brown_faux_leather_cap.html
GBSlk100RdcrIvyLthr,18-415,100.0,149.0,179.0,,36.0,,https_www_bestbottles_com_product_sleek_design_100_ml_glass_bottle_reducer_ivory_faux_leather_cap.html
GBSlk100RdcrLBrwnLthr,18-415,100.0,149.0,179.0,,36.0,,https_www_bestbottles_com_product_sleek_design_100_ml_glass_bottle_reducer_light_brown_faux_leather_cap.html
GBSlk100RdcrPnkLthr,18-415,100.0,149.0,179.0,,36.0,,https_www_bestbottles_com_product_sleek_design_100_ml_glass_bottle_reducer_pink_faux_leather_cap.html
GBSlk100RdcrShnGl,18-415,100.0,149.0,178.0,,36.0,,https_www_bestbottles_com_product_sleek_design_100_ml_glass_bottle_reducer_shiny_gold_cap.html
GBSlk100RdcrShnSl,18-415,100.0,149.0,178.0,,36.0,,https_www_bestbottles_com_product_sleek_design_100_ml_glass_bottle_reducer_shiny_silver_cap.html
GBSlk100RdcrMtSl,18-415,100.0,149.0,178.0,,36.0,,https_www_bestbottles_com_product_sleek_design_100_ml_glass_bottle_reducer_silver_matte_cap.html
GBSlk100RdcrShnBlkTall,18-415,100.0,149.0,186.0,,36.0,,https_www_bestbottles_com_product_sleek_design_100_ml_glass_bottle_reducer_tall_black_shiny_cap.html
GBSlk100RdcrMtSlTall,18-415,100.0,149.0,186.0,,36.0,,https_www_bestbottles_com_product_sleek_design_100_ml_glass_bottle_reducer_tall_silver_matte_cap.html
GBSlk100RdcrWht,18-415,100.0,149.0,186.0,,36.0,,https_www_bestbottles_com_product_sleek_design_100_ml_glass_bottle_reducer_white_cap.html
LBSlk100LtnShnBlk,18-415,100.0,149.0,189.0,,36.0,,https_www_bestbottles_com_product_sleek_design_100_ml_glass_bottle_shiny_black_lotion_pump_and_cap.html
GBSlk100SpryShnBlk,18-415,100.0,149.0,190.0,,36.0,,https_www_bestbottles_com_product_sleek_design_100_ml_glass_bottle_shiny_black_spray_pump_and_cap.html
LBSlk100LtnShnGl,18-415,100.0,149.0,189.0,,36.0,,https_www_bestbottles_com_product_sleek_design_100_ml_glass_bottle_shiny_gold_lotion_pump_and_cap.html
GBSlk100SpryShnGl,18-415,100.0,149.0,190.0,,36.0,,https_www_bestbottles_com_product_sleek_design_100_ml_glass_bottle_shiny_gold_spray_pump_and_cap.html
LBSlk100LtnShnSl,18-415,100.0,149.0,189.0,,36.0,,https_www_bestbottles_com_product_sleek_design_100_ml_glass_bottle_shiny_silver_lotion_pump_and_cap.html
GBSlk100SpryShnSl,18-415,100.0,149.0,190.0,,36.0,,https_www_bestbottles_com_product_sleek_design_100_ml_glass_bottle_shiny_silver_spray_and_cap.html
LBSlk100WhtRectClOverCap,18-415,100.0,149.0,198.0,,36.0,,https_www_bestbottles_com_product_sleek_design_100_ml_glass_bottle_white_rectangular_clear_over_the_cap.html
GBSlk100AnSpWht,18-415,100.0,149.0,199.0,,36.0,,https_www_bestbottles_com_product_sleek_design_100_ml_glass_bottle_white_vintage_style_bulb_sprayer_shiny_silver_collar_cap.html
GBSlk100AnSpTslWht,18-415,100.0,149.0,191.0,,36.0,,https_www_bestbottles_com_product_sleek_design_100_ml_glass_bottle_white_vintage_style_sprayer_with_tassel_shiny_silver_collar.html
GBSlk30AnSpBlk,18-415,30.0,98.0,126.0,,28.0,,https_www_bestbottles_com_product_sleek_design_30_ml_glass_bottle_black_vintage_style_bulb_sprayer_shiny_silver_collar_cap.html
LBSlk30LtnClOvrCap,18-415,30.0,98.0,123.0,28.0,28.0,,https_www_bestbottles_com_product_sleek_design_30_ml_glass_bottle_clear_over_the_cap_lotion_pump_matte_silver_collar_cap.html
GBSlk30AnSpGl,18-415,30.0,98.0,126.0,,28.0,,https_www_bestbottles_com_product_sleek_design_30_ml_glass_bottle_gold_vintage_style_sprayer_shiny_gold_collar_cap.html
GBSlk30AnSpIvyGl,18-415,30.0,98.0,126.0,,28.0,,https_www_bestbottles_com_product_sleek_design_30_ml_glass_bottle_ivory_vintage_style_bulb_sprayer_shiny_gold_collar_cap.html
GBSlk30AnSpIvySl,18-415,30.0,98.0,126.0,,28.0,,https_www_bestbottles_com_product_sleek_design_30_ml_glass_bottle_ivory_vintage_style_bulb_sprayer_shiny_silver_collar_cap.html
GBSlk30AnSpLvn,18-415,30.0,98.0,126.0,,28.0,,https_www_bestbottles_com_product_sleek_design_30_ml_glass_bottle_lavender_vintage_style_bulb_sprayer_shiny_silver_collar_cap.html
LBSlk30LtnCu,18-415,30.0,98.0,123.0,28.0,28.0,,https_www_bestbottles_com_product_sleek_design_30_ml_glass_bottle_matte_copper_lotion_pump_and_cap.html
GBSlk30SpryCu,18-415,30.0,98.0,123.0,,28.0,,https_www_bestbottles_com_product_sleek_design_30_ml_glass_bottle_matte_copper_spray_and_cap.html
LBSlk30LtnMtGl,18-415,30.0,98.0,123.0,28.0,28.0,,https_www_bestbottles_com_product_sleek_design_30_ml_glass_bottle_matte_gold_lotion_pump_and_cap.html
GBSlk30SpryMtGl,18-415,30.0,98.0,123.0,,28.0,,https_www_bestbottles_com_product_sleek_design_30_ml_glass_bottle_matte_gold_spray_pump_and_cap.html
LBSlk30LtnMtSl,18-415,30.0,98.0,123.0,28.0,28.0,,https_www_bestbottles_com_product_sleek_design_30_ml_glass_bottle_matte_silver_lotion_pump_and_cap.html
GBSlk30SpryMtSl,18-415,30.0,98.0,123.0,,28.0,,https_www_bestbottles_com_product_sleek_design_30_ml_glass_bottle_matte_silver_spray_pump_and_cap.html
GBSlk30AnSpMtSl,18-415,30.0,98.0,126.0,,28.0,,https_www_bestbottles_com_product_sleek_design_30_ml_glass_bottle_matte_silver_vintage_style_sprayer_matte_silver_collar_cap.html
GBSlk30AnSpPnk,18-415,30.0,98.0,126.0,,28.0,,https_www_bestbottles_com_product_sleek_design_30_ml_glass_bottle_pink_vintage_style_bulb_sprayer_shiny_gold_collar_cap.html
GBSlk30AnSpRed,18-415,30.0,98.0,126.0,,28.0,,https_www_bestbottles_com_product_sleek_design_30_ml_glass_bottle_red_vintage_style_bulb_sprayer_shiny_silver_collar_cap.html
GBSlk30RdcrBlkLthr,18-415,30.0,98.0,112.0,,28.0,,https_www_bestbottles_com_product_sleek_design_30_ml_glass_bottle_reducer_black_faux_leather_cap.html
GBSlk30RdcrShnBlk,18-415,30.0,98.0,102.0,,28.0,,https_www_bestbottles_com_product_sleek_design_30_ml_glass_bottle_reducer_black_shiny_cap.html
GBSlk30RdcrBrwnLthr,18-415,30.0,98.0,112.0,,28.0,,https_www_bestbottles_com_product_sleek_design_30_ml_glass_bottle_reducer_brown_faux_leather_cap.html
GBSlk30RdcrIvyLthr,18-415,30.0,98.0,112.0,,28.0,,https_www_bestbottles_com_product_sleek_design_30_ml_glass_bottle_reducer_ivory_faux_leather_cap.html
GBSlk30RdcrLBrwnLthr,18-415,30.0,98.0,112.0,,28.0,,https_www_bestbottles_com_product_sleek_design_30_ml_glass_bottle_reducer_light_brown_faux_leather_cap.html
GBSlk30RdcrPnkLthr,18-415,30.0,98.0,112.0,,28.0,,https_www_bestbottles_com_product_sleek_design_30_ml_glass_bottle_reducer_pink_faux_leather_cap.html
GBSlk30RdcrShnGl,18-415,30.0,98.0,102.0,,28.0,,https_www_bestbottles_com_product_sleek_design_30_ml_glass_bottle_reducer_shiny_gold_cap.html
GBSlk30RdcrShnSl,18-415,30.0,98.0,102.0,,28.0,,https_www_bestbottles_com_product_sleek_design_30_ml_glass_bottle_reducer_shiny_silver_cap.html
GBSlk30RdcrMtSl,18-415,30.0,98.0,102.0,,28.0,,https_www_bestbottles_com_product_sleek_design_30_ml_glass_bottle_reducer_silver_matte_cap.html
GBSlk30RdcrShnBlkTall,18-415,30.0,98.0,109.0,,28.0,,https_www_bestbottles_com_product_sleek_design_30_ml_glass_bottle_reducer_tall_black_shiny_cap.html
GBSlk30RdcrMtSlTall,18-415,30.0,98.0,109.0,,28.0,,https_www_bestbottles_com_product_sleek_design_30_ml_glass_bottle_reducer_tall_silver_matte_cap.html
GBSlk30RdcrWht,18-415,30.0,98.0,109.0,,28.0,,https_www_bestbottles_com_product_sleek_design_30_ml_glass_bottle_reducer_white_cap.html
LBSlk30LtnShnBlk,18-415,30.0,98.0,123.0,28.0,28.0,,https_www_bestbottles_com_product_sleek_design_30_ml_glass_bottle_shiny_black_lotion_pump_and_cap.html
GBSlk30SpryShnBlk,18-415,30.0,98.0,123.0,,28.0,,https_www_bestbottles_com_product_sleek_design_30_ml_glass_bottle_shiny_black_spray_pump_and_cap.html
LBSlk30LtnShnGl,18-415,30.0,98.0,123.0,28.0,28.0,,https_www_bestbottles_com_product_sleek_design_30_ml_glass_bottle_shiny_gold_lotion_pump_and_cap.html
GBSlk30SpryShnGl,18-415,30.0,98.0,123.0,,28.0,,https_www_bestbottles_com_product_sleek_design_30_ml_glass_bottle_shiny_gold_spray_pump_and_cap.html
LBSlk30LtnShnSl,18-415,30.0,98.0,123.0,28.0,28.0,,https_www_bestbottles_com_product_sleek_design_30_ml_glass_bottle_shiny_silver_lotion_pump_and_cap.html
GBSlk30SpryShnSl,18-415,30.0,98.0,123.0,,28.0,,https_www_bestbottles_com_product_sleek_design_30_ml_glass_bottle_shiny_silver_spray_and_cap.html
GBSlk30DrpCu,18-415,30.0,98.0,,,28.0,,https_www_bestbottles_com_product_sleek_design_30_ml_glass_bottle_white_dropper_shiny_copper_collar_cap.html
GBSlk30DrpGl,18-415,30.0,98.0,,,28.0,,https_www_bestbottles_com_product_sleek_design_30_ml_glass_bottle_white_dropper_shiny_gold_collar_cap.html
GBSlk30DrpSl,18-415,30.0,98.0,,,28.0,,https_www_bestbottles_com_product_sleek_design_30_ml_glass_bottle_white_dropper_shiny_silver_collar_cap.html
LBSlk30WhtRectClOverCap,18-415,30.0,98.0,171.0,28.0,28.0,,https_www_bestbottles_com_product_sleek_design_30_ml_glass_bottle_white_rectangular_clear_over_the_cap.html
GBSlk30AnSpWht,18-415,30.0,98.0,126.0,,28.0,,https_www_bestbottles_com_product_sleek_design_30_ml_glass_bottle_white_vintage_style_bulb_sprayer_shiny_silver_collar_cap.html
GBSlk50AnSpBlk,18-415,50.0,139.0,167.0,,28.0,,https_www_bestbottles_com_product_sleek_design_50_ml_glass_bottle_black_vintage_style_bulb_sprayer_shiny_silver_collar_cap.html
GBSlk50AnSpTslBlk,18-415,50.0,139.0,167.0,,28.0,,https_www_bestbottles_com_product_sleek_design_50_ml_glass_bottle_black_vintage_style_sprayer_with_tassel_shiny_silver_collar.html
LBSlk50LtnClOvrCap,18-415,50.0,139.0,165.0,28.0,28.0,,https_www_bestbottles_com_product_sleek_design_50_ml_glass_bottle_clear_over_the_cap_lotion_pump_matte_silver_collar_cap.html
GBSlk50AnSpGl,18-415,50.0,139.0,167.0,,28.0,,https_www_bestbottles_com_product_sleek_design_50_ml_glass_bottle_gold_vintage_style_sprayer_shiny_gold_collar_cap.html
GBSlk50AnSpTslGl,18-415,50.0,139.0,159.0,,28.0,,https_www_bestbottles_com_product_sleek_design_50_ml_glass_bottle_gold_vintage_style_sprayer_with_tassel_shiny_gold_collar.html
GBSlk50AnSpIvyGl,18-415,50.0,139.0,167.0,,28.0,,https_www_bestbottles_com_product_sleek_design_50_ml_glass_bottle_ivory_vintage_style_bulb_sprayer_shiny_gold_collar_cap.html
GBSlk50AnSpIvySl,18-415,50.0,139.0,167.0,,28.0,,https_www_bestbottles_com_product_sleek_design_50_ml_glass_bottle_ivory_vintage_style_bulb_sprayer_shiny_silver_collar_cap.html
GBSlk50AnSpTslIvyGl,18-415,50.0,139.0,159.0,,28.0,,https_www_bestbottles_com_product_sleek_design_50_ml_glass_bottle_ivory_vintage_style_sprayer_with_tassel_shiny_gold_collar.html
GBSlk50AnSpTslIvySl,18-415,50.0,139.0,159.0,,28.0,,https_www_bestbottles_com_product_sleek_design_50_ml_glass_bottle_ivory_vintage_style_sprayer_with_tassel_shiny_silver_collar.html
GBSlk50AnSpLvn,18-415,50.0,139.0,167.0,,28.0,,https_www_bestbottles_com_product_sleek_design_50_ml_glass_bottle_lavender_vintage_style_bulb_sprayer_shiny_silver_collar_cap.html
GBSlk50AnSpTslLvn,18-415,50.0,139.0,159.0,,28.0,,https_www_bestbottles_com_product_sleek_design_50_ml_glass_bottle_lavender_vintage_style_sprayer_with_tassel_shiny_silver_collar.html
LBSlk50LtnCu,18-415,50.0,139.0,163.0,28.0,28.0,,https_www_bestbottles_com_product_sleek_design_50_ml_glass_bottle_matte_copper_lotion_pump_and_cap.html
GBSlk50SpryCu,18-415,50.0,139.0,164.0,,28.0,,https_www_bestbottles_com_product_sleek_design_50_ml_glass_bottle_matte_copper_spray_and_cap.html
LBSlk50LtnMtGl,18-415,50.0,139.0,163.0,28.0,28.0,,https_www_bestbottles_com_product_sleek_design_50_ml_glass_bottle_matte_gold_lotion_pump_and_cap.html
GBSlk50SpryMtGl,18-415,50.0,139.0,164.0,,28.0,,https_www_bestbottles_com_product_sleek_design_50_ml_glass_bottle_matte_gold_spray_pump_and_cap.html
LBSlk50LtnMtSl,18-415,50.0,139.0,163.0,28.0,28.0,,https_www_bestbottles_com_product_sleek_design_50_ml_glass_bottle_matte_silver_lotion_pump_and_cap.html
GBSlk50SpryMtSl,18-415,50.0,139.0,164.0,,28.0,,https_www_bestbottles_com_product_sleek_design_50_ml_glass_bottle_matte_silver_spray_pump_and_cap.html
GBSlk50AnSpMtSl,18-415,50.0,139.0,167.0,,28.0,,https_www_bestbottles_com_product_sleek_design_50_ml_glass_bottle_matte_silver_vintage_style_sprayer_matte_silver_collar_cap.html
GBSlk50AnSpTslMtSl,18-415,50.0,139.0,159.0,,28.0,,https_www_bestbottles_com_product_sleek_design_50_ml_glass_bottle_matte_silver_vintage_style_sprayer_with_tassel_matte_silver_collar.html
GBSlk50AnSpPnk,18-415,50.0,139.0,167.0,,28.0,,https_www_bestbottles_com_product_sleek_design_50_ml_glass_bottle_pink_vintage_style_bulb_sprayer_shiny_gold_collar_cap.html
GBSlk50AnSpTslPnk,18-415,50.0,139.0,159.0,,28.0,,https_www_bestbottles_com_product_sleek_design_50_ml_glass_bottle_pink_vintage_style_sprayer_with_tassel_shiny_gold_collar.html
GBSlk50AnSpRed,18-415,50.0,139.0,167.0,,28.0,,https_www_bestbottles_com_product_sleek_design_50_ml_glass_bottle_red_vintage_style_bulb_sprayer_shiny_silver_collar_cap.html
GBSlk50AnSpTslRed,18-415,50.0,139.0,159.0,,28.0,,https_www_bestbottles_com_product_sleek_design_50_ml_glass_bottle_red_vintage_style_sprayer_with_tassel_shiny_silver_collar.html
GBSlk50RdcrBlkLthr,18-415,50.0,139.0,153.0,,28.0,,https_www_bestbottles_com_product_sleek_design_50_ml_glass_bottle_reducer_black_faux_leather_cap.html
GBSlk50RdcrShnBlk,18-415,50.0,139.0,143.0,,28.0,,https_www_bestbottles_com_product_sleek_design_50_ml_glass_bottle_reducer_black_shiny_cap.html
GBSlk50RdcrBrwnLthr,18-415,50.0,139.0,153.0,,28.0,,https_www_bestbottles_com_product_sleek_design_50_ml_glass_bottle_reducer_brown_faux_leather_cap.html
GBSlk50RdcrIvyLthr,18-415,50.0,139.0,153.0,,28.0,,https_www_bestbottles_com_product_sleek_design_50_ml_glass_bottle_reducer_ivory_faux_leather_cap.html
GBSlk50RdcrLBrwnLthr,18-415,50.0,139.0,153.0,,28.0,,https_www_bestbottles_com_product_sleek_design_50_ml_glass_bottle_reducer_light_brown_faux_leather_cap.html
GBSlk50RdcrPnkLthr,18-415,50.0,139.0,153.0,,28.0,,https_www_bestbottles_com_product_sleek_design_50_ml_glass_bottle_reducer_pink_faux_leather_cap.html
GBSlk50RdcrShnGl,18-415,50.0,139.0,143.0,,28.0,,https_www_bestbottles_com_product_sleek_design_50_ml_glass_bottle_reducer_shiny_gold_cap.html
GBSlk50RdcrShnSl,18-415,50.0,139.0,143.0,,28.0,,https_www_bestbottles_com_product_sleek_design_50_ml_glass_bottle_reducer_shiny_silver_cap.html
GBSlk50RdcrMtSl,18-415,50.0,139.0,143.0,,28.0,,https_www_bestbottles_com_product_sleek_design_50_ml_glass_bottle_reducer_silver_matte_cap.html
GBSlk50RdcrShnBlkTall,18-415,50.0,139.0,150.0,,28.0,,https_www_bestbottles_com_product_sleek_design_50_ml_glass_bottle_reducer_tall_black_shiny_cap.html
GBSlk50RdcrMtSlTall,18-415,50.0,139.0,150.0,,28.0,,https_www_bestbottles_com_product_sleek_design_50_ml_glass_bottle_reducer_tall_silver_matte_cap.html
GBSlk50RdcrWht,18-415,50.0,139.0,150.0,,28.0,,https_www_bestbottles_com_product_sleek_design_50_ml_glass_bottle_reducer_white_cap.html
LBSlk50LtnShnBlk,18-415,50.0,139.0,163.0,28.0,28.0,,https_www_bestbottles_com_product_sleek_design_50_ml_glass_bottle_shiny_black_lotion_pump_and_cap.html
GBSlk50SpryShnBlk,18-415,50.0,139.0,164.0,,28.0,,https_www_bestbottles_com_product_sleek_design_50_ml_glass_bottle_shiny_black_spray_pump_and_cap.html
LBSlk50LtnShnGl,18-415,50.0,139.0,163.0,28.0,28.0,,https_www_bestbottles_com_product_sleek_design_50_ml_glass_bottle_shiny_gold_lotion_pump_and_cap.html
GBSlk50SpryShnGl,18-415,50.0,139.0,164.0,,28.0,,https_www_bestbottles_com_product_sleek_design_50_ml_glass_bottle_shiny_gold_spray_pump_and_cap.html
LBSlk50LtnShnSl,18-415,50.0,139.0,163.0,28.0,28.0,,https_www_bestbottles_com_product_sleek_design_50_ml_glass_bottle_shiny_silver_lotion_pump_and_cap.html
GBSlk50SpryShnSl,18-415,50.0,139.0,164.0,,28.0,,https_www_bestbottles_com_product_sleek_design_50_ml_glass_bottle_shiny_silver_spray_and_cap.html
LBSlk50WhtRectClOverCap,18-415,50.0,139.0,171.0,28.0,28.0,,https_www_bestbottles_com_product_sleek_design_50_ml_glass_bottle_white_rectangular_clear_over_the_cap.html
GBSlk50AnSpWht,18-415,50.0,139.0,167.0,,28.0,,https_www_bestbottles_com_product_sleek_design_50_ml_glass_bottle_white_vintage_style_bulb_sprayer_shiny_silver_collar_cap.html
GBSlk50AnSpTslWht,18-415,50.0,139.0,159.0,,28.0,,https_www_bestbottles_com_product_sleek_design_50_ml_glass_bottle_white_vintage_style_sprayer_with_tassel_shiny_silver_collar.html
GBSleek5SpryBlkMatt,13-415,5.0,45.0,64.0,,17.0,17.0,https_www_bestbottles_com_product_sleek_design_5_ml_glass_bottle_matte_black_spray.html
GBSleek5SpryBluMatt,13-415,5.0,45.0,64.0,,17.0,17.0,https_www_bestbottles_com_product_sleek_design_5_ml_glass_bottle_matte_blue_spray.html
GBSleek5SpryCuMatt,13-415,5.0,45.0,64.0,,17.0,17.0,https_www_bestbottles_com_product_sleek_design_5_ml_glass_bottle_matte_copper_spray.html
GBSleek5SpryGlMatt,13-415,5.0,45.0,64.0,,17.0,17.0,https_www_bestbottles_com_product_sleek_design_5_ml_glass_bottle_matte_gold_spray.html
GBSleek5SprySlMatt,13-415,5.0,45.0,64.0,,17.0,17.0,https_www_bestbottles_com_product_sleek_design_5_ml_glass_bottle_matte_silver_spray.html
GBSleek5MtlRollBlkSh,13-415,5.0,45.0,57.0,,17.0,17.0,https_www_bestbottles_com_product_sleek_design_5_ml_glass_bottle_metal_roller_ball_plug_black_shiny_cap.html
GBSleek5MtlRollBlkDot,13-415,5.0,45.0,57.0,,17.0,17.0,https_www_bestbottles_com_product_sleek_design_5_ml_glass_bottle_metal_roller_ball_plug_black_shiny_cap_with_dots.html
GBSleek5MtlRollCuMatt,13-415,5.0,45.0,57.0,,17.0,17.0,https_www_bestbottles_com_product_sleek_design_5_ml_glass_bottle_metal_roller_ball_plug_matte_copper_cap.html
GBSleek5MtlRollGlMatt,13-415,5.0,45.0,57.0,,17.0,17.0,https_www_bestbottles_com_product_sleek_design_5_ml_glass_bottle_metal_roller_ball_plug_matte_gold_cap.html
GBSleek5MtlRollSlMatt,13-415,5.0,45.0,57.0,,17.0,17.0,https_www_bestbottles_com_product_sleek_design_5_ml_glass_bottle_metal_roller_ball_plug_matte_silver_cap.html
GBSleek5MtlRollPinkDot,13-415,5.0,45.0,57.0,,17.0,17.0,https_www_bestbottles_com_product_sleek_design_5_ml_glass_bottle_metal_roller_ball_plug_pink_cap_with_dots.html
GBSleek5MtlRollGlSh,13-415,5.0,45.0,57.0,,17.0,17.0,https_www_bestbottles_com_product_sleek_design_5_ml_glass_bottle_metal_roller_ball_plug_shiny_gold_cap.html
GBSleek5MtlRollSlSh,13-415,5.0,45.0,57.0,,17.0,17.0,https_www_bestbottles_com_product_sleek_design_5_ml_glass_bottle_metal_roller_ball_plug_shiny_silver_cap.html
GBSleek5MtlRollSlDot,13-415,5.0,45.0,57.0,,17.0,17.0,https_www_bestbottles_com_product_sleek_design_5_ml_glass_bottle_metal_roller_ball_plug_silver_cap_with_dots.html
GBSleek5RollBlkSh,13-415,5.0,45.0,57.0,,17.0,17.0,https_www_bestbottles_com_product_sleek_design_5_ml_glass_bottle_plastic_roller_ball_plug_black_shiny_cap.html
GBSleek5RollBlkDot,13-415,5.0,45.0,57.0,,17.0,17.0,https_www_bestbottles_com_product_sleek_design_5_ml_glass_bottle_plastic_roller_ball_plug_black_shiny_cap_with_dots.html
GBSleek5RollCuMatt,13-415,5.0,45.0,57.0,,17.0,17.0,https_www_bestbottles_com_product_sleek_design_5_ml_glass_bottle_plastic_roller_ball_plug_matte_copper_cap.html
GBSleek5RollGlMatt,13-415,5.0,45.0,57.0,,17.0,17.0,https_www_bestbottles_com_product_sleek_design_5_ml_glass_bottle_plastic_roller_ball_plug_matte_gold_cap.html
GBSleek5RollSlMatt,13-415,5.0,45.0,57.0,,17.0,17.0,https_www_bestbottles_com_product_sleek_design_5_ml_glass_bottle_plastic_roller_ball_plug_matte_silver_cap.html
GBSleek5RollPinkDot,13-415,5.0,45.0,57.0,,17.0,17.0,https_www_bestbottles_com_product_sleek_design_5_ml_glass_bottle_plastic_roller_ball_plug_pink_cap_with_dots.html
GBSleek5RollGlSh,13-415,5.0,45.0,57.0,,17.0,17.0,https_www_bestbottles_com_product_sleek_design_5_ml_glass_bottle_plastic_roller_ball_plug_shiny_gold_cap.html
GBSleek5RollSlSh,13-415,5.0,45.0,57.0,,17.0,17.0,https_www_bestbottles_com_product_sleek_design_5_ml_glass_bottle_plastic_roller_ball_plug_shiny_silver_cap.html
GBSleek5RollSlDot,13-415,5.0,45.0,57.0,,17.0,17.0,https_www_bestbottles_com_product_sleek_design_5_ml_glass_bottle_plastic_roller_ball_plug_silver_cap_with_dots.html
GBSleek5SpryBlkSh,13-415,5.0,45.0,64.0,,17.0,17.0,https_www_bestbottles_com_product_sleek_design_5_ml_glass_bottle_shiny_black_spray.html
GBSleek5Gl,13-415,5.0,45.0,50.0,,17.0,17.0,https_www_bestbottles_com_product_sleek_design_5_ml_glass_bottle_shiny_gold_cap.html
GBSleek5SpryGlSh,13-415,5.0,45.0,64.0,,17.0,17.0,https_www_bestbottles_com_product_sleek_design_5_ml_glass_bottle_shiny_gold_spray.html
GBSleek5Sl,13-415,5.0,45.0,57.0,,17.0,17.0,https_www_bestbottles_com_product_sleek_design_5_ml_glass_bottle_shiny_silver_cap.html
GBSleek5SprySlSh,13-415,5.0,45.0,64.0,,17.0,17.0,https_www_bestbottles_com_product_sleek_design_5_ml_glass_bottle_shiny_silver_spray.html
GBSleek5BlkSht,13-415,5.0,45.0,47.0,,17.0,17.0,https_www_bestbottles_com_product_sleek_design_5_ml_glass_bottle_short_black_cap.html
GBSleek5WhtSht,13-415,5.0,45.0,56.0,,17.0,17.0,https_www_bestbottles_com_product_sleek_design_5_ml_glass_bottle_short_white_cap.html
GBSleek8SpryBlkMatt,13-415,8.0,66.0,86.0,,17.0,17.0,https_www_bestbottles_com_product_sleek_design_8_ml_glass_bottle_matte_black_spray.html
GBSleek8SpryBluMatt,13-415,8.0,66.0,86.0,,17.0,17.0,https_www_bestbottles_com_product_sleek_design_8_ml_glass_bottle_matte_blue_spray.html
GBSleek8SpryCuMatt,13-415,8.0,66.0,86.0,,17.0,17.0,https_www_bestbottles_com_product_sleek_design_8_ml_glass_bottle_matte_copper_spray.html
GBSleek8SpryGlMatt,13-415,8.0,66.0,86.0,,17.0,17.0,https_www_bestbottles_com_product_sleek_design_8_ml_glass_bottle_matte_gold_spray.html
GBSleek8SprySlMatt,13-415,8.0,66.0,86.0,,17.0,17.0,https_www_bestbottles_com_product_sleek_design_8_ml_glass_bottle_matte_silver_spray.html
GBSleek8MtlRollBlkSh,13-415,8.0,66.0,78.0,,17.0,17.0,https_www_bestbottles_com_product_sleek_design_8_ml_glass_bottle_metal_roller_ball_plug_black_shiny_cap.html
GBSleek8MtlRollBlkDot,13-415,8.0,66.0,78.0,,17.0,17.0,https_www_bestbottles_com_product_sleek_design_8_ml_glass_bottle_metal_roller_ball_plug_black_shiny_cap_with_dots.html
GBSleek8MtlRollCuMatt,13-415,8.0,66.0,78.0,,17.0,17.0,https_www_bestbottles_com_product_sleek_design_8_ml_glass_bottle_metal_roller_ball_plug_matte_copper_cap.html
GBSleek8MtlRollGlMatt,13-415,8.0,66.0,78.0,,17.0,17.0,https_www_bestbottles_com_product_sleek_design_8_ml_glass_bottle_metal_roller_ball_plug_matte_gold_cap.html
GBSleek8MtlRollSlMatt,13-415,8.0,66.0,78.0,,17.0,17.0,https_www_bestbottles_com_product_sleek_design_8_ml_glass_bottle_metal_roller_ball_plug_matte_silver_cap.html
GBSleek8MtlRollPinkDot,13-415,8.0,66.0,78.0,,17.0,17.0,https_www_bestbottles_com_product_sleek_design_8_ml_glass_bottle_metal_roller_ball_plug_pink_cap_with_dots.html
GBSleek8MtlRollGlSh,13-415,8.0,66.0,78.0,,17.0,17.0,https_www_bestbottles_com_product_sleek_design_8_ml_glass_bottle_metal_roller_ball_plug_shiny_gold_cap.html
GBSleek8MtlRollSlSh,13-415,8.0,66.0,78.0,,17.0,17.0,https_www_bestbottles_com_product_sleek_design_8_ml_glass_bottle_metal_roller_ball_plug_shiny_silver_cap.html
GBSleek8MtlRollSlDot,13-415,8.0,66.0,78.0,,17.0,17.0,https_www_bestbottles_com_product_sleek_design_8_ml_glass_bottle_metal_roller_ball_plug_silver_cap_with_dots.html
GBSleek8RollBlkSh,13-415,8.0,66.0,78.0,,17.0,17.0,https_www_bestbottles_com_product_sleek_design_8_ml_glass_bottle_plastic_roller_ball_plug_black_shiny_cap.html
GBSleek8RollBlkDot,13-415,8.0,66.0,78.0,,17.0,17.0,https_www_bestbottles_com_product_sleek_design_8_ml_glass_bottle_plastic_roller_ball_plug_black_shiny_cap_with_dots.html
GBSleek8RollCuMatt,13-415,8.0,66.0,78.0,,17.0,17.0,https_www_bestbottles_com_product_sleek_design_8_ml_glass_bottle_plastic_roller_ball_plug_matte_copper_cap.html
GBSleek8RollGlMatt,13-415,8.0,66.0,78.0,,17.0,17.0,https_www_bestbottles_com_product_sleek_design_8_ml_glass_bottle_plastic_roller_ball_plug_matte_gold_cap.html
GBSleek8RollSlMatt,13-415,8.0,66.0,78.0,,17.0,17.0,https_www_bestbottles_com_product_sleek_design_8_ml_glass_bottle_plastic_roller_ball_plug_matte_silver_cap.html
GBSleek8RollPinkDot,13-415,8.0,66.0,78.0,,17.0,17.0,https_www_bestbottles_com_product_sleek_design_8_ml_glass_bottle_plastic_roller_ball_plug_pink_cap_with_dots.html
GBSleek8RollGlSh,13-415,8.0,66.0,78.0,,17.0,17.0,https_www_bestbottles_com_product_sleek_design_8_ml_glass_bottle_plastic_roller_ball_plug_shiny_gold_cap.html
GBSleek8RollSlSh,13-415,8.0,66.0,78.0,,17.0,17.0,https_www_bestbottles_com_product_sleek_design_8_ml_glass_bottle_plastic_roller_ball_plug_shiny_silver_cap.html
GBSleek8RollSlDot,13-415,8.0,66.0,78.0,,17.0,17.0,https_www_bestbottles_com_product_sleek_design_8_ml_glass_bottle_plastic_roller_ball_plug_silver_cap_with_dots.html
GBSleek8SpryBlkSh,13-415,8.0,66.0,86.0,,17.0,17.0,https_www_bestbottles_com_product_sleek_design_8_ml_glass_bottle_shiny_black_spray.html
GBSleek8Gl,13-415,8.0,66.0,78.0,,17.0,17.0,https_www_bestbottles_com_product_sleek_design_8_ml_glass_bottle_shiny_gold_cap.html
GBSleek8SpryGlSh,13-415,8.0,66.0,86.0,,17.0,17.0,https_www_bestbottles_com_product_sleek_design_8_ml_glass_bottle_shiny_gold_spray.html
GBSleek8Sl,13-415,8.0,66.0,78.0,,17.0,17.0,https_www_bestbottles_com_product_sleek_design_8_ml_glass_bottle_shiny_silver_cap.html
GBSleek8SprySlSh,13-415,8.0,66.0,86.0,,17.0,17.0,https_www_bestbottles_com_product_sleek_design_8_ml_glass_bottle_shiny_silver_spray.html
GBSleek8BlkSht,13-415,8.0,66.0,68.0,,17.0,17.0,https_www_bestbottles_com_product_sleek_design_8_ml_glass_bottle_short_black_cap.html
GBSleek8WhtSht,13-415,8.0,66.0,68.0,,17.0,17.0,https_www_bestbottles_com_product_sleek_design_8_ml_glass_bottle_short_white_cap.html
GBSlm100AnSpBlk,18-415,100.0,154.0,197.0,37.0,37.0,,https_www_bestbottles_com_product_slim_design_100_ml_glass_bottle_black_vintage_style_bulb_sprayer_shiny_silver_collar_cap.html
GBSlm100AnSpTslBlk,18-415,100.0,154.0,175.0,37.0,37.0,,https_www_bestbottles_com_product_slim_design_100_ml_glass_bottle_black_vintage_style_sprayer_with_tassel_shiny_silver_collar.html
LBSlm100MtSlClOvrCap,18-415,100.0,154.0,187.0,,37.0,37.0,https_www_bestbottles_com_product_slim_design_100_ml_glass_bottle_clear_over_the_cap_lotion_pump_matte_silver_collar_cap.html
GBSlm100AnSpGl,18-415,100.0,154.0,197.0,37.0,37.0,,https_www_bestbottles_com_product_slim_design_100_ml_glass_bottle_gold_vintage_style_sprayer_shiny_gold_collar_cap.html
GBSlm100AnSpTslGl,18-415,100.0,154.0,175.0,37.0,37.0,,https_www_bestbottles_com_product_slim_design_100_ml_glass_bottle_gold_vintage_style_sprayer_with_tassel_shiny_gold_collar.html
GBSlm100AnSpIvyGl,18-415,100.0,154.0,197.0,37.0,37.0,,https_www_bestbottles_com_product_slim_design_100_ml_glass_bottle_ivory_vintage_style_bulb_sprayer_shiny_gold_collar_cap.html
GBSlm100AnSpIvySl,18-415,100.0,154.0,197.0,37.0,37.0,,https_www_bestbottles_com_product_slim_design_100_ml_glass_bottle_ivory_vintage_style_bulb_sprayer_shiny_silver_collar_cap.html
GBSlm100AnSpTslIvyGl,18-415,100.0,154.0,175.0,37.0,37.0,,https_www_bestbottles_com_product_slim_design_100_ml_glass_bottle_ivory_vintage_style_sprayer_with_tassel_shiny_gold_collar.html
GBSlm100AnSpTslIvySl,18-415,100.0,154.0,175.0,37.0,37.0,,https_www_bestbottles_com_product_slim_design_100_ml_glass_bottle_ivory_vintage_style_sprayer_with_tassel_shiny_silver_collar.html
GBSlm100AnSpLvn,18-415,100.0,154.0,197.0,37.0,37.0,,https_www_bestbottles_com_product_slim_design_100_ml_glass_bottle_lavender_vintage_style_bulb_sprayer_shiny_silver_collar_cap.html
GBSlm100AnSpTslLvn,18-415,100.0,154.0,175.0,37.0,37.0,,https_www_bestbottles_com_product_slim_design_100_ml_glass_bottle_lavender_vintage_style_sprayer_with_tassel_shiny_silver_collar.html
LBSlm100LtnCu,18-415,100.0,154.0,180.0,,37.0,37.0,https_www_bestbottles_com_product_slim_design_100_ml_glass_bottle_matte_copper_lotion_pump_and_cap.html
GBSlm100SpryCu,18-415,100.0,154.0,180.0,37.0,37.0,,https_www_bestbottles_com_product_slim_design_100_ml_glass_bottle_matte_copper_spray_and_cap.html
LBSlm100LtnMtGl,18-415,100.0,154.0,180.0,,37.0,37.0,https_www_bestbottles_com_product_slim_design_100_ml_glass_bottle_matte_gold_lotion_pump_and_cap.html
GBSlm100SpryMtGl,18-415,100.0,154.0,180.0,37.0,37.0,,https_www_bestbottles_com_product_slim_design_100_ml_glass_bottle_matte_gold_spray_pump_and_cap.html
LBSlm100LtnMtSl,18-415,100.0,154.0,180.0,,37.0,37.0,https_www_bestbottles_com_product_slim_design_100_ml_glass_bottle_matte_silver_lotion_pump_and_cap.html
GBSlm100SpryMtSl,18-415,100.0,154.0,180.0,37.0,37.0,,https_www_bestbottles_com_product_slim_design_100_ml_glass_bottle_matte_silver_spray_pump_and_cap.html
GBSlm100AnSpMtSl,18-415,100.0,154.0,197.0,37.0,37.0,,https_www_bestbottles_com_product_slim_design_100_ml_glass_bottle_matte_silver_vintage_style_sprayer_matte_silver_collar_cap.html
GBSlm100AnSpTslMtSl,18-415,100.0,154.0,175.0,37.0,37.0,,https_www_bestbottles_com_product_slim_design_100_ml_glass_bottle_matte_silver_vintage_style_sprayer_with_tassel_matte_silver_collar.html
GBSlm100AnSpPnk,18-415,100.0,154.0,197.0,37.0,37.0,,https_www_bestbottles_com_product_slim_design_100_ml_glass_bottle_pink_vintage_style_bulb_sprayer_shiny_gold_collar_cap.html
GBSlm100AnSpTslPnk,18-415,100.0,154.0,175.0,37.0,37.0,,https_www_bestbottles_com_product_slim_design_100_ml_glass_bottle_pink_vintage_style_sprayer_with_tassel_shiny_gold_collar.html
GBSlm100AnSpRed,18-415,100.0,154.0,197.0,37.0,37.0,,https_www_bestbottles_com_product_slim_design_100_ml_glass_bottle_red_vintage_style_bulb_sprayer_shiny_silver_collar_cap.html
GBSlm100AnSpTslRed,18-415,100.0,154.0,175.0,37.0,37.0,,https_www_bestbottles_com_product_slim_design_100_ml_glass_bottle_red_vintage_style_sprayer_with_tassel_shiny_silver_collar.html
GBSlm100RdcrBlkLthr,18-415,100.0,154.0,184.0,37.0,37.0,,https_www_bestbottles_com_product_slim_design_100_ml_glass_bottle_reducer_black_faux_leather_cap.html
GBSlm100RdcrShnBlk,18-415,100.0,154.0,158.0,37.0,37.0,,https_www_bestbottles_com_product_slim_design_100_ml_glass_bottle_reducer_black_shiny_cap.html
GBSlm100RdcrBrwnLthr,18-415,100.0,154.0,184.0,37.0,37.0,,https_www_bestbottles_com_product_slim_design_100_ml_glass_bottle_reducer_brown_faux_leather_cap.html
GBSlm100RdcrIvyLthr,18-415,100.0,154.0,184.0,37.0,37.0,,https_www_bestbottles_com_product_slim_design_100_ml_glass_bottle_reducer_ivory_faux_leather_cap.html
GBSlm100RdcrLBrwnLthr,18-415,100.0,154.0,184.0,37.0,37.0,,https_www_bestbottles_com_product_slim_design_100_ml_glass_bottle_reducer_light_brown_faux_leather_cap.html
GBSlm100RdcrPnkLthr,18-415,100.0,154.0,184.0,37.0,37.0,,https_www_bestbottles_com_product_slim_design_100_ml_glass_bottle_reducer_pink_faux_leather_cap.html
GBSlm100RdcrShnGl,18-415,100.0,154.0,165.0,37.0,37.0,,https_www_bestbottles_com_product_slim_design_100_ml_glass_bottle_reducer_shiny_gold_cap.html
GBSlm100RdcrShnSl,18-415,100.0,154.0,158.0,37.0,37.0,,https_www_bestbottles_com_product_slim_design_100_ml_glass_bottle_reducer_shiny_silver_cap.html
GBSlm100RdcrMtSl,18-415,100.0,154.0,158.0,37.0,37.0,,https_www_bestbottles_com_product_slim_design_100_ml_glass_bottle_reducer_silver_matte_cap.html
GBSlm100RdcrShnBlkTall,18-415,100.0,154.0,165.0,37.0,37.0,,https_www_bestbottles_com_product_slim_design_100_ml_glass_bottle_reducer_tall_black_shiny_cap.html
GBSlm100RdcrMtSlTall,18-415,100.0,154.0,165.0,37.0,37.0,,https_www_bestbottles_com_product_slim_design_100_ml_glass_bottle_reducer_tall_silver_matte_cap.html
GBSlm100RdcrWht,18-415,100.0,154.0,165.0,37.0,37.0,,https_www_bestbottles_com_product_slim_design_100_ml_glass_bottle_reducer_white_cap.html
LBSlm100LtnShnBlk,18-415,100.0,154.0,180.0,,37.0,37.0,https_www_bestbottles_com_product_slim_design_100_ml_glass_bottle_shiny_black_lotion_pump_and_cap.html
GBSlm100SpryShnBlk,18-415,100.0,154.0,180.0,37.0,37.0,,https_www_bestbottles_com_product_slim_design_100_ml_glass_bottle_shiny_black_spray_pump_and_cap.html
LBSlm100LtnShnGl,18-415,100.0,154.0,180.0,,37.0,37.0,https_www_bestbottles_com_product_slim_design_100_ml_glass_bottle_shiny_gold_lotion_pump_and_cap.html
GBSlm100SpryShnGl,18-415,100.0,154.0,180.0,37.0,37.0,,https_www_bestbottles_com_product_slim_design_100_ml_glass_bottle_shiny_gold_spray_pump_and_cap.html
LBSlm100LtnShnSl,18-415,100.0,154.0,180.0,,37.0,37.0,https_www_bestbottles_com_product_slim_design_100_ml_glass_bottle_shiny_silver_lotion_pump_and_cap.html
GBSlm100SpryShnSl,18-415,100.0,154.0,180.0,37.0,37.0,,https_www_bestbottles_com_product_slim_design_100_ml_glass_bottle_shiny_silver_spray_and_cap.html
GBSlm100AnSpWht,18-415,100.0,154.0,197.0,37.0,37.0,,https_www_bestbottles_com_product_slim_design_100_ml_glass_bottle_white_vintage_style_bulb_sprayer_shiny_silver_collar_cap.html
GBSlm100AnSpTslWht,18-415,100.0,154.0,175.0,37.0,37.0,,https_www_bestbottles_com_product_slim_design_100_ml_glass_bottle_white_vintage_style_sprayer_with_tassel_shiny_silver_collar.html
GBSlm30AnSpBlk,18-415,30.0,87.0,115.0,30.0,30.0,,https_www_bestbottles_com_product_slim_design_30_ml_glass_bottle_black_vintage_style_bulb_sprayer_shiny_silver_collar_cap.html
LBSlm30LtnClOvrCap,18-415,30.0,87.0,113.0,,30.0,30.0,https_www_bestbottles_com_product_slim_design_30_ml_glass_bottle_clear_over_the_cap_lotion_pump_matte_silver_collar_cap.html
GBSlm30AnSpGl,18-415,30.0,87.0,115.0,30.0,30.0,,https_www_bestbottles_com_product_slim_design_30_ml_glass_bottle_gold_vintage_style_sprayer_shiny_gold_collar_cap.html
GBSlm30AnSpIvyGl,18-415,30.0,87.0,115.0,30.0,30.0,,https_www_bestbottles_com_product_slim_design_30_ml_glass_bottle_ivory_vintage_style_bulb_sprayer_shiny_gold_collar_cap.html
GBSlm30AnSpIvySl,18-415,30.0,87.0,115.0,30.0,30.0,,https_www_bestbottles_com_product_slim_design_30_ml_glass_bottle_ivory_vintage_style_bulb_sprayer_shiny_silver_collar_cap.html
GBSlm30AnSpLvn,18-415,30.0,87.0,115.0,30.0,30.0,,https_www_bestbottles_com_product_slim_design_30_ml_glass_bottle_lavender_vintage_style_bulb_sprayer_shiny_silver_collar_cap.html
LBSlm30LtnCu,18-415,30.0,87.0,112.0,,30.0,30.0,https_www_bestbottles_com_product_slim_design_30_ml_glass_bottle_matte_copper_lotion_pump_and_cap.html
GBSlm30SpryCu,18-415,30.0,87.0,112.0,30.0,30.0,,https_www_bestbottles_com_product_slim_design_30_ml_glass_bottle_matte_copper_spray_and_cap.html
LBSlm30LtnMtGl,18-415,30.0,87.0,112.0,,30.0,30.0,https_www_bestbottles_com_product_slim_design_30_ml_glass_bottle_matte_gold_lotion_pump_and_cap.html
GBSlm30SpryMtGl,18-415,30.0,87.0,112.0,30.0,30.0,,https_www_bestbottles_com_product_slim_design_30_ml_glass_bottle_matte_gold_spray_pump_and_cap.html
LBSlm30LtnMtSl,18-415,30.0,87.0,112.0,,30.0,30.0,https_www_bestbottles_com_product_slim_design_30_ml_glass_bottle_matte_silver_lotion_pump_and_cap.html
GBSlm30SpryMtSl,18-415,30.0,87.0,112.0,30.0,30.0,,https_www_bestbottles_com_product_slim_design_30_ml_glass_bottle_matte_silver_spray_pump_and_cap.html
GBSlm30AnSpMtSl,18-415,30.0,87.0,115.0,30.0,30.0,,https_www_bestbottles_com_product_slim_design_30_ml_glass_bottle_matte_silver_vintage_style_sprayer_matte_silver_collar_cap.html
GBSlm30AnSpPnk,18-415,30.0,87.0,115.0,30.0,30.0,,https_www_bestbottles_com_product_slim_design_30_ml_glass_bottle_pink_vintage_style_bulb_sprayer_shiny_gold_collar_cap.html
GBSlm30AnSpRed,18-415,30.0,87.0,115.0,30.0,30.0,,https_www_bestbottles_com_product_slim_design_30_ml_glass_bottle_red_vintage_style_bulb_sprayer_shiny_silver_collar_cap.html
GBSlm30RdcrBlkLthr,18-415,30.0,87.0,101.0,30.0,30.0,,https_www_bestbottles_com_product_slim_design_30_ml_glass_bottle_reducer_black_faux_leather_cap.html
GBSlm30RdcrShnBlk,18-415,30.0,87.0,91.0,30.0,30.0,,https_www_bestbottles_com_product_slim_design_30_ml_glass_bottle_reducer_black_shiny_cap.html
GBSlm30RdcrBrwnLthr,18-415,30.0,87.0,101.0,30.0,30.0,,https_www_bestbottles_com_product_slim_design_30_ml_glass_bottle_reducer_brown_faux_leather_cap.html
GBSlm30RdcrIvyLthr,18-415,30.0,87.0,101.0,30.0,30.0,,https_www_bestbottles_com_product_slim_design_30_ml_glass_bottle_reducer_ivory_faux_leather_cap.html
GBSlm30RdcrLBrwnLthr,18-415,30.0,87.0,101.0,30.0,30.0,,https_www_bestbottles_com_product_slim_design_30_ml_glass_bottle_reducer_light_brown_faux_leather_cap.html
GBSlm30RdcrPnkLthr,18-415,30.0,87.0,101.0,30.0,30.0,,https_www_bestbottles_com_product_slim_design_30_ml_glass_bottle_reducer_pink_faux_leather_cap.html
GBSlm30RdcrShnGl,18-415,30.0,87.0,91.0,30.0,30.0,,https_www_bestbottles_com_product_slim_design_30_ml_glass_bottle_reducer_shiny_gold_cap.html
GBSlm30RdcrShnSl,18-415,30.0,87.0,91.0,30.0,30.0,,https_www_bestbottles_com_product_slim_design_30_ml_glass_bottle_reducer_shiny_silver_cap.html
GBSlm30RdcrMtSl,18-415,30.0,87.0,91.0,30.0,30.0,,https_www_bestbottles_com_product_slim_design_30_ml_glass_bottle_reducer_silver_matte_cap.html
GBSlm30RdcrShnBlkTall,18-415,30.0,87.0,98.0,30.0,30.0,,https_www_bestbottles_com_product_slim_design_30_ml_glass_bottle_reducer_tall_black_shiny_cap.html
GBSlm30RdcrMtSlTall,18-415,30.0,87.0,98.0,30.0,30.0,,https_www_bestbottles_com_product_slim_design_30_ml_glass_bottle_reducer_tall_silver_matte_cap.html
GBSlm30RdcrWht,18-415,30.0,87.0,98.0,30.0,30.0,,https_www_bestbottles_com_product_slim_design_30_ml_glass_bottle_reducer_white_cap.html
LBSlm30LtnShnBlk,18-415,30.0,87.0,112.0,,30.0,30.0,https_www_bestbottles_com_product_slim_design_30_ml_glass_bottle_shiny_black_lotion_pump_and_cap.html
GBSlm30SpryShnBlk,18-415,30.0,87.0,112.0,30.0,30.0,,https_www_bestbottles_com_product_slim_design_30_ml_glass_bottle_shiny_black_spray_pump_and_cap.html
LBSlm30LtnShnGl,18-415,30.0,87.0,112.0,,30.0,30.0,https_www_bestbottles_com_product_slim_design_30_ml_glass_bottle_shiny_gold_lotion_pump_and_cap.html
GBSlm30SpryShnGl,18-415,30.0,87.0,112.0,30.0,30.0,,https_www_bestbottles_com_product_slim_design_30_ml_glass_bottle_shiny_gold_spray_pump_and_cap.html
LBSlm30LtnShnSl,18-415,30.0,87.0,112.0,,30.0,30.0,https_www_bestbottles_com_product_slim_design_30_ml_glass_bottle_shiny_silver_lotion_pump_and_cap.html
GBSlm30SpryShnSl,18-415,30.0,87.0,112.0,30.0,30.0,,https_www_bestbottles_com_product_slim_design_30_ml_glass_bottle_shiny_silver_spray_and_cap.html
GBSlm30DrpCu,18-415,30.0,87.0,109.0,30.0,30.0,,https_www_bestbottles_com_product_slim_design_30_ml_glass_bottle_white_dropper_shiny_copper_collar_cap.html
GBSlm30DrpGl,18-415,30.0,87.0,109.0,30.0,30.0,,https_www_bestbottles_com_product_slim_design_30_ml_glass_bottle_white_dropper_shiny_gold_collar_cap.html
GBSlm30DrpSl,18-415,30.0,87.0,109.0,30.0,30.0,,https_www_bestbottles_com_product_slim_design_30_ml_glass_bottle_white_dropper_shiny_silver_collar_cap.html
GBSlm30AnSpWht,18-415,30.0,87.0,115.0,30.0,30.0,,https_www_bestbottles_com_product_slim_design_30_ml_glass_bottle_white_vintage_style_bulb_sprayer_shiny_silver_collar_cap.html
GBSlm50AnSpBlk,18-415,50.0,121.0,147.0,31.0,31.0,,https_www_bestbottles_com_product_slim_design_50_ml_glass_bottle_black_vintage_style_bulb_sprayer_shiny_silver_collar_cap.html
GBSlm50AnSpTslBlk,18-415,50.0,121.0,143.0,31.0,31.0,,https_www_bestbottles_com_product_slim_design_50_ml_glass_bottle_black_vintage_style_sprayer_with_tassel_shiny_silver_collar.html
LBSlm50LtnClOvrCap,18-415,50.0,121.0,113.0,,31.0,31.0,https_www_bestbottles_com_product_slim_design_50_ml_glass_bottle_clear_over_the_cap_lotion_pump_matte_silver_collar_cap.html
GBSlm50AnSpGl,18-415,50.0,121.0,147.0,31.0,31.0,,https_www_bestbottles_com_product_slim_design_50_ml_glass_bottle_gold_vintage_style_sprayer_shiny_gold_collar_cap.html
GBSlm50AnSpTslGl,18-415,50.0,121.0,143.0,31.0,31.0,,https_www_bestbottles_com_product_slim_design_50_ml_glass_bottle_gold_vintage_style_sprayer_with_tassel_shiny_gold_collar.html
GBSlm50AnSpIvyGl,18-415,50.0,121.0,147.0,31.0,31.0,,https_www_bestbottles_com_product_slim_design_50_ml_glass_bottle_ivory_vintage_style_bulb_sprayer_shiny_gold_collar_cap.html
GBSlm50AnSpIvySl,18-415,50.0,121.0,147.0,31.0,31.0,,https_www_bestbottles_com_product_slim_design_50_ml_glass_bottle_ivory_vintage_style_bulb_sprayer_shiny_silver_collar_cap.html
GBSlm50AnSpTslIvyGl,18-415,50.0,121.0,143.0,31.0,31.0,,https_www_bestbottles_com_product_slim_design_50_ml_glass_bottle_ivory_vintage_style_sprayer_with_tassel_shiny_gold_collar.html
GBSlm50AnSpTslIvySl,18-415,50.0,121.0,143.0,31.0,31.0,,https_www_bestbottles_com_product_slim_design_50_ml_glass_bottle_ivory_vintage_style_sprayer_with_tassel_shiny_silver_collar.html
GBSlm50AnSpLvn,18-415,50.0,121.0,147.0,31.0,31.0,,https_www_bestbottles_com_product_slim_design_50_ml_glass_bottle_lavender_vintage_style_bulb_sprayer_shiny_silver_collar_cap.html
GBSlm50AnSpTslLvn,18-415,50.0,121.0,143.0,31.0,31.0,,https_www_bestbottles_com_product_slim_design_50_ml_glass_bottle_lavender_vintage_style_sprayer_with_tassel_shiny_silver_collar.html
LBSlm50LtnCu,18-415,50.0,121.0,112.0,,31.0,31.0,https_www_bestbottles_com_product_slim_design_50_ml_glass_bottle_matte_copper_lotion_pump_and_cap.html
GBSlm50SpryCu,18-415,50.0,121.0,146.0,31.0,31.0,,https_www_bestbottles_com_product_slim_design_50_ml_glass_bottle_matte_copper_spray_and_cap.html
LBSlm50LtnMtGl,18-415,50.0,121.0,112.0,,31.0,31.0,https_www_bestbottles_com_product_slim_design_50_ml_glass_bottle_matte_gold_lotion_pump_and_cap.html
GBSlm50SpryMtGl,18-415,50.0,121.0,146.0,31.0,31.0,,https_www_bestbottles_com_product_slim_design_50_ml_glass_bottle_matte_gold_spray_pump_and_cap.html
LBSlm50LtnMtSl,18-415,50.0,121.0,112.0,,31.0,31.0,https_www_bestbottles_com_product_slim_design_50_ml_glass_bottle_matte_silver_lotion_pump_and_cap.html
GBSlm50SpryMtSl,18-415,50.0,121.0,146.0,31.0,31.0,,https_www_bestbottles_com_product_slim_design_50_ml_glass_bottle_matte_silver_spray_pump_and_cap.html
GBSlm50AnSpMtSl,18-415,50.0,121.0,147.0,31.0,31.0,,https_www_bestbottles_com_product_slim_design_50_ml_glass_bottle_matte_silver_vintage_style_sprayer_matte_silver_collar_cap.html
GBSlm50AnSpTslMtSl,18-415,50.0,121.0,143.0,31.0,31.0,,https_www_bestbottles_com_product_slim_design_50_ml_glass_bottle_matte_silver_vintage_style_sprayer_with_tassel_matte_silver_collar.html
GBSlm50AnSpPnk,18-415,50.0,121.0,147.0,31.0,31.0,,https_www_bestbottles_com_product_slim_design_50_ml_glass_bottle_pink_vintage_style_bulb_sprayer_shiny_gold_collar_cap.html
GBSlm50AnSpTslPnk,18-415,50.0,121.0,143.0,31.0,31.0,,https_www_bestbottles_com_product_slim_design_50_ml_glass_bottle_pink_vintage_style_sprayer_with_tassel_shiny_gold_collar.html
GBSlm50AnSpRed,18-415,50.0,121.0,147.0,31.0,31.0,,https_www_bestbottles_com_product_slim_design_50_ml_glass_bottle_red_vintage_style_bulb_sprayer_shiny_silver_collar_cap.html
GBSlm50AnSpTslRed,18-415,50.0,121.0,143.0,31.0,31.0,,https_www_bestbottles_com_product_slim_design_50_ml_glass_bottle_red_vintage_style_sprayer_with_tassel_shiny_silver_collar.html
GBSlm50RdcrBlkLthr,18-415,50.0,121.0,135.0,31.0,31.0,,https_www_bestbottles_com_product_slim_design_50_ml_glass_bottle_reducer_black_faux_leather_cap.html
GBSlm50RdcrShnBlk,18-415,50.0,121.0,125.0,31.0,31.0,,https_www_bestbottles_com_product_slim_design_50_ml_glass_bottle_reducer_black_shiny_cap.html
GBSlm50RdcrBrwnLthr,18-415,50.0,121.0,135.0,31.0,31.0,,https_www_bestbottles_com_product_slim_design_50_ml_glass_bottle_reducer_brown_faux_leather_cap.html
GBSlm50RdcrIvyLthr,18-415,50.0,121.0,135.0,31.0,31.0,,https_www_bestbottles_com_product_slim_design_50_ml_glass_bottle_reducer_ivory_faux_leather_cap.html
GBSlm50RdcrLBrwnLthr,18-415,50.0,121.0,135.0,31.0,31.0,,https_www_bestbottles_com_product_slim_design_50_ml_glass_bottle_reducer_light_brown_faux_leather_cap.html
GBSlm50RdcrPnkLthr,18-415,50.0,121.0,135.0,31.0,31.0,,https_www_bestbottles_com_product_slim_design_50_ml_glass_bottle_reducer_pink_faux_leather_cap.html
GBSlm50RdcrShnGl,18-415,50.0,121.0,125.0,31.0,31.0,,https_www_bestbottles_com_product_slim_design_50_ml_glass_bottle_reducer_shiny_gold_cap.html
GBSlm50RdcrShnSl,18-415,50.0,121.0,125.0,31.0,31.0,,https_www_bestbottles_com_product_slim_design_50_ml_glass_bottle_reducer_shiny_silver_cap.html
GBSlm50RdcrMtSl,18-415,50.0,121.0,125.0,31.0,31.0,,https_www_bestbottles_com_product_slim_design_50_ml_glass_bottle_reducer_silver_matte_cap.html
GBSlm50RdcrShnBlkTall,18-415,50.0,121.0,132.0,31.0,31.0,,https_www_bestbottles_com_product_slim_design_50_ml_glass_bottle_reducer_tall_black_shiny_cap.html
GBSlm50RdcrMtSlTall,18-415,50.0,121.0,132.0,31.0,31.0,,https_www_bestbottles_com_product_slim_design_50_ml_glass_bottle_reducer_tall_silver_matte_cap.html
GBSlm50RdcrWht,18-415,50.0,121.0,132.0,31.0,31.0,,https_www_bestbottles_com_product_slim_design_50_ml_glass_bottle_reducer_white_cap.html
LBSlm50LtnShnBlk,18-415,50.0,121.0,112.0,,31.0,31.0,https_www_bestbottles_com_product_slim_design_50_ml_glass_bottle_shiny_black_lotion_pump_and_cap.html
GBSlm50SpryShnBlk,18-415,50.0,121.0,146.0,31.0,31.0,,https_www_bestbottles_com_product_slim_design_50_ml_glass_bottle_shiny_black_spray_pump_and_cap.html
LBSlm50LtnShnGl,18-415,50.0,121.0,112.0,,31.0,31.0,https_www_bestbottles_com_product_slim_design_50_ml_glass_bottle_shiny_gold_lotion_pump_and_cap.html
GBSlm50SpryShnGl,18-415,50.0,121.0,146.0,31.0,31.0,,https_www_bestbottles_com_product_slim_design_50_ml_glass_bottle_shiny_gold_spray_pump_and_cap.html
LBSlm50LtnShnSl,18-415,50.0,121.0,112.0,,31.0,31.0,https_www_bestbottles_com_product_slim_design_50_ml_glass_bottle_shiny_silver_lotion_pump_and_cap.html
GBSlm50SpryShnSl,18-415,50.0,121.0,146.0,31.0,31.0,,https_www_bestbottles_com_product_slim_design_50_ml_glass_bottle_shiny_silver_spray_and_cap.html
GBSlm50AnSpWht,18-415,50.0,121.0,147.0,31.0,31.0,,https_www_bestbottles_com_product_slim_design_50_ml_glass_bottle_white_vintage_style_bulb_sprayer_shiny_silver_collar_cap.html
GBSlm50AnSpTslWht,18-415,50.0,121.0,143.0,31.0,31.0,,https_www_bestbottles_com_product_slim_design_50_ml_glass_bottle_white_vintage_style_sprayer_with_tassel_shiny_silver_collar.html
Spry17-415Blk,17-415,0.0,,31.0,19.0,,,https_www_bestbottles_com_product_spray_top_black_trim_color_17_415.html
CP13-415SpryCuMt,13-415,0.0,,32.0,17.0,,,https_www_bestbottles_com_product_spray_top_copper_13_415.html
Spry18-415Cu,18-415,0.0,,41.0,23.0,,,https_www_bestbottles_com_product_spray_top_copper_color_18_415.html
Spry17-415Gl,17-415,0.0,,31.0,19.0,,,https_www_bestbottles_com_product_spray_top_gold_color_17_415.html
CP13-415SpryBlkMt,13-415,0.0,,32.0,17.0,,,https_www_bestbottles_com_product_spray_top_matte_black_13_415.html
CP13-415SpryBluMt,13-415,0.0,,32.0,17.0,,,https_www_bestbottles_com_product_spray_top_matte_blue_13_415.html
CP13-415SpryGlMt,13-415,0.0,,32.0,17.0,,,https_www_bestbottles_com_product_spray_top_matte_gold_13_415.html
Spry15-415MattGl,15-415,0.0,,41.0,20.0,,,https_www_bestbottles_com_product_spray_top_matte_gold_color_15_415.html
Spry18-415MtGl,18-415,0.0,,41.0,23.0,,,https_www_bestbottles_com_product_spray_top_matte_gold_color_18_415.html
CP13-415SprySlMt,13-415,0.0,,32.0,17.0,,,https_www_bestbottles_com_product_spray_top_matte_silver_13_415.html
Spry15-415MattSl,15-415,0.0,,41.0,20.0,,,https_www_bestbottles_com_product_spray_top_matte_silver_color_15_415.html
Spry17-415MattSl,17-415,0.0,,31.0,19.0,,,https_www_bestbottles_com_product_spray_top_matte_silver_color_17_415.html
Spry18-415MtSl,18-415,0.0,,41.0,23.0,,,https_www_bestbottles_com_product_spray_top_matte_silver_color_18_415.html
Spry17-415Red,17-415,0.0,,31.0,19.0,,,https_www_bestbottles_com_product_spray_top_red_color_17_415.html
CP13-415SpryBlkSh,13-415,0.0,,32.0,17.0,,,https_www_bestbottles_com_product_spray_top_shiny_black_13_415.html
Spry15-415Blk,15-415,0.0,,41.0,20.0,,,https_www_bestbottles_com_product_spray_top_shiny_black_color_15_415.html
Spry18-415ShnBlk,18-415,0.0,,41.0,23.0,,,https_www_bestbottles_com_product_spray_top_shiny_black_color_18_415.html
CP13-415SpryGlSh,13-415,0.0,,32.0,17.0,,,https_www_bestbottles_com_product_spray_top_shiny_gold_13_415.html
Spry15-415ShnGl,15-415,0.0,,41.0,20.0,,,https_www_bestbottles_com_product_spray_top_shiny_gold_color_15_415.html
Spry18-415ShnGl,18-415,0.0,,41.0,23.0,,,https_www_bestbottles_com_product_spray_top_shiny_gold_color_18_415.html
CP13-415SprySlSh,13-415,0.0,,32.0,17.0,,,https_www_bestbottles_com_product_spray_top_shiny_silver_13_415.html
Spry15-415ShnSl,15-415,0.0,,41.0,20.0,,,https_www_bestbottles_com_product_spray_top_shiny_silver_color_15_415.html
Spry17-415ShnSl,17-415,0.0,,31.0,19.0,,,https_www_bestbottles_com_product_spray_top_shiny_silver_color_17_415.html
Spry18-415ShnSl,18-415,0.0,,41.0,23.0,,,https_www_bestbottles_com_product_spray_top_shiny_silver_color_18_415.html
Spry17-415Tur,17-415,0.0,,31.0,19.0,,,https_www_bestbottles_com_product_spray_top_turquoise_color_17_415.html
GBSqr15SpryBluMatt,13-415,15.0,52.0,73.0,,26.0,26.0,https_www_bestbottles_com_product_square_design_15_ml_glass_bottle_matte_blue_spray.html
GBSqr15SpryCuMatt,13-415,15.0,52.0,73.0,,26.0,26.0,https_www_bestbottles_com_product_square_design_15_ml_glass_bottle_matte_copper_spray.html
GBSqr15SpryGlMatt,13-415,15.0,52.0,73.0,,26.0,26.0,https_www_bestbottles_com_product_square_design_15_ml_glass_bottle_matte_gold_spray.html
GBSqr15SprySlMatt,13-415,15.0,52.0,73.0,,26.0,26.0,https_www_bestbottles_com_product_square_design_15_ml_glass_bottle_matte_silver_spray.html
GBSqr15MtlRollBlkSh,13-415,15.0,52.0,65.0,,26.0,26.0,https_www_bestbottles_com_product_square_design_15_ml_glass_bottle_metal_roller_ball_plug_black_shiny_cap.html
GBSqr15MtlRollBlkDot,13-415,15.0,52.0,65.0,,26.0,26.0,https_www_bestbottles_com_product_square_design_15_ml_glass_bottle_metal_roller_ball_plug_black_shiny_cap_with_dots.html
GBSqr15MtlRollCuMatt,13-415,15.0,52.0,65.0,,26.0,26.0,https_www_bestbottles_com_product_square_design_15_ml_glass_bottle_metal_roller_ball_plug_matte_copper_cap.html
GBSqr15MtlRollGlMatt,13-415,15.0,52.0,65.0,,26.0,26.0,https_www_bestbottles_com_product_square_design_15_ml_glass_bottle_metal_roller_ball_plug_matte_gold_cap.html
GBSqr15MtlRollSlMatt,13-415,15.0,52.0,65.0,,26.0,26.0,https_www_bestbottles_com_product_square_design_15_ml_glass_bottle_metal_roller_ball_plug_matte_silver_cap.html
GBSqr15MtlRollPinkDot,13-415,15.0,52.0,65.0,,26.0,26.0,https_www_bestbottles_com_product_square_design_15_ml_glass_bottle_metal_roller_ball_plug_pink_cap_with_dots.html
GBSqr15MtlRollGlSh,13-415,15.0,52.0,65.0,,26.0,26.0,https_www_bestbottles_com_product_square_design_15_ml_glass_bottle_metal_roller_ball_plug_shiny_gold_cap.html
GBSqr15MtlRollSlSh,13-415,15.0,52.0,65.0,,26.0,26.0,https_www_bestbottles_com_product_square_design_15_ml_glass_bottle_metal_roller_ball_plug_shiny_silver_cap.html
GBSqr15MtlRollSlDot,13-415,15.0,52.0,65.0,,26.0,26.0,https_www_bestbottles_com_product_square_design_15_ml_glass_bottle_metal_roller_ball_plug_silver_cap_with_dots.html
GBSqr15RollBlkSh,13-415,15.0,52.0,65.0,,26.0,26.0,https_www_bestbottles_com_product_square_design_15_ml_glass_bottle_plastic_roller_ball_plug_black_shiny_cap.html
GBSqr15RollBlkDot,13-415,15.0,52.0,65.0,,26.0,26.0,https_www_bestbottles_com_product_square_design_15_ml_glass_bottle_plastic_roller_ball_plug_black_shiny_cap_with_dots.html
GBSqr15RollCuMatt,13-415,15.0,52.0,65.0,,26.0,26.0,https_www_bestbottles_com_product_square_design_15_ml_glass_bottle_plastic_roller_ball_plug_matte_copper_cap.html
GBSqr15RollGlMatt,13-415,15.0,52.0,65.0,,26.0,26.0,https_www_bestbottles_com_product_square_design_15_ml_glass_bottle_plastic_roller_ball_plug_matte_gold_cap.html
GBSqr15RollSlMatt,13-415,15.0,52.0,65.0,,26.0,26.0,https_www_bestbottles_com_product_square_design_15_ml_glass_bottle_plastic_roller_ball_plug_matte_silver_cap.html
GBSqr15RollPinkDot,13-415,15.0,52.0,65.0,,26.0,26.0,https_www_bestbottles_com_product_square_design_15_ml_glass_bottle_plastic_roller_ball_plug_pink_cap_with_dots.html
GBSqr15RollGlSh,13-415,15.0,52.0,65.0,,26.0,26.0,https_www_bestbottles_com_product_square_design_15_ml_glass_bottle_plastic_roller_ball_plug_shiny_gold_cap.html
GBSqr15RollSlSh,13-415,15.0,52.0,65.0,,26.0,26.0,https_www_bestbottles_com_product_square_design_15_ml_glass_bottle_plastic_roller_ball_plug_shiny_silver_cap.html
GBSqr15RollSlDot,13-415,15.0,52.0,65.0,,26.0,26.0,https_www_bestbottles_com_product_square_design_15_ml_glass_bottle_plastic_roller_ball_plug_silver_cap_with_dots.html
GBSqr15SpryBlkSh,13-415,15.0,52.0,73.0,,26.0,26.0,https_www_bestbottles_com_product_square_design_15_ml_glass_bottle_shiny_black_spray.html
GBSqr15Gl,13-415,15.0,52.0,65.0,,26.0,26.0,https_www_bestbottles_com_product_square_design_15_ml_glass_bottle_shiny_gold_cap.html
GBSqr15SpryGlSh,13-415,15.0,52.0,73.0,,26.0,26.0,https_www_bestbottles_com_product_square_design_15_ml_glass_bottle_shiny_gold_spray.html
GBSqr15Sl,13-415,15.0,52.0,65.0,,26.0,26.0,https_www_bestbottles_com_product_square_design_15_ml_glass_bottle_shiny_silver_cap.html
GBSqr15SprySlSh,13-415,15.0,52.0,73.0,,26.0,26.0,https_www_bestbottles_com_product_square_design_15_ml_glass_bottle_shiny_silver_spray.html
GBSqr15BlkSht,13-415,15.0,52.0,55.0,,26.0,26.0,https_www_bestbottles_com_product_square_design_15_ml_glass_bottle_short_black_cap.html
GBSqr15WhtSht,13-415,15.0,52.0,55.0,,26.0,26.0,https_www_bestbottles_com_product_square_design_15_ml_glass_bottle_short_white_cap.html
GBTallCylFrst9SpryBlkMatt,13-415,9.0,106.0,126.0,18.0,,,https_www_bestbottles_com_product_tall_cylinder_design_9_ml_frosted_glass_bottle_matte_black_spray.html
GBTallCylFrst9SpryBluMatt,13-415,9.0,106.0,126.0,18.0,,,https_www_bestbottles_com_product_tall_cylinder_design_9_ml_frosted_glass_bottle_matte_blue_spray.html
GBTallCylFrst9SpryCuMatt,13-415,9.0,106.0,126.0,18.0,,,https_www_bestbottles_com_product_tall_cylinder_design_9_ml_frosted_glass_bottle_matte_copper_spray.html
GBTallCylFrst9SpryGlMatt,13-415,9.0,106.0,126.0,18.0,,,https_www_bestbottles_com_product_tall_cylinder_design_9_ml_frosted_glass_bottle_matte_gold_spray.html
GBTallCylFrst9SprySlMatt,13-415,9.0,106.0,126.0,18.0,,,https_www_bestbottles_com_product_tall_cylinder_design_9_ml_frosted_glass_bottle_matte_silver_spray.html
GBTallCylFrst9MtlRollBlkSh,13-415,9.0,106.0,118.0,18.0,,,https_www_bestbottles_com_product_tall_cylinder_design_9_ml_frosted_glass_bottle_metal_roller_ball_plug_black_shiny_cap.html
GBTallCylFrst9MtlRollBlkDot,13-415,9.0,106.0,111.0,18.0,,,https_www_bestbottles_com_product_tall_cylinder_design_9_ml_frosted_glass_bottle_metal_roller_ball_plug_black_shiny_cap_with_dots.html
GBTallCylFrst9MtlRollCuMatt,13-415,9.0,106.0,118.0,18.0,,,https_www_bestbottles_com_product_tall_cylinder_design_9_ml_frosted_glass_bottle_metal_roller_ball_plug_matte_copper_cap.html
GBTallCylFrst9MtlRollGlMatt,13-415,9.0,106.0,118.0,18.0,,,https_www_bestbottles_com_product_tall_cylinder_design_9_ml_frosted_glass_bottle_metal_roller_ball_plug_matte_gold_cap.html
GBTallCylFrst9MtlRollSlMatt,13-415,9.0,106.0,118.0,18.0,,,https_www_bestbottles_com_product_tall_cylinder_design_9_ml_frosted_glass_bottle_metal_roller_ball_plug_matte_silver_cap.html
GBTallCylFrst9MtlRollPinkDot,13-415,9.0,106.0,118.0,18.0,,,https_www_bestbottles_com_product_tall_cylinder_design_9_ml_frosted_glass_bottle_metal_roller_ball_plug_pink_cap_with_dots.html
GBTallCylFrst9MtlRollGlSh,13-415,9.0,106.0,118.0,18.0,,,https_www_bestbottles_com_product_tall_cylinder_design_9_ml_frosted_glass_bottle_metal_roller_ball_plug_shiny_gold_cap.html
GBTallCylFrst9MtlRollSlSh,13-415,9.0,106.0,118.0,18.0,,,https_www_bestbottles_com_product_tall_cylinder_design_9_ml_frosted_glass_bottle_metal_roller_ball_plug_shiny_silver_cap.html
GBTallCylFrst9MtlRollSlDot,13-415,9.0,106.0,118.0,18.0,,,https_www_bestbottles_com_product_tall_cylinder_design_9_ml_frosted_glass_bottle_metal_roller_ball_plug_silver_cap_with_dots.html
GBTallCylFrst9RollBlkSh,13-415,9.0,106.0,118.0,18.0,,,https_www_bestbottles_com_product_tall_cylinder_design_9_ml_frosted_glass_bottle_plastic_roller_ball_plug_black_shiny_cap.html
GBTallCylFrst9RollBlkDot,13-415,9.0,106.0,118.0,18.0,,,https_www_bestbottles_com_product_tall_cylinder_design_9_ml_frosted_glass_bottle_plastic_roller_ball_plug_black_shiny_cap_with_dots.html
GBTallCylFrst9RollCuMatt,13-415,9.0,106.0,118.0,18.0,,,https_www_bestbottles_com_product_tall_cylinder_design_9_ml_frosted_glass_bottle_plastic_roller_ball_plug_matte_copper_cap.html
GBTallCylFrst9RollGlMatt,13-415,9.0,106.0,118.0,18.0,,,https_www_bestbottles_com_product_tall_cylinder_design_9_ml_frosted_glass_bottle_plastic_roller_ball_plug_matte_gold_cap.html
GBTallCylFrst9RollSlMatt,13-415,9.0,106.0,118.0,18.0,,,https_www_bestbottles_com_product_tall_cylinder_design_9_ml_frosted_glass_bottle_plastic_roller_ball_plug_matte_silver_cap.html
GBTallCylFrst9RollPinkDot,13-415,9.0,106.0,118.0,18.0,,,https_www_bestbottles_com_product_tall_cylinder_design_9_ml_frosted_glass_bottle_plastic_roller_ball_plug_pink_cap_with_dots.html
GBTallCylFrst9RollGlSh,13-415,9.0,106.0,118.0,18.0,,,https_www_bestbottles_com_product_tall_cylinder_design_9_ml_frosted_glass_bottle_plastic_roller_ball_plug_shiny_gold_cap.html
GBTallCylFrst9RollSlSh,13-415,9.0,106.0,118.0,18.0,,,https_www_bestbottles_com_product_tall_cylinder_design_9_ml_frosted_glass_bottle_plastic_roller_ball_plug_shiny_silver_cap.html
GBTallCylFrst9RollSlDot,13-415,9.0,106.0,118.0,18.0,,,https_www_bestbottles_com_product_tall_cylinder_design_9_ml_frosted_glass_bottle_plastic_roller_ball_plug_silver_cap_with_dots.html
GBTallCylFrst9SpryBlkSh,13-415,9.0,106.0,126.0,18.0,,,https_www_bestbottles_com_product_tall_cylinder_design_9_ml_frosted_glass_bottle_shiny_black_spray.html
GBTallCylFrst9Gl,13-415,9.0,106.0,111.0,18.0,,,https_www_bestbottles_com_product_tall_cylinder_design_9_ml_frosted_glass_bottle_shiny_gold_cap.html
GBTallCylFrst9SpryGlSh,13-415,9.0,106.0,126.0,18.0,,,https_www_bestbottles_com_product_tall_cylinder_design_9_ml_frosted_glass_bottle_shiny_gold_spray.html
GBTallCylFrst9Sl,13-415,9.0,106.0,118.0,18.0,,,https_www_bestbottles_com_product_tall_cylinder_design_9_ml_frosted_glass_bottle_shiny_silver_cap.html
GBTallCylFrst9SprySlSh,13-415,9.0,106.0,126.0,18.0,,,https_www_bestbottles_com_product_tall_cylinder_design_9_ml_frosted_glass_bottle_shiny_silver_spray.html
GBTallCylFrst9BlkSht,13-415,9.0,106.0,111.0,18.0,,,https_www_bestbottles_com_product_tall_cylinder_design_9_ml_frosted_glass_bottle_short_black_cap.html
GBTallCylFrst9WhtSht,13-415,9.0,106.0,109.0,18.0,,,https_www_bestbottles_com_product_tall_cylinder_design_9_ml_frosted_glass_bottle_short_white_cap.html
GBTallCyl9SpryBlkMatt,13-415,9.0,106.0,111.0,18.0,,,https_www_bestbottles_com_product_tall_cylinder_design_9_ml_glass_bottle_matte_black_spray.html
GBTallCyl9SpryBluMatt,13-415,9.0,106.0,126.0,18.0,,,https_www_bestbottles_com_product_tall_cylinder_design_9_ml_glass_bottle_matte_blue_spray.html
GBTallCyl9SpryCuMatt,13-415,9.0,106.0,126.0,18.0,,,https_www_bestbottles_com_product_tall_cylinder_design_9_ml_glass_bottle_matte_copper_spray.html
GBTallCyl9SpryGlMatt,13-415,9.0,106.0,126.0,18.0,,,https_www_bestbottles_com_product_tall_cylinder_design_9_ml_glass_bottle_matte_gold_spray.html
GBTallCyl9SprySlMatt,13-415,9.0,106.0,126.0,18.0,,,https_www_bestbottles_com_product_tall_cylinder_design_9_ml_glass_bottle_matte_silver_spray.html
GBTallCyl9MtlRollBlkSh,13-415,9.0,106.0,118.0,18.0,,,https_www_bestbottles_com_product_tall_cylinder_design_9_ml_glass_bottle_metal_roller_ball_plug_black_shiny_cap.html
GBTallCyl9MtlRollBlkDot,13-415,9.0,106.0,118.0,18.0,,,https_www_bestbottles_com_product_tall_cylinder_design_9_ml_glass_bottle_metal_roller_ball_plug_black_shiny_cap_with_dots.html
GBTallCyl9MtlRollCuMatt,13-415,9.0,106.0,118.0,18.0,,,https_www_bestbottles_com_product_tall_cylinder_design_9_ml_glass_bottle_metal_roller_ball_plug_matte_copper_cap.html
GBTallCyl9MtlRollGlMatt,13-415,9.0,106.0,118.0,18.0,,,https_www_bestbottles_com_product_tall_cylinder_design_9_ml_glass_bottle_metal_roller_ball_plug_matte_gold_cap.html
GBTallCyl9MtlRollSlMatt,13-415,9.0,106.0,118.0,18.0,,,https_www_bestbottles_com_product_tall_cylinder_design_9_ml_glass_bottle_metal_roller_ball_plug_matte_silver_cap.html
GBTallCyl9MtlRollPinkDot,13-415,9.0,106.0,118.0,18.0,,,https_www_bestbottles_com_product_tall_cylinder_design_9_ml_glass_bottle_metal_roller_ball_plug_pink_cap_with_dots.html
GBTallCyl9MtlRollGlSh,13-415,9.0,106.0,118.0,18.0,,,https_www_bestbottles_com_product_tall_cylinder_design_9_ml_glass_bottle_metal_roller_ball_plug_shiny_gold_cap.html
GBTallCyl9MtlRollSlSh,13-415,9.0,106.0,118.0,18.0,,,https_www_bestbottles_com_product_tall_cylinder_design_9_ml_glass_bottle_metal_roller_ball_plug_shiny_silver_cap.html
GBTallCyl9MtlRollSlDot,13-415,9.0,106.0,118.0,18.0,,,https_www_bestbottles_com_product_tall_cylinder_design_9_ml_glass_bottle_metal_roller_ball_plug_silver_cap_with_dots.html
GBTallCyl9RollBlkSh,13-415,9.0,106.0,118.0,18.0,,,https_www_bestbottles_com_product_tall_cylinder_design_9_ml_glass_bottle_plastic_roller_ball_plug_black_shiny_cap.html
GBTallCyl9RollBlkDot,13-415,9.0,106.0,118.0,18.0,,,https_www_bestbottles_com_product_tall_cylinder_design_9_ml_glass_bottle_plastic_roller_ball_plug_black_shiny_cap_with_dots.html
GBTallCyl9RollCuMatt,13-415,9.0,106.0,118.0,18.0,,,https_www_bestbottles_com_product_tall_cylinder_design_9_ml_glass_bottle_plastic_roller_ball_plug_matte_copper_cap.html
GBTallCyl9RollGlMatt,13-415,9.0,106.0,118.0,18.0,,,https_www_bestbottles_com_product_tall_cylinder_design_9_ml_glass_bottle_plastic_roller_ball_plug_matte_gold_cap.html
GBTallCyl9RollSlMatt,13-415,9.0,106.0,118.0,18.0,,,https_www_bestbottles_com_product_tall_cylinder_design_9_ml_glass_bottle_plastic_roller_ball_plug_matte_silver_cap.html
GBTallCyl9RollPinkDot,13-415,9.0,106.0,118.0,18.0,,,https_www_bestbottles_com_product_tall_cylinder_design_9_ml_glass_bottle_plastic_roller_ball_plug_pink_cap_with_dots.html
GBTallCyl9RollGlSh,13-415,9.0,106.0,118.0,18.0,,,https_www_bestbottles_com_product_tall_cylinder_design_9_ml_glass_bottle_plastic_roller_ball_plug_shiny_gold_cap.html
GBTallCyl9RollSlSh,13-415,9.0,106.0,118.0,18.0,,,https_www_bestbottles_com_product_tall_cylinder_design_9_ml_glass_bottle_plastic_roller_ball_plug_shiny_silver_cap.html
GBTallCyl9RollSlDot,13-415,9.0,106.0,118.0,18.0,,,https_www_bestbottles_com_product_tall_cylinder_design_9_ml_glass_bottle_plastic_roller_ball_plug_silver_cap_with_dots.html
GBTallCyl9SpryBlkSh,13-415,9.0,106.0,126.0,18.0,,,https_www_bestbottles_com_product_tall_cylinder_design_9_ml_glass_bottle_shiny_black_spray.html
GBTallCyl9Gl,13-415,9.0,106.0,111.0,18.0,,,https_www_bestbottles_com_product_tall_cylinder_design_9_ml_glass_bottle_shiny_gold_cap.html
GBTallCyl9SpryGlSh,13-415,9.0,106.0,126.0,18.0,,,https_www_bestbottles_com_product_tall_cylinder_design_9_ml_glass_bottle_shiny_gold_spray.html
GBTallCyl9Sl,13-415,9.0,106.0,118.0,18.0,,,https_www_bestbottles_com_product_tall_cylinder_design_9_ml_glass_bottle_shiny_silver_cap.html
GBTallCyl9SprySlSh,13-415,9.0,106.0,126.0,18.0,,,https_www_bestbottles_com_product_tall_cylinder_design_9_ml_glass_bottle_shiny_silver_spray.html
GBTallCyl9BlkSht,13-415,9.0,106.0,109.0,18.0,,,https_www_bestbottles_com_product_tall_cylinder_design_9_ml_glass_bottle_short_black_cap.html
GBTallCyl9WhtSht,13-415,9.0,106.0,109.0,18.0,,,https_www_bestbottles_com_product_tall_cylinder_design_9_ml_glass_bottle_short_white_cap.html
GBTallRect10SpryBlkMatt,13-415,10.0,101.0,121.0,,17.0,17.0,https_www_bestbottles_com_product_tall_rectangular_design_10_ml_glass_bottle_matte_black_spray.html
GBTallRect10SpryBluMatt,13-415,10.0,101.0,121.0,,17.0,17.0,https_www_bestbottles_com_product_tall_rectangular_design_10_ml_glass_bottle_matte_blue_spray.html
GBTallRect10SpryCuMatt,13-415,10.0,101.0,121.0,,17.0,17.0,https_www_bestbottles_com_product_tall_rectangular_design_10_ml_glass_bottle_matte_copper_spray.html
GBTallRect10SpryGlMatt,13-415,10.0,101.0,121.0,,17.0,17.0,https_www_bestbottles_com_product_tall_rectangular_design_10_ml_glass_bottle_matte_gold_spray.html
GBTallRect10SprySlMatt,13-415,10.0,101.0,121.0,,17.0,17.0,https_www_bestbottles_com_product_tall_rectangular_design_10_ml_glass_bottle_matte_silver_spray.html
GBTallRect10MtlRollBlkSh,13-415,10.0,101.0,113.0,,17.0,17.0,https_www_bestbottles_com_product_tall_rectangular_design_10_ml_glass_bottle_metal_roller_ball_plug_black_shiny_cap.html
GBTallRect10MtlRollBlkDot,13-415,10.0,101.0,113.0,,17.0,17.0,https_www_bestbottles_com_product_tall_rectangular_design_10_ml_glass_bottle_metal_roller_ball_plug_black_shiny_cap_with_dots.html
GBTallRect10MtlRollCuMatt,13-415,10.0,101.0,113.0,,17.0,17.0,https_www_bestbottles_com_product_tall_rectangular_design_10_ml_glass_bottle_metal_roller_ball_plug_matte_copper_cap.html
GBTallRect10MtlRollGlMatt,13-415,10.0,101.0,113.0,,17.0,17.0,https_www_bestbottles_com_product_tall_rectangular_design_10_ml_glass_bottle_metal_roller_ball_plug_matte_gold_cap.html
GBTallRect10MtlRollSlMatt,13-415,10.0,101.0,113.0,,17.0,17.0,https_www_bestbottles_com_product_tall_rectangular_design_10_ml_glass_bottle_metal_roller_ball_plug_matte_silver_cap.html
GBTallRect10MtlRollPinkDot,13-415,10.0,101.0,113.0,,17.0,17.0,https_www_bestbottles_com_product_tall_rectangular_design_10_ml_glass_bottle_metal_roller_ball_plug_pink_cap_with_dots.html
GBTallRect10MtlRollGlSh,13-415,10.0,101.0,113.0,,17.0,17.0,https_www_bestbottles_com_product_tall_rectangular_design_10_ml_glass_bottle_metal_roller_ball_plug_shiny_gold_cap.html
GBTallRect10MtlRollSlSh,13-415,10.0,101.0,113.0,,17.0,17.0,https_www_bestbottles_com_product_tall_rectangular_design_10_ml_glass_bottle_metal_roller_ball_plug_shiny_silver_cap.html
GBTallRect10MtlRollSlDot,13-415,10.0,101.0,113.0,,17.0,17.0,https_www_bestbottles_com_product_tall_rectangular_design_10_ml_glass_bottle_metal_roller_ball_plug_silver_cap_with_dots.html
GBTallRect10RollBlkSh,13-415,10.0,101.0,113.0,,17.0,17.0,https_www_bestbottles_com_product_tall_rectangular_design_10_ml_glass_bottle_plastic_roller_ball_plug_black_shiny_cap.html
GBTallRect10RollBlkDot,13-415,10.0,101.0,113.0,,17.0,17.0,https_www_bestbottles_com_product_tall_rectangular_design_10_ml_glass_bottle_plastic_roller_ball_plug_black_shiny_cap_with_dots.html
GBTallRect10RollCuMatt,13-415,10.0,101.0,113.0,,17.0,17.0,https_www_bestbottles_com_product_tall_rectangular_design_10_ml_glass_bottle_plastic_roller_ball_plug_matte_copper_cap.html
GBTallRect10RollGlMatt,13-415,10.0,101.0,113.0,,17.0,17.0,https_www_bestbottles_com_product_tall_rectangular_design_10_ml_glass_bottle_plastic_roller_ball_plug_matte_gold_cap.html
GBTallRect10RollSlMatt,13-415,10.0,101.0,113.0,,17.0,17.0,https_www_bestbottles_com_product_tall_rectangular_design_10_ml_glass_bottle_plastic_roller_ball_plug_matte_silver_cap.html
GBTallRect10RollPinkDot,13-415,10.0,101.0,113.0,,17.0,17.0,https_www_bestbottles_com_product_tall_rectangular_design_10_ml_glass_bottle_plastic_roller_ball_plug_pink_cap_with_dots.html
GBTallRect10RollGlSh,13-415,10.0,101.0,113.0,,17.0,17.0,https_www_bestbottles_com_product_tall_rectangular_design_10_ml_glass_bottle_plastic_roller_ball_plug_shiny_gold_cap.html
GBTallRect10RollSlSh,13-415,10.0,101.0,113.0,,17.0,17.0,https_www_bestbottles_com_product_tall_rectangular_design_10_ml_glass_bottle_plastic_roller_ball_plug_shiny_silver_cap.html
GBTallRect10RollSlDot,13-415,10.0,101.0,113.0,,17.0,17.0,https_www_bestbottles_com_product_tall_rectangular_design_10_ml_glass_bottle_plastic_roller_ball_plug_silver_cap_with_dots.html
GBTallRect10SpryBlkSh,13-415,10.0,101.0,121.0,,17.0,17.0,https_www_bestbottles_com_product_tall_rectangular_design_10_ml_glass_bottle_shiny_black_spray.html
GBTallRect10Gl,13-415,10.0,101.0,113.0,,17.0,17.0,https_www_bestbottles_com_product_tall_rectangular_design_10_ml_glass_bottle_shiny_gold_cap.html
GBTallRect10SpryGlSh,13-415,10.0,101.0,121.0,,17.0,17.0,https_www_bestbottles_com_product_tall_rectangular_design_10_ml_glass_bottle_shiny_gold_spray.html
GBTallRect10Sl,13-415,10.0,101.0,113.0,,17.0,17.0,https_www_bestbottles_com_product_tall_rectangular_design_10_ml_glass_bottle_shiny_silver_cap.html
GBTallRect10SprySlSh,13-415,10.0,101.0,121.0,,17.0,17.0,https_www_bestbottles_com_product_tall_rectangular_design_10_ml_glass_bottle_shiny_silver_spray.html
GBTallRect10BlkSht,13-415,10.0,101.0,106.0,,17.0,17.0,https_www_bestbottles_com_product_tall_rectangular_design_10_ml_glass_bottle_short_black_cap.html
GBTallRect10WhtSht,13-415,10.0,101.0,106.0,,17.0,17.0,https_www_bestbottles_com_product_tall_rectangular_design_10_ml_glass_bottle_short_white_cap.html
GBTulipAmb5SpryBlkMatt,13-415,5.0,45.0,65.0,23.0,,,https_www_bestbottles_com_product_tulip_design_5_ml_amber_glass_bottle_matte_black_spray.html
GBTulipAmb5SpryBluMatt,13-415,5.0,45.0,65.0,23.0,,,https_www_bestbottles_com_product_tulip_design_5_ml_amber_glass_bottle_matte_blue_spray.html
GBTulipAmb5SpryCuMatt,13-415,5.0,45.0,65.0,23.0,,,https_www_bestbottles_com_product_tulip_design_5_ml_amber_glass_bottle_matte_copper_spray.html
GBTulipAmb5SpryGlMatt,13-415,5.0,45.0,65.0,23.0,,,https_www_bestbottles_com_product_tulip_design_5_ml_amber_glass_bottle_matte_gold_spray.html
GBTulipAmb5SprySlMatt,13-415,5.0,45.0,65.0,23.0,,,https_www_bestbottles_com_product_tulip_design_5_ml_amber_glass_bottle_matte_silver_spray.html
GBTulipAmb5MtlRollBlkSh,13-415,5.0,45.0,57.0,23.0,,,https_www_bestbottles_com_product_tulip_design_5_ml_amber_glass_bottle_metal_roller_ball_plug_black_shiny_cap.html
GBTulipAmb5MtlRollBlkDot,13-415,5.0,45.0,57.0,23.0,,,https_www_bestbottles_com_product_tulip_design_5_ml_amber_glass_bottle_metal_roller_ball_plug_black_shiny_cap_with_dots.html
GBTulipAmb5MtlRollCuMatt,13-415,5.0,45.0,57.0,23.0,,,https_www_bestbottles_com_product_tulip_design_5_ml_amber_glass_bottle_metal_roller_ball_plug_matte_copper_cap.html
GBTulipAmb5MtlRollGlMatt,13-415,5.0,45.0,57.0,23.0,,,https_www_bestbottles_com_product_tulip_design_5_ml_amber_glass_bottle_metal_roller_ball_plug_matte_gold_cap.html
GBTulipAmb5MtlRollSlMatt,13-415,5.0,45.0,57.0,23.0,,,https_www_bestbottles_com_product_tulip_design_5_ml_amber_glass_bottle_metal_roller_ball_plug_matte_silver_cap.html
GBTulipAmb5MtlRollPinkDot,13-415,5.0,45.0,57.0,23.0,,,https_www_bestbottles_com_product_tulip_design_5_ml_amber_glass_bottle_metal_roller_ball_plug_pink_cap_with_dots.html
GBTulipAmb5MtlRollGlSh,13-415,5.0,45.0,57.0,23.0,,,https_www_bestbottles_com_product_tulip_design_5_ml_amber_glass_bottle_metal_roller_ball_plug_shiny_gold_cap.html
GBTulipAmb5MtlRollSlSh,13-415,5.0,45.0,57.0,23.0,,,https_www_bestbottles_com_product_tulip_design_5_ml_amber_glass_bottle_metal_roller_ball_plug_shiny_silver_cap.html
GBTulipAmb5MtlRollSlDot,13-415,5.0,45.0,57.0,23.0,,,https_www_bestbottles_com_product_tulip_design_5_ml_amber_glass_bottle_metal_roller_ball_plug_silver_cap_with_dots.html
GBTulipAmb5RollBlkSh,13-415,5.0,45.0,57.0,23.0,,,https_www_bestbottles_com_product_tulip_design_5_ml_amber_glass_bottle_plastic_roller_ball_plug_black_shiny_cap.html
GBTulipAmb5RollBlkDot,13-415,5.0,45.0,57.0,23.0,,,https_www_bestbottles_com_product_tulip_design_5_ml_amber_glass_bottle_plastic_roller_ball_plug_black_shiny_cap_with_dots.html
GBTulipAmb5RollCuMatt,13-415,5.0,45.0,57.0,23.0,,,https_www_bestbottles_com_product_tulip_design_5_ml_amber_glass_bottle_plastic_roller_ball_plug_matte_copper_cap.html
GBTulipAmb5RollGlMatt,13-415,5.0,45.0,57.0,23.0,,,https_www_bestbottles_com_product_tulip_design_5_ml_amber_glass_bottle_plastic_roller_ball_plug_matte_gold_cap.html
GBTulipAmb5RollSlMatt,13-415,5.0,45.0,57.0,23.0,,,https_www_bestbottles_com_product_tulip_design_5_ml_amber_glass_bottle_plastic_roller_ball_plug_matte_silver_cap.html
GBTulipAmb5RollPinkDot,13-415,5.0,45.0,57.0,23.0,,,https_www_bestbottles_com_product_tulip_design_5_ml_amber_glass_bottle_plastic_roller_ball_plug_pink_cap_with_dots.html
GBTulipAmb5RollGlSh,13-415,5.0,45.0,57.0,23.0,,,https_www_bestbottles_com_product_tulip_design_5_ml_amber_glass_bottle_plastic_roller_ball_plug_shiny_gold_cap.html
GBTulipAmb5RollSlSh,13-415,5.0,45.0,57.0,23.0,,,https_www_bestbottles_com_product_tulip_design_5_ml_amber_glass_bottle_plastic_roller_ball_plug_shiny_silver_cap.html
GBTulipAmb5RollSlDot,13-415,5.0,45.0,57.0,23.0,,,https_www_bestbottles_com_product_tulip_design_5_ml_amber_glass_bottle_plastic_roller_ball_plug_silver_cap_with_dots.html
GBTulipAmb5SpryBlkSh,13-415,5.0,45.0,65.0,23.0,,,https_www_bestbottles_com_product_tulip_design_5_ml_amber_glass_bottle_shiny_black_spray.html
GBTulipAmb5Gl,13-415,5.0,45.0,57.0,23.0,,,https_www_bestbottles_com_product_tulip_design_5_ml_amber_glass_bottle_shiny_gold_cap.html
GBTulipAmb5SpryGlSh,13-415,5.0,45.0,65.0,23.0,,,https_www_bestbottles_com_product_tulip_design_5_ml_amber_glass_bottle_shiny_gold_spray.html
GBTulipAmb5Sl,13-415,5.0,45.0,57.0,23.0,,,https_www_bestbottles_com_product_tulip_design_5_ml_amber_glass_bottle_shiny_silver_cap.html
GBTulipAmb5SprySlSh,13-415,5.0,45.0,65.0,23.0,,,https_www_bestbottles_com_product_tulip_design_5_ml_amber_glass_bottle_shiny_silver_spray.html
GBTulipAmb5BlkSht,13-415,5.0,45.0,47.0,23.0,,,https_www_bestbottles_com_product_tulip_design_5_ml_amber_glass_bottle_short_black_cap.html
GBTulipAmb5WhtSht,13-415,5.0,45.0,47.0,23.0,,,https_www_bestbottles_com_product_tulip_design_5_ml_amber_glass_bottle_short_white_cap.html
GBTulip6SpryBluMatt,13-415,6.0,45.0,65.0,23.0,,,https_www_bestbottles_com_product_tulip_design_6ml_bottle_matte_blue_spray.html
GBTulip6SpryCuMatt,13-415,6.0,45.0,65.0,23.0,,,https_www_bestbottles_com_product_tulip_design_6ml_bottle_matte_copper_spray.html
GBTulip6SpryGlMatt,13-415,6.0,45.0,65.0,23.0,,,https_www_bestbottles_com_product_tulip_design_6ml_bottle_matte_gold_spray.html
GBTulip6SprySlMatt,13-415,6.0,45.0,65.0,23.0,,,https_www_bestbottles_com_product_tulip_design_6ml_bottle_matte_silver_spray.html
GBTulip6MtlRollBlkSh,13-415,6.0,45.0,57.0,23.0,,,https_www_bestbottles_com_product_tulip_design_6ml_bottle_metal_roller_ball_plug_black_shiny_cap.html
GBTulip6MtlRollBlkDot,13-415,6.0,45.0,57.0,23.0,,,https_www_bestbottles_com_product_tulip_design_6ml_bottle_metal_roller_ball_plug_black_shiny_cap_with_dots.html
GBTulip6MtlRollCuMatt,13-415,6.0,45.0,57.0,23.0,,,https_www_bestbottles_com_product_tulip_design_6ml_bottle_metal_roller_ball_plug_matte_copper_cap.html
GBTulip6MtlRollGlMatt,13-415,6.0,45.0,57.0,23.0,,,https_www_bestbottles_com_product_tulip_design_6ml_bottle_metal_roller_ball_plug_matte_gold_cap.html
GBTulip6MtlRollSlMatt,13-415,6.0,45.0,57.0,23.0,,,https_www_bestbottles_com_product_tulip_design_6ml_bottle_metal_roller_ball_plug_matte_silver_cap.html
GBTulip6MtlRollPinkDot,13-415,6.0,45.0,57.0,23.0,,,https_www_bestbottles_com_product_tulip_design_6ml_bottle_metal_roller_ball_plug_pink_cap_with_dots.html
GBTulip6MtlRollGlSh,13-415,6.0,45.0,57.0,23.0,,,https_www_bestbottles_com_product_tulip_design_6ml_bottle_metal_roller_ball_plug_shiny_gold_cap.html
GBTulip6MtlRollSlSh,13-415,6.0,45.0,57.0,23.0,,,https_www_bestbottles_com_product_tulip_design_6ml_bottle_metal_roller_ball_plug_shiny_silver_cap.html
GBTulip6MtlRollSlDot,13-415,6.0,45.0,57.0,23.0,,,https_www_bestbottles_com_product_tulip_design_6ml_bottle_metal_roller_ball_plug_silver_cap_with_dots.html
GBTulip6RollBlkSh,13-415,6.0,45.0,57.0,23.0,,,https_www_bestbottles_com_product_tulip_design_6ml_bottle_plastic_roller_ball_plug_black_shiny_cap.html
GBTulip6RollBlkDot,13-415,6.0,45.0,57.0,23.0,,,https_www_bestbottles_com_product_tulip_design_6ml_bottle_plastic_roller_ball_plug_black_shiny_cap_with_dots.html
GBTulip6RollCuMatt,13-415,6.0,45.0,57.0,23.0,,,https_www_bestbottles_com_product_tulip_design_6ml_bottle_plastic_roller_ball_plug_matte_copper_cap.html
GBTulip6RollGlMatt,13-415,6.0,45.0,57.0,23.0,,,https_www_bestbottles_com_product_tulip_design_6ml_bottle_plastic_roller_ball_plug_matte_gold_cap.html
GBTulip6RollSlMatt,13-415,6.0,45.0,57.0,23.0,,,https_www_bestbottles_com_product_tulip_design_6ml_bottle_plastic_roller_ball_plug_matte_silver_cap.html
GBTulip6RollPinkDot,13-415,6.0,45.0,57.0,23.0,,,https_www_bestbottles_com_product_tulip_design_6ml_bottle_plastic_roller_ball_plug_pink_cap_with_dots.html
GBTulip6RollGlSh,13-415,6.0,45.0,57.0,23.0,,,https_www_bestbottles_com_product_tulip_design_6ml_bottle_plastic_roller_ball_plug_shiny_gold_cap.html
GBTulip6RollSlSh,13-415,6.0,45.0,57.0,23.0,,,https_www_bestbottles_com_product_tulip_design_6ml_bottle_plastic_roller_ball_plug_shiny_silver_cap.html
GBTulip6RollSlDot,13-415,6.0,45.0,57.0,23.0,,,https_www_bestbottles_com_product_tulip_design_6ml_bottle_plastic_roller_ball_plug_silver_cap_with_dots.html
GBTulip6SpryBlkSh,13-415,6.0,45.0,65.0,23.0,,,https_www_bestbottles_com_product_tulip_design_6ml_bottle_shiny_black_spray.html
GBTulip6Gl,13-415,6.0,45.0,56.0,23.0,,,https_www_bestbottles_com_product_tulip_design_6ml_bottle_shiny_gold_cap.html
GBTulip6SpryGlSh,13-415,6.0,45.0,65.0,23.0,,,https_www_bestbottles_com_product_tulip_design_6ml_bottle_shiny_gold_spray.html
GBTulip6Sl,13-415,6.0,45.0,57.0,23.0,,,https_www_bestbottles_com_product_tulip_design_6ml_bottle_shiny_silver_cap.html
GBTulip6SprySlSh,13-415,6.0,45.0,65.0,23.0,,,https_www_bestbottles_com_product_tulip_design_6ml_bottle_shiny_silver_spray.html
GBTulip6BlkSht,13-415,6.0,45.0,50.0,23.0,,,https_www_bestbottles_com_product_tulip_design_6ml_bottle_short_black_cap.html
GBTulip6BlkShSht,13-415,6.0,45.0,47.0,23.0,,,https_www_bestbottles_com_product_tulip_design_6ml_bottle_short_shiny_black_cap.html
GBTulip6WhtSht,13-415,6.0,45.0,50.0,23.0,,,https_www_bestbottles_com_product_tulip_design_6ml_bottle_short_white_cap.html
