Handle,Title,Option1 Name,Option1 Value,Variant SKU,Variant Inventory Tracker,Variant Inventory Qty,Variant Inventory Policy,Variant Fulfillment Service,Variant Price,Status
atomizer-5ml,5 ml Atomizer Bottle,SKU,GB-CYL-CLR-5ML-ATM-SLV-03,GB-CYL-CLR-5ML-ATM-SLV-03,shopify,1000,deny,manual,3.05,active
atomizer-5ml,,SKU,GB-CYL-BLU-5ML-ATM-BLU,GB-CYL-BLU-5ML-ATM-BLU,shopify,1000,deny,manual,2.80,
atomizer-5ml,,SKU,GB-CYL-CLR-5ML-ATM-GLD,GB-CYL-CLR-5ML-ATM-GLD,shopify,1000,deny,manual,2.80,
atomizer-5ml,,SKU,GB-CYL-CLR-5ML-ATM-RED,GB-CYL-CLR-5ML-ATM-RED,shopify,1000,deny,manual,2.80,
atomizer-5ml,,SKU,GB-CYL-CLR-5ML-ATM-SLV-01,GB-CYL-CLR-5ML-ATM-SLV-01,shopify,1000,deny,manual,2.80,
atomizer-5ml,,SKU,GB-CYL-CLR-5ML-ATM-SLV-02,GB-CYL-CLR-5ML-ATM-SLV-02,shopify,1000,deny,manual,3.05,
atomizer-5ml,,SKU,GB-CYL-BLK-5ML-ATM-BLK,GB-CYL-BLK-5ML-ATM-BLK,shopify,1000,deny,manual,2.80,
atomizer-5ml,,SKU,GB-CYL-BLK-5ML-ATM-BLK-02,GB-CYL-BLK-5ML-ATM-BLK-02,shopify,1000,deny,manual,3.05,
atomizer-5ml,,SKU,GB-CYL-PNK-5ML-ATM-PNK-02,GB-CYL-PNK-5ML-ATM-PNK-02,shopify,1000,deny,manual,3.05,
atomizer-5ml,,SKU,GB-CYL-BLK-5ML-ATM-BLK-01,GB-CYL-BLK-5ML-ATM-BLK-01,,0,deny,manual,2.80,
atomizer-5ml,,SKU,GB-CYL-PNK-5ML-ATM-PNK,GB-CYL-PNK-5ML-ATM-PNK,,0,deny,manual,3.05,
royal-13ml-clear-13-415-rollon,13 ml Clear Royal Roll-On Bottle,SKU,GB-RYL-CLR-13ML-ROL-SLDT,GB-RYL-CLR-13ML-ROL-SLDT,shopify,1000,deny,manual,0.81,active
royal-13ml-clear-13-415-rollon,,SKU,GB-RYL-CLR-13ML-ROL-MSLV,GB-RYL-CLR-13ML-ROL-MSLV,shopify,1000,deny,manual,0.74,
royal-13ml-clear-13-415-rollon,,SKU,GB-RYL-CLR-13ML-ROL-SSLV,GB-RYL-CLR-13ML-ROL-SSLV,shopify,1000,deny,manual,0.74,
royal-13ml-clear-13-415-rollon,,SKU,GB-RYL-CLR-13ML-ROL-BKDT,GB-RYL-CLR-13ML-ROL-BKDT,shopify,1000,deny,manual,0.81,
royal-13ml-clear-13-415-rollon,,SKU,GB-RYL-CLR-13ML-MRL-BKDT,GB-RYL-CLR-13ML-MRL-BKDT,shopify,1000,deny,manual,0.89,
royal-13ml-clear-13-415-rollon,,SKU,GB-RYL-CLR-13ML-MRL-SBLK,GB-RYL-CLR-13ML-MRL-SBLK,shopify,1000,deny,manual,0.82,
royal-13ml-clear-13-415-rollon,,SKU,GB-RYL-CLR-13ML-MRL-MCPR,GB-RYL-CLR-13ML-MRL-MCPR,shopify,1000,deny,manual,0.82,
royal-13ml-clear-13-415-rollon,,SKU,GB-RYL-CLR-13ML-MRL-MGLD,GB-RYL-CLR-13ML-MRL-MGLD,shopify,1000,deny,manual,0.82,
royal-13ml-clear-13-415-rollon,,SKU,GB-RYL-CLR-13ML-MRL-SGLD,GB-RYL-CLR-13ML-MRL-SGLD,shopify,1000,deny,manual,0.82,
royal-13ml-clear-13-415-rollon,,SKU,GB-RYL-CLR-13ML-MRL-PKDT,GB-RYL-CLR-13ML-MRL-PKDT,shopify,1000,deny,manual,0.89,
royal-13ml-clear-13-415-rollon,,SKU,GB-RYL-CLR-13ML-MRL-SLDT,GB-RYL-CLR-13ML-MRL-SLDT,shopify,1000,deny,manual,0.89,
royal-13ml-clear-13-415-rollon,,SKU,GB-RYL-CLR-13ML-MRL-MSLV,GB-RYL-CLR-13ML-MRL-MSLV,shopify,1000,deny,manual,0.82,
royal-13ml-clear-13-415-rollon,,SKU,GB-RYL-CLR-13ML-MRL-SSLV,GB-RYL-CLR-13ML-MRL-SSLV,shopify,1000,deny,manual,0.82,
royal-13ml-clear-13-415-rollon,,SKU,GB-RYL-CLR-13ML-ROL-SBLK,GB-RYL-CLR-13ML-ROL-SBLK,shopify,1000,deny,manual,0.74,
royal-13ml-clear-13-415-rollon,,SKU,GB-RYL-CLR-13ML-ROL-MCPR,GB-RYL-CLR-13ML-ROL-MCPR,shopify,1000,deny,manual,0.74,
royal-13ml-clear-13-415-rollon,,SKU,GB-RYL-CLR-13ML-ROL-MGLD,GB-RYL-CLR-13ML-ROL-MGLD,shopify,1000,deny,manual,0.74,
royal-13ml-clear-13-415-rollon,,SKU,GB-RYL-CLR-13ML-ROL-SGLD,GB-RYL-CLR-13ML-ROL-SGLD,shopify,1000,deny,manual,0.74,
royal-13ml-clear-13-415-rollon,,SKU,GB-RYL-CLR-13ML-ROL-PKDT,GB-RYL-CLR-13ML-ROL-PKDT,shopify,1000,deny,manual,0.81,
circle-100ml-clear-18-415-lotionpump,100 ml Clear Circle Lotion Pump Bottle,SKU,LB-CIR-CLR-100ML-LPM-COCP,LB-CIR-CLR-100ML-LPM-COCP,shopify,1000,deny,manual,3.05,active
circle-100ml-clear-18-415-lotionpump,,SKU,LB-CIR-CLR-100ML-LPM-MGLD,LB-CIR-CLR-100ML-LPM-MGLD,shopify,1000,deny,manual,3.05,
circle-100ml-clear-18-415-lotionpump,,SKU,LB-CIR-CLR-100ML-LPM-SGLD,LB-CIR-CLR-100ML-LPM-SGLD,shopify,1000,deny,manual,3.05,
circle-100ml-clear-18-415-lotionpump,,SKU,LB-CIR-CLR-100ML-LPM-SBLK,LB-CIR-CLR-100ML-LPM-SBLK,shopify,1000,deny,manual,3.05,
circle-100ml-clear-18-415-lotionpump,,SKU,LB-CIR-CLR-100ML-LPM-MSLV,LB-CIR-CLR-100ML-LPM-MSLV,shopify,1000,deny,manual,3.05,
circle-100ml-clear-18-415-lotionpump,,SKU,LB-CIR-CLR-100ML-LPM-SSLV,LB-CIR-CLR-100ML-LPM-SSLV,shopify,1000,deny,manual,3.05,
circle-100ml-clear-18-415-lotionpump,,SKU,LB-CIR-CLR-100ML-LPM-CPR,LB-CIR-CLR-100ML-LPM-CPR,shopify,1000,deny,manual,3.05,
round-78ml-frosted-18-415-reducer,78 ml Frosted Round Reducer Bottle,SKU,GB-RND-FRS-78ML-RDC-MSLV-T,GB-RND-FRS-78ML-RDC-MSLV-T,shopify,1000,deny,manual,2.52,active
round-78ml-frosted-18-415-reducer,,SKU,GB-RND-FRS-78ML-RDC-MSLV,GB-RND-FRS-78ML-RDC-MSLV,shopify,1000,deny,manual,2.52,
round-78ml-frosted-18-415-reducer,,SKU,GB-RND-FRS-78ML-RDC-WHT,GB-RND-FRS-78ML-RDC-WHT,shopify,1000,deny,manual,2.52,
round-78ml-frosted-18-415-reducer,,SKU,GB-RND-FRS-78ML-RDC-IVLT,GB-RND-FRS-78ML-RDC-IVLT,shopify,1000,deny,manual,2.80,
round-78ml-frosted-18-415-reducer,,SKU,GB-RND-FRS-78ML-RDC-PKLT,GB-RND-FRS-78ML-RDC-PKLT,shopify,1000,deny,manual,2.80,
round-78ml-frosted-18-415-reducer,,SKU,GB-RND-FRS-78ML-RDC-BKLT,GB-RND-FRS-78ML-RDC-BKLT,shopify,1000,deny,manual,2.80,
round-78ml-frosted-18-415-reducer,,SKU,GB-RND-FRS-78ML-RDC-SGLD,GB-RND-FRS-78ML-RDC-SGLD,shopify,1000,deny,manual,2.52,
round-78ml-frosted-18-415-reducer,,SKU,GB-RND-FRS-78ML-RDC-SBLK-T,GB-RND-FRS-78ML-RDC-SBLK-T,shopify,1000,deny,manual,2.52,
round-78ml-frosted-18-415-reducer,,SKU,GB-RND-FRS-78ML-RDC-SBLK,GB-RND-FRS-78ML-RDC-SBLK,shopify,1000,deny,manual,2.52,
round-78ml-frosted-18-415-reducer,,SKU,GB-RND-FRS-78ML-RDC-BRLT,GB-RND-FRS-78ML-RDC-BRLT,shopify,1000,deny,manual,2.80,
round-78ml-frosted-18-415-reducer,,SKU,GB-RND-FRS-78ML-RDC-LBLT,GB-RND-FRS-78ML-RDC-LBLT,shopify,1000,deny,manual,2.80,
round-78ml-frosted-18-415-reducer,,SKU,GB-RND-FRS-78ML-RDC-SSLV,GB-RND-FRS-78ML-RDC-SSLV,shopify,1000,deny,manual,2.52,
round-78ml-frosted-18-415-reducer,,SKU,GB-RND-FRS-78ML-RDC-MSLV-01,GB-RND-FRS-78ML-RDC-MSLV-01,,0,deny,manual,2.52,
round-78ml-frosted-18-415-reducer,,SKU,GB-RND-FRS-78ML-RDC-SBLK-01,GB-RND-FRS-78ML-RDC-SBLK-01,,0,deny,manual,2.52,
empire-50ml-clear-18-415-antiquespray-tassel,50 ml Clear Empire Vintage Bulb Spray Bottle with Tassel,SKU,GB-EMP-CLR-50ML-AST-RED,GB-EMP-CLR-50ML-AST-RED,shopify,1000,deny,manual,6.90,active
empire-50ml-clear-18-415-antiquespray-tassel,,SKU,GB-EMP-CLR-50ML-AST-WHT,GB-EMP-CLR-50ML-AST-WHT,shopify,1000,deny,manual,6.90,
empire-50ml-clear-18-415-antiquespray-tassel,,SKU,GB-EMP-CLR-50ML-AST-MSLV,GB-EMP-CLR-50ML-AST-MSLV,shopify,1000,deny,manual,6.90,
empire-50ml-clear-18-415-antiquespray-tassel,,SKU,GB-EMP-CLR-50ML-AST-BLK,GB-EMP-CLR-50ML-AST-BLK,shopify,1000,deny,manual,6.90,
empire-50ml-clear-18-415-antiquespray-tassel,,SKU,GB-EMP-CLR-50ML-AST-GLD,GB-EMP-CLR-50ML-AST-GLD,shopify,1000,deny,manual,6.90,
empire-50ml-clear-18-415-antiquespray-tassel,,SKU,GB-EMP-CLR-50ML-AST-IVGD,GB-EMP-CLR-50ML-AST-IVGD,shopify,1000,deny,manual,6.90,
empire-50ml-clear-18-415-antiquespray-tassel,,SKU,GB-EMP-CLR-50ML-AST-LVN,GB-EMP-CLR-50ML-AST-LVN,shopify,1000,deny,manual,6.90,
empire-50ml-clear-18-415-antiquespray-tassel,,SKU,GB-EMP-CLR-50ML-AST-PNK,GB-EMP-CLR-50ML-AST-PNK,shopify,1000,deny,manual,6.90,
empire-50ml-clear-18-415-antiquespray-tassel,,SKU,GB-EMP-CLR-50ML-AST-IVSL,GB-EMP-CLR-50ML-AST-IVSL,shopify,1000,deny,manual,6.90,
round-128ml-frosted-18-415-antiquespray,128 ml Frosted Round Vintage Bulb Spray Bottle,SKU,GB-RND-FRS-128ML-ASP-RED,GB-RND-FRS-128ML-ASP-RED,shopify,1000,deny,manual,6.40,active
round-128ml-frosted-18-415-antiquespray,,SKU,GB-RND-FRS-128ML-ASP-MSLV,GB-RND-FRS-128ML-ASP-MSLV,shopify,1000,deny,manual,6.40,
round-128ml-frosted-18-415-antiquespray,,SKU,GB-RND-FRS-128ML-ASP-WHT,GB-RND-FRS-128ML-ASP-WHT,shopify,1000,deny,manual,6.40,
round-128ml-frosted-18-415-antiquespray,,SKU,GB-RND-FRS-128ML-ASP-08,GB-RND-FRS-128ML-ASP-08,shopify,1000,deny,manual,7.15,
round-128ml-frosted-18-415-antiquespray,,SKU,GB-RND-FRS-128ML-ASP-02,GB-RND-FRS-128ML-ASP-02,shopify,1000,deny,manual,7.15,
round-128ml-frosted-18-415-antiquespray,,SKU,GB-RND-FRS-128ML-ASP-03,GB-RND-FRS-128ML-ASP-03,shopify,1000,deny,manual,7.15,
round-128ml-frosted-18-415-antiquespray,,SKU,GB-RND-FRS-128ML-ASP-04,GB-RND-FRS-128ML-ASP-04,shopify,1000,deny,manual,7.15,
round-128ml-frosted-18-415-antiquespray,,SKU,GB-RND-FRS-128ML-ASP-05,GB-RND-FRS-128ML-ASP-05,shopify,1000,deny,manual,7.15,
round-128ml-frosted-18-415-antiquespray,,SKU,GB-RND-FRS-128ML-ASP-07,GB-RND-FRS-128ML-ASP-07,shopify,1000,deny,manual,7.15,
round-128ml-frosted-18-415-antiquespray,,SKU,GB-RND-FRS-128ML-ASP-09,GB-RND-FRS-128ML-ASP-09,shopify,1000,deny,manual,7.15,
round-128ml-frosted-18-415-antiquespray,,SKU,GB-RND-FRS-128ML-ASP-06,GB-RND-FRS-128ML-ASP-06,shopify,1000,deny,manual,7.15,
round-128ml-frosted-18-415-antiquespray,,SKU,GB-RND-FRS-128ML-ASP-BLK,GB-RND-FRS-128ML-ASP-BLK,shopify,1000,deny,manual,6.40,
round-128ml-frosted-18-415-antiquespray,,SKU,GB-RND-FRS-128ML-ASP-01,GB-RND-FRS-128ML-ASP-01,shopify,1000,deny,manual,7.15,
round-128ml-frosted-18-415-antiquespray,,SKU,GB-RND-FRS-128ML-ASP-SGLD,GB-RND-FRS-128ML-ASP-SGLD,shopify,1000,deny,manual,6.40,
round-128ml-frosted-18-415-antiquespray,,SKU,GB-RND-FRS-128ML-ASP-IVGD,GB-RND-FRS-128ML-ASP-IVGD,shopify,1000,deny,manual,6.40,
round-128ml-frosted-18-415-antiquespray,,SKU,GB-RND-FRS-128ML-ASP-IVSL,GB-RND-FRS-128ML-ASP-IVSL,shopify,1000,deny,manual,6.40,
round-128ml-frosted-18-415-antiquespray,,SKU,GB-RND-FRS-128ML-ASP-LVN,GB-RND-FRS-128ML-ASP-LVN,shopify,1000,deny,manual,6.40,
round-128ml-frosted-18-415-antiquespray,,SKU,GB-RND-FRS-128ML-ASP-PNK,GB-RND-FRS-128ML-ASP-PNK,shopify,1000,deny,manual,6.40,
elegant-100ml-frosted-18-415-lotionpump,100 ml Frosted Elegant Lotion Pump Bottle,SKU,LB-ELG-FRS-100ML-LPM-MGLD,LB-ELG-FRS-100ML-LPM-MGLD,shopify,1000,deny,manual,3.80,active
elegant-100ml-frosted-18-415-lotionpump,,SKU,LB-ELG-FRS-100ML-LPM-SGLD,LB-ELG-FRS-100ML-LPM-SGLD,shopify,1000,deny,manual,3.80,
elegant-100ml-frosted-18-415-lotionpump,,SKU,LB-ELG-FRS-100ML-LPM-SBLK,LB-ELG-FRS-100ML-LPM-SBLK,shopify,1000,deny,manual,3.80,
elegant-100ml-frosted-18-415-lotionpump,,SKU,LB-ELG-FRS-100ML-LPM-MSLV,LB-ELG-FRS-100ML-LPM-MSLV,shopify,1000,deny,manual,3.80,
elegant-100ml-frosted-18-415-lotionpump,,SKU,LB-ELG-FRS-100ML-LPM-SSLV,LB-ELG-FRS-100ML-LPM-SSLV,shopify,1000,deny,manual,3.80,
elegant-100ml-frosted-18-415-lotionpump,,SKU,LB-ELG-FRS-100ML-LPM-OVCP-T,LB-ELG-FRS-100ML-LPM-OVCP-T,shopify,1000,deny,manual,3.80,
elegant-100ml-frosted-18-415-lotionpump,,SKU,LB-ELG-FRS-100ML-LPM-CPR,LB-ELG-FRS-100ML-LPM-CPR,shopify,1000,deny,manual,3.80,
elegant-100ml-frosted-18-415-lotionpump,,SKU,LB-ELG-FRS-100ML-LPM-COCP,LB-ELG-FRS-100ML-LPM-COCP,shopify,1000,deny,manual,3.80,
circle-100ml-frosted-18-415-lotionpump,100 ml Frosted Circle Lotion Pump Bottle,SKU,LB-CIR-FRS-100ML-LPM-COCP,LB-CIR-FRS-100ML-LPM-COCP,shopify,1000,deny,manual,3.55,active
circle-100ml-frosted-18-415-lotionpump,,SKU,LB-CIR-FRS-100ML-LPM-MGLD,LB-CIR-FRS-100ML-LPM-MGLD,shopify,1000,deny,manual,3.55,
circle-100ml-frosted-18-415-lotionpump,,SKU,LB-CIR-FRS-100ML-LPM-SGLD,LB-CIR-FRS-100ML-LPM-SGLD,shopify,1000,deny,manual,3.55,
circle-100ml-frosted-18-415-lotionpump,,SKU,LB-CIR-FRS-100ML-LPM-SBLK,LB-CIR-FRS-100ML-LPM-SBLK,shopify,1000,deny,manual,3.55,
circle-100ml-frosted-18-415-lotionpump,,SKU,LB-CIR-FRS-100ML-LPM-MSLV,LB-CIR-FRS-100ML-LPM-MSLV,shopify,1000,deny,manual,3.55,
circle-100ml-frosted-18-415-lotionpump,,SKU,LB-CIR-FRS-100ML-LPM-SSLV,LB-CIR-FRS-100ML-LPM-SSLV,shopify,1000,deny,manual,3.55,
circle-100ml-frosted-18-415-lotionpump,,SKU,LB-CIR-FRS-100ML-LPM-CPR,LB-CIR-FRS-100ML-LPM-CPR,shopify,1000,deny,manual,3.55,
square-15ml-clear-13-415-rollon,15 ml Clear Square Roll-On Bottle,SKU,GB-SQR-CLR-15ML-MRL-SBLK,GB-SQR-CLR-15ML-MRL-SBLK,shopify,1000,deny,manual,0.85,active
square-15ml-clear-13-415-rollon,,SKU,GB-SQR-CLR-15ML-MRL-MCPR,GB-SQR-CLR-15ML-MRL-MCPR,shopify,1000,deny,manual,0.85,
square-15ml-clear-13-415-rollon,,SKU,GB-SQR-CLR-15ML-MRL-MGLD,GB-SQR-CLR-15ML-MRL-MGLD,shopify,1000,deny,manual,0.85,
square-15ml-clear-13-415-rollon,,SKU,GB-SQR-CLR-15ML-MRL-SGLD,GB-SQR-CLR-15ML-MRL-SGLD,shopify,1000,deny,manual,0.85,
square-15ml-clear-13-415-rollon,,SKU,GB-SQR-CLR-15ML-MRL-PKDT,GB-SQR-CLR-15ML-MRL-PKDT,shopify,1000,deny,manual,0.92,
square-15ml-clear-13-415-rollon,,SKU,GB-SQR-CLR-15ML-MRL-SLDT,GB-SQR-CLR-15ML-MRL-SLDT,shopify,1000,deny,manual,0.92,
square-15ml-clear-13-415-rollon,,SKU,GB-SQR-CLR-15ML-MRL-MSLV,GB-SQR-CLR-15ML-MRL-MSLV,shopify,1000,deny,manual,0.85,
square-15ml-clear-13-415-rollon,,SKU,GB-SQR-CLR-15ML-MRL-SSLV,GB-SQR-CLR-15ML-MRL-SSLV,shopify,1000,deny,manual,0.85,
square-15ml-clear-13-415-rollon,,SKU,GB-SQR-CLR-15ML-ROL-SSLV,GB-SQR-CLR-15ML-ROL-SSLV,shopify,1000,deny,manual,0.77,
square-15ml-clear-13-415-rollon,,SKU,GB-SQR-CLR-15ML-ROL-SGLD,GB-SQR-CLR-15ML-ROL-SGLD,shopify,1000,deny,manual,0.77,
square-15ml-clear-13-415-rollon,,SKU,GB-SQR-CLR-15ML-ROL-SBLK,GB-SQR-CLR-15ML-ROL-SBLK,shopify,1000,deny,manual,0.77,
square-15ml-clear-13-415-rollon,,SKU,GB-SQR-CLR-15ML-ROL-MCPR,GB-SQR-CLR-15ML-ROL-MCPR,shopify,1000,deny,manual,0.77,
square-15ml-clear-13-415-rollon,,SKU,GB-SQR-CLR-15ML-ROL-MGLD,GB-SQR-CLR-15ML-ROL-MGLD,shopify,1000,deny,manual,0.77,
square-15ml-clear-13-415-rollon,,SKU,GB-SQR-CLR-15ML-ROL-PKDT,GB-SQR-CLR-15ML-ROL-PKDT,shopify,1000,deny,manual,0.84,
square-15ml-clear-13-415-rollon,,SKU,GB-SQR-CLR-15ML-ROL-SLDT,GB-SQR-CLR-15ML-ROL-SLDT,shopify,1000,deny,manual,0.84,
square-15ml-clear-13-415-rollon,,SKU,GB-SQR-CLR-15ML-ROL-MSLV,GB-SQR-CLR-15ML-ROL-MSLV,shopify,1000,deny,manual,0.77,
square-15ml-clear-13-415-rollon,,SKU,GB-SQR-CLR-15ML-ROL-BKDT,GB-SQR-CLR-15ML-ROL-BKDT,shopify,1000,deny,manual,0.84,
square-15ml-clear-13-415-rollon,,SKU,GB-SQR-CLR-15ML-MRL-BKDT,GB-SQR-CLR-15ML-MRL-BKDT,shopify,1000,deny,manual,0.92,
cylinder-100ml-clear-18-415-lotionpump,100 ml Clear Cylinder Lotion Pump Bottle,SKU,LB-CYL-CLR-100ML-LPM-COCP,LB-CYL-CLR-100ML-LPM-COCP,shopify,1000,deny,manual,3.05,active
cylinder-100ml-clear-18-415-lotionpump,,SKU,LB-CYL-CLR-100ML-LPM-SBLK,LB-CYL-CLR-100ML-LPM-SBLK,shopify,1000,deny,manual,3.05,
cylinder-100ml-clear-18-415-lotionpump,,SKU,LB-CYL-CLR-100ML-LPM-SGLD,LB-CYL-CLR-100ML-LPM-SGLD,shopify,1000,deny,manual,3.05,
cylinder-100ml-clear-18-415-lotionpump,,SKU,LB-CYL-CLR-100ML-LPM-SSLV,LB-CYL-CLR-100ML-LPM-SSLV,shopify,1000,deny,manual,3.05,
cylinder-100ml-clear-18-415-lotionpump,,SKU,LB-CYL-CLR-100ML-LPM-MGLD,LB-CYL-CLR-100ML-LPM-MGLD,shopify,1000,deny,manual,3.05,
cylinder-100ml-clear-18-415-lotionpump,,SKU,LB-CYL-CLR-100ML-LPM-MSLV,LB-CYL-CLR-100ML-LPM-MSLV,shopify,1000,deny,manual,3.05,
cylinder-100ml-clear-18-415-lotionpump,,SKU,LB-CYL-CLR-100ML-LPM-CPR,LB-CYL-CLR-100ML-LPM-CPR,shopify,1000,deny,manual,3.05,
diva-100ml-clear-18-415-lotionpump,100 ml Clear Diva Lotion Pump Bottle,SKU,LB-DVA-CLR-100ML-LPM-COCP,LB-DVA-CLR-100ML-LPM-COCP,shopify,1000,deny,manual,3.45,active
diva-100ml-clear-18-415-lotionpump,,SKU,LB-DVA-CLR-100ML-LPM-MGLD,LB-DVA-CLR-100ML-LPM-MGLD,shopify,1000,deny,manual,3.45,
diva-100ml-clear-18-415-lotionpump,,SKU,LB-DVA-CLR-100ML-LPM-SGLD,LB-DVA-CLR-100ML-LPM-SGLD,shopify,1000,deny,manual,3.45,
diva-100ml-clear-18-415-lotionpump,,SKU,LB-DVA-CLR-100ML-LPM-SBLK,LB-DVA-CLR-100ML-LPM-SBLK,shopify,1000,deny,manual,3.45,
diva-100ml-clear-18-415-lotionpump,,SKU,LB-DVA-CLR-100ML-LPM-MSLV,LB-DVA-CLR-100ML-LPM-MSLV,shopify,1000,deny,manual,3.45,
diva-100ml-clear-18-415-lotionpump,,SKU,LB-DVA-CLR-100ML-LPM-SSLV,LB-DVA-CLR-100ML-LPM-SSLV,shopify,1000,deny,manual,3.45,
diva-100ml-clear-18-415-lotionpump,,SKU,LB-DVA-CLR-100ML-LPM-CPR,LB-DVA-CLR-100ML-LPM-CPR,shopify,1000,deny,manual,3.45,
circle-15ml-clear-13-415-rollon,15 ml Clear Circle Roll-On Bottle,SKU,GB-CIR-CLR-15ML-ROL-SBLK,GB-CIR-CLR-15ML-ROL-SBLK,shopify,1000,deny,manual,0.74,active
circle-15ml-clear-13-415-rollon,,SKU,GB-CIR-CLR-15ML-ROL-MCPR,GB-CIR-CLR-15ML-ROL-MCPR,shopify,1000,deny,manual,0.74,
circle-15ml-clear-13-415-rollon,,SKU,GB-CIR-CLR-15ML-ROL-MGLD,GB-CIR-CLR-15ML-ROL-MGLD,shopify,1000,deny,manual,0.74,
circle-15ml-clear-13-415-rollon,,SKU,GB-CIR-CLR-15ML-ROL-SGLD,GB-CIR-CLR-15ML-ROL-SGLD,shopify,1000,deny,manual,0.74,
circle-15ml-clear-13-415-rollon,,SKU,GB-CIR-CLR-15ML-ROL-PKDT,GB-CIR-CLR-15ML-ROL-PKDT,shopify,1000,deny,manual,0.81,
circle-15ml-clear-13-415-rollon,,SKU,GB-CIR-CLR-15ML-ROL-SLDT,GB-CIR-CLR-15ML-ROL-SLDT,shopify,1000,deny,manual,0.81,
circle-15ml-clear-13-415-rollon,,SKU,GB-CIR-CLR-15ML-ROL-MSLV,GB-CIR-CLR-15ML-ROL-MSLV,shopify,1000,deny,manual,0.74,
circle-15ml-clear-13-415-rollon,,SKU,GB-CIR-CLR-15ML-ROL-SSLV,GB-CIR-CLR-15ML-ROL-SSLV,shopify,1000,deny,manual,0.74,
circle-15ml-clear-13-415-rollon,,SKU,GB-CIR-CLR-15ML-ROL-BKDT,GB-CIR-CLR-15ML-ROL-BKDT,shopify,1000,deny,manual,0.81,
circle-15ml-clear-13-415-rollon,,SKU,GB-CIR-CLR-15ML-MRL-BKDT,GB-CIR-CLR-15ML-MRL-BKDT,shopify,1000,deny,manual,0.89,
circle-15ml-clear-13-415-rollon,,SKU,GB-CIR-CLR-15ML-MRL-SBLK,GB-CIR-CLR-15ML-MRL-SBLK,shopify,1000,deny,manual,0.82,
circle-15ml-clear-13-415-rollon,,SKU,GB-CIR-CLR-15ML-MRL-MCPR,GB-CIR-CLR-15ML-MRL-MCPR,shopify,1000,deny,manual,0.82,
circle-15ml-clear-13-415-rollon,,SKU,GB-CIR-CLR-15ML-MRL-MGLD,GB-CIR-CLR-15ML-MRL-MGLD,shopify,1000,deny,manual,0.82,
circle-15ml-clear-13-415-rollon,,SKU,GB-CIR-CLR-15ML-MRL-SGLD,GB-CIR-CLR-15ML-MRL-SGLD,shopify,1000,deny,manual,0.82,
circle-15ml-clear-13-415-rollon,,SKU,GB-CIR-CLR-15ML-MRL-PKDT,GB-CIR-CLR-15ML-MRL-PKDT,shopify,1000,deny,manual,0.89,
circle-15ml-clear-13-415-rollon,,SKU,GB-CIR-CLR-15ML-MRL-SLDT,GB-CIR-CLR-15ML-MRL-SLDT,shopify,1000,deny,manual,0.89,
circle-15ml-clear-13-415-rollon,,SKU,GB-CIR-CLR-15ML-MRL-MSLV,GB-CIR-CLR-15ML-MRL-MSLV,shopify,1000,deny,manual,0.82,
circle-15ml-clear-13-415-rollon,,SKU,GB-CIR-CLR-15ML-MRL-SSLV,GB-CIR-CLR-15ML-MRL-SSLV,shopify,1000,deny,manual,0.82,
sleek-50ml-clear-18-415-antiquespray,50 ml Clear Sleek Vintage Bulb Spray Bottle,SKU,GB-SLK-CLR-50ML-ASP-LVN,GB-SLK-CLR-50ML-ASP-LVN,shopify,1000,deny,manual,5.55,active
sleek-50ml-clear-18-415-antiquespray,,SKU,GB-SLK-CLR-50ML-ASP-PNK,GB-SLK-CLR-50ML-ASP-PNK,shopify,1000,deny,manual,5.55,
sleek-50ml-clear-18-415-antiquespray,,SKU,GB-SLK-CLR-50ML-ASP-MSLV,GB-SLK-CLR-50ML-ASP-MSLV,shopify,1000,deny,manual,5.55,
sleek-50ml-clear-18-415-antiquespray,,SKU,GB-SLK-CLR-50ML-ASP-IVSL,GB-SLK-CLR-50ML-ASP-IVSL,shopify,1000,deny,manual,5.55,
sleek-50ml-clear-18-415-antiquespray,,SKU,GB-SLK-CLR-50ML-ASP-GLD,GB-SLK-CLR-50ML-ASP-GLD,shopify,1000,deny,manual,5.55,
sleek-50ml-clear-18-415-antiquespray,,SKU,GB-SLK-CLR-50ML-ASP-IVGD,GB-SLK-CLR-50ML-ASP-IVGD,shopify,1000,deny,manual,5.55,
sleek-50ml-clear-18-415-antiquespray,,SKU,GB-SLK-CLR-50ML-ASP-WHT,GB-SLK-CLR-50ML-ASP-WHT,shopify,1000,deny,manual,5.55,
sleek-50ml-clear-18-415-antiquespray,,SKU,GB-SLK-CLR-50ML-ASP-RED,GB-SLK-CLR-50ML-ASP-RED,shopify,1000,deny,manual,5.55,
sleek-50ml-clear-18-415-antiquespray,,SKU,GB-SLK-CLR-50ML-ASP-BLK,GB-SLK-CLR-50ML-ASP-BLK,shopify,1000,deny,manual,5.55,
atomizer-10ml,10 ml Atomizer Bottle,SKU,GB-CYL-BLK-10ML-ATM-BLK-01,GB-CYL-BLK-10ML-ATM-BLK-01,shopify,1000,deny,manual,3.15,active
atomizer-10ml,,SKU,GB-CYL-BLK-10ML-ATM-BLK-02,GB-CYL-BLK-10ML-ATM-BLK-02,shopify,1000,deny,manual,3.40,
atomizer-10ml,,SKU,GB-CYL-BLU-10ML-ATM-BLU,GB-CYL-BLU-10ML-ATM-BLU,shopify,1000,deny,manual,3.15,
atomizer-10ml,,SKU,GB-CYL-CLR-10ML-ATM-GLD,GB-CYL-CLR-10ML-ATM-GLD,shopify,1000,deny,manual,3.15,
atomizer-10ml,,SKU,GB-CYL-GRN-10ML-ATM-GRN,GB-CYL-GRN-10ML-ATM-GRN,shopify,1000,deny,manual,3.15,
atomizer-10ml,,SKU,GB-CYL-CLR-10ML-ATM-LVN,GB-CYL-CLR-10ML-ATM-LVN,shopify,1000,deny,manual,3.15,
atomizer-10ml,,SKU,GB-CYL-PNK-10ML-ATM-PNK,GB-CYL-PNK-10ML-ATM-PNK,shopify,1000,deny,manual,3.15,
atomizer-10ml,,SKU,GB-CYL-CLR-10ML-ATM-RED,GB-CYL-CLR-10ML-ATM-RED,shopify,1000,deny,manual,3.15,
atomizer-10ml,,SKU,GB-CYL-CLR-10ML-ATM-SLV-01,GB-CYL-CLR-10ML-ATM-SLV-01,shopify,1000,deny,manual,3.15,
atomizer-10ml,,SKU,GB-CYL-CLR-10ML-ATM-SLV-02,GB-CYL-CLR-10ML-ATM-SLV-02,shopify,1000,deny,manual,3.40,
atomizer-10ml,,SKU,GB-CYL-CLR-10ML-ATM-SLV-03,GB-CYL-CLR-10ML-ATM-SLV-03,shopify,1000,deny,manual,3.40,
elegant-100ml-clear-18-415-lotionpump,100 ml Clear Elegant Lotion Pump Bottle,SKU,LB-ELG-CLR-100ML-LPM-COCP,LB-ELG-CLR-100ML-LPM-COCP,shopify,1000,deny,manual,3.30,active
elegant-100ml-clear-18-415-lotionpump,,SKU,LB-ELG-CLR-100ML-LPM-MGLD,LB-ELG-CLR-100ML-LPM-MGLD,shopify,1000,deny,manual,3.30,
elegant-100ml-clear-18-415-lotionpump,,SKU,LB-ELG-CLR-100ML-LPM-SGLD,LB-ELG-CLR-100ML-LPM-SGLD,shopify,1000,deny,manual,3.30,
elegant-100ml-clear-18-415-lotionpump,,SKU,LB-ELG-CLR-100ML-LPM-SBLK,LB-ELG-CLR-100ML-LPM-SBLK,shopify,1000,deny,manual,3.30,
elegant-100ml-clear-18-415-lotionpump,,SKU,LB-ELG-CLR-100ML-LPM-MSLV,LB-ELG-CLR-100ML-LPM-MSLV,shopify,1000,deny,manual,3.30,
elegant-100ml-clear-18-415-lotionpump,,SKU,LB-ELG-CLR-100ML-LPM-SSLV,LB-ELG-CLR-100ML-LPM-SSLV,shopify,1000,deny,manual,3.30,
elegant-100ml-clear-18-415-lotionpump,,SKU,LB-ELG-CLR-100ML-LPM-CPR,LB-ELG-CLR-100ML-LPM-CPR,shopify,1000,deny,manual,3.30,
elegant-100ml-clear-18-415-lotionpump,,SKU,LB-ELG-CLR-100ML-LPM-OVCP-T,LB-ELG-CLR-100ML-LPM-OVCP-T,shopify,1000,deny,manual,3.30,
elegant-30ml-clear-15-415-perfumespray,30 ml Clear Elegant Bottle,SKU,GB-ELG-CLR-30ML-SPR-SGLD,GB-ELG-CLR-30ML-SPR-SGLD,shopify,1000,deny,manual,2.25,active
elegant-30ml-clear-15-415-perfumespray,,SKU,GB-ELG-CLR-30ML-SPR-SSLV,GB-ELG-CLR-30ML-SPR-SSLV,shopify,1000,deny,manual,2.25,
elegant-30ml-clear-15-415-perfumespray,,SKU,GB-ELG-CLR-30ML-SPR-MSLV,GB-ELG-CLR-30ML-SPR-MSLV,shopify,1000,deny,manual,2.25,
elegant-30ml-clear-15-415-perfumespray,,SKU,GB-ELG-CLR-30ML-SPR-MGLD,GB-ELG-CLR-30ML-SPR-MGLD,shopify,1000,deny,manual,2.25,
elegant-30ml-clear-15-415-perfumespray,,SKU,GB-ELG-BLK-30ML-SPR-BLK,GB-ELG-BLK-30ML-SPR-BLK,shopify,1000,deny,manual,2.25,
empire-100ml-clear-18-415-lotionpump,100 ml Clear Empire Lotion Pump Bottle,SKU,LB-EMP-CLR-100ML-LPM-COCP,LB-EMP-CLR-100ML-LPM-COCP,shopify,1000,deny,manual,3.50,active
empire-100ml-clear-18-415-lotionpump,,SKU,LB-EMP-CLR-100ML-LPM-MGLD,LB-EMP-CLR-100ML-LPM-MGLD,shopify,1000,deny,manual,3.50,
empire-100ml-clear-18-415-lotionpump,,SKU,LB-EMP-CLR-100ML-LPM-SGLD,LB-EMP-CLR-100ML-LPM-SGLD,shopify,1000,deny,manual,3.50,
empire-100ml-clear-18-415-lotionpump,,SKU,LB-EMP-CLR-100ML-LPM-SBLK,LB-EMP-CLR-100ML-LPM-SBLK,shopify,1000,deny,manual,3.50,
empire-100ml-clear-18-415-lotionpump,,SKU,LB-EMP-CLR-100ML-LPM-MSLV,LB-EMP-CLR-100ML-LPM-MSLV,shopify,1000,deny,manual,3.50,
empire-100ml-clear-18-415-lotionpump,,SKU,LB-EMP-CLR-100ML-LPM-SSLV,LB-EMP-CLR-100ML-LPM-SSLV,shopify,1000,deny,manual,3.50,
empire-100ml-clear-18-415-lotionpump,,SKU,LB-EMP-CLR-100ML-LPM-OVCP-T,LB-EMP-CLR-100ML-LPM-OVCP-T,shopify,1000,deny,manual,3.50,
empire-100ml-clear-18-415-lotionpump,,SKU,LB-EMP-CLR-100ML-LPM-CPR,LB-EMP-CLR-100ML-LPM-CPR,shopify,1000,deny,manual,3.50,
circle-100ml-clear-18-415-reducer,100 ml Clear Circle Reducer Bottle,SKU,GB-CIR-CLR-100ML-RDC-PNK,GB-CIR-CLR-100ML-RDC-PNK,shopify,1000,deny,manual,2.30,active
circle-100ml-clear-18-415-reducer,,SKU,GB-CIR-CLR-100ML-RDC-SGLD,GB-CIR-CLR-100ML-RDC-SGLD,shopify,1000,deny,manual,2.02,
circle-100ml-clear-18-415-reducer,,SKU,GB-CIR-CLR-100ML-RDC-SBLK-T,GB-CIR-CLR-100ML-RDC-SBLK-T,shopify,1000,deny,manual,2.02,
circle-100ml-clear-18-415-reducer,,SKU,GB-CIR-CLR-100ML-RDC-SBLK,GB-CIR-CLR-100ML-RDC-SBLK,shopify,1000,deny,manual,2.02,
circle-100ml-clear-18-415-reducer,,SKU,GB-CIR-CLR-100ML-RDC-01,GB-CIR-CLR-100ML-RDC-01,shopify,1000,deny,manual,2.30,
circle-100ml-clear-18-415-reducer,,SKU,GB-CIR-CLR-100ML-RDC-02,GB-CIR-CLR-100ML-RDC-02,shopify,1000,deny,manual,2.30,
circle-100ml-clear-18-415-reducer,,SKU,GB-CIR-CLR-100ML-RDC-SSLV,GB-CIR-CLR-100ML-RDC-SSLV,shopify,1000,deny,manual,2.02,
circle-100ml-clear-18-415-reducer,,SKU,GB-CIR-CLR-100ML-RDC-MSLV-T,GB-CIR-CLR-100ML-RDC-MSLV-T,shopify,1000,deny,manual,2.02,
circle-100ml-clear-18-415-reducer,,SKU,GB-CIR-CLR-100ML-RDC-MSLV,GB-CIR-CLR-100ML-RDC-MSLV,shopify,1000,deny,manual,2.02,
circle-100ml-clear-18-415-reducer,,SKU,GB-CIR-CLR-100ML-RDC-WHT,GB-CIR-CLR-100ML-RDC-WHT,shopify,1000,deny,manual,2.02,
circle-100ml-clear-18-415-reducer,,SKU,GB-CIR-CLR-100ML-RDC-IVR,GB-CIR-CLR-100ML-RDC-IVR,shopify,1000,deny,manual,2.30,
circle-100ml-clear-18-415-reducer,,SKU,GB-CIR-CLR-100ML-RDC-BKLT,GB-CIR-CLR-100ML-RDC-BKLT,shopify,1000,deny,manual,2.30,
circle-100ml-clear-18-415-reducer,,SKU,GB-CIR-CLR-100ML-RDC-SBLK-01,GB-CIR-CLR-100ML-RDC-SBLK-01,,0,deny,manual,2.02,
sleek-100ml-clear-18-415-lotionpump,100 ml Clear Sleek Lotion Pump Bottle,SKU,LB-SLK-CLR-100ML-LPM-COCP,LB-SLK-CLR-100ML-LPM-COCP,shopify,1000,deny,manual,3.05,active
sleek-100ml-clear-18-415-lotionpump,,SKU,LB-SLK-CLR-100ML-LPM-SBLK,LB-SLK-CLR-100ML-LPM-SBLK,shopify,1000,deny,manual,3.05,
sleek-100ml-clear-18-415-lotionpump,,SKU,LB-SLK-CLR-100ML-LPM-SGLD,LB-SLK-CLR-100ML-LPM-SGLD,shopify,1000,deny,manual,3.05,
sleek-100ml-clear-18-415-lotionpump,,SKU,LB-SLK-CLR-100ML-LPM-SSLV,LB-SLK-CLR-100ML-LPM-SSLV,shopify,1000,deny,manual,3.05,
sleek-100ml-clear-18-415-lotionpump,,SKU,LB-SLK-CLR-100ML-LPM-COCP-T,LB-SLK-CLR-100ML-LPM-COCP-T,shopify,1000,deny,manual,3.75,
sleek-100ml-clear-18-415-lotionpump,,SKU,LB-SLK-CLR-100ML-LPM-MGLD,LB-SLK-CLR-100ML-LPM-MGLD,shopify,1000,deny,manual,3.05,
sleek-100ml-clear-18-415-lotionpump,,SKU,LB-SLK-CLR-100ML-LPM-MSLV,LB-SLK-CLR-100ML-LPM-MSLV,shopify,1000,deny,manual,3.05,
sleek-100ml-clear-18-415-lotionpump,,SKU,LB-SLK-CLR-100ML-LPM-CPR,LB-SLK-CLR-100ML-LPM-CPR,shopify,1000,deny,manual,3.05,
slim-100ml-clear-18-415-lotionpump,100 ml Clear Slim Lotion Pump Bottle,SKU,LB-SLM-CLR-100ML-LPM-CPR,LB-SLM-CLR-100ML-LPM-CPR,shopify,1000,deny,manual,3.05,active
slim-100ml-clear-18-415-lotionpump,,SKU,LB-SLM-CLR-100ML-LPM-SSLV,LB-SLM-CLR-100ML-LPM-SSLV,shopify,1000,deny,manual,3.05,
slim-100ml-clear-18-415-lotionpump,,SKU,LB-SLM-CLR-100ML-LPM-SGLD,LB-SLM-CLR-100ML-LPM-SGLD,shopify,1000,deny,manual,3.05,
slim-100ml-clear-18-415-lotionpump,,SKU,LB-SLM-CLR-100ML-LPM-SBLK,LB-SLM-CLR-100ML-LPM-SBLK,shopify,1000,deny,manual,3.05,
slim-100ml-clear-18-415-lotionpump,,SKU,LB-SLM-CLR-100ML-LPM-MGLD,LB-SLM-CLR-100ML-LPM-MGLD,shopify,1000,deny,manual,3.05,
slim-100ml-clear-18-415-lotionpump,,SKU,LB-SLM-CLR-100ML-LPM-MSLV,LB-SLM-CLR-100ML-LPM-MSLV,shopify,1000,deny,manual,3.05,
slim-100ml-clear-18-415-lotionpump,,SKU,LB-SLM-CLR-100ML-MSLV-T,LB-SLM-CLR-100ML-MSLV-T,shopify,1000,deny,manual,3.05,
aluminum-bottle-120ml-mixed-20-410,120 ml Aluminum Bottle Bottle with Cap,SKU,AB-ALU-CLR-120ML-LPM-WHT,AB-ALU-CLR-120ML-LPM-WHT,shopify,1000,deny,manual,0.35,active
aluminum-bottle-120ml-mixed-20-410,,SKU,AB-ALU-CLR-120ML-LPM-BLK,AB-ALU-CLR-120ML-LPM-BLK,shopify,1000,deny,manual,1.30,
elegant-30ml-frosted-15-415-perfumespray,30 ml Frosted Elegant Bottle,SKU,GB-ELG-FRS-30ML-SPR-SGLD,GB-ELG-FRS-30ML-SPR-SGLD,shopify,1000,deny,manual,2.75,active
elegant-30ml-frosted-15-415-perfumespray,,SKU,GB-ELG-FRS-30ML-SPR-SSLV,GB-ELG-FRS-30ML-SPR-SSLV,shopify,1000,deny,manual,2.75,
elegant-30ml-frosted-15-415-perfumespray,,SKU,GB-ELG-FRS-30ML-SPR-MSLV,GB-ELG-FRS-30ML-SPR-MSLV,shopify,1000,deny,manual,2.75,
elegant-30ml-frosted-15-415-perfumespray,,SKU,GB-ELG-FRS-30ML-SPR-MGLD,GB-ELG-FRS-30ML-SPR-MGLD,shopify,1000,deny,manual,2.75,
elegant-30ml-frosted-15-415-perfumespray,,SKU,GB-ELG-FRS-30ML-SPR-BLK,GB-ELG-FRS-30ML-SPR-BLK,shopify,1000,deny,manual,2.75,
round-128ml-clear-18-415-lotionpump,128 ml Clear Round Lotion Pump Bottle,SKU,LB-RND-CLR-128ML-LPM-SGLD,LB-RND-CLR-128ML-LPM-SGLD,shopify,1000,deny,manual,3.05,active
round-128ml-clear-18-415-lotionpump,,SKU,LB-RND-CLR-128ML-LPM-MSLV,LB-RND-CLR-128ML-LPM-MSLV,shopify,1000,deny,manual,3.05,
round-128ml-clear-18-415-lotionpump,,SKU,LB-RND-CLR-128ML-LPM-COCP,LB-RND-CLR-128ML-LPM-COCP,shopify,1000,deny,manual,3.05,
round-128ml-clear-18-415-lotionpump,,SKU,LB-RND-CLR-128ML-LPM-CPR,LB-RND-CLR-128ML-LPM-CPR,shopify,1000,deny,manual,3.05,
round-128ml-clear-18-415-lotionpump,,SKU,LB-RND-CLR-128ML-LPM-MGLD,LB-RND-CLR-128ML-LPM-MGLD,shopify,1000,deny,manual,3.05,
round-128ml-clear-18-415-lotionpump,,SKU,LB-RND-CLR-128ML-LPM-SBLK,LB-RND-CLR-128ML-LPM-SBLK,shopify,1000,deny,manual,3.05,
round-128ml-clear-18-415-lotionpump,,SKU,LB-RND-CLR-128ML-LPM-SSLV,LB-RND-CLR-128ML-LPM-SSLV,shopify,1000,deny,manual,3.05,
cylinder-28ml-clear-16mm-rollon,28 ml Clear Cylinder Roll-On Bottle,SKU,GB-CYL-CLR-28ML-MRL-02,GB-CYL-CLR-28ML-MRL-02,shopify,1000,deny,manual,1.15,active
cylinder-28ml-clear-16mm-rollon,,SKU,GB-CYL-CLR-28ML-RBL-WHT,GB-CYL-CLR-28ML-RBL-WHT,shopify,1000,deny,manual,0.85,
cylinder-28ml-clear-16mm-rollon,,SKU,GB-CYL-CLR-28ML-RBL,GB-CYL-CLR-28ML-RBL,shopify,1000,deny,manual,0.85,
cylinder-28ml-clear-16mm-rollon,,SKU,GB-CYL-CLR-28ML-MRL-01,GB-CYL-CLR-28ML-MRL-01,shopify,1000,deny,manual,1.15,
boston-round-30ml-clear-20-400-rollon,30 ml Clear Boston Round Roll-On Bottle,SKU,GB-BSR-CLR-30ML-MRO-MSLV,GB-BSR-CLR-30ML-MRO-MSLV,shopify,1000,deny,manual,1.07,active
boston-round-30ml-clear-20-400-rollon,,SKU,GB-BSR-CLR-30ML-MRO-SSLV,GB-BSR-CLR-30ML-MRO-SSLV,shopify,1000,deny,manual,1.07,
boston-round-30ml-clear-20-400-rollon,,SKU,GB-BSR-CLR-30ML-MRO-MBLK,GB-BSR-CLR-30ML-MRO-MBLK,shopify,1000,deny,manual,1.07,
boston-round-30ml-clear-20-400-rollon,,SKU,GB-BSR-CLR-30ML-MRO-GLD,GB-BSR-CLR-30ML-MRO-GLD,shopify,1000,deny,manual,1.07,
boston-round-30ml-clear-20-400-rollon,,SKU,GB-BSR-CLR-30ML-MRO-MGLD,GB-BSR-CLR-30ML-MRO-MGLD,shopify,1000,deny,manual,1.07,
boston-round-30ml-clear-20-400-rollon,,SKU,GB-BSR-CLR-30ML-RBL-SBLK,GB-BSR-CLR-30ML-RBL-SBLK,shopify,1000,deny,manual,0.92,
boston-round-30ml-clear-20-400-rollon,,SKU,GB-BSR-CLR-30ML-RBL-SGLD,GB-BSR-CLR-30ML-RBL-SGLD,shopify,1000,deny,manual,0.92,
boston-round-30ml-clear-20-400-rollon,,SKU,GB-BSR-CLR-30ML-RBL-MSLV,GB-BSR-CLR-30ML-RBL-MSLV,shopify,1000,deny,manual,0.92,
boston-round-30ml-clear-20-400-rollon,,SKU,GB-BSR-CLR-30ML-RBL-SSLV,GB-BSR-CLR-30ML-RBL-SSLV,shopify,1000,deny,manual,0.92,
boston-round-30ml-clear-20-400-rollon,,SKU,GB-BSR-CLR-30ML-RBL-MGLD,GB-BSR-CLR-30ML-RBL-MGLD,shopify,1000,deny,manual,0.92,
boston-round-30ml-clear-20-400-rollon,,SKU,GB-BSR-CLR-30ML-RBL-MBLK,GB-BSR-CLR-30ML-RBL-MBLK,shopify,1000,deny,manual,0.92,
boston-round-30ml-clear-20-400-rollon,,SKU,GB-BSR-CLR-30ML-MRL-BLK,GB-BSR-CLR-30ML-MRL-BLK,shopify,1000,deny,manual,1.07,
round-128ml-frosted-18-415-lotionpump,128 ml Frosted Round Lotion Pump Bottle,SKU,LB-RND-FRS-128ML-LPM-CLR,LB-RND-FRS-128ML-LPM-CLR,shopify,1000,deny,manual,3.55,active
round-128ml-frosted-18-415-lotionpump,,SKU,LB-RND-FRS-128ML-LPM-MGLD,LB-RND-FRS-128ML-LPM-MGLD,shopify,1000,deny,manual,3.55,
round-128ml-frosted-18-415-lotionpump,,SKU,LB-RND-FRS-128ML-LPM-SGLD,LB-RND-FRS-128ML-LPM-SGLD,shopify,1000,deny,manual,3.55,
round-128ml-frosted-18-415-lotionpump,,SKU,LB-RND-FRS-128ML-LPM-SBLK,LB-RND-FRS-128ML-LPM-SBLK,shopify,1000,deny,manual,3.55,
round-128ml-frosted-18-415-lotionpump,,SKU,LB-RND-FRS-128ML-LPM-MSLV,LB-RND-FRS-128ML-LPM-MSLV,shopify,1000,deny,manual,3.55,
round-128ml-frosted-18-415-lotionpump,,SKU,LB-RND-FRS-128ML-LPM-SSLV,LB-RND-FRS-128ML-LPM-SSLV,shopify,1000,deny,manual,3.55,
round-128ml-frosted-18-415-lotionpump,,SKU,LB-RND-FRS-128ML-LPM-CPR,LB-RND-FRS-128ML-LPM-CPR,shopify,1000,deny,manual,3.55,
elegant-15ml-clear-13-415-rollon,15 ml Clear Elegant Roll-On Bottle,SKU,GB-ELG-CLR-15ML-ROL-SSLV,GB-ELG-CLR-15ML-ROL-SSLV,shopify,1000,deny,manual,0.80,active
elegant-15ml-clear-13-415-rollon,,SKU,GB-ELG-CLR-15ML-ROL-SGLD,GB-ELG-CLR-15ML-ROL-SGLD,shopify,1000,deny,manual,0.80,
elegant-15ml-clear-13-415-rollon,,SKU,GB-ELG-CLR-15ML-ROL-PKDT,GB-ELG-CLR-15ML-ROL-PKDT,shopify,1000,deny,manual,0.87,
elegant-15ml-clear-13-415-rollon,,SKU,GB-ELG-CLR-15ML-ROL-SLDT,GB-ELG-CLR-15ML-ROL-SLDT,shopify,1000,deny,manual,0.87,
elegant-15ml-clear-13-415-rollon,,SKU,GB-ELG-CLR-15ML-ROL-MSLV,GB-ELG-CLR-15ML-ROL-MSLV,shopify,1000,deny,manual,0.80,
elegant-15ml-clear-13-415-rollon,,SKU,GB-ELG-CLR-15ML-ROL-SBLK,GB-ELG-CLR-15ML-ROL-SBLK,shopify,1000,deny,manual,0.80,
elegant-15ml-clear-13-415-rollon,,SKU,GB-ELG-CLR-15ML-ROL-MCPR,GB-ELG-CLR-15ML-ROL-MCPR,shopify,1000,deny,manual,0.80,
elegant-15ml-clear-13-415-rollon,,SKU,GB-ELG-CLR-15ML-ROL-MGLD,GB-ELG-CLR-15ML-ROL-MGLD,shopify,1000,deny,manual,0.80,
elegant-15ml-clear-13-415-rollon,,SKU,GB-ELG-CLR-15ML-ROL-BKDT,GB-ELG-CLR-15ML-ROL-BKDT,shopify,1000,deny,manual,0.87,
elegant-15ml-clear-13-415-rollon,,SKU,GB-ELG-CLR-15ML-MRL-BKDT,GB-ELG-CLR-15ML-MRL-BKDT,shopify,1000,deny,manual,0.95,
elegant-15ml-clear-13-415-rollon,,SKU,GB-ELG-CLR-15ML-MRL-MCPR-01,GB-ELG-CLR-15ML-MRL-MCPR-01,shopify,1000,deny,manual,0.88,
elegant-15ml-clear-13-415-rollon,,SKU,GB-ELG-CLR-15ML-MRL-MGLD,GB-ELG-CLR-15ML-MRL-MGLD,shopify,1000,deny,manual,0.88,
elegant-15ml-clear-13-415-rollon,,SKU,GB-ELG-CLR-15ML-MRL-SGLD-01,GB-ELG-CLR-15ML-MRL-SGLD-01,shopify,1000,deny,manual,0.88,
elegant-15ml-clear-13-415-rollon,,SKU,GB-ELG-CLR-15ML-MRL-PKDT,GB-ELG-CLR-15ML-MRL-PKDT,shopify,1000,deny,manual,0.95,
elegant-15ml-clear-13-415-rollon,,SKU,GB-ELG-CLR-15ML-MRL-SLDT,GB-ELG-CLR-15ML-MRL-SLDT,shopify,1000,deny,manual,0.95,
elegant-15ml-clear-13-415-rollon,,SKU,GB-ELG-CLR-15ML-MRL-MSLV-01,GB-ELG-CLR-15ML-MRL-MSLV-01,shopify,1000,deny,manual,0.88,
elegant-15ml-clear-13-415-rollon,,SKU,GB-ELG-CLR-15ML-MRL-SSLV,GB-ELG-CLR-15ML-MRL-SSLV,shopify,1000,deny,manual,0.88,
elegant-15ml-clear-13-415-rollon,,SKU,GB-ELG-CLR-15ML-MRL-SBLK,GB-ELG-CLR-15ML-MRL-SBLK,shopify,1000,deny,manual,0.88,
elegant-15ml-clear-13-415-rollon,,SKU,GB-ELG-CLR-15ML-MRL,GB-ELG-CLR-15ML-MRL,,0,deny,manual,1.09,
elegant-15ml-clear-13-415-rollon,,SKU,GB-ELG-CLR-15ML-MRL-BLK-01,GB-ELG-CLR-15ML-MRL-BLK-01,,0,deny,manual,1.09,
elegant-15ml-clear-13-415-rollon,,SKU,GB-ELG-CLR-15ML-MRL-BLK-02,GB-ELG-CLR-15ML-MRL-BLK-02,,0,deny,manual,1.02,
elegant-15ml-clear-13-415-rollon,,SKU,GB-ELG-CLR-15ML-MRL-MCPR-02,GB-ELG-CLR-15ML-MRL-MCPR-02,,0,deny,manual,1.02,
elegant-15ml-clear-13-415-rollon,,SKU,GB-ELG-CLR-15ML-MRL-MSLV-02,GB-ELG-CLR-15ML-MRL-MSLV-02,,0,deny,manual,1.02,
elegant-15ml-clear-13-415-rollon,,SKU,GB-ELG-CLR-15ML-MRL-SGLD-02,GB-ELG-CLR-15ML-MRL-SGLD-02,,0,deny,manual,1.02,
elegant-15ml-clear-13-415-rollon,,SKU,GB-ELG-CLR-15ML-MRL-SLV-01,GB-ELG-CLR-15ML-MRL-SLV-01,,0,deny,manual,1.09,
elegant-15ml-clear-13-415-rollon,,SKU,GB-ELG-CLR-15ML-MRL-SLV-02,GB-ELG-CLR-15ML-MRL-SLV-02,,0,deny,manual,1.02,
elegant-15ml-clear-13-415-rollon,,SKU,GB-ELG-CLR-15ML-RBL,GB-ELG-CLR-15ML-RBL,,0,deny,manual,1.01,
elegant-15ml-clear-13-415-rollon,,SKU,GB-ELG-CLR-15ML-RBL-BLK-01,GB-ELG-CLR-15ML-RBL-BLK-01,,0,deny,manual,1.01,
elegant-15ml-clear-13-415-rollon,,SKU,GB-ELG-CLR-15ML-RBL-BLK-02,GB-ELG-CLR-15ML-RBL-BLK-02,,0,deny,manual,0.94,
elegant-15ml-clear-13-415-rollon,,SKU,GB-ELG-CLR-15ML-RBL-MCPR,GB-ELG-CLR-15ML-RBL-MCPR,,0,deny,manual,0.94,
elegant-15ml-clear-13-415-rollon,,SKU,GB-ELG-CLR-15ML-RBL-MSLV,GB-ELG-CLR-15ML-RBL-MSLV,,0,deny,manual,1.65,
elegant-15ml-clear-13-415-rollon,,SKU,GB-ELG-CLR-15ML-RBL-SGLD,GB-ELG-CLR-15ML-RBL-SGLD,,0,deny,manual,0.94,
elegant-15ml-clear-13-415-rollon,,SKU,GB-ELG-CLR-15ML-RBL-SLV-01,GB-ELG-CLR-15ML-RBL-SLV-01,,0,deny,manual,1.01,
elegant-15ml-clear-13-415-rollon,,SKU,GB-ELG-CLR-15ML-RBL-SLV-02,GB-ELG-CLR-15ML-RBL-SLV-02,,0,deny,manual,0.94,
sleek-50ml-clear-18-415-antiquespray-tassel,50 ml Clear Sleek Vintage Bulb Spray Bottle with Tassel,SKU,GB-SLK-CLR-50ML-AST-LVN,GB-SLK-CLR-50ML-AST-LVN,shopify,1000,deny,manual,6.30,active
sleek-50ml-clear-18-415-antiquespray-tassel,,SKU,GB-SLK-CLR-50ML-AST-IVGD,GB-SLK-CLR-50ML-AST-IVGD,shopify,1000,deny,manual,6.30,
sleek-50ml-clear-18-415-antiquespray-tassel,,SKU,GB-SLK-CLR-50ML-AST-IVSL,GB-SLK-CLR-50ML-AST-IVSL,shopify,1000,deny,manual,6.30,
sleek-50ml-clear-18-415-antiquespray-tassel,,SKU,GB-SLK-CLR-50ML-AST-WHT,GB-SLK-CLR-50ML-AST-WHT,shopify,1000,deny,manual,6.30,
sleek-50ml-clear-18-415-antiquespray-tassel,,SKU,GB-SLK-CLR-50ML-AST-PNK,GB-SLK-CLR-50ML-AST-PNK,shopify,1000,deny,manual,6.30,
sleek-50ml-clear-18-415-antiquespray-tassel,,SKU,GB-SLK-CLR-50ML-AST-RED,GB-SLK-CLR-50ML-AST-RED,shopify,1000,deny,manual,6.30,
sleek-50ml-clear-18-415-antiquespray-tassel,,SKU,GB-SLK-CLR-50ML-AST-MSLV,GB-SLK-CLR-50ML-AST-MSLV,shopify,1000,deny,manual,6.30,
sleek-50ml-clear-18-415-antiquespray-tassel,,SKU,GB-SLK-CLR-50ML-AST-GLD,GB-SLK-CLR-50ML-AST-GLD,shopify,1000,deny,manual,6.30,
sleek-50ml-clear-18-415-antiquespray-tassel,,SKU,GB-SLK-CLR-50ML-AST-BLK,GB-SLK-CLR-50ML-AST-BLK,shopify,1000,deny,manual,6.30,
dropper-18-400,Dropper — Thread 18-400,SKU,CMP-DRP-WHT-18400-66,CMP-DRP-WHT-18400-66,shopify,1000,deny,manual,0.45,active
dropper-18-400,,SKU,CMP-DRP-BKSL-18400-66,CMP-DRP-BKSL-18400-66,shopify,1000,deny,manual,0.60,
dropper-18-400,,SKU,CMP-DRP-WTGD-18400-66,CMP-DRP-WTGD-18400-66,shopify,1000,deny,manual,0.60,
dropper-18-400,,SKU,CMP-DRP-BKGD-18400-66,CMP-DRP-BKGD-18400-66,shopify,1000,deny,manual,0.60,
dropper-18-400,,SKU,CMP-DRP-WTSL-18400-66,CMP-DRP-WTSL-18400-66,shopify,1000,deny,manual,0.60,
dropper-18-400,,SKU,CMP-DRP-BLK-18400-90MM,CMP-DRP-BLK-18400-90MM,shopify,1000,deny,manual,0.45,
vial-1ml-amber-plug,1 ml Amber Vial Bottle with Cap,SKU,GB-VIA-AMB-1ML-WHT-T,GB-VIA-AMB-1ML-WHT-T,shopify,1000,deny,manual,0.15,active
sleek-30ml-clear-18-415-perfumespray,30 ml Clear Sleek Bottle,SKU,GB-SLK-CLR-30ML-SPR-MGLD,GB-SLK-CLR-30ML-SPR-MGLD,shopify,1000,deny,manual,2.55,active
sleek-30ml-clear-18-415-perfumespray,,SKU,GB-SLK-CLR-30ML-SPR-SGLD,GB-SLK-CLR-30ML-SPR-SGLD,shopify,1000,deny,manual,2.55,
sleek-30ml-clear-18-415-perfumespray,,SKU,GB-SLK-CLR-30ML-SPR-SBLK,GB-SLK-CLR-30ML-SPR-SBLK,shopify,1000,deny,manual,2.55,
sleek-30ml-clear-18-415-perfumespray,,SKU,GB-SLK-CLR-30ML-SPR-MSLV,GB-SLK-CLR-30ML-SPR-MSLV,shopify,1000,deny,manual,2.55,
sleek-30ml-clear-18-415-perfumespray,,SKU,GB-SLK-CLR-30ML-SPR-SSLV,GB-SLK-CLR-30ML-SPR-SSLV,shopify,1000,deny,manual,2.55,
sleek-30ml-clear-18-415-perfumespray,,SKU,GB-SLK-CLR-30ML-SPR-CPR,GB-SLK-CLR-30ML-SPR-CPR,shopify,1000,deny,manual,2.55,
vial-1ml-clear-plug,1 ml Clear Vial Bottle with Cap,SKU,GB-VIA-CLR-1ML-BLK-T,GB-VIA-CLR-1ML-BLK-T,shopify,1000,deny,manual,0.13,active
vial-1ml-clear-plug,,SKU,GB-VIA-CLR-1ML,GB-VIA-CLR-1ML,shopify,1000,deny,manual,0.15,
vial-1ml-clear-plug,,SKU,GB-VIA-CLR-1ML-WHT-T,GB-VIA-CLR-1ML-WHT-T,shopify,1000,deny,manual,0.13,
vial-2ml-clear-8-425,2 ml Clear Vial Bottle with Cap,SKU,GB-VIA-CLR-2ML-S-02,GB-VIA-CLR-2ML-S-02,shopify,1000,deny,manual,0.38,active
vial-2ml-clear-8-425,,SKU,GB-VIA-CLR-2ML-WHT-T,GB-VIA-CLR-2ML-WHT-T,shopify,1000,deny,manual,0.38,
vial-2ml-clear-8-425,,SKU,GB-VIA-CLR-2ML-S-01,GB-VIA-CLR-2ML-S-01,shopify,1000,deny,manual,0.38,
vial-2ml-clear-8-425,,SKU,GB-VIA-CLR-2ML-BLK-T,GB-VIA-CLR-2ML-BLK-T,shopify,1000,deny,manual,0.38,
boston-round-30ml-amber-20-400-rollon,30 ml Amber Boston Round Roll-On Bottle,SKU,GB-BSR-AMB-30ML-MRL-MBLK,GB-BSR-AMB-30ML-MRL-MBLK,shopify,1000,deny,manual,1.07,active
boston-round-30ml-amber-20-400-rollon,,SKU,GB-BSR-AMB-30ML-MRL-MGLD,GB-BSR-AMB-30ML-MRL-MGLD,shopify,1000,deny,manual,1.07,
boston-round-30ml-amber-20-400-rollon,,SKU,GB-BSR-AMB-30ML-MRL-MSLV,GB-BSR-AMB-30ML-MRL-MSLV,shopify,1000,deny,manual,1.07,
boston-round-30ml-amber-20-400-rollon,,SKU,GB-BSR-AMB-30ML-MRL-SSLV,GB-BSR-AMB-30ML-MRL-SSLV,shopify,1000,deny,manual,1.07,
boston-round-30ml-amber-20-400-rollon,,SKU,GB-BSR-AMB-30ML-MRL-SBLK,GB-BSR-AMB-30ML-MRL-SBLK,shopify,1000,deny,manual,1.07,
boston-round-30ml-amber-20-400-rollon,,SKU,GB-BSR-AMB-30ML-RON-MGLD,GB-BSR-AMB-30ML-RON-MGLD,shopify,1000,deny,manual,0.92,
boston-round-30ml-amber-20-400-rollon,,SKU,GB-BSR-AMB-30ML-RON-MBLK,GB-BSR-AMB-30ML-RON-MBLK,shopify,1000,deny,manual,0.92,
boston-round-30ml-amber-20-400-rollon,,SKU,GB-BSR-AMB-30ML-RON-MSLV,GB-BSR-AMB-30ML-RON-MSLV,shopify,1000,deny,manual,0.92,
boston-round-30ml-amber-20-400-rollon,,SKU,GB-BSR-AMB-30ML-RON-SSLV,GB-BSR-AMB-30ML-RON-SSLV,shopify,1000,deny,manual,0.92,
boston-round-30ml-amber-20-400-rollon,,SKU,GB-BSR-AMB-30ML-RBL-SBLK,GB-BSR-AMB-30ML-RBL-SBLK,shopify,1000,deny,manual,0.92,
boston-round-30ml-amber-20-400-rollon,,SKU,GB-BSR-AMB-30ML-RON-GLD,GB-BSR-AMB-30ML-RON-GLD,shopify,1000,deny,manual,0.92,
boston-round-30ml-amber-20-400-rollon,,SKU,GB-BSR-AMB-30ML-MRO-GLD,GB-BSR-AMB-30ML-MRO-GLD,shopify,1000,deny,manual,1.07,
circle-100ml-frosted-18-415-reducer,100 ml Frosted Circle Reducer Bottle,SKU,GB-CIR-FRS-100ML-RDC-SSLV,GB-CIR-FRS-100ML-RDC-SSLV,shopify,1000,deny,manual,2.52,active
circle-100ml-frosted-18-415-reducer,,SKU,GB-CIR-FRS-100ML-RDC-SGLD,GB-CIR-FRS-100ML-RDC-SGLD,shopify,1000,deny,manual,2.52,
circle-100ml-frosted-18-415-reducer,,SKU,GB-CIR-FRS-100ML-RDC-IVR,GB-CIR-FRS-100ML-RDC-IVR,shopify,1000,deny,manual,2.80,
circle-100ml-frosted-18-415-reducer,,SKU,GB-CIR-FRS-100ML-RDC-PNK,GB-CIR-FRS-100ML-RDC-PNK,shopify,1000,deny,manual,2.80,
circle-100ml-frosted-18-415-reducer,,SKU,GB-CIR-FRS-100ML-RDC-SBLK-T,GB-CIR-FRS-100ML-RDC-SBLK-T,shopify,1000,deny,manual,2.52,
circle-100ml-frosted-18-415-reducer,,SKU,GB-CIR-FRS-100ML-RDC-SBLK,GB-CIR-FRS-100ML-RDC-SBLK,shopify,1000,deny,manual,2.52,
circle-100ml-frosted-18-415-reducer,,SKU,GB-CIR-FRS-100ML-RDC,GB-CIR-FRS-100ML-RDC,shopify,1000,deny,manual,2.80,
circle-100ml-frosted-18-415-reducer,,SKU,GB-CIR-FRS-100ML-RDC-LBLT,GB-CIR-FRS-100ML-RDC-LBLT,shopify,1000,deny,manual,2.80,
circle-100ml-frosted-18-415-reducer,,SKU,GB-CIR-FRS-100ML-RDC-MSLV-T,GB-CIR-FRS-100ML-RDC-MSLV-T,shopify,1000,deny,manual,2.52,
circle-100ml-frosted-18-415-reducer,,SKU,GB-CIR-FRS-100ML-RDC-MSLV,GB-CIR-FRS-100ML-RDC-MSLV,shopify,1000,deny,manual,2.52,
circle-100ml-frosted-18-415-reducer,,SKU,GB-CIR-FRS-100ML-RDC-WHT,GB-CIR-FRS-100ML-RDC-WHT,shopify,1000,deny,manual,2.52,
circle-100ml-frosted-18-415-reducer,,SKU,GB-CIR-FRS-100ML-RDC-BLK,GB-CIR-FRS-100ML-RDC-BLK,shopify,1000,deny,manual,2.80,
dropper-20-400,Dropper — Thread 20-400,SKU,CMP-DRP-WHT-20400-76,CMP-DRP-WHT-20400-76,shopify,1000,deny,manual,0.45,active
dropper-20-400,,SKU,CMP-DRP-BKSL-20400-76,CMP-DRP-BKSL-20400-76,shopify,1000,deny,manual,0.60,
dropper-20-400,,SKU,CMP-DRP-WTGD-20400-76,CMP-DRP-WTGD-20400-76,shopify,1000,deny,manual,0.60,
dropper-20-400,,SKU,CMP-DRP-BKGD-20400-76,CMP-DRP-BKGD-20400-76,shopify,1000,deny,manual,0.60,
dropper-20-400,,SKU,CMP-DRP-WTSL-20400-76,CMP-DRP-WTSL-20400-76,shopify,1000,deny,manual,0.60,
dropper-20-400,,SKU,CMP-DRP-WHT-20400-90,CMP-DRP-WHT-20400-90,shopify,1000,deny,manual,0.50,
dropper-20-400,,SKU,CMP-DRP-BKSL-20400-90,CMP-DRP-BKSL-20400-90,shopify,1000,deny,manual,0.60,
dropper-20-400,,SKU,CMP-DRP-WTGD-20400-90,CMP-DRP-WTGD-20400-90,shopify,1000,deny,manual,0.60,
dropper-20-400,,SKU,CMP-DRP-BKGD-20400-90,CMP-DRP-BKGD-20400-90,shopify,1000,deny,manual,0.60,
dropper-20-400,,SKU,CMP-DRP-WTSL-20400-90,CMP-DRP-WTSL-20400-90,shopify,1000,deny,manual,0.60,
dropper-20-400,,SKU,CMP-DRP-BLK-20400-76MM-01,CMP-DRP-BLK-20400-76MM-01,shopify,1000,deny,manual,0.45,
dropper-20-400,,SKU,CMP-DRP-BLK-20400-90,CMP-DRP-BLK-20400-90,shopify,1000,deny,manual,0.50,
slim-30ml-clear-18-415-perfumespray,30 ml Clear Slim Bottle,SKU,GB-SLM-CLR-30ML-SPR-SBLK,GB-SLM-CLR-30ML-SPR-SBLK,shopify,1000,deny,manual,2.50,active
slim-30ml-clear-18-415-perfumespray,,SKU,GB-SLM-CLR-30ML-SPR-MSLV,GB-SLM-CLR-30ML-SPR-MSLV,shopify,1000,deny,manual,2.50,
slim-30ml-clear-18-415-perfumespray,,SKU,GB-SLM-CLR-30ML-SPR-SSLV,GB-SLM-CLR-30ML-SPR-SSLV,shopify,1000,deny,manual,2.50,
slim-30ml-clear-18-415-perfumespray,,SKU,GB-SLM-CLR-30ML-SPR-SGLD,GB-SLM-CLR-30ML-SPR-SGLD,shopify,1000,deny,manual,2.50,
slim-30ml-clear-18-415-perfumespray,,SKU,GB-SLM-CLR-30ML-SPR-MGLD,GB-SLM-CLR-30ML-SPR-MGLD,shopify,1000,deny,manual,2.50,
slim-30ml-clear-18-415-perfumespray,,SKU,GB-SLM-CLR-30ML-SPR-CPR,GB-SLM-CLR-30ML-SPR-CPR,shopify,1000,deny,manual,2.50,
cylinder-3ml-clear-12mm-finemist,3 ml Clear Cylinder Fine Mist Spray Bottle,SKU,GB-SPR-CLR-3ML-BLK,GB-SPR-CLR-3ML-BLK,shopify,1000,deny,manual,0.37,active
cylinder-3ml-clear-12mm-finemist,,SKU,GB-SPR-CLR-3ML-WHT,GB-SPR-CLR-3ML-WHT,shopify,1000,deny,manual,0.37,
vial-3ml-clear-13-425,3 ml Clear Vial Bottle with Cap,SKU,GB-VIA-CLR-3ML-GRN-S,GB-VIA-CLR-3ML-GRN-S,shopify,1000,deny,manual,1.08,active
cylinder-4ml-clear-12mm-finemist,4 ml Clear Cylinder Fine Mist Spray Bottle,SKU,GB-SPR-CLR-4ML-BLK,GB-SPR-CLR-4ML-BLK,shopify,1000,deny,manual,0.39,active
cylinder-4ml-clear-12mm-finemist,,SKU,GB-SPR-CLR-4ML-WHT,GB-SPR-CLR-4ML-WHT,shopify,1000,deny,manual,0.39,
vial-4ml-clear-13-425,4 ml Clear Vial Bottle with Cap,SKU,GB-VIA-CLR-3ML-S-04,GB-VIA-CLR-3ML-S-04,shopify,1000,deny,manual,0.41,active
vial-4ml-clear-13-425,,SKU,GB-VIA-CLR-3ML-S-02,GB-VIA-CLR-3ML-S-02,shopify,1000,deny,manual,0.39,
vial-4ml-clear-13-425,,SKU,GB-VIA-CLR-3ML-S-06,GB-VIA-CLR-3ML-S-06,shopify,1000,deny,manual,1.38,
vial-4ml-clear-13-425,,SKU,GB-VIA-CLR-3ML-S-08,GB-VIA-CLR-3ML-S-08,shopify,1000,deny,manual,1.38,
vial-4ml-clear-13-425,,SKU,GB-VIA-CLR-3ML-S-03,GB-VIA-CLR-3ML-S-03,shopify,1000,deny,manual,0.41,
vial-4ml-clear-13-425,,SKU,GB-VIA-CLR-3ML-S-01,GB-VIA-CLR-3ML-S-01,shopify,1000,deny,manual,0.39,
vial-4ml-clear-13-425,,SKU,GB-VIA-CLR-3ML-S-05,GB-VIA-CLR-3ML-S-05,shopify,1000,deny,manual,1.38,
vial-4ml-clear-13-425,,SKU,GB-VIA-CLR-3ML-S-07,GB-VIA-CLR-3ML-S-07,shopify,1000,deny,manual,1.38,
elegant-15ml-frosted-13-415-rollon,15 ml Frosted Elegant Roll-On Bottle,SKU,GB-ELG-FRS-15ML-RBL-SLV-01,GB-ELG-FRS-15ML-RBL-SLV-01,shopify,1000,deny,manual,1.01,active
elegant-15ml-frosted-13-415-rollon,,SKU,GB-ELG-FRS-15ML-RBL,GB-ELG-FRS-15ML-RBL,shopify,1000,deny,manual,1.01,
elegant-15ml-frosted-13-415-rollon,,SKU,GB-ELG-FRS-15ML-RBL-MSLV,GB-ELG-FRS-15ML-RBL-MSLV,shopify,1000,deny,manual,0.94,
elegant-15ml-frosted-13-415-rollon,,SKU,GB-ELG-FRS-15ML-RBL-SGLD,GB-ELG-FRS-15ML-RBL-SGLD,shopify,1000,deny,manual,0.94,
elegant-15ml-frosted-13-415-rollon,,SKU,GB-ELG-FRS-15ML-RBL-SLV-02,GB-ELG-FRS-15ML-RBL-SLV-02,shopify,1000,deny,manual,0.94,
elegant-15ml-frosted-13-415-rollon,,SKU,GB-ELG-FRS-15ML-RBL-MCPR,GB-ELG-FRS-15ML-RBL-MCPR,shopify,1000,deny,manual,0.94,
elegant-15ml-frosted-13-415-rollon,,SKU,GB-ELG-FRS-15ML-RBL-BLK-02,GB-ELG-FRS-15ML-RBL-BLK-02,shopify,1000,deny,manual,0.94,
elegant-15ml-frosted-13-415-rollon,,SKU,GB-ELG-FRS-15ML-RBL-BLK-01,GB-ELG-FRS-15ML-RBL-BLK-01,shopify,1000,deny,manual,1.01,
elegant-15ml-frosted-13-415-rollon,,SKU,GB-ELG-FRS-15ML-MRL-BLK-01,GB-ELG-FRS-15ML-MRL-BLK-01,shopify,1000,deny,manual,1.09,
elegant-15ml-frosted-13-415-rollon,,SKU,GB-ELG-FRS-15ML-MRL-SLV-01,GB-ELG-FRS-15ML-MRL-SLV-01,shopify,1000,deny,manual,1.09,
elegant-15ml-frosted-13-415-rollon,,SKU,GB-ELG-FRS-15ML-MRL,GB-ELG-FRS-15ML-MRL,shopify,1000,deny,manual,1.09,
elegant-15ml-frosted-13-415-rollon,,SKU,GB-ELG-FRS-15ML-MRL-MSLV-02,GB-ELG-FRS-15ML-MRL-MSLV-02,shopify,1000,deny,manual,1.02,
elegant-15ml-frosted-13-415-rollon,,SKU,GB-ELG-FRS-15ML-MRL-SGLD-02,GB-ELG-FRS-15ML-MRL-SGLD-02,shopify,1000,deny,manual,1.02,
elegant-15ml-frosted-13-415-rollon,,SKU,GB-ELG-FRS-15ML-MRL-SLV-02,GB-ELG-FRS-15ML-MRL-SLV-02,shopify,1000,deny,manual,1.02,
elegant-15ml-frosted-13-415-rollon,,SKU,GB-ELG-FRS-15ML-MRL-MCPR-02,GB-ELG-FRS-15ML-MRL-MCPR-02,shopify,1000,deny,manual,1.02,
elegant-15ml-frosted-13-415-rollon,,SKU,GB-ELG-FRS-15ML-MRL-BLK-02,GB-ELG-FRS-15ML-MRL-BLK-02,shopify,1000,deny,manual,1.02,
slim-50ml-clear-18-415-antiquespray,50 ml Clear Slim Vintage Bulb Spray Bottle,SKU,GB-SLM-CLR-50ML-ASP-PNK,GB-SLM-CLR-50ML-ASP-PNK,shopify,1000,deny,manual,5.55,active
slim-50ml-clear-18-415-antiquespray,,SKU,GB-SLM-CLR-50ML-ASP-GLD,GB-SLM-CLR-50ML-ASP-GLD,shopify,1000,deny,manual,5.55,
slim-50ml-clear-18-415-antiquespray,,SKU,GB-SLM-CLR-50ML-ASP-LVN,GB-SLM-CLR-50ML-ASP-LVN,shopify,1000,deny,manual,5.55,
slim-50ml-clear-18-415-antiquespray,,SKU,GB-SLM-CLR-50ML-ASP-IVGD,GB-SLM-CLR-50ML-ASP-IVGD,shopify,1000,deny,manual,5.55,
slim-50ml-clear-18-415-antiquespray,,SKU,GB-SLM-CLR-50ML-ASP-RED,GB-SLM-CLR-50ML-ASP-RED,shopify,1000,deny,manual,5.55,
slim-50ml-clear-18-415-antiquespray,,SKU,GB-SLM-CLR-50ML-ASP-MSLV,GB-SLM-CLR-50ML-ASP-MSLV,shopify,1000,deny,manual,5.55,
slim-50ml-clear-18-415-antiquespray,,SKU,GB-SLM-CLR-50ML-ASP-WHT,GB-SLM-CLR-50ML-ASP-WHT,shopify,1000,deny,manual,5.55,
slim-50ml-clear-18-415-antiquespray,,SKU,GB-SLM-CLR-50ML-ASP-IVSL,GB-SLM-CLR-50ML-ASP-IVSL,shopify,1000,deny,manual,5.55,
slim-50ml-clear-18-415-antiquespray,,SKU,GB-SLM-CLR-50ML-ASP-BLK,GB-SLM-CLR-50ML-ASP-BLK,shopify,1000,deny,manual,5.55,
cylinder-5ml-clear-13-415-finemist,5 ml Clear Cylinder Fine Mist Spray Bottle,SKU,GB-CYL-CLR-5ML-SPR-MBLK,GB-CYL-CLR-5ML-SPR-MBLK,shopify,1000,deny,manual,0.76,active
cylinder-5ml-clear-13-415-finemist,,SKU,GB-CYL-CLR-5ML-SPR-MSLV,GB-CYL-CLR-5ML-SPR-MSLV,shopify,1000,deny,manual,0.76,
cylinder-5ml-clear-13-415-finemist,,SKU,GB-CYL-CLR-5ML-SPR-SBLK,GB-CYL-CLR-5ML-SPR-SBLK,shopify,1000,deny,manual,0.76,
cylinder-5ml-clear-13-415-finemist,,SKU,GB-CYL-CLR-5ML-SPR-SGLD,GB-CYL-CLR-5ML-SPR-SGLD,shopify,1000,deny,manual,0.76,
cylinder-5ml-clear-13-415-finemist,,SKU,GB-CYL-CLR-5ML-SPR-SSLV,GB-CYL-CLR-5ML-SPR-SSLV,shopify,1000,deny,manual,0.76,
cylinder-5ml-clear-13-415-finemist,,SKU,GB-CYL-CLR-5ML-SPR-MBLU,GB-CYL-CLR-5ML-SPR-MBLU,shopify,1000,deny,manual,0.76,
cylinder-5ml-clear-13-415-finemist,,SKU,GB-CYL-CLR-5ML-SPR-MCPR,GB-CYL-CLR-5ML-SPR-MCPR,shopify,1000,deny,manual,0.76,
cylinder-5ml-clear-13-415-finemist,,SKU,GB-CYL-CLR-5ML-SPR-MGLD,GB-CYL-CLR-5ML-SPR-MGLD,shopify,1000,deny,manual,0.76,
boston-round-30ml-cobalt-blue-20-400-rollon,30 ml Cobalt Blue Boston Round Roll-On Bottle,SKU,GB-BSR-BLU-30ML-MRO-MSLV,GB-BSR-BLU-30ML-MRO-MSLV,shopify,1000,deny,manual,1.07,active
boston-round-30ml-cobalt-blue-20-400-rollon,,SKU,GB-BSR-BLU-30ML-MRO-SSLV,GB-BSR-BLU-30ML-MRO-SSLV,shopify,1000,deny,manual,1.07,
boston-round-30ml-cobalt-blue-20-400-rollon,,SKU,GB-BSR-BLU-30ML-MRO-MBLK,GB-BSR-BLU-30ML-MRO-MBLK,shopify,1000,deny,manual,1.07,
boston-round-30ml-cobalt-blue-20-400-rollon,,SKU,GB-BSR-BLU-30ML-MRO-MGLD,GB-BSR-BLU-30ML-MRO-MGLD,shopify,1000,deny,manual,1.07,
boston-round-30ml-cobalt-blue-20-400-rollon,,SKU,GB-BSR-BLU-30ML-RON-MBLK,GB-BSR-BLU-30ML-RON-MBLK,shopify,1000,deny,manual,0.92,
boston-round-30ml-cobalt-blue-20-400-rollon,,SKU,GB-BSR-CBL-30ML-RBL-MSLV,GB-BSR-CBL-30ML-RBL-MSLV,shopify,1000,deny,manual,0.92,
boston-round-30ml-cobalt-blue-20-400-rollon,,SKU,GB-BSR-BLU-30ML-RON-SSLV,GB-BSR-BLU-30ML-RON-SSLV,shopify,1000,deny,manual,0.92,
boston-round-30ml-cobalt-blue-20-400-rollon,,SKU,GB-BSR-BLU-30ML-RON-MGLD,GB-BSR-BLU-30ML-RON-MGLD,shopify,1000,deny,manual,0.92,
boston-round-30ml-cobalt-blue-20-400-rollon,,SKU,GB-BSR-CBL-30ML-RBL-SBLK,GB-BSR-CBL-30ML-RBL-SBLK,shopify,1000,deny,manual,0.92,
boston-round-30ml-cobalt-blue-20-400-rollon,,SKU,GB-BSR-BLU-30ML-RON-GLD,GB-BSR-BLU-30ML-RON-GLD,shopify,1000,deny,manual,0.92,
boston-round-30ml-cobalt-blue-20-400-rollon,,SKU,GB-BSR-BLU-30ML-MRO-GLD,GB-BSR-BLU-30ML-MRO-GLD,shopify,1000,deny,manual,1.07,
diva-46ml-clear-18-415-perfumespray,46 ml Clear Diva Bottle,SKU,GB-DVA-CLR-46ML-SPR-MGLD,GB-DVA-CLR-46ML-SPR-MGLD,shopify,1000,deny,manual,3.25,active
diva-46ml-clear-18-415-perfumespray,,SKU,GB-DVA-CLR-46ML-SPR-SGLD,GB-DVA-CLR-46ML-SPR-SGLD,shopify,1000,deny,manual,3.25,
diva-46ml-clear-18-415-perfumespray,,SKU,GB-DVA-CLR-46ML-SPR-SBLK,GB-DVA-CLR-46ML-SPR-SBLK,shopify,1000,deny,manual,3.25,
diva-46ml-clear-18-415-perfumespray,,SKU,GB-DVA-CLR-46ML-SPR-MSLV,GB-DVA-CLR-46ML-SPR-MSLV,shopify,1000,deny,manual,3.25,
diva-46ml-clear-18-415-perfumespray,,SKU,GB-DVA-CLR-46ML-SPR-SSLV,GB-DVA-CLR-46ML-SPR-SSLV,shopify,1000,deny,manual,3.25,
diva-46ml-clear-18-415-perfumespray,,SKU,GB-DVA-CLR-46ML-SPR-CPR,GB-DVA-CLR-46ML-SPR-CPR,shopify,1000,deny,manual,3.25,
sleek-5ml-clear-13-415-finemist,5 ml Clear Sleek Fine Mist Spray Bottle,SKU,GB-SLK-CLR-5ML-SPR-MBLK,GB-SLK-CLR-5ML-SPR-MBLK,shopify,1000,deny,manual,0.95,active
sleek-5ml-clear-13-415-finemist,,SKU,GB-SLK-CLR-5ML-SPR-SGLD,GB-SLK-CLR-5ML-SPR-SGLD,shopify,1000,deny,manual,0.95,
sleek-5ml-clear-13-415-finemist,,SKU,GB-SLK-CLR-5ML-SPR-SSLV,GB-SLK-CLR-5ML-SPR-SSLV,shopify,1000,deny,manual,0.95,
sleek-5ml-clear-13-415-finemist,,SKU,GB-SLK-CLR-5ML-SPR-SBLK,GB-SLK-CLR-5ML-SPR-SBLK,shopify,1000,deny,manual,0.95,
sleek-5ml-clear-13-415-finemist,,SKU,GB-SLK-CLR-5ML-SPR-MSLV,GB-SLK-CLR-5ML-SPR-MSLV,shopify,1000,deny,manual,0.95,
sleek-5ml-clear-13-415-finemist,,SKU,GB-SLK-CLR-5ML-SPR-MCPR,GB-SLK-CLR-5ML-SPR-MCPR,shopify,1000,deny,manual,0.95,
sleek-5ml-clear-13-415-finemist,,SKU,GB-SLK-CLR-5ML-SPR-MBLU,GB-SLK-CLR-5ML-SPR-MBLU,shopify,1000,deny,manual,0.95,
sleek-5ml-clear-13-415-finemist,,SKU,GB-SLK-CLR-5ML-SPR-MGLD,GB-SLK-CLR-5ML-SPR-MGLD,shopify,1000,deny,manual,0.95,
tulip-5ml-amber-13-415-finemist,5 ml Amber Tulip Fine Mist Spray Bottle,SKU,GB-CYL-AMB-5ML-SPR-MBLK,GB-CYL-AMB-5ML-SPR-MBLK,shopify,1000,deny,manual,0.97,active
tulip-5ml-amber-13-415-finemist,,SKU,GB-CYL-AMB-5ML-SPR-SBLK,GB-CYL-AMB-5ML-SPR-SBLK,shopify,1000,deny,manual,0.97,
tulip-5ml-amber-13-415-finemist,,SKU,GB-CYL-AMB-5ML-SPR-MBLU,GB-CYL-AMB-5ML-SPR-MBLU,shopify,1000,deny,manual,0.97,
tulip-5ml-amber-13-415-finemist,,SKU,GB-CYL-AMB-5ML-SPR-MCPR,GB-CYL-AMB-5ML-SPR-MCPR,shopify,1000,deny,manual,0.97,
tulip-5ml-amber-13-415-finemist,,SKU,GB-CYL-AMB-5ML-SPR-MGLD,GB-CYL-AMB-5ML-SPR-MGLD,shopify,1000,deny,manual,0.97,
tulip-5ml-amber-13-415-finemist,,SKU,GB-CYL-AMB-5ML-SPR-SGLD,GB-CYL-AMB-5ML-SPR-SGLD,shopify,1000,deny,manual,0.97,
tulip-5ml-amber-13-415-finemist,,SKU,GB-CYL-AMB-5ML-SPR-MSLV,GB-CYL-AMB-5ML-SPR-MSLV,shopify,1000,deny,manual,0.97,
tulip-5ml-amber-13-415-finemist,,SKU,GB-CYL-AMB-5ML-SPR-SSLV,GB-CYL-AMB-5ML-SPR-SSLV,shopify,1000,deny,manual,0.97,
cylinder-5ml-clear-13-415,5 ml Clear Cylinder Bottle with Cap,SKU,GB-CYL-CLR-5ML-SLV-T,GB-CYL-CLR-5ML-SLV-T,shopify,1000,deny,manual,0.49,active
cylinder-5ml-clear-13-415,,SKU,GB-CYL-CLR-5ML-GLD-T,GB-CYL-CLR-5ML-GLD-T,shopify,1000,deny,manual,0.49,
cylinder-5ml-clear-13-415,,SKU,GB-CYL-CLR-5ML-S,GB-CYL-CLR-5ML-S,shopify,1000,deny,manual,0.31,
cylinder-5ml-clear-13-415,,SKU,GB-CYL-WHT-5ML-WHT-S,GB-CYL-WHT-5ML-WHT-S,shopify,1000,deny,manual,0.31,
cylinder-5ml-clear-13-415,,SKU,GB-CYL-CLR-5ML-MCPR-S,GB-CYL-CLR-5ML-MCPR-S,shopify,1000,deny,manual,0.47,
cylinder-5ml-clear-13-415,,SKU,GB-CYL-CLR-5ML-MGLD-S,GB-CYL-CLR-5ML-MGLD-S,shopify,1000,deny,manual,0.47,
cylinder-5ml-clear-13-415,,SKU,GB-CYL-CLR-5ML-MSLV-S,GB-CYL-CLR-5ML-MSLV-S,shopify,1000,deny,manual,0.47,
cylinder-5ml-clear-13-415,,SKU,GB-CYL-CLR-5ML-SBLK-S,GB-CYL-CLR-5ML-SBLK-S,shopify,1000,deny,manual,0.47,
cylinder-5ml-clear-13-415,,SKU,GB-CYL-CLR-5ML-SGLD-S,GB-CYL-CLR-5ML-SGLD-S,shopify,1000,deny,manual,0.47,
cylinder-5ml-clear-13-415,,SKU,GB-CYL-CLR-5ML-SSLV-S,GB-CYL-CLR-5ML-SSLV-S,shopify,1000,deny,manual,0.47,
cylinder-50ml-clear-16mm-rollon,50 ml Clear Cylinder Roll-On Bottle,SKU,GB-CYL-WHT-50ML-MRL-WHT,GB-CYL-WHT-50ML-MRL-WHT,shopify,1000,deny,manual,1.25,active
cylinder-50ml-clear-16mm-rollon,,SKU,GB-CYL-WHT-50ML-ROL-WHT,GB-CYL-WHT-50ML-ROL-WHT,shopify,1000,deny,manual,0.95,
cylinder-50ml-clear-16mm-rollon,,SKU,GB-CYL-BLK-50ML-ROL-BLK,GB-CYL-BLK-50ML-ROL-BLK,shopify,1000,deny,manual,0.95,
cylinder-50ml-clear-16mm-rollon,,SKU,GB-CYL-BLK-50ML-MRL-BLK,GB-CYL-BLK-50ML-MRL-BLK,shopify,1000,deny,manual,1.25,
boston-round-60ml-clear-20-400-rollon,60 ml Clear Boston Round Roll-On Bottle,SKU,GB-BSR-CLR-60ML-MRL-SGLD,GB-BSR-CLR-60ML-MRL-SGLD,shopify,1000,deny,manual,1.10,active
boston-round-60ml-clear-20-400-rollon,,SKU,GB-BSR-CLR-60ML-MRL-MBLK,GB-BSR-CLR-60ML-MRL-MBLK,shopify,1000,deny,manual,1.10,
boston-round-60ml-clear-20-400-rollon,,SKU,GB-BSR-CLR-60ML-MRL-MGLD,GB-BSR-CLR-60ML-MRL-MGLD,shopify,1000,deny,manual,1.10,
boston-round-60ml-clear-20-400-rollon,,SKU,GB-BSR-CLR-60ML-MRL-MSLV,GB-BSR-CLR-60ML-MRL-MSLV,shopify,1000,deny,manual,1.10,
boston-round-60ml-clear-20-400-rollon,,SKU,GB-BSR-CLR-60ML-MRL-SSLV,GB-BSR-CLR-60ML-MRL-SSLV,shopify,1000,deny,manual,1.10,
boston-round-60ml-clear-20-400-rollon,,SKU,GB-BSR-CLR-60ML-RBL-SBLK,GB-BSR-CLR-60ML-RBL-SBLK,shopify,1000,deny,manual,0.95,
boston-round-60ml-clear-20-400-rollon,,SKU,GB-BSR-CLR-60ML-RBL-MGLD,GB-BSR-CLR-60ML-RBL-MGLD,shopify,1000,deny,manual,0.95,
boston-round-60ml-clear-20-400-rollon,,SKU,GB-BSR-CLR-60ML-RBL-MBLK,GB-BSR-CLR-60ML-RBL-MBLK,shopify,1000,deny,manual,0.95,
boston-round-60ml-clear-20-400-rollon,,SKU,GB-BSR-CLR-60ML-RBL-MSLV,GB-BSR-CLR-60ML-RBL-MSLV,shopify,1000,deny,manual,0.95,
boston-round-60ml-clear-20-400-rollon,,SKU,GB-BSR-CLR-60ML-RON-SSLV,GB-BSR-CLR-60ML-RON-SSLV,shopify,1000,deny,manual,0.95,
boston-round-60ml-clear-20-400-rollon,,SKU,GB-BSR-CLR-60ML-RBL-SGLD,GB-BSR-CLR-60ML-RBL-SGLD,shopify,1000,deny,manual,0.95,
boston-round-60ml-clear-20-400-rollon,,SKU,GB-BSR-CLR-60ML-MRL-BLK,GB-BSR-CLR-60ML-MRL-BLK,shopify,1000,deny,manual,1.10,
sleek-8ml-clear-13-415-finemist,8 ml Clear Sleek Fine Mist Spray Bottle,SKU,GB-SLK-CLR-8ML-SPR-MBLK,GB-SLK-CLR-8ML-SPR-MBLK,shopify,1000,deny,manual,0.97,active
sleek-8ml-clear-13-415-finemist,,SKU,GB-SLK-CLR-8ML-SPR-SBLK,GB-SLK-CLR-8ML-SPR-SBLK,shopify,1000,deny,manual,0.97,
sleek-8ml-clear-13-415-finemist,,SKU,GB-SLK-CLR-8ML-SPR-SGLD,GB-SLK-CLR-8ML-SPR-SGLD,shopify,1000,deny,manual,0.97,
sleek-8ml-clear-13-415-finemist,,SKU,GB-SLK-CLR-8ML-SPR-MSLV,GB-SLK-CLR-8ML-SPR-MSLV,shopify,1000,deny,manual,0.97,
sleek-8ml-clear-13-415-finemist,,SKU,GB-SLK-CLR-8ML-SPR-SSLV,GB-SLK-CLR-8ML-SPR-SSLV,shopify,1000,deny,manual,0.97,
sleek-8ml-clear-13-415-finemist,,SKU,GB-SLK-CLR-8ML-SPR-MBLU,GB-SLK-CLR-8ML-SPR-MBLU,shopify,1000,deny,manual,0.97,
sleek-8ml-clear-13-415-finemist,,SKU,GB-SLK-CLR-8ML-SPR-MCPR,GB-SLK-CLR-8ML-SPR-MCPR,shopify,1000,deny,manual,0.97,
sleek-8ml-clear-13-415-finemist,,SKU,GB-SLK-CLR-8ML-SPR-MGLD,GB-SLK-CLR-8ML-SPR-MGLD,shopify,1000,deny,manual,0.97,
dropper-18-415,Dropper — Thread 18-415,SKU,CMP-DRP-SGLD-18415,CMP-DRP-SGLD-18415,shopify,1000,deny,manual,0.55,active
dropper-18-415,,SKU,CMP-DRP-SSLV-18415,CMP-DRP-SSLV-18415,shopify,1000,deny,manual,0.55,
dropper-18-415,,SKU,CMP-DRP-CPR-18415,CMP-DRP-CPR-18415,shopify,1000,deny,manual,0.55,
cylinder-9ml-clear-17-415-finemist,9 ml Clear Cylinder Fine Mist Spray Bottle,SKU,GB-CYL-CLR-9ML-T-21,GB-CYL-CLR-9ML-T-21,shopify,1000,deny,manual,0.88,active
cylinder-9ml-clear-17-415-finemist,,SKU,GB-CYL-CLR-9ML-T-23,GB-CYL-CLR-9ML-T-23,shopify,1000,deny,manual,0.88,
cylinder-9ml-clear-17-415-finemist,,SKU,GB-CYL-CLR-9ML-T-22,GB-CYL-CLR-9ML-T-22,shopify,1000,deny,manual,0.88,
cylinder-9ml-clear-17-415-finemist,,SKU,GB-CYL-CLR-9ML-T-25,GB-CYL-CLR-9ML-T-25,shopify,1000,deny,manual,0.88,
cylinder-9ml-clear-17-415-finemist,,SKU,GB-CYL-CLR-9ML-T-24,GB-CYL-CLR-9ML-T-24,shopify,1000,deny,manual,0.88,
cylinder-9ml-clear-17-415-finemist,,SKU,GB-CYL-CLR-9ML-T-26,GB-CYL-CLR-9ML-T-26,shopify,1000,deny,manual,0.88,
cylinder-100ml-clear-18-415-reducer,100 ml Clear Cylinder Reducer Bottle,SKU,GB-CYL-CLR-100ML-RDC-SGLD,GB-CYL-CLR-100ML-RDC-SGLD,shopify,1000,deny,manual,2.02,active
cylinder-100ml-clear-18-415-reducer,,SKU,GB-CYL-CLR-100ML-RDC-SBLK-T,GB-CYL-CLR-100ML-RDC-SBLK-T,shopify,1000,deny,manual,2.02,
cylinder-100ml-clear-18-415-reducer,,SKU,GB-CYL-CLR-100ML-RDC-SBLK,GB-CYL-CLR-100ML-RDC-SBLK,shopify,1000,deny,manual,2.02,
cylinder-100ml-clear-18-415-reducer,,SKU,GB-CYL-CLR-100ML-RDC-BRLT,GB-CYL-CLR-100ML-RDC-BRLT,shopify,1000,deny,manual,2.30,
cylinder-100ml-clear-18-415-reducer,,SKU,GB-CYL-CLR-100ML-RDC-LBLT,GB-CYL-CLR-100ML-RDC-LBLT,shopify,1000,deny,manual,2.30,
cylinder-100ml-clear-18-415-reducer,,SKU,GB-CYL-CLR-100ML-RDC-SSLV,GB-CYL-CLR-100ML-RDC-SSLV,shopify,1000,deny,manual,2.02,
cylinder-100ml-clear-18-415-reducer,,SKU,GB-CYL-CLR-100ML-RDC-MSLV-T,GB-CYL-CLR-100ML-RDC-MSLV-T,shopify,1000,deny,manual,2.02,
cylinder-100ml-clear-18-415-reducer,,SKU,GB-CYL-CLR-100ML-RDC-MSLV,GB-CYL-CLR-100ML-RDC-MSLV,shopify,1000,deny,manual,2.02,
cylinder-100ml-clear-18-415-reducer,,SKU,GB-CYL-CLR-100ML-RDC-WHT,GB-CYL-CLR-100ML-RDC-WHT,shopify,1000,deny,manual,2.02,
cylinder-100ml-clear-18-415-reducer,,SKU,GB-CYL-CLR-100ML-RDC-IVLT,GB-CYL-CLR-100ML-RDC-IVLT,shopify,1000,deny,manual,2.30,
cylinder-100ml-clear-18-415-reducer,,SKU,GB-CYL-CLR-100ML-RDC-PKLT,GB-CYL-CLR-100ML-RDC-PKLT,shopify,1000,deny,manual,2.30,
cylinder-100ml-clear-18-415-reducer,,SKU,GB-CYL-CLR-100ML-RDC-BKLT,GB-CYL-CLR-100ML-RDC-BKLT,shopify,1000,deny,manual,2.30,
cylinder-100ml-clear-18-415-reducer,,SKU,GB-CYL-CLR-100ML-RDC-MSLV-01,GB-CYL-CLR-100ML-RDC-MSLV-01,,0,deny,manual,2.02,
cylinder-100ml-clear-18-415-reducer,,SKU,GB-CYL-CLR-100ML-RDC-SBLK-01,GB-CYL-CLR-100ML-RDC-SBLK-01,,0,deny,manual,2.02,
flair-15ml-clear-13-415-rollon,15 ml Clear Flair Roll-On Bottle,SKU,GB-FLR-CLR-15ML-ROL-SLDT,GB-FLR-CLR-15ML-ROL-SLDT,shopify,1000,deny,manual,0.81,active
flair-15ml-clear-13-415-rollon,,SKU,GB-FLR-CLR-15ML-ROL-MSLV,GB-FLR-CLR-15ML-ROL-MSLV,shopify,1000,deny,manual,0.74,
flair-15ml-clear-13-415-rollon,,SKU,GB-FLR-CLR-15ML-ROL-SSLV,GB-FLR-CLR-15ML-ROL-SSLV,shopify,1000,deny,manual,0.74,
flair-15ml-clear-13-415-rollon,,SKU,GB-FLR-CLR-15ML-ROL-SBLK,GB-FLR-CLR-15ML-ROL-SBLK,shopify,1000,deny,manual,0.74,
flair-15ml-clear-13-415-rollon,,SKU,GB-FLR-CLR-15ML-ROL-MCPR,GB-FLR-CLR-15ML-ROL-MCPR,shopify,1000,deny,manual,0.74,
flair-15ml-clear-13-415-rollon,,SKU,GB-FLR-CLR-15ML-ROL-MGLD,GB-FLR-CLR-15ML-ROL-MGLD,shopify,1000,deny,manual,0.74,
flair-15ml-clear-13-415-rollon,,SKU,GB-FLR-CLR-15ML-ROL-SGLD,GB-FLR-CLR-15ML-ROL-SGLD,shopify,1000,deny,manual,0.74,
flair-15ml-clear-13-415-rollon,,SKU,GB-FLR-CLR-15ML-ROL-PKDT,GB-FLR-CLR-15ML-ROL-PKDT,shopify,1000,deny,manual,0.81,
flair-15ml-clear-13-415-rollon,,SKU,GB-FLR-CLR-15ML-ROL-BKDT,GB-FLR-CLR-15ML-ROL-BKDT,shopify,1000,deny,manual,0.81,
flair-15ml-clear-13-415-rollon,,SKU,GB-FLR-CLR-15ML-MRL-BKDT,GB-FLR-CLR-15ML-MRL-BKDT,shopify,1000,deny,manual,0.89,
flair-15ml-clear-13-415-rollon,,SKU,GB-FLR-CLR-15ML-MRL-SBLK,GB-FLR-CLR-15ML-MRL-SBLK,shopify,1000,deny,manual,0.82,
flair-15ml-clear-13-415-rollon,,SKU,GB-FLR-CLR-15ML-MRL-MCPR,GB-FLR-CLR-15ML-MRL-MCPR,shopify,1000,deny,manual,0.82,
flair-15ml-clear-13-415-rollon,,SKU,GB-FLR-CLR-15ML-MRL-MGLD,GB-FLR-CLR-15ML-MRL-MGLD,shopify,1000,deny,manual,0.82,
flair-15ml-clear-13-415-rollon,,SKU,GB-FLR-CLR-15ML-MRL-SGLD,GB-FLR-CLR-15ML-MRL-SGLD,shopify,1000,deny,manual,0.82,
flair-15ml-clear-13-415-rollon,,SKU,GB-FLR-CLR-15ML-MRL-PKDT,GB-FLR-CLR-15ML-MRL-PKDT,shopify,1000,deny,manual,0.89,
flair-15ml-clear-13-415-rollon,,SKU,GB-FLR-CLR-15ML-MRL-SLDT,GB-FLR-CLR-15ML-MRL-SLDT,shopify,1000,deny,manual,0.89,
flair-15ml-clear-13-415-rollon,,SKU,GB-FLR-CLR-15ML-MRL-MSLV,GB-FLR-CLR-15ML-MRL-MSLV,shopify,1000,deny,manual,0.82,
flair-15ml-clear-13-415-rollon,,SKU,GB-FLR-CLR-15ML-MRL-SSLV,GB-FLR-CLR-15ML-MRL-SSLV,shopify,1000,deny,manual,0.82,
diva-46ml-frosted-18-415-perfumespray,46 ml Frosted Diva Bottle,SKU,GB-DVA-FRS-46ML-02,GB-DVA-FRS-46ML-02,shopify,1000,deny,manual,3.75,active
diva-46ml-frosted-18-415-perfumespray,,SKU,GB-DVA-FRS-46ML-05,GB-DVA-FRS-46ML-05,shopify,1000,deny,manual,3.75,
diva-46ml-frosted-18-415-perfumespray,,SKU,GB-DVA-FRS-46ML-04,GB-DVA-FRS-46ML-04,shopify,1000,deny,manual,3.75,
diva-46ml-frosted-18-415-perfumespray,,SKU,GB-DVA-FRS-46ML-03,GB-DVA-FRS-46ML-03,shopify,1000,deny,manual,3.75,
diva-46ml-frosted-18-415-perfumespray,,SKU,GB-DVA-FRS-46ML-06,GB-DVA-FRS-46ML-06,shopify,1000,deny,manual,3.75,
diva-46ml-frosted-18-415-perfumespray,,SKU,GB-DVA-FRS-46ML-01,GB-DVA-FRS-46ML-01,shopify,1000,deny,manual,3.75,
slim-50ml-clear-18-415-antiquespray-tassel,50 ml Clear Slim Vintage Bulb Spray Bottle with Tassel,SKU,GB-SLM-CLR-50ML-AST-GLD,GB-SLM-CLR-50ML-AST-GLD,shopify,1000,deny,manual,6.30,active
slim-50ml-clear-18-415-antiquespray-tassel,,SKU,GB-SLM-CLR-50ML-AST-IVGD,GB-SLM-CLR-50ML-AST-IVGD,shopify,1000,deny,manual,6.30,
slim-50ml-clear-18-415-antiquespray-tassel,,SKU,GB-SLM-CLR-50ML-AST-LVN,GB-SLM-CLR-50ML-AST-LVN,shopify,1000,deny,manual,6.30,
slim-50ml-clear-18-415-antiquespray-tassel,,SKU,GB-SLM-CLR-50ML-AST-PNK,GB-SLM-CLR-50ML-AST-PNK,shopify,1000,deny,manual,6.30,
slim-50ml-clear-18-415-antiquespray-tassel,,SKU,GB-SLM-CLR-50ML-AST-IVSL,GB-SLM-CLR-50ML-AST-IVSL,shopify,1000,deny,manual,6.30,
slim-50ml-clear-18-415-antiquespray-tassel,,SKU,GB-SLM-CLR-50ML-AST-RED,GB-SLM-CLR-50ML-AST-RED,shopify,1000,deny,manual,6.30,
slim-50ml-clear-18-415-antiquespray-tassel,,SKU,GB-SLM-CLR-50ML-AST-WHT,GB-SLM-CLR-50ML-AST-WHT,shopify,1000,deny,manual,6.30,
slim-50ml-clear-18-415-antiquespray-tassel,,SKU,GB-SLM-CLR-50ML-AST-MSLV,GB-SLM-CLR-50ML-AST-MSLV,shopify,1000,deny,manual,6.30,
slim-50ml-clear-18-415-antiquespray-tassel,,SKU,GB-SLM-CLR-50ML-AST-BLK,GB-SLM-CLR-50ML-AST-BLK,shopify,1000,deny,manual,6.30,
cylinder-9ml-amber-17-415-finemist,9 ml Amber Cylinder Fine Mist Spray Bottle,SKU,GB-CYL-AMB-9ML-SPR-BLK,GB-CYL-AMB-9ML-SPR-BLK,shopify,1000,deny,manual,0.90,active
cylinder-9ml-amber-17-415-finemist,,SKU,GB-CYL-AMB-9ML-SPR-GLD,GB-CYL-AMB-9ML-SPR-GLD,shopify,1000,deny,manual,0.90,
cylinder-9ml-amber-17-415-finemist,,SKU,GB-CYL-AMB-9ML-SPR-MSLV,GB-CYL-AMB-9ML-SPR-MSLV,shopify,1000,deny,manual,0.90,
cylinder-9ml-amber-17-415-finemist,,SKU,GB-CYL-AMB-9ML-SPR-SSLV,GB-CYL-AMB-9ML-SPR-SSLV,shopify,1000,deny,manual,0.90,
cylinder-9ml-amber-17-415-finemist,,SKU,GB-CYL-AMB-9ML-SPR-TRQ,GB-CYL-AMB-9ML-SPR-TRQ,shopify,1000,deny,manual,0.90,
cylinder-9ml-amber-17-415-finemist,,SKU,GB-CYL-AMB-9ML-SPR-RED,GB-CYL-AMB-9ML-SPR-RED,shopify,1000,deny,manual,0.90,
cap-closure-8-425,Cap & Closure — Thread 8-425,SKU,CMP-CAP-WHT-8-425,CMP-CAP-WHT-8-425,shopify,1000,deny,manual,0.15,active
cap-closure-8-425,,SKU,CMP-CAP-SSLV-8425-T,CMP-CAP-SSLV-8425-T,shopify,1000,deny,manual,0.25,
cap-closure-8-425,,SKU,CMP-CAP-SGLD-8425-T,CMP-CAP-SGLD-8425-T,shopify,1000,deny,manual,0.25,
cap-closure-8-425,,SKU,CMP-CAP-BLK-8-425,CMP-CAP-BLK-8-425,shopify,1000,deny,manual,0.15,
cap-closure-8-425,,SKU,CMP-CAP-BLK-8425-T,CMP-CAP-BLK-8425-T,shopify,1000,deny,manual,0.25,
cylinder-5ml-cobalt-blue-13-415,5 ml Cobalt Blue Cylinder Bottle with Cap,SKU,GB-CYL-BLU-5ML-SLV-T,GB-CYL-BLU-5ML-SLV-T,shopify,1000,deny,manual,0.52,active
cylinder-5ml-cobalt-blue-13-415,,SKU,GB-CYL-CBL-5ML-S-02,GB-CYL-CBL-5ML-S-02,shopify,1000,deny,manual,0.39,
cylinder-5ml-cobalt-blue-13-415,,SKU,GB-CYL-BLU-5ML-GLD-T,GB-CYL-BLU-5ML-GLD-T,shopify,1000,deny,manual,0.52,
cylinder-5ml-cobalt-blue-13-415,,SKU,GB-CYL-CBL-5ML-S-01,GB-CYL-CBL-5ML-S-01,shopify,1000,deny,manual,0.39,
cylinder-5ml-cobalt-blue-13-415,,SKU,GB-CYL-BLU-5ML-CAP-SBLK,GB-CYL-BLU-5ML-CAP-SBLK,shopify,1000,deny,manual,0.50,
cylinder-5ml-cobalt-blue-13-415,,SKU,GB-CYL-BLU-5ML-MCPR-S,GB-CYL-BLU-5ML-MCPR-S,shopify,1000,deny,manual,0.50,
cylinder-5ml-cobalt-blue-13-415,,SKU,GB-CYL-BLU-5ML-MGLD-S,GB-CYL-BLU-5ML-MGLD-S,shopify,1000,deny,manual,0.50,
cylinder-5ml-cobalt-blue-13-415,,SKU,GB-CYL-BLU-5ML-MSLV-S,GB-CYL-BLU-5ML-MSLV-S,shopify,1000,deny,manual,0.50,
cylinder-5ml-cobalt-blue-13-415,,SKU,GB-CYL-BLU-5ML-SGLD-S,GB-CYL-BLU-5ML-SGLD-S,shopify,1000,deny,manual,0.50,
cylinder-5ml-cobalt-blue-13-415,,SKU,GB-CYL-BLU-5ML-SSLV-S,GB-CYL-BLU-5ML-SSLV-S,shopify,1000,deny,manual,0.50,
cylinder-9ml-cobalt-blue-17-415-finemist,9 ml Cobalt Blue Cylinder Fine Mist Spray Bottle,SKU,GB-CYL-BLU-9ML-SPR-BLK,GB-CYL-BLU-9ML-SPR-BLK,shopify,1000,deny,manual,0.93,active
cylinder-9ml-cobalt-blue-17-415-finemist,,SKU,GB-CYL-BLU-9ML-SPR-TRQ,GB-CYL-BLU-9ML-SPR-TRQ,shopify,1000,deny,manual,0.93,
cylinder-9ml-cobalt-blue-17-415-finemist,,SKU,GB-CYL-BLU-9ML-SPR-MSLV,GB-CYL-BLU-9ML-SPR-MSLV,shopify,1000,deny,manual,0.93,
cylinder-9ml-cobalt-blue-17-415-finemist,,SKU,GB-CYL-BLU-9ML-SPR-GLD,GB-CYL-BLU-9ML-SPR-GLD,shopify,1000,deny,manual,0.93,
cylinder-9ml-cobalt-blue-17-415-finemist,,SKU,GB-CYL-BLU-9ML-SPR-SSLV,GB-CYL-BLU-9ML-SPR-SSLV,shopify,1000,deny,manual,0.93,
cylinder-9ml-cobalt-blue-17-415-finemist,,SKU,GB-CYL-BLU-9ML-SPR-RED,GB-CYL-BLU-9ML-SPR-RED,shopify,1000,deny,manual,0.93,
boston-round-60ml-amber-20-400-rollon,60 ml Amber Boston Round Roll-On Bottle,SKU,GB-BSR-AMB-60ML-MRL-MBLK,GB-BSR-AMB-60ML-MRL-MBLK,shopify,1000,deny,manual,1.10,active
boston-round-60ml-amber-20-400-rollon,,SKU,GB-BSR-AMB-60ML-MRL-MGLD,GB-BSR-AMB-60ML-MRL-MGLD,shopify,1000,deny,manual,1.10,
boston-round-60ml-amber-20-400-rollon,,SKU,GB-BSR-AMB-60ML-MRL-MSLV,GB-BSR-AMB-60ML-MRL-MSLV,shopify,1000,deny,manual,1.10,
boston-round-60ml-amber-20-400-rollon,,SKU,GB-BSR-AMB-60ML-MRL-SSLV,GB-BSR-AMB-60ML-MRL-SSLV,shopify,1000,deny,manual,1.10,
boston-round-60ml-amber-20-400-rollon,,SKU,GB-BSR-AMB-60ML-RON-MGLD,GB-BSR-AMB-60ML-RON-MGLD,shopify,1000,deny,manual,0.95,
boston-round-60ml-amber-20-400-rollon,,SKU,GB-BSR-AMB-60ML-RON-MBLK,GB-BSR-AMB-60ML-RON-MBLK,shopify,1000,deny,manual,0.95,
boston-round-60ml-amber-20-400-rollon,,SKU,GB-BSR-AMB-60ML-RON-MSLV,GB-BSR-AMB-60ML-RON-MSLV,shopify,1000,deny,manual,0.95,
boston-round-60ml-amber-20-400-rollon,,SKU,GB-BSR-AMB-60ML-RON-SSLV,GB-BSR-AMB-60ML-RON-SSLV,shopify,1000,deny,manual,0.95,
boston-round-60ml-amber-20-400-rollon,,SKU,GB-BSR-AMB-60ML-RBL-SBLK,GB-BSR-AMB-60ML-RBL-SBLK,shopify,1000,deny,manual,0.95,
boston-round-60ml-amber-20-400-rollon,,SKU,GB-BSR-AMB-60ML-RON-GLD,GB-BSR-AMB-60ML-RON-GLD,shopify,1000,deny,manual,0.95,
boston-round-60ml-amber-20-400-rollon,,SKU,GB-BSR-AMB-60ML-MRL-SGLD,GB-BSR-AMB-60ML-MRL-SGLD,shopify,1000,deny,manual,1.10,
cylinder-9ml-frosted-17-415-finemist,9 ml Frosted Cylinder Fine Mist Spray Bottle,SKU,GB-CYL-FRS-9ML-SPR-BLK,GB-CYL-FRS-9ML-SPR-BLK,shopify,1000,deny,manual,0.98,active
cylinder-9ml-frosted-17-415-finemist,,SKU,GB-CYL-FRS-9ML-SPR-GLD,GB-CYL-FRS-9ML-SPR-GLD,shopify,1000,deny,manual,0.98,
cylinder-9ml-frosted-17-415-finemist,,SKU,GB-CYL-FRS-9ML-SPR-MSLV,GB-CYL-FRS-9ML-SPR-MSLV,shopify,1000,deny,manual,0.98,
cylinder-9ml-frosted-17-415-finemist,,SKU,GB-CYL-FRS-9ML-SPR-SSLV,GB-CYL-FRS-9ML-SPR-SSLV,shopify,1000,deny,manual,0.98,
cylinder-9ml-frosted-17-415-finemist,,SKU,GB-CYL-FRS-9ML-SPR-TRQ,GB-CYL-FRS-9ML-SPR-TRQ,shopify,1000,deny,manual,0.98,
cylinder-9ml-frosted-17-415-finemist,,SKU,GB-CYL-FRS-9ML-SPR-RED,GB-CYL-FRS-9ML-SPR-RED,shopify,1000,deny,manual,0.98,
cap-closure-13-415,Cap & Closure — Thread 13-415,SKU,CMP-CAP-WHT-S-13-415,CMP-CAP-WHT-S-13-415,shopify,1000,deny,manual,0.24,active
cap-closure-13-415,,SKU,CMP-CAP-SLV-13-415-01,CMP-CAP-SLV-13-415-01,shopify,1000,deny,manual,0.30,
cap-closure-13-415,,SKU,CMP-CAP-SGLD-13-415-01,CMP-CAP-SGLD-13-415-01,shopify,1000,deny,manual,0.30,
cap-closure-13-415,,SKU,CMP-CAP-BLK-S-13-415,CMP-CAP-BLK-S-13-415,shopify,1000,deny,manual,0.24,
cap-closure-13-415,,SKU,CMP-CAP-SBLK-13-415,CMP-CAP-SBLK-13-415,shopify,1000,deny,manual,0.28,
cap-closure-13-415,,SKU,CMP-CLS-MTCP-S-13-415,CMP-CLS-MTCP-S-13-415,shopify,1000,deny,manual,0.28,
cap-closure-13-415,,SKU,CMP-CLS-MTGD-S-13-415,CMP-CLS-MTGD-S-13-415,shopify,1000,deny,manual,0.28,
cap-closure-13-415,,SKU,CMP-CLS-MTSL-S-13-415,CMP-CLS-MTSL-S-13-415,shopify,1000,deny,manual,0.28,
cap-closure-13-415,,SKU,CMP-CLS-SHGD-S-13-415,CMP-CLS-SHGD-S-13-415,shopify,1000,deny,manual,0.28,
cap-closure-13-415,,SKU,CMP-CLS-SHSL-S-13-415-02,CMP-CLS-SHSL-S-13-415-02,shopify,1000,deny,manual,0.28,
circle-50ml-clear-18-415-perfumespray,50 ml Clear Circle Bottle,SKU,GB-CIR-CLR-50ML-SPR-MSLV,GB-CIR-CLR-50ML-SPR-MSLV,shopify,1000,deny,manual,2.60,active
circle-50ml-clear-18-415-perfumespray,,SKU,GB-CIR-CLR-50ML-SPR-MGLD,GB-CIR-CLR-50ML-SPR-MGLD,shopify,1000,deny,manual,2.60,
circle-50ml-clear-18-415-perfumespray,,SKU,GB-CIR-CLR-50ML-SPR-SGLD,GB-CIR-CLR-50ML-SPR-SGLD,shopify,1000,deny,manual,2.60,
circle-50ml-clear-18-415-perfumespray,,SKU,GB-CIR-CLR-50ML-SPR-SBLK,GB-CIR-CLR-50ML-SPR-SBLK,shopify,1000,deny,manual,2.60,
circle-50ml-clear-18-415-perfumespray,,SKU,GB-CIR-CLR-50ML-SPR-SSLV,GB-CIR-CLR-50ML-SPR-SSLV,shopify,1000,deny,manual,2.60,
circle-50ml-clear-18-415-perfumespray,,SKU,GB-CIR-CLR-50ML-SPR-CPR,GB-CIR-CLR-50ML-SPR-CPR,shopify,1000,deny,manual,2.60,
cylinder-9ml-clear-13-415-finemist,9 ml Clear Cylinder Fine Mist Spray Bottle,SKU,GB-CYL-CLR-9ML-SPR-MBLK,GB-CYL-CLR-9ML-SPR-MBLK,shopify,1000,deny,manual,1.20,active
cylinder-9ml-clear-13-415-finemist,,SKU,GB-CYL-CLR-9ML-SPR-MBLU,GB-CYL-CLR-9ML-SPR-MBLU,shopify,1000,deny,manual,1.20,
cylinder-9ml-clear-13-415-finemist,,SKU,GB-CYL-CLR-9ML-SPR-MCPR,GB-CYL-CLR-9ML-SPR-MCPR,shopify,1000,deny,manual,1.20,
cylinder-9ml-clear-13-415-finemist,,SKU,GB-CYL-CLR-9ML-SPR-SBLK,GB-CYL-CLR-9ML-SPR-SBLK,shopify,1000,deny,manual,1.20,
cylinder-9ml-clear-13-415-finemist,,SKU,GB-CYL-CLR-9ML-SPR-MGLD,GB-CYL-CLR-9ML-SPR-MGLD,shopify,1000,deny,manual,1.20,
cylinder-9ml-clear-13-415-finemist,,SKU,GB-CYL-CLR-9ML-SPR-SGLD,GB-CYL-CLR-9ML-SPR-SGLD,shopify,1000,deny,manual,1.20,
cylinder-9ml-clear-13-415-finemist,,SKU,GB-CYL-CLR-9ML-SPR-MSLV-02,GB-CYL-CLR-9ML-SPR-MSLV-02,shopify,1000,deny,manual,1.20,
cylinder-9ml-clear-13-415-finemist,,SKU,GB-CYL-CLR-9ML-SPR-SSLV-02,GB-CYL-CLR-9ML-SPR-SSLV-02,shopify,1000,deny,manual,1.20,
cylinder-9ml-frosted-13-415-finemist,9 ml Frosted Cylinder Fine Mist Spray Bottle,SKU,GB-CYL-FRS-9ML-01,GB-CYL-FRS-9ML-01,shopify,1000,deny,manual,1.40,active
cylinder-9ml-frosted-13-415-finemist,,SKU,GB-CYL-FRS-9ML-02,GB-CYL-FRS-9ML-02,shopify,1000,deny,manual,1.40,
cylinder-9ml-frosted-13-415-finemist,,SKU,GB-CYL-FRS-9ML-03,GB-CYL-FRS-9ML-03,shopify,1000,deny,manual,1.40,
cylinder-9ml-frosted-13-415-finemist,,SKU,GB-CYL-FRS-9ML-06,GB-CYL-FRS-9ML-06,shopify,1000,deny,manual,1.40,
cylinder-9ml-frosted-13-415-finemist,,SKU,GB-CYL-FRS-9ML-05,GB-CYL-FRS-9ML-05,shopify,1000,deny,manual,1.40,
cylinder-9ml-frosted-13-415-finemist,,SKU,GB-CYL-FRS-9ML-07,GB-CYL-FRS-9ML-07,shopify,1000,deny,manual,1.40,
cylinder-9ml-frosted-13-415-finemist,,SKU,GB-CYL-FRS-9ML-08,GB-CYL-FRS-9ML-08,shopify,1000,deny,manual,1.40,
cylinder-9ml-frosted-13-415-finemist,,SKU,GB-CYL-FRS-9ML-04,GB-CYL-FRS-9ML-04,shopify,1000,deny,manual,1.40,
roll-on-fitment-13-415,Roll-On Fitment — Thread 13-415,SKU,CMP-ROC-SLV-13415-DOT,CMP-ROC-SLV-13415-DOT,shopify,1000,deny,manual,0.37,active
roll-on-fitment-13-415,,SKU,CMP-ROC-MSLV-13415,CMP-ROC-MSLV-13415,shopify,1000,deny,manual,0.30,
roll-on-fitment-13-415,,SKU,CMP-ROC-PNK-13415-DOT,CMP-ROC-PNK-13415-DOT,shopify,1000,deny,manual,0.37,
roll-on-fitment-13-415,,SKU,CMP-ROC-MGLD-13415,CMP-ROC-MGLD-13415,shopify,1000,deny,manual,0.30,
roll-on-fitment-13-415,,SKU,CMP-ROC-SSLV-13415,CMP-ROC-SSLV-13415,shopify,1000,deny,manual,0.30,
roll-on-fitment-13-415,,SKU,CMP-ROC-MCPR-13415,CMP-ROC-MCPR-13415,shopify,1000,deny,manual,0.30,
roll-on-fitment-13-415,,SKU,CMP-ROC-SGLD-13415,CMP-ROC-SGLD-13415,shopify,1000,deny,manual,0.30,
roll-on-fitment-13-415,,SKU,CMP-ROC-SBLK-13415,CMP-ROC-SBLK-13415,shopify,1000,deny,manual,0.30,
roll-on-fitment-13-415,,SKU,CMP-ROC-BLK-13415-DOT,CMP-ROC-BLK-13415-DOT,shopify,1000,deny,manual,0.37,
boston-round-60ml-cobalt-blue-20-400-rollon,60 ml Cobalt Blue Boston Round Roll-On Bottle,SKU,GB-BSR-BLU-60ML-MRO-MBLK,GB-BSR-BLU-60ML-MRO-MBLK,shopify,1000,deny,manual,1.10,active
boston-round-60ml-cobalt-blue-20-400-rollon,,SKU,GB-BSR-CBL-60ML-MRL-MGLD,GB-BSR-CBL-60ML-MRL-MGLD,shopify,1000,deny,manual,1.10,
boston-round-60ml-cobalt-blue-20-400-rollon,,SKU,GB-BSR-BLU-60ML-MRO-MSLV,GB-BSR-BLU-60ML-MRO-MSLV,shopify,1000,deny,manual,1.10,
boston-round-60ml-cobalt-blue-20-400-rollon,,SKU,GB-BSR-BLU-60ML-MRO-SSLV,GB-BSR-BLU-60ML-MRO-SSLV,shopify,1000,deny,manual,1.10,
boston-round-60ml-cobalt-blue-20-400-rollon,,SKU,GB-BSR-BLU-60ML-RON-MGLD,GB-BSR-BLU-60ML-RON-MGLD,shopify,1000,deny,manual,0.95,
boston-round-60ml-cobalt-blue-20-400-rollon,,SKU,GB-BSR-BLU-60ML-RON-MBLK,GB-BSR-BLU-60ML-RON-MBLK,shopify,1000,deny,manual,0.95,
boston-round-60ml-cobalt-blue-20-400-rollon,,SKU,GB-BSR-BLU-60ML-RON-MSLV,GB-BSR-BLU-60ML-RON-MSLV,shopify,1000,deny,manual,0.95,
boston-round-60ml-cobalt-blue-20-400-rollon,,SKU,GB-BSR-BLU-60ML-RON-SSLV,GB-BSR-BLU-60ML-RON-SSLV,shopify,1000,deny,manual,0.95,
boston-round-60ml-cobalt-blue-20-400-rollon,,SKU,GB-BSR-CBL-60ML-RBL-SBLK,GB-BSR-CBL-60ML-RBL-SBLK,shopify,1000,deny,manual,0.95,
boston-round-60ml-cobalt-blue-20-400-rollon,,SKU,GB-BSR-BLU-60ML-RON-GLD,GB-BSR-BLU-60ML-RON-GLD,shopify,1000,deny,manual,0.95,
boston-round-60ml-cobalt-blue-20-400-rollon,,SKU,GB-BSR-CBL-60ML-MRL-SGLD,GB-BSR-CBL-60ML-MRL-SGLD,shopify,1000,deny,manual,1.10,
boston-round-60ml-cobalt-blue-20-400-rollon,,SKU,GB-BSR-BLU-60ML-MRL-SBLK,GB-BSR-BLU-60ML-MRL-SBLK,shopify,1000,deny,manual,1.10,
grace-55ml-clear-18-415-antiquespray,55 ml Clear Grace Vintage Bulb Spray Bottle,SKU,GB-GRC-CLR-55ML-ASP-GLD,GB-GRC-CLR-55ML-ASP-GLD,shopify,1000,deny,manual,5.55,active
grace-55ml-clear-18-415-antiquespray,,SKU,GB-GRC-CLR-55ML-ASP-LVN,GB-GRC-CLR-55ML-ASP-LVN,shopify,1000,deny,manual,5.55,
grace-55ml-clear-18-415-antiquespray,,SKU,GB-GRC-CLR-55ML-ASP-IVGD,GB-GRC-CLR-55ML-ASP-IVGD,shopify,1000,deny,manual,5.55,
grace-55ml-clear-18-415-antiquespray,,SKU,GB-GRC-CLR-55ML-ASP-PNK,GB-GRC-CLR-55ML-ASP-PNK,shopify,1000,deny,manual,5.55,
grace-55ml-clear-18-415-antiquespray,,SKU,GB-GRC-CLR-55ML-ASP-MSLV,GB-GRC-CLR-55ML-ASP-MSLV,shopify,1000,deny,manual,5.55,
grace-55ml-clear-18-415-antiquespray,,SKU,GB-GRC-CLR-55ML-ASP-WHT,GB-GRC-CLR-55ML-ASP-WHT,shopify,1000,deny,manual,5.55,
grace-55ml-clear-18-415-antiquespray,,SKU,GB-GRC-CLR-55ML-ASP-IVSL,GB-GRC-CLR-55ML-ASP-IVSL,shopify,1000,deny,manual,5.55,
grace-55ml-clear-18-415-antiquespray,,SKU,GB-GRC-CLR-55ML-ASP-RED,GB-GRC-CLR-55ML-ASP-RED,shopify,1000,deny,manual,5.55,
grace-55ml-clear-18-415-antiquespray,,SKU,GB-GRC-CLR-55ML-ASP-BLK,GB-GRC-CLR-55ML-ASP-BLK,shopify,1000,deny,manual,5.55,
sleek-5ml-clear-13-415,5 ml Clear Sleek Bottle with Cap,SKU,GB-SLK-CLR-5ML-GLD-T,GB-SLK-CLR-5ML-GLD-T,shopify,1000,deny,manual,0.60,active
sleek-5ml-clear-13-415,,SKU,GB-SLK-CLR-5ML-SLV-T,GB-SLK-CLR-5ML-SLV-T,shopify,1000,deny,manual,0.60,
sleek-5ml-clear-13-415,,SKU,GB-SLK-WHT-5ML-WHT-S,GB-SLK-WHT-5ML-WHT-S,shopify,1000,deny,manual,0.54,
sleek-5ml-clear-13-415,,SKU,GB-SLK-CLR-5ML-S,GB-SLK-CLR-5ML-S,shopify,1000,deny,manual,0.54,
sleek-5ml-clear-13-415,,SKU,GB-SLK-CLR-5ML-MCPR-S,GB-SLK-CLR-5ML-MCPR-S,shopify,1000,deny,manual,0.58,
sleek-5ml-clear-13-415,,SKU,GB-SLK-CLR-5ML-MGLD-S,GB-SLK-CLR-5ML-MGLD-S,shopify,1000,deny,manual,0.58,
sleek-5ml-clear-13-415,,SKU,GB-SLK-CLR-5ML-MSLV-S,GB-SLK-CLR-5ML-MSLV-S,shopify,1000,deny,manual,0.58,
sleek-5ml-clear-13-415,,SKU,GB-SLK-CLR-5ML-SBLK-S,GB-SLK-CLR-5ML-SBLK-S,shopify,1000,deny,manual,0.58,
sleek-5ml-clear-13-415,,SKU,GB-SLK-CLR-5ML-SGLD-S,GB-SLK-CLR-5ML-SGLD-S,shopify,1000,deny,manual,0.58,
sleek-5ml-clear-13-415,,SKU,GB-SLK-CLR-5ML-SSLV-S,GB-SLK-CLR-5ML-SSLV-S,shopify,1000,deny,manual,0.58,
footed-rectangle-10ml-clear-13-415-finemist,10 ml Clear Footed Rectangle Fine Mist Spray Bottle,SKU,GB-RCT-CLR-10ML-SPR-MBLK-01,GB-RCT-CLR-10ML-SPR-MBLK-01,shopify,1000,deny,manual,0.97,active
footed-rectangle-10ml-clear-13-415-finemist,,SKU,GB-RCT-CLR-10ML-SPR-SBLK-01,GB-RCT-CLR-10ML-SPR-SBLK-01,shopify,1000,deny,manual,0.97,
footed-rectangle-10ml-clear-13-415-finemist,,SKU,GB-RCT-CLR-10ML-SPR-MBLU-01,GB-RCT-CLR-10ML-SPR-MBLU-01,shopify,1000,deny,manual,0.97,
footed-rectangle-10ml-clear-13-415-finemist,,SKU,GB-RCT-CLR-10ML-SPR-MCPR-01,GB-RCT-CLR-10ML-SPR-MCPR-01,shopify,1000,deny,manual,0.97,
footed-rectangle-10ml-clear-13-415-finemist,,SKU,GB-RCT-CLR-10ML-SPR-MGLD-01,GB-RCT-CLR-10ML-SPR-MGLD-01,shopify,1000,deny,manual,0.97,
footed-rectangle-10ml-clear-13-415-finemist,,SKU,GB-RCT-CLR-10ML-SPR-SGLD-01,GB-RCT-CLR-10ML-SPR-SGLD-01,shopify,1000,deny,manual,0.97,
footed-rectangle-10ml-clear-13-415-finemist,,SKU,GB-RCT-CLR-10ML-SPR-MSLV-01,GB-RCT-CLR-10ML-SPR-MSLV-01,shopify,1000,deny,manual,0.97,
footed-rectangle-10ml-clear-13-415-finemist,,SKU,GB-RCT-CLR-10ML-SPR-SSLV-01,GB-RCT-CLR-10ML-SPR-SSLV-01,shopify,1000,deny,manual,0.97,
circle-50ml-frosted-18-415-perfumespray,50 ml Frosted Circle Bottle,SKU,GB-CIR-FRS-50ML-SPR-MGLD,GB-CIR-FRS-50ML-SPR-MGLD,shopify,1000,deny,manual,3.10,active
circle-50ml-frosted-18-415-perfumespray,,SKU,GB-CIR-FRS-50ML-SPR-SGLD,GB-CIR-FRS-50ML-SPR-SGLD,shopify,1000,deny,manual,3.10,
circle-50ml-frosted-18-415-perfumespray,,SKU,GB-CIR-FRS-50ML-SPR-SBLK,GB-CIR-FRS-50ML-SPR-SBLK,shopify,1000,deny,manual,3.10,
circle-50ml-frosted-18-415-perfumespray,,SKU,GB-CIR-FRS-50ML-SPR-MSLV,GB-CIR-FRS-50ML-SPR-MSLV,shopify,1000,deny,manual,3.10,
circle-50ml-frosted-18-415-perfumespray,,SKU,GB-CIR-FRS-50ML-SPR-SSLV,GB-CIR-FRS-50ML-SPR-SSLV,shopify,1000,deny,manual,3.10,
circle-50ml-frosted-18-415-perfumespray,,SKU,GB-CIR-FRS-50ML-SPR-CPR,GB-CIR-FRS-50ML-SPR-CPR,shopify,1000,deny,manual,3.10,
diva-100ml-clear-18-415-reducer,100 ml Clear Diva Reducer Bottle,SKU,GB-DVA-CLR-100ML-RDC-SGLD,GB-DVA-CLR-100ML-RDC-SGLD,shopify,1000,deny,manual,2.42,active
diva-100ml-clear-18-415-reducer,,SKU,GB-DVA-CLR-100ML-RDC-SBLK-T,GB-DVA-CLR-100ML-RDC-SBLK-T,shopify,1000,deny,manual,2.42,
diva-100ml-clear-18-415-reducer,,SKU,GB-DVA-CLR-100ML-RDC-SBLK,GB-DVA-CLR-100ML-RDC-SBLK,shopify,1000,deny,manual,2.42,
diva-100ml-clear-18-415-reducer,,SKU,GB-DVA-CLR-100ML-RDC-BRLT,GB-DVA-CLR-100ML-RDC-BRLT,shopify,1000,deny,manual,2.70,
diva-100ml-clear-18-415-reducer,,SKU,GB-DVA-CLR-100ML-RDC-LBLT,GB-DVA-CLR-100ML-RDC-LBLT,shopify,1000,deny,manual,2.70,
diva-100ml-clear-18-415-reducer,,SKU,GB-DVA-CLR-100ML-RDC-SSLV,GB-DVA-CLR-100ML-RDC-SSLV,shopify,1000,deny,manual,2.42,
diva-100ml-clear-18-415-reducer,,SKU,GB-DVA-CLR-100ML-RDC-MSLV-T,GB-DVA-CLR-100ML-RDC-MSLV-T,shopify,1000,deny,manual,2.42,
diva-100ml-clear-18-415-reducer,,SKU,GB-DVA-CLR-100ML-RDC-MSLV,GB-DVA-CLR-100ML-RDC-MSLV,shopify,1000,deny,manual,2.42,
diva-100ml-clear-18-415-reducer,,SKU,GB-DVA-CLR-100ML-RDC-WHT,GB-DVA-CLR-100ML-RDC-WHT,shopify,1000,deny,manual,2.42,
diva-100ml-clear-18-415-reducer,,SKU,GB-DVA-CLR-100ML-RDC-PKLT,GB-DVA-CLR-100ML-RDC-PKLT,shopify,1000,deny,manual,2.70,
diva-100ml-clear-18-415-reducer,,SKU,GB-DVA-CLR-100ML-RDC-IVLT,GB-DVA-CLR-100ML-RDC-IVLT,shopify,1000,deny,manual,2.70,
diva-100ml-clear-18-415-reducer,,SKU,GB-DVA-CLR-100ML-RDC-BKLT,GB-DVA-CLR-100ML-RDC-BKLT,shopify,1000,deny,manual,2.70,
diva-100ml-clear-18-415-reducer,,SKU,GB-DVA-CLR-100ML-RDC-MSLV-01,GB-DVA-CLR-100ML-RDC-MSLV-01,,0,deny,manual,2.42,
diva-100ml-clear-18-415-reducer,,SKU,GB-DVA-CLR-100ML-RDC-SBLK-01,GB-DVA-CLR-100ML-RDC-SBLK-01,,0,deny,manual,2.42,
tall-rectangle-10ml-clear-13-415-finemist,10 ml Clear Tall Rectangle Fine Mist Spray Bottle,SKU,GB-RCT-CLR-10ML-SPR-MBLK-02,GB-RCT-CLR-10ML-SPR-MBLK-02,shopify,1000,deny,manual,1.20,active
tall-rectangle-10ml-clear-13-415-finemist,,SKU,GB-RCT-CLR-10ML-SPR-SBLK-02,GB-RCT-CLR-10ML-SPR-SBLK-02,shopify,1000,deny,manual,1.20,
tall-rectangle-10ml-clear-13-415-finemist,,SKU,GB-RCT-CLR-10ML-SPR-MBLU-02,GB-RCT-CLR-10ML-SPR-MBLU-02,shopify,1000,deny,manual,1.20,
tall-rectangle-10ml-clear-13-415-finemist,,SKU,GB-RCT-CLR-10ML-SPR-MCPR-02,GB-RCT-CLR-10ML-SPR-MCPR-02,shopify,1000,deny,manual,1.20,
tall-rectangle-10ml-clear-13-415-finemist,,SKU,GB-RCT-CLR-10ML-SPR-MGLD-02,GB-RCT-CLR-10ML-SPR-MGLD-02,shopify,1000,deny,manual,1.20,
tall-rectangle-10ml-clear-13-415-finemist,,SKU,GB-RCT-CLR-10ML-SPR-SGLD-02,GB-RCT-CLR-10ML-SPR-SGLD-02,shopify,1000,deny,manual,1.20,
tall-rectangle-10ml-clear-13-415-finemist,,SKU,GB-RCT-CLR-10ML-SPR-MSLV-02,GB-RCT-CLR-10ML-SPR-MSLV-02,shopify,1000,deny,manual,1.20,
tall-rectangle-10ml-clear-13-415-finemist,,SKU,GB-RCT-CLR-10ML-SPR-SSLV-02,GB-RCT-CLR-10ML-SPR-SSLV-02,shopify,1000,deny,manual,1.20,
tulip-5ml-amber-13-415,5 ml Amber Tulip Bottle with Cap,SKU,GB-CYL-AMB-5ML-GLD-T,GB-CYL-AMB-5ML-GLD-T,shopify,1000,deny,manual,0.62,active
tulip-5ml-amber-13-415,,SKU,GB-CYL-AMB-5ML-SLV-T,GB-CYL-AMB-5ML-SLV-T,shopify,1000,deny,manual,0.62,
tulip-5ml-amber-13-415,,SKU,GB-CYL-AMB-5ML-WHT-S,GB-CYL-AMB-5ML-WHT-S,shopify,1000,deny,manual,0.44,
tulip-5ml-amber-13-415,,SKU,GB-DEC-AMB-5ML-S,GB-DEC-AMB-5ML-S,shopify,1000,deny,manual,0.44,
tulip-5ml-amber-13-415,,SKU,GB-TLP-AMB-5ML-MCPR-S,GB-TLP-AMB-5ML-MCPR-S,shopify,1000,deny,manual,0.60,
tulip-5ml-amber-13-415,,SKU,GB-TLP-AMB-5ML-MGLD-S,GB-TLP-AMB-5ML-MGLD-S,shopify,1000,deny,manual,0.60,
tulip-5ml-amber-13-415,,SKU,GB-TLP-AMB-5ML-MSLV-S,GB-TLP-AMB-5ML-MSLV-S,shopify,1000,deny,manual,0.60,
tulip-5ml-amber-13-415,,SKU,GB-TLP-AMB-5ML-SBLK-S,GB-TLP-AMB-5ML-SBLK-S,shopify,1000,deny,manual,0.60,
tulip-5ml-amber-13-415,,SKU,GB-TLP-AMB-5ML-SGLD-S,GB-TLP-AMB-5ML-SGLD-S,shopify,1000,deny,manual,0.60,
tulip-5ml-amber-13-415,,SKU,GB-TLP-AMB-5ML-SSLV-S,GB-TLP-AMB-5ML-SSLV-S,shopify,1000,deny,manual,0.60,
boston-round-15ml-amber-18-400-dropper,15 ml Amber Boston Round Dropper Bottle,SKU,GB-BSR-AMB-15ML-BLK-T-03,GB-BSR-AMB-15ML-BLK-T-03,shopify,1000,deny,manual,0.82,active
boston-round-15ml-amber-18-400-dropper,,SKU,GB-BSR-AMB-15ML-WHT-T-01,GB-BSR-AMB-15ML-WHT-T-01,shopify,1000,deny,manual,0.67,
boston-round-15ml-amber-18-400-dropper,,SKU,GB-BSR-AMB-15ML-WHT-T-02,GB-BSR-AMB-15ML-WHT-T-02,shopify,1000,deny,manual,0.82,
boston-round-15ml-amber-18-400-dropper,,SKU,GB-BSR-AMB-15ML-WHT-T-03,GB-BSR-AMB-15ML-WHT-T-03,shopify,1000,deny,manual,0.82,
boston-round-15ml-amber-18-400-dropper,,SKU,GB-BSR-AMB-15ML-BLK-T-02,GB-BSR-AMB-15ML-BLK-T-02,shopify,1000,deny,manual,0.82,
boston-round-15ml-amber-18-400-dropper,,SKU,GB-BSR-AMB-15ML-BLK-T-01,GB-BSR-AMB-15ML-BLK-T-01,shopify,1000,deny,manual,0.67,
circle-15ml-clear-13-415-finemist,15 ml Clear Circle Fine Mist Spray Bottle,SKU,GB-CIR-CLR-15ML-SPR-MBLK,GB-CIR-CLR-15ML-SPR-MBLK,shopify,1000,deny,manual,0.97,active
circle-15ml-clear-13-415-finemist,,SKU,GB-CIR-CLR-15ML-SPR-SBLK,GB-CIR-CLR-15ML-SPR-SBLK,shopify,1000,deny,manual,0.97,
circle-15ml-clear-13-415-finemist,,SKU,GB-CIR-CLR-15ML-SPR-MBLU,GB-CIR-CLR-15ML-SPR-MBLU,shopify,1000,deny,manual,0.97,
circle-15ml-clear-13-415-finemist,,SKU,GB-CIR-CLR-15ML-SPR-MCPR,GB-CIR-CLR-15ML-SPR-MCPR,shopify,1000,deny,manual,0.97,
circle-15ml-clear-13-415-finemist,,SKU,GB-CIR-CLR-15ML-SPR-MGLD,GB-CIR-CLR-15ML-SPR-MGLD,shopify,1000,deny,manual,0.97,
circle-15ml-clear-13-415-finemist,,SKU,GB-CIR-CLR-15ML-SPR-SGLD,GB-CIR-CLR-15ML-SPR-SGLD,shopify,1000,deny,manual,0.97,
circle-15ml-clear-13-415-finemist,,SKU,GB-CIR-CLR-15ML-SPR-MSLV,GB-CIR-CLR-15ML-SPR-MSLV,shopify,1000,deny,manual,0.97,
circle-15ml-clear-13-415-finemist,,SKU,GB-CIR-CLR-15ML-SPR-SSLV,GB-CIR-CLR-15ML-SPR-SSLV,shopify,1000,deny,manual,0.97,
elegant-15ml-clear-13-415-finemist,15 ml Clear Elegant Fine Mist Spray Bottle,SKU,GB-ELG-CLR-15ML-SPR-MBLK,GB-ELG-CLR-15ML-SPR-MBLK,shopify,1000,deny,manual,1.09,active
elegant-15ml-clear-13-415-finemist,,SKU,GB-ELG-CLR-15ML-SPR-SBLK,GB-ELG-CLR-15ML-SPR-SBLK,shopify,1000,deny,manual,1.09,
elegant-15ml-clear-13-415-finemist,,SKU,GB-ELG-CLR-15ML-SPR-SGLD-01,GB-ELG-CLR-15ML-SPR-SGLD-01,shopify,1000,deny,manual,1.09,
elegant-15ml-clear-13-415-finemist,,SKU,GB-ELG-CLR-15ML-SPR-MSLV-01,GB-ELG-CLR-15ML-SPR-MSLV-01,shopify,1000,deny,manual,1.09,
elegant-15ml-clear-13-415-finemist,,SKU,GB-ELG-CLR-15ML-SPR-SSLV,GB-ELG-CLR-15ML-SPR-SSLV,shopify,1000,deny,manual,1.09,
elegant-15ml-clear-13-415-finemist,,SKU,GB-ELG-CLR-15ML-SPR-MBLU,GB-ELG-CLR-15ML-SPR-MBLU,shopify,1000,deny,manual,1.09,
elegant-15ml-clear-13-415-finemist,,SKU,GB-ELG-CLR-15ML-SPR-MCPR-01,GB-ELG-CLR-15ML-SPR-MCPR-01,shopify,1000,deny,manual,1.09,
elegant-15ml-clear-13-415-finemist,,SKU,GB-ELG-CLR-15ML-SPR-MGLD,GB-ELG-CLR-15ML-SPR-MGLD,shopify,1000,deny,manual,1.09,
elegant-15ml-clear-13-415-finemist,,SKU,GB-ELG-CLR-15ML-SPR,GB-ELG-CLR-15ML-SPR,,0,deny,manual,1.55,
elegant-15ml-clear-13-415-finemist,,SKU,GB-ELG-CLR-15ML-SPR-BLK-01,GB-ELG-CLR-15ML-SPR-BLK-01,,0,deny,manual,1.17,
elegant-15ml-clear-13-415-finemist,,SKU,GB-ELG-CLR-15ML-SPR-BLK-02,GB-ELG-CLR-15ML-SPR-BLK-02,,0,deny,manual,1.17,
elegant-15ml-clear-13-415-finemist,,SKU,GB-ELG-CLR-15ML-SPR-MCPR-02,GB-ELG-CLR-15ML-SPR-MCPR-02,,0,deny,manual,1.17,
elegant-15ml-clear-13-415-finemist,,SKU,GB-ELG-CLR-15ML-SPR-MSLV-02,GB-ELG-CLR-15ML-SPR-MSLV-02,,0,deny,manual,1.17,
elegant-15ml-clear-13-415-finemist,,SKU,GB-ELG-CLR-15ML-SPR-SGLD-02,GB-ELG-CLR-15ML-SPR-SGLD-02,,0,deny,manual,1.17,
elegant-15ml-clear-13-415-finemist,,SKU,GB-ELG-CLR-15ML-SPR-SLV,GB-ELG-CLR-15ML-SPR-SLV,,0,deny,manual,1.17,
tulip-6ml-clear-13-415,6 ml Clear Tulip Bottle with Cap,SKU,GB-CYL-CLR-6ML-GLD-T,GB-CYL-CLR-6ML-GLD-T,shopify,1000,deny,manual,0.59,active
tulip-6ml-clear-13-415,,SKU,GB-CYL-CLR-6ML-SLV-T,GB-CYL-CLR-6ML-SLV-T,shopify,1000,deny,manual,0.59,
tulip-6ml-clear-13-415,,SKU,GB-CYL-WHT-6ML-WHT-S,GB-CYL-WHT-6ML-WHT-S,shopify,1000,deny,manual,0.59,
tulip-6ml-clear-13-415,,SKU,GB-DEC-CLR-6ML-S,GB-DEC-CLR-6ML-S,shopify,1000,deny,manual,0.59,
tulip-6ml-clear-13-415,,SKU,GB-TUL-CLR-6ML-CAP-SBLK,GB-TUL-CLR-6ML-CAP-SBLK,shopify,1000,deny,manual,0.59,
tulip-6ml-clear-13-415,,SKU,GB-TLP-CLR-6ML-MCPS,GB-TLP-CLR-6ML-MCPS,shopify,1000,deny,manual,0.59,
tulip-6ml-clear-13-415,,SKU,GB-TLP-CLR-6ML-MGDS,GB-TLP-CLR-6ML-MGDS,shopify,1000,deny,manual,0.59,
tulip-6ml-clear-13-415,,SKU,GB-TLP-CLR-6ML-MSVS,GB-TLP-CLR-6ML-MSVS,shopify,1000,deny,manual,0.59,
tulip-6ml-clear-13-415,,SKU,GB-TLP-CLR-6ML-SGDS,GB-TLP-CLR-6ML-SGDS,shopify,1000,deny,manual,0.59,
tulip-6ml-clear-13-415,,SKU,GB-TLP-CLR-6ML-SSVS,GB-TLP-CLR-6ML-SSVS,shopify,1000,deny,manual,0.59,
cylinder-50ml-clear-18-415-perfumespray,50 ml Clear Cylinder Bottle,SKU,GB-CYL-CLR-50ML-SPR-MGLD,GB-CYL-CLR-50ML-SPR-MGLD,shopify,1000,deny,manual,2.70,active
cylinder-50ml-clear-18-415-perfumespray,,SKU,GB-CYL-CLR-50ML-SPR-SGLD,GB-CYL-CLR-50ML-SPR-SGLD,shopify,1000,deny,manual,2.70,
cylinder-50ml-clear-18-415-perfumespray,,SKU,GB-CYL-CLR-50ML-SPR-SBLK,GB-CYL-CLR-50ML-SPR-SBLK,shopify,1000,deny,manual,2.70,
cylinder-50ml-clear-18-415-perfumespray,,SKU,GB-CYL-CLR-50ML-SPR-MSLV,GB-CYL-CLR-50ML-SPR-MSLV,shopify,1000,deny,manual,2.70,
cylinder-50ml-clear-18-415-perfumespray,,SKU,GB-CYL-CLR-50ML-SPR-SSLV,GB-CYL-CLR-50ML-SPR-SSLV,shopify,1000,deny,manual,2.70,
cylinder-50ml-clear-18-415-perfumespray,,SKU,GB-CYL-CLR-50ML-SPR-CPR,GB-CYL-CLR-50ML-SPR-CPR,shopify,1000,deny,manual,2.70,
fine-mist-sprayer-13-415,Fine Mist Sprayer — Thread 13-415,SKU,CMP-SPR-MTCP-13-415-07,CMP-SPR-MTCP-13-415-07,shopify,1000,deny,manual,0.65,active
fine-mist-sprayer-13-415,,SKU,CMP-SPR-SHBK-13-415-07,CMP-SPR-SHBK-13-415-07,shopify,1000,deny,manual,0.65,
fine-mist-sprayer-13-415,,SKU,CMP-SPR-MTBL-13-415-07,CMP-SPR-MTBL-13-415-07,shopify,1000,deny,manual,0.65,
fine-mist-sprayer-13-415,,SKU,CMP-SPR-SHGD-13-415-07,CMP-SPR-SHGD-13-415-07,shopify,1000,deny,manual,0.65,
fine-mist-sprayer-13-415,,SKU,CMP-SPR-MTGD-13-415-07,CMP-SPR-MTGD-13-415-07,shopify,1000,deny,manual,0.65,
fine-mist-sprayer-13-415,,SKU,CMP-SPR-MTSL-13-415-07,CMP-SPR-MTSL-13-415-07,shopify,1000,deny,manual,0.65,
fine-mist-sprayer-13-415,,SKU,CMP-SPR-SHSL-13-415-07,CMP-SPR-SHSL-13-415-07,shopify,1000,deny,manual,0.65,
fine-mist-sprayer-13-415,,SKU,CMP-SPR-MTBK-13-415-07,CMP-SPR-MTBK-13-415-07,shopify,1000,deny,manual,0.65,
fine-mist-sprayer-13-415,,SKU,CMP-SPR-RED-02,CMP-SPR-RED-02,shopify,1000,deny,manual,0.70,
fine-mist-sprayer-13-415,,SKU,CMP-SPR-MTCP-13-415-01,CMP-SPR-MTCP-13-415-01,shopify,1000,deny,manual,0.65,
fine-mist-sprayer-13-415,,SKU,CMP-SPR-MTSL-13-415-01,CMP-SPR-MTSL-13-415-01,shopify,1000,deny,manual,0.30,
fine-mist-sprayer-13-415,,SKU,CMP-SPR-SHGD-13-415-01,CMP-SPR-SHGD-13-415-01,shopify,1000,deny,manual,0.30,
elegant-15ml-frosted-13-415-finemist,15 ml Frosted Elegant Fine Mist Spray Bottle,SKU,GB-ELG-FRS-15ML-SPR-BLK-01,GB-ELG-FRS-15ML-SPR-BLK-01,shopify,1000,deny,manual,1.17,active
elegant-15ml-frosted-13-415-finemist,,SKU,GB-ELG-FRS-15ML-SPR-BLK-02,GB-ELG-FRS-15ML-SPR-BLK-02,shopify,1000,deny,manual,1.17,
elegant-15ml-frosted-13-415-finemist,,SKU,GB-ELG-FRS-15ML-SPR,GB-ELG-FRS-15ML-SPR,shopify,1000,deny,manual,1.17,
elegant-15ml-frosted-13-415-finemist,,SKU,GB-ELG-FRS-15ML-SPR-SGLD-02,GB-ELG-FRS-15ML-SPR-SGLD-02,shopify,1000,deny,manual,1.17,
elegant-15ml-frosted-13-415-finemist,,SKU,GB-ELG-FRS-15ML-SPR-MSLV-02,GB-ELG-FRS-15ML-SPR-MSLV-02,shopify,1000,deny,manual,1.17,
elegant-15ml-frosted-13-415-finemist,,SKU,GB-ELG-FRS-15ML-SPR-SLV,GB-ELG-FRS-15ML-SPR-SLV,shopify,1000,deny,manual,1.17,
elegant-15ml-frosted-13-415-finemist,,SKU,GB-ELG-FRS-15ML-SPR-MCPR-02,GB-ELG-FRS-15ML-SPR-MCPR-02,shopify,1000,deny,manual,1.17,
elegant-15ml-frosted-13-415-finemist,,SKU,GB-ELG-FRS-15ML-SPR-MGLD,GB-ELG-FRS-15ML-SPR-MGLD,shopify,1000,deny,manual,1.17,
grace-55ml-clear-18-415-antiquespray-tassel,55 ml Clear Grace Vintage Bulb Spray Bottle with Tassel,SKU,GB-GRC-CLR-55ML-AST-PNK,GB-GRC-CLR-55ML-AST-PNK,shopify,1000,deny,manual,6.30,active
grace-55ml-clear-18-415-antiquespray-tassel,,SKU,GB-GRC-CLR-55ML-AST-GLD,GB-GRC-CLR-55ML-AST-GLD,shopify,1000,deny,manual,6.30,
grace-55ml-clear-18-415-antiquespray-tassel,,SKU,GB-GRC-CLR-55ML-AST-IVSL,GB-GRC-CLR-55ML-AST-IVSL,shopify,1000,deny,manual,6.30,
grace-55ml-clear-18-415-antiquespray-tassel,,SKU,GB-GRC-CLR-55ML-AST-RED,GB-GRC-CLR-55ML-AST-RED,shopify,1000,deny,manual,6.30,
grace-55ml-clear-18-415-antiquespray-tassel,,SKU,GB-GRC-CLR-55ML-AST-LVN,GB-GRC-CLR-55ML-AST-LVN,shopify,1000,deny,manual,6.30,
grace-55ml-clear-18-415-antiquespray-tassel,,SKU,GB-GRC-CLR-55ML-AST-IVGD,GB-GRC-CLR-55ML-AST-IVGD,shopify,1000,deny,manual,6.30,
grace-55ml-clear-18-415-antiquespray-tassel,,SKU,GB-GRC-CLR-55ML-AST-WHT,GB-GRC-CLR-55ML-AST-WHT,shopify,1000,deny,manual,6.30,
grace-55ml-clear-18-415-antiquespray-tassel,,SKU,GB-GRC-CLR-55ML-AST-MSLV,GB-GRC-CLR-55ML-AST-MSLV,shopify,1000,deny,manual,6.30,
grace-55ml-clear-18-415-antiquespray-tassel,,SKU,GB-GRC-CLR-55ML-AST-BLK,GB-GRC-CLR-55ML-AST-BLK,shopify,1000,deny,manual,6.30,
flair-15ml-clear-13-415-finemist,15 ml Clear Flair Fine Mist Spray Bottle,SKU,GB-FLR-CLR-15ML-SPR-MBLK,GB-FLR-CLR-15ML-SPR-MBLK,shopify,1000,deny,manual,0.97,active
flair-15ml-clear-13-415-finemist,,SKU,GB-FLR-CLR-15ML-SPR-SBLK,GB-FLR-CLR-15ML-SPR-SBLK,shopify,1000,deny,manual,0.97,
flair-15ml-clear-13-415-finemist,,SKU,GB-FLR-CLR-15ML-SPR-SGLD,GB-FLR-CLR-15ML-SPR-SGLD,shopify,1000,deny,manual,0.97,
flair-15ml-clear-13-415-finemist,,SKU,GB-FLR-CLR-15ML-SPR-MSLV,GB-FLR-CLR-15ML-SPR-MSLV,shopify,1000,deny,manual,0.97,
flair-15ml-clear-13-415-finemist,,SKU,GB-FLR-CLR-15ML-SPR-SSLV,GB-FLR-CLR-15ML-SPR-SSLV,shopify,1000,deny,manual,0.97,
flair-15ml-clear-13-415-finemist,,SKU,GB-FLR-CLR-15ML-SPR-MBLU,GB-FLR-CLR-15ML-SPR-MBLU,shopify,1000,deny,manual,0.97,
flair-15ml-clear-13-415-finemist,,SKU,GB-FLR-CLR-15ML-SPR-MCPR,GB-FLR-CLR-15ML-SPR-MCPR,shopify,1000,deny,manual,0.97,
flair-15ml-clear-13-415-finemist,,SKU,GB-FLR-CLR-15ML-SPR-MGLD,GB-FLR-CLR-15ML-SPR-MGLD,shopify,1000,deny,manual,0.97,
boston-round-15ml-cobalt-blue-18-400-dropper,15 ml Cobalt Blue Boston Round Dropper Bottle,SKU,GB-BSR-CBL-15ML-WHT-T-01,GB-BSR-CBL-15ML-WHT-T-01,shopify,1000,deny,manual,0.67,active
boston-round-15ml-cobalt-blue-18-400-dropper,,SKU,GB-BSR-CBL-15ML-WHT-T-03,GB-BSR-CBL-15ML-WHT-T-03,shopify,1000,deny,manual,0.82,
boston-round-15ml-cobalt-blue-18-400-dropper,,SKU,GB-BSR-CBL-15ML-WHT-T-02,GB-BSR-CBL-15ML-WHT-T-02,shopify,1000,deny,manual,0.82,
boston-round-15ml-cobalt-blue-18-400-dropper,,SKU,GB-BSR-CBL-15ML-BLK-T-03,GB-BSR-CBL-15ML-BLK-T-03,shopify,1000,deny,manual,0.82,
boston-round-15ml-cobalt-blue-18-400-dropper,,SKU,GB-BSR-CBL-15ML-BLK-T-02,GB-BSR-CBL-15ML-BLK-T-02,shopify,1000,deny,manual,0.82,
boston-round-15ml-cobalt-blue-18-400-dropper,,SKU,GB-BSR-CBL-15ML-BLK-T-01,GB-BSR-CBL-15ML-BLK-T-01,shopify,1000,deny,manual,0.67,
sleek-8ml-clear-13-415,8 ml Clear Sleek Bottle with Cap,SKU,GB-SLK-CLR-8ML-SLV-T,GB-SLK-CLR-8ML-SLV-T,shopify,1000,deny,manual,0.62,active
sleek-8ml-clear-13-415,,SKU,GB-SLK-CLR-8ML-GLD-T,GB-SLK-CLR-8ML-GLD-T,shopify,1000,deny,manual,0.62,
sleek-8ml-clear-13-415,,SKU,GB-SLK-WHT-8ML-WHT-S,GB-SLK-WHT-8ML-WHT-S,shopify,1000,deny,manual,0.56,
sleek-8ml-clear-13-415,,SKU,GB-SLK-CLR-8ML-S,GB-SLK-CLR-8ML-S,shopify,1000,deny,manual,0.55,
sleek-8ml-clear-13-415,,SKU,GB-SLK-CLR-8ML-MCPR-S,GB-SLK-CLR-8ML-MCPR-S,shopify,1000,deny,manual,0.60,
sleek-8ml-clear-13-415,,SKU,GB-SLK-CLR-8ML-MGLD-S,GB-SLK-CLR-8ML-MGLD-S,shopify,1000,deny,manual,0.60,
sleek-8ml-clear-13-415,,SKU,GB-SLK-CLR-8ML-MSLV-S,GB-SLK-CLR-8ML-MSLV-S,shopify,1000,deny,manual,0.60,
sleek-8ml-clear-13-415,,SKU,GB-SLK-CLR-8ML-SBLK-S,GB-SLK-CLR-8ML-SBLK-S,shopify,1000,deny,manual,0.60,
sleek-8ml-clear-13-415,,SKU,GB-SLK-CLR-8ML-SGLD-S,GB-SLK-CLR-8ML-SGLD-S,shopify,1000,deny,manual,0.60,
sleek-8ml-clear-13-415,,SKU,GB-SLK-CLR-8ML-SSLV-S,GB-SLK-CLR-8ML-SSLV-S,shopify,1000,deny,manual,0.60,
empire-50ml-clear-18-415-perfumespray,50 ml Clear Empire Bottle Perfume Fine mist Spray,SKU,GB-EMP-CLR-50ML-SPR-MSLV,GB-EMP-CLR-50ML-SPR-MSLV,shopify,1000,deny,manual,3.30,active
empire-50ml-clear-18-415-perfumespray,,SKU,GB-EMP-CLR-50ML-SPR-SSLV,GB-EMP-CLR-50ML-SPR-SSLV,shopify,1000,deny,manual,3.30,
empire-50ml-clear-18-415-perfumespray,,SKU,GB-EMP-CLR-50ML-SPR-SGLD,GB-EMP-CLR-50ML-SPR-SGLD,shopify,1000,deny,manual,3.30,
empire-50ml-clear-18-415-perfumespray,,SKU,GB-EMP-CLR-50ML-SPR-SBLK,GB-EMP-CLR-50ML-SPR-SBLK,shopify,1000,deny,manual,3.30,
empire-50ml-clear-18-415-perfumespray,,SKU,GB-EMP-CLR-50ML-SPR-MGLD,GB-EMP-CLR-50ML-SPR-MGLD,shopify,1000,deny,manual,3.30,
empire-50ml-clear-18-415-perfumespray,,SKU,GB-EMP-CLR-50ML-SPR-CPR,GB-EMP-CLR-50ML-SPR-CPR,shopify,1000,deny,manual,3.30,
aluminum-bottle-500ml-mixed-20-410,500 ml Aluminum Bottle Bottle with Cap,SKU,AB-ALU-CLR-500ML,AB-ALU-CLR-500ML,shopify,1000,deny,manual,3.65,active
cylinder-9ml-clear-13-415,9 ml Clear Cylinder Bottle with Cap,SKU,GB-CYL-CLR-9ML-GLD-T,GB-CYL-CLR-9ML-GLD-T,shopify,1000,deny,manual,0.85,active
cylinder-9ml-clear-13-415,,SKU,GB-CYL-CLR-9ML-SLV-T,GB-CYL-CLR-9ML-SLV-T,shopify,1000,deny,manual,0.85,
cylinder-9ml-clear-13-415,,SKU,GB-CYL-CLR-9ML-S-02,GB-CYL-CLR-9ML-S-02,shopify,1000,deny,manual,0.67,
cylinder-9ml-clear-13-415,,SKU,GB-CYL-WHT-9ML-WHT-S,GB-CYL-WHT-9ML-WHT-S,shopify,1000,deny,manual,0.67,
cylinder-9ml-clear-13-415,,SKU,GB-CYL-CLR-9ML-MCPR-S,GB-CYL-CLR-9ML-MCPR-S,shopify,1000,deny,manual,0.83,
cylinder-9ml-clear-13-415,,SKU,GB-CYL-CLR-9ML-MSLV-S,GB-CYL-CLR-9ML-MSLV-S,shopify,1000,deny,manual,0.83,
cylinder-9ml-clear-13-415,,SKU,GB-CYL-CLR-9ML-SBLK-S,GB-CYL-CLR-9ML-SBLK-S,shopify,1000,deny,manual,0.83,
cylinder-9ml-clear-13-415,,SKU,GB-CYL-CLR-9ML-SGLD-S,GB-CYL-CLR-9ML-SGLD-S,shopify,1000,deny,manual,0.83,
cylinder-9ml-clear-13-415,,SKU,GB-CYL-CLR-9ML-SSLV-S,GB-CYL-CLR-9ML-SSLV-S,shopify,1000,deny,manual,0.83,
cylinder-9ml-clear-13-415,,SKU,GB-CYL-CLR-9ML-MGLD-S,GB-CYL-CLR-9ML-MGLD-S,shopify,1000,deny,manual,0.83,
elegant-100ml-clear-18-415-reducer,100 ml Clear Elegant Reducer Bottle,SKU,GB-ELG-CLR-100ML-RDC-MSLV,GB-ELG-CLR-100ML-RDC-MSLV,shopify,1000,deny,manual,2.27,active
elegant-100ml-clear-18-415-reducer,,SKU,GB-ELG-CLR-100ML-RDC-SSLV,GB-ELG-CLR-100ML-RDC-SSLV,shopify,1000,deny,manual,2.27,
elegant-100ml-clear-18-415-reducer,,SKU,GB-ELG-CLR-100ML-RDC-IVLT,GB-ELG-CLR-100ML-RDC-IVLT,shopify,1000,deny,manual,2.55,
elegant-100ml-clear-18-415-reducer,,SKU,GB-ELG-CLR-100ML-RDC-PKLT,GB-ELG-CLR-100ML-RDC-PKLT,shopify,1000,deny,manual,2.55,
elegant-100ml-clear-18-415-reducer,,SKU,GB-ELG-CLR-100ML-RDC-SGLD,GB-ELG-CLR-100ML-RDC-SGLD,shopify,1000,deny,manual,2.27,
elegant-100ml-clear-18-415-reducer,,SKU,GB-ELG-CLR-100ML-RDC-SBLK-T,GB-ELG-CLR-100ML-RDC-SBLK-T,shopify,1000,deny,manual,2.27,
elegant-100ml-clear-18-415-reducer,,SKU,GB-ELG-CLR-100ML-RDC-SBLK,GB-ELG-CLR-100ML-RDC-SBLK,shopify,1000,deny,manual,2.27,
elegant-100ml-clear-18-415-reducer,,SKU,GB-ELG-CLR-100ML-RDC-LBLT,GB-ELG-CLR-100ML-RDC-LBLT,shopify,1000,deny,manual,2.55,
elegant-100ml-clear-18-415-reducer,,SKU,GB-ELG-CLR-100ML-RDC-MSLV-T,GB-ELG-CLR-100ML-RDC-MSLV-T,shopify,1000,deny,manual,2.27,
elegant-100ml-clear-18-415-reducer,,SKU,GB-ELG-CLR-100ML-RDC-WHT,GB-ELG-CLR-100ML-RDC-WHT,shopify,1000,deny,manual,2.27,
elegant-100ml-clear-18-415-reducer,,SKU,GB-ELG-CLR-100ML-RDC-BRLT,GB-ELG-CLR-100ML-RDC-BRLT,shopify,1000,deny,manual,2.55,
elegant-100ml-clear-18-415-reducer,,SKU,GB-ELG-CLR-100ML-RDC-BKLT,GB-ELG-CLR-100ML-RDC-BKLT,shopify,1000,deny,manual,2.55,
elegant-100ml-clear-18-415-reducer,,SKU,GB-ELG-CLR-100ML-RDC-MSLV-01,GB-ELG-CLR-100ML-RDC-MSLV-01,,0,deny,manual,2.27,
elegant-100ml-clear-18-415-reducer,,SKU,GB-ELG-CLR-100ML-RDC-SBLK-01,GB-ELG-CLR-100ML-RDC-SBLK-01,,0,deny,manual,2.27,
boston-round-30ml-clear-20-400-dropper,30 ml Clear Boston Round Dropper Bottle,SKU,GB-BSR-CLR-30ML-DRP-WHT-T,GB-BSR-CLR-30ML-DRP-WHT-T,shopify,1000,deny,manual,0.72,active
boston-round-30ml-clear-20-400-dropper,,SKU,GB-BSR-CLR-30ML-DRP-SGTR-T-01,GB-BSR-CLR-30ML-DRP-SGTR-T-01,shopify,1000,deny,manual,0.87,
boston-round-30ml-clear-20-400-dropper,,SKU,GB-BSR-CLR-30ML-DRP-SGTR-T-02,GB-BSR-CLR-30ML-DRP-SGTR-T-02,shopify,1000,deny,manual,0.87,
boston-round-30ml-clear-20-400-dropper,,SKU,GB-BSR-CLR-30ML-DRP-SSTR-T,GB-BSR-CLR-30ML-DRP-SSTR-T,shopify,1000,deny,manual,0.87,
boston-round-30ml-clear-20-400-dropper,,SKU,GB-BSR-CLR-30ML-DRP-BLK-T,GB-BSR-CLR-30ML-DRP-BLK-T,shopify,1000,deny,manual,0.72,
cap-closure-15-415,Cap & Closure — Thread 15-415,SKU,CMP-CAP-SSLV-15-415,CMP-CAP-SSLV-15-415,shopify,1000,deny,manual,0.55,active
cap-closure-15-415,,SKU,CMP-CAP-SGLD-15-415,CMP-CAP-SGLD-15-415,shopify,1000,deny,manual,0.55,
aluminum-bottle-100ml-mixed-20-410,100 ml Aluminum Bottle Bottle with Cap,SKU,AB-ALU-CLR-100ML-SPR-BLK,AB-ALU-CLR-100ML-SPR-BLK,shopify,1000,deny,manual,1.25,active
fine-mist-sprayer-15-415,Fine Mist Sprayer — Thread 15-415,SKU,CMP-SPR-SGLD-15-415,CMP-SPR-SGLD-15-415,shopify,1000,deny,manual,1.40,active
fine-mist-sprayer-15-415,,SKU,CMP-SPR-SSLV-15-415,CMP-SPR-SSLV-15-415,shopify,1000,deny,manual,1.40,
fine-mist-sprayer-15-415,,SKU,CMP-SPR-SLV-15-415,CMP-SPR-SLV-15-415,shopify,1000,deny,manual,1.40,
fine-mist-sprayer-15-415,,SKU,CMP-SPR-GLD-15-415,CMP-SPR-GLD-15-415,shopify,1000,deny,manual,1.40,
fine-mist-sprayer-15-415,,SKU,CMP-SPR-BLK-15-415,CMP-SPR-BLK-15-415,shopify,1000,deny,manual,1.40,
fine-mist-sprayer-20-410,Fine Mist Sprayer — Thread 20-410,SKU,BB-ALU250SPRYBL,BB-ALU250SPRYBL,shopify,1000,deny,manual,1.50,active
cylinder-9ml-frosted-13-415,9 ml Frosted Cylinder Bottle with Cap,SKU,GB-CYL-FRS-9ML-S-02,GB-CYL-FRS-9ML-S-02,shopify,1000,deny,manual,0.87,active
cylinder-9ml-frosted-13-415,,SKU,GB-CYL-FRS-9ML-T-01,GB-CYL-FRS-9ML-T-01,shopify,1000,deny,manual,1.05,
cylinder-9ml-frosted-13-415,,SKU,GB-CYL-FRS-9ML-T-20,GB-CYL-FRS-9ML-T-20,shopify,1000,deny,manual,1.05,
cylinder-9ml-frosted-13-415,,SKU,GB-CYL-FRS-9ML-S-01,GB-CYL-FRS-9ML-S-01,shopify,1000,deny,manual,0.87,
cylinder-9ml-frosted-13-415,,SKU,GB-CYL-FRS-9ML-MCPR-S,GB-CYL-FRS-9ML-MCPR-S,shopify,1000,deny,manual,0.83,
cylinder-9ml-frosted-13-415,,SKU,GB-CYL-FRS-9ML-MGLD-S,GB-CYL-FRS-9ML-MGLD-S,shopify,1000,deny,manual,0.83,
cylinder-9ml-frosted-13-415,,SKU,GB-CYL-FRS-9ML-MSLV-S,GB-CYL-FRS-9ML-MSLV-S,shopify,1000,deny,manual,0.83,
cylinder-9ml-frosted-13-415,,SKU,GB-CYL-FRS-9ML-SBLK-S,GB-CYL-FRS-9ML-SBLK-S,shopify,1000,deny,manual,0.83,
cylinder-9ml-frosted-13-415,,SKU,GB-CYL-FRS-9ML-SGLD-S,GB-CYL-FRS-9ML-SGLD-S,shopify,1000,deny,manual,0.83,
cylinder-9ml-frosted-13-415,,SKU,GB-CYL-FRS-9ML-SSLV-S,GB-CYL-FRS-9ML-SSLV-S,shopify,1000,deny,manual,0.83,
diamond-60ml-clear-18-415-antiquespray,60 ml Clear Diamond Vintage Bulb Spray Bottle,SKU,GB-DMD-CLR-60ML-ASP-PNK,GB-DMD-CLR-60ML-ASP-PNK,shopify,1000,deny,manual,5.75,active
diamond-60ml-clear-18-415-antiquespray,,SKU,GB-DMD-CLR-60ML-ASP-IVGD,GB-DMD-CLR-60ML-ASP-IVGD,shopify,1000,deny,manual,5.75,
diamond-60ml-clear-18-415-antiquespray,,SKU,GB-DMD-CLR-60ML-ASP-LVN,GB-DMD-CLR-60ML-ASP-LVN,shopify,1000,deny,manual,5.75,
diamond-60ml-clear-18-415-antiquespray,,SKU,GB-DMD-CLR-60ML-ASP-GLD,GB-DMD-CLR-60ML-ASP-GLD,shopify,1000,deny,manual,5.75,
diamond-60ml-clear-18-415-antiquespray,,SKU,GB-DMD-CLR-60ML-ASP-RED,GB-DMD-CLR-60ML-ASP-RED,shopify,1000,deny,manual,5.75,
diamond-60ml-clear-18-415-antiquespray,,SKU,GB-DMD-CLR-60ML-ASP-IVSL,GB-DMD-CLR-60ML-ASP-IVSL,shopify,1000,deny,manual,5.75,
diamond-60ml-clear-18-415-antiquespray,,SKU,GB-DMD-CLR-60ML-ASP-MSLV,GB-DMD-CLR-60ML-ASP-MSLV,shopify,1000,deny,manual,5.75,
diamond-60ml-clear-18-415-antiquespray,,SKU,GB-DMD-CLR-60ML-ASP-WHT,GB-DMD-CLR-60ML-ASP-WHT,shopify,1000,deny,manual,5.75,
diamond-60ml-clear-18-415-antiquespray,,SKU,GB-DMD-CLR-60ML-ASP-BLK,GB-DMD-CLR-60ML-ASP-BLK,shopify,1000,deny,manual,5.75,
plastic-bottle-10ml-mixed,10 ml Plastic Bottle Bottle with Cap,SKU,CMP-SPR-CLR-10ML,CMP-SPR-CLR-10ML,shopify,1000,deny,manual,0.60,active
sleek-50ml-clear-18-415-perfumespray,50 ml Clear Sleek Bottle,SKU,GB-SLK-CLR-50ML-SPR-SBLK,GB-SLK-CLR-50ML-SPR-SBLK,shopify,1000,deny,manual,2.70,active
sleek-50ml-clear-18-415-perfumespray,,SKU,GB-SLK-CLR-50ML-SPR-SGLD,GB-SLK-CLR-50ML-SPR-SGLD,shopify,1000,deny,manual,2.70,
sleek-50ml-clear-18-415-perfumespray,,SKU,GB-SLK-CLR-50ML-SPR-MSLV,GB-SLK-CLR-50ML-SPR-MSLV,shopify,1000,deny,manual,2.70,
sleek-50ml-clear-18-415-perfumespray,,SKU,GB-SLK-CLR-50ML-SPR-SSLV,GB-SLK-CLR-50ML-SPR-SSLV,shopify,1000,deny,manual,2.70,
sleek-50ml-clear-18-415-perfumespray,,SKU,GB-SLK-CLR-50ML-SPR-MGLD,GB-SLK-CLR-50ML-SPR-MGLD,shopify,1000,deny,manual,2.70,
sleek-50ml-clear-18-415-perfumespray,,SKU,GB-SLK-CLR-50ML-SPR-CPR,GB-SLK-CLR-50ML-SPR-CPR,shopify,1000,deny,manual,2.70,
plastic-bottle-30ml-mixed,30 ml Plastic Bottle Bottle with Cap,SKU,OTH-PLS-CLR-30ML,OTH-PLS-CLR-30ML,shopify,1000,deny,manual,0.55,active
plastic-bottle-30ml-mixed,,SKU,CMP-SPR-CLR-30ML,CMP-SPR-CLR-30ML,shopify,1000,deny,manual,0.65,
plastic-bottle-30ml-mixed,,SKU,CMP-SPR-SLV-,CMP-SPR-SLV-,shopify,1000,deny,manual,0.65,
boston-round-30ml-amber-20-400-dropper,30 ml Amber Boston Round Dropper Bottle,SKU,GB-BSR-AMB-30ML-BLK-T-02,GB-BSR-AMB-30ML-BLK-T-02,shopify,1000,deny,manual,0.87,active
boston-round-30ml-amber-20-400-dropper,,SKU,GB-BSR-AMB-30ML-WHT-T-01,GB-BSR-AMB-30ML-WHT-T-01,shopify,1000,deny,manual,0.72,
boston-round-30ml-amber-20-400-dropper,,SKU,GB-BSR-AMB-30ML-WHT-T-02,GB-BSR-AMB-30ML-WHT-T-02,shopify,1000,deny,manual,0.87,
boston-round-30ml-amber-20-400-dropper,,SKU,GB-BSR-AMB-30ML-WHT-T-03,GB-BSR-AMB-30ML-WHT-T-03,shopify,1000,deny,manual,0.87,
boston-round-30ml-amber-20-400-dropper,,SKU,GB-BSR-AMB-30ML-BLK-T-01,GB-BSR-AMB-30ML-BLK-T-01,shopify,1000,deny,manual,0.72,
roll-on-fitment-17-415,Roll-On Fitment — Thread 17-415,SKU,CMP-ROC-MSLV-17415,CMP-ROC-MSLV-17415,shopify,1000,deny,manual,0.30,active
roll-on-fitment-17-415,,SKU,CMP-ROC-SLV-17415-DOT,CMP-ROC-SLV-17415-DOT,shopify,1000,deny,manual,0.38,
roll-on-fitment-17-415,,SKU,CMP-ROC-PNK-17415-DOT,CMP-ROC-PNK-17415-DOT,shopify,1000,deny,manual,0.38,
roll-on-fitment-17-415,,SKU,CMP-ROC-MGLD-17415,CMP-ROC-MGLD-17415,shopify,1000,deny,manual,0.30,
roll-on-fitment-17-415,,SKU,CMP-ROC-SGLD-17415,CMP-ROC-SGLD-17415,shopify,1000,deny,manual,0.30,
roll-on-fitment-17-415,,SKU,CMP-ROC-SSLV-17415,CMP-ROC-SSLV-17415,shopify,1000,deny,manual,0.30,
roll-on-fitment-17-415,,SKU,CMP-ROC-CPR-17415,CMP-ROC-CPR-17415,shopify,1000,deny,manual,0.30,
roll-on-fitment-17-415,,SKU,CMP-ROC-SBLK-17415,CMP-ROC-SBLK-17415,shopify,1000,deny,manual,0.30,
roll-on-fitment-17-415,,SKU,CMP-ROC-WHT-17415,CMP-ROC-WHT-17415,shopify,1000,deny,manual,0.22,
roll-on-fitment-17-415,,SKU,CMP-ROC-BLK-17415-DOT,CMP-ROC-BLK-17415-DOT,shopify,1000,deny,manual,0.38,
roll-on-fitment-17-415,,SKU,CMP-CAP-BDOT-17-415,CMP-CAP-BDOT-17-415,shopify,1000,deny,manual,0.38,
cylinder-30ml-clear-18-415,30 ml Clear Cylinder Bottle with Cap,SKU,GB-SPR-CLR-30ML-GLD,GB-SPR-CLR-30ML-GLD,shopify,1000,deny,manual,2.10,active
cylinder-30ml-clear-18-415,,SKU,GB-SPR-CLR-30ML-SLV,GB-SPR-CLR-30ML-SLV,shopify,1000,deny,manual,2.10,
boston-round-30ml-cobalt-blue-20-400-dropper,30 ml Cobalt Blue Boston Round Dropper Bottle,SKU,GB-BSR-CBL-30ML-BLK-T-02,GB-BSR-CBL-30ML-BLK-T-02,shopify,1000,deny,manual,0.87,active
boston-round-30ml-cobalt-blue-20-400-dropper,,SKU,GB-BSR-CBL-30ML-WHT-T-01,GB-BSR-CBL-30ML-WHT-T-01,shopify,1000,deny,manual,0.72,
boston-round-30ml-cobalt-blue-20-400-dropper,,SKU,GB-BSR-CBL-30ML-WHT-T-02,GB-BSR-CBL-30ML-WHT-T-02,shopify,1000,deny,manual,0.87,
boston-round-30ml-cobalt-blue-20-400-dropper,,SKU,GB-BSR-CBL-30ML-WHT-T-03,GB-BSR-CBL-30ML-WHT-T-03,shopify,1000,deny,manual,0.87,
boston-round-30ml-cobalt-blue-20-400-dropper,,SKU,GB-BSR-CBL-30ML-BLK-T-01,GB-BSR-CBL-30ML-BLK-T-01,shopify,1000,deny,manual,0.72,
slim-50ml-clear-18-415-perfumespray,50 ml Clear Slim Bottle,SKU,GB-SLM-CLR-50ML-SPR-SGLD,GB-SLM-CLR-50ML-SPR-SGLD,shopify,1000,deny,manual,2.70,active
slim-50ml-clear-18-415-perfumespray,,SKU,GB-SLM-CLR-50ML-SPR-SSLV,GB-SLM-CLR-50ML-SPR-SSLV,shopify,1000,deny,manual,2.70,
slim-50ml-clear-18-415-perfumespray,,SKU,GB-SLM-CLR-50ML-SPR-MSLV,GB-SLM-CLR-50ML-SPR-MSLV,shopify,1000,deny,manual,2.70,
slim-50ml-clear-18-415-perfumespray,,SKU,GB-SLM-CLR-50ML-SPR-SBLK,GB-SLM-CLR-50ML-SPR-SBLK,shopify,1000,deny,manual,2.70,
slim-50ml-clear-18-415-perfumespray,,SKU,GB-SLM-CLR-50ML-SPR-MGLD,GB-SLM-CLR-50ML-SPR-MGLD,shopify,1000,deny,manual,2.70,
slim-50ml-clear-18-415-perfumespray,,SKU,GB-SLM-CLR-50ML-SPR-CPR,GB-SLM-CLR-50ML-SPR-CPR,shopify,1000,deny,manual,2.70,
circle-30ml-clear-15-415-perfumespray,30 ml Clear Circle Bottle,SKU,GB-CIR-BLK-30ML-SPR-BLK,GB-CIR-BLK-30ML-SPR-BLK,shopify,1000,deny,manual,2.25,active
circle-30ml-clear-15-415-perfumespray,,SKU,GB-CIR-CLR-30ML-SPR-SSLV,GB-CIR-CLR-30ML-SPR-SSLV,shopify,1000,deny,manual,2.25,
circle-30ml-clear-15-415-perfumespray,,SKU,GB-CIR-CLR-30ML-SPR-SGLD,GB-CIR-CLR-30ML-SPR-SGLD,shopify,1000,deny,manual,2.25,
circle-30ml-clear-15-415-perfumespray,,SKU,GB-CIR-CLR-30ML-SPR-MSLV,GB-CIR-CLR-30ML-SPR-MSLV,shopify,1000,deny,manual,2.25,
circle-30ml-clear-15-415-perfumespray,,SKU,GB-CIR-CLR-30ML-SPR-MGLD,GB-CIR-CLR-30ML-SPR-MGLD,shopify,1000,deny,manual,2.25,
diamond-60ml-clear-18-415-antiquespray-tassel,60 ml Clear Diamond Vintage Bulb Spray Bottle with Tassel,SKU,GB-DMD-CLR-60ML-AST-GLD,GB-DMD-CLR-60ML-AST-GLD,shopify,1000,deny,manual,6.50,active
diamond-60ml-clear-18-415-antiquespray-tassel,,SKU,GB-DMD-CLR-60ML-AST-IVGD,GB-DMD-CLR-60ML-AST-IVGD,shopify,1000,deny,manual,6.50,
diamond-60ml-clear-18-415-antiquespray-tassel,,SKU,GB-DMD-CLR-60ML-AST-IVSL,GB-DMD-CLR-60ML-AST-IVSL,shopify,1000,deny,manual,6.50,
diamond-60ml-clear-18-415-antiquespray-tassel,,SKU,GB-DMD-CLR-60ML-AST-LVN,GB-DMD-CLR-60ML-AST-LVN,shopify,1000,deny,manual,6.50,
diamond-60ml-clear-18-415-antiquespray-tassel,,SKU,GB-DMD-CLR-60ML-AST-PNK,GB-DMD-CLR-60ML-AST-PNK,shopify,1000,deny,manual,6.50,
diamond-60ml-clear-18-415-antiquespray-tassel,,SKU,GB-DMD-CLR-60ML-AST-RED,GB-DMD-CLR-60ML-AST-RED,shopify,1000,deny,manual,6.50,
diamond-60ml-clear-18-415-antiquespray-tassel,,SKU,GB-DMD-CLR-60ML-AST-WHT,GB-DMD-CLR-60ML-AST-WHT,shopify,1000,deny,manual,6.50,
diamond-60ml-clear-18-415-antiquespray-tassel,,SKU,GB-DMD-CLR-60ML-AST-MSLV,GB-DMD-CLR-60ML-AST-MSLV,shopify,1000,deny,manual,6.50,
diamond-60ml-clear-18-415-antiquespray-tassel,,SKU,GB-DMD-CLR-60ML-AST-BLK,GB-DMD-CLR-60ML-AST-BLK,shopify,1000,deny,manual,6.50,
elegant-100ml-frosted-18-415-reducer,100 ml Frosted Elegant Reducer Bottle,SKU,GB-ELG-FRS-100ML-RDC-SBLK,GB-ELG-FRS-100ML-RDC-SBLK,shopify,1000,deny,manual,2.77,active
elegant-100ml-frosted-18-415-reducer,,SKU,GB-ELG-FRS-100ML-RDC-WHT,GB-ELG-FRS-100ML-RDC-WHT,shopify,1000,deny,manual,2.77,
elegant-100ml-frosted-18-415-reducer,,SKU,GB-ELG-FRS-100ML-RDC-IVLT,GB-ELG-FRS-100ML-RDC-IVLT,shopify,1000,deny,manual,3.05,
elegant-100ml-frosted-18-415-reducer,,SKU,GB-ELG-FRS-100ML-RDC-PKLT,GB-ELG-FRS-100ML-RDC-PKLT,shopify,1000,deny,manual,3.05,
elegant-100ml-frosted-18-415-reducer,,SKU,GB-ELG-FRS-100ML-RDC-SGLD,GB-ELG-FRS-100ML-RDC-SGLD,shopify,1000,deny,manual,2.77,
elegant-100ml-frosted-18-415-reducer,,SKU,GB-ELG-FRS-100ML-RDC-SBLK-T,GB-ELG-FRS-100ML-RDC-SBLK-T,shopify,1000,deny,manual,2.77,
elegant-100ml-frosted-18-415-reducer,,SKU,GB-ELG-FRS-100ML-RDC-BRLT,GB-ELG-FRS-100ML-RDC-BRLT,shopify,1000,deny,manual,3.05,
elegant-100ml-frosted-18-415-reducer,,SKU,GB-ELG-FRS-100ML-RDC-LBLT,GB-ELG-FRS-100ML-RDC-LBLT,shopify,1000,deny,manual,3.05,
elegant-100ml-frosted-18-415-reducer,,SKU,GB-ELG-FRS-100ML-RDC-SSLV,GB-ELG-FRS-100ML-RDC-SSLV,shopify,1000,deny,manual,2.77,
elegant-100ml-frosted-18-415-reducer,,SKU,GB-ELG-FRS-100ML-RDC-MSLV-T,GB-ELG-FRS-100ML-RDC-MSLV-T,shopify,1000,deny,manual,2.77,
elegant-100ml-frosted-18-415-reducer,,SKU,GB-ELG-FRS-100ML-RDC-BKLT,GB-ELG-FRS-100ML-RDC-BKLT,shopify,1000,deny,manual,3.05,
elegant-100ml-frosted-18-415-reducer,,SKU,GB-ELG-FRS-100ML-RDC-SBLK-01,GB-ELG-FRS-100ML-RDC-SBLK-01,,0,deny,manual,2.77,
footed-rectangle-10ml-clear-13-415,10 ml Clear Footed Rectangle Bottle with Cap,SKU,GB-RCT-CLR-10ML-GLD-T-01,GB-RCT-CLR-10ML-GLD-T-01,shopify,1000,deny,manual,0.62,active
footed-rectangle-10ml-clear-13-415,,SKU,GB-RCT-CLR-10ML-SLV-T-01,GB-RCT-CLR-10ML-SLV-T-01,shopify,1000,deny,manual,0.60,
footed-rectangle-10ml-clear-13-415,,SKU,GB-RCT-WHT-10ML-WHT-S-01,GB-RCT-WHT-10ML-WHT-S-01,shopify,1000,deny,manual,0.44,
footed-rectangle-10ml-clear-13-415,,SKU,GB-RCT-CLR-10ML-BLK-S-01,GB-RCT-CLR-10ML-BLK-S-01,shopify,1000,deny,manual,0.44,
footed-rectangle-10ml-clear-13-415,,SKU,GB-RCT-CLR-10ML-MCPR-S,GB-RCT-CLR-10ML-MCPR-S,shopify,1000,deny,manual,0.60,
footed-rectangle-10ml-clear-13-415,,SKU,GB-RCT-CLR-10ML-MGLD-S,GB-RCT-CLR-10ML-MGLD-S,shopify,1000,deny,manual,0.60,
footed-rectangle-10ml-clear-13-415,,SKU,GB-RCT-CLR-10ML-MSLV-S,GB-RCT-CLR-10ML-MSLV-S,shopify,1000,deny,manual,0.60,
footed-rectangle-10ml-clear-13-415,,SKU,GB-RCT-CLR-10ML-SBLK-S,GB-RCT-CLR-10ML-SBLK-S,shopify,1000,deny,manual,0.60,
footed-rectangle-10ml-clear-13-415,,SKU,GB-RCT-CLR-10ML-SGLD-S,GB-RCT-CLR-10ML-SGLD-S,shopify,1000,deny,manual,0.60,
footed-rectangle-10ml-clear-13-415,,SKU,GB-RCT-CLR-10ML-SSLV-S,GB-RCT-CLR-10ML-SSLV-S,shopify,1000,deny,manual,0.60,
footed-rectangle-10ml-clear-13-415,,SKU,GB-RCT-CLR-10ML-MNR-MCPR,GB-RCT-CLR-10ML-MNR-MCPR,shopify,1000,deny,manual,0.88,
footed-rectangle-10ml-clear-13-415,,SKU,GB-RCT-CLR-10ML-MNR-SSLV,GB-RCT-CLR-10ML-MNR-SSLV,shopify,1000,deny,manual,0.88,
diva-30ml-clear-18-415-perfumespray,30 ml Clear Diva Bottle,SKU,GB-DVA-CLR-30ML-SPR-CPR,GB-DVA-CLR-30ML-SPR-CPR,shopify,1000,deny,manual,3.05,active
diva-30ml-clear-18-415-perfumespray,,SKU,GB-DVA-CLR-30ML-SPR-MGLD,GB-DVA-CLR-30ML-SPR-MGLD,shopify,1000,deny,manual,3.05,
diva-30ml-clear-18-415-perfumespray,,SKU,GB-DVA-CLR-30ML-SPR-SGLD,GB-DVA-CLR-30ML-SPR-SGLD,shopify,1000,deny,manual,3.05,
diva-30ml-clear-18-415-perfumespray,,SKU,GB-DVA-CLR-30ML-SPR-SBLK,GB-DVA-CLR-30ML-SPR-SBLK,shopify,1000,deny,manual,3.05,
diva-30ml-clear-18-415-perfumespray,,SKU,GB-DVA-CLR-30ML-SPR-MSLV,GB-DVA-CLR-30ML-SPR-MSLV,shopify,1000,deny,manual,3.05,
diva-30ml-clear-18-415-perfumespray,,SKU,GB-DVA-CLR-30ML-SPR-SSLV,GB-DVA-CLR-30ML-SPR-SSLV,shopify,1000,deny,manual,3.05,
grace-55ml-clear-18-415-perfumespray,55 ml Clear Grace Bottle,SKU,GB-GRC-CLR-55ML-SPR-MGLD,GB-GRC-CLR-55ML-SPR-MGLD,shopify,1000,deny,manual,2.70,active
grace-55ml-clear-18-415-perfumespray,,SKU,GB-GRC-CLR-55ML-SPR-SGLD,GB-GRC-CLR-55ML-SPR-SGLD,shopify,1000,deny,manual,2.70,
grace-55ml-clear-18-415-perfumespray,,SKU,GB-GRC-CLR-55ML-SPR-SBLK,GB-GRC-CLR-55ML-SPR-SBLK,shopify,1000,deny,manual,2.70,
grace-55ml-clear-18-415-perfumespray,,SKU,GB-GRC-CLR-55ML-SPR-MSLV,GB-GRC-CLR-55ML-SPR-MSLV,shopify,1000,deny,manual,2.70,
grace-55ml-clear-18-415-perfumespray,,SKU,GB-GRC-CLR-55ML-SPR-SSLV,GB-GRC-CLR-55ML-SPR-SSLV,shopify,1000,deny,manual,2.70,
grace-55ml-clear-18-415-perfumespray,,SKU,GB-GRC-CLR-55ML-SPR-CPR,GB-GRC-CLR-55ML-SPR-CPR,shopify,1000,deny,manual,2.70,
tall-rectangle-10ml-clear-13-415,10 ml Clear Tall Rectangle Bottle with Cap,SKU,GB-RCT-CLR-10ML-GLD-T-02,GB-RCT-CLR-10ML-GLD-T-02,shopify,1000,deny,manual,0.85,active
tall-rectangle-10ml-clear-13-415,,SKU,GB-RCT-CLR-10ML-SLV-T-02,GB-RCT-CLR-10ML-SLV-T-02,shopify,1000,deny,manual,0.85,
tall-rectangle-10ml-clear-13-415,,SKU,GB-RCT-WHT-10ML-WHT-S-02,GB-RCT-WHT-10ML-WHT-S-02,shopify,1000,deny,manual,0.67,
tall-rectangle-10ml-clear-13-415,,SKU,GB-RCT-CLR-10ML-BLK-S-02,GB-RCT-CLR-10ML-BLK-S-02,shopify,1000,deny,manual,0.67,
tall-rectangle-10ml-clear-13-415,,SKU,GB-RCT-CLR-10ML-MCPR-S-02,GB-RCT-CLR-10ML-MCPR-S-02,shopify,1000,deny,manual,0.83,
tall-rectangle-10ml-clear-13-415,,SKU,GB-RCT-CLR-10ML-MGLD-S-02,GB-RCT-CLR-10ML-MGLD-S-02,shopify,1000,deny,manual,0.83,
tall-rectangle-10ml-clear-13-415,,SKU,GB-RCT-CLR-10ML-MSLV-S-02,GB-RCT-CLR-10ML-MSLV-S-02,shopify,1000,deny,manual,0.83,
tall-rectangle-10ml-clear-13-415,,SKU,GB-RCT-CLR-10ML-SBLK-S-02,GB-RCT-CLR-10ML-SBLK-S-02,shopify,1000,deny,manual,0.83,
tall-rectangle-10ml-clear-13-415,,SKU,GB-RCT-CLR-10ML-SGLD-S-02,GB-RCT-CLR-10ML-SGLD-S-02,shopify,1000,deny,manual,0.83,
tall-rectangle-10ml-clear-13-415,,SKU,GB-RCT-CLR-10ML-SSLV-S-02,GB-RCT-CLR-10ML-SSLV-S-02,shopify,1000,deny,manual,0.83,
sleek-30ml-clear-18-415-dropper,30 ml Clear Sleek Dropper Bottle,SKU,GB-SLK-CLR-30ML-DRP-SLV,GB-SLK-CLR-30ML-DRP-SLV,shopify,1000,deny,manual,1.70,active
sleek-30ml-clear-18-415-dropper,,SKU,GB-SLK-CLR-30ML-DRP-GLD,GB-SLK-CLR-30ML-DRP-GLD,shopify,1000,deny,manual,1.70,
sleek-30ml-clear-18-415-dropper,,SKU,GB-SLK-CLR-30ML-DRP-CPR,GB-SLK-CLR-30ML-DRP-CPR,shopify,1000,deny,manual,1.70,
lotion-pump-17-415,Lotion Pump — Thread 17-415,SKU,CMP-LPM-MSLV-17-415,CMP-LPM-MSLV-17-415,shopify,1000,deny,manual,0.70,active
lotion-pump-17-415,,SKU,CMP-LPM-SGLD-17-415,CMP-LPM-SGLD-17-415,shopify,1000,deny,manual,0.70,
lotion-pump-17-415,,SKU,CMP-LPM-BLK-17-415,CMP-LPM-BLK-17-415,shopify,1000,deny,manual,0.70,
slim-30ml-clear-18-415-dropper,30 ml Clear Slim Dropper Bottle,SKU,GB-SLM-CLR-30ML-DRP-SLV,GB-SLM-CLR-30ML-DRP-SLV,shopify,1000,deny,manual,1.65,active
slim-30ml-clear-18-415-dropper,,SKU,GB-SLM-CLR-30ML-DRP-GLD,GB-SLM-CLR-30ML-DRP-GLD,shopify,1000,deny,manual,1.65,
slim-30ml-clear-18-415-dropper,,SKU,GB-SLM-CLR-30ML-DRP-CPR,GB-SLM-CLR-30ML-DRP-CPR,shopify,1000,deny,manual,1.65,
fine-mist-sprayer-17-415,Fine Mist Sprayer — Thread 17-415,SKU,CMP-SPR-SGLD-17-415,CMP-SPR-SGLD-17-415,shopify,1000,deny,manual,0.70,active
fine-mist-sprayer-17-415,,SKU,CMP-SPR-SLV-17-415,CMP-SPR-SLV-17-415,shopify,1000,deny,manual,0.70,
fine-mist-sprayer-17-415,,SKU,CMP-SPR-SSLV-17-415,CMP-SPR-SSLV-17-415,shopify,1000,deny,manual,0.70,
fine-mist-sprayer-17-415,,SKU,CMP-SPR-RED-17-415,CMP-SPR-RED-17-415,shopify,1000,deny,manual,0.70,
fine-mist-sprayer-17-415,,SKU,CMP-SPR-CLR-17-415,CMP-SPR-CLR-17-415,shopify,1000,deny,manual,0.70,
fine-mist-sprayer-17-415,,SKU,CMP-SPR-BLK-17-415-01,CMP-SPR-BLK-17-415-01,shopify,1000,deny,manual,0.70,
diva-46ml-frosted-18-415-dropper,46 ml Frosted Diva Dropper Bottle,SKU,GB-DVA-FRS-46ML-DRP-SLV,GB-DVA-FRS-46ML-DRP-SLV,shopify,1000,deny,manual,2.90,active
diva-46ml-frosted-18-415-dropper,,SKU,GB-DVA-FRS-46ML-DRP-GLD,GB-DVA-FRS-46ML-DRP-GLD,,0,deny,manual,2.90,
diva-46ml-frosted-18-415-dropper,,SKU,GB-DVA-FRS-46ML-DRP-CPR,GB-DVA-FRS-46ML-DRP-CPR,,0,deny,manual,2.90,
diamond-60ml-clear-18-415-perfumespray,60 ml Clear Diamond Bottle,SKU,GB-DMD-CLR-60ML-SPR-SGLD,GB-DMD-CLR-60ML-SPR-SGLD,shopify,1000,deny,manual,2.90,active
diamond-60ml-clear-18-415-perfumespray,,SKU,GB-DMD-CLR-60ML-SPR-MSLV,GB-DMD-CLR-60ML-SPR-MSLV,shopify,1000,deny,manual,2.90,
diamond-60ml-clear-18-415-perfumespray,,SKU,GB-DMD-CLR-60ML-SPR-MGLD,GB-DMD-CLR-60ML-SPR-MGLD,shopify,1000,deny,manual,2.90,
diamond-60ml-clear-18-415-perfumespray,,SKU,GB-DMD-CLR-60ML-SPR-SBLK,GB-DMD-CLR-60ML-SPR-SBLK,shopify,1000,deny,manual,2.90,
diamond-60ml-clear-18-415-perfumespray,,SKU,GB-DMD-CLR-60ML-SPR-SSLV,GB-DMD-CLR-60ML-SPR-SSLV,shopify,1000,deny,manual,2.90,
diamond-60ml-clear-18-415-perfumespray,,SKU,GB-DMD-CLR-60ML-SPR-CPR,GB-DMD-CLR-60ML-SPR-CPR,shopify,1000,deny,manual,2.90,
elegant-60ml-clear-18-415-antiquespray,60 ml Clear Elegant Vintage Bulb Spray Bottle,SKU,GB-ELG-CLR-60ML-ASP-LVN,GB-ELG-CLR-60ML-ASP-LVN,shopify,1000,deny,manual,5.60,active
elegant-60ml-clear-18-415-antiquespray,,SKU,GB-ELG-CLR-60ML-ASP-PNK,GB-ELG-CLR-60ML-ASP-PNK,shopify,1000,deny,manual,5.60,
elegant-60ml-clear-18-415-antiquespray,,SKU,GB-ELG-CLR-60ML-ASP-MSLV,GB-ELG-CLR-60ML-ASP-MSLV,shopify,1000,deny,manual,5.60,
elegant-60ml-clear-18-415-antiquespray,,SKU,GB-ELG-CLR-60ML-ASP-IVSL,GB-ELG-CLR-60ML-ASP-IVSL,shopify,1000,deny,manual,5.60,
elegant-60ml-clear-18-415-antiquespray,,SKU,GB-ELG-CLR-60ML-ASP-SGLD,GB-ELG-CLR-60ML-ASP-SGLD,shopify,1000,deny,manual,5.60,
elegant-60ml-clear-18-415-antiquespray,,SKU,GB-ELG-CLR-60ML-ASP-IVGD,GB-ELG-CLR-60ML-ASP-IVGD,shopify,1000,deny,manual,5.60,
elegant-60ml-clear-18-415-antiquespray,,SKU,GB-ELG-CLR-60ML-ASP-WHT-01,GB-ELG-CLR-60ML-ASP-WHT-01,shopify,1000,deny,manual,5.60,
elegant-60ml-clear-18-415-antiquespray,,SKU,GB-ELG-CLR-60ML-ASP-RED,GB-ELG-CLR-60ML-ASP-RED,shopify,1000,deny,manual,5.60,
elegant-60ml-clear-18-415-antiquespray,,SKU,GB-ELG-CLR-60ML-ASP-02,GB-ELG-CLR-60ML-ASP-02,shopify,1000,deny,manual,6.35,
elegant-60ml-clear-18-415-antiquespray,,SKU,GB-ELG-CLR-60ML-ASP-05,GB-ELG-CLR-60ML-ASP-05,shopify,1000,deny,manual,6.35,
elegant-60ml-clear-18-415-antiquespray,,SKU,GB-ELG-CLR-60ML-ASP-04,GB-ELG-CLR-60ML-ASP-04,shopify,1000,deny,manual,6.35,
elegant-60ml-clear-18-415-antiquespray,,SKU,GB-ELG-CLR-60ML-ASP-03,GB-ELG-CLR-60ML-ASP-03,shopify,1000,deny,manual,6.35,
elegant-60ml-clear-18-415-antiquespray,,SKU,GB-ELG-CLR-60ML-ASP-01,GB-ELG-CLR-60ML-ASP-01,shopify,1000,deny,manual,6.35,
elegant-60ml-clear-18-415-antiquespray,,SKU,GB-ELG-CLR-60ML-ASP-BLK,GB-ELG-CLR-60ML-ASP-BLK,shopify,1000,deny,manual,5.60,
diva-46ml-clear-18-415-dropper,46 ml Clear Diva Dropper Bottle,SKU,GB-DVA-CLR-46ML-DRP-GLD,GB-DVA-CLR-46ML-DRP-GLD,shopify,1000,deny,manual,2.40,active
diva-46ml-clear-18-415-dropper,,SKU,GB-DVA-CLR-46ML-DRP-CPR,GB-DVA-CLR-46ML-DRP-CPR,shopify,1000,deny,manual,2.40,
diva-46ml-clear-18-415-dropper,,SKU,GB-DVA-CLR-46ML-DRP-SLV,GB-DVA-CLR-46ML-DRP-SLV,,0,deny,manual,2.40,
royal-13ml-clear-13-415,13 ml Clear Royal Bottle with Cap,SKU,GB-VIA-CLR-13ML-GLD-T,GB-VIA-CLR-13ML-GLD-T,shopify,1000,deny,manual,0.62,active
royal-13ml-clear-13-415,,SKU,GB-VIA-CLR-13ML-SLV-T,GB-VIA-CLR-13ML-SLV-T,shopify,1000,deny,manual,0.62,
royal-13ml-clear-13-415,,SKU,GB-VIA-WHT-13ML-WHT-S,GB-VIA-WHT-13ML-WHT-S,shopify,1000,deny,manual,0.44,
royal-13ml-clear-13-415,,SKU,GB-RYL-CLR-13ML-BLK-S,GB-RYL-CLR-13ML-BLK-S,shopify,1000,deny,manual,0.44,
royal-13ml-clear-13-415,,SKU,GB-RYL-CLR-13ML-MCPR-S,GB-RYL-CLR-13ML-MCPR-S,shopify,1000,deny,manual,0.60,
royal-13ml-clear-13-415,,SKU,GB-RYL-CLR-13ML-MGLD-S,GB-RYL-CLR-13ML-MGLD-S,shopify,1000,deny,manual,0.60,
royal-13ml-clear-13-415,,SKU,GB-RYL-CLR-13ML-MSLV-S,GB-RYL-CLR-13ML-MSLV-S,shopify,1000,deny,manual,0.60,
royal-13ml-clear-13-415,,SKU,GB-RYL-CLR-13ML-SBLK-S,GB-RYL-CLR-13ML-SBLK-S,shopify,1000,deny,manual,0.60,
royal-13ml-clear-13-415,,SKU,GB-RYL-CLR-13ML-SGLD-S,GB-RYL-CLR-13ML-SGLD-S,shopify,1000,deny,manual,0.60,
royal-13ml-clear-13-415,,SKU,GB-RYL-CLR-13ML-SSLV-S,GB-RYL-CLR-13ML-SSLV-S,shopify,1000,deny,manual,0.60,
royal-13ml-clear-13-415,,SKU,GB-RYL-CLR-13ML-MNR-MCPR,GB-RYL-CLR-13ML-MNR-MCPR,shopify,1000,deny,manual,0.90,
royal-13ml-clear-13-415,,SKU,GB-RYL-CLR-13ML-MNR-SSLV,GB-RYL-CLR-13ML-MNR-SSLV,shopify,1000,deny,manual,0.90,
circle-50ml-clear-18-415-dropper,50 ml Clear Circle Dropper Bottle,SKU,GB-CIR-CLR-50ML-DRP-SLV,GB-CIR-CLR-50ML-DRP-SLV,shopify,1000,deny,manual,1.75,active
circle-50ml-clear-18-415-dropper,,SKU,GB-CIR-CLR-50ML-DRP-GLD,GB-CIR-CLR-50ML-DRP-GLD,shopify,1000,deny,manual,1.75,
circle-50ml-clear-18-415-dropper,,SKU,GB-CIR-CLR-50ML-DRP-CPR,GB-CIR-CLR-50ML-DRP-CPR,shopify,1000,deny,manual,1.75,
cap-closure-18-400,Cap & Closure — Thread 18-400,SKU,CMP-CAP-BLK-18-400,CMP-CAP-BLK-18-400,shopify,1000,deny,manual,0.32,active
cap-closure-18-400,,SKU,CMP-APP-BLK-18-400,CMP-APP-BLK-18-400,shopify,1000,deny,manual,0.42,
empire-100ml-clear-18-415-reducer,100 ml Clear Empire Reducer Bottle,SKU,GB-EMP-CLR-100ML-RDC-SGLD,GB-EMP-CLR-100ML-RDC-SGLD,shopify,1000,deny,manual,2.47,active
empire-100ml-clear-18-415-reducer,,SKU,GB-EMP-CLR-100ML-RDC-SBLK-T,GB-EMP-CLR-100ML-RDC-SBLK-T,shopify,1000,deny,manual,2.47,
empire-100ml-clear-18-415-reducer,,SKU,GB-EMP-CLR-100ML-RDC-BRLT,GB-EMP-CLR-100ML-RDC-BRLT,shopify,1000,deny,manual,2.75,
empire-100ml-clear-18-415-reducer,,SKU,GB-EMP-CLR-100ML-RDC-LBLT,GB-EMP-CLR-100ML-RDC-LBLT,shopify,1000,deny,manual,2.75,
empire-100ml-clear-18-415-reducer,,SKU,GB-EMP-CLR-100ML-RDC-SSLV,GB-EMP-CLR-100ML-RDC-SSLV,shopify,1000,deny,manual,2.47,
empire-100ml-clear-18-415-reducer,,SKU,GB-EMP-CLR-100ML-RDC-MSLV-T,GB-EMP-CLR-100ML-RDC-MSLV-T,shopify,1000,deny,manual,2.47,
empire-100ml-clear-18-415-reducer,,SKU,GB-EMP-CLR-100ML-RDC-MSLV,GB-EMP-CLR-100ML-RDC-MSLV,shopify,1000,deny,manual,2.47,
empire-100ml-clear-18-415-reducer,,SKU,GB-EMP-CLR-100ML-RDC-WHT,GB-EMP-CLR-100ML-RDC-WHT,shopify,1000,deny,manual,2.47,
empire-100ml-clear-18-415-reducer,,SKU,GB-EMP-CLR-100ML-RDC-PKLT,GB-EMP-CLR-100ML-RDC-PKLT,shopify,1000,deny,manual,2.75,
empire-100ml-clear-18-415-reducer,,SKU,GB-EMP-CLR-100ML-RDC-IVLT,GB-EMP-CLR-100ML-RDC-IVLT,shopify,1000,deny,manual,2.75,
empire-100ml-clear-18-415-reducer,,SKU,GB-EMP-CLR-100ML-RDC-SBLK,GB-EMP-CLR-100ML-RDC-SBLK,shopify,1000,deny,manual,2.47,
empire-100ml-clear-18-415-reducer,,SKU,GB-EMP-CLR-100ML-RDC-BKLT,GB-EMP-CLR-100ML-RDC-BKLT,shopify,1000,deny,manual,2.75,
empire-100ml-clear-18-415-reducer,,SKU,GB-EMP-CLR-100ML-RDC-MSLV-01,GB-EMP-CLR-100ML-RDC-MSLV-01,,0,deny,manual,2.47,
empire-100ml-clear-18-415-reducer,,SKU,GB-EMP-CLR-100ML-RDC-SBLK-01,GB-EMP-CLR-100ML-RDC-SBLK-01,,0,deny,manual,2.47,
circle-50ml-frosted-18-415-dropper,50 ml Frosted Circle Dropper Bottle,SKU,GB-CIR-FRS-50ML-DRP-SLV,GB-CIR-FRS-50ML-DRP-SLV,shopify,1000,deny,manual,2.25,active
circle-50ml-frosted-18-415-dropper,,SKU,GB-CIR-FRS-50ML-DRP-SGLD,GB-CIR-FRS-50ML-DRP-SGLD,shopify,1000,deny,manual,2.25,
circle-50ml-frosted-18-415-dropper,,SKU,GB-CIR-FRS-50ML-DRP-CPR,GB-CIR-FRS-50ML-DRP-CPR,shopify,1000,deny,manual,2.25,
vintage-bulb-sprayer-18-415,Vintage Bulb Sprayer — Thread 18-415,SKU,CMP-SPR-LVSL-18-415-02,CMP-SPR-LVSL-18-415-02,shopify,1000,deny,manual,4.25,active
vintage-bulb-sprayer-18-415,,SKU,CMP-CAP-PNK-18-415,CMP-CAP-PNK-18-415,shopify,1000,deny,manual,4.25,
vintage-bulb-sprayer-18-415,,SKU,CMP-SPR-MTSL-18-415-04,CMP-SPR-MTSL-18-415-04,shopify,1000,deny,manual,4.25,
vintage-bulb-sprayer-18-415,,SKU,CMP-SPR-IVSL-18-415-04,CMP-SPR-IVSL-18-415-04,shopify,1000,deny,manual,4.25,
vintage-bulb-sprayer-18-415,,SKU,CMP-SPR-GLD-18-415-02,CMP-SPR-GLD-18-415-02,shopify,1000,deny,manual,4.25,
vintage-bulb-sprayer-18-415,,SKU,CMP-SPR-GDIV-18-415-02,CMP-SPR-GDIV-18-415-02,shopify,1000,deny,manual,4.25,
vintage-bulb-sprayer-18-415,,SKU,CMP-SPR-SLWH-18-415-02,CMP-SPR-SLWH-18-415-02,shopify,1000,deny,manual,4.25,
vintage-bulb-sprayer-18-415,,SKU,CMP-SPR-RDSL-18-415-02,CMP-SPR-RDSL-18-415-02,shopify,1000,deny,manual,4.25,
vintage-bulb-sprayer-18-415,,SKU,CMP-SPR-BKSL-18-415-02,CMP-SPR-BKSL-18-415-02,shopify,1000,deny,manual,4.25,
circle-15ml-clear-13-415,15 ml Clear Circle Bottle with Cap,SKU,GB-CIR-CLR-15ML-GLD-T,GB-CIR-CLR-15ML-GLD-T,shopify,1000,deny,manual,0.62,active
circle-15ml-clear-13-415,,SKU,GB-CIR-CLR-15ML-SLV-T,GB-CIR-CLR-15ML-SLV-T,shopify,1000,deny,manual,0.62,
circle-15ml-clear-13-415,,SKU,GB-CIR-WHT-15ML-WHT-S,GB-CIR-WHT-15ML-WHT-S,shopify,1000,deny,manual,0.44,
circle-15ml-clear-13-415,,SKU,GB-CIR-CLR-15ML-BLK-S,GB-CIR-CLR-15ML-BLK-S,shopify,1000,deny,manual,0.44,
circle-15ml-clear-13-415,,SKU,GB-CIR-CLR-15ML-MCPR-S,GB-CIR-CLR-15ML-MCPR-S,shopify,1000,deny,manual,0.60,
circle-15ml-clear-13-415,,SKU,GB-CIR-CLR-15ML-MGLD-S,GB-CIR-CLR-15ML-MGLD-S,shopify,1000,deny,manual,0.60,
circle-15ml-clear-13-415,,SKU,GB-CIR-CLR-15ML-MSLV-S,GB-CIR-CLR-15ML-MSLV-S,shopify,1000,deny,manual,0.60,
circle-15ml-clear-13-415,,SKU,GB-CIR-CLR-15ML-SBLK-S,GB-CIR-CLR-15ML-SBLK-S,shopify,1000,deny,manual,0.60,
circle-15ml-clear-13-415,,SKU,GB-CIR-CLR-15ML-SGLD-S,GB-CIR-CLR-15ML-SGLD-S,shopify,1000,deny,manual,0.60,
circle-15ml-clear-13-415,,SKU,GB-CIR-CLR-15ML-SSLV-S,GB-CIR-CLR-15ML-SSLV-S,shopify,1000,deny,manual,0.60,
elegant-60ml-clear-18-415-perfumespray,60 ml Clear Elegant Bottle,SKU,GB-ELG-CLR-60ML-SPR-SGLD,GB-ELG-CLR-60ML-SPR-SGLD,shopify,1000,deny,manual,2.75,active
elegant-60ml-clear-18-415-perfumespray,,SKU,GB-ELG-CLR-60ML-SPR-SBLK,GB-ELG-CLR-60ML-SPR-SBLK,shopify,1000,deny,manual,2.75,
elegant-60ml-clear-18-415-perfumespray,,SKU,GB-ELG-CLR-60ML-SPR-MGLD,GB-ELG-CLR-60ML-SPR-MGLD,shopify,1000,deny,manual,2.75,
elegant-60ml-clear-18-415-perfumespray,,SKU,GB-ELG-CLR-60ML-SPR-SSLV,GB-ELG-CLR-60ML-SPR-SSLV,shopify,1000,deny,manual,2.75,
elegant-60ml-clear-18-415-perfumespray,,SKU,GB-ELG-CLR-60ML-SPR-MSLV,GB-ELG-CLR-60ML-SPR-MSLV,shopify,1000,deny,manual,2.75,
elegant-60ml-clear-18-415-perfumespray,,SKU,GB-ELG-CLR-60ML-SPR-CPR,GB-ELG-CLR-60ML-SPR-CPR,shopify,1000,deny,manual,2.75,
empire-50ml-clear-18-415-dropper,50 ml Clear Empire Dropper Bottle,SKU,GB-EMP-CLR-50ML-DRP-SLV,GB-EMP-CLR-50ML-DRP-SLV,shopify,1000,deny,manual,2.45,active
empire-50ml-clear-18-415-dropper,,SKU,GB-EMP-CLR-50ML-DRP-GLD,GB-EMP-CLR-50ML-DRP-GLD,shopify,1000,deny,manual,2.45,
empire-50ml-clear-18-415-dropper,,SKU,GB-EMP-CLR-50ML-DRP-CPR,GB-EMP-CLR-50ML-DRP-CPR,shopify,1000,deny,manual,2.45,
elegant-15ml-clear-13-415,15 ml Clear Elegant Bottle with Cap,SKU,GB-ELG-CLR-15ML-SLV-T-01,GB-ELG-CLR-15ML-SLV-T-01,shopify,1000,deny,manual,0.62,active
elegant-15ml-clear-13-415,,SKU,GB-ELG-WHT-15ML-WHT-S,GB-ELG-WHT-15ML-WHT-S,shopify,1000,deny,manual,0.62,
elegant-15ml-clear-13-415,,SKU,GB-ELG-CLR-15ML-GLD-T,GB-ELG-CLR-15ML-GLD-T,shopify,1000,deny,manual,0.62,
elegant-15ml-clear-13-415,,SKU,GB-ELG-CLR-15ML-BLK-S-01,GB-ELG-CLR-15ML-BLK-S-01,shopify,1000,deny,manual,0.62,
elegant-15ml-clear-13-415,,SKU,GB-ELG-CLR-15ML-MNR-SSLV,GB-ELG-CLR-15ML-MNR-SSLV,shopify,1000,deny,manual,0.88,
elegant-15ml-clear-13-415,,SKU,GB-ELG-CLR-15ML-MCPR-S,GB-ELG-CLR-15ML-MCPR-S,shopify,1000,deny,manual,0.60,
elegant-15ml-clear-13-415,,SKU,GB-ELG-CLR-15ML-MGLD-S,GB-ELG-CLR-15ML-MGLD-S,shopify,1000,deny,manual,0.60,
elegant-15ml-clear-13-415,,SKU,GB-ELG-CLR-15ML-MSLV-S,GB-ELG-CLR-15ML-MSLV-S,shopify,1000,deny,manual,0.60,
elegant-15ml-clear-13-415,,SKU,GB-ELG-CLR-15ML-SBLK-S,GB-ELG-CLR-15ML-SBLK-S,shopify,1000,deny,manual,0.60,
elegant-15ml-clear-13-415,,SKU,GB-ELG-CLR-15ML-SGLD-S,GB-ELG-CLR-15ML-SGLD-S,shopify,1000,deny,manual,0.60,
elegant-15ml-clear-13-415,,SKU,GB-ELG-CLR-15ML-SSLV-S,GB-ELG-CLR-15ML-SSLV-S,shopify,1000,deny,manual,0.60,
boston-round-60ml-clear-20-400-dropper,60 ml Clear Boston Round Dropper Bottle,SKU,GB-BSR-CLR-60ML-WHT-T-01,GB-BSR-CLR-60ML-WHT-T-01,shopify,1000,deny,manual,0.75,active
boston-round-60ml-clear-20-400-dropper,,SKU,GB-BSR-CLR-60ML-BLK-T-02,GB-BSR-CLR-60ML-BLK-T-02,shopify,1000,deny,manual,0.90,
boston-round-60ml-clear-20-400-dropper,,SKU,GB-BSR-CLR-60ML-WHT-T-03,GB-BSR-CLR-60ML-WHT-T-03,shopify,1000,deny,manual,0.90,
boston-round-60ml-clear-20-400-dropper,,SKU,GB-BSR-CLR-60ML-BLK-T-03,GB-BSR-CLR-60ML-BLK-T-03,shopify,1000,deny,manual,0.90,
boston-round-60ml-clear-20-400-dropper,,SKU,GB-BSR-CLR-60ML-WHT-T-02,GB-BSR-CLR-60ML-WHT-T-02,shopify,1000,deny,manual,0.90,
boston-round-60ml-clear-20-400-dropper,,SKU,GB-BSR-CLR-60ML-BLK-T-01,GB-BSR-CLR-60ML-BLK-T-01,shopify,1000,deny,manual,0.75,
elegant-60ml-clear-18-415-antiquespray-tassel,60 ml Clear Elegant Vintage Bulb Spray Bottle with Tassel,SKU,GB-ELG-CLR-60ML-AST-LVN,GB-ELG-CLR-60ML-AST-LVN,shopify,1000,deny,manual,6.35,active
elegant-60ml-clear-18-415-antiquespray-tassel,,SKU,GB-ELG-CLR-60ML-AST-IVGD,GB-ELG-CLR-60ML-AST-IVGD,shopify,1000,deny,manual,6.35,
elegant-60ml-clear-18-415-antiquespray-tassel,,SKU,GB-ELG-CLR-60ML-AST-PNK,GB-ELG-CLR-60ML-AST-PNK,shopify,1000,deny,manual,6.35,
elegant-60ml-clear-18-415-antiquespray-tassel,,SKU,GB-ELG-CLR-60ML-AST-BLK,GB-ELG-CLR-60ML-AST-BLK,shopify,1000,deny,manual,6.35,
elegant-60ml-frosted-18-415-perfumespray,60 ml Frosted Elegant Bottle,SKU,GB-ELG-FRS-60ML-SPR-SBLK,GB-ELG-FRS-60ML-SPR-SBLK,shopify,1000,deny,manual,3.25,active
elegant-60ml-frosted-18-415-perfumespray,,SKU,GB-ELG-FRS-60ML-SPR-CPR,GB-ELG-FRS-60ML-SPR-CPR,shopify,1000,deny,manual,3.25,
elegant-60ml-frosted-18-415-perfumespray,,SKU,GB-ELG-FRS-60ML-SPR-SGLD,GB-ELG-FRS-60ML-SPR-SGLD,shopify,1000,deny,manual,3.25,
elegant-60ml-frosted-18-415-perfumespray,,SKU,GB-ELG-FRS-60ML-SPR-MSLV,GB-ELG-FRS-60ML-SPR-MSLV,shopify,1000,deny,manual,3.25,
elegant-60ml-frosted-18-415-perfumespray,,SKU,GB-ELG-FRS-60ML-SPR-SSLV,GB-ELG-FRS-60ML-SPR-SSLV,shopify,1000,deny,manual,3.25,
elegant-60ml-frosted-18-415-perfumespray,,SKU,GB-ELG-FRS-60ML-SPR-MGLD,GB-ELG-FRS-60ML-SPR-MGLD,shopify,1000,deny,manual,3.25,
elegant-15ml-frosted-13-415,15 ml Frosted Elegant Bottle with Cap,SKU,GB-ELG-FRS-15ML-WHT-S,GB-ELG-FRS-15ML-WHT-S,shopify,1000,deny,manual,0.64,active
elegant-15ml-frosted-13-415,,SKU,GB-ELG-FRS-15ML-BLK-S-02,GB-ELG-FRS-15ML-BLK-S-02,shopify,1000,deny,manual,0.64,
elegant-15ml-frosted-13-415,,SKU,GB-ELG-FRS-15ML-SGLD-T,GB-ELG-FRS-15ML-SGLD-T,shopify,1000,deny,manual,0.82,
elegant-15ml-frosted-13-415,,SKU,GB-ELG-FRS-15ML-SLV-T-02,GB-ELG-FRS-15ML-SLV-T-02,shopify,1000,deny,manual,0.82,
elegant-15ml-frosted-13-415,,SKU,GB-ELG-FRS-15ML-CAP-SBLK,GB-ELG-FRS-15ML-CAP-SBLK,shopify,1000,deny,manual,0.80,
elegant-15ml-frosted-13-415,,SKU,GB-ELG-FRS-15ML-MCPR-S,GB-ELG-FRS-15ML-MCPR-S,shopify,1000,deny,manual,0.80,
elegant-15ml-frosted-13-415,,SKU,GB-ELG-FRS-15ML-MGLD-S,GB-ELG-FRS-15ML-MGLD-S,shopify,1000,deny,manual,0.80,
elegant-15ml-frosted-13-415,,SKU,GB-ELG-FRS-15ML-MSLV-S,GB-ELG-FRS-15ML-MSLV-S,shopify,1000,deny,manual,0.80,
elegant-15ml-frosted-13-415,,SKU,GB-ELG-FRS-15ML-SGLD-S,GB-ELG-FRS-15ML-SGLD-S,shopify,1000,deny,manual,0.80,
elegant-15ml-frosted-13-415,,SKU,GB-ELG-FRS-15ML-SSLV-S,GB-ELG-FRS-15ML-SSLV-S,shopify,1000,deny,manual,0.80,
elegant-15ml-frosted-13-415,,SKU,GB-ELG-FRS-15ML-MNR-MCPR,GB-ELG-FRS-15ML-MNR-MCPR,shopify,1000,deny,manual,0.88,
elegant-15ml-frosted-13-415,,SKU,GB-ELG-FRS-15ML-MNR-SSLV,GB-ELG-FRS-15ML-MNR-SSLV,shopify,1000,deny,manual,0.88,
round-78ml-clear-18-415-perfumespray,78 ml Clear Round Bottle,SKU,GB-RND-CLR-78ML-SPR-CPR,GB-RND-CLR-78ML-SPR-CPR,shopify,1000,deny,manual,3.05,active
round-78ml-clear-18-415-perfumespray,,SKU,GB-RND-CLR-78ML-SPR-MGLD,GB-RND-CLR-78ML-SPR-MGLD,shopify,1000,deny,manual,3.05,
round-78ml-clear-18-415-perfumespray,,SKU,GB-RND-CLR-78ML-SPR-MSLV,GB-RND-CLR-78ML-SPR-MSLV,shopify,1000,deny,manual,3.05,
round-78ml-clear-18-415-perfumespray,,SKU,GB-RND-CLR-78ML-SPR-SGLD,GB-RND-CLR-78ML-SPR-SGLD,shopify,1000,deny,manual,3.05,
round-78ml-clear-18-415-perfumespray,,SKU,GB-RND-CLR-78ML-SPR-SBLK,GB-RND-CLR-78ML-SPR-SBLK,shopify,1000,deny,manual,3.05,
round-78ml-clear-18-415-perfumespray,,SKU,GB-RND-CLR-78ML-SPR-SSLV,GB-RND-CLR-78ML-SPR-SSLV,shopify,1000,deny,manual,3.05,
vintage-bulb-sprayer-with-tassel-18-415,Vintage Bulb Sprayer with Tassel — Thread 18-415,SKU,CMP-SPR-LVSLWH-18-415-02,CMP-SPR-LVSLWH-18-415-02,shopify,1000,deny,manual,5.00,active
vintage-bulb-sprayer-with-tassel-18-415,,SKU,CMP-SPR-GDIVSLWH-18-415-02,CMP-SPR-GDIVSLWH-18-415-02,shopify,1000,deny,manual,5.00,
vintage-bulb-sprayer-with-tassel-18-415,,SKU,CMP-SPR-IVSLWH-18-415-02,CMP-SPR-IVSLWH-18-415-02,shopify,1000,deny,manual,5.00,
vintage-bulb-sprayer-with-tassel-18-415,,SKU,CMP-SPR-SLWH-18-415-04,CMP-SPR-SLWH-18-415-04,shopify,1000,deny,manual,5.00,
vintage-bulb-sprayer-with-tassel-18-415,,SKU,CMP-SPR-GDPKSLWH-18-415-02,CMP-SPR-GDPKSLWH-18-415-02,shopify,1000,deny,manual,5.00,
vintage-bulb-sprayer-with-tassel-18-415,,SKU,CMP-SPR-RDSLWH-18-415-02,CMP-SPR-RDSLWH-18-415-02,shopify,1000,deny,manual,5.00,
vintage-bulb-sprayer-with-tassel-18-415,,SKU,CMP-SPR-MTSLWH-18-415-02,CMP-SPR-MTSLWH-18-415-02,shopify,1000,deny,manual,5.00,
vintage-bulb-sprayer-with-tassel-18-415,,SKU,CMP-SPR-GLD-18415-TSL,CMP-SPR-GLD-18415-TSL,shopify,1000,deny,manual,5.00,
vintage-bulb-sprayer-with-tassel-18-415,,SKU,CMP-SPR-BKSLWH-18-415-02,CMP-SPR-BKSLWH-18-415-02,shopify,1000,deny,manual,5.00,
flair-15ml-clear-13-415,15 ml Clear Flair Bottle with Cap,SKU,GB-FLR-CLR-15ML-BLK-S,GB-FLR-CLR-15ML-BLK-S,shopify,1000,deny,manual,0.44,active
flair-15ml-clear-13-415,,SKU,GB-VIA-CLR-15ML-GLD-T-01,GB-VIA-CLR-15ML-GLD-T-01,shopify,1000,deny,manual,0.62,
flair-15ml-clear-13-415,,SKU,GB-VIA-CLR-15ML-SLV-T-01,GB-VIA-CLR-15ML-SLV-T-01,shopify,1000,deny,manual,0.62,
flair-15ml-clear-13-415,,SKU,GB-VIA-WHT-15ML-WHT-S-01,GB-VIA-WHT-15ML-WHT-S-01,shopify,1000,deny,manual,0.44,
flair-15ml-clear-13-415,,SKU,GB-FLR-CLR-15ML-MCPR-S,GB-FLR-CLR-15ML-MCPR-S,shopify,1000,deny,manual,0.60,
flair-15ml-clear-13-415,,SKU,GB-FLR-CLR-15ML-MGLD-S,GB-FLR-CLR-15ML-MGLD-S,shopify,1000,deny,manual,0.60,
flair-15ml-clear-13-415,,SKU,GB-FLR-CLR-15ML-MSLV-S,GB-FLR-CLR-15ML-MSLV-S,shopify,1000,deny,manual,0.60,
flair-15ml-clear-13-415,,SKU,GB-FLR-CLR-15ML-SBLK-S,GB-FLR-CLR-15ML-SBLK-S,shopify,1000,deny,manual,0.60,
flair-15ml-clear-13-415,,SKU,GB-FLR-CLR-15ML-SGLD-S,GB-FLR-CLR-15ML-SGLD-S,shopify,1000,deny,manual,0.60,
flair-15ml-clear-13-415,,SKU,GB-FLR-CLR-15ML-SSLV-S,GB-FLR-CLR-15ML-SSLV-S,shopify,1000,deny,manual,0.60,
flair-15ml-clear-13-415,,SKU,GB-FLR-CLR-15ML-MNR-MCPR,GB-FLR-CLR-15ML-MNR-MCPR,shopify,1000,deny,manual,0.65,
flair-15ml-clear-13-415,,SKU,GB-FLR-CLR-15ML-MNR-SSLV,GB-FLR-CLR-15ML-MNR-SSLV,shopify,1000,deny,manual,0.65,
round-78ml-frosted-18-415-perfumespray,78 ml Frosted Round Bottle,SKU,GB-RND-FRS-78ML-SPR-CPR,GB-RND-FRS-78ML-SPR-CPR,shopify,1000,deny,manual,3.55,active
round-78ml-frosted-18-415-perfumespray,,SKU,GB-RND-FRS-78ML-SPR-SGLD,GB-RND-FRS-78ML-SPR-SGLD,shopify,1000,deny,manual,3.55,
round-78ml-frosted-18-415-perfumespray,,SKU,GB-RND-FRS-78ML-SPR-MSLV,GB-RND-FRS-78ML-SPR-MSLV,shopify,1000,deny,manual,3.55,
round-78ml-frosted-18-415-perfumespray,,SKU,GB-RND-FRS-78ML-SPR-SSLV,GB-RND-FRS-78ML-SPR-SSLV,shopify,1000,deny,manual,3.55,
round-78ml-frosted-18-415-perfumespray,,SKU,GB-RND-FRS-78ML-SPR-SBLK,GB-RND-FRS-78ML-SPR-SBLK,shopify,1000,deny,manual,3.55,
round-78ml-frosted-18-415-perfumespray,,SKU,GB-RND-FRS-78ML-SPR-MGLD,GB-RND-FRS-78ML-SPR-MGLD,shopify,1000,deny,manual,3.55,
boston-round-60ml-amber-20-400-dropper,60 ml Amber Boston Round Dropper Bottle,SKU,GB-BSR-AMB-60ML-BLK-T-01,GB-BSR-AMB-60ML-BLK-T-01,shopify,1000,deny,manual,0.90,active
boston-round-60ml-amber-20-400-dropper,,SKU,GB-BSR-AMB-60ML-BLK-T-03,GB-BSR-AMB-60ML-BLK-T-03,shopify,1000,deny,manual,0.90,
boston-round-60ml-amber-20-400-dropper,,SKU,GB-BSR-AMB-60ML-WHT-T-03,GB-BSR-AMB-60ML-WHT-T-03,shopify,1000,deny,manual,0.75,
boston-round-60ml-amber-20-400-dropper,,SKU,GB-BSR-AMB-60ML-WHT-T-01,GB-BSR-AMB-60ML-WHT-T-01,shopify,1000,deny,manual,0.75,
boston-round-60ml-amber-20-400-dropper,,SKU,GB-BSR-AMB-60ML-WHT-T-02,GB-BSR-AMB-60ML-WHT-T-02,shopify,1000,deny,manual,0.90,
boston-round-60ml-amber-20-400-dropper,,SKU,GB-BSR-AMB-60ML-BLK-T-02,GB-BSR-AMB-60ML-BLK-T-02,shopify,1000,deny,manual,0.75,
circle-100ml-clear-18-415-perfumespray,100 ml Clear Circle Bottle,SKU,GB-CIR-CLR-100ML-SPR-CPR,GB-CIR-CLR-100ML-SPR-CPR,shopify,1000,deny,manual,3.05,active
circle-100ml-clear-18-415-perfumespray,,SKU,GB-CIR-CLR-100ML-SPR-MGLD,GB-CIR-CLR-100ML-SPR-MGLD,shopify,1000,deny,manual,3.05,
circle-100ml-clear-18-415-perfumespray,,SKU,GB-CIR-CLR-100ML-SPR-SGLD,GB-CIR-CLR-100ML-SPR-SGLD,shopify,1000,deny,manual,3.05,
circle-100ml-clear-18-415-perfumespray,,SKU,GB-CIR-CLR-100ML-SPR-SBLK,GB-CIR-CLR-100ML-SPR-SBLK,shopify,1000,deny,manual,3.05,
circle-100ml-clear-18-415-perfumespray,,SKU,GB-CIR-CLR-100ML-SPR-MSLV,GB-CIR-CLR-100ML-SPR-MSLV,shopify,1000,deny,manual,3.05,
circle-100ml-clear-18-415-perfumespray,,SKU,GB-CIR-CLR-100ML-SPR-SSLV,GB-CIR-CLR-100ML-SPR-SSLV,shopify,1000,deny,manual,3.05,
square-15ml-clear-13-415,15 ml Clear Square Bottle with Cap,SKU,GB-SQR-CLR-15ML-S,GB-SQR-CLR-15ML-S,shopify,1000,deny,manual,0.44,active
square-15ml-clear-13-415,,SKU,GB-VIA-CLR-15ML-GLD-T-02,GB-VIA-CLR-15ML-GLD-T-02,shopify,1000,deny,manual,0.62,
square-15ml-clear-13-415,,SKU,GB-VIA-CLR-15ML-SLV-T-02,GB-VIA-CLR-15ML-SLV-T-02,shopify,1000,deny,manual,0.62,
square-15ml-clear-13-415,,SKU,GB-VIA-WHT-15ML-WHT-S-02,GB-VIA-WHT-15ML-WHT-S-02,shopify,1000,deny,manual,0.44,
square-15ml-clear-13-415,,SKU,GB-SQR-CLR-15ML-SGLD-S,GB-SQR-CLR-15ML-SGLD-S,shopify,1000,deny,manual,0.60,
square-15ml-clear-13-415,,SKU,GB-SQR-CLR-15ML-MCPR-S,GB-SQR-CLR-15ML-MCPR-S,shopify,1000,deny,manual,0.60,
square-15ml-clear-13-415,,SKU,GB-SQR-CLR-15ML-MGLD-S,GB-SQR-CLR-15ML-MGLD-S,shopify,1000,deny,manual,0.60,
square-15ml-clear-13-415,,SKU,GB-SQR-CLR-15ML-MSLV-S,GB-SQR-CLR-15ML-MSLV-S,shopify,1000,deny,manual,0.60,
square-15ml-clear-13-415,,SKU,GB-SQR-CLR-15ML-SBLK-S,GB-SQR-CLR-15ML-SBLK-S,shopify,1000,deny,manual,0.60,
circle-100ml-frosted-18-415-perfumespray,100 ml Frosted Circle Bottle,SKU,GB-CIR-FRS-100ML-SPR-CPR,GB-CIR-FRS-100ML-SPR-CPR,shopify,1000,deny,manual,3.55,active
circle-100ml-frosted-18-415-perfumespray,,SKU,GB-CIR-FRS-100ML-SPR-MGLD,GB-CIR-FRS-100ML-SPR-MGLD,shopify,1000,deny,manual,3.55,
circle-100ml-frosted-18-415-perfumespray,,SKU,GB-CIR-FRS-100ML-SPR-SGLD,GB-CIR-FRS-100ML-SPR-SGLD,shopify,1000,deny,manual,3.55,
circle-100ml-frosted-18-415-perfumespray,,SKU,GB-CIR-FRS-100ML-SPR-SBLK,GB-CIR-FRS-100ML-SPR-SBLK,shopify,1000,deny,manual,3.55,
circle-100ml-frosted-18-415-perfumespray,,SKU,GB-CIR-FRS-100ML-SPR-MSLV,GB-CIR-FRS-100ML-SPR-MSLV,shopify,1000,deny,manual,3.55,
circle-100ml-frosted-18-415-perfumespray,,SKU,GB-CIR-FRS-100ML-SPR-SSLV,GB-CIR-FRS-100ML-SPR-SSLV,shopify,1000,deny,manual,3.55,
sleek-100ml-clear-18-415-reducer,100 ml Clear Sleek Reducer Bottle,SKU,GB-SLK-CLR-100ML-RDC-IVLT,GB-SLK-CLR-100ML-RDC-IVLT,shopify,1000,deny,manual,2.30,active
sleek-100ml-clear-18-415-reducer,,SKU,GB-SLK-CLR-100ML-RDC-PKLT,GB-SLK-CLR-100ML-RDC-PKLT,shopify,1000,deny,manual,2.30,
sleek-100ml-clear-18-415-reducer,,SKU,GB-SLK-CLR-100ML-RDC-SGLD,GB-SLK-CLR-100ML-RDC-SGLD,shopify,1000,deny,manual,2.02,
sleek-100ml-clear-18-415-reducer,,SKU,GB-SLK-CLR-100ML-RDC-SBLK-T,GB-SLK-CLR-100ML-RDC-SBLK-T,shopify,1000,deny,manual,2.02,
sleek-100ml-clear-18-415-reducer,,SKU,GB-SLK-CLR-100ML-RDC-SBLK,GB-SLK-CLR-100ML-RDC-SBLK,shopify,1000,deny,manual,2.02,
sleek-100ml-clear-18-415-reducer,,SKU,GB-SLK-CLR-100ML-RDC-BRLT,GB-SLK-CLR-100ML-RDC-BRLT,shopify,1000,deny,manual,2.30,
sleek-100ml-clear-18-415-reducer,,SKU,GB-SLK-CLR-100ML-RDC-LBLT,GB-SLK-CLR-100ML-RDC-LBLT,shopify,1000,deny,manual,2.30,
sleek-100ml-clear-18-415-reducer,,SKU,GB-SLK-CLR-100ML-RDC-SSLV,GB-SLK-CLR-100ML-RDC-SSLV,shopify,1000,deny,manual,2.02,
sleek-100ml-clear-18-415-reducer,,SKU,GB-SLK-CLR-100ML-RDC-MSLV-T,GB-SLK-CLR-100ML-RDC-MSLV-T,shopify,1000,deny,manual,2.02,
sleek-100ml-clear-18-415-reducer,,SKU,GB-SLK-CLR-100ML-RDC-MSLV,GB-SLK-CLR-100ML-RDC-MSLV,shopify,1000,deny,manual,2.02,
sleek-100ml-clear-18-415-reducer,,SKU,GB-SLK-CLR-100ML-RDC-WHT,GB-SLK-CLR-100ML-RDC-WHT,shopify,1000,deny,manual,2.02,
sleek-100ml-clear-18-415-reducer,,SKU,GB-SLK-CLR-100ML-RDC-BKLT,GB-SLK-CLR-100ML-RDC-BKLT,shopify,1000,deny,manual,2.30,
sleek-100ml-clear-18-415-reducer,,SKU,GB-SLK-CLR-100ML-RDC-MSLV-01,GB-SLK-CLR-100ML-RDC-MSLV-01,,0,deny,manual,2.02,
sleek-100ml-clear-18-415-reducer,,SKU,GB-SLK-CLR-100ML-RDC-SBLK-01,GB-SLK-CLR-100ML-RDC-SBLK-01,,0,deny,manual,2.02,
circle-30ml-clear-15-415,30 ml Clear Circle Bottle with Cap,SKU,GB-CIR-CLR-30ML-GLD-T,GB-CIR-CLR-30ML-GLD-T,shopify,1000,deny,manual,1.40,active
circle-30ml-clear-15-415,,SKU,GB-CIR-CLR-30ML-SLV-T,GB-CIR-CLR-30ML-SLV-T,shopify,1000,deny,manual,1.40,
cylinder-100ml-clear-18-415-perfumespray,100 ml Clear Cylinder Bottle,SKU,GB-CYL-CLR-100ML-SPR-CPR,GB-CYL-CLR-100ML-SPR-CPR,shopify,1000,deny,manual,3.05,active
cylinder-100ml-clear-18-415-perfumespray,,SKU,GB-CYL-CLR-100ML-SPR-MGLD,GB-CYL-CLR-100ML-SPR-MGLD,shopify,1000,deny,manual,3.05,
cylinder-100ml-clear-18-415-perfumespray,,SKU,GB-CYL-CLR-100ML-SPR-SGLD,GB-CYL-CLR-100ML-SPR-SGLD,shopify,1000,deny,manual,3.05,
cylinder-100ml-clear-18-415-perfumespray,,SKU,GB-CYL-CLR-100ML-SPR-SBLK,GB-CYL-CLR-100ML-SPR-SBLK,shopify,1000,deny,manual,3.05,
cylinder-100ml-clear-18-415-perfumespray,,SKU,GB-CYL-CLR-100ML-SPR-MSLV,GB-CYL-CLR-100ML-SPR-MSLV,shopify,1000,deny,manual,3.05,
cylinder-100ml-clear-18-415-perfumespray,,SKU,GB-CYL-CLR-100ML-SPR-SSLV,GB-CYL-CLR-100ML-SPR-SSLV,shopify,1000,deny,manual,3.05,
cylinder-5ml-clear-13-415-rollon,5 ml Clear Cylinder Roll-On Bottle,SKU,GB-CYL-CLR-5ML-MRL-SBLK,GB-CYL-CLR-5ML-MRL-SBLK,shopify,1000,deny,manual,0.61,active
cylinder-5ml-clear-13-415-rollon,,SKU,GB-CYL-CLR-5ML-MRL-MCPR,GB-CYL-CLR-5ML-MRL-MCPR,shopify,1000,deny,manual,0.61,
cylinder-5ml-clear-13-415-rollon,,SKU,GB-CYL-CLR-5ML-MRL-MGLD,GB-CYL-CLR-5ML-MRL-MGLD,shopify,1000,deny,manual,0.61,
cylinder-5ml-clear-13-415-rollon,,SKU,GB-CYL-CLR-5ML-MRL-SGLD,GB-CYL-CLR-5ML-MRL-SGLD,shopify,1000,deny,manual,0.61,
cylinder-5ml-clear-13-415-rollon,,SKU,GB-CYL-CLR-5ML-MRL-PKDT,GB-CYL-CLR-5ML-MRL-PKDT,shopify,1000,deny,manual,0.68,
cylinder-5ml-clear-13-415-rollon,,SKU,GB-CYL-CLR-5ML-MRL-SLDT,GB-CYL-CLR-5ML-MRL-SLDT,shopify,1000,deny,manual,0.68,
cylinder-5ml-clear-13-415-rollon,,SKU,GB-CYL-CLR-5ML-MRL-MSLV,GB-CYL-CLR-5ML-MRL-MSLV,shopify,1000,deny,manual,0.61,
cylinder-5ml-clear-13-415-rollon,,SKU,GB-CYL-CLR-5ML-MRL-SSLV,GB-CYL-CLR-5ML-MRL-SSLV,shopify,1000,deny,manual,0.61,
cylinder-5ml-clear-13-415-rollon,,SKU,GB-CYL-CLR-5ML-ROL-BKDT,GB-CYL-CLR-5ML-ROL-BKDT,shopify,1000,deny,manual,0.60,
cylinder-5ml-clear-13-415-rollon,,SKU,GB-CYL-CLR-5ML-ROL-SSLV,GB-CYL-CLR-5ML-ROL-SSLV,shopify,1000,deny,manual,0.53,
cylinder-5ml-clear-13-415-rollon,,SKU,GB-CYL-CLR-5ML-ROL-SBLK,GB-CYL-CLR-5ML-ROL-SBLK,shopify,1000,deny,manual,0.53,
cylinder-5ml-clear-13-415-rollon,,SKU,GB-CYL-CLR-5ML-ROL-SGLD,GB-CYL-CLR-5ML-ROL-SGLD,shopify,1000,deny,manual,0.53,
cylinder-5ml-clear-13-415-rollon,,SKU,GB-CYL-CLR-5ML-ROL-SLDT,GB-CYL-CLR-5ML-ROL-SLDT,shopify,1000,deny,manual,0.60,
cylinder-5ml-clear-13-415-rollon,,SKU,GB-CYL-CLR-5ML-ROL-PKDT,GB-CYL-CLR-5ML-ROL-PKDT,shopify,1000,deny,manual,0.60,
cylinder-5ml-clear-13-415-rollon,,SKU,GB-CYL-CLR-5ML-ROL-MCPR,GB-CYL-CLR-5ML-ROL-MCPR,shopify,1000,deny,manual,0.53,
cylinder-5ml-clear-13-415-rollon,,SKU,GB-CYL-CLR-5ML-ROL-MGLD,GB-CYL-CLR-5ML-ROL-MGLD,shopify,1000,deny,manual,0.53,
cylinder-5ml-clear-13-415-rollon,,SKU,GB-CYL-CLR-5ML-ROL-MSLV,GB-CYL-CLR-5ML-ROL-MSLV,shopify,1000,deny,manual,0.53,
cylinder-5ml-clear-13-415-rollon,,SKU,GB-CYL-CLR-5ML-MRL-BKDT,GB-CYL-CLR-5ML-MRL-BKDT,shopify,1000,deny,manual,0.68,
elegant-60ml-frosted-18-415-antiquespray,60 ml Frosted Elegant Vintage Bulb Spray Bottle,SKU,GB-ELG-FRS-60ML-ASP-GLD,GB-ELG-FRS-60ML-ASP-GLD,shopify,1000,deny,manual,6.10,active
elegant-60ml-frosted-18-415-antiquespray,,SKU,GB-ELG-FRS-60ML-ASP-IVGD,GB-ELG-FRS-60ML-ASP-IVGD,shopify,1000,deny,manual,6.10,
elegant-60ml-frosted-18-415-antiquespray,,SKU,GB-ELG-FRS-60ML-ASP-IVSL,GB-ELG-FRS-60ML-ASP-IVSL,shopify,1000,deny,manual,6.10,
elegant-60ml-frosted-18-415-antiquespray,,SKU,GB-ELG-FRS-60ML-ASP-LVN,GB-ELG-FRS-60ML-ASP-LVN,shopify,1000,deny,manual,6.10,
elegant-60ml-frosted-18-415-antiquespray,,SKU,GB-ELG-FRS-60ML-ASP-PNK,GB-ELG-FRS-60ML-ASP-PNK,shopify,1000,deny,manual,6.10,
elegant-60ml-frosted-18-415-antiquespray,,SKU,GB-ELG-FRS-60ML-ASP-RED,GB-ELG-FRS-60ML-ASP-RED,shopify,1000,deny,manual,6.10,
elegant-60ml-frosted-18-415-antiquespray,,SKU,GB-ELG-FRS-60ML-ASP-MSLV,GB-ELG-FRS-60ML-ASP-MSLV,shopify,1000,deny,manual,6.10,
elegant-60ml-frosted-18-415-antiquespray,,SKU,GB-ELG-FRS-60ML-ASP-WHT-02,GB-ELG-FRS-60ML-ASP-WHT-02,shopify,1000,deny,manual,6.10,
elegant-60ml-frosted-18-415-antiquespray,,SKU,GB-ELG-FRS-60ML-ASP-BLK,GB-ELG-FRS-60ML-ASP-BLK,shopify,1000,deny,manual,6.10,
diva-100ml-clear-18-415-perfumespray,100 ml Clear Diva Bottle,SKU,GB-DVA-CLR-100ML-SPR-CPR,GB-DVA-CLR-100ML-SPR-CPR,shopify,1000,deny,manual,3.45,active
diva-100ml-clear-18-415-perfumespray,,SKU,GB-DVA-CLR-100ML-SPR-MGLD,GB-DVA-CLR-100ML-SPR-MGLD,shopify,1000,deny,manual,3.45,
diva-100ml-clear-18-415-perfumespray,,SKU,GB-DVA-CLR-100ML-SPR-SGLD,GB-DVA-CLR-100ML-SPR-SGLD,shopify,1000,deny,manual,3.45,
diva-100ml-clear-18-415-perfumespray,,SKU,GB-DVA-CLR-100ML-SPR-SBLK,GB-DVA-CLR-100ML-SPR-SBLK,shopify,1000,deny,manual,3.45,
diva-100ml-clear-18-415-perfumespray,,SKU,GB-DVA-CLR-100ML-SPR-MSLV,GB-DVA-CLR-100ML-SPR-MSLV,shopify,1000,deny,manual,3.45,
diva-100ml-clear-18-415-perfumespray,,SKU,GB-DVA-CLR-100ML-SPR-SSLV,GB-DVA-CLR-100ML-SPR-SSLV,shopify,1000,deny,manual,3.45,
diva-30ml-clear-18-415-reducer,30 ml Clear Diva Reducer Bottle,SKU,GB-DVA-CLR-30ML-RDC-BKLT,GB-DVA-CLR-30ML-RDC-BKLT,shopify,1000,deny,manual,2.30,active
diva-30ml-clear-18-415-reducer,,SKU,GB-DVA-CLR-30ML-RDC-SGLD,GB-DVA-CLR-30ML-RDC-SGLD,shopify,1000,deny,manual,2.02,
diva-30ml-clear-18-415-reducer,,SKU,GB-DVA-CLR-30ML-RDC-SBLK-T,GB-DVA-CLR-30ML-RDC-SBLK-T,shopify,1000,deny,manual,2.02,
diva-30ml-clear-18-415-reducer,,SKU,GB-DVA-CLR-30ML-RDC-SBLK,GB-DVA-CLR-30ML-RDC-SBLK,shopify,1000,deny,manual,2.02,
diva-30ml-clear-18-415-reducer,,SKU,GB-DVA-CLR-30ML-RDC-BRLT,GB-DVA-CLR-30ML-RDC-BRLT,shopify,1000,deny,manual,2.30,
diva-30ml-clear-18-415-reducer,,SKU,GB-DVA-CLR-30ML-RDC-LBLT,GB-DVA-CLR-30ML-RDC-LBLT,shopify,1000,deny,manual,2.30,
diva-30ml-clear-18-415-reducer,,SKU,GB-DVA-CLR-30ML-RDC-SSLV,GB-DVA-CLR-30ML-RDC-SSLV,shopify,1000,deny,manual,2.02,
diva-30ml-clear-18-415-reducer,,SKU,GB-DVA-CLR-30ML-RDC-MSLV-T,GB-DVA-CLR-30ML-RDC-MSLV-T,shopify,1000,deny,manual,2.02,
diva-30ml-clear-18-415-reducer,,SKU,GB-DVA-CLR-30ML-RDC-MSLV,GB-DVA-CLR-30ML-RDC-MSLV,shopify,1000,deny,manual,2.02,
diva-30ml-clear-18-415-reducer,,SKU,GB-DVA-CLR-30ML-RDC-WHT,GB-DVA-CLR-30ML-RDC-WHT,shopify,1000,deny,manual,2.02,
diva-30ml-clear-18-415-reducer,,SKU,GB-DVA-CLR-30ML-RDC-PKLT,GB-DVA-CLR-30ML-RDC-PKLT,shopify,1000,deny,manual,2.30,
diva-30ml-clear-18-415-reducer,,SKU,GB-DVA-CLR-30ML-RDC-IVLT,GB-DVA-CLR-30ML-RDC-IVLT,shopify,1000,deny,manual,2.30,
diva-30ml-clear-18-415-reducer,,SKU,GB-DVA-CLR-30ML-RDC-MSLV-01,GB-DVA-CLR-30ML-RDC-MSLV-01,,0,deny,manual,2.02,
diva-30ml-clear-18-415-reducer,,SKU,GB-DVA-CLR-30ML-RDC-SBLK-01,GB-DVA-CLR-30ML-RDC-SBLK-01,,0,deny,manual,2.02,
elegant-100ml-clear-18-415-perfumespray,100 ml Clear Elegant Bottle,SKU,GB-ELG-CLR-100ML-SPR-CPR,GB-ELG-CLR-100ML-SPR-CPR,shopify,1000,deny,manual,3.30,active
elegant-100ml-clear-18-415-perfumespray,,SKU,GB-ELG-CLR-100ML-SPR-SBLK,GB-ELG-CLR-100ML-SPR-SBLK,shopify,1000,deny,manual,3.30,
elegant-100ml-clear-18-415-perfumespray,,SKU,GB-ELG-CLR-100ML-SPR-SGLD,GB-ELG-CLR-100ML-SPR-SGLD,shopify,1000,deny,manual,3.30,
elegant-100ml-clear-18-415-perfumespray,,SKU,GB-ELG-CLR-100ML-SPR-MGLD,GB-ELG-CLR-100ML-SPR-MGLD,shopify,1000,deny,manual,3.30,
elegant-100ml-clear-18-415-perfumespray,,SKU,GB-ELG-CLR-100ML-SPR-MSLV,GB-ELG-CLR-100ML-SPR-MSLV,shopify,1000,deny,manual,3.30,
elegant-100ml-clear-18-415-perfumespray,,SKU,GB-ELG-CLR-100ML-SPR-SSLV,GB-ELG-CLR-100ML-SPR-SSLV,shopify,1000,deny,manual,3.30,
boston-round-60ml-cobalt-blue-20-400-dropper,60 ml Cobalt Blue Boston Round Dropper Bottle,SKU,GB-BSR-CBL-60ML-BLK-T-02,GB-BSR-CBL-60ML-BLK-T-02,shopify,1000,deny,manual,0.90,active
boston-round-60ml-cobalt-blue-20-400-dropper,,SKU,GB-BSR-CBL-60ML-WHT-T-01,GB-BSR-CBL-60ML-WHT-T-01,shopify,1000,deny,manual,0.75,
boston-round-60ml-cobalt-blue-20-400-dropper,,SKU,GB-BSR-CBL-60ML-WHT-T-02,GB-BSR-CBL-60ML-WHT-T-02,shopify,1000,deny,manual,0.90,
boston-round-60ml-cobalt-blue-20-400-dropper,,SKU,GB-BSR-CBL-60ML-WHT-T-03,GB-BSR-CBL-60ML-WHT-T-03,shopify,1000,deny,manual,0.90,
boston-round-60ml-cobalt-blue-20-400-dropper,,SKU,GB-BSR-CBL-60ML-BLK-T-01,GB-BSR-CBL-60ML-BLK-T-01,shopify,1000,deny,manual,0.75,
elegant-100ml-frosted-18-415-perfumespray,100 ml Frosted Elegant Bottle,SKU,GB-ELG-FRS-100ML-SPR-CPR,GB-ELG-FRS-100ML-SPR-CPR,shopify,1000,deny,manual,3.80,active
elegant-100ml-frosted-18-415-perfumespray,,SKU,GB-ELG-FRS-100ML-SPR-SBLK,GB-ELG-FRS-100ML-SPR-SBLK,shopify,1000,deny,manual,3.80,
elegant-100ml-frosted-18-415-perfumespray,,SKU,GB-ELG-FRS-100ML-SPR-SGLD,GB-ELG-FRS-100ML-SPR-SGLD,shopify,1000,deny,manual,3.80,
elegant-100ml-frosted-18-415-perfumespray,,SKU,GB-ELG-FRS-100ML-SPR-MSLV,GB-ELG-FRS-100ML-SPR-MSLV,shopify,1000,deny,manual,3.80,
elegant-100ml-frosted-18-415-perfumespray,,SKU,GB-ELG-FRS-100ML-SPR-SSLV,GB-ELG-FRS-100ML-SPR-SSLV,shopify,1000,deny,manual,3.80,
elegant-100ml-frosted-18-415-perfumespray,,SKU,GB-ELG-FRS-100ML-SPR-MGLD,GB-ELG-FRS-100ML-SPR-MGLD,shopify,1000,deny,manual,3.80,
elegant-30ml-clear-15-415,30 ml Clear Elegant Bottle with Cap,SKU,GB-ELG-CLR-30ML-SGLD-T,GB-ELG-CLR-30ML-SGLD-T,shopify,1000,deny,manual,1.90,active
elegant-30ml-clear-15-415,,SKU,GB-ELG-CLR-30ML-SLV-T,GB-ELG-CLR-30ML-SLV-T,shopify,1000,deny,manual,1.90,
empire-100ml-clear-18-415-perfumespray,100 ml Clear Empire Bottle,SKU,GB-EMP-CLR-100ML-SPR-CPR,GB-EMP-CLR-100ML-SPR-CPR,shopify,1000,deny,manual,3.50,active
empire-100ml-clear-18-415-perfumespray,,SKU,GB-EMP-CLR-100ML-SPR-MGLD,GB-EMP-CLR-100ML-SPR-MGLD,shopify,1000,deny,manual,3.50,
empire-100ml-clear-18-415-perfumespray,,SKU,GB-EMP-CLR-100ML-SPR-SGLD,GB-EMP-CLR-100ML-SPR-SGLD,shopify,1000,deny,manual,3.50,
empire-100ml-clear-18-415-perfumespray,,SKU,GB-EMP-CLR-100ML-SPR-SBLK,GB-EMP-CLR-100ML-SPR-SBLK,shopify,1000,deny,manual,3.50,
empire-100ml-clear-18-415-perfumespray,,SKU,GB-EMP-CLR-100ML-SPR-MSLV,GB-EMP-CLR-100ML-SPR-MSLV,shopify,1000,deny,manual,3.50,
empire-100ml-clear-18-415-perfumespray,,SKU,GB-EMP-CLR-100ML-SPR-SSLV,GB-EMP-CLR-100ML-SPR-SSLV,shopify,1000,deny,manual,3.50,
lotion-pump-18-415,Lotion Pump — Thread 18-415,SKU,CMP-LPM-MTGD-18-415-07,CMP-LPM-MTGD-18-415-07,shopify,1000,deny,manual,1.40,active
lotion-pump-18-415,,SKU,CMP-LPM-SGLD-18-415,CMP-LPM-SGLD-18-415,shopify,1000,deny,manual,1.40,
lotion-pump-18-415,,SKU,CMP-LPM-SBLK-18-415,CMP-LPM-SBLK-18-415,shopify,1000,deny,manual,1.40,
lotion-pump-18-415,,SKU,CMP-LPM-MTSL-18-415-06,CMP-LPM-MTSL-18-415-06,shopify,1000,deny,manual,1.40,
lotion-pump-18-415,,SKU,CMP-LPM-MSLV-18-415-02,CMP-LPM-MSLV-18-415-02,shopify,1000,deny,manual,1.40,
lotion-pump-18-415,,SKU,CMP-LPM-SSLV-18-415,CMP-LPM-SSLV-18-415,shopify,1000,deny,manual,1.40,
lotion-pump-18-415,,SKU,CMP-LPM-MTCP-18-415-05,CMP-LPM-MTCP-18-415-05,shopify,1000,deny,manual,1.40,
lotion-pump-18-415,,SKU,CMP-LPM-CPR-18-415,CMP-LPM-CPR-18-415,,0,deny,manual,1.40,
lotion-pump-18-415,,SKU,CMP-LPM-MGLD-18-415,CMP-LPM-MGLD-18-415,,0,deny,manual,1.40,
lotion-pump-18-415,,SKU,CMP-LPM-MSLV-18-415-01,CMP-LPM-MSLV-18-415-01,,0,deny,manual,1.40,
elegant-30ml-frosted-15-415,30 ml Frosted Elegant Bottle with Cap,SKU,GB-ELG-FRS-30ML-GLD-T,GB-ELG-FRS-30ML-GLD-T,shopify,1000,deny,manual,1.90,active
elegant-30ml-frosted-15-415,,SKU,GB-ELG-FRS-30ML-SLV-T,GB-ELG-FRS-30ML-SLV-T,shopify,1000,deny,manual,1.90,
sleek-100ml-clear-18-415-perfumespray,100 ml Clear Sleek Bottle,SKU,GB-SLK-CLR-100ML-SPR-CPR,GB-SLK-CLR-100ML-SPR-CPR,shopify,1000,deny,manual,3.05,active
sleek-100ml-clear-18-415-perfumespray,,SKU,GB-SLK-CLR-100ML-SPR-SBLK,GB-SLK-CLR-100ML-SPR-SBLK,shopify,1000,deny,manual,3.05,
sleek-100ml-clear-18-415-perfumespray,,SKU,GB-SLK-CLR-100ML-SPR-SGLD,GB-SLK-CLR-100ML-SPR-SGLD,shopify,1000,deny,manual,3.05,
sleek-100ml-clear-18-415-perfumespray,,SKU,GB-SLK-CLR-100ML-SPR-MGLD,GB-SLK-CLR-100ML-SPR-MGLD,shopify,1000,deny,manual,3.05,
sleek-100ml-clear-18-415-perfumespray,,SKU,GB-SLK-CLR-100ML-SPR-MSLV,GB-SLK-CLR-100ML-SPR-MSLV,shopify,1000,deny,manual,3.05,
sleek-100ml-clear-18-415-perfumespray,,SKU,GB-SLK-CLR-100ML-SPR-SSLV,GB-SLK-CLR-100ML-SPR-SSLV,shopify,1000,deny,manual,3.05,
sleek-30ml-clear-18-415-reducer,30 ml Clear Sleek Reducer Bottle,SKU,GB-SLK-CLR-30ML-RDC-BKLT,GB-SLK-CLR-30ML-RDC-BKLT,shopify,1000,deny,manual,1.80,active
sleek-30ml-clear-18-415-reducer,,SKU,GB-SLK-CLR-30ML-RDC-IVLT,GB-SLK-CLR-30ML-RDC-IVLT,shopify,1000,deny,manual,1.80,
sleek-30ml-clear-18-415-reducer,,SKU,GB-SLK-CLR-30ML-RDC-PKLT,GB-SLK-CLR-30ML-RDC-PKLT,shopify,1000,deny,manual,1.80,
sleek-30ml-clear-18-415-reducer,,SKU,GB-SLK-CLR-30ML-RDC-SGLD,GB-SLK-CLR-30ML-RDC-SGLD,shopify,1000,deny,manual,1.52,
sleek-30ml-clear-18-415-reducer,,SKU,GB-SLK-CLR-30ML-RDC-SBLK-T,GB-SLK-CLR-30ML-RDC-SBLK-T,shopify,1000,deny,manual,1.52,
sleek-30ml-clear-18-415-reducer,,SKU,GB-SLK-CLR-30ML-RDC-SBLK,GB-SLK-CLR-30ML-RDC-SBLK,shopify,1000,deny,manual,1.52,
sleek-30ml-clear-18-415-reducer,,SKU,GB-SLK-CLR-30ML-RDC-BRLT,GB-SLK-CLR-30ML-RDC-BRLT,shopify,1000,deny,manual,1.80,
sleek-30ml-clear-18-415-reducer,,SKU,GB-SLK-CLR-30ML-RDC-LBLT,GB-SLK-CLR-30ML-RDC-LBLT,shopify,1000,deny,manual,1.80,
sleek-30ml-clear-18-415-reducer,,SKU,GB-SLK-CLR-30ML-RDC-SSLV,GB-SLK-CLR-30ML-RDC-SSLV,shopify,1000,deny,manual,1.52,
sleek-30ml-clear-18-415-reducer,,SKU,GB-SLK-CLR-30ML-RDC-MSLV-T,GB-SLK-CLR-30ML-RDC-MSLV-T,shopify,1000,deny,manual,1.52,
sleek-30ml-clear-18-415-reducer,,SKU,GB-SLK-CLR-30ML-RDC-MSLV,GB-SLK-CLR-30ML-RDC-MSLV,shopify,1000,deny,manual,1.52,
sleek-30ml-clear-18-415-reducer,,SKU,GB-SLK-CLR-30ML-RDC-WHT,GB-SLK-CLR-30ML-RDC-WHT,shopify,1000,deny,manual,1.52,
sleek-30ml-clear-18-415-reducer,,SKU,GB-SLK-CLR-30ML-RDC-MSLV-01,GB-SLK-CLR-30ML-RDC-MSLV-01,,0,deny,manual,1.52,
sleek-30ml-clear-18-415-reducer,,SKU,GB-SLK-CLR-30ML-RDC-SBLK-01,GB-SLK-CLR-30ML-RDC-SBLK-01,,0,deny,manual,1.52,
slim-100ml-clear-18-415-perfumespray,100 ml Clear Slim Bottle,SKU,GB-SLM-CLR-100ML-SPR-CPR,GB-SLM-CLR-100ML-SPR-CPR,shopify,1000,deny,manual,3.05,active
slim-100ml-clear-18-415-perfumespray,,SKU,GB-SLM-CLR-100ML-SPR-SSLV,GB-SLM-CLR-100ML-SPR-SSLV,shopify,1000,deny,manual,3.05,
slim-100ml-clear-18-415-perfumespray,,SKU,GB-SLM-CLR-100ML-SPR-SGLD,GB-SLM-CLR-100ML-SPR-SGLD,shopify,1000,deny,manual,3.05,
slim-100ml-clear-18-415-perfumespray,,SKU,GB-SLM-CLR-100ML-SPR-MSLV,GB-SLM-CLR-100ML-SPR-MSLV,shopify,1000,deny,manual,3.05,
slim-100ml-clear-18-415-perfumespray,,SKU,GB-SLM-CLR-100ML-SPR-MGLD,GB-SLM-CLR-100ML-SPR-MGLD,shopify,1000,deny,manual,3.05,
slim-100ml-clear-18-415-perfumespray,,SKU,GB-SLM-CLR-100ML-SPR-SBLK,GB-SLM-CLR-100ML-SPR-SBLK,shopify,1000,deny,manual,3.05,
elegant-60ml-clear-18-415-dropper,60 ml Clear Elegant Dropper Bottle,SKU,GB-ELG-CLR-60ML-DRP-SLV,GB-ELG-CLR-60ML-DRP-SLV,shopify,1000,deny,manual,1.90,active
elegant-60ml-clear-18-415-dropper,,SKU,GB-ELG-CLR-60ML-DRP-GLD,GB-ELG-CLR-60ML-DRP-GLD,shopify,1000,deny,manual,1.90,
elegant-60ml-clear-18-415-dropper,,SKU,GB-ELG-CLR-60ML-DRP-CPR,GB-ELG-CLR-60ML-DRP-CPR,shopify,1000,deny,manual,1.90,
slim-30ml-clear-18-415-reducer,30 ml Clear Slim Reducer Bottle,SKU,GB-SLM-CLR-30ML-RDC-BKLT,GB-SLM-CLR-30ML-RDC-BKLT,shopify,1000,deny,manual,1.75,active
slim-30ml-clear-18-415-reducer,,SKU,GB-SLM-CLR-30ML-RDC-SGLD,GB-SLM-CLR-30ML-RDC-SGLD,shopify,1000,deny,manual,1.47,
slim-30ml-clear-18-415-reducer,,SKU,GB-SLM-CLR-30ML-RDC-SBLK-T,GB-SLM-CLR-30ML-RDC-SBLK-T,shopify,1000,deny,manual,1.47,
slim-30ml-clear-18-415-reducer,,SKU,GB-SLM-CLR-30ML-RDC-SBLK,GB-SLM-CLR-30ML-RDC-SBLK,shopify,1000,deny,manual,1.47,
slim-30ml-clear-18-415-reducer,,SKU,GB-SLM-CLR-30ML-RDC-BRLT,GB-SLM-CLR-30ML-RDC-BRLT,shopify,1000,deny,manual,1.75,
slim-30ml-clear-18-415-reducer,,SKU,GB-SLM-CLR-30ML-RDC-LBLT,GB-SLM-CLR-30ML-RDC-LBLT,shopify,1000,deny,manual,1.75,
slim-30ml-clear-18-415-reducer,,SKU,GB-SLM-CLR-30ML-RDC-SSLV,GB-SLM-CLR-30ML-RDC-SSLV,shopify,1000,deny,manual,1.47,
slim-30ml-clear-18-415-reducer,,SKU,GB-SLM-CLR-30ML-RDC-MSLV-T,GB-SLM-CLR-30ML-RDC-MSLV-T,shopify,1000,deny,manual,1.47,
slim-30ml-clear-18-415-reducer,,SKU,GB-SLM-CLR-30ML-RDC-MSLV,GB-SLM-CLR-30ML-RDC-MSLV,shopify,1000,deny,manual,1.47,
slim-30ml-clear-18-415-reducer,,SKU,GB-SLM-CLR-30ML-RDC-WHT,GB-SLM-CLR-30ML-RDC-WHT,shopify,1000,deny,manual,1.47,
slim-30ml-clear-18-415-reducer,,SKU,GB-SLM-CLR-30ML-RDC-PKLT,GB-SLM-CLR-30ML-RDC-PKLT,shopify,1000,deny,manual,1.75,
slim-30ml-clear-18-415-reducer,,SKU,GB-SLM-CLR-30ML-RDC-IVLT,GB-SLM-CLR-30ML-RDC-IVLT,shopify,1000,deny,manual,1.75,
slim-30ml-clear-18-415-reducer,,SKU,GB-SLM-CLR-30ML-RDC-MSLV-01,GB-SLM-CLR-30ML-RDC-MSLV-01,,0,deny,manual,1.47,
slim-30ml-clear-18-415-reducer,,SKU,GB-SLM-CLR-30ML-RDC-SBLK-01,GB-SLM-CLR-30ML-RDC-SBLK-01,,0,deny,manual,1.47,
round-128ml-clear-18-415-perfumespray,128 ml Clear Round Bottle,SKU,GB-RND-CLR-128ML-SPR-CPR,GB-RND-CLR-128ML-SPR-CPR,shopify,1000,deny,manual,3.05,active
round-128ml-clear-18-415-perfumespray,,SKU,GB-RND-CLR-128ML-SPR-MGLD,GB-RND-CLR-128ML-SPR-MGLD,shopify,1000,deny,manual,3.05,
round-128ml-clear-18-415-perfumespray,,SKU,GB-RND-CLR-128ML-SPR-SGLD,GB-RND-CLR-128ML-SPR-SGLD,shopify,1000,deny,manual,3.05,
round-128ml-clear-18-415-perfumespray,,SKU,GB-RND-CLR-128ML-SPR-SBLK,GB-RND-CLR-128ML-SPR-SBLK,shopify,1000,deny,manual,3.05,
round-128ml-clear-18-415-perfumespray,,SKU,GB-RND-CLR-128ML-SPR-MSLV,GB-RND-CLR-128ML-SPR-MSLV,shopify,1000,deny,manual,3.05,
round-128ml-clear-18-415-perfumespray,,SKU,GB-RND-CLR-128ML-SPR-SSLV,GB-RND-CLR-128ML-SPR-SSLV,shopify,1000,deny,manual,3.05,
diva-46ml-clear-18-415-reducer,46 ml Clear Diva Reducer Bottle,SKU,GB-DVA-CLR-46ML-RDC-BKLT,GB-DVA-CLR-46ML-RDC-BKLT,shopify,1000,deny,manual,2.50,active
diva-46ml-clear-18-415-reducer,,SKU,GB-DVA-CLR-46ML-RDC-SGLD,GB-DVA-CLR-46ML-RDC-SGLD,shopify,1000,deny,manual,2.22,
diva-46ml-clear-18-415-reducer,,SKU,GB-DVA-CLR-46ML-RDC-SBLK-T,GB-DVA-CLR-46ML-RDC-SBLK-T,shopify,1000,deny,manual,2.22,
diva-46ml-clear-18-415-reducer,,SKU,GB-DVA-CLR-46ML-RDC-SBLK,GB-DVA-CLR-46ML-RDC-SBLK,shopify,1000,deny,manual,2.22,
diva-46ml-clear-18-415-reducer,,SKU,GB-DVA-CLR-46ML-RDC-BRLT,GB-DVA-CLR-46ML-RDC-BRLT,shopify,1000,deny,manual,2.50,
diva-46ml-clear-18-415-reducer,,SKU,GB-DVA-CLR-46ML-RDC-LBLT,GB-DVA-CLR-46ML-RDC-LBLT,shopify,1000,deny,manual,2.50,
diva-46ml-clear-18-415-reducer,,SKU,GB-DVA-CLR-46ML-RDC-SSLV,GB-DVA-CLR-46ML-RDC-SSLV,shopify,1000,deny,manual,2.22,
diva-46ml-clear-18-415-reducer,,SKU,GB-DVA-CLR-46ML-RDC-MSLV-T,GB-DVA-CLR-46ML-RDC-MSLV-T,shopify,1000,deny,manual,2.22,
diva-46ml-clear-18-415-reducer,,SKU,GB-DVA-CLR-46ML-RDC-MSLV,GB-DVA-CLR-46ML-RDC-MSLV,shopify,1000,deny,manual,2.22,
diva-46ml-clear-18-415-reducer,,SKU,GB-DVA-CLR-46ML-RDC-WHT,GB-DVA-CLR-46ML-RDC-WHT,shopify,1000,deny,manual,2.22,
diva-46ml-clear-18-415-reducer,,SKU,GB-DVA-CLR-46ML-RDC-PKLT,GB-DVA-CLR-46ML-RDC-PKLT,shopify,1000,deny,manual,2.50,
diva-46ml-clear-18-415-reducer,,SKU,GB-DVA-CLR-46ML-RDC-IVLT,GB-DVA-CLR-46ML-RDC-IVLT,shopify,1000,deny,manual,2.50,
diva-46ml-clear-18-415-reducer,,SKU,GB-DVA-CLR-46ML-RDC-MSLV-01,GB-DVA-CLR-46ML-RDC-MSLV-01,,0,deny,manual,2.22,
diva-46ml-clear-18-415-reducer,,SKU,GB-DVA-CLR-46ML-RDC-SBLK-01,GB-DVA-CLR-46ML-RDC-SBLK-01,,0,deny,manual,2.22,
round-128ml-frosted-18-415-perfumespray,128 ml Frosted Round Bottle,SKU,GB-RND-FRS-128ML-SPR-CPR,GB-RND-FRS-128ML-SPR-CPR,shopify,1000,deny,manual,3.55,active
round-128ml-frosted-18-415-perfumespray,,SKU,GB-RND-FRS-128ML-SPR-MGLD,GB-RND-FRS-128ML-SPR-MGLD,shopify,1000,deny,manual,3.55,
round-128ml-frosted-18-415-perfumespray,,SKU,GB-RND-FRS-128ML-SPR-MSLV,GB-RND-FRS-128ML-SPR-MSLV,shopify,1000,deny,manual,3.55,
round-128ml-frosted-18-415-perfumespray,,SKU,GB-RND-FRS-128ML-SPR-SGLD,GB-RND-FRS-128ML-SPR-SGLD,shopify,1000,deny,manual,3.55,
round-128ml-frosted-18-415-perfumespray,,SKU,GB-RND-FRS-128ML-SPR-SBLK,GB-RND-FRS-128ML-SPR-SBLK,shopify,1000,deny,manual,3.55,
round-128ml-frosted-18-415-perfumespray,,SKU,GB-RND-FRS-128ML-SPR-SSLV,GB-RND-FRS-128ML-SPR-SSLV,shopify,1000,deny,manual,3.55,
elegant-60ml-frosted-18-415-dropper,60 ml Frosted Elegant Dropper Bottle,SKU,GB-ELG-FRS-60ML-DRP-SLV,GB-ELG-FRS-60ML-DRP-SLV,shopify,1000,deny,manual,2.40,active
elegant-60ml-frosted-18-415-dropper,,SKU,GB-ELG-FRS-60ML-DRP-GLD,GB-ELG-FRS-60ML-DRP-GLD,shopify,1000,deny,manual,2.40,
elegant-60ml-frosted-18-415-dropper,,SKU,GB-ELG-FRS-60ML-DRP-CPR,GB-ELG-FRS-60ML-DRP-CPR,shopify,1000,deny,manual,2.40,
elegant-60ml-frosted-18-415-antiquespray-tassel,60 ml Frosted Elegant Vintage Bulb Spray Bottle with Tassel,SKU,GB-ELG-FRS-60ML-AST-GLD,GB-ELG-FRS-60ML-AST-GLD,shopify,1000,deny,manual,6.85,active
elegant-60ml-frosted-18-415-antiquespray-tassel,,SKU,GB-ELG-FRS-60ML-AST-IVGD,GB-ELG-FRS-60ML-AST-IVGD,shopify,1000,deny,manual,6.85,
elegant-60ml-frosted-18-415-antiquespray-tassel,,SKU,GB-ELG-FRS-60ML-AST-LVN,GB-ELG-FRS-60ML-AST-LVN,shopify,1000,deny,manual,6.85,
elegant-60ml-frosted-18-415-antiquespray-tassel,,SKU,GB-ELG-FRS-60ML-AST-PNK,GB-ELG-FRS-60ML-AST-PNK,shopify,1000,deny,manual,6.85,
elegant-60ml-frosted-18-415-antiquespray-tassel,,SKU,GB-ELG-FRS-60ML-AST-IVSL,GB-ELG-FRS-60ML-AST-IVSL,shopify,1000,deny,manual,6.85,
elegant-60ml-frosted-18-415-antiquespray-tassel,,SKU,GB-ELG-FRS-60ML-AST-RED,GB-ELG-FRS-60ML-AST-RED,shopify,1000,deny,manual,6.85,
elegant-60ml-frosted-18-415-antiquespray-tassel,,SKU,GB-ELG-FRS-60ML-AST-WHT,GB-ELG-FRS-60ML-AST-WHT,shopify,1000,deny,manual,6.85,
elegant-60ml-frosted-18-415-antiquespray-tassel,,SKU,GB-ELG-FRS-60ML-AST-MSLV,GB-ELG-FRS-60ML-AST-MSLV,shopify,1000,deny,manual,6.85,
elegant-60ml-frosted-18-415-antiquespray-tassel,,SKU,GB-ELG-FRS-60ML-AST-BLK,GB-ELG-FRS-60ML-AST-BLK,shopify,1000,deny,manual,6.85,
diva-46ml-frosted-18-415-reducer,46 ml Frosted Diva Reducer Bottle,SKU,GB-DVA-FRS-46ML-T-30,GB-DVA-FRS-46ML-T-30,shopify,1000,deny,manual,3.00,active
diva-46ml-frosted-18-415-reducer,,SKU,GB-DVA-FRS-46ML-T-39,GB-DVA-FRS-46ML-T-39,shopify,1000,deny,manual,2.72,
diva-46ml-frosted-18-415-reducer,,SKU,GB-DVA-FRS-46ML-T-38,GB-DVA-FRS-46ML-T-38,shopify,1000,deny,manual,2.72,
diva-46ml-frosted-18-415-reducer,,SKU,GB-DVA-FRS-46ML-T-37,GB-DVA-FRS-46ML-T-37,shopify,1000,deny,manual,2.72,
diva-46ml-frosted-18-415-reducer,,SKU,GB-DVA-FRS-46ML-T-31,GB-DVA-FRS-46ML-T-31,shopify,1000,deny,manual,3.00,
diva-46ml-frosted-18-415-reducer,,SKU,GB-DVA-FRS-46ML-T-33,GB-DVA-FRS-46ML-T-33,shopify,1000,deny,manual,3.00,
diva-46ml-frosted-18-415-reducer,,SKU,GB-DVA-FRS-46ML-T-40,GB-DVA-FRS-46ML-T-40,shopify,1000,deny,manual,2.72,
diva-46ml-frosted-18-415-reducer,,SKU,GB-DVA-FRS-46ML-T-35,GB-DVA-FRS-46ML-T-35,shopify,1000,deny,manual,2.72,
diva-46ml-frosted-18-415-reducer,,SKU,GB-DVA-FRS-46ML-T-34,GB-DVA-FRS-46ML-T-34,shopify,1000,deny,manual,2.72,
diva-46ml-frosted-18-415-reducer,,SKU,GB-DVA-FRS-46ML-T-41,GB-DVA-FRS-46ML-T-41,shopify,1000,deny,manual,2.72,
diva-46ml-frosted-18-415-reducer,,SKU,GB-DVA-FRS-46ML-T-36,GB-DVA-FRS-46ML-T-36,shopify,1000,deny,manual,3.00,
diva-46ml-frosted-18-415-reducer,,SKU,GB-DVA-FRS-46ML-T-32,GB-DVA-FRS-46ML-T-32,shopify,1000,deny,manual,3.00,
slim-100ml-clear-18-415-reducer,100 ml Clear Slim Reducer Bottle,SKU,GB-SLM-CLR-100ML-RDC-IVLT,GB-SLM-CLR-100ML-RDC-IVLT,shopify,1000,deny,manual,2.30,active
slim-100ml-clear-18-415-reducer,,SKU,GB-SLM-CLR-100ML-RDC-PKLT,GB-SLM-CLR-100ML-RDC-PKLT,shopify,1000,deny,manual,2.30,
slim-100ml-clear-18-415-reducer,,SKU,GB-SLM-CLR-100ML-RDC-SGLD,GB-SLM-CLR-100ML-RDC-SGLD,shopify,1000,deny,manual,2.02,
slim-100ml-clear-18-415-reducer,,SKU,GB-SLM-CLR-100ML-RDC-SBLK-T,GB-SLM-CLR-100ML-RDC-SBLK-T,shopify,1000,deny,manual,2.02,
slim-100ml-clear-18-415-reducer,,SKU,GB-SLM-CLR-100ML-RDC-SBLK,GB-SLM-CLR-100ML-RDC-SBLK,shopify,1000,deny,manual,2.02,
slim-100ml-clear-18-415-reducer,,SKU,GB-SLM-CLR-100ML-RDC-BRLT,GB-SLM-CLR-100ML-RDC-BRLT,shopify,1000,deny,manual,2.30,
slim-100ml-clear-18-415-reducer,,SKU,GB-SLM-CLR-100ML-RDC-LBLT,GB-SLM-CLR-100ML-RDC-LBLT,shopify,1000,deny,manual,2.30,
slim-100ml-clear-18-415-reducer,,SKU,GB-SLM-CLR-100ML-RDC-SSLV,GB-SLM-CLR-100ML-RDC-SSLV,shopify,1000,deny,manual,2.02,
slim-100ml-clear-18-415-reducer,,SKU,GB-SLM-CLR-100ML-RDC-MSLV-T,GB-SLM-CLR-100ML-RDC-MSLV-T,shopify,1000,deny,manual,2.02,
slim-100ml-clear-18-415-reducer,,SKU,GB-SLM-CLR-100ML-RDC-MSLV,GB-SLM-CLR-100ML-RDC-MSLV,shopify,1000,deny,manual,2.02,
slim-100ml-clear-18-415-reducer,,SKU,GB-SLM-CLR-100ML-RDC-WHT,GB-SLM-CLR-100ML-RDC-WHT,shopify,1000,deny,manual,2.02,
slim-100ml-clear-18-415-reducer,,SKU,GB-SLM-CLR-100ML-RDC-BKLT,GB-SLM-CLR-100ML-RDC-BKLT,shopify,1000,deny,manual,2.30,
slim-100ml-clear-18-415-reducer,,SKU,GB-SLM-CLR-100ML-RDC-MSLV-01,GB-SLM-CLR-100ML-RDC-MSLV-01,,0,deny,manual,2.02,
slim-100ml-clear-18-415-reducer,,SKU,GB-SLM-CLR-100ML-RDC-SBLK-01,GB-SLM-CLR-100ML-RDC-SBLK-01,,0,deny,manual,2.02,
circle-50ml-clear-18-415-reducer,50 ml Clear Circle Reducer Bottle,SKU,GB-CIR-CLR-50ML-RDC-BKLT,GB-CIR-CLR-50ML-RDC-BKLT,shopify,1000,deny,manual,1.85,active
circle-50ml-clear-18-415-reducer,,SKU,GB-CIR-CLR-50ML-RDC-SSLV,GB-CIR-CLR-50ML-RDC-SSLV,shopify,1000,deny,manual,1.57,
circle-50ml-clear-18-415-reducer,,SKU,GB-CIR-CLR-50ML-RDC-SGLD,GB-CIR-CLR-50ML-RDC-SGLD,shopify,1000,deny,manual,1.57,
circle-50ml-clear-18-415-reducer,,SKU,GB-CIR-CLR-50ML-RDC-IVLT,GB-CIR-CLR-50ML-RDC-IVLT,shopify,1000,deny,manual,1.85,
circle-50ml-clear-18-415-reducer,,SKU,GB-CIR-CLR-50ML-RDC-PKLT,GB-CIR-CLR-50ML-RDC-PKLT,shopify,1000,deny,manual,1.85,
circle-50ml-clear-18-415-reducer,,SKU,GB-CIR-CLR-50ML-RDC-SBLK-T,GB-CIR-CLR-50ML-RDC-SBLK-T,shopify,1000,deny,manual,1.57,
circle-50ml-clear-18-415-reducer,,SKU,GB-CIR-CLR-50ML-RDC-SBLK,GB-CIR-CLR-50ML-RDC-SBLK,shopify,1000,deny,manual,1.57,
circle-50ml-clear-18-415-reducer,,SKU,GB-CIR-CLR-50ML-RDC-BRLT,GB-CIR-CLR-50ML-RDC-BRLT,shopify,1000,deny,manual,1.85,
circle-50ml-clear-18-415-reducer,,SKU,GB-CIR-CLR-50ML-RDC-LBLT,GB-CIR-CLR-50ML-RDC-LBLT,shopify,1000,deny,manual,1.85,
circle-50ml-clear-18-415-reducer,,SKU,GB-CIR-CLR-50ML-RDC-MSLV-T,GB-CIR-CLR-50ML-RDC-MSLV-T,shopify,1000,deny,manual,1.57,
circle-50ml-clear-18-415-reducer,,SKU,GB-CIR-CLR-50ML-RDC-WHT,GB-CIR-CLR-50ML-RDC-WHT,shopify,1000,deny,manual,1.57,
circle-50ml-clear-18-415-reducer,,SKU,GB-CIR-CLR-50ML-RDC-MSLV,GB-CIR-CLR-50ML-RDC-MSLV,shopify,1000,deny,manual,1.57,
circle-50ml-clear-18-415-reducer,,SKU,GB-CIR-CLR-50ML-RDC-MSLV-01,GB-CIR-CLR-50ML-RDC-MSLV-01,,0,deny,manual,1.57,
circle-50ml-clear-18-415-reducer,,SKU,GB-CIR-CLR-50ML-RDC-SBLK-01,GB-CIR-CLR-50ML-RDC-SBLK-01,,0,deny,manual,1.57,
round-128ml-clear-18-415-dropper,128 ml Clear Round Dropper Bottle,SKU,GB-RND-CLR-128ML-DRP-SLV,GB-RND-CLR-128ML-DRP-SLV,shopify,1000,deny,manual,2.20,active
round-128ml-clear-18-415-dropper,,SKU,GB-RND-CLR-128ML-DRP-GLD,GB-RND-CLR-128ML-DRP-GLD,shopify,1000,deny,manual,2.20,
round-128ml-clear-18-415-dropper,,SKU,GB-RND-CLR-128ML-DRP-CPR,GB-RND-CLR-128ML-DRP-CPR,shopify,1000,deny,manual,2.20,
cap-closure-18-415,Cap & Closure — Thread 18-415,SKU,CMP-CAP-BRN-18415-LTR,CMP-CAP-BRN-18415-LTR,shopify,1000,deny,manual,0.55,active
cap-closure-18-415,,SKU,CMP-CAP-LBRN-18415-LTR,CMP-CAP-LBRN-18415-LTR,shopify,1000,deny,manual,0.55,
cap-closure-18-415,,SKU,CMP-CAP-IVY-18415-LTR,CMP-CAP-IVY-18415-LTR,shopify,1000,deny,manual,0.55,
cap-closure-18-415,,SKU,CMP-CAP-PNK-18415-LTR,CMP-CAP-PNK-18415-LTR,shopify,1000,deny,manual,0.55,
cap-closure-18-415,,SKU,CMP-CAP-SGLD-18415-S,CMP-CAP-SGLD-18415-S,shopify,1000,deny,manual,0.27,
cap-closure-18-415,,SKU,CMP-CAP-SBLK-18415-T,CMP-CAP-SBLK-18415-T,shopify,1000,deny,manual,0.27,
cap-closure-18-415,,SKU,CMP-CAP-SSLV-18415-S,CMP-CAP-SSLV-18415-S,shopify,1000,deny,manual,0.27,
cap-closure-18-415,,SKU,CMP-CAP-MSLV-18415-T,CMP-CAP-MSLV-18415-T,shopify,1000,deny,manual,0.27,
cap-closure-18-415,,SKU,CMP-CAP-WHT-18415-T,CMP-CAP-WHT-18415-T,shopify,1000,deny,manual,0.27,
cap-closure-18-415,,SKU,CMP-CAP-BLK-18415-LTR,CMP-CAP-BLK-18415-LTR,shopify,1000,deny,manual,0.55,
cap-closure-18-415,,SKU,CMP-CAP-MSLV-18415-S,CMP-CAP-MSLV-18415-S,shopify,1000,deny,manual,0.27,
circle-50ml-frosted-18-415-reducer,50 ml Frosted Circle Reducer Bottle,SKU,GB-CIR-FRS-50ML-RDC-BLK,GB-CIR-FRS-50ML-RDC-BLK,shopify,1000,deny,manual,2.35,active
circle-50ml-frosted-18-415-reducer,,SKU,GB-CIR-FRS-50ML-RDC-SGLD,GB-CIR-FRS-50ML-RDC-SGLD,shopify,1000,deny,manual,2.07,
circle-50ml-frosted-18-415-reducer,,SKU,GB-CIR-FRS-50ML-RDC-SBLK-T,GB-CIR-FRS-50ML-RDC-SBLK-T,shopify,1000,deny,manual,2.07,
circle-50ml-frosted-18-415-reducer,,SKU,GB-CIR-FRS-50ML-RDC-SBLK,GB-CIR-FRS-50ML-RDC-SBLK,shopify,1000,deny,manual,2.07,
circle-50ml-frosted-18-415-reducer,,SKU,GB-CIR-FRS-50ML-RDC-01,GB-CIR-FRS-50ML-RDC-01,shopify,1000,deny,manual,2.35,
circle-50ml-frosted-18-415-reducer,,SKU,GB-CIR-FRS-50ML-RDC-02,GB-CIR-FRS-50ML-RDC-02,shopify,1000,deny,manual,2.35,
circle-50ml-frosted-18-415-reducer,,SKU,GB-CIR-FRS-50ML-RDC-SSLV,GB-CIR-FRS-50ML-RDC-SSLV,shopify,1000,deny,manual,2.07,
circle-50ml-frosted-18-415-reducer,,SKU,GB-CIR-FRS-50ML-RDC-MSLV,GB-CIR-FRS-50ML-RDC-MSLV,shopify,1000,deny,manual,2.07,
circle-50ml-frosted-18-415-reducer,,SKU,GB-CIR-FRS-50ML-RDC-WHT,GB-CIR-FRS-50ML-RDC-WHT,shopify,1000,deny,manual,2.07,
circle-50ml-frosted-18-415-reducer,,SKU,GB-CIR-FRS-50ML-RDC-PNK,GB-CIR-FRS-50ML-RDC-PNK,shopify,1000,deny,manual,2.35,
circle-50ml-frosted-18-415-reducer,,SKU,GB-CIR-FRS-50ML-RDC-SBLK-01,GB-CIR-FRS-50ML-RDC-SBLK-01,,0,deny,manual,2.07,
diva-30ml-clear-18-415-antiquespray,30 ml Clear Diva Vintage Bulb Spray Bottle,SKU,GB-DVA-CLR-30ML-ASP-BLK,GB-DVA-CLR-30ML-ASP-BLK,shopify,1000,deny,manual,5.90,active
diva-30ml-clear-18-415-antiquespray,,SKU,GB-DVA-CLR-30ML-ASP-MSLV,GB-DVA-CLR-30ML-ASP-MSLV,shopify,1000,deny,manual,5.90,
diva-30ml-clear-18-415-antiquespray,,SKU,GB-DVA-CLR-30ML-ASP-WHT,GB-DVA-CLR-30ML-ASP-WHT,shopify,1000,deny,manual,5.90,
diva-30ml-clear-18-415-antiquespray,,SKU,GB-DVA-CLR-30ML-ASP-RED,GB-DVA-CLR-30ML-ASP-RED,shopify,1000,deny,manual,5.90,
diva-30ml-clear-18-415-antiquespray,,SKU,GB-DVA-CLR-30ML-ASP-GLD,GB-DVA-CLR-30ML-ASP-GLD,shopify,1000,deny,manual,5.90,
diva-30ml-clear-18-415-antiquespray,,SKU,GB-DVA-CLR-30ML-ASP-IVGD,GB-DVA-CLR-30ML-ASP-IVGD,shopify,1000,deny,manual,5.90,
diva-30ml-clear-18-415-antiquespray,,SKU,GB-DVA-CLR-30ML-ASP-IVSL,GB-DVA-CLR-30ML-ASP-IVSL,shopify,1000,deny,manual,5.90,
diva-30ml-clear-18-415-antiquespray,,SKU,GB-DVA-CLR-30ML-ASP-LVN,GB-DVA-CLR-30ML-ASP-LVN,shopify,1000,deny,manual,5.90,
diva-30ml-clear-18-415-antiquespray,,SKU,GB-DVA-CLR-30ML-ASP-PNK,GB-DVA-CLR-30ML-ASP-PNK,shopify,1000,deny,manual,5.90,
cylinder-50ml-clear-18-415-reducer,50 ml Clear Cylinder Reducer Bottle,SKU,GB-CYL-CLR-50ML-RDC-BKLT,GB-CYL-CLR-50ML-RDC-BKLT,shopify,1000,deny,manual,1.95,active
cylinder-50ml-clear-18-415-reducer,,SKU,GB-CYL-CLR-50ML-RDC-SGLD,GB-CYL-CLR-50ML-RDC-SGLD,shopify,1000,deny,manual,1.67,
cylinder-50ml-clear-18-415-reducer,,SKU,GB-CYL-CLR-50ML-RDC-SBLK-T,GB-CYL-CLR-50ML-RDC-SBLK-T,shopify,1000,deny,manual,1.67,
cylinder-50ml-clear-18-415-reducer,,SKU,GB-CYL-CLR-50ML-RDC-SBLK,GB-CYL-CLR-50ML-RDC-SBLK,shopify,1000,deny,manual,1.67,
cylinder-50ml-clear-18-415-reducer,,SKU,GB-CYL-CLR-50ML-RDC-BRLT,GB-CYL-CLR-50ML-RDC-BRLT,shopify,1000,deny,manual,1.95,
cylinder-50ml-clear-18-415-reducer,,SKU,GB-CYL-CLR-50ML-RDC-LBLT,GB-CYL-CLR-50ML-RDC-LBLT,shopify,1000,deny,manual,1.95,
cylinder-50ml-clear-18-415-reducer,,SKU,GB-CYL-CLR-50ML-RDC-SSLV,GB-CYL-CLR-50ML-RDC-SSLV,shopify,1000,deny,manual,1.67,
cylinder-50ml-clear-18-415-reducer,,SKU,GB-CYL-CLR-50ML-RDC-MSLV-T,GB-CYL-CLR-50ML-RDC-MSLV-T,shopify,1000,deny,manual,1.67,
cylinder-50ml-clear-18-415-reducer,,SKU,GB-CYL-CLR-50ML-RDC-MSLV,GB-CYL-CLR-50ML-RDC-MSLV,shopify,1000,deny,manual,1.67,
cylinder-50ml-clear-18-415-reducer,,SKU,GB-CYL-CLR-50ML-RDC-WHT,GB-CYL-CLR-50ML-RDC-WHT,shopify,1000,deny,manual,1.67,
cylinder-50ml-clear-18-415-reducer,,SKU,GB-CYL-CLR-50ML-RDC-PKLT,GB-CYL-CLR-50ML-RDC-PKLT,shopify,1000,deny,manual,1.95,
cylinder-50ml-clear-18-415-reducer,,SKU,GB-CYL-CLR-50ML-RDC-IVLT,GB-CYL-CLR-50ML-RDC-IVLT,shopify,1000,deny,manual,1.95,
cylinder-50ml-clear-18-415-reducer,,SKU,GB-CYL-CLR-50ML-RDC-MSLV-01,GB-CYL-CLR-50ML-RDC-MSLV-01,,0,deny,manual,1.67,
cylinder-50ml-clear-18-415-reducer,,SKU,GB-CYL-CLR-50ML-RDC-SBLK-01,GB-CYL-CLR-50ML-RDC-SBLK-01,,0,deny,manual,1.67,
round-128ml-frosted-18-415-dropper,128 ml Frosted Round Dropper Bottle,SKU,GB-RND-FRS-128ML-DRP-SLV,GB-RND-FRS-128ML-DRP-SLV,shopify,1000,deny,manual,2.70,active
round-128ml-frosted-18-415-dropper,,SKU,GB-RND-FRS-12ML-DRP-SGLD,GB-RND-FRS-12ML-DRP-SGLD,shopify,1000,deny,manual,2.70,
round-128ml-frosted-18-415-dropper,,SKU,GB-RND-FRS-128ML-DRP-CPR,GB-RND-FRS-128ML-DRP-CPR,shopify,1000,deny,manual,2.70,
empire-50ml-clear-18-415-reducer,50 ml Clear Empire Reducer Bottle,SKU,GB-EMP-CLR-50ML-RDC-BKLT,GB-EMP-CLR-50ML-RDC-BKLT,shopify,1000,deny,manual,2.55,active
empire-50ml-clear-18-415-reducer,,SKU,GB-EMP-CLR-50ML-RDC-SSLV,GB-EMP-CLR-50ML-RDC-SSLV,shopify,1000,deny,manual,2.27,
empire-50ml-clear-18-415-reducer,,SKU,GB-EMP-CLR-50ML-RDC-SGLD,GB-EMP-CLR-50ML-RDC-SGLD,shopify,1000,deny,manual,2.27,
empire-50ml-clear-18-415-reducer,,SKU,GB-EMP-CLR-50ML-RDC-SBLK,GB-EMP-CLR-50ML-RDC-SBLK,shopify,1000,deny,manual,2.27,
empire-50ml-clear-18-415-reducer,,SKU,GB-EMP-CLR-50ML-RDC-IVLT,GB-EMP-CLR-50ML-RDC-IVLT,shopify,1000,deny,manual,2.55,
empire-50ml-clear-18-415-reducer,,SKU,GB-EMP-CLR-50ML-RDC-PKLT,GB-EMP-CLR-50ML-RDC-PKLT,shopify,1000,deny,manual,2.55,
empire-50ml-clear-18-415-reducer,,SKU,GB-EMP-CLR-50ML-RDC-SBLK-T,GB-EMP-CLR-50ML-RDC-SBLK-T,shopify,1000,deny,manual,2.27,
empire-50ml-clear-18-415-reducer,,SKU,GB-EMP-CLR-50ML-RDC-BRLT,GB-EMP-CLR-50ML-RDC-BRLT,shopify,1000,deny,manual,2.55,
empire-50ml-clear-18-415-reducer,,SKU,GB-EMP-CLR-50ML-RDC-LBLT,GB-EMP-CLR-50ML-RDC-LBLT,shopify,1000,deny,manual,2.55,
empire-50ml-clear-18-415-reducer,,SKU,GB-EMP-CLR-50ML-RDC-MSLV-T,GB-EMP-CLR-50ML-RDC-MSLV-T,shopify,1000,deny,manual,2.27,
empire-50ml-clear-18-415-reducer,,SKU,GB-EMP-CLR-50ML-RDC-MSLV,GB-EMP-CLR-50ML-RDC-MSLV,shopify,1000,deny,manual,2.27,
empire-50ml-clear-18-415-reducer,,SKU,GB-EMP-CLR-50ML-RDC-WHT,GB-EMP-CLR-50ML-RDC-WHT,shopify,1000,deny,manual,2.27,
empire-50ml-clear-18-415-reducer,,SKU,GB-EMP-CLR-50ML-RDC-MSLV-01,GB-EMP-CLR-50ML-RDC-MSLV-01,,0,deny,manual,2.27,
empire-50ml-clear-18-415-reducer,,SKU,GB-EMP-CLR-50ML-RDC-SBLK-01,GB-EMP-CLR-50ML-RDC-SBLK-01,,0,deny,manual,2.27,
sleek-30ml-clear-18-415-antiquespray,30 ml Clear Sleek Vintage Bulb Spray Bottle,SKU,GB-SLK-CLR-30ML-ASP-BLK,GB-SLK-CLR-30ML-ASP-BLK,shopify,1000,deny,manual,5.40,active
sleek-30ml-clear-18-415-antiquespray,,SKU,GB-SLK-CLR-30ML-ASP-LVN,GB-SLK-CLR-30ML-ASP-LVN,shopify,1000,deny,manual,5.40,
sleek-30ml-clear-18-415-antiquespray,,SKU,GB-SLK-CLR-30ML-ASP-PNK,GB-SLK-CLR-30ML-ASP-PNK,shopify,1000,deny,manual,5.40,
sleek-30ml-clear-18-415-antiquespray,,SKU,GB-SLK-CLR-30ML-ASP-MSLV,GB-SLK-CLR-30ML-ASP-MSLV,shopify,1000,deny,manual,5.40,
sleek-30ml-clear-18-415-antiquespray,,SKU,GB-SLK-CLR-30ML-ASP-IVSL,GB-SLK-CLR-30ML-ASP-IVSL,shopify,1000,deny,manual,5.40,
sleek-30ml-clear-18-415-antiquespray,,SKU,GB-SLK-CLR-30ML-ASP-GLD,GB-SLK-CLR-30ML-ASP-GLD,shopify,1000,deny,manual,5.40,
sleek-30ml-clear-18-415-antiquespray,,SKU,GB-SLK-CLR-30ML-ASP-IVGD,GB-SLK-CLR-30ML-ASP-IVGD,shopify,1000,deny,manual,5.40,
sleek-30ml-clear-18-415-antiquespray,,SKU,GB-SLK-CLR-30ML-ASP-WHT,GB-SLK-CLR-30ML-ASP-WHT,shopify,1000,deny,manual,5.40,
sleek-30ml-clear-18-415-antiquespray,,SKU,GB-SLK-CLR-30ML-ASP-RED,GB-SLK-CLR-30ML-ASP-RED,shopify,1000,deny,manual,5.40,
sleek-50ml-clear-18-415-reducer,50 ml Clear Sleek Reducer Bottle,SKU,GB-SLK-CLR-50ML-RDC-BKLT,GB-SLK-CLR-50ML-RDC-BKLT,shopify,1000,deny,manual,1.95,active
sleek-50ml-clear-18-415-reducer,,SKU,GB-SLK-CLR-50ML-RDC-IVLT,GB-SLK-CLR-50ML-RDC-IVLT,shopify,1000,deny,manual,1.95,
sleek-50ml-clear-18-415-reducer,,SKU,GB-SLK-CLR-50ML-RDC-PKLT,GB-SLK-CLR-50ML-RDC-PKLT,shopify,1000,deny,manual,1.95,
sleek-50ml-clear-18-415-reducer,,SKU,GB-SLK-CLR-50ML-RDC-SGLD,GB-SLK-CLR-50ML-RDC-SGLD,shopify,1000,deny,manual,1.67,
sleek-50ml-clear-18-415-reducer,,SKU,GB-SLK-CLR-50ML-RDC-SBLK-T,GB-SLK-CLR-50ML-RDC-SBLK-T,shopify,1000,deny,manual,1.67,
sleek-50ml-clear-18-415-reducer,,SKU,GB-SLK-CLR-50ML-RDC-SBLK,GB-SLK-CLR-50ML-RDC-SBLK,shopify,1000,deny,manual,1.67,
sleek-50ml-clear-18-415-reducer,,SKU,GB-SLK-CLR-50ML-RDC-BRLT,GB-SLK-CLR-50ML-RDC-BRLT,shopify,1000,deny,manual,1.95,
sleek-50ml-clear-18-415-reducer,,SKU,GB-SLK-CLR-50ML-RDC-LBLT,GB-SLK-CLR-50ML-RDC-LBLT,shopify,1000,deny,manual,1.95,
sleek-50ml-clear-18-415-reducer,,SKU,GB-SLK-CLR-50ML-RDC-SSLV,GB-SLK-CLR-50ML-RDC-SSLV,shopify,1000,deny,manual,1.67,
sleek-50ml-clear-18-415-reducer,,SKU,GB-SLK-CLR-50ML-RDC-MSLV-T,GB-SLK-CLR-50ML-RDC-MSLV-T,shopify,1000,deny,manual,1.67,
sleek-50ml-clear-18-415-reducer,,SKU,GB-SLK-CLR-50ML-RDC-MSLV,GB-SLK-CLR-50ML-RDC-MSLV,shopify,1000,deny,manual,1.67,
sleek-50ml-clear-18-415-reducer,,SKU,GB-SLK-CLR-50ML-RDC-WHT,GB-SLK-CLR-50ML-RDC-WHT,shopify,1000,deny,manual,1.67,
sleek-50ml-clear-18-415-reducer,,SKU,GB-SLK-CLR-50ML-RDC-MSLV-01,GB-SLK-CLR-50ML-RDC-MSLV-01,,0,deny,manual,1.67,
sleek-50ml-clear-18-415-reducer,,SKU,GB-SLK-CLR-50ML-RDC-SBLK-01,GB-SLK-CLR-50ML-RDC-SBLK-01,,0,deny,manual,1.67,
slim-30ml-clear-18-415-antiquespray,30 ml Clear Slim Vintage Bulb Spray Bottle,SKU,GB-SLM-CLR-30ML-ASP-BLK,GB-SLM-CLR-30ML-ASP-BLK,shopify,1000,deny,manual,5.35,active
slim-30ml-clear-18-415-antiquespray,,SKU,GB-SLM-CLR-30ML-ASP-LVN,GB-SLM-CLR-30ML-ASP-LVN,shopify,1000,deny,manual,5.35,
slim-30ml-clear-18-415-antiquespray,,SKU,GB-SLM-CLR-30ML-ASP-PNK,GB-SLM-CLR-30ML-ASP-PNK,shopify,1000,deny,manual,5.35,
slim-30ml-clear-18-415-antiquespray,,SKU,GB-SLM-CLR-30ML-ASP-MSLV,GB-SLM-CLR-30ML-ASP-MSLV,shopify,1000,deny,manual,5.35,
slim-30ml-clear-18-415-antiquespray,,SKU,GB-SLM-CLR-30ML-ASP-IVSL,GB-SLM-CLR-30ML-ASP-IVSL,shopify,1000,deny,manual,5.35,
slim-30ml-clear-18-415-antiquespray,,SKU,GB-SLM-CLR-30ML-ASP-GLD,GB-SLM-CLR-30ML-ASP-GLD,shopify,1000,deny,manual,5.35,
slim-30ml-clear-18-415-antiquespray,,SKU,GB-SLM-CLR-30ML-ASP-IVGD,GB-SLM-CLR-30ML-ASP-IVGD,shopify,1000,deny,manual,5.35,
slim-30ml-clear-18-415-antiquespray,,SKU,GB-SLM-CLR-30ML-ASP-WHT,GB-SLM-CLR-30ML-ASP-WHT,shopify,1000,deny,manual,5.35,
slim-30ml-clear-18-415-antiquespray,,SKU,GB-SLM-CLR-30ML-ASP-RED,GB-SLM-CLR-30ML-ASP-RED,shopify,1000,deny,manual,5.35,
slim-50ml-clear-18-415-reducer,50 ml Clear Slim Reducer Bottle,SKU,GB-SLM-CLR-50ML-RDC-BKLT,GB-SLM-CLR-50ML-RDC-BKLT,shopify,1000,deny,manual,1.95,active
slim-50ml-clear-18-415-reducer,,SKU,GB-SLM-CLR-50ML-RDC-IVLT,GB-SLM-CLR-50ML-RDC-IVLT,shopify,1000,deny,manual,1.95,
slim-50ml-clear-18-415-reducer,,SKU,GB-SLM-CLR-50ML-RDC-PKLT,GB-SLM-CLR-50ML-RDC-PKLT,shopify,1000,deny,manual,1.95,
slim-50ml-clear-18-415-reducer,,SKU,GB-SLM-CLR-50ML-RDC-SGLD,GB-SLM-CLR-50ML-RDC-SGLD,shopify,1000,deny,manual,1.67,
slim-50ml-clear-18-415-reducer,,SKU,GB-SLM-CLR-50ML-RDC-SBLK-T,GB-SLM-CLR-50ML-RDC-SBLK-T,shopify,1000,deny,manual,1.67,
slim-50ml-clear-18-415-reducer,,SKU,GB-SLM-CLR-50ML-RDC-SBLK,GB-SLM-CLR-50ML-RDC-SBLK,shopify,1000,deny,manual,1.67,
slim-50ml-clear-18-415-reducer,,SKU,GB-SLM-CLR-50ML-RDC,GB-SLM-CLR-50ML-RDC,shopify,1000,deny,manual,1.95,
slim-50ml-clear-18-415-reducer,,SKU,GB-SLM-CLR-50ML-RDC-LBLT,GB-SLM-CLR-50ML-RDC-LBLT,shopify,1000,deny,manual,1.95,
slim-50ml-clear-18-415-reducer,,SKU,GB-SLM-CLR-50ML-RDC-SSLV,GB-SLM-CLR-50ML-RDC-SSLV,shopify,1000,deny,manual,1.67,
slim-50ml-clear-18-415-reducer,,SKU,GB-SLM-CLR-50ML-RDC-MSLV-T,GB-SLM-CLR-50ML-RDC-MSLV-T,shopify,1000,deny,manual,1.67,
slim-50ml-clear-18-415-reducer,,SKU,GB-SLM-CLR-50ML-RDC-MSLV,GB-SLM-CLR-50ML-RDC-MSLV,shopify,1000,deny,manual,1.67,
slim-50ml-clear-18-415-reducer,,SKU,GB-SLM-CLR-50ML-RDC-WHT,GB-SLM-CLR-50ML-RDC-WHT,shopify,1000,deny,manual,1.67,
slim-50ml-clear-18-415-reducer,,SKU,GB-SLM-CLR-50ML-RDC-MSLV-01,GB-SLM-CLR-50ML-RDC-MSLV-01,,0,deny,manual,1.67,
slim-50ml-clear-18-415-reducer,,SKU,GB-SLM-CLR-50ML-RDC-SBLK-01,GB-SLM-CLR-50ML-RDC-SBLK-01,,0,deny,manual,1.67,
diva-46ml-clear-18-415-antiquespray,46 ml Clear Diva Vintage Bulb Spray Bottle,SKU,GB-DVA-CLR-46ML-T-01,GB-DVA-CLR-46ML-T-01,shopify,1000,deny,manual,7.10,active
diva-46ml-clear-18-415-antiquespray,,SKU,GB-DVA-CLR-46ML-ASP-BLK,GB-DVA-CLR-46ML-ASP-BLK,shopify,1000,deny,manual,6.10,
diva-46ml-clear-18-415-antiquespray,,SKU,GB-DVA-CLR-46ML-T-04,GB-DVA-CLR-46ML-T-04,shopify,1000,deny,manual,7.10,
diva-46ml-clear-18-415-antiquespray,,SKU,GB-DVA-CLR-46ML-T-02,GB-DVA-CLR-46ML-T-02,shopify,1000,deny,manual,7.10,
diva-46ml-clear-18-415-antiquespray,,SKU,GB-DVA-CLR-46ML-T-05,GB-DVA-CLR-46ML-T-05,shopify,1000,deny,manual,7.10,
diva-46ml-clear-18-415-antiquespray,,SKU,GB-DVA-CLR-46ML-T-11,GB-DVA-CLR-46ML-T-11,shopify,1000,deny,manual,7.10,
diva-46ml-clear-18-415-antiquespray,,SKU,GB-DVA-CLR-46ML-T-03,GB-DVA-CLR-46ML-T-03,shopify,1000,deny,manual,6.10,
diva-46ml-clear-18-415-antiquespray,,SKU,GB-DVA-CLR-46ML-ASP-PNK,GB-DVA-CLR-46ML-ASP-PNK,shopify,1000,deny,manual,6.10,
diva-46ml-clear-18-415-antiquespray,,SKU,GB-DVA-CLR-46ML-ASP-GLD,GB-DVA-CLR-46ML-ASP-GLD,shopify,1000,deny,manual,6.10,
diva-46ml-clear-18-415-antiquespray,,SKU,GB-DVA-CLR-46ML-ASP-IVGD,GB-DVA-CLR-46ML-ASP-IVGD,shopify,1000,deny,manual,6.10,
diva-46ml-clear-18-415-antiquespray,,SKU,GB-DVA-CLR-46ML-ASP-RED,GB-DVA-CLR-46ML-ASP-RED,shopify,1000,deny,manual,6.10,
diva-46ml-clear-18-415-antiquespray,,SKU,GB-DVA-CLR-46ML-ASP-IVSL,GB-DVA-CLR-46ML-ASP-IVSL,shopify,1000,deny,manual,6.10,
diva-46ml-clear-18-415-antiquespray,,SKU,GB-DVA-CLR-46ML-ASP-MSLV,GB-DVA-CLR-46ML-ASP-MSLV,shopify,1000,deny,manual,6.10,
diva-46ml-clear-18-415-antiquespray,,SKU,GB-DVA-CLR-46ML-ASP-WHT,GB-DVA-CLR-46ML-ASP-WHT,shopify,1000,deny,manual,6.10,
grace-55ml-clear-18-415-reducer,55 ml Clear Grace Reducer Bottle,SKU,GB-GRC-CLR-55ML-RDC-BKLT,GB-GRC-CLR-55ML-RDC-BKLT,shopify,1000,deny,manual,1.95,active
grace-55ml-clear-18-415-reducer,,SKU,GB-GRC-CLR-55ML-RDC-SGLD,GB-GRC-CLR-55ML-RDC-SGLD,shopify,1000,deny,manual,1.67,
grace-55ml-clear-18-415-reducer,,SKU,GB-GRC-CLR-55ML-RDC-SBLK-T,GB-GRC-CLR-55ML-RDC-SBLK-T,shopify,1000,deny,manual,1.67,
grace-55ml-clear-18-415-reducer,,SKU,GB-GRC-CLR-55ML-RDC-SBLK,GB-GRC-CLR-55ML-RDC-SBLK,shopify,1000,deny,manual,1.67,
grace-55ml-clear-18-415-reducer,,SKU,GB-GRC-CLR-55ML-RDC-BRLT,GB-GRC-CLR-55ML-RDC-BRLT,shopify,1000,deny,manual,1.95,
grace-55ml-clear-18-415-reducer,,SKU,GB-GRC-CLR-55ML-RDC-LBLT,GB-GRC-CLR-55ML-RDC-LBLT,shopify,1000,deny,manual,1.95,
grace-55ml-clear-18-415-reducer,,SKU,GB-GRC-CLR-55ML-RDC-SSLV,GB-GRC-CLR-55ML-RDC-SSLV,shopify,1000,deny,manual,1.67,
grace-55ml-clear-18-415-reducer,,SKU,GB-GRC-CLR-55ML-RDC-MSLV-T,GB-GRC-CLR-55ML-RDC-MSLV-T,shopify,1000,deny,manual,1.67,
grace-55ml-clear-18-415-reducer,,SKU,GB-GRC-CLR-55ML-RDC-MSLV,GB-GRC-CLR-55ML-RDC-MSLV,shopify,1000,deny,manual,1.67,
grace-55ml-clear-18-415-reducer,,SKU,GB-GRC-CLR-55ML-RDC-WHT,GB-GRC-CLR-55ML-RDC-WHT,shopify,1000,deny,manual,1.67,
grace-55ml-clear-18-415-reducer,,SKU,GB-GRC-CLR-55ML-RDC-PKLT,GB-GRC-CLR-55ML-RDC-PKLT,shopify,1000,deny,manual,1.95,
grace-55ml-clear-18-415-reducer,,SKU,GB-GRC-CLR-55ML-RDC-IVLT,GB-GRC-CLR-55ML-RDC-IVLT,shopify,1000,deny,manual,1.95,
grace-55ml-clear-18-415-reducer,,SKU,GB-GRC-CLR-55ML-RDC-MSLV-01,GB-GRC-CLR-55ML-RDC-MSLV-01,,0,deny,manual,1.67,
grace-55ml-clear-18-415-reducer,,SKU,GB-GRC-CLR-55ML-RDC-SBLK-01,GB-GRC-CLR-55ML-RDC-SBLK-01,,0,deny,manual,1.67,
diva-46ml-clear-18-415-antiquespray-tassel,46 ml Clear Diva Vintage Bulb Spray Bottle with Tassel,SKU,GB-DVA-CLR-46ML-T-06,GB-DVA-CLR-46ML-T-06,shopify,1000,deny,manual,7.85,active
diva-46ml-clear-18-415-antiquespray-tassel,,SKU,GB-DVA-CLR-46ML-AST-BLK,GB-DVA-CLR-46ML-AST-BLK,shopify,1000,deny,manual,6.85,
diva-46ml-clear-18-415-antiquespray-tassel,,SKU,GB-DVA-CLR-46ML-T-08,GB-DVA-CLR-46ML-T-08,shopify,1000,deny,manual,7.85,
diva-46ml-clear-18-415-antiquespray-tassel,,SKU,GB-DVA-CLR-46ML-T-07,GB-DVA-CLR-46ML-T-07,shopify,1000,deny,manual,7.85,
diva-46ml-clear-18-415-antiquespray-tassel,,SKU,GB-DVA-CLR-46ML-T-09,GB-DVA-CLR-46ML-T-09,shopify,1000,deny,manual,7.85,
diva-46ml-clear-18-415-antiquespray-tassel,,SKU,GB-DVA-CLR-46ML-T-10,GB-DVA-CLR-46ML-T-10,shopify,1000,deny,manual,7.85,
diva-46ml-clear-18-415-antiquespray-tassel,,SKU,GB-DVA-CLR-46ML-AST-IVGD,GB-DVA-CLR-46ML-AST-IVGD,shopify,1000,deny,manual,6.85,
diva-46ml-clear-18-415-antiquespray-tassel,,SKU,GB-DVA-CLR-46ML-AST-PNK,GB-DVA-CLR-46ML-AST-PNK,shopify,1000,deny,manual,6.85,
diva-46ml-clear-18-415-antiquespray-tassel,,SKU,GB-DVA-CLR-46ML-AST-LVN,GB-DVA-CLR-46ML-AST-LVN,shopify,1000,deny,manual,6.85,
diva-46ml-clear-18-415-antiquespray-tassel,,SKU,GB-DVA-CLR-46ML-AST-GLD,GB-DVA-CLR-46ML-AST-GLD,shopify,1000,deny,manual,6.85,
diva-46ml-clear-18-415-antiquespray-tassel,,SKU,GB-DVA-CLR-46ML-AST-IVSL,GB-DVA-CLR-46ML-AST-IVSL,shopify,1000,deny,manual,6.85,
diva-46ml-clear-18-415-antiquespray-tassel,,SKU,GB-DVA-CLR-46ML-AST-RED,GB-DVA-CLR-46ML-AST-RED,shopify,1000,deny,manual,6.85,
diva-46ml-clear-18-415-antiquespray-tassel,,SKU,GB-DVA-CLR-46ML-AST-WHT,GB-DVA-CLR-46ML-AST-WHT,shopify,1000,deny,manual,6.85,
diva-46ml-clear-18-415-antiquespray-tassel,,SKU,GB-DVA-CLR-46ML-AST-MSLV,GB-DVA-CLR-46ML-AST-MSLV,shopify,1000,deny,manual,6.85,
cylinder-5ml-cobalt-blue-13-415-rollon,5 ml Cobalt Blue Cylinder Roll-On Bottle,SKU,GB-CYL-BLU-5ML-MRL-SBLK,GB-CYL-BLU-5ML-MRL-SBLK,shopify,1000,deny,manual,0.65,active
cylinder-5ml-cobalt-blue-13-415-rollon,,SKU,GB-CYL-BLU-5ML-MRL-MCPR,GB-CYL-BLU-5ML-MRL-MCPR,shopify,1000,deny,manual,0.65,
cylinder-5ml-cobalt-blue-13-415-rollon,,SKU,GB-CYL-BLU-5ML-MRL-MGLD,GB-CYL-BLU-5ML-MRL-MGLD,shopify,1000,deny,manual,0.65,
cylinder-5ml-cobalt-blue-13-415-rollon,,SKU,GB-CYL-BLU-5ML-MRL-SGLD,GB-CYL-BLU-5ML-MRL-SGLD,shopify,1000,deny,manual,0.65,
cylinder-5ml-cobalt-blue-13-415-rollon,,SKU,GB-CYL-BLU-5ML-MRL-PKDT,GB-CYL-BLU-5ML-MRL-PKDT,shopify,1000,deny,manual,0.72,
cylinder-5ml-cobalt-blue-13-415-rollon,,SKU,GB-CYL-BLU-5ML-MRL-SLDT,GB-CYL-BLU-5ML-MRL-SLDT,shopify,1000,deny,manual,0.72,
cylinder-5ml-cobalt-blue-13-415-rollon,,SKU,GB-CYL-BLU-5ML-MRL-MSLV,GB-CYL-BLU-5ML-MRL-MSLV,shopify,1000,deny,manual,0.65,
cylinder-5ml-cobalt-blue-13-415-rollon,,SKU,GB-CYL-BLU-5ML-MRL-SSLV,GB-CYL-BLU-5ML-MRL-SSLV,shopify,1000,deny,manual,0.65,
cylinder-5ml-cobalt-blue-13-415-rollon,,SKU,GB-CYL-BLU-5ML-ROL-BKDT,GB-CYL-BLU-5ML-ROL-BKDT,shopify,1000,deny,manual,0.71,
cylinder-5ml-cobalt-blue-13-415-rollon,,SKU,GB-CYL-BLU-5ML-ROL-SGLD,GB-CYL-BLU-5ML-ROL-SGLD,shopify,1000,deny,manual,0.64,
cylinder-5ml-cobalt-blue-13-415-rollon,,SKU,GB-CYL-BLU-5ML-ROL-SSLV,GB-CYL-BLU-5ML-ROL-SSLV,shopify,1000,deny,manual,0.64,
cylinder-5ml-cobalt-blue-13-415-rollon,,SKU,GB-CYL-BLU-5ML-ROL-SBLK,GB-CYL-BLU-5ML-ROL-SBLK,shopify,1000,deny,manual,0.64,
cylinder-5ml-cobalt-blue-13-415-rollon,,SKU,GB-CYL-BLU-5ML-ROL-MGLD,GB-CYL-BLU-5ML-ROL-MGLD,shopify,1000,deny,manual,0.64,
cylinder-5ml-cobalt-blue-13-415-rollon,,SKU,GB-CYL-BLU-5ML-ROL-PKDT,GB-CYL-BLU-5ML-ROL-PKDT,shopify,1000,deny,manual,0.71,
cylinder-5ml-cobalt-blue-13-415-rollon,,SKU,GB-CYL-BLU-5ML-ROL-SLDT,GB-CYL-BLU-5ML-ROL-SLDT,shopify,1000,deny,manual,0.71,
cylinder-5ml-cobalt-blue-13-415-rollon,,SKU,GB-CYL-BLU-5ML-ROL-MCPR,GB-CYL-BLU-5ML-ROL-MCPR,shopify,1000,deny,manual,0.64,
cylinder-5ml-cobalt-blue-13-415-rollon,,SKU,GB-CYL-BLU-5ML-ROL-MSLV,GB-CYL-BLU-5ML-ROL-MSLV,shopify,1000,deny,manual,0.64,
cylinder-5ml-cobalt-blue-13-415-rollon,,SKU,GB-CYL-BLU-5ML-MRL-BKDT,GB-CYL-BLU-5ML-MRL-BKDT,shopify,1000,deny,manual,0.72,
round-78ml-clear-18-415-antiquespray,78 ml Clear Round Vintage Bulb Spray Bottle,SKU,GB-RND-CLR-78ML-ASP-PNK,GB-RND-CLR-78ML-ASP-PNK,shopify,1000,deny,manual,5.90,active
round-78ml-clear-18-415-antiquespray,,SKU,GB-RND-CLR-78ML-ASP-LVN,GB-RND-CLR-78ML-ASP-LVN,shopify,1000,deny,manual,5.90,
round-78ml-clear-18-415-antiquespray,,SKU,GB-RND-CLR-78ML-ASP-IVGD,GB-RND-CLR-78ML-ASP-IVGD,shopify,1000,deny,manual,5.90,
round-78ml-clear-18-415-antiquespray,,SKU,GB-RND-CLR-78ML-ASP-GLD,GB-RND-CLR-78ML-ASP-GLD,shopify,1000,deny,manual,5.90,
round-78ml-clear-18-415-antiquespray,,SKU,GB-RND-CLR-78ML-ASP-IVSL,GB-RND-CLR-78ML-ASP-IVSL,shopify,1000,deny,manual,5.90,
round-78ml-clear-18-415-antiquespray,,SKU,GB-RND-CLR-78ML-ASP-RED,GB-RND-CLR-78ML-ASP-RED,shopify,1000,deny,manual,5.90,
round-78ml-clear-18-415-antiquespray,,SKU,GB-RND-CLR-78ML-ASP-MSLV,GB-RND-CLR-78ML-ASP-MSLV,shopify,1000,deny,manual,5.90,
round-78ml-clear-18-415-antiquespray,,SKU,GB-RND-CLR-78ML-T,GB-RND-CLR-78ML-T,shopify,1000,deny,manual,5.90,
round-78ml-clear-18-415-antiquespray,,SKU,GB-RND-CLR-78ML-ASP-BLK,GB-RND-CLR-78ML-ASP-BLK,shopify,1000,deny,manual,5.90,
diamond-60ml-clear-18-415-reducer,60 ml Clear Diamond Reducer Bottle,SKU,GB-DMD-CLR-60ML-RDC-BKLT,GB-DMD-CLR-60ML-RDC-BKLT,shopify,1000,deny,manual,2.15,active
diamond-60ml-clear-18-415-reducer,,SKU,GB-DMD-CLR-60ML-RDC-WHT,GB-DMD-CLR-60ML-RDC-WHT,shopify,1000,deny,manual,1.87,
diamond-60ml-clear-18-415-reducer,,SKU,GB-DMD-CLR-60ML-RDC-IVLT,GB-DMD-CLR-60ML-RDC-IVLT,shopify,1000,deny,manual,2.15,
diamond-60ml-clear-18-415-reducer,,SKU,GB-DMD-CLR-60ML-RDC-PKLT,GB-DMD-CLR-60ML-RDC-PKLT,shopify,1000,deny,manual,2.15,
diamond-60ml-clear-18-415-reducer,,SKU,GB-DMD-CLR-60ML-RDC-SGLD,GB-DMD-CLR-60ML-RDC-SGLD,shopify,1000,deny,manual,1.87,
diamond-60ml-clear-18-415-reducer,,SKU,GB-DMD-CLR-60ML-RDC-SBLK-T,GB-DMD-CLR-60ML-RDC-SBLK-T,shopify,1000,deny,manual,1.87,
diamond-60ml-clear-18-415-reducer,,SKU,GB-DMD-CLR-60ML-RDC-BRLT,GB-DMD-CLR-60ML-RDC-BRLT,shopify,1000,deny,manual,2.15,
diamond-60ml-clear-18-415-reducer,,SKU,GB-DMD-CLR-60ML-RDC-LBLT,GB-DMD-CLR-60ML-RDC-LBLT,shopify,1000,deny,manual,2.15,
diamond-60ml-clear-18-415-reducer,,SKU,GB-DMD-CLR-60ML-RDC-SSLV,GB-DMD-CLR-60ML-RDC-SSLV,shopify,1000,deny,manual,1.87,
diamond-60ml-clear-18-415-reducer,,SKU,GB-DMD-CLR-60ML-RDC-MSLV-T,GB-DMD-CLR-60ML-RDC-MSLV-T,shopify,1000,deny,manual,1.87,
diamond-60ml-clear-18-415-reducer,,SKU,GB-DMD-CLR-60ML-RDC-MSLV,GB-DMD-CLR-60ML-RDC-MSLV,shopify,1000,deny,manual,1.87,
diamond-60ml-clear-18-415-reducer,,SKU,GB-DMD-CLR-60ML-RDC-SBLK,GB-DMD-CLR-60ML-RDC-SBLK,shopify,1000,deny,manual,1.87,
diamond-60ml-clear-18-415-reducer,,SKU,GB-DMD-CLR-60ML-RDC-MSLV-01,GB-DMD-CLR-60ML-RDC-MSLV-01,,0,deny,manual,1.87,
diamond-60ml-clear-18-415-reducer,,SKU,GB-DMD-CLR-60ML-RDC-SBLK-01,GB-DMD-CLR-60ML-RDC-SBLK-01,,0,deny,manual,1.87,
elegant-60ml-clear-18-415-reducer,60 ml Clear Elegant Reducer Bottle,SKU,GB-ELG-CLR-60ML-RDC-BKLT,GB-ELG-CLR-60ML-RDC-BKLT,shopify,1000,deny,manual,2.00,active
elegant-60ml-clear-18-415-reducer,,SKU,GB-ELG-CLR-60ML-RDC-SBLK-T,GB-ELG-CLR-60ML-RDC-SBLK-T,shopify,1000,deny,manual,1.72,
elegant-60ml-clear-18-415-reducer,,SKU,GB-ELG-CLR-60ML-RDC-WHT,GB-ELG-CLR-60ML-RDC-WHT,shopify,1000,deny,manual,1.72,
elegant-60ml-clear-18-415-reducer,,SKU,GB-ELG-CLR-60ML-RDC-IVLT,GB-ELG-CLR-60ML-RDC-IVLT,shopify,1000,deny,manual,2.00,
elegant-60ml-clear-18-415-reducer,,SKU,GB-ELG-CLR-60ML-RDC-PNK,GB-ELG-CLR-60ML-RDC-PNK,shopify,1000,deny,manual,2.00,
elegant-60ml-clear-18-415-reducer,,SKU,GB-ELG-CLR-60ML-RDC-SGLD,GB-ELG-CLR-60ML-RDC-SGLD,shopify,1000,deny,manual,1.72,
elegant-60ml-clear-18-415-reducer,,SKU,GB-ELG-CLR-60ML-RDC-SBLK,GB-ELG-CLR-60ML-RDC-SBLK,shopify,1000,deny,manual,1.72,
elegant-60ml-clear-18-415-reducer,,SKU,GB-ELG-CLR-60ML-RDC-BRLT,GB-ELG-CLR-60ML-RDC-BRLT,shopify,1000,deny,manual,2.00,
elegant-60ml-clear-18-415-reducer,,SKU,GB-ELG-CLR-60ML-RDC,GB-ELG-CLR-60ML-RDC,shopify,1000,deny,manual,2.00,
elegant-60ml-clear-18-415-reducer,,SKU,GB-ELG-CLR-60ML-RDC-SSLV,GB-ELG-CLR-60ML-RDC-SSLV,shopify,1000,deny,manual,1.72,
elegant-60ml-clear-18-415-reducer,,SKU,GB-ELG-CLR-60ML-RDC-MSLV-T,GB-ELG-CLR-60ML-RDC-MSLV-T,shopify,1000,deny,manual,1.72,
elegant-60ml-clear-18-415-reducer,,SKU,GB-ELG-CLR-60ML-RDC-MSLV,GB-ELG-CLR-60ML-RDC-MSLV,shopify,1000,deny,manual,1.72,
elegant-60ml-clear-18-415-reducer,,SKU,GB-ELG-CLR-60ML-RDC-MSLV-01,GB-ELG-CLR-60ML-RDC-MSLV-01,,0,deny,manual,1.72,
elegant-60ml-clear-18-415-reducer,,SKU,GB-ELG-CLR-60ML-RDC-SBLK-01,GB-ELG-CLR-60ML-RDC-SBLK-01,,0,deny,manual,1.72,
elegant-60ml-frosted-18-415-reducer,60 ml Frosted Elegant Reducer Bottle,SKU,GB-ELG-FRS-60ML-RDC-BKLT,GB-ELG-FRS-60ML-RDC-BKLT,shopify,1000,deny,manual,2.50,active
elegant-60ml-frosted-18-415-reducer,,SKU,GB-ELG-FRS-60ML-RDC-SBLK,GB-ELG-FRS-60ML-RDC-SBLK,shopify,1000,deny,manual,2.22,
elegant-60ml-frosted-18-415-reducer,,SKU,GB-ELG-FRS-60ML-RDC-SGLD,GB-ELG-FRS-60ML-RDC-SGLD,shopify,1000,deny,manual,2.22,
elegant-60ml-frosted-18-415-reducer,,SKU,GB-ELG-FRS-60ML-RDC-SSLV,GB-ELG-FRS-60ML-RDC-SSLV,shopify,1000,deny,manual,2.22,
elegant-60ml-frosted-18-415-reducer,,SKU,GB-ELG-FRS-60ML-RDC-WHT,GB-ELG-FRS-60ML-RDC-WHT,shopify,1000,deny,manual,2.25,
elegant-60ml-frosted-18-415-reducer,,SKU,GB-ELG-FRS-60ML-RDC-SBLK-T,GB-ELG-FRS-60ML-RDC-SBLK-T,shopify,1000,deny,manual,2.22,
elegant-60ml-frosted-18-415-reducer,,SKU,GB-ELG-FRS-60ML-RDC-BRLT,GB-ELG-FRS-60ML-RDC-BRLT,shopify,1000,deny,manual,2.50,
elegant-60ml-frosted-18-415-reducer,,SKU,GB-ELG-FRS-60ML-RDC-LBLT,GB-ELG-FRS-60ML-RDC-LBLT,shopify,1000,deny,manual,2.50,
elegant-60ml-frosted-18-415-reducer,,SKU,GB-ELG-FRS-60ML-RDC-MSLV-T,GB-ELG-FRS-60ML-RDC-MSLV-T,shopify,1000,deny,manual,2.22,
elegant-60ml-frosted-18-415-reducer,,SKU,GB-ELG-FRS-60ML-RDC-MSLV,GB-ELG-FRS-60ML-RDC-MSLV,shopify,1000,deny,manual,2.22,
elegant-60ml-frosted-18-415-reducer,,SKU,GB-ELG-FRS-60ML-RDC-PKLT,GB-ELG-FRS-60ML-RDC-PKLT,shopify,1000,deny,manual,2.50,
elegant-60ml-frosted-18-415-reducer,,SKU,GB-ELG-FRS-60ML-RDC-IVLT,GB-ELG-FRS-60ML-RDC-IVLT,shopify,1000,deny,manual,2.50,
elegant-60ml-frosted-18-415-reducer,,SKU,GB-ELG-FRS-60ML-RDC-MSLV-01,GB-ELG-FRS-60ML-RDC-MSLV-01,,0,deny,manual,2.22,
elegant-60ml-frosted-18-415-reducer,,SKU,GB-ELG-FRS-60ML-RDC-SBLK-01,GB-ELG-FRS-60ML-RDC-SBLK-01,,0,deny,manual,2.22,
diva-46ml-frosted-18-415-antiquespray,46 ml Frosted Diva Vintage Bulb Spray Bottle,SKU,GB-DVA-FRS-46ML-T-12,GB-DVA-FRS-46ML-T-12,shopify,1000,deny,manual,6.60,active
diva-46ml-frosted-18-415-antiquespray,,SKU,GB-DVA-FRS-46ML-T-16,GB-DVA-FRS-46ML-T-16,shopify,1000,deny,manual,6.60,
diva-46ml-frosted-18-415-antiquespray,,SKU,GB-DVA-FRS-46ML-T-18,GB-DVA-FRS-46ML-T-18,shopify,1000,deny,manual,6.60,
diva-46ml-frosted-18-415-antiquespray,,SKU,GB-DVA-FRS-46ML-T-17,GB-DVA-FRS-46ML-T-17,shopify,1000,deny,manual,6.60,
diva-46ml-frosted-18-415-antiquespray,,SKU,GB-DVA-FRS-46ML-T-15,GB-DVA-FRS-46ML-T-15,shopify,1000,deny,manual,6.60,
diva-46ml-frosted-18-415-antiquespray,,SKU,GB-DVA-FRS-46ML-T-13,GB-DVA-FRS-46ML-T-13,shopify,1000,deny,manual,6.60,
diva-46ml-frosted-18-415-antiquespray,,SKU,GB-DVA-FRS-46ML-T-14,GB-DVA-FRS-46ML-T-14,shopify,1000,deny,manual,6.60,
diva-46ml-frosted-18-415-antiquespray,,SKU,GB-DVA-FRS-46ML-T-29,GB-DVA-FRS-46ML-T-29,shopify,1000,deny,manual,6.60,
diva-46ml-frosted-18-415-antiquespray,,SKU,GB-DVA-FRS-46ML-T-19,GB-DVA-FRS-46ML-T-19,shopify,1000,deny,manual,6.60,
round-78ml-clear-18-415-reducer,78 ml Clear Round Reducer Bottle,SKU,GB-RND-CLR-78ML-RDC-BKLT,GB-RND-CLR-78ML-RDC-BKLT,shopify,1000,deny,manual,2.30,active
round-78ml-clear-18-415-reducer,,SKU,GB-RND-CLR-78ML-RDC-SGLD,GB-RND-CLR-78ML-RDC-SGLD,shopify,1000,deny,manual,2.02,
round-78ml-clear-18-415-reducer,,SKU,GB-RND-CLR-78ML-RDC-SSLV,GB-RND-CLR-78ML-RDC-SSLV,shopify,1000,deny,manual,2.02,
round-78ml-clear-18-415-reducer,,SKU,GB-RND-CLR-78ML-RDC-IVLT,GB-RND-CLR-78ML-RDC-IVLT,shopify,1000,deny,manual,2.30,
round-78ml-clear-18-415-reducer,,SKU,GB-RND-CLR-78ML-RDC-PKLT,GB-RND-CLR-78ML-RDC-PKLT,shopify,1000,deny,manual,2.30,
round-78ml-clear-18-415-reducer,,SKU,GB-RND-CLR-78ML-RDC-SBLK-T,GB-RND-CLR-78ML-RDC-SBLK-T,shopify,1000,deny,manual,2.02,
round-78ml-clear-18-415-reducer,,SKU,GB-RND-CLR-78ML-RDC-SBLK,GB-RND-CLR-78ML-RDC-SBLK,shopify,1000,deny,manual,2.02,
round-78ml-clear-18-415-reducer,,SKU,GB-RND-CLR-78ML-RDC-BRLT,GB-RND-CLR-78ML-RDC-BRLT,shopify,1000,deny,manual,2.30,
round-78ml-clear-18-415-reducer,,SKU,GB-RND-CLR-78ML-RDC-LBLT,GB-RND-CLR-78ML-RDC-LBLT,shopify,1000,deny,manual,2.30,
round-78ml-clear-18-415-reducer,,SKU,GB-RND-CLR-78ML-RDC-MSLV-T,GB-RND-CLR-78ML-RDC-MSLV-T,shopify,1000,deny,manual,2.02,
round-78ml-clear-18-415-reducer,,SKU,GB-RND-CLR-78ML-RDC-WHT,GB-RND-CLR-78ML-RDC-WHT,shopify,1000,deny,manual,2.02,
round-78ml-clear-18-415-reducer,,SKU,GB-RND-CLR-78ML-RDC-MSLV,GB-RND-CLR-78ML-RDC-MSLV,shopify,1000,deny,manual,2.02,
round-78ml-clear-18-415-reducer,,SKU,GB-RND-CLR-78ML-RDC-MSLV-01,GB-RND-CLR-78ML-RDC-MSLV-01,,0,deny,manual,2.02,
round-78ml-clear-18-415-reducer,,SKU,GB-RND-CLR-78ML-RDC-SBLK-01,GB-RND-CLR-78ML-RDC-SBLK-01,,0,deny,manual,2.02,
diva-46ml-frosted-18-415-antiquespray-tassel,46 ml Frosted Diva Vintage Bulb Spray Bottle with Tassel,SKU,GB-DVA-FRS-46ML-T-20,GB-DVA-FRS-46ML-T-20,shopify,1000,deny,manual,7.35,active
diva-46ml-frosted-18-415-antiquespray-tassel,,SKU,GB-DVA-FRS-46ML-T-24,GB-DVA-FRS-46ML-T-24,shopify,1000,deny,manual,7.35,
diva-46ml-frosted-18-415-antiquespray-tassel,,SKU,GB-DVA-FRS-46ML-T-22,GB-DVA-FRS-46ML-T-22,shopify,1000,deny,manual,7.35,
diva-46ml-frosted-18-415-antiquespray-tassel,,SKU,GB-DVA-FRS-46ML-T-23,GB-DVA-FRS-46ML-T-23,shopify,1000,deny,manual,7.35,
diva-46ml-frosted-18-415-antiquespray-tassel,,SKU,GB-DVA-FRS-46ML-T-28,GB-DVA-FRS-46ML-T-28,shopify,1000,deny,manual,7.35,
diva-46ml-frosted-18-415-antiquespray-tassel,,SKU,GB-DVA-FRS-46ML-T-26,GB-DVA-FRS-46ML-T-26,shopify,1000,deny,manual,7.35,
diva-46ml-frosted-18-415-antiquespray-tassel,,SKU,GB-DVA-FRS-46ML-T-25,GB-DVA-FRS-46ML-T-25,shopify,1000,deny,manual,7.35,
diva-46ml-frosted-18-415-antiquespray-tassel,,SKU,GB-DVA-FRS-46ML-T-21,GB-DVA-FRS-46ML-T-21,shopify,1000,deny,manual,7.35,
diva-46ml-frosted-18-415-antiquespray-tassel,,SKU,GB-DVA-FRS-46ML-T-27,GB-DVA-FRS-46ML-T-27,shopify,1000,deny,manual,7.35,
fine-mist-sprayer-18-415,Fine Mist Sprayer — Thread 18-415,SKU,CMP-SPR-MTGD-18-415-05,CMP-SPR-MTGD-18-415-05,shopify,1000,deny,manual,1.40,active
fine-mist-sprayer-18-415,,SKU,CMP-SPR-SHGD-18-415-05,CMP-SPR-SHGD-18-415-05,shopify,1000,deny,manual,1.40,
fine-mist-sprayer-18-415,,SKU,CMP-SPR-SHBK-18-415-06,CMP-SPR-SHBK-18-415-06,shopify,1000,deny,manual,1.40,
fine-mist-sprayer-18-415,,SKU,CMP-SPR-MTSL-18-415-06,CMP-SPR-MTSL-18-415-06,shopify,1000,deny,manual,1.40,
fine-mist-sprayer-18-415,,SKU,CMP-SPR-SHSL-18-415-06,CMP-SPR-SHSL-18-415-06,shopify,1000,deny,manual,1.40,
fine-mist-sprayer-18-415,,SKU,CMP-SPR-MTCP-18-415-03,CMP-SPR-MTCP-18-415-03,shopify,1000,deny,manual,1.40,
fine-mist-sprayer-18-415,,SKU,CMP-SPR-MTGD-18-415-01,CMP-SPR-MTGD-18-415-01,shopify,1000,deny,manual,4.25,
fine-mist-sprayer-18-415,,SKU,CMP-SPR-SHBK-18-415-01,CMP-SPR-SHBK-18-415-01,shopify,1000,deny,manual,4.25,
fine-mist-sprayer-18-415,,SKU,CMP-SPR-BLK-18-415-02,CMP-SPR-BLK-18-415-02,,0,deny,manual,5.00,
fine-mist-sprayer-18-415,,SKU,CMP-SPR-IVGD-18-415-01,CMP-SPR-IVGD-18-415-01,,0,deny,manual,4.25,
fine-mist-sprayer-18-415,,SKU,CMP-SPR-IVGD-18-415-02,CMP-SPR-IVGD-18-415-02,,0,deny,manual,5.00,
fine-mist-sprayer-18-415,,SKU,CMP-SPR-IVSL-18-415-01,CMP-SPR-IVSL-18-415-01,,0,deny,manual,4.25,
fine-mist-sprayer-18-415,,SKU,CMP-SPR-IVSL-18-415-02,CMP-SPR-IVSL-18-415-02,,0,deny,manual,5.00,
fine-mist-sprayer-18-415,,SKU,CMP-SPR-LVN-18-415-01,CMP-SPR-LVN-18-415-01,,0,deny,manual,4.25,
fine-mist-sprayer-18-415,,SKU,CMP-SPR-LVN-18-415-02,CMP-SPR-LVN-18-415-02,,0,deny,manual,5.00,
fine-mist-sprayer-18-415,,SKU,CMP-SPR-MSLV-18-415-01,CMP-SPR-MSLV-18-415-01,,0,deny,manual,4.25,
fine-mist-sprayer-18-415,,SKU,CMP-SPR-MSLV-18-415-02,CMP-SPR-MSLV-18-415-02,,0,deny,manual,5.00,
fine-mist-sprayer-18-415,,SKU,CMP-SPR-PNK-18-415,CMP-SPR-PNK-18-415,,0,deny,manual,5.00,
fine-mist-sprayer-18-415,,SKU,CMP-SPR-RED-18-415-01,CMP-SPR-RED-18-415-01,,0,deny,manual,4.25,
fine-mist-sprayer-18-415,,SKU,CMP-SPR-RED-18-415-02,CMP-SPR-RED-18-415-02,,0,deny,manual,5.00,
fine-mist-sprayer-18-415,,SKU,CMP-SPR-WHT-18-415-01,CMP-SPR-WHT-18-415-01,,0,deny,manual,4.25,
fine-mist-sprayer-18-415,,SKU,CMP-SPR-WHT-18-415-02,CMP-SPR-WHT-18-415-02,,0,deny,manual,5.00,
circle-50ml-clear-18-415-antiquespray,50 ml Clear Circle Vintage Bulb Spray Bottle,SKU,GB-CIR-CLR-50ML-ASP-BLK,GB-CIR-CLR-50ML-ASP-BLK,shopify,1000,deny,manual,5.45,active
circle-50ml-clear-18-415-antiquespray,,SKU,GB-CIR-CLR-50ML-ASP-LVN,GB-CIR-CLR-50ML-ASP-LVN,shopify,1000,deny,manual,5.45,
circle-50ml-clear-18-415-antiquespray,,SKU,GB-CIR-CLR-50ML-ASP-PNK,GB-CIR-CLR-50ML-ASP-PNK,shopify,1000,deny,manual,5.45,
circle-50ml-clear-18-415-antiquespray,,SKU,GB-CIR-CLR-50ML-ASP-MSLV,GB-CIR-CLR-50ML-ASP-MSLV,shopify,1000,deny,manual,5.45,
circle-50ml-clear-18-415-antiquespray,,SKU,GB-CIR-CLR-50ML-ASP-IVSL,GB-CIR-CLR-50ML-ASP-IVSL,shopify,1000,deny,manual,5.45,
circle-50ml-clear-18-415-antiquespray,,SKU,GB-CIR-CLR-50ML-ASP-GLD,GB-CIR-CLR-50ML-ASP-GLD,shopify,1000,deny,manual,5.45,
circle-50ml-clear-18-415-antiquespray,,SKU,GB-CIR-CLR-50ML-ASP-IVGD,GB-CIR-CLR-50ML-ASP-IVGD,shopify,1000,deny,manual,5.45,
circle-50ml-clear-18-415-antiquespray,,SKU,GB-CIR-CLR-50ML-ASP-WHT,GB-CIR-CLR-50ML-ASP-WHT,shopify,1000,deny,manual,5.45,
circle-50ml-clear-18-415-antiquespray,,SKU,GB-CIR-CLR-50ML-ASP-RED,GB-CIR-CLR-50ML-ASP-RED,shopify,1000,deny,manual,5.45,
circle-50ml-clear-18-415-antiquespray,,SKU,GB-CIR-CLR-50ML-ASP-02,GB-CIR-CLR-50ML-ASP-02,shopify,1000,deny,manual,6.20,
circle-50ml-clear-18-415-antiquespray,,SKU,GB-CIR-CLR-50ML-ASP-01,GB-CIR-CLR-50ML-ASP-01,shopify,1000,deny,manual,6.15,
round-128ml-clear-18-415-reducer,128 ml Clear Round Reducer Bottle,SKU,GB-RND-CLR-128ML-RDC-IVLT,GB-RND-CLR-128ML-RDC-IVLT,shopify,1000,deny,manual,2.30,active
round-128ml-clear-18-415-reducer,,SKU,GB-RND-CLR-128ML-RDC-SGLD,GB-RND-CLR-128ML-RDC-SGLD,shopify,1000,deny,manual,2.02,
round-128ml-clear-18-415-reducer,,SKU,GB-RND-CLR-128ML-RDC-SBLK-T,GB-RND-CLR-128ML-RDC-SBLK-T,shopify,1000,deny,manual,2.02,
round-128ml-clear-18-415-reducer,,SKU,GB-RND-CLR-128ML-RDC-SBLK,GB-RND-CLR-128ML-RDC-SBLK,shopify,1000,deny,manual,2.02,
round-128ml-clear-18-415-reducer,,SKU,GB-RND-CLR-128ML-RDC-BRLT,GB-RND-CLR-128ML-RDC-BRLT,shopify,1000,deny,manual,2.30,
round-128ml-clear-18-415-reducer,,SKU,GB-RND-CLR-128ML-RDC-LBLT,GB-RND-CLR-128ML-RDC-LBLT,shopify,1000,deny,manual,2.30,
round-128ml-clear-18-415-reducer,,SKU,GB-RND-CLR-128ML-RDC-SSLV,GB-RND-CLR-128ML-RDC-SSLV,shopify,1000,deny,manual,2.02,
round-128ml-clear-18-415-reducer,,SKU,GB-RND-CLR-128ML-RDC-MSLV-T,GB-RND-CLR-128ML-RDC-MSLV-T,shopify,1000,deny,manual,2.02,
round-128ml-clear-18-415-reducer,,SKU,GB-RND-CLR-128ML-RDC-MSLV,GB-RND-CLR-128ML-RDC-MSLV,shopify,1000,deny,manual,2.02,
round-128ml-clear-18-415-reducer,,SKU,GB-RND-CLR-128ML-RDC-WHT,GB-RND-CLR-128ML-RDC-WHT,shopify,1000,deny,manual,2.02,
round-128ml-clear-18-415-reducer,,SKU,GB-RND-CLR-128ML-RDC-BKLT,GB-RND-CLR-128ML-RDC-BKLT,shopify,1000,deny,manual,2.30,
round-128ml-clear-18-415-reducer,,SKU,GB-RND-CLR-128ML-RDC-PKLT,GB-RND-CLR-128ML-RDC-PKLT,shopify,1000,deny,manual,2.30,
round-128ml-clear-18-415-reducer,,SKU,GB-RND-CLR-128ML-RDC-MSLV-01,GB-RND-CLR-128ML-RDC-MSLV-01,,0,deny,manual,2.02,
round-128ml-clear-18-415-reducer,,SKU,GB-RND-CLR-128ML-RDC-SBLK-01,GB-RND-CLR-128ML-RDC-SBLK-01,,0,deny,manual,2.02,
circle-50ml-clear-18-415-antiquespray-tassel,50 ml Clear Circle Vintage Bulb Spray Bottle with Tassel,SKU,GB-CIR-CLR-50ML-AST-BLK,GB-CIR-CLR-50ML-AST-BLK,shopify,1000,deny,manual,6.20,active
circle-50ml-clear-18-415-antiquespray-tassel,,SKU,GB-CIR-CLR-50ML-AST-LVN,GB-CIR-CLR-50ML-AST-LVN,shopify,1000,deny,manual,6.20,
circle-50ml-clear-18-415-antiquespray-tassel,,SKU,GB-CIR-CLR-50ML-AST-IVGD,GB-CIR-CLR-50ML-AST-IVGD,shopify,1000,deny,manual,6.20,
circle-50ml-clear-18-415-antiquespray-tassel,,SKU,GB-CIR-CLR-50ML-AST-IVSL,GB-CIR-CLR-50ML-AST-IVSL,shopify,1000,deny,manual,6.20,
circle-50ml-clear-18-415-antiquespray-tassel,,SKU,GB-CIR-CLR-50ML-AST-WHT,GB-CIR-CLR-50ML-AST-WHT,shopify,1000,deny,manual,6.20,
circle-50ml-clear-18-415-antiquespray-tassel,,SKU,GB-CIR-CLR-50ML-AST-PNK,GB-CIR-CLR-50ML-AST-PNK,shopify,1000,deny,manual,6.20,
circle-50ml-clear-18-415-antiquespray-tassel,,SKU,GB-CIR-CLR-50ML-AST-GLD,GB-CIR-CLR-50ML-AST-GLD,shopify,1000,deny,manual,6.20,
circle-50ml-frosted-18-415-antiquespray,50 ml Frosted Circle Vintage Bulb Spray Bottle,SKU,GB-CIR-FRS-50ML-ASP-BLK,GB-CIR-FRS-50ML-ASP-BLK,shopify,1000,deny,manual,5.95,active
circle-50ml-frosted-18-415-antiquespray,,SKU,GB-CIR-FRS-50ML-ASP-01,GB-CIR-FRS-50ML-ASP-01,shopify,1000,deny,manual,6.70,
circle-50ml-frosted-18-415-antiquespray,,SKU,GB-CIR-FRS-50ML-ASP-LVN,GB-CIR-FRS-50ML-ASP-LVN,shopify,1000,deny,manual,5.95,
circle-50ml-frosted-18-415-antiquespray,,SKU,GB-CIR-FRS-50ML-ASP-PNK,GB-CIR-FRS-50ML-ASP-PNK,shopify,1000,deny,manual,5.95,
circle-50ml-frosted-18-415-antiquespray,,SKU,GB-CIR-FRS-50ML-ASP-MSLV,GB-CIR-FRS-50ML-ASP-MSLV,shopify,1000,deny,manual,5.95,
circle-50ml-frosted-18-415-antiquespray,,SKU,GB-CIR-FRS-50ML-ASP-IVSL,GB-CIR-FRS-50ML-ASP-IVSL,shopify,1000,deny,manual,5.95,
circle-50ml-frosted-18-415-antiquespray,,SKU,GB-CIR-FRS-50ML-ASP-SGLD,GB-CIR-FRS-50ML-ASP-SGLD,shopify,1000,deny,manual,5.95,
circle-50ml-frosted-18-415-antiquespray,,SKU,GB-CIR-FRS-50ML-ASP-IVGD,GB-CIR-FRS-50ML-ASP-IVGD,shopify,1000,deny,manual,5.95,
circle-50ml-frosted-18-415-antiquespray,,SKU,GB-CIR-FRS-50ML-ASP-WHT,GB-CIR-FRS-50ML-ASP-WHT,shopify,1000,deny,manual,5.95,
circle-50ml-frosted-18-415-antiquespray,,SKU,GB-CIR-FRS-50ML-ASP-RED,GB-CIR-FRS-50ML-ASP-RED,shopify,1000,deny,manual,5.95,
circle-50ml-frosted-18-415-antiquespray,,SKU,GB-CIR-FRS-50ML-ASP-05,GB-CIR-FRS-50ML-ASP-05,shopify,1000,deny,manual,6.70,
circle-50ml-frosted-18-415-antiquespray,,SKU,GB-CIR-FRS-50ML-ASP-03,GB-CIR-FRS-50ML-ASP-03,shopify,1000,deny,manual,6.70,
circle-50ml-frosted-18-415-antiquespray,,SKU,GB-CIR-FRS-50ML-ASP-04,GB-CIR-FRS-50ML-ASP-04,shopify,1000,deny,manual,6.70,
circle-50ml-frosted-18-415-antiquespray,,SKU,GB-CIR-FRS-50ML-ASP-09,GB-CIR-FRS-50ML-ASP-09,shopify,1000,deny,manual,6.70,
circle-50ml-frosted-18-415-antiquespray,,SKU,GB-CIR-FRS-50ML-ASP-07,GB-CIR-FRS-50ML-ASP-07,shopify,1000,deny,manual,6.70,
circle-50ml-frosted-18-415-antiquespray,,SKU,GB-CIR-FRS-50ML-ASP-08,GB-CIR-FRS-50ML-ASP-08,shopify,1000,deny,manual,6.70,
circle-50ml-frosted-18-415-antiquespray,,SKU,GB-CIR-FRS-50ML-ASP-06,GB-CIR-FRS-50ML-ASP-06,shopify,1000,deny,manual,6.70,
circle-50ml-frosted-18-415-antiquespray,,SKU,GB-CIR-FRS-50ML-ASP-02,GB-CIR-FRS-50ML-ASP-02,shopify,1000,deny,manual,6.70,
sleek-5ml-clear-13-415-rollon,5 ml Clear Sleek Roll-On Bottle,SKU,GB-SLK-CLR-5ML-MRL-SBLK,GB-SLK-CLR-5ML-MRL-SBLK,shopify,1000,deny,manual,0.80,active
sleek-5ml-clear-13-415-rollon,,SKU,GB-SLK-CLR-5ML-MRL-MCPR,GB-SLK-CLR-5ML-MRL-MCPR,shopify,1000,deny,manual,0.80,
sleek-5ml-clear-13-415-rollon,,SKU,GB-SLK-CLR-5ML-MRL-MGLD,GB-SLK-CLR-5ML-MRL-MGLD,shopify,1000,deny,manual,0.80,
sleek-5ml-clear-13-415-rollon,,SKU,GB-SLK-CLR-5ML-MRL-SGLD,GB-SLK-CLR-5ML-MRL-SGLD,shopify,1000,deny,manual,0.80,
sleek-5ml-clear-13-415-rollon,,SKU,GB-SLK-CLR-5ML-MRL-PKDT,GB-SLK-CLR-5ML-MRL-PKDT,shopify,1000,deny,manual,0.87,
sleek-5ml-clear-13-415-rollon,,SKU,GB-SLK-CLR-5ML-MRL-SLDT,GB-SLK-CLR-5ML-MRL-SLDT,shopify,1000,deny,manual,0.87,
sleek-5ml-clear-13-415-rollon,,SKU,GB-SLK-CLR-5ML-MRL-MSLV,GB-SLK-CLR-5ML-MRL-MSLV,shopify,1000,deny,manual,0.80,
sleek-5ml-clear-13-415-rollon,,SKU,GB-SLK-CLR-5ML-MRL-SSLV,GB-SLK-CLR-5ML-MRL-SSLV,shopify,1000,deny,manual,0.80,
sleek-5ml-clear-13-415-rollon,,SKU,GB-SLK-CLR-5ML-ROL-BKDT,GB-SLK-CLR-5ML-ROL-BKDT,shopify,1000,deny,manual,0.79,
sleek-5ml-clear-13-415-rollon,,SKU,GB-SLK-CLR-5ML-ROL-SBLK,GB-SLK-CLR-5ML-ROL-SBLK,shopify,1000,deny,manual,0.72,
sleek-5ml-clear-13-415-rollon,,SKU,GB-SLK-CLR-5ML-ROL-SGLD,GB-SLK-CLR-5ML-ROL-SGLD,shopify,1000,deny,manual,0.72,
sleek-5ml-clear-13-415-rollon,,SKU,GB-SLK-CLR-5ML-ROL-SSLV,GB-SLK-CLR-5ML-ROL-SSLV,shopify,1000,deny,manual,0.72,
sleek-5ml-clear-13-415-rollon,,SKU,GB-SLK-CLR-5ML-ROL-PKDT,GB-SLK-CLR-5ML-ROL-PKDT,shopify,1000,deny,manual,0.79,
sleek-5ml-clear-13-415-rollon,,SKU,GB-SLK-CLR-5ML-ROL-SLDT,GB-SLK-CLR-5ML-ROL-SLDT,shopify,1000,deny,manual,0.79,
sleek-5ml-clear-13-415-rollon,,SKU,GB-SLK-CLR-5ML-ROL-MCPR,GB-SLK-CLR-5ML-ROL-MCPR,shopify,1000,deny,manual,0.72,
sleek-5ml-clear-13-415-rollon,,SKU,GB-SLK-CLR-5ML-ROL-MGLD,GB-SLK-CLR-5ML-ROL-MGLD,shopify,1000,deny,manual,0.72,
sleek-5ml-clear-13-415-rollon,,SKU,GB-SLK-CLR-5ML-ROL-MSLV,GB-SLK-CLR-5ML-ROL-MSLV,shopify,1000,deny,manual,0.72,
sleek-5ml-clear-13-415-rollon,,SKU,GB-SLK-CLR-5ML-MRL-BKDT,GB-SLK-CLR-5ML-MRL-BKDT,shopify,1000,deny,manual,0.87,
round-78ml-clear-18-415-antiquespray-tassel,78 ml Clear Round Vintage Bulb Spray Bottle with Tassel,SKU,GB-RND-CLR-78ML-AST-GLD,GB-RND-CLR-78ML-AST-GLD,shopify,1000,deny,manual,6.65,active
round-78ml-clear-18-415-antiquespray-tassel,,SKU,GB-RND-CLR-78ML-AST-IVGD,GB-RND-CLR-78ML-AST-IVGD,shopify,1000,deny,manual,6.65,
round-78ml-clear-18-415-antiquespray-tassel,,SKU,GB-RND-CLR-78ML-AST-LVN,GB-RND-CLR-78ML-AST-LVN,shopify,1000,deny,manual,6.65,
round-78ml-clear-18-415-antiquespray-tassel,,SKU,GB-RND-CLR-78ML-AST-WHT,GB-RND-CLR-78ML-AST-WHT,shopify,1000,deny,manual,6.65,
round-78ml-clear-18-415-antiquespray-tassel,,SKU,GB-RND-CLR-78ML-AST-PNK,GB-RND-CLR-78ML-AST-PNK,shopify,1000,deny,manual,6.65,
round-78ml-clear-18-415-antiquespray-tassel,,SKU,GB-RND-CLR-78ML-AST-RED,GB-RND-CLR-78ML-AST-RED,shopify,1000,deny,manual,6.65,
round-78ml-clear-18-415-antiquespray-tassel,,SKU,GB-RND-CLR-78ML-AST-MSLV,GB-RND-CLR-78ML-AST-MSLV,shopify,1000,deny,manual,6.65,
round-78ml-clear-18-415-antiquespray-tassel,,SKU,GB-RND-CLR-78ML-AST-IVSL,GB-RND-CLR-78ML-AST-IVSL,shopify,1000,deny,manual,6.65,
round-78ml-clear-18-415-antiquespray-tassel,,SKU,GB-RND-CLR-78ML-AST-BLK,GB-RND-CLR-78ML-AST-BLK,shopify,1000,deny,manual,6.65,
cylinder-50ml-clear-18-415-antiquespray,50 ml Clear Cylinder Vintage Bulb Spray Bottle,SKU,GB-CYL-CLR-50ML-ASP-BLK,GB-CYL-CLR-50ML-ASP-BLK,shopify,1000,deny,manual,5.55,active
cylinder-50ml-clear-18-415-antiquespray,,SKU,GB-CYL-CLR-50ML-ASP-LVN,GB-CYL-CLR-50ML-ASP-LVN,shopify,1000,deny,manual,5.55,
cylinder-50ml-clear-18-415-antiquespray,,SKU,GB-CYL-CLR-50ML-ASP-PNK,GB-CYL-CLR-50ML-ASP-PNK,shopify,1000,deny,manual,5.55,
cylinder-50ml-clear-18-415-antiquespray,,SKU,GB-CYL-CLR-50ML-ASP-MSLV,GB-CYL-CLR-50ML-ASP-MSLV,shopify,1000,deny,manual,5.55,
cylinder-50ml-clear-18-415-antiquespray,,SKU,GB-CYL-CLR-50ML-ASP-IVSL,GB-CYL-CLR-50ML-ASP-IVSL,shopify,1000,deny,manual,5.55,
cylinder-50ml-clear-18-415-antiquespray,,SKU,GB-CYL-CLR-50ML-ASP-GLD,GB-CYL-CLR-50ML-ASP-GLD,shopify,1000,deny,manual,5.55,
cylinder-50ml-clear-18-415-antiquespray,,SKU,GB-CYL-CLR-50ML-ASP-IVGD,GB-CYL-CLR-50ML-ASP-IVGD,shopify,1000,deny,manual,5.55,
cylinder-50ml-clear-18-415-antiquespray,,SKU,GB-CYL-CLR-50ML-ASP-WHT,GB-CYL-CLR-50ML-ASP-WHT,shopify,1000,deny,manual,5.55,
cylinder-50ml-clear-18-415-antiquespray,,SKU,GB-CYL-CLR-50ML-ASP-RED,GB-CYL-CLR-50ML-ASP-RED,shopify,1000,deny,manual,5.55,
roll-on-fitment-20-400,Roll-On Fitment — Thread 20-400,SKU,CMP-ROC-MSLV-20400-T,CMP-ROC-MSLV-20400-T,shopify,1000,deny,manual,0.45,active
roll-on-fitment-20-400,,SKU,CMP-ROC-MGLD-20400-T,CMP-ROC-MGLD-20400-T,shopify,1000,deny,manual,0.45,
roll-on-fitment-20-400,,SKU,CMP-ROC-SGLD-20400-T,CMP-ROC-SGLD-20400-T,shopify,1000,deny,manual,0.45,
roll-on-fitment-20-400,,SKU,CMP-ROC-SBLK-20400-T,CMP-ROC-SBLK-20400-T,shopify,1000,deny,manual,0.45,
roll-on-fitment-20-400,,SKU,CMP-ROC-SSLV-20400-T,CMP-ROC-SSLV-20400-T,shopify,1000,deny,manual,0.45,
roll-on-fitment-20-400,,SKU,CMP-ROC-MBLK-20400-T,CMP-ROC-MBLK-20400-T,shopify,1000,deny,manual,0.45,
cylinder-50ml-clear-18-415-antiquespray-tassel,50 ml Clear Cylinder Vintage Bulb Spray Bottle with Tassel,SKU,GB-CYL-CLR-50ML-AST-BLK,GB-CYL-CLR-50ML-AST-BLK,shopify,1000,deny,manual,6.30,active
cylinder-50ml-clear-18-415-antiquespray-tassel,,SKU,GB-CYL-CLR-50ML-AST-LVN,GB-CYL-CLR-50ML-AST-LVN,shopify,1000,deny,manual,6.30,
cylinder-50ml-clear-18-415-antiquespray-tassel,,SKU,GB-CYL-CLR-50ML-AST-IVGD,GB-CYL-CLR-50ML-AST-IVGD,shopify,1000,deny,manual,6.30,
cylinder-50ml-clear-18-415-antiquespray-tassel,,SKU,GB-CYL-CLR-50ML-AST-IVSL,GB-CYL-CLR-50ML-AST-IVSL,shopify,1000,deny,manual,6.30,
cylinder-50ml-clear-18-415-antiquespray-tassel,,SKU,GB-CYL-CLR-50ML-AST-WHT,GB-CYL-CLR-50ML-AST-WHT,shopify,1000,deny,manual,6.30,
cylinder-50ml-clear-18-415-antiquespray-tassel,,SKU,GB-CYL-CLR-50ML-AST-PNK,GB-CYL-CLR-50ML-AST-PNK,shopify,1000,deny,manual,6.30,
cylinder-50ml-clear-18-415-antiquespray-tassel,,SKU,GB-CYL-CLR-50ML-AST-RED,GB-CYL-CLR-50ML-AST-RED,shopify,1000,deny,manual,6.30,
cylinder-50ml-clear-18-415-antiquespray-tassel,,SKU,GB-CYL-CLR-50ML-AST-MSLV,GB-CYL-CLR-50ML-AST-MSLV,shopify,1000,deny,manual,6.30,
cylinder-50ml-clear-18-415-antiquespray-tassel,,SKU,GB-CYL-CLR-50ML-AST-GLD,GB-CYL-CLR-50ML-AST-GLD,shopify,1000,deny,manual,6.30,
empire-50ml-clear-18-415-antiquespray,50 ml Clear Empire Vintage Bulb Spray Bottle,SKU,GB-EMP-CLR-50ML-ASP-BLK,GB-EMP-CLR-50ML-ASP-BLK,shopify,1000,deny,manual,6.15,active
empire-50ml-clear-18-415-antiquespray,,SKU,GB-EMP-CLR-50ML-ASP-GLD,GB-EMP-CLR-50ML-ASP-GLD,shopify,1000,deny,manual,6.15,
empire-50ml-clear-18-415-antiquespray,,SKU,GB-EMP-CLR-50ML-ASP-LVN,GB-EMP-CLR-50ML-ASP-LVN,shopify,1000,deny,manual,6.15,
empire-50ml-clear-18-415-antiquespray,,SKU,GB-EMP-CLR-50ML-ASP-PNK,GB-EMP-CLR-50ML-ASP-PNK,shopify,1000,deny,manual,6.15,
empire-50ml-clear-18-415-antiquespray,,SKU,GB-EMP-CLR-50ML-ASP-IVGD,GB-EMP-CLR-50ML-ASP-IVGD,shopify,1000,deny,manual,6.15,
empire-50ml-clear-18-415-antiquespray,,SKU,GB-EMP-CLR-50ML-ASP-IVSL,GB-EMP-CLR-50ML-ASP-IVSL,shopify,1000,deny,manual,6.15,
empire-50ml-clear-18-415-antiquespray,,SKU,GB-EMP-CLR-50ML-ASP-RED,GB-EMP-CLR-50ML-ASP-RED,shopify,1000,deny,manual,6.15,
empire-50ml-clear-18-415-antiquespray,,SKU,GB-EMP-CLR-50ML-ASP-MSLV,GB-EMP-CLR-50ML-ASP-MSLV,shopify,1000,deny,manual,6.15,
empire-50ml-clear-18-415-antiquespray,,SKU,GB-EMP-CLR-50ML-ASP-WHT,GB-EMP-CLR-50ML-ASP-WHT,shopify,1000,deny,manual,6.15,
cylinder-9ml-amber-17-415-lotionpump,9 ml Amber Cylinder Lotion Pump Bottle,SKU,LB-CYL-AMB-9ML-LPM-GLD,LB-CYL-AMB-9ML-LPM-GLD,shopify,1000,deny,manual,0.88,active
cylinder-9ml-amber-17-415-lotionpump,,SKU,LB-CYL-AMB-9ML-LPM-MSLV,LB-CYL-AMB-9ML-LPM-MSLV,shopify,1000,deny,manual,0.88,
cylinder-9ml-amber-17-415-lotionpump,,SKU,LB-CYL-AMB-9ML-LPM-BLK,LB-CYL-AMB-9ML-LPM-BLK,shopify,1000,deny,manual,0.88,
cylinder-5ml-cobalt-blue-13-415-finemist,5 ml Cobalt Blue Cylinder Fine Mist Spray Bottle,SKU,GB-CYL-BLU-5ML-SPR-SSLV,GB-CYL-BLU-5ML-SPR-SSLV,shopify,1000,deny,manual,0.87,active
cylinder-5ml-cobalt-blue-13-415-finemist,,SKU,GB-CYL-BLU-5ML-SPR-SBLK,GB-CYL-BLU-5ML-SPR-SBLK,shopify,1000,deny,manual,0.87,
cylinder-5ml-cobalt-blue-13-415-finemist,,SKU,GB-CYL-BLU-5ML-SPR-SGLD,GB-CYL-BLU-5ML-SPR-SGLD,shopify,1000,deny,manual,0.87,
cylinder-5ml-cobalt-blue-13-415-finemist,,SKU,GB-CYL-BLU-5ML-SPR-MGLD,GB-CYL-BLU-5ML-SPR-MGLD,shopify,1000,deny,manual,0.87,
cylinder-5ml-cobalt-blue-13-415-finemist,,SKU,GB-CYL-BLU-5ML-SPR-MBLU,GB-CYL-BLU-5ML-SPR-MBLU,shopify,1000,deny,manual,0.87,
cylinder-5ml-cobalt-blue-13-415-finemist,,SKU,GB-CYL-BLU-5ML-SPR-MCPR,GB-CYL-BLU-5ML-SPR-MCPR,shopify,1000,deny,manual,0.87,
cylinder-5ml-cobalt-blue-13-415-finemist,,SKU,GB-CYL-BLU-5ML-SPR-MSLV,GB-CYL-BLU-5ML-SPR-MSLV,shopify,1000,deny,manual,0.87,
round-128ml-frosted-18-415-reducer,128 ml Frosted Round Reducer Bottle,SKU,GB-RND-FRS-128ML-RDC-BLK,GB-RND-FRS-128ML-RDC-BLK,shopify,1000,deny,manual,2.80,active
round-128ml-frosted-18-415-reducer,,SKU,GB-RND-FRS-128ML-RDC-SSLV,GB-RND-FRS-128ML-RDC-SSLV,shopify,1000,deny,manual,2.52,
round-128ml-frosted-18-415-reducer,,SKU,GB-RND-FRS-128ML-RDC-SGLD,GB-RND-FRS-128ML-RDC-SGLD,shopify,1000,deny,manual,2.52,
round-128ml-frosted-18-415-reducer,,SKU,GB-RND-FRS-128ML-RDC-SBLK-T,GB-RND-FRS-128ML-RDC-SBLK-T,shopify,1000,deny,manual,2.52,
round-128ml-frosted-18-415-reducer,,SKU,GB-RND-FRS-128ML-RDC-SBLK,GB-RND-FRS-128ML-RDC-SBLK,shopify,1000,deny,manual,2.52,
round-128ml-frosted-18-415-reducer,,SKU,GB-RND-FRS-128ML-RDC-01,GB-RND-FRS-128ML-RDC-01,shopify,1000,deny,manual,2.80,
round-128ml-frosted-18-415-reducer,,SKU,GB-RND-FRS-128ML-RDC-02,GB-RND-FRS-128ML-RDC-02,shopify,1000,deny,manual,2.80,
round-128ml-frosted-18-415-reducer,,SKU,GB-RND-FRS-128ML-RDC-MSLV-T,GB-RND-FRS-128ML-RDC-MSLV-T,shopify,1000,deny,manual,2.52,
round-128ml-frosted-18-415-reducer,,SKU,GB-RND-FRS-128ML-RDC-MSLV,GB-RND-FRS-128ML-RDC-MSLV,shopify,1000,deny,manual,2.52,
round-128ml-frosted-18-415-reducer,,SKU,GB-RND-FRS-128ML-RDC-WHT,GB-RND-FRS-128ML-RDC-WHT,shopify,1000,deny,manual,2.52,
round-128ml-frosted-18-415-reducer,,SKU,GB-RND-FRS-128ML-RDC-PNK,GB-RND-FRS-128ML-RDC-PNK,shopify,1000,deny,manual,2.80,
round-128ml-frosted-18-415-reducer,,SKU,GB-RND-FRS-128ML-RDC-IVR,GB-RND-FRS-128ML-RDC-IVR,shopify,1000,deny,manual,2.80,
round-128ml-frosted-18-415-reducer,,SKU,GB-RND-FRS-128ML-RDC-MSLV-01,GB-RND-FRS-128ML-RDC-MSLV-01,,0,deny,manual,2.52,
round-128ml-frosted-18-415-reducer,,SKU,GB-RND-FRS-128ML-RDC-SBLK-01,GB-RND-FRS-128ML-RDC-SBLK-01,,0,deny,manual,2.52,
tulip-5ml-amber-13-415-rollon,5 ml Amber Tulip Roll-On Bottle,SKU,GB-CYL-AMB-5ML-MRL-MCPR,GB-CYL-AMB-5ML-MRL-MCPR,shopify,1000,deny,manual,0.82,active
tulip-5ml-amber-13-415-rollon,,SKU,GB-CYL-AMB-5ML-MRL-MGLD,GB-CYL-AMB-5ML-MRL-MGLD,shopify,1000,deny,manual,0.82,
tulip-5ml-amber-13-415-rollon,,SKU,GB-CYL-AMB-5ML-MRL-SGLD,GB-CYL-AMB-5ML-MRL-SGLD,shopify,1000,deny,manual,0.82,
tulip-5ml-amber-13-415-rollon,,SKU,GB-CYL-AMB-5ML-MRL-PKDT,GB-CYL-AMB-5ML-MRL-PKDT,shopify,1000,deny,manual,0.89,
tulip-5ml-amber-13-415-rollon,,SKU,GB-CYL-AMB-5ML-MRL-SLDT,GB-CYL-AMB-5ML-MRL-SLDT,shopify,1000,deny,manual,0.89,
tulip-5ml-amber-13-415-rollon,,SKU,GB-CYL-AMB-5ML-MRL-MSLV,GB-CYL-AMB-5ML-MRL-MSLV,shopify,1000,deny,manual,0.82,
tulip-5ml-amber-13-415-rollon,,SKU,GB-CYL-AMB-5ML-MRL-SSLV,GB-CYL-AMB-5ML-MRL-SSLV,shopify,1000,deny,manual,0.82,
tulip-5ml-amber-13-415-rollon,,SKU,GB-CYL-AMB-5ML-MRL-SBLK,GB-CYL-AMB-5ML-MRL-SBLK,shopify,1000,deny,manual,0.82,
tulip-5ml-amber-13-415-rollon,,SKU,GB-CYL-AMB-5ML-ROL-BKDT,GB-CYL-AMB-5ML-ROL-BKDT,shopify,1000,deny,manual,0.81,
tulip-5ml-amber-13-415-rollon,,SKU,GB-CYL-AMB-5ML-ROL-SBLK,GB-CYL-AMB-5ML-ROL-SBLK,shopify,1000,deny,manual,0.74,
tulip-5ml-amber-13-415-rollon,,SKU,GB-CYL-AMB-5ML-ROL-MCPR,GB-CYL-AMB-5ML-ROL-MCPR,shopify,1000,deny,manual,0.74,
tulip-5ml-amber-13-415-rollon,,SKU,GB-CYL-AMB-5ML-ROL-MGLD,GB-CYL-AMB-5ML-ROL-MGLD,shopify,1000,deny,manual,0.74,
tulip-5ml-amber-13-415-rollon,,SKU,GB-CYL-AMB-5ML-ROL-PKDT,GB-CYL-AMB-5ML-ROL-PKDT,shopify,1000,deny,manual,0.81,
tulip-5ml-amber-13-415-rollon,,SKU,GB-CYL-AMB-5ML-ROL-SLDT,GB-CYL-AMB-5ML-ROL-SLDT,shopify,1000,deny,manual,0.81,
tulip-5ml-amber-13-415-rollon,,SKU,GB-CYL-AMB-5ML-ROL-MSLV,GB-CYL-AMB-5ML-ROL-MSLV,shopify,1000,deny,manual,0.74,
tulip-5ml-amber-13-415-rollon,,SKU,GB-CYL-AMB-5ML-ROL-SSLV,GB-CYL-AMB-5ML-ROL-SSLV,shopify,1000,deny,manual,0.74,
tulip-5ml-amber-13-415-rollon,,SKU,GB-CYL-AMB-5ML-MRL-BKDT,GB-CYL-AMB-5ML-MRL-BKDT,shopify,1000,deny,manual,0.89,
tulip-5ml-amber-13-415-rollon,,SKU,GB-CYL-AMB-5ML-ROL-SGLD,GB-CYL-AMB-5ML-ROL-SGLD,shopify,1000,deny,manual,0.74,
round-78ml-frosted-18-415-antiquespray,78 ml Frosted Round Vintage Bulb Spray Bottle,SKU,GB-RND-FRS-78ML-ASP-GLD,GB-RND-FRS-78ML-ASP-GLD,shopify,1000,deny,manual,6.40,active
round-78ml-frosted-18-415-antiquespray,,SKU,GB-RND-FRS-78ML-ASP-IVGD,GB-RND-FRS-78ML-ASP-IVGD,shopify,1000,deny,manual,6.40,
round-78ml-frosted-18-415-antiquespray,,SKU,GB-RND-FRS-78ML-ASP-IVSL,GB-RND-FRS-78ML-ASP-IVSL,shopify,1000,deny,manual,6.40,
round-78ml-frosted-18-415-antiquespray,,SKU,GB-RND-FRS-78ML-ASP-PNK,GB-RND-FRS-78ML-ASP-PNK,shopify,1000,deny,manual,6.40,
round-78ml-frosted-18-415-antiquespray,,SKU,GB-RND-FRS-78ML-ASP-LVN,GB-RND-FRS-78ML-ASP-LVN,shopify,1000,deny,manual,6.40,
round-78ml-frosted-18-415-antiquespray,,SKU,GB-RND-FRS-78ML-ASP-RED,GB-RND-FRS-78ML-ASP-RED,shopify,1000,deny,manual,6.40,
round-78ml-frosted-18-415-antiquespray,,SKU,GB-RND-FRS-78ML-ASP-MSLV,GB-RND-FRS-78ML-ASP-MSLV,shopify,1000,deny,manual,6.40,
round-78ml-frosted-18-415-antiquespray,,SKU,GB-RND-FRS-78ML-T,GB-RND-FRS-78ML-T,shopify,1000,deny,manual,6.40,
round-78ml-frosted-18-415-antiquespray,,SKU,GB-RND-FRS-78ML-ASP-BLK,GB-RND-FRS-78ML-ASP-BLK,shopify,1000,deny,manual,6.40,
cylinder-9ml-clear-17-415-lotionpump,9 ml Clear Cylinder Lotion Pump Bottle,SKU,LB-CYL-CLR-9ML-T-03,LB-CYL-CLR-9ML-T-03,shopify,1000,deny,manual,0.88,active
cylinder-9ml-clear-17-415-lotionpump,,SKU,LB-CYL-CLR-9ML-T-02,LB-CYL-CLR-9ML-T-02,shopify,1000,deny,manual,0.88,
cylinder-9ml-clear-17-415-lotionpump,,SKU,LB-CYL-CLR-9ML-T-01,LB-CYL-CLR-9ML-T-01,shopify,1000,deny,manual,0.88,
boston-round-15ml-clear-18-400,15 ml Clear Boston Round Bottle with Cap,SKU,GB-BSR-CLR-15ML-BLK-S,GB-BSR-CLR-15ML-BLK-S,shopify,1000,deny,manual,0.42,active
boston-round-15ml-clear-18-400,,SKU,GB-BSR-CLR-15ML-DRP-BLK,GB-BSR-CLR-15ML-DRP-BLK,shopify,1000,deny,manual,0.67,
boston-round-15ml-amber-18-400,15 ml Amber Boston Round Bottle with Cap,SKU,GB-BSR-AMB-15ML-BLK-S,GB-BSR-AMB-15ML-BLK-S,shopify,1000,deny,manual,0.42,active
boston-round-15ml-cobalt-blue-18-400,15 ml Cobalt Blue Boston Round Bottle with Cap,SKU,GB-BSR-CBL-15ML-BLK-S,GB-BSR-CBL-15ML-BLK-S,shopify,1000,deny,manual,0.42,active
boston-round-30ml-clear-20-400,30 ml Clear Boston Round Bottle with Cap,SKU,GB-BSR-CLR-30ML-BLK-S,GB-BSR-CLR-30ML-BLK-S,shopify,1000,deny,manual,0.47,active
cylinder-9ml-cobalt-blue-17-415-lotionpump,9 ml Cobalt Blue Cylinder Lotion Pump Bottle,SKU,LB-CYL-BLU-9ML-LPM-MSLV,LB-CYL-BLU-9ML-LPM-MSLV,shopify,1000,deny,manual,0.93,active
cylinder-9ml-cobalt-blue-17-415-lotionpump,,SKU,LB-CYL-BLU-9ML-LPM-GLD,LB-CYL-BLU-9ML-LPM-GLD,shopify,1000,deny,manual,0.93,
cylinder-9ml-cobalt-blue-17-415-lotionpump,,SKU,LB-CYL-BLU-9ML-LPM-BLK,LB-CYL-BLU-9ML-LPM-BLK,shopify,1000,deny,manual,0.93,
boston-round-30ml-amber-20-400,30 ml Amber Boston Round Bottle with Cap,SKU,GB-BSR-AMB-30ML-BLK-S,GB-BSR-AMB-30ML-BLK-S,shopify,1000,deny,manual,0.47,active
boston-round-30ml-cobalt-blue-20-400,30 ml Cobalt Blue Boston Round Bottle with Cap,SKU,GB-BSR-CBL-30ML-BLK-S,GB-BSR-CBL-30ML-BLK-S,shopify,1000,deny,manual,0.47,active
cylinder-9ml-frosted-17-415-lotionpump,9 ml Frosted Cylinder Lotion Pump Bottle,SKU,LB-CYL-FRS-9ML-LPM-MSLV,LB-CYL-FRS-9ML-LPM-MSLV,shopify,1000,deny,manual,0.98,active
cylinder-9ml-frosted-17-415-lotionpump,,SKU,LB-CYL-FRS-9ML-LPM-GLD,LB-CYL-FRS-9ML-LPM-GLD,shopify,1000,deny,manual,0.98,
cylinder-9ml-frosted-17-415-lotionpump,,SKU,LB-CYL-FRS-9ML-LPM-BLK,LB-CYL-FRS-9ML-LPM-BLK,shopify,1000,deny,manual,0.98,
boston-round-60ml-clear-20-400,60 ml Clear Boston Round Bottle with Cap,SKU,GB-BSR-CLR-60ML-BLK-S,GB-BSR-CLR-60ML-BLK-S,shopify,1000,deny,manual,0.50,active
boston-round-60ml-amber-20-400,60 ml Amber Boston Round Bottle with Cap,SKU,GB-BSR-AMB-60ML-BLK-S,GB-BSR-AMB-60ML-BLK-S,shopify,1000,deny,manual,0.50,active
tulip-6ml-clear-13-415-rollon,6 ml Clear Tulip Roll-On Bottle,SKU,GB-CYL-CLR-6ML-MRL-SBLK,GB-CYL-CLR-6ML-MRL-SBLK,shopify,1000,deny,manual,0.80,active
tulip-6ml-clear-13-415-rollon,,SKU,GB-CYL-CLR-6ML-MRL-MCPR,GB-CYL-CLR-6ML-MRL-MCPR,shopify,1000,deny,manual,0.80,
tulip-6ml-clear-13-415-rollon,,SKU,GB-CYL-CLR-6ML-MRL-MGLD,GB-CYL-CLR-6ML-MRL-MGLD,shopify,1000,deny,manual,0.80,
tulip-6ml-clear-13-415-rollon,,SKU,GB-CYL-CLR-6ML-MRL-SGLD,GB-CYL-CLR-6ML-MRL-SGLD,shopify,1000,deny,manual,0.80,
tulip-6ml-clear-13-415-rollon,,SKU,GB-CYL-CLR-6ML-MRL-PKDT,GB-CYL-CLR-6ML-MRL-PKDT,shopify,1000,deny,manual,0.82,
tulip-6ml-clear-13-415-rollon,,SKU,GB-CYL-CLR-6ML-MRL-SLDT,GB-CYL-CLR-6ML-MRL-SLDT,shopify,1000,deny,manual,0.82,
tulip-6ml-clear-13-415-rollon,,SKU,GB-CYL-CLR-6ML-MRL-MSLV,GB-CYL-CLR-6ML-MRL-MSLV,shopify,1000,deny,manual,0.80,
tulip-6ml-clear-13-415-rollon,,SKU,GB-CYL-CLR-6ML-ROL-BKDT,GB-CYL-CLR-6ML-ROL-BKDT,shopify,1000,deny,manual,0.74,
tulip-6ml-clear-13-415-rollon,,SKU,GB-CYL-CLR-6ML-MRL-SSLV,GB-CYL-CLR-6ML-MRL-SSLV,shopify,1000,deny,manual,0.80,
tulip-6ml-clear-13-415-rollon,,SKU,GB-CYL-CLR-6ML-MRL-BKDT,GB-CYL-CLR-6ML-MRL-BKDT,shopify,1000,deny,manual,0.82,
tulip-6ml-clear-13-415-rollon,,SKU,GB-CYL-CLR-6ML-ROL-SBLK,GB-CYL-CLR-6ML-ROL-SBLK,shopify,1000,deny,manual,0.72,
tulip-6ml-clear-13-415-rollon,,SKU,GB-CYL-CLR-6ML-ROL-MCPR,GB-CYL-CLR-6ML-ROL-MCPR,shopify,1000,deny,manual,0.72,
tulip-6ml-clear-13-415-rollon,,SKU,GB-CYL-CLR-6ML-ROL-MGLD,GB-CYL-CLR-6ML-ROL-MGLD,shopify,1000,deny,manual,0.72,
tulip-6ml-clear-13-415-rollon,,SKU,GB-CYL-CLR-6ML-ROL-SGLD,GB-CYL-CLR-6ML-ROL-SGLD,shopify,1000,deny,manual,0.72,
tulip-6ml-clear-13-415-rollon,,SKU,GB-CYL-CLR-6ML-ROL-PKDT,GB-CYL-CLR-6ML-ROL-PKDT,shopify,1000,deny,manual,0.74,
tulip-6ml-clear-13-415-rollon,,SKU,GB-CYL-CLR-6ML-ROL-SLDT,GB-CYL-CLR-6ML-ROL-SLDT,shopify,1000,deny,manual,0.74,
tulip-6ml-clear-13-415-rollon,,SKU,GB-CYL-CLR-6ML-ROL-MSLV,GB-CYL-CLR-6ML-ROL-MSLV,shopify,1000,deny,manual,0.72,
tulip-6ml-clear-13-415-rollon,,SKU,GB-CYL-CLR-6ML-ROL-SSLV,GB-CYL-CLR-6ML-ROL-SSLV,shopify,1000,deny,manual,0.72,
round-78ml-frosted-18-415-antiquespray-tassel,78 ml Frosted Round Vintage Bulb Spray Bottle with Tassel,SKU,GB-RND-FRS-78ML-AST-GLD,GB-RND-FRS-78ML-AST-GLD,shopify,1000,deny,manual,7.15,active
round-78ml-frosted-18-415-antiquespray-tassel,,SKU,GB-RND-FRS-78ML-AST-IVGD,GB-RND-FRS-78ML-AST-IVGD,shopify,1000,deny,manual,7.15,
round-78ml-frosted-18-415-antiquespray-tassel,,SKU,GB-RND-FRS-78ML-AST-LVN,GB-RND-FRS-78ML-AST-LVN,shopify,1000,deny,manual,7.15,
round-78ml-frosted-18-415-antiquespray-tassel,,SKU,GB-RND-FRS-78ML-AST-PNK,GB-RND-FRS-78ML-AST-PNK,shopify,1000,deny,manual,7.15,
round-78ml-frosted-18-415-antiquespray-tassel,,SKU,GB-RND-FRS-78ML-AST-BLK,GB-RND-FRS-78ML-AST-BLK,shopify,1000,deny,manual,7.15,
round-78ml-frosted-18-415-antiquespray-tassel,,SKU,GB-RND-FRS-78ML-AST-IVSL,GB-RND-FRS-78ML-AST-IVSL,shopify,1000,deny,manual,7.15,
round-78ml-frosted-18-415-antiquespray-tassel,,SKU,GB-RND-FRS-78ML-AST-WHT,GB-RND-FRS-78ML-AST-WHT,shopify,1000,deny,manual,7.15,
round-78ml-frosted-18-415-antiquespray-tassel,,SKU,GB-RND-FRS-78ML-AST-MSLV,GB-RND-FRS-78ML-AST-MSLV,shopify,1000,deny,manual,7.15,
round-78ml-frosted-18-415-antiquespray-tassel,,SKU,GB-RND-FRS-78ML-AST-RED,GB-RND-FRS-78ML-AST-RED,shopify,1000,deny,manual,7.15,
cylinder-9ml-swirl-17-415-lotionpump,9 ml Swirl Cylinder Lotion Pump Bottle,SKU,LB-CYL-CLR-9ML-LPM-MSLV,LB-CYL-CLR-9ML-LPM-MSLV,shopify,1000,deny,manual,1.00,active
cylinder-9ml-swirl-17-415-lotionpump,,SKU,LB-CYL-CLR-9ML-LPM-GLD,LB-CYL-CLR-9ML-LPM-GLD,shopify,1000,deny,manual,1.00,
cylinder-9ml-swirl-17-415-lotionpump,,SKU,LB-CYL-BLK-9ML-LPM-BLK,LB-CYL-BLK-9ML-LPM-BLK,shopify,1000,deny,manual,1.00,
boston-round-60ml-cobalt-blue-20-400,60 ml Cobalt Blue Boston Round Bottle with Cap,SKU,GB-BSR-BLU-60ML-BLK-S,GB-BSR-BLU-60ML-BLK-S,shopify,1000,deny,manual,0.50,active
cylinder-25ml-clear-18-415-lotionpump,25 ml Clear Cylinder Lotion Pump Bottle,SKU,LB-CYL-CLR-25ML-LPM-MGLD,LB-CYL-CLR-25ML-LPM-MGLD,shopify,1000,deny,manual,2.50,active
cylinder-25ml-clear-18-415-lotionpump,,SKU,LB-CYL-CLR-25ML-LPM-SGLD,LB-CYL-CLR-25ML-LPM-SGLD,shopify,1000,deny,manual,2.50,
cylinder-25ml-clear-18-415-lotionpump,,SKU,LB-CYL-CLR-25ML-LPM-SBLK,LB-CYL-CLR-25ML-LPM-SBLK,shopify,1000,deny,manual,2.50,
cylinder-25ml-clear-18-415-lotionpump,,SKU,LB-CYL-CLR-25ML-LPM-MSLV,LB-CYL-CLR-25ML-LPM-MSLV,shopify,1000,deny,manual,2.50,
cylinder-25ml-clear-18-415-lotionpump,,SKU,LB-CYL-CLR-25ML-LPM-SSLV,LB-CYL-CLR-25ML-LPM-SSLV,shopify,1000,deny,manual,2.50,
cylinder-25ml-clear-18-415-lotionpump,,SKU,LB-CYL-CLR-25ML-LPM-CPR,LB-CYL-CLR-25ML-LPM-CPR,shopify,1000,deny,manual,2.50,
cylinder-25ml-clear-18-415-lotionpump,,SKU,LB-CYL-CLR-25ML-LPM-CLR,LB-CYL-CLR-25ML-LPM-CLR,shopify,1000,deny,manual,2.50,
circle-100ml-clear-18-415-antiquespray,100 ml Clear Circle Vintage Bulb Spray Bottle,SKU,GB-CIR-CLR-100ML-ASP-BLK,GB-CIR-CLR-100ML-ASP-BLK,shopify,1000,deny,manual,5.90,active
circle-100ml-clear-18-415-antiquespray,,SKU,GB-CIR-CLR-100ML-ASP-GLD,GB-CIR-CLR-100ML-ASP-GLD,shopify,1000,deny,manual,5.90,
circle-100ml-clear-18-415-antiquespray,,SKU,GB-CIR-CLR-100ML-ASP-LVN,GB-CIR-CLR-100ML-ASP-LVN,shopify,1000,deny,manual,5.90,
circle-100ml-clear-18-415-antiquespray,,SKU,GB-CIR-CLR-100ML-ASP-IVSL,GB-CIR-CLR-100ML-ASP-IVSL,shopify,1000,deny,manual,5.90,
circle-100ml-clear-18-415-antiquespray,,SKU,GB-CIR-CLR-100ML-ASP-RED,GB-CIR-CLR-100ML-ASP-RED,shopify,1000,deny,manual,5.90,
circle-100ml-clear-18-415-antiquespray,,SKU,GB-CIR-CLR-100ML-ASP-MSLV,GB-CIR-CLR-100ML-ASP-MSLV,shopify,1000,deny,manual,5.90,
circle-100ml-clear-18-415-antiquespray,,SKU,GB-CIR-CLR-100ML-ASP-IVGD,GB-CIR-CLR-100ML-ASP-IVGD,shopify,1000,deny,manual,5.90,
circle-100ml-clear-18-415-antiquespray,,SKU,GB-CIR-CLR-100ML-ASP-WHT,GB-CIR-CLR-100ML-ASP-WHT,shopify,1000,deny,manual,5.90,
circle-100ml-clear-18-415-antiquespray,,SKU,GB-CIR-CLR-100ML-ASP-PNK,GB-CIR-CLR-100ML-ASP-PNK,shopify,1000,deny,manual,5.90,
circle-100ml-clear-18-415-antiquespray-tassel,100 ml Clear Circle Vintage Bulb Spray Bottle with Tassel,SKU,GB-CIR-CLR-100ML-AST-BLK,GB-CIR-CLR-100ML-AST-BLK,shopify,1000,deny,manual,6.65,active
circle-100ml-clear-18-415-antiquespray-tassel,,SKU,GB-CIR-CLR-100ML-AST-GLD,GB-CIR-CLR-100ML-AST-GLD,shopify,1000,deny,manual,6.65,
circle-100ml-clear-18-415-antiquespray-tassel,,SKU,GB-CIR-CLR-100ML-AST-IVGD,GB-CIR-CLR-100ML-AST-IVGD,shopify,1000,deny,manual,6.65,
circle-100ml-clear-18-415-antiquespray-tassel,,SKU,GB-CIR-CLR-100ML-AST-LVN,GB-CIR-CLR-100ML-AST-LVN,shopify,1000,deny,manual,6.65,
circle-100ml-clear-18-415-antiquespray-tassel,,SKU,GB-CIR-CLR-100ML-AST-PNK,GB-CIR-CLR-100ML-AST-PNK,shopify,1000,deny,manual,6.65,
circle-100ml-clear-18-415-antiquespray-tassel,,SKU,GB-CIR-CLR-100ML-AST-IVSL,GB-CIR-CLR-100ML-AST-IVSL,shopify,1000,deny,manual,6.65,
circle-100ml-clear-18-415-antiquespray-tassel,,SKU,GB-CIR-CLR-100ML-AST-RED,GB-CIR-CLR-100ML-AST-RED,shopify,1000,deny,manual,6.65,
circle-100ml-clear-18-415-antiquespray-tassel,,SKU,GB-CIR-CLR-100ML-AST-WHT,GB-CIR-CLR-100ML-AST-WHT,shopify,1000,deny,manual,6.65,
circle-100ml-clear-18-415-antiquespray-tassel,,SKU,GB-CIR-CLR-100ML-AST-MSLV,GB-CIR-CLR-100ML-AST-MSLV,shopify,1000,deny,manual,6.65,
circle-100ml-frosted-18-415-antiquespray,100 ml Frosted Circle Vintage Bulb Spray Bottle,SKU,GB-CIR-FRS-100ML-ASP-BLK,GB-CIR-FRS-100ML-ASP-BLK,shopify,1000,deny,manual,6.40,active
circle-100ml-frosted-18-415-antiquespray,,SKU,GB-CIR-FRS-100ML-ASP-01,GB-CIR-FRS-100ML-ASP-01,shopify,1000,deny,manual,7.15,
circle-100ml-frosted-18-415-antiquespray,,SKU,GB-CIR-FRS-100ML-ASP-SGLD,GB-CIR-FRS-100ML-ASP-SGLD,shopify,1000,deny,manual,6.40,
circle-100ml-frosted-18-415-antiquespray,,SKU,GB-CIR-FRS-100ML-ASP-IVGD,GB-CIR-FRS-100ML-ASP-IVGD,shopify,1000,deny,manual,6.40,
circle-100ml-frosted-18-415-antiquespray,,SKU,GB-CIR-FRS-100ML-ASP-LVN,GB-CIR-FRS-100ML-ASP-LVN,shopify,1000,deny,manual,6.40,
circle-100ml-frosted-18-415-antiquespray,,SKU,GB-CIR-FRS-100ML-ASP-PNK,GB-CIR-FRS-100ML-ASP-PNK,shopify,1000,deny,manual,6.40,
circle-100ml-frosted-18-415-antiquespray,,SKU,GB-CIR-FRS-100ML-ASP-RED,GB-CIR-FRS-100ML-ASP-RED,shopify,1000,deny,manual,7.15,
circle-100ml-frosted-18-415-antiquespray,,SKU,GB-CIR-FRS-100ML-ASP-MSLV,GB-CIR-FRS-100ML-ASP-MSLV,shopify,1000,deny,manual,6.40,
circle-100ml-frosted-18-415-antiquespray,,SKU,GB-CIR-FRS-100ML-ASP-WHT,GB-CIR-FRS-100ML-ASP-WHT,shopify,1000,deny,manual,6.40,
circle-100ml-frosted-18-415-antiquespray,,SKU,GB-CIR-FRS-100ML-ASP-IVSL,GB-CIR-FRS-100ML-ASP-IVSL,shopify,1000,deny,manual,6.40,
circle-100ml-frosted-18-415-antiquespray,,SKU,GB-CIR-FRS-100ML-ASP-02,GB-CIR-FRS-100ML-ASP-02,shopify,1000,deny,manual,7.15,
circle-100ml-frosted-18-415-antiquespray,,SKU,GB-CIR-FRS-100ML-ASP-03,GB-CIR-FRS-100ML-ASP-03,shopify,1000,deny,manual,7.15,
circle-100ml-frosted-18-415-antiquespray,,SKU,GB-CIR-FRS-100ML-ASP-04,GB-CIR-FRS-100ML-ASP-04,shopify,1000,deny,manual,7.15,
circle-100ml-frosted-18-415-antiquespray,,SKU,GB-CIR-FRS-100ML-ASP-05,GB-CIR-FRS-100ML-ASP-05,shopify,1000,deny,manual,7.15,
circle-100ml-frosted-18-415-antiquespray,,SKU,GB-CIR-FRS-100ML-ASP-06,GB-CIR-FRS-100ML-ASP-06,shopify,1000,deny,manual,7.15,
sleek-8ml-clear-13-415-rollon,8 ml Clear Sleek Roll-On Bottle,SKU,GB-SLK-CLR-8ML-ROL-BKDT,GB-SLK-CLR-8ML-ROL-BKDT,shopify,1000,deny,manual,0.81,active
sleek-8ml-clear-13-415-rollon,,SKU,GB-SLK-CLR-8ML-MRL-SBLK,GB-SLK-CLR-8ML-MRL-SBLK,shopify,1000,deny,manual,0.82,
sleek-8ml-clear-13-415-rollon,,SKU,GB-SLK-CLR-8ML-MRL-MCPR,GB-SLK-CLR-8ML-MRL-MCPR,shopify,1000,deny,manual,0.82,
sleek-8ml-clear-13-415-rollon,,SKU,GB-SLK-CLR-8ML-MRL-MGLD,GB-SLK-CLR-8ML-MRL-MGLD,shopify,1000,deny,manual,0.82,
sleek-8ml-clear-13-415-rollon,,SKU,GB-SLK-CLR-8ML-MRL-SGLD,GB-SLK-CLR-8ML-MRL-SGLD,shopify,1000,deny,manual,0.82,
sleek-8ml-clear-13-415-rollon,,SKU,GB-SLK-CLR-8ML-MRL-PKDT,GB-SLK-CLR-8ML-MRL-PKDT,shopify,1000,deny,manual,0.89,
sleek-8ml-clear-13-415-rollon,,SKU,GB-SLK-CLR-8ML-MRL-SLDT,GB-SLK-CLR-8ML-MRL-SLDT,shopify,1000,deny,manual,0.89,
sleek-8ml-clear-13-415-rollon,,SKU,GB-SLK-CLR-8ML-MRL-MSLV,GB-SLK-CLR-8ML-MRL-MSLV,shopify,1000,deny,manual,0.82,
sleek-8ml-clear-13-415-rollon,,SKU,GB-SLK-CLR-8ML-MRL-SSLV,GB-SLK-CLR-8ML-MRL-SSLV,shopify,1000,deny,manual,0.82,
sleek-8ml-clear-13-415-rollon,,SKU,GB-SLK-CLR-8ML-MRL-BKDT,GB-SLK-CLR-8ML-MRL-BKDT,shopify,1000,deny,manual,0.89,
sleek-8ml-clear-13-415-rollon,,SKU,GB-SLK-CLR-8ML-ROL-SBLK,GB-SLK-CLR-8ML-ROL-SBLK,shopify,1000,deny,manual,0.74,
sleek-8ml-clear-13-415-rollon,,SKU,GB-SLK-CLR-8ML-ROL-SSLV,GB-SLK-CLR-8ML-ROL-SSLV,shopify,1000,deny,manual,0.74,
sleek-8ml-clear-13-415-rollon,,SKU,GB-SLK-CLR-8ML-ROL-PKDT,GB-SLK-CLR-8ML-ROL-PKDT,shopify,1000,deny,manual,0.81,
sleek-8ml-clear-13-415-rollon,,SKU,GB-SLK-CLR-8ML-ROL-SLDT,GB-SLK-CLR-8ML-ROL-SLDT,shopify,1000,deny,manual,0.81,
sleek-8ml-clear-13-415-rollon,,SKU,GB-SLK-CLR-8ML-ROL-MCPR,GB-SLK-CLR-8ML-ROL-MCPR,shopify,1000,deny,manual,0.74,
sleek-8ml-clear-13-415-rollon,,SKU,GB-SLK-CLR-8ML-ROL-MGLD,GB-SLK-CLR-8ML-ROL-MGLD,shopify,1000,deny,manual,0.74,
sleek-8ml-clear-13-415-rollon,,SKU,GB-SLK-CLR-8ML-ROL-SGLD,GB-SLK-CLR-8ML-ROL-SGLD,shopify,1000,deny,manual,0.74,
sleek-8ml-clear-13-415-rollon,,SKU,GB-SLK-CLR-8ML-ROL-MSLV,GB-SLK-CLR-8ML-ROL-MSLV,shopify,1000,deny,manual,0.74,
diva-30ml-clear-18-415-lotionpump,30 ml Clear Diva Lotion Pump Bottle,SKU,LB-DVA-CLR-30ML-LPM-MGLD,LB-DVA-CLR-30ML-LPM-MGLD,shopify,1000,deny,manual,3.05,active
diva-30ml-clear-18-415-lotionpump,,SKU,LB-DVA-CLR-30ML-LPM-SGLD,LB-DVA-CLR-30ML-LPM-SGLD,shopify,1000,deny,manual,3.05,
diva-30ml-clear-18-415-lotionpump,,SKU,LB-DVA-CLR-30ML-LPM-SBLK,LB-DVA-CLR-30ML-LPM-SBLK,shopify,1000,deny,manual,3.05,
diva-30ml-clear-18-415-lotionpump,,SKU,LB-DVA-CLR-30ML-LPM-MSLV,LB-DVA-CLR-30ML-LPM-MSLV,shopify,1000,deny,manual,3.05,
diva-30ml-clear-18-415-lotionpump,,SKU,LB-DVA-CLR-30ML-LPM-SSLV,LB-DVA-CLR-30ML-LPM-SSLV,shopify,1000,deny,manual,3.05,
diva-30ml-clear-18-415-lotionpump,,SKU,LB-DVA-CLR-30ML-LPM-CPR,LB-DVA-CLR-30ML-LPM-CPR,shopify,1000,deny,manual,3.05,
diva-30ml-clear-18-415-lotionpump,,SKU,LB-DVA-CLR-30ML-LPM-COCP,LB-DVA-CLR-30ML-LPM-COCP,shopify,1000,deny,manual,3.05,
cylinder-9ml-amber-17-415-rollon,9 ml Amber Cylinder Roll-On Bottle,SKU,GB-CYL-AMB-9ML-ROL-BKDT,GB-CYL-AMB-9ML-ROL-BKDT,shopify,1000,deny,manual,0.73,active
cylinder-9ml-amber-17-415-rollon,,SKU,GB-CYL-AMB-9ML-MRL-WHT,GB-CYL-AMB-9ML-MRL-WHT,shopify,1000,deny,manual,0.66,
cylinder-9ml-amber-17-415-rollon,,SKU,GB-CYL-AMB-9ML-MRL-MCPR,GB-CYL-AMB-9ML-MRL-MCPR,shopify,1000,deny,manual,0.74,
cylinder-9ml-amber-17-415-rollon,,SKU,GB-CYL-AMB-9ML-MRL-MGLD,GB-CYL-AMB-9ML-MRL-MGLD,shopify,1000,deny,manual,0.74,
cylinder-9ml-amber-17-415-rollon,,SKU,GB-CYL-AMB-9ML-MRL-MSLV,GB-CYL-AMB-9ML-MRL-MSLV,shopify,1000,deny,manual,0.74,
cylinder-9ml-amber-17-415-rollon,,SKU,GB-CYL-AMB-9ML-MRL-PKDT,GB-CYL-AMB-9ML-MRL-PKDT,shopify,1000,deny,manual,0.82,
cylinder-9ml-amber-17-415-rollon,,SKU,GB-CYL-AMB-9ML-MRL-SBLK,GB-CYL-AMB-9ML-MRL-SBLK,shopify,1000,deny,manual,0.66,
cylinder-9ml-amber-17-415-rollon,,SKU,GB-CYL-AMB-9ML-MRL-SGLD,GB-CYL-AMB-9ML-MRL-SGLD,shopify,1000,deny,manual,0.74,
cylinder-9ml-amber-17-415-rollon,,SKU,GB-CYL-AMB-9ML-MRL-SSLV,GB-CYL-AMB-9ML-MRL-SSLV,shopify,1000,deny,manual,0.74,
cylinder-9ml-amber-17-415-rollon,,SKU,GB-CYL-AMB-9ML-MRL-SLDT,GB-CYL-AMB-9ML-MRL-SLDT,shopify,1000,deny,manual,0.82,
cylinder-9ml-amber-17-415-rollon,,SKU,GB-CYL-AMB-9ML-MRL-BKDT,GB-CYL-AMB-9ML-MRL-BKDT,shopify,1000,deny,manual,0.82,
cylinder-9ml-amber-17-415-rollon,,SKU,GB-CYL-AMB-9ML-ROL-WHT,GB-CYL-AMB-9ML-ROL-WHT,shopify,1000,deny,manual,0.57,
cylinder-9ml-amber-17-415-rollon,,SKU,GB-CYL-AMB-9ML-ROL-MCPR,GB-CYL-AMB-9ML-ROL-MCPR,shopify,1000,deny,manual,0.65,
cylinder-9ml-amber-17-415-rollon,,SKU,GB-CYL-AMB-9ML-ROL-MGLD,GB-CYL-AMB-9ML-ROL-MGLD,shopify,1000,deny,manual,0.65,
cylinder-9ml-amber-17-415-rollon,,SKU,GB-CYL-AMB-9ML-ROL-MSLV,GB-CYL-AMB-9ML-ROL-MSLV,shopify,1000,deny,manual,0.65,
cylinder-9ml-amber-17-415-rollon,,SKU,GB-CYL-AMB-9ML-ROL-PKDT,GB-CYL-AMB-9ML-ROL-PKDT,shopify,1000,deny,manual,0.73,
cylinder-9ml-amber-17-415-rollon,,SKU,GB-CYL-AMB-9ML-ROL-SBLK,GB-CYL-AMB-9ML-ROL-SBLK,shopify,1000,deny,manual,0.57,
cylinder-9ml-amber-17-415-rollon,,SKU,GB-CYL-AMB-9ML-ROL-SGLD,GB-CYL-AMB-9ML-ROL-SGLD,shopify,1000,deny,manual,0.65,
cylinder-9ml-amber-17-415-rollon,,SKU,GB-CYL-AMB-9ML-ROL-SSLV,GB-CYL-AMB-9ML-ROL-SSLV,shopify,1000,deny,manual,0.65,
cylinder-9ml-amber-17-415-rollon,,SKU,GB-CYL-AMB-9ML-ROL-SLDT,GB-CYL-AMB-9ML-ROL-SLDT,shopify,1000,deny,manual,0.73,
cylinder-100ml-clear-18-415-antiquespray,100 ml Clear Cylinder Vintage Bulb Spray Bottle,SKU,GB-CYL-CLR-100ML-ASP-BLK,GB-CYL-CLR-100ML-ASP-BLK,shopify,1000,deny,manual,5.90,active
cylinder-100ml-clear-18-415-antiquespray,,SKU,GB-CYL-CLR-100ML-ASP-LVN,GB-CYL-CLR-100ML-ASP-LVN,shopify,1000,deny,manual,5.90,
cylinder-100ml-clear-18-415-antiquespray,,SKU,GB-CYL-CLR-100ML-ASP-PNK,GB-CYL-CLR-100ML-ASP-PNK,shopify,1000,deny,manual,5.90,
cylinder-100ml-clear-18-415-antiquespray,,SKU,GB-CYL-CLR-100ML-ASP-MSLV,GB-CYL-CLR-100ML-ASP-MSLV,shopify,1000,deny,manual,5.90,
cylinder-100ml-clear-18-415-antiquespray,,SKU,GB-CYL-CLR-100ML-ASP-IVSL,GB-CYL-CLR-100ML-ASP-IVSL,shopify,1000,deny,manual,5.90,
cylinder-100ml-clear-18-415-antiquespray,,SKU,GB-CYL-CLR-100ML-ASP-GLD,GB-CYL-CLR-100ML-ASP-GLD,shopify,1000,deny,manual,5.90,
cylinder-100ml-clear-18-415-antiquespray,,SKU,GB-CYL-CLR-100ML-ASP-IVGD,GB-CYL-CLR-100ML-ASP-IVGD,shopify,1000,deny,manual,5.90,
cylinder-100ml-clear-18-415-antiquespray,,SKU,GB-CYL-CLR-100ML-ASP-WHT,GB-CYL-CLR-100ML-ASP-WHT,shopify,1000,deny,manual,5.90,
cylinder-100ml-clear-18-415-antiquespray,,SKU,GB-CYL-CLR-100ML-ASP-RED,GB-CYL-CLR-100ML-ASP-RED,shopify,1000,deny,manual,5.90,
cylinder-100ml-clear-18-415-antiquespray-tassel,100 ml Clear Cylinder Vintage Bulb Spray Bottle with Tassel,SKU,GB-CYL-CLR-100ML-AST-BLK,GB-CYL-CLR-100ML-AST-BLK,shopify,1000,deny,manual,6.65,active
cylinder-100ml-clear-18-415-antiquespray-tassel,,SKU,GB-CYL-CLR-100ML-AST-LVN,GB-CYL-CLR-100ML-AST-LVN,shopify,1000,deny,manual,6.65,
cylinder-100ml-clear-18-415-antiquespray-tassel,,SKU,GB-CYL-CLR-100ML-AST-IVGD,GB-CYL-CLR-100ML-AST-IVGD,shopify,1000,deny,manual,6.65,
cylinder-100ml-clear-18-415-antiquespray-tassel,,SKU,GB-CYL-CLR-100ML-AST-IVSL,GB-CYL-CLR-100ML-AST-IVSL,shopify,1000,deny,manual,6.65,
cylinder-100ml-clear-18-415-antiquespray-tassel,,SKU,GB-CYL-CLR-100ML-AST-WHT,GB-CYL-CLR-100ML-AST-WHT,shopify,1000,deny,manual,6.65,
cylinder-100ml-clear-18-415-antiquespray-tassel,,SKU,GB-CYL-CLR-100ML-AST-PNK,GB-CYL-CLR-100ML-AST-PNK,shopify,1000,deny,manual,6.65,
cylinder-100ml-clear-18-415-antiquespray-tassel,,SKU,GB-CYL-CLR-100ML-AST-RED,GB-CYL-CLR-100ML-AST-RED,shopify,1000,deny,manual,6.65,
cylinder-100ml-clear-18-415-antiquespray-tassel,,SKU,GB-CYL-CLR-100ML-AST-MSLV,GB-CYL-CLR-100ML-AST-MSLV,shopify,1000,deny,manual,6.65,
cylinder-100ml-clear-18-415-antiquespray-tassel,,SKU,GB-CYL-CLR-100ML-AST-GLD,GB-CYL-CLR-100ML-AST-GLD,shopify,1000,deny,manual,6.65,
cylinder-9ml-cobalt-blue-17-415-rollon,9 ml Cobalt Blue Cylinder Roll-On Bottle,SKU,GB-CYL-BLU-9ML-ROL-BKDT,GB-CYL-BLU-9ML-ROL-BKDT,shopify,1000,deny,manual,0.76,active
cylinder-9ml-cobalt-blue-17-415-rollon,,SKU,GB-CYL-BLU-9ML-MRL-MSLV,GB-CYL-BLU-9ML-MRL-MSLV,shopify,1000,deny,manual,0.77,
cylinder-9ml-cobalt-blue-17-415-rollon,,SKU,GB-CYL-BLU-9ML-MRL-SLDT,GB-CYL-BLU-9ML-MRL-SLDT,shopify,1000,deny,manual,0.85,
cylinder-9ml-cobalt-blue-17-415-rollon,,SKU,GB-CYL-BLU-9ML-MRL-PKDT,GB-CYL-BLU-9ML-MRL-PKDT,shopify,1000,deny,manual,0.85,
cylinder-9ml-cobalt-blue-17-415-rollon,,SKU,GB-CYL-BLU-9ML-MRL-MGLD,GB-CYL-BLU-9ML-MRL-MGLD,shopify,1000,deny,manual,0.77,
cylinder-9ml-cobalt-blue-17-415-rollon,,SKU,GB-CYL-BLU-9ML-MRL-BKDT,GB-CYL-BLU-9ML-MRL-BKDT,shopify,1000,deny,manual,0.85,
cylinder-9ml-cobalt-blue-17-415-rollon,,SKU,GB-CYL-BLU-9ML-MRL-SGLD,GB-CYL-BLU-9ML-MRL-SGLD,shopify,1000,deny,manual,0.77,
cylinder-9ml-cobalt-blue-17-415-rollon,,SKU,GB-CYL-BLU-9ML-MRL-SSLV,GB-CYL-BLU-9ML-MRL-SSLV,shopify,1000,deny,manual,0.77,
cylinder-9ml-cobalt-blue-17-415-rollon,,SKU,GB-CYL-BLU-9ML-MRL-MCPR,GB-CYL-BLU-9ML-MRL-MCPR,shopify,1000,deny,manual,0.77,
cylinder-9ml-cobalt-blue-17-415-rollon,,SKU,GB-CYL-BLU-9ML-MRL-SBLK,GB-CYL-BLU-9ML-MRL-SBLK,shopify,1000,deny,manual,0.69,
cylinder-9ml-cobalt-blue-17-415-rollon,,SKU,GB-CYL-BLU-9ML-MRL-WHT,GB-CYL-BLU-9ML-MRL-WHT,shopify,1000,deny,manual,0.69,
cylinder-9ml-cobalt-blue-17-415-rollon,,SKU,GB-CYL-BLU-9ML-ROL-WHT,GB-CYL-BLU-9ML-ROL-WHT,shopify,1000,deny,manual,0.60,
cylinder-9ml-cobalt-blue-17-415-rollon,,SKU,GB-CYL-BLU-9ML-ROL-SBLK,GB-CYL-BLU-9ML-ROL-SBLK,shopify,1000,deny,manual,0.60,
cylinder-9ml-cobalt-blue-17-415-rollon,,SKU,GB-CYL-BLU-9ML-ROL-SGLD,GB-CYL-BLU-9ML-ROL-SGLD,shopify,1000,deny,manual,0.68,
cylinder-9ml-cobalt-blue-17-415-rollon,,SKU,GB-CYL-BLU-9ML-ROL-SSLV,GB-CYL-BLU-9ML-ROL-SSLV,shopify,1000,deny,manual,0.68,
cylinder-9ml-cobalt-blue-17-415-rollon,,SKU,GB-CYL-BLU-9ML-ROL-PKDT,GB-CYL-BLU-9ML-ROL-PKDT,shopify,1000,deny,manual,0.76,
cylinder-9ml-cobalt-blue-17-415-rollon,,SKU,GB-CYL-BLU-9ML-ROL-MSLV,GB-CYL-BLU-9ML-ROL-MSLV,shopify,1000,deny,manual,0.68,
cylinder-9ml-cobalt-blue-17-415-rollon,,SKU,GB-CYL-BLU-9ML-ROL-SLDT,GB-CYL-BLU-9ML-ROL-SLDT,shopify,1000,deny,manual,0.76,
cylinder-9ml-cobalt-blue-17-415-rollon,,SKU,GB-CYL-BLU-9ML-ROL-MGLD,GB-CYL-BLU-9ML-ROL-MGLD,shopify,1000,deny,manual,0.68,
cylinder-9ml-cobalt-blue-17-415-rollon,,SKU,GB-CYL-BLU-9ML-ROL-MCPR,GB-CYL-BLU-9ML-ROL-MCPR,shopify,1000,deny,manual,0.68,
diva-100ml-clear-18-415-antiquespray,100 ml Clear Diva Vintage Bulb Spray Bottle,SKU,GB-DVA-CLR-100ML-ASP-BLK,GB-DVA-CLR-100ML-ASP-BLK,shopify,1000,deny,manual,6.30,active
diva-100ml-clear-18-415-antiquespray,,SKU,GB-DVA-CLR-100ML-ASP-MSLV,GB-DVA-CLR-100ML-ASP-MSLV,shopify,1000,deny,manual,6.30,
diva-100ml-clear-18-415-antiquespray,,SKU,GB-DVA-CLR-100ML-ASP-GLD,GB-DVA-CLR-100ML-ASP-GLD,shopify,1000,deny,manual,6.30,
diva-100ml-clear-18-415-antiquespray,,SKU,GB-DVA-CLR-100ML-ASP-IVGD,GB-DVA-CLR-100ML-ASP-IVGD,shopify,1000,deny,manual,6.30,
diva-100ml-clear-18-415-antiquespray,,SKU,GB-DVA-CLR-100ML-ASP-WHT,GB-DVA-CLR-100ML-ASP-WHT,shopify,1000,deny,manual,6.30,
diva-100ml-clear-18-415-antiquespray,,SKU,GB-DVA-CLR-100ML-ASP-IVSL,GB-DVA-CLR-100ML-ASP-IVSL,shopify,1000,deny,manual,6.30,
diva-100ml-clear-18-415-antiquespray,,SKU,GB-DVA-CLR-100ML-ASP-LVN,GB-DVA-CLR-100ML-ASP-LVN,shopify,1000,deny,manual,6.30,
diva-100ml-clear-18-415-antiquespray,,SKU,GB-DVA-CLR-100ML-ASP-PNK,GB-DVA-CLR-100ML-ASP-PNK,shopify,1000,deny,manual,6.30,
diva-100ml-clear-18-415-antiquespray,,SKU,GB-DVA-CLR-100ML-ASP-RED,GB-DVA-CLR-100ML-ASP-RED,shopify,1000,deny,manual,6.30,
cylinder-9ml-frosted-17-415-rollon,9 ml Frosted Cylinder Roll-On Bottle,SKU,GB-CYL-FRS-9ML-ROL-BKDT,GB-CYL-FRS-9ML-ROL-BKDT,shopify,1000,deny,manual,0.81,active
cylinder-9ml-frosted-17-415-rollon,,SKU,GB-CYL-FRS-9ML-MRL-BKDT,GB-CYL-FRS-9ML-MRL-BKDT,shopify,1000,deny,manual,0.90,
cylinder-9ml-frosted-17-415-rollon,,SKU,GB-CYL-FRS-9ML-MRL-WHT,GB-CYL-FRS-9ML-MRL-WHT,shopify,1000,deny,manual,0.74,
cylinder-9ml-frosted-17-415-rollon,,SKU,GB-CYL-FRS-9ML-MRL-MCPR,GB-CYL-FRS-9ML-MRL-MCPR,shopify,1000,deny,manual,0.82,
cylinder-9ml-frosted-17-415-rollon,,SKU,GB-CYL-FRS-9ML-MRL-MSLV,GB-CYL-FRS-9ML-MRL-MSLV,shopify,1000,deny,manual,0.82,
cylinder-9ml-frosted-17-415-rollon,,SKU,GB-CYL-FRS-9ML-MRL-SLDT,GB-CYL-FRS-9ML-MRL-SLDT,shopify,1000,deny,manual,0.90,
cylinder-9ml-frosted-17-415-rollon,,SKU,GB-CYL-FRS-9ML-MRL-PKDT,GB-CYL-FRS-9ML-MRL-PKDT,shopify,1000,deny,manual,0.90,
cylinder-9ml-frosted-17-415-rollon,,SKU,GB-CYL-FRS-9ML-MRL-MGLD,GB-CYL-FRS-9ML-MRL-MGLD,shopify,1000,deny,manual,0.82,
cylinder-9ml-frosted-17-415-rollon,,SKU,GB-CYL-FRS-9ML-MRL-SGLD,GB-CYL-FRS-9ML-MRL-SGLD,shopify,1000,deny,manual,0.82,
cylinder-9ml-frosted-17-415-rollon,,SKU,GB-CYL-FRS-9ML-MRL-SSLV,GB-CYL-FRS-9ML-MRL-SSLV,shopify,1000,deny,manual,0.82,
cylinder-9ml-frosted-17-415-rollon,,SKU,GB-CYL-FRS-9ML-MRL-SBLK,GB-CYL-FRS-9ML-MRL-SBLK,shopify,1000,deny,manual,0.74,
cylinder-9ml-frosted-17-415-rollon,,SKU,GB-CYL-FRS-9ML-ROL-SBLK,GB-CYL-FRS-9ML-ROL-SBLK,shopify,1000,deny,manual,0.65,
cylinder-9ml-frosted-17-415-rollon,,SKU,GB-CYL-FRS-9ML-ROL-SGLD,GB-CYL-FRS-9ML-ROL-SGLD,shopify,1000,deny,manual,0.73,
cylinder-9ml-frosted-17-415-rollon,,SKU,GB-CYL-FRS-9ML-ROL-SSLV,GB-CYL-FRS-9ML-ROL-SSLV,shopify,1000,deny,manual,0.73,
cylinder-9ml-frosted-17-415-rollon,,SKU,GB-CYL-FRS-9ML-ROL-PKDT,GB-CYL-FRS-9ML-ROL-PKDT,shopify,1000,deny,manual,0.81,
cylinder-9ml-frosted-17-415-rollon,,SKU,GB-CYL-FRS-9ML-ROL-SLDT,GB-CYL-FRS-9ML-ROL-SLDT,shopify,1000,deny,manual,0.81,
cylinder-9ml-frosted-17-415-rollon,,SKU,GB-CYL-FRS-9ML-ROL-MSLV,GB-CYL-FRS-9ML-ROL-MSLV,shopify,1000,deny,manual,0.73,
cylinder-9ml-frosted-17-415-rollon,,SKU,GB-CYL-FRS-9ML-ROL-MGLD,GB-CYL-FRS-9ML-ROL-MGLD,shopify,1000,deny,manual,0.73,
cylinder-9ml-frosted-17-415-rollon,,SKU,GB-CYL-FRS-9ML-ROL-MCPR,GB-CYL-FRS-9ML-ROL-MCPR,shopify,1000,deny,manual,0.73,
cylinder-9ml-frosted-17-415-rollon,,SKU,GB-CYL-FRS-9ML-ROL-WHT,GB-CYL-FRS-9ML-ROL-WHT,shopify,1000,deny,manual,0.65,
diva-100ml-clear-18-415-antiquespray-tassel,100 ml Clear Diva Vintage Bulb Spray Bottle with Tassel,SKU,GB-DVA-CLR-100ML-AST-BLK,GB-DVA-CLR-100ML-AST-BLK,shopify,1000,deny,manual,7.05,active
diva-100ml-clear-18-415-antiquespray-tassel,,SKU,GB-DVA-CLR-100ML-AST-WHT,GB-DVA-CLR-100ML-AST-WHT,shopify,1000,deny,manual,7.05,
diva-100ml-clear-18-415-antiquespray-tassel,,SKU,GB-DVA-CLR-100ML-AST-RED,GB-DVA-CLR-100ML-AST-RED,shopify,1000,deny,manual,7.05,
diva-100ml-clear-18-415-antiquespray-tassel,,SKU,GB-DVA-CLR-100ML-AST-MSLV,GB-DVA-CLR-100ML-AST-MSLV,shopify,1000,deny,manual,7.05,
diva-100ml-clear-18-415-antiquespray-tassel,,SKU,GB-DVA-CLR-100ML-AST-GLD,GB-DVA-CLR-100ML-AST-GLD,shopify,1000,deny,manual,7.05,
diva-100ml-clear-18-415-antiquespray-tassel,,SKU,GB-DVA-CLR-100ML-AST-IVGD,GB-DVA-CLR-100ML-AST-IVGD,shopify,1000,deny,manual,7.05,
diva-100ml-clear-18-415-antiquespray-tassel,,SKU,GB-DVA-CLR-100ML-AST-IVSL,GB-DVA-CLR-100ML-AST-IVSL,shopify,1000,deny,manual,7.05,
diva-100ml-clear-18-415-antiquespray-tassel,,SKU,GB-DVA-CLR-100ML-AST-LVN,GB-DVA-CLR-100ML-AST-LVN,shopify,1000,deny,manual,7.05,
diva-100ml-clear-18-415-antiquespray-tassel,,SKU,GB-DVA-CLR-100ML-AST-PNK,GB-DVA-CLR-100ML-AST-PNK,shopify,1000,deny,manual,7.05,
tulip-6ml-clear-13-415-finemist,6 ml Clear Tulip Fine Mist Spray Bottle,SKU,GB-CYL-CLR-6ML-SPR-SBLK,GB-CYL-CLR-6ML-SPR-SBLK,shopify,1000,deny,manual,0.90,active
tulip-6ml-clear-13-415-finemist,,SKU,GB-CYL-CLR-6ML-SPR-MBLU,GB-CYL-CLR-6ML-SPR-MBLU,shopify,1000,deny,manual,0.90,
tulip-6ml-clear-13-415-finemist,,SKU,GB-CYL-CLR-6ML-SPR-MCPR,GB-CYL-CLR-6ML-SPR-MCPR,shopify,1000,deny,manual,0.90,
tulip-6ml-clear-13-415-finemist,,SKU,GB-CYL-CLR-6ML-SPR-MGLD,GB-CYL-CLR-6ML-SPR-MGLD,shopify,1000,deny,manual,0.90,
tulip-6ml-clear-13-415-finemist,,SKU,GB-CYL-CLR-6ML-SPR-SGLD,GB-CYL-CLR-6ML-SPR-SGLD,shopify,1000,deny,manual,0.90,
tulip-6ml-clear-13-415-finemist,,SKU,GB-CYL-CLR-6ML-SPR-MSLV,GB-CYL-CLR-6ML-SPR-MSLV,shopify,1000,deny,manual,0.90,
tulip-6ml-clear-13-415-finemist,,SKU,GB-CYL-CLR-6ML-SPR-SSLV,GB-CYL-CLR-6ML-SPR-SSLV,shopify,1000,deny,manual,0.90,
cylinder-9ml-clear-17-415-rollon,9 ml Clear Cylinder Roll-On Bottle,SKU,GB-CYL-CLR-9ML-T-11,GB-CYL-CLR-9ML-T-11,shopify,1000,deny,manual,0.71,active
cylinder-9ml-clear-17-415-rollon,,SKU,GB-CYL-CLR-9ML-MRL-MSLV-01,GB-CYL-CLR-9ML-MRL-MSLV-01,shopify,1000,deny,manual,0.72,
cylinder-9ml-clear-17-415-rollon,,SKU,GB-CYL-CLR-9ML-T-09,GB-CYL-CLR-9ML-T-09,shopify,1000,deny,manual,0.80,
cylinder-9ml-clear-17-415-rollon,,SKU,GB-CYL-CLR-9ML-T-05,GB-CYL-CLR-9ML-T-05,shopify,1000,deny,manual,0.80,
cylinder-9ml-clear-17-415-rollon,,SKU,GB-CYL-CLR-9ML-T-04,GB-CYL-CLR-9ML-T-04,shopify,1000,deny,manual,0.72,
cylinder-9ml-clear-17-415-rollon,,SKU,GB-CYL-CLR-9ML-T-07,GB-CYL-CLR-9ML-T-07,shopify,1000,deny,manual,0.72,
cylinder-9ml-clear-17-415-rollon,,SKU,GB-CYL-CLR-9ML-T-08,GB-CYL-CLR-9ML-T-08,shopify,1000,deny,manual,0.72,
cylinder-9ml-clear-17-415-rollon,,SKU,GB-CYL-CLR-9ML-T-03,GB-CYL-CLR-9ML-T-03,shopify,1000,deny,manual,0.72,
cylinder-9ml-clear-17-415-rollon,,SKU,GB-CYL-CLR-9ML-T-06,GB-CYL-CLR-9ML-T-06,shopify,1000,deny,manual,0.64,
cylinder-9ml-clear-17-415-rollon,,SKU,GB-CYL-CLR-9ML-T-10,GB-CYL-CLR-9ML-T-10,shopify,1000,deny,manual,0.64,
cylinder-9ml-clear-17-415-rollon,,SKU,GB-CYL-CLR-9ML-T-02,GB-CYL-CLR-9ML-T-02,shopify,1000,deny,manual,0.80,
cylinder-9ml-clear-17-415-rollon,,SKU,GB-CYL-CLR-9ML-T-18,GB-CYL-CLR-9ML-T-18,shopify,1000,deny,manual,0.63,
cylinder-9ml-clear-17-415-rollon,,SKU,GB-CYL-CLR-9ML-T-20,GB-CYL-CLR-9ML-T-20,shopify,1000,deny,manual,0.55,
cylinder-9ml-clear-17-415-rollon,,SKU,GB-CYL-CLR-9ML-T-17,GB-CYL-CLR-9ML-T-17,shopify,1000,deny,manual,0.63,
cylinder-9ml-clear-17-415-rollon,,SKU,GB-CYL-CLR-9ML-T-16,GB-CYL-CLR-9ML-T-16,shopify,1000,deny,manual,0.55,
cylinder-9ml-clear-17-415-rollon,,SKU,GB-CYL-CLR-9ML-T-12,GB-CYL-CLR-9ML-T-12,shopify,1000,deny,manual,0.63,
cylinder-9ml-clear-17-415-rollon,,SKU,GB-CYL-CLR-9ML-T-19,GB-CYL-CLR-9ML-T-19,shopify,1000,deny,manual,0.71,
cylinder-9ml-clear-17-415-rollon,,SKU,GB-CYL-CLR-9ML-T-15,GB-CYL-CLR-9ML-T-15,shopify,1000,deny,manual,0.71,
cylinder-9ml-clear-17-415-rollon,,SKU,GB-CYL-CLR-9ML-T-14,GB-CYL-CLR-9ML-T-14,shopify,1000,deny,manual,0.63,
cylinder-9ml-clear-17-415-rollon,,SKU,GB-CYL-CLR-9ML-T-13,GB-CYL-CLR-9ML-T-13,shopify,1000,deny,manual,0.63,
elegant-100ml-clear-18-415-antiquespray,100 ml Clear Elegant Vintage Bulb Spray Bottle,SKU,GB-ELG-CLR-100ML-ASP-BLK,GB-ELG-CLR-100ML-ASP-BLK,shopify,1000,deny,manual,6.15,active
elegant-100ml-clear-18-415-antiquespray,,SKU,GB-ELG-CLR-100ML-ASP-LVN,GB-ELG-CLR-100ML-ASP-LVN,shopify,1000,deny,manual,6.15,
elegant-100ml-clear-18-415-antiquespray,,SKU,GB-ELG-CLR-100ML-ASP-PNK,GB-ELG-CLR-100ML-ASP-PNK,shopify,1000,deny,manual,6.15,
elegant-100ml-clear-18-415-antiquespray,,SKU,GB-ELG-CLR-100ML-ASP-MSLV,GB-ELG-CLR-100ML-ASP-MSLV,shopify,1000,deny,manual,6.15,
elegant-100ml-clear-18-415-antiquespray,,SKU,GB-ELG-CLR-100ML-ASP-IVSL,GB-ELG-CLR-100ML-ASP-IVSL,shopify,1000,deny,manual,6.15,
elegant-100ml-clear-18-415-antiquespray,,SKU,GB-ELG-CLR-100ML-ASP-GLD,GB-ELG-CLR-100ML-ASP-GLD,shopify,1000,deny,manual,6.15,
elegant-100ml-clear-18-415-antiquespray,,SKU,GB-ELG-CLR-100ML-ASP-IVGD,GB-ELG-CLR-100ML-ASP-IVGD,shopify,1000,deny,manual,6.15,
elegant-100ml-clear-18-415-antiquespray,,SKU,GB-ELG-CLR-100ML-ASP-WHT-01,GB-ELG-CLR-100ML-ASP-WHT-01,shopify,1000,deny,manual,6.15,
elegant-100ml-clear-18-415-antiquespray,,SKU,GB-ELG-CLR-100ML-ASP-RED,GB-ELG-CLR-100ML-ASP-RED,shopify,1000,deny,manual,6.15,
cylinder-9ml-swirl-17-415-rollon,9 ml Swirl Cylinder Roll-On Bottle,SKU,GB-CYL-CLR-9ML-ROL-BKDT-01,GB-CYL-CLR-9ML-ROL-BKDT-01,shopify,1000,deny,manual,0.83,active
cylinder-9ml-swirl-17-415-rollon,,SKU,GB-CYL-CLR-9ML-MRL-BKDT-01,GB-CYL-CLR-9ML-MRL-BKDT-01,shopify,1000,deny,manual,0.92,
cylinder-9ml-swirl-17-415-rollon,,SKU,GB-CYL-CLR-9ML-MRL-MSLV-02,GB-CYL-CLR-9ML-MRL-MSLV-02,shopify,1000,deny,manual,0.84,
cylinder-9ml-swirl-17-415-rollon,,SKU,GB-CYL-CLR-9ML-MRL-SLDT-01,GB-CYL-CLR-9ML-MRL-SLDT-01,shopify,1000,deny,manual,0.92,
cylinder-9ml-swirl-17-415-rollon,,SKU,GB-CYL-CLR-9ML-MRL-PKDT-01,GB-CYL-CLR-9ML-MRL-PKDT-01,shopify,1000,deny,manual,0.92,
cylinder-9ml-swirl-17-415-rollon,,SKU,GB-CYL-CLR-9ML-MRL-MGLD-01,GB-CYL-CLR-9ML-MRL-MGLD-01,shopify,1000,deny,manual,0.84,
cylinder-9ml-swirl-17-415-rollon,,SKU,GB-CYL-CLR-9ML-MRL-SGLD-01,GB-CYL-CLR-9ML-MRL-SGLD-01,shopify,1000,deny,manual,0.84,
cylinder-9ml-swirl-17-415-rollon,,SKU,GB-CYL-CLR-9ML-MRL-SSLV-01,GB-CYL-CLR-9ML-MRL-SSLV-01,shopify,1000,deny,manual,0.84,
cylinder-9ml-swirl-17-415-rollon,,SKU,GB-CYL-CLR-9ML-MRL-MCPR-01,GB-CYL-CLR-9ML-MRL-MCPR-01,shopify,1000,deny,manual,0.84,
cylinder-9ml-swirl-17-415-rollon,,SKU,GB-CYL-CLR-9ML-MRL-SBLK-01,GB-CYL-CLR-9ML-MRL-SBLK-01,shopify,1000,deny,manual,0.76,
cylinder-9ml-swirl-17-415-rollon,,SKU,GB-CYL-CLR-9ML-ROL-SSLV-01,GB-CYL-CLR-9ML-ROL-SSLV-01,shopify,1000,deny,manual,0.75,
cylinder-9ml-swirl-17-415-rollon,,SKU,GB-CYL-CLR-9ML-ROL-SGLD-01,GB-CYL-CLR-9ML-ROL-SGLD-01,shopify,1000,deny,manual,0.75,
cylinder-9ml-swirl-17-415-rollon,,SKU,GB-CYL-CLR-9ML-ROL-SBLK-01,GB-CYL-CLR-9ML-ROL-SBLK-01,shopify,1000,deny,manual,0.67,
cylinder-9ml-swirl-17-415-rollon,,SKU,GB-CYL-CLR-9ML-ROL-MCPR-01,GB-CYL-CLR-9ML-ROL-MCPR-01,shopify,1000,deny,manual,0.75,
cylinder-9ml-swirl-17-415-rollon,,SKU,GB-CYL-CLR-9ML-ROL-PKDT-01,GB-CYL-CLR-9ML-ROL-PKDT-01,shopify,1000,deny,manual,0.83,
cylinder-9ml-swirl-17-415-rollon,,SKU,GB-CYL-CLR-9ML-ROL-SLDT-01,GB-CYL-CLR-9ML-ROL-SLDT-01,shopify,1000,deny,manual,0.83,
cylinder-9ml-swirl-17-415-rollon,,SKU,GB-CYL-CLR-9ML-ROL-MSLV-01,GB-CYL-CLR-9ML-ROL-MSLV-01,shopify,1000,deny,manual,0.75,
cylinder-9ml-swirl-17-415-rollon,,SKU,GB-CYL-CLR-9ML-ROL-MGLD-01,GB-CYL-CLR-9ML-ROL-MGLD-01,shopify,1000,deny,manual,0.75,
cylinder-9ml-swirl-17-415-rollon,,SKU,GB-CYL-WHT-9ML-MRL-WHT,GB-CYL-WHT-9ML-MRL-WHT,shopify,1000,deny,manual,0.76,
cylinder-9ml-swirl-17-415-rollon,,SKU,GB-CYL-WHT-9ML-ROL-WHT,GB-CYL-WHT-9ML-ROL-WHT,shopify,1000,deny,manual,0.67,
elegant-100ml-clear-18-415-antiquespray-tassel,100 ml Clear Elegant Vintage Bulb Spray Bottle with Tassel,SKU,GB-ELG-CLR-100ML-AST-BLK,GB-ELG-CLR-100ML-AST-BLK,shopify,1000,deny,manual,6.90,active
elegant-100ml-clear-18-415-antiquespray-tassel,,SKU,GB-ELG-CLR-100ML-AST-LVN,GB-ELG-CLR-100ML-AST-LVN,shopify,1000,deny,manual,6.90,
elegant-100ml-clear-18-415-antiquespray-tassel,,SKU,GB-ELG-CLR-100ML-AST-IVGD,GB-ELG-CLR-100ML-AST-IVGD,shopify,1000,deny,manual,6.90,
elegant-100ml-clear-18-415-antiquespray-tassel,,SKU,GB-ELG-CLR-100ML-AST-IVSL,GB-ELG-CLR-100ML-AST-IVSL,shopify,1000,deny,manual,6.90,
elegant-100ml-clear-18-415-antiquespray-tassel,,SKU,GB-ELG-CLR-100ML-AST-WHT,GB-ELG-CLR-100ML-AST-WHT,shopify,1000,deny,manual,6.90,
elegant-100ml-clear-18-415-antiquespray-tassel,,SKU,GB-ELG-CLR-100ML-AST-PNK,GB-ELG-CLR-100ML-AST-PNK,shopify,1000,deny,manual,6.90,
elegant-100ml-clear-18-415-antiquespray-tassel,,SKU,GB-ELG-CLR-100ML-AST-RED,GB-ELG-CLR-100ML-AST-RED,shopify,1000,deny,manual,6.90,
elegant-100ml-clear-18-415-antiquespray-tassel,,SKU,GB-ELG-CLR-100ML-AST-MSLV,GB-ELG-CLR-100ML-AST-MSLV,shopify,1000,deny,manual,6.90,
elegant-100ml-clear-18-415-antiquespray-tassel,,SKU,GB-ELG-CLR-100ML-AST-GLD,GB-ELG-CLR-100ML-AST-GLD,shopify,1000,deny,manual,6.90,
cylinder-9ml-clear-13-415-rollon,9 ml Clear Cylinder Roll-On Bottle,SKU,GB-CYL-CLR-9ML-ROL-BKDT-02,GB-CYL-CLR-9ML-ROL-BKDT-02,shopify,1000,deny,manual,1.04,active
cylinder-9ml-clear-13-415-rollon,,SKU,GB-CYL-CLR-9ML-MRL-BKDT-02,GB-CYL-CLR-9ML-MRL-BKDT-02,shopify,1000,deny,manual,1.12,
cylinder-9ml-clear-13-415-rollon,,SKU,GB-CYL-CLR-9ML-MRL-SBLK-02,GB-CYL-CLR-9ML-MRL-SBLK-02,shopify,1000,deny,manual,1.05,
cylinder-9ml-clear-13-415-rollon,,SKU,GB-CYL-CLR-9ML-MRL-MCPR-02,GB-CYL-CLR-9ML-MRL-MCPR-02,shopify,1000,deny,manual,1.05,
cylinder-9ml-clear-13-415-rollon,,SKU,GB-CYL-CLR-9ML-MRL-MGLD-02,GB-CYL-CLR-9ML-MRL-MGLD-02,shopify,1000,deny,manual,1.05,
cylinder-9ml-clear-13-415-rollon,,SKU,GB-CYL-CLR-9ML-MRL-SGLD-02,GB-CYL-CLR-9ML-MRL-SGLD-02,shopify,1000,deny,manual,1.05,
cylinder-9ml-clear-13-415-rollon,,SKU,GB-CYL-CLR-9ML-MRL-PKDT-02,GB-CYL-CLR-9ML-MRL-PKDT-02,shopify,1000,deny,manual,1.12,
cylinder-9ml-clear-13-415-rollon,,SKU,GB-CYL-CLR-9ML-MRL-SLDT-02,GB-CYL-CLR-9ML-MRL-SLDT-02,shopify,1000,deny,manual,1.12,
cylinder-9ml-clear-13-415-rollon,,SKU,GB-CYL-CLR-9ML-MRL-MSLV-03,GB-CYL-CLR-9ML-MRL-MSLV-03,shopify,1000,deny,manual,1.05,
cylinder-9ml-clear-13-415-rollon,,SKU,GB-CYL-CLR-9ML-MRL-SSLV-02,GB-CYL-CLR-9ML-MRL-SSLV-02,shopify,1000,deny,manual,1.05,
cylinder-9ml-clear-13-415-rollon,,SKU,GB-CYL-CLR-9ML-ROL-SBLK-02,GB-CYL-CLR-9ML-ROL-SBLK-02,shopify,1000,deny,manual,0.97,
cylinder-9ml-clear-13-415-rollon,,SKU,GB-CYL-CLR-9ML-ROL-MCPR-02,GB-CYL-CLR-9ML-ROL-MCPR-02,shopify,1000,deny,manual,0.97,
cylinder-9ml-clear-13-415-rollon,,SKU,GB-CYL-CLR-9ML-ROL-MGLD-02,GB-CYL-CLR-9ML-ROL-MGLD-02,shopify,1000,deny,manual,0.97,
cylinder-9ml-clear-13-415-rollon,,SKU,GB-CYL-CLR-9ML-ROL-SGLD-02,GB-CYL-CLR-9ML-ROL-SGLD-02,shopify,1000,deny,manual,0.97,
cylinder-9ml-clear-13-415-rollon,,SKU,GB-CYL-CLR-9ML-ROL-PKDT-02,GB-CYL-CLR-9ML-ROL-PKDT-02,shopify,1000,deny,manual,1.04,
cylinder-9ml-clear-13-415-rollon,,SKU,GB-CYL-CLR-9ML-ROL-SLDT-02,GB-CYL-CLR-9ML-ROL-SLDT-02,shopify,1000,deny,manual,1.04,
cylinder-9ml-clear-13-415-rollon,,SKU,GB-CYL-CLR-9ML-ROL-MSLV-02,GB-CYL-CLR-9ML-ROL-MSLV-02,shopify,1000,deny,manual,0.97,
cylinder-9ml-clear-13-415-rollon,,SKU,GB-CYL-CLR-9ML-ROL-SSLV-02,GB-CYL-CLR-9ML-ROL-SSLV-02,shopify,1000,deny,manual,0.97,
elegant-100ml-frosted-18-415-antiquespray,100 ml Frosted Elegant Vintage Bulb Spray Bottle,SKU,GB-ELG-FRS-100ML-ASP-BLK,GB-ELG-FRS-100ML-ASP-BLK,shopify,1000,deny,manual,6.65,active
elegant-100ml-frosted-18-415-antiquespray,,SKU,GB-ELG-FRS-100ML-ASP-RED,GB-ELG-FRS-100ML-ASP-RED,shopify,1000,deny,manual,6.65,
elegant-100ml-frosted-18-415-antiquespray,,SKU,GB-ELG-FRS-100ML-ASP-IVGD,GB-ELG-FRS-100ML-ASP-IVGD,shopify,1000,deny,manual,6.65,
elegant-100ml-frosted-18-415-antiquespray,,SKU,GB-ELG-FRS-100ML-ASP-MSLV,GB-ELG-FRS-100ML-ASP-MSLV,shopify,1000,deny,manual,6.65,
elegant-100ml-frosted-18-415-antiquespray,,SKU,GB-ELG-FRS-100ML-ASP-WHT-02,GB-ELG-FRS-100ML-ASP-WHT-02,shopify,1000,deny,manual,6.65,
elegant-100ml-frosted-18-415-antiquespray,,SKU,GB-ELG-FRS-100ML-ASP-GLD,GB-ELG-FRS-100ML-ASP-GLD,shopify,1000,deny,manual,6.65,
elegant-100ml-frosted-18-415-antiquespray,,SKU,GB-ELG-FRS-100ML-ASP-IVSL,GB-ELG-FRS-100ML-ASP-IVSL,shopify,1000,deny,manual,6.65,
elegant-100ml-frosted-18-415-antiquespray,,SKU,GB-ELG-FRS-100ML-ASP-LVN,GB-ELG-FRS-100ML-ASP-LVN,shopify,1000,deny,manual,6.65,
elegant-100ml-frosted-18-415-antiquespray,,SKU,GB-ELG-FRS-100ML-ASP-PNK,GB-ELG-FRS-100ML-ASP-PNK,shopify,1000,deny,manual,6.65,
cylinder-9ml-frosted-13-415-rollon,9 ml Frosted Cylinder Roll-On Bottle,SKU,GB-CYL-FRS-9ML-T-11,GB-CYL-FRS-9ML-T-11,shopify,1000,deny,manual,1.32,active
cylinder-9ml-frosted-13-415-rollon,,SKU,GB-CYL-FRS-9ML-T-02,GB-CYL-FRS-9ML-T-02,shopify,1000,deny,manual,1.32,
cylinder-9ml-frosted-13-415-rollon,,SKU,GB-CYL-FRS-9ML-T-08,GB-CYL-FRS-9ML-T-08,shopify,1000,deny,manual,1.32,
cylinder-9ml-frosted-13-415-rollon,,SKU,GB-CYL-FRS-9ML-T-07,GB-CYL-FRS-9ML-T-07,shopify,1000,deny,manual,1.32,
cylinder-9ml-frosted-13-415-rollon,,SKU,GB-CYL-FRS-9ML-T-09,GB-CYL-FRS-9ML-T-09,shopify,1000,deny,manual,1.25,
cylinder-9ml-frosted-13-415-rollon,,SKU,GB-CYL-FRS-9ML-T-05,GB-CYL-FRS-9ML-T-05,shopify,1000,deny,manual,1.25,
cylinder-9ml-frosted-13-415-rollon,,SKU,GB-CYL-FRS-9ML-T-06,GB-CYL-FRS-9ML-T-06,shopify,1000,deny,manual,1.25,
cylinder-9ml-frosted-13-415-rollon,,SKU,GB-CYL-FRS-9ML-T-10,GB-CYL-FRS-9ML-T-10,shopify,1000,deny,manual,1.25,
cylinder-9ml-frosted-13-415-rollon,,SKU,GB-CYL-FRS-9ML-T-04,GB-CYL-FRS-9ML-T-04,shopify,1000,deny,manual,1.25,
cylinder-9ml-frosted-13-415-rollon,,SKU,GB-CYL-FRS-9ML-T-03,GB-CYL-FRS-9ML-T-03,shopify,1000,deny,manual,1.25,
cylinder-9ml-frosted-13-415-rollon,,SKU,GB-CYL-FRS-9ML-T-17,GB-CYL-FRS-9ML-T-17,shopify,1000,deny,manual,1.32,
cylinder-9ml-frosted-13-415-rollon,,SKU,GB-CYL-FRS-9ML-T-16,GB-CYL-FRS-9ML-T-16,shopify,1000,deny,manual,1.32,
cylinder-9ml-frosted-13-415-rollon,,SKU,GB-CYL-FRS-9ML-T-18,GB-CYL-FRS-9ML-T-18,shopify,1000,deny,manual,1.25,
cylinder-9ml-frosted-13-415-rollon,,SKU,GB-CYL-FRS-9ML-T-14,GB-CYL-FRS-9ML-T-14,shopify,1000,deny,manual,1.17,
cylinder-9ml-frosted-13-415-rollon,,SKU,GB-CYL-FRS-9ML-T-15,GB-CYL-FRS-9ML-T-15,shopify,1000,deny,manual,1.17,
cylinder-9ml-frosted-13-415-rollon,,SKU,GB-CYL-FRS-9ML-T-19,GB-CYL-FRS-9ML-T-19,shopify,1000,deny,manual,1.17,
cylinder-9ml-frosted-13-415-rollon,,SKU,GB-CYL-FRS-9ML-T-13,GB-CYL-FRS-9ML-T-13,shopify,1000,deny,manual,1.17,
cylinder-9ml-frosted-13-415-rollon,,SKU,GB-CYL-FRS-9ML-T-12,GB-CYL-FRS-9ML-T-12,shopify,1000,deny,manual,1.17,
elegant-100ml-frosted-18-415-antiquespray-tassel,100 ml Frosted Elegant Vintage Bulb Spray Bottle with Tassel,SKU,GB-ELG-FRS-100ML-AST-BLK,GB-ELG-FRS-100ML-AST-BLK,shopify,1000,deny,manual,7.40,active
elegant-100ml-frosted-18-415-antiquespray-tassel,,SKU,GB-ELG-FRS-100ML-AST-GLD,GB-ELG-FRS-100ML-AST-GLD,shopify,1000,deny,manual,7.40,
elegant-100ml-frosted-18-415-antiquespray-tassel,,SKU,GB-ELG-FRS-100ML-AST-IVGD,GB-ELG-FRS-100ML-AST-IVGD,shopify,1000,deny,manual,7.40,
elegant-100ml-frosted-18-415-antiquespray-tassel,,SKU,GB-ELG-FRS-100ML-AST-LVN,GB-ELG-FRS-100ML-AST-LVN,shopify,1000,deny,manual,7.40,
elegant-100ml-frosted-18-415-antiquespray-tassel,,SKU,GB-ELG-FRS-100ML-AST-PNK,GB-ELG-FRS-100ML-AST-PNK,shopify,1000,deny,manual,7.40,
elegant-100ml-frosted-18-415-antiquespray-tassel,,SKU,GB-ELG-FRS-100ML-AST-RED,GB-ELG-FRS-100ML-AST-RED,shopify,1000,deny,manual,7.40,
elegant-100ml-frosted-18-415-antiquespray-tassel,,SKU,GB-ELG-FRS-100ML-AST-IVSL,GB-ELG-FRS-100ML-AST-IVSL,shopify,1000,deny,manual,7.40,
elegant-100ml-frosted-18-415-antiquespray-tassel,,SKU,GB-ELG-FRS-100ML-AST-WHT,GB-ELG-FRS-100ML-AST-WHT,shopify,1000,deny,manual,7.40,
elegant-100ml-frosted-18-415-antiquespray-tassel,,SKU,GB-ELG-FRS-100ML-AST-MSLV,GB-ELG-FRS-100ML-AST-MSLV,shopify,1000,deny,manual,7.40,
empire-100ml-clear-18-415-antiquespray,100 ml Clear Empire Vintage Bulb Spray Bottle,SKU,GB-EMP-CLR-100ML-ASP-BLK,GB-EMP-CLR-100ML-ASP-BLK,shopify,1000,deny,manual,6.35,active
empire-100ml-clear-18-415-antiquespray,,SKU,GB-EMP-CLR-100ML-ASP-LVN,GB-EMP-CLR-100ML-ASP-LVN,shopify,1000,deny,manual,6.15,
empire-100ml-clear-18-415-antiquespray,,SKU,GB-EMP-CLR-100ML-ASP-PNK,GB-EMP-CLR-100ML-ASP-PNK,shopify,1000,deny,manual,6.15,
empire-100ml-clear-18-415-antiquespray,,SKU,GB-EMP-CLR-100ML-ASP-MSLV,GB-EMP-CLR-100ML-ASP-MSLV,shopify,1000,deny,manual,6.15,
empire-100ml-clear-18-415-antiquespray,,SKU,GB-EMP-CLR-100ML-ASP-IVGD,GB-EMP-CLR-100ML-ASP-IVGD,shopify,1000,deny,manual,6.35,
empire-100ml-clear-18-415-antiquespray,,SKU,GB-EMP-CLR-100ML-ASP-WHT,GB-EMP-CLR-100ML-ASP-WHT,shopify,1000,deny,manual,6.35,
empire-100ml-clear-18-415-antiquespray,,SKU,GB-EMP-CLR-100ML-ASP-RED,GB-EMP-CLR-100ML-ASP-RED,shopify,1000,deny,manual,6.35,
empire-100ml-clear-18-415-antiquespray,,SKU,GB-EMP-CLR-100ML-ASP-GLD,GB-EMP-CLR-100ML-ASP-GLD,shopify,1000,deny,manual,6.35,
empire-100ml-clear-18-415-antiquespray,,SKU,GB-EMP-CLR-100ML-ASP-IVSL,GB-EMP-CLR-100ML-ASP-IVSL,shopify,1000,deny,manual,6.35,
empire-100ml-clear-18-415-antiquespray-tassel,100 ml Clear Empire Vintage Bulb Spray Bottle with Tassel,SKU,GB-EMP-CLR-100ML-AST-BLK,GB-EMP-CLR-100ML-AST-BLK,shopify,1000,deny,manual,7.10,active
empire-100ml-clear-18-415-antiquespray-tassel,,SKU,GB-EMP-CLR-100ML-AST-IVSL,GB-EMP-CLR-100ML-AST-IVSL,shopify,1000,deny,manual,7.10,
empire-100ml-clear-18-415-antiquespray-tassel,,SKU,GB-EMP-CLR-100ML-AST-WHT,GB-EMP-CLR-100ML-AST-WHT,shopify,1000,deny,manual,7.10,
empire-100ml-clear-18-415-antiquespray-tassel,,SKU,GB-EMP-CLR-100ML-AST-MSLV,GB-EMP-CLR-100ML-AST-MSLV,shopify,1000,deny,manual,7.10,
empire-100ml-clear-18-415-antiquespray-tassel,,SKU,GB-EMP-CLR-100ML-AST-GLD,GB-EMP-CLR-100ML-AST-GLD,shopify,1000,deny,manual,7.10,
empire-100ml-clear-18-415-antiquespray-tassel,,SKU,GB-EMP-CLR-100ML-AST-IVGD,GB-EMP-CLR-100ML-AST-IVGD,shopify,1000,deny,manual,7.10,
empire-100ml-clear-18-415-antiquespray-tassel,,SKU,GB-EMP-CLR-100ML-AST-LVN,GB-EMP-CLR-100ML-AST-LVN,shopify,1000,deny,manual,7.10,
empire-100ml-clear-18-415-antiquespray-tassel,,SKU,GB-EMP-CLR-100ML-AST-PNK,GB-EMP-CLR-100ML-AST-PNK,shopify,1000,deny,manual,7.10,
empire-100ml-clear-18-415-antiquespray-tassel,,SKU,GB-EMP-CLR-100ML-AST-RED,GB-EMP-CLR-100ML-AST-RED,shopify,1000,deny,manual,7.10,
footed-rectangle-10ml-clear-13-415-rollon,10 ml Clear Footed Rectangle Roll-On Bottle,SKU,GB-RCT-CLR-10ML-ROL-BKDT-01,GB-RCT-CLR-10ML-ROL-BKDT-01,shopify,1000,deny,manual,0.81,active
footed-rectangle-10ml-clear-13-415-rollon,,SKU,GB-RCT-CLR-10ML-MRL-BKDT-01,GB-RCT-CLR-10ML-MRL-BKDT-01,shopify,1000,deny,manual,0.87,
footed-rectangle-10ml-clear-13-415-rollon,,SKU,GB-RCT-CLR-10ML-MRL-SBLK-01,GB-RCT-CLR-10ML-MRL-SBLK-01,shopify,1000,deny,manual,0.80,
footed-rectangle-10ml-clear-13-415-rollon,,SKU,GB-RCT-CLR-10ML-MRL-MCPR-01,GB-RCT-CLR-10ML-MRL-MCPR-01,shopify,1000,deny,manual,0.80,
footed-rectangle-10ml-clear-13-415-rollon,,SKU,GB-RCT-CLR-10ML-MRL-MGLD-01,GB-RCT-CLR-10ML-MRL-MGLD-01,shopify,1000,deny,manual,0.80,
footed-rectangle-10ml-clear-13-415-rollon,,SKU,GB-RCT-CLR-10ML-MRL-SGLD-01,GB-RCT-CLR-10ML-MRL-SGLD-01,shopify,1000,deny,manual,0.80,
footed-rectangle-10ml-clear-13-415-rollon,,SKU,GB-RCT-CLR-10ML-MRL-PKDT,GB-RCT-CLR-10ML-MRL-PKDT,shopify,1000,deny,manual,0.87,
footed-rectangle-10ml-clear-13-415-rollon,,SKU,GB-RCT-CLR-10ML-MRL-SLDT-01,GB-RCT-CLR-10ML-MRL-SLDT-01,shopify,1000,deny,manual,0.87,
footed-rectangle-10ml-clear-13-415-rollon,,SKU,GB-RCT-CLR-10ML-MRL-MSLV-01,GB-RCT-CLR-10ML-MRL-MSLV-01,shopify,1000,deny,manual,0.80,
footed-rectangle-10ml-clear-13-415-rollon,,SKU,GB-RCT-CLR-10ML-MRL-SSLV-01,GB-RCT-CLR-10ML-MRL-SSLV-01,shopify,1000,deny,manual,0.80,
footed-rectangle-10ml-clear-13-415-rollon,,SKU,GB-RCT-CLR-10ML-ROL-SBLK-01,GB-RCT-CLR-10ML-ROL-SBLK-01,shopify,1000,deny,manual,0.74,
footed-rectangle-10ml-clear-13-415-rollon,,SKU,GB-RCT-CLR-10ML-ROL-MCPR-01,GB-RCT-CLR-10ML-ROL-MCPR-01,shopify,1000,deny,manual,0.74,
footed-rectangle-10ml-clear-13-415-rollon,,SKU,GB-RCT-CLR-10ML-ROL-MGLD-01,GB-RCT-CLR-10ML-ROL-MGLD-01,shopify,1000,deny,manual,0.74,
footed-rectangle-10ml-clear-13-415-rollon,,SKU,GB-RCT-CLR-10ML-ROL-SGLD-01,GB-RCT-CLR-10ML-ROL-SGLD-01,shopify,1000,deny,manual,0.74,
footed-rectangle-10ml-clear-13-415-rollon,,SKU,GB-RCT-CLR-10ML-ROL-PKDT-01,GB-RCT-CLR-10ML-ROL-PKDT-01,shopify,1000,deny,manual,0.81,
footed-rectangle-10ml-clear-13-415-rollon,,SKU,GB-RCT-CLR-10ML-ROL-SLDT-01,GB-RCT-CLR-10ML-ROL-SLDT-01,shopify,1000,deny,manual,0.74,
footed-rectangle-10ml-clear-13-415-rollon,,SKU,GB-RCT-CLR-10ML-ROL-MSLV-01,GB-RCT-CLR-10ML-ROL-MSLV-01,shopify,1000,deny,manual,0.74,
footed-rectangle-10ml-clear-13-415-rollon,,SKU,GB-RCT-CLR-10ML-ROL-SSLV-01,GB-RCT-CLR-10ML-ROL-SSLV-01,shopify,1000,deny,manual,0.74,
sleek-100ml-clear-18-415-antiquespray,100 ml Clear Sleek Vintage Bulb Spray Bottle,SKU,GB-SLK-CLR-100ML-ASP-BLK,GB-SLK-CLR-100ML-ASP-BLK,shopify,1000,deny,manual,5.90,active
sleek-100ml-clear-18-415-antiquespray,,SKU,GB-SLK-CLR-100ML-ASP-LVN,GB-SLK-CLR-100ML-ASP-LVN,shopify,1000,deny,manual,5.90,
sleek-100ml-clear-18-415-antiquespray,,SKU,GB-SLK-CLR-100ML-ASP-PNK,GB-SLK-CLR-100ML-ASP-PNK,shopify,1000,deny,manual,5.90,
sleek-100ml-clear-18-415-antiquespray,,SKU,GB-SLK-CLR-100ML-ASP-MSLV,GB-SLK-CLR-100ML-ASP-MSLV,shopify,1000,deny,manual,5.90,
sleek-100ml-clear-18-415-antiquespray,,SKU,GB-SLK-CLR-100ML-ASP-IVSL,GB-SLK-CLR-100ML-ASP-IVSL,shopify,1000,deny,manual,5.90,
sleek-100ml-clear-18-415-antiquespray,,SKU,GB-SLK-CLR-100ML-ASP-GLD,GB-SLK-CLR-100ML-ASP-GLD,shopify,1000,deny,manual,5.90,
sleek-100ml-clear-18-415-antiquespray,,SKU,GB-SLK-CLR-100ML-ASP-IVGD,GB-SLK-CLR-100ML-ASP-IVGD,shopify,1000,deny,manual,5.90,
sleek-100ml-clear-18-415-antiquespray,,SKU,GB-SLK-CLR-100ML-ASP-WHT,GB-SLK-CLR-100ML-ASP-WHT,shopify,1000,deny,manual,5.90,
sleek-100ml-clear-18-415-antiquespray,,SKU,GB-SLK-CLR-100ML-ASP-RED,GB-SLK-CLR-100ML-ASP-RED,shopify,1000,deny,manual,5.90,
tall-rectangle-10ml-clear-13-415-rollon,10 ml Clear Tall Rectangle Roll-On Bottle,SKU,GB-RCT-CLR-10ML-ROL-BKDT-02,GB-RCT-CLR-10ML-ROL-BKDT-02,shopify,1000,deny,manual,1.04,active
tall-rectangle-10ml-clear-13-415-rollon,,SKU,GB-RCT-CLR-10ML-MRL-BKDT-02,GB-RCT-CLR-10ML-MRL-BKDT-02,shopify,1000,deny,manual,1.12,
tall-rectangle-10ml-clear-13-415-rollon,,SKU,GB-RCT-CLR-10ML-MRL-SBLK-02,GB-RCT-CLR-10ML-MRL-SBLK-02,shopify,1000,deny,manual,1.05,
tall-rectangle-10ml-clear-13-415-rollon,,SKU,GB-RCT-CLR-10ML-MRL-MCPR-02,GB-RCT-CLR-10ML-MRL-MCPR-02,shopify,1000,deny,manual,1.05,
tall-rectangle-10ml-clear-13-415-rollon,,SKU,GB-RCT-CLR-10ML-MRL-MGLD-02,GB-RCT-CLR-10ML-MRL-MGLD-02,shopify,1000,deny,manual,1.05,
tall-rectangle-10ml-clear-13-415-rollon,,SKU,GB-RCT-CLR-10ML-MRL-SGLD-02,GB-RCT-CLR-10ML-MRL-SGLD-02,shopify,1000,deny,manual,1.05,
tall-rectangle-10ml-clear-13-415-rollon,,SKU,GB-RCT-CLR-10ML-MRL,GB-RCT-CLR-10ML-MRL,shopify,1000,deny,manual,1.12,
tall-rectangle-10ml-clear-13-415-rollon,,SKU,GB-RCT-CLR-10ML-MRL-SLDT-02,GB-RCT-CLR-10ML-MRL-SLDT-02,shopify,1000,deny,manual,1.12,
tall-rectangle-10ml-clear-13-415-rollon,,SKU,GB-RCT-CLR-10ML-MRL-MSLV-02,GB-RCT-CLR-10ML-MRL-MSLV-02,shopify,1000,deny,manual,1.05,
tall-rectangle-10ml-clear-13-415-rollon,,SKU,GB-RCT-CLR-10ML-MRL-SSLV-02,GB-RCT-CLR-10ML-MRL-SSLV-02,shopify,1000,deny,manual,1.05,
tall-rectangle-10ml-clear-13-415-rollon,,SKU,GB-RCT-CLR-10ML-ROL-SBLK-02,GB-RCT-CLR-10ML-ROL-SBLK-02,shopify,1000,deny,manual,0.97,
tall-rectangle-10ml-clear-13-415-rollon,,SKU,GB-RCT-CLR-10ML-ROL-MCPR-02,GB-RCT-CLR-10ML-ROL-MCPR-02,shopify,1000,deny,manual,0.97,
tall-rectangle-10ml-clear-13-415-rollon,,SKU,GB-RCT-CLR-10ML-ROL-MGLD-02,GB-RCT-CLR-10ML-ROL-MGLD-02,shopify,1000,deny,manual,0.97,
tall-rectangle-10ml-clear-13-415-rollon,,SKU,GB-RCT-CLR-10ML-ROL-SGLD-02,GB-RCT-CLR-10ML-ROL-SGLD-02,shopify,1000,deny,manual,0.97,
tall-rectangle-10ml-clear-13-415-rollon,,SKU,GB-RCT-CLR-10ML-ROL-PKDT-02,GB-RCT-CLR-10ML-ROL-PKDT-02,shopify,1000,deny,manual,1.04,
tall-rectangle-10ml-clear-13-415-rollon,,SKU,GB-RCT-CLR-10ML-ROL-SLDT-02,GB-RCT-CLR-10ML-ROL-SLDT-02,shopify,1000,deny,manual,1.04,
tall-rectangle-10ml-clear-13-415-rollon,,SKU,GB-RCT-CLR-10ML-ROL-MSLV-02,GB-RCT-CLR-10ML-ROL-MSLV-02,shopify,1000,deny,manual,0.97,
tall-rectangle-10ml-clear-13-415-rollon,,SKU,GB-RCT-CLR-10ML-ROL-SSLV-02,GB-RCT-CLR-10ML-ROL-SSLV-02,shopify,1000,deny,manual,0.97,
sleek-100ml-clear-18-415-antiquespray-tassel,100 ml Clear Sleek Vintage Bulb Spray Bottle with Tassel,SKU,GB-SLK-CLR-100ML-AST-BLK,GB-SLK-CLR-100ML-AST-BLK,shopify,1000,deny,manual,6.65,active
sleek-100ml-clear-18-415-antiquespray-tassel,,SKU,GB-SLK-CLR-100ML-AST-LVN,GB-SLK-CLR-100ML-AST-LVN,shopify,1000,deny,manual,6.65,
sleek-100ml-clear-18-415-antiquespray-tassel,,SKU,GB-SLK-CLR-100ML-AST-IVGD,GB-SLK-CLR-100ML-AST-IVGD,shopify,1000,deny,manual,6.65,
sleek-100ml-clear-18-415-antiquespray-tassel,,SKU,GB-SLK-CLR-100ML-AST-IVSL,GB-SLK-CLR-100ML-AST-IVSL,shopify,1000,deny,manual,6.65,
sleek-100ml-clear-18-415-antiquespray-tassel,,SKU,GB-SLK-CLR-100ML-AST-WHT,GB-SLK-CLR-100ML-AST-WHT,shopify,1000,deny,manual,6.65,
sleek-100ml-clear-18-415-antiquespray-tassel,,SKU,GB-SLK-CLR-100ML-AST-PNK,GB-SLK-CLR-100ML-AST-PNK,shopify,1000,deny,manual,6.65,
sleek-100ml-clear-18-415-antiquespray-tassel,,SKU,GB-SLK-CLR-100ML-AST-RED,GB-SLK-CLR-100ML-AST-RED,shopify,1000,deny,manual,6.65,
sleek-100ml-clear-18-415-antiquespray-tassel,,SKU,GB-SLK-CLR-100ML-AST-MSLV,GB-SLK-CLR-100ML-AST-MSLV,shopify,1000,deny,manual,6.65,
sleek-100ml-clear-18-415-antiquespray-tassel,,SKU,GB-SLK-CLR-100ML-AST-GLD,GB-SLK-CLR-100ML-AST-GLD,shopify,1000,deny,manual,6.65,
sleek-30ml-clear-18-415-lotionpump,30 ml Clear Sleek Lotion Pump Bottle,SKU,LB-SLK-CLR-30ML-LPM-COCP-T,LB-SLK-CLR-30ML-LPM-COCP-T,shopify,1000,deny,manual,3.25,active
sleek-30ml-clear-18-415-lotionpump,,SKU,LB-SLK-CLR-30ML-LPM-SBLK,LB-SLK-CLR-30ML-LPM-SBLK,shopify,1000,deny,manual,2.55,
sleek-30ml-clear-18-415-lotionpump,,SKU,LB-SLK-CLR-30ML-LPM-SGLD,LB-SLK-CLR-30ML-LPM-SGLD,shopify,1000,deny,manual,2.55,
sleek-30ml-clear-18-415-lotionpump,,SKU,LB-SLK-CLR-30ML-LPM-SSLV,LB-SLK-CLR-30ML-LPM-SSLV,shopify,1000,deny,manual,2.55,
sleek-30ml-clear-18-415-lotionpump,,SKU,LB-SLK-CLR-30ML-LPM-MGLD,LB-SLK-CLR-30ML-LPM-MGLD,shopify,1000,deny,manual,2.55,
sleek-30ml-clear-18-415-lotionpump,,SKU,LB-SLK-CLR-30ML-LPM-MSLV,LB-SLK-CLR-30ML-LPM-MSLV,shopify,1000,deny,manual,2.55,
sleek-30ml-clear-18-415-lotionpump,,SKU,LB-SLK-CLR-30ML-LPM-CPR,LB-SLK-CLR-30ML-LPM-CPR,shopify,1000,deny,manual,2.55,
sleek-30ml-clear-18-415-lotionpump,,SKU,LB-SLK-CLR-30ML-LPM-COCP,LB-SLK-CLR-30ML-LPM-COCP,shopify,1000,deny,manual,2.55,
slim-100ml-clear-18-415-antiquespray,100 ml Clear Slim Vintage Bulb Spray Bottle,SKU,GB-SLM-CLR-100ML-ASP-BLK,GB-SLM-CLR-100ML-ASP-BLK,shopify,1000,deny,manual,5.90,active
slim-100ml-clear-18-415-antiquespray,,SKU,GB-SLM-CLR-100ML-ASP-PNK,GB-SLM-CLR-100ML-ASP-PNK,shopify,1000,deny,manual,5.90,
slim-100ml-clear-18-415-antiquespray,,SKU,GB-SLM-CLR-100ML-ASP-IVGD,GB-SLM-CLR-100ML-ASP-IVGD,shopify,1000,deny,manual,5.90,
slim-100ml-clear-18-415-antiquespray,,SKU,GB-SLM-CLR-100ML-ASP-LVN,GB-SLM-CLR-100ML-ASP-LVN,shopify,1000,deny,manual,5.90,
slim-100ml-clear-18-415-antiquespray,,SKU,GB-SLM-CLR-100ML-ASP-GLD,GB-SLM-CLR-100ML-ASP-GLD,shopify,1000,deny,manual,5.90,
slim-100ml-clear-18-415-antiquespray,,SKU,GB-SLM-CLR-100ML-ASP-IVSL,GB-SLM-CLR-100ML-ASP-IVSL,shopify,1000,deny,manual,5.90,
slim-100ml-clear-18-415-antiquespray,,SKU,GB-SLM-CLR-100ML-ASP-RED,GB-SLM-CLR-100ML-ASP-RED,shopify,1000,deny,manual,5.90,
slim-100ml-clear-18-415-antiquespray,,SKU,GB-SLM-CLR-100ML-ASP-MSLV,GB-SLM-CLR-100ML-ASP-MSLV,shopify,1000,deny,manual,5.90,
slim-100ml-clear-18-415-antiquespray,,SKU,GB-SLM-CLR-100ML-ASP-WHT,GB-SLM-CLR-100ML-ASP-WHT,shopify,1000,deny,manual,5.90,
slim-100ml-clear-18-415-antiquespray-tassel,100 ml Clear Slim Vintage Bulb Spray Bottle with Tassel,SKU,GB-SLM-CLR-100ML-AST-BLK,GB-SLM-CLR-100ML-AST-BLK,shopify,1000,deny,manual,6.65,active
slim-100ml-clear-18-415-antiquespray-tassel,,SKU,GB-SLM-CLR-100ML-AST-PNK,GB-SLM-CLR-100ML-AST-PNK,shopify,1000,deny,manual,6.65,
slim-100ml-clear-18-415-antiquespray-tassel,,SKU,GB-SLM-CLR-100ML-AST-GLD,GB-SLM-CLR-100ML-AST-GLD,shopify,1000,deny,manual,6.65,
slim-100ml-clear-18-415-antiquespray-tassel,,SKU,GB-SLM-CLR-100ML-AST-IVGD,GB-SLM-CLR-100ML-AST-IVGD,shopify,1000,deny,manual,6.65,
slim-100ml-clear-18-415-antiquespray-tassel,,SKU,GB-SLM-CLR-100ML-AST-IVSL,GB-SLM-CLR-100ML-AST-IVSL,shopify,1000,deny,manual,6.65,
slim-100ml-clear-18-415-antiquespray-tassel,,SKU,GB-SLM-CLR-100ML-AST-LVN,GB-SLM-CLR-100ML-AST-LVN,shopify,1000,deny,manual,6.65,
slim-100ml-clear-18-415-antiquespray-tassel,,SKU,GB-SLM-CLR-100ML-AST-RED,GB-SLM-CLR-100ML-AST-RED,shopify,1000,deny,manual,6.65,
slim-100ml-clear-18-415-antiquespray-tassel,,SKU,GB-SLM-CLR-100ML-AST-WHT,GB-SLM-CLR-100ML-AST-WHT,shopify,1000,deny,manual,6.65,
slim-100ml-clear-18-415-antiquespray-tassel,,SKU,GB-SLM-CLR-100ML-AST-MSLV,GB-SLM-CLR-100ML-AST-MSLV,shopify,1000,deny,manual,6.65,
round-128ml-clear-18-415-antiquespray,128 ml Clear Round Vintage Bulb Spray Bottle,SKU,GB-RND-CLR-128ML-ASP-BLK,GB-RND-CLR-128ML-ASP-BLK,shopify,1000,deny,manual,5.90,active
round-128ml-clear-18-415-antiquespray,,SKU,GB-RND-CLR-128ML-ASP-PNK,GB-RND-CLR-128ML-ASP-PNK,shopify,1000,deny,manual,5.90,
round-128ml-clear-18-415-antiquespray,,SKU,GB-RND-CLR-128ML-ASP-IVGD,GB-RND-CLR-128ML-ASP-IVGD,shopify,1000,deny,manual,5.90,
round-128ml-clear-18-415-antiquespray,,SKU,GB-RND-CLR-128ML-ASP-LVN,GB-RND-CLR-128ML-ASP-LVN,shopify,1000,deny,manual,5.90,
round-128ml-clear-18-415-antiquespray,,SKU,GB-RND-CLR-128ML-ASP-GLD,GB-RND-CLR-128ML-ASP-GLD,shopify,1000,deny,manual,5.90,
round-128ml-clear-18-415-antiquespray,,SKU,GB-RND-CLR-128ML-ASP-IVSL,GB-RND-CLR-128ML-ASP-IVSL,shopify,1000,deny,manual,5.90,
round-128ml-clear-18-415-antiquespray,,SKU,GB-RND-CLR-128ML-ASP-MSLV,GB-RND-CLR-128ML-ASP-MSLV,shopify,1000,deny,manual,5.90,
round-128ml-clear-18-415-antiquespray,,SKU,GB-RND-CLR-128ML-ASP-WHT,GB-RND-CLR-128ML-ASP-WHT,shopify,1000,deny,manual,5.90,
round-128ml-clear-18-415-antiquespray,,SKU,GB-RND-CLR-128ML-ASP-RED,GB-RND-CLR-128ML-ASP-RED,shopify,1000,deny,manual,5.90,
round-128ml-clear-18-415-antiquespray-tassel,128 ml Clear Round Vintage Bulb Spray Bottle with Tassel,SKU,GB-RND-CLR-128ML-AST-BLK,GB-RND-CLR-128ML-AST-BLK,shopify,1000,deny,manual,6.65,active
round-128ml-clear-18-415-antiquespray-tassel,,SKU,GB-RND-CLR-128ML-AST-PNK,GB-RND-CLR-128ML-AST-PNK,shopify,1000,deny,manual,6.65,
round-128ml-clear-18-415-antiquespray-tassel,,SKU,GB-RND-CLR-128ML-AST-IVGD,GB-RND-CLR-128ML-AST-IVGD,shopify,1000,deny,manual,6.65,
round-128ml-clear-18-415-antiquespray-tassel,,SKU,GB-RND-CLR-128ML-AST-LVN,GB-RND-CLR-128ML-AST-LVN,shopify,1000,deny,manual,6.65,
round-128ml-clear-18-415-antiquespray-tassel,,SKU,GB-RND-CLR-128ML-AST-GLD,GB-RND-CLR-128ML-AST-GLD,shopify,1000,deny,manual,6.65,
round-128ml-clear-18-415-antiquespray-tassel,,SKU,GB-RND-CLR-128ML-AST-IVSL,GB-RND-CLR-128ML-AST-IVSL,shopify,1000,deny,manual,6.65,
round-128ml-clear-18-415-antiquespray-tassel,,SKU,GB-RND-CLR-128ML-AST-RED,GB-RND-CLR-128ML-AST-RED,shopify,1000,deny,manual,6.65,
round-128ml-clear-18-415-antiquespray-tassel,,SKU,GB-RND-CLR-128ML-AST-WHT,GB-RND-CLR-128ML-AST-WHT,shopify,1000,deny,manual,6.65,
round-128ml-clear-18-415-antiquespray-tassel,,SKU,GB-RND-CLR-128ML-AST-MSLV,GB-RND-CLR-128ML-AST-MSLV,shopify,1000,deny,manual,6.65,
slim-30ml-clear-18-415-lotionpump,30 ml Clear Slim Lotion Pump Bottle,SKU,LB-SLM-CLR-30ML-LPM-SBLK,LB-SLM-CLR-30ML-LPM-SBLK,shopify,1000,deny,manual,2.50,active
slim-30ml-clear-18-415-lotionpump,,SKU,LB-SLM-CLR-30ML-LPM-SGLD,LB-SLM-CLR-30ML-LPM-SGLD,shopify,1000,deny,manual,2.50,
slim-30ml-clear-18-415-lotionpump,,SKU,LB-SLM-CLR-30ML-LPM-MSLV,LB-SLM-CLR-30ML-LPM-MSLV,shopify,1000,deny,manual,2.50,
slim-30ml-clear-18-415-lotionpump,,SKU,LB-SLM-CLR-30ML-LPM-MGLD,LB-SLM-CLR-30ML-LPM-MGLD,shopify,1000,deny,manual,2.50,
slim-30ml-clear-18-415-lotionpump,,SKU,LB-SLM-CLR-30ML-LPM-SSLV,LB-SLM-CLR-30ML-LPM-SSLV,shopify,1000,deny,manual,2.50,
slim-30ml-clear-18-415-lotionpump,,SKU,LB-SLM-CLR-30ML-LPM-CPR,LB-SLM-CLR-30ML-LPM-CPR,shopify,1000,deny,manual,2.50,
slim-30ml-clear-18-415-lotionpump,,SKU,LB-SLM-CLR-30ML-LPM-COCP,LB-SLM-CLR-30ML-LPM-COCP,shopify,1000,deny,manual,2.50,
tool-0ml-mixed,Tool,SKU,ACC-FNL-GLD,ACC-FNL-GLD,shopify,1000,deny,manual,0.44,active
tool-0ml-mixed,,SKU,ACC-FNL-SLV,ACC-FNL-SLV,shopify,1000,deny,manual,0.44,
tool-0ml-mixed,,SKU,ACC-FNL-02,ACC-FNL-02,shopify,1000,deny,manual,0.33,
circle-100ml-frosted-18-415-antiquespray-tassel,100 ml Frosted Circle Vintage Bulb Spray Bottle with Tassel,SKU,GB-CIR-FRS-100ML-AST-IVGD,GB-CIR-FRS-100ML-AST-IVGD,shopify,1000,deny,manual,7.15,active
circle-100ml-frosted-18-415-antiquespray-tassel,,SKU,GB-CIR-FRS-100ML-AST-GLD,GB-CIR-FRS-100ML-AST-GLD,shopify,1000,deny,manual,7.15,
circle-100ml-frosted-18-415-antiquespray-tassel,,SKU,GB-CIR-FRS-100ML-AST-MSLV,GB-CIR-FRS-100ML-AST-MSLV,shopify,1000,deny,manual,7.15,
diva-46ml-clear-18-415-lotionpump,46 ml Clear Diva Lotion Pump Bottle,SKU,LB-DVA-CLR-46ML-LPM-MGLD,LB-DVA-CLR-46ML-LPM-MGLD,shopify,1000,deny,manual,3.25,active
diva-46ml-clear-18-415-lotionpump,,SKU,LB-DVA-CLR-46ML-LPM-SGLD,LB-DVA-CLR-46ML-LPM-SGLD,shopify,1000,deny,manual,3.25,
diva-46ml-clear-18-415-lotionpump,,SKU,LB-DVA-CLR-46ML-LPM-SBLK,LB-DVA-CLR-46ML-LPM-SBLK,shopify,1000,deny,manual,3.25,
diva-46ml-clear-18-415-lotionpump,,SKU,LB-DVA-CLR-46ML-LPM-MSLV,LB-DVA-CLR-46ML-LPM-MSLV,shopify,1000,deny,manual,3.25,
diva-46ml-clear-18-415-lotionpump,,SKU,LB-DVA-CLR-46ML-LPM-SSLV,LB-DVA-CLR-46ML-LPM-SSLV,shopify,1000,deny,manual,3.25,
diva-46ml-clear-18-415-lotionpump,,SKU,LB-DVA-CLR-46ML-LPM-CPR,LB-DVA-CLR-46ML-LPM-CPR,shopify,1000,deny,manual,3.25,
diva-46ml-clear-18-415-lotionpump,,SKU,LB-DVA-CLR-46ML-LPM-COCP,LB-DVA-CLR-46ML-LPM-COCP,shopify,1000,deny,manual,3.25,
diva-46ml-clear-18-415-lotionpump,,SKU,LB-DVA-CLR-46ML-01,LB-DVA-CLR-46ML-01,,0,deny,manual,3.75,
diva-46ml-clear-18-415-lotionpump,,SKU,LB-DVA-CLR-46ML-02,LB-DVA-CLR-46ML-02,,0,deny,manual,3.75,
diva-46ml-clear-18-415-lotionpump,,SKU,LB-DVA-CLR-46ML-03,LB-DVA-CLR-46ML-03,,0,deny,manual,3.75,
diva-46ml-clear-18-415-lotionpump,,SKU,LB-DVA-CLR-46ML-04,LB-DVA-CLR-46ML-04,,0,deny,manual,3.75,
diva-46ml-clear-18-415-lotionpump,,SKU,LB-DVA-CLR-46ML-05,LB-DVA-CLR-46ML-05,,0,deny,manual,3.75,
diva-46ml-clear-18-415-lotionpump,,SKU,LB-DVA-CLR-46ML-06,LB-DVA-CLR-46ML-06,,0,deny,manual,3.75,
diva-46ml-clear-18-415-lotionpump,,SKU,LB-DVA-CLR-46ML-T,LB-DVA-CLR-46ML-T,,0,deny,manual,3.75,
gift-bag-0ml-mixed,Gift Bag,SKU,ACC-ORG-BLK-4X6,ACC-ORG-BLK-4X6,shopify,1000,deny,manual,0.77,active
gift-bag-0ml-mixed,,SKU,ACC-ORG-BLK-5X8,ACC-ORG-BLK-5X8,shopify,1000,deny,manual,0.88,
gift-bag-0ml-mixed,,SKU,ACC-ORG-CHGN-5X8,ACC-ORG-CHGN-5X8,shopify,1000,deny,manual,0.88,
gift-bag-0ml-mixed,,SKU,ACC-ORG-GLD-4X6,ACC-ORG-GLD-4X6,shopify,1000,deny,manual,0.77,
gift-bag-0ml-mixed,,SKU,ACC-ORG-GLD-5X8,ACC-ORG-GLD-5X8,shopify,1000,deny,manual,0.88,
gift-bag-0ml-mixed,,SKU,ACC-ORG-CHGN-4X6,ACC-ORG-CHGN-4X6,shopify,1000,deny,manual,0.77,
gift-bag-0ml-mixed,,SKU,ACC-ORG-IVY-4X6,ACC-ORG-IVY-4X6,shopify,1000,deny,manual,0.77,
gift-bag-0ml-mixed,,SKU,ACC-ORG-LVN-5X8,ACC-ORG-LVN-5X8,shopify,1000,deny,manual,0.88,
gift-bag-0ml-mixed,,SKU,ACC-ORG-LTPR-5X8,ACC-ORG-LTPR-5X8,shopify,1000,deny,manual,0.88,
gift-bag-0ml-mixed,,SKU,ACC-ORG-PNK-4X6,ACC-ORG-PNK-4X6,shopify,1000,deny,manual,0.77,
gift-bag-0ml-mixed,,SKU,ACC-ORG-PRP-4X6,ACC-ORG-PRP-4X6,shopify,1000,deny,manual,0.77,
gift-bag-0ml-mixed,,SKU,ACC-ORG-RED-4X6,ACC-ORG-RED-4X6,shopify,1000,deny,manual,0.77,
gift-bag-0ml-mixed,,SKU,ACC-ORG-RED-5X8,ACC-ORG-RED-5X8,shopify,1000,deny,manual,0.88,
gift-bag-0ml-mixed,,SKU,ACC-ORG-SLV-4X6-02,ACC-ORG-SLV-4X6-02,shopify,1000,deny,manual,0.77,
gift-bag-0ml-mixed,,SKU,ACC-VLV-BLK-4X3,ACC-VLV-BLK-4X3,shopify,1000,deny,manual,0.44,
gift-bag-0ml-mixed,,SKU,ACC-VLV-BLK-4X5,ACC-VLV-BLK-4X5,shopify,1000,deny,manual,0.55,
gift-bag-0ml-mixed,,SKU,ACC-VLV-BLU-4X3,ACC-VLV-BLU-4X3,shopify,1000,deny,manual,0.44,
gift-bag-0ml-mixed,,SKU,ACC-VLV-GRN-4X3,ACC-VLV-GRN-4X3,shopify,1000,deny,manual,0.44,
gift-bag-0ml-mixed,,SKU,ACC-VLV-GRN-4X5,ACC-VLV-GRN-4X5,shopify,1000,deny,manual,0.55,
gift-bag-0ml-mixed,,SKU,ACC-VLV-RED-4X3,ACC-VLV-RED-4X3,shopify,1000,deny,manual,0.44,
gift-bag-0ml-mixed,,SKU,ACC-VLV-RED-4X5,ACC-VLV-RED-4X5,shopify,1000,deny,manual,0.55,
diva-46ml-frosted-18-415-lotionpump,46 ml Frosted Diva Lotion Pump Bottle,SKU,LB-DVA-FRS-46ML-02,LB-DVA-FRS-46ML-02,shopify,1000,deny,manual,3.75,active
diva-46ml-frosted-18-415-lotionpump,,SKU,LB-DVA-FRS-46ML-03,LB-DVA-FRS-46ML-03,shopify,1000,deny,manual,3.75,
diva-46ml-frosted-18-415-lotionpump,,SKU,LB-DVA-FRS-46ML-01,LB-DVA-FRS-46ML-01,shopify,1000,deny,manual,3.75,
diva-46ml-frosted-18-415-lotionpump,,SKU,LB-DVA-FRS-46ML-05,LB-DVA-FRS-46ML-05,shopify,1000,deny,manual,3.75,
diva-46ml-frosted-18-415-lotionpump,,SKU,LB-DVA-FRS-46ML-04,LB-DVA-FRS-46ML-04,shopify,1000,deny,manual,3.75,
diva-46ml-frosted-18-415-lotionpump,,SKU,LB-DVA-FRS-46ML-06,LB-DVA-FRS-46ML-06,shopify,1000,deny,manual,3.75,
diva-46ml-frosted-18-415-lotionpump,,SKU,LB-DVA-FRS-46ML-T,LB-DVA-FRS-46ML-T,shopify,1000,deny,manual,3.75,
circle-50ml-clear-18-415-lotionpump,50 ml Clear Circle Lotion Pump Bottle,SKU,LB-CIR-CLR-50ML-LPM-MGLD,LB-CIR-CLR-50ML-LPM-MGLD,shopify,1000,deny,manual,2.60,active
circle-50ml-clear-18-415-lotionpump,,SKU,LB-CIR-CLR-50ML-LPM-SGLD,LB-CIR-CLR-50ML-LPM-SGLD,shopify,1000,deny,manual,2.60,
circle-50ml-clear-18-415-lotionpump,,SKU,LB-CIR-CLR-50ML-LPM-SBLK,LB-CIR-CLR-50ML-LPM-SBLK,shopify,1000,deny,manual,2.60,
circle-50ml-clear-18-415-lotionpump,,SKU,LB-CIR-CLR-50ML-LPM-MSLV,LB-CIR-CLR-50ML-LPM-MSLV,shopify,1000,deny,manual,2.60,
circle-50ml-clear-18-415-lotionpump,,SKU,LB-CIR-CLR-50ML-LPM-SSLV,LB-CIR-CLR-50ML-LPM-SSLV,shopify,1000,deny,manual,2.60,
circle-50ml-clear-18-415-lotionpump,,SKU,LB-CIR-CLR-50ML-LPM-CPR,LB-CIR-CLR-50ML-LPM-CPR,shopify,1000,deny,manual,2.60,
circle-50ml-clear-18-415-lotionpump,,SKU,LB-CIR-CLR-50ML-LPM-COCP,LB-CIR-CLR-50ML-LPM-COCP,shopify,1000,deny,manual,2.60,
cylinder-9ml-swirl-17-415-finemist,9 ml Swirl Cylinder Fine Mist Spray Bottle,SKU,GB-CYL-CLR-9ML-SPR-GLD,GB-CYL-CLR-9ML-SPR-GLD,shopify,1000,deny,manual,1.00,active
cylinder-9ml-swirl-17-415-finemist,,SKU,GB-CYL-CLR-9ML-SPR-MSLV-01,GB-CYL-CLR-9ML-SPR-MSLV-01,shopify,1000,deny,manual,1.00,
cylinder-9ml-swirl-17-415-finemist,,SKU,GB-CYL-CLR-9ML-SPR-SSLV-01,GB-CYL-CLR-9ML-SPR-SSLV-01,shopify,1000,deny,manual,1.00,
cylinder-9ml-swirl-17-415-finemist,,SKU,GB-CYL-CLR-9ML-SPR-RED,GB-CYL-CLR-9ML-SPR-RED,shopify,1000,deny,manual,1.00,
cylinder-9ml-swirl-17-415-finemist,,SKU,GB-CYL-CLR-9ML-T-27,GB-CYL-CLR-9ML-T-27,shopify,1000,deny,manual,1.00,
cylinder-9ml-swirl-17-415-finemist,,SKU,GB-CYL-BLK-9ML-SPR-BLK,GB-CYL-BLK-9ML-SPR-BLK,shopify,1000,deny,manual,1.00,
circle-50ml-frosted-18-415-lotionpump,50 ml Frosted Circle Lotion Pump Bottle,SKU,LB-CIR-FRS-50ML-LPM-MGLD,LB-CIR-FRS-50ML-LPM-MGLD,shopify,1000,deny,manual,2.80,active
circle-50ml-frosted-18-415-lotionpump,,SKU,LB-CIR-FRS-50ML-LPM-SGLD,LB-CIR-FRS-50ML-LPM-SGLD,shopify,1000,deny,manual,2.80,
circle-50ml-frosted-18-415-lotionpump,,SKU,LB-CIR-FRS-50ML-LPM-SBLK,LB-CIR-FRS-50ML-LPM-SBLK,shopify,1000,deny,manual,2.80,
circle-50ml-frosted-18-415-lotionpump,,SKU,LB-CIR-FRS-50ML-LPM-MSLV,LB-CIR-FRS-50ML-LPM-MSLV,shopify,1000,deny,manual,2.80,
circle-50ml-frosted-18-415-lotionpump,,SKU,LB-CIR-FRS-50ML-LPM-SSLV,LB-CIR-FRS-50ML-LPM-SSLV,shopify,1000,deny,manual,2.80,
circle-50ml-frosted-18-415-lotionpump,,SKU,LB-CIR-FRS-50ML-LPM-CPR,LB-CIR-FRS-50ML-LPM-CPR,shopify,1000,deny,manual,2.80,
circle-50ml-frosted-18-415-lotionpump,,SKU,LB-CIR-FRS-50ML-LPM-CLR,LB-CIR-FRS-50ML-LPM-CLR,shopify,1000,deny,manual,2.80,
cylinder-50ml-clear-18-415-lotionpump,50 ml Clear Cylinder Lotion Pump Bottle,SKU,LB-CYL-CLR-50ML-LPM-MGLD,LB-CYL-CLR-50ML-LPM-MGLD,shopify,1000,deny,manual,2.70,active
cylinder-50ml-clear-18-415-lotionpump,,SKU,LB-CYL-CLR-50ML-LPM-SGLD,LB-CYL-CLR-50ML-LPM-SGLD,shopify,1000,deny,manual,2.70,
cylinder-50ml-clear-18-415-lotionpump,,SKU,LB-CYL-CLR-50ML-LPM-SBLK,LB-CYL-CLR-50ML-LPM-SBLK,shopify,1000,deny,manual,2.70,
cylinder-50ml-clear-18-415-lotionpump,,SKU,LB-CYL-CLR-50ML-LPM-MSLV,LB-CYL-CLR-50ML-LPM-MSLV,shopify,1000,deny,manual,2.70,
cylinder-50ml-clear-18-415-lotionpump,,SKU,LB-CYL-CLR-50ML-LPM-SSLV,LB-CYL-CLR-50ML-LPM-SSLV,shopify,1000,deny,manual,2.70,
cylinder-50ml-clear-18-415-lotionpump,,SKU,LB-CYL-CLR-50ML-LPM-CPR,LB-CYL-CLR-50ML-LPM-CPR,shopify,1000,deny,manual,2.70,
cylinder-50ml-clear-18-415-lotionpump,,SKU,LB-CYL-CLR-50ML-LPM-COCP,LB-CYL-CLR-50ML-LPM-COCP,shopify,1000,deny,manual,2.70,
empire-50ml-clear-18-415-lotionpump,50 ml Clear Empire Lotion Pump Bottle,SKU,LB-EMP-CLR-50ML-LPM-MGLD,LB-EMP-CLR-50ML-LPM-MGLD,shopify,1000,deny,manual,3.30,active
empire-50ml-clear-18-415-lotionpump,,SKU,LB-EMP-CLR-50ML-LPM-SGLD,LB-EMP-CLR-50ML-LPM-SGLD,shopify,1000,deny,manual,3.30,
empire-50ml-clear-18-415-lotionpump,,SKU,LB-EMP-CLR-50ML-LPM-SBLK,LB-EMP-CLR-50ML-LPM-SBLK,shopify,1000,deny,manual,3.30,
empire-50ml-clear-18-415-lotionpump,,SKU,LB-EMP-CLR-50ML-LPM-MSLV,LB-EMP-CLR-50ML-LPM-MSLV,shopify,1000,deny,manual,3.30,
empire-50ml-clear-18-415-lotionpump,,SKU,LB-EMP-CLR-50ML-LPM-SSLV,LB-EMP-CLR-50ML-LPM-SSLV,shopify,1000,deny,manual,3.30,
empire-50ml-clear-18-415-lotionpump,,SKU,LB-EMP-CLR-50ML-LPM-OVCP-T,LB-EMP-CLR-50ML-LPM-OVCP-T,shopify,1000,deny,manual,3.30,
empire-50ml-clear-18-415-lotionpump,,SKU,LB-EMP-CLR-50ML-LPM-CPR,LB-EMP-CLR-50ML-LPM-CPR,shopify,1000,deny,manual,3.30,
empire-50ml-clear-18-415-lotionpump,,SKU,LB-EMP-CLR-50ML-LPM-COCP,LB-EMP-CLR-50ML-LPM-COCP,shopify,1000,deny,manual,3.30,
gift-box-0ml-mixed,Gift Box,SKU,PKG-BOX-BWIN-BLU,PKG-BOX-BWIN-BLU,shopify,1000,deny,manual,0.35,active
gift-box-0ml-mixed,,SKU,PKG-BOX-BWIN-ERTH,PKG-BOX-BWIN-ERTH,shopify,1000,deny,manual,0.35,
gift-box-0ml-mixed,,SKU,PKG-BOX-BWIN-GRN,PKG-BOX-BWIN-GRN,shopify,1000,deny,manual,0.35,
gift-box-0ml-mixed,,SKU,PKG-BOX-BWIN-ORNG,PKG-BOX-BWIN-ORNG,shopify,1000,deny,manual,0.35,
gift-box-0ml-mixed,,SKU,PKG-BOX-CWIN-BLU,PKG-BOX-CWIN-BLU,shopify,1000,deny,manual,0.35,
gift-box-0ml-mixed,,SKU,PKG-BOX-CWIN-GNPR,PKG-BOX-CWIN-GNPR,shopify,1000,deny,manual,0.35,
gift-box-0ml-mixed,,SKU,PKG-BOX-CWIN-GNSH,PKG-BOX-CWIN-GNSH,shopify,1000,deny,manual,0.35,
gift-box-0ml-mixed,,SKU,PKG-BOX-CWIN-SLV,PKG-BOX-CWIN-SLV,shopify,1000,deny,manual,0.35,
gift-box-0ml-mixed,,SKU,PKG-BOX-CWIN-WHT,PKG-BOX-CWIN-WHT,shopify,1000,deny,manual,0.35,
gift-box-0ml-mixed,,SKU,PKG-BOX-ECRM-CUBE,PKG-BOX-ECRM-CUBE,shopify,1000,deny,manual,0.75,
gift-box-0ml-mixed,,SKU,PKG-BOX-ECRM-RECT,PKG-BOX-ECRM-RECT,shopify,1000,deny,manual,0.75,
gift-box-0ml-mixed,,SKU,PKG-BOX-WHT-1X1X2,PKG-BOX-WHT-1X1X2,shopify,1000,deny,manual,0.25,
gift-box-0ml-mixed,,SKU,PKG-BOX-WHT-4X4X4,PKG-BOX-WHT-4X4X4,shopify,1000,deny,manual,0.35,
gift-box-0ml-mixed,,SKU,PKG-BOX-WHT-5X5X5,PKG-BOX-WHT-5X5X5,shopify,1000,deny,manual,0.52,
circle-50ml-frosted-18-400-reducer,50 ml Frosted Circle Reducer Bottle,SKU,GB-CIR-FRS-50ML-RDC-IVR,GB-CIR-FRS-50ML-RDC-IVR,shopify,1000,deny,manual,2.35,active
sleek-50ml-clear-18-415-lotionpump,50 ml Clear Sleek Lotion Pump Bottle,SKU,LB-SLK-CLR-50ML-LPM-COCP-T,LB-SLK-CLR-50ML-LPM-COCP-T,shopify,1000,deny,manual,3.40,active
sleek-50ml-clear-18-415-lotionpump,,SKU,LB-SLK-CLR-50ML-LPM-SBLK,LB-SLK-CLR-50ML-LPM-SBLK,shopify,1000,deny,manual,2.70,
sleek-50ml-clear-18-415-lotionpump,,SKU,LB-SLK-CLR-50ML-LPM-SGLD,LB-SLK-CLR-50ML-LPM-SGLD,shopify,1000,deny,manual,2.70,
sleek-50ml-clear-18-415-lotionpump,,SKU,LB-SLK-CLR-50ML-LPM-MGLD,LB-SLK-CLR-50ML-LPM-MGLD,shopify,1000,deny,manual,2.70,
sleek-50ml-clear-18-415-lotionpump,,SKU,LB-SLK-CLR-50ML-LPM-MSLV,LB-SLK-CLR-50ML-LPM-MSLV,shopify,1000,deny,manual,2.70,
sleek-50ml-clear-18-415-lotionpump,,SKU,LB-SLK-CLR-50ML-LPM-CPR,LB-SLK-CLR-50ML-LPM-CPR,shopify,1000,deny,manual,2.70,
sleek-50ml-clear-18-415-lotionpump,,SKU,LB-SLK-CLR-50ML-LPM-SSLV,LB-SLK-CLR-50ML-LPM-SSLV,shopify,1000,deny,manual,2.70,
sleek-50ml-clear-18-415-lotionpump,,SKU,LB-SLK-CLR-50ML-LPM-COCP,LB-SLK-CLR-50ML-LPM-COCP,shopify,1000,deny,manual,2.70,
slim-50ml-clear-18-415-lotionpump,50 ml Clear Slim Lotion Pump Bottle,SKU,LB-SLM-CLR-50ML-LPM-SBLK,LB-SLM-CLR-50ML-LPM-SBLK,shopify,1000,deny,manual,2.70,active
slim-50ml-clear-18-415-lotionpump,,SKU,LB-SLM-CLR-50ML-LPM-SGLD,LB-SLM-CLR-50ML-LPM-SGLD,shopify,1000,deny,manual,2.70,
slim-50ml-clear-18-415-lotionpump,,SKU,LB-SLM-CLR-50ML-LPM-SSLV,LB-SLM-CLR-50ML-LPM-SSLV,shopify,1000,deny,manual,2.70,
slim-50ml-clear-18-415-lotionpump,,SKU,LB-SLM-CLR-50ML-LPM-MGLD,LB-SLM-CLR-50ML-LPM-MGLD,shopify,1000,deny,manual,2.70,
slim-50ml-clear-18-415-lotionpump,,SKU,LB-SLM-CLR-50ML-LPM-MSLV,LB-SLM-CLR-50ML-LPM-MSLV,shopify,1000,deny,manual,2.70,
slim-50ml-clear-18-415-lotionpump,,SKU,LB-SLM-CLR-50ML-LPM-CPR,LB-SLM-CLR-50ML-LPM-CPR,shopify,1000,deny,manual,2.70,
slim-50ml-clear-18-415-lotionpump,,SKU,LB-SLM-CLR-50ML-LPM-COCP,LB-SLM-CLR-50ML-LPM-COCP,shopify,1000,deny,manual,2.70,
heart-4ml-frosted-8mm-keychain,4 ml Frosted Heart Bottle with Keychain,SKU,GB-DEC-FRS-4ML-GST-GLD-T,GB-DEC-FRS-4ML-GST-GLD-T,shopify,1000,deny,manual,2.95,active
heart-4ml-frosted-8mm-tassel,4 ml Frosted Heart Bottle with Tassel,SKU,GB-DEC-FRS-4ML-GST-RED-T,GB-DEC-FRS-4ML-GST-RED-T,shopify,1000,deny,manual,2.80,active
grace-55ml-clear-18-415-lotionpump,55 ml Clear Grace Lotion Pump Bottle,SKU,LB-GRC-CLR-55ML-LPM-MGLD,LB-GRC-CLR-55ML-LPM-MGLD,shopify,1000,deny,manual,2.70,active
grace-55ml-clear-18-415-lotionpump,,SKU,LB-GRC-CLR-55ML-LPM-MSLV,LB-GRC-CLR-55ML-LPM-MSLV,shopify,1000,deny,manual,2.70,
grace-55ml-clear-18-415-lotionpump,,SKU,LB-GRC-CLR-55ML-LPM-CPR,LB-GRC-CLR-55ML-LPM-CPR,shopify,1000,deny,manual,2.70,
grace-55ml-clear-18-415-lotionpump,,SKU,LB-GRC-CLR-55ML-LPM-SGLD,LB-GRC-CLR-55ML-LPM-SGLD,shopify,1000,deny,manual,2.70,
grace-55ml-clear-18-415-lotionpump,,SKU,LB-GRC-CLR-55ML-LPM-SBLK,LB-GRC-CLR-55ML-LPM-SBLK,shopify,1000,deny,manual,2.70,
grace-55ml-clear-18-415-lotionpump,,SKU,LB-GRC-CLR-55ML-LPM-SSLV,LB-GRC-CLR-55ML-LPM-SSLV,shopify,1000,deny,manual,2.70,
grace-55ml-clear-18-415-lotionpump,,SKU,LB-GRC-CLR-55ML-LPM-COCP,LB-GRC-CLR-55ML-LPM-COCP,shopify,1000,deny,manual,2.70,
diamond-60ml-clear-18-415-lotionpump,60 ml Clear Diamond Lotion Pump Bottle,SKU,LB-DMD-CLR-60ML-LPM-MGLD,LB-DMD-CLR-60ML-LPM-MGLD,shopify,1000,deny,manual,2.90,active
diamond-60ml-clear-18-415-lotionpump,,SKU,LB-DMD-CLR-60ML-LPM-SGLD,LB-DMD-CLR-60ML-LPM-SGLD,shopify,1000,deny,manual,2.90,
diamond-60ml-clear-18-415-lotionpump,,SKU,LB-DMD-CLR-60ML-LPM-SBLK,LB-DMD-CLR-60ML-LPM-SBLK,shopify,1000,deny,manual,2.90,
diamond-60ml-clear-18-415-lotionpump,,SKU,LB-DMD-CLR-60ML-LPM-MSLV,LB-DMD-CLR-60ML-LPM-MSLV,shopify,1000,deny,manual,2.90,
diamond-60ml-clear-18-415-lotionpump,,SKU,LB-DMD-CLR-60ML-LPM-SSLV,LB-DMD-CLR-60ML-LPM-SSLV,shopify,1000,deny,manual,2.90,
diamond-60ml-clear-18-415-lotionpump,,SKU,LB-DMD-CLR-60ML-LPM-CPR,LB-DMD-CLR-60ML-LPM-CPR,shopify,1000,deny,manual,2.90,
diamond-60ml-clear-18-415-lotionpump,,SKU,LB-DMD-CLR-60ML-LPM-COCP,LB-DMD-CLR-60ML-LPM-COCP,shopify,1000,deny,manual,2.90,
packaging-supply-0ml-mixed,Packaging Supply,SKU,ACC-RCB-12X15,ACC-RCB-12X15,shopify,1000,deny,manual,25.00,active
packaging-supply-0ml-mixed,,SKU,ACC-RCB-2X10,ACC-RCB-2X10,shopify,1000,deny,manual,2.40,
packaging-supply-0ml-mixed,,SKU,ACC-RCB-2X12,ACC-RCB-2X12,shopify,1000,deny,manual,2.60,
packaging-supply-0ml-mixed,,SKU,ACC-RCB-3X12,ACC-RCB-3X12,shopify,1000,deny,manual,3.00,
packaging-supply-0ml-mixed,,SKU,ACC-RCB-3X3-02,ACC-RCB-3X3-02,shopify,1000,deny,manual,1.50,
packaging-supply-0ml-mixed,,SKU,ACC-RCB-3X4,ACC-RCB-3X4,shopify,1000,deny,manual,1.50,
packaging-supply-0ml-mixed,,SKU,ACC-RCB-4X12,ACC-RCB-4X12,shopify,1000,deny,manual,3.50,
packaging-supply-0ml-mixed,,SKU,ACC-RCB-4X5,ACC-RCB-4X5,shopify,1000,deny,manual,2.00,
packaging-supply-0ml-mixed,,SKU,ACC-RCB-4X6-01,ACC-RCB-4X6-01,shopify,1000,deny,manual,2.25,
packaging-supply-0ml-mixed,,SKU,ACC-RCB-4X8,ACC-RCB-4X8,shopify,1000,deny,manual,2.60,
packaging-supply-0ml-mixed,,SKU,ACC-RCB-6X10,ACC-RCB-6X10,shopify,1000,deny,manual,4.00,
packaging-supply-0ml-mixed,,SKU,ACC-RCB-9X12,ACC-RCB-9X12,shopify,1000,deny,manual,7.50,
elegant-60ml-clear-18-415-lotionpump,60 ml Clear Elegant Lotion Pump Bottle,SKU,LB-ELG-CLR-60ML-LPM-MGLD,LB-ELG-CLR-60ML-LPM-MGLD,shopify,1000,deny,manual,2.75,active
elegant-60ml-clear-18-415-lotionpump,,SKU,LB-ELG-CLR-60ML-LPM-MSLV,LB-ELG-CLR-60ML-LPM-MSLV,shopify,1000,deny,manual,2.75,
elegant-60ml-clear-18-415-lotionpump,,SKU,LB-ELG-CLR-60ML-LPM-OVCP-T,LB-ELG-CLR-60ML-LPM-OVCP-T,shopify,1000,deny,manual,2.75,
elegant-60ml-clear-18-415-lotionpump,,SKU,LB-ELG-CLR-60ML-LPM-CPR,LB-ELG-CLR-60ML-LPM-CPR,shopify,1000,deny,manual,2.75,
elegant-60ml-clear-18-415-lotionpump,,SKU,LB-ELG-CLR-60ML-LPM-SGLD,LB-ELG-CLR-60ML-LPM-SGLD,shopify,1000,deny,manual,2.75,
elegant-60ml-clear-18-415-lotionpump,,SKU,LB-ELG-CLR-60ML-LPM-SBLK,LB-ELG-CLR-60ML-LPM-SBLK,shopify,1000,deny,manual,2.75,
elegant-60ml-clear-18-415-lotionpump,,SKU,LB-ELG-CLR-60ML-LPM-SSLV,LB-ELG-CLR-60ML-LPM-SSLV,shopify,1000,deny,manual,2.75,
elegant-60ml-clear-18-415-lotionpump,,SKU,LB-ELG-CLR-60ML-LPM-COCP,LB-ELG-CLR-60ML-LPM-COCP,shopify,1000,deny,manual,2.75,
tola-3ml-clear-14-3mm,3 ml Clear Tola Bottle,SKU,GB-DEC-CLR-3ML-T,GB-DEC-CLR-3ML-T,shopify,1000,deny,manual,0.44,active
elegant-60ml-frosted-18-415-lotionpump,60 ml Frosted Elegant Lotion Pump Bottle,SKU,LB-ELG-FRS-60ML-LPM-MGLD,LB-ELG-FRS-60ML-LPM-MGLD,shopify,1000,deny,manual,2.90,active
elegant-60ml-frosted-18-415-lotionpump,,SKU,LB-ELG-FRS-60ML-LPM-MSLV,LB-ELG-FRS-60ML-LPM-MSLV,shopify,1000,deny,manual,2.90,
elegant-60ml-frosted-18-415-lotionpump,,SKU,LB-ELG-FRS-60ML-LPM-OVCP-T,LB-ELG-FRS-60ML-LPM-OVCP-T,shopify,1000,deny,manual,2.90,
elegant-60ml-frosted-18-415-lotionpump,,SKU,LB-ELG-FRS-60ML-LPM-CPR,LB-ELG-FRS-60ML-LPM-CPR,shopify,1000,deny,manual,2.90,
elegant-60ml-frosted-18-415-lotionpump,,SKU,LB-ELG-FRS-60ML-LPM-SGLD,LB-ELG-FRS-60ML-LPM-SGLD,shopify,1000,deny,manual,3.25,
elegant-60ml-frosted-18-415-lotionpump,,SKU,LB-ELG-FRS-60ML-LPM-SBLK,LB-ELG-FRS-60ML-LPM-SBLK,shopify,1000,deny,manual,3.25,
elegant-60ml-frosted-18-415-lotionpump,,SKU,LB-ELG-FRS-60ML-LPM-SSLV,LB-ELG-FRS-60ML-LPM-SSLV,shopify,1000,deny,manual,3.25,
elegant-60ml-frosted-18-415-lotionpump,,SKU,LB-ELG-FRS-60ML-LPM-COCP,LB-ELG-FRS-60ML-LPM-COCP,shopify,1000,deny,manual,3.80,
tola-6ml-clear-14-3mm,6 ml Clear Tola Bottle,SKU,GB-DEC-CLR-6ML-T,GB-DEC-CLR-6ML-T,shopify,1000,deny,manual,0.55,active
cap-closure-20-400,Cap & Closure — Thread 20-400,SKU,CMP-CAP-BLK-20-400-1OZ,CMP-CAP-BLK-20-400-1OZ,shopify,1000,deny,manual,0.20,active
cap-closure-20-400,,SKU,CMP-CAP-BLK-20-400-2OZ,CMP-CAP-BLK-20-400-2OZ,shopify,1000,deny,manual,0.20,
royal-13ml-clear-13-415-finemist,13 ml Clear Royal Fine Mist Spray Bottle,SKU,GB-RYL-CLR-13ML-SPR-SBLK,GB-RYL-CLR-13ML-SPR-SBLK,shopify,1000,deny,manual,0.97,active
royal-13ml-clear-13-415-finemist,,SKU,GB-RYL-CLR-13ML-SPR-SGLD,GB-RYL-CLR-13ML-SPR-SGLD,shopify,1000,deny,manual,0.97,
royal-13ml-clear-13-415-finemist,,SKU,GB-RYL-CLR-13ML-SPR-SSLV,GB-RYL-CLR-13ML-SPR-SSLV,shopify,1000,deny,manual,0.97,
royal-13ml-clear-13-415-finemist,,SKU,GB-RYL-CLR-13ML-SPR-MBLU,GB-RYL-CLR-13ML-SPR-MBLU,shopify,1000,deny,manual,0.97,
royal-13ml-clear-13-415-finemist,,SKU,GB-RYL-CLR-13ML-SPR-MCPR,GB-RYL-CLR-13ML-SPR-MCPR,shopify,1000,deny,manual,0.97,
royal-13ml-clear-13-415-finemist,,SKU,GB-RYL-CLR-13ML-SPR-MSLV,GB-RYL-CLR-13ML-SPR-MSLV,shopify,1000,deny,manual,0.97,
royal-13ml-clear-13-415-finemist,,SKU,GB-RYL-CLR-13ML-SPR-MGLD,GB-RYL-CLR-13ML-SPR-MGLD,shopify,1000,deny,manual,0.97,
rectangle-9ml-clear-ground-glassapplicator,9 ml Clear Rectangle Applicator Bottle,SKU,GB-RCT-CLR-9ML-T-01,GB-RCT-CLR-9ML-T-01,shopify,1000,deny,manual,3.20,active
rectangle-9ml-clear-ground-glassapplicator,,SKU,GB-RCT-CLR-9ML-T-02,GB-RCT-CLR-9ML-T-02,shopify,1000,deny,manual,3.20,
rectangle-9ml-clear-ground-glassapplicator,,SKU,GB-RCT-CLR-9ML-T-03,GB-RCT-CLR-9ML-T-03,shopify,1000,deny,manual,3.20,
aluminum-bottle-65ml-mixed-20-410,65 ml Aluminum Bottle Bottle with Cap,SKU,AB-CYL-WHT-65ML-LPM-WHT,AB-CYL-WHT-65ML-LPM-WHT,shopify,1000,deny,manual,1.15,active
aluminum-bottle-65ml-mixed-20-410,,SKU,AB-ALU-CLR-65ML-LPM-BLK,AB-ALU-CLR-65ML-LPM-BLK,shopify,1000,deny,manual,1.15,
teardrop-9ml-cobalt-blue-ground-glassapplicator,9 ml Cobalt Blue Teardrop Applicator Bottle,SKU,GB-TRD-BLU-9ML,GB-TRD-BLU-9ML,shopify,1000,deny,manual,3.20,active
round-78ml-clear-18-415-lotionpump,78 ml Clear Round Lotion Pump Bottle,SKU,LB-RND-CLR-78ML-LPM-MGLD,LB-RND-CLR-78ML-LPM-MGLD,shopify,1000,deny,manual,3.05,active
round-78ml-clear-18-415-lotionpump,,SKU,LB-RND-CLR-78ML-LPM-SGLD,LB-RND-CLR-78ML-LPM-SGLD,shopify,1000,deny,manual,3.05,
round-78ml-clear-18-415-lotionpump,,SKU,LB-RND-CLR-78ML-LPM-SBLK,LB-RND-CLR-78ML-LPM-SBLK,shopify,1000,deny,manual,3.05,
round-78ml-clear-18-415-lotionpump,,SKU,LB-RND-CLR-78ML-LPM-MSLV,LB-RND-CLR-78ML-LPM-MSLV,shopify,1000,deny,manual,3.05,
round-78ml-clear-18-415-lotionpump,,SKU,LB-RND-CLR-78ML-LPM-SSLV,LB-RND-CLR-78ML-LPM-SSLV,shopify,1000,deny,manual,3.05,
round-78ml-clear-18-415-lotionpump,,SKU,LB-RND-CLR-78ML-LPM-CPR,LB-RND-CLR-78ML-LPM-CPR,shopify,1000,deny,manual,3.05,
round-78ml-clear-18-415-lotionpump,,SKU,LB-RND-CLR-78ML-LPM-COCP,LB-RND-CLR-78ML-LPM-COCP,shopify,1000,deny,manual,3.05,
teardrop-9ml-clear-ground-glassapplicator,9 ml Clear Teardrop Applicator Bottle,SKU,GB-TRD-CLR-9ML,GB-TRD-CLR-9ML,shopify,1000,deny,manual,3.20,active
teardrop-9ml-green-ground-glassapplicator,9 ml Green Teardrop Applicator Bottle,SKU,GB-TRD-GRN-9ML,GB-TRD-GRN-9ML,shopify,1000,deny,manual,3.20,active
vial-4ml-clear-13-425-dropper,4 ml Clear Vial Dropper Bottle,SKU,GB-VIA-CLR-3ML-01,GB-VIA-CLR-3ML-01,shopify,1000,deny,manual,0.81,active
vial-4ml-clear-13-425-dropper,,SKU,GB-VIA-CLR-3ML-02,GB-VIA-CLR-3ML-02,shopify,1000,deny,manual,0.81,
vial-4ml-clear-13-425-dropper,,SKU,GB-VIA-CLR-3ML-03,GB-VIA-CLR-3ML-03,shopify,1000,deny,manual,1.95,
vial-4ml-clear-13-425-dropper,,SKU,GB-VIA-CLR-3ML-04,GB-VIA-CLR-3ML-04,shopify,1000,deny,manual,1.95,
vial-3ml-green-13-425,3 ml Green Vial Bottle with Cap,SKU,GB-GRN-GRN-20ML,GB-GRN-GRN-20ML,shopify,1000,deny,manual,0.81,active
round-78ml-frosted-18-415-lotionpump,78 ml Frosted Round Lotion Pump Bottle,SKU,LB-RND-FRS-78ML-02,LB-RND-FRS-78ML-02,shopify,1000,deny,manual,3.55,active
round-78ml-frosted-18-415-lotionpump,,SKU,LB-RND-FRS-78ML-05,LB-RND-FRS-78ML-05,shopify,1000,deny,manual,3.55,
round-78ml-frosted-18-415-lotionpump,,SKU,LB-RND-FRS-78ML-04,LB-RND-FRS-78ML-04,shopify,1000,deny,manual,3.55,
round-78ml-frosted-18-415-lotionpump,,SKU,LB-RND-FRS-78ML-03,LB-RND-FRS-78ML-03,shopify,1000,deny,manual,3.55,
round-78ml-frosted-18-415-lotionpump,,SKU,LB-RND-FRS-78ML-06,LB-RND-FRS-78ML-06,shopify,1000,deny,manual,3.55,
round-78ml-frosted-18-415-lotionpump,,SKU,LB-RND-FRS-78ML-01,LB-RND-FRS-78ML-01,shopify,1000,deny,manual,3.55,
round-78ml-frosted-18-415-lotionpump,,SKU,LB-RND-FRS-78ML-T,LB-RND-FRS-78ML-T,shopify,1000,deny,manual,3.55,
cylinder-9ml-clear-18-400-glasswand,9 ml Clear Cylinder Applicator Bottle,SKU,GB-CYL-CLR-9ML-T-01,GB-CYL-CLR-9ML-T-01,shopify,1000,deny,manual,0.46,active
cylinder-9ml-clear-18-400,9 ml Clear Cylinder Bottle with Cap,SKU,GB-CYL-CLR-9ML-S-01,GB-CYL-CLR-9ML-S-01,shopify,1000,deny,manual,0.40,active
cream-jar-3ml-mixed,Cream Jar 3 ml,SKU,CJ-JAR-CBL-9ML,CJ-JAR-CBL-9ML,shopify,1000,deny,manual,0.30,active
cream-jar-3ml-mixed,,SKU,CJ-JAR-CLR-3ML,CJ-JAR-CLR-3ML,shopify,1000,deny,manual,0.30,
cream-jar-5ml-mixed,Cream Jar 5 ml,SKU,CJ-JAR-AMB-5ML-BLK,CJ-JAR-AMB-5ML-BLK,shopify,1000,deny,manual,0.50,active
cream-jar-5ml-mixed,,SKU,CJ-JAR-CLR-5ML-CLR,CJ-JAR-CLR-5ML-CLR,shopify,1000,deny,manual,0.30,
lotion-pump-37mm,Lotion Pump — Thread 37mm,SKU,BB-CREAMJARAMB5MLSLCAP,BB-CREAMJARAMB5MLSLCAP,shopify,1000,deny,manual,0.50,active
cream-jar-15ml-mixed,Cream Jar 15 ml,SKU,CJ-JAR-CLR-15ML-PNK,CJ-JAR-CLR-15ML-PNK,shopify,1000,deny,manual,0.59,active
cream-jar-15ml-mixed,,SKU,CJ-JAR-CLR-15ML-WHT,CJ-JAR-CLR-15ML-WHT,shopify,1000,deny,manual,0.59,
cream-jar-20ml-mixed,Cream Jar 20 ml,SKU,CJ-JAR-20ML-WHT,CJ-JAR-20ML-WHT,shopify,1000,deny,manual,0.57,active
cream-jar-30ml-mixed,Cream Jar 30 ml,SKU,CJ-JAR-AMB-30ML-BLK,CJ-JAR-AMB-30ML-BLK,shopify,1000,deny,manual,0.90,active
cream-jar-30ml-mixed,,SKU,CJ-JAR-AMB-30ML-SLV,CJ-JAR-AMB-30ML-SLV,shopify,1000,deny,manual,0.90,
cream-jar-30ml-mixed,,SKU,CJ-JAR-FRS-30ML-BLK,CJ-JAR-FRS-30ML-BLK,shopify,1000,deny,manual,0.90,
cream-jar-30ml-mixed,,SKU,CJ-JAR-FRS-30ML-SLV,CJ-JAR-FRS-30ML-SLV,shopify,1000,deny,manual,0.90,
marble-10ml-clear-17-52mm,10 ml Clear Marble Bottle,SKU,GB-DEC-CLR-10ML-T,GB-DEC-CLR-10ML-T,shopify,1000,deny,manual,7.00,active
cream-jar-40ml-mixed,Cream Jar 40 ml,SKU,CJ-JAR-AMB-40ML-01,CJ-JAR-AMB-40ML-01,shopify,1000,deny,manual,0.95,active
cream-jar-40ml-mixed,,SKU,CJ-JAR-AMB-40ML-02,CJ-JAR-AMB-40ML-02,shopify,1000,deny,manual,0.95,
cream-jar-40ml-mixed,,SKU,CJ-JAR-FRS-40ML-01,CJ-JAR-FRS-40ML-01,shopify,1000,deny,manual,0.95,
cream-jar-40ml-mixed,,SKU,CJ-JAR-FRS-40ML-02,CJ-JAR-FRS-40ML-02,shopify,1000,deny,manual,0.95,
marble-5ml-clear-17-52mm,5 ml Clear Marble Bottle,SKU,GB-DEC-CLR-5ML-T,GB-DEC-CLR-5ML-T,shopify,1000,deny,manual,6.00,active
royal-14ml-clear-11mm,14 ml Clear Royal Bottle with Cap,SKU,GB-RYL-CLR-14ML-T,GB-RYL-CLR-14ML-T,shopify,1000,deny,manual,7.15,active
genie-32ml-cobalt-blue-ground,32 ml Cobalt Blue Genie Bottle,SKU,GB-GNI-BLU-32ML,GB-GNI-BLU-32ML,shopify,1000,deny,manual,4.95,active
cream-jar-60ml-mixed,Cream Jar 60 ml,SKU,CJ-JAR-FRS-60ML,CJ-JAR-FRS-60ML,shopify,1000,deny,manual,0.85,active
genie-32ml-clear-ground,32 ml Clear Genie Bottle,SKU,GB-GNI-CLR-32ML,GB-GNI-CLR-32ML,shopify,1000,deny,manual,4.95,active
eternal-flame-35ml-cobalt-blue-ground,35 ml Cobalt Blue Eternal Flame Bottle,SKU,GB-ETF-BLU-35ML,GB-ETF-BLU-35ML,shopify,1000,deny,manual,5.45,active
cream-jar-63ml-mixed,Cream Jar 63 ml,SKU,CJ-JAR-60ML-WHT,CJ-JAR-60ML-WHT,shopify,1000,deny,manual,0.20,active
eternal-flame-35ml-clear-ground,35 ml Clear Eternal Flame Bottle,SKU,GB-ETF-CLR-35ML,GB-ETF-CLR-35ML,shopify,1000,deny,manual,5.45,active
lotion-bottle-3ml-clear-snap-on,3 ml Clear Lotion Bottle Bottle with Cap,SKU,LB-LTB-CLR-3ML-CLR-T,LB-LTB-CLR-3ML-CLR-T,shopify,1000,deny,manual,0.35,active
eternal-flame-35ml-green-ground,35 ml Green Eternal Flame Bottle,SKU,GB-ETF-GRN-35ML,GB-ETF-GRN-35ML,shopify,1000,deny,manual,5.45,active
pear-355ml-clear-ground-glassapplicator,355 ml Clear Pear Bottle with Stopper,SKU,GB-DEC-CLR-355ML-T,GB-DEC-CLR-355ML-T,shopify,1000,deny,manual,7.70,active
square-15ml-clear-13-415-finemist,15 ml Clear Square Fine Mist Spray Bottle,SKU,GB-SQR-CLR-15ML-SPR-SBLK,GB-SQR-CLR-15ML-SPR-SBLK,shopify,1000,deny,manual,0.97,active
square-15ml-clear-13-415-finemist,,SKU,GB-SQR-CLR-15ML-SPR-SGLD,GB-SQR-CLR-15ML-SPR-SGLD,shopify,1000,deny,manual,0.97,
square-15ml-clear-13-415-finemist,,SKU,GB-SQR-CLR-15ML-SPR-MSLV,GB-SQR-CLR-15ML-SPR-MSLV,shopify,1000,deny,manual,0.97,
square-15ml-clear-13-415-finemist,,SKU,GB-SQR-CLR-15ML-SPR-SSLV,GB-SQR-CLR-15ML-SPR-SSLV,shopify,1000,deny,manual,0.97,
square-15ml-clear-13-415-finemist,,SKU,GB-SQR-CLR-15ML-SPR-MBLU,GB-SQR-CLR-15ML-SPR-MBLU,shopify,1000,deny,manual,0.97,
square-15ml-clear-13-415-finemist,,SKU,GB-SQR-CLR-15ML-SPR-MCPR,GB-SQR-CLR-15ML-SPR-MCPR,shopify,1000,deny,manual,0.97,
square-15ml-clear-13-415-finemist,,SKU,GB-SQR-CLR-15ML-SPR-MGLD,GB-SQR-CLR-15ML-SPR-MGLD,shopify,1000,deny,manual,0.97,
apothecary-15ml-cobalt-blue-ground-glassapplicator,15 ml Cobalt Blue Apothecary Applicator Bottle,SKU,GB-APT-BLU-15ML-BLU-T,GB-APT-BLU-15ML-BLU-T,shopify,1000,deny,manual,2.90,active
lotion-bottle-30ml-clear,30 ml Clear Lotion Bottle Bottle with Cap,SKU,LB-LTB-CLR-30ML-SGLD-T,LB-LTB-CLR-30ML-SGLD-T,shopify,1000,deny,manual,2.10,active
lotion-bottle-30ml-clear,,SKU,LB-LTB-CLR-30ML-SLV-T,LB-LTB-CLR-30ML-SLV-T,shopify,1000,deny,manual,2.10,
apothecary-30ml-clear-ground-glassapplicator,30 ml Clear Apothecary Applicator Bottle,SKU,GB-APT-CLR-30ML-T,GB-APT-CLR-30ML-T,shopify,1000,deny,manual,2.90,active
lotion-bottle-30ml-clear-18mm,30 ml Clear Lotion Bottle Bottle with Cap,SKU,LB-LTB-CLR-30ML-T,LB-LTB-CLR-30ML-T,shopify,1000,deny,manual,3.75,active
apothecary-30ml-cobalt-blue-ground-glassapplicator,30 ml Cobalt Blue Apothecary Applicator Bottle,SKU,GB-APT-BLU-30ML-BLU-T,GB-APT-BLU-30ML-BLU-T,shopify,1000,deny,manual,2.90,active
apothecary-30ml-green-ground-glassapplicator,30 ml Green Apothecary Applicator Bottle,SKU,GB-APT-GRN-30ML-GRN-T,GB-APT-GRN-30ML-GRN-T,shopify,1000,deny,manual,2.90,active
pear-118ml-clear-ground-stopper,118 ml Clear Pear Bottle with Stopper,SKU,GB-DEC-CLR-118ML,GB-DEC-CLR-118ML,shopify,1000,deny,manual,4.50,active
vial-2ml-amber-13-425,2 ml Amber Vial Bottle with Cap,SKU,GB-VIA-AMB-1.5ML-WHT-S,GB-VIA-AMB-1.5ML-WHT-S,shopify,1000,deny,manual,0.38,active
vial-3ml-cobalt-blue-13-425,3 ml Cobalt Blue Vial Bottle with Cap,SKU,GB-VIA-BLU-3ML-BLK-S,GB-VIA-BLU-3ML-BLK-S,shopify,1000,deny,manual,1.08,active
pillar-9ml-clear-17-415-finemist,9 ml Clear Pillar Fine Mist Spray Bottle,SKU,GB-PIL-CLR-9ML-SPR-MBLK,GB-PIL-CLR-9ML-SPR-MBLK,shopify,1000,deny,manual,0.97,active
bell-10ml-clear-13-415-finemist,10 ml Clear Bell Fine Mist Spray Bottle,SKU,GB-BEL-CLR-10ML-SPR-SBLK,GB-BEL-CLR-10ML-SPR-SBLK,shopify,1000,deny,manual,0.90,active
bell-10ml-clear-13-415-capclosure,10 ml Clear Bell Bottle,SKU,GB-BEL-CLR-10ML-SHT-SBLK,GB-BEL-CLR-10ML-SHT-SBLK,shopify,1000,deny,manual,0.60,active
bell-10ml-clear-13-415-rollon,10 ml Clear Bell Roll-On Bottle,SKU,GB-BEL-CLR-10ML-ROL-BLDOT,GB-BEL-CLR-10ML-ROL-BLDOT,shopify,1000,deny,manual,0.74,active
bell-10ml-clear-13-415-rollon,,SKU,GB-BEL-CLR-10ML-MRL-BLDOT,GB-BEL-CLR-10ML-MRL-BLDOT,shopify,1000,deny,manual,0.82,
elegant-15ml-clear-13-415-capclosure,15 ml Clear Elegant Bottle,SKU,GB-ELG-CLR-15ML-MNR-MCPR,GB-ELG-CLR-15ML-MNR-MCPR,shopify,1000,deny,manual,0.88,active
unknown-0ml-clear,Unknown 0.0 ml Clear,SKU,PKG-BOX-BRN-4X4X4,PKG-BOX-BRN-4X4X4,shopify,1000,deny,manual,0.45,active
gift-box-0ml-clear,Gift Box 0.0 ml Clear,SKU,PKG-BOX-WHT-WINDOW-SM,PKG-BOX-WHT-WINDOW-SM,shopify,1000,deny,manual,0.35,active
cylinder-227ml-clear,227 ml Clear Cylinder Bottle with Cap,SKU,PB-CYL-227ML-WFLP,PB-CYL-227ML-WFLP,shopify,1000,deny,manual,0.97,active
cylinder-118ml-clear,118 ml Clear Cylinder Bottle with Cap,SKU,PB-CYL-CLR-118ML-WFLP,PB-CYL-CLR-118ML-WFLP,shopify,1000,deny,manual,0.66,active
cylinder-454ml-clear,454 ml Clear Cylinder Bottle with Cap,SKU,PB-CYL-454ML-WFLP,PB-CYL-454ML-WFLP,shopify,1000,deny,manual,1.16,active
pillar-9ml-clear-13-415,9 ml Clear Pillar Bottle with Cap,SKU,GB-PIL-CLR-9ML-MRL-BDOT,GB-PIL-CLR-9ML-MRL-BDOT,shopify,1000,deny,manual,0.89,active
pillar-9ml-clear-13-415,,SKU,GB-PIL-CLR-9ML-RBL-BDOT,GB-PIL-CLR-9ML-RBL-BDOT,shopify,1000,deny,manual,0.83,
pillar-9ml-clear-13-415,,SKU,GB-PIL-CLR-9ML-CAP-BLK,GB-PIL-CLR-9ML-CAP-BLK,shopify,1000,deny,manual,0.44,
vintage-bulb-sprayer,Vintage Bulb Sprayer,SKU,CMP-SPR-LVN-BULB,CMP-SPR-LVN-BULB,shopify,1000,deny,manual,4.25,active
cap-closure-13-425,Cap & Closure — Thread 13-425,SKU,CMP-CLS-BLK-13-425,CMP-CLS-BLK-13-425,shopify,1000,deny,manual,0.20,active
cap-closure-13-425,,SKU,CMP-CLS-WHT-13-425,CMP-CLS-WHT-13-425,shopify,1000,deny,manual,0.55,
cap-closure-22-400,Cap & Closure — Thread 22-400,SKU,CMP-CLS-BLK-03,CMP-CLS-BLK-03,shopify,1000,deny,manual,0.20,active
cap-closure-24-400,Cap & Closure — Thread 24-400,SKU,CMP-CAP-PHN-24400-BLK,CMP-CAP-PHN-24400-BLK,shopify,1000,deny,manual,0.20,active
cap-closure-press-fit,Cap & Closure — Thread Press-Fit,SKU,CMP-CLS-BLK-06,CMP-CLS-BLK-06,shopify,1000,deny,manual,0.90,active
cap-closure-press-fit,,SKU,CMP-CLS-SLV-02,CMP-CLS-SLV-02,shopify,1000,deny,manual,0.90,
cap-closure-press-fit,,SKU,CMP-CLS-BLK-07,CMP-CLS-BLK-07,shopify,1000,deny,manual,0.95,
cap-closure-press-fit,,SKU,CMP-CLS-SLV-03,CMP-CLS-SLV-03,shopify,1000,deny,manual,0.95,
cap-closure-press-fit,,SKU,CMP-CLS-BLK-08,CMP-CLS-BLK-08,shopify,1000,deny,manual,0.50,
cap-closure-press-fit,,SKU,CMP-CLS-SLV-04,CMP-CLS-SLV-04,shopify,1000,deny,manual,0.50,
cap-closure-specialty,Cap & Closure — Thread Specialty,SKU,CMP-CLS-GLD-02,CMP-CLS-GLD-02,shopify,1000,deny,manual,0.55,active
cap-closure-specialty,,SKU,CMP-CLS-GDRD,CMP-CLS-GDRD,shopify,1000,deny,manual,5.00,
dropper-17-415,Dropper — Thread 17-415,SKU,CMP-DRP-AMB,CMP-DRP-AMB,shopify,1000,deny,manual,0.45,active
roll-on-fitment,Roll-On Fitment,SKU,CMP-ROC-WHT-03,CMP-ROC-WHT-03,shopify,1000,deny,manual,0.37,active
aluminum-bottle-250ml-clear-20-410-finemist,250 ml Clear Aluminum Bottle Fine Mist Spray Bottle,SKU,AB-ALU-CLR-250ML-SPR-BLK,AB-ALU-CLR-250ML-SPR-BLK,shopify,1000,deny,manual,1.95,active
cream-jar-5ml-amber,Cream Jar 5 ml Amber,SKU,CJ-JAR-AMB-5ML-SLV,CJ-JAR-AMB-5ML-SLV,shopify,1000,deny,manual,0.50,active
atomizer-5ml-slim,5 ml Slim Atomizer Bottle,SKU,GB-SLM-BLK-5ML-ATM-BLK-T,GB-SLM-BLK-5ML-ATM-BLK-T,shopify,1000,deny,manual,2.25,active
atomizer-5ml-slim,,SKU,GB-SLM-CLR-5ML-ATM-GLD-T,GB-SLM-CLR-5ML-ATM-GLD-T,shopify,1000,deny,manual,2.25,
atomizer-5ml-slim,,SKU,GB-SLM-CLR-5ML-ATM-SLV-T,GB-SLM-CLR-5ML-ATM-SLV-T,shopify,1000,deny,manual,2.25,
cylinder-25ml-clear-18-415-antique,25 mL Clear Cylinder Vintage Bulb Sprayer Bottle,SKU,GBCyl25AnSpBlk,GBCyl25AnSpBlk,shopify,1000,deny,manual,5.35,active
cylinder-25ml-clear-18-415-antique,,SKU,GBCyl25AnSpGl,GBCyl25AnSpGl,shopify,1000,deny,manual,5.35,
cylinder-25ml-clear-18-415-antique,,SKU,GBcyl25AnSpIvyGl,GBcyl25AnSpIvyGl,shopify,1000,deny,manual,5.35,
cylinder-25ml-clear-18-415-antique,,SKU,GBcyl25AnSpIvySl,GBcyl25AnSpIvySl,shopify,1000,deny,manual,5.35,
cylinder-25ml-clear-18-415-antique,,SKU,GBcyl25AnSpLvn,GBcyl25AnSpLvn,shopify,1000,deny,manual,5.35,
cylinder-25ml-clear-18-415-antique,,SKU,GBcyl25AnSpMtSl,GBcyl25AnSpMtSl,shopify,1000,deny,manual,5.35,
cylinder-25ml-clear-18-415-antique,,SKU,GBcyl25AnSpPnk,GBcyl25AnSpPnk,shopify,1000,deny,manual,5.35,
cylinder-25ml-clear-18-415-antique,,SKU,GBcyl25AnSpRed,GBcyl25AnSpRed,shopify,1000,deny,manual,5.35,
cylinder-25ml-clear-18-415-antique,,SKU,GBcyl25AnSpWht,GBcyl25AnSpWht,shopify,1000,deny,manual,5.35,
cylinder-25ml-clear-18-415-antiquetassel,25 mL Clear Cylinder Vintage Bulb Sprayer with Tassel Bottle,SKU,GBCyl25AnSpTslIvySl,GBCyl25AnSpTslIvySl,shopify,1000,deny,manual,6.10,active
cylinder-25ml-clear-18-415-antiquetassel,,SKU,GBCyl25AnSpTslMtSl,GBCyl25AnSpTslMtSl,shopify,1000,deny,manual,6.10,
cylinder-25ml-clear-18-415-antiquetassel,,SKU,GBCyl25AnSpTslRed,GBCyl25AnSpTslRed,shopify,1000,deny,manual,6.10,
cylinder-25ml-clear-18-415-antiquetassel,,SKU,GBCyl25AnSpTslWht,GBCyl25AnSpTslWht,shopify,1000,deny,manual,6.10,
cylinder-25ml-clear-18-415-antiquetassel,,SKU,GBcyl25AnSpTslBlk,GBcyl25AnSpTslBlk,shopify,1000,deny,manual,6.10,
cylinder-25ml-clear-18-415-antiquetassel,,SKU,GBcyl25AnSpTslGl,GBcyl25AnSpTslGl,shopify,1000,deny,manual,6.10,
cylinder-25ml-clear-18-415-antiquetassel,,SKU,GBcyl25AnSpTslIvyGl,GBcyl25AnSpTslIvyGl,shopify,1000,deny,manual,6.10,
cylinder-25ml-clear-18-415-antiquetassel,,SKU,GBcyl25AnSpTslLvn,GBcyl25AnSpTslLvn,shopify,1000,deny,manual,6.10,
cylinder-25ml-clear-18-415-antiquetassel,,SKU,GBcyl25AnSpTslPnk,GBcyl25AnSpTslPnk,shopify,1000,deny,manual,6.10,
cylinder-25ml-clear-18-415-dropper,25 mL Clear Cylinder Dropper Bottle,SKU,GBCyl25DrpCu,GBCyl25DrpCu,shopify,1000,deny,manual,1.65,active
cylinder-25ml-clear-18-415-dropper,,SKU,GBCyl25DrpGl,GBCyl25DrpGl,shopify,1000,deny,manual,1.65,
cylinder-25ml-clear-18-415-dropper,,SKU,GBCyl25DrpSl,GBCyl25DrpSl,shopify,1000,deny,manual,1.65,
cylinder-25ml-clear-18-415-reducer,25 mL Clear Cylinder Reducer Bottle,SKU,GBCyl25RdcrIvyLthr,GBCyl25RdcrIvyLthr,shopify,1000,deny,manual,1.75,active
cylinder-25ml-clear-18-415-reducer,,SKU,GBCyl25RdcrShnGl,GBCyl25RdcrShnGl,shopify,1000,deny,manual,1.47,
cylinder-25ml-clear-18-415-reducer,,SKU,GBcyl25RdcrBlkLthr,GBcyl25RdcrBlkLthr,shopify,1000,deny,manual,1.75,
cylinder-25ml-clear-18-415-reducer,,SKU,GBcyl25RdcrBrwnLthr,GBcyl25RdcrBrwnLthr,shopify,1000,deny,manual,1.75,
cylinder-25ml-clear-18-415-reducer,,SKU,GBcyl25RdcrLBrwnLthr,GBcyl25RdcrLBrwnLthr,shopify,1000,deny,manual,1.75,
cylinder-25ml-clear-18-415-reducer,,SKU,GBcyl25RdcrMtSl,GBcyl25RdcrMtSl,shopify,1000,deny,manual,1.47,
cylinder-25ml-clear-18-415-reducer,,SKU,GBcyl25RdcrMtSlTall,GBcyl25RdcrMtSlTall,shopify,1000,deny,manual,1.47,
cylinder-25ml-clear-18-415-reducer,,SKU,GBcyl25RdcrPnkLthr,GBcyl25RdcrPnkLthr,shopify,1000,deny,manual,1.75,
cylinder-25ml-clear-18-415-reducer,,SKU,GBcyl25RdcrShnBlk,GBcyl25RdcrShnBlk,shopify,1000,deny,manual,1.47,
cylinder-25ml-clear-18-415-reducer,,SKU,GBcyl25RdcrShnBlkTall,GBcyl25RdcrShnBlkTall,shopify,1000,deny,manual,1.47,
cylinder-25ml-clear-18-415-reducer,,SKU,GBcyl25RdcrShnSl,GBcyl25RdcrShnSl,shopify,1000,deny,manual,1.47,
cylinder-25ml-clear-18-415-reducer,,SKU,GBcyl25RdcrWht,GBcyl25RdcrWht,shopify,1000,deny,manual,1.47,
cylinder-25ml-clear-18-415-finemist,25 ml Clear Cylinder Fine Mist Spray Bottle,SKU,GBcyl25SpryCu,GBcyl25SpryCu,shopify,1000,deny,manual,2.50,active
cylinder-25ml-clear-18-415-finemist,,SKU,GBcyl25SpryMtGl,GBcyl25SpryMtGl,shopify,1000,deny,manual,2.50,
cylinder-25ml-clear-18-415-finemist,,SKU,GBcyl25SpryShnGl,GBcyl25SpryShnGl,shopify,1000,deny,manual,2.50,
cylinder-25ml-clear-18-415-finemist,,SKU,GBcyl25SpryShnSl,GBcyl25SpryShnSl,shopify,1000,deny,manual,2.50,
cylinder-25ml-clear-18-415-finemist,,SKU,GB-CYL-CLR-25ML-SPR-SBLK,GB-CYL-CLR-25ML-SPR-SBLK,shopify,1000,deny,manual,2.50,
