environment,family,sku,body,capacity,neck,glass,fitment,finish,visible,candidate,component,issue,sellable,stock,kit_completeness,kit_slots,kit_conflicts
live,Cylinder,LBCyl100LtnClOvrCap,cylinder-100ml|18-415|Glass Bottle,100,18-415,Clear,Lotion Pump,Clear Overcap,False,False,,compatibility_unresolved,True,In Stock,,,[]
live,Cylinder,GBMtlRoll28Wht,cylinder-28ml|16mm|Glass Bottle,28,16mm,Clear,Metal Roller Ball,White,False,False,,compatibility_unresolved,True,In Stock,,,[]
live,Cylinder,GBSpry3mlClBlk,cylinder-3.3ml|12mm|Glass Bottle,3.3,12mm,Clear,Fine Mist Sprayer,Clear,False,False,,compatibility_unresolved,True,In Stock,,,[]
live,Cylinder,GBSpry4mlClBlk,cylinder-4ml|12mm|Glass Bottle,4,12mm,Clear,Fine Mist Sprayer,Clear,False,False,,compatibility_unresolved,True,In Stock,,,[]
live,Cylinder,GBCyl5SpryBlkMatt,cylinder-5.5ml|13-415|Glass Bottle,5.5,13-415,Clear,Fine Mist Sprayer,Matte Black,False,False,,compatibility_unresolved,True,In Stock,,,[]
live,Cylinder,GBCyl5Sl,cylinder-5ml|13-415|Glass Bottle,5,13-415,Clear,Cap/Closure,Regular Shiny Silver,True,True,CP13-415Sl,,True,In Stock,capSplit,body | cap,[]
live,Cylinder,GBCyl50MtlRollWht,cylinder-50ml|16mm|Glass Bottle,50,16mm,Clear,Metal Roller Ball,White,False,False,,compatibility_unresolved,True,In Stock,,,[]
live,Cylinder,GBCyl5Gl,cylinder-5ml|13-415|Glass Bottle,5,13-415,Clear,Cap/Closure,Regular Shiny Gold,True,True,CP13-415Gl,,True,In Stock,capSplit,body | cap,[]
live,Cylinder,GBCyl9SpryBlk,cylinder-9ml|17-415|Glass Bottle,9,17-415,Clear,Fine Mist Sprayer,Clear,True,True,Spry17-415Blk,,True,In Stock,full,body | sprayer | overcap | collar,[]
live,Cylinder,GBCyl100RdcrShnGl,cylinder-100ml|18-415|Glass Bottle,100,18-415,Clear,Reducer,Shiny Gold,False,False,CP18-415ShnGl,catalog_unavailable,False,In Stock,,,[]
live,Cylinder,GBCylAmb9SpryBlk,cylinder-9ml|17-415|Glass Bottle,9,17-415,Amber,Fine Mist Sprayer,Black,True,True,Spry17-415Blk,,True,In Stock,full,sprayer | body | overcap | collar,[]
live,Cylinder,GBCyl100RdcrShnBlkTall,cylinder-100ml|18-415|Glass Bottle,100,18-415,Clear,Reducer,Tall Shiny Black,False,False,CP18-415ShnBlkTall,catalog_unavailable,False,In Stock,,,[]
live,Cylinder,GBCylBlu5Sl,cylinder-5ml|13-415|Glass Bottle,5,13-415,Cobalt Blue,Cap/Closure,Regular Shiny Silver,True,True,CP13-415Sl,,True,In Stock,capSplit,body | cap,[]
live,Cylinder,GBCyl100RdcrShnBlk,cylinder-100ml|18-415|Glass Bottle,100,18-415,Clear,Reducer,Shiny Black,False,False,,compatibility_unresolved,False,In Stock,,,[]
live,Cylinder,GBCylBlu9SpryBlk,cylinder-9ml|17-415|Glass Bottle,9,17-415,Cobalt Blue,Fine Mist Sprayer,Black,True,True,Spry17-415Blk,,True,In Stock,full,body | sprayer | overcap | collar,[]
live,Cylinder,GBCylBlu5WhtSht,cylinder-5ml|13-415|Glass Bottle,5,13-415,Cobalt Blue,Cap/Closure,Short Ribbed White,True,True,CP13-415WhtSht,,True,In Stock,capSplit,body | cap,[]
live,Cylinder,GBCyl100RdcrBrwnLthr,cylinder-100ml|18-415|Glass Bottle,100,18-415,Clear,Reducer,Brown Leather,False,False,CP18-415BrwnLthr,catalog_unavailable,False,In Stock,,,[]
live,Cylinder,GBCylFrst9SpryBlk,cylinder-9ml|17-415|Glass Bottle,9,17-415,Frosted,Fine Mist Sprayer,Black,True,True,Spry17-415Blk,,True,In Stock,full,body | sprayer | overcap | collar,[]
live,Cylinder,GBCylBlu5Gl,cylinder-5ml|13-415|Glass Bottle,5,13-415,Cobalt Blue,Cap/Closure,Regular Shiny Gold,True,True,CP13-415Gl,,True,In Stock,capSplit,body | cap,[]
live,Cylinder,GBCyl100RdcrLBrwnLthr,cylinder-100ml|18-415|Glass Bottle,100,18-415,Clear,Reducer,Light Brown Leather,False,False,CP18-415LBrwnLthr,catalog_unavailable,False,In Stock,,,[]
live,Cylinder,GBCyl100RdcrShnSl,cylinder-100ml|18-415|Glass Bottle,100,18-415,Clear,Reducer,Shiny Silver,False,False,CP18-415ShnSl,catalog_unavailable,False,In Stock,,,[]
live,Cylinder,GBCyl100RdcrMtSlTall,cylinder-100ml|18-415|Glass Bottle,100,18-415,Clear,Reducer,Tall Matte Silver,False,False,CP18-415MtSlTall,catalog_unavailable,False,In Stock,,,[]
live,Cylinder,GBTallCyl9SpryBlkMatt,cylinder-9ml|13-415|Glass Bottle,9,13-415,Clear,Fine Mist Sprayer,Matte Black,False,False,,compatibility_unresolved,True,In Stock,,,[]
live,Cylinder,GBCyl100RdcrMtSl,cylinder-100ml|18-415|Glass Bottle,100,18-415,Clear,Reducer,Matte Silver,False,False,CP18-415MtSl,catalog_unavailable,False,In Stock,,,[]
live,Cylinder,GBTallCylFrst9SpryBlkMatt,cylinder-9ml|13-415|Glass Bottle,9,13-415,Frosted,Fine Mist Sprayer,Frosted,False,False,,compatibility_unresolved,True,In Stock,,,[]
live,Cylinder,GBCyl100RdcrWht,cylinder-100ml|18-415|Glass Bottle,100,18-415,Clear,Reducer,White,False,False,CP18-415Wh,catalog_unavailable,False,In Stock,,,[]
live,Cylinder,GBCyl100RdcrIvyLthr,cylinder-100ml|18-415|Glass Bottle,100,18-415,Clear,Reducer,Ivory Leather,False,False,CP18-415LIvyLthr,catalog_unavailable,False,In Stock,,,[]
live,Cylinder,GBCyl100RdcrPnkLthr,cylinder-100ml|18-415|Glass Bottle,100,18-415,Clear,Reducer,Pink Leather,False,False,CP18-415LPnkLthr,catalog_unavailable,False,In Stock,,,[]
live,Cylinder,GBCyl50SpryMtGl,cylinder-50ml|18-415|Glass Bottle,50,18-415,Clear,Perfume Spray Pump,Matte Gold,False,False,,compatibility_unresolved,True,In Stock,,,[]
live,Cylinder,GBCyl50SpryShnGl,cylinder-50ml|18-415|Glass Bottle,50,18-415,Clear,Perfume Spray Pump,Shiny Gold,False,False,,compatibility_unresolved,True,In Stock,,,[]
live,Cylinder,GBCyl50SpryShnBlk,cylinder-50ml|18-415|Glass Bottle,50,18-415,Clear,Perfume Spray Pump,Shiny Black,False,False,,compatibility_unresolved,True,In Stock,,,[]
live,Cylinder,GBCyl50SpryMtSl,cylinder-50ml|18-415|Glass Bottle,50,18-415,Clear,Perfume Spray Pump,Matte Silver,False,False,,compatibility_unresolved,True,In Stock,,,[]
live,Cylinder,GBCyl50SpryShnSl,cylinder-50ml|18-415|Glass Bottle,50,18-415,Clear,Perfume Spray Pump,Shiny Silver,False,False,,compatibility_unresolved,True,In Stock,,,[]
live,Cylinder,GBTallCyl9Gl,cylinder-9ml|13-415|Glass Bottle,9,13-415,Clear,,Gold,True,True,CP13-415Gl,,True,In Stock,capSplit,body | cap,[]
live,Cylinder,GBTallCyl9Sl,cylinder-9ml|13-415|Glass Bottle,9,13-415,Clear,,Silver,True,True,CP13-415Sl,,True,In Stock,capSplit,body | cap,[]
live,Cylinder,GBCyl1ozRollWht,cylinder-28ml|16mm|Glass Bottle,28,16mm,Clear,Plastic Roller Ball,White,False,False,,compatibility_unresolved,True,In Stock,,,[]
live,Cylinder,GBTallCylFrst9WhtSht,cylinder-9ml|13-415|Glass Bottle,9,13-415,Frosted,,Short Ribbed White,True,True,CP13-415WhtSht,,True,In Stock,capSplit,body | cap,[]
live,Cylinder,GBTallCylFrst9Gl,cylinder-9ml|13-415|Glass Bottle,9,13-415,Frosted,,Shiny Gold,True,True,CP13-415Gl,,True,In Stock,capSplit,body | cap,[]
live,Cylinder,GBTallCylFrst9Sl,cylinder-9ml|13-415|Glass Bottle,9,13-415,Frosted,,Shiny Silver,True,True,CP13-415Sl,,True,In Stock,capSplit,body | cap,[]
live,Cylinder,GBSpry1ozGl,cylinder-30ml|18-415|Glass Bottle,30,18-415,Clear,,Shiny Gold,False,False,,compatibility_unresolved,True,In Stock,,,[]
live,Cylinder,GBSpry1ozSl,cylinder-30ml|18-415|Glass Bottle,30,18-415,Clear,,Silver,False,False,,compatibility_unresolved,True,In Stock,,,[]
live,Cylinder,GBCyl50RollWht,cylinder-50ml|16mm|Glass Bottle,50,16mm,Clear,Plastic Roller Ball,White,False,False,,compatibility_unresolved,True,In Stock,,,[]
live,Cylinder,GBCyl50SpryCu,cylinder-50ml|18-415|Glass Bottle,50,18-415,Clear,Perfume Spray Pump,Copper,False,False,,compatibility_unresolved,True,In Stock,,,[]
live,Cylinder,GBCyl100SpryCu,cylinder-100ml|18-415|Glass Bottle,100,18-415,Clear,Perfume Spray Pump,Copper,False,False,,compatibility_unresolved,True,In Stock,,,[]
live,Cylinder,GBCyl5MtlRollBlkSh,cylinder-5ml|13-415|Glass Bottle,5,13-415,Clear,Metal Roller Ball,Shiny Black,True,True,CPRoll13-415BlkSh,,True,In Stock,capSplit,body | cap,[]
live,Cylinder,GBCyl5MtlRollCuMatt,cylinder-5ml|13-415|Glass Bottle,5,13-415,Clear,Metal Roller Ball,Matte Copper,True,True,CPRoll13-415Cu,,True,In Stock,capSplit,body | cap,[]
live,Cylinder,GBCyl5MtlRollGlMatt,cylinder-5ml|13-415|Glass Bottle,5,13-415,Clear,Metal Roller Ball,Matte Gold,True,True,CPRoll13-415GlMt,,True,In Stock,full,roller | body | cap,[]
live,Cylinder,GBCyl5MtlRollGlSh,cylinder-5ml|13-415|Glass Bottle,5,13-415,Clear,Metal Roller Ball,Shiny Gold,True,True,CPRoll13-415GlSh,,True,In Stock,capSplit,body | cap,[]
live,Cylinder,GBCyl5MtlRollPinkDot,cylinder-5ml|13-415|Glass Bottle,5,13-415,Clear,Metal Roller Ball,Pink with Dots,True,True,CPRoll13-415PinkDot,,True,In Stock,capSplit,body | cap,[]
live,Cylinder,GBCyl5MtlRollSlDot,cylinder-5ml|13-415|Glass Bottle,5,13-415,Clear,Metal Roller Ball,Silver with Dots,True,True,CPRoll13-415SlDot,,True,In Stock,capSplit,body | cap,[]
live,Cylinder,GBCyl5MtlRollSlMatt,cylinder-5ml|13-415|Glass Bottle,5,13-415,Clear,Metal Roller Ball,Matte Silver,True,True,CPRoll13-415SlMt,,True,In Stock,capSplit,body | cap,[]
live,Cylinder,GBCyl5MtlRollSlSh,cylinder-5ml|13-415|Glass Bottle,5,13-415,Clear,Metal Roller Ball,Shiny Silver,True,True,CPRoll13-415SlSh,,True,In Stock,capSplit,body | cap,[]
live,Cylinder,GBCyl50RdcrBlkLthr,cylinder-50ml|18-415|Glass Bottle,50,18-415,Clear,Reducer,Black Leather,False,False,CP18-415BlkLthr,catalog_unavailable,False,In Stock,,,[]
live,Cylinder,GBSpry3mlClWht,cylinder-3.3ml|12mm|Glass Bottle,3.3,12mm,Clear,Fine Mist Sprayer,Clear,False,False,,compatibility_unresolved,True,In Stock,,,[]
live,Cylinder,GBCylBlu5MtlRollBlkSh,cylinder-5ml|13-415|Glass Bottle,5,13-415,Cobalt Blue,Metal Roller Ball,Shiny Black,False,True,CPRoll13-415BlkSh,media_unavailable,True,In Stock,capSplit,body | cap,[]
live,Cylinder,GBSpry4mlClWh,cylinder-4ml|12mm|Glass Bottle,4,12mm,Clear,Fine Mist Sprayer,Clear,False,False,,compatibility_unresolved,True,In Stock,,,[]
live,Cylinder,GBCylBlu5MtlRollCuMatt,cylinder-5ml|13-415|Glass Bottle,5,13-415,Cobalt Blue,Metal Roller Ball,Matte Copper,False,True,CPRoll13-415Cu,media_unavailable,True,In Stock,capSplit,body | cap,[]
live,Cylinder,GBCyl5SprySlMatt,cylinder-5ml|13-415|Glass Bottle,5,13-415,Clear,Fine Mist Sprayer,Matte Silver,False,False,,compatibility_unresolved,True,In Stock,,,[]
live,Cylinder,GBCylBlu5MtlRollGlMatt,cylinder-5ml|13-415|Glass Bottle,5,13-415,Cobalt Blue,Metal Roller Ball,Matte Gold,False,True,CPRoll13-415GlMt,media_unavailable,True,In Stock,capSplit,body | cap,[]
live,Cylinder,GBCyl5SpryBlkSh,cylinder-5ml|13-415|Glass Bottle,5,13-415,Clear,Fine Mist Sprayer,Shiny Black,False,False,,compatibility_unresolved,True,In Stock,,,[]
live,Cylinder,GBCylBlu5MtlRollGlSh,cylinder-5ml|13-415|Glass Bottle,5,13-415,Cobalt Blue,Metal Roller Ball,Shiny Gold,False,True,CPRoll13-415GlSh,media_unavailable,True,In Stock,capSplit,body | cap,[]
live,Cylinder,GBCyl5SpryGlSh,cylinder-5ml|13-415|Glass Bottle,5,13-415,Clear,Fine Mist Sprayer,Shiny Gold,False,False,,compatibility_unresolved,True,In Stock,,,[]
live,Cylinder,GBCyl100SpryMtGl,cylinder-100ml|18-415|Glass Bottle,100,18-415,Clear,Perfume Spray Pump,Matte Gold,False,False,,compatibility_unresolved,True,In Stock,,,[]
live,Cylinder,GBCylBlu5MtlRollPinkDot,cylinder-5ml|13-415|Glass Bottle,5,13-415,Cobalt Blue,Metal Roller Ball,Pink with Dots,False,True,CPRoll13-415PinkDot,media_unavailable,True,In Stock,capSplit,body | cap,[]
live,Cylinder,GBCyl5SprySlSh,cylinder-5ml|13-415|Glass Bottle,5,13-415,Clear,Fine Mist Sprayer,Shiny Silver,False,False,,compatibility_unresolved,True,In Stock,,,[]
live,Cylinder,GBCyl100SpryShnGl,cylinder-100ml|18-415|Glass Bottle,100,18-415,Clear,Perfume Spray Pump,Shiny Gold,False,False,,compatibility_unresolved,True,In Stock,,,[]
live,Cylinder,GBCylBlu5MtlRollSlDot,cylinder-5ml|13-415|Glass Bottle,5,13-415,Cobalt Blue,Metal Roller Ball,Silver with Dots,False,True,CPRoll13-415SlDot,media_unavailable,True,In Stock,capSplit,body | cap,[]
live,Cylinder,GBCyl5SpryBluMatt,cylinder-5ml|13-415|Glass Bottle,5,13-415,Clear,Fine Mist Sprayer,Matte Blue,False,False,,compatibility_unresolved,True,In Stock,,,[]
live,Cylinder,GBCyl100SpryShnBlk,cylinder-100ml|18-415|Glass Bottle,100,18-415,Clear,Perfume Spray Pump,Shiny Black,False,False,,compatibility_unresolved,True,In Stock,,,[]
live,Cylinder,GBCylBlu5MtlRollSlMatt,cylinder-5ml|13-415|Glass Bottle,5,13-415,Cobalt Blue,Metal Roller Ball,Matte Silver,False,True,CPRoll13-415SlMt,media_unavailable,True,In Stock,capSplit,body | cap,[]
live,Cylinder,GBCyl5SpryCuMatt,cylinder-5ml|13-415|Glass Bottle,5,13-415,Clear,Fine Mist Sprayer,Matte Copper,False,False,,compatibility_unresolved,True,In Stock,,,[]
live,Cylinder,GBCyl100SpryMtSl,cylinder-100ml|18-415|Glass Bottle,100,18-415,Clear,Perfume Spray Pump,Matte Silver,False,False,,compatibility_unresolved,True,In Stock,,,[]
live,Cylinder,GBCylBlu5MtlRollSlSh,cylinder-5ml|13-415|Glass Bottle,5,13-415,Cobalt Blue,Metal Roller Ball,Shiny Silver,False,True,CPRoll13-415SlSh,media_unavailable,True,In Stock,capSplit,body | cap,[]
live,Cylinder,GBCyl5SpryGlMatt,cylinder-5ml|13-415|Glass Bottle,5,13-415,Clear,Fine Mist Sprayer,Matte Gold,False,False,,compatibility_unresolved,True,In Stock,,,[]
live,Cylinder,GBCyl100SpryShnSl,cylinder-100ml|18-415|Glass Bottle,100,18-415,Clear,Perfume Spray Pump,Shiny Silver,False,False,,compatibility_unresolved,True,In Stock,,,[]
live,Cylinder,GBCyl100RdcrBlkLthr,cylinder-100ml|18-415|Glass Bottle,100,18-415,Clear,Reducer,Black Leather,False,False,CP18-415BlkLthr,catalog_unavailable,False,In Stock,,,[]
live,Cylinder,GBCyl50AnSpBlk,cylinder-50ml|18-415|Glass Bottle,50,18-415,Clear,Vintage Bulb Sprayer,Black,True,True,AnSp18-415Blk,,True,In Stock,full,diptube | body | sprayer,[]
live,Cylinder,GBCyl50AnSpTslBlk,cylinder-50ml|18-415|Glass Bottle,50,18-415,Clear,Vintage Bulb Sprayer with Tassel,Black,True,True,AnSpTsl18-415Blk,,True,In Stock,full,diptube | body | sprayer,[]
live,Cylinder,LBCylAmb9LtnGl,cylinder-9ml|17-415|Glass Bottle,9,17-415,Amber,Lotion Pump,Gold,True,True,Ltn17-415Gl,,True,In Stock,full,body | pump | overcap | collar,[]
live,Cylinder,GBCylBlu5SprySlSh,cylinder-5ml|13-415|Glass Bottle,5,13-415,Cobalt Blue,Fine Mist Sprayer,Shiny Silver,False,False,,compatibility_unresolved,True,In Stock,,,[]
live,Cylinder,LBCylAmb9LtnMtSl,cylinder-9ml|17-415|Glass Bottle,9,17-415,Amber,Lotion Pump,Matte Silver,True,True,Ltn17-415MattSl,,True,In Stock,full,body | pump | overcap | collar,[]
live,Cylinder,GBCylBlu5SpryBlkSh,cylinder-5ml|13-415|Glass Bottle,5,13-415,Cobalt Blue,Fine Mist Sprayer,Shiny Black,False,False,,compatibility_unresolved,True,In Stock,,,[]
live,Cylinder,LBCyl9LtnMtSl,cylinder-9ml|17-415|Glass Bottle,9,17-415,Clear,Lotion Pump,Clear,True,True,Ltn17-415MattSl,,True,In Stock,full,body | pump | overcap | collar,[]
live,Cylinder,GBCylBlu5SpryGlSh,cylinder-5ml|13-415|Glass Bottle,5,13-415,Cobalt Blue,Fine Mist Sprayer,Shiny Gold,False,False,,compatibility_unresolved,True,In Stock,,,[]
live,Cylinder,LBCyl9LtnGl,cylinder-9ml|17-415|Glass Bottle,9,17-415,Clear,Lotion Pump,Clear,True,True,Ltn17-415Gl,,True,In Stock,full,body | pump | overcap | collar,[]
live,Cylinder,GBCylBlu5SpryGlMatt,cylinder-5ml|13-415|Glass Bottle,5,13-415,Cobalt Blue,Fine Mist Sprayer,Matte Gold,False,False,,compatibility_unresolved,True,In Stock,,,[]
live,Cylinder,GBCylBlu5SpryBluMatt,cylinder-5ml|13-415|Glass Bottle,5,13-415,Cobalt Blue,Fine Mist Sprayer,Matte Blue,False,False,,compatibility_unresolved,True,In Stock,,,[]
live,Cylinder,GBCylBlu5SpryCuMatt,cylinder-5ml|13-415|Glass Bottle,5,13-415,Cobalt Blue,Fine Mist Sprayer,Matte Copper,False,False,,compatibility_unresolved,True,In Stock,,,[]
live,Cylinder,LBCylBlu9LtnMattSl,cylinder-9ml|17-415|Glass Bottle,9,17-415,Cobalt Blue,Lotion Pump,Matte Silver,True,True,Ltn17-415MattSl,,True,In Stock,full,body | pump | overcap | collar,[]
live,Cylinder,GBCylBlu5SprySlMatt,cylinder-5ml|13-415|Glass Bottle,5,13-415,Cobalt Blue,Fine Mist Sprayer,Matte Silver,False,False,,compatibility_unresolved,True,In Stock,,,[]
live,Cylinder,LBCylBlu9LtnGl,cylinder-9ml|17-415|Glass Bottle,9,17-415,Cobalt Blue,Lotion Pump,Gold,True,True,Ltn17-415Gl,,True,In Stock,full,body | pump | overcap | collar,[]
live,Cylinder,LBCylFrst9LtnMtSl,cylinder-9ml|17-415|Glass Bottle,9,17-415,Frosted,Lotion Pump,Matte Silver,True,True,Ltn17-415MattSl,,True,In Stock,full,body | pump | overcap | collar,[]
live,Cylinder,LBCylFrst9LtnGl,cylinder-9ml|17-415|Glass Bottle,9,17-415,Frosted,Lotion Pump,Gold,True,True,Ltn17-415Gl,,True,In Stock,full,body | pump | overcap | collar,[]
live,Cylinder,LBCylSwrl9LtnMtSl,cylinder-9ml|17-415|Glass Bottle,9,17-415,Swirl,Lotion Pump,Matte Silver,True,True,Ltn17-415MattSl,,True,In Stock,full,body | pump | overcap | collar,[]
live,Cylinder,LBCylSwrl9LtnGl,cylinder-9ml|17-415|Glass Bottle,9,17-415,Swirl,Lotion Pump,Gold,True,True,Ltn17-415Gl,,True,In Stock,full,body | pump | overcap | collar,[]
live,Cylinder,GBCyl5RollBlkDot,cylinder-5ml|13-415|Glass Bottle,5,13-415,Clear,Plastic Roller Ball,Black with Dots,True,True,CPRoll13-415BlackDot,,True,In Stock,full,body | roller | cap,[]
live,Cylinder,GBCyl5RollSlSh,cylinder-5ml|13-415|Glass Bottle,5,13-415,Clear,Plastic Roller Ball,Shiny Silver,True,True,CPRoll13-415SlSh,,True,In Stock,capSplit,body | roller | cap,[]
live,Cylinder,LBCyl25LtnMtGl,cylinder-25ml|18-415|Glass Bottle,25,18-415,Clear,Lotion Pump,Matte Gold,False,False,,compatibility_unresolved,True,In Stock,,,[]
live,Cylinder,LBCyl25LtnShnGl,cylinder-25ml|18-415|Glass Bottle,25,18-415,Clear,Lotion Pump,Shiny Gold,False,False,,compatibility_unresolved,True,In Stock,,,[]
live,Cylinder,GBCyl5RollBlkSh,cylinder-5ml|13-415|Glass Bottle,5,13-415,Clear,Plastic Roller Ball,Shiny Black,True,True,CPRoll13-415BlkSh,,True,In Stock,capSplit,body | roller | cap,[]
live,Cylinder,GBCylBlu5RollBlkDot,cylinder-5ml|13-415|Glass Bottle,5,13-415,Cobalt Blue,Plastic Roller Ball,Black with Dots,False,True,CPRoll13-415BlackDot,media_unavailable,True,In Stock,capSplit,body | roller | cap,[]
live,Cylinder,LBCyl25LtnShnBlk,cylinder-25ml|18-415|Glass Bottle,25,18-415,Clear,Lotion Pump,Shiny Black,False,False,,compatibility_unresolved,True,In Stock,,,[]
live,Cylinder,GBCyl5RollGlSh,cylinder-5ml|13-415|Glass Bottle,5,13-415,Clear,Plastic Roller Ball,Shiny Gold,True,True,CPRoll13-415GlSh,,True,In Stock,capSplit,body | roller | cap,[]
live,Cylinder,LBCyl25LtnMtSl,cylinder-25ml|18-415|Glass Bottle,25,18-415,Clear,Lotion Pump,Matte Silver,False,False,,compatibility_unresolved,True,In Stock,,,[]
live,Cylinder,GBCyl5RollSlDot,cylinder-5ml|13-415|Glass Bottle,5,13-415,Clear,Plastic Roller Ball,Silver with Dots,True,True,CPRoll13-415SlDot,,True,In Stock,capSplit,body | roller | cap,[]
live,Cylinder,LBCyl25LtnShnSl,cylinder-25ml|18-415|Glass Bottle,25,18-415,Clear,Lotion Pump,Shiny Silver,False,False,,compatibility_unresolved,True,In Stock,,,[]
live,Cylinder,GBCyl5RollPinkDot,cylinder-5ml|13-415|Glass Bottle,5,13-415,Clear,Plastic Roller Ball,Pink with Dots,True,True,CPRoll13-415PinkDot,,True,In Stock,capSplit,body | roller | cap,[]
live,Cylinder,LBCyl25LtnCu,cylinder-25ml|18-415|Glass Bottle,25,18-415,Clear,Lotion Pump,Copper,False,False,,compatibility_unresolved,True,In Stock,,,[]
live,Cylinder,GBCyl5RollCuMatt,cylinder-5ml|13-415|Glass Bottle,5,13-415,Clear,Plastic Roller Ball,Matte Copper,True,True,CPRoll13-415Cu,,True,In Stock,capSplit,body | roller | cap,[]
live,Cylinder,GBCylAmb9RollBlkDot,cylinder-9ml|17-415|Glass Bottle,9,17-415,Amber,Plastic Roller Ball,Black Dotted,True,True,CpRoll17-415BlkDot,,True,In Stock,full,body | roller | cap,[]
live,Cylinder,GBCyl100AnSpBlk,cylinder-100ml|18-415|Glass Bottle,100,18-415,Clear,Vintage Bulb Sprayer,Black,True,True,AnSp18-415Blk,,True,In Stock,full,body | diptube | sprayer,[]
live,Cylinder,GBCyl5RollGlMatt,cylinder-5ml|13-415|Glass Bottle,5,13-415,Clear,Plastic Roller Ball,Matte Gold,True,True,CPRoll13-415GlMt,,True,In Stock,full,body | roller | cap,[]
live,Cylinder,GBCyl100AnSpTslBlk,cylinder-100ml|18-415|Glass Bottle,100,18-415,Clear,Vintage Bulb Sprayer with Tassel,Black,True,True,AnSpTsl18-415Blk,,True,In Stock,full,diptube | body | sprayer,[]
live,Cylinder,GBCyl5RollSlMatt,cylinder-5ml|13-415|Glass Bottle,5,13-415,Clear,Plastic Roller Ball,Matte Silver,True,True,CPRoll13-415SlMt,,True,In Stock,capSplit,body | roller | cap,[]
live,Cylinder,GBCylBlu9RollBlkDot,cylinder-9ml|17-415|Glass Bottle,9,17-415,Cobalt Blue,Plastic Roller Ball,Black Dotted,True,True,CpRoll17-415BlkDot,,True,In Stock,full,body | roller | cap,[]
live,Cylinder,GBCylFrst9RollBlkDot,cylinder-9ml|17-415|Glass Bottle,9,17-415,Frosted,Plastic Roller Ball,Black Dotted,True,True,CpRoll17-415BlkDot,,True,In Stock,full,body | roller | cap,[]
live,Cylinder,GBCyl9RollBlkDot,cylinder-9ml|17-415|Glass Bottle,9,17-415,Clear,Plastic Roller Ball,Black with Dots,False,True,CpRoll17-415BlkDot,media_unavailable,True,In Stock,,,[]
live,Cylinder,GBCylSwrl9RollBlkDot,cylinder-9ml|17-415|Glass Bottle,9,17-415,Swirl,Plastic Roller Ball,Black Dotted,True,True,CpRoll17-415BlkDot,,True,In Stock,full,body | roller | cap,[]
live,Cylinder,GBTallCyl9RollBlkDot,cylinder-9ml|13-415|Glass Bottle,9,13-415,Clear,Plastic Roller Ball,Black with Dots,False,True,CPRoll13-415BlackDot,media_unavailable,True,In Stock,capSplit,body | roller | cap,[]
live,Cylinder,GBTallCylFrst9RollBlkDot,cylinder-9ml|13-415|Glass Bottle,9,13-415,Frosted,Plastic Roller Ball,Black with Dots,False,True,CPRoll13-415BlackDot,media_unavailable,True,In Stock,capSplit,body | roller | cap,[]
live,Cylinder,GBCyl9MtlRollMattSl,cylinder-9ml|17-415|Glass Bottle,9,17-415,Clear,Metal Roller Ball,Matte Silver,True,True,CpRoll17-415MattSl,,True,In Stock,full,roller | body | cap,[]
live,Cylinder,GBCyl9MtlRollSlDot,cylinder-9ml|17-415|Glass Bottle,9,17-415,Clear,Metal Roller Ball,Silver with Dots,True,True,CpRoll17-415SlDot,,True,In Stock,full,roller | body | cap,[]
live,Cylinder,GBCyl9MtlRollPnkDot,cylinder-9ml|17-415|Glass Bottle,9,17-415,Clear,Metal Roller Ball,Pink with Dots,True,True,CpRoll17-415PnkDot,,True,In Stock,full,roller | body | cap,[]
live,Cylinder,GBCylBlu5RollGlSh,cylinder-5ml|13-415|Glass Bottle,5,13-415,Cobalt Blue,Plastic Roller Ball,Shiny Gold,False,True,CPRoll13-415GlSh,media_unavailable,True,In Stock,capSplit,body | roller | cap,[]
live,Cylinder,GBCyl9MtlRollMattGl,cylinder-9ml|17-415|Glass Bottle,9,17-415,Clear,Metal Roller Ball,Matte Gold,True,True,CpRoll17-415MattGl,,True,In Stock,full,roller | body | cap,[]
live,Cylinder,GBCylBlu5RollSlSh,cylinder-5ml|13-415|Glass Bottle,5,13-415,Cobalt Blue,Plastic Roller Ball,Shiny Silver,False,True,CPRoll13-415SlSh,media_unavailable,True,In Stock,capSplit,body | roller | cap,[]
live,Cylinder,GBCyl9MtlRollShnGl,cylinder-9ml|17-415|Glass Bottle,9,17-415,Clear,Metal Roller Ball,Shiny Gold,True,True,CpRoll17-415ShnGl,,True,In Stock,full,roller | body | cap,[]
live,Cylinder,GBCylBlu5RollBlkSh,cylinder-5ml|13-415|Glass Bottle,5,13-415,Cobalt Blue,Plastic Roller Ball,Shiny Black,False,True,CPRoll13-415BlkSh,media_unavailable,True,In Stock,capSplit,body | roller | cap,[]
live,Cylinder,GBCyl9MtlRollShnSl,cylinder-9ml|17-415|Glass Bottle,9,17-415,Clear,Metal Roller Ball,Shiny Silver,True,True,CpRoll17-415ShnSl,,True,In Stock,full,roller | body | cap,[]
live,Cylinder,GBCylBlu5RollGlMatt,cylinder-5ml|13-415|Glass Bottle,5,13-415,Cobalt Blue,Plastic Roller Ball,Matte Gold,False,True,CPRoll13-415GlMt,media_unavailable,True,In Stock,capSplit,body | roller | cap,[]
live,Cylinder,GBCyl9MtlRollMattCu,cylinder-9ml|17-415|Glass Bottle,9,17-415,Clear,Metal Roller Ball,Matte Copper,True,True,CpRoll17-415Cu,,True,In Stock,full,roller | body | cap,[]
live,Cylinder,GBCylBlu5RollPinkDot,cylinder-5ml|13-415|Glass Bottle,5,13-415,Cobalt Blue,Plastic Roller Ball,Pink with Dots,False,True,CPRoll13-415PinkDot,media_unavailable,True,In Stock,capSplit,body | roller | cap,[]
live,Cylinder,GBCyl9MtlRollShBlk,cylinder-9ml|17-415|Glass Bottle,9,17-415,Clear,Metal Roller Ball,Shiny Black,True,True,CpRoll17-415ShnBlk,,True,In Stock,full,roller | body | cap,[]
live,Cylinder,GBCylBlu5RollSlDot,cylinder-5ml|13-415|Glass Bottle,5,13-415,Cobalt Blue,Plastic Roller Ball,Silver with Dots,False,True,CPRoll13-415SlDot,media_unavailable,True,In Stock,capSplit,body | roller | cap,[]
live,Cylinder,GBCyl9MtlRollWht,cylinder-9ml|17-415|Glass Bottle,9,17-415,Clear,Metal Roller Ball,White,True,True,CpRoll17-415White,,True,In Stock,full,roller | body | cap,[]
live,Cylinder,GBCylBlu5RollCuMatt,cylinder-5ml|13-415|Glass Bottle,5,13-415,Cobalt Blue,Plastic Roller Ball,Matte Copper,False,True,CPRoll13-415Cu,media_unavailable,True,In Stock,capSplit,body | roller | cap,[]
live,Cylinder,GBCylAmb9MtlRollWht,cylinder-9ml|17-415|Glass Bottle,9,17-415,Amber,Metal Roller Ball,White,True,True,CpRoll17-415White,,True,In Stock,full,roller | body | cap,[]
live,Cylinder,GBCylBlu5RollSlMatt,cylinder-5ml|13-415|Glass Bottle,5,13-415,Cobalt Blue,Plastic Roller Ball,Matte Silver,False,True,CPRoll13-415SlMt,media_unavailable,True,In Stock,capSplit,body | roller | cap,[]
live,Cylinder,GBCylAmb9MtlRollMattCu,cylinder-9ml|17-415|Glass Bottle,9,17-415,Amber,Metal Roller Ball,Matte Copper,True,True,CpRoll17-415Cu,,True,In Stock,full,roller | body | cap,[]
live,Cylinder,GBCyl9SpryMattSl,cylinder-9ml|17-415|Glass Bottle,9,17-415,Clear,Fine Mist Sprayer,Clear,True,True,Spry17-415MattSl,,True,In Stock,full,body | sprayer | overcap | collar,[]
live,Cylinder,GBCylAmb9MtlRollMattGl,cylinder-9ml|17-415|Glass Bottle,9,17-415,Amber,Metal Roller Ball,Matte Gold,True,True,CpRoll17-415MattGl,,True,In Stock,full,roller | body | cap,[]
live,Cylinder,GBCyl9SpryGl,cylinder-9ml|17-415|Glass Bottle,9,17-415,Clear,Fine Mist Sprayer,Clear,True,True,Spry17-415Gl,,True,In Stock,full,body | sprayer | overcap | collar,[]
live,Cylinder,GBCylAmb9MtlRollMattSl,cylinder-9ml|17-415|Glass Bottle,9,17-415,Amber,Metal Roller Ball,Matte Silver,True,True,CpRoll17-415MattSl,,True,In Stock,full,roller | body | cap,[]
live,Cylinder,GBCyl9SpryShSl,cylinder-9ml|17-415|Glass Bottle,9,17-415,Clear,Fine Mist Sprayer,Clear,False,True,Spry17-415ShnSl,media_unavailable,True,In Stock,,,[]
live,Cylinder,GBRoll28Blk,cylinder-28ml|16mm|Glass Bottle,28,16mm,Clear,Plastic Roller Ball,Black,False,False,,compatibility_unresolved,True,In Stock,,,[]
live,Cylinder,GBCylAmb9MtlRollPnkDot,cylinder-9ml|17-415|Glass Bottle,9,17-415,Amber,Metal Roller Ball,Pink Dotted,True,True,CpRoll17-415PnkDot,,True,In Stock,full,roller | body | cap,[]
live,Cylinder,GBCyl9SpryRd,cylinder-9ml|17-415|Glass Bottle,9,17-415,Clear,Fine Mist Sprayer,Clear,False,False,,compatibility_unresolved,True,In Stock,,,[]
live,Cylinder,GBCylAmb9MtlRollShBlk,cylinder-9ml|17-415|Glass Bottle,9,17-415,Amber,Metal Roller Ball,Shiny Black,True,True,CpRoll17-415ShnBlk,,True,In Stock,full,roller | body | cap,[]
live,Cylinder,GBCyl9SpryTur,cylinder-9ml|17-415|Glass Bottle,9,17-415,Clear,Fine Mist Sprayer,Clear,True,True,Spry17-415Tur,,True,In Stock,full,body | sprayer | overcap | collar,[]
live,Cylinder,GBCylAmb9MtlRollShnGl,cylinder-9ml|17-415|Glass Bottle,9,17-415,Amber,Metal Roller Ball,Shiny Gold,True,True,CpRoll17-415ShnGl,,True,In Stock,full,roller | body | cap,[]
live,Cylinder,GBCylAmb9SpryGl,cylinder-9ml|17-415|Glass Bottle,9,17-415,Amber,Fine Mist Sprayer,Gold,True,True,Spry17-415Gl,,True,In Stock,full,body | sprayer | overcap | collar,[]
live,Cylinder,GBCylAmb9MtlRollShnSl,cylinder-9ml|17-415|Glass Bottle,9,17-415,Amber,Metal Roller Ball,Shiny Silver,True,True,CpRoll17-415ShnSl,,True,In Stock,full,roller | body | cap,[]
live,Cylinder,GBCylAmb9SpryMattSl,cylinder-9ml|17-415|Glass Bottle,9,17-415,Amber,Fine Mist Sprayer,Matte Silver,True,True,Spry17-415MattSl,,True,In Stock,full,body | sprayer | overcap | collar,[]
live,Cylinder,GBCyl50RollBlk,cylinder-50ml|16mm|Glass Bottle,50,16mm,Clear,Plastic Roller Ball,Black,False,False,,compatibility_unresolved,True,In Stock,,,[]
live,Cylinder,GBCylAmb9MtlRollSlDot,cylinder-9ml|17-415|Glass Bottle,9,17-415,Amber,Metal Roller Ball,Silver Dotted,True,True,CpRoll17-415SlDot,,True,In Stock,full,roller | body | cap,[]
live,Cylinder,GBCylAmb9SpryShSl,cylinder-9ml|17-415|Glass Bottle,9,17-415,Amber,Fine Mist Sprayer,Shiny Silver,True,True,Spry17-415ShnSl,,True,In Stock,full,body | sprayer | overcap | collar,[]
live,Cylinder,GBCylAmb9SpryTur,cylinder-9ml|17-415|Glass Bottle,9,17-415,Amber,Fine Mist Sprayer,Turquoise,True,True,Spry17-415Tur,,True,In Stock,full,body | sprayer | overcap | collar,[]
live,Cylinder,GBCylAmb9SpryRd,cylinder-9ml|17-415|Glass Bottle,9,17-415,Amber,Fine Mist Sprayer,Red,True,True,Spry17-415Red,,True,In Stock,full,body | sprayer | overcap | collar,[]
live,Cylinder,GBCyl5MtlRollBlkDot,cylinder-5ml|13-415|Glass Bottle,5,13-415,Clear,Metal Roller Ball,Black with Dots,True,True,CPRoll13-415BlackDot,,True,In Stock,full,roller | body | cap,[]
live,Cylinder,GBCylBlu5MtlRollBlkDot,cylinder-5ml|13-415|Glass Bottle,5,13-415,Cobalt Blue,Metal Roller Ball,Black with Dots,False,True,CPRoll13-415BlackDot,media_unavailable,True,In Stock,capSplit,body | cap,[]
live,Cylinder,GBCyl100AnSpLvn,cylinder-100ml|18-415|Glass Bottle,100,18-415,Clear,Vintage Bulb Sprayer,Lavender,True,True,AnSp18-415Lvn,,True,In Stock,full,body | diptube | sprayer,[]
live,Cylinder,GBCylBlu9SpryTur,cylinder-9ml|17-415|Glass Bottle,9,17-415,Cobalt Blue,Fine Mist Sprayer,Turquoise,True,True,Spry17-415Tur,,True,In Stock,full,body | sprayer | overcap | collar,[]
live,Cylinder,GBCyl100AnSpPnk,cylinder-100ml|18-415|Glass Bottle,100,18-415,Clear,Vintage Bulb Sprayer,Pink,True,True,CP18-415AnSpPnk,,True,In Stock,full,body | diptube | sprayer,[]
live,Cylinder,GBCylBlu9SpryMattSl,cylinder-9ml|17-415|Glass Bottle,9,17-415,Cobalt Blue,Fine Mist Sprayer,Matte Silver,True,True,Spry17-415MattSl,,True,In Stock,full,body | sprayer | overcap | collar,[]
live,Cylinder,GBCyl100AnSpMtSl,cylinder-100ml|18-415|Glass Bottle,100,18-415,Clear,Vintage Bulb Sprayer,Matte Silver,True,True,AnSp18-415MtSl,,True,In Stock,full,body | sprayer | diptube,[]
live,Cylinder,GBCylBlu9MtlRollMattSl,cylinder-9ml|17-415|Glass Bottle,9,17-415,Cobalt Blue,Metal Roller Ball,Matte Silver,True,True,CpRoll17-415MattSl,,True,In Stock,full,roller | body | cap,[]
live,Cylinder,GBCylBlu9SpryGl,cylinder-9ml|17-415|Glass Bottle,9,17-415,Cobalt Blue,Fine Mist Sprayer,Gold,True,True,Spry17-415Gl,,True,In Stock,full,body | sprayer | overcap | collar,[]
live,Cylinder,GBCyl100AnSpIvySl,cylinder-100ml|18-415|Glass Bottle,100,18-415,Clear,Vintage Bulb Sprayer,Ivory Silver,True,True,AnSp18-415IvySl,,True,In Stock,full,body | diptube | sprayer,[]
live,Cylinder,GBCyl9MtlRollBlkDot,cylinder-9ml|17-415|Glass Bottle,9,17-415,Clear,Metal Roller Ball,Black with Dots,True,True,CpRoll17-415BlkDot,,True,In Stock,full,roller | body | cap,[]
live,Cylinder,GBCylBlu9MtlRollSlDot,cylinder-9ml|17-415|Glass Bottle,9,17-415,Cobalt Blue,Metal Roller Ball,Silver Dotted,True,True,CpRoll17-415SlDot,,True,In Stock,full,roller | body | cap,[]
live,Cylinder,GBCylBlu9SpryShSl,cylinder-9ml|17-415|Glass Bottle,9,17-415,Cobalt Blue,Fine Mist Sprayer,Shiny Silver,True,True,Spry17-415ShnSl,,True,In Stock,full,body | sprayer | overcap | collar,[]
live,Cylinder,GBCyl100AnSpGl,cylinder-100ml|18-415|Glass Bottle,100,18-415,Clear,Vintage Bulb Sprayer,Gold,True,True,AnSp18-415Gl,,True,In Stock,full,body | diptube | sprayer,[]
live,Cylinder,GBCylAmb9MtlRollBlkDot,cylinder-9ml|17-415|Glass Bottle,9,17-415,Amber,Metal Roller Ball,Black Dotted,True,True,CpRoll17-415BlkDot,,True,In Stock,full,roller | body | cap,[]
live,Cylinder,GBCylBlu9MtlRollPnkDot,cylinder-9ml|17-415|Glass Bottle,9,17-415,Cobalt Blue,Metal Roller Ball,Pink Dotted,True,True,CpRoll17-415PnkDot,,True,In Stock,full,roller | body | cap,[]
live,Cylinder,GBCylBlu9SpryRd,cylinder-9ml|17-415|Glass Bottle,9,17-415,Cobalt Blue,Fine Mist Sprayer,Red,True,True,Spry17-415Red,,True,In Stock,full,body | sprayer | overcap | collar,[]
live,Cylinder,GBCyl100AnSpIvyGl,cylinder-100ml|18-415|Glass Bottle,100,18-415,Clear,Vintage Bulb Sprayer,Ivory Gold,True,True,AnSp18-415IvyGl,,True,In Stock,full,diptube | body | sprayer,[]
live,Cylinder,GBCylBlu9MtlRollMattGl,cylinder-9ml|17-415|Glass Bottle,9,17-415,Cobalt Blue,Metal Roller Ball,Matte Gold,True,True,CpRoll17-415MattGl,,True,In Stock,full,roller | body | cap,[]
live,Cylinder,GBCylFrst9SpryGl,cylinder-9ml|17-415|Glass Bottle,9,17-415,Frosted,Fine Mist Sprayer,Gold,True,True,Spry17-415Gl,,True,In Stock,full,body | sprayer | overcap | collar,[]
live,Cylinder,GBCyl100AnSpWht,cylinder-100ml|18-415|Glass Bottle,100,18-415,Clear,Vintage Bulb Sprayer,White,True,True,AnSp18-415Wht,,True,In Stock,full,body | diptube | sprayer,[]
live,Cylinder,GBCylBlu9MtlRollBlkDot,cylinder-9ml|17-415|Glass Bottle,9,17-415,Cobalt Blue,Metal Roller Ball,Black Dotted,True,True,CpRoll17-415BlkDot,,True,In Stock,full,roller | body | cap,[]
live,Cylinder,GBCylBlu9MtlRollShnGl,cylinder-9ml|17-415|Glass Bottle,9,17-415,Cobalt Blue,Metal Roller Ball,Shiny Gold,True,True,CpRoll17-415ShnGl,,True,In Stock,full,roller | body | cap,[]
live,Cylinder,GBCylFrst9SpryMattSl,cylinder-9ml|17-415|Glass Bottle,9,17-415,Frosted,Fine Mist Sprayer,Matte Silver,True,True,Spry17-415MattSl,,True,In Stock,full,body | sprayer | collar | overcap,[]
live,Cylinder,GBCyl100AnSpRed,cylinder-100ml|18-415|Glass Bottle,100,18-415,Clear,Vintage Bulb Sprayer,Red,True,True,AnSp18-415Red,,True,In Stock,full,body | diptube | sprayer,[]
live,Cylinder,GBCylFrst9MtlRollBlkDot,cylinder-9ml|17-415|Glass Bottle,9,17-415,Frosted,Metal Roller Ball,Black Dotted,True,True,CpRoll17-415BlkDot,,True,In Stock,full,roller | body | cap,[]
live,Cylinder,GBCylFrst9SpryShSl,cylinder-9ml|17-415|Glass Bottle,9,17-415,Frosted,Fine Mist Sprayer,Shiny Silver,True,True,Spry17-415ShnSl,,True,In Stock,full,body | sprayer | overcap | collar,[]
live,Cylinder,GBCylBlu9MtlRollShnSl,cylinder-9ml|17-415|Glass Bottle,9,17-415,Cobalt Blue,Metal Roller Ball,Shiny Silver,True,True,CpRoll17-415ShnSl,,True,In Stock,full,roller | body | cap,[]
live,Cylinder,GBCyl100AnSpTslLvn,cylinder-100ml|18-415|Glass Bottle,100,18-415,Clear,Vintage Bulb Sprayer with Tassel,Lavender,True,True,AnSpTsl18-415Lvn,,True,In Stock,full,diptube | body | sprayer,[]
live,Cylinder,GBCylSwrl9MtlRollBlkDot,cylinder-9ml|17-415|Glass Bottle,9,17-415,Swirl,Metal Roller Ball,Black Dotted,True,True,CpRoll17-415BlkDot,,True,In Stock,full,roller | body | cap,[]
live,Cylinder,GBCylBlu9MtlRollMattCu,cylinder-9ml|17-415|Glass Bottle,9,17-415,Cobalt Blue,Metal Roller Ball,Matte Copper,True,True,CpRoll17-415Cu,,True,In Stock,full,roller | body | cap,[]
live,Cylinder,GBCylFrst9SpryTur,cylinder-9ml|17-415|Glass Bottle,9,17-415,Frosted,Fine Mist Sprayer,Turquoise,True,True,Spry17-415Tur,,True,In Stock,full,body | sprayer | overcap | collar,[]
live,Cylinder,GBCyl100AnSpTslIvyGl,cylinder-100ml|18-415|Glass Bottle,100,18-415,Clear,Vintage Bulb Sprayer with Tassel,Ivory Gold,True,True,AnSpTsl18-415IvyGl,,True,In Stock,full,diptube | body | sprayer,[]
live,Cylinder,GBTallCyl9MtlRollBlkDot,cylinder-9ml|13-415|Glass Bottle,9,13-415,Clear,Metal Roller Ball,Black with Dots,False,True,CPRoll13-415BlackDot,media_unavailable,True,In Stock,capSplit,body | cap,[]
live,Cylinder,GBCylBlu9MtlRollShBlk,cylinder-9ml|17-415|Glass Bottle,9,17-415,Cobalt Blue,Metal Roller Ball,Shiny Black,True,True,CpRoll17-415ShnBlk,,True,In Stock,full,roller | body | cap,[]
live,Cylinder,GBCylFrst9SpryRd,cylinder-9ml|17-415|Glass Bottle,9,17-415,Frosted,Fine Mist Sprayer,Red,True,True,Spry17-415Red,,True,In Stock,full,body | sprayer | overcap | collar,[]
live,Cylinder,GBCyl100AnSpTslIvySl,cylinder-100ml|18-415|Glass Bottle,100,18-415,Clear,Vintage Bulb Sprayer with Tassel,Ivory Silver,True,True,AnSpTsl18-415IvySl,,True,In Stock,full,body | diptube | sprayer,[]
live,Cylinder,GBTallCylFrst9MtlRollBlkDot,cylinder-9ml|13-415|Glass Bottle,9,13-415,Frosted,Metal Roller Ball,Black with Dots,False,True,CPRoll13-415BlackDot,media_unavailable,True,In Stock,capSplit,body | cap,[]
live,Cylinder,GBCylBlu9MtlRollWht,cylinder-9ml|17-415|Glass Bottle,9,17-415,Cobalt Blue,Metal Roller Ball,White,True,True,CpRoll17-415White,,True,In Stock,full,roller | body | cap,[]
live,Cylinder,GBCylSwrl9SpryGl,cylinder-9ml|17-415|Glass Bottle,9,17-415,Swirl,Fine Mist Sprayer,Gold,True,True,Spry17-415Gl,,True,In Stock,full,body | sprayer | overcap | collar,[]
live,Cylinder,GBCyl100AnSpTslWht,cylinder-100ml|18-415|Glass Bottle,100,18-415,Clear,Vintage Bulb Sprayer with Tassel,White,True,True,AnSpTsl18-415Wht,,True,In Stock,full,diptube | body | sprayer,[]
live,Cylinder,GBCylFrst9MtlRollWht,cylinder-9ml|17-415|Glass Bottle,9,17-415,Frosted,Metal Roller Ball,White,True,True,CpRoll17-415White,,True,In Stock,full,roller | body | cap,[]
live,Cylinder,GBCylSwrl9SpryMattSl,cylinder-9ml|17-415|Glass Bottle,9,17-415,Swirl,Fine Mist Sprayer,Matte Silver,True,True,Spry17-415MattSl,,True,In Stock,full,body | sprayer | overcap | collar,[]
live,Cylinder,GBCyl100AnSpTslPnk,cylinder-100ml|18-415|Glass Bottle,100,18-415,Clear,Vintage Bulb Sprayer with Tassel,Pink,True,True,AnSpTsl18-415Pnk,,True,In Stock,full,diptube | body | sprayer,[]
live,Cylinder,GBCylFrst9MtlRollMattCu,cylinder-9ml|17-415|Glass Bottle,9,17-415,Frosted,Metal Roller Ball,Matte Copper,True,True,CpRoll17-415Cu,,True,In Stock,full,roller | body | cap,[]
live,Cylinder,GBCylSwrl9SpryShSl,cylinder-9ml|17-415|Glass Bottle,9,17-415,Swirl,Fine Mist Sprayer,Shiny Silver,True,True,Spry17-415ShnSl,,True,In Stock,full,body | sprayer | overcap | collar,[]
live,Cylinder,GBCyl100AnSpTslRed,cylinder-100ml|18-415|Glass Bottle,100,18-415,Clear,Vintage Bulb Sprayer with Tassel,Red,True,True,AnSpTsl18-415Red,,True,In Stock,full,diptube | body | sprayer,[]
live,Cylinder,GBCylFrst9MtlRollMattSl,cylinder-9ml|17-415|Glass Bottle,9,17-415,Frosted,Metal Roller Ball,Matte Silver,True,True,CpRoll17-415MattSl,,True,In Stock,full,roller | body | cap,[]
live,Cylinder,GBCylSwrl9SpryRd,cylinder-9ml|17-415|Glass Bottle,9,17-415,Swirl,Fine Mist Sprayer,Red,True,True,Spry17-415Red,,True,In Stock,full,body | sprayer | overcap | collar,[]
live,Cylinder,GBCyl100AnSpTslMtSl,cylinder-100ml|18-415|Glass Bottle,100,18-415,Clear,Vintage Bulb Sprayer with Tassel,Matte Silver,True,True,AnSpTsl18-415MtS,,True,In Stock,full,diptube | body | sprayer,[]
live,Cylinder,GBCylFrst9MtlRollSlDot,cylinder-9ml|17-415|Glass Bottle,9,17-415,Frosted,Metal Roller Ball,Silver Dotted,True,True,CpRoll17-415SlDot,,True,In Stock,full,roller | body | cap,[]
live,Cylinder,GBCylSwrl9SpryTur,cylinder-9ml|17-415|Glass Bottle,9,17-415,Swirl,Fine Mist Sprayer,Clear,True,True,Spry17-415Tur,,True,In Stock,full,body | sprayer | overcap | collar,[]
live,Cylinder,GBCyl100AnSpTslGl,cylinder-100ml|18-415|Glass Bottle,100,18-415,Clear,Vintage Bulb Sprayer with Tassel,Gold,True,True,CP18-415AnSpTslGl,,True,In Stock,full,diptube | body | sprayer,[]
live,Cylinder,GBCylFrst9MtlRollPnkDot,cylinder-9ml|17-415|Glass Bottle,9,17-415,Frosted,Metal Roller Ball,Pink Dotted,True,True,CpRoll17-415PnkDot,,True,In Stock,full,roller | body | cap,[]
live,Cylinder,GBTallCyl9SpryBluMatt,cylinder-9ml|13-415|Glass Bottle,9,13-415,Clear,Fine Mist Sprayer,Matte Blue,False,False,,compatibility_unresolved,True,In Stock,,,[]
live,Cylinder,GBCylFrst9MtlRollMattGl,cylinder-9ml|17-415|Glass Bottle,9,17-415,Frosted,Metal Roller Ball,Matte Gold,True,True,CpRoll17-415MattGl,,True,In Stock,full,roller | body | cap,[]
live,Cylinder,GBTallCyl9SpryCuMatt,cylinder-9ml|13-415|Glass Bottle,9,13-415,Clear,Fine Mist Sprayer,Matte Copper,False,False,,compatibility_unresolved,True,In Stock,,,[]
live,Cylinder,LBCyl50LtnMtGl,cylinder-50ml|18-415|Glass Bottle,50,18-415,Clear,Lotion Pump,Matte Gold,False,False,,compatibility_unresolved,True,In Stock,,,[]
live,Cylinder,GBCylFrst9MtlRollShnGl,cylinder-9ml|17-415|Glass Bottle,9,17-415,Frosted,Metal Roller Ball,Shiny Gold,True,True,CpRoll17-415ShnGl,,True,In Stock,full,roller | body | cap,[]
live,Cylinder,GBTallCyl9SpryBlkSh,cylinder-9ml|13-415|Glass Bottle,9,13-415,Clear,Fine Mist Sprayer,Shiny Black,False,False,,compatibility_unresolved,True,In Stock,,,[]
live,Cylinder,LBCyl50LtnShnGl,cylinder-50ml|18-415|Glass Bottle,50,18-415,Clear,Lotion Pump,Shiny Gold,False,False,,compatibility_unresolved,True,In Stock,,,[]
live,Cylinder,GBCylAmb9RollWht,cylinder-9ml|17-415|Glass Bottle,9,17-415,Amber,Plastic Roller Ball,White,True,True,CpRoll17-415White,,True,In Stock,full,body | roller | cap,[]
live,Cylinder,GBCylFrst9MtlRollShnSl,cylinder-9ml|17-415|Glass Bottle,9,17-415,Frosted,Metal Roller Ball,Shiny Silver,True,True,CpRoll17-415ShnSl,,True,In Stock,full,roller | body | cap,[]
live,Cylinder,GBTallCyl9SpryGlMatt,cylinder-9ml|13-415|Glass Bottle,9,13-415,Clear,Fine Mist Sprayer,Matte Gold,False,False,,compatibility_unresolved,True,In Stock,,,[]
live,Cylinder,LBCyl50LtnShnBlk,cylinder-50ml|18-415|Glass Bottle,50,18-415,Clear,Lotion Pump,Shiny Black,False,False,,compatibility_unresolved,True,In Stock,,,[]
live,Cylinder,GBCylAmb9RollMattCu,cylinder-9ml|17-415|Glass Bottle,9,17-415,Amber,Plastic Roller Ball,Matte Copper,True,True,CpRoll17-415Cu,,True,In Stock,full,body | roller | cap,[]
live,Cylinder,GBCylFrst9MtlRollShBlk,cylinder-9ml|17-415|Glass Bottle,9,17-415,Frosted,Metal Roller Ball,Shiny Black,True,True,CpRoll17-415ShnBlk,,True,In Stock,full,roller | body | cap,[]
live,Cylinder,GBTallCyl9SpryGlSh,cylinder-9ml|13-415|Glass Bottle,9,13-415,Clear,Fine Mist Sprayer,Shiny Gold,False,False,,compatibility_unresolved,True,In Stock,,,[]
live,Cylinder,LBCyl50LtnMtSl,cylinder-50ml|18-415|Glass Bottle,50,18-415,Clear,Lotion Pump,Matte Silver,False,False,,compatibility_unresolved,True,In Stock,,,[]
live,Cylinder,GBCylAmb9RollMattGl,cylinder-9ml|17-415|Glass Bottle,9,17-415,Amber,Plastic Roller Ball,Matte Gold,True,True,CpRoll17-415MattGl,,True,In Stock,full,body | roller | cap,[]
live,Cylinder,GBCylSwrl9MtlRollMattSl,cylinder-9ml|17-415|Glass Bottle,9,17-415,Swirl,Metal Roller Ball,Matte Silver,True,True,CpRoll17-415MattSl,,True,In Stock,full,roller | body | cap,[]
live,Cylinder,GBTallCyl9SprySlMatt,cylinder-9ml|13-415|Glass Bottle,9,13-415,Clear,Fine Mist Sprayer,Matte Silver,False,False,,compatibility_unresolved,True,In Stock,,,[]
live,Cylinder,LBCyl50LtnShnSl,cylinder-50ml|18-415|Glass Bottle,50,18-415,Clear,Lotion Pump,Shiny Silver,False,False,,compatibility_unresolved,True,In Stock,,,[]
live,Cylinder,GBCylAmb9RollMattSl,cylinder-9ml|17-415|Glass Bottle,9,17-415,Amber,Plastic Roller Ball,Matte Silver,True,True,CpRoll17-415MattSl,,True,In Stock,full,body | roller | cap,[]
live,Cylinder,GBCylSwrl9MtlRollSlDot,cylinder-9ml|17-415|Glass Bottle,9,17-415,Swirl,Metal Roller Ball,Silver Dotted,True,True,CpRoll17-415SlDot,,True,In Stock,full,roller | body | cap,[]
live,Cylinder,GBTallCyl9SprySlSh,cylinder-9ml|13-415|Glass Bottle,9,13-415,Clear,Fine Mist Sprayer,Shiny Silver,False,False,,compatibility_unresolved,True,In Stock,,,[]
live,Cylinder,LBCyl50LtnCu,cylinder-50ml|18-415|Glass Bottle,50,18-415,Clear,Lotion Pump,Copper,False,False,,compatibility_unresolved,True,In Stock,,,[]
live,Cylinder,GBCylAmb9RollPnkDot,cylinder-9ml|17-415|Glass Bottle,9,17-415,Amber,Plastic Roller Ball,Pink Dotted,True,True,CpRoll17-415PnkDot,,True,In Stock,full,body | roller | cap,[]
live,Cylinder,GBCylSwrl9MtlRollPnkDot,cylinder-9ml|17-415|Glass Bottle,9,17-415,Swirl,Metal Roller Ball,Pink Dotted,True,True,CpRoll17-415PnkDot,,True,In Stock,full,roller | body | cap,[]
live,Cylinder,GBTallCylFrst9SpryBlkSh,cylinder-9ml|13-415|Glass Bottle,9,13-415,Frosted,Fine Mist Sprayer,Frosted,False,False,,compatibility_unresolved,True,In Stock,,,[]
live,Cylinder,GBMtlRoll28Blk,cylinder-28ml|16mm|Glass Bottle,28,16mm,Clear,Metal Roller Ball,Black,False,False,,compatibility_unresolved,True,In Stock,,,[]
live,Cylinder,GBCylAmb9RollShBlk,cylinder-9ml|17-415|Glass Bottle,9,17-415,Amber,Plastic Roller Ball,Shiny Black,True,True,CpRoll17-415ShnBlk,,True,In Stock,full,body | roller | cap,[]
live,Cylinder,GBCylSwrl9MtlRollMattGl,cylinder-9ml|17-415|Glass Bottle,9,17-415,Swirl,Metal Roller Ball,Matte Gold,True,True,CpRoll17-415MattGl,,True,In Stock,full,roller | body | cap,[]
live,Cylinder,GBTallCylFrst9SpryBluMatt,cylinder-9ml|13-415|Glass Bottle,9,13-415,Frosted,Fine Mist Sprayer,Frosted,False,False,,compatibility_unresolved,True,In Stock,,,[]
live,Cylinder,GBCylSwrl9MtlRollShnGl,cylinder-9ml|17-415|Glass Bottle,9,17-415,Swirl,Metal Roller Ball,Shiny Gold,True,True,CpRoll17-415ShnGl,,True,In Stock,full,roller | body | cap,[]
live,Cylinder,GBCylAmb9RollShnGl,cylinder-9ml|17-415|Glass Bottle,9,17-415,Amber,Plastic Roller Ball,Shiny Gold,True,True,CpRoll17-415ShnGl,,True,In Stock,full,body | roller | cap,[]
live,Cylinder,GBTallCylFrst9SpryGlSh,cylinder-9ml|13-415|Glass Bottle,9,13-415,Frosted,Fine Mist Sprayer,Frosted,False,False,,compatibility_unresolved,True,In Stock,,,[]
live,Cylinder,GBCylAmb9RollShnSl,cylinder-9ml|17-415|Glass Bottle,9,17-415,Amber,Plastic Roller Ball,Shiny Silver,True,True,CpRoll17-415ShnSl,,True,In Stock,full,body | roller | cap,[]
live,Cylinder,GBCylSwrl9MtlRollShnSl,cylinder-9ml|17-415|Glass Bottle,9,17-415,Swirl,Metal Roller Ball,Shiny Silver,True,True,CpRoll17-415ShnSl,,True,In Stock,full,roller | body | cap,[]
live,Cylinder,GBTallCylFrst9SpryGlMatt,cylinder-9ml|13-415|Glass Bottle,9,13-415,Frosted,Fine Mist Sprayer,Frosted,False,False,,compatibility_unresolved,True,In Stock,,,[]
live,Cylinder,GBCylSwrl9MtlRollMattCu,cylinder-9ml|17-415|Glass Bottle,9,17-415,Swirl,Metal Roller Ball,Matte Copper,True,True,CpRoll17-415Cu,,True,In Stock,full,roller | body | cap,[]
live,Cylinder,GBCylAmb9RollSlDot,cylinder-9ml|17-415|Glass Bottle,9,17-415,Amber,Plastic Roller Ball,Silver Dotted,True,True,CpRoll17-415SlDot,,True,In Stock,full,body | roller | cap,[]
live,Cylinder,GBTallCylFrst9SprySlMatt,cylinder-9ml|13-415|Glass Bottle,9,13-415,Frosted,Fine Mist Sprayer,Frosted,False,False,,compatibility_unresolved,True,In Stock,,,[]
live,Cylinder,GBCyl50MtlRollBlk,cylinder-50ml|16mm|Glass Bottle,50,16mm,Clear,Metal Roller Ball,Black,False,False,,compatibility_unresolved,True,In Stock,,,[]
live,Cylinder,GBCyl50RdcrShnGl,cylinder-50ml|18-415|Glass Bottle,50,18-415,Clear,Reducer,Shiny Gold,False,False,CP18-415ShnGl,catalog_unavailable,False,In Stock,,,[]
live,Cylinder,GBCylSwrl9MtlRollShBlk,cylinder-9ml|17-415|Glass Bottle,9,17-415,Swirl,Metal Roller Ball,Shiny Black,True,True,CpRoll17-415ShnBlk,,True,In Stock,full,roller | body | cap,[]
live,Cylinder,GBTallCylFrst9SprySlSh,cylinder-9ml|13-415|Glass Bottle,9,13-415,Frosted,Fine Mist Sprayer,Frosted,False,False,,compatibility_unresolved,True,In Stock,,,[]
live,Cylinder,GBCyl50RdcrShnBlkTall,cylinder-50ml|18-415|Glass Bottle,50,18-415,Clear,Reducer,Tall Shiny Black,False,False,CP18-415ShnBlkTall,catalog_unavailable,False,In Stock,,,[]
live,Cylinder,GBTallCylFrst9SpryCuMatt,cylinder-9ml|13-415|Glass Bottle,9,13-415,Frosted,Fine Mist Sprayer,Frosted,False,False,,compatibility_unresolved,True,In Stock,,,[]
live,Cylinder,GBCyl50RdcrShnBlk,cylinder-50ml|18-415|Glass Bottle,50,18-415,Clear,Reducer,Shiny Black,False,False,,compatibility_unresolved,False,In Stock,,,[]
live,Cylinder,GBTallCyl9MtlRollBlkSh,cylinder-9ml|13-415|Glass Bottle,9,13-415,Clear,Metal Roller Ball,Shiny Black,False,True,CPRoll13-415BlkSh,media_unavailable,True,In Stock,capSplit,body | cap,[]
live,Cylinder,GBCyl50RdcrBrwnLthr,cylinder-50ml|18-415|Glass Bottle,50,18-415,Clear,Reducer,Brown Leather,False,False,CP18-415BrwnLthr,catalog_unavailable,False,In Stock,,,[]
live,Cylinder,GBTallCyl9MtlRollCuMatt,cylinder-9ml|13-415|Glass Bottle,9,13-415,Clear,Metal Roller Ball,Matte Copper,False,True,CPRoll13-415Cu,media_unavailable,True,In Stock,capSplit,body | cap,[]
live,Cylinder,GBCyl50RdcrLBrwnLthr,cylinder-50ml|18-415|Glass Bottle,50,18-415,Clear,Reducer,Light Brown Leather,False,False,CP18-415LBrwnLthr,catalog_unavailable,False,In Stock,,,[]
live,Cylinder,GBTallCyl9MtlRollGlMatt,cylinder-9ml|13-415|Glass Bottle,9,13-415,Clear,Metal Roller Ball,Matte Gold,False,True,CPRoll13-415GlMt,media_unavailable,True,In Stock,capSplit,body | cap,[]
live,Cylinder,GBCyl50RdcrShnSl,cylinder-50ml|18-415|Glass Bottle,50,18-415,Clear,Reducer,Shiny Silver,False,False,CP18-415ShnSl,catalog_unavailable,False,In Stock,,,[]
live,Cylinder,GBTallCyl9MtlRollGlSh,cylinder-9ml|13-415|Glass Bottle,9,13-415,Clear,Metal Roller Ball,Shiny Gold,False,True,CPRoll13-415GlSh,media_unavailable,True,In Stock,capSplit,body | cap,[]
live,Cylinder,GBCyl50RdcrMtSlTall,cylinder-50ml|18-415|Glass Bottle,50,18-415,Clear,Reducer,Tall Matte Silver,False,False,CP18-415MtSlTall,catalog_unavailable,False,In Stock,,,[]
live,Cylinder,GBTallCyl9MtlRollPinkDot,cylinder-9ml|13-415|Glass Bottle,9,13-415,Clear,Metal Roller Ball,Pink Dotted,False,True,CPRoll13-415PinkDot,media_unavailable,True,In Stock,capSplit,body | cap,[]
live,Cylinder,GBCyl50RdcrMtSl,cylinder-50ml|18-415|Glass Bottle,50,18-415,Clear,Reducer,Matte Silver,False,False,CP18-415MtSl,catalog_unavailable,False,In Stock,,,[]
live,Cylinder,GBTallCyl9MtlRollSlDot,cylinder-9ml|13-415|Glass Bottle,9,13-415,Clear,Metal Roller Ball,Silver Dotted,False,True,CPRoll13-415SlDot,media_unavailable,True,In Stock,capSplit,body | cap,[]
live,Cylinder,GBCylBlu9RollWht,cylinder-9ml|17-415|Glass Bottle,9,17-415,Cobalt Blue,Plastic Roller Ball,White,True,True,CpRoll17-415White,,True,In Stock,full,body | roller | cap,[]
live,Cylinder,GBCyl50RdcrWht,cylinder-50ml|18-415|Glass Bottle,50,18-415,Clear,Reducer,White,False,False,CP18-415Wh,catalog_unavailable,False,In Stock,,,[]
live,Cylinder,GBTallCyl9MtlRollSlMatt,cylinder-9ml|13-415|Glass Bottle,9,13-415,Clear,Metal Roller Ball,Matte Silver,False,True,CPRoll13-415SlMt,media_unavailable,True,In Stock,capSplit,body | cap,[]
live,Cylinder,GBCylBlu9RollShBlk,cylinder-9ml|17-415|Glass Bottle,9,17-415,Cobalt Blue,Plastic Roller Ball,Shiny Black,True,True,CpRoll17-415ShnBlk,,True,In Stock,full,body | roller | cap,[]
live,Cylinder,GBCyl50RdcrPnkLthr,cylinder-50ml|18-415|Glass Bottle,50,18-415,Clear,Reducer,Pink Leather,False,False,CP18-415LPnkLthr,catalog_unavailable,False,In Stock,,,[]
live,Cylinder,GBTallCyl9MtlRollSlSh,cylinder-9ml|13-415|Glass Bottle,9,13-415,Clear,Metal Roller Ball,Shiny Silver,False,True,CPRoll13-415SlSh,media_unavailable,True,In Stock,capSplit,body | cap,[]
live,Cylinder,GBCylBlu9RollShnGl,cylinder-9ml|17-415|Glass Bottle,9,17-415,Cobalt Blue,Plastic Roller Ball,Shiny Gold,True,True,CpRoll17-415ShnGl,,True,In Stock,full,body | roller | cap,[]
live,Cylinder,GBCyl50RdcrIvyLthr,cylinder-50ml|18-415|Glass Bottle,50,18-415,Clear,Reducer,Ivory Leather,False,False,CP18-415LIvyLthr,catalog_unavailable,False,In Stock,,,[]
live,Cylinder,GBTallCylFrst9MtlRollSlDot,cylinder-9ml|13-415|Glass Bottle,9,13-415,Frosted,Metal Roller Ball,Silver with Dots,False,True,CPRoll13-415SlDot,media_unavailable,True,In Stock,capSplit,body | cap,[]
live,Cylinder,GBCylBlu9RollShnSl,cylinder-9ml|17-415|Glass Bottle,9,17-415,Cobalt Blue,Plastic Roller Ball,Shiny Silver,True,True,CpRoll17-415ShnSl,,True,In Stock,full,body | roller | cap,[]
live,Cylinder,GBTallCylFrst9MtlRollPinkDot,cylinder-9ml|13-415|Glass Bottle,9,13-415,Frosted,Metal Roller Ball,Pink with Dots,False,True,CPRoll13-415PinkDot,media_unavailable,True,In Stock,capSplit,body | cap,[]
live,Cylinder,GBCylBlu9RollPnkDot,cylinder-9ml|17-415|Glass Bottle,9,17-415,Cobalt Blue,Plastic Roller Ball,Pink Dotted,False,True,CpRoll17-415PnkDot,media_unavailable,True,In Stock,,,[]
live,Cylinder,GBTallCylFrst9MtlRollSlMatt,cylinder-9ml|13-415|Glass Bottle,9,13-415,Frosted,Metal Roller Ball,Matte Silver,False,True,CPRoll13-415SlMt,media_unavailable,True,In Stock,capSplit,body | cap,[]
live,Cylinder,GBCylBlu9RollMattSl,cylinder-9ml|17-415|Glass Bottle,9,17-415,Cobalt Blue,Plastic Roller Ball,Matte Silver,True,True,CpRoll17-415MattSl,,True,In Stock,full,body | roller | cap,[]
live,Cylinder,GBTallCylFrst9MtlRollGlMatt,cylinder-9ml|13-415|Glass Bottle,9,13-415,Frosted,Metal Roller Ball,Matte Gold,False,True,CPRoll13-415GlMt,media_unavailable,True,In Stock,capSplit,body | cap,[]
live,Cylinder,GBCylBlu9RollSlDot,cylinder-9ml|17-415|Glass Bottle,9,17-415,Cobalt Blue,Plastic Roller Ball,Silver Dotted,False,True,CpRoll17-415SlDot,media_unavailable,True,In Stock,,,[]
live,Cylinder,GBTallCylFrst9MtlRollGlSh,cylinder-9ml|13-415|Glass Bottle,9,13-415,Frosted,Metal Roller Ball,Shiny Gold,False,True,CPRoll13-415GlSh,media_unavailable,True,In Stock,capSplit,body | cap,[]
live,Cylinder,GBCylBlu9RollMattGl,cylinder-9ml|17-415|Glass Bottle,9,17-415,Cobalt Blue,Plastic Roller Ball,Matte Gold,True,True,CpRoll17-415MattGl,,True,In Stock,full,body | roller | cap,[]
live,Cylinder,GBTallCylFrst9MtlRollSlSh,cylinder-9ml|13-415|Glass Bottle,9,13-415,Frosted,Metal Roller Ball,Shiny Silver,False,True,CPRoll13-415SlSh,media_unavailable,True,In Stock,capSplit,body | cap,[]
live,Cylinder,GBCylBlu9RollMattCu,cylinder-9ml|17-415|Glass Bottle,9,17-415,Cobalt Blue,Plastic Roller Ball,Matte Copper,True,True,CpRoll17-415Cu,,True,In Stock,full,body | roller | cap,[]
live,Cylinder,GBTallCylFrst9MtlRollCuMatt,cylinder-9ml|13-415|Glass Bottle,9,13-415,Frosted,Metal Roller Ball,Matte Copper,False,True,CPRoll13-415Cu,media_unavailable,True,In Stock,capSplit,body | cap,[]
live,Cylinder,GBCylFrst9RollShBlk,cylinder-9ml|17-415|Glass Bottle,9,17-415,Frosted,Plastic Roller Ball,Shiny Black,True,True,CpRoll17-415ShnBlk,,True,In Stock,full,body | roller | cap,[]
live,Cylinder,GBTallCylFrst9MtlRollBlkSh,cylinder-9ml|13-415|Glass Bottle,9,13-415,Frosted,Metal Roller Ball,Shiny Black,False,True,CPRoll13-415BlkSh,media_unavailable,True,In Stock,capSplit,body | cap,[]
live,Cylinder,GBCylFrst9RollShnGl,cylinder-9ml|17-415|Glass Bottle,9,17-415,Frosted,Plastic Roller Ball,Shiny Gold,True,True,CpRoll17-415ShnGl,,True,In Stock,full,body | roller | cap,[]
live,Cylinder,GBCylFrst9RollShnSl,cylinder-9ml|17-415|Glass Bottle,9,17-415,Frosted,Plastic Roller Ball,Shiny Silver,True,True,CpRoll17-415ShnSl,,True,In Stock,full,body | roller | cap,[]
live,Cylinder,GBCylFrst9RollPnkDot,cylinder-9ml|17-415|Glass Bottle,9,17-415,Frosted,Plastic Roller Ball,Pink Dotted,True,True,CpRoll17-415PnkDot,,True,In Stock,full,body | roller | cap,[]
live,Cylinder,GBCylFrst9RollSlDot,cylinder-9ml|17-415|Glass Bottle,9,17-415,Frosted,Plastic Roller Ball,Silver Dotted,True,True,CpRoll17-415SlDot,,True,In Stock,full,body | roller | cap,[]
live,Cylinder,GBCylFrst9RollMattSl,cylinder-9ml|17-415|Glass Bottle,9,17-415,Frosted,Plastic Roller Ball,Matte Silver,True,True,CpRoll17-415MattSl,,True,In Stock,full,body | roller | cap,[]
live,Cylinder,GBCylFrst9RollMattGl,cylinder-9ml|17-415|Glass Bottle,9,17-415,Frosted,Plastic Roller Ball,Matte Gold,True,True,CpRoll17-415MattGl,,True,In Stock,full,body | roller | cap,[]
live,Cylinder,GBCylFrst9RollMattCu,cylinder-9ml|17-415|Glass Bottle,9,17-415,Frosted,Plastic Roller Ball,Matte Copper,True,True,CpRoll17-415Cu,,True,In Stock,full,body | roller | cap,[]
live,Cylinder,GBCylFrst9RollWht,cylinder-9ml|17-415|Glass Bottle,9,17-415,Frosted,Plastic Roller Ball,White,True,True,CpRoll17-415White,,True,In Stock,full,body | roller | cap,[]
live,Cylinder,GBCyl9RollShnSl,cylinder-9ml|17-415|Glass Bottle,9,17-415,Clear,Plastic Roller Ball,Shiny Silver,True,True,CpRoll17-415ShnSl,,True,In Stock,full,body | roller | cap,[]
live,Cylinder,GBCyl9RollWht,cylinder-9ml|17-415|Glass Bottle,9,17-415,Clear,Plastic Roller Ball,White,True,True,CpRoll17-415White,,True,In Stock,full,body | roller | cap,[]
live,Cylinder,GBCyl9RollShnGl,cylinder-9ml|17-415|Glass Bottle,9,17-415,Clear,Plastic Roller Ball,Shiny Gold,True,True,CpRoll17-415ShnGl,,True,In Stock,full,body | roller | cap,[]
live,Cylinder,GBCyl9RollShBlk,cylinder-9ml|17-415|Glass Bottle,9,17-415,Clear,Plastic Roller Ball,Shiny Black,True,True,CpRoll17-415ShnBlk,,True,In Stock,full,body | roller | cap,[]
live,Cylinder,GBCyl9RollMattCu,cylinder-9ml|17-415|Glass Bottle,9,17-415,Clear,Plastic Roller Ball,Matte Copper,True,True,CpRoll17-415Cu,,True,In Stock,full,body | roller | cap,[]
live,Cylinder,GBCyl9RollSlDot,cylinder-9ml|17-415|Glass Bottle,9,17-415,Clear,Plastic Roller Ball,Silver with Dots,True,True,CpRoll17-415SlDot,,True,In Stock,full,body | roller | cap,[]
live,Cylinder,GBCyl9RollPnkDot,cylinder-9ml|17-415|Glass Bottle,9,17-415,Clear,Plastic Roller Ball,Pink with Dots,False,True,CpRoll17-415PnkDot,media_unavailable,True,In Stock,,,[]
live,Cylinder,GBCyl9RollMattSl,cylinder-9ml|17-415|Glass Bottle,9,17-415,Clear,Plastic Roller Ball,Matte Silver,True,True,CpRoll17-415MattSl,,True,In Stock,full,body | roller | cap,[]
live,Cylinder,GBCyl9RollMattGl,cylinder-9ml|17-415|Glass Bottle,9,17-415,Clear,Plastic Roller Ball,Matte Gold,True,True,CpRoll17-415MattGl,,True,In Stock,full,body | roller | cap,[]
live,Cylinder,GBCylSwrl9RollShnSl,cylinder-9ml|17-415|Glass Bottle,9,17-415,Swirl,Plastic Roller Ball,Shiny Silver,False,True,CpRoll17-415ShnSl,media_unavailable,True,In Stock,,,[]
live,Cylinder,GBCylSwrl9RollShnGl,cylinder-9ml|17-415|Glass Bottle,9,17-415,Swirl,Plastic Roller Ball,Shiny Gold,False,True,CpRoll17-415ShnGl,media_unavailable,True,In Stock,,,[]
live,Cylinder,GBCylSwrl9RollShBlk,cylinder-9ml|17-415|Glass Bottle,9,17-415,Swirl,Plastic Roller Ball,Shiny Black,False,True,CpRoll17-415ShnBlk,media_unavailable,True,In Stock,,,[]
live,Cylinder,GBCylSwrl9RollMattCu,cylinder-9ml|17-415|Glass Bottle,9,17-415,Swirl,Plastic Roller Ball,Matte Copper,False,True,CpRoll17-415Cu,media_unavailable,True,In Stock,,,[]
live,Cylinder,GBCylSwrl9RollPnkDot,cylinder-9ml|17-415|Glass Bottle,9,17-415,Swirl,Plastic Roller Ball,Pink Dotted,True,True,CpRoll17-415PnkDot,,True,In Stock,full,body | roller | cap,[]
live,Cylinder,GBCylSwrl9RollSlDot,cylinder-9ml|17-415|Glass Bottle,9,17-415,Swirl,Plastic Roller Ball,Silver Dotted,True,True,CpRoll17-415SlDot,,True,In Stock,full,body | roller | cap,[]
live,Cylinder,GBCylSwrl9RollMattSl,cylinder-9ml|17-415|Glass Bottle,9,17-415,Swirl,Plastic Roller Ball,Matte Silver,False,True,CpRoll17-415MattSl,media_unavailable,True,In Stock,,,[]
live,Cylinder,GBCylSwrl9RollMattGl,cylinder-9ml|17-415|Glass Bottle,9,17-415,Swirl,Plastic Roller Ball,Matte Gold,False,True,CpRoll17-415MattGl,media_unavailable,True,In Stock,,,[]
live,Cylinder,GBTallCyl9RollBlkSh,cylinder-9ml|13-415|Glass Bottle,9,13-415,Clear,Plastic Roller Ball,Shiny Black,False,True,CPRoll13-415BlkSh,media_unavailable,True,In Stock,capSplit,body | roller | cap,[]
live,Cylinder,GBTallCyl9RollCuMatt,cylinder-9ml|13-415|Glass Bottle,9,13-415,Clear,Plastic Roller Ball,Matte Copper,False,True,CPRoll13-415Cu,media_unavailable,True,In Stock,capSplit,body | roller | cap,[]
live,Cylinder,GBTallCyl9RollGlMatt,cylinder-9ml|13-415|Glass Bottle,9,13-415,Clear,Plastic Roller Ball,Matte Gold,False,True,CPRoll13-415GlMt,media_unavailable,True,In Stock,capSplit,body | roller | cap,[]
live,Cylinder,GBTallCyl9RollGlSh,cylinder-9ml|13-415|Glass Bottle,9,13-415,Clear,Plastic Roller Ball,Shiny Gold,False,True,CPRoll13-415GlSh,media_unavailable,True,In Stock,capSplit,body | roller | cap,[]
live,Cylinder,GBTallCyl9RollPinkDot,cylinder-9ml|13-415|Glass Bottle,9,13-415,Clear,Plastic Roller Ball,Pink Dotted,False,True,CPRoll13-415PinkDot,media_unavailable,True,In Stock,capSplit,body | roller | cap,[]
live,Cylinder,GBTallCyl9RollSlDot,cylinder-9ml|13-415|Glass Bottle,9,13-415,Clear,Plastic Roller Ball,Silver Dotted,False,True,CPRoll13-415SlDot,media_unavailable,True,In Stock,capSplit,body | roller | cap,[]
live,Cylinder,GBTallCyl9RollSlMatt,cylinder-9ml|13-415|Glass Bottle,9,13-415,Clear,Plastic Roller Ball,Matte Silver,False,True,CPRoll13-415SlMt,media_unavailable,True,In Stock,capSplit,body | roller | cap,[]
live,Cylinder,GBTallCyl9RollSlSh,cylinder-9ml|13-415|Glass Bottle,9,13-415,Clear,Plastic Roller Ball,Shiny Silver,False,True,CPRoll13-415SlSh,media_unavailable,True,In Stock,capSplit,body | roller | cap,[]
live,Cylinder,GBTallCylFrst9RollSlDot,cylinder-9ml|13-415|Glass Bottle,9,13-415,Frosted,Plastic Roller Ball,Silver with Dots,False,True,CPRoll13-415SlDot,media_unavailable,True,In Stock,capSplit,body | roller | cap,[]
live,Cylinder,GBTallCylFrst9RollPinkDot,cylinder-9ml|13-415|Glass Bottle,9,13-415,Frosted,Plastic Roller Ball,Pink with Dots,False,True,CPRoll13-415PinkDot,media_unavailable,True,In Stock,capSplit,body | roller | cap,[]
live,Cylinder,GBTallCylFrst9RollSlMatt,cylinder-9ml|13-415|Glass Bottle,9,13-415,Frosted,Plastic Roller Ball,Matte Silver,False,True,CPRoll13-415SlMt,media_unavailable,True,In Stock,capSplit,body | roller | cap,[]
live,Cylinder,GBCyl5BlkSht,cylinder-5ml|13-415|Glass Bottle,5,13-415,Clear,Cap/Closure,Short Ribbed Black,True,True,CP13-415BlkSht,,True,In Stock,capSplit,body | cap,[]
live,Cylinder,GBTallCylFrst9RollGlMatt,cylinder-9ml|13-415|Glass Bottle,9,13-415,Frosted,Plastic Roller Ball,Matte Gold,False,True,CPRoll13-415GlMt,media_unavailable,True,In Stock,capSplit,body | roller | cap,[]
live,Cylinder,GBTallCylFrst9RollGlSh,cylinder-9ml|13-415|Glass Bottle,9,13-415,Frosted,Plastic Roller Ball,Shiny Gold,False,True,CPRoll13-415GlSh,media_unavailable,True,In Stock,capSplit,body | roller | cap,[]
live,Cylinder,GBCylBlu5BlkSht,cylinder-5ml|13-415|Glass Bottle,5,13-415,Cobalt Blue,Cap/Closure,Short Ribbed Black,True,True,CP13-415BlkSht,,True,In Stock,capSplit,body | cap,[]
live,Cylinder,GBTallCylFrst9RollSlSh,cylinder-9ml|13-415|Glass Bottle,9,13-415,Frosted,Plastic Roller Ball,Shiny Silver,False,True,CPRoll13-415SlSh,media_unavailable,True,In Stock,capSplit,body | roller | cap,[]
live,Cylinder,GBTallCylFrst9RollCuMatt,cylinder-9ml|13-415|Glass Bottle,9,13-415,Frosted,Plastic Roller Ball,Matte Copper,False,True,CPRoll13-415Cu,media_unavailable,True,In Stock,capSplit,body | roller | cap,[]
live,Cylinder,GBTallCylFrst9RollBlkSh,cylinder-9ml|13-415|Glass Bottle,9,13-415,Frosted,Plastic Roller Ball,Shiny Black,False,True,CPRoll13-415BlkSh,media_unavailable,True,In Stock,capSplit,body | roller | cap,[]
live,Cylinder,GBTallCyl9BlkSht,cylinder-9ml|13-415|Glass Bottle,9,13-415,Clear,,Short Ribbed Black,True,True,CP13-415BlkSht,,True,In Stock,capSplit,body | cap,[]
live,Cylinder,GBTallCylFrst9BlkSht,cylinder-9ml|13-415|Glass Bottle,9,13-415,Frosted,,Short Ribbed Black,True,True,CP13-415BlkSht,,True,In Stock,capSplit,body | cap,[]
live,Cylinder,LBCyl100LtnShnBlk,cylinder-100ml|18-415|Glass Bottle,100,18-415,Clear,Lotion Pump,Shiny Black,False,False,,compatibility_unresolved,True,In Stock,,,[]
live,Cylinder,LBCyl100LtnShnGl,cylinder-100ml|18-415|Glass Bottle,100,18-415,Clear,Lotion Pump,Shiny Gold,False,False,,compatibility_unresolved,True,In Stock,,,[]
live,Cylinder,LBCyl100LtnShnSl,cylinder-100ml|18-415|Glass Bottle,100,18-415,Clear,Lotion Pump,Shiny Silver,False,False,,compatibility_unresolved,True,In Stock,,,[]
live,Cylinder,LBCyl100LtnMtGl,cylinder-100ml|18-415|Glass Bottle,100,18-415,Clear,Lotion Pump,Matte Gold,False,False,,compatibility_unresolved,True,In Stock,,,[]
live,Cylinder,LBCyl100LtnMtSl,cylinder-100ml|18-415|Glass Bottle,100,18-415,Clear,Lotion Pump,Matte Silver,False,False,,compatibility_unresolved,True,In Stock,,,[]
live,Cylinder,LBCyl100LtnCu,cylinder-100ml|18-415|Glass Bottle,100,18-415,Clear,Lotion Pump,Copper,False,False,,compatibility_unresolved,True,In Stock,,,[]
live,Cylinder,LBCylAmb9LtnBlk,cylinder-9ml|17-415|Glass Bottle,9,17-415,Amber,Lotion Pump,Black,True,True,Ltn17-415Blk,,True,In Stock,full,body | pump | overcap | collar,[]
live,Cylinder,GBCyl50AnSpLvn,cylinder-50ml|18-415|Glass Bottle,50,18-415,Clear,Vintage Bulb Sprayer,Lavender,True,True,AnSp18-415Lvn,,True,In Stock,full,diptube | body | sprayer,[]
live,Cylinder,LBCyl9LtnBlk,cylinder-9ml|17-415|Glass Bottle,9,17-415,Clear,Lotion Pump,Clear,True,True,Ltn17-415Blk,,True,In Stock,full,body | pump | overcap | collar,[]
live,Cylinder,GBCyl50AnSpPnk,cylinder-50ml|18-415|Glass Bottle,50,18-415,Clear,Vintage Bulb Sprayer,Pink,True,True,CP18-415AnSpPnk,,True,In Stock,full,diptube | body | sprayer,[]
live,Cylinder,GBCyl50AnSpMtSl,cylinder-50ml|18-415|Glass Bottle,50,18-415,Clear,Vintage Bulb Sprayer,Matte Silver,True,True,AnSp18-415MtSl,,True,In Stock,full,diptube | body | sprayer,[]
live,Cylinder,LBCylBlu9LtnBlk,cylinder-9ml|17-415|Glass Bottle,9,17-415,Cobalt Blue,Lotion Pump,Black,True,True,Ltn17-415Blk,,True,In Stock,full,body | pump | overcap | collar,[]
live,Cylinder,GBCyl50AnSpIvySl,cylinder-50ml|18-415|Glass Bottle,50,18-415,Clear,Vintage Bulb Sprayer,Ivory Silver,True,True,AnSp18-415IvySl,,True,In Stock,full,diptube | body | sprayer,[]
live,Cylinder,LBCylFrst9LtnBlk,cylinder-9ml|17-415|Glass Bottle,9,17-415,Frosted,Lotion Pump,Black,True,True,Ltn17-415Blk,,True,In Stock,full,body | pump | overcap | collar,[]
live,Cylinder,GBCyl50AnSpGl,cylinder-50ml|18-415|Glass Bottle,50,18-415,Clear,Vintage Bulb Sprayer,Gold,True,True,AnSp18-415Gl,,True,In Stock,full,diptube | body | sprayer,[]
live,Cylinder,GBCyl50AnSpIvyGl,cylinder-50ml|18-415|Glass Bottle,50,18-415,Clear,Vintage Bulb Sprayer,Ivory Gold,True,True,AnSp18-415IvyGl,,True,In Stock,full,diptube | body | sprayer,[]
live,Cylinder,GBCyl50AnSpWht,cylinder-50ml|18-415|Glass Bottle,50,18-415,Clear,Vintage Bulb Sprayer,White,True,True,AnSp18-415Wht,,True,In Stock,full,diptube | body | sprayer,[]
live,Cylinder,GBCyl50AnSpRed,cylinder-50ml|18-415|Glass Bottle,50,18-415,Clear,Vintage Bulb Sprayer,Red,True,True,AnSp18-415Red,,True,In Stock,full,diptube | body | sprayer,[]
live,Cylinder,GBCyl50AnSpTslLvn,cylinder-50ml|18-415|Glass Bottle,50,18-415,Clear,Vintage Bulb Sprayer with Tassel,Lavender,True,True,AnSpTsl18-415Lvn,,True,In Stock,full,diptube | body | sprayer,[]
live,Cylinder,LBcyl25LtnClOvrCap,cylinder-25ml|18-415|Glass Bottle,25,18-415,Clear,Lotion Pump,Clear,False,False,,compatibility_unresolved,True,In Stock,,,[]
live,Cylinder,GBCyl50AnSpTslIvyGl,cylinder-50ml|18-415|Glass Bottle,50,18-415,Clear,Vintage Bulb Sprayer with Tassel,Ivory Gold,True,True,AnSpTsl18-415IvyGl,,True,In Stock,full,diptube | body | sprayer,[]
live,Cylinder,GBCyl50AnSpTslIvySl,cylinder-50ml|18-415|Glass Bottle,50,18-415,Clear,Vintage Bulb Sprayer with Tassel,Ivory Silver,True,True,AnSpTsl18-415IvySl,,True,In Stock,full,diptube | body | sprayer,[]
live,Cylinder,GBCyl50AnSpTslWht,cylinder-50ml|18-415|Glass Bottle,50,18-415,Clear,Vintage Bulb Sprayer with Tassel,White,True,True,AnSpTsl18-415Wht,,True,In Stock,full,diptube | body | sprayer,[]
live,Cylinder,GBCyl50AnSpTslPnk,cylinder-50ml|18-415|Glass Bottle,50,18-415,Clear,Vintage Bulb Sprayer with Tassel,Pink,True,True,AnSpTsl18-415Pnk,,True,In Stock,full,diptube | body | sprayer,[]
live,Cylinder,GBCyl50AnSpTslRed,cylinder-50ml|18-415|Glass Bottle,50,18-415,Clear,Vintage Bulb Sprayer with Tassel,Red,True,True,AnSpTsl18-415Red,,True,In Stock,full,diptube | body | sprayer,[]
live,Cylinder,GBCyl50AnSpTslMtSl,cylinder-50ml|18-415|Glass Bottle,50,18-415,Clear,Vintage Bulb Sprayer with Tassel,Matte Silver,True,True,AnSpTsl18-415MtS,,True,In Stock,full,diptube | body | sprayer,[]
live,Cylinder,GBCyl50AnSpTslGl,cylinder-50ml|18-415|Glass Bottle,50,18-415,Clear,Vintage Bulb Sprayer with Tassel,Gold,True,True,CP18-415AnSpTslGl,,True,In Stock,full,diptube | body | sprayer,[]
live,Cylinder,LBCyl50LtnClOvrCap,cylinder-50ml|18-415|Glass Bottle,50,18-415,Clear,Lotion Pump,Clear Overcap,False,False,,compatibility_unresolved,True,In Stock,,,[]
live,Cylinder,GBCylSwrl9SpryBlk,cylinder-9ml|17-415|Glass Bottle,9,17-415,Swirl,Fine Mist Sprayer,Black,True,True,Spry17-415Blk,,True,In Stock,full,body | sprayer | overcap | collar,[]
live,Cylinder,LBCylSwrl9LtnBlk,cylinder-9ml|17-415|Glass Bottle,9,17-415,Swirl,Lotion Pump,Black,True,True,Ltn17-415Blk,,True,In Stock,full,body | pump | overcap | collar,[]
live,Cylinder,PbClear8ozFlpWh,cylinder-227ml|null|Plastic Bottle,227,,Clear,N/A,White,False,False,,compatibility_unresolved,True,In Stock,,,[]
live,Cylinder,PbClear4ozFlpWh,cylinder-114ml|null|Plastic Bottle,114,,Clear,N/A,White,False,False,,compatibility_unresolved,True,In Stock,,,[]
live,Cylinder,GBCylBlu5BlkShSht,cylinder-5ml|13-415|Glass Bottle,5,13-415,Cobalt Blue,Cap/Closure,Short Shiny Black,False,False,,compatibility_unresolved,True,In Stock,,,[]
live,Cylinder,PbNat16ozFlpWh,cylinder-454ml|null|Plastic Bottle,454,,Clear,N/A,White,False,False,,compatibility_unresolved,True,In Stock,,,[]
live,Cylinder,GBcyl25SpryShnBlk,cylinder-25ml|18-415|Glass Bottle,25,18-415,Clear,Fine Mist Sprayer,Shiny Black,False,False,,compatibility_unresolved,True,Available to order,,,[]
live,Cylinder,GBCyl5WhtSht,cylinder-5ml|13-415|Glass Bottle,5,13-415,Clear,Cap/Closure,Short Ribbed White,True,True,CP13-415WhtSht,,True,In Stock,capSplit,body | cap,[]
live,Cylinder,GBCylSwrl9MtlRollWht,cylinder-9ml|17-415|Glass Bottle,9,17-415,Swirl,Plastic Roller Ball,White,True,True,CpRoll17-415White,,True,In Stock,full,body | roller | cap,[]
live,Cylinder,GBCylSwrl9RollWht,cylinder-9ml|17-415|Glass Bottle,9,17-415,Swirl,Plastic Roller Ball,White,False,True,CpRoll17-415White,media_unavailable,True,In Stock,,,[]
live,Cylinder,GBTallCyl9WhtSht,cylinder-9ml|13-415|Glass Bottle,9,13-415,Clear,,Short Ribbed White,True,True,CP13-415WhtSht,,True,In Stock,capSplit,body | cap,[]
live,Cylinder,GBCylBlu5CuSht,cylinder-5ml|13-415|Glass Bottle,5,13-415,Cobalt Blue,Cap/Closure,Short Matte Copper,False,False,,compatibility_unresolved,True,In Stock,,,[]
live,Cylinder,GBCylBlu5GlMattSht,cylinder-5ml|13-415|Glass Bottle,5,13-415,Cobalt Blue,Cap/Closure,Short Matte Gold,False,False,,compatibility_unresolved,True,In Stock,,,[]
live,Cylinder,GBCylBlu5SlMattSht,cylinder-5ml|13-415|Glass Bottle,5,13-415,Cobalt Blue,Cap/Closure,Short Matte Silver,False,False,,compatibility_unresolved,True,In Stock,,,[]
live,Cylinder,GBCylBlu5GlSht,cylinder-5ml|13-415|Glass Bottle,5,13-415,Cobalt Blue,Cap/Closure,Short Shiny Gold,False,False,,compatibility_unresolved,True,In Stock,,,[]
live,Cylinder,GBCylBlu5SlSht,cylinder-5ml|13-415|Glass Bottle,5,13-415,Cobalt Blue,Cap/Closure,Short Shiny Silver,False,False,,compatibility_unresolved,True,In Stock,,,[]
live,Cylinder,GBCyl5CuSht,cylinder-5ml|13-415|Glass Bottle,5,13-415,Clear,Cap/Closure,Short Matte Copper,False,False,,compatibility_unresolved,True,In Stock,,,[]
live,Cylinder,GBCyl5GlMattSht,cylinder-5ml|13-415|Glass Bottle,5,13-415,Clear,Cap/Closure,Short Matte Gold,False,False,,compatibility_unresolved,True,In Stock,,,[]
live,Cylinder,GBCyl5SlMattSht,cylinder-5ml|13-415|Glass Bottle,5,13-415,Clear,Cap/Closure,Short Matte Silver,False,False,,compatibility_unresolved,True,In Stock,,,[]
live,Cylinder,GBCyl5BlkShSht,cylinder-5ml|13-415|Glass Bottle,5,13-415,Clear,Cap/Closure,Short Shiny Black,False,False,,compatibility_unresolved,True,In Stock,,,[]
live,Cylinder,GBCyl5GlSht,cylinder-5ml|13-415|Glass Bottle,5,13-415,Clear,Cap/Closure,Short Shiny Gold,False,False,,compatibility_unresolved,True,In Stock,,,[]
live,Cylinder,GBCyl5SlSht,cylinder-5ml|13-415|Glass Bottle,5,13-415,Clear,Cap/Closure,Short Shiny Silver,False,False,,compatibility_unresolved,True,In Stock,,,[]
live,Cylinder,GBTallCylFrst9CuSht,cylinder-9ml|13-415|Glass Bottle,9,13-415,Frosted,,Matte Copper,False,False,,compatibility_unresolved,True,In Stock,,,[]
live,Cylinder,GBTallCylFrst9GlMattSht,cylinder-9ml|13-415|Glass Bottle,9,13-415,Frosted,,Matte Gold,False,False,,compatibility_unresolved,True,In Stock,,,[]
live,Cylinder,GBTallCylFrst9SlMattSht,cylinder-9ml|13-415|Glass Bottle,9,13-415,Frosted,,Matte Silver,False,False,,compatibility_unresolved,True,In Stock,,,[]
live,Cylinder,GBTallCylFrst9BlkShSht,cylinder-9ml|13-415|Glass Bottle,9,13-415,Frosted,,Shiny Black,False,False,,compatibility_unresolved,True,In Stock,,,[]
live,Cylinder,GBTallCylFrst9GlSht,cylinder-9ml|13-415|Glass Bottle,9,13-415,Frosted,,Shiny Gold,False,False,,compatibility_unresolved,True,In Stock,,,[]
live,Cylinder,GBTallCylFrst9SlSht,cylinder-9ml|13-415|Glass Bottle,9,13-415,Frosted,,Shiny Silver,False,False,,compatibility_unresolved,True,In Stock,,,[]
live,Cylinder,GBTallCyl9CuSht,cylinder-9ml|13-415|Glass Bottle,9,13-415,Clear,,Matte Copper,False,False,,compatibility_unresolved,True,In Stock,,,[]
live,Cylinder,GBTallCyl9SlMattSht,cylinder-9ml|13-415|Glass Bottle,9,13-415,Clear,,Matte Silver,False,False,,compatibility_unresolved,True,In Stock,,,[]
live,Cylinder,GBTallCyl9BlkShSht,cylinder-9ml|13-415|Glass Bottle,9,13-415,Clear,,Shiny Black,False,False,,compatibility_unresolved,True,In Stock,,,[]
live,Cylinder,GBTallCyl9GlSht,cylinder-9ml|13-415|Glass Bottle,9,13-415,Clear,,Shiny Gold,False,False,,compatibility_unresolved,True,In Stock,,,[]
live,Cylinder,GBTallCyl9SlSht,cylinder-9ml|13-415|Glass Bottle,9,13-415,Clear,,Shiny Silver,False,False,,compatibility_unresolved,True,In Stock,,,[]
live,Cylinder,GBTallCyl9GlMattSht,cylinder-9ml|13-415|Glass Bottle,9,13-415,Clear,,Matte Gold,False,False,,compatibility_unresolved,True,In Stock,,,[]
live,Cylinder,GBCyl25AnSpBlk,cylinder-25ml|18-415|Glass Bottle,25,18-415,Clear,Vintage Bulb Sprayer,Black / Shiny Silver Collar,False,False,,compatibility_unresolved,True,Available to order,,,[]
live,Cylinder,GBCyl25AnSpGl,cylinder-25ml|18-415|Glass Bottle,25,18-415,Clear,Vintage Bulb Sprayer,Gold / Shiny Gold Collar,False,False,,compatibility_unresolved,True,Available to order,,,[]
live,Cylinder,GBCyl25AnSpTslIvySl,cylinder-25ml|18-415|Glass Bottle,25,18-415,Clear,Vintage Bulb Sprayer with Tassel,Ivory / Shiny Silver Collar,False,False,,compatibility_unresolved,True,Available to order,,,[]
live,Cylinder,GBCyl25AnSpTslMtSl,cylinder-25ml|18-415|Glass Bottle,25,18-415,Clear,Vintage Bulb Sprayer with Tassel,Matte Silver / Matte Silver Collar,False,False,,compatibility_unresolved,True,Available to order,,,[]
live,Cylinder,GBCyl25AnSpTslRed,cylinder-25ml|18-415|Glass Bottle,25,18-415,Clear,Vintage Bulb Sprayer with Tassel,Red / Shiny Silver Collar,False,False,,compatibility_unresolved,True,Available to order,,,[]
live,Cylinder,GBCyl25AnSpTslWht,cylinder-25ml|18-415|Glass Bottle,25,18-415,Clear,Vintage Bulb Sprayer with Tassel,White / Shiny Silver Collar,False,False,,compatibility_unresolved,True,Available to order,,,[]
live,Cylinder,GBCyl25DrpCu,cylinder-25ml|18-415|Glass Bottle,25,18-415,Clear,Dropper,Matte Copper,False,False,,compatibility_unresolved,True,Available to order,,,[]
live,Cylinder,GBCyl25DrpGl,cylinder-25ml|18-415|Glass Bottle,25,18-415,Clear,Dropper,Shiny Gold,False,False,,compatibility_unresolved,True,Available to order,,,[]
live,Cylinder,GBCyl25DrpSl,cylinder-25ml|18-415|Glass Bottle,25,18-415,Clear,Dropper,Shiny Silver,False,False,,compatibility_unresolved,True,Available to order,,,[]
live,Cylinder,GBCyl25RdcrIvyLthr,cylinder-25ml|18-415|Glass Bottle,25,18-415,Clear,Reducer,Ivory Faux Leather,False,False,,compatibility_unresolved,True,Available to order,,,[]
live,Cylinder,GBCyl25RdcrShnGl,cylinder-25ml|18-415|Glass Bottle,25,18-415,Clear,Reducer,Shiny Gold,False,False,,compatibility_unresolved,True,Available to order,,,[]
live,Cylinder,GBcyl25AnSpIvyGl,cylinder-25ml|18-415|Glass Bottle,25,18-415,Clear,Vintage Bulb Sprayer,Ivory / Shiny Gold Collar,False,False,,compatibility_unresolved,True,Available to order,,,[]
live,Cylinder,GBcyl25AnSpIvySl,cylinder-25ml|18-415|Glass Bottle,25,18-415,Clear,Vintage Bulb Sprayer,Ivory / Shiny Silver Collar,False,False,,compatibility_unresolved,True,Available to order,,,[]
live,Cylinder,GBcyl25AnSpLvn,cylinder-25ml|18-415|Glass Bottle,25,18-415,Clear,Vintage Bulb Sprayer,Lavender / Shiny Silver Collar,False,False,,compatibility_unresolved,True,Available to order,,,[]
live,Cylinder,GBcyl25AnSpMtSl,cylinder-25ml|18-415|Glass Bottle,25,18-415,Clear,Vintage Bulb Sprayer,Matte Silver / Matte Silver Collar,False,False,,compatibility_unresolved,True,Available to order,,,[]
live,Cylinder,GBcyl25AnSpPnk,cylinder-25ml|18-415|Glass Bottle,25,18-415,Clear,Vintage Bulb Sprayer,Pink / Shiny Gold Collar,False,False,,compatibility_unresolved,True,Available to order,,,[]
live,Cylinder,GBcyl25AnSpRed,cylinder-25ml|18-415|Glass Bottle,25,18-415,Clear,Vintage Bulb Sprayer,Red / Shiny Silver Collar,False,False,,compatibility_unresolved,True,Available to order,,,[]
live,Cylinder,GBcyl25AnSpTslBlk,cylinder-25ml|18-415|Glass Bottle,25,18-415,Clear,Vintage Bulb Sprayer with Tassel,Black / Shiny Silver Collar,False,False,,compatibility_unresolved,True,Available to order,,,[]
live,Cylinder,GBcyl25AnSpTslGl,cylinder-25ml|18-415|Glass Bottle,25,18-415,Clear,Vintage Bulb Sprayer with Tassel,Gold / Shiny Gold Collar,False,False,,compatibility_unresolved,True,Available to order,,,[]
live,Cylinder,GBcyl25AnSpTslIvyGl,cylinder-25ml|18-415|Glass Bottle,25,18-415,Clear,Vintage Bulb Sprayer with Tassel,Ivory / Shiny Gold Collar,False,False,,compatibility_unresolved,True,Available to order,,,[]
live,Cylinder,GBcyl25AnSpTslLvn,cylinder-25ml|18-415|Glass Bottle,25,18-415,Clear,Vintage Bulb Sprayer with Tassel,Lavender / Shiny Silver Collar,False,False,,compatibility_unresolved,True,Available to order,,,[]
live,Cylinder,GBcyl25AnSpTslPnk,cylinder-25ml|18-415|Glass Bottle,25,18-415,Clear,Vintage Bulb Sprayer with Tassel,Pink / Shiny Gold Collar,False,False,,compatibility_unresolved,True,Available to order,,,[]
live,Cylinder,GBcyl25AnSpWht,cylinder-25ml|18-415|Glass Bottle,25,18-415,Clear,Vintage Bulb Sprayer,White / Shiny Silver Collar,False,False,,compatibility_unresolved,True,Available to order,,,[]
live,Cylinder,GBcyl25RdcrBlkLthr,cylinder-25ml|18-415|Glass Bottle,25,18-415,Clear,Reducer,Black Faux Leather,False,False,,compatibility_unresolved,True,Available to order,,,[]
live,Cylinder,GBcyl25RdcrBrwnLthr,cylinder-25ml|18-415|Glass Bottle,25,18-415,Clear,Reducer,Brown Faux Leather,False,False,,compatibility_unresolved,True,Available to order,,,[]
live,Cylinder,GBcyl25RdcrLBrwnLthr,cylinder-25ml|18-415|Glass Bottle,25,18-415,Clear,Reducer,Light Brown Faux Leather,False,False,,compatibility_unresolved,True,Available to order,,,[]
live,Cylinder,GBcyl25RdcrMtSl,cylinder-25ml|18-415|Glass Bottle,25,18-415,Clear,Reducer,Matte Silver,False,False,,compatibility_unresolved,True,Available to order,,,[]
live,Cylinder,GBcyl25RdcrMtSlTall,cylinder-25ml|18-415|Glass Bottle,25,18-415,Clear,Reducer,Tall Matte Silver,False,False,,compatibility_unresolved,True,Available to order,,,[]
live,Cylinder,GBcyl25RdcrPnkLthr,cylinder-25ml|18-415|Glass Bottle,25,18-415,Clear,Reducer,Pink Faux Leather,False,False,,compatibility_unresolved,True,Available to order,,,[]
live,Cylinder,GBcyl25RdcrShnBlk,cylinder-25ml|18-415|Glass Bottle,25,18-415,Clear,Reducer,Shiny Black,False,False,,compatibility_unresolved,True,Available to order,,,[]
live,Cylinder,GBcyl25RdcrShnBlkTall,cylinder-25ml|18-415|Glass Bottle,25,18-415,Clear,Reducer,Tall Shiny Black,False,False,,compatibility_unresolved,True,Available to order,,,[]
live,Cylinder,GBcyl25RdcrShnSl,cylinder-25ml|18-415|Glass Bottle,25,18-415,Clear,Reducer,Shiny Silver,False,False,,compatibility_unresolved,True,Available to order,,,[]
live,Cylinder,GBcyl25RdcrWht,cylinder-25ml|18-415|Glass Bottle,25,18-415,Clear,Reducer,White,False,False,,compatibility_unresolved,True,Available to order,,,[]
live,Cylinder,GBcyl25SpryCu,cylinder-25ml|18-415|Glass Bottle,25,18-415,Clear,Fine Mist Sprayer,Matte Copper,False,False,,compatibility_unresolved,True,Available to order,,,[]
live,Cylinder,GBcyl25SpryMtGl,cylinder-25ml|18-415|Glass Bottle,25,18-415,Clear,Fine Mist Sprayer,Matte Gold,False,False,,compatibility_unresolved,True,Available to order,,,[]
live,Cylinder,GBcyl25SpryShnGl,cylinder-25ml|18-415|Glass Bottle,25,18-415,Clear,Fine Mist Sprayer,Shiny Gold,False,False,,compatibility_unresolved,True,Available to order,,,[]
live,Cylinder,GBcyl25SpryShnSl,cylinder-25ml|18-415|Glass Bottle,25,18-415,Clear,Fine Mist Sprayer,Shiny Silver,False,False,,compatibility_unresolved,True,Available to order,,,[]
live,Circle,LBCrcl100LtnClOvrCap,circle-100ml|18-415|Glass Bottle,100,18-415,Clear,Lotion Pump,Clear Overcap,False,False,,compatibility_unresolved,True,In Stock,,,[]
live,Circle,LBCrclFrst100LtnClOvrCap,circle-100ml|18-415|Glass Bottle,100,18-415,Frosted,Lotion Pump,Clear Overcap,False,False,,compatibility_unresolved,True,In Stock,,,[]
live,Circle,GBCrcl15RollBlkSh,circle-15ml|13-415|Glass Bottle,15,13-415,Clear,Plastic Roller Ball,Shiny Black,True,True,CPRoll13-415BlkSh,,True,In Stock,,,[]
live,Circle,GBCrcl15RollCuMatt,circle-15ml|13-415|Glass Bottle,15,13-415,Clear,Plastic Roller Ball,Matte Copper,True,True,CPRoll13-415Cu,,True,In Stock,,,[]
live,Circle,GBCrcl100RdcrPnkLthr,circle-100ml|18-415|Glass Bottle,100,18-415,Clear,Reducer,Pink,False,False,CP18-415LPnkLthr,catalog_unavailable,False,In Stock,,,[]
live,Circle,GBCrcl15RollGlMatt,circle-15ml|13-415|Glass Bottle,15,13-415,Clear,Plastic Roller Ball,Matte Gold,True,True,CPRoll13-415GlMt,,True,In Stock,,,[]
live,Circle,GBCrcl100RdcrShnGl,circle-100ml|18-415|Glass Bottle,100,18-415,Clear,Reducer,Shiny Gold,False,False,CP18-415ShnGl,catalog_unavailable,False,In Stock,,,[]
live,Circle,GBCrcl15RollGlSh,circle-15ml|13-415|Glass Bottle,15,13-415,Clear,Plastic Roller Ball,Shiny Gold,True,True,CPRoll13-415GlSh,,True,In Stock,,,[]
live,Circle,GBCrcl100RdcrShnBlkTall,circle-100ml|18-415|Glass Bottle,100,18-415,Clear,Reducer,Shiny Black,False,False,CP18-415ShnBlkTall,catalog_unavailable,False,In Stock,,,[]
live,Circle,GBCrcl15RollPinkDot,circle-15ml|13-415|Glass Bottle,15,13-415,Clear,Plastic Roller Ball,Pink Dotted,True,True,CPRoll13-415PinkDot,,True,In Stock,,,[]
live,Circle,GBCrcl100RdcrShnBlk,circle-100ml|18-415|Glass Bottle,100,18-415,Clear,Reducer,Shiny Black,False,False,,compatibility_unresolved,False,In Stock,,,[]
live,Circle,GBCrcl15RollSlDot,circle-15ml|13-415|Glass Bottle,15,13-415,Clear,Plastic Roller Ball,Silver Dotted,True,True,CPRoll13-415SlDot,,True,In Stock,,,[]
live,Circle,GBCrcl100RdcrBrwnLthr,circle-100ml|18-415|Glass Bottle,100,18-415,Clear,Reducer,Clear,False,False,CP18-415BrwnLthr,catalog_unavailable,False,In Stock,,,[]
live,Circle,GBCrcl15RollSlMatt,circle-15ml|13-415|Glass Bottle,15,13-415,Clear,Plastic Roller Ball,Matte Silver,True,True,CPRoll13-415SlMt,,True,In Stock,,,[]
live,Circle,GBCrcl15RollSlSh,circle-15ml|13-415|Glass Bottle,15,13-415,Clear,Plastic Roller Ball,Shiny Silver,True,True,CPRoll13-415SlSh,,True,In Stock,,,[]
live,Circle,GBCrcl100RdcrLBrwnLthr,circle-100ml|18-415|Glass Bottle,100,18-415,Clear,Reducer,Clear,False,False,CP18-415LBrwnLthr,catalog_unavailable,False,In Stock,,,[]
live,Circle,GBCrcl100RdcrShnSl,circle-100ml|18-415|Glass Bottle,100,18-415,Clear,Reducer,Shiny Silver,False,False,CP18-415ShnSl,catalog_unavailable,False,In Stock,,,[]
live,Circle,GBCrcl100RdcrMtSlTall,circle-100ml|18-415|Glass Bottle,100,18-415,Clear,Reducer,Matte Silver,False,False,CP18-415MtSlTall,catalog_unavailable,False,In Stock,,,[]
live,Circle,GBCrcl100RdcrMtSl,circle-100ml|18-415|Glass Bottle,100,18-415,Clear,Reducer,Matte Silver,False,False,CP18-415MtSl,catalog_unavailable,False,In Stock,,,[]
live,Circle,GBCrcl100RdcrWht,circle-100ml|18-415|Glass Bottle,100,18-415,Clear,Reducer,White,False,False,CP18-415Wh,catalog_unavailable,False,In Stock,,,[]
live,Circle,GBCrcl100RdcrIvyLthr,circle-100ml|18-415|Glass Bottle,100,18-415,Clear,Reducer,Ivory,False,False,CP18-415LIvyLthr,catalog_unavailable,False,In Stock,,,[]
live,Circle,GBCrclFrst100RdcrShnSl,circle-100ml|18-415|Glass Bottle,100,18-415,Frosted,Reducer,Shiny Silver,True,True,CP18-415ShnSl,,True,In Stock,,,[]
live,Circle,GBCrclFrst100RdcrShnGl,circle-100ml|18-415|Glass Bottle,100,18-415,Frosted,Reducer,Shiny Gold,True,True,CP18-415ShnGl,,True,In Stock,,,[]
live,Circle,GBCrclFrst100RdcrIvyLthr,circle-100ml|18-415|Glass Bottle,100,18-415,Frosted,Reducer,Ivory,True,True,CP18-415LIvyLthr,,True,In Stock,,,[]
live,Circle,GBCrclFrst100RdcrPnkLthr,circle-100ml|18-415|Glass Bottle,100,18-415,Frosted,Reducer,Pink,True,True,CP18-415LPnkLthr,,True,In Stock,,,[]
live,Circle,GBCrclFrst100RdcrShnBlkTall,circle-100ml|18-415|Glass Bottle,100,18-415,Frosted,Reducer,Shiny Black,True,True,CP18-415ShnBlkTall,,True,In Stock,,,[]
live,Circle,GBCrclFrst100RdcrShnBlk,circle-100ml|18-415|Glass Bottle,100,18-415,Frosted,Reducer,Shiny Black,False,False,,compatibility_unresolved,True,In Stock,,,[]
live,Circle,GBCrclFrst100RdcrBrwnLthr,circle-100ml|18-415|Glass Bottle,100,18-415,Frosted,Reducer,Frosted,True,True,CP18-415BrwnLthr,,True,In Stock,,,[]
live,Circle,GBCrclFrst100RdcrLBrwnLthr,circle-100ml|18-415|Glass Bottle,100,18-415,Frosted,Reducer,Light Brown Leather,True,True,CP18-415LBrwnLthr,,True,In Stock,,,[]
live,Circle,GBCrclFrst100RdcrMtSlTall,circle-100ml|18-415|Glass Bottle,100,18-415,Frosted,Reducer,Matte Silver,False,True,CP18-415MtSlTall,ambiguous_configuration,True,In Stock,,,[]
live,Circle,GBCrclFrst100RdcrMtSl,circle-100ml|18-415|Glass Bottle,100,18-415,Frosted,Reducer,Matte Silver,False,True,CP18-415MtSl,ambiguous_configuration,True,In Stock,,,[]
live,Circle,GBCrclFrst100RdcrWht,circle-100ml|18-415|Glass Bottle,100,18-415,Frosted,Reducer,White,True,True,CP18-415Wh,,True,In Stock,,,[]
live,Circle,GBCrcl50SpryMtSl,circle-50ml|18-415|Glass Bottle,50,18-415,Clear,Perfume Spray Pump,Matte Silver,False,False,,compatibility_unresolved,True,In Stock,,,[]
live,Circle,GBCrcl50SpryMtGl,circle-50ml|18-415|Glass Bottle,50,18-415,Clear,Perfume Spray Pump,Matte Gold,False,False,,compatibility_unresolved,True,In Stock,,,[]
live,Circle,GBCrcl50SpryShnGl,circle-50ml|18-415|Glass Bottle,50,18-415,Clear,Perfume Spray Pump,Shiny Gold,False,False,,compatibility_unresolved,True,In Stock,,,[]
live,Circle,GBCrcl50SpryShnBlk,circle-50ml|18-415|Glass Bottle,50,18-415,Clear,Perfume Spray Pump,Shiny Black,False,False,,compatibility_unresolved,True,In Stock,,,[]
live,Circle,GBCrcl50SpryShnSl,circle-50ml|18-415|Glass Bottle,50,18-415,Clear,Perfume Spray Pump,Shiny Silver,False,False,,compatibility_unresolved,True,In Stock,,,[]
live,Circle,GBCrclFrst50SpryMtGl,circle-50ml|18-415|Glass Bottle,50,18-415,Frosted,Perfume Spray Pump,Matte Gold,False,False,,compatibility_unresolved,True,In Stock,,,[]
live,Circle,GBCrclFrst50SpryShnGl,circle-50ml|18-415|Glass Bottle,50,18-415,Frosted,Perfume Spray Pump,Shiny Gold,False,False,,compatibility_unresolved,True,In Stock,,,[]
live,Circle,GBCrclFrst50SpryShnBlk,circle-50ml|18-415|Glass Bottle,50,18-415,Frosted,Perfume Spray Pump,Shiny Black,False,False,,compatibility_unresolved,True,In Stock,,,[]
live,Circle,GBCrclFrst50SpryMtSl,circle-50ml|18-415|Glass Bottle,50,18-415,Frosted,Perfume Spray Pump,Matte Silver,False,False,,compatibility_unresolved,True,In Stock,,,[]
live,Circle,GBCrcl15SpryBlkMatt,circle-15ml|13-415|Glass Bottle,15,13-415,Clear,Fine Mist Sprayer,Matte Black,False,False,,compatibility_unresolved,True,In Stock,,,[]
live,Circle,GBCrclFrst50SpryShnSl,circle-50ml|18-415|Glass Bottle,50,18-415,Frosted,Perfume Spray Pump,Shiny Silver,False,False,,compatibility_unresolved,True,In Stock,,,[]
live,Circle,GBCrcl30SpryBlk,circle-30ml|15-415|Glass Bottle,30,15-415,Clear,Perfume Spray Pump,Black,True,True,Spry15-415Blk,,True,In Stock,,,[]
live,Circle,GBCrcl50SpryCu,circle-50ml|18-415|Glass Bottle,50,18-415,Clear,Perfume Spray Pump,Copper,False,False,,compatibility_unresolved,True,In Stock,,,[]
live,Circle,GBCrcl50DrpSl,circle-50ml|18-415|Glass Bottle,50,18-415,Clear,Dropper,Silver,True,True,Drp18-415Sl,,True,In Stock,,,[]
live,Circle,GBCrclFrst50SpryCu,circle-50ml|18-415|Glass Bottle,50,18-415,Frosted,Perfume Spray Pump,Copper,False,False,,compatibility_unresolved,True,In Stock,,,[]
live,Circle,GBCrcl50DrpGl,circle-50ml|18-415|Glass Bottle,50,18-415,Clear,Dropper,Gold,True,True,Drp18-415Gl,,True,In Stock,,,[]
live,Circle,GBCrclFrst50DrpSl,circle-50ml|18-415|Glass Bottle,50,18-415,Frosted,Dropper,Silver,False,False,,compatibility_unresolved,True,In Stock,,,[]
live,Circle,GBCrcl15Gl,circle-15ml|13-415|Glass Bottle,15,13-415,Clear,,Gold,True,True,CP13-415Gl,,True,In Stock,,,[]
live,Circle,GBCrclFrst50DrpGl,circle-50ml|18-415|Glass Bottle,50,18-415,Frosted,Dropper,Shiny Gold,False,False,,compatibility_unresolved,True,In Stock,,,[]
live,Circle,GBCrcl15Sl,circle-15ml|13-415|Glass Bottle,15,13-415,Clear,,Silver,True,True,CP13-415Sl,,True,In Stock,,,[]
live,Circle,GBCrcl15WhtSht,circle-15ml|13-415|Glass Bottle,15,13-415,Clear,,White,True,True,CP13-415WhtSht,,True,In Stock,,,[]
live,Circle,GBCrcl15BlkSht,circle-15ml|13-415|Glass Bottle,15,13-415,Clear,,Black,True,True,CP13-415BlkSht,,True,In Stock,,,[]
live,Circle,GBCrcl100SpryCu,circle-100ml|18-415|Glass Bottle,100,18-415,Clear,Perfume Spray Pump,Copper,False,False,,compatibility_unresolved,True,In Stock,,,[]
live,Circle,GBCrclFrst100SpryCu,circle-100ml|18-415|Glass Bottle,100,18-415,Frosted,Perfume Spray Pump,Copper,False,False,,compatibility_unresolved,True,In Stock,,,[]
live,Circle,GBCrcl30GlCap,circle-30ml|15-415|Glass Bottle,30,15-415,Clear,,Gold,False,False,,compatibility_unresolved,True,In Stock,,,[]
live,Circle,GBCrcl30SlCap,circle-30ml|15-415|Glass Bottle,30,15-415,Clear,,Silver,False,False,,compatibility_unresolved,True,In Stock,,,[]
live,Circle,GBCrcl100SpryMtGl,circle-100ml|18-415|Glass Bottle,100,18-415,Clear,Perfume Spray Pump,Matte Gold,False,False,,compatibility_unresolved,True,In Stock,,,[]
live,Circle,GBCrcl50RdcrBlkLthr,circle-50ml|18-415|Glass Bottle,50,18-415,Clear,Reducer,Black Leather,False,False,CP18-415BlkLthr,catalog_unavailable,False,In Stock,,,[]
live,Circle,GBCrcl100SpryShnGl,circle-100ml|18-415|Glass Bottle,100,18-415,Clear,Perfume Spray Pump,Shiny Gold,False,False,,compatibility_unresolved,True,In Stock,,,[]
live,Circle,GBCrclFrst50RdcrBlkLthr,circle-50ml|18-415|Glass Bottle,50,18-415,Frosted,Reducer,Black,False,False,CP18-415BlkLthr,catalog_unavailable,False,In Stock,,,[]
live,Circle,GBCrcl100SpryShnBlk,circle-100ml|18-415|Glass Bottle,100,18-415,Clear,Perfume Spray Pump,Shiny Black,False,False,,compatibility_unresolved,True,In Stock,,,[]
live,Circle,GBCrcl100SpryMtSl,circle-100ml|18-415|Glass Bottle,100,18-415,Clear,Perfume Spray Pump,Matte Silver,False,False,,compatibility_unresolved,True,In Stock,,,[]
live,Circle,GBCrcl100SpryShnSl,circle-100ml|18-415|Glass Bottle,100,18-415,Clear,Perfume Spray Pump,Shiny Silver,False,False,,compatibility_unresolved,True,In Stock,,,[]
live,Circle,GBCrclFrst100SpryMtGl,circle-100ml|18-415|Glass Bottle,100,18-415,Frosted,Perfume Spray Pump,Matte Gold,False,False,,compatibility_unresolved,True,In Stock,,,[]
live,Circle,GBCrclFrst100SpryShnGl,circle-100ml|18-415|Glass Bottle,100,18-415,Frosted,Perfume Spray Pump,Shiny Gold,False,False,,compatibility_unresolved,True,In Stock,,,[]
live,Circle,GBCrclFrst100SpryShnBlk,circle-100ml|18-415|Glass Bottle,100,18-415,Frosted,Perfume Spray Pump,Shiny Black,False,False,,compatibility_unresolved,True,In Stock,,,[]
live,Circle,GBCrclFrst100SpryMtSl,circle-100ml|18-415|Glass Bottle,100,18-415,Frosted,Perfume Spray Pump,Matte Silver,False,False,,compatibility_unresolved,True,In Stock,,,[]
live,Circle,GBCrclFrst100SpryShnSl,circle-100ml|18-415|Glass Bottle,100,18-415,Frosted,Perfume Spray Pump,Shiny Silver,False,False,,compatibility_unresolved,True,In Stock,,,[]
live,Circle,GBCrcl50AnSpBlk,circle-50ml|18-415|Glass Bottle,50,18-415,Clear,Vintage Bulb Sprayer,Black,True,True,AnSp18-415Blk,,True,In Stock,,,[]
live,Circle,GBCrcl100RdcrBlkLthr,circle-100ml|18-415|Glass Bottle,100,18-415,Clear,Reducer,Black Leather,False,False,CP18-415BlkLthr,catalog_unavailable,False,In Stock,,,[]
live,Circle,GBCrcl50AnSpTslBlk,circle-50ml|18-415|Glass Bottle,50,18-415,Clear,Vintage Bulb Sprayer with Tassel,Black,False,True,AnSpTsl18-415Blk,media_unavailable,True,In Stock,,,[]
live,Circle,GBCrclFrst100RdcrBlkLthr,circle-100ml|18-415|Glass Bottle,100,18-415,Frosted,Reducer,Black,True,True,CP18-415BlkLthr,,True,In Stock,,,[]
live,Circle,GBCrclFrst50AnSpBlk,circle-50ml|18-415|Glass Bottle,50,18-415,Frosted,Vintage Bulb Sprayer,Black,True,True,AnSp18-415Blk,,True,In Stock,,,[]
live,Circle,GBCrcl100AnSpBlk,circle-100ml|18-415|Glass Bottle,100,18-415,Clear,Vintage Bulb Sprayer,Black,True,True,AnSp18-415Blk,,True,In Stock,,,[]
live,Circle,GBCrcl100AnSpTslBlk,circle-100ml|18-415|Glass Bottle,100,18-415,Clear,Vintage Bulb Sprayer with Tassel,Black,False,True,AnSpTsl18-415Blk,media_unavailable,True,In Stock,,,[]
live,Circle,GBCrclFrst100AnSpBlk,circle-100ml|18-415|Glass Bottle,100,18-415,Frosted,Vintage Bulb Sprayer,Black,False,True,AnSp18-415Blk,ambiguous_configuration,True,In Stock,,,[]
live,Circle,GBCrclFrst100AnSpTslBlk,circle-100ml|18-415|Glass Bottle,100,18-415,Frosted,Vintage Bulb Sprayer,Frosted,False,True,AnSp18-415Blk,ambiguous_configuration,True,In Stock,,,[]
live,Circle,GBCrcl100AnSpGl,circle-100ml|18-415|Glass Bottle,100,18-415,Clear,Vintage Bulb Sprayer,Gold,True,True,AnSp18-415Gl,,True,In Stock,,,[]
live,Circle,GBCrcl100AnSpLvn,circle-100ml|18-415|Glass Bottle,100,18-415,Clear,Vintage Bulb Sprayer,Lavender,False,True,AnSp18-415Lvn,media_unavailable,True,In Stock,,,[]
live,Circle,GBCrcl100AnSpIvySl,circle-100ml|18-415|Glass Bottle,100,18-415,Clear,Vintage Bulb Sprayer,Ivory Silver,False,True,AnSp18-415IvySl,media_unavailable,True,In Stock,,,[]
live,Circle,GBCrcl100AnSpRed,circle-100ml|18-415|Glass Bottle,100,18-415,Clear,Vintage Bulb Sprayer,Red,False,True,AnSp18-415Red,media_unavailable,True,In Stock,,,[]
live,Circle,GBCrcl100AnSpMtSl,circle-100ml|18-415|Glass Bottle,100,18-415,Clear,Vintage Bulb Sprayer,Matte Silver,False,True,AnSp18-415MtSl,media_unavailable,True,In Stock,,,[]
live,Circle,GBCrcl100AnSpIvyGl,circle-100ml|18-415|Glass Bottle,100,18-415,Clear,Vintage Bulb Sprayer,Ivory Gold,False,True,AnSp18-415IvyGl,media_unavailable,True,In Stock,,,[]
live,Circle,GBCrcl100AnSpWht,circle-100ml|18-415|Glass Bottle,100,18-415,Clear,Vintage Bulb Sprayer,White,False,True,AnSp18-415Wht,media_unavailable,True,In Stock,,,[]
live,Circle,GBCrcl100AnSpPnk,circle-100ml|18-415|Glass Bottle,100,18-415,Clear,Vintage Bulb Sprayer,Pink,True,True,CP18-415AnSpPnk,,True,In Stock,,,[]
live,Circle,GBCrcl100AnSpTslGl,circle-100ml|18-415|Glass Bottle,100,18-415,Clear,Vintage Bulb Sprayer with Tassel,Gold,True,True,CP18-415AnSpTslGl,,True,In Stock,,,[]
live,Circle,GBCrcl100AnSpTslIvyGl,circle-100ml|18-415|Glass Bottle,100,18-415,Clear,Vintage Bulb Sprayer with Tassel,Ivory Gold,False,True,AnSpTsl18-415IvyGl,media_unavailable,True,In Stock,,,[]
live,Circle,GBCrcl100AnSpTslLvn,circle-100ml|18-415|Glass Bottle,100,18-415,Clear,Vintage Bulb Sprayer with Tassel,Lavender,False,True,AnSpTsl18-415Lvn,media_unavailable,True,In Stock,,,[]
live,Circle,GBCrcl100AnSpTslPnk,circle-100ml|18-415|Glass Bottle,100,18-415,Clear,Vintage Bulb Sprayer with Tassel,Pink,False,True,AnSpTsl18-415Pnk,media_unavailable,True,In Stock,,,[]
live,Circle,GBCrcl100AnSpTslIvySl,circle-100ml|18-415|Glass Bottle,100,18-415,Clear,Vintage Bulb Sprayer with Tassel,Ivory Silver,False,True,AnSpTsl18-415IvySl,media_unavailable,True,In Stock,,,[]
live,Circle,GBCrcl100AnSpTslRed,circle-100ml|18-415|Glass Bottle,100,18-415,Clear,Vintage Bulb Sprayer with Tassel,Red,False,True,AnSpTsl18-415Red,media_unavailable,True,In Stock,,,[]
live,Circle,GBCrcl100AnSpTslWht,circle-100ml|18-415|Glass Bottle,100,18-415,Clear,Vintage Bulb Sprayer with Tassel,White,False,True,AnSpTsl18-415Wht,media_unavailable,True,In Stock,,,[]
live,Circle,GBCrcl15RollBlkDot,circle-15ml|13-415|Glass Bottle,15,13-415,Clear,Plastic Roller Ball,Black Dotted,True,True,CPRoll13-415BlackDot,,True,In Stock,,,[]
live,Circle,GBCrcl100AnSpTslMtSl,circle-100ml|18-415|Glass Bottle,100,18-415,Clear,Vintage Bulb Sprayer with Tassel,Matte Silver,False,True,AnSpTsl18-415MtS,media_unavailable,True,In Stock,,,[]
live,Circle,GBCrclFrst100AnSpGl,circle-100ml|18-415|Glass Bottle,100,18-415,Frosted,Vintage Bulb Sprayer,Shiny Gold,True,True,AnSp18-415Gl,,True,In Stock,,,[]
live,Circle,GBCrclFrst100AnSpIvyGl,circle-100ml|18-415|Glass Bottle,100,18-415,Frosted,Vintage Bulb Sprayer,Ivory Gold,False,True,AnSp18-415IvyGl,media_unavailable,True,In Stock,,,[]
live,Circle,GBCrclFrst100AnSpLvn,circle-100ml|18-415|Glass Bottle,100,18-415,Frosted,Vintage Bulb Sprayer,Lavender,False,True,AnSp18-415Lvn,media_unavailable,True,In Stock,,,[]
live,Circle,GBCrclFrst100AnSpPnk,circle-100ml|18-415|Glass Bottle,100,18-415,Frosted,Vintage Bulb Sprayer,Pink,False,True,CP18-415AnSpPnk,ambiguous_configuration,True,In Stock,,,[]
live,Circle,GBCrclFrst100AnSpRed,circle-100ml|18-415|Glass Bottle,100,18-415,Frosted,Vintage Bulb Sprayer,Red,False,True,AnSp18-415Red,media_unavailable,True,In Stock,,,[]
live,Circle,GBCrclFrst100AnSpMtSl,circle-100ml|18-415|Glass Bottle,100,18-415,Frosted,Vintage Bulb Sprayer,Matte Silver,False,True,AnSp18-415MtSl,media_unavailable,True,In Stock,,,[]
live,Circle,GBCrclFrst100AnSpWht,circle-100ml|18-415|Glass Bottle,100,18-415,Frosted,Vintage Bulb Sprayer,White,False,True,AnSp18-415Wht,media_unavailable,True,In Stock,,,[]
live,Circle,GBCrclFrst100AnSpIvySl,circle-100ml|18-415|Glass Bottle,100,18-415,Frosted,Vintage Bulb Sprayer,Ivory Silver,False,True,AnSp18-415IvySl,media_unavailable,True,In Stock,,,[]
live,Circle,GBCrclFrst100AnSpTslIvyGl,circle-100ml|18-415|Glass Bottle,100,18-415,Frosted,Vintage Bulb Sprayer with Tassel,Ivory Gold,False,True,AnSpTsl18-415IvyGl,media_unavailable,True,In Stock,,,[]
live,Circle,GBCrclFrst100AnSpTslIvySl,circle-100ml|18-415|Glass Bottle,100,18-415,Frosted,Vintage Bulb Sprayer,Frosted,False,True,AnSp18-415IvySl,media_unavailable,True,In Stock,,,[]
live,Circle,GBCrclFrst100AnSpTslGl,circle-100ml|18-415|Glass Bottle,100,18-415,Frosted,Vintage Bulb Sprayer with Tassel,Gold,True,True,CP18-415AnSpTslGl,,True,In Stock,,,[]
live,Circle,GBCrclFrst100AnSpTslLvn,circle-100ml|18-415|Glass Bottle,100,18-415,Frosted,Vintage Bulb Sprayer,Frosted,False,True,AnSp18-415Lvn,media_unavailable,True,In Stock,,,[]
live,Circle,GBCrclFrst100AnSpTslPnk,circle-100ml|18-415|Glass Bottle,100,18-415,Frosted,Vintage Bulb Sprayer,Frosted,False,True,CP18-415AnSpPnk,ambiguous_configuration,True,In Stock,,,[]
live,Circle,GBCrclFrst100AnSpTslRed,circle-100ml|18-415|Glass Bottle,100,18-415,Frosted,Vintage Bulb Sprayer,Frosted,False,True,AnSp18-415Red,media_unavailable,True,In Stock,,,[]
live,Circle,GBCrclFrst100AnSpTslWht,circle-100ml|18-415|Glass Bottle,100,18-415,Frosted,Vintage Bulb Sprayer,Frosted,False,True,AnSp18-415Wht,media_unavailable,True,In Stock,,,[]
live,Circle,GBCrclFrst100AnSpTslMtSl,circle-100ml|18-415|Glass Bottle,100,18-415,Frosted,Vintage Bulb Sprayer with Tassel,Matte Silver,False,True,AnSpTsl18-415MtS,media_unavailable,True,In Stock,,,[]
live,Circle,LBCrcl50LtnMtGl,circle-50ml|18-415|Glass Bottle,50,18-415,Clear,Lotion Pump,Matte Gold,False,False,,compatibility_unresolved,True,In Stock,,,[]
live,Circle,GBCrcl50RdcrShnSl,circle-50ml|18-415|Glass Bottle,50,18-415,Clear,Reducer,Shiny Silver,False,False,CP18-415ShnSl,catalog_unavailable,False,In Stock,,,[]
live,Circle,LBCrcl50LtnShnGl,circle-50ml|18-415|Glass Bottle,50,18-415,Clear,Lotion Pump,Shiny Gold,False,False,,compatibility_unresolved,True,In Stock,,,[]
live,Circle,LBCrcl50LtnShnBlk,circle-50ml|18-415|Glass Bottle,50,18-415,Clear,Lotion Pump,Shiny Black,False,False,,compatibility_unresolved,True,In Stock,,,[]
live,Circle,GBCrcl50RdcrShnGl,circle-50ml|18-415|Glass Bottle,50,18-415,Clear,Reducer,Shiny Gold,False,False,CP18-415ShnGl,catalog_unavailable,False,In Stock,,,[]
live,Circle,LBCrcl50LtnMtSl,circle-50ml|18-415|Glass Bottle,50,18-415,Clear,Lotion Pump,Matte Silver,False,False,,compatibility_unresolved,True,In Stock,,,[]
live,Circle,GBCrcl50RdcrIvyLthr,circle-50ml|18-415|Glass Bottle,50,18-415,Clear,Reducer,Ivory Leather,False,False,CP18-415LIvyLthr,catalog_unavailable,False,In Stock,,,[]
live,Circle,LBCrcl50LtnShnSl,circle-50ml|18-415|Glass Bottle,50,18-415,Clear,Lotion Pump,Shiny Silver,False,False,,compatibility_unresolved,True,In Stock,,,[]
live,Circle,GBCrcl50RdcrPnkLthr,circle-50ml|18-415|Glass Bottle,50,18-415,Clear,Reducer,Pink Leather,False,False,CP18-415LPnkLthr,catalog_unavailable,False,In Stock,,,[]
live,Circle,LBCrcl50LtnCu,circle-50ml|18-415|Glass Bottle,50,18-415,Clear,Lotion Pump,Copper,False,False,,compatibility_unresolved,True,In Stock,,,[]
live,Circle,GBCrcl50RdcrShnBlkTall,circle-50ml|18-415|Glass Bottle,50,18-415,Clear,Reducer,Shiny Black,False,False,CP18-415ShnBlkTall,catalog_unavailable,False,In Stock,,,[]
live,Circle,LBCrclFrst50LtnMtGl,circle-50ml|18-415|Glass Bottle,50,18-415,Frosted,Lotion Pump,Matte Gold,False,False,,compatibility_unresolved,True,In Stock,,,[]
live,Circle,GBCrcl50RdcrShnBlk,circle-50ml|18-415|Glass Bottle,50,18-415,Clear,Reducer,Shiny Black,False,False,,compatibility_unresolved,False,In Stock,,,[]
live,Circle,LBCrclFrst50LtnShnGl,circle-50ml|18-415|Glass Bottle,50,18-415,Frosted,Lotion Pump,Shiny Gold,False,False,,compatibility_unresolved,True,In Stock,,,[]
live,Circle,GBCrcl50RdcrBrwnLthr,circle-50ml|18-415|Glass Bottle,50,18-415,Clear,Reducer,Brown Leather,False,False,CP18-415BrwnLthr,catalog_unavailable,False,In Stock,,,[]
live,Circle,LBCrclFrst50LtnShnBlk,circle-50ml|18-415|Glass Bottle,50,18-415,Frosted,Lotion Pump,Shiny Black,False,False,,compatibility_unresolved,True,In Stock,,,[]
live,Circle,GBCrcl50RdcrLBrwnLthr,circle-50ml|18-415|Glass Bottle,50,18-415,Clear,Reducer,Light Brown Leather,False,False,CP18-415LBrwnLthr,catalog_unavailable,False,In Stock,,,[]
live,Circle,LBCrclFrst50LtnMtSl,circle-50ml|18-415|Glass Bottle,50,18-415,Frosted,Lotion Pump,Matte Silver,False,False,,compatibility_unresolved,True,In Stock,,,[]
live,Circle,GBCrcl50RdcrMtSlTall,circle-50ml|18-415|Glass Bottle,50,18-415,Clear,Reducer,Matte Silver,False,False,CP18-415MtSlTall,catalog_unavailable,False,In Stock,,,[]
live,Circle,LBCrclFrst50LtnShnSl,circle-50ml|18-415|Glass Bottle,50,18-415,Frosted,Lotion Pump,Shiny Silver,False,False,,compatibility_unresolved,True,In Stock,,,[]
live,Circle,GBCrcl50RdcrWht,circle-50ml|18-415|Glass Bottle,50,18-415,Clear,Reducer,White,False,False,CP18-415Wh,catalog_unavailable,False,In Stock,,,[]
live,Circle,LBCrclFrst50LtnCu,circle-50ml|18-415|Glass Bottle,50,18-415,Frosted,Lotion Pump,Copper,False,False,,compatibility_unresolved,True,In Stock,,,[]
live,Circle,GBCrcl50RdcrMtSl,circle-50ml|18-415|Glass Bottle,50,18-415,Clear,Reducer,Matte Silver,False,False,CP18-415MtSl,catalog_unavailable,False,In Stock,,,[]
live,Circle,GBCrclFrst50RdcrShnGl,circle-50ml|18-415|Glass Bottle,50,18-415,Frosted,Reducer,Shiny Gold,False,False,CP18-415ShnGl,catalog_unavailable,False,In Stock,,,[]
live,Circle,GBCrcl15MtlRollBlkDot,circle-15ml|13-415|Glass Bottle,15,13-415,Clear,Metal Roller Ball,Black Dotted,True,True,CPRoll13-415BlackDot,,True,In Stock,,,[]
live,Circle,GBCrclFrst50RdcrShnBlkTall,circle-50ml|18-415|Glass Bottle,50,18-415,Frosted,Reducer,Shiny Black,False,False,CP18-415ShnBlkTall,catalog_unavailable,False,In Stock,,,[]
live,Circle,GBCrclFrst50RdcrShnBlk,circle-50ml|18-415|Glass Bottle,50,18-415,Frosted,Reducer,Shiny Black,False,False,,compatibility_unresolved,False,In Stock,,,[]
live,Circle,GBCrclFrst50RdcrBrwnLthr,circle-50ml|18-415|Glass Bottle,50,18-415,Frosted,Reducer,Frosted,False,False,CP18-415BrwnLthr,catalog_unavailable,False,In Stock,,,[]
live,Circle,GBCrclFrst50RdcrLBrwnLthr,circle-50ml|18-415|Glass Bottle,50,18-415,Frosted,Reducer,Frosted,False,False,CP18-415LBrwnLthr,catalog_unavailable,False,In Stock,,,[]
live,Circle,GBCrclFrst50RdcrShnSl,circle-50ml|18-415|Glass Bottle,50,18-415,Frosted,Reducer,Shiny Silver,False,False,CP18-415ShnSl,catalog_unavailable,False,In Stock,,,[]
live,Circle,GBCrclFrst50RdcrMtSl,circle-50ml|18-415|Glass Bottle,50,18-415,Frosted,Reducer,Matte Silver,False,False,CP18-415MtSl,catalog_unavailable,False,In Stock,,,[]
live,Circle,GBCrclFrst50RdcrWht,circle-50ml|18-415|Glass Bottle,50,18-415,Frosted,Reducer,White,False,False,CP18-415Wh,catalog_unavailable,False,In Stock,,,[]
live,Circle,GBCrclFrst50RdcrPnkLthr,circle-50ml|18-415|Glass Bottle,50,18-415,Frosted,Reducer,Pink,False,False,CP18-415LPnkLthr,catalog_unavailable,False,In Stock,,,[]
live,Circle,GBCrclFrst50RdcrIvyLthr,circle-50ml|18-400|Glass Bottle,50,18-400,Frosted,Reducer,Ivory,False,False,,compatibility_unresolved,True,In Stock,,,[]
live,Circle,GBCrcl15SpryBlkSh,circle-15ml|13-415|Glass Bottle,15,13-415,Clear,Fine Mist Sprayer,Shiny Black,False,False,,compatibility_unresolved,True,In Stock,,,[]
live,Circle,GBCrcl50AnSpLvn,circle-50ml|18-415|Glass Bottle,50,18-415,Clear,Vintage Bulb Sprayer,Lavender,False,True,AnSp18-415Lvn,media_unavailable,True,In Stock,,,[]
live,Circle,GBCrcl15SpryBluMatt,circle-15ml|13-415|Glass Bottle,15,13-415,Clear,Fine Mist Sprayer,Matte Blue,False,False,,compatibility_unresolved,True,In Stock,,,[]
live,Circle,GBCrcl50AnSpPnk,circle-50ml|18-415|Glass Bottle,50,18-415,Clear,Vintage Bulb Sprayer,Pink,True,True,CP18-415AnSpPnk,,True,In Stock,,,[]
live,Circle,GBCrcl15SpryCuMatt,circle-15ml|13-415|Glass Bottle,15,13-415,Clear,Fine Mist Sprayer,Matte Copper,False,False,,compatibility_unresolved,True,In Stock,,,[]
live,Circle,GBCrcl50AnSpMtSl,circle-50ml|18-415|Glass Bottle,50,18-415,Clear,Vintage Bulb Sprayer,Matte Silver,False,True,AnSp18-415MtSl,media_unavailable,True,In Stock,,,[]
live,Circle,GBCrcl15SpryGlMatt,circle-15ml|13-415|Glass Bottle,15,13-415,Clear,Fine Mist Sprayer,Matte Gold,False,False,,compatibility_unresolved,True,In Stock,,,[]
live,Circle,GBCrcl50AnSpIvySl,circle-50ml|18-415|Glass Bottle,50,18-415,Clear,Vintage Bulb Sprayer,Ivory Silver,False,True,AnSp18-415IvySl,media_unavailable,True,In Stock,,,[]
live,Circle,GBCrcl15SpryGlSh,circle-15ml|13-415|Glass Bottle,15,13-415,Clear,Fine Mist Sprayer,Shiny Gold,False,False,,compatibility_unresolved,True,In Stock,,,[]
live,Circle,GBCrcl50AnSpGl,circle-50ml|18-415|Glass Bottle,50,18-415,Clear,Vintage Bulb Sprayer,Gold,True,True,AnSp18-415Gl,,True,In Stock,,,[]
live,Circle,GBCrcl15SprySlMatt,circle-15ml|13-415|Glass Bottle,15,13-415,Clear,Fine Mist Sprayer,Matte Silver,False,False,,compatibility_unresolved,True,In Stock,,,[]
live,Circle,GBCrcl50AnSpIvyGl,circle-50ml|18-415|Glass Bottle,50,18-415,Clear,Vintage Bulb Sprayer,Ivory Gold,False,True,AnSp18-415IvyGl,media_unavailable,True,In Stock,,,[]
live,Circle,GBCrcl15SprySlSh,circle-15ml|13-415|Glass Bottle,15,13-415,Clear,Fine Mist Sprayer,Shiny Silver,False,False,,compatibility_unresolved,True,In Stock,,,[]
live,Circle,GBCrcl50AnSpWht,circle-50ml|18-415|Glass Bottle,50,18-415,Clear,Vintage Bulb Sprayer,White,False,True,AnSp18-415Wht,media_unavailable,True,In Stock,,,[]
live,Circle,GBCrcl50AnSpRed,circle-50ml|18-415|Glass Bottle,50,18-415,Clear,Vintage Bulb Sprayer,Red,False,True,AnSp18-415Red,media_unavailable,True,In Stock,,,[]
live,Circle,GBCrcl50AnSpTslLvn,circle-50ml|18-415|Glass Bottle,50,18-415,Clear,Vintage Bulb Sprayer with Tassel,Lavender,False,True,AnSpTsl18-415Lvn,media_unavailable,True,In Stock,,,[]
live,Circle,GBCrcl50AnSpTslIvyGl,circle-50ml|18-415|Glass Bottle,50,18-415,Clear,Vintage Bulb Sprayer with Tassel,Ivory Gold,False,True,AnSpTsl18-415IvyGl,media_unavailable,True,In Stock,,,[]
live,Circle,GBCrcl50AnSpTslIvySl,circle-50ml|18-415|Glass Bottle,50,18-415,Clear,Vintage Bulb Sprayer with Tassel,Ivory Silver,False,True,AnSpTsl18-415IvySl,media_unavailable,True,In Stock,,,[]
live,Circle,LBCrcl100LtnMtGl,circle-100ml|18-415|Glass Bottle,100,18-415,Clear,Lotion Pump,Matte Gold,False,False,,compatibility_unresolved,True,In Stock,,,[]
live,Circle,GBCrcl50AnSpTslWht,circle-50ml|18-415|Glass Bottle,50,18-415,Clear,Vintage Bulb Sprayer with Tassel,White,False,True,AnSpTsl18-415Wht,media_unavailable,True,In Stock,,,[]
live,Circle,LBCrcl100LtnShnGl,circle-100ml|18-415|Glass Bottle,100,18-415,Clear,Lotion Pump,Shiny Gold,False,False,,compatibility_unresolved,True,In Stock,,,[]
live,Circle,GBCrcl50AnSpTslPnk,circle-50ml|18-415|Glass Bottle,50,18-415,Clear,Vintage Bulb Sprayer with Tassel,Pink,False,True,AnSpTsl18-415Pnk,media_unavailable,True,In Stock,,,[]
live,Circle,LBCrcl100LtnShnBlk,circle-100ml|18-415|Glass Bottle,100,18-415,Clear,Lotion Pump,Shiny Black,False,False,,compatibility_unresolved,True,In Stock,,,[]
live,Circle,GBCrcl50AnSpTslRed,circle-50ml|18-415|Glass Bottle,50,18-415,Clear,Vintage Bulb Sprayer,Clear,False,True,AnSp18-415Red,media_unavailable,True,In Stock,,,[]
live,Circle,LBCrcl100LtnMtSl,circle-100ml|18-415|Glass Bottle,100,18-415,Clear,Lotion Pump,Matte Silver,False,False,,compatibility_unresolved,True,In Stock,,,[]
live,Circle,GBCrcl50DrpCu,circle-50ml|18-415|Glass Bottle,50,18-415,Clear,Dropper,Copper,True,True,Drp18-415Cu,,True,In Stock,,,[]
live,Circle,GBCrcl50AnSpTslMtSl,circle-50ml|18-415|Glass Bottle,50,18-415,Clear,Vintage Bulb Sprayer,Clear,False,True,AnSp18-415MtSl,media_unavailable,True,In Stock,,,[]
live,Circle,LBCrcl100LtnShnSl,circle-100ml|18-415|Glass Bottle,100,18-415,Clear,Lotion Pump,Shiny Silver,False,False,,compatibility_unresolved,True,In Stock,,,[]
live,Circle,GBCrclFrst50DrpCu,circle-50ml|18-415|Glass Bottle,50,18-415,Frosted,Dropper,Copper,False,False,,compatibility_unresolved,True,In Stock,,,[]
live,Circle,GBCrcl50AnSpTslGl,circle-50ml|18-415|Glass Bottle,50,18-415,Clear,Vintage Bulb Sprayer with Tassel,Gold,True,True,CP18-415AnSpTslGl,,True,In Stock,,,[]
live,Circle,LBCrcl100LtnCu,circle-100ml|18-415|Glass Bottle,100,18-415,Clear,Lotion Pump,Copper,False,False,,compatibility_unresolved,True,In Stock,,,[]
live,Circle,GBCrclFrst50AnSpLvn,circle-50ml|18-415|Glass Bottle,50,18-415,Frosted,Vintage Bulb Sprayer,Lavender,False,True,AnSp18-415Lvn,media_unavailable,True,In Stock,,,[]
live,Circle,LBCrclFrst100LtnMtGl,circle-100ml|18-415|Glass Bottle,100,18-415,Frosted,Lotion Pump,Matte Gold,False,False,,compatibility_unresolved,True,In Stock,,,[]
live,Circle,GBCrclFrst50AnSpPnk,circle-50ml|18-415|Glass Bottle,50,18-415,Frosted,Vintage Bulb Sprayer,Pink,True,True,CP18-415AnSpPnk,,True,In Stock,,,[]
live,Circle,LBCrclFrst100LtnShnGl,circle-100ml|18-415|Glass Bottle,100,18-415,Frosted,Lotion Pump,Shiny Gold,False,False,,compatibility_unresolved,True,In Stock,,,[]
live,Circle,GBCrclFrst50AnSpMtSl,circle-50ml|18-415|Glass Bottle,50,18-415,Frosted,Vintage Bulb Sprayer,Matte Silver,False,True,AnSp18-415MtSl,media_unavailable,True,In Stock,,,[]
live,Circle,LBCrclFrst100LtnShnBlk,circle-100ml|18-415|Glass Bottle,100,18-415,Frosted,Lotion Pump,Shiny Black,False,False,,compatibility_unresolved,True,In Stock,,,[]
live,Circle,GBCrclFrst50AnSpIvySl,circle-50ml|18-415|Glass Bottle,50,18-415,Frosted,Vintage Bulb Sprayer,Ivory Silver,False,True,AnSp18-415IvySl,media_unavailable,True,In Stock,,,[]
live,Circle,LBCrclFrst100LtnMtSl,circle-100ml|18-415|Glass Bottle,100,18-415,Frosted,Lotion Pump,Matte Silver,False,False,,compatibility_unresolved,True,In Stock,,,[]
live,Circle,GBCrclFrst50AnSpGl,circle-50ml|18-415|Glass Bottle,50,18-415,Frosted,Vintage Bulb Sprayer,Shiny Gold,True,True,AnSp18-415Gl,,True,In Stock,,,[]
live,Circle,LBCrclFrst100LtnShnSl,circle-100ml|18-415|Glass Bottle,100,18-415,Frosted,Lotion Pump,Shiny Silver,False,False,,compatibility_unresolved,True,In Stock,,,[]
live,Circle,GBCrclFrst50AnSpIvyGl,circle-50ml|18-415|Glass Bottle,50,18-415,Frosted,Vintage Bulb Sprayer,Ivory Gold,False,True,AnSp18-415IvyGl,media_unavailable,True,In Stock,,,[]
live,Circle,LBCrclFrst100LtnCu,circle-100ml|18-415|Glass Bottle,100,18-415,Frosted,Lotion Pump,Copper,False,False,,compatibility_unresolved,True,In Stock,,,[]
live,Circle,GBCrcl15MtlRollBlkSh,circle-15ml|13-415|Glass Bottle,15,13-415,Clear,Metal Roller Ball,Shiny Black,True,True,CPRoll13-415BlkSh,,True,In Stock,,,[]
live,Circle,GBCrclFrst50AnSpWht,circle-50ml|18-415|Glass Bottle,50,18-415,Frosted,Vintage Bulb Sprayer,White,False,True,AnSp18-415Wht,media_unavailable,True,In Stock,,,[]
live,Circle,GBCrcl15MtlRollCuMatt,circle-15ml|13-415|Glass Bottle,15,13-415,Clear,Metal Roller Ball,Matte Copper,True,True,CPRoll13-415Cu,,True,In Stock,,,[]
live,Circle,GBCrclFrst50AnSpRed,circle-50ml|18-415|Glass Bottle,50,18-415,Frosted,Vintage Bulb Sprayer,Red,False,True,AnSp18-415Red,media_unavailable,True,In Stock,,,[]
live,Circle,GBCrcl15MtlRollGlMatt,circle-15ml|13-415|Glass Bottle,15,13-415,Clear,Metal Roller Ball,Matte Gold,True,True,CPRoll13-415GlMt,,True,In Stock,,,[]
live,Circle,GBCrcl15MtlRollGlSh,circle-15ml|13-415|Glass Bottle,15,13-415,Clear,Metal Roller Ball,Shiny Gold,True,True,CPRoll13-415GlSh,,True,In Stock,,,[]
live,Circle,GBCrcl15MtlRollPinkDot,circle-15ml|13-415|Glass Bottle,15,13-415,Clear,Metal Roller Ball,Pink Dotted,True,True,CPRoll13-415PinkDot,,True,In Stock,,,[]
live,Circle,GBCrcl15MtlRollSlDot,circle-15ml|13-415|Glass Bottle,15,13-415,Clear,Metal Roller Ball,Silver Dotted,True,True,CPRoll13-415SlDot,,True,In Stock,,,[]
live,Circle,GBCrcl15MtlRollSlMatt,circle-15ml|13-415|Glass Bottle,15,13-415,Clear,Metal Roller Ball,Matte Silver,True,True,CPRoll13-415SlMt,,True,In Stock,,,[]
live,Circle,GBCrcl15MtlRollSlSh,circle-15ml|13-415|Glass Bottle,15,13-415,Clear,Metal Roller Ball,Shiny Silver,True,True,CPRoll13-415SlSh,,True,In Stock,,,[]
live,Circle,GBCrcl30SpryShSl,circle-30ml|15-415|Glass Bottle,30,15-415,Clear,Perfume Spray Pump,Shiny Silver,True,True,Spry15-415ShnSl,,True,In Stock,,,[]
live,Circle,GBCrcl30SpryShnGl,circle-30ml|15-415|Glass Bottle,30,15-415,Clear,Perfume Spray Pump,Shiny Gold,True,True,Spry15-415ShnGl,,True,In Stock,,,[]
live,Circle,GBCrcl30SpryMattSl,circle-30ml|15-415|Glass Bottle,30,15-415,Clear,Perfume Spray Pump,Matte Silver,True,True,Spry15-415MattSl,,True,In Stock,,,[]
live,Circle,GBCrcl30SpryMattGl,circle-30ml|15-415|Glass Bottle,30,15-415,Clear,Perfume Spray Pump,Matte Gold,True,True,Spry15-415MattGl,,True,In Stock,,,[]
live,Circle,LBCrcl50LtnClOvrCap,circle-50ml|18-415|Glass Bottle,50,18-415,Clear,Lotion Pump,Clear Overcap,False,False,,compatibility_unresolved,True,In Stock,,,[]
live,Circle,LBCrclFrst50LtnClOvrCap,circle-50ml|18-415|Glass Bottle,50,18-415,Frosted,Lotion Pump,Clear,False,False,,compatibility_unresolved,True,In Stock,,,[]
live,Circle,GBCrclFrst50AnSpTslBlk,circle-50ml|18-415|Glass Bottle,50,18-415,Frosted,Vintage Bulb Sprayer,Frosted,False,False,,compatibility_unresolved,True,In Stock,,,[]
live,Circle,GBCrclFrst50AnSpTslGl,circle-50ml|18-415|Glass Bottle,50,18-415,Frosted,Vintage Bulb Sprayer,Frosted,False,False,,compatibility_unresolved,True,In Stock,,,[]
live,Circle,GBCrclFrst50AnSpTslIvyGl,circle-50ml|18-415|Glass Bottle,50,18-415,Frosted,Vintage Bulb Sprayer,Frosted,False,False,,compatibility_unresolved,True,In Stock,,,[]
live,Circle,GBCrclFrst50AnSpTslIvySl,circle-50ml|18-415|Glass Bottle,50,18-415,Frosted,Vintage Bulb Sprayer,Frosted,False,False,,compatibility_unresolved,True,In Stock,,,[]
live,Circle,GBCrclFrst50AnSpTslLvn,circle-50ml|18-415|Glass Bottle,50,18-415,Frosted,Vintage Bulb Sprayer,Frosted,False,False,,compatibility_unresolved,True,In Stock,,,[]
live,Circle,GBCrclFrst50AnSpTslMtSl,circle-50ml|18-415|Glass Bottle,50,18-415,Frosted,Vintage Bulb Sprayer,Frosted,False,False,,compatibility_unresolved,True,In Stock,,,[]
live,Circle,GBCrclFrst50AnSpTslPnk,circle-50ml|18-415|Glass Bottle,50,18-415,Frosted,Vintage Bulb Sprayer,Frosted,False,False,,compatibility_unresolved,True,In Stock,,,[]
live,Circle,GBCrclFrst50AnSpTslRed,circle-50ml|18-415|Glass Bottle,50,18-415,Frosted,Vintage Bulb Sprayer,Frosted,False,False,,compatibility_unresolved,True,In Stock,,,[]
live,Circle,GBCrclFrst50AnSpTslWht,circle-50ml|18-415|Glass Bottle,50,18-415,Frosted,Vintage Bulb Sprayer,Frosted,False,False,,compatibility_unresolved,True,In Stock,,,[]
live,Circle,GBCrcl15CuSht,circle-15ml|13-415|Glass Bottle,15,13-415,Clear,,Matte Copper,False,False,,compatibility_unresolved,True,In Stock,,,[]
live,Circle,GBCrcl15GlMattSht,circle-15ml|13-415|Glass Bottle,15,13-415,Clear,,Matte Gold,False,False,,compatibility_unresolved,True,In Stock,,,[]
live,Circle,GBCrcl15SlMattSht,circle-15ml|13-415|Glass Bottle,15,13-415,Clear,,Matte Silver,False,False,,compatibility_unresolved,True,In Stock,,,[]
live,Circle,GBCrcl15BlkShSht,circle-15ml|13-415|Glass Bottle,15,13-415,Clear,,Shiny Black,False,False,,compatibility_unresolved,True,In Stock,,,[]
live,Circle,GBCrcl15GlSht,circle-15ml|13-415|Glass Bottle,15,13-415,Clear,,Shiny Gold,False,False,,compatibility_unresolved,True,In Stock,,,[]
live,Circle,GBCrcl15SlSht,circle-15ml|13-415|Glass Bottle,15,13-415,Clear,,Shiny Silver,False,False,,compatibility_unresolved,True,In Stock,,,[]
local,Cylinder,LBCyl100LtnClOvrCap,cylinder-100ml|18-415|Glass Bottle,100,18-415,Clear,Lotion Pump,Clear Overcap,False,False,,compatibility_unresolved,,In Stock,,,[]
local,Cylinder,GBMtlRoll28Wht,cylinder-28ml|16mm|Glass Bottle,28,16mm,Clear,Metal Roller Ball,White,False,False,,compatibility_unresolved,,In Stock,,,[]
local,Cylinder,GBSpry3mlClBlk,cylinder-3.3ml|12mm|Glass Bottle,3.3,12mm,Clear,Fine Mist Sprayer,Clear,False,False,,compatibility_unresolved,,In Stock,,,[]
local,Cylinder,GBSpry4mlClBlk,cylinder-4ml|12mm|Glass Bottle,4,12mm,Clear,Fine Mist Sprayer,Clear,False,False,,compatibility_unresolved,,In Stock,,,[]
local,Cylinder,GBCyl5SpryBlkMatt,cylinder-5.5ml|13-415|Glass Bottle,5.5,13-415,Clear,Fine Mist Sprayer,Matte Black,False,True,CP13-415SpryBlkMt,media_unavailable,,In Stock,full,body | diptube | sprayer | overcap,[]
local,Cylinder,GBCyl5Sl,cylinder-5ml|13-415|Glass Bottle,5,13-415,Clear,Cap/Closure,Regular Shiny Silver,True,True,CP13-415Sl,,,In Stock,capSplit,body | cap,[]
local,Cylinder,GBCyl50MtlRollWht,cylinder-50ml|16mm|Glass Bottle,50,16mm,Clear,Metal Roller Ball,White,False,False,,compatibility_unresolved,,In Stock,,,[]
local,Cylinder,GBCyl5Gl,cylinder-5ml|13-415|Glass Bottle,5,13-415,Clear,Cap/Closure,Regular Shiny Gold,True,True,CP13-415Gl,,,In Stock,capSplit,body | cap,[]
local,Cylinder,GBCyl9SpryBlk,cylinder-9ml|17-415|Glass Bottle,9,17-415,Clear,Fine Mist Sprayer,Clear,True,True,Spry17-415Blk,,,In Stock,full,body | sprayer | overcap | collar,[]
local,Cylinder,GBCyl100RdcrShnGl,cylinder-100ml|18-415|Glass Bottle,100,18-415,Clear,Reducer,Shiny Gold,False,True,CP18-415ShnGl,media_unavailable,,In Stock,capSplit,body | fitment,[]
local,Cylinder,GBCylAmb9SpryBlk,cylinder-9ml|17-415|Glass Bottle,9,17-415,Amber,Fine Mist Sprayer,Black,True,True,Spry17-415Blk,,,In Stock,full,sprayer | body | overcap | collar,[]
local,Cylinder,GBCyl100RdcrShnBlkTall,cylinder-100ml|18-415|Glass Bottle,100,18-415,Clear,Reducer,Tall Shiny Black,False,True,CP18-415ShnBlkTall,media_unavailable,,In Stock,capSplit,body | fitment,[]
local,Cylinder,GBCylBlu5Sl,cylinder-5ml|13-415|Glass Bottle,5,13-415,Cobalt Blue,Cap/Closure,Regular Shiny Silver,True,True,CP13-415Sl,,,In Stock,capSplit,body | cap,[]
local,Cylinder,GBCyl100RdcrShnBlk,cylinder-100ml|18-415|Glass Bottle,100,18-415,Clear,Reducer,Shiny Black,False,False,,compatibility_unresolved,,In Stock,,,[]
local,Cylinder,GBCylBlu9SpryBlk,cylinder-9ml|17-415|Glass Bottle,9,17-415,Cobalt Blue,Fine Mist Sprayer,Black,True,True,Spry17-415Blk,,,In Stock,full,body | sprayer | overcap | collar,[]
local,Cylinder,GBCylBlu5WhtSht,cylinder-5ml|13-415|Glass Bottle,5,13-415,Cobalt Blue,Cap/Closure,Short Ribbed White,True,True,CP13-415WhtSht,,,In Stock,capSplit,body | cap,[]
local,Cylinder,GBCyl100RdcrBrwnLthr,cylinder-100ml|18-415|Glass Bottle,100,18-415,Clear,Reducer,Brown Leather,False,True,CP18-415BrwnLthr,media_unavailable,,In Stock,capSplit,body | fitment,[]
local,Cylinder,GBCylFrst9SpryBlk,cylinder-9ml|17-415|Glass Bottle,9,17-415,Frosted,Fine Mist Sprayer,Black,True,True,Spry17-415Blk,,,In Stock,full,body | sprayer | overcap | collar,[]
local,Cylinder,GBCylBlu5Gl,cylinder-5ml|13-415|Glass Bottle,5,13-415,Cobalt Blue,Cap/Closure,Regular Shiny Gold,True,True,CP13-415Gl,,,In Stock,capSplit,body | cap,[]
local,Cylinder,GBCyl100RdcrLBrwnLthr,cylinder-100ml|18-415|Glass Bottle,100,18-415,Clear,Reducer,Light Brown Leather,False,True,CP18-415LBrwnLthr,media_unavailable,,In Stock,capSplit,body | fitment,[]
local,Cylinder,GBCyl100RdcrShnSl,cylinder-100ml|18-415|Glass Bottle,100,18-415,Clear,Reducer,Shiny Silver,False,True,CP18-415ShnSl,media_unavailable,,In Stock,capSplit,body | fitment,[]
local,Cylinder,GBCyl100RdcrMtSlTall,cylinder-100ml|18-415|Glass Bottle,100,18-415,Clear,Reducer,Tall Matte Silver,False,True,CP18-415MtSlTall,media_unavailable,,In Stock,capSplit,body | fitment,[]
local,Cylinder,GBTallCyl9SpryBlkMatt,cylinder-9ml|13-415|Glass Bottle,9,13-415,Clear,Fine Mist Sprayer,Matte Black,True,True,CP13-415SpryBlkMt,,,In Stock,full,body | diptube | sprayer | overcap,[]
local,Cylinder,GBCyl100RdcrMtSl,cylinder-100ml|18-415|Glass Bottle,100,18-415,Clear,Reducer,Matte Silver,False,True,CP18-415MtSl,media_unavailable,,In Stock,capSplit,body | fitment,[]
local,Cylinder,GBTallCylFrst9SpryBlkMatt,cylinder-9ml|13-415|Glass Bottle,9,13-415,Frosted,Fine Mist Sprayer,Frosted,True,True,CP13-415SpryBlkMt,,,In Stock,full,body | diptube | sprayer | overcap,[]
local,Cylinder,GBCyl100RdcrWht,cylinder-100ml|18-415|Glass Bottle,100,18-415,Clear,Reducer,White,False,True,CP18-415Wh,media_unavailable,,In Stock,capSplit,body | fitment,[]
local,Cylinder,GBCyl100RdcrIvyLthr,cylinder-100ml|18-415|Glass Bottle,100,18-415,Clear,Reducer,Ivory Leather,False,True,CP18-415LIvyLthr,media_unavailable,,In Stock,capSplit,body | fitment,[]
local,Cylinder,GBCyl100RdcrPnkLthr,cylinder-100ml|18-415|Glass Bottle,100,18-415,Clear,Reducer,Pink Leather,False,True,CP18-415LPnkLthr,media_unavailable,,In Stock,capSplit,body | fitment,[]
local,Cylinder,GBCyl50SpryMtGl,cylinder-50ml|18-415|Glass Bottle,50,18-415,Clear,Perfume Spray Pump,Matte Gold,True,True,Spry18-415MtGl,,,In Stock,full,body | diptube | sprayer | overcap,[]
local,Cylinder,GBCyl50SpryShnGl,cylinder-50ml|18-415|Glass Bottle,50,18-415,Clear,Perfume Spray Pump,Shiny Gold,True,True,Spry18-415ShnGl,,,In Stock,full,body | diptube | sprayer | overcap,[]
local,Cylinder,GBCyl50SpryShnBlk,cylinder-50ml|18-415|Glass Bottle,50,18-415,Clear,Perfume Spray Pump,Shiny Black,True,True,Spry18-415ShnBlk,,,In Stock,full,body | diptube | sprayer | overcap,[]
local,Cylinder,GBCyl50SpryMtSl,cylinder-50ml|18-415|Glass Bottle,50,18-415,Clear,Perfume Spray Pump,Matte Silver,True,True,Spry18-415MtSl,,,In Stock,full,body | diptube | sprayer | overcap,[]
local,Cylinder,GBCyl50SpryShnSl,cylinder-50ml|18-415|Glass Bottle,50,18-415,Clear,Perfume Spray Pump,Shiny Silver,True,True,Spry18-415ShnSl,,,In Stock,full,body | diptube | sprayer | overcap,[]
local,Cylinder,GBTallCyl9Gl,cylinder-9ml|13-415|Glass Bottle,9,13-415,Clear,,Gold,True,True,CP13-415Gl,,,In Stock,capSplit,body | cap,[]
local,Cylinder,GBTallCyl9Sl,cylinder-9ml|13-415|Glass Bottle,9,13-415,Clear,,Silver,True,True,CP13-415Sl,,,In Stock,capSplit,body | cap,[]
local,Cylinder,GBCyl1ozRollWht,cylinder-28ml|16mm|Glass Bottle,28,16mm,Clear,Plastic Roller Ball,White,False,False,,compatibility_unresolved,,In Stock,,,[]
local,Cylinder,GBTallCylFrst9WhtSht,cylinder-9ml|13-415|Glass Bottle,9,13-415,Frosted,,Short Ribbed White,True,True,CP13-415WhtSht,,,In Stock,capSplit,body | cap,[]
local,Cylinder,GBTallCylFrst9Gl,cylinder-9ml|13-415|Glass Bottle,9,13-415,Frosted,,Shiny Gold,True,True,CP13-415Gl,,,In Stock,capSplit,body | cap,[]
local,Cylinder,GBTallCylFrst9Sl,cylinder-9ml|13-415|Glass Bottle,9,13-415,Frosted,,Shiny Silver,True,True,CP13-415Sl,,,In Stock,capSplit,body | cap,[]
local,Cylinder,GBSpry1ozGl,cylinder-30ml|18-415|Glass Bottle,30,18-415,Clear,Fine Mist Sprayer,Shiny Gold,False,False,,compatibility_unresolved,,In Stock,,,[]
local,Cylinder,GBSpry1ozSl,cylinder-30ml|18-415|Glass Bottle,30,18-415,Clear,Fine Mist Sprayer,Silver,False,False,,compatibility_unresolved,,In Stock,,,[]
local,Cylinder,GBCyl50RollWht,cylinder-50ml|16mm|Glass Bottle,50,16mm,Clear,Plastic Roller Ball,White,False,False,,compatibility_unresolved,,In Stock,,,[]
local,Cylinder,GBCyl50SpryCu,cylinder-50ml|18-415|Glass Bottle,50,18-415,Clear,Perfume Spray Pump,Copper,True,True,Spry18-415Cu,,,In Stock,full,diptube | body | sprayer | overcap,[]
local,Cylinder,GBCyl100SpryCu,cylinder-100ml|18-415|Glass Bottle,100,18-415,Clear,Perfume Spray Pump,Copper,True,True,Spry18-415Cu,,,In Stock,full,diptube | body | sprayer | overcap,[]
local,Cylinder,GBCyl5MtlRollBlkSh,cylinder-5ml|13-415|Glass Bottle,5,13-415,Clear,Metal Roller Ball,Shiny Black,True,True,CPRoll13-415BlkSh,,,In Stock,capSplit,body | cap,[]
local,Cylinder,GBCyl5MtlRollCuMatt,cylinder-5ml|13-415|Glass Bottle,5,13-415,Clear,Metal Roller Ball,Matte Copper,True,True,CPRoll13-415Cu,,,In Stock,capSplit,body | cap,[]
local,Cylinder,GBCyl5MtlRollGlMatt,cylinder-5ml|13-415|Glass Bottle,5,13-415,Clear,Metal Roller Ball,Matte Gold,True,True,CPRoll13-415GlMt,,,In Stock,full,roller | body | cap,[]
local,Cylinder,GBCyl5MtlRollGlSh,cylinder-5ml|13-415|Glass Bottle,5,13-415,Clear,Metal Roller Ball,Shiny Gold,True,True,CPRoll13-415GlSh,,,In Stock,capSplit,body | cap,[]
local,Cylinder,GBCyl5MtlRollPinkDot,cylinder-5ml|13-415|Glass Bottle,5,13-415,Clear,Metal Roller Ball,Pink with Dots,True,True,CPRoll13-415PinkDot,,,In Stock,capSplit,body | cap,[]
local,Cylinder,GBCyl5MtlRollSlDot,cylinder-5ml|13-415|Glass Bottle,5,13-415,Clear,Metal Roller Ball,Silver with Dots,True,True,CPRoll13-415SlDot,,,In Stock,capSplit,body | cap,[]
local,Cylinder,GBCyl5MtlRollSlMatt,cylinder-5ml|13-415|Glass Bottle,5,13-415,Clear,Metal Roller Ball,Matte Silver,True,True,CPRoll13-415SlMt,,,In Stock,capSplit,body | cap,[]
local,Cylinder,GBCyl5MtlRollSlSh,cylinder-5ml|13-415|Glass Bottle,5,13-415,Clear,Metal Roller Ball,Shiny Silver,True,True,CPRoll13-415SlSh,,,In Stock,capSplit,body | cap,[]
local,Cylinder,GBCyl50RdcrBlkLthr,cylinder-50ml|18-415|Glass Bottle,50,18-415,Clear,Reducer,Black Leather,False,True,CP18-415BlkLthr,media_unavailable,,In Stock,capSplit,body | fitment,[]
local,Cylinder,GBSpry3mlClWht,cylinder-3.3ml|12mm|Glass Bottle,3.3,12mm,Clear,Fine Mist Sprayer,Clear,False,False,,compatibility_unresolved,,In Stock,,,[]
local,Cylinder,GBCylBlu5MtlRollBlkSh,cylinder-5ml|13-415|Glass Bottle,5,13-415,Cobalt Blue,Metal Roller Ball,Shiny Black,True,True,CPRoll13-415BlkSh,,,In Stock,capSplit,body | cap,[]
local,Cylinder,GBSpry4mlClWh,cylinder-4ml|12mm|Glass Bottle,4,12mm,Clear,Fine Mist Sprayer,Clear,False,False,,compatibility_unresolved,,In Stock,,,[]
local,Cylinder,GBCylBlu5MtlRollCuMatt,cylinder-5ml|13-415|Glass Bottle,5,13-415,Cobalt Blue,Metal Roller Ball,Matte Copper,True,True,CPRoll13-415Cu,,,In Stock,capSplit,body | cap,[]
local,Cylinder,GBCyl5SprySlMatt,cylinder-5ml|13-415|Glass Bottle,5,13-415,Clear,Fine Mist Sprayer,Matte Silver,True,True,CP13-415SprySlMt,,,In Stock,full,body | diptube | sprayer | overcap,[]
local,Cylinder,GBCylBlu5MtlRollGlMatt,cylinder-5ml|13-415|Glass Bottle,5,13-415,Cobalt Blue,Metal Roller Ball,Matte Gold,True,True,CPRoll13-415GlMt,,,In Stock,capSplit,body | cap,[]
local,Cylinder,GBCyl5SpryBlkSh,cylinder-5ml|13-415|Glass Bottle,5,13-415,Clear,Fine Mist Sprayer,Shiny Black,True,True,CP13-415SpryBlkSh,,,In Stock,full,body | diptube | sprayer | overcap,[]
local,Cylinder,GBCylBlu5MtlRollGlSh,cylinder-5ml|13-415|Glass Bottle,5,13-415,Cobalt Blue,Metal Roller Ball,Shiny Gold,True,True,CPRoll13-415GlSh,,,In Stock,capSplit,body | cap,[]
local,Cylinder,GBCyl5SpryGlSh,cylinder-5ml|13-415|Glass Bottle,5,13-415,Clear,Fine Mist Sprayer,Shiny Gold,True,True,CP13-415SpryGlSh,,,In Stock,full,body | diptube | sprayer | overcap,[]
local,Cylinder,GBCyl100SpryMtGl,cylinder-100ml|18-415|Glass Bottle,100,18-415,Clear,Perfume Spray Pump,Matte Gold,True,True,Spry18-415MtGl,,,In Stock,full,body | diptube | sprayer | overcap,[]
local,Cylinder,GBCylBlu5MtlRollPinkDot,cylinder-5ml|13-415|Glass Bottle,5,13-415,Cobalt Blue,Metal Roller Ball,Pink with Dots,True,True,CPRoll13-415PinkDot,,,In Stock,capSplit,body | cap,[]
local,Cylinder,GBCyl5SprySlSh,cylinder-5ml|13-415|Glass Bottle,5,13-415,Clear,Fine Mist Sprayer,Shiny Silver,True,True,CP13-415SprySlSh,,,In Stock,full,body | diptube | sprayer | overcap,[]
local,Cylinder,GBCyl100SpryShnGl,cylinder-100ml|18-415|Glass Bottle,100,18-415,Clear,Perfume Spray Pump,Shiny Gold,True,True,Spry18-415ShnGl,,,In Stock,full,body | diptube | sprayer | overcap,[]
local,Cylinder,GBCylBlu5MtlRollSlDot,cylinder-5ml|13-415|Glass Bottle,5,13-415,Cobalt Blue,Metal Roller Ball,Silver with Dots,True,True,CPRoll13-415SlDot,,,In Stock,capSplit,body | cap,[]
local,Cylinder,GBCyl5SpryBluMatt,cylinder-5ml|13-415|Glass Bottle,5,13-415,Clear,Fine Mist Sprayer,Matte Blue,True,True,CP13-415SpryBluMt,,,In Stock,full,body | diptube | sprayer | overcap,[]
local,Cylinder,GBCyl100SpryShnBlk,cylinder-100ml|18-415|Glass Bottle,100,18-415,Clear,Perfume Spray Pump,Shiny Black,True,True,Spry18-415ShnBlk,,,In Stock,full,body | diptube | sprayer | overcap,[]
local,Cylinder,GBCylBlu5MtlRollSlMatt,cylinder-5ml|13-415|Glass Bottle,5,13-415,Cobalt Blue,Metal Roller Ball,Matte Silver,True,True,CPRoll13-415SlMt,,,In Stock,capSplit,body | cap,[]
local,Cylinder,GBCyl5SpryCuMatt,cylinder-5ml|13-415|Glass Bottle,5,13-415,Clear,Fine Mist Sprayer,Matte Copper,True,True,CP13-415SpryCuMt,,,In Stock,full,body | diptube | sprayer | overcap,[]
local,Cylinder,GBCyl100SpryMtSl,cylinder-100ml|18-415|Glass Bottle,100,18-415,Clear,Perfume Spray Pump,Matte Silver,True,True,Spry18-415MtSl,,,In Stock,full,body | diptube | sprayer | overcap,[]
local,Cylinder,GBCylBlu5MtlRollSlSh,cylinder-5ml|13-415|Glass Bottle,5,13-415,Cobalt Blue,Metal Roller Ball,Shiny Silver,True,True,CPRoll13-415SlSh,,,In Stock,capSplit,body | cap,[]
local,Cylinder,GBCyl5SpryGlMatt,cylinder-5ml|13-415|Glass Bottle,5,13-415,Clear,Fine Mist Sprayer,Matte Gold,True,True,CP13-415SpryGlMt,,,In Stock,full,body | diptube | sprayer | overcap,[]
local,Cylinder,GBCyl100SpryShnSl,cylinder-100ml|18-415|Glass Bottle,100,18-415,Clear,Perfume Spray Pump,Shiny Silver,True,True,Spry18-415ShnSl,,,In Stock,full,body | diptube | sprayer | overcap,[]
local,Cylinder,GBCyl100RdcrBlkLthr,cylinder-100ml|18-415|Glass Bottle,100,18-415,Clear,Reducer,Black Leather,False,True,CP18-415BlkLthr,media_unavailable,,In Stock,capSplit,body | fitment,[]
local,Cylinder,GBCyl50AnSpBlk,cylinder-50ml|18-415|Glass Bottle,50,18-415,Clear,Vintage Bulb Sprayer,Black,True,True,AnSp18-415Blk,,,In Stock,full,diptube | body | sprayer,[]
local,Cylinder,GBCyl50AnSpTslBlk,cylinder-50ml|18-415|Glass Bottle,50,18-415,Clear,Vintage Bulb Sprayer with Tassel,Black,True,True,AnSpTsl18-415Blk,,,In Stock,full,diptube | body | sprayer,[]
local,Cylinder,LBCylAmb9LtnGl,cylinder-9ml|17-415|Glass Bottle,9,17-415,Amber,Lotion Pump,Gold,True,True,Ltn17-415Gl,,,In Stock,full,body | pump | overcap | collar,[]
local,Cylinder,GBCylBlu5SprySlSh,cylinder-5ml|13-415|Glass Bottle,5,13-415,Cobalt Blue,Fine Mist Sprayer,Shiny Silver,True,True,CP13-415SprySlSh,,,In Stock,full,body | sprayer | overcap,[]
local,Cylinder,LBCylAmb9LtnMtSl,cylinder-9ml|17-415|Glass Bottle,9,17-415,Amber,Lotion Pump,Matte Silver,True,True,Ltn17-415MattSl,,,In Stock,full,body | pump | overcap | collar,[]
local,Cylinder,GBCylBlu5SpryBlkSh,cylinder-5ml|13-415|Glass Bottle,5,13-415,Cobalt Blue,Fine Mist Sprayer,Shiny Black,True,True,CP13-415SpryBlkSh,,,In Stock,full,body | sprayer | overcap,[]
local,Cylinder,LBCyl9LtnMtSl,cylinder-9ml|17-415|Glass Bottle,9,17-415,Clear,Lotion Pump,Clear,True,True,Ltn17-415MattSl,,,In Stock,full,body | pump | overcap | collar,[]
local,Cylinder,GBCylBlu5SpryGlSh,cylinder-5ml|13-415|Glass Bottle,5,13-415,Cobalt Blue,Fine Mist Sprayer,Shiny Gold,True,True,CP13-415SpryGlSh,,,In Stock,full,body | sprayer | overcap,[]
local,Cylinder,LBCyl9LtnGl,cylinder-9ml|17-415|Glass Bottle,9,17-415,Clear,Lotion Pump,Clear,True,True,Ltn17-415Gl,,,In Stock,full,body | pump | overcap | collar,[]
local,Cylinder,GBCylBlu5SpryGlMatt,cylinder-5ml|13-415|Glass Bottle,5,13-415,Cobalt Blue,Fine Mist Sprayer,Matte Gold,True,True,CP13-415SpryGlMt,,,In Stock,full,body | sprayer | overcap,[]
local,Cylinder,GBCylBlu5SpryBluMatt,cylinder-5ml|13-415|Glass Bottle,5,13-415,Cobalt Blue,Fine Mist Sprayer,Matte Blue,True,True,CP13-415SpryBluMt,,,In Stock,full,body | sprayer | overcap,[]
local,Cylinder,GBCylBlu5SpryCuMatt,cylinder-5ml|13-415|Glass Bottle,5,13-415,Cobalt Blue,Fine Mist Sprayer,Matte Copper,True,True,CP13-415SpryCuMt,,,In Stock,full,body | sprayer | overcap,[]
local,Cylinder,LBCylBlu9LtnMattSl,cylinder-9ml|17-415|Glass Bottle,9,17-415,Cobalt Blue,Lotion Pump,Matte Silver,True,True,Ltn17-415MattSl,,,In Stock,full,body | pump | overcap | collar,[]
local,Cylinder,GBCylBlu5SprySlMatt,cylinder-5ml|13-415|Glass Bottle,5,13-415,Cobalt Blue,Fine Mist Sprayer,Matte Silver,True,True,CP13-415SprySlMt,,,In Stock,full,body | sprayer | overcap,[]
local,Cylinder,LBCylBlu9LtnGl,cylinder-9ml|17-415|Glass Bottle,9,17-415,Cobalt Blue,Lotion Pump,Gold,True,True,Ltn17-415Gl,,,In Stock,full,body | pump | overcap | collar,[]
local,Cylinder,LBCylFrst9LtnMtSl,cylinder-9ml|17-415|Glass Bottle,9,17-415,Frosted,Lotion Pump,Matte Silver,True,True,Ltn17-415MattSl,,,In Stock,full,body | pump | overcap | collar,[]
local,Cylinder,LBCylFrst9LtnGl,cylinder-9ml|17-415|Glass Bottle,9,17-415,Frosted,Lotion Pump,Gold,True,True,Ltn17-415Gl,,,In Stock,full,body | pump | overcap | collar,[]
local,Cylinder,LBCylSwrl9LtnMtSl,cylinder-9ml|17-415|Glass Bottle,9,17-415,Swirl,Lotion Pump,Matte Silver,True,True,Ltn17-415MattSl,,,In Stock,full,body | pump | overcap | collar,[]
local,Cylinder,LBCylSwrl9LtnGl,cylinder-9ml|17-415|Glass Bottle,9,17-415,Swirl,Lotion Pump,Gold,True,True,Ltn17-415Gl,,,In Stock,full,body | pump | overcap | collar,[]
local,Cylinder,GBCyl5RollBlkDot,cylinder-5ml|13-415|Glass Bottle,5,13-415,Clear,Plastic Roller Ball,Black with Dots,True,True,CPRoll13-415BlackDot,,,In Stock,full,body | roller | cap,[]
local,Cylinder,GBCyl5RollSlSh,cylinder-5ml|13-415|Glass Bottle,5,13-415,Clear,Plastic Roller Ball,Shiny Silver,True,True,CPRoll13-415SlSh,,,In Stock,capSplit,body | roller | cap,[]
local,Cylinder,LBCyl25LtnMtGl,cylinder-25ml|18-415|Glass Bottle,25,18-415,Clear,Lotion Pump,Matte Gold,True,True,Ltn18-415MtGl,,,In Stock,full,diptube | body | overcap,[]
local,Cylinder,LBCyl25LtnShnGl,cylinder-25ml|18-415|Glass Bottle,25,18-415,Clear,Lotion Pump,Shiny Gold,True,True,Ltn18-415ShnGl,,,In Stock,full,diptube | body | overcap,[]
local,Cylinder,GBCyl5RollBlkSh,cylinder-5ml|13-415|Glass Bottle,5,13-415,Clear,Plastic Roller Ball,Shiny Black,True,True,CPRoll13-415BlkSh,,,In Stock,capSplit,body | roller | cap,[]
local,Cylinder,GBCylBlu5RollBlkDot,cylinder-5ml|13-415|Glass Bottle,5,13-415,Cobalt Blue,Plastic Roller Ball,Black with Dots,True,True,CPRoll13-415BlackDot,,,In Stock,capSplit,body | roller | cap,[]
local,Cylinder,LBCyl25LtnShnBlk,cylinder-25ml|18-415|Glass Bottle,25,18-415,Clear,Lotion Pump,Shiny Black,True,True,Ltn18-415ShnBlk,,,In Stock,full,diptube | body | overcap,[]
local,Cylinder,GBCyl5RollGlSh,cylinder-5ml|13-415|Glass Bottle,5,13-415,Clear,Plastic Roller Ball,Shiny Gold,True,True,CPRoll13-415GlSh,,,In Stock,capSplit,body | roller | cap,[]
local,Cylinder,LBCyl25LtnMtSl,cylinder-25ml|18-415|Glass Bottle,25,18-415,Clear,Lotion Pump,Matte Silver,False,False,,compatibility_unresolved,,In Stock,,,[]
local,Cylinder,GBCyl5RollSlDot,cylinder-5ml|13-415|Glass Bottle,5,13-415,Clear,Plastic Roller Ball,Silver with Dots,True,True,CPRoll13-415SlDot,,,In Stock,capSplit,body | roller | cap,[]
local,Cylinder,LBCyl25LtnShnSl,cylinder-25ml|18-415|Glass Bottle,25,18-415,Clear,Lotion Pump,Shiny Silver,True,True,Ltn18-415ShnSl,,,In Stock,full,diptube | body | overcap,[]
local,Cylinder,GBCyl5RollPinkDot,cylinder-5ml|13-415|Glass Bottle,5,13-415,Clear,Plastic Roller Ball,Pink with Dots,True,True,CPRoll13-415PinkDot,,,In Stock,capSplit,body | roller | cap,[]
local,Cylinder,LBCyl25LtnCu,cylinder-25ml|18-415|Glass Bottle,25,18-415,Clear,Lotion Pump,Copper,True,True,Ltn18-415Cu,,,In Stock,full,diptube | body | pump | overcap,[]
local,Cylinder,GBCyl5RollCuMatt,cylinder-5ml|13-415|Glass Bottle,5,13-415,Clear,Plastic Roller Ball,Matte Copper,True,True,CPRoll13-415Cu,,,In Stock,capSplit,body | roller | cap,[]
local,Cylinder,GBCylAmb9RollBlkDot,cylinder-9ml|17-415|Glass Bottle,9,17-415,Amber,Plastic Roller Ball,Black Dotted,True,True,CpRoll17-415BlkDot,,,In Stock,full,body | roller | cap,[]
local,Cylinder,GBCyl100AnSpBlk,cylinder-100ml|18-415|Glass Bottle,100,18-415,Clear,Vintage Bulb Sprayer,Black,True,True,AnSp18-415Blk,,,In Stock,full,body | diptube | sprayer,[]
local,Cylinder,GBCyl5RollGlMatt,cylinder-5ml|13-415|Glass Bottle,5,13-415,Clear,Plastic Roller Ball,Matte Gold,True,True,CPRoll13-415GlMt,,,In Stock,full,body | roller | cap,[]
local,Cylinder,GBCyl100AnSpTslBlk,cylinder-100ml|18-415|Glass Bottle,100,18-415,Clear,Vintage Bulb Sprayer with Tassel,Black,True,True,AnSpTsl18-415Blk,,,In Stock,full,diptube | body | sprayer,[]
local,Cylinder,GBCyl5RollSlMatt,cylinder-5ml|13-415|Glass Bottle,5,13-415,Clear,Plastic Roller Ball,Matte Silver,True,True,CPRoll13-415SlMt,,,In Stock,capSplit,body | roller | cap,[]
local,Cylinder,GBCylBlu9RollBlkDot,cylinder-9ml|17-415|Glass Bottle,9,17-415,Cobalt Blue,Plastic Roller Ball,Black Dotted,True,True,CpRoll17-415BlkDot,,,In Stock,full,body | roller | cap,[]
local,Cylinder,GBCylFrst9RollBlkDot,cylinder-9ml|17-415|Glass Bottle,9,17-415,Frosted,Plastic Roller Ball,Black Dotted,True,True,CpRoll17-415BlkDot,,,In Stock,full,body | roller | cap,[]
local,Cylinder,GBCyl9RollBlkDot,cylinder-9ml|17-415|Glass Bottle,9,17-415,Clear,Plastic Roller Ball,Black with Dots,False,True,CpRoll17-415BlkDot,media_unavailable,,In Stock,,,[]
local,Cylinder,GBCylSwrl9RollBlkDot,cylinder-9ml|17-415|Glass Bottle,9,17-415,Swirl,Plastic Roller Ball,Black Dotted,True,True,CpRoll17-415BlkDot,,,In Stock,full,body | roller | cap,[]
local,Cylinder,GBTallCyl9RollBlkDot,cylinder-9ml|13-415|Glass Bottle,9,13-415,Clear,Plastic Roller Ball,Black with Dots,True,True,CPRoll13-415BlackDot,,,In Stock,capSplit,body | roller | cap,[]
local,Cylinder,GBTallCylFrst9RollBlkDot,cylinder-9ml|13-415|Glass Bottle,9,13-415,Frosted,Plastic Roller Ball,Black with Dots,True,True,CPRoll13-415BlackDot,,,In Stock,capSplit,body | roller | cap,[]
local,Cylinder,GBCyl9MtlRollMattSl,cylinder-9ml|17-415|Glass Bottle,9,17-415,Clear,Metal Roller Ball,Matte Silver,True,True,CpRoll17-415MattSl,,,In Stock,full,roller | body | cap,[]
local,Cylinder,GBCyl9MtlRollSlDot,cylinder-9ml|17-415|Glass Bottle,9,17-415,Clear,Metal Roller Ball,Silver with Dots,True,True,CpRoll17-415SlDot,,,In Stock,full,roller | body | cap,[]
local,Cylinder,GBCyl9MtlRollPnkDot,cylinder-9ml|17-415|Glass Bottle,9,17-415,Clear,Metal Roller Ball,Pink with Dots,True,True,CpRoll17-415PnkDot,,,In Stock,full,roller | body | cap,[]
local,Cylinder,GBCylBlu5RollGlSh,cylinder-5ml|13-415|Glass Bottle,5,13-415,Cobalt Blue,Plastic Roller Ball,Shiny Gold,True,True,CPRoll13-415GlSh,,,In Stock,capSplit,body | roller | cap,[]
local,Cylinder,GBCyl9MtlRollMattGl,cylinder-9ml|17-415|Glass Bottle,9,17-415,Clear,Metal Roller Ball,Matte Gold,True,True,CpRoll17-415MattGl,,,In Stock,full,roller | body | cap,[]
local,Cylinder,GBCylBlu5RollSlSh,cylinder-5ml|13-415|Glass Bottle,5,13-415,Cobalt Blue,Plastic Roller Ball,Shiny Silver,True,True,CPRoll13-415SlSh,,,In Stock,capSplit,body | roller | cap,[]
local,Cylinder,GBCyl9MtlRollShnGl,cylinder-9ml|17-415|Glass Bottle,9,17-415,Clear,Metal Roller Ball,Shiny Gold,True,True,CpRoll17-415ShnGl,,,In Stock,full,roller | body | cap,[]
local,Cylinder,GBCylBlu5RollBlkSh,cylinder-5ml|13-415|Glass Bottle,5,13-415,Cobalt Blue,Plastic Roller Ball,Shiny Black,True,True,CPRoll13-415BlkSh,,,In Stock,capSplit,body | roller | cap,[]
local,Cylinder,GBCyl9MtlRollShnSl,cylinder-9ml|17-415|Glass Bottle,9,17-415,Clear,Metal Roller Ball,Shiny Silver,True,True,CpRoll17-415ShnSl,,,In Stock,full,roller | body | cap,[]
local,Cylinder,GBCylBlu5RollGlMatt,cylinder-5ml|13-415|Glass Bottle,5,13-415,Cobalt Blue,Plastic Roller Ball,Matte Gold,True,True,CPRoll13-415GlMt,,,In Stock,capSplit,body | roller | cap,[]
local,Cylinder,GBCyl9MtlRollMattCu,cylinder-9ml|17-415|Glass Bottle,9,17-415,Clear,Metal Roller Ball,Matte Copper,True,True,CpRoll17-415Cu,,,In Stock,full,roller | body | cap,[]
local,Cylinder,GBCylBlu5RollPinkDot,cylinder-5ml|13-415|Glass Bottle,5,13-415,Cobalt Blue,Plastic Roller Ball,Pink with Dots,True,True,CPRoll13-415PinkDot,,,In Stock,capSplit,body | roller | cap,[]
local,Cylinder,GBCyl9MtlRollShBlk,cylinder-9ml|17-415|Glass Bottle,9,17-415,Clear,Metal Roller Ball,Shiny Black,True,True,CpRoll17-415ShnBlk,,,In Stock,full,roller | body | cap,[]
local,Cylinder,GBCylBlu5RollSlDot,cylinder-5ml|13-415|Glass Bottle,5,13-415,Cobalt Blue,Plastic Roller Ball,Silver with Dots,True,True,CPRoll13-415SlDot,,,In Stock,capSplit,body | roller | cap,[]
local,Cylinder,GBCyl9MtlRollWht,cylinder-9ml|17-415|Glass Bottle,9,17-415,Clear,Metal Roller Ball,White,True,True,CpRoll17-415White,,,In Stock,full,roller | body | cap,[]
local,Cylinder,GBCylBlu5RollCuMatt,cylinder-5ml|13-415|Glass Bottle,5,13-415,Cobalt Blue,Plastic Roller Ball,Matte Copper,True,True,CPRoll13-415Cu,,,In Stock,capSplit,body | roller | cap,[]
local,Cylinder,GBCylAmb9MtlRollWht,cylinder-9ml|17-415|Glass Bottle,9,17-415,Amber,Metal Roller Ball,White,True,True,CpRoll17-415White,,,In Stock,full,roller | body | cap,[]
local,Cylinder,GBCylBlu5RollSlMatt,cylinder-5ml|13-415|Glass Bottle,5,13-415,Cobalt Blue,Plastic Roller Ball,Matte Silver,True,True,CPRoll13-415SlMt,,,In Stock,capSplit,body | roller | cap,[]
local,Cylinder,GBCylAmb9MtlRollMattCu,cylinder-9ml|17-415|Glass Bottle,9,17-415,Amber,Metal Roller Ball,Matte Copper,True,True,CpRoll17-415Cu,,,In Stock,full,roller | body | cap,[]
local,Cylinder,GBCyl9SpryMattSl,cylinder-9ml|17-415|Glass Bottle,9,17-415,Clear,Fine Mist Sprayer,Clear,True,True,Spry17-415MattSl,,,In Stock,full,body | sprayer | overcap | collar,[]
local,Cylinder,GBCylAmb9MtlRollMattGl,cylinder-9ml|17-415|Glass Bottle,9,17-415,Amber,Metal Roller Ball,Matte Gold,True,True,CpRoll17-415MattGl,,,In Stock,full,roller | body | cap,[]
local,Cylinder,GBCyl9SpryGl,cylinder-9ml|17-415|Glass Bottle,9,17-415,Clear,Fine Mist Sprayer,Clear,True,True,Spry17-415Gl,,,In Stock,full,body | sprayer | overcap | collar,[]
local,Cylinder,GBCylAmb9MtlRollMattSl,cylinder-9ml|17-415|Glass Bottle,9,17-415,Amber,Metal Roller Ball,Matte Silver,True,True,CpRoll17-415MattSl,,,In Stock,full,roller | body | cap,[]
local,Cylinder,GBCyl9SpryShSl,cylinder-9ml|17-415|Glass Bottle,9,17-415,Clear,Fine Mist Sprayer,Clear,False,True,Spry17-415ShnSl,media_unavailable,,In Stock,,,[]
local,Cylinder,GBRoll28Blk,cylinder-28ml|16mm|Glass Bottle,28,16mm,Clear,Plastic Roller Ball,Black,False,False,,compatibility_unresolved,,In Stock,,,[]
local,Cylinder,GBCylAmb9MtlRollPnkDot,cylinder-9ml|17-415|Glass Bottle,9,17-415,Amber,Metal Roller Ball,Pink Dotted,True,True,CpRoll17-415PnkDot,,,In Stock,full,roller | body | cap,[]
local,Cylinder,GBCyl9SpryRd,cylinder-9ml|17-415|Glass Bottle,9,17-415,Clear,Fine Mist Sprayer,Clear,False,False,,compatibility_unresolved,,In Stock,,,[]
local,Cylinder,GBCylAmb9MtlRollShBlk,cylinder-9ml|17-415|Glass Bottle,9,17-415,Amber,Metal Roller Ball,Shiny Black,True,True,CpRoll17-415ShnBlk,,,In Stock,full,roller | body | cap,[]
local,Cylinder,GBCyl9SpryTur,cylinder-9ml|17-415|Glass Bottle,9,17-415,Clear,Fine Mist Sprayer,Clear,True,True,Spry17-415Tur,,,In Stock,full,body | sprayer | overcap | collar,[]
local,Cylinder,GBCylAmb9MtlRollShnGl,cylinder-9ml|17-415|Glass Bottle,9,17-415,Amber,Metal Roller Ball,Shiny Gold,True,True,CpRoll17-415ShnGl,,,In Stock,full,roller | body | cap,[]
local,Cylinder,GBCylAmb9SpryGl,cylinder-9ml|17-415|Glass Bottle,9,17-415,Amber,Fine Mist Sprayer,Gold,True,True,Spry17-415Gl,,,In Stock,full,body | sprayer | overcap | collar,[]
local,Cylinder,GBCylAmb9MtlRollShnSl,cylinder-9ml|17-415|Glass Bottle,9,17-415,Amber,Metal Roller Ball,Shiny Silver,True,True,CpRoll17-415ShnSl,,,In Stock,full,roller | body | cap,[]
local,Cylinder,GBCylAmb9SpryMattSl,cylinder-9ml|17-415|Glass Bottle,9,17-415,Amber,Fine Mist Sprayer,Matte Silver,True,True,Spry17-415MattSl,,,In Stock,full,body | sprayer | overcap | collar,[]
local,Cylinder,GBCyl50RollBlk,cylinder-50ml|16mm|Glass Bottle,50,16mm,Clear,Plastic Roller Ball,Black,False,False,,compatibility_unresolved,,In Stock,,,[]
local,Cylinder,GBCylAmb9MtlRollSlDot,cylinder-9ml|17-415|Glass Bottle,9,17-415,Amber,Metal Roller Ball,Silver Dotted,True,True,CpRoll17-415SlDot,,,In Stock,full,roller | body | cap,[]
local,Cylinder,GBCylAmb9SpryShSl,cylinder-9ml|17-415|Glass Bottle,9,17-415,Amber,Fine Mist Sprayer,Shiny Silver,True,True,Spry17-415ShnSl,,,In Stock,full,body | sprayer | overcap | collar,[]
local,Cylinder,GBCylAmb9SpryTur,cylinder-9ml|17-415|Glass Bottle,9,17-415,Amber,Fine Mist Sprayer,Turquoise,True,True,Spry17-415Tur,,,In Stock,full,body | sprayer | overcap | collar,[]
local,Cylinder,GBCylAmb9SpryRd,cylinder-9ml|17-415|Glass Bottle,9,17-415,Amber,Fine Mist Sprayer,Red,True,True,Spry17-415Red,,,In Stock,full,body | sprayer | overcap | collar,[]
local,Cylinder,GBCyl5MtlRollBlkDot,cylinder-5ml|13-415|Glass Bottle,5,13-415,Clear,Metal Roller Ball,Black with Dots,True,True,CPRoll13-415BlackDot,,,In Stock,full,roller | body | cap,[]
local,Cylinder,GBCylBlu5MtlRollBlkDot,cylinder-5ml|13-415|Glass Bottle,5,13-415,Cobalt Blue,Metal Roller Ball,Black with Dots,True,True,CPRoll13-415BlackDot,,,In Stock,capSplit,body | cap,[]
local,Cylinder,GBCyl100AnSpLvn,cylinder-100ml|18-415|Glass Bottle,100,18-415,Clear,Vintage Bulb Sprayer,Lavender,False,False,,compatibility_unresolved,,In Stock,,,[]
local,Cylinder,GBCylBlu9SpryTur,cylinder-9ml|17-415|Glass Bottle,9,17-415,Cobalt Blue,Fine Mist Sprayer,Turquoise,True,True,Spry17-415Tur,,,In Stock,full,body | sprayer | overcap | collar,[]
local,Cylinder,GBCyl100AnSpPnk,cylinder-100ml|18-415|Glass Bottle,100,18-415,Clear,Vintage Bulb Sprayer,Pink,True,True,CP18-415AnSpPnk,,,In Stock,full,body | diptube | sprayer,[]
local,Cylinder,GBCylBlu9SpryMattSl,cylinder-9ml|17-415|Glass Bottle,9,17-415,Cobalt Blue,Fine Mist Sprayer,Matte Silver,True,True,Spry17-415MattSl,,,In Stock,full,body | sprayer | overcap | collar,[]
local,Cylinder,GBCyl100AnSpMtSl,cylinder-100ml|18-415|Glass Bottle,100,18-415,Clear,Vintage Bulb Sprayer,Matte Silver,True,True,AnSp18-415MtSl,,,In Stock,full,body | sprayer | diptube,[]
local,Cylinder,GBCylBlu9MtlRollMattSl,cylinder-9ml|17-415|Glass Bottle,9,17-415,Cobalt Blue,Metal Roller Ball,Matte Silver,True,True,CpRoll17-415MattSl,,,In Stock,full,roller | body | cap,[]
local,Cylinder,GBCylBlu9SpryGl,cylinder-9ml|17-415|Glass Bottle,9,17-415,Cobalt Blue,Fine Mist Sprayer,Gold,True,True,Spry17-415Gl,,,In Stock,full,body | sprayer | overcap | collar,[]
local,Cylinder,GBCyl100AnSpIvySl,cylinder-100ml|18-415|Glass Bottle,100,18-415,Clear,Vintage Bulb Sprayer,Ivory,True,True,AnSp18-415IvySl,,,In Stock,full,body | diptube | sprayer,[]
local,Cylinder,GBCyl9MtlRollBlkDot,cylinder-9ml|17-415|Glass Bottle,9,17-415,Clear,Metal Roller Ball,Black with Dots,True,True,CpRoll17-415BlkDot,,,In Stock,full,roller | body | cap,[]
local,Cylinder,GBCylBlu9MtlRollSlDot,cylinder-9ml|17-415|Glass Bottle,9,17-415,Cobalt Blue,Metal Roller Ball,Silver Dotted,True,True,CpRoll17-415SlDot,,,In Stock,full,roller | body | cap,[]
local,Cylinder,GBCylBlu9SpryShSl,cylinder-9ml|17-415|Glass Bottle,9,17-415,Cobalt Blue,Fine Mist Sprayer,Shiny Silver,True,True,Spry17-415ShnSl,,,In Stock,full,body | sprayer | overcap | collar,[]
local,Cylinder,GBCyl100AnSpGl,cylinder-100ml|18-415|Glass Bottle,100,18-415,Clear,Vintage Bulb Sprayer,Gold,True,True,AnSp18-415Gl,,,In Stock,full,body | diptube | sprayer,[]
local,Cylinder,GBCylAmb9MtlRollBlkDot,cylinder-9ml|17-415|Glass Bottle,9,17-415,Amber,Metal Roller Ball,Black Dotted,True,True,CpRoll17-415BlkDot,,,In Stock,full,roller | body | cap,[]
local,Cylinder,GBCylBlu9MtlRollPnkDot,cylinder-9ml|17-415|Glass Bottle,9,17-415,Cobalt Blue,Metal Roller Ball,Pink Dotted,True,True,CpRoll17-415PnkDot,,,In Stock,full,roller | body | cap,[]
local,Cylinder,GBCylBlu9SpryRd,cylinder-9ml|17-415|Glass Bottle,9,17-415,Cobalt Blue,Fine Mist Sprayer,Red,True,True,Spry17-415Red,,,In Stock,full,body | sprayer | overcap | collar,[]
local,Cylinder,GBCyl100AnSpIvyGl,cylinder-100ml|18-415|Glass Bottle,100,18-415,Clear,Vintage Bulb Sprayer,Ivory,False,False,,compatibility_unresolved,,In Stock,,,[]
local,Cylinder,GBCylBlu9MtlRollMattGl,cylinder-9ml|17-415|Glass Bottle,9,17-415,Cobalt Blue,Metal Roller Ball,Matte Gold,True,True,CpRoll17-415MattGl,,,In Stock,full,roller | body | cap,[]
local,Cylinder,GBCylFrst9SpryGl,cylinder-9ml|17-415|Glass Bottle,9,17-415,Frosted,Fine Mist Sprayer,Gold,True,True,Spry17-415Gl,,,In Stock,full,body | sprayer | overcap | collar,[]
local,Cylinder,GBCyl100AnSpWht,cylinder-100ml|18-415|Glass Bottle,100,18-415,Clear,Vintage Bulb Sprayer,White,True,True,AnSp18-415Wht,,,In Stock,full,body | diptube | sprayer,[]
local,Cylinder,GBCylBlu9MtlRollBlkDot,cylinder-9ml|17-415|Glass Bottle,9,17-415,Cobalt Blue,Metal Roller Ball,Black Dotted,True,True,CpRoll17-415BlkDot,,,In Stock,full,roller | body | cap,[]
local,Cylinder,GBCylBlu9MtlRollShnGl,cylinder-9ml|17-415|Glass Bottle,9,17-415,Cobalt Blue,Metal Roller Ball,Shiny Gold,True,True,CpRoll17-415ShnGl,,,In Stock,full,roller | body | cap,[]
local,Cylinder,GBCylFrst9SpryMattSl,cylinder-9ml|17-415|Glass Bottle,9,17-415,Frosted,Fine Mist Sprayer,Matte Silver,True,True,Spry17-415MattSl,,,In Stock,full,body | sprayer | collar | overcap,[]
local,Cylinder,GBCyl100AnSpRed,cylinder-100ml|18-415|Glass Bottle,100,18-415,Clear,Vintage Bulb Sprayer,Red,False,False,,compatibility_unresolved,,In Stock,,,[]
local,Cylinder,GBCylFrst9MtlRollBlkDot,cylinder-9ml|17-415|Glass Bottle,9,17-415,Frosted,Metal Roller Ball,Black Dotted,True,True,CpRoll17-415BlkDot,,,In Stock,full,roller | body | cap,[]
local,Cylinder,GBCylFrst9SpryShSl,cylinder-9ml|17-415|Glass Bottle,9,17-415,Frosted,Fine Mist Sprayer,Shiny Silver,True,True,Spry17-415ShnSl,,,In Stock,full,body | sprayer | overcap | collar,[]
local,Cylinder,GBCylBlu9MtlRollShnSl,cylinder-9ml|17-415|Glass Bottle,9,17-415,Cobalt Blue,Metal Roller Ball,Shiny Silver,True,True,CpRoll17-415ShnSl,,,In Stock,full,roller | body | cap,[]
local,Cylinder,GBCyl100AnSpTslLvn,cylinder-100ml|18-415|Glass Bottle,100,18-415,Clear,Vintage Bulb Sprayer with Tassel,Lavender,True,True,AnSpTsl18-415Lvn,,,In Stock,full,diptube | body | sprayer,[]
local,Cylinder,GBCylSwrl9MtlRollBlkDot,cylinder-9ml|17-415|Glass Bottle,9,17-415,Swirl,Metal Roller Ball,Black Dotted,True,True,CpRoll17-415BlkDot,,,In Stock,full,roller | body | cap,[]
local,Cylinder,GBCylBlu9MtlRollMattCu,cylinder-9ml|17-415|Glass Bottle,9,17-415,Cobalt Blue,Metal Roller Ball,Matte Copper,True,True,CpRoll17-415Cu,,,In Stock,full,roller | body | cap,[]
local,Cylinder,GBCylFrst9SpryTur,cylinder-9ml|17-415|Glass Bottle,9,17-415,Frosted,Fine Mist Sprayer,Turquoise,True,True,Spry17-415Tur,,,In Stock,full,body | sprayer | overcap | collar,[]
local,Cylinder,GBCyl100AnSpTslIvyGl,cylinder-100ml|18-415|Glass Bottle,100,18-415,Clear,Vintage Bulb Sprayer with Tassel,Ivory,False,True,AnSpTsl18-415IvyGl,ambiguous_configuration,,In Stock,full,diptube | body | sprayer,[]
local,Cylinder,GBTallCyl9MtlRollBlkDot,cylinder-9ml|13-415|Glass Bottle,9,13-415,Clear,Metal Roller Ball,Black with Dots,True,True,CPRoll13-415BlackDot,,,In Stock,capSplit,body | cap,[]
local,Cylinder,GBCylBlu9MtlRollShBlk,cylinder-9ml|17-415|Glass Bottle,9,17-415,Cobalt Blue,Metal Roller Ball,Shiny Black,True,True,CpRoll17-415ShnBlk,,,In Stock,full,roller | body | cap,[]
local,Cylinder,GBCylFrst9SpryRd,cylinder-9ml|17-415|Glass Bottle,9,17-415,Frosted,Fine Mist Sprayer,Red,True,True,Spry17-415Red,,,In Stock,full,body | sprayer | overcap | collar,[]
local,Cylinder,GBCyl100AnSpTslIvySl,cylinder-100ml|18-415|Glass Bottle,100,18-415,Clear,Vintage Bulb Sprayer with Tassel,Ivory,False,True,AnSpTsl18-415IvySl,ambiguous_configuration,,In Stock,full,body | diptube | sprayer,[]
local,Cylinder,GBTallCylFrst9MtlRollBlkDot,cylinder-9ml|13-415|Glass Bottle,9,13-415,Frosted,Metal Roller Ball,Black with Dots,True,True,CPRoll13-415BlackDot,,,In Stock,capSplit,body | cap,[]
local,Cylinder,GBCylBlu9MtlRollWht,cylinder-9ml|17-415|Glass Bottle,9,17-415,Cobalt Blue,Metal Roller Ball,White,True,True,CpRoll17-415White,,,In Stock,full,roller | body | cap,[]
local,Cylinder,GBCylSwrl9SpryGl,cylinder-9ml|17-415|Glass Bottle,9,17-415,Swirl,Fine Mist Sprayer,Gold,True,True,Spry17-415Gl,,,In Stock,full,body | sprayer | overcap | collar,[]
local,Cylinder,GBCyl100AnSpTslWht,cylinder-100ml|18-415|Glass Bottle,100,18-415,Clear,Vintage Bulb Sprayer with Tassel,White,True,True,AnSpTsl18-415Wht,,,In Stock,full,diptube | body | sprayer,[]
local,Cylinder,GBCylFrst9MtlRollWht,cylinder-9ml|17-415|Glass Bottle,9,17-415,Frosted,Metal Roller Ball,White,True,True,CpRoll17-415White,,,In Stock,full,roller | body | cap,[]
local,Cylinder,GBCylSwrl9SpryMattSl,cylinder-9ml|17-415|Glass Bottle,9,17-415,Swirl,Fine Mist Sprayer,Matte Silver,True,True,Spry17-415MattSl,,,In Stock,full,body | sprayer | overcap | collar,[]
local,Cylinder,GBCyl100AnSpTslPnk,cylinder-100ml|18-415|Glass Bottle,100,18-415,Clear,Vintage Bulb Sprayer with Tassel,Pink,True,True,AnSpTsl18-415Pnk,,,In Stock,full,diptube | body | sprayer,[]
local,Cylinder,GBCylFrst9MtlRollMattCu,cylinder-9ml|17-415|Glass Bottle,9,17-415,Frosted,Metal Roller Ball,Matte Copper,True,True,CpRoll17-415Cu,,,In Stock,full,roller | body | cap,[]
local,Cylinder,GBCylSwrl9SpryShSl,cylinder-9ml|17-415|Glass Bottle,9,17-415,Swirl,Fine Mist Sprayer,Shiny Silver,True,True,Spry17-415ShnSl,,,In Stock,full,body | sprayer | overcap | collar,[]
local,Cylinder,GBCyl100AnSpTslRed,cylinder-100ml|18-415|Glass Bottle,100,18-415,Clear,Vintage Bulb Sprayer with Tassel,Red,True,True,AnSpTsl18-415Red,,,In Stock,full,diptube | body | sprayer,[]
local,Cylinder,GBCylFrst9MtlRollMattSl,cylinder-9ml|17-415|Glass Bottle,9,17-415,Frosted,Metal Roller Ball,Matte Silver,True,True,CpRoll17-415MattSl,,,In Stock,full,roller | body | cap,[]
local,Cylinder,GBCylSwrl9SpryRd,cylinder-9ml|17-415|Glass Bottle,9,17-415,Swirl,Fine Mist Sprayer,Red,True,True,Spry17-415Red,,,In Stock,full,body | sprayer | overcap | collar,[]
local,Cylinder,GBCyl100AnSpTslMtSl,cylinder-100ml|18-415|Glass Bottle,100,18-415,Clear,Vintage Bulb Sprayer with Tassel,Matte Silver,True,True,AnSpTsl18-415MtS,,,In Stock,full,diptube | body | sprayer,[]
local,Cylinder,GBCylFrst9MtlRollSlDot,cylinder-9ml|17-415|Glass Bottle,9,17-415,Frosted,Metal Roller Ball,Silver Dotted,True,True,CpRoll17-415SlDot,,,In Stock,full,roller | body | cap,[]
local,Cylinder,GBCylSwrl9SpryTur,cylinder-9ml|17-415|Glass Bottle,9,17-415,Swirl,Fine Mist Sprayer,Clear,True,True,Spry17-415Tur,,,In Stock,full,body | sprayer | overcap | collar,[]
local,Cylinder,GBCyl100AnSpTslGl,cylinder-100ml|18-415|Glass Bottle,100,18-415,Clear,Vintage Bulb Sprayer with Tassel,Gold,True,True,CP18-415AnSpTslGl,,,In Stock,full,diptube | body | sprayer,[]
local,Cylinder,GBCylFrst9MtlRollPnkDot,cylinder-9ml|17-415|Glass Bottle,9,17-415,Frosted,Metal Roller Ball,Pink Dotted,True,True,CpRoll17-415PnkDot,,,In Stock,full,roller | body | cap,[]
local,Cylinder,GBTallCyl9SpryBluMatt,cylinder-9ml|13-415|Glass Bottle,9,13-415,Clear,Fine Mist Sprayer,Matte Blue,True,True,CP13-415SpryBluMt,,,In Stock,full,body | diptube | sprayer | overcap,[]
local,Cylinder,GBCylFrst9MtlRollMattGl,cylinder-9ml|17-415|Glass Bottle,9,17-415,Frosted,Metal Roller Ball,Matte Gold,True,True,CpRoll17-415MattGl,,,In Stock,full,roller | body | cap,[]
local,Cylinder,GBTallCyl9SpryCuMatt,cylinder-9ml|13-415|Glass Bottle,9,13-415,Clear,Fine Mist Sprayer,Matte Copper,True,True,CP13-415SpryCuMt,,,In Stock,full,body | diptube | sprayer | overcap,[]
local,Cylinder,LBCyl50LtnMtGl,cylinder-50ml|18-415|Glass Bottle,50,18-415,Clear,Lotion Pump,Matte Gold,True,True,Ltn18-415MtGl,,,In Stock,full,body | diptube | pump | overcap,[]
local,Cylinder,GBCylFrst9MtlRollShnGl,cylinder-9ml|17-415|Glass Bottle,9,17-415,Frosted,Metal Roller Ball,Shiny Gold,True,True,CpRoll17-415ShnGl,,,In Stock,full,roller | body | cap,[]
local,Cylinder,GBTallCyl9SpryBlkSh,cylinder-9ml|13-415|Glass Bottle,9,13-415,Clear,Fine Mist Sprayer,Shiny Black,True,True,CP13-415SpryBlkSh,,,In Stock,full,body | diptube | sprayer | overcap,[]
local,Cylinder,LBCyl50LtnShnGl,cylinder-50ml|18-415|Glass Bottle,50,18-415,Clear,Lotion Pump,Shiny Gold,True,True,Ltn18-415ShnGl,,,In Stock,full,body | diptube | pump | overcap,[]
local,Cylinder,GBCylAmb9RollWht,cylinder-9ml|17-415|Glass Bottle,9,17-415,Amber,Plastic Roller Ball,White,True,True,CpRoll17-415White,,,In Stock,full,body | roller | cap,[]
local,Cylinder,GBCylFrst9MtlRollShnSl,cylinder-9ml|17-415|Glass Bottle,9,17-415,Frosted,Metal Roller Ball,Shiny Silver,True,True,CpRoll17-415ShnSl,,,In Stock,full,roller | body | cap,[]
local,Cylinder,GBTallCyl9SpryGlMatt,cylinder-9ml|13-415|Glass Bottle,9,13-415,Clear,Fine Mist Sprayer,Matte Gold,True,True,CP13-415SpryGlMt,,,In Stock,full,body | diptube | sprayer | overcap,[]
local,Cylinder,LBCyl50LtnShnBlk,cylinder-50ml|18-415|Glass Bottle,50,18-415,Clear,Lotion Pump,Shiny Black,True,True,Ltn18-415ShnBlk,,,In Stock,full,body | diptube | pump | overcap,[]
local,Cylinder,GBCylAmb9RollMattCu,cylinder-9ml|17-415|Glass Bottle,9,17-415,Amber,Plastic Roller Ball,Matte Copper,True,True,CpRoll17-415Cu,,,In Stock,full,body | roller | cap,[]
local,Cylinder,GBCylFrst9MtlRollShBlk,cylinder-9ml|17-415|Glass Bottle,9,17-415,Frosted,Metal Roller Ball,Shiny Black,True,True,CpRoll17-415ShnBlk,,,In Stock,full,roller | body | cap,[]
local,Cylinder,GBTallCyl9SpryGlSh,cylinder-9ml|13-415|Glass Bottle,9,13-415,Clear,Fine Mist Sprayer,Shiny Gold,True,True,CP13-415SpryGlSh,,,In Stock,full,body | diptube | sprayer | overcap,[]
local,Cylinder,LBCyl50LtnMtSl,cylinder-50ml|18-415|Glass Bottle,50,18-415,Clear,Lotion Pump,Matte Silver,False,False,,compatibility_unresolved,,In Stock,,,[]
local,Cylinder,GBCylAmb9RollMattGl,cylinder-9ml|17-415|Glass Bottle,9,17-415,Amber,Plastic Roller Ball,Matte Gold,True,True,CpRoll17-415MattGl,,,In Stock,full,body | roller | cap,[]
local,Cylinder,GBCylSwrl9MtlRollMattSl,cylinder-9ml|17-415|Glass Bottle,9,17-415,Swirl,Metal Roller Ball,Matte Silver,True,True,CpRoll17-415MattSl,,,In Stock,full,roller | body | cap,[]
local,Cylinder,GBTallCyl9SprySlMatt,cylinder-9ml|13-415|Glass Bottle,9,13-415,Clear,Fine Mist Sprayer,Matte Silver,True,True,CP13-415SprySlMt,,,In Stock,full,body | diptube | sprayer | overcap,[]
local,Cylinder,LBCyl50LtnShnSl,cylinder-50ml|18-415|Glass Bottle,50,18-415,Clear,Lotion Pump,Shiny Silver,True,True,Ltn18-415ShnSl,,,In Stock,full,body | diptube | pump | overcap,[]
local,Cylinder,GBCylAmb9RollMattSl,cylinder-9ml|17-415|Glass Bottle,9,17-415,Amber,Plastic Roller Ball,Matte Silver,True,True,CpRoll17-415MattSl,,,In Stock,full,body | roller | cap,[]
local,Cylinder,GBCylSwrl9MtlRollSlDot,cylinder-9ml|17-415|Glass Bottle,9,17-415,Swirl,Metal Roller Ball,Silver Dotted,True,True,CpRoll17-415SlDot,,,In Stock,full,roller | body | cap,[]
local,Cylinder,GBTallCyl9SprySlSh,cylinder-9ml|13-415|Glass Bottle,9,13-415,Clear,Fine Mist Sprayer,Shiny Silver,True,True,CP13-415SprySlSh,,,In Stock,full,body | diptube | sprayer | overcap,[]
local,Cylinder,LBCyl50LtnCu,cylinder-50ml|18-415|Glass Bottle,50,18-415,Clear,Lotion Pump,Copper,True,True,Ltn18-415Cu,,,In Stock,full,diptube | body | pump | overcap,[]
local,Cylinder,GBCylAmb9RollPnkDot,cylinder-9ml|17-415|Glass Bottle,9,17-415,Amber,Plastic Roller Ball,Pink Dotted,True,True,CpRoll17-415PnkDot,,,In Stock,full,body | roller | cap,[]
local,Cylinder,GBCylSwrl9MtlRollPnkDot,cylinder-9ml|17-415|Glass Bottle,9,17-415,Swirl,Metal Roller Ball,Pink Dotted,True,True,CpRoll17-415PnkDot,,,In Stock,full,roller | body | cap,[]
local,Cylinder,GBTallCylFrst9SpryBlkSh,cylinder-9ml|13-415|Glass Bottle,9,13-415,Frosted,Fine Mist Sprayer,Frosted,True,True,CP13-415SpryBlkSh,,,In Stock,full,body | diptube | sprayer | overcap,[]
local,Cylinder,GBMtlRoll28Blk,cylinder-28ml|16mm|Glass Bottle,28,16mm,Clear,Metal Roller Ball,Black,False,False,,compatibility_unresolved,,In Stock,,,[]
local,Cylinder,GBCylAmb9RollShBlk,cylinder-9ml|17-415|Glass Bottle,9,17-415,Amber,Plastic Roller Ball,Shiny Black,True,True,CpRoll17-415ShnBlk,,,In Stock,full,body | roller | cap,[]
local,Cylinder,GBCylSwrl9MtlRollMattGl,cylinder-9ml|17-415|Glass Bottle,9,17-415,Swirl,Metal Roller Ball,Matte Gold,True,True,CpRoll17-415MattGl,,,In Stock,full,roller | body | cap,[]
local,Cylinder,GBTallCylFrst9SpryBluMatt,cylinder-9ml|13-415|Glass Bottle,9,13-415,Frosted,Fine Mist Sprayer,Frosted,True,True,CP13-415SpryBluMt,,,In Stock,full,body | diptube | sprayer | overcap,[]
local,Cylinder,GBCylSwrl9MtlRollShnGl,cylinder-9ml|17-415|Glass Bottle,9,17-415,Swirl,Metal Roller Ball,Shiny Gold,True,True,CpRoll17-415ShnGl,,,In Stock,full,roller | body | cap,[]
local,Cylinder,GBCylAmb9RollShnGl,cylinder-9ml|17-415|Glass Bottle,9,17-415,Amber,Plastic Roller Ball,Shiny Gold,True,True,CpRoll17-415ShnGl,,,In Stock,full,body | roller | cap,[]
local,Cylinder,GBTallCylFrst9SpryGlSh,cylinder-9ml|13-415|Glass Bottle,9,13-415,Frosted,Fine Mist Sprayer,Frosted,True,True,CP13-415SpryGlSh,,,In Stock,full,body | diptube | sprayer | overcap,[]
local,Cylinder,GBCylAmb9RollShnSl,cylinder-9ml|17-415|Glass Bottle,9,17-415,Amber,Plastic Roller Ball,Shiny Silver,True,True,CpRoll17-415ShnSl,,,In Stock,full,body | roller | cap,[]
local,Cylinder,GBCylSwrl9MtlRollShnSl,cylinder-9ml|17-415|Glass Bottle,9,17-415,Swirl,Metal Roller Ball,Shiny Silver,True,True,CpRoll17-415ShnSl,,,In Stock,full,roller | body | cap,[]
local,Cylinder,GBTallCylFrst9SpryGlMatt,cylinder-9ml|13-415|Glass Bottle,9,13-415,Frosted,Fine Mist Sprayer,Frosted,True,True,CP13-415SpryGlMt,,,In Stock,full,body | diptube | sprayer | overcap,[]
local,Cylinder,GBCylSwrl9MtlRollMattCu,cylinder-9ml|17-415|Glass Bottle,9,17-415,Swirl,Metal Roller Ball,Matte Copper,True,True,CpRoll17-415Cu,,,In Stock,full,roller | body | cap,[]
local,Cylinder,GBCylAmb9RollSlDot,cylinder-9ml|17-415|Glass Bottle,9,17-415,Amber,Plastic Roller Ball,Silver Dotted,True,True,CpRoll17-415SlDot,,,In Stock,full,body | roller | cap,[]
local,Cylinder,GBTallCylFrst9SprySlMatt,cylinder-9ml|13-415|Glass Bottle,9,13-415,Frosted,Fine Mist Sprayer,Frosted,True,True,CP13-415SprySlMt,,,In Stock,full,body | diptube | sprayer | overcap,[]
local,Cylinder,GBCyl50MtlRollBlk,cylinder-50ml|16mm|Glass Bottle,50,16mm,Clear,Metal Roller Ball,Black,False,False,,compatibility_unresolved,,In Stock,,,[]
local,Cylinder,GBCyl50RdcrShnGl,cylinder-50ml|18-415|Glass Bottle,50,18-415,Clear,Reducer,Shiny Gold,False,True,CP18-415ShnGl,media_unavailable,,In Stock,capSplit,body | fitment,[]
local,Cylinder,GBCylSwrl9MtlRollShBlk,cylinder-9ml|17-415|Glass Bottle,9,17-415,Swirl,Metal Roller Ball,Shiny Black,True,True,CpRoll17-415ShnBlk,,,In Stock,full,roller | body | cap,[]
local,Cylinder,GBTallCylFrst9SprySlSh,cylinder-9ml|13-415|Glass Bottle,9,13-415,Frosted,Fine Mist Sprayer,Frosted,True,True,CP13-415SprySlSh,,,In Stock,full,body | diptube | sprayer | overcap,[]
local,Cylinder,GBCyl50RdcrShnBlkTall,cylinder-50ml|18-415|Glass Bottle,50,18-415,Clear,Reducer,Tall Shiny Black,False,True,CP18-415ShnBlkTall,media_unavailable,,In Stock,capSplit,body | fitment,[]
local,Cylinder,GBTallCylFrst9SpryCuMatt,cylinder-9ml|13-415|Glass Bottle,9,13-415,Frosted,Fine Mist Sprayer,Frosted,True,True,CP13-415SpryCuMt,,,In Stock,full,body | sprayer | overcap,[]
local,Cylinder,GBCyl50RdcrShnBlk,cylinder-50ml|18-415|Glass Bottle,50,18-415,Clear,Reducer,Shiny Black,False,False,,compatibility_unresolved,,In Stock,,,[]
local,Cylinder,GBTallCyl9MtlRollBlkSh,cylinder-9ml|13-415|Glass Bottle,9,13-415,Clear,Metal Roller Ball,Shiny Black,True,True,CPRoll13-415BlkSh,,,In Stock,capSplit,body | cap,[]
local,Cylinder,GBCyl50RdcrBrwnLthr,cylinder-50ml|18-415|Glass Bottle,50,18-415,Clear,Reducer,Brown Leather,False,True,CP18-415BrwnLthr,media_unavailable,,In Stock,capSplit,body | fitment,[]
local,Cylinder,GBTallCyl9MtlRollCuMatt,cylinder-9ml|13-415|Glass Bottle,9,13-415,Clear,Metal Roller Ball,Matte Copper,True,True,CPRoll13-415Cu,,,In Stock,capSplit,body | cap,[]
local,Cylinder,GBCyl50RdcrLBrwnLthr,cylinder-50ml|18-415|Glass Bottle,50,18-415,Clear,Reducer,Light Brown Leather,False,True,CP18-415LBrwnLthr,media_unavailable,,In Stock,capSplit,body | fitment,[]
local,Cylinder,GBTallCyl9MtlRollGlMatt,cylinder-9ml|13-415|Glass Bottle,9,13-415,Clear,Metal Roller Ball,Matte Gold,True,True,CPRoll13-415GlMt,,,In Stock,capSplit,body | cap,[]
local,Cylinder,GBCyl50RdcrShnSl,cylinder-50ml|18-415|Glass Bottle,50,18-415,Clear,Reducer,Shiny Silver,False,True,CP18-415ShnSl,media_unavailable,,In Stock,capSplit,body | fitment,[]
local,Cylinder,GBTallCyl9MtlRollGlSh,cylinder-9ml|13-415|Glass Bottle,9,13-415,Clear,Metal Roller Ball,Shiny Gold,True,True,CPRoll13-415GlSh,,,In Stock,capSplit,body | cap,[]
local,Cylinder,GBCyl50RdcrMtSlTall,cylinder-50ml|18-415|Glass Bottle,50,18-415,Clear,Reducer,Tall Matte Silver,False,True,CP18-415MtSlTall,media_unavailable,,In Stock,capSplit,body | fitment,[]
local,Cylinder,GBTallCyl9MtlRollPinkDot,cylinder-9ml|13-415|Glass Bottle,9,13-415,Clear,Metal Roller Ball,Pink Dotted,True,True,CPRoll13-415PinkDot,,,In Stock,capSplit,body | cap,[]
local,Cylinder,GBCyl50RdcrMtSl,cylinder-50ml|18-415|Glass Bottle,50,18-415,Clear,Reducer,Matte Silver,False,True,CP18-415MtSl,media_unavailable,,In Stock,capSplit,body | fitment,[]
local,Cylinder,GBTallCyl9MtlRollSlDot,cylinder-9ml|13-415|Glass Bottle,9,13-415,Clear,Metal Roller Ball,Silver Dotted,True,True,CPRoll13-415SlDot,,,In Stock,capSplit,body | cap,[]
local,Cylinder,GBCylBlu9RollWht,cylinder-9ml|17-415|Glass Bottle,9,17-415,Cobalt Blue,Plastic Roller Ball,White,True,True,CpRoll17-415White,,,In Stock,full,body | roller | cap,[]
local,Cylinder,GBCyl50RdcrWht,cylinder-50ml|18-415|Glass Bottle,50,18-415,Clear,Reducer,White,False,True,CP18-415Wh,media_unavailable,,In Stock,capSplit,body | fitment,[]
local,Cylinder,GBTallCyl9MtlRollSlMatt,cylinder-9ml|13-415|Glass Bottle,9,13-415,Clear,Metal Roller Ball,Matte Silver,True,True,CPRoll13-415SlMt,,,In Stock,capSplit,body | cap,[]
local,Cylinder,GBCylBlu9RollShBlk,cylinder-9ml|17-415|Glass Bottle,9,17-415,Cobalt Blue,Plastic Roller Ball,Shiny Black,True,True,CpRoll17-415ShnBlk,,,In Stock,full,body | roller | cap,[]
local,Cylinder,GBCyl50RdcrPnkLthr,cylinder-50ml|18-415|Glass Bottle,50,18-415,Clear,Reducer,Pink Leather,False,True,CP18-415LPnkLthr,media_unavailable,,In Stock,capSplit,body | fitment,[]
local,Cylinder,GBTallCyl9MtlRollSlSh,cylinder-9ml|13-415|Glass Bottle,9,13-415,Clear,Metal Roller Ball,Shiny Silver,True,True,CPRoll13-415SlSh,,,In Stock,capSplit,body | cap,[]
local,Cylinder,GBCylBlu9RollShnGl,cylinder-9ml|17-415|Glass Bottle,9,17-415,Cobalt Blue,Plastic Roller Ball,Shiny Gold,True,True,CpRoll17-415ShnGl,,,In Stock,full,body | roller | cap,[]
local,Cylinder,GBCyl50RdcrIvyLthr,cylinder-50ml|18-415|Glass Bottle,50,18-415,Clear,Reducer,Ivory Leather,False,True,CP18-415LIvyLthr,media_unavailable,,In Stock,capSplit,body | fitment,[]
local,Cylinder,GBTallCylFrst9MtlRollSlDot,cylinder-9ml|13-415|Glass Bottle,9,13-415,Frosted,Metal Roller Ball,Silver with Dots,True,True,CPRoll13-415SlDot,,,In Stock,capSplit,body | cap,[]
local,Cylinder,GBCylBlu9RollShnSl,cylinder-9ml|17-415|Glass Bottle,9,17-415,Cobalt Blue,Plastic Roller Ball,Shiny Silver,True,True,CpRoll17-415ShnSl,,,In Stock,full,body | roller | cap,[]
local,Cylinder,GBTallCylFrst9MtlRollPinkDot,cylinder-9ml|13-415|Glass Bottle,9,13-415,Frosted,Metal Roller Ball,Pink with Dots,True,True,CPRoll13-415PinkDot,,,In Stock,capSplit,body | cap,[]
local,Cylinder,GBCylBlu9RollPnkDot,cylinder-9ml|17-415|Glass Bottle,9,17-415,Cobalt Blue,Plastic Roller Ball,Pink Dotted,False,True,CpRoll17-415PnkDot,media_unavailable,,In Stock,,,[]
local,Cylinder,GBTallCylFrst9MtlRollSlMatt,cylinder-9ml|13-415|Glass Bottle,9,13-415,Frosted,Metal Roller Ball,Matte Silver,True,True,CPRoll13-415SlMt,,,In Stock,capSplit,body | cap,[]
local,Cylinder,GBCylBlu9RollMattSl,cylinder-9ml|17-415|Glass Bottle,9,17-415,Cobalt Blue,Plastic Roller Ball,Matte Silver,True,True,CpRoll17-415MattSl,,,In Stock,full,body | roller | cap,[]
local,Cylinder,GBTallCylFrst9MtlRollGlMatt,cylinder-9ml|13-415|Glass Bottle,9,13-415,Frosted,Metal Roller Ball,Matte Gold,True,True,CPRoll13-415GlMt,,,In Stock,capSplit,body | cap,[]
local,Cylinder,GBCylBlu9RollSlDot,cylinder-9ml|17-415|Glass Bottle,9,17-415,Cobalt Blue,Plastic Roller Ball,Silver Dotted,False,True,CpRoll17-415SlDot,media_unavailable,,In Stock,,,[]
local,Cylinder,GBTallCylFrst9MtlRollGlSh,cylinder-9ml|13-415|Glass Bottle,9,13-415,Frosted,Metal Roller Ball,Shiny Gold,True,True,CPRoll13-415GlSh,,,In Stock,capSplit,body | cap,[]
local,Cylinder,GBCylBlu9RollMattGl,cylinder-9ml|17-415|Glass Bottle,9,17-415,Cobalt Blue,Plastic Roller Ball,Matte Gold,True,True,CpRoll17-415MattGl,,,In Stock,full,body | roller | cap,[]
local,Cylinder,GBTallCylFrst9MtlRollSlSh,cylinder-9ml|13-415|Glass Bottle,9,13-415,Frosted,Metal Roller Ball,Shiny Silver,True,True,CPRoll13-415SlSh,,,In Stock,capSplit,body | cap,[]
local,Cylinder,GBCylBlu9RollMattCu,cylinder-9ml|17-415|Glass Bottle,9,17-415,Cobalt Blue,Plastic Roller Ball,Matte Copper,True,True,CpRoll17-415Cu,,,In Stock,full,body | roller | cap,[]
local,Cylinder,GBTallCylFrst9MtlRollCuMatt,cylinder-9ml|13-415|Glass Bottle,9,13-415,Frosted,Metal Roller Ball,Matte Copper,True,True,CPRoll13-415Cu,,,In Stock,capSplit,body | cap,[]
local,Cylinder,GBCylFrst9RollShBlk,cylinder-9ml|17-415|Glass Bottle,9,17-415,Frosted,Plastic Roller Ball,Shiny Black,True,True,CpRoll17-415ShnBlk,,,In Stock,full,body | roller | cap,[]
local,Cylinder,GBTallCylFrst9MtlRollBlkSh,cylinder-9ml|13-415|Glass Bottle,9,13-415,Frosted,Metal Roller Ball,Shiny Black,True,True,CPRoll13-415BlkSh,,,In Stock,capSplit,body | cap,[]
local,Cylinder,GBCylFrst9RollShnGl,cylinder-9ml|17-415|Glass Bottle,9,17-415,Frosted,Plastic Roller Ball,Shiny Gold,True,True,CpRoll17-415ShnGl,,,In Stock,full,body | roller | cap,[]
local,Cylinder,GBCylFrst9RollShnSl,cylinder-9ml|17-415|Glass Bottle,9,17-415,Frosted,Plastic Roller Ball,Shiny Silver,True,True,CpRoll17-415ShnSl,,,In Stock,full,body | roller | cap,[]
local,Cylinder,GBCylFrst9RollPnkDot,cylinder-9ml|17-415|Glass Bottle,9,17-415,Frosted,Plastic Roller Ball,Pink Dotted,True,True,CpRoll17-415PnkDot,,,In Stock,full,body | roller | cap,[]
local,Cylinder,GBCylFrst9RollSlDot,cylinder-9ml|17-415|Glass Bottle,9,17-415,Frosted,Plastic Roller Ball,Silver Dotted,True,True,CpRoll17-415SlDot,,,In Stock,full,body | roller | cap,[]
local,Cylinder,GBCylFrst9RollMattSl,cylinder-9ml|17-415|Glass Bottle,9,17-415,Frosted,Plastic Roller Ball,Matte Silver,True,True,CpRoll17-415MattSl,,,In Stock,full,body | roller | cap,[]
local,Cylinder,GBCylFrst9RollMattGl,cylinder-9ml|17-415|Glass Bottle,9,17-415,Frosted,Plastic Roller Ball,Matte Gold,True,True,CpRoll17-415MattGl,,,In Stock,full,body | roller | cap,[]
local,Cylinder,GBCylFrst9RollMattCu,cylinder-9ml|17-415|Glass Bottle,9,17-415,Frosted,Plastic Roller Ball,Matte Copper,True,True,CpRoll17-415Cu,,,In Stock,full,body | roller | cap,[]
local,Cylinder,GBCylFrst9RollWht,cylinder-9ml|17-415|Glass Bottle,9,17-415,Frosted,Plastic Roller Ball,White,True,True,CpRoll17-415White,,,In Stock,full,body | roller | cap,[]
local,Cylinder,GBCyl9RollShnSl,cylinder-9ml|17-415|Glass Bottle,9,17-415,Clear,Plastic Roller Ball,Shiny Silver,True,True,CpRoll17-415ShnSl,,,In Stock,full,body | roller | cap,[]
local,Cylinder,GBCyl9RollWht,cylinder-9ml|17-415|Glass Bottle,9,17-415,Clear,Plastic Roller Ball,White,True,True,CpRoll17-415White,,,In Stock,full,body | roller | cap,[]
local,Cylinder,GBCyl9RollShnGl,cylinder-9ml|17-415|Glass Bottle,9,17-415,Clear,Plastic Roller Ball,Shiny Gold,True,True,CpRoll17-415ShnGl,,,In Stock,full,body | roller | cap,[]
local,Cylinder,GBCyl9RollShBlk,cylinder-9ml|17-415|Glass Bottle,9,17-415,Clear,Plastic Roller Ball,Shiny Black,True,True,CpRoll17-415ShnBlk,,,In Stock,full,body | roller | cap,[]
local,Cylinder,GBCyl9RollMattCu,cylinder-9ml|17-415|Glass Bottle,9,17-415,Clear,Plastic Roller Ball,Matte Copper,True,True,CpRoll17-415Cu,,,In Stock,full,body | roller | cap,[]
local,Cylinder,GBCyl9RollSlDot,cylinder-9ml|17-415|Glass Bottle,9,17-415,Clear,Plastic Roller Ball,Silver with Dots,True,True,CpRoll17-415SlDot,,,In Stock,full,body | roller | cap,[]
local,Cylinder,GBCyl9RollPnkDot,cylinder-9ml|17-415|Glass Bottle,9,17-415,Clear,Plastic Roller Ball,Pink with Dots,False,True,CpRoll17-415PnkDot,media_unavailable,,In Stock,,,[]
local,Cylinder,GBCyl9RollMattSl,cylinder-9ml|17-415|Glass Bottle,9,17-415,Clear,Plastic Roller Ball,Matte Silver,True,True,CpRoll17-415MattSl,,,In Stock,full,body | roller | cap,[]
local,Cylinder,GBCyl9RollMattGl,cylinder-9ml|17-415|Glass Bottle,9,17-415,Clear,Plastic Roller Ball,Matte Gold,True,True,CpRoll17-415MattGl,,,In Stock,full,body | roller | cap,[]
local,Cylinder,GBCylSwrl9RollShnSl,cylinder-9ml|17-415|Glass Bottle,9,17-415,Swirl,Plastic Roller Ball,Shiny Silver,False,True,CpRoll17-415ShnSl,media_unavailable,,In Stock,,,[]
local,Cylinder,GBCylSwrl9RollShnGl,cylinder-9ml|17-415|Glass Bottle,9,17-415,Swirl,Plastic Roller Ball,Shiny Gold,False,True,CpRoll17-415ShnGl,media_unavailable,,In Stock,,,[]
local,Cylinder,GBCylSwrl9RollShBlk,cylinder-9ml|17-415|Glass Bottle,9,17-415,Swirl,Plastic Roller Ball,Shiny Black,False,True,CpRoll17-415ShnBlk,media_unavailable,,In Stock,,,[]
local,Cylinder,GBCylSwrl9RollMattCu,cylinder-9ml|17-415|Glass Bottle,9,17-415,Swirl,Plastic Roller Ball,Matte Copper,False,True,CpRoll17-415Cu,media_unavailable,,In Stock,,,[]
local,Cylinder,GBCylSwrl9RollPnkDot,cylinder-9ml|17-415|Glass Bottle,9,17-415,Swirl,Plastic Roller Ball,Pink Dotted,True,True,CpRoll17-415PnkDot,,,In Stock,full,body | roller | cap,[]
local,Cylinder,GBCylSwrl9RollSlDot,cylinder-9ml|17-415|Glass Bottle,9,17-415,Swirl,Plastic Roller Ball,Silver Dotted,True,True,CpRoll17-415SlDot,,,In Stock,full,body | roller | cap,[]
local,Cylinder,GBCylSwrl9RollMattSl,cylinder-9ml|17-415|Glass Bottle,9,17-415,Swirl,Plastic Roller Ball,Matte Silver,False,True,CpRoll17-415MattSl,media_unavailable,,In Stock,,,[]
local,Cylinder,GBCylSwrl9RollMattGl,cylinder-9ml|17-415|Glass Bottle,9,17-415,Swirl,Plastic Roller Ball,Matte Gold,False,True,CpRoll17-415MattGl,media_unavailable,,In Stock,,,[]
local,Cylinder,GBTallCyl9RollBlkSh,cylinder-9ml|13-415|Glass Bottle,9,13-415,Clear,Plastic Roller Ball,Shiny Black,True,True,CPRoll13-415BlkSh,,,In Stock,capSplit,body | roller | cap,[]
local,Cylinder,GBTallCyl9RollCuMatt,cylinder-9ml|13-415|Glass Bottle,9,13-415,Clear,Plastic Roller Ball,Matte Copper,True,True,CPRoll13-415Cu,,,In Stock,capSplit,body | roller | cap,[]
local,Cylinder,GBTallCyl9RollGlMatt,cylinder-9ml|13-415|Glass Bottle,9,13-415,Clear,Plastic Roller Ball,Matte Gold,True,True,CPRoll13-415GlMt,,,In Stock,capSplit,body | roller | cap,[]
local,Cylinder,GBTallCyl9RollGlSh,cylinder-9ml|13-415|Glass Bottle,9,13-415,Clear,Plastic Roller Ball,Shiny Gold,True,True,CPRoll13-415GlSh,,,In Stock,capSplit,body | roller | cap,[]
local,Cylinder,GBTallCyl9RollPinkDot,cylinder-9ml|13-415|Glass Bottle,9,13-415,Clear,Plastic Roller Ball,Pink Dotted,True,True,CPRoll13-415PinkDot,,,In Stock,capSplit,body | roller | cap,[]
local,Cylinder,GBTallCyl9RollSlDot,cylinder-9ml|13-415|Glass Bottle,9,13-415,Clear,Plastic Roller Ball,Silver Dotted,True,True,CPRoll13-415SlDot,,,In Stock,capSplit,body | roller | cap,[]
local,Cylinder,GBTallCyl9RollSlMatt,cylinder-9ml|13-415|Glass Bottle,9,13-415,Clear,Plastic Roller Ball,Matte Silver,True,True,CPRoll13-415SlMt,,,In Stock,capSplit,body | roller | cap,[]
local,Cylinder,GBTallCyl9RollSlSh,cylinder-9ml|13-415|Glass Bottle,9,13-415,Clear,Plastic Roller Ball,Shiny Silver,True,True,CPRoll13-415SlSh,,,In Stock,capSplit,body | roller | cap,[]
local,Cylinder,GBTallCylFrst9RollSlDot,cylinder-9ml|13-415|Glass Bottle,9,13-415,Frosted,Plastic Roller Ball,Silver with Dots,True,True,CPRoll13-415SlDot,,,In Stock,capSplit,body | roller | cap,[]
local,Cylinder,GBTallCylFrst9RollPinkDot,cylinder-9ml|13-415|Glass Bottle,9,13-415,Frosted,Plastic Roller Ball,Pink with Dots,True,True,CPRoll13-415PinkDot,,,In Stock,capSplit,body | roller | cap,[]
local,Cylinder,GBTallCylFrst9RollSlMatt,cylinder-9ml|13-415|Glass Bottle,9,13-415,Frosted,Plastic Roller Ball,Matte Silver,True,True,CPRoll13-415SlMt,,,In Stock,capSplit,body | roller | cap,[]
local,Cylinder,GBCyl5BlkSht,cylinder-5ml|13-415|Glass Bottle,5,13-415,Clear,Cap/Closure,Short Ribbed Black,True,True,CP13-415BlkSht,,,In Stock,capSplit,body | cap,[]
local,Cylinder,GBTallCylFrst9RollGlMatt,cylinder-9ml|13-415|Glass Bottle,9,13-415,Frosted,Plastic Roller Ball,Matte Gold,True,True,CPRoll13-415GlMt,,,In Stock,capSplit,body | roller | cap,[]
local,Cylinder,GBTallCylFrst9RollGlSh,cylinder-9ml|13-415|Glass Bottle,9,13-415,Frosted,Plastic Roller Ball,Shiny Gold,True,True,CPRoll13-415GlSh,,,In Stock,capSplit,body | roller | cap,[]
local,Cylinder,GBCylBlu5BlkSht,cylinder-5ml|13-415|Glass Bottle,5,13-415,Cobalt Blue,Cap/Closure,Short Ribbed Black,True,True,CP13-415BlkSht,,,In Stock,capSplit,body | cap,[]
local,Cylinder,GBTallCylFrst9RollSlSh,cylinder-9ml|13-415|Glass Bottle,9,13-415,Frosted,Plastic Roller Ball,Shiny Silver,True,True,CPRoll13-415SlSh,,,In Stock,capSplit,body | roller | cap,[]
local,Cylinder,GBTallCylFrst9RollCuMatt,cylinder-9ml|13-415|Glass Bottle,9,13-415,Frosted,Plastic Roller Ball,Matte Copper,True,True,CPRoll13-415Cu,,,In Stock,capSplit,body | roller | cap,[]
local,Cylinder,GBTallCylFrst9RollBlkSh,cylinder-9ml|13-415|Glass Bottle,9,13-415,Frosted,Plastic Roller Ball,Shiny Black,True,True,CPRoll13-415BlkSh,,,In Stock,capSplit,body | roller | cap,[]
local,Cylinder,GBTallCyl9BlkSht,cylinder-9ml|13-415|Glass Bottle,9,13-415,Clear,,Short Ribbed Black,True,True,CP13-415BlkSht,,,In Stock,capSplit,body | cap,[]
local,Cylinder,GBTallCylFrst9BlkSht,cylinder-9ml|13-415|Glass Bottle,9,13-415,Frosted,,Short Ribbed Black,True,True,CP13-415BlkSht,,,In Stock,capSplit,body | cap,[]
local,Cylinder,LBCyl100LtnShnBlk,cylinder-100ml|18-415|Glass Bottle,100,18-415,Clear,Lotion Pump,Shiny Black,True,True,Ltn18-415ShnBlk,,,In Stock,full,body | diptube | pump | overcap,[]
local,Cylinder,LBCyl100LtnShnGl,cylinder-100ml|18-415|Glass Bottle,100,18-415,Clear,Lotion Pump,Shiny Gold,True,True,Ltn18-415ShnGl,,,In Stock,full,body | diptube | pump | overcap,[]
local,Cylinder,LBCyl100LtnShnSl,cylinder-100ml|18-415|Glass Bottle,100,18-415,Clear,Lotion Pump,Shiny Silver,True,True,Ltn18-415ShnSl,,,In Stock,full,body | diptube | pump | overcap,[]
local,Cylinder,LBCyl100LtnMtGl,cylinder-100ml|18-415|Glass Bottle,100,18-415,Clear,Lotion Pump,Matte Gold,True,True,Ltn18-415MtGl,,,In Stock,full,body | diptube | pump | overcap,[]
local,Cylinder,LBCyl100LtnMtSl,cylinder-100ml|18-415|Glass Bottle,100,18-415,Clear,Lotion Pump,Matte Silver,False,False,,compatibility_unresolved,,In Stock,,,[]
local,Cylinder,LBCyl100LtnCu,cylinder-100ml|18-415|Glass Bottle,100,18-415,Clear,Lotion Pump,Copper,True,True,Ltn18-415Cu,,,In Stock,full,body | pump | overcap | diptube,[]
local,Cylinder,LBCylAmb9LtnBlk,cylinder-9ml|17-415|Glass Bottle,9,17-415,Amber,Lotion Pump,Black,True,True,Ltn17-415Blk,,,In Stock,full,body | pump | overcap | collar,[]
local,Cylinder,GBCyl50AnSpLvn,cylinder-50ml|18-415|Glass Bottle,50,18-415,Clear,Vintage Bulb Sprayer,Lavender,False,False,,compatibility_unresolved,,In Stock,,,[]
local,Cylinder,LBCyl9LtnBlk,cylinder-9ml|17-415|Glass Bottle,9,17-415,Clear,Lotion Pump,Clear,True,True,Ltn17-415Blk,,,In Stock,full,body | pump | overcap | collar,[]
local,Cylinder,GBCyl50AnSpPnk,cylinder-50ml|18-415|Glass Bottle,50,18-415,Clear,Vintage Bulb Sprayer,Pink,True,True,CP18-415AnSpPnk,,,In Stock,full,diptube | body | sprayer,[]
local,Cylinder,GBCyl50AnSpMtSl,cylinder-50ml|18-415|Glass Bottle,50,18-415,Clear,Vintage Bulb Sprayer,Matte Silver,True,True,AnSp18-415MtSl,,,In Stock,full,diptube | body | sprayer,[]
local,Cylinder,LBCylBlu9LtnBlk,cylinder-9ml|17-415|Glass Bottle,9,17-415,Cobalt Blue,Lotion Pump,Black,True,True,Ltn17-415Blk,,,In Stock,full,body | pump | overcap | collar,[]
local,Cylinder,GBCyl50AnSpIvySl,cylinder-50ml|18-415|Glass Bottle,50,18-415,Clear,Vintage Bulb Sprayer,Ivory,True,True,AnSp18-415IvySl,,,In Stock,full,diptube | body | sprayer,[]
local,Cylinder,LBCylFrst9LtnBlk,cylinder-9ml|17-415|Glass Bottle,9,17-415,Frosted,Lotion Pump,Black,True,True,Ltn17-415Blk,,,In Stock,full,body | pump | overcap | collar,[]
local,Cylinder,GBCyl50AnSpGl,cylinder-50ml|18-415|Glass Bottle,50,18-415,Clear,Vintage Bulb Sprayer,Gold,True,True,AnSp18-415Gl,,,In Stock,full,diptube | body | sprayer,[]
local,Cylinder,GBCyl50AnSpIvyGl,cylinder-50ml|18-415|Glass Bottle,50,18-415,Clear,Vintage Bulb Sprayer,Ivory,False,False,,compatibility_unresolved,,In Stock,,,[]
local,Cylinder,GBCyl50AnSpWht,cylinder-50ml|18-415|Glass Bottle,50,18-415,Clear,Vintage Bulb Sprayer,White,True,True,AnSp18-415Wht,,,In Stock,full,diptube | body | sprayer,[]
local,Cylinder,GBCyl50AnSpRed,cylinder-50ml|18-415|Glass Bottle,50,18-415,Clear,Vintage Bulb Sprayer,Red,False,False,,compatibility_unresolved,,In Stock,,,[]
local,Cylinder,GBCyl50AnSpTslLvn,cylinder-50ml|18-415|Glass Bottle,50,18-415,Clear,Vintage Bulb Sprayer with Tassel,Lavender,True,True,AnSpTsl18-415Lvn,,,In Stock,full,diptube | body | sprayer,[]
local,Cylinder,LBcyl25LtnClOvrCap,cylinder-25ml|18-415|Glass Bottle,25,18-415,Clear,Lotion Pump,Clear,False,False,,compatibility_unresolved,,In Stock,,,[]
local,Cylinder,GBCyl50AnSpTslIvyGl,cylinder-50ml|18-415|Glass Bottle,50,18-415,Clear,Vintage Bulb Sprayer with Tassel,Ivory,False,True,AnSpTsl18-415IvyGl,ambiguous_configuration,,In Stock,full,diptube | body | sprayer,[]
local,Cylinder,GBCyl50AnSpTslIvySl,cylinder-50ml|18-415|Glass Bottle,50,18-415,Clear,Vintage Bulb Sprayer with Tassel,Ivory,False,True,AnSpTsl18-415IvySl,ambiguous_configuration,,In Stock,full,diptube | body | sprayer,[]
local,Cylinder,GBCyl50AnSpTslWht,cylinder-50ml|18-415|Glass Bottle,50,18-415,Clear,Vintage Bulb Sprayer with Tassel,White,True,True,AnSpTsl18-415Wht,,,In Stock,full,diptube | body | sprayer,[]
local,Cylinder,GBCyl50AnSpTslPnk,cylinder-50ml|18-415|Glass Bottle,50,18-415,Clear,Vintage Bulb Sprayer with Tassel,Pink,True,True,AnSpTsl18-415Pnk,,,In Stock,full,diptube | body | sprayer,[]
local,Cylinder,GBCyl50AnSpTslRed,cylinder-50ml|18-415|Glass Bottle,50,18-415,Clear,Vintage Bulb Sprayer with Tassel,Red,True,True,AnSpTsl18-415Red,,,In Stock,full,diptube | body | sprayer,[]
local,Cylinder,GBCyl50AnSpTslMtSl,cylinder-50ml|18-415|Glass Bottle,50,18-415,Clear,Vintage Bulb Sprayer with Tassel,Matte Silver,True,True,AnSpTsl18-415MtS,,,In Stock,full,diptube | body | sprayer,[]
local,Cylinder,GBCyl50AnSpTslGl,cylinder-50ml|18-415|Glass Bottle,50,18-415,Clear,Vintage Bulb Sprayer with Tassel,Gold,True,True,CP18-415AnSpTslGl,,,In Stock,full,diptube | body | sprayer,[]
local,Cylinder,LBCyl50LtnClOvrCap,cylinder-50ml|18-415|Glass Bottle,50,18-415,Clear,Lotion Pump,Clear Overcap,False,False,,compatibility_unresolved,,In Stock,,,[]
local,Cylinder,GBCylSwrl9SpryBlk,cylinder-9ml|17-415|Glass Bottle,9,17-415,Swirl,Fine Mist Sprayer,Black,True,True,Spry17-415Blk,,,In Stock,full,body | sprayer | overcap | collar,[]
local,Cylinder,LBCylSwrl9LtnBlk,cylinder-9ml|17-415|Glass Bottle,9,17-415,Swirl,Lotion Pump,Black,True,True,Ltn17-415Blk,,,In Stock,full,body | pump | overcap | collar,[]
local,Cylinder,PbClear8ozFlpWh,cylinder-227ml|null|Plastic Bottle,227,,Clear,N/A,White,False,False,,compatibility_unresolved,,In Stock,,,[]
local,Cylinder,PbClear4ozFlpWh,cylinder-114ml|null|Plastic Bottle,114,,Clear,N/A,White,False,False,,compatibility_unresolved,,In Stock,,,[]
local,Cylinder,GBCylBlu5BlkShSht,cylinder-5ml|13-415|Glass Bottle,5,13-415,Cobalt Blue,Cap/Closure,Short Shiny Black,False,False,,compatibility_unresolved,,In Stock,,,[]
local,Cylinder,PbNat16ozFlpWh,cylinder-454ml|null|Plastic Bottle,454,,Clear,N/A,White,False,False,,compatibility_unresolved,,In Stock,,,[]
local,Cylinder,GBCyl5WhtSht__RETIRED__GBCyl5WhtSht__kd7227hkh2tsrhwwz9mg4hqjw985cf47,cylinder-5ml|13-415|Glass Bottle,5,13-415,Clear,Cap/Closure,Short White,False,False,,compatibility_unresolved,False,Discontinued,,,[]
local,Cylinder,GBCylSwrl9MtlRollWht__RETIRED__GBCylSwrl9MtlRollWht__kd7avtmhsf7k6hvfvkx8p5mbrh85c01x,cylinder-9ml|17-415|Roll-On Bottle|swirl,9,17-415,Clear,Metal Roller Ball,White,False,False,,compatibility_unresolved,False,Discontinued,,,[]
local,Cylinder,GBCylSwrl9RollWht__RETIRED__GBCylSwrl9RollWht__kd777kxnjf1rv2vxj6h4bh95gx85cpjm,cylinder-9ml|17-415|Roll-On Bottle|swirl,9,17-415,Clear,Plastic Roller Ball,White,False,False,,compatibility_unresolved,False,Discontinued,,,[]
local,Cylinder,GBCyl100RdcrMtSl__RETIRED__GB-CYL-CLR-100ML-RDC-MSLV-01__kd76rfaq3a35zw8zgqx2azycnx86ajzj,cylinder-100ml|18-415|Glass Bottle,100,18-415,Clear,Reducer,Matte Silver,False,False,,compatibility_unresolved,False,Discontinued,,,[]
local,Cylinder,GBCyl100RdcrShnBlk__RETIRED__GB-CYL-CLR-100ML-RDC-SBLK-01__kd7656hhftpfrsjv2a719heg9h86ahtd,cylinder-100ml|18-415|Glass Bottle,100,18-415,Clear,Reducer,Shiny Black,False,False,,compatibility_unresolved,False,Discontinued,,,[]
local,Cylinder,GBCyl50RdcrMtSl__RETIRED__GB-CYL-CLR-50ML-RDC-MSLV-01__kd7a3y0btqvr24m2hv8fsj24qx86aj5y,cylinder-50ml|18-415|Glass Bottle,50,18-415,Clear,Reducer,Matte Silver,False,False,,compatibility_unresolved,False,Discontinued,,,[]
local,Cylinder,GBCyl50RdcrShnBlk__RETIRED__GB-CYL-CLR-50ML-RDC-SBLK-01__kd755tjzwd7a06m6f36m8knffd86bawg,cylinder-50ml|18-415|Glass Bottle,50,18-415,Clear,Reducer,Shiny Black,False,False,,compatibility_unresolved,False,Discontinued,,,[]
local,Cylinder,GBCyl5WhtSht,cylinder-5ml|13-415|Glass Bottle,5,13-415,Clear,Cap/Closure,Short Ribbed White,False,False,,compatibility_unresolved,,In Stock,,,[]
local,Cylinder,GBCylSwrl9MtlRollWht,cylinder-9ml|17-415|Glass Bottle,9,17-415,Swirl,Metal Roller Ball,White,True,True,CpRoll17-415White,,,In Stock,full,body | roller | cap,[]
local,Cylinder,GBTallCyl9WhtSht,cylinder-9ml|13-415|Glass Bottle,9,13-415,Clear,,Short Ribbed White,False,False,,compatibility_unresolved,,In Stock,,,[]
local,Cylinder,GBCylSwrl9RollWht,cylinder-9ml|17-415|Glass Bottle,9,17-415,Swirl,Plastic Roller Ball,White,False,True,CpRoll17-415White,media_unavailable,,In Stock,,,[]
local,Cylinder,GBCyl25AnSpBlk,cylinder-25ml|18-415|Glass Bottle,25,18-415,Clear,Vintage Bulb Sprayer,Black / Shiny Silver Collar,False,False,,compatibility_unresolved,True,Available to order,,,[]
local,Cylinder,GBCyl25AnSpGl,cylinder-25ml|18-415|Glass Bottle,25,18-415,Clear,Vintage Bulb Sprayer,Gold / Shiny Gold Collar,False,False,,compatibility_unresolved,True,Available to order,,,[]
local,Cylinder,GBCyl25AnSpTslIvySl,cylinder-25ml|18-415|Glass Bottle,25,18-415,Clear,Vintage Bulb Sprayer with Tassel,Ivory / Shiny Silver Collar,False,False,,compatibility_unresolved,True,Available to order,,,[]
local,Cylinder,GBCyl25AnSpTslMtSl,cylinder-25ml|18-415|Glass Bottle,25,18-415,Clear,Vintage Bulb Sprayer with Tassel,Matte Silver / Matte Silver Collar,False,False,,compatibility_unresolved,True,Available to order,,,[]
local,Cylinder,GBCyl25AnSpTslRed,cylinder-25ml|18-415|Glass Bottle,25,18-415,Clear,Vintage Bulb Sprayer with Tassel,Red / Shiny Silver Collar,False,False,,compatibility_unresolved,True,Available to order,,,[]
local,Cylinder,GBCyl25AnSpTslWht,cylinder-25ml|18-415|Glass Bottle,25,18-415,Clear,Vintage Bulb Sprayer with Tassel,White / Shiny Silver Collar,False,False,,compatibility_unresolved,True,Available to order,,,[]
local,Cylinder,GBCyl25DrpCu,cylinder-25ml|18-415|Glass Bottle,25,18-415,Clear,Dropper,Matte Copper,False,False,,compatibility_unresolved,True,Available to order,,,[]
local,Cylinder,GBCyl25DrpGl,cylinder-25ml|18-415|Glass Bottle,25,18-415,Clear,Dropper,Shiny Gold,False,False,,compatibility_unresolved,True,Available to order,,,[]
local,Cylinder,GBCyl25DrpSl,cylinder-25ml|18-415|Glass Bottle,25,18-415,Clear,Dropper,Shiny Silver,False,False,,compatibility_unresolved,True,Available to order,,,[]
local,Cylinder,GBCyl25RdcrIvyLthr,cylinder-25ml|18-415|Glass Bottle,25,18-415,Clear,Reducer,Ivory Faux Leather,False,False,,compatibility_unresolved,True,Available to order,,,[]
local,Cylinder,GBCyl25RdcrShnGl,cylinder-25ml|18-415|Glass Bottle,25,18-415,Clear,Reducer,Shiny Gold,False,False,,compatibility_unresolved,True,Available to order,,,[]
local,Cylinder,GBcyl25AnSpIvyGl,cylinder-25ml|18-415|Glass Bottle,25,18-415,Clear,Vintage Bulb Sprayer,Ivory / Shiny Gold Collar,False,False,,compatibility_unresolved,True,Available to order,,,[]
local,Cylinder,GBcyl25AnSpIvySl,cylinder-25ml|18-415|Glass Bottle,25,18-415,Clear,Vintage Bulb Sprayer,Ivory / Shiny Silver Collar,False,False,,compatibility_unresolved,True,Available to order,,,[]
local,Cylinder,GBcyl25AnSpLvn,cylinder-25ml|18-415|Glass Bottle,25,18-415,Clear,Vintage Bulb Sprayer,Lavender / Shiny Silver Collar,False,False,,compatibility_unresolved,True,Available to order,,,[]
local,Cylinder,GBcyl25AnSpMtSl,cylinder-25ml|18-415|Glass Bottle,25,18-415,Clear,Vintage Bulb Sprayer,Matte Silver / Matte Silver Collar,False,False,,compatibility_unresolved,True,Available to order,,,[]
local,Cylinder,GBcyl25AnSpPnk,cylinder-25ml|18-415|Glass Bottle,25,18-415,Clear,Vintage Bulb Sprayer,Pink / Shiny Gold Collar,False,False,,compatibility_unresolved,True,Available to order,,,[]
local,Cylinder,GBcyl25AnSpRed,cylinder-25ml|18-415|Glass Bottle,25,18-415,Clear,Vintage Bulb Sprayer,Red / Shiny Silver Collar,False,False,,compatibility_unresolved,True,Available to order,,,[]
local,Cylinder,GBcyl25AnSpTslBlk,cylinder-25ml|18-415|Glass Bottle,25,18-415,Clear,Vintage Bulb Sprayer with Tassel,Black / Shiny Silver Collar,False,False,,compatibility_unresolved,True,Available to order,,,[]
local,Cylinder,GBcyl25AnSpTslGl,cylinder-25ml|18-415|Glass Bottle,25,18-415,Clear,Vintage Bulb Sprayer with Tassel,Gold / Shiny Gold Collar,False,False,,compatibility_unresolved,True,Available to order,,,[]
local,Cylinder,GBcyl25AnSpTslIvyGl,cylinder-25ml|18-415|Glass Bottle,25,18-415,Clear,Vintage Bulb Sprayer with Tassel,Ivory / Shiny Gold Collar,False,False,,compatibility_unresolved,True,Available to order,,,[]
local,Cylinder,GBcyl25AnSpTslLvn,cylinder-25ml|18-415|Glass Bottle,25,18-415,Clear,Vintage Bulb Sprayer with Tassel,Lavender / Shiny Silver Collar,False,False,,compatibility_unresolved,True,Available to order,,,[]
local,Cylinder,GBcyl25AnSpTslPnk,cylinder-25ml|18-415|Glass Bottle,25,18-415,Clear,Vintage Bulb Sprayer with Tassel,Pink / Shiny Gold Collar,False,False,,compatibility_unresolved,True,Available to order,,,[]
local,Cylinder,GBcyl25AnSpWht,cylinder-25ml|18-415|Glass Bottle,25,18-415,Clear,Vintage Bulb Sprayer,White / Shiny Silver Collar,False,False,,compatibility_unresolved,True,Available to order,,,[]
local,Cylinder,GBcyl25RdcrBlkLthr,cylinder-25ml|18-415|Glass Bottle,25,18-415,Clear,Reducer,Black Faux Leather,False,False,,compatibility_unresolved,True,Available to order,,,[]
local,Cylinder,GBcyl25RdcrBrwnLthr,cylinder-25ml|18-415|Glass Bottle,25,18-415,Clear,Reducer,Brown Faux Leather,False,False,,compatibility_unresolved,True,Available to order,,,[]
local,Cylinder,GBcyl25RdcrLBrwnLthr,cylinder-25ml|18-415|Glass Bottle,25,18-415,Clear,Reducer,Light Brown Faux Leather,False,False,,compatibility_unresolved,True,Available to order,,,[]
local,Cylinder,GBcyl25RdcrMtSl,cylinder-25ml|18-415|Glass Bottle,25,18-415,Clear,Reducer,Matte Silver,False,False,,compatibility_unresolved,True,Available to order,,,[]
local,Cylinder,GBcyl25RdcrMtSlTall,cylinder-25ml|18-415|Glass Bottle,25,18-415,Clear,Reducer,Tall Matte Silver,False,False,,compatibility_unresolved,True,Available to order,,,[]
local,Cylinder,GBcyl25RdcrPnkLthr,cylinder-25ml|18-415|Glass Bottle,25,18-415,Clear,Reducer,Pink Faux Leather,False,False,,compatibility_unresolved,True,Available to order,,,[]
local,Cylinder,GBcyl25RdcrShnBlk,cylinder-25ml|18-415|Glass Bottle,25,18-415,Clear,Reducer,Shiny Black,False,False,,compatibility_unresolved,True,Available to order,,,[]
local,Cylinder,GBcyl25RdcrShnBlkTall,cylinder-25ml|18-415|Glass Bottle,25,18-415,Clear,Reducer,Tall Shiny Black,False,False,,compatibility_unresolved,True,Available to order,,,[]
local,Cylinder,GBcyl25RdcrShnSl,cylinder-25ml|18-415|Glass Bottle,25,18-415,Clear,Reducer,Shiny Silver,False,False,,compatibility_unresolved,True,Available to order,,,[]
local,Cylinder,GBcyl25RdcrWht,cylinder-25ml|18-415|Glass Bottle,25,18-415,Clear,Reducer,White,False,False,,compatibility_unresolved,True,Available to order,,,[]
local,Cylinder,GBcyl25SpryCu,cylinder-25ml|18-415|Glass Bottle,25,18-415,Clear,Fine Mist Sprayer,Matte Copper,False,False,,compatibility_unresolved,True,Available to order,,,[]
local,Cylinder,GBcyl25SpryMtGl,cylinder-25ml|18-415|Glass Bottle,25,18-415,Clear,Fine Mist Sprayer,Matte Gold,False,False,,compatibility_unresolved,True,Available to order,,,[]
local,Cylinder,GBcyl25SpryShnBlk,cylinder-25ml|18-415|Glass Bottle,25,18-415,Clear,Fine Mist Sprayer,Shiny Black,False,False,,compatibility_unresolved,True,Available to order,,,[]
local,Cylinder,GBcyl25SpryShnGl,cylinder-25ml|18-415|Glass Bottle,25,18-415,Clear,Fine Mist Sprayer,Shiny Gold,False,False,,compatibility_unresolved,True,Available to order,,,[]
local,Cylinder,GBcyl25SpryShnSl,cylinder-25ml|18-415|Glass Bottle,25,18-415,Clear,Fine Mist Sprayer,Shiny Silver,False,False,,compatibility_unresolved,True,Available to order,,,[]
local,Cylinder,GBCyl5BlkShSht,cylinder-5ml|13-415|Glass Bottle,5,13-415,Clear,Cap/Closure,Short Shiny Black,False,False,,compatibility_unresolved,True,In Stock,,,[]
local,Cylinder,GBCyl5CuSht,cylinder-5ml|13-415|Glass Bottle,5,13-415,Clear,Cap/Closure,Short Matte Copper,False,False,,compatibility_unresolved,True,In Stock,,,[]
local,Cylinder,GBCyl5GlMattSht,cylinder-5ml|13-415|Glass Bottle,5,13-415,Clear,Cap/Closure,Short Matte Gold,False,False,,compatibility_unresolved,True,In Stock,,,[]
local,Cylinder,GBCyl5GlSht,cylinder-5ml|13-415|Glass Bottle,5,13-415,Clear,Cap/Closure,Short Shiny Gold,False,False,,compatibility_unresolved,True,In Stock,,,[]
local,Cylinder,GBCyl5SlMattSht,cylinder-5ml|13-415|Glass Bottle,5,13-415,Clear,Cap/Closure,Short Matte Silver,False,False,,compatibility_unresolved,True,In Stock,,,[]
local,Cylinder,GBCyl5SlSht,cylinder-5ml|13-415|Glass Bottle,5,13-415,Clear,Cap/Closure,Short Shiny Silver,False,False,,compatibility_unresolved,True,In Stock,,,[]
local,Cylinder,GBCylBlu5CuSht,cylinder-5ml|13-415|Glass Bottle,5,13-415,Cobalt Blue,Cap/Closure,Short Matte Copper,False,False,,compatibility_unresolved,True,In Stock,,,[]
local,Cylinder,GBCylBlu5GlMattSht,cylinder-5ml|13-415|Glass Bottle,5,13-415,Cobalt Blue,Cap/Closure,Short Matte Gold,False,False,,compatibility_unresolved,True,In Stock,,,[]
local,Cylinder,GBCylBlu5GlSht,cylinder-5ml|13-415|Glass Bottle,5,13-415,Cobalt Blue,Cap/Closure,Short Shiny Gold,False,False,,compatibility_unresolved,True,In Stock,,,[]
local,Cylinder,GBCylBlu5SlMattSht,cylinder-5ml|13-415|Glass Bottle,5,13-415,Cobalt Blue,Cap/Closure,Short Matte Silver,False,False,,compatibility_unresolved,True,In Stock,,,[]
local,Cylinder,GBCylBlu5SlSht,cylinder-5ml|13-415|Glass Bottle,5,13-415,Cobalt Blue,Cap/Closure,Short Shiny Silver,False,False,,compatibility_unresolved,True,In Stock,,,[]
local,Cylinder,GBTallCyl9BlkShSht,cylinder-9ml|13-415|Glass Bottle,9,13-415,Clear,,Shiny Black,False,False,,compatibility_unresolved,True,In Stock,,,[]
local,Cylinder,GBTallCyl9CuSht,cylinder-9ml|13-415|Glass Bottle,9,13-415,Clear,,Matte Copper,False,False,,compatibility_unresolved,True,In Stock,,,[]
local,Cylinder,GBTallCyl9GlMattSht,cylinder-9ml|13-415|Glass Bottle,9,13-415,Clear,,Matte Gold,False,False,,compatibility_unresolved,True,In Stock,,,[]
local,Cylinder,GBTallCyl9GlSht,cylinder-9ml|13-415|Glass Bottle,9,13-415,Clear,,Shiny Gold,False,False,,compatibility_unresolved,True,In Stock,,,[]
local,Cylinder,GBTallCyl9SlMattSht,cylinder-9ml|13-415|Glass Bottle,9,13-415,Clear,,Matte Silver,False,False,,compatibility_unresolved,True,In Stock,,,[]
local,Cylinder,GBTallCyl9SlSht,cylinder-9ml|13-415|Glass Bottle,9,13-415,Clear,,Shiny Silver,False,False,,compatibility_unresolved,True,In Stock,,,[]
local,Cylinder,GBTallCylFrst9BlkShSht,cylinder-9ml|13-415|Glass Bottle,9,13-415,Frosted,,Shiny Black,False,False,,compatibility_unresolved,True,In Stock,,,[]
local,Cylinder,GBTallCylFrst9CuSht,cylinder-9ml|13-415|Glass Bottle,9,13-415,Frosted,,Matte Copper,False,False,,compatibility_unresolved,True,In Stock,,,[]
local,Cylinder,GBTallCylFrst9GlMattSht,cylinder-9ml|13-415|Glass Bottle,9,13-415,Frosted,,Matte Gold,False,False,,compatibility_unresolved,True,In Stock,,,[]
local,Cylinder,GBTallCylFrst9GlSht,cylinder-9ml|13-415|Glass Bottle,9,13-415,Frosted,,Shiny Gold,False,False,,compatibility_unresolved,True,In Stock,,,[]
local,Cylinder,GBTallCylFrst9SlMattSht,cylinder-9ml|13-415|Glass Bottle,9,13-415,Frosted,,Matte Silver,False,False,,compatibility_unresolved,True,In Stock,,,[]
local,Cylinder,GBTallCylFrst9SlSht,cylinder-9ml|13-415|Glass Bottle,9,13-415,Frosted,,Shiny Silver,False,False,,compatibility_unresolved,True,In Stock,,,[]
local,Circle,LBCrcl100LtnClOvrCap,circle-100ml|18-415|Glass Bottle,100,18-415,Clear,Lotion Pump,Clear Overcap,False,False,,compatibility_unresolved,,In Stock,,,[]
local,Circle,LBCrclFrst100LtnClOvrCap,circle-100ml|18-415|Glass Bottle,100,18-415,Frosted,Lotion Pump,Clear Overcap,False,False,,compatibility_unresolved,,In Stock,,,[]
local,Circle,GBCrcl15RollBlkSh,circle-15ml|13-415|Glass Bottle,15,13-415,Clear,Plastic Roller Ball,Shiny Black,True,True,CPRoll13-415BlkSh,,,In Stock,,,[]
local,Circle,GBCrcl15RollCuMatt,circle-15ml|13-415|Glass Bottle,15,13-415,Clear,Plastic Roller Ball,Matte Copper,True,True,CPRoll13-415Cu,,,In Stock,,,[]
local,Circle,GBCrcl100RdcrPnkLthr,circle-100ml|18-415|Glass Bottle,100,18-415,Clear,Reducer,Pink Leather,True,True,CP18-415LPnkLthr,,,In Stock,,,[]
local,Circle,GBCrcl15RollGlMatt,circle-15ml|13-415|Glass Bottle,15,13-415,Clear,Plastic Roller Ball,Matte Gold,True,True,CPRoll13-415GlMt,,,In Stock,,,[]
local,Circle,GBCrcl100RdcrShnGl,circle-100ml|18-415|Glass Bottle,100,18-415,Clear,Reducer,Shiny Gold,True,True,CP18-415ShnGl,,,In Stock,,,[]
local,Circle,GBCrcl15RollGlSh,circle-15ml|13-415|Glass Bottle,15,13-415,Clear,Plastic Roller Ball,Shiny Gold,True,True,CPRoll13-415GlSh,,,In Stock,,,[]
local,Circle,GBCrcl100RdcrShnBlkTall,circle-100ml|18-415|Glass Bottle,100,18-415,Clear,Reducer,Shiny Black,True,True,CP18-415ShnBlkTall,,,In Stock,,,[]
local,Circle,GBCrcl15RollPinkDot,circle-15ml|13-415|Glass Bottle,15,13-415,Clear,Plastic Roller Ball,Pink Dotted,True,True,CPRoll13-415PinkDot,,,In Stock,,,[]
local,Circle,GBCrcl100RdcrShnBlk,circle-100ml|18-415|Glass Bottle,100,18-415,Clear,Reducer,Shiny Black,False,False,,compatibility_unresolved,,In Stock,,,[]
local,Circle,GBCrcl15RollSlDot,circle-15ml|13-415|Glass Bottle,15,13-415,Clear,Plastic Roller Ball,Silver Dotted,True,True,CPRoll13-415SlDot,,,In Stock,,,[]
local,Circle,GBCrcl100RdcrBrwnLthr,circle-100ml|18-415|Glass Bottle,100,18-415,Clear,Reducer,Brown Leather,True,True,CP18-415BrwnLthr,,,In Stock,,,[]
local,Circle,GBCrcl15RollSlMatt,circle-15ml|13-415|Glass Bottle,15,13-415,Clear,Plastic Roller Ball,Matte Silver,True,True,CPRoll13-415SlMt,,,In Stock,,,[]
local,Circle,GBCrcl15RollSlSh,circle-15ml|13-415|Glass Bottle,15,13-415,Clear,Plastic Roller Ball,Shiny Silver,True,True,CPRoll13-415SlSh,,,In Stock,,,[]
local,Circle,GBCrcl100RdcrLBrwnLthr,circle-100ml|18-415|Glass Bottle,100,18-415,Clear,Reducer,Light Brown Leather,True,True,CP18-415LBrwnLthr,,,In Stock,,,[]
local,Circle,GBCrcl100RdcrShnSl,circle-100ml|18-415|Glass Bottle,100,18-415,Clear,Reducer,Shiny Silver,True,True,CP18-415ShnSl,,,In Stock,,,[]
local,Circle,GBCrcl100RdcrMtSlTall,circle-100ml|18-415|Glass Bottle,100,18-415,Clear,Reducer,Matte Silver,True,True,CP18-415MtSlTall,,,In Stock,,,[]
local,Circle,GBCrcl100RdcrMtSl,circle-100ml|18-415|Glass Bottle,100,18-415,Clear,Reducer,Matte Silver,True,True,CP18-415MtSl,,,In Stock,,,[]
local,Circle,GBCrcl100RdcrWht,circle-100ml|18-415|Glass Bottle,100,18-415,Clear,Reducer,White,True,True,CP18-415Wh,,,In Stock,,,[]
local,Circle,GBCrcl100RdcrIvyLthr,circle-100ml|18-415|Glass Bottle,100,18-415,Clear,Reducer,Ivory Leather,True,True,CP18-415LIvyLthr,,,In Stock,,,[]
local,Circle,GBCrclFrst100RdcrShnSl,circle-100ml|18-415|Glass Bottle,100,18-415,Frosted,Reducer,Shiny Silver,True,True,CP18-415ShnSl,,,In Stock,,,[]
local,Circle,GBCrclFrst100RdcrShnGl,circle-100ml|18-415|Glass Bottle,100,18-415,Frosted,Reducer,Shiny Gold,True,True,CP18-415ShnGl,,,In Stock,,,[]
local,Circle,GBCrclFrst100RdcrIvyLthr,circle-100ml|18-415|Glass Bottle,100,18-415,Frosted,Reducer,Ivory Leather,True,True,CP18-415LIvyLthr,,,In Stock,,,[]
local,Circle,GBCrclFrst100RdcrPnkLthr,circle-100ml|18-415|Glass Bottle,100,18-415,Frosted,Reducer,Pink Leather,True,True,CP18-415LPnkLthr,,,In Stock,,,[]
local,Circle,GBCrclFrst100RdcrShnBlkTall,circle-100ml|18-415|Glass Bottle,100,18-415,Frosted,Reducer,Shiny Black,True,True,CP18-415ShnBlkTall,,,In Stock,,,[]
local,Circle,GBCrclFrst100RdcrShnBlk,circle-100ml|18-415|Glass Bottle,100,18-415,Frosted,Reducer,Shiny Black,False,False,,compatibility_unresolved,,In Stock,,,[]
local,Circle,GBCrclFrst100RdcrBrwnLthr,circle-100ml|18-415|Glass Bottle,100,18-415,Frosted,Reducer,Brown Leather,True,True,CP18-415BrwnLthr,,,In Stock,,,[]
local,Circle,GBCrclFrst100RdcrLBrwnLthr,circle-100ml|18-415|Glass Bottle,100,18-415,Frosted,Reducer,Light Brown Leather,True,True,CP18-415LBrwnLthr,,,In Stock,,,[]
local,Circle,GBCrclFrst100RdcrMtSlTall,circle-100ml|18-415|Glass Bottle,100,18-415,Frosted,Reducer,Matte Silver,True,True,CP18-415MtSlTall,,,In Stock,,,[]
local,Circle,GBCrclFrst100RdcrMtSl,circle-100ml|18-415|Glass Bottle,100,18-415,Frosted,Reducer,Matte Silver,True,True,CP18-415MtSl,,,In Stock,,,[]
local,Circle,GBCrclFrst100RdcrWht,circle-100ml|18-415|Glass Bottle,100,18-415,Frosted,Reducer,White,True,True,CP18-415Wh,,,In Stock,,,[]
local,Circle,GBCrcl50SpryMtSl,circle-50ml|18-415|Glass Bottle,50,18-415,Clear,Perfume Spray Pump,Matte Silver,True,True,Spry18-415MtSl,,,In Stock,,,[]
local,Circle,GBCrcl50SpryMtGl,circle-50ml|18-415|Glass Bottle,50,18-415,Clear,Perfume Spray Pump,Matte Gold,True,True,Spry18-415MtGl,,,In Stock,,,[]
local,Circle,GBCrcl50SpryShnGl,circle-50ml|18-415|Glass Bottle,50,18-415,Clear,Perfume Spray Pump,Shiny Gold,True,True,Spry18-415ShnGl,,,In Stock,,,[]
local,Circle,GBCrcl50SpryShnBlk,circle-50ml|18-415|Glass Bottle,50,18-415,Clear,Perfume Spray Pump,Shiny Black,True,True,Spry18-415ShnBlk,,,In Stock,,,[]
local,Circle,GBCrcl50SpryShnSl,circle-50ml|18-415|Glass Bottle,50,18-415,Clear,Perfume Spray Pump,Shiny Silver,True,True,Spry18-415ShnSl,,,In Stock,,,[]
local,Circle,GBCrclFrst50SpryMtGl,circle-50ml|18-415|Glass Bottle,50,18-415,Frosted,Perfume Spray Pump,Matte Gold,True,True,Spry18-415MtGl,,,In Stock,,,[]
local,Circle,GBCrclFrst50SpryShnGl,circle-50ml|18-415|Glass Bottle,50,18-415,Frosted,Perfume Spray Pump,Shiny Gold,True,True,Spry18-415ShnGl,,,In Stock,,,[]
local,Circle,GBCrclFrst50SpryShnBlk,circle-50ml|18-415|Glass Bottle,50,18-415,Frosted,Perfume Spray Pump,Shiny Black,True,True,Spry18-415ShnBlk,,,In Stock,,,[]
local,Circle,GBCrclFrst50SpryMtSl,circle-50ml|18-415|Glass Bottle,50,18-415,Frosted,Perfume Spray Pump,Matte Silver,True,True,Spry18-415MtSl,,,In Stock,,,[]
local,Circle,GBCrcl15SpryBlkMatt,circle-15ml|13-415|Glass Bottle,15,13-415,Clear,Fine Mist Sprayer,Matte Black,True,True,CP13-415SpryBlkMt,,,In Stock,,,[]
local,Circle,GBCrclFrst50SpryShnSl,circle-50ml|18-415|Glass Bottle,50,18-415,Frosted,Perfume Spray Pump,Shiny Silver,True,True,Spry18-415ShnSl,,,In Stock,,,[]
local,Circle,GBCrcl30SpryBlk,circle-30ml|15-415|Glass Bottle,30,15-415,Clear,Perfume Spray Pump,Black,True,True,Spry15-415Blk,,,In Stock,,,[]
local,Circle,GBCrcl50SpryCu,circle-50ml|18-415|Glass Bottle,50,18-415,Clear,Perfume Spray Pump,Copper,True,True,Spry18-415Cu,,,In Stock,,,[]
local,Circle,GBCrcl50DrpSl,circle-50ml|18-415|Glass Bottle,50,18-415,Clear,Dropper,Silver,True,True,Drp18-415Sl,,,In Stock,,,[]
local,Circle,GBCrclFrst50SpryCu,circle-50ml|18-415|Glass Bottle,50,18-415,Frosted,Perfume Spray Pump,Copper,True,True,Spry18-415Cu,,,In Stock,,,[]
local,Circle,GBCrcl50DrpGl,circle-50ml|18-415|Glass Bottle,50,18-415,Clear,Dropper,Gold,True,True,Drp18-415Gl,,,In Stock,,,[]
local,Circle,GBCrclFrst50DrpSl,circle-50ml|18-415|Glass Bottle,50,18-415,Frosted,Dropper,Silver,False,False,,compatibility_unresolved,,In Stock,,,[]
local,Circle,GBCrcl15Gl,circle-15ml|13-415|Glass Bottle,15,13-415,Clear,,Gold,True,True,CP13-415Gl,,,In Stock,,,[]
local,Circle,GBCrclFrst50DrpGl,circle-50ml|18-415|Glass Bottle,50,18-415,Frosted,Dropper,Shiny Gold,False,False,,compatibility_unresolved,,In Stock,,,[]
local,Circle,GBCrcl15Sl,circle-15ml|13-415|Glass Bottle,15,13-415,Clear,,Silver,True,True,CP13-415Sl,,,In Stock,,,[]
local,Circle,GBCrcl15WhtSht,circle-15ml|13-415|Glass Bottle,15,13-415,Clear,,White,True,True,CP13-415WhtSht,,,In Stock,,,[]
local,Circle,GBCrcl15BlkSht,circle-15ml|13-415|Glass Bottle,15,13-415,Clear,,Black,True,True,CP13-415BlkSht,,,In Stock,,,[]
local,Circle,GBCrcl100SpryCu,circle-100ml|18-415|Glass Bottle,100,18-415,Clear,Perfume Spray Pump,Copper,True,True,Spry18-415Cu,,,In Stock,,,[]
local,Circle,GBCrclFrst100SpryCu,circle-100ml|18-415|Glass Bottle,100,18-415,Frosted,Perfume Spray Pump,Copper,True,True,Spry18-415Cu,,,In Stock,,,[]
local,Circle,GBCrcl30GlCap,circle-30ml|15-415|Glass Bottle,30,15-415,Clear,,Gold,False,False,,compatibility_unresolved,,In Stock,,,[]
local,Circle,GBCrcl30SlCap,circle-30ml|15-415|Glass Bottle,30,15-415,Clear,,Silver,False,False,,compatibility_unresolved,,In Stock,,,[]
local,Circle,GBCrcl100SpryMtGl,circle-100ml|18-415|Glass Bottle,100,18-415,Clear,Perfume Spray Pump,Matte Gold,True,True,Spry18-415MtGl,,,In Stock,,,[]
local,Circle,GBCrcl50RdcrBlkLthr,circle-50ml|18-415|Glass Bottle,50,18-415,Clear,Reducer,Black Leather,True,True,CP18-415BlkLthr,,,In Stock,,,[]
local,Circle,GBCrcl100SpryShnGl,circle-100ml|18-415|Glass Bottle,100,18-415,Clear,Perfume Spray Pump,Shiny Gold,True,True,Spry18-415ShnGl,,,In Stock,,,[]
local,Circle,GBCrclFrst50RdcrBlkLthr,circle-50ml|18-415|Glass Bottle,50,18-415,Frosted,Reducer,Black Leather,True,True,CP18-415BlkLthr,,,In Stock,,,[]
local,Circle,GBCrcl100SpryShnBlk,circle-100ml|18-415|Glass Bottle,100,18-415,Clear,Perfume Spray Pump,Shiny Black,True,True,Spry18-415ShnBlk,,,In Stock,,,[]
local,Circle,GBCrcl100SpryMtSl,circle-100ml|18-415|Glass Bottle,100,18-415,Clear,Perfume Spray Pump,Matte Silver,True,True,Spry18-415MtSl,,,In Stock,,,[]
local,Circle,GBCrcl100SpryShnSl,circle-100ml|18-415|Glass Bottle,100,18-415,Clear,Perfume Spray Pump,Shiny Silver,True,True,Spry18-415ShnSl,,,In Stock,,,[]
local,Circle,GBCrclFrst100SpryMtGl,circle-100ml|18-415|Glass Bottle,100,18-415,Frosted,Perfume Spray Pump,Matte Gold,True,True,Spry18-415MtGl,,,In Stock,,,[]
local,Circle,GBCrclFrst100SpryShnGl,circle-100ml|18-415|Glass Bottle,100,18-415,Frosted,Perfume Spray Pump,Shiny Gold,True,True,Spry18-415ShnGl,,,In Stock,,,[]
local,Circle,GBCrclFrst100SpryShnBlk,circle-100ml|18-415|Glass Bottle,100,18-415,Frosted,Perfume Spray Pump,Shiny Black,True,True,Spry18-415ShnBlk,,,In Stock,,,[]
local,Circle,GBCrclFrst100SpryMtSl,circle-100ml|18-415|Glass Bottle,100,18-415,Frosted,Perfume Spray Pump,Matte Silver,True,True,Spry18-415MtSl,,,In Stock,,,[]
local,Circle,GBCrclFrst100SpryShnSl,circle-100ml|18-415|Glass Bottle,100,18-415,Frosted,Perfume Spray Pump,Shiny Silver,True,True,Spry18-415ShnSl,,,In Stock,,,[]
local,Circle,GBCrcl50AnSpBlk,circle-50ml|18-415|Glass Bottle,50,18-415,Clear,Vintage Bulb Sprayer,Black,True,True,AnSp18-415Blk,,,In Stock,,,[]
local,Circle,GBCrcl100RdcrBlkLthr,circle-100ml|18-415|Glass Bottle,100,18-415,Clear,Reducer,Black Leather,True,True,CP18-415BlkLthr,,,In Stock,,,[]
local,Circle,GBCrcl50AnSpTslBlk,circle-50ml|18-415|Glass Bottle,50,18-415,Clear,Vintage Bulb Sprayer with Tassel,Black,False,True,AnSpTsl18-415Blk,media_unavailable,,In Stock,,,[]
local,Circle,GBCrclFrst100RdcrBlkLthr,circle-100ml|18-415|Glass Bottle,100,18-415,Frosted,Reducer,Black Leather,True,True,CP18-415BlkLthr,,,In Stock,,,[]
local,Circle,GBCrclFrst50AnSpBlk,circle-50ml|18-415|Glass Bottle,50,18-415,Frosted,Vintage Bulb Sprayer,Black,True,True,AnSp18-415Blk,,,In Stock,,,[]
local,Circle,GBCrcl100AnSpBlk,circle-100ml|18-415|Glass Bottle,100,18-415,Clear,Vintage Bulb Sprayer,Black,True,True,AnSp18-415Blk,,,In Stock,,,[]
local,Circle,GBCrcl100AnSpTslBlk,circle-100ml|18-415|Glass Bottle,100,18-415,Clear,Vintage Bulb Sprayer with Tassel,Black,False,True,AnSpTsl18-415Blk,media_unavailable,,In Stock,,,[]
local,Circle,GBCrclFrst100AnSpBlk,circle-100ml|18-415|Glass Bottle,100,18-415,Frosted,Vintage Bulb Sprayer,Black,False,True,AnSp18-415Blk,ambiguous_configuration,,In Stock,,,[]
local,Circle,GBCrclFrst100AnSpTslBlk,circle-100ml|18-415|Glass Bottle,100,18-415,Frosted,Vintage Bulb Sprayer,Frosted,False,True,AnSp18-415Blk,ambiguous_configuration,,In Stock,,,[]
local,Circle,GBCrcl100AnSpGl,circle-100ml|18-415|Glass Bottle,100,18-415,Clear,Vintage Bulb Sprayer,Gold,True,True,AnSp18-415Gl,,,In Stock,,,[]
local,Circle,GBCrcl100AnSpLvn,circle-100ml|18-415|Glass Bottle,100,18-415,Clear,Vintage Bulb Sprayer,Lavender,False,False,,compatibility_unresolved,,In Stock,,,[]
local,Circle,GBCrcl100AnSpIvySl,circle-100ml|18-415|Glass Bottle,100,18-415,Clear,Vintage Bulb Sprayer,Ivory,False,True,AnSp18-415IvySl,media_unavailable,,In Stock,,,[]
local,Circle,GBCrcl100AnSpRed,circle-100ml|18-415|Glass Bottle,100,18-415,Clear,Vintage Bulb Sprayer,Red,False,False,,compatibility_unresolved,,In Stock,,,[]
local,Circle,GBCrcl100AnSpMtSl,circle-100ml|18-415|Glass Bottle,100,18-415,Clear,Vintage Bulb Sprayer,Matte Silver,False,True,AnSp18-415MtSl,media_unavailable,,In Stock,,,[]
local,Circle,GBCrcl100AnSpIvyGl,circle-100ml|18-415|Glass Bottle,100,18-415,Clear,Vintage Bulb Sprayer,Ivory,False,False,,compatibility_unresolved,,In Stock,,,[]
local,Circle,GBCrcl100AnSpWht,circle-100ml|18-415|Glass Bottle,100,18-415,Clear,Vintage Bulb Sprayer,White,False,True,AnSp18-415Wht,media_unavailable,,In Stock,,,[]
local,Circle,GBCrcl100AnSpPnk,circle-100ml|18-415|Glass Bottle,100,18-415,Clear,Vintage Bulb Sprayer,Pink,True,True,CP18-415AnSpPnk,,,In Stock,,,[]
local,Circle,GBCrcl100AnSpTslGl,circle-100ml|18-415|Glass Bottle,100,18-415,Clear,Vintage Bulb Sprayer with Tassel,Gold,True,True,CP18-415AnSpTslGl,,,In Stock,,,[]
local,Circle,GBCrcl100AnSpTslIvyGl,circle-100ml|18-415|Glass Bottle,100,18-415,Clear,Vintage Bulb Sprayer with Tassel,Ivory,False,True,AnSpTsl18-415IvyGl,media_unavailable,,In Stock,,,[]
local,Circle,GBCrcl100AnSpTslLvn,circle-100ml|18-415|Glass Bottle,100,18-415,Clear,Vintage Bulb Sprayer with Tassel,Lavender,False,True,AnSpTsl18-415Lvn,media_unavailable,,In Stock,,,[]
local,Circle,GBCrcl100AnSpTslPnk,circle-100ml|18-415|Glass Bottle,100,18-415,Clear,Vintage Bulb Sprayer with Tassel,Pink,False,True,AnSpTsl18-415Pnk,media_unavailable,,In Stock,,,[]
local,Circle,GBCrcl100AnSpTslIvySl,circle-100ml|18-415|Glass Bottle,100,18-415,Clear,Vintage Bulb Sprayer with Tassel,Ivory,False,True,AnSpTsl18-415IvySl,media_unavailable,,In Stock,,,[]
local,Circle,GBCrcl100AnSpTslRed,circle-100ml|18-415|Glass Bottle,100,18-415,Clear,Vintage Bulb Sprayer with Tassel,Red,False,True,AnSpTsl18-415Red,media_unavailable,,In Stock,,,[]
local,Circle,GBCrcl100AnSpTslWht,circle-100ml|18-415|Glass Bottle,100,18-415,Clear,Vintage Bulb Sprayer with Tassel,White,False,True,AnSpTsl18-415Wht,media_unavailable,,In Stock,,,[]
local,Circle,GBCrcl15RollBlkDot,circle-15ml|13-415|Glass Bottle,15,13-415,Clear,Plastic Roller Ball,Black Dotted,True,True,CPRoll13-415BlackDot,,,In Stock,,,[]
local,Circle,GBCrcl100AnSpTslMtSl,circle-100ml|18-415|Glass Bottle,100,18-415,Clear,Vintage Bulb Sprayer with Tassel,Matte Silver,False,True,AnSpTsl18-415MtS,media_unavailable,,In Stock,,,[]
local,Circle,GBCrclFrst100AnSpGl,circle-100ml|18-415|Glass Bottle,100,18-415,Frosted,Vintage Bulb Sprayer,Shiny Gold,True,True,AnSp18-415Gl,,,In Stock,,,[]
local,Circle,GBCrclFrst100AnSpIvyGl,circle-100ml|18-415|Glass Bottle,100,18-415,Frosted,Vintage Bulb Sprayer,Ivory,False,False,,compatibility_unresolved,,In Stock,,,[]
local,Circle,GBCrclFrst100AnSpLvn,circle-100ml|18-415|Glass Bottle,100,18-415,Frosted,Vintage Bulb Sprayer,Lavender,False,False,,compatibility_unresolved,,In Stock,,,[]
local,Circle,GBCrclFrst100AnSpPnk,circle-100ml|18-415|Glass Bottle,100,18-415,Frosted,Vintage Bulb Sprayer,Pink,False,True,CP18-415AnSpPnk,ambiguous_configuration,,In Stock,,,[]
local,Circle,GBCrclFrst100AnSpRed,circle-100ml|18-415|Glass Bottle,100,18-415,Frosted,Vintage Bulb Sprayer,Red,False,False,,compatibility_unresolved,,In Stock,,,[]
local,Circle,GBCrclFrst100AnSpMtSl,circle-100ml|18-415|Glass Bottle,100,18-415,Frosted,Vintage Bulb Sprayer,Matte Silver,False,True,AnSp18-415MtSl,media_unavailable,,In Stock,,,[]
local,Circle,GBCrclFrst100AnSpWht,circle-100ml|18-415|Glass Bottle,100,18-415,Frosted,Vintage Bulb Sprayer,White,False,True,AnSp18-415Wht,media_unavailable,,In Stock,,,[]
local,Circle,GBCrclFrst100AnSpIvySl,circle-100ml|18-415|Glass Bottle,100,18-415,Frosted,Vintage Bulb Sprayer,Ivory,False,True,AnSp18-415IvySl,media_unavailable,,In Stock,,,[]
local,Circle,GBCrclFrst100AnSpTslIvyGl,circle-100ml|18-415|Glass Bottle,100,18-415,Frosted,Vintage Bulb Sprayer with Tassel,Ivory,False,True,AnSpTsl18-415IvyGl,media_unavailable,,In Stock,,,[]
local,Circle,GBCrclFrst100AnSpTslIvySl,circle-100ml|18-415|Glass Bottle,100,18-415,Frosted,Vintage Bulb Sprayer,Frosted,False,True,AnSp18-415IvySl,media_unavailable,,In Stock,,,[]
local,Circle,GBCrclFrst100AnSpTslGl,circle-100ml|18-415|Glass Bottle,100,18-415,Frosted,Vintage Bulb Sprayer with Tassel,Gold,True,True,CP18-415AnSpTslGl,,,In Stock,,,[]
local,Circle,GBCrclFrst100AnSpTslLvn,circle-100ml|18-415|Glass Bottle,100,18-415,Frosted,Vintage Bulb Sprayer,Frosted,False,False,,compatibility_unresolved,,In Stock,,,[]
local,Circle,GBCrclFrst100AnSpTslPnk,circle-100ml|18-415|Glass Bottle,100,18-415,Frosted,Vintage Bulb Sprayer,Frosted,False,True,CP18-415AnSpPnk,ambiguous_configuration,,In Stock,,,[]
local,Circle,GBCrclFrst100AnSpTslRed,circle-100ml|18-415|Glass Bottle,100,18-415,Frosted,Vintage Bulb Sprayer,Frosted,False,False,,compatibility_unresolved,,In Stock,,,[]
local,Circle,GBCrclFrst100AnSpTslWht,circle-100ml|18-415|Glass Bottle,100,18-415,Frosted,Vintage Bulb Sprayer,Frosted,False,True,AnSp18-415Wht,media_unavailable,,In Stock,,,[]
local,Circle,GBCrclFrst100AnSpTslMtSl,circle-100ml|18-415|Glass Bottle,100,18-415,Frosted,Vintage Bulb Sprayer with Tassel,Matte Silver,False,True,AnSpTsl18-415MtS,media_unavailable,,In Stock,,,[]
local,Circle,LBCrcl50LtnMtGl,circle-50ml|18-415|Glass Bottle,50,18-415,Clear,Lotion Pump,Matte Gold,False,True,Ltn18-415MtGl,media_unavailable,,In Stock,,,[]
local,Circle,GBCrcl50RdcrShnSl,circle-50ml|18-415|Glass Bottle,50,18-415,Clear,Reducer,Shiny Silver,True,True,CP18-415ShnSl,,,In Stock,,,[]
local,Circle,LBCrcl50LtnShnGl,circle-50ml|18-415|Glass Bottle,50,18-415,Clear,Lotion Pump,Shiny Gold,True,True,Ltn18-415ShnGl,,,In Stock,,,[]
local,Circle,LBCrcl50LtnShnBlk,circle-50ml|18-415|Glass Bottle,50,18-415,Clear,Lotion Pump,Shiny Black,True,True,Ltn18-415ShnBlk,,,In Stock,,,[]
local,Circle,GBCrcl50RdcrShnGl,circle-50ml|18-415|Glass Bottle,50,18-415,Clear,Reducer,Shiny Gold,True,True,CP18-415ShnGl,,,In Stock,,,[]
local,Circle,LBCrcl50LtnMtSl,circle-50ml|18-415|Glass Bottle,50,18-415,Clear,Lotion Pump,Matte Silver,False,False,,compatibility_unresolved,,In Stock,,,[]
local,Circle,GBCrcl50RdcrIvyLthr,circle-50ml|18-415|Glass Bottle,50,18-415,Clear,Reducer,Ivory Leather,True,True,CP18-415LIvyLthr,,,In Stock,,,[]
local,Circle,LBCrcl50LtnShnSl,circle-50ml|18-415|Glass Bottle,50,18-415,Clear,Lotion Pump,Shiny Silver,True,True,Ltn18-415ShnSl,,,In Stock,,,[]
local,Circle,GBCrcl50RdcrPnkLthr,circle-50ml|18-415|Glass Bottle,50,18-415,Clear,Reducer,Pink Leather,True,True,CP18-415LPnkLthr,,,In Stock,,,[]
local,Circle,LBCrcl50LtnCu,circle-50ml|18-415|Glass Bottle,50,18-415,Clear,Lotion Pump,Copper,False,True,Ltn18-415Cu,media_unavailable,,In Stock,,,[]
local,Circle,GBCrcl50RdcrShnBlkTall,circle-50ml|18-415|Glass Bottle,50,18-415,Clear,Reducer,Shiny Black,True,True,CP18-415ShnBlkTall,,,In Stock,,,[]
local,Circle,LBCrclFrst50LtnMtGl,circle-50ml|18-415|Glass Bottle,50,18-415,Frosted,Lotion Pump,Matte Gold,False,True,Ltn18-415MtGl,media_unavailable,,In Stock,,,[]
local,Circle,GBCrcl50RdcrShnBlk,circle-50ml|18-415|Glass Bottle,50,18-415,Clear,Reducer,Shiny Black,False,False,,compatibility_unresolved,,In Stock,,,[]
local,Circle,LBCrclFrst50LtnShnGl,circle-50ml|18-415|Glass Bottle,50,18-415,Frosted,Lotion Pump,Shiny Gold,True,True,Ltn18-415ShnGl,,,In Stock,,,[]
local,Circle,GBCrcl50RdcrBrwnLthr,circle-50ml|18-415|Glass Bottle,50,18-415,Clear,Reducer,Brown Leather,True,True,CP18-415BrwnLthr,,,In Stock,,,[]
local,Circle,LBCrclFrst50LtnShnBlk,circle-50ml|18-415|Glass Bottle,50,18-415,Frosted,Lotion Pump,Shiny Black,True,True,Ltn18-415ShnBlk,,,In Stock,,,[]
local,Circle,GBCrcl50RdcrLBrwnLthr,circle-50ml|18-415|Glass Bottle,50,18-415,Clear,Reducer,Light Brown Leather,True,True,CP18-415LBrwnLthr,,,In Stock,,,[]
local,Circle,LBCrclFrst50LtnMtSl,circle-50ml|18-415|Glass Bottle,50,18-415,Frosted,Lotion Pump,Matte Silver,False,False,,compatibility_unresolved,,In Stock,,,[]
local,Circle,GBCrcl50RdcrMtSlTall,circle-50ml|18-415|Glass Bottle,50,18-415,Clear,Reducer,Matte Silver,True,True,CP18-415MtSlTall,,,In Stock,,,[]
local,Circle,LBCrclFrst50LtnShnSl,circle-50ml|18-415|Glass Bottle,50,18-415,Frosted,Lotion Pump,Shiny Silver,True,True,Ltn18-415ShnSl,,,In Stock,,,[]
local,Circle,GBCrcl50RdcrWht,circle-50ml|18-415|Glass Bottle,50,18-415,Clear,Reducer,White,True,True,CP18-415Wh,,,In Stock,,,[]
local,Circle,LBCrclFrst50LtnCu,circle-50ml|18-415|Glass Bottle,50,18-415,Frosted,Lotion Pump,Copper,False,True,Ltn18-415Cu,media_unavailable,,In Stock,,,[]
local,Circle,GBCrcl50RdcrMtSl,circle-50ml|18-415|Glass Bottle,50,18-415,Clear,Reducer,Matte Silver,True,True,CP18-415MtSl,,,In Stock,,,[]
local,Circle,GBCrclFrst50RdcrShnGl,circle-50ml|18-415|Glass Bottle,50,18-415,Frosted,Reducer,Shiny Gold,True,True,CP18-415ShnGl,,,In Stock,,,[]
local,Circle,GBCrcl15MtlRollBlkDot,circle-15ml|13-415|Glass Bottle,15,13-415,Clear,Metal Roller Ball,Black Dotted,True,True,CPRoll13-415BlackDot,,,In Stock,,,[]
local,Circle,GBCrclFrst50RdcrShnBlkTall,circle-50ml|18-415|Glass Bottle,50,18-415,Frosted,Reducer,Shiny Black,True,True,CP18-415ShnBlkTall,,,In Stock,,,[]
local,Circle,GBCrclFrst50RdcrShnBlk,circle-50ml|18-415|Glass Bottle,50,18-415,Frosted,Reducer,Shiny Black,False,False,,compatibility_unresolved,,In Stock,,,[]
local,Circle,GBCrclFrst50RdcrBrwnLthr,circle-50ml|18-415|Glass Bottle,50,18-415,Frosted,Reducer,Brown Leather,True,True,CP18-415BrwnLthr,,,In Stock,,,[]
local,Circle,GBCrclFrst50RdcrLBrwnLthr,circle-50ml|18-415|Glass Bottle,50,18-415,Frosted,Reducer,Light Brown Leather,True,True,CP18-415LBrwnLthr,,,In Stock,,,[]
local,Circle,GBCrclFrst50RdcrShnSl,circle-50ml|18-415|Glass Bottle,50,18-415,Frosted,Reducer,Shiny Silver,True,True,CP18-415ShnSl,,,In Stock,,,[]
local,Circle,GBCrclFrst50RdcrMtSl,circle-50ml|18-415|Glass Bottle,50,18-415,Frosted,Reducer,Matte Silver,True,True,CP18-415MtSl,,,In Stock,,,[]
local,Circle,GBCrclFrst50RdcrWht,circle-50ml|18-415|Glass Bottle,50,18-415,Frosted,Reducer,White,True,True,CP18-415Wh,,,In Stock,,,[]
local,Circle,GBCrclFrst50RdcrPnkLthr,circle-50ml|18-415|Glass Bottle,50,18-415,Frosted,Reducer,Pink Leather,True,True,CP18-415LPnkLthr,,,In Stock,,,[]
local,Circle,GBCrclFrst50RdcrIvyLthr,circle-50ml|18-400|Glass Bottle,50,18-400,Frosted,Reducer,Ivory Leather,False,False,,compatibility_unresolved,,In Stock,,,[]
local,Circle,GBCrcl15SpryBlkSh,circle-15ml|13-415|Glass Bottle,15,13-415,Clear,Fine Mist Sprayer,Shiny Black,True,True,CP13-415SpryBlkSh,,,In Stock,,,[]
local,Circle,GBCrcl50AnSpLvn,circle-50ml|18-415|Glass Bottle,50,18-415,Clear,Vintage Bulb Sprayer,Lavender,False,False,,compatibility_unresolved,,In Stock,,,[]
local,Circle,GBCrcl15SpryBluMatt,circle-15ml|13-415|Glass Bottle,15,13-415,Clear,Fine Mist Sprayer,Matte Blue,True,True,CP13-415SpryBluMt,,,In Stock,,,[]
local,Circle,GBCrcl50AnSpPnk,circle-50ml|18-415|Glass Bottle,50,18-415,Clear,Vintage Bulb Sprayer,Pink,True,True,CP18-415AnSpPnk,,,In Stock,,,[]
local,Circle,GBCrcl15SpryCuMatt,circle-15ml|13-415|Glass Bottle,15,13-415,Clear,Fine Mist Sprayer,Matte Copper,True,True,CP13-415SpryCuMt,,,In Stock,,,[]
local,Circle,GBCrcl50AnSpMtSl,circle-50ml|18-415|Glass Bottle,50,18-415,Clear,Vintage Bulb Sprayer,Matte Silver,False,True,AnSp18-415MtSl,media_unavailable,,In Stock,,,[]
local,Circle,GBCrcl15SpryGlMatt,circle-15ml|13-415|Glass Bottle,15,13-415,Clear,Fine Mist Sprayer,Matte Gold,True,True,CP13-415SpryGlMt,,,In Stock,,,[]
local,Circle,GBCrcl50AnSpIvySl,circle-50ml|18-415|Glass Bottle,50,18-415,Clear,Vintage Bulb Sprayer,Ivory,False,True,AnSp18-415IvySl,media_unavailable,,In Stock,,,[]
local,Circle,GBCrcl15SpryGlSh,circle-15ml|13-415|Glass Bottle,15,13-415,Clear,Fine Mist Sprayer,Shiny Gold,True,True,CP13-415SpryGlSh,,,In Stock,,,[]
local,Circle,GBCrcl50AnSpGl,circle-50ml|18-415|Glass Bottle,50,18-415,Clear,Vintage Bulb Sprayer,Gold,True,True,AnSp18-415Gl,,,In Stock,,,[]
local,Circle,GBCrcl15SprySlMatt,circle-15ml|13-415|Glass Bottle,15,13-415,Clear,Fine Mist Sprayer,Matte Silver,True,True,CP13-415SprySlMt,,,In Stock,,,[]
local,Circle,GBCrcl50AnSpIvyGl,circle-50ml|18-415|Glass Bottle,50,18-415,Clear,Vintage Bulb Sprayer,Ivory,False,False,,compatibility_unresolved,,In Stock,,,[]
local,Circle,GBCrcl15SprySlSh,circle-15ml|13-415|Glass Bottle,15,13-415,Clear,Fine Mist Sprayer,Shiny Silver,True,True,CP13-415SprySlSh,,,In Stock,,,[]
local,Circle,GBCrcl50AnSpWht,circle-50ml|18-415|Glass Bottle,50,18-415,Clear,Vintage Bulb Sprayer,White,False,True,AnSp18-415Wht,media_unavailable,,In Stock,,,[]
local,Circle,GBCrcl50AnSpRed,circle-50ml|18-415|Glass Bottle,50,18-415,Clear,Vintage Bulb Sprayer,Red,False,False,,compatibility_unresolved,,In Stock,,,[]
local,Circle,GBCrcl50AnSpTslLvn,circle-50ml|18-415|Glass Bottle,50,18-415,Clear,Vintage Bulb Sprayer with Tassel,Lavender,False,True,AnSpTsl18-415Lvn,media_unavailable,,In Stock,,,[]
local,Circle,GBCrcl50AnSpTslIvyGl,circle-50ml|18-415|Glass Bottle,50,18-415,Clear,Vintage Bulb Sprayer with Tassel,Ivory,False,True,AnSpTsl18-415IvyGl,media_unavailable,,In Stock,,,[]
local,Circle,GBCrcl50AnSpTslIvySl,circle-50ml|18-415|Glass Bottle,50,18-415,Clear,Vintage Bulb Sprayer with Tassel,Ivory,False,True,AnSpTsl18-415IvySl,media_unavailable,,In Stock,,,[]
local,Circle,LBCrcl100LtnMtGl,circle-100ml|18-415|Glass Bottle,100,18-415,Clear,Lotion Pump,Matte Gold,False,True,Ltn18-415MtGl,media_unavailable,,In Stock,,,[]
local,Circle,GBCrcl50AnSpTslWht,circle-50ml|18-415|Glass Bottle,50,18-415,Clear,Vintage Bulb Sprayer with Tassel,White,False,True,AnSpTsl18-415Wht,media_unavailable,,In Stock,,,[]
local,Circle,LBCrcl100LtnShnGl,circle-100ml|18-415|Glass Bottle,100,18-415,Clear,Lotion Pump,Shiny Gold,True,True,Ltn18-415ShnGl,,,In Stock,,,[]
local,Circle,GBCrcl50AnSpTslPnk,circle-50ml|18-415|Glass Bottle,50,18-415,Clear,Vintage Bulb Sprayer with Tassel,Pink,False,True,AnSpTsl18-415Pnk,media_unavailable,,In Stock,,,[]
local,Circle,LBCrcl100LtnShnBlk,circle-100ml|18-415|Glass Bottle,100,18-415,Clear,Lotion Pump,Shiny Black,True,True,Ltn18-415ShnBlk,,,In Stock,,,[]
local,Circle,GBCrcl50AnSpTslRed,circle-50ml|18-415|Glass Bottle,50,18-415,Clear,Vintage Bulb Sprayer,Clear,False,False,,compatibility_unresolved,,In Stock,,,[]
local,Circle,LBCrcl100LtnMtSl,circle-100ml|18-415|Glass Bottle,100,18-415,Clear,Lotion Pump,Matte Silver,False,False,,compatibility_unresolved,,In Stock,,,[]
local,Circle,GBCrcl50DrpCu,circle-50ml|18-415|Glass Bottle,50,18-415,Clear,Dropper,Copper,True,True,Drp18-415Cu,,,In Stock,,,[]
local,Circle,GBCrcl50AnSpTslMtSl,circle-50ml|18-415|Glass Bottle,50,18-415,Clear,Vintage Bulb Sprayer,Clear,False,True,AnSp18-415MtSl,media_unavailable,,In Stock,,,[]
local,Circle,LBCrcl100LtnShnSl,circle-100ml|18-415|Glass Bottle,100,18-415,Clear,Lotion Pump,Shiny Silver,True,True,Ltn18-415ShnSl,,,In Stock,,,[]
local,Circle,GBCrclFrst50DrpCu,circle-50ml|18-415|Glass Bottle,50,18-415,Frosted,Dropper,Copper,False,False,,compatibility_unresolved,,In Stock,,,[]
local,Circle,GBCrcl50AnSpTslGl,circle-50ml|18-415|Glass Bottle,50,18-415,Clear,Vintage Bulb Sprayer with Tassel,Gold,True,True,CP18-415AnSpTslGl,,,In Stock,,,[]
local,Circle,LBCrcl100LtnCu,circle-100ml|18-415|Glass Bottle,100,18-415,Clear,Lotion Pump,Copper,False,True,Ltn18-415Cu,media_unavailable,,In Stock,,,[]
local,Circle,GBCrclFrst50AnSpLvn,circle-50ml|18-415|Glass Bottle,50,18-415,Frosted,Vintage Bulb Sprayer,Lavender,False,False,,compatibility_unresolved,,In Stock,,,[]
local,Circle,LBCrclFrst100LtnMtGl,circle-100ml|18-415|Glass Bottle,100,18-415,Frosted,Lotion Pump,Matte Gold,False,True,Ltn18-415MtGl,media_unavailable,,In Stock,,,[]
local,Circle,GBCrclFrst50AnSpPnk,circle-50ml|18-415|Glass Bottle,50,18-415,Frosted,Vintage Bulb Sprayer,Pink,True,True,CP18-415AnSpPnk,,,In Stock,,,[]
local,Circle,LBCrclFrst100LtnShnGl,circle-100ml|18-415|Glass Bottle,100,18-415,Frosted,Lotion Pump,Shiny Gold,True,True,Ltn18-415ShnGl,,,In Stock,,,[]
local,Circle,GBCrclFrst50AnSpMtSl,circle-50ml|18-415|Glass Bottle,50,18-415,Frosted,Vintage Bulb Sprayer,Matte Silver,False,True,AnSp18-415MtSl,media_unavailable,,In Stock,,,[]
local,Circle,LBCrclFrst100LtnShnBlk,circle-100ml|18-415|Glass Bottle,100,18-415,Frosted,Lotion Pump,Shiny Black,True,True,Ltn18-415ShnBlk,,,In Stock,,,[]
local,Circle,GBCrclFrst50AnSpIvySl,circle-50ml|18-415|Glass Bottle,50,18-415,Frosted,Vintage Bulb Sprayer,Ivory,False,True,AnSp18-415IvySl,media_unavailable,,In Stock,,,[]
local,Circle,LBCrclFrst100LtnMtSl,circle-100ml|18-415|Glass Bottle,100,18-415,Frosted,Lotion Pump,Matte Silver,False,False,,compatibility_unresolved,,In Stock,,,[]
local,Circle,GBCrclFrst50AnSpGl,circle-50ml|18-415|Glass Bottle,50,18-415,Frosted,Vintage Bulb Sprayer,Shiny Gold,True,True,AnSp18-415Gl,,,In Stock,,,[]
local,Circle,LBCrclFrst100LtnShnSl,circle-100ml|18-415|Glass Bottle,100,18-415,Frosted,Lotion Pump,Shiny Silver,True,True,Ltn18-415ShnSl,,,In Stock,,,[]
local,Circle,GBCrclFrst50AnSpIvyGl,circle-50ml|18-415|Glass Bottle,50,18-415,Frosted,Vintage Bulb Sprayer,Ivory,False,False,,compatibility_unresolved,,In Stock,,,[]
local,Circle,LBCrclFrst100LtnCu,circle-100ml|18-415|Glass Bottle,100,18-415,Frosted,Lotion Pump,Copper,False,True,Ltn18-415Cu,media_unavailable,,In Stock,,,[]
local,Circle,GBCrcl15MtlRollBlkSh,circle-15ml|13-415|Glass Bottle,15,13-415,Clear,Metal Roller Ball,Shiny Black,True,True,CPRoll13-415BlkSh,,,In Stock,,,[]
local,Circle,GBCrclFrst50AnSpWht,circle-50ml|18-415|Glass Bottle,50,18-415,Frosted,Vintage Bulb Sprayer,White,False,True,AnSp18-415Wht,media_unavailable,,In Stock,,,[]
local,Circle,GBCrcl15MtlRollCuMatt,circle-15ml|13-415|Glass Bottle,15,13-415,Clear,Metal Roller Ball,Matte Copper,True,True,CPRoll13-415Cu,,,In Stock,,,[]
local,Circle,GBCrclFrst50AnSpRed,circle-50ml|18-415|Glass Bottle,50,18-415,Frosted,Vintage Bulb Sprayer,Red,False,False,,compatibility_unresolved,,In Stock,,,[]
local,Circle,GBCrcl15MtlRollGlMatt,circle-15ml|13-415|Glass Bottle,15,13-415,Clear,Metal Roller Ball,Matte Gold,True,True,CPRoll13-415GlMt,,,In Stock,,,[]
local,Circle,GBCrcl15MtlRollGlSh,circle-15ml|13-415|Glass Bottle,15,13-415,Clear,Metal Roller Ball,Shiny Gold,True,True,CPRoll13-415GlSh,,,In Stock,,,[]
local,Circle,GBCrcl15MtlRollPinkDot,circle-15ml|13-415|Glass Bottle,15,13-415,Clear,Metal Roller Ball,Pink Dotted,True,True,CPRoll13-415PinkDot,,,In Stock,,,[]
local,Circle,GBCrcl15MtlRollSlDot,circle-15ml|13-415|Glass Bottle,15,13-415,Clear,Metal Roller Ball,Silver Dotted,True,True,CPRoll13-415SlDot,,,In Stock,,,[]
local,Circle,GBCrcl15MtlRollSlMatt,circle-15ml|13-415|Glass Bottle,15,13-415,Clear,Metal Roller Ball,Matte Silver,True,True,CPRoll13-415SlMt,,,In Stock,,,[]
local,Circle,GBCrcl15MtlRollSlSh,circle-15ml|13-415|Glass Bottle,15,13-415,Clear,Metal Roller Ball,Shiny Silver,True,True,CPRoll13-415SlSh,,,In Stock,,,[]
local,Circle,GBCrcl30SpryShSl,circle-30ml|15-415|Glass Bottle,30,15-415,Clear,Perfume Spray Pump,Shiny Silver,True,True,Spry15-415ShnSl,,,In Stock,,,[]
local,Circle,GBCrcl30SpryShnGl,circle-30ml|15-415|Glass Bottle,30,15-415,Clear,Perfume Spray Pump,Shiny Gold,True,True,Spry15-415ShnGl,,,In Stock,,,[]
local,Circle,GBCrcl30SpryMattSl,circle-30ml|15-415|Glass Bottle,30,15-415,Clear,Perfume Spray Pump,Matte Silver,True,True,Spry15-415MattSl,,,In Stock,,,[]
local,Circle,GBCrcl30SpryMattGl,circle-30ml|15-415|Glass Bottle,30,15-415,Clear,Perfume Spray Pump,Matte Gold,True,True,Spry15-415MattGl,,,In Stock,,,[]
local,Circle,LBCrcl50LtnClOvrCap,circle-50ml|18-415|Glass Bottle,50,18-415,Clear,Lotion Pump,Clear Overcap,False,False,,compatibility_unresolved,,In Stock,,,[]
local,Circle,LBCrclFrst50LtnClOvrCap,circle-50ml|18-415|Glass Bottle,50,18-415,Frosted,Lotion Pump,Clear,False,False,,compatibility_unresolved,,In Stock,,,[]
local,Circle,GBCrcl100RdcrShnBlk__RETIRED__GB-CIR-CLR-100ML-RDC-SBLK-01__kd7c1wcdk96j90fmdnpfvgj1yh86aabt,circle-100ml|18-415|Glass Bottle,100,18-415,Clear,Reducer,Shiny Black,False,False,,compatibility_unresolved,False,Discontinued,,,[]
local,Circle,GBCrcl50RdcrMtSl__RETIRED__GB-CIR-CLR-50ML-RDC-MSLV-01__kd7cafjqq7cp23m8h35f9r932h86bqw8,circle-50ml|18-415|Glass Bottle,50,18-415,Clear,Reducer,Matte Silver,False,False,,compatibility_unresolved,False,Discontinued,,,[]
local,Circle,GBCrcl50RdcrShnBlk__RETIRED__GB-CIR-CLR-50ML-RDC-SBLK-01__kd7ay22swne9wk7tht5maq38jn86b2q2,circle-50ml|18-415|Glass Bottle,50,18-415,Clear,Reducer,Shiny Black,False,False,,compatibility_unresolved,False,Discontinued,,,[]
local,Circle,GBCrclFrst50RdcrShnBlk__RETIRED__GB-CIR-FRS-50ML-RDC-SBLK-01__kd72z90yaffjgv50fnea5z3be986ajda,circle-50ml|18-415|Glass Bottle,50,18-415,Frosted,Reducer,Shiny Black,False,False,,compatibility_unresolved,False,Discontinued,,,[]
