websiteSku,convexRecordId,familyId,mediaStatus,renderMode,legacyUrl,releaseBlockers,catalogNotes,platePath,sourceQualityNote
GBCyl100AnSpBlk,kd74cq4cyncn7nmxw1fbyara3h81vsnb,cylinder-100ml-clear-18-415,validated_local,validated-master-reuse,https://www.bestbottles.com/product/cylinder-design-100-ml-glass-bottle-black-vintage-style-bulb-sprayer-shiny-silver-collar-cap,,,/Users/jordanrichter/.codex/worktrees/cc9c/Best-Bottles-Website-02-20-2026/dist/paper-doll/cylinder-complete/plates/cylinder-100ml-clear-18-415/GBCyl100AnSpBlk.front-on.webp,
GBCyl100AnSpGl,kd706gd0q28m1xgcaybjbcreq581tmgn,cylinder-100ml-clear-18-415,validated_local,validated-master-reuse,https://www.bestbottles.com/product/cylinder-design-100-ml-glass-bottle-gold-vintage-style-sprayer-shiny-gold-collar-cap,,,/Users/jordanrichter/.codex/worktrees/cc9c/Best-Bottles-Website-02-20-2026/dist/paper-doll/cylinder-complete/plates/cylinder-100ml-clear-18-415/GBCyl100AnSpGl.front-on.webp,
GBCyl100AnSpIvyGl,kd7bg5b5mfe4hjykj0pc7vkxx981vgdr,cylinder-100ml-clear-18-415,validated_local,validated-master-reuse,https://www.bestbottles.com/product/cylinder-design-100-ml-glass-bottle-ivory-vintage-style-bulb-sprayer-shiny-gold-collar-cap,,,/Users/jordanrichter/.codex/worktrees/cc9c/Best-Bottles-Website-02-20-2026/dist/paper-doll/cylinder-complete/plates/cylinder-100ml-clear-18-415/GBCyl100AnSpIvyGl.front-on.webp,
GBCyl100AnSpIvySl,kd714a1vqpyedhn6wrn9rdbhn181v413,cylinder-100ml-clear-18-415,validated_local,validated-master-reuse,https://www.bestbottles.com/product/cylinder-design-100-ml-glass-bottle-ivory-vintage-style-bulb-sprayer-shiny-silver-collar-cap,,,/Users/jordanrichter/.codex/worktrees/cc9c/Best-Bottles-Website-02-20-2026/dist/paper-doll/cylinder-complete/plates/cylinder-100ml-clear-18-415/GBCyl100AnSpIvySl.front-on.webp,
GBCyl100AnSpLvn,kd71ffsy5pqr09a4ajvzwb20js81tepw,cylinder-100ml-clear-18-415,validated_local,validated-master-reuse,https://www.bestbottles.com/product/cylinder-design-100-ml-glass-bottle-lavender-vintage-style-bulb-sprayer-shiny-silver-collar-cap,,,/Users/jordanrichter/.codex/worktrees/cc9c/Best-Bottles-Website-02-20-2026/dist/paper-doll/cylinder-complete/plates/cylinder-100ml-clear-18-415/GBCyl100AnSpLvn.front-on.webp,
GBCyl100AnSpMtSl,kd718mcc2favzv96p146wwx67581vee6,cylinder-100ml-clear-18-415,validated_local,validated-master-reuse,https://www.bestbottles.com/product/cylinder-design-100-ml-glass-bottle-matte-silver-vintage-style-sprayer-matte-silver-collar-cap,,,/Users/jordanrichter/.codex/worktrees/cc9c/Best-Bottles-Website-02-20-2026/dist/paper-doll/cylinder-complete/plates/cylinder-100ml-clear-18-415/GBCyl100AnSpMtSl.front-on.webp,
GBCyl100AnSpPnk,kd7asfb0wf0p9pkcbx1wqf9jt581v6me,cylinder-100ml-clear-18-415,validated_local,validated-master-reuse,https://www.bestbottles.com/product/cylinder-design-100-ml-glass-bottle-pink-vintage-style-bulb-sprayer-shiny-gold-collar-cap,,,/Users/jordanrichter/.codex/worktrees/cc9c/Best-Bottles-Website-02-20-2026/dist/paper-doll/cylinder-complete/plates/cylinder-100ml-clear-18-415/GBCyl100AnSpPnk.front-on.webp,
GBCyl100AnSpRed,kd7c84j4ns42fqsh9a77njcmxs81tehy,cylinder-100ml-clear-18-415,validated_local,validated-master-reuse,https://www.bestbottles.com/product/cylinder-design-100-ml-glass-bottle-red-vintage-style-bulb-sprayer-shiny-silver-collar-cap,,,/Users/jordanrichter/.codex/worktrees/cc9c/Best-Bottles-Website-02-20-2026/dist/paper-doll/cylinder-complete/plates/cylinder-100ml-clear-18-415/GBCyl100AnSpRed.front-on.webp,
GBCyl100AnSpTslBlk,kd7dh7sdm6ejv6wrzefrxy8b3981vqpj,cylinder-100ml-clear-18-415,validated_local,reviewed-body-anchor,https://www.bestbottles.com/product/cylinder-design-100-ml-glass-bottle-black-vintage-style-sprayer-with-tassel-shiny-silver-collar,,,/Users/jordanrichter/.codex/worktrees/cc9c/Best-Bottles-Website-02-20-2026/dist/paper-doll/cylinder-complete/plates/cylinder-100ml-clear-18-415/GBCyl100AnSpTslBlk.front-on.webp,Merged master PSD
GBCyl100AnSpTslGl,kd764tx3pg3ay0ka8agxs7bea981vdsx,cylinder-100ml-clear-18-415,validated_local,validated-master-reuse,https://www.bestbottles.com/product/cylinder-design-100-ml-glass-bottle-gold-vintage-style-sprayer-with-tassel-shiny-gold-collar,,,/Users/jordanrichter/.codex/worktrees/cc9c/Best-Bottles-Website-02-20-2026/dist/paper-doll/cylinder-complete/plates/cylinder-100ml-clear-18-415/GBCyl100AnSpTslGl.front-on.webp,
GBCyl100AnSpTslIvyGl,kd7cwn613h7bg6z1ktzy8ae1sd81tkeh,cylinder-100ml-clear-18-415,validated_local,validated-master-reuse,https://www.bestbottles.com/product/cylinder-design-100-ml-glass-bottle-ivory-vintage-style-sprayer-with-tassel-shiny-gold-collar,,,/Users/jordanrichter/.codex/worktrees/cc9c/Best-Bottles-Website-02-20-2026/dist/paper-doll/cylinder-complete/plates/cylinder-100ml-clear-18-415/GBCyl100AnSpTslIvyGl.front-on.webp,
GBCyl100AnSpTslIvySl,kd742mn38bn47a7cy0she9b6y581th9v,cylinder-100ml-clear-18-415,validated_local,validated-master-reuse,https://www.bestbottles.com/product/cylinder-design-100-ml-glass-bottle-ivory-vintage-style-sprayer-with-tassel-shiny-silver-collar,,,/Users/jordanrichter/.codex/worktrees/cc9c/Best-Bottles-Website-02-20-2026/dist/paper-doll/cylinder-complete/plates/cylinder-100ml-clear-18-415/GBCyl100AnSpTslIvySl.front-on.webp,
GBCyl100AnSpTslLvn,kd74mmdphre3g652r6fnj5g6k581vcbw,cylinder-100ml-clear-18-415,validated_local,validated-master-reuse,https://www.bestbottles.com/product/cylinder-design-100-ml-glass-bottle-lavender-vintage-style-sprayer-with-tassel-shiny-silver-collar,,,/Users/jordanrichter/.codex/worktrees/cc9c/Best-Bottles-Website-02-20-2026/dist/paper-doll/cylinder-complete/plates/cylinder-100ml-clear-18-415/GBCyl100AnSpTslLvn.front-on.webp,
GBCyl100AnSpTslMtSl,kd73nym2ehkswr6ppxv289890s81tg5m,cylinder-100ml-clear-18-415,validated_local,validated-master-reuse,https://www.bestbottles.com/product/cylinder-design-100-ml-glass-bottle-matte-silver-vintage-style-sprayer-with-tassel-matte-silver-collar,,,/Users/jordanrichter/.codex/worktrees/cc9c/Best-Bottles-Website-02-20-2026/dist/paper-doll/cylinder-complete/plates/cylinder-100ml-clear-18-415/GBCyl100AnSpTslMtSl.front-on.webp,
GBCyl100AnSpTslPnk,kd71pc37vd2ehnbm2hnzadfcx581vnjz,cylinder-100ml-clear-18-415,validated_local,validated-master-reuse,https://www.bestbottles.com/product/cylinder-design-100-ml-glass-bottle-pink-vintage-style-sprayer-with-tassel-shiny-gold-collar,,,/Users/jordanrichter/.codex/worktrees/cc9c/Best-Bottles-Website-02-20-2026/dist/paper-doll/cylinder-complete/plates/cylinder-100ml-clear-18-415/GBCyl100AnSpTslPnk.front-on.webp,
GBCyl100AnSpTslRed,kd727ntvnx652xky3s36s9sgcs81vy13,cylinder-100ml-clear-18-415,validated_local,reviewed-body-anchor,https://www.bestbottles.com/product/cylinder-design-100-ml-glass-bottle-red-vintage-style-sprayer-with-tassel-shiny-silver-collar,,,/Users/jordanrichter/.codex/worktrees/cc9c/Best-Bottles-Website-02-20-2026/dist/paper-doll/cylinder-complete/plates/cylinder-100ml-clear-18-415/GBCyl100AnSpTslRed.front-on.webp,Merged master PSD
GBCyl100AnSpTslWht,kd72z1n2e9atg5yzxc0p9sft7181tyfj,cylinder-100ml-clear-18-415,validated_local,validated-master-reuse,https://www.bestbottles.com/product/cylinder-design-100-ml-glass-bottle-white-vintage-style-sprayer-with-tassel-shiny-silver-collar,,,/Users/jordanrichter/.codex/worktrees/cc9c/Best-Bottles-Website-02-20-2026/dist/paper-doll/cylinder-complete/plates/cylinder-100ml-clear-18-415/GBCyl100AnSpTslWht.front-on.webp,
GBCyl100AnSpWht,kd7cskk9dwab2h9fqtzx9h6ea581td88,cylinder-100ml-clear-18-415,validated_local,reviewed-body-anchor,https://www.bestbottles.com/product/cylinder-design-100-ml-glass-bottle-white-vintage-style-bulb-sprayer-shiny-silver-collar-cap,,,/Users/jordanrichter/.codex/worktrees/cc9c/Best-Bottles-Website-02-20-2026/dist/paper-doll/cylinder-complete/plates/cylinder-100ml-clear-18-415/GBCyl100AnSpWht.front-on.webp,Merged master PSD
GBCyl100RdcrBlkLthr,kd7es5swvq622xdnjhkeg2d2p581thvq,cylinder-100ml-clear-18-415,validated_local,validated-master-reuse,https://www.bestbottles.com/product/cylinder-design-100-ml-glass-bottle-reducer-black-faux-leather-cap,,,/Users/jordanrichter/.codex/worktrees/cc9c/Best-Bottles-Website-02-20-2026/dist/paper-doll/cylinder-complete/plates/cylinder-100ml-clear-18-415/GBCyl100RdcrBlkLthr.front-on.webp,
GBCyl100RdcrBrwnLthr,kd7d7zq271g5c29dbadb3k6c1181twn8,cylinder-100ml-clear-18-415,validated_local,validated-master-reuse,https://www.bestbottles.com/product/cylinder-design-100-ml-glass-bottle-reducer-brown-faux-leather-cap,,,/Users/jordanrichter/.codex/worktrees/cc9c/Best-Bottles-Website-02-20-2026/dist/paper-doll/cylinder-complete/plates/cylinder-100ml-clear-18-415/GBCyl100RdcrBrwnLthr.front-on.webp,
GBCyl100RdcrIvyLthr,kd76efj0sypr31w5tc47kdadg181t6k3,cylinder-100ml-clear-18-415,validated_local,validated-master-reuse,https://www.bestbottles.com/product/cylinder-design-100-ml-glass-bottle-reducer-ivory-faux-leather-cap,,,/Users/jordanrichter/.codex/worktrees/cc9c/Best-Bottles-Website-02-20-2026/dist/paper-doll/cylinder-complete/plates/cylinder-100ml-clear-18-415/GBCyl100RdcrIvyLthr.front-on.webp,
GBCyl100RdcrLBrwnLthr,kd77k7sn6eytb7vkdaadz23ntn81vyfm,cylinder-100ml-clear-18-415,validated_local,validated-master-reuse,https://www.bestbottles.com/product/cylinder-design-100-ml-glass-bottle-reducer-light-brown-faux-leather-cap,,,/Users/jordanrichter/.codex/worktrees/cc9c/Best-Bottles-Website-02-20-2026/dist/paper-doll/cylinder-complete/plates/cylinder-100ml-clear-18-415/GBCyl100RdcrLBrwnLthr.front-on.webp,
GBCyl100RdcrMtSl,kd73mj6k00g2v31cdmzdgv138d81t1a1,cylinder-100ml-clear-18-415,validated_local,validated-master-reuse,https://www.bestbottles.com/product/cylinder-design-100-ml-glass-bottle-reducer-silver-matte-cap,,,/Users/jordanrichter/.codex/worktrees/cc9c/Best-Bottles-Website-02-20-2026/dist/paper-doll/cylinder-complete/plates/cylinder-100ml-clear-18-415/GBCyl100RdcrMtSl.front-on.webp,
GBCyl100RdcrMtSlTall,kd730sd5t4m3xpe6429q0p3bm981vvj8,cylinder-100ml-clear-18-415,validated_local,validated-master-reuse,https://www.bestbottles.com/product/cylinder-design-100-ml-glass-bottle-reducer-tall-silver-matte-cap,,,/Users/jordanrichter/.codex/worktrees/cc9c/Best-Bottles-Website-02-20-2026/dist/paper-doll/cylinder-complete/plates/cylinder-100ml-clear-18-415/GBCyl100RdcrMtSlTall.front-on.webp,
GBCyl100RdcrPnkLthr,kd7d7hektbsaxhtxyhwx2wzxsd81vm06,cylinder-100ml-clear-18-415,validated_local,validated-master-reuse,https://www.bestbottles.com/product/cylinder-design-100-ml-glass-bottle-reducer-pink-faux-leather-cap,,,/Users/jordanrichter/.codex/worktrees/cc9c/Best-Bottles-Website-02-20-2026/dist/paper-doll/cylinder-complete/plates/cylinder-100ml-clear-18-415/GBCyl100RdcrPnkLthr.front-on.webp,
GBCyl100RdcrShnBlk,kd708r8hmb2mbjfef28n12grhh81vdn0,cylinder-100ml-clear-18-415,validated_local,validated-master-reuse,https://www.bestbottles.com/product/cylinder-design-100-ml-glass-bottle-reducer-black-shiny-cap,,,/Users/jordanrichter/.codex/worktrees/cc9c/Best-Bottles-Website-02-20-2026/dist/paper-doll/cylinder-complete/plates/cylinder-100ml-clear-18-415/GBCyl100RdcrShnBlk.front-on.webp,
GBCyl100RdcrShnBlkTall,kd79k79qpknckktmyh60fsjkn981txr5,cylinder-100ml-clear-18-415,validated_local,validated-master-reuse,https://www.bestbottles.com/product/cylinder-design-100-ml-glass-bottle-reducer-tall-black-shiny-cap,,,/Users/jordanrichter/.codex/worktrees/cc9c/Best-Bottles-Website-02-20-2026/dist/paper-doll/cylinder-complete/plates/cylinder-100ml-clear-18-415/GBCyl100RdcrShnBlkTall.front-on.webp,
GBCyl100RdcrShnGl,kd734xyt8g2q53x59nyts1zy4s81vtdq,cylinder-100ml-clear-18-415,validated_local,validated-master-reuse,https://www.bestbottles.com/product/cylinder-design-100-ml-glass-bottle-reducer-shiny-gold-cap,,,/Users/jordanrichter/.codex/worktrees/cc9c/Best-Bottles-Website-02-20-2026/dist/paper-doll/cylinder-complete/plates/cylinder-100ml-clear-18-415/GBCyl100RdcrShnGl.front-on.webp,
GBCyl100RdcrShnSl,kd76v940sdc9w8dcxfmrd6h65x81vfpe,cylinder-100ml-clear-18-415,validated_local,validated-master-reuse,https://www.bestbottles.com/product/cylinder-design-100-ml-glass-bottle-reducer-shiny-silver-cap,,,/Users/jordanrichter/.codex/worktrees/cc9c/Best-Bottles-Website-02-20-2026/dist/paper-doll/cylinder-complete/plates/cylinder-100ml-clear-18-415/GBCyl100RdcrShnSl.front-on.webp,
GBCyl100RdcrWht,kd77b4c4at7e0asqfebk0pt4kn81v172,cylinder-100ml-clear-18-415,validated_local,validated-master-reuse,https://www.bestbottles.com/product/cylinder-design-100-ml-glass-bottle-reducer-white-cap,,,/Users/jordanrichter/.codex/worktrees/cc9c/Best-Bottles-Website-02-20-2026/dist/paper-doll/cylinder-complete/plates/cylinder-100ml-clear-18-415/GBCyl100RdcrWht.front-on.webp,
GBCyl100SpryCu,kd7353mycn5fbxsk721br1cban81vqbj,cylinder-100ml-clear-18-415,validated_local,validated-master-reuse,https://www.bestbottles.com/product/cylinder-design-100-ml-glass-bottle-matte-copper-spray-and-cap,,,/Users/jordanrichter/.codex/worktrees/cc9c/Best-Bottles-Website-02-20-2026/dist/paper-doll/cylinder-complete/plates/cylinder-100ml-clear-18-415/GBCyl100SpryCu.front-on.webp,
GBCyl100SpryMtGl,kd73j085mdc1h3nstfhc3v6vrx81vwyv,cylinder-100ml-clear-18-415,validated_local,validated-master-reuse,https://www.bestbottles.com/product/cylinder-design-100-ml-glass-bottle-matte-gold-spray-pump-and-cap,,,/Users/jordanrichter/.codex/worktrees/cc9c/Best-Bottles-Website-02-20-2026/dist/paper-doll/cylinder-complete/plates/cylinder-100ml-clear-18-415/GBCyl100SpryMtGl.front-on.webp,
GBCyl100SpryMtSl,kd7fg9ekz1ptnnjkybs8jyafm981tn9j,cylinder-100ml-clear-18-415,validated_local,validated-master-reuse,https://www.bestbottles.com/product/cylinder-design-100-ml-glass-bottle-matte-silver-spray-pump-and-cap,,,/Users/jordanrichter/.codex/worktrees/cc9c/Best-Bottles-Website-02-20-2026/dist/paper-doll/cylinder-complete/plates/cylinder-100ml-clear-18-415/GBCyl100SpryMtSl.front-on.webp,
GBCyl100SpryShnBlk,kd79t5wffx43d0vdhb5cd05zs581va1n,cylinder-100ml-clear-18-415,validated_local,validated-master-reuse,https://www.bestbottles.com/product/cylinder-design-100-ml-glass-bottle-shiny-black-spray-pump-and-cap,,,/Users/jordanrichter/.codex/worktrees/cc9c/Best-Bottles-Website-02-20-2026/dist/paper-doll/cylinder-complete/plates/cylinder-100ml-clear-18-415/GBCyl100SpryShnBlk.front-on.webp,
GBCyl100SpryShnGl,kd7ewxe07n18zrx030g1rmfxf181t90s,cylinder-100ml-clear-18-415,validated_local,validated-master-reuse,https://www.bestbottles.com/product/cylinder-design-100-ml-glass-bottle-shiny-gold-spray-pump-and-cap,,,/Users/jordanrichter/.codex/worktrees/cc9c/Best-Bottles-Website-02-20-2026/dist/paper-doll/cylinder-complete/plates/cylinder-100ml-clear-18-415/GBCyl100SpryShnGl.front-on.webp,
GBCyl100SpryShnSl,kd7cwf4bxya5z2xe1edda74zp181vts7,cylinder-100ml-clear-18-415,validated_local,validated-master-reuse,https://www.bestbottles.com/product/cylinder-design-100-ml-glass-bottle-shiny-silver-spray-and-cap,,,/Users/jordanrichter/.codex/worktrees/cc9c/Best-Bottles-Website-02-20-2026/dist/paper-doll/cylinder-complete/plates/cylinder-100ml-clear-18-415/GBCyl100SpryShnSl.front-on.webp,
LBCyl100LtnClOvrCap,kd7ez9ttn7jb03tvzkg4zknkrh81tq8c,cylinder-100ml-clear-18-415,validated_local,validated-master-reuse,https://www.bestbottles.com/product/cylinder-design-100-ml-glass-bottle-clear-over-the-cap-lotion-pump-matte-silver-collar-cap,,,/Users/jordanrichter/.codex/worktrees/cc9c/Best-Bottles-Website-02-20-2026/dist/paper-doll/cylinder-complete/plates/cylinder-100ml-clear-18-415/LBCyl100LtnClOvrCap.front-on.webp,
LBCyl100LtnCu,kd7fz4tkzy0pv8myz5w2b7agax81tgnw,cylinder-100ml-clear-18-415,validated_local,validated-master-reuse,https://www.bestbottles.com/product/cylinder-design-100-ml-glass-bottle-matte-copper-lotion-pump-and-cap,,,/Users/jordanrichter/.codex/worktrees/cc9c/Best-Bottles-Website-02-20-2026/dist/paper-doll/cylinder-complete/plates/cylinder-100ml-clear-18-415/LBCyl100LtnCu.front-on.webp,
LBCyl100LtnMtGl,kd77f85cx42hn45fwf60gnm4ph81v9dn,cylinder-100ml-clear-18-415,validated_local,validated-master-reuse,https://www.bestbottles.com/product/cylinder-design-100-ml-glass-bottle-matte-gold-lotion-pump-and-cap,,,/Users/jordanrichter/.codex/worktrees/cc9c/Best-Bottles-Website-02-20-2026/dist/paper-doll/cylinder-complete/plates/cylinder-100ml-clear-18-415/LBCyl100LtnMtGl.front-on.webp,
LBCyl100LtnMtSl,kd7eegd65axjgm5f3m4agar48n81twef,cylinder-100ml-clear-18-415,validated_local,validated-master-reuse,https://www.bestbottles.com/product/cylinder-design-100-ml-glass-bottle-matte-silver-lotion-pump-and-cap,,,/Users/jordanrichter/.codex/worktrees/cc9c/Best-Bottles-Website-02-20-2026/dist/paper-doll/cylinder-complete/plates/cylinder-100ml-clear-18-415/LBCyl100LtnMtSl.front-on.webp,
LBCyl100LtnShnBlk,kd7az78j7y7x6a8tecz30wvhr181t78s,cylinder-100ml-clear-18-415,validated_local,validated-master-reuse,https://www.bestbottles.com/product/cylinder-design-100-ml-glass-bottle-shiny-black-lotion-pump-and-cap,,,/Users/jordanrichter/.codex/worktrees/cc9c/Best-Bottles-Website-02-20-2026/dist/paper-doll/cylinder-complete/plates/cylinder-100ml-clear-18-415/LBCyl100LtnShnBlk.front-on.webp,
LBCyl100LtnShnGl,kd75fa6x1t35x86209yqk2vccn81vphg,cylinder-100ml-clear-18-415,validated_local,validated-master-reuse,https://www.bestbottles.com/product/cylinder-design-100-ml-glass-bottle-shiny-gold-lotion-pump-and-cap,,,/Users/jordanrichter/.codex/worktrees/cc9c/Best-Bottles-Website-02-20-2026/dist/paper-doll/cylinder-complete/plates/cylinder-100ml-clear-18-415/LBCyl100LtnShnGl.front-on.webp,
LBCyl100LtnShnSl,kd76m7cdabkecv1qrfymv2rdk181tt2s,cylinder-100ml-clear-18-415,validated_local,validated-master-reuse,https://www.bestbottles.com/product/cylinder-design-100-ml-glass-bottle-shiny-silver-lotion-pump-and-cap,,,/Users/jordanrichter/.codex/worktrees/cc9c/Best-Bottles-Website-02-20-2026/dist/paper-doll/cylinder-complete/plates/cylinder-100ml-clear-18-415/LBCyl100LtnShnSl.front-on.webp,
PbClear4ozFlpWh,kd776q566hvp6t94v07s4kk6ss82atbn,cylinder-118ml-clear,validated_local,reviewed-body-anchor,https://www.bestbottles.com/product/cylinder-design-4-oz-plastic-bottle-white-flip-top-cap,Resolve 114/118 mL capacity conflict,Legacy specifies 114 mL; production says 118 mL; established route retained,/Users/jordanrichter/.codex/worktrees/cc9c/Best-Bottles-Website-02-20-2026/dist/paper-doll/cylinder-complete/plates/cylinder-118ml-clear/PbClear4ozFlpWh.front-on.webp,Legacy raster; canvas size does not increase source detail
PbClear8ozFlpWh,kd7265h9e28tjr2fzvp0q2cg1h82acwe,cylinder-227ml-clear,validated_local,reviewed-body-anchor,https://www.bestbottles.com/product/cylinder-design-16-oz-plastic-bottle-white-flip-top-cap,,,/Users/jordanrichter/.codex/worktrees/cc9c/Best-Bottles-Website-02-20-2026/dist/paper-doll/cylinder-complete/plates/cylinder-227ml-clear/PbClear8ozFlpWh.front-on.webp,Legacy raster; canvas size does not increase source detail
GBCyl25AnSpBlk,,cylinder-25ml-clear-18-415,validated_local,reviewed-body-anchor,https://www.bestbottles.com/all-bottles/option_details.php?items_count=2&OPTinv_id=2058,Exact active legacy SKU has no production Convex record,,/Users/jordanrichter/.codex/worktrees/cc9c/Best-Bottles-Website-02-20-2026/dist/paper-doll/cylinder-complete/plates/cylinder-25ml-clear-18-415/GBCyl25AnSpBlk.front-on.webp,Merged master PSD
GBCyl25AnSpGl,,cylinder-25ml-clear-18-415,validated_local,reviewed-body-anchor,https://www.bestbottles.com/all-bottles/option_details.php?items_count=2&OPTinv_id=2056,Exact active legacy SKU has no production Convex record,,/Users/jordanrichter/.codex/worktrees/cc9c/Best-Bottles-Website-02-20-2026/dist/paper-doll/cylinder-complete/plates/cylinder-25ml-clear-18-415/GBCyl25AnSpGl.front-on.webp,Merged master PSD
GBCyl25AnSpTslIvySl,,cylinder-25ml-clear-18-415,validated_local,reviewed-body-anchor,https://www.bestbottles.com/all-bottles/option_details.php?items_count=3&OPTinv_id=3211,Exact active legacy SKU has no production Convex record,,/Users/jordanrichter/.codex/worktrees/cc9c/Best-Bottles-Website-02-20-2026/dist/paper-doll/cylinder-complete/plates/cylinder-25ml-clear-18-415/GBCyl25AnSpTslIvySl.front-on.webp,Merged master PSD
GBCyl25AnSpTslMtSl,,cylinder-25ml-clear-18-415,validated_local,reviewed-body-anchor,https://www.bestbottles.com/all-bottles/option_details.php?items_count=3&OPTinv_id=3213,Exact active legacy SKU has no production Convex record,,/Users/jordanrichter/.codex/worktrees/cc9c/Best-Bottles-Website-02-20-2026/dist/paper-doll/cylinder-complete/plates/cylinder-25ml-clear-18-415/GBCyl25AnSpTslMtSl.front-on.webp,Merged master PSD
GBCyl25AnSpTslRed,,cylinder-25ml-clear-18-415,validated_local,reviewed-body-anchor,https://www.bestbottles.com/all-bottles/option_details.php?items_count=3&OPTinv_id=3215,Exact active legacy SKU has no production Convex record | Correct legacy red/white description conflict in catalog reconciliation,Exact legacy SKU and red photograph conflict with white in the option description,/Users/jordanrichter/.codex/worktrees/cc9c/Best-Bottles-Website-02-20-2026/dist/paper-doll/cylinder-complete/plates/cylinder-25ml-clear-18-415/GBCyl25AnSpTslRed.front-on.webp,Merged master PSD
GBCyl25AnSpTslWht,,cylinder-25ml-clear-18-415,validated_local,reviewed-body-anchor,https://www.bestbottles.com/all-bottles/option_details.php?items_count=3&OPTinv_id=3216,Exact active legacy SKU has no production Convex record,,/Users/jordanrichter/.codex/worktrees/cc9c/Best-Bottles-Website-02-20-2026/dist/paper-doll/cylinder-complete/plates/cylinder-25ml-clear-18-415/GBCyl25AnSpTslWht.front-on.webp,Merged master PSD
GBCyl25DrpCu,,cylinder-25ml-clear-18-415,validated_local,reviewed-body-anchor,https://www.bestbottles.com/product/cylinder-design-25-ml-glass-bottle-white-dropper-Matte-copper-collar-cap,Exact active legacy SKU has no production Convex record,,/Users/jordanrichter/.codex/worktrees/cc9c/Best-Bottles-Website-02-20-2026/dist/paper-doll/cylinder-complete/plates/cylinder-25ml-clear-18-415/GBCyl25DrpCu.front-on.webp,Merged master PSD
GBCyl25DrpGl,,cylinder-25ml-clear-18-415,validated_local,reviewed-body-anchor,https://www.bestbottles.com/all-bottles/option_details.php?items_count=3&OPTinv_id=2062,Exact active legacy SKU has no production Convex record,,/Users/jordanrichter/.codex/worktrees/cc9c/Best-Bottles-Website-02-20-2026/dist/paper-doll/cylinder-complete/plates/cylinder-25ml-clear-18-415/GBCyl25DrpGl.front-on.webp,Merged master PSD
GBCyl25DrpSl,,cylinder-25ml-clear-18-415,validated_local,reviewed-body-anchor,https://www.bestbottles.com/all-bottles/option_details.php?items_count=3&OPTinv_id=2061,Exact active legacy SKU has no production Convex record,,/Users/jordanrichter/.codex/worktrees/cc9c/Best-Bottles-Website-02-20-2026/dist/paper-doll/cylinder-complete/plates/cylinder-25ml-clear-18-415/GBCyl25DrpSl.front-on.webp,Merged master PSD
GBCyl25RdcrIvyLthr,,cylinder-25ml-clear-18-415,validated_local,reviewed-body-anchor,https://www.bestbottles.com/all-bottles/option_details.php?items_count=45&OPTinv_id=2065,Exact active legacy SKU has no production Convex record,,/Users/jordanrichter/.codex/worktrees/cc9c/Best-Bottles-Website-02-20-2026/dist/paper-doll/cylinder-complete/plates/cylinder-25ml-clear-18-415/GBCyl25RdcrIvyLthr.front-on.webp,Merged master PSD
GBCyl25RdcrShnGl,,cylinder-25ml-clear-18-415,validated_local,reviewed-body-anchor,https://www.bestbottles.com/all-bottles/option_details.php?items_count=6&OPTinv_id=2032,Exact active legacy SKU has no production Convex record,,/Users/jordanrichter/.codex/worktrees/cc9c/Best-Bottles-Website-02-20-2026/dist/paper-doll/cylinder-complete/plates/cylinder-25ml-clear-18-415/GBCyl25RdcrShnGl.front-on.webp,Merged master PSD
GBcyl25AnSpIvyGl,,cylinder-25ml-clear-18-415,validated_local,reviewed-body-anchor,https://www.bestbottles.com/all-bottles/option_details.php?items_count=2&OPTinv_id=2057,Exact active legacy SKU has no production Convex record,,/Users/jordanrichter/.codex/worktrees/cc9c/Best-Bottles-Website-02-20-2026/dist/paper-doll/cylinder-complete/plates/cylinder-25ml-clear-18-415/GBcyl25AnSpIvyGl.front-on.webp,Merged master PSD
GBcyl25AnSpIvySl,,cylinder-25ml-clear-18-415,validated_local,reviewed-body-anchor,https://www.bestbottles.com/all-bottles/option_details.php?items_count=2&OPTinv_id=2055,Exact active legacy SKU has no production Convex record,,/Users/jordanrichter/.codex/worktrees/cc9c/Best-Bottles-Website-02-20-2026/dist/paper-doll/cylinder-complete/plates/cylinder-25ml-clear-18-415/GBcyl25AnSpIvySl.front-on.webp,Merged master PSD
GBcyl25AnSpLvn,,cylinder-25ml-clear-18-415,validated_local,reviewed-body-anchor,https://www.bestbottles.com/all-bottles/option_details.php?items_count=2&OPTinv_id=2052,Exact active legacy SKU has no production Convex record,,/Users/jordanrichter/.codex/worktrees/cc9c/Best-Bottles-Website-02-20-2026/dist/paper-doll/cylinder-complete/plates/cylinder-25ml-clear-18-415/GBcyl25AnSpLvn.front-on.webp,Merged master PSD
GBcyl25AnSpMtSl,,cylinder-25ml-clear-18-415,validated_local,reviewed-body-anchor,https://www.bestbottles.com/all-bottles/option_details.php?items_count=2&OPTinv_id=2054,Exact active legacy SKU has no production Convex record,,/Users/jordanrichter/.codex/worktrees/cc9c/Best-Bottles-Website-02-20-2026/dist/paper-doll/cylinder-complete/plates/cylinder-25ml-clear-18-415/GBcyl25AnSpMtSl.front-on.webp,Merged master PSD
GBcyl25AnSpPnk,,cylinder-25ml-clear-18-415,validated_local,reviewed-body-anchor,https://www.bestbottles.com/all-bottles/option_details.php?items_count=2&OPTinv_id=2053,Exact active legacy SKU has no production Convex record,,/Users/jordanrichter/.codex/worktrees/cc9c/Best-Bottles-Website-02-20-2026/dist/paper-doll/cylinder-complete/plates/cylinder-25ml-clear-18-415/GBcyl25AnSpPnk.front-on.webp,Merged master PSD
GBcyl25AnSpRed,,cylinder-25ml-clear-18-415,validated_local,reviewed-body-anchor,https://www.bestbottles.com/all-bottles/option_details.php?items_count=2&OPTinv_id=2060,Exact active legacy SKU has no production Convex record,,/Users/jordanrichter/.codex/worktrees/cc9c/Best-Bottles-Website-02-20-2026/dist/paper-doll/cylinder-complete/plates/cylinder-25ml-clear-18-415/GBcyl25AnSpRed.front-on.webp,Merged master PSD
GBcyl25AnSpTslBlk,,cylinder-25ml-clear-18-415,validated_local,reviewed-body-anchor,https://www.bestbottles.com/product/cylinder-design-25-ml-glass-bottle-black-vintage-style-bulb-sprayer-tassel-shiny-silver-collar-cap,Exact active legacy SKU has no production Convex record,,/Users/jordanrichter/.codex/worktrees/cc9c/Best-Bottles-Website-02-20-2026/dist/paper-doll/cylinder-complete/plates/cylinder-25ml-clear-18-415/GBcyl25AnSpTslBlk.front-on.webp,Merged master PSD
GBcyl25AnSpTslGl,,cylinder-25ml-clear-18-415,validated_local,reviewed-body-anchor,https://www.bestbottles.com/all-bottles/option_details.php?items_count=3&OPTinv_id=3209,Exact active legacy SKU has no production Convex record,,/Users/jordanrichter/.codex/worktrees/cc9c/Best-Bottles-Website-02-20-2026/dist/paper-doll/cylinder-complete/plates/cylinder-25ml-clear-18-415/GBcyl25AnSpTslGl.front-on.webp,Merged master PSD
GBcyl25AnSpTslIvyGl,,cylinder-25ml-clear-18-415,validated_local,reviewed-body-anchor,https://www.bestbottles.com/all-bottles/option_details.php?items_count=3&OPTinv_id=3210,Exact active legacy SKU has no production Convex record,,/Users/jordanrichter/.codex/worktrees/cc9c/Best-Bottles-Website-02-20-2026/dist/paper-doll/cylinder-complete/plates/cylinder-25ml-clear-18-415/GBcyl25AnSpTslIvyGl.front-on.webp,Merged master PSD
GBcyl25AnSpTslLvn,,cylinder-25ml-clear-18-415,validated_local,reviewed-body-anchor,https://www.bestbottles.com/all-bottles/option_details.php?items_count=3&OPTinv_id=3212,Exact active legacy SKU has no production Convex record,,/Users/jordanrichter/.codex/worktrees/cc9c/Best-Bottles-Website-02-20-2026/dist/paper-doll/cylinder-complete/plates/cylinder-25ml-clear-18-415/GBcyl25AnSpTslLvn.front-on.webp,Merged master PSD
GBcyl25AnSpTslPnk,,cylinder-25ml-clear-18-415,validated_local,reviewed-body-anchor,https://www.bestbottles.com/all-bottles/option_details.php?items_count=3&OPTinv_id=3214,Exact active legacy SKU has no production Convex record,,/Users/jordanrichter/.codex/worktrees/cc9c/Best-Bottles-Website-02-20-2026/dist/paper-doll/cylinder-complete/plates/cylinder-25ml-clear-18-415/GBcyl25AnSpTslPnk.front-on.webp,Merged master PSD
GBcyl25AnSpWht,,cylinder-25ml-clear-18-415,validated_local,reviewed-body-anchor,https://www.bestbottles.com/product/cylinder-design-25-ml-glass-bottle-white-vintage-style-bulb-sprayer-shiny-silver-collar-cap,Exact active legacy SKU has no production Convex record,,/Users/jordanrichter/.codex/worktrees/cc9c/Best-Bottles-Website-02-20-2026/dist/paper-doll/cylinder-complete/plates/cylinder-25ml-clear-18-415/GBcyl25AnSpWht.front-on.webp,Merged master PSD
GBcyl25RdcrBlkLthr,,cylinder-25ml-clear-18-415,validated_local,reviewed-body-anchor,https://www.bestbottles.com/all-bottles/option_details.php?items_count=45&OPTinv_id=2035,Exact active legacy SKU has no production Convex record,,/Users/jordanrichter/.codex/worktrees/cc9c/Best-Bottles-Website-02-20-2026/dist/paper-doll/cylinder-complete/plates/cylinder-25ml-clear-18-415/GBcyl25RdcrBlkLthr.front-on.webp,Merged master PSD
GBcyl25RdcrBrwnLthr,,cylinder-25ml-clear-18-415,validated_local,reviewed-body-anchor,https://www.bestbottles.com/all-bottles/option_details.php?items_count=45&OPTinv_id=2036,Exact active legacy SKU has no production Convex record,,/Users/jordanrichter/.codex/worktrees/cc9c/Best-Bottles-Website-02-20-2026/dist/paper-doll/cylinder-complete/plates/cylinder-25ml-clear-18-415/GBcyl25RdcrBrwnLthr.front-on.webp,Merged master PSD
GBcyl25RdcrLBrwnLthr,,cylinder-25ml-clear-18-415,validated_local,reviewed-body-anchor,https://www.bestbottles.com/all-bottles/option_details.php?items_count=45&OPTinv_id=2037,Exact active legacy SKU has no production Convex record,,/Users/jordanrichter/.codex/worktrees/cc9c/Best-Bottles-Website-02-20-2026/dist/paper-doll/cylinder-complete/plates/cylinder-25ml-clear-18-415/GBcyl25RdcrLBrwnLthr.front-on.webp,Merged master PSD
GBcyl25RdcrMtSl,,cylinder-25ml-clear-18-415,validated_local,reviewed-body-anchor,https://www.bestbottles.com/all-bottles/option_details.php?items_count=45&OPTinv_id=2040,Exact active legacy SKU has no production Convex record,,/Users/jordanrichter/.codex/worktrees/cc9c/Best-Bottles-Website-02-20-2026/dist/paper-doll/cylinder-complete/plates/cylinder-25ml-clear-18-415/GBcyl25RdcrMtSl.front-on.webp,Merged master PSD
GBcyl25RdcrMtSlTall,,cylinder-25ml-clear-18-415,validated_local,reviewed-body-anchor,https://www.bestbottles.com/all-bottles/option_details.php?items_count=45&OPTinv_id=2039,Exact active legacy SKU has no production Convex record,,/Users/jordanrichter/.codex/worktrees/cc9c/Best-Bottles-Website-02-20-2026/dist/paper-doll/cylinder-complete/plates/cylinder-25ml-clear-18-415/GBcyl25RdcrMtSlTall.front-on.webp,Merged master PSD
GBcyl25RdcrPnkLthr,,cylinder-25ml-clear-18-415,validated_local,reviewed-body-anchor,https://www.bestbottles.com/all-bottles/option_details.php?items_count=6&OPTinv_id=2064,Exact active legacy SKU has no production Convex record,,/Users/jordanrichter/.codex/worktrees/cc9c/Best-Bottles-Website-02-20-2026/dist/paper-doll/cylinder-complete/plates/cylinder-25ml-clear-18-415/GBcyl25RdcrPnkLthr.front-on.webp,Merged master PSD
GBcyl25RdcrShnBlk,,cylinder-25ml-clear-18-415,validated_local,reviewed-body-anchor,https://www.bestbottles.com/all-bottles/option_details.php?items_count=45&OPTinv_id=2034,Exact active legacy SKU has no production Convex record,,/Users/jordanrichter/.codex/worktrees/cc9c/Best-Bottles-Website-02-20-2026/dist/paper-doll/cylinder-complete/plates/cylinder-25ml-clear-18-415/GBcyl25RdcrShnBlk.front-on.webp,Merged master PSD
GBcyl25RdcrShnBlkTall,,cylinder-25ml-clear-18-415,validated_local,reviewed-body-anchor,https://www.bestbottles.com/all-bottles/option_details.php?items_count=45&OPTinv_id=2033,Exact active legacy SKU has no production Convex record,,/Users/jordanrichter/.codex/worktrees/cc9c/Best-Bottles-Website-02-20-2026/dist/paper-doll/cylinder-complete/plates/cylinder-25ml-clear-18-415/GBcyl25RdcrShnBlkTall.front-on.webp,Merged master PSD
GBcyl25RdcrShnSl,,cylinder-25ml-clear-18-415,validated_local,reviewed-body-anchor,https://www.bestbottles.com/all-bottles/option_details.php?items_count=6&OPTinv_id=2038,Exact active legacy SKU has no production Convex record,,/Users/jordanrichter/.codex/worktrees/cc9c/Best-Bottles-Website-02-20-2026/dist/paper-doll/cylinder-complete/plates/cylinder-25ml-clear-18-415/GBcyl25RdcrShnSl.front-on.webp,Merged master PSD
GBcyl25RdcrWht,,cylinder-25ml-clear-18-415,validated_local,reviewed-body-anchor,https://www.bestbottles.com/all-bottles/option_details.php?items_count=6&OPTinv_id=2041,Exact active legacy SKU has no production Convex record,,/Users/jordanrichter/.codex/worktrees/cc9c/Best-Bottles-Website-02-20-2026/dist/paper-doll/cylinder-complete/plates/cylinder-25ml-clear-18-415/GBcyl25RdcrWht.front-on.webp,Merged master PSD
GBcyl25SpryCu,,cylinder-25ml-clear-18-415,validated_local,reviewed-body-anchor,https://www.bestbottles.com/product/cylinder-design-25-ml-glass-bottle-matte-copper-spray-and-cap,Exact active legacy SKU has no production Convex record,,/Users/jordanrichter/.codex/worktrees/cc9c/Best-Bottles-Website-02-20-2026/dist/paper-doll/cylinder-complete/plates/cylinder-25ml-clear-18-415/GBcyl25SpryCu.front-on.webp,Merged master PSD
GBcyl25SpryMtGl,,cylinder-25ml-clear-18-415,validated_local,reviewed-body-anchor,https://www.bestbottles.com/product/cylinder-design-25-ml-glass-bottle-matte-gold-spray-pump-and-cap,Exact active legacy SKU has no production Convex record,,/Users/jordanrichter/.codex/worktrees/cc9c/Best-Bottles-Website-02-20-2026/dist/paper-doll/cylinder-complete/plates/cylinder-25ml-clear-18-415/GBcyl25SpryMtGl.front-on.webp,Merged master PSD
GBcyl25SpryShnBlk,kd7bz6x4a026m4qv9jeyf2tka18axbnw,cylinder-25ml-clear-18-415,validated_local,reviewed-body-anchor,https://www.bestbottles.com/product/cylinder-design-25-ml-glass-bottle-shiny-black-spray-pump-and-cap,,,/Users/jordanrichter/.codex/worktrees/cc9c/Best-Bottles-Website-02-20-2026/dist/paper-doll/cylinder-complete/plates/cylinder-25ml-clear-18-415/GBcyl25SpryShnBlk.front-on.webp,Merged master PSD
GBcyl25SpryShnGl,,cylinder-25ml-clear-18-415,validated_local,reviewed-body-anchor,https://www.bestbottles.com/product/cylinder-design-25-ml-glass-bottle-shiny-gold-spray-pump-and-cap,Exact active legacy SKU has no production Convex record,,/Users/jordanrichter/.codex/worktrees/cc9c/Best-Bottles-Website-02-20-2026/dist/paper-doll/cylinder-complete/plates/cylinder-25ml-clear-18-415/GBcyl25SpryShnGl.front-on.webp,Merged master PSD
GBcyl25SpryShnSl,,cylinder-25ml-clear-18-415,validated_local,reviewed-body-anchor,https://www.bestbottles.com/product/cylinder-design-25-ml-glass-bottle-shiny-silver-spray-and-cap,Exact active legacy SKU has no production Convex record,,/Users/jordanrichter/.codex/worktrees/cc9c/Best-Bottles-Website-02-20-2026/dist/paper-doll/cylinder-complete/plates/cylinder-25ml-clear-18-415/GBcyl25SpryShnSl.front-on.webp,Merged master PSD
LBCyl25LtnCu,kd78fertxps75s35va2t78y4j981t1wr,cylinder-25ml-clear-18-415,validated_local,reviewed-body-anchor,https://www.bestbottles.com/product/cylinder-design-25-ml-glass-bottle-matte-copper-lotion-pump-and-cap,,,/Users/jordanrichter/.codex/worktrees/cc9c/Best-Bottles-Website-02-20-2026/dist/paper-doll/cylinder-complete/plates/cylinder-25ml-clear-18-415/LBCyl25LtnCu.front-on.webp,Merged master PSD
LBCyl25LtnMtGl,kd711hm2vzyas95ta8nyw569zs81vpek,cylinder-25ml-clear-18-415,validated_local,reviewed-body-anchor,https://www.bestbottles.com/product/cylinder-design-25-ml-glass-bottle-matte-gold-lotion-pump-and-cap,,,/Users/jordanrichter/.codex/worktrees/cc9c/Best-Bottles-Website-02-20-2026/dist/paper-doll/cylinder-complete/plates/cylinder-25ml-clear-18-415/LBCyl25LtnMtGl.front-on.webp,Merged master PSD
LBCyl25LtnMtSl,kd7342g6erffk5v32cbxp293ts81t9qb,cylinder-25ml-clear-18-415,validated_local,reviewed-body-anchor,https://www.bestbottles.com/product/cylinder-design-25-ml-glass-bottle-matte-silver-lotion-pump-and-cap,,,/Users/jordanrichter/.codex/worktrees/cc9c/Best-Bottles-Website-02-20-2026/dist/paper-doll/cylinder-complete/plates/cylinder-25ml-clear-18-415/LBCyl25LtnMtSl.front-on.webp,Merged master PSD
LBCyl25LtnShnBlk,kd79gtbnnf93md56q59bb3brs581vtr1,cylinder-25ml-clear-18-415,validated_local,reviewed-body-anchor,https://www.bestbottles.com/product/cylinder-design-25-ml-glass-bottle-shiny-black-lotion-pump-and-cap,,,/Users/jordanrichter/.codex/worktrees/cc9c/Best-Bottles-Website-02-20-2026/dist/paper-doll/cylinder-complete/plates/cylinder-25ml-clear-18-415/LBCyl25LtnShnBlk.front-on.webp,Merged master PSD
LBCyl25LtnShnGl,kd7b4zjggrqh4phv1h14c98d0981vypq,cylinder-25ml-clear-18-415,validated_local,reviewed-body-anchor,https://www.bestbottles.com/product/cylinder-design-25-ml-glass-bottle-shiny-gold-lotion-pump-and-cap,,,/Users/jordanrichter/.codex/worktrees/cc9c/Best-Bottles-Website-02-20-2026/dist/paper-doll/cylinder-complete/plates/cylinder-25ml-clear-18-415/LBCyl25LtnShnGl.front-on.webp,Merged master PSD
LBCyl25LtnShnSl,kd7b395j82cvcrh5egj1pq7sed81vvpz,cylinder-25ml-clear-18-415,validated_local,reviewed-body-anchor,https://www.bestbottles.com/product/cylinder-design-25-ml-glass-bottle-shiny-silver-lotion-pump-and-cap,,,/Users/jordanrichter/.codex/worktrees/cc9c/Best-Bottles-Website-02-20-2026/dist/paper-doll/cylinder-complete/plates/cylinder-25ml-clear-18-415/LBCyl25LtnShnSl.front-on.webp,Merged master PSD
LBcyl25LtnClOvrCap,kd72tmnj5bkxsjvny7pxd1k9n981t0f7,cylinder-25ml-clear-18-415,validated_local,reviewed-body-anchor,https://www.bestbottles.com/product/cylinder-design-25-ml-glass-bottle-clear-over-the-cap-lotion-pump-matte-silver-collar-cap,,,/Users/jordanrichter/.codex/worktrees/cc9c/Best-Bottles-Website-02-20-2026/dist/paper-doll/cylinder-complete/plates/cylinder-25ml-clear-18-415/LBcyl25LtnClOvrCap.front-on.webp,Merged master PSD
GBCyl1ozRollWht,kd7cxga66f2v8bww6zdk9awgcx81v2ke,cylinder-28ml-clear-16mm,validated_local,reviewed-body-anchor,https://www.bestbottles.com/product/cylinder-style-28-ml-glass-bottle-plastic-roll-on-and-white-cap,,,/Users/jordanrichter/.codex/worktrees/cc9c/Best-Bottles-Website-02-20-2026/dist/paper-doll/cylinder-complete/plates/cylinder-28ml-clear-16mm/GBCyl1ozRollWht.front-on.webp,Merged master PSD
GBMtlRoll28Blk,kd712tkda2qy1c8m943kp8bra981tp75,cylinder-28ml-clear-16mm,validated_local,reviewed-body-anchor,https://www.bestbottles.com/product/cylinder-style-28-ml-glass-bottle-metal-roll-on-and-black-cap,,,/Users/jordanrichter/.codex/worktrees/cc9c/Best-Bottles-Website-02-20-2026/dist/paper-doll/cylinder-complete/plates/cylinder-28ml-clear-16mm/GBMtlRoll28Blk.front-on.webp,Merged master PSD
GBMtlRoll28Wht,kd79ft7xbc5654fmfwc54w6q9981v61g,cylinder-28ml-clear-16mm,validated_local,reviewed-body-anchor,https://www.bestbottles.com/product/cylinder-style-28-ml-glass-bottle-metal-roll-on-and-white-cap,,,/Users/jordanrichter/.codex/worktrees/cc9c/Best-Bottles-Website-02-20-2026/dist/paper-doll/cylinder-complete/plates/cylinder-28ml-clear-16mm/GBMtlRoll28Wht.front-on.webp,Merged master PSD
GBRoll28Blk,kd7eds9b9xeky0chzw0k29xkfh81tm2n,cylinder-28ml-clear-16mm,validated_local,reviewed-body-anchor,https://www.bestbottles.com/product/cylinder-style-28-ml-glass-bottle-plastic-roll-on-and-black-cap,,,/Users/jordanrichter/.codex/worktrees/cc9c/Best-Bottles-Website-02-20-2026/dist/paper-doll/cylinder-complete/plates/cylinder-28ml-clear-16mm/GBRoll28Blk.front-on.webp,Merged master PSD
GBSpry3mlClBlk,kd70et71sq724eh8m50mazzve581vnr1,cylinder-3.3ml-clear-12mm,validated_local,validated-master-reuse,https://www.bestbottles.com/product/Sample-Promotional-Decant-Spray-clear-glass-vial-Black-Sprayer-3ml,,,/Users/jordanrichter/.codex/worktrees/cc9c/Best-Bottles-Website-02-20-2026/dist/paper-doll/cylinder-complete/plates/cylinder-3.3ml-clear-12mm/GBSpry3mlClBlk.front-on.webp,
GBSpry3mlClWht,kd7cd6m74xkbjcj4ymnvk9nm6h81tr3w,cylinder-3.3ml-clear-12mm,validated_local,validated-master-reuse,https://www.bestbottles.com/product/Sample-Promotional-Decant-Spray-clear-glass-vial-White-Sprayer-3ml,,,/Users/jordanrichter/.codex/worktrees/cc9c/Best-Bottles-Website-02-20-2026/dist/paper-doll/cylinder-complete/plates/cylinder-3.3ml-clear-12mm/GBSpry3mlClWht.front-on.webp,
GBSpry1ozGl,kd7a8cgkj705mpet7bccz7j9s581vbmf,cylinder-30ml-clear-18-415,validated_local,reviewed-body-anchor,https://www.bestbottles.com/product/Tube-Glass-Bottle-Sprayer-atomizer-Gold-1oz,,,/Users/jordanrichter/.codex/worktrees/cc9c/Best-Bottles-Website-02-20-2026/dist/paper-doll/cylinder-complete/plates/cylinder-30ml-clear-18-415/GBSpry1ozGl.front-on.webp,Legacy raster; canvas size does not increase source detail
GBSpry1ozSl,kd76zncfnd6djtaxf7edytzk3d81tv1s,cylinder-30ml-clear-18-415,validated_local,reviewed-body-anchor,https://www.bestbottles.com/product/Tube-Glass-Bottle-Sprayer-atomizer-Matte-Silver-1oz,,,/Users/jordanrichter/.codex/worktrees/cc9c/Best-Bottles-Website-02-20-2026/dist/paper-doll/cylinder-complete/plates/cylinder-30ml-clear-18-415/GBSpry1ozSl.front-on.webp,Legacy raster; canvas size does not increase source detail
PbNat16ozFlpWh,kd7ca6p5mv6m0hyqftt40s0gz182bc8c,cylinder-454ml-clear,validated_local,reviewed-body-anchor,https://www.bestbottles.com/product/cylinder-design-8-oz-plastic-bottle-white-flip-top-cap,,,/Users/jordanrichter/.codex/worktrees/cc9c/Best-Bottles-Website-02-20-2026/dist/paper-doll/cylinder-complete/plates/cylinder-454ml-clear/PbNat16ozFlpWh.front-on.webp,Legacy raster; canvas size does not increase source detail
GBSpry4mlClBlk,kd7c44m86w9xyzf16mpzg801n581tqeg,cylinder-4ml-clear-12mm,validated_local,reviewed-body-anchor,https://www.bestbottles.com/product/Sample-Promotional-Decant-Spray-clear-glass-vial-Black-Sprayer-4ml,,,/Users/jordanrichter/.codex/worktrees/cc9c/Best-Bottles-Website-02-20-2026/dist/paper-doll/cylinder-complete/plates/cylinder-4ml-clear-12mm/GBSpry4mlClBlk.front-on.webp,Merged master PSD
GBSpry4mlClWh,kd7djnbsmjys5hy5a4sn30cwhs81vz4n,cylinder-4ml-clear-12mm,validated_local,reviewed-body-anchor,https://www.bestbottles.com/product/Glass-vial-sprayer-white-promotional-sample-size-4ml,,,/Users/jordanrichter/.codex/worktrees/cc9c/Best-Bottles-Website-02-20-2026/dist/paper-doll/cylinder-complete/plates/cylinder-4ml-clear-12mm/GBSpry4mlClWh.front-on.webp,Merged master PSD
GBCyl5SpryBlkMatt,kd7daen1nm1zgb3j0wcx6x6s1n81v6ac,cylinder-5.5ml-clear-13-415,validated_local,validated-master-reuse,https://www.bestbottles.com/product/cylinder-design-5-ml-glass-bottle-matte-black-spray,,,/Users/jordanrichter/.codex/worktrees/cc9c/Best-Bottles-Website-02-20-2026/dist/paper-doll/cylinder-complete/plates/cylinder-5.5ml-clear-13-415/GBCyl5SpryBlkMatt.front-on.webp,
GBCyl50MtlRollBlk,kd7f91gzv17877hs0yhd73vw7181tbg6,cylinder-50ml-clear-16mm,validated_local,validated-master-reuse,https://www.bestbottles.com/product/cylinder-style-50-ml-glass-bottle-metal-roll-on-and-black-cap,,,/Users/jordanrichter/.codex/worktrees/cc9c/Best-Bottles-Website-02-20-2026/dist/paper-doll/cylinder-complete/plates/cylinder-50ml-clear-16mm/GBCyl50MtlRollBlk.front-on.webp,
GBCyl50MtlRollWht,kd7efzec7rnh8zst3wk3hke5q981t1eq,cylinder-50ml-clear-16mm,validated_local,validated-master-reuse,https://www.bestbottles.com/product/cylinder-style-50-ml-glass-bottle-metal-roll-on-and-white-cap,,,/Users/jordanrichter/.codex/worktrees/cc9c/Best-Bottles-Website-02-20-2026/dist/paper-doll/cylinder-complete/plates/cylinder-50ml-clear-16mm/GBCyl50MtlRollWht.front-on.webp,
GBCyl50RollBlk,kd72jvawm9sewp4p902bkx1c4s81v0z6,cylinder-50ml-clear-16mm,validated_local,validated-master-reuse,https://www.bestbottles.com/product/cylinder-style-50-ml-glass-bottle-plastic-roll-on-and-black-cap,,,/Users/jordanrichter/.codex/worktrees/cc9c/Best-Bottles-Website-02-20-2026/dist/paper-doll/cylinder-complete/plates/cylinder-50ml-clear-16mm/GBCyl50RollBlk.front-on.webp,
GBCyl50RollWht,kd7e25e5kqbraq8ztve6h3m2j981tgg7,cylinder-50ml-clear-16mm,validated_local,validated-master-reuse,https://www.bestbottles.com/product/cylinder-style-50-ml-glass-bottle-plastic-roll-on-and-white-cap,,,/Users/jordanrichter/.codex/worktrees/cc9c/Best-Bottles-Website-02-20-2026/dist/paper-doll/cylinder-complete/plates/cylinder-50ml-clear-16mm/GBCyl50RollWht.front-on.webp,
GBCyl50AnSpBlk,kd73cz44z3c4gbk0te492y9j6981vyrt,cylinder-50ml-clear-18-415,validated_local,validated-master-reuse,https://www.bestbottles.com/product/cylinder-design-50-ml-glass-bottle-black-vintage-style-bulb-sprayer-shiny-silver-collar-cap,,,/Users/jordanrichter/.codex/worktrees/cc9c/Best-Bottles-Website-02-20-2026/dist/paper-doll/cylinder-complete/plates/cylinder-50ml-clear-18-415/GBCyl50AnSpBlk.front-on.webp,
GBCyl50AnSpGl,kd74vjjbbvja4jhgxjge4nqycn81tfbj,cylinder-50ml-clear-18-415,validated_local,validated-master-reuse,https://www.bestbottles.com/product/cylinder-design-50-ml-glass-bottle-gold-vintage-style-sprayer-shiny-gold-collar-cap,,,/Users/jordanrichter/.codex/worktrees/cc9c/Best-Bottles-Website-02-20-2026/dist/paper-doll/cylinder-complete/plates/cylinder-50ml-clear-18-415/GBCyl50AnSpGl.front-on.webp,
GBCyl50AnSpIvyGl,kd77rvzjk0zn32esb5rhbxgd4x81vhj4,cylinder-50ml-clear-18-415,validated_local,validated-master-reuse,https://www.bestbottles.com/product/cylinder-design-50-ml-glass-bottle-ivory-vintage-style-bulb-sprayer-shiny-gold-collar-cap,,,/Users/jordanrichter/.codex/worktrees/cc9c/Best-Bottles-Website-02-20-2026/dist/paper-doll/cylinder-complete/plates/cylinder-50ml-clear-18-415/GBCyl50AnSpIvyGl.front-on.webp,
GBCyl50AnSpIvySl,kd71r5pcncrdbdpmmc005xfn6181tkft,cylinder-50ml-clear-18-415,validated_local,validated-master-reuse,https://www.bestbottles.com/product/cylinder-design-50-ml-glass-bottle-ivory-vintage-style-bulb-sprayer-shiny-silver-collar-cap,,,/Users/jordanrichter/.codex/worktrees/cc9c/Best-Bottles-Website-02-20-2026/dist/paper-doll/cylinder-complete/plates/cylinder-50ml-clear-18-415/GBCyl50AnSpIvySl.front-on.webp,
GBCyl50AnSpLvn,kd7e1xff3nbq6dftw0x5rj45th81thte,cylinder-50ml-clear-18-415,validated_local,validated-master-reuse,https://www.bestbottles.com/product/cylinder-design-50-ml-glass-bottle-lavender-vintage-style-bulb-sprayer-shiny-silver-collar-cap,,,/Users/jordanrichter/.codex/worktrees/cc9c/Best-Bottles-Website-02-20-2026/dist/paper-doll/cylinder-complete/plates/cylinder-50ml-clear-18-415/GBCyl50AnSpLvn.front-on.webp,
GBCyl50AnSpMtSl,kd74zjjx67wqntdjd92pq50vv581vb80,cylinder-50ml-clear-18-415,validated_local,validated-master-reuse,https://www.bestbottles.com/product/cylinder-design-50-ml-glass-bottle-matte-silver-vintage-style-sprayer-matte-silver-collar-cap,,,/Users/jordanrichter/.codex/worktrees/cc9c/Best-Bottles-Website-02-20-2026/dist/paper-doll/cylinder-complete/plates/cylinder-50ml-clear-18-415/GBCyl50AnSpMtSl.front-on.webp,
GBCyl50AnSpPnk,kd7bawehdzhsrbsm2334qaxr8s81tt48,cylinder-50ml-clear-18-415,validated_local,validated-master-reuse,https://www.bestbottles.com/product/cylinder-design-50-ml-glass-bottle-pink-vintage-style-bulb-sprayer-shiny-gold-collar-cap,,,/Users/jordanrichter/.codex/worktrees/cc9c/Best-Bottles-Website-02-20-2026/dist/paper-doll/cylinder-complete/plates/cylinder-50ml-clear-18-415/GBCyl50AnSpPnk.front-on.webp,
GBCyl50AnSpRed,kd78j2913s3ddx13j5dtqz753d81vvah,cylinder-50ml-clear-18-415,validated_local,validated-master-reuse,https://www.bestbottles.com/product/cylinder-design-50-ml-glass-bottle-red-vintage-style-bulb-sprayer-shiny-silver-collar-cap,,,/Users/jordanrichter/.codex/worktrees/cc9c/Best-Bottles-Website-02-20-2026/dist/paper-doll/cylinder-complete/plates/cylinder-50ml-clear-18-415/GBCyl50AnSpRed.front-on.webp,
GBCyl50AnSpTslBlk,kd79edtgcy8je31tdp3wtqsadx81v4p7,cylinder-50ml-clear-18-415,validated_local,validated-master-reuse,https://www.bestbottles.com/product/cylinder-design-50-ml-glass-bottle-black-vintage-style-sprayer-with-tassel-shiny-silver-collar,,,/Users/jordanrichter/.codex/worktrees/cc9c/Best-Bottles-Website-02-20-2026/dist/paper-doll/cylinder-complete/plates/cylinder-50ml-clear-18-415/GBCyl50AnSpTslBlk.front-on.webp,
GBCyl50AnSpTslGl,kd72g4yhe9sk73tt5se31zpx7x81tdsp,cylinder-50ml-clear-18-415,validated_local,validated-master-reuse,https://www.bestbottles.com/product/cylinder-design-50-ml-glass-bottle-gold-vintage-style-sprayer-with-tassel-shiny-gold-collar,,,/Users/jordanrichter/.codex/worktrees/cc9c/Best-Bottles-Website-02-20-2026/dist/paper-doll/cylinder-complete/plates/cylinder-50ml-clear-18-415/GBCyl50AnSpTslGl.front-on.webp,
GBCyl50AnSpTslIvyGl,kd75qnedppzdq7sa5bvyqjrras81vbtg,cylinder-50ml-clear-18-415,validated_local,validated-master-reuse,https://www.bestbottles.com/product/cylinder-design-50-ml-glass-bottle-ivory-vintage-style-sprayer-with-tassel-shiny-gold-collar,,,/Users/jordanrichter/.codex/worktrees/cc9c/Best-Bottles-Website-02-20-2026/dist/paper-doll/cylinder-complete/plates/cylinder-50ml-clear-18-415/GBCyl50AnSpTslIvyGl.front-on.webp,
GBCyl50AnSpTslIvySl,kd73njcjq07e8hcfr8hdeprm1181v6zg,cylinder-50ml-clear-18-415,validated_local,validated-master-reuse,https://www.bestbottles.com/product/cylinder-design-50-ml-glass-bottle-ivory-vintage-style-sprayer-with-tassel-shiny-silver-collar,,,/Users/jordanrichter/.codex/worktrees/cc9c/Best-Bottles-Website-02-20-2026/dist/paper-doll/cylinder-complete/plates/cylinder-50ml-clear-18-415/GBCyl50AnSpTslIvySl.front-on.webp,
GBCyl50AnSpTslLvn,kd775ysxh85aw9c5t8ryy9fznd81vba6,cylinder-50ml-clear-18-415,validated_local,validated-master-reuse,https://www.bestbottles.com/product/cylinder-design-50-ml-glass-bottle-lavender-vintage-style-sprayer-with-tassel-shiny-silver-collar,,,/Users/jordanrichter/.codex/worktrees/cc9c/Best-Bottles-Website-02-20-2026/dist/paper-doll/cylinder-complete/plates/cylinder-50ml-clear-18-415/GBCyl50AnSpTslLvn.front-on.webp,
GBCyl50AnSpTslMtSl,kd7dgrrqkyqv86fg91gsr5038h81tmwr,cylinder-50ml-clear-18-415,validated_local,validated-master-reuse,https://www.bestbottles.com/product/cylinder-design-50-ml-glass-bottle-matte-silver-vintage-style-sprayer-with-tassel-matte-silver-collar,,,/Users/jordanrichter/.codex/worktrees/cc9c/Best-Bottles-Website-02-20-2026/dist/paper-doll/cylinder-complete/plates/cylinder-50ml-clear-18-415/GBCyl50AnSpTslMtSl.front-on.webp,
GBCyl50AnSpTslPnk,kd73991q6te6hmq3gwpyahax8x81vnpq,cylinder-50ml-clear-18-415,validated_local,validated-master-reuse,https://www.bestbottles.com/product/cylinder-design-50-ml-glass-bottle-pink-vintage-style-sprayer-with-tassel-shiny-gold-collar,,,/Users/jordanrichter/.codex/worktrees/cc9c/Best-Bottles-Website-02-20-2026/dist/paper-doll/cylinder-complete/plates/cylinder-50ml-clear-18-415/GBCyl50AnSpTslPnk.front-on.webp,
GBCyl50AnSpTslRed,kd7828dx6xyd9escch29c8rrs981tsn4,cylinder-50ml-clear-18-415,validated_local,validated-master-reuse,https://www.bestbottles.com/product/cylinder-design-50-ml-glass-bottle-red-vintage-style-sprayer-with-tassel-shiny-silver-collar,,,/Users/jordanrichter/.codex/worktrees/cc9c/Best-Bottles-Website-02-20-2026/dist/paper-doll/cylinder-complete/plates/cylinder-50ml-clear-18-415/GBCyl50AnSpTslRed.front-on.webp,
GBCyl50AnSpTslWht,kd7chtpc5fzx88aa69890hbp7n81thtt,cylinder-50ml-clear-18-415,validated_local,validated-master-reuse,https://www.bestbottles.com/product/cylinder-design-50-ml-glass-bottle-white-vintage-style-sprayer-with-tassel-shiny-silver-collar,,,/Users/jordanrichter/.codex/worktrees/cc9c/Best-Bottles-Website-02-20-2026/dist/paper-doll/cylinder-complete/plates/cylinder-50ml-clear-18-415/GBCyl50AnSpTslWht.front-on.webp,
GBCyl50AnSpWht,kd71jmqkp8gjbkah3v9sj2a28s81vsek,cylinder-50ml-clear-18-415,validated_local,reviewed-body-anchor,https://www.bestbottles.com/product/cylinder-design-50-ml-glass-bottle-white-vintage-style-bulb-sprayer-shiny-silver-collar-cap,,,/Users/jordanrichter/.codex/worktrees/cc9c/Best-Bottles-Website-02-20-2026/dist/paper-doll/cylinder-complete/plates/cylinder-50ml-clear-18-415/GBCyl50AnSpWht.front-on.webp,Merged master PSD
GBCyl50RdcrBlkLthr,kd790qbvghy17a69jb94zxer7s81t07z,cylinder-50ml-clear-18-415,validated_local,validated-master-reuse,https://www.bestbottles.com/product/cylinder-design-50-ml-glass-bottle-reducer-black-faux-leather-cap,,,/Users/jordanrichter/.codex/worktrees/cc9c/Best-Bottles-Website-02-20-2026/dist/paper-doll/cylinder-complete/plates/cylinder-50ml-clear-18-415/GBCyl50RdcrBlkLthr.front-on.webp,
GBCyl50RdcrBrwnLthr,kd7d0e21qfq0hn6y0z5qke8kh581v8pv,cylinder-50ml-clear-18-415,validated_local,validated-master-reuse,https://www.bestbottles.com/product/cylinder-design-50-ml-glass-bottle-reducer-brown-faux-leather-cap,,,/Users/jordanrichter/.codex/worktrees/cc9c/Best-Bottles-Website-02-20-2026/dist/paper-doll/cylinder-complete/plates/cylinder-50ml-clear-18-415/GBCyl50RdcrBrwnLthr.front-on.webp,
GBCyl50RdcrIvyLthr,kd704b26xxqzn4ts04rz812m3d81v9rs,cylinder-50ml-clear-18-415,validated_local,validated-master-reuse,https://www.bestbottles.com/product/cylinder-design-50-ml-glass-bottle-reducer-ivory-faux-leather-cap,,,/Users/jordanrichter/.codex/worktrees/cc9c/Best-Bottles-Website-02-20-2026/dist/paper-doll/cylinder-complete/plates/cylinder-50ml-clear-18-415/GBCyl50RdcrIvyLthr.front-on.webp,
GBCyl50RdcrLBrwnLthr,kd7ag2j82sr6aqegy3nggx6ftx81tsd0,cylinder-50ml-clear-18-415,validated_local,validated-master-reuse,https://www.bestbottles.com/product/cylinder-design-50-ml-glass-bottle-reducer-light-brown-faux-leather-cap,,,/Users/jordanrichter/.codex/worktrees/cc9c/Best-Bottles-Website-02-20-2026/dist/paper-doll/cylinder-complete/plates/cylinder-50ml-clear-18-415/GBCyl50RdcrLBrwnLthr.front-on.webp,
GBCyl50RdcrMtSl,kd7ezyx761v45c0e7vb1ssra8581vvx4,cylinder-50ml-clear-18-415,validated_local,validated-master-reuse,https://www.bestbottles.com/product/cylinder-design-50-ml-glass-bottle-reducer-silver-matte-cap,,,/Users/jordanrichter/.codex/worktrees/cc9c/Best-Bottles-Website-02-20-2026/dist/paper-doll/cylinder-complete/plates/cylinder-50ml-clear-18-415/GBCyl50RdcrMtSl.front-on.webp,
GBCyl50RdcrMtSlTall,kd7bgvwpk49qkh5s1974wpa9j581v3q5,cylinder-50ml-clear-18-415,validated_local,validated-master-reuse,https://www.bestbottles.com/product/cylinder-design-50-ml-glass-bottle-reducer-tall-silver-matte-cap,,,/Users/jordanrichter/.codex/worktrees/cc9c/Best-Bottles-Website-02-20-2026/dist/paper-doll/cylinder-complete/plates/cylinder-50ml-clear-18-415/GBCyl50RdcrMtSlTall.front-on.webp,
GBCyl50RdcrPnkLthr,kd7dk2y8wkxda01kmhg5e09nfn81txpe,cylinder-50ml-clear-18-415,validated_local,validated-master-reuse,https://www.bestbottles.com/product/cylinder-design-50-ml-glass-bottle-reducer-pink-faux-leather-cap,,,/Users/jordanrichter/.codex/worktrees/cc9c/Best-Bottles-Website-02-20-2026/dist/paper-doll/cylinder-complete/plates/cylinder-50ml-clear-18-415/GBCyl50RdcrPnkLthr.front-on.webp,
GBCyl50RdcrShnBlk,kd7ahj8trp70z9z2g2w9v1xexx81vh98,cylinder-50ml-clear-18-415,validated_local,validated-master-reuse,https://www.bestbottles.com/product/cylinder-design-50-ml-glass-bottle-reducer-black-shiny-cap,,,/Users/jordanrichter/.codex/worktrees/cc9c/Best-Bottles-Website-02-20-2026/dist/paper-doll/cylinder-complete/plates/cylinder-50ml-clear-18-415/GBCyl50RdcrShnBlk.front-on.webp,
GBCyl50RdcrShnBlkTall,kd71ez010rag0na88zp5p45tb981tn6b,cylinder-50ml-clear-18-415,validated_local,reviewed-body-anchor,https://www.bestbottles.com/product/cylinder-design-50-ml-glass-bottle-reducer-tall-black-shiny-cap,,,/Users/jordanrichter/.codex/worktrees/cc9c/Best-Bottles-Website-02-20-2026/dist/paper-doll/cylinder-complete/plates/cylinder-50ml-clear-18-415/GBCyl50RdcrShnBlkTall.front-on.webp,Merged master PSD
GBCyl50RdcrShnGl,kd77ssd028gbq1c8mfavgqdfgd81t43t,cylinder-50ml-clear-18-415,validated_local,validated-master-reuse,https://www.bestbottles.com/product/cylinder-design-50-ml-glass-bottle-reducer-shiny-gold-cap,,,/Users/jordanrichter/.codex/worktrees/cc9c/Best-Bottles-Website-02-20-2026/dist/paper-doll/cylinder-complete/plates/cylinder-50ml-clear-18-415/GBCyl50RdcrShnGl.front-on.webp,
GBCyl50RdcrShnSl,kd7epkn0a6dkexffx9hm8403x981th21,cylinder-50ml-clear-18-415,validated_local,validated-master-reuse,https://www.bestbottles.com/product/cylinder-design-50-ml-glass-bottle-reducer-shiny-silver-cap,,,/Users/jordanrichter/.codex/worktrees/cc9c/Best-Bottles-Website-02-20-2026/dist/paper-doll/cylinder-complete/plates/cylinder-50ml-clear-18-415/GBCyl50RdcrShnSl.front-on.webp,
GBCyl50RdcrWht,kd7c3q3tvj420nnw5xj1as5b7581vwtj,cylinder-50ml-clear-18-415,validated_local,validated-master-reuse,https://www.bestbottles.com/product/cylinder-design-50-ml-glass-bottle-reducer-white-cap,,,/Users/jordanrichter/.codex/worktrees/cc9c/Best-Bottles-Website-02-20-2026/dist/paper-doll/cylinder-complete/plates/cylinder-50ml-clear-18-415/GBCyl50RdcrWht.front-on.webp,
GBCyl50SpryCu,kd7ecrv80zn0g2fx03j9eg671n81v5f1,cylinder-50ml-clear-18-415,validated_local,validated-master-reuse,https://www.bestbottles.com/product/cylinder-design-50-ml-glass-bottle-matte-copper-spray-and-cap,,,/Users/jordanrichter/.codex/worktrees/cc9c/Best-Bottles-Website-02-20-2026/dist/paper-doll/cylinder-complete/plates/cylinder-50ml-clear-18-415/GBCyl50SpryCu.front-on.webp,
GBCyl50SpryMtGl,kd7cd1nrtywkgfn7dy710nv9w981vdgw,cylinder-50ml-clear-18-415,validated_local,validated-master-reuse,https://www.bestbottles.com/product/cylinder-design-50-ml-glass-bottle-matte-gold-spray-pump-and-cap,,,/Users/jordanrichter/.codex/worktrees/cc9c/Best-Bottles-Website-02-20-2026/dist/paper-doll/cylinder-complete/plates/cylinder-50ml-clear-18-415/GBCyl50SpryMtGl.front-on.webp,
GBCyl50SpryMtSl,kd78ew2ax75dpqsm1qvz0wx2a981t4x3,cylinder-50ml-clear-18-415,validated_local,validated-master-reuse,https://www.bestbottles.com/product/cylinder-design-50-ml-glass-bottle-matte-silver-spray-pump-and-cap,,,/Users/jordanrichter/.codex/worktrees/cc9c/Best-Bottles-Website-02-20-2026/dist/paper-doll/cylinder-complete/plates/cylinder-50ml-clear-18-415/GBCyl50SpryMtSl.front-on.webp,
GBCyl50SpryShnBlk,kd7es946cb7brrapj4ee51t1nx81t5ak,cylinder-50ml-clear-18-415,validated_local,validated-master-reuse,https://www.bestbottles.com/product/cylinder-design-50-ml-glass-bottle-shiny-black-spray-pump-and-cap,,,/Users/jordanrichter/.codex/worktrees/cc9c/Best-Bottles-Website-02-20-2026/dist/paper-doll/cylinder-complete/plates/cylinder-50ml-clear-18-415/GBCyl50SpryShnBlk.front-on.webp,
GBCyl50SpryShnGl,kd774jh7aebvz9nx24k6kr8dw181vctb,cylinder-50ml-clear-18-415,validated_local,validated-master-reuse,https://www.bestbottles.com/product/cylinder-design-50-ml-glass-bottle-shiny-gold-spray-pump-and-cap,,,/Users/jordanrichter/.codex/worktrees/cc9c/Best-Bottles-Website-02-20-2026/dist/paper-doll/cylinder-complete/plates/cylinder-50ml-clear-18-415/GBCyl50SpryShnGl.front-on.webp,
GBCyl50SpryShnSl,kd79ge7sxdcxz6y20ftgvckr8981t400,cylinder-50ml-clear-18-415,validated_local,validated-master-reuse,https://www.bestbottles.com/product/cylinder-design-50-ml-glass-bottle-shiny-silver-spray-and-cap,,,/Users/jordanrichter/.codex/worktrees/cc9c/Best-Bottles-Website-02-20-2026/dist/paper-doll/cylinder-complete/plates/cylinder-50ml-clear-18-415/GBCyl50SpryShnSl.front-on.webp,
LBCyl50LtnClOvrCap,kd70aedyemdpf5pmjnhybw0vqd81tnpp,cylinder-50ml-clear-18-415,validated_local,validated-master-reuse,https://www.bestbottles.com/product/cylinder-design-50-ml-glass-bottle-clear-over-the-cap-lotion-pump-matte-silver-collar-cap,,,/Users/jordanrichter/.codex/worktrees/cc9c/Best-Bottles-Website-02-20-2026/dist/paper-doll/cylinder-complete/plates/cylinder-50ml-clear-18-415/LBCyl50LtnClOvrCap.front-on.webp,
LBCyl50LtnCu,kd7eb9hws4xcrxyzm90f4ab2p181tm9j,cylinder-50ml-clear-18-415,validated_local,validated-master-reuse,https://www.bestbottles.com/product/cylinder-design-50-ml-glass-bottle-matte-copper-lotion-pump-and-cap,,,/Users/jordanrichter/.codex/worktrees/cc9c/Best-Bottles-Website-02-20-2026/dist/paper-doll/cylinder-complete/plates/cylinder-50ml-clear-18-415/LBCyl50LtnCu.front-on.webp,
LBCyl50LtnMtGl,kd780qrmyht36zm9yyfw72c4v181ta94,cylinder-50ml-clear-18-415,validated_local,validated-master-reuse,https://www.bestbottles.com/product/cylinder-design-50-ml-glass-bottle-matte-gold-lotion-pump-and-cap,,,/Users/jordanrichter/.codex/worktrees/cc9c/Best-Bottles-Website-02-20-2026/dist/paper-doll/cylinder-complete/plates/cylinder-50ml-clear-18-415/LBCyl50LtnMtGl.front-on.webp,
LBCyl50LtnMtSl,kd78d1eka7sn4k2ssg961b3s8981t56a,cylinder-50ml-clear-18-415,validated_local,validated-master-reuse,https://www.bestbottles.com/product/cylinder-design-50-ml-glass-bottle-matte-silver-lotion-pump-and-cap,,,/Users/jordanrichter/.codex/worktrees/cc9c/Best-Bottles-Website-02-20-2026/dist/paper-doll/cylinder-complete/plates/cylinder-50ml-clear-18-415/LBCyl50LtnMtSl.front-on.webp,
LBCyl50LtnShnBlk,kd7dqcvxhc1czf82qyd1jzq5j981vryr,cylinder-50ml-clear-18-415,validated_local,validated-master-reuse,https://www.bestbottles.com/product/cylinder-design-50-ml-glass-bottle-shiny-black-lotion-pump-and-cap,,,/Users/jordanrichter/.codex/worktrees/cc9c/Best-Bottles-Website-02-20-2026/dist/paper-doll/cylinder-complete/plates/cylinder-50ml-clear-18-415/LBCyl50LtnShnBlk.front-on.webp,
LBCyl50LtnShnGl,kd7czzzexd30y3vae6sjpt7s9181vgrn,cylinder-50ml-clear-18-415,validated_local,validated-master-reuse,https://www.bestbottles.com/product/cylinder-design-50-ml-glass-bottle-shiny-gold-lotion-pump-and-cap,,,/Users/jordanrichter/.codex/worktrees/cc9c/Best-Bottles-Website-02-20-2026/dist/paper-doll/cylinder-complete/plates/cylinder-50ml-clear-18-415/LBCyl50LtnShnGl.front-on.webp,
LBCyl50LtnShnSl,kd74p60j74xecgqepthd38bx8981vq9s,cylinder-50ml-clear-18-415,validated_local,validated-master-reuse,https://www.bestbottles.com/product/cylinder-design-50-ml-glass-bottle-shiny-silver-lotion-pump-and-cap,,,/Users/jordanrichter/.codex/worktrees/cc9c/Best-Bottles-Website-02-20-2026/dist/paper-doll/cylinder-complete/plates/cylinder-50ml-clear-18-415/LBCyl50LtnShnSl.front-on.webp,
GBCyl5BlkShSht,kd7ebcj09nymrqvj8xdtj5bh9n8dnvtc,cylinder-5ml-clear-13-415,validated_local,reviewed-body-anchor,https://www.bestbottles.com/all-bottles/option_details.php?items_count=1&OPTinv_id=1883,Reconcile catalog capacity/group before publication,Confirmed 5 mL identity; production capacity remains 5.5,/Users/jordanrichter/.codex/worktrees/cc9c/Best-Bottles-Website-02-20-2026/dist/paper-doll/cylinder-complete/plates/cylinder-5ml-clear-13-415/GBCyl5BlkShSht.front-on.webp,Legacy raster; canvas size does not increase source detail
GBCyl5BlkSht,kd76f83x5k0rm5cxek4qrb4dnn81t8h2,cylinder-5ml-clear-13-415,validated_local,validated-master-reuse,https://www.bestbottles.com/all-bottles/option_details.php?items_count=1&OPTinv_id=4095,,,/Users/jordanrichter/.codex/worktrees/cc9c/Best-Bottles-Website-02-20-2026/dist/paper-doll/cylinder-complete/plates/cylinder-5ml-clear-13-415/GBCyl5BlkSht.front-on.webp,
GBCyl5CuSht,kd7cre6c3jxryfddgcqe54abx98dn37f,cylinder-5ml-clear-13-415,validated_local,reviewed-body-anchor,https://www.bestbottles.com/all-bottles/option_details.php?items_count=1&OPTinv_id=3989,Reconcile catalog capacity/group before publication,Confirmed 5 mL identity; production capacity remains 5.5,/Users/jordanrichter/.codex/worktrees/cc9c/Best-Bottles-Website-02-20-2026/dist/paper-doll/cylinder-complete/plates/cylinder-5ml-clear-13-415/GBCyl5CuSht.front-on.webp,Legacy raster; canvas size does not increase source detail
GBCyl5Gl,kd723254xprbnv8hcqcqq6ye6h81tkp7,cylinder-5ml-clear-13-415,validated_local,validated-master-reuse,https://www.bestbottles.com/all-bottles/option_details.php?items_count=1&OPTinv_id=1884,,,/Users/jordanrichter/.codex/worktrees/cc9c/Best-Bottles-Website-02-20-2026/dist/paper-doll/cylinder-complete/plates/cylinder-5ml-clear-13-415/GBCyl5Gl.front-on.webp,
GBCyl5GlMattSht,kd7a8rymbmmebhqr3cqp5zr2pd8dmxn0,cylinder-5ml-clear-13-415,validated_local,reviewed-body-anchor,https://www.bestbottles.com/all-bottles/option_details.php?items_count=1&OPTinv_id=3990,Reconcile catalog capacity/group before publication,Confirmed 5 mL identity; production capacity remains 5.5,/Users/jordanrichter/.codex/worktrees/cc9c/Best-Bottles-Website-02-20-2026/dist/paper-doll/cylinder-complete/plates/cylinder-5ml-clear-13-415/GBCyl5GlMattSht.front-on.webp,Legacy raster; canvas size does not increase source detail
GBCyl5GlSht,kd78yes30f1shc2pgm8mgtv0q58dnhn7,cylinder-5ml-clear-13-415,validated_local,reviewed-body-anchor,https://www.bestbottles.com/all-bottles/option_details.php?items_count=1&OPTinv_id=3964,Reconcile catalog capacity/group before publication,Confirmed 5 mL identity; production capacity remains 5.5,/Users/jordanrichter/.codex/worktrees/cc9c/Best-Bottles-Website-02-20-2026/dist/paper-doll/cylinder-complete/plates/cylinder-5ml-clear-13-415/GBCyl5GlSht.front-on.webp,Legacy raster; canvas size does not increase source detail
GBCyl5MtlRollBlkDot,kd7743q97y7560xrm7hw51ykf581vcx6,cylinder-5ml-clear-13-415,validated_local,validated-master-reuse,https://www.bestbottles.com/product/cylinder-design-5-ml-glass-bottle-metal-roller-ball-plug-black-shiny-cap-with-dots,,,/Users/jordanrichter/.codex/worktrees/cc9c/Best-Bottles-Website-02-20-2026/dist/paper-doll/cylinder-complete/plates/cylinder-5ml-clear-13-415/GBCyl5MtlRollBlkDot.front-on.webp,
GBCyl5MtlRollBlkSh,kd796jw7dwy8kftcha6xffew6n81vdhn,cylinder-5ml-clear-13-415,validated_local,validated-master-reuse,https://www.bestbottles.com/product/cylinder-design-5-ml-glass-bottle-metal-roller-ball-plug-black-shiny-cap,,,/Users/jordanrichter/.codex/worktrees/cc9c/Best-Bottles-Website-02-20-2026/dist/paper-doll/cylinder-complete/plates/cylinder-5ml-clear-13-415/GBCyl5MtlRollBlkSh.front-on.webp,
GBCyl5MtlRollCuMatt,kd7fhkkjnz4v0svv49j9zp5vy581tgam,cylinder-5ml-clear-13-415,validated_local,validated-master-reuse,https://www.bestbottles.com/product/cylinder-design-5-ml-glass-bottle-metal-roller-ball-plug-matte-copper-cap,,,/Users/jordanrichter/.codex/worktrees/cc9c/Best-Bottles-Website-02-20-2026/dist/paper-doll/cylinder-complete/plates/cylinder-5ml-clear-13-415/GBCyl5MtlRollCuMatt.front-on.webp,
GBCyl5MtlRollGlMatt,kd75y2gdb2z9w4yems59mssvs581tnjf,cylinder-5ml-clear-13-415,validated_local,validated-master-reuse,https://www.bestbottles.com/product/cylinder-design-5-ml-glass-bottle-metal-roller-ball-plug-matte-gold-cap,,,/Users/jordanrichter/.codex/worktrees/cc9c/Best-Bottles-Website-02-20-2026/dist/paper-doll/cylinder-complete/plates/cylinder-5ml-clear-13-415/GBCyl5MtlRollGlMatt.front-on.webp,
GBCyl5MtlRollGlSh,kd7c1ss7dpf0xgsaenw3q7c5fd81vvr7,cylinder-5ml-clear-13-415,validated_local,validated-master-reuse,https://www.bestbottles.com/product/cylinder-design-5-ml-glass-bottle-metal-roller-ball-plug-shiny-gold-cap,,,/Users/jordanrichter/.codex/worktrees/cc9c/Best-Bottles-Website-02-20-2026/dist/paper-doll/cylinder-complete/plates/cylinder-5ml-clear-13-415/GBCyl5MtlRollGlSh.front-on.webp,
GBCyl5MtlRollPinkDot,kd75ppshc12cx0t32brs3hd34d81v522,cylinder-5ml-clear-13-415,validated_local,validated-master-reuse,https://www.bestbottles.com/product/cylinder-design-5-ml-glass-bottle-metal-roller-ball-plug-pink-cap-with-dots,,,/Users/jordanrichter/.codex/worktrees/cc9c/Best-Bottles-Website-02-20-2026/dist/paper-doll/cylinder-complete/plates/cylinder-5ml-clear-13-415/GBCyl5MtlRollPinkDot.front-on.webp,
GBCyl5MtlRollSlDot,kd790ch5jhz79n76194b405jxn81t84e,cylinder-5ml-clear-13-415,validated_local,validated-master-reuse,https://www.bestbottles.com/product/cylinder-design-5-ml-glass-bottle-metal-roller-ball-plug-silver-cap-with-dots,,,/Users/jordanrichter/.codex/worktrees/cc9c/Best-Bottles-Website-02-20-2026/dist/paper-doll/cylinder-complete/plates/cylinder-5ml-clear-13-415/GBCyl5MtlRollSlDot.front-on.webp,
GBCyl5MtlRollSlMatt,kd79tbgyyzsf9qvt7t211gkkw981tqky,cylinder-5ml-clear-13-415,validated_local,validated-master-reuse,https://www.bestbottles.com/product/cylinder-design-5-ml-glass-bottle-metal-roller-ball-plug-matte-silver-cap,,,/Users/jordanrichter/.codex/worktrees/cc9c/Best-Bottles-Website-02-20-2026/dist/paper-doll/cylinder-complete/plates/cylinder-5ml-clear-13-415/GBCyl5MtlRollSlMatt.front-on.webp,
GBCyl5MtlRollSlSh,kd79r4trjjqz41bqywa713c1y581v23s,cylinder-5ml-clear-13-415,validated_local,validated-master-reuse,https://www.bestbottles.com/product/cylinder-design-5-ml-glass-bottle-metal-roller-ball-plug-shiny-silver-cap,,,/Users/jordanrichter/.codex/worktrees/cc9c/Best-Bottles-Website-02-20-2026/dist/paper-doll/cylinder-complete/plates/cylinder-5ml-clear-13-415/GBCyl5MtlRollSlSh.front-on.webp,
GBCyl5RollBlkDot,kd75w2scyxch9gdydvw5ry9c9981tzym,cylinder-5ml-clear-13-415,validated_local,validated-master-reuse,https://www.bestbottles.com/product/cylinder-design-5-ml-glass-bottle-plastic-roller-ball-plug-black-shiny-cap-with-dots,,,/Users/jordanrichter/.codex/worktrees/cc9c/Best-Bottles-Website-02-20-2026/dist/paper-doll/cylinder-complete/plates/cylinder-5ml-clear-13-415/GBCyl5RollBlkDot.front-on.webp,
GBCyl5RollBlkSh,kd72rnyy2z37h9kwxhsgsqazen81tjht,cylinder-5ml-clear-13-415,validated_local,reviewed-body-anchor,https://www.bestbottles.com/product/cylinder-design-5-ml-glass-bottle-plastic-roller-ball-plug-black-shiny-cap,,,/Users/jordanrichter/.codex/worktrees/cc9c/Best-Bottles-Website-02-20-2026/dist/paper-doll/cylinder-complete/plates/cylinder-5ml-clear-13-415/GBCyl5RollBlkSh.front-on.webp,Legacy raster; canvas size does not increase source detail
GBCyl5RollCuMatt,kd7chww6frred7jecd88wekx0x81t5gv,cylinder-5ml-clear-13-415,validated_local,reviewed-body-anchor,https://www.bestbottles.com/product/cylinder-design-5-ml-glass-bottle-plastic-roller-ball-plug-matte-copper-cap,,,/Users/jordanrichter/.codex/worktrees/cc9c/Best-Bottles-Website-02-20-2026/dist/paper-doll/cylinder-complete/plates/cylinder-5ml-clear-13-415/GBCyl5RollCuMatt.front-on.webp,Legacy raster; canvas size does not increase source detail
GBCyl5RollGlMatt,kd78y78kzaf67zb0aps1ereqhx81tmgs,cylinder-5ml-clear-13-415,validated_local,reviewed-body-anchor,https://www.bestbottles.com/product/cylinder-design-5-ml-glass-bottle-plastic-roller-ball-plug-matte-gold-cap,,,/Users/jordanrichter/.codex/worktrees/cc9c/Best-Bottles-Website-02-20-2026/dist/paper-doll/cylinder-complete/plates/cylinder-5ml-clear-13-415/GBCyl5RollGlMatt.front-on.webp,Legacy raster; canvas size does not increase source detail
GBCyl5RollGlSh,kd75p31ad5y31fbyqmsrgskbfx81vzsa,cylinder-5ml-clear-13-415,validated_local,reviewed-body-anchor,https://www.bestbottles.com/product/cylinder-design-5-ml-glass-bottle-plastic-roller-ball-plug-shiny-gold-cap,,,/Users/jordanrichter/.codex/worktrees/cc9c/Best-Bottles-Website-02-20-2026/dist/paper-doll/cylinder-complete/plates/cylinder-5ml-clear-13-415/GBCyl5RollGlSh.front-on.webp,Legacy raster; canvas size does not increase source detail
GBCyl5RollPinkDot,kd774erp2xb5n85fbwpfn67hpn81vwqn,cylinder-5ml-clear-13-415,validated_local,reviewed-body-anchor,https://www.bestbottles.com/product/cylinder-design-5-ml-glass-bottle-plastic-roller-ball-plug-pink-cap-with-dots,,,/Users/jordanrichter/.codex/worktrees/cc9c/Best-Bottles-Website-02-20-2026/dist/paper-doll/cylinder-complete/plates/cylinder-5ml-clear-13-415/GBCyl5RollPinkDot.front-on.webp,Legacy raster; canvas size does not increase source detail
GBCyl5RollSlDot,kd7afj7bphk9va0b7jkqzh1aah81vfjm,cylinder-5ml-clear-13-415,validated_local,validated-master-reuse,https://www.bestbottles.com/product/cylinder-design-5-ml-glass-bottle-plastic-roller-ball-plug-silver-cap-with-dots,,,/Users/jordanrichter/.codex/worktrees/cc9c/Best-Bottles-Website-02-20-2026/dist/paper-doll/cylinder-complete/plates/cylinder-5ml-clear-13-415/GBCyl5RollSlDot.front-on.webp,
GBCyl5RollSlMatt,kd7cr825bp3bm50haypvape4bd81tyh6,cylinder-5ml-clear-13-415,validated_local,reviewed-body-anchor,https://www.bestbottles.com/product/cylinder-design-5-ml-glass-bottle-plastic-roller-ball-plug-matte-silver-cap,,,/Users/jordanrichter/.codex/worktrees/cc9c/Best-Bottles-Website-02-20-2026/dist/paper-doll/cylinder-complete/plates/cylinder-5ml-clear-13-415/GBCyl5RollSlMatt.front-on.webp,Legacy raster; canvas size does not increase source detail
GBCyl5RollSlSh,kd703fenbgegh1ap42rx12e5k581vkbn,cylinder-5ml-clear-13-415,validated_local,reviewed-body-anchor,https://www.bestbottles.com/product/cylinder-design-5-ml-glass-bottle-plastic-roller-ball-plug-shiny-silver-cap,,,/Users/jordanrichter/.codex/worktrees/cc9c/Best-Bottles-Website-02-20-2026/dist/paper-doll/cylinder-complete/plates/cylinder-5ml-clear-13-415/GBCyl5RollSlSh.front-on.webp,Legacy raster; canvas size does not increase source detail
GBCyl5Sl,kd71kgp82eqtzdwtjg6hvms8h181vz7f,cylinder-5ml-clear-13-415,validated_local,validated-master-reuse,https://www.bestbottles.com/all-bottles/option_details.php?items_count=1&OPTinv_id=1818,,,/Users/jordanrichter/.codex/worktrees/cc9c/Best-Bottles-Website-02-20-2026/dist/paper-doll/cylinder-complete/plates/cylinder-5ml-clear-13-415/GBCyl5Sl.front-on.webp,
GBCyl5SlMattSht,kd7fccw5vmx7ppcwwqythnmrfd8dnev3,cylinder-5ml-clear-13-415,validated_local,reviewed-body-anchor,https://www.bestbottles.com/all-bottles/option_details.php?items_count=1&OPTinv_id=3991,Reconcile catalog capacity/group before publication,Confirmed 5 mL identity; production capacity remains 5.5,/Users/jordanrichter/.codex/worktrees/cc9c/Best-Bottles-Website-02-20-2026/dist/paper-doll/cylinder-complete/plates/cylinder-5ml-clear-13-415/GBCyl5SlMattSht.front-on.webp,Legacy raster; canvas size does not increase source detail
GBCyl5SlSht,kd7a1h9kn9faqqfe6tza8p6cz98dnqyp,cylinder-5ml-clear-13-415,validated_local,reviewed-body-anchor,https://www.bestbottles.com/all-bottles/option_details.php?items_count=1&OPTinv_id=3965,Reconcile catalog capacity/group before publication,Confirmed 5 mL identity; production capacity remains 5.5,/Users/jordanrichter/.codex/worktrees/cc9c/Best-Bottles-Website-02-20-2026/dist/paper-doll/cylinder-complete/plates/cylinder-5ml-clear-13-415/GBCyl5SlSht.front-on.webp,Legacy raster; canvas size does not increase source detail
GBCyl5SpryBlkSh,kd73ssag4e1wz25ex7jntck4ch81v5r9,cylinder-5ml-clear-13-415,validated_local,validated-master-reuse,https://www.bestbottles.com/product/cylinder-design-5-ml-glass-bottle-shiny-black-spray,,,/Users/jordanrichter/.codex/worktrees/cc9c/Best-Bottles-Website-02-20-2026/dist/paper-doll/cylinder-complete/plates/cylinder-5ml-clear-13-415/GBCyl5SpryBlkSh.front-on.webp,
GBCyl5SpryBluMatt,kd7aw1eet4gs6vegtgeaae1bn581tejd,cylinder-5ml-clear-13-415,validated_local,validated-master-reuse,https://www.bestbottles.com/product/cylinder-design-5-ml-glass-bottle-matte-blue-spray,,,/Users/jordanrichter/.codex/worktrees/cc9c/Best-Bottles-Website-02-20-2026/dist/paper-doll/cylinder-complete/plates/cylinder-5ml-clear-13-415/GBCyl5SpryBluMatt.front-on.webp,
GBCyl5SpryCuMatt,kd744scrnj6n0p5qfnar3nqs8n81v57n,cylinder-5ml-clear-13-415,validated_local,validated-master-reuse,https://www.bestbottles.com/product/cylinder-design-5-ml-glass-bottle-matte-copper-spray,,,/Users/jordanrichter/.codex/worktrees/cc9c/Best-Bottles-Website-02-20-2026/dist/paper-doll/cylinder-complete/plates/cylinder-5ml-clear-13-415/GBCyl5SpryCuMatt.front-on.webp,
GBCyl5SpryGlMatt,kd75qwm3007nw6hdvfwy2nk0h181vkf3,cylinder-5ml-clear-13-415,validated_local,validated-master-reuse,https://www.bestbottles.com/product/cylinder-design-5-ml-glass-bottle-matte-gold-spray,,,/Users/jordanrichter/.codex/worktrees/cc9c/Best-Bottles-Website-02-20-2026/dist/paper-doll/cylinder-complete/plates/cylinder-5ml-clear-13-415/GBCyl5SpryGlMatt.front-on.webp,
GBCyl5SpryGlSh,kd7czd4mgftnythmez3bjjwcjd81tgkd,cylinder-5ml-clear-13-415,validated_local,validated-master-reuse,https://www.bestbottles.com/product/cylinder-design-5-ml-glass-bottle-shiny-gold-spray,,,/Users/jordanrichter/.codex/worktrees/cc9c/Best-Bottles-Website-02-20-2026/dist/paper-doll/cylinder-complete/plates/cylinder-5ml-clear-13-415/GBCyl5SpryGlSh.front-on.webp,
GBCyl5SprySlMatt,kd7d46wvwvc4spnhx0nwq0ssfs81v2zb,cylinder-5ml-clear-13-415,validated_local,validated-master-reuse,https://www.bestbottles.com/product/cylinder-design-5-ml-glass-bottle-matte-silver-spray,,,/Users/jordanrichter/.codex/worktrees/cc9c/Best-Bottles-Website-02-20-2026/dist/paper-doll/cylinder-complete/plates/cylinder-5ml-clear-13-415/GBCyl5SprySlMatt.front-on.webp,
GBCyl5SprySlSh,kd7bsbveqhwndw9z2w6md1x7g181t0pq,cylinder-5ml-clear-13-415,validated_local,validated-master-reuse,https://www.bestbottles.com/product/cylinder-design-5-ml-glass-bottle-shiny-silver-spray,,,/Users/jordanrichter/.codex/worktrees/cc9c/Best-Bottles-Website-02-20-2026/dist/paper-doll/cylinder-complete/plates/cylinder-5ml-clear-13-415/GBCyl5SprySlSh.front-on.webp,
GBCyl5WhtSht,kd7dmwshybhdca7cdcfy2rt6718dn6xf,cylinder-5ml-clear-13-415,validated_local,reviewed-body-anchor,https://www.bestbottles.com/all-bottles/option_details.php?items_count=1&OPTinv_id=1782,Reconcile catalog capacity/group before publication,Confirmed 5 mL identity; production capacity remains 5.5,/Users/jordanrichter/.codex/worktrees/cc9c/Best-Bottles-Website-02-20-2026/dist/paper-doll/cylinder-complete/plates/cylinder-5ml-clear-13-415/GBCyl5WhtSht.front-on.webp,Merged master PSD
GBCylBlu5BlkShSht,kd7c0r31d4c581hhv75p7h5eds82bmja,cylinder-5ml-cobalt-blue-13-415,validated_local,reviewed-body-anchor,https://www.bestbottles.com/all-bottles/option_details.php?items_count=2&OPTinv_id=3994,,,/Users/jordanrichter/.codex/worktrees/cc9c/Best-Bottles-Website-02-20-2026/dist/paper-doll/cylinder-complete/plates/cylinder-5ml-cobalt-blue-13-415/GBCylBlu5BlkShSht.front-on.webp,Legacy raster; canvas size does not increase source detail
GBCylBlu5BlkSht,kd77jh3vzwgca832fcc5acmbjn81tbgp,cylinder-5ml-cobalt-blue-13-415,validated_local,validated-master-reuse,https://www.bestbottles.com/all-bottles/option_details.php?items_count=2&OPTinv_id=3073,,,/Users/jordanrichter/.codex/worktrees/cc9c/Best-Bottles-Website-02-20-2026/dist/paper-doll/cylinder-complete/plates/cylinder-5ml-cobalt-blue-13-415/GBCylBlu5BlkSht.front-on.webp,
GBCylBlu5CuSht,kd79q7w1kb99nz31trakt3grn98dmabv,cylinder-5ml-cobalt-blue-13-415,validated_local,reviewed-body-anchor,https://www.bestbottles.com/all-bottles/option_details.php?items_count=2&OPTinv_id=3995,,,/Users/jordanrichter/.codex/worktrees/cc9c/Best-Bottles-Website-02-20-2026/dist/paper-doll/cylinder-complete/plates/cylinder-5ml-cobalt-blue-13-415/GBCylBlu5CuSht.front-on.webp,Legacy raster; canvas size does not increase source detail
GBCylBlu5Gl,kd7eb9229zzccgayqpg4zk3nmn81tsbz,cylinder-5ml-cobalt-blue-13-415,validated_local,validated-master-reuse,https://www.bestbottles.com/all-bottles/option_details.php?items_count=2&OPTinv_id=3074,,,/Users/jordanrichter/.codex/worktrees/cc9c/Best-Bottles-Website-02-20-2026/dist/paper-doll/cylinder-complete/plates/cylinder-5ml-cobalt-blue-13-415/GBCylBlu5Gl.front-on.webp,
GBCylBlu5GlMattSht,kd7etwcrg3xmpnjfxnmvh5mk498dnk94,cylinder-5ml-cobalt-blue-13-415,validated_local,reviewed-body-anchor,https://www.bestbottles.com/all-bottles/option_details.php?items_count=2&OPTinv_id=3996,,,/Users/jordanrichter/.codex/worktrees/cc9c/Best-Bottles-Website-02-20-2026/dist/paper-doll/cylinder-complete/plates/cylinder-5ml-cobalt-blue-13-415/GBCylBlu5GlMattSht.front-on.webp,Legacy raster; canvas size does not increase source detail
GBCylBlu5GlSht,kd731ja47yj2wdetfmdmw4mgtn8dnk9r,cylinder-5ml-cobalt-blue-13-415,validated_local,reviewed-body-anchor,https://www.bestbottles.com/all-bottles/option_details.php?items_count=2&OPTinv_id=3966,,,/Users/jordanrichter/.codex/worktrees/cc9c/Best-Bottles-Website-02-20-2026/dist/paper-doll/cylinder-complete/plates/cylinder-5ml-cobalt-blue-13-415/GBCylBlu5GlSht.front-on.webp,Legacy raster; canvas size does not increase source detail
GBCylBlu5MtlRollBlkDot,kd72wq45khw1tz17218geg7nrh81v6my,cylinder-5ml-cobalt-blue-13-415,validated_local,validated-master-reuse,https://www.bestbottles.com/product/cylinder-design-5-ml-blue-glass-bottle-metal-roller-ball-plug-black-shiny-cap-with-dots,,,/Users/jordanrichter/.codex/worktrees/cc9c/Best-Bottles-Website-02-20-2026/dist/paper-doll/cylinder-complete/plates/cylinder-5ml-cobalt-blue-13-415/GBCylBlu5MtlRollBlkDot.front-on.webp,
GBCylBlu5MtlRollBlkSh,kd7cc9skd1b66gzatf0hawnsms81tfgt,cylinder-5ml-cobalt-blue-13-415,validated_local,validated-master-reuse,https://www.bestbottles.com/product/cylinder-design-5-ml-blue-glass-bottle-metal-roller-ball-plug-black-shiny-cap,,,/Users/jordanrichter/.codex/worktrees/cc9c/Best-Bottles-Website-02-20-2026/dist/paper-doll/cylinder-complete/plates/cylinder-5ml-cobalt-blue-13-415/GBCylBlu5MtlRollBlkSh.front-on.webp,
GBCylBlu5MtlRollCuMatt,kd74swkhwx474qf5atetrwaz8x81v7h6,cylinder-5ml-cobalt-blue-13-415,validated_local,validated-master-reuse,https://www.bestbottles.com/product/cylinder-design-5-ml-blue-glass-bottle-metal-roller-ball-plug-matte-copper-cap,,,/Users/jordanrichter/.codex/worktrees/cc9c/Best-Bottles-Website-02-20-2026/dist/paper-doll/cylinder-complete/plates/cylinder-5ml-cobalt-blue-13-415/GBCylBlu5MtlRollCuMatt.front-on.webp,
GBCylBlu5MtlRollGlMatt,kd7b5mkrah5hk5yc3bjmhmsk5s81vt7m,cylinder-5ml-cobalt-blue-13-415,validated_local,validated-master-reuse,https://www.bestbottles.com/product/cylinder-design-5-ml-blue-glass-bottle-metal-roller-ball-plug-matte-gold-cap,,,/Users/jordanrichter/.codex/worktrees/cc9c/Best-Bottles-Website-02-20-2026/dist/paper-doll/cylinder-complete/plates/cylinder-5ml-cobalt-blue-13-415/GBCylBlu5MtlRollGlMatt.front-on.webp,
GBCylBlu5MtlRollGlSh,kd72gev5vk06zqgs6sm0c1sffn81txyc,cylinder-5ml-cobalt-blue-13-415,validated_local,validated-master-reuse,https://www.bestbottles.com/product/cylinder-design-5-ml-blue-glass-bottle-metal-roller-ball-plug-shiny-gold-cap,,,/Users/jordanrichter/.codex/worktrees/cc9c/Best-Bottles-Website-02-20-2026/dist/paper-doll/cylinder-complete/plates/cylinder-5ml-cobalt-blue-13-415/GBCylBlu5MtlRollGlSh.front-on.webp,
GBCylBlu5MtlRollPinkDot,kd790q8xdkwb6851f7ht3f7dqn81v6za,cylinder-5ml-cobalt-blue-13-415,validated_local,validated-master-reuse,https://www.bestbottles.com/product/cylinder-design-5-ml-blue-glass-bottle-metal-roller-ball-plug-pink-cap-with-dots,,,/Users/jordanrichter/.codex/worktrees/cc9c/Best-Bottles-Website-02-20-2026/dist/paper-doll/cylinder-complete/plates/cylinder-5ml-cobalt-blue-13-415/GBCylBlu5MtlRollPinkDot.front-on.webp,
GBCylBlu5MtlRollSlDot,kd75t34hn779qk7g0k04t4c7zh81vgs4,cylinder-5ml-cobalt-blue-13-415,validated_local,validated-master-reuse,https://www.bestbottles.com/product/cylinder-design-5-ml-blue-glass-bottle-metal-roller-ball-plug-silver-cap-with-dots,,,/Users/jordanrichter/.codex/worktrees/cc9c/Best-Bottles-Website-02-20-2026/dist/paper-doll/cylinder-complete/plates/cylinder-5ml-cobalt-blue-13-415/GBCylBlu5MtlRollSlDot.front-on.webp,
GBCylBlu5MtlRollSlMatt,kd733vaf9fk274dv5tnwwstxb981ta71,cylinder-5ml-cobalt-blue-13-415,validated_local,validated-master-reuse,https://www.bestbottles.com/product/cylinder-design-5-ml-blue-glass-bottle-metal-roller-ball-plug-matte-silver-cap,,,/Users/jordanrichter/.codex/worktrees/cc9c/Best-Bottles-Website-02-20-2026/dist/paper-doll/cylinder-complete/plates/cylinder-5ml-cobalt-blue-13-415/GBCylBlu5MtlRollSlMatt.front-on.webp,
GBCylBlu5MtlRollSlSh,kd7aa1za0sbspawpkxjkp7zwvx81vqmt,cylinder-5ml-cobalt-blue-13-415,validated_local,validated-master-reuse,https://www.bestbottles.com/product/cylinder-design-5-ml-blue-glass-bottle-metal-roller-ball-plug-shiny-silver-cap,,,/Users/jordanrichter/.codex/worktrees/cc9c/Best-Bottles-Website-02-20-2026/dist/paper-doll/cylinder-complete/plates/cylinder-5ml-cobalt-blue-13-415/GBCylBlu5MtlRollSlSh.front-on.webp,
GBCylBlu5RollBlkDot,kd7aw2tc5ed8hngthevhx6nrr581t2sn,cylinder-5ml-cobalt-blue-13-415,validated_local,reviewed-body-anchor,https://www.bestbottles.com/product/cylinder-design-5-ml-blue-glass-bottle-plastic-roller-ball-plug-black-shiny-cap-with-dots,,,/Users/jordanrichter/.codex/worktrees/cc9c/Best-Bottles-Website-02-20-2026/dist/paper-doll/cylinder-complete/plates/cylinder-5ml-cobalt-blue-13-415/GBCylBlu5RollBlkDot.front-on.webp,Legacy raster; canvas size does not increase source detail
GBCylBlu5RollBlkSh,kd726txc611ksv12072t2e5cqx81tnvp,cylinder-5ml-cobalt-blue-13-415,validated_local,reviewed-body-anchor,https://www.bestbottles.com/product/cylinder-design-5-ml-blue-glass-bottle-plastic-roller-ball-plug-black-shiny-cap,,,/Users/jordanrichter/.codex/worktrees/cc9c/Best-Bottles-Website-02-20-2026/dist/paper-doll/cylinder-complete/plates/cylinder-5ml-cobalt-blue-13-415/GBCylBlu5RollBlkSh.front-on.webp,Legacy raster; canvas size does not increase source detail
GBCylBlu5RollCuMatt,kd7fjsv5t540j6hdhrstmnpyhn81vc47,cylinder-5ml-cobalt-blue-13-415,validated_local,reviewed-body-anchor,https://www.bestbottles.com/product/cylinder-design-5-ml-blue-glass-bottle-plastic-roller-ball-plug-matte-copper-cap,,,/Users/jordanrichter/.codex/worktrees/cc9c/Best-Bottles-Website-02-20-2026/dist/paper-doll/cylinder-complete/plates/cylinder-5ml-cobalt-blue-13-415/GBCylBlu5RollCuMatt.front-on.webp,Legacy raster; canvas size does not increase source detail
GBCylBlu5RollGlMatt,kd7cgyg41ncfk0jmt3t74872zn81t19a,cylinder-5ml-cobalt-blue-13-415,validated_local,reviewed-body-anchor,https://www.bestbottles.com/product/cylinder-design-5-ml-blue-glass-bottle-plastic-roller-ball-plug-matte-gold-cap,,,/Users/jordanrichter/.codex/worktrees/cc9c/Best-Bottles-Website-02-20-2026/dist/paper-doll/cylinder-complete/plates/cylinder-5ml-cobalt-blue-13-415/GBCylBlu5RollGlMatt.front-on.webp,Legacy raster; canvas size does not increase source detail
GBCylBlu5RollGlSh,kd7d2cwqzqnv7yx6y10n5me7ys81tfmr,cylinder-5ml-cobalt-blue-13-415,validated_local,reviewed-body-anchor,https://www.bestbottles.com/product/cylinder-design-5-ml-blue-glass-bottle-plastic-roller-ball-plug-shiny-gold-cap,,,/Users/jordanrichter/.codex/worktrees/cc9c/Best-Bottles-Website-02-20-2026/dist/paper-doll/cylinder-complete/plates/cylinder-5ml-cobalt-blue-13-415/GBCylBlu5RollGlSh.front-on.webp,Legacy raster; canvas size does not increase source detail
GBCylBlu5RollPinkDot,kd733htk2x2dqzx6mpfczqp9k581vkhx,cylinder-5ml-cobalt-blue-13-415,validated_local,reviewed-body-anchor,https://www.bestbottles.com/product/cylinder-design-5-ml-blue-glass-bottle-plastic-roller-ball-plug-pink-cap-with-dots,,,/Users/jordanrichter/.codex/worktrees/cc9c/Best-Bottles-Website-02-20-2026/dist/paper-doll/cylinder-complete/plates/cylinder-5ml-cobalt-blue-13-415/GBCylBlu5RollPinkDot.front-on.webp,Legacy raster; canvas size does not increase source detail
GBCylBlu5RollSlDot,kd749d5gwf3r3h2m93a1pvr4qn81va2z,cylinder-5ml-cobalt-blue-13-415,validated_local,reviewed-body-anchor,https://www.bestbottles.com/product/cylinder-design-5-ml-blue-glass-bottle-plastic-roller-ball-plug-silver-cap-with-dots,,,/Users/jordanrichter/.codex/worktrees/cc9c/Best-Bottles-Website-02-20-2026/dist/paper-doll/cylinder-complete/plates/cylinder-5ml-cobalt-blue-13-415/GBCylBlu5RollSlDot.front-on.webp,Legacy raster; canvas size does not increase source detail
GBCylBlu5RollSlMatt,kd749fmf4cwdrfw72rz9dydps581thgb,cylinder-5ml-cobalt-blue-13-415,validated_local,reviewed-body-anchor,https://www.bestbottles.com/product/cylinder-design-5-ml-blue-glass-bottle-plastic-roller-ball-plug-matte-silver-cap,,,/Users/jordanrichter/.codex/worktrees/cc9c/Best-Bottles-Website-02-20-2026/dist/paper-doll/cylinder-complete/plates/cylinder-5ml-cobalt-blue-13-415/GBCylBlu5RollSlMatt.front-on.webp,Legacy raster; canvas size does not increase source detail
GBCylBlu5RollSlSh,kd7c138z8cwzgrceydd4ptft5x81tkwv,cylinder-5ml-cobalt-blue-13-415,validated_local,reviewed-body-anchor,https://www.bestbottles.com/product/cylinder-design-5-ml-blue-glass-bottle-plastic-roller-ball-plug-shiny-silver-cap,,,/Users/jordanrichter/.codex/worktrees/cc9c/Best-Bottles-Website-02-20-2026/dist/paper-doll/cylinder-complete/plates/cylinder-5ml-cobalt-blue-13-415/GBCylBlu5RollSlSh.front-on.webp,Legacy raster; canvas size does not increase source detail
GBCylBlu5Sl,kd7a3kqv56eshb83ce4skf4c3n81ve13,cylinder-5ml-cobalt-blue-13-415,validated_local,validated-master-reuse,https://www.bestbottles.com/all-bottles/option_details.php?items_count=2&OPTinv_id=1562,,,/Users/jordanrichter/.codex/worktrees/cc9c/Best-Bottles-Website-02-20-2026/dist/paper-doll/cylinder-complete/plates/cylinder-5ml-cobalt-blue-13-415/GBCylBlu5Sl.front-on.webp,
GBCylBlu5SlMattSht,kd7e1vm0y0sc9cbrxb9zvjc7r98dmf78,cylinder-5ml-cobalt-blue-13-415,validated_local,reviewed-body-anchor,https://www.bestbottles.com/all-bottles/option_details.php?items_count=2&OPTinv_id=3997,,,/Users/jordanrichter/.codex/worktrees/cc9c/Best-Bottles-Website-02-20-2026/dist/paper-doll/cylinder-complete/plates/cylinder-5ml-cobalt-blue-13-415/GBCylBlu5SlMattSht.front-on.webp,Legacy raster; canvas size does not increase source detail
GBCylBlu5SlSht,kd7dh1bxnwxwypyk4qamanzg458dmyx3,cylinder-5ml-cobalt-blue-13-415,validated_local,reviewed-body-anchor,https://www.bestbottles.com/all-bottles/option_details.php?items_count=2&OPTinv_id=3998,,,/Users/jordanrichter/.codex/worktrees/cc9c/Best-Bottles-Website-02-20-2026/dist/paper-doll/cylinder-complete/plates/cylinder-5ml-cobalt-blue-13-415/GBCylBlu5SlSht.front-on.webp,Legacy raster; canvas size does not increase source detail
GBCylBlu5SpryBlkSh,kd70q835rp1t1r0ck55rryd29x81t547,cylinder-5ml-cobalt-blue-13-415,validated_local,validated-master-reuse,https://www.bestbottles.com/product/cylinder-design-5-ml-blue-glass-bottle-shiny-black-spray,,,/Users/jordanrichter/.codex/worktrees/cc9c/Best-Bottles-Website-02-20-2026/dist/paper-doll/cylinder-complete/plates/cylinder-5ml-cobalt-blue-13-415/GBCylBlu5SpryBlkSh.front-on.webp,
GBCylBlu5SpryBluMatt,kd782sb3s4bpsz91x8n0h63ewd81t3hd,cylinder-5ml-cobalt-blue-13-415,validated_local,validated-master-reuse,https://www.bestbottles.com/product/cylinder-design-5-ml-blue-glass-bottle-matte-blue-spray,,,/Users/jordanrichter/.codex/worktrees/cc9c/Best-Bottles-Website-02-20-2026/dist/paper-doll/cylinder-complete/plates/cylinder-5ml-cobalt-blue-13-415/GBCylBlu5SpryBluMatt.front-on.webp,
GBCylBlu5SpryCuMatt,kd774akb9hbmcy1xnaw4v6r0a981v5sb,cylinder-5ml-cobalt-blue-13-415,validated_local,validated-master-reuse,https://www.bestbottles.com/product/cylinder-design-5-ml-blue-glass-bottle-matte-copper-spray,,,/Users/jordanrichter/.codex/worktrees/cc9c/Best-Bottles-Website-02-20-2026/dist/paper-doll/cylinder-complete/plates/cylinder-5ml-cobalt-blue-13-415/GBCylBlu5SpryCuMatt.front-on.webp,
GBCylBlu5SpryGlMatt,kd7fwdyq6evzkswm74t24shkch81tk5t,cylinder-5ml-cobalt-blue-13-415,validated_local,validated-master-reuse,https://www.bestbottles.com/product/cylinder-design-5-ml-blue-glass-bottle-matte-gold-spray,,,/Users/jordanrichter/.codex/worktrees/cc9c/Best-Bottles-Website-02-20-2026/dist/paper-doll/cylinder-complete/plates/cylinder-5ml-cobalt-blue-13-415/GBCylBlu5SpryGlMatt.front-on.webp,
GBCylBlu5SpryGlSh,kd7c8smrb446hjzpt73g8k96pn81tsmn,cylinder-5ml-cobalt-blue-13-415,validated_local,validated-master-reuse,https://www.bestbottles.com/product/cylinder-design-5-ml-blue-glass-bottle-shiny-gold-spray,,,/Users/jordanrichter/.codex/worktrees/cc9c/Best-Bottles-Website-02-20-2026/dist/paper-doll/cylinder-complete/plates/cylinder-5ml-cobalt-blue-13-415/GBCylBlu5SpryGlSh.front-on.webp,
GBCylBlu5SprySlMatt,kd735k4m770fj5bwdcvh26n2a181taqw,cylinder-5ml-cobalt-blue-13-415,validated_local,validated-master-reuse,https://www.bestbottles.com/product/cylinder-design-5-ml-blue-glass-bottle-matte-silver-spray,,,/Users/jordanrichter/.codex/worktrees/cc9c/Best-Bottles-Website-02-20-2026/dist/paper-doll/cylinder-complete/plates/cylinder-5ml-cobalt-blue-13-415/GBCylBlu5SprySlMatt.front-on.webp,
GBCylBlu5SprySlSh,kd72vgwf57rqbcnfm3g7h17vb981v5q1,cylinder-5ml-cobalt-blue-13-415,validated_local,validated-master-reuse,https://www.bestbottles.com/product/cylinder-design-5-ml-blue-glass-bottle-shiny-silver-spray,,,/Users/jordanrichter/.codex/worktrees/cc9c/Best-Bottles-Website-02-20-2026/dist/paper-doll/cylinder-complete/plates/cylinder-5ml-cobalt-blue-13-415/GBCylBlu5SprySlSh.front-on.webp,
GBCylBlu5WhtSht,kd7a8nrsv3b7ntjz3jydpc3qr181vxbk,cylinder-5ml-cobalt-blue-13-415,validated_local,validated-master-reuse,https://www.bestbottles.com/all-bottles/option_details.php?items_count=2&OPTinv_id=1792,,,/Users/jordanrichter/.codex/worktrees/cc9c/Best-Bottles-Website-02-20-2026/dist/paper-doll/cylinder-complete/plates/cylinder-5ml-cobalt-blue-13-415/GBCylBlu5WhtSht.front-on.webp,
GBCylAmb9MtlRollBlkDot,kd79ek981fq49816jeccj8gqdh81vzqd,cylinder-9ml-amber-17-415,validated_local,validated-master-reuse,https://www.bestbottles.com/product/cylinder-design-9-ml-amber-glass-bottle-metal-roller-ball-black-dot-cap,,,/Users/jordanrichter/.codex/worktrees/cc9c/Best-Bottles-Website-02-20-2026/dist/paper-doll/cylinder-complete/plates/cylinder-9ml-amber-17-415/GBCylAmb9MtlRollBlkDot.front-on.webp,
GBCylAmb9MtlRollMattCu,kd7fk708191d67647q52s473hs81t9gr,cylinder-9ml-amber-17-415,validated_local,validated-master-reuse,https://www.bestbottles.com/product/cylinder-design-9-ml-amber-glass-bottle-metal-roller-ball-matte-copper-cap,,,/Users/jordanrichter/.codex/worktrees/cc9c/Best-Bottles-Website-02-20-2026/dist/paper-doll/cylinder-complete/plates/cylinder-9ml-amber-17-415/GBCylAmb9MtlRollMattCu.front-on.webp,
GBCylAmb9MtlRollMattGl,kd78h4twy6bbeps2hka53y4j8581t16d,cylinder-9ml-amber-17-415,validated_local,validated-master-reuse,https://www.bestbottles.com/product/cylinder-design-9-ml-amber-glass-bottle-metal-roller-ball-matte-gold-cap,,,/Users/jordanrichter/.codex/worktrees/cc9c/Best-Bottles-Website-02-20-2026/dist/paper-doll/cylinder-complete/plates/cylinder-9ml-amber-17-415/GBCylAmb9MtlRollMattGl.front-on.webp,
GBCylAmb9MtlRollMattSl,kd77h9gz449h856y8074j740j181v40m,cylinder-9ml-amber-17-415,validated_local,validated-master-reuse,https://www.bestbottles.com/product/cylinder-design-9-ml-amber-glass-bottle-metal-roller-ball-matte-silver-cap,,,/Users/jordanrichter/.codex/worktrees/cc9c/Best-Bottles-Website-02-20-2026/dist/paper-doll/cylinder-complete/plates/cylinder-9ml-amber-17-415/GBCylAmb9MtlRollMattSl.front-on.webp,
GBCylAmb9MtlRollPnkDot,kd7ahhegw535myvpfgxqmeehpx81vxx2,cylinder-9ml-amber-17-415,validated_local,validated-master-reuse,https://www.bestbottles.com/product/cylinder-design-9-ml-amber-glass-bottle-metal-roller-ball-pink-dot-cap,,,/Users/jordanrichter/.codex/worktrees/cc9c/Best-Bottles-Website-02-20-2026/dist/paper-doll/cylinder-complete/plates/cylinder-9ml-amber-17-415/GBCylAmb9MtlRollPnkDot.front-on.webp,
GBCylAmb9MtlRollShBlk,kd7e3der534y6k76hd7t5cnaxd81v3dz,cylinder-9ml-amber-17-415,validated_local,validated-master-reuse,https://www.bestbottles.com/product/cylinder-design-9-ml-amber-glass-bottle-metal-roller-ball-shiny-black-cap,,,/Users/jordanrichter/.codex/worktrees/cc9c/Best-Bottles-Website-02-20-2026/dist/paper-doll/cylinder-complete/plates/cylinder-9ml-amber-17-415/GBCylAmb9MtlRollShBlk.front-on.webp,
GBCylAmb9MtlRollShnGl,kd7f6zvqjc5snqg5j64ngphk4h81tzdq,cylinder-9ml-amber-17-415,validated_local,validated-master-reuse,https://www.bestbottles.com/product/cylinder-design-9-ml-amber-glass-bottle-metal-roller-ball-shiny-gold-cap,,,/Users/jordanrichter/.codex/worktrees/cc9c/Best-Bottles-Website-02-20-2026/dist/paper-doll/cylinder-complete/plates/cylinder-9ml-amber-17-415/GBCylAmb9MtlRollShnGl.front-on.webp,
GBCylAmb9MtlRollShnSl,kd7b6rw6h87y41epj3gazp27rs81tk56,cylinder-9ml-amber-17-415,validated_local,validated-master-reuse,https://www.bestbottles.com/product/cylinder-design-9-ml-amber-glass-bottle-metal-roller-ball-shiny-silver-cap,,,/Users/jordanrichter/.codex/worktrees/cc9c/Best-Bottles-Website-02-20-2026/dist/paper-doll/cylinder-complete/plates/cylinder-9ml-amber-17-415/GBCylAmb9MtlRollShnSl.front-on.webp,
GBCylAmb9MtlRollSlDot,kd7b4d5tdpvpj8d8v7m62z18zn81t3v4,cylinder-9ml-amber-17-415,validated_local,validated-master-reuse,https://www.bestbottles.com/product/cylinder-design-9-ml-amber-glass-bottle-metal-roller-ball-silver-dot-cap,,,/Users/jordanrichter/.codex/worktrees/cc9c/Best-Bottles-Website-02-20-2026/dist/paper-doll/cylinder-complete/plates/cylinder-9ml-amber-17-415/GBCylAmb9MtlRollSlDot.front-on.webp,
GBCylAmb9MtlRollWht,kd71a31w9dj8fwjgbknr584mns81vnm0,cylinder-9ml-amber-17-415,validated_local,validated-master-reuse,https://www.bestbottles.com/product/cylinder-design-9-ml-amber-glass-bottle-metal-roller-ball-white-cap,,,/Users/jordanrichter/.codex/worktrees/cc9c/Best-Bottles-Website-02-20-2026/dist/paper-doll/cylinder-complete/plates/cylinder-9ml-amber-17-415/GBCylAmb9MtlRollWht.front-on.webp,
GBCylAmb9RollBlkDot,kd72a4s9f2vqgt1ngtye5pppvs81vb8h,cylinder-9ml-amber-17-415,validated_local,validated-master-reuse,https://www.bestbottles.com/product/cylinder-design-9-ml-amber-glass-bottle-plastic-roller-ball-black-dot-cap,,,/Users/jordanrichter/.codex/worktrees/cc9c/Best-Bottles-Website-02-20-2026/dist/paper-doll/cylinder-complete/plates/cylinder-9ml-amber-17-415/GBCylAmb9RollBlkDot.front-on.webp,
GBCylAmb9RollMattCu,kd7b03b6g119rhy73esw11pghx81tp01,cylinder-9ml-amber-17-415,validated_local,validated-master-reuse,https://www.bestbottles.com/product/cylinder-design-9-ml-amber-glass-bottle-plastic-roller-ball-matte-copper-cap,,,/Users/jordanrichter/.codex/worktrees/cc9c/Best-Bottles-Website-02-20-2026/dist/paper-doll/cylinder-complete/plates/cylinder-9ml-amber-17-415/GBCylAmb9RollMattCu.front-on.webp,
GBCylAmb9RollMattGl,kd757swv78j5r4nz5zzftk3rcx81t2ze,cylinder-9ml-amber-17-415,validated_local,validated-master-reuse,https://www.bestbottles.com/product/cylinder-design-9-ml-amber-glass-bottle-plastic-roller-ball-matte-gold-cap,,,/Users/jordanrichter/.codex/worktrees/cc9c/Best-Bottles-Website-02-20-2026/dist/paper-doll/cylinder-complete/plates/cylinder-9ml-amber-17-415/GBCylAmb9RollMattGl.front-on.webp,
GBCylAmb9RollMattSl,kd7fnkekbmf247ewq1xsjwvdmx81vp8e,cylinder-9ml-amber-17-415,validated_local,validated-master-reuse,https://www.bestbottles.com/product/cylinder-design-9-ml-amber-glass-bottle-plastic-roller-ball-matte-silver-cap,,,/Users/jordanrichter/.codex/worktrees/cc9c/Best-Bottles-Website-02-20-2026/dist/paper-doll/cylinder-complete/plates/cylinder-9ml-amber-17-415/GBCylAmb9RollMattSl.front-on.webp,
GBCylAmb9RollPnkDot,kd77msk3cxjgxb2dcmkrzhf97x81tx50,cylinder-9ml-amber-17-415,validated_local,validated-master-reuse,https://www.bestbottles.com/product/cylinder-design-9-ml-amber-glass-bottle-plastic-roller-ball-pink-dot-cap,,,/Users/jordanrichter/.codex/worktrees/cc9c/Best-Bottles-Website-02-20-2026/dist/paper-doll/cylinder-complete/plates/cylinder-9ml-amber-17-415/GBCylAmb9RollPnkDot.front-on.webp,
GBCylAmb9RollShBlk,kd73gvq59bbak2tbrmvaxjks6181v743,cylinder-9ml-amber-17-415,validated_local,validated-master-reuse,https://www.bestbottles.com/product/cylinder-design-9-ml-amber-glass-bottle-plastic-roller-ball-shiny-black-cap,,,/Users/jordanrichter/.codex/worktrees/cc9c/Best-Bottles-Website-02-20-2026/dist/paper-doll/cylinder-complete/plates/cylinder-9ml-amber-17-415/GBCylAmb9RollShBlk.front-on.webp,
GBCylAmb9RollShnGl,kd7aq508eh6fymw6g1xxp24ta581vzqw,cylinder-9ml-amber-17-415,validated_local,validated-master-reuse,https://www.bestbottles.com/product/cylinder-design-9-ml-amber-glass-bottle-plastic-roller-ball-shiny-gold-cap,,,/Users/jordanrichter/.codex/worktrees/cc9c/Best-Bottles-Website-02-20-2026/dist/paper-doll/cylinder-complete/plates/cylinder-9ml-amber-17-415/GBCylAmb9RollShnGl.front-on.webp,
GBCylAmb9RollShnSl,kd77dr5886hkp75qw83ymvv6ts81vh44,cylinder-9ml-amber-17-415,validated_local,validated-master-reuse,https://www.bestbottles.com/product/cylinder-design-9-ml-amber-glass-bottle-plastic-roller-ball-shiny-silver-cap,,,/Users/jordanrichter/.codex/worktrees/cc9c/Best-Bottles-Website-02-20-2026/dist/paper-doll/cylinder-complete/plates/cylinder-9ml-amber-17-415/GBCylAmb9RollShnSl.front-on.webp,
GBCylAmb9RollSlDot,kd79z3pfbzcktggzw5d1j5kxxx81vzqh,cylinder-9ml-amber-17-415,validated_local,validated-master-reuse,https://www.bestbottles.com/product/cylinder-design-9-ml-amber-glass-bottle-plastic-roller-ball-silver-dot-cap,,,/Users/jordanrichter/.codex/worktrees/cc9c/Best-Bottles-Website-02-20-2026/dist/paper-doll/cylinder-complete/plates/cylinder-9ml-amber-17-415/GBCylAmb9RollSlDot.front-on.webp,
GBCylAmb9RollWht,kd76z5cdzpc2ztkynqr6d0361581t1ah,cylinder-9ml-amber-17-415,validated_local,validated-master-reuse,https://www.bestbottles.com/product/cylinder-design-9-ml-amber-glass-bottle-plastic-roller-ball-white-cap,,,/Users/jordanrichter/.codex/worktrees/cc9c/Best-Bottles-Website-02-20-2026/dist/paper-doll/cylinder-complete/plates/cylinder-9ml-amber-17-415/GBCylAmb9RollWht.front-on.webp,
GBCylAmb9SpryBlk,kd7dv9eqaawf3469esr1jgbxc181t84k,cylinder-9ml-amber-17-415,validated_local,validated-master-reuse,https://www.bestbottles.com/product/cylinder-design-9-ml-amber-glass-bottle-sprayer-black-trim-and-cap,,,/Users/jordanrichter/.codex/worktrees/cc9c/Best-Bottles-Website-02-20-2026/dist/paper-doll/cylinder-complete/plates/cylinder-9ml-amber-17-415/GBCylAmb9SpryBlk.front-on.webp,
GBCylAmb9SpryGl,kd77hekd25ssrenpvy22h89q9h81vd1n,cylinder-9ml-amber-17-415,validated_local,validated-master-reuse,https://www.bestbottles.com/product/cylinder-design-9-ml-amber-glass-bottle-sprayer-gold-trim-and-cap,,,/Users/jordanrichter/.codex/worktrees/cc9c/Best-Bottles-Website-02-20-2026/dist/paper-doll/cylinder-complete/plates/cylinder-9ml-amber-17-415/GBCylAmb9SpryGl.front-on.webp,
GBCylAmb9SpryMattSl,kd7e45ersafegtb94aax2wp69n81tn5b,cylinder-9ml-amber-17-415,validated_local,validated-master-reuse,https://www.bestbottles.com/product/cylinder-design-9-ml-amber-glass-bottle-sprayer-matte-silver-trim-and-cap,,,/Users/jordanrichter/.codex/worktrees/cc9c/Best-Bottles-Website-02-20-2026/dist/paper-doll/cylinder-complete/plates/cylinder-9ml-amber-17-415/GBCylAmb9SpryMattSl.front-on.webp,
GBCylAmb9SpryRd,kd76anw14nkngsyq5yd8z9m4nn81vs5q,cylinder-9ml-amber-17-415,validated_local,validated-master-reuse,https://www.bestbottles.com/product/cylinder-design-9-ml-amber-glass-bottle-sprayer-red-trim-and-cap,,,/Users/jordanrichter/.codex/worktrees/cc9c/Best-Bottles-Website-02-20-2026/dist/paper-doll/cylinder-complete/plates/cylinder-9ml-amber-17-415/GBCylAmb9SpryRd.front-on.webp,
GBCylAmb9SpryShSl,kd735z8563qjrtncajnyvk1qe981tk6b,cylinder-9ml-amber-17-415,validated_local,validated-master-reuse,https://www.bestbottles.com/product/cylinder-design-9-ml-amber-glass-bottle-sprayer-shiny-silver-trim-and-cap,,,/Users/jordanrichter/.codex/worktrees/cc9c/Best-Bottles-Website-02-20-2026/dist/paper-doll/cylinder-complete/plates/cylinder-9ml-amber-17-415/GBCylAmb9SpryShSl.front-on.webp,
GBCylAmb9SpryTur,kd7b4wzzxbfycmex6vr1gz2twn81tm0t,cylinder-9ml-amber-17-415,validated_local,validated-master-reuse,https://www.bestbottles.com/product/cylinder-design-9-ml-amber-glass-bottle-sprayer-turquoise-trim-and-cap,,,/Users/jordanrichter/.codex/worktrees/cc9c/Best-Bottles-Website-02-20-2026/dist/paper-doll/cylinder-complete/plates/cylinder-9ml-amber-17-415/GBCylAmb9SpryTur.front-on.webp,
LBCylAmb9LtnBlk,kd76rxqjaxh09gxbm4z9r4mdn181t5vf,cylinder-9ml-amber-17-415,validated_local,validated-master-reuse,https://www.bestbottles.com/product/cylinder-design-9-ml-amber-glass-bottle-lotion-pump-black-trim-and-cap,,,/Users/jordanrichter/.codex/worktrees/cc9c/Best-Bottles-Website-02-20-2026/dist/paper-doll/cylinder-complete/plates/cylinder-9ml-amber-17-415/LBCylAmb9LtnBlk.front-on.webp,
LBCylAmb9LtnGl,kd7bxhh4ss67mbdpjsarq9afdh81tjxd,cylinder-9ml-amber-17-415,validated_local,validated-master-reuse,https://www.bestbottles.com/product/cylinder-design-9-ml-amber-glass-bottle-lotion-pump-gold-trim-and-cap,,,/Users/jordanrichter/.codex/worktrees/cc9c/Best-Bottles-Website-02-20-2026/dist/paper-doll/cylinder-complete/plates/cylinder-9ml-amber-17-415/LBCylAmb9LtnGl.front-on.webp,
LBCylAmb9LtnMtSl,kd7176wfz2ja6zbejnme8kxnv581tyxk,cylinder-9ml-amber-17-415,validated_local,validated-master-reuse,https://www.bestbottles.com/product/cylinder-design-9-ml-amber-glass-bottle-lotion-pump-matte-silver-trim-cap,,,/Users/jordanrichter/.codex/worktrees/cc9c/Best-Bottles-Website-02-20-2026/dist/paper-doll/cylinder-complete/plates/cylinder-9ml-amber-17-415/LBCylAmb9LtnMtSl.front-on.webp,
GBTallCyl9BlkShSht,kd7c0md28r38gkyc6cbrcpzf4x8dnxke,cylinder-9ml-clear-13-415,validated_local,reviewed-body-anchor,https://www.bestbottles.com/all-bottles/option_details.php?items_count=8&OPTinv_id=4065,,,/Users/jordanrichter/.codex/worktrees/cc9c/Best-Bottles-Website-02-20-2026/dist/paper-doll/cylinder-complete/plates/cylinder-9ml-clear-13-415/GBTallCyl9BlkShSht.front-on.webp,Legacy raster; canvas size does not increase source detail
GBTallCyl9BlkSht,kd7b2n4q9q9nfzkwyykzz3n58581vx21,cylinder-9ml-clear-13-415,validated_local,validated-master-reuse,https://www.bestbottles.com/product/tall-cylinder-design-9-ml-glass-bottle-short-black-cap,,,/Users/jordanrichter/.codex/worktrees/cc9c/Best-Bottles-Website-02-20-2026/dist/paper-doll/cylinder-complete/plates/cylinder-9ml-clear-13-415/GBTallCyl9BlkSht.front-on.webp,
GBTallCyl9CuSht,kd7b5gchq3f4a58kv90kxmmm4x8dm009,cylinder-9ml-clear-13-415,validated_local,reviewed-body-anchor,https://www.bestbottles.com/all-bottles/option_details.php?items_count=8&OPTinv_id=4066,,,/Users/jordanrichter/.codex/worktrees/cc9c/Best-Bottles-Website-02-20-2026/dist/paper-doll/cylinder-complete/plates/cylinder-9ml-clear-13-415/GBTallCyl9CuSht.front-on.webp,Legacy raster; canvas size does not increase source detail
GBTallCyl9Gl,kd78wne3dbvdc1n9ngnybqecrd81t2am,cylinder-9ml-clear-13-415,validated_local,validated-master-reuse,https://www.bestbottles.com/product/tall-cylinder-design-9-ml-glass-bottle-shiny-gold-cap,,,/Users/jordanrichter/.codex/worktrees/cc9c/Best-Bottles-Website-02-20-2026/dist/paper-doll/cylinder-complete/plates/cylinder-9ml-clear-13-415/GBTallCyl9Gl.front-on.webp,
GBTallCyl9GlMattSht,kd7dz86mcdmg46a97ts4xe1x6x8dm06x,cylinder-9ml-clear-13-415,validated_local,reviewed-body-anchor,https://www.bestbottles.com/all-bottles/option_details.php?items_count=8&OPTinv_id=4067,,,/Users/jordanrichter/.codex/worktrees/cc9c/Best-Bottles-Website-02-20-2026/dist/paper-doll/cylinder-complete/plates/cylinder-9ml-clear-13-415/GBTallCyl9GlMattSht.front-on.webp,Legacy raster; canvas size does not increase source detail
GBTallCyl9GlSht,kd71brbgf6xccpxk3865z6v4e18dmx5a,cylinder-9ml-clear-13-415,validated_local,reviewed-body-anchor,https://www.bestbottles.com/all-bottles/option_details.php?items_count=8&OPTinv_id=4068,,,/Users/jordanrichter/.codex/worktrees/cc9c/Best-Bottles-Website-02-20-2026/dist/paper-doll/cylinder-complete/plates/cylinder-9ml-clear-13-415/GBTallCyl9GlSht.front-on.webp,Legacy raster; canvas size does not increase source detail
GBTallCyl9MtlRollBlkDot,kd740q8whf0v7p19cvrdr5fsqx81t3qb,cylinder-9ml-clear-13-415,validated_local,reviewed-body-anchor,https://www.bestbottles.com/product/tall-cylinder-design-9-ml-glass-bottle-metal-roller-ball-plug-black-shiny-cap-with-dots,,,/Users/jordanrichter/.codex/worktrees/cc9c/Best-Bottles-Website-02-20-2026/dist/paper-doll/cylinder-complete/plates/cylinder-9ml-clear-13-415/GBTallCyl9MtlRollBlkDot.front-on.webp,Merged master PSD
GBTallCyl9MtlRollBlkSh,kd75k9nf2bpmkj18y2db0danqh81vf3n,cylinder-9ml-clear-13-415,validated_local,validated-master-reuse,https://www.bestbottles.com/product/tall-cylinder-design-9-ml-glass-bottle-metal-roller-ball-plug-black-shiny-cap,,,/Users/jordanrichter/.codex/worktrees/cc9c/Best-Bottles-Website-02-20-2026/dist/paper-doll/cylinder-complete/plates/cylinder-9ml-clear-13-415/GBTallCyl9MtlRollBlkSh.front-on.webp,
GBTallCyl9MtlRollCuMatt,kd7bxwgbey7pqdn253m1xaczyx81thws,cylinder-9ml-clear-13-415,validated_local,validated-master-reuse,https://www.bestbottles.com/product/tall-cylinder-design-9-ml-glass-bottle-metal-roller-ball-plug-matte-copper-cap,,,/Users/jordanrichter/.codex/worktrees/cc9c/Best-Bottles-Website-02-20-2026/dist/paper-doll/cylinder-complete/plates/cylinder-9ml-clear-13-415/GBTallCyl9MtlRollCuMatt.front-on.webp,
GBTallCyl9MtlRollGlMatt,kd7693jcd9h8ymavmrpas7n70181tqh5,cylinder-9ml-clear-13-415,validated_local,validated-master-reuse,https://www.bestbottles.com/product/tall-cylinder-design-9-ml-glass-bottle-metal-roller-ball-plug-matte-gold-cap,,,/Users/jordanrichter/.codex/worktrees/cc9c/Best-Bottles-Website-02-20-2026/dist/paper-doll/cylinder-complete/plates/cylinder-9ml-clear-13-415/GBTallCyl9MtlRollGlMatt.front-on.webp,
GBTallCyl9MtlRollGlSh,kd7c95ndnn5cyayz13rja7p2ps81vrbh,cylinder-9ml-clear-13-415,validated_local,validated-master-reuse,https://www.bestbottles.com/product/tall-cylinder-design-9-ml-glass-bottle-metal-roller-ball-plug-shiny-gold-cap,,,/Users/jordanrichter/.codex/worktrees/cc9c/Best-Bottles-Website-02-20-2026/dist/paper-doll/cylinder-complete/plates/cylinder-9ml-clear-13-415/GBTallCyl9MtlRollGlSh.front-on.webp,
GBTallCyl9MtlRollPinkDot,kd7d99bgpjjew0rdmnxvcdkdn981ve06,cylinder-9ml-clear-13-415,validated_local,validated-master-reuse,https://www.bestbottles.com/product/tall-cylinder-design-9-ml-glass-bottle-metal-roller-ball-plug-pink-cap-with-dots,,,/Users/jordanrichter/.codex/worktrees/cc9c/Best-Bottles-Website-02-20-2026/dist/paper-doll/cylinder-complete/plates/cylinder-9ml-clear-13-415/GBTallCyl9MtlRollPinkDot.front-on.webp,
GBTallCyl9MtlRollSlDot,kd7ap0rrmmhjd032w83g3992q981tntd,cylinder-9ml-clear-13-415,validated_local,validated-master-reuse,https://www.bestbottles.com/product/tall-cylinder-design-9-ml-glass-bottle-metal-roller-ball-plug-silver-cap-with-dots,,,/Users/jordanrichter/.codex/worktrees/cc9c/Best-Bottles-Website-02-20-2026/dist/paper-doll/cylinder-complete/plates/cylinder-9ml-clear-13-415/GBTallCyl9MtlRollSlDot.front-on.webp,
GBTallCyl9MtlRollSlMatt,kd711y2jz27hjr78jjh3trdnz981t6sz,cylinder-9ml-clear-13-415,validated_local,validated-master-reuse,https://www.bestbottles.com/product/tall-cylinder-design-9-ml-glass-bottle-metal-roller-ball-plug-matte-silver-cap,,,/Users/jordanrichter/.codex/worktrees/cc9c/Best-Bottles-Website-02-20-2026/dist/paper-doll/cylinder-complete/plates/cylinder-9ml-clear-13-415/GBTallCyl9MtlRollSlMatt.front-on.webp,
GBTallCyl9MtlRollSlSh,kd70t8s3q9gynxkj748a2feh3d81ta86,cylinder-9ml-clear-13-415,validated_local,validated-master-reuse,https://www.bestbottles.com/product/tall-cylinder-design-9-ml-glass-bottle-metal-roller-ball-plug-shiny-silver-cap,,,/Users/jordanrichter/.codex/worktrees/cc9c/Best-Bottles-Website-02-20-2026/dist/paper-doll/cylinder-complete/plates/cylinder-9ml-clear-13-415/GBTallCyl9MtlRollSlSh.front-on.webp,
GBTallCyl9RollBlkDot,kd7b3tex06nz4421d2hynssekh81trhy,cylinder-9ml-clear-13-415,validated_local,validated-master-reuse,https://www.bestbottles.com/product/tall-cylinder-design-9-ml-glass-bottle-plastic-roller-ball-plug-black-shiny-cap-with-dots,,,/Users/jordanrichter/.codex/worktrees/cc9c/Best-Bottles-Website-02-20-2026/dist/paper-doll/cylinder-complete/plates/cylinder-9ml-clear-13-415/GBTallCyl9RollBlkDot.front-on.webp,
GBTallCyl9RollBlkSh,kd7980sq6ee4bny0ffcbtwyetn81vxb8,cylinder-9ml-clear-13-415,validated_local,reviewed-body-anchor,https://www.bestbottles.com/product/tall-cylinder-design-9-ml-glass-bottle-plastic-roller-ball-plug-black-shiny-cap,,,/Users/jordanrichter/.codex/worktrees/cc9c/Best-Bottles-Website-02-20-2026/dist/paper-doll/cylinder-complete/plates/cylinder-9ml-clear-13-415/GBTallCyl9RollBlkSh.front-on.webp,Legacy raster; canvas size does not increase source detail
GBTallCyl9RollCuMatt,kd72z64g5qehe465ntcma1jvj981t8hn,cylinder-9ml-clear-13-415,validated_local,reviewed-body-anchor,https://www.bestbottles.com/product/tall-cylinder-design-9-ml-glass-bottle-plastic-roller-ball-plug-matte-copper-cap,,,/Users/jordanrichter/.codex/worktrees/cc9c/Best-Bottles-Website-02-20-2026/dist/paper-doll/cylinder-complete/plates/cylinder-9ml-clear-13-415/GBTallCyl9RollCuMatt.front-on.webp,Legacy raster; canvas size does not increase source detail
GBTallCyl9RollGlMatt,kd7fnr8cc0cdyj7enfjc0j3sr981v75h,cylinder-9ml-clear-13-415,validated_local,reviewed-body-anchor,https://www.bestbottles.com/product/tall-cylinder-design-9-ml-glass-bottle-plastic-roller-ball-plug-matte-gold-cap,,,/Users/jordanrichter/.codex/worktrees/cc9c/Best-Bottles-Website-02-20-2026/dist/paper-doll/cylinder-complete/plates/cylinder-9ml-clear-13-415/GBTallCyl9RollGlMatt.front-on.webp,Legacy raster; canvas size does not increase source detail
GBTallCyl9RollGlSh,kd70qzt9nq4ysaqgzbxwn2phf581te57,cylinder-9ml-clear-13-415,validated_local,reviewed-body-anchor,https://www.bestbottles.com/product/tall-cylinder-design-9-ml-glass-bottle-plastic-roller-ball-plug-shiny-gold-cap,,,/Users/jordanrichter/.codex/worktrees/cc9c/Best-Bottles-Website-02-20-2026/dist/paper-doll/cylinder-complete/plates/cylinder-9ml-clear-13-415/GBTallCyl9RollGlSh.front-on.webp,Legacy raster; canvas size does not increase source detail
GBTallCyl9RollPinkDot,kd73xxd7t9mj61y7wrgkz3bbwx81v09x,cylinder-9ml-clear-13-415,validated_local,validated-master-reuse,https://www.bestbottles.com/product/tall-cylinder-design-9-ml-glass-bottle-plastic-roller-ball-plug-pink-cap-with-dots,,,/Users/jordanrichter/.codex/worktrees/cc9c/Best-Bottles-Website-02-20-2026/dist/paper-doll/cylinder-complete/plates/cylinder-9ml-clear-13-415/GBTallCyl9RollPinkDot.front-on.webp,
GBTallCyl9RollSlDot,kd74357gymmntckrx6gr6yvtz581tesg,cylinder-9ml-clear-13-415,validated_local,validated-master-reuse,https://www.bestbottles.com/product/tall-cylinder-design-9-ml-glass-bottle-plastic-roller-ball-plug-silver-cap-with-dots,,,/Users/jordanrichter/.codex/worktrees/cc9c/Best-Bottles-Website-02-20-2026/dist/paper-doll/cylinder-complete/plates/cylinder-9ml-clear-13-415/GBTallCyl9RollSlDot.front-on.webp,
GBTallCyl9RollSlMatt,kd74hp0krav6pny3t52v0ryrms81tb8b,cylinder-9ml-clear-13-415,validated_local,reviewed-body-anchor,https://www.bestbottles.com/product/tall-cylinder-design-9-ml-glass-bottle-plastic-roller-ball-plug-matte-silver-cap,,,/Users/jordanrichter/.codex/worktrees/cc9c/Best-Bottles-Website-02-20-2026/dist/paper-doll/cylinder-complete/plates/cylinder-9ml-clear-13-415/GBTallCyl9RollSlMatt.front-on.webp,Legacy raster; canvas size does not increase source detail
GBTallCyl9RollSlSh,kd74v9ztx125qxz19wesfp5qcx81v74w,cylinder-9ml-clear-13-415,validated_local,reviewed-body-anchor,https://www.bestbottles.com/product/tall-cylinder-design-9-ml-glass-bottle-plastic-roller-ball-plug-shiny-silver-cap,,,/Users/jordanrichter/.codex/worktrees/cc9c/Best-Bottles-Website-02-20-2026/dist/paper-doll/cylinder-complete/plates/cylinder-9ml-clear-13-415/GBTallCyl9RollSlSh.front-on.webp,Legacy raster; canvas size does not increase source detail
GBTallCyl9Sl,kd78dn34q85at0s1rkq6w88bcn81tpqb,cylinder-9ml-clear-13-415,validated_local,validated-master-reuse,https://www.bestbottles.com/product/tall-cylinder-design-9-ml-glass-bottle-shiny-silver-cap,,,/Users/jordanrichter/.codex/worktrees/cc9c/Best-Bottles-Website-02-20-2026/dist/paper-doll/cylinder-complete/plates/cylinder-9ml-clear-13-415/GBTallCyl9Sl.front-on.webp,
GBTallCyl9SlMattSht,kd7b5mw03j7sk07vnx59hpgtpd8dm3v2,cylinder-9ml-clear-13-415,validated_local,reviewed-body-anchor,https://www.bestbottles.com/all-bottles/option_details.php?items_count=8&OPTinv_id=4069,,,/Users/jordanrichter/.codex/worktrees/cc9c/Best-Bottles-Website-02-20-2026/dist/paper-doll/cylinder-complete/plates/cylinder-9ml-clear-13-415/GBTallCyl9SlMattSht.front-on.webp,Legacy raster; canvas size does not increase source detail
GBTallCyl9SlSht,kd78yc3s7m12kpbzhnzyhd9xdx8dmr7c,cylinder-9ml-clear-13-415,validated_local,reviewed-body-anchor,https://www.bestbottles.com/all-bottles/option_details.php?items_count=8&OPTinv_id=4070,,,/Users/jordanrichter/.codex/worktrees/cc9c/Best-Bottles-Website-02-20-2026/dist/paper-doll/cylinder-complete/plates/cylinder-9ml-clear-13-415/GBTallCyl9SlSht.front-on.webp,Legacy raster; canvas size does not increase source detail
GBTallCyl9SpryBlkMatt,kd794qvqmb2ena6snana8a67a181vhjf,cylinder-9ml-clear-13-415,validated_local,validated-master-reuse,https://www.bestbottles.com/product/tall-cylinder-design-9-ml-glass-bottle-matte-black-spray,,,/Users/jordanrichter/.codex/worktrees/cc9c/Best-Bottles-Website-02-20-2026/dist/paper-doll/cylinder-complete/plates/cylinder-9ml-clear-13-415/GBTallCyl9SpryBlkMatt.front-on.webp,
GBTallCyl9SpryBlkSh,kd7d6507mv55td68ct2204jz8n81vkdn,cylinder-9ml-clear-13-415,validated_local,validated-master-reuse,https://www.bestbottles.com/product/tall-cylinder-design-9-ml-glass-bottle-shiny-black-spray,,,/Users/jordanrichter/.codex/worktrees/cc9c/Best-Bottles-Website-02-20-2026/dist/paper-doll/cylinder-complete/plates/cylinder-9ml-clear-13-415/GBTallCyl9SpryBlkSh.front-on.webp,
GBTallCyl9SpryBluMatt,kd7ceepq32qdfszvaew0k6vhdn81tep7,cylinder-9ml-clear-13-415,validated_local,validated-master-reuse,https://www.bestbottles.com/product/tall-cylinder-design-9-ml-glass-bottle-matte-blue-spray,,,/Users/jordanrichter/.codex/worktrees/cc9c/Best-Bottles-Website-02-20-2026/dist/paper-doll/cylinder-complete/plates/cylinder-9ml-clear-13-415/GBTallCyl9SpryBluMatt.front-on.webp,
GBTallCyl9SpryCuMatt,kd7f2j1r5y286s0s315xcamard81taht,cylinder-9ml-clear-13-415,validated_local,validated-master-reuse,https://www.bestbottles.com/product/tall-cylinder-design-9-ml-glass-bottle-matte-copper-spray,,,/Users/jordanrichter/.codex/worktrees/cc9c/Best-Bottles-Website-02-20-2026/dist/paper-doll/cylinder-complete/plates/cylinder-9ml-clear-13-415/GBTallCyl9SpryCuMatt.front-on.webp,
GBTallCyl9SpryGlMatt,kd70rgn0tccwtvj06dfeacxdan81tnn7,cylinder-9ml-clear-13-415,validated_local,validated-master-reuse,https://www.bestbottles.com/product/tall-cylinder-design-9-ml-glass-bottle-matte-gold-spray,,,/Users/jordanrichter/.codex/worktrees/cc9c/Best-Bottles-Website-02-20-2026/dist/paper-doll/cylinder-complete/plates/cylinder-9ml-clear-13-415/GBTallCyl9SpryGlMatt.front-on.webp,
GBTallCyl9SpryGlSh,kd79p6h3n2y5ppf2b7xxqhw82181vdmr,cylinder-9ml-clear-13-415,validated_local,validated-master-reuse,https://www.bestbottles.com/product/tall-cylinder-design-9-ml-glass-bottle-shiny-gold-spray,,,/Users/jordanrichter/.codex/worktrees/cc9c/Best-Bottles-Website-02-20-2026/dist/paper-doll/cylinder-complete/plates/cylinder-9ml-clear-13-415/GBTallCyl9SpryGlSh.front-on.webp,
GBTallCyl9SprySlMatt,kd7d5pdvwhg4pxg6v3var728wh81v2ev,cylinder-9ml-clear-13-415,validated_local,validated-master-reuse,https://www.bestbottles.com/product/tall-cylinder-design-9-ml-glass-bottle-matte-silver-spray,,,/Users/jordanrichter/.codex/worktrees/cc9c/Best-Bottles-Website-02-20-2026/dist/paper-doll/cylinder-complete/plates/cylinder-9ml-clear-13-415/GBTallCyl9SprySlMatt.front-on.webp,
GBTallCyl9SprySlSh,kd7bkm5m94jn5s42zjjmg99khx81v28z,cylinder-9ml-clear-13-415,validated_local,validated-master-reuse,https://www.bestbottles.com/product/tall-cylinder-design-9-ml-glass-bottle-shiny-silver-spray,,,/Users/jordanrichter/.codex/worktrees/cc9c/Best-Bottles-Website-02-20-2026/dist/paper-doll/cylinder-complete/plates/cylinder-9ml-clear-13-415/GBTallCyl9SprySlSh.front-on.webp,
GBTallCyl9WhtSht,kd79rebg7f97b8n4q8ecrbdwgs8dmcbt,cylinder-9ml-clear-13-415,validated_local,validated-master-reuse,https://www.bestbottles.com/product/tall-cylinder-design-9-ml-glass-bottle-short-white-cap,,,/Users/jordanrichter/.codex/worktrees/cc9c/Best-Bottles-Website-02-20-2026/dist/paper-doll/cylinder-complete/plates/cylinder-9ml-clear-13-415/GBTallCyl9WhtSht.front-on.webp,
GBCyl9MtlRollBlkDot,kd79k5qhsscb9z3n50x4rm1jpn81v9nn,cylinder-9ml-clear-17-415,validated_local,validated-master-reuse,https://www.bestbottles.com/product/cylinder-design-9-ml-clear-glass-bottle-metal-roller-ball-black-dot-cap,,,/Users/jordanrichter/.codex/worktrees/cc9c/Best-Bottles-Website-02-20-2026/dist/paper-doll/cylinder-complete/plates/cylinder-9ml-clear-17-415/GBCyl9MtlRollBlkDot.front-on.webp,
GBCyl9MtlRollMattCu,kd7bd3ncd531femah49qvdw4kn81tger,cylinder-9ml-clear-17-415,validated_local,validated-master-reuse,https://www.bestbottles.com/product/cylinder-design-9-ml-clear-glass-bottle-metal-roller-ball-matte-copper-cap,,,/Users/jordanrichter/.codex/worktrees/cc9c/Best-Bottles-Website-02-20-2026/dist/paper-doll/cylinder-complete/plates/cylinder-9ml-clear-17-415/GBCyl9MtlRollMattCu.front-on.webp,
GBCyl9MtlRollMattGl,kd7asdjn1cfppp03b00gkv09tx81tata,cylinder-9ml-clear-17-415,validated_local,validated-master-reuse,https://www.bestbottles.com/product/cylinder-design-9-ml-clear-glass-bottle-metal-roller-ball-matte-gold-cap,,,/Users/jordanrichter/.codex/worktrees/cc9c/Best-Bottles-Website-02-20-2026/dist/paper-doll/cylinder-complete/plates/cylinder-9ml-clear-17-415/GBCyl9MtlRollMattGl.front-on.webp,
GBCyl9MtlRollMattSl,kd77nrwdw0ahy2n13aw9qwf71x81tmsa,cylinder-9ml-clear-17-415,validated_local,validated-master-reuse,https://www.bestbottles.com/product/cylinder-design-9-ml-clear-glass-bottle-metal-roller-ball-matte-silver-cap,,,/Users/jordanrichter/.codex/worktrees/cc9c/Best-Bottles-Website-02-20-2026/dist/paper-doll/cylinder-complete/plates/cylinder-9ml-clear-17-415/GBCyl9MtlRollMattSl.front-on.webp,
GBCyl9MtlRollPnkDot,kd7dzd3qeztpv1qhp3f2ve5w0581vr75,cylinder-9ml-clear-17-415,validated_local,validated-master-reuse,https://www.bestbottles.com/product/cylinder-design-9-ml-clear-glass-bottle-metal-roller-ball-pink-dot-cap,,,/Users/jordanrichter/.codex/worktrees/cc9c/Best-Bottles-Website-02-20-2026/dist/paper-doll/cylinder-complete/plates/cylinder-9ml-clear-17-415/GBCyl9MtlRollPnkDot.front-on.webp,
GBCyl9MtlRollShBlk,kd74j1vqnzc5caxtqmqtbfx9r181v677,cylinder-9ml-clear-17-415,validated_local,validated-master-reuse,https://www.bestbottles.com/product/cylinder-design-9-ml-clear-glass-bottle-metal-roller-ball-shiny-black-cap,,,/Users/jordanrichter/.codex/worktrees/cc9c/Best-Bottles-Website-02-20-2026/dist/paper-doll/cylinder-complete/plates/cylinder-9ml-clear-17-415/GBCyl9MtlRollShBlk.front-on.webp,
GBCyl9MtlRollShnGl,kd70yskvr5m65rf16602rg5cf981vnks,cylinder-9ml-clear-17-415,validated_local,validated-master-reuse,https://www.bestbottles.com/product/cylinder-design-9-ml-clear-glass-bottle-metal-roller-ball-shiny-gold-cap,,,/Users/jordanrichter/.codex/worktrees/cc9c/Best-Bottles-Website-02-20-2026/dist/paper-doll/cylinder-complete/plates/cylinder-9ml-clear-17-415/GBCyl9MtlRollShnGl.front-on.webp,
GBCyl9MtlRollShnSl,kd70d3y0dbvd241h73x6eesxbx81v3c8,cylinder-9ml-clear-17-415,validated_local,validated-master-reuse,https://www.bestbottles.com/product/cylinder-design-9-ml-clear-glass-bottle-metal-roller-ball-shiny-silver-cap,,,/Users/jordanrichter/.codex/worktrees/cc9c/Best-Bottles-Website-02-20-2026/dist/paper-doll/cylinder-complete/plates/cylinder-9ml-clear-17-415/GBCyl9MtlRollShnSl.front-on.webp,
GBCyl9MtlRollSlDot,kd77vayp8cvjyat77qs5sdf9nn81thb9,cylinder-9ml-clear-17-415,validated_local,validated-master-reuse,https://www.bestbottles.com/product/cylinder-design-9-ml-clear-glass-bottle-metal-roller-ball-silver-dot-cap,,,/Users/jordanrichter/.codex/worktrees/cc9c/Best-Bottles-Website-02-20-2026/dist/paper-doll/cylinder-complete/plates/cylinder-9ml-clear-17-415/GBCyl9MtlRollSlDot.front-on.webp,
GBCyl9MtlRollWht,kd77yxdqp42csckszh571y7dhs81vnm0,cylinder-9ml-clear-17-415,validated_local,validated-master-reuse,https://www.bestbottles.com/product/cylinder-design-9-ml-clear-glass-bottle-metal-roller-ball-white-cap,,,/Users/jordanrichter/.codex/worktrees/cc9c/Best-Bottles-Website-02-20-2026/dist/paper-doll/cylinder-complete/plates/cylinder-9ml-clear-17-415/GBCyl9MtlRollWht.front-on.webp,
GBCyl9RollBlkDot,kd7f3h21e96yvtkf2cdkf1vk5x81vqs6,cylinder-9ml-clear-17-415,validated_local,validated-master-reuse,https://www.bestbottles.com/product/cylinder-design-9-ml-clear-glass-bottle-plastic-roller-ball-black-dot-cap,,,/Users/jordanrichter/.codex/worktrees/cc9c/Best-Bottles-Website-02-20-2026/dist/paper-doll/cylinder-complete/plates/cylinder-9ml-clear-17-415/GBCyl9RollBlkDot.front-on.webp,
GBCyl9RollMattCu,kd72m12j4e9t0k07c595z9jet981tntq,cylinder-9ml-clear-17-415,validated_local,validated-master-reuse,https://www.bestbottles.com/product/cylinder-design-9-ml-clear-glass-bottle-plastic-roller-ball-matte-copper-cap,,,/Users/jordanrichter/.codex/worktrees/cc9c/Best-Bottles-Website-02-20-2026/dist/paper-doll/cylinder-complete/plates/cylinder-9ml-clear-17-415/GBCyl9RollMattCu.front-on.webp,
GBCyl9RollMattGl,kd7eqwk5nb9a95wsf0yby5sb4s81vgvh,cylinder-9ml-clear-17-415,validated_local,validated-master-reuse,https://www.bestbottles.com/product/cylinder-design-9-ml-clear-glass-bottle-plastic-roller-ball-matte-gold-cap,,,/Users/jordanrichter/.codex/worktrees/cc9c/Best-Bottles-Website-02-20-2026/dist/paper-doll/cylinder-complete/plates/cylinder-9ml-clear-17-415/GBCyl9RollMattGl.front-on.webp,
GBCyl9RollMattSl,kd7fmja16cvm0sr6cpc8azwa0d81tzw7,cylinder-9ml-clear-17-415,validated_local,validated-master-reuse,https://www.bestbottles.com/product/cylinder-design-9-ml-clear-glass-bottle-plastic-roller-ball-matte-silver-cap,,,/Users/jordanrichter/.codex/worktrees/cc9c/Best-Bottles-Website-02-20-2026/dist/paper-doll/cylinder-complete/plates/cylinder-9ml-clear-17-415/GBCyl9RollMattSl.front-on.webp,
GBCyl9RollPnkDot,kd78h95t66bex2as4d21bpy2t981vfma,cylinder-9ml-clear-17-415,validated_local,validated-master-reuse,https://www.bestbottles.com/product/cylinder-design-9-ml-clear-glass-bottle-plastic-roller-ball-pink-dot-cap,,,/Users/jordanrichter/.codex/worktrees/cc9c/Best-Bottles-Website-02-20-2026/dist/paper-doll/cylinder-complete/plates/cylinder-9ml-clear-17-415/GBCyl9RollPnkDot.front-on.webp,
GBCyl9RollShBlk,kd7fvs1ckxn6ahxpfhc1vftgw581vbw7,cylinder-9ml-clear-17-415,validated_local,validated-master-reuse,https://www.bestbottles.com/product/cylinder-design-9-ml-clear-glass-bottle-plastic-roller-ball-shiny-black-cap,,,/Users/jordanrichter/.codex/worktrees/cc9c/Best-Bottles-Website-02-20-2026/dist/paper-doll/cylinder-complete/plates/cylinder-9ml-clear-17-415/GBCyl9RollShBlk.front-on.webp,
GBCyl9RollShnGl,kd70dykh7ggb6ae2g9pdyvrr0181t5bq,cylinder-9ml-clear-17-415,validated_local,validated-master-reuse,https://www.bestbottles.com/product/cylinder-design-9-ml-clear-glass-bottle-plastic-roller-ball-shiny-gold-cap,,,/Users/jordanrichter/.codex/worktrees/cc9c/Best-Bottles-Website-02-20-2026/dist/paper-doll/cylinder-complete/plates/cylinder-9ml-clear-17-415/GBCyl9RollShnGl.front-on.webp,
GBCyl9RollShnSl,kd7drt3bs9f7b4xw0jjr6brfx981th98,cylinder-9ml-clear-17-415,validated_local,validated-master-reuse,https://www.bestbottles.com/product/cylinder-design-9-ml-clear-glass-bottle-plastic-roller-ball-shiny-silver-cap,,,/Users/jordanrichter/.codex/worktrees/cc9c/Best-Bottles-Website-02-20-2026/dist/paper-doll/cylinder-complete/plates/cylinder-9ml-clear-17-415/GBCyl9RollShnSl.front-on.webp,
GBCyl9RollSlDot,kd75cz8ae7qvrwyxbxsaq6yehd81t3tg,cylinder-9ml-clear-17-415,validated_local,validated-master-reuse,https://www.bestbottles.com/product/cylinder-design-9-ml-clear-glass-bottle-plastic-roller-ball-silver-dot-cap,,,/Users/jordanrichter/.codex/worktrees/cc9c/Best-Bottles-Website-02-20-2026/dist/paper-doll/cylinder-complete/plates/cylinder-9ml-clear-17-415/GBCyl9RollSlDot.front-on.webp,
GBCyl9RollWht,kd73ff0zbwv2wyqjwg1cqfs26s81tqv7,cylinder-9ml-clear-17-415,validated_local,validated-master-reuse,https://www.bestbottles.com/product/cylinder-design-9-ml-clear-glass-bottle-plastic-roller-ball-white-cap,,,/Users/jordanrichter/.codex/worktrees/cc9c/Best-Bottles-Website-02-20-2026/dist/paper-doll/cylinder-complete/plates/cylinder-9ml-clear-17-415/GBCyl9RollWht.front-on.webp,
GBCyl9SpryBlk,kd721vzay6f634fvrhw8ym2ew581t58r,cylinder-9ml-clear-17-415,validated_local,validated-master-reuse,https://www.bestbottles.com/product/cylinder-design-9-ml-clear-glass-bottle-sprayer-black-trim-and-cap,,,/Users/jordanrichter/.codex/worktrees/cc9c/Best-Bottles-Website-02-20-2026/dist/paper-doll/cylinder-complete/plates/cylinder-9ml-clear-17-415/GBCyl9SpryBlk.front-on.webp,
GBCyl9SpryGl,kd7ave95n50hrqpcnmnfhc7qg981t2av,cylinder-9ml-clear-17-415,validated_local,validated-master-reuse,https://www.bestbottles.com/product/cylinder-design-9-ml-clear-glass-bottle-sprayer-gold-trim-and-cap,,,/Users/jordanrichter/.codex/worktrees/cc9c/Best-Bottles-Website-02-20-2026/dist/paper-doll/cylinder-complete/plates/cylinder-9ml-clear-17-415/GBCyl9SpryGl.front-on.webp,
GBCyl9SpryMattSl,kd7bcqvnyfvmr3r997eghyn0z981vw0h,cylinder-9ml-clear-17-415,validated_local,validated-master-reuse,https://www.bestbottles.com/product/cylinder-design-9-ml-clear-glass-bottle-sprayer-matte-silver-trim-and-cap,,,/Users/jordanrichter/.codex/worktrees/cc9c/Best-Bottles-Website-02-20-2026/dist/paper-doll/cylinder-complete/plates/cylinder-9ml-clear-17-415/GBCyl9SpryMattSl.front-on.webp,
GBCyl9SpryRd,kd743zz83dzkj2amnzsc2t38d981tjgr,cylinder-9ml-clear-17-415,validated_local,validated-master-reuse,https://www.bestbottles.com/product/cylinder-design-9-ml-clear-glass-bottle-sprayer-red-trim-and-cap,,,/Users/jordanrichter/.codex/worktrees/cc9c/Best-Bottles-Website-02-20-2026/dist/paper-doll/cylinder-complete/plates/cylinder-9ml-clear-17-415/GBCyl9SpryRd.front-on.webp,
GBCyl9SpryShSl,kd76gf7qp9z0jcwyfby6ad36a581vges,cylinder-9ml-clear-17-415,validated_local,validated-master-reuse,https://www.bestbottles.com/product/cylinder-design-9-ml-clear-glass-bottle-sprayer-shiny-silver-trim-and-cap,,,/Users/jordanrichter/.codex/worktrees/cc9c/Best-Bottles-Website-02-20-2026/dist/paper-doll/cylinder-complete/plates/cylinder-9ml-clear-17-415/GBCyl9SpryShSl.front-on.webp,
GBCyl9SpryTur,kd7ba5mam4yw4pz53dypfq2egn81tedh,cylinder-9ml-clear-17-415,validated_local,validated-master-reuse,https://www.bestbottles.com/product/cylinder-design-9-ml-clear-glass-bottle-sprayer-turquoise-trim-and-cap,,,/Users/jordanrichter/.codex/worktrees/cc9c/Best-Bottles-Website-02-20-2026/dist/paper-doll/cylinder-complete/plates/cylinder-9ml-clear-17-415/GBCyl9SpryTur.front-on.webp,
LBCyl9LtnBlk,kd7cwfzjbr6x84eezv57d4p04s81taca,cylinder-9ml-clear-17-415,validated_local,validated-master-reuse,https://www.bestbottles.com/product/cylinder-design-9-ml-clear-glass-bottle-lotion-pump-black-trim-and-cap,,,/Users/jordanrichter/.codex/worktrees/cc9c/Best-Bottles-Website-02-20-2026/dist/paper-doll/cylinder-complete/plates/cylinder-9ml-clear-17-415/LBCyl9LtnBlk.front-on.webp,
LBCyl9LtnGl,kd7bv68maksp939pwkem953htx81t3zw,cylinder-9ml-clear-17-415,validated_local,validated-master-reuse,https://www.bestbottles.com/product/cylinder-design-9-ml-clear-glass-bottle-lotion-pump-gold-trim-and-cap,,,/Users/jordanrichter/.codex/worktrees/cc9c/Best-Bottles-Website-02-20-2026/dist/paper-doll/cylinder-complete/plates/cylinder-9ml-clear-17-415/LBCyl9LtnGl.front-on.webp,
LBCyl9LtnMtSl,kd74d19xag0r70pj5m8qpabcq981v4h5,cylinder-9ml-clear-17-415,validated_local,validated-master-reuse,https://www.bestbottles.com/product/cylinder-design-9-ml-clear-glass-bottle-lotion-pump-matte-silver-trim-cap,,,/Users/jordanrichter/.codex/worktrees/cc9c/Best-Bottles-Website-02-20-2026/dist/paper-doll/cylinder-complete/plates/cylinder-9ml-clear-17-415/LBCyl9LtnMtSl.front-on.webp,
GBCylBlu9MtlRollBlkDot,kd7dac44p3gcec0j1n3ne71ken81vsy2,cylinder-9ml-cobalt-blue-17-415,validated_local,validated-master-reuse,https://www.bestbottles.com/product/cylinder-design-9-ml-cobalt-blue-glass-bottle-metal-roller-ball-black-dot-cap,,,/Users/jordanrichter/.codex/worktrees/cc9c/Best-Bottles-Website-02-20-2026/dist/paper-doll/cylinder-complete/plates/cylinder-9ml-cobalt-blue-17-415/GBCylBlu9MtlRollBlkDot.front-on.webp,
GBCylBlu9MtlRollMattCu,kd7bydc4nn3nhfvtjb0hwar9qd81vcvg,cylinder-9ml-cobalt-blue-17-415,validated_local,validated-master-reuse,https://www.bestbottles.com/product/cylinder-design-9-ml-cobalt-blue-glass-bottle-metal-roller-ball-matte-copper-cap,,,/Users/jordanrichter/.codex/worktrees/cc9c/Best-Bottles-Website-02-20-2026/dist/paper-doll/cylinder-complete/plates/cylinder-9ml-cobalt-blue-17-415/GBCylBlu9MtlRollMattCu.front-on.webp,
GBCylBlu9MtlRollMattGl,kd70872ekvwrmbrh2eb1jtvp7h81t17k,cylinder-9ml-cobalt-blue-17-415,validated_local,validated-master-reuse,https://www.bestbottles.com/product/cylinder-design-9-ml-cobalt-blue-glass-bottle-metal-roller-ball-matte-gold-cap,,,/Users/jordanrichter/.codex/worktrees/cc9c/Best-Bottles-Website-02-20-2026/dist/paper-doll/cylinder-complete/plates/cylinder-9ml-cobalt-blue-17-415/GBCylBlu9MtlRollMattGl.front-on.webp,
GBCylBlu9MtlRollMattSl,kd728f6fdnmdq2gz45rbh0zrbd81vz8w,cylinder-9ml-cobalt-blue-17-415,validated_local,validated-master-reuse,https://www.bestbottles.com/product/cylinder-design-9-ml-cobalt-blue-glass-bottle-metal-roller-ball-matte-silver-cap,,,/Users/jordanrichter/.codex/worktrees/cc9c/Best-Bottles-Website-02-20-2026/dist/paper-doll/cylinder-complete/plates/cylinder-9ml-cobalt-blue-17-415/GBCylBlu9MtlRollMattSl.front-on.webp,
GBCylBlu9MtlRollPnkDot,kd7f172zffvyw3j30xw8zjk6f181va77,cylinder-9ml-cobalt-blue-17-415,validated_local,validated-master-reuse,https://www.bestbottles.com/product/cylinder-design-9-ml-cobalt-blue-glass-bottle-metal-roller-ball-pink-dot-cap,,,/Users/jordanrichter/.codex/worktrees/cc9c/Best-Bottles-Website-02-20-2026/dist/paper-doll/cylinder-complete/plates/cylinder-9ml-cobalt-blue-17-415/GBCylBlu9MtlRollPnkDot.front-on.webp,
GBCylBlu9MtlRollShBlk,kd70tdy2z7s2wwx29dy8j16v8h81vzev,cylinder-9ml-cobalt-blue-17-415,validated_local,validated-master-reuse,https://www.bestbottles.com/product/cylinder-design-9-ml-cobalt-blue-glass-bottle-metal-roller-ball-shiny-black-cap,,,/Users/jordanrichter/.codex/worktrees/cc9c/Best-Bottles-Website-02-20-2026/dist/paper-doll/cylinder-complete/plates/cylinder-9ml-cobalt-blue-17-415/GBCylBlu9MtlRollShBlk.front-on.webp,
GBCylBlu9MtlRollShnGl,kd71sgvnyvxntcx8rp7rdy4q6s81twmp,cylinder-9ml-cobalt-blue-17-415,validated_local,validated-master-reuse,https://www.bestbottles.com/product/cylinder-design-9-ml-cobalt-blue-glass-bottle-metal-roller-ball-shiny-gold-cap,,,/Users/jordanrichter/.codex/worktrees/cc9c/Best-Bottles-Website-02-20-2026/dist/paper-doll/cylinder-complete/plates/cylinder-9ml-cobalt-blue-17-415/GBCylBlu9MtlRollShnGl.front-on.webp,
GBCylBlu9MtlRollShnSl,kd71019vx7rmdzvafrzdfdr52n81v4xv,cylinder-9ml-cobalt-blue-17-415,validated_local,validated-master-reuse,https://www.bestbottles.com/product/cylinder-design-9-ml-cobalt-blue-glass-bottle-metal-roller-ball-shiny-silver-cap,,,/Users/jordanrichter/.codex/worktrees/cc9c/Best-Bottles-Website-02-20-2026/dist/paper-doll/cylinder-complete/plates/cylinder-9ml-cobalt-blue-17-415/GBCylBlu9MtlRollShnSl.front-on.webp,
GBCylBlu9MtlRollSlDot,kd71h14wxprddp51xdwv85ycxn81trkj,cylinder-9ml-cobalt-blue-17-415,validated_local,validated-master-reuse,https://www.bestbottles.com/product/cylinder-design-9-ml-cobalt-blue-glass-bottle-metal-roller-ball-silver-dot-cap,,,/Users/jordanrichter/.codex/worktrees/cc9c/Best-Bottles-Website-02-20-2026/dist/paper-doll/cylinder-complete/plates/cylinder-9ml-cobalt-blue-17-415/GBCylBlu9MtlRollSlDot.front-on.webp,
GBCylBlu9MtlRollWht,kd76attfxhbr0qze1kj9bqwyr981tjcf,cylinder-9ml-cobalt-blue-17-415,validated_local,validated-master-reuse,https://www.bestbottles.com/product/cylinder-design-9-ml-cobalt-blue-glass-bottle-metal-roller-ball-white-cap,,,/Users/jordanrichter/.codex/worktrees/cc9c/Best-Bottles-Website-02-20-2026/dist/paper-doll/cylinder-complete/plates/cylinder-9ml-cobalt-blue-17-415/GBCylBlu9MtlRollWht.front-on.webp,
GBCylBlu9RollBlkDot,kd728dssfy87x03awc08c7ec0h81vdy8,cylinder-9ml-cobalt-blue-17-415,validated_local,validated-master-reuse,https://www.bestbottles.com/product/cylinder-design-9-ml-cobalt-blue-glass-bottle-plastic-roller-ball-black-dot-cap,,,/Users/jordanrichter/.codex/worktrees/cc9c/Best-Bottles-Website-02-20-2026/dist/paper-doll/cylinder-complete/plates/cylinder-9ml-cobalt-blue-17-415/GBCylBlu9RollBlkDot.front-on.webp,
GBCylBlu9RollMattCu,kd751kw0nyyyc42pkfaaj584an81tctb,cylinder-9ml-cobalt-blue-17-415,validated_local,validated-master-reuse,https://www.bestbottles.com/product/cylinder-design-9-ml-cobalt-blue-glass-bottle-plastic-roller-ball-matte-copper-cap,,,/Users/jordanrichter/.codex/worktrees/cc9c/Best-Bottles-Website-02-20-2026/dist/paper-doll/cylinder-complete/plates/cylinder-9ml-cobalt-blue-17-415/GBCylBlu9RollMattCu.front-on.webp,
GBCylBlu9RollMattGl,kd70455r8rqdk3jvavzrm8zq5d81tzq6,cylinder-9ml-cobalt-blue-17-415,validated_local,validated-master-reuse,https://www.bestbottles.com/product/cylinder-design-9-ml-cobalt-blue-glass-bottle-plastic-roller-ball-matte-gold-cap,,,/Users/jordanrichter/.codex/worktrees/cc9c/Best-Bottles-Website-02-20-2026/dist/paper-doll/cylinder-complete/plates/cylinder-9ml-cobalt-blue-17-415/GBCylBlu9RollMattGl.front-on.webp,
GBCylBlu9RollMattSl,kd7bv2e5e4mvkqa14k1y69cwmd81t06e,cylinder-9ml-cobalt-blue-17-415,validated_local,validated-master-reuse,https://www.bestbottles.com/product/cylinder-design-9-ml-cobalt-blue-glass-bottle-plastic-roller-ball-matte-silver-cap,,,/Users/jordanrichter/.codex/worktrees/cc9c/Best-Bottles-Website-02-20-2026/dist/paper-doll/cylinder-complete/plates/cylinder-9ml-cobalt-blue-17-415/GBCylBlu9RollMattSl.front-on.webp,
GBCylBlu9RollPnkDot,kd78tk5p9z6n0v8s12rhmaypgx81tcnj,cylinder-9ml-cobalt-blue-17-415,validated_local,validated-master-reuse,https://www.bestbottles.com/product/cylinder-design-9-ml-cobalt-blue-glass-bottle-plastic-roller-ball-pink-dot-cap,,,/Users/jordanrichter/.codex/worktrees/cc9c/Best-Bottles-Website-02-20-2026/dist/paper-doll/cylinder-complete/plates/cylinder-9ml-cobalt-blue-17-415/GBCylBlu9RollPnkDot.front-on.webp,
GBCylBlu9RollShBlk,kd72v5tkv4ran1z5d5zwpcxtjd81vfrd,cylinder-9ml-cobalt-blue-17-415,validated_local,validated-master-reuse,https://www.bestbottles.com/product/cylinder-design-9-ml-cobalt-blue-glass-bottle-plastic-roller-ball-shiny-black-cap,,,/Users/jordanrichter/.codex/worktrees/cc9c/Best-Bottles-Website-02-20-2026/dist/paper-doll/cylinder-complete/plates/cylinder-9ml-cobalt-blue-17-415/GBCylBlu9RollShBlk.front-on.webp,
GBCylBlu9RollShnGl,kd7725qj4qyegqqz7fp29kqq4x81tv1e,cylinder-9ml-cobalt-blue-17-415,validated_local,validated-master-reuse,https://www.bestbottles.com/product/cylinder-design-9-ml-cobalt-blue-glass-bottle-plastic-roller-ball-shiny-gold-cap,,,/Users/jordanrichter/.codex/worktrees/cc9c/Best-Bottles-Website-02-20-2026/dist/paper-doll/cylinder-complete/plates/cylinder-9ml-cobalt-blue-17-415/GBCylBlu9RollShnGl.front-on.webp,
GBCylBlu9RollShnSl,kd7cthp3bwqxwbrb10sksmnshh81tr6y,cylinder-9ml-cobalt-blue-17-415,validated_local,validated-master-reuse,https://www.bestbottles.com/product/cylinder-design-9-ml-cobalt-blue-glass-bottle-plastic-roller-ball-shiny-silver-cap,,,/Users/jordanrichter/.codex/worktrees/cc9c/Best-Bottles-Website-02-20-2026/dist/paper-doll/cylinder-complete/plates/cylinder-9ml-cobalt-blue-17-415/GBCylBlu9RollShnSl.front-on.webp,
GBCylBlu9RollSlDot,kd7c6dtr5bm8bnkv6nj3m3wrx181vwmn,cylinder-9ml-cobalt-blue-17-415,validated_local,validated-master-reuse,https://www.bestbottles.com/product/cylinder-design-9-ml-cobalt-blue-glass-bottle-plastic-roller-ball-silver-dot-cap,,,/Users/jordanrichter/.codex/worktrees/cc9c/Best-Bottles-Website-02-20-2026/dist/paper-doll/cylinder-complete/plates/cylinder-9ml-cobalt-blue-17-415/GBCylBlu9RollSlDot.front-on.webp,
GBCylBlu9RollWht,kd73wkk1fv0mq1147c97t889y581tpm8,cylinder-9ml-cobalt-blue-17-415,validated_local,validated-master-reuse,https://www.bestbottles.com/product/cylinder-design-9-ml-cobalt-blue-glass-bottle-plastic-roller-ball-white-cap,,,/Users/jordanrichter/.codex/worktrees/cc9c/Best-Bottles-Website-02-20-2026/dist/paper-doll/cylinder-complete/plates/cylinder-9ml-cobalt-blue-17-415/GBCylBlu9RollWht.front-on.webp,
GBCylBlu9SpryBlk,kd72frchgqaqc1fddwa70evg1h81tpv3,cylinder-9ml-cobalt-blue-17-415,validated_local,validated-master-reuse,https://www.bestbottles.com/product/cylinder-design-9-ml-cobalt-blue-glass-bottle-sprayer-black-trim-and-cap,,,/Users/jordanrichter/.codex/worktrees/cc9c/Best-Bottles-Website-02-20-2026/dist/paper-doll/cylinder-complete/plates/cylinder-9ml-cobalt-blue-17-415/GBCylBlu9SpryBlk.front-on.webp,
GBCylBlu9SpryGl,kd7awzqvsq2375kkwcftptncen81v0mj,cylinder-9ml-cobalt-blue-17-415,validated_local,validated-master-reuse,https://www.bestbottles.com/product/cylinder-design-9-ml-cobalt-blue-glass-bottle-sprayer-gold-trim-and-cap,,,/Users/jordanrichter/.codex/worktrees/cc9c/Best-Bottles-Website-02-20-2026/dist/paper-doll/cylinder-complete/plates/cylinder-9ml-cobalt-blue-17-415/GBCylBlu9SpryGl.front-on.webp,
GBCylBlu9SpryMattSl,kd7et013cjx16033k57ej9nrwn81v3ag,cylinder-9ml-cobalt-blue-17-415,validated_local,validated-master-reuse,https://www.bestbottles.com/product/cylinder-design-9-ml-cobalt-blue-glass-bottle-sprayer-matte-silver-trim-and-cap,,,/Users/jordanrichter/.codex/worktrees/cc9c/Best-Bottles-Website-02-20-2026/dist/paper-doll/cylinder-complete/plates/cylinder-9ml-cobalt-blue-17-415/GBCylBlu9SpryMattSl.front-on.webp,
GBCylBlu9SpryRd,kd715rss9pd86j3gasr8pezbc181tzek,cylinder-9ml-cobalt-blue-17-415,validated_local,validated-master-reuse,https://www.bestbottles.com/product/cylinder-design-9-ml-cobalt-blue-glass-bottle-sprayer-red-trim-and-cap,,,/Users/jordanrichter/.codex/worktrees/cc9c/Best-Bottles-Website-02-20-2026/dist/paper-doll/cylinder-complete/plates/cylinder-9ml-cobalt-blue-17-415/GBCylBlu9SpryRd.front-on.webp,
GBCylBlu9SpryShSl,kd70nf075k91pyx9xmev8a4fas81tat4,cylinder-9ml-cobalt-blue-17-415,validated_local,validated-master-reuse,https://www.bestbottles.com/product/cylinder-design-9-ml-cobalt-blue-glass-bottle-sprayer-shiny-silver-trim-and-cap,,,/Users/jordanrichter/.codex/worktrees/cc9c/Best-Bottles-Website-02-20-2026/dist/paper-doll/cylinder-complete/plates/cylinder-9ml-cobalt-blue-17-415/GBCylBlu9SpryShSl.front-on.webp,
GBCylBlu9SpryTur,kd70fergvy7xhf867kb7t8yenx81tr4s,cylinder-9ml-cobalt-blue-17-415,validated_local,validated-master-reuse,https://www.bestbottles.com/product/cylinder-design-9-ml-cobalt-blue-glass-bottle-sprayer-turquoise-trim-and-cap,,,/Users/jordanrichter/.codex/worktrees/cc9c/Best-Bottles-Website-02-20-2026/dist/paper-doll/cylinder-complete/plates/cylinder-9ml-cobalt-blue-17-415/GBCylBlu9SpryTur.front-on.webp,
LBCylBlu9LtnBlk,kd790pabdn6sqgh133pb5j0y9x81vbat,cylinder-9ml-cobalt-blue-17-415,validated_local,validated-master-reuse,https://www.bestbottles.com/product/cylinder-design-9-ml-cobalt-blue-glass-bottle-lotion-pump-black-trim-and-cap,,,/Users/jordanrichter/.codex/worktrees/cc9c/Best-Bottles-Website-02-20-2026/dist/paper-doll/cylinder-complete/plates/cylinder-9ml-cobalt-blue-17-415/LBCylBlu9LtnBlk.front-on.webp,
LBCylBlu9LtnGl,kd7387f1v7frm260wt35ny2kqh81tqyq,cylinder-9ml-cobalt-blue-17-415,validated_local,validated-master-reuse,https://www.bestbottles.com/product/cylinder-design-9-ml-cobalt-blue-glass-bottle-lotion-pump-gold-trim-and-cap,,,/Users/jordanrichter/.codex/worktrees/cc9c/Best-Bottles-Website-02-20-2026/dist/paper-doll/cylinder-complete/plates/cylinder-9ml-cobalt-blue-17-415/LBCylBlu9LtnGl.front-on.webp,
LBCylBlu9LtnMattSl,kd71fyapmxjffk5evcrptbyysh81v2qe,cylinder-9ml-cobalt-blue-17-415,validated_local,validated-master-reuse,https://www.bestbottles.com/product/cylinder-design-9-ml-cobalt-blue-glass-bottle-lotion-pump-matte-silver-trim-cap,,,/Users/jordanrichter/.codex/worktrees/cc9c/Best-Bottles-Website-02-20-2026/dist/paper-doll/cylinder-complete/plates/cylinder-9ml-cobalt-blue-17-415/LBCylBlu9LtnMattSl.front-on.webp,
GBTallCylFrst9BlkShSht,kd7edj9f88psr2s9e3ktw03gg98dm9vv,cylinder-9ml-frosted-13-415,validated_local,reviewed-body-anchor,https://www.bestbottles.com/all-bottles/option_details.php?items_count=9&OPTinv_id=4071,,,/Users/jordanrichter/.codex/worktrees/cc9c/Best-Bottles-Website-02-20-2026/dist/paper-doll/cylinder-complete/plates/cylinder-9ml-frosted-13-415/GBTallCylFrst9BlkShSht.front-on.webp,Legacy raster; canvas size does not increase source detail
GBTallCylFrst9BlkSht,kd7ctqaa3zxjr8ery6nqy5g4ad81v4f3,cylinder-9ml-frosted-13-415,validated_local,validated-master-reuse,https://www.bestbottles.com/product/tall-cylinder-design-9-ml-frosted-glass-bottle-short-black-cap,,,/Users/jordanrichter/.codex/worktrees/cc9c/Best-Bottles-Website-02-20-2026/dist/paper-doll/cylinder-complete/plates/cylinder-9ml-frosted-13-415/GBTallCylFrst9BlkSht.front-on.webp,
GBTallCylFrst9CuSht,kd7ft8qxfyr1tg0p8phs019eyn8dmw8q,cylinder-9ml-frosted-13-415,validated_local,reviewed-body-anchor,https://www.bestbottles.com/all-bottles/option_details.php?items_count=9&OPTinv_id=4072,,,/Users/jordanrichter/.codex/worktrees/cc9c/Best-Bottles-Website-02-20-2026/dist/paper-doll/cylinder-complete/plates/cylinder-9ml-frosted-13-415/GBTallCylFrst9CuSht.front-on.webp,Legacy raster; canvas size does not increase source detail
GBTallCylFrst9Gl,kd79nr6rswgyt4na52nyjqb19181t0yx,cylinder-9ml-frosted-13-415,validated_local,validated-master-reuse,https://www.bestbottles.com/product/tall-cylinder-design-9-ml-frosted-glass-bottle-shiny-gold-cap,,,/Users/jordanrichter/.codex/worktrees/cc9c/Best-Bottles-Website-02-20-2026/dist/paper-doll/cylinder-complete/plates/cylinder-9ml-frosted-13-415/GBTallCylFrst9Gl.front-on.webp,
GBTallCylFrst9GlMattSht,kd73ckh554fcv571fvdmb0tthh8dmk59,cylinder-9ml-frosted-13-415,validated_local,reviewed-body-anchor,https://www.bestbottles.com/all-bottles/option_details.php?items_count=9&OPTinv_id=4073,,,/Users/jordanrichter/.codex/worktrees/cc9c/Best-Bottles-Website-02-20-2026/dist/paper-doll/cylinder-complete/plates/cylinder-9ml-frosted-13-415/GBTallCylFrst9GlMattSht.front-on.webp,Legacy raster; canvas size does not increase source detail
GBTallCylFrst9GlSht,kd76esms864ehg8bn3jgnb379s8dnvm9,cylinder-9ml-frosted-13-415,validated_local,reviewed-body-anchor,https://www.bestbottles.com/all-bottles/option_details.php?items_count=9&OPTinv_id=4074,,,/Users/jordanrichter/.codex/worktrees/cc9c/Best-Bottles-Website-02-20-2026/dist/paper-doll/cylinder-complete/plates/cylinder-9ml-frosted-13-415/GBTallCylFrst9GlSht.front-on.webp,Legacy raster; canvas size does not increase source detail
GBTallCylFrst9MtlRollBlkDot,kd73nza7s81ycrbm45f9r0d77n81tq76,cylinder-9ml-frosted-13-415,validated_local,reviewed-body-anchor,https://www.bestbottles.com/product/tall-cylinder-design-9-ml-frosted-glass-bottle-metal-roller-ball-plug-black-shiny-cap-with-dots,,,/Users/jordanrichter/.codex/worktrees/cc9c/Best-Bottles-Website-02-20-2026/dist/paper-doll/cylinder-complete/plates/cylinder-9ml-frosted-13-415/GBTallCylFrst9MtlRollBlkDot.front-on.webp,Merged master PSD
GBTallCylFrst9MtlRollBlkSh,kd711m7vhe5p496zdw7vrmng5x81t5zk,cylinder-9ml-frosted-13-415,validated_local,validated-master-reuse,https://www.bestbottles.com/product/tall-cylinder-design-9-ml-frosted-glass-bottle-metal-roller-ball-plug-black-shiny-cap,,,/Users/jordanrichter/.codex/worktrees/cc9c/Best-Bottles-Website-02-20-2026/dist/paper-doll/cylinder-complete/plates/cylinder-9ml-frosted-13-415/GBTallCylFrst9MtlRollBlkSh.front-on.webp,
GBTallCylFrst9MtlRollCuMatt,kd71sp23yxmxwc68eteytr5p3d81vx2y,cylinder-9ml-frosted-13-415,validated_local,validated-master-reuse,https://www.bestbottles.com/product/tall-cylinder-design-9-ml-frosted-glass-bottle-metal-roller-ball-plug-matte-copper-cap,,,/Users/jordanrichter/.codex/worktrees/cc9c/Best-Bottles-Website-02-20-2026/dist/paper-doll/cylinder-complete/plates/cylinder-9ml-frosted-13-415/GBTallCylFrst9MtlRollCuMatt.front-on.webp,
GBTallCylFrst9MtlRollGlMatt,kd7axtf7w816qmxhsrfcy8qe3981v338,cylinder-9ml-frosted-13-415,validated_local,validated-master-reuse,https://www.bestbottles.com/product/tall-cylinder-design-9-ml-frosted-glass-bottle-metal-roller-ball-plug-matte-gold-cap,,,/Users/jordanrichter/.codex/worktrees/cc9c/Best-Bottles-Website-02-20-2026/dist/paper-doll/cylinder-complete/plates/cylinder-9ml-frosted-13-415/GBTallCylFrst9MtlRollGlMatt.front-on.webp,
GBTallCylFrst9MtlRollGlSh,kd7bk0f0a0hv6wzhy73ncvnby981t4sh,cylinder-9ml-frosted-13-415,validated_local,validated-master-reuse,https://www.bestbottles.com/product/tall-cylinder-design-9-ml-frosted-glass-bottle-metal-roller-ball-plug-shiny-gold-cap,,,/Users/jordanrichter/.codex/worktrees/cc9c/Best-Bottles-Website-02-20-2026/dist/paper-doll/cylinder-complete/plates/cylinder-9ml-frosted-13-415/GBTallCylFrst9MtlRollGlSh.front-on.webp,
GBTallCylFrst9MtlRollPinkDot,kd735kfvnb2d2c5gs3pzwqccdd81txkw,cylinder-9ml-frosted-13-415,validated_local,validated-master-reuse,https://www.bestbottles.com/product/tall-cylinder-design-9-ml-frosted-glass-bottle-metal-roller-ball-plug-pink-cap-with-dots,,,/Users/jordanrichter/.codex/worktrees/cc9c/Best-Bottles-Website-02-20-2026/dist/paper-doll/cylinder-complete/plates/cylinder-9ml-frosted-13-415/GBTallCylFrst9MtlRollPinkDot.front-on.webp,
GBTallCylFrst9MtlRollSlDot,kd76j5wxk3qjdft8e6d2bxdtpx81vfae,cylinder-9ml-frosted-13-415,validated_local,validated-master-reuse,https://www.bestbottles.com/product/tall-cylinder-design-9-ml-frosted-glass-bottle-metal-roller-ball-plug-silver-cap-with-dots,,,/Users/jordanrichter/.codex/worktrees/cc9c/Best-Bottles-Website-02-20-2026/dist/paper-doll/cylinder-complete/plates/cylinder-9ml-frosted-13-415/GBTallCylFrst9MtlRollSlDot.front-on.webp,
GBTallCylFrst9MtlRollSlMatt,kd76rws3emq82v617hqk0ef0tn81twg2,cylinder-9ml-frosted-13-415,validated_local,validated-master-reuse,https://www.bestbottles.com/product/tall-cylinder-design-9-ml-frosted-glass-bottle-metal-roller-ball-plug-matte-silver-cap,,,/Users/jordanrichter/.codex/worktrees/cc9c/Best-Bottles-Website-02-20-2026/dist/paper-doll/cylinder-complete/plates/cylinder-9ml-frosted-13-415/GBTallCylFrst9MtlRollSlMatt.front-on.webp,
GBTallCylFrst9MtlRollSlSh,kd74w3ek8mg0wz9fm39c50w4th81vcm7,cylinder-9ml-frosted-13-415,validated_local,validated-master-reuse,https://www.bestbottles.com/product/tall-cylinder-design-9-ml-frosted-glass-bottle-metal-roller-ball-plug-shiny-silver-cap,,,/Users/jordanrichter/.codex/worktrees/cc9c/Best-Bottles-Website-02-20-2026/dist/paper-doll/cylinder-complete/plates/cylinder-9ml-frosted-13-415/GBTallCylFrst9MtlRollSlSh.front-on.webp,
GBTallCylFrst9RollBlkDot,kd7f3bewszmwtyxaxb8d3esahn81txze,cylinder-9ml-frosted-13-415,validated_local,validated-master-reuse,https://www.bestbottles.com/product/tall-cylinder-design-9-ml-frosted-glass-bottle-plastic-roller-ball-plug-black-shiny-cap-with-dots,,,/Users/jordanrichter/.codex/worktrees/cc9c/Best-Bottles-Website-02-20-2026/dist/paper-doll/cylinder-complete/plates/cylinder-9ml-frosted-13-415/GBTallCylFrst9RollBlkDot.front-on.webp,
GBTallCylFrst9RollBlkSh,kd746v8kzxf3qcprgws3nrgqm581vj3s,cylinder-9ml-frosted-13-415,validated_local,validated-master-reuse,https://www.bestbottles.com/product/tall-cylinder-design-9-ml-frosted-glass-bottle-plastic-roller-ball-plug-black-shiny-cap,,,/Users/jordanrichter/.codex/worktrees/cc9c/Best-Bottles-Website-02-20-2026/dist/paper-doll/cylinder-complete/plates/cylinder-9ml-frosted-13-415/GBTallCylFrst9RollBlkSh.front-on.webp,
GBTallCylFrst9RollCuMatt,kd7c3m9q4w6av1t4ja9dmf1rg581vffz,cylinder-9ml-frosted-13-415,validated_local,validated-master-reuse,https://www.bestbottles.com/product/tall-cylinder-design-9-ml-frosted-glass-bottle-plastic-roller-ball-plug-matte-copper-cap,,,/Users/jordanrichter/.codex/worktrees/cc9c/Best-Bottles-Website-02-20-2026/dist/paper-doll/cylinder-complete/plates/cylinder-9ml-frosted-13-415/GBTallCylFrst9RollCuMatt.front-on.webp,
GBTallCylFrst9RollGlMatt,kd73jcpry9jyhqjwka2tt06vm581tppn,cylinder-9ml-frosted-13-415,validated_local,validated-master-reuse,https://www.bestbottles.com/product/tall-cylinder-design-9-ml-frosted-glass-bottle-plastic-roller-ball-plug-matte-gold-cap,,,/Users/jordanrichter/.codex/worktrees/cc9c/Best-Bottles-Website-02-20-2026/dist/paper-doll/cylinder-complete/plates/cylinder-9ml-frosted-13-415/GBTallCylFrst9RollGlMatt.front-on.webp,
GBTallCylFrst9RollGlSh,kd745mqhny9pp37q1kt0g87tn181vndg,cylinder-9ml-frosted-13-415,validated_local,validated-master-reuse,https://www.bestbottles.com/product/tall-cylinder-design-9-ml-frosted-glass-bottle-plastic-roller-ball-plug-shiny-gold-cap,,,/Users/jordanrichter/.codex/worktrees/cc9c/Best-Bottles-Website-02-20-2026/dist/paper-doll/cylinder-complete/plates/cylinder-9ml-frosted-13-415/GBTallCylFrst9RollGlSh.front-on.webp,
GBTallCylFrst9RollPinkDot,kd72rp0qkq85etw93ae4bcvpfs81tjzk,cylinder-9ml-frosted-13-415,validated_local,validated-master-reuse,https://www.bestbottles.com/product/tall-cylinder-design-9-ml-frosted-glass-bottle-plastic-roller-ball-plug-pink-cap-with-dots,,,/Users/jordanrichter/.codex/worktrees/cc9c/Best-Bottles-Website-02-20-2026/dist/paper-doll/cylinder-complete/plates/cylinder-9ml-frosted-13-415/GBTallCylFrst9RollPinkDot.front-on.webp,
GBTallCylFrst9RollSlDot,kd79hvc64efbj45pb4zyx2w75181tr8g,cylinder-9ml-frosted-13-415,validated_local,validated-master-reuse,https://www.bestbottles.com/product/tall-cylinder-design-9-ml-frosted-glass-bottle-plastic-roller-ball-plug-silver-cap-with-dots,,,/Users/jordanrichter/.codex/worktrees/cc9c/Best-Bottles-Website-02-20-2026/dist/paper-doll/cylinder-complete/plates/cylinder-9ml-frosted-13-415/GBTallCylFrst9RollSlDot.front-on.webp,
GBTallCylFrst9RollSlMatt,kd73wps9bt5zky8xhpe8nrkcnn81vfg9,cylinder-9ml-frosted-13-415,validated_local,validated-master-reuse,https://www.bestbottles.com/product/tall-cylinder-design-9-ml-frosted-glass-bottle-plastic-roller-ball-plug-matte-silver-cap,,,/Users/jordanrichter/.codex/worktrees/cc9c/Best-Bottles-Website-02-20-2026/dist/paper-doll/cylinder-complete/plates/cylinder-9ml-frosted-13-415/GBTallCylFrst9RollSlMatt.front-on.webp,
GBTallCylFrst9RollSlSh,kd784bbcz5s7b30bbwyy73z7yd81vm4g,cylinder-9ml-frosted-13-415,validated_local,validated-master-reuse,https://www.bestbottles.com/product/tall-cylinder-design-9-ml-frosted-glass-bottle-plastic-roller-ball-plug-shiny-silver-cap,,,/Users/jordanrichter/.codex/worktrees/cc9c/Best-Bottles-Website-02-20-2026/dist/paper-doll/cylinder-complete/plates/cylinder-9ml-frosted-13-415/GBTallCylFrst9RollSlSh.front-on.webp,
GBTallCylFrst9Sl,kd70h2mk58jr1mcq2yqgdm12yn81tsb4,cylinder-9ml-frosted-13-415,validated_local,validated-master-reuse,https://www.bestbottles.com/product/tall-cylinder-design-9-ml-frosted-glass-bottle-shiny-silver-cap,,,/Users/jordanrichter/.codex/worktrees/cc9c/Best-Bottles-Website-02-20-2026/dist/paper-doll/cylinder-complete/plates/cylinder-9ml-frosted-13-415/GBTallCylFrst9Sl.front-on.webp,
GBTallCylFrst9SlMattSht,kd7cb31r4kp5f4gwq00qk7fkwh8dmnws,cylinder-9ml-frosted-13-415,validated_local,reviewed-body-anchor,https://www.bestbottles.com/all-bottles/option_details.php?items_count=9&OPTinv_id=4075,,,/Users/jordanrichter/.codex/worktrees/cc9c/Best-Bottles-Website-02-20-2026/dist/paper-doll/cylinder-complete/plates/cylinder-9ml-frosted-13-415/GBTallCylFrst9SlMattSht.front-on.webp,Legacy raster; canvas size does not increase source detail
GBTallCylFrst9SlSht,kd79sr2mkqxzfk7c8t9s95c5dn8dm7mn,cylinder-9ml-frosted-13-415,validated_local,reviewed-body-anchor,https://www.bestbottles.com/all-bottles/option_details.php?items_count=9&OPTinv_id=4076,,,/Users/jordanrichter/.codex/worktrees/cc9c/Best-Bottles-Website-02-20-2026/dist/paper-doll/cylinder-complete/plates/cylinder-9ml-frosted-13-415/GBTallCylFrst9SlSht.front-on.webp,Legacy raster; canvas size does not increase source detail
GBTallCylFrst9SpryBlkMatt,kd7dse5547ss7g07nfy4k6vxqn81vgn4,cylinder-9ml-frosted-13-415,validated_local,validated-master-reuse,https://www.bestbottles.com/product/tall-cylinder-design-9-ml-frosted-glass-bottle-matte-black-spray,,,/Users/jordanrichter/.codex/worktrees/cc9c/Best-Bottles-Website-02-20-2026/dist/paper-doll/cylinder-complete/plates/cylinder-9ml-frosted-13-415/GBTallCylFrst9SpryBlkMatt.front-on.webp,
GBTallCylFrst9SpryBlkSh,kd72vccc9pvjg7kjh3nw1anr2x81ta5f,cylinder-9ml-frosted-13-415,validated_local,validated-master-reuse,https://www.bestbottles.com/product/tall-cylinder-design-9-ml-frosted-glass-bottle-shiny-black-spray,,,/Users/jordanrichter/.codex/worktrees/cc9c/Best-Bottles-Website-02-20-2026/dist/paper-doll/cylinder-complete/plates/cylinder-9ml-frosted-13-415/GBTallCylFrst9SpryBlkSh.front-on.webp,
GBTallCylFrst9SpryBluMatt,kd7cmxmxzwrsjbv9va2sebkg2181te0x,cylinder-9ml-frosted-13-415,validated_local,validated-master-reuse,https://www.bestbottles.com/product/tall-cylinder-design-9-ml-frosted-glass-bottle-matte-blue-spray,,,/Users/jordanrichter/.codex/worktrees/cc9c/Best-Bottles-Website-02-20-2026/dist/paper-doll/cylinder-complete/plates/cylinder-9ml-frosted-13-415/GBTallCylFrst9SpryBluMatt.front-on.webp,
GBTallCylFrst9SpryCuMatt,kd7cbxw2n8gn888pyc169zjf9d81vpx1,cylinder-9ml-frosted-13-415,validated_local,validated-master-reuse,https://www.bestbottles.com/product/tall-cylinder-design-9-ml-frosted-glass-bottle-matte-copper-spray,,,/Users/jordanrichter/.codex/worktrees/cc9c/Best-Bottles-Website-02-20-2026/dist/paper-doll/cylinder-complete/plates/cylinder-9ml-frosted-13-415/GBTallCylFrst9SpryCuMatt.front-on.webp,
GBTallCylFrst9SpryGlMatt,kd7bs5m46d8p1324gsgrn9mess81tmz5,cylinder-9ml-frosted-13-415,validated_local,validated-master-reuse,https://www.bestbottles.com/product/tall-cylinder-design-9-ml-frosted-glass-bottle-matte-gold-spray,,,/Users/jordanrichter/.codex/worktrees/cc9c/Best-Bottles-Website-02-20-2026/dist/paper-doll/cylinder-complete/plates/cylinder-9ml-frosted-13-415/GBTallCylFrst9SpryGlMatt.front-on.webp,
GBTallCylFrst9SpryGlSh,kd76r72n08bqqmdbvc6akp2xsx81vnxt,cylinder-9ml-frosted-13-415,validated_local,validated-master-reuse,https://www.bestbottles.com/product/tall-cylinder-design-9-ml-frosted-glass-bottle-shiny-gold-spray,,,/Users/jordanrichter/.codex/worktrees/cc9c/Best-Bottles-Website-02-20-2026/dist/paper-doll/cylinder-complete/plates/cylinder-9ml-frosted-13-415/GBTallCylFrst9SpryGlSh.front-on.webp,
GBTallCylFrst9SprySlMatt,kd78fv948b4ekecztgxngzyhdx81tqr3,cylinder-9ml-frosted-13-415,validated_local,validated-master-reuse,https://www.bestbottles.com/product/tall-cylinder-design-9-ml-frosted-glass-bottle-matte-silver-spray,,,/Users/jordanrichter/.codex/worktrees/cc9c/Best-Bottles-Website-02-20-2026/dist/paper-doll/cylinder-complete/plates/cylinder-9ml-frosted-13-415/GBTallCylFrst9SprySlMatt.front-on.webp,
GBTallCylFrst9SprySlSh,kd7e8e2j2cg1gbbfs532qjb9y981t2cr,cylinder-9ml-frosted-13-415,validated_local,validated-master-reuse,https://www.bestbottles.com/product/tall-cylinder-design-9-ml-frosted-glass-bottle-shiny-silver-spray,,,/Users/jordanrichter/.codex/worktrees/cc9c/Best-Bottles-Website-02-20-2026/dist/paper-doll/cylinder-complete/plates/cylinder-9ml-frosted-13-415/GBTallCylFrst9SprySlSh.front-on.webp,
GBTallCylFrst9WhtSht,kd73wg5wq047e5w00x3ga2xepn81t7t9,cylinder-9ml-frosted-13-415,validated_local,validated-master-reuse,https://www.bestbottles.com/product/tall-cylinder-design-9-ml-frosted-glass-bottle-short-white-cap,,,/Users/jordanrichter/.codex/worktrees/cc9c/Best-Bottles-Website-02-20-2026/dist/paper-doll/cylinder-complete/plates/cylinder-9ml-frosted-13-415/GBTallCylFrst9WhtSht.front-on.webp,
GBCylFrst9MtlRollBlkDot,kd7eby8ttqxc785z3zghpb5h2181thwp,cylinder-9ml-frosted-17-415,validated_local,validated-master-reuse,https://www.bestbottles.com/product/cylinder-design-9-ml-frosted-glass-bottle-metal-roller-ball-black-dot-cap,,,/Users/jordanrichter/.codex/worktrees/cc9c/Best-Bottles-Website-02-20-2026/dist/paper-doll/cylinder-complete/plates/cylinder-9ml-frosted-17-415/GBCylFrst9MtlRollBlkDot.front-on.webp,
GBCylFrst9MtlRollMattCu,kd7bfvya8zf4d87yprsfkpsq3d81vqes,cylinder-9ml-frosted-17-415,validated_local,validated-master-reuse,https://www.bestbottles.com/product/cylinder-design-9-ml-frosted-glass-bottle-metal-roller-ball-matte-copper-cap,,,/Users/jordanrichter/.codex/worktrees/cc9c/Best-Bottles-Website-02-20-2026/dist/paper-doll/cylinder-complete/plates/cylinder-9ml-frosted-17-415/GBCylFrst9MtlRollMattCu.front-on.webp,
GBCylFrst9MtlRollMattGl,kd76ts32scfnk8q6gtb47c9vj581tc69,cylinder-9ml-frosted-17-415,validated_local,validated-master-reuse,https://www.bestbottles.com/product/cylinder-design-9-ml-frosted-glass-bottle-metal-roller-ball-matte-gold-cap,,,/Users/jordanrichter/.codex/worktrees/cc9c/Best-Bottles-Website-02-20-2026/dist/paper-doll/cylinder-complete/plates/cylinder-9ml-frosted-17-415/GBCylFrst9MtlRollMattGl.front-on.webp,
GBCylFrst9MtlRollMattSl,kd7f8j1238mnhepbkx0aydh95581vtmh,cylinder-9ml-frosted-17-415,validated_local,validated-master-reuse,https://www.bestbottles.com/product/cylinder-design-9-ml-frosted-glass-bottle-metal-roller-ball-matte-silver-cap,,,/Users/jordanrichter/.codex/worktrees/cc9c/Best-Bottles-Website-02-20-2026/dist/paper-doll/cylinder-complete/plates/cylinder-9ml-frosted-17-415/GBCylFrst9MtlRollMattSl.front-on.webp,
GBCylFrst9MtlRollPnkDot,kd7ejdxgf0a954a7nx5x25p91n81vmyn,cylinder-9ml-frosted-17-415,validated_local,validated-master-reuse,https://www.bestbottles.com/product/cylinder-design-9-ml-frosted-glass-bottle-metal-roller-ball-pink-dot-cap,,,/Users/jordanrichter/.codex/worktrees/cc9c/Best-Bottles-Website-02-20-2026/dist/paper-doll/cylinder-complete/plates/cylinder-9ml-frosted-17-415/GBCylFrst9MtlRollPnkDot.front-on.webp,
GBCylFrst9MtlRollShBlk,kd74cv4pfsbr70047ybsarczpn81v6gf,cylinder-9ml-frosted-17-415,validated_local,validated-master-reuse,https://www.bestbottles.com/product/cylinder-design-9-ml-frosted-glass-bottle-metal-roller-ball-shiny-black-cap,,,/Users/jordanrichter/.codex/worktrees/cc9c/Best-Bottles-Website-02-20-2026/dist/paper-doll/cylinder-complete/plates/cylinder-9ml-frosted-17-415/GBCylFrst9MtlRollShBlk.front-on.webp,
GBCylFrst9MtlRollShnGl,kd7643zfat3gxfd68md9ebszw581tjat,cylinder-9ml-frosted-17-415,validated_local,validated-master-reuse,https://www.bestbottles.com/product/cylinder-design-9-ml-frosted-glass-bottle-metal-roller-ball-shiny-gold-cap,,,/Users/jordanrichter/.codex/worktrees/cc9c/Best-Bottles-Website-02-20-2026/dist/paper-doll/cylinder-complete/plates/cylinder-9ml-frosted-17-415/GBCylFrst9MtlRollShnGl.front-on.webp,
GBCylFrst9MtlRollShnSl,kd759v7dfekm1sbxft1s26m86s81vc9m,cylinder-9ml-frosted-17-415,validated_local,validated-master-reuse,https://www.bestbottles.com/product/cylinder-design-9-ml-frosted-glass-bottle-metal-roller-ball-shiny-silver-cap,,,/Users/jordanrichter/.codex/worktrees/cc9c/Best-Bottles-Website-02-20-2026/dist/paper-doll/cylinder-complete/plates/cylinder-9ml-frosted-17-415/GBCylFrst9MtlRollShnSl.front-on.webp,
GBCylFrst9MtlRollSlDot,kd77hzfbx26d69tzwjkd3aq13h81v1fy,cylinder-9ml-frosted-17-415,validated_local,validated-master-reuse,https://www.bestbottles.com/product/cylinder-design-9-ml-frosted-glass-bottle-metal-roller-ball-silver-dot-cap,,,/Users/jordanrichter/.codex/worktrees/cc9c/Best-Bottles-Website-02-20-2026/dist/paper-doll/cylinder-complete/plates/cylinder-9ml-frosted-17-415/GBCylFrst9MtlRollSlDot.front-on.webp,
GBCylFrst9MtlRollWht,kd748thxa1s90477496rb2327n81v994,cylinder-9ml-frosted-17-415,validated_local,validated-master-reuse,https://www.bestbottles.com/product/cylinder-design-9-ml-frosted-glass-bottle-metal-roller-ball-white-cap,,,/Users/jordanrichter/.codex/worktrees/cc9c/Best-Bottles-Website-02-20-2026/dist/paper-doll/cylinder-complete/plates/cylinder-9ml-frosted-17-415/GBCylFrst9MtlRollWht.front-on.webp,
GBCylFrst9RollBlkDot,kd7067qh45fx2spycf37yhm7y181trmx,cylinder-9ml-frosted-17-415,validated_local,validated-master-reuse,https://www.bestbottles.com/product/cylinder-design-9-ml-frosted-glass-bottle-plastic-roller-ball-black-dot-cap,,,/Users/jordanrichter/.codex/worktrees/cc9c/Best-Bottles-Website-02-20-2026/dist/paper-doll/cylinder-complete/plates/cylinder-9ml-frosted-17-415/GBCylFrst9RollBlkDot.front-on.webp,
GBCylFrst9RollMattCu,kd790dda5fh387knfr19p4f91d81ve9y,cylinder-9ml-frosted-17-415,validated_local,validated-master-reuse,https://www.bestbottles.com/product/cylinder-design-9-ml-frosted-glass-bottle-plastic-roller-ball-matte-copper-cap,,,/Users/jordanrichter/.codex/worktrees/cc9c/Best-Bottles-Website-02-20-2026/dist/paper-doll/cylinder-complete/plates/cylinder-9ml-frosted-17-415/GBCylFrst9RollMattCu.front-on.webp,
GBCylFrst9RollMattGl,kd71d0r1d25k52zy3ak7r5c83h81v4ts,cylinder-9ml-frosted-17-415,validated_local,validated-master-reuse,https://www.bestbottles.com/product/cylinder-design-9-ml-frosted-glass-bottle-plastic-roller-ball-matte-gold-cap,,,/Users/jordanrichter/.codex/worktrees/cc9c/Best-Bottles-Website-02-20-2026/dist/paper-doll/cylinder-complete/plates/cylinder-9ml-frosted-17-415/GBCylFrst9RollMattGl.front-on.webp,
GBCylFrst9RollMattSl,kd7apfd8wj28k9835vmrm0t74d81v38q,cylinder-9ml-frosted-17-415,validated_local,validated-master-reuse,https://www.bestbottles.com/product/cylinder-design-9-ml-frosted-glass-bottle-plastic-roller-ball-matte-silver-cap,,,/Users/jordanrichter/.codex/worktrees/cc9c/Best-Bottles-Website-02-20-2026/dist/paper-doll/cylinder-complete/plates/cylinder-9ml-frosted-17-415/GBCylFrst9RollMattSl.front-on.webp,
GBCylFrst9RollPnkDot,kd72gm2vw20dw4hham4qe7evpn81tb0z,cylinder-9ml-frosted-17-415,validated_local,validated-master-reuse,https://www.bestbottles.com/product/cylinder-design-9-ml-frosted-glass-bottle-plastic-roller-ball-pink-dot-cap,,,/Users/jordanrichter/.codex/worktrees/cc9c/Best-Bottles-Website-02-20-2026/dist/paper-doll/cylinder-complete/plates/cylinder-9ml-frosted-17-415/GBCylFrst9RollPnkDot.front-on.webp,
GBCylFrst9RollShBlk,kd7797f1axm7c3q43759sqbvth81t6he,cylinder-9ml-frosted-17-415,validated_local,validated-master-reuse,https://www.bestbottles.com/product/cylinder-design-9-ml-frosted-glass-bottle-plastic-roller-ball-shiny-black-cap,,,/Users/jordanrichter/.codex/worktrees/cc9c/Best-Bottles-Website-02-20-2026/dist/paper-doll/cylinder-complete/plates/cylinder-9ml-frosted-17-415/GBCylFrst9RollShBlk.front-on.webp,
GBCylFrst9RollShnGl,kd7b7y13tdgfk486ds12603f7h81tsdx,cylinder-9ml-frosted-17-415,validated_local,validated-master-reuse,https://www.bestbottles.com/product/cylinder-design-9-ml-frosted-glass-bottle-plastic-roller-ball-shiny-gold-cap,,,/Users/jordanrichter/.codex/worktrees/cc9c/Best-Bottles-Website-02-20-2026/dist/paper-doll/cylinder-complete/plates/cylinder-9ml-frosted-17-415/GBCylFrst9RollShnGl.front-on.webp,
GBCylFrst9RollShnSl,kd72zagmqezsmcbd3y8q1mmxsh81tm10,cylinder-9ml-frosted-17-415,validated_local,validated-master-reuse,https://www.bestbottles.com/product/cylinder-design-9-ml-frosted-glass-bottle-plastic-roller-ball-shiny-silver-cap,,,/Users/jordanrichter/.codex/worktrees/cc9c/Best-Bottles-Website-02-20-2026/dist/paper-doll/cylinder-complete/plates/cylinder-9ml-frosted-17-415/GBCylFrst9RollShnSl.front-on.webp,
GBCylFrst9RollSlDot,kd7c3jg552qqw7e3ae6kc8e1j581v95k,cylinder-9ml-frosted-17-415,validated_local,validated-master-reuse,https://www.bestbottles.com/product/cylinder-design-9-ml-frosted-glass-bottle-plastic-roller-ball-silver-dot-cap,,,/Users/jordanrichter/.codex/worktrees/cc9c/Best-Bottles-Website-02-20-2026/dist/paper-doll/cylinder-complete/plates/cylinder-9ml-frosted-17-415/GBCylFrst9RollSlDot.front-on.webp,
GBCylFrst9RollWht,kd77xaffkj0c4nwaxwwpmv986s81v20j,cylinder-9ml-frosted-17-415,validated_local,validated-master-reuse,https://www.bestbottles.com/product/cylinder-design-9-ml-frosted-glass-bottle-plastic-roller-ball-white-cap,,,/Users/jordanrichter/.codex/worktrees/cc9c/Best-Bottles-Website-02-20-2026/dist/paper-doll/cylinder-complete/plates/cylinder-9ml-frosted-17-415/GBCylFrst9RollWht.front-on.webp,
GBCylFrst9SpryBlk,kd733qe90q72qm3rjxz58a6rgd81tqxz,cylinder-9ml-frosted-17-415,validated_local,validated-master-reuse,https://www.bestbottles.com/product/cylinder-design-9-ml-frosted-glass-bottle-sprayer-black-trim-and-cap,,,/Users/jordanrichter/.codex/worktrees/cc9c/Best-Bottles-Website-02-20-2026/dist/paper-doll/cylinder-complete/plates/cylinder-9ml-frosted-17-415/GBCylFrst9SpryBlk.front-on.webp,
GBCylFrst9SpryGl,kd7d9fyke4bxha8hna15gn4nhs81vmd8,cylinder-9ml-frosted-17-415,validated_local,validated-master-reuse,https://www.bestbottles.com/product/cylinder-design-9-ml-frosted-glass-bottle-sprayer-gold-trim-and-cap,,,/Users/jordanrichter/.codex/worktrees/cc9c/Best-Bottles-Website-02-20-2026/dist/paper-doll/cylinder-complete/plates/cylinder-9ml-frosted-17-415/GBCylFrst9SpryGl.front-on.webp,
GBCylFrst9SpryMattSl,kd7233zw6a54b3fvffb05x2z8181tw8p,cylinder-9ml-frosted-17-415,validated_local,validated-master-reuse,https://www.bestbottles.com/product/cylinder-design-9-ml-frosted-glass-bottle-sprayer-matte-silver-trim-and-cap,,,/Users/jordanrichter/.codex/worktrees/cc9c/Best-Bottles-Website-02-20-2026/dist/paper-doll/cylinder-complete/plates/cylinder-9ml-frosted-17-415/GBCylFrst9SpryMattSl.front-on.webp,
GBCylFrst9SpryRd,kd77p3pvfa0fkwcxx817rvje0x81tspt,cylinder-9ml-frosted-17-415,validated_local,validated-master-reuse,https://www.bestbottles.com/product/cylinder-design-9-ml-frosted-glass-bottle-sprayer-red-trim-and-cap,,,/Users/jordanrichter/.codex/worktrees/cc9c/Best-Bottles-Website-02-20-2026/dist/paper-doll/cylinder-complete/plates/cylinder-9ml-frosted-17-415/GBCylFrst9SpryRd.front-on.webp,
GBCylFrst9SpryShSl,kd76w9rgrbw3jbakayefdqnw1d81vz4v,cylinder-9ml-frosted-17-415,validated_local,validated-master-reuse,https://www.bestbottles.com/product/cylinder-design-9-ml-frosted-glass-bottle-sprayer-shiny-silver-trim-and-cap,,,/Users/jordanrichter/.codex/worktrees/cc9c/Best-Bottles-Website-02-20-2026/dist/paper-doll/cylinder-complete/plates/cylinder-9ml-frosted-17-415/GBCylFrst9SpryShSl.front-on.webp,
GBCylFrst9SpryTur,kd79d5nnkandqbdx72cmaprs7s81v27d,cylinder-9ml-frosted-17-415,validated_local,validated-master-reuse,https://www.bestbottles.com/product/cylinder-design-9-ml-frosted-glass-bottle-sprayer-turquoise-trim-and-cap,,,/Users/jordanrichter/.codex/worktrees/cc9c/Best-Bottles-Website-02-20-2026/dist/paper-doll/cylinder-complete/plates/cylinder-9ml-frosted-17-415/GBCylFrst9SpryTur.front-on.webp,
LBCylFrst9LtnBlk,kd7bs6mxj1x6hxmdcahf3edhxh81v2c7,cylinder-9ml-frosted-17-415,validated_local,validated-master-reuse,https://www.bestbottles.com/product/cylinder-design-9-ml-frosted-glass-bottle-lotion-pump-black-trim-and-cap,,,/Users/jordanrichter/.codex/worktrees/cc9c/Best-Bottles-Website-02-20-2026/dist/paper-doll/cylinder-complete/plates/cylinder-9ml-frosted-17-415/LBCylFrst9LtnBlk.front-on.webp,
LBCylFrst9LtnGl,kd74a1apqnxhxg3q89rndq8p5x81vbpq,cylinder-9ml-frosted-17-415,validated_local,validated-master-reuse,https://www.bestbottles.com/product/cylinder-design-9-ml-frosted-glass-bottle-lotion-pump-gold-trim-and-cap,,,/Users/jordanrichter/.codex/worktrees/cc9c/Best-Bottles-Website-02-20-2026/dist/paper-doll/cylinder-complete/plates/cylinder-9ml-frosted-17-415/LBCylFrst9LtnGl.front-on.webp,
LBCylFrst9LtnMtSl,kd76q29c4y8zwtb4r11mvfw39s81vpck,cylinder-9ml-frosted-17-415,validated_local,validated-master-reuse,https://www.bestbottles.com/product/cylinder-design-9-ml-frosted-glass-bottle-lotion-pump-matte-silver-trim-cap,,,/Users/jordanrichter/.codex/worktrees/cc9c/Best-Bottles-Website-02-20-2026/dist/paper-doll/cylinder-complete/plates/cylinder-9ml-frosted-17-415/LBCylFrst9LtnMtSl.front-on.webp,
GBCylSwrl9MtlRollBlkDot,kd79yvqw8408hs19qs3j05znq181t7m9,cylinder-9ml-swirl-17-415,validated_local,validated-master-reuse,https://www.bestbottles.com/product/cylinder-design-9-ml-swirl-glass-bottle-metal-roller-ball-black-dot-cap,,,/Users/jordanrichter/.codex/worktrees/cc9c/Best-Bottles-Website-02-20-2026/dist/paper-doll/cylinder-complete/plates/cylinder-9ml-swirl-17-415/GBCylSwrl9MtlRollBlkDot.front-on.webp,
GBCylSwrl9MtlRollMattCu,kd7d81dct8td6xw2xrga0920vs81v7c5,cylinder-9ml-swirl-17-415,validated_local,validated-master-reuse,https://www.bestbottles.com/product/cylinder-design-9-ml-swirl-glass-bottle-metal-roller-ball-matte-copper-cap,,,/Users/jordanrichter/.codex/worktrees/cc9c/Best-Bottles-Website-02-20-2026/dist/paper-doll/cylinder-complete/plates/cylinder-9ml-swirl-17-415/GBCylSwrl9MtlRollMattCu.front-on.webp,
GBCylSwrl9MtlRollMattGl,kd702y2ky9yqpwrxqxsxzysc9x81t8t0,cylinder-9ml-swirl-17-415,validated_local,validated-master-reuse,https://www.bestbottles.com/product/cylinder-design-9-ml-swirl-glass-bottle-metal-roller-ball-matte-gold-cap,,,/Users/jordanrichter/.codex/worktrees/cc9c/Best-Bottles-Website-02-20-2026/dist/paper-doll/cylinder-complete/plates/cylinder-9ml-swirl-17-415/GBCylSwrl9MtlRollMattGl.front-on.webp,
GBCylSwrl9MtlRollMattSl,kd73jnwrks5j744y6vykd8q76581vpsv,cylinder-9ml-swirl-17-415,validated_local,validated-master-reuse,https://www.bestbottles.com/product/cylinder-design-9-ml-swirl-glass-bottle-metal-roller-ball-matte-silver-cap,,,/Users/jordanrichter/.codex/worktrees/cc9c/Best-Bottles-Website-02-20-2026/dist/paper-doll/cylinder-complete/plates/cylinder-9ml-swirl-17-415/GBCylSwrl9MtlRollMattSl.front-on.webp,
GBCylSwrl9MtlRollPnkDot,kd771yt3g1vdyzfq77wahjwp9x81vngt,cylinder-9ml-swirl-17-415,validated_local,validated-master-reuse,https://www.bestbottles.com/product/cylinder-design-9-ml-swirl-glass-bottle-metal-roller-ball-pink-dot-cap,,,/Users/jordanrichter/.codex/worktrees/cc9c/Best-Bottles-Website-02-20-2026/dist/paper-doll/cylinder-complete/plates/cylinder-9ml-swirl-17-415/GBCylSwrl9MtlRollPnkDot.front-on.webp,
GBCylSwrl9MtlRollShBlk,kd7e8vxa7fjmn7dxq4kpjrdqhs81t1j8,cylinder-9ml-swirl-17-415,validated_local,validated-master-reuse,https://www.bestbottles.com/product/cylinder-design-9-ml-swirl-glass-bottle-metal-roller-ball-shiny-black-cap,,,/Users/jordanrichter/.codex/worktrees/cc9c/Best-Bottles-Website-02-20-2026/dist/paper-doll/cylinder-complete/plates/cylinder-9ml-swirl-17-415/GBCylSwrl9MtlRollShBlk.front-on.webp,
GBCylSwrl9MtlRollShnGl,kd7567qn5t0y0sxw5cxdm0sndh81tmfy,cylinder-9ml-swirl-17-415,validated_local,validated-master-reuse,https://www.bestbottles.com/product/cylinder-design-9-ml-swirl-glass-bottle-metal-roller-ball-shiny-gold-cap,,,/Users/jordanrichter/.codex/worktrees/cc9c/Best-Bottles-Website-02-20-2026/dist/paper-doll/cylinder-complete/plates/cylinder-9ml-swirl-17-415/GBCylSwrl9MtlRollShnGl.front-on.webp,
GBCylSwrl9MtlRollShnSl,kd767g9rr6gwcry1hybd9shmqx81vm7q,cylinder-9ml-swirl-17-415,validated_local,validated-master-reuse,https://www.bestbottles.com/product/cylinder-design-9-ml-swirl-glass-bottle-metal-roller-ball-shiny-silver-cap,,,/Users/jordanrichter/.codex/worktrees/cc9c/Best-Bottles-Website-02-20-2026/dist/paper-doll/cylinder-complete/plates/cylinder-9ml-swirl-17-415/GBCylSwrl9MtlRollShnSl.front-on.webp,
GBCylSwrl9MtlRollSlDot,kd71fgagcbtc60dpfpgh9max2981vg5h,cylinder-9ml-swirl-17-415,validated_local,validated-master-reuse,https://www.bestbottles.com/product/cylinder-design-9-ml-swirl-glass-bottle-metal-roller-ball-silver-dot-cap,,,/Users/jordanrichter/.codex/worktrees/cc9c/Best-Bottles-Website-02-20-2026/dist/paper-doll/cylinder-complete/plates/cylinder-9ml-swirl-17-415/GBCylSwrl9MtlRollSlDot.front-on.webp,
GBCylSwrl9MtlRollWht,kd77g668wwd7wwv9gsn4x0bjsh8dngwd,cylinder-9ml-swirl-17-415,validated_local,validated-master-reuse,https://www.bestbottles.com/product/cylinder-design-9-ml-swirl-glass-bottle-metal-roller-ball-white-cap,,,/Users/jordanrichter/.codex/worktrees/cc9c/Best-Bottles-Website-02-20-2026/dist/paper-doll/cylinder-complete/plates/cylinder-9ml-swirl-17-415/GBCylSwrl9MtlRollWht.front-on.webp,
GBCylSwrl9RollBlkDot,kd75fqm067mzapy14tefmbwr3s81vnvz,cylinder-9ml-swirl-17-415,validated_local,validated-master-reuse,https://www.bestbottles.com/product/cylinder-design-9-ml-swirl-glass-bottle-plastic-roller-ball-black-dot-cap,,,/Users/jordanrichter/.codex/worktrees/cc9c/Best-Bottles-Website-02-20-2026/dist/paper-doll/cylinder-complete/plates/cylinder-9ml-swirl-17-415/GBCylSwrl9RollBlkDot.front-on.webp,
GBCylSwrl9RollMattCu,kd78zga97yq2pfbbs5t0asnaa981tmwn,cylinder-9ml-swirl-17-415,validated_local,validated-master-reuse,https://www.bestbottles.com/product/cylinder-design-9-ml-swirl-glass-bottle-plastic-roller-ball-matte-copper-cap,,,/Users/jordanrichter/.codex/worktrees/cc9c/Best-Bottles-Website-02-20-2026/dist/paper-doll/cylinder-complete/plates/cylinder-9ml-swirl-17-415/GBCylSwrl9RollMattCu.front-on.webp,
GBCylSwrl9RollMattGl,kd7d7rwb46z7bq18mabsccxwmh81tm8m,cylinder-9ml-swirl-17-415,validated_local,validated-master-reuse,https://www.bestbottles.com/product/cylinder-design-9-ml-swirl-glass-bottle-plastic-roller-ball-matte-gold-cap,,,/Users/jordanrichter/.codex/worktrees/cc9c/Best-Bottles-Website-02-20-2026/dist/paper-doll/cylinder-complete/plates/cylinder-9ml-swirl-17-415/GBCylSwrl9RollMattGl.front-on.webp,
GBCylSwrl9RollMattSl,kd7crtc5s2b3yzq5rc5remk6p581vkng,cylinder-9ml-swirl-17-415,validated_local,validated-master-reuse,https://www.bestbottles.com/product/cylinder-design-9-ml-swirl-glass-bottle-plastic-roller-ball-matte-silver-cap,,,/Users/jordanrichter/.codex/worktrees/cc9c/Best-Bottles-Website-02-20-2026/dist/paper-doll/cylinder-complete/plates/cylinder-9ml-swirl-17-415/GBCylSwrl9RollMattSl.front-on.webp,
GBCylSwrl9RollPnkDot,kd79sjg9khry6jmf231wgkhaes81t5yy,cylinder-9ml-swirl-17-415,validated_local,validated-master-reuse,https://www.bestbottles.com/product/cylinder-design-9-ml-swirl-glass-bottle-plastic-roller-ball-pink-dot-cap,,,/Users/jordanrichter/.codex/worktrees/cc9c/Best-Bottles-Website-02-20-2026/dist/paper-doll/cylinder-complete/plates/cylinder-9ml-swirl-17-415/GBCylSwrl9RollPnkDot.front-on.webp,
GBCylSwrl9RollShBlk,kd70k0yg4ftw7mrm2mwa7630x181th1p,cylinder-9ml-swirl-17-415,validated_local,validated-master-reuse,https://www.bestbottles.com/product/cylinder-design-9-ml-swirl-glass-bottle-plastic-roller-ball-shiny-black-cap,,,/Users/jordanrichter/.codex/worktrees/cc9c/Best-Bottles-Website-02-20-2026/dist/paper-doll/cylinder-complete/plates/cylinder-9ml-swirl-17-415/GBCylSwrl9RollShBlk.front-on.webp,
GBCylSwrl9RollShnGl,kd79k6ztdc8mhckp9hwcr8nzmn81v1mm,cylinder-9ml-swirl-17-415,validated_local,validated-master-reuse,https://www.bestbottles.com/product/cylinder-design-9-ml-swirl-glass-bottle-plastic-roller-ball-shiny-gold-cap,,,/Users/jordanrichter/.codex/worktrees/cc9c/Best-Bottles-Website-02-20-2026/dist/paper-doll/cylinder-complete/plates/cylinder-9ml-swirl-17-415/GBCylSwrl9RollShnGl.front-on.webp,
GBCylSwrl9RollShnSl,kd7dvvsypr88jv365jnt24ks7x81vgw3,cylinder-9ml-swirl-17-415,validated_local,validated-master-reuse,https://www.bestbottles.com/product/cylinder-design-9-ml-swirl-glass-bottle-plastic-roller-ball-shiny-silver-cap,,,/Users/jordanrichter/.codex/worktrees/cc9c/Best-Bottles-Website-02-20-2026/dist/paper-doll/cylinder-complete/plates/cylinder-9ml-swirl-17-415/GBCylSwrl9RollShnSl.front-on.webp,
GBCylSwrl9RollSlDot,kd7fvephc0k4ejsvqvs8aw4nad81vfpm,cylinder-9ml-swirl-17-415,validated_local,validated-master-reuse,https://www.bestbottles.com/product/cylinder-design-9-ml-swirl-glass-bottle-plastic-roller-ball-silver-dot-cap,,,/Users/jordanrichter/.codex/worktrees/cc9c/Best-Bottles-Website-02-20-2026/dist/paper-doll/cylinder-complete/plates/cylinder-9ml-swirl-17-415/GBCylSwrl9RollSlDot.front-on.webp,
GBCylSwrl9RollWht,kd7dr1tt91j81kxsrdxvn4drjh8dnpam,cylinder-9ml-swirl-17-415,validated_local,validated-master-reuse,https://www.bestbottles.com/product/cylinder-design-9-ml-swirl-glass-bottle-plastic-roller-ball-white-cap,,,/Users/jordanrichter/.codex/worktrees/cc9c/Best-Bottles-Website-02-20-2026/dist/paper-doll/cylinder-complete/plates/cylinder-9ml-swirl-17-415/GBCylSwrl9RollWht.front-on.webp,
GBCylSwrl9SpryBlk,kd73g0pp80wy3jqdd4mx1kvwa581wxh9,cylinder-9ml-swirl-17-415,validated_local,validated-master-reuse,https://www.bestbottles.com/product/cylinder-design-9-ml-swirl-glass-bottle-sprayer-black-trim-and-cap,,,/Users/jordanrichter/.codex/worktrees/cc9c/Best-Bottles-Website-02-20-2026/dist/paper-doll/cylinder-complete/plates/cylinder-9ml-swirl-17-415/GBCylSwrl9SpryBlk.front-on.webp,
GBCylSwrl9SpryGl,kd77hncr26q5b43hgme5ysvb6n81tnyn,cylinder-9ml-swirl-17-415,validated_local,validated-master-reuse,https://www.bestbottles.com/product/cylinder-design-9-ml-swirl-glass-bottle-sprayer-gold-trim-and-cap,,,/Users/jordanrichter/.codex/worktrees/cc9c/Best-Bottles-Website-02-20-2026/dist/paper-doll/cylinder-complete/plates/cylinder-9ml-swirl-17-415/GBCylSwrl9SpryGl.front-on.webp,
GBCylSwrl9SpryMattSl,kd7e975p7t9kmd8tbps1k8zhbh81vzgg,cylinder-9ml-swirl-17-415,validated_local,validated-master-reuse,https://www.bestbottles.com/product/cylinder-design-9-ml-swirl-glass-bottle-sprayer-matte-silver-trim-and-cap,,,/Users/jordanrichter/.codex/worktrees/cc9c/Best-Bottles-Website-02-20-2026/dist/paper-doll/cylinder-complete/plates/cylinder-9ml-swirl-17-415/GBCylSwrl9SpryMattSl.front-on.webp,
GBCylSwrl9SpryRd,kd74t5v5atpewy3zdd5g3c9zwh81v4eq,cylinder-9ml-swirl-17-415,validated_local,validated-master-reuse,https://www.bestbottles.com/product/cylinder-design-9-ml-swirl-glass-bottle-sprayer-red-trim-and-cap,,,/Users/jordanrichter/.codex/worktrees/cc9c/Best-Bottles-Website-02-20-2026/dist/paper-doll/cylinder-complete/plates/cylinder-9ml-swirl-17-415/GBCylSwrl9SpryRd.front-on.webp,
GBCylSwrl9SpryShSl,kd74xdnfgeezwfeht5fzpkm0rd81vwb7,cylinder-9ml-swirl-17-415,validated_local,validated-master-reuse,https://www.bestbottles.com/product/cylinder-design-9-ml-swirl-glass-bottle-sprayer-shiny-silver-trim-and-cap,,,/Users/jordanrichter/.codex/worktrees/cc9c/Best-Bottles-Website-02-20-2026/dist/paper-doll/cylinder-complete/plates/cylinder-9ml-swirl-17-415/GBCylSwrl9SpryShSl.front-on.webp,
GBCylSwrl9SpryTur,kd7fkkg0k12z86sedbcdkdjnqx81t77w,cylinder-9ml-swirl-17-415,validated_local,validated-master-reuse,https://www.bestbottles.com/product/cylinder-design-9-ml-swirl-glass-bottle-sprayer-turquoise-trim-and-cap,,,/Users/jordanrichter/.codex/worktrees/cc9c/Best-Bottles-Website-02-20-2026/dist/paper-doll/cylinder-complete/plates/cylinder-9ml-swirl-17-415/GBCylSwrl9SpryTur.front-on.webp,
LBCylSwrl9LtnBlk,kd792hvs4k43k23aqe98cgf9kn820prp,cylinder-9ml-swirl-17-415,validated_local,validated-master-reuse,https://www.bestbottles.com/product/cylinder-design-9-ml-swirl-glass-bottle-lotion-pump-black-trim-and-cap,,,/Users/jordanrichter/.codex/worktrees/cc9c/Best-Bottles-Website-02-20-2026/dist/paper-doll/cylinder-complete/plates/cylinder-9ml-swirl-17-415/LBCylSwrl9LtnBlk.front-on.webp,
LBCylSwrl9LtnGl,kd7cv411jbvgvbkywv9rxkaxkx81v9j1,cylinder-9ml-swirl-17-415,validated_local,validated-master-reuse,https://www.bestbottles.com/product/cylinder-design-9-ml-swirl-glass-bottle-lotion-pump-gold-trim-and-cap,,,/Users/jordanrichter/.codex/worktrees/cc9c/Best-Bottles-Website-02-20-2026/dist/paper-doll/cylinder-complete/plates/cylinder-9ml-swirl-17-415/LBCylSwrl9LtnGl.front-on.webp,
LBCylSwrl9LtnMtSl,kd7012jhh213nk0551cjss2d6x81tpzw,cylinder-9ml-swirl-17-415,validated_local,validated-master-reuse,https://www.bestbottles.com/product/cylinder-design-9-ml-swirl-glass-bottle-lotion-pump-matte-silver-trim-cap,,,/Users/jordanrichter/.codex/worktrees/cc9c/Best-Bottles-Website-02-20-2026/dist/paper-doll/cylinder-complete/plates/cylinder-9ml-swirl-17-415/LBCylSwrl9LtnMtSl.front-on.webp,
